observation_id,capture_signature,economic_signature,origin,destination,carrier,flight_number,travel_date,departure_time,collection_timestamp,advance_purchase_days,advance_purchase_window,fare_class,base_fare,taxes,fees,total_fare,source,availability_status
OBS00001,350e1394d93f,88ab09a10eee,DEL,BOM,6E,6E-2341,2026-09-06,08:00,2026-09-05 09:00,0,T1(0-2),Economy Standard,8701,1653,100,10454,MMT,Available
OBS00002,86e22da8e843,87642201e6b5,DEL,BOM,6E,6E-2341,2026-09-06,08:00,2026-09-05 09:00,0,T1(0-2),Economy Saver,6105,1160,120,7385,Goibibo,Available
OBS00003,bb3379c788f8,87642201e6b5,DEL,BOM,6E,6E-2341,2026-09-06,08:00,2026-09-05 09:00,0,T1(0-2),Economy Saver,6274,1192,100,7566,AirlineSite,Available
OBS00004,44a9b3199066,cc19bed3c720,DEL,BOM,6E,6E-2341,2026-09-12,08:00,2026-09-05 09:00,6,T7(5-9),Economy Saver,5831,1108,100,7039,Goibibo,Available
OBS00005,ff2c12e21654,c1b1f8d495f8,DEL,BOM,6E,6E-2341,2026-09-12,08:00,2026-09-05 09:00,6,T7(5-9),Economy Standard,7341,1395,120,8856,Goibibo,Available
OBS00006,4af971545f58,37a5de9260b1,DEL,BOM,6E,6E-2341,2026-09-20,08:00,2026-09-05 09:00,14,T15(12-18),Economy Standard,6132,1165,150,7447,AirlineSite,Available
OBS00007,01b5e4b13d57,d75a1e4d61f5,DEL,BOM,6E,6E-2341,2026-10-05,08:00,2026-09-05 09:00,29,T30(25-35),Economy Flexi,6583,1251,100,7934,AirlineSite,Available
OBS00008,b8a62028b12c,2a18c0868003,DEL,BOM,6E,6E-2341,2026-10-20,08:00,2026-09-05 09:00,44,T45(40-50),Economy Saver,4122,783,150,5055,Cleartrip,Available
OBS00009,9b4d3fe10d28,2a18c0868003,DEL,BOM,6E,6E-2341,2026-10-20,08:00,2026-09-05 09:00,44,T45(40-50),Economy Saver,4100,779,100,4979,Goibibo,Available
OBS00010,2cd2c6ed5336,87642201e6b5,DEL,BOM,AI,AI-865,2026-09-06,06:15,2026-09-05 09:00,0,T1(0-2),Economy Saver,6396,1215,180,7791,AirlineSite,Available
OBS00011,38095da86281,c1b1f8d495f8,DEL,BOM,AI,AI-865,2026-09-12,06:15,2026-09-05 09:00,6,T7(5-9),Economy Standard,7216,1371,150,8737,Cleartrip,Available
OBS00012,f9d58d4656ae,cc19bed3c720,DEL,BOM,AI,AI-865,2026-09-12,06:15,2026-09-05 09:00,6,T7(5-9),Economy Saver,5865,1114,120,7099,AirlineSite,Available
OBS00013,3fd9a4a4a07e,cc19bed3c720,DEL,BOM,AI,AI-865,2026-09-12,06:15,2026-09-05 09:00,6,T7(5-9),Economy Saver,5517,1048,180,6745,Cleartrip,Available
OBS00014,687b4746fdae,dc9a0c69e72f,DEL,BOM,AI,AI-865,2026-09-20,06:15,2026-09-05 09:00,14,T15(12-18),Economy Flexi,7376,1401,100,8877,MMT,Available
OBS00015,3215cd140d40,dc9a0c69e72f,DEL,BOM,AI,AI-865,2026-09-20,06:15,2026-09-05 09:00,14,T15(12-18),Economy Flexi,7284,1384,100,8768,Cleartrip,Available
OBS00016,7a199ddc592d,a7a709ff669a,DEL,BOM,AI,AI-865,2026-10-05,06:15,2026-09-05 09:00,29,T30(25-35),Economy Standard,5083,966,150,6199,AirlineSite,Available
OBS00017,8d876d72fcf4,39513d756b0a,DEL,BOM,AI,AI-865,2026-10-20,06:15,2026-09-05 09:00,44,T45(40-50),Economy Flexi,6710,1275,180,8165,Goibibo,Available
OBS00018,5157caa348b4,87642201e6b5,DEL,BOM,QP,QP-1123,2026-09-06,09:30,2026-09-05 09:00,0,T1(0-2),Economy Saver,6566,1248,180,7994,Cleartrip,Available
OBS00019,43f6c8918dc3,87642201e6b5,DEL,BOM,QP,QP-1123,2026-09-06,09:30,2026-09-05 09:00,0,T1(0-2),Economy Saver,6381,1212,120,7713,Goibibo,Available
OBS00020,55731b2ab5d4,c1b1f8d495f8,DEL,BOM,QP,QP-1123,2026-09-12,09:30,2026-09-05 09:00,6,T7(5-9),Economy Standard,7162,1361,120,8643,AirlineSite,Available
OBS00021,c1149cdeceb7,cc19bed3c720,DEL,BOM,QP,QP-1123,2026-09-12,09:30,2026-09-05 09:00,6,T7(5-9),Economy Saver,5443,1034,180,6657,Goibibo,Available
OBS00022,1dbc2ea3dcf9,cc19bed3c720,DEL,BOM,QP,QP-1123,2026-09-12,09:30,2026-09-05 09:00,6,T7(5-9),Economy Saver,5836,1109,180,7125,Cleartrip,Available
OBS00023,51dca1a50e64,37a5de9260b1,DEL,BOM,QP,QP-1123,2026-09-20,09:30,2026-09-05 09:00,14,T15(12-18),Economy Standard,6535,1242,150,7927,AirlineSite,Available
OBS00024,6c8940443d24,37a5de9260b1,DEL,BOM,QP,QP-1123,2026-09-20,09:30,2026-09-05 09:00,14,T15(12-18),Economy Standard,6442,1224,150,7816,Cleartrip,Available
OBS00025,866f3e628c96,b8722922d34c,DEL,BOM,QP,QP-1123,2026-09-20,09:30,2026-09-05 09:00,14,T15(12-18),Economy Saver,4751,903,180,5834,Cleartrip,Available
OBS00026,8f2c7203b314,d75a1e4d61f5,DEL,BOM,QP,QP-1123,2026-10-05,09:30,2026-09-05 09:00,29,T30(25-35),Economy Flexi,6609,1256,100,7965,Cleartrip,Available
OBS00027,9de613259515,d75a1e4d61f5,DEL,BOM,QP,QP-1123,2026-10-05,09:30,2026-09-05 09:00,29,T30(25-35),Economy Flexi,6698,1273,150,8121,Goibibo,Available
OBS00028,712321171b93,39513d756b0a,DEL,BOM,QP,QP-1123,2026-10-20,09:30,2026-09-05 09:00,44,T45(40-50),Economy Flexi,6609,1256,100,7965,Cleartrip,Available
OBS00029,bd440a2e3928,2a18c0868003,DEL,BOM,QP,QP-1123,2026-10-20,09:30,2026-09-05 09:00,44,T45(40-50),Economy Saver,3810,724,150,4684,Cleartrip,Available
OBS00030,f0cb6b49135f,2a18c0868003,DEL,BOM,QP,QP-1123,2026-10-20,09:30,2026-09-05 09:00,44,T45(40-50),Economy Saver,4257,809,150,5216,MMT,Available
OBS00031,30b69e384fdc,5f429a888437,BLR,HYD,SG,SG-451,2026-09-06,12:00,2026-09-05 09:00,0,T1(0-2),Economy Flexi,10535,2002,100,12637,AirlineSite,Available
OBS00032,849083f93978,4cfbb232d2a5,BLR,HYD,SG,SG-451,2026-09-12,12:00,2026-09-05 09:00,6,T7(5-9),Economy Saver,5518,1048,180,6746,Goibibo,Available
OBS00033,f6a2c632d03c,4cfbb232d2a5,BLR,HYD,SG,SG-451,2026-09-12,12:00,2026-09-05 09:00,6,T7(5-9),Economy Saver,6108,1161,120,7389,Cleartrip,Available
OBS00034,8926e508d6ca,c212c6a55ae1,BLR,HYD,SG,SG-451,2026-09-12,12:00,2026-09-05 09:00,6,T7(5-9),Economy Flexi,9656,1835,150,11641,Cleartrip,Available
OBS00035,d75cc25478cd,c212c6a55ae1,BLR,HYD,SG,SG-451,2026-09-12,12:00,2026-09-05 09:00,6,T7(5-9),Economy Flexi,9008,1712,180,10900,MMT,Available
OBS00036,311382d20757,bb7a4806d2ef,BLR,HYD,SG,SG-451,2026-09-20,12:00,2026-09-05 09:00,14,T15(12-18),Economy Saver,4691,891,120,5702,AirlineSite,Available
OBS00037,5ec612ff4058,8ffb61505283,BLR,HYD,SG,SG-451,2026-10-05,12:00,2026-09-05 09:00,29,T30(25-35),Economy Saver,3919,745,100,4764,AirlineSite,Available
OBS00038,05b8d8049abb,f91b72f2d855,BLR,HYD,SG,SG-451,2026-10-05,12:00,2026-09-05 09:00,29,T30(25-35),Economy Flexi,6406,1217,150,7773,AirlineSite,Available
OBS00039,3acd18e59b16,4168bf9fcb94,BLR,HYD,SG,SG-451,2026-10-20,12:00,2026-09-05 09:00,44,T45(40-50),Economy Standard,5572,1059,180,6811,MMT,Available
OBS00040,828fd8127c50,4168bf9fcb94,BLR,HYD,SG,SG-451,2026-10-20,12:00,2026-09-05 09:00,44,T45(40-50),Economy Standard,5104,970,180,6254,Cleartrip,Available
OBS00041,99b844d3d00a,e257b8bf6a27,BLR,HYD,SG,SG-451,2026-10-20,12:00,2026-09-05 09:00,44,T45(40-50),Economy Saver,3849,731,180,4760,MMT,Available
OBS00042,0a69a57423da,2716b7b1fead,BLR,HYD,6E,6E-773,2026-09-06,16:45,2026-09-05 09:00,0,T1(0-2),Economy Standard,8611,1636,100,10347,AirlineSite,Available
OBS00043,e5dc4101c4ab,2716b7b1fead,BLR,HYD,6E,6E-773,2026-09-06,16:45,2026-09-05 09:00,0,T1(0-2),Economy Standard,7970,1514,150,9634,Cleartrip,Available
OBS00044,35b5401db766,4cfbb232d2a5,BLR,HYD,6E,6E-773,2026-09-12,16:45,2026-09-05 09:00,6,T7(5-9),Economy Saver,5792,1100,120,7012,MMT,Available
OBS00045,61ffbde1a9dd,bb7a4806d2ef,BLR,HYD,6E,6E-773,2026-09-20,16:45,2026-09-05 09:00,14,T15(12-18),Economy Saver,4637,881,100,5618,Goibibo,Available
OBS00046,03774cbb2cad,f91b72f2d855,BLR,HYD,6E,6E-773,2026-10-05,16:45,2026-09-05 09:00,29,T30(25-35),Economy Flexi,6519,1239,100,7858,AirlineSite,Available
OBS00047,c34c432836f6,e257b8bf6a27,BLR,HYD,6E,6E-773,2026-10-20,16:45,2026-09-05 09:00,44,T45(40-50),Economy Saver,4053,770,120,4943,Goibibo,Available
OBS00048,498f042a304b,541d83fb2ee3,DEL,BLR,6E,6E-5011,2026-09-06,17:00,2026-09-05 09:00,0,T1(0-2),Economy Standard,8191,1556,180,9927,Goibibo,Available
OBS00049,0afeb92c2396,c9b904f290c2,DEL,BLR,6E,6E-5011,2026-09-12,17:00,2026-09-05 09:00,6,T7(5-9),Economy Standard,7197,1367,120,8684,Goibibo,Available
OBS00050,6eadb389cc3b,c9b904f290c2,DEL,BLR,6E,6E-5011,2026-09-12,17:00,2026-09-05 09:00,6,T7(5-9),Economy Standard,7945,1509,100,9554,AirlineSite,Available
OBS00051,7f2d4157e271,78c027de36d9,DEL,BLR,6E,6E-5011,2026-09-20,17:00,2026-09-05 09:00,14,T15(12-18),Economy Standard,6230,1184,120,7534,Goibibo,Available
OBS00052,82a3db29bcc7,7f550039d6be,DEL,BLR,6E,6E-5011,2026-09-20,17:00,2026-09-05 09:00,14,T15(12-18),Economy Saver,5006,951,100,6057,AirlineSite,Available
OBS00053,11eba9032878,85d569d51a6f,DEL,BLR,6E,6E-5011,2026-10-05,17:00,2026-09-05 09:00,29,T30(25-35),Economy Saver,4290,815,120,5225,AirlineSite,Available
OBS00054,4bacece8eb56,a2844fb520cf,DEL,BLR,6E,6E-5011,2026-10-05,17:00,2026-09-05 09:00,29,T30(25-35),Economy Flexi,6052,1150,150,7352,AirlineSite,Available
OBS00055,9e8383f20de0,a2844fb520cf,DEL,BLR,6E,6E-5011,2026-10-05,17:00,2026-09-05 09:00,29,T30(25-35),Economy Flexi,6751,1283,120,8154,Cleartrip,Available
OBS00056,1d8ff50567dd,88d6a22dc555,DEL,BLR,6E,6E-5011,2026-10-20,17:00,2026-09-05 09:00,44,T45(40-50),Economy Flexi,6309,1199,150,7658,Cleartrip,Available
OBS00057,4ff02ad45484,bf3eae4178b5,DEL,BLR,6E,6E-5011,2026-10-20,17:00,2026-09-05 09:00,44,T45(40-50),Economy Standard,5568,1058,100,6726,Cleartrip,Available
OBS00058,2637c3b52511,4a44ee99890d,DEL,BLR,AI,AI-503,2026-09-06,05:45,2026-09-05 09:00,0,T1(0-2),Economy Flexi,10239,1945,120,12304,MMT,Available
OBS00059,dcead7ae31c7,185bcc3961d3,DEL,BLR,AI,AI-503,2026-09-06,05:45,2026-09-05 09:00,0,T1(0-2),Economy Saver,6812,1294,150,8256,AirlineSite,Available
OBS00060,7c54c09dfb39,368a85f47dc9,DEL,BLR,AI,AI-503,2026-09-12,05:45,2026-09-05 09:00,6,T7(5-9),Economy Saver,5848,1111,100,7059,Cleartrip,Available
OBS00061,af83141d0312,1475218a87df,DEL,BLR,AI,AI-503,2026-09-20,05:45,2026-09-05 09:00,14,T15(12-18),Economy Flexi,7318,1390,100,8808,AirlineSite,Available
OBS00062,5669877dac26,1475218a87df,DEL,BLR,AI,AI-503,2026-09-20,05:45,2026-09-05 09:00,14,T15(12-18),Economy Flexi,7780,1478,120,9378,Goibibo,Available
OBS00063,378c76790c23,78c027de36d9,DEL,BLR,AI,AI-503,2026-09-20,05:45,2026-09-05 09:00,14,T15(12-18),Economy Standard,6312,1199,150,7661,Cleartrip,Available
OBS00064,8759446587b4,a2844fb520cf,DEL,BLR,AI,AI-503,2026-10-05,05:45,2026-09-05 09:00,29,T30(25-35),Economy Flexi,6385,1213,100,7698,Cleartrip,Available
OBS00065,2cb7bc7febd5,a2844fb520cf,DEL,BLR,AI,AI-503,2026-10-05,05:45,2026-09-05 09:00,29,T30(25-35),Economy Flexi,6061,1152,180,7393,Goibibo,Available
OBS00066,febece4cf8e1,c7e037c3624d,DEL,BLR,AI,AI-503,2026-10-20,05:45,2026-09-05 09:00,44,T45(40-50),Economy Saver,4201,798,150,5149,Cleartrip,Available
OBS00067,3604441e317f,4a44ee99890d,DEL,BLR,UK,UK-822,2026-09-06,10:45,2026-09-05 09:00,0,T1(0-2),Economy Flexi,9675,1838,120,11633,AirlineSite,Available
OBS00068,13ec6e7159d3,4a44ee99890d,DEL,BLR,UK,UK-822,2026-09-06,10:45,2026-09-05 09:00,0,T1(0-2),Economy Flexi,10291,1955,150,12396,Goibibo,Available
OBS00069,28edb4216b94,541d83fb2ee3,DEL,BLR,UK,UK-822,2026-09-06,10:45,2026-09-05 09:00,0,T1(0-2),Economy Standard,8042,1528,150,9720,MMT,Available
OBS00070,520e087149ac,541d83fb2ee3,DEL,BLR,UK,UK-822,2026-09-06,10:45,2026-09-05 09:00,0,T1(0-2),Economy Standard,8298,1577,100,9975,Goibibo,Available
OBS00071,583b6230d91b,368a85f47dc9,DEL,BLR,UK,UK-822,2026-09-12,10:45,2026-09-05 09:00,6,T7(5-9),Economy Saver,5472,1040,180,6692,MMT,Available
OBS00072,104da19aa7fb,368a85f47dc9,DEL,BLR,UK,UK-822,2026-09-12,10:45,2026-09-05 09:00,6,T7(5-9),Economy Saver,6115,1162,120,7397,Cleartrip,Available
OBS00073,24affaec8d4b,7f550039d6be,DEL,BLR,UK,UK-822,2026-09-20,10:45,2026-09-05 09:00,14,T15(12-18),Economy Saver,4499,855,150,5504,Goibibo,Available
OBS00074,c4e9da564154,a2844fb520cf,DEL,BLR,UK,UK-822,2026-10-05,10:45,2026-09-05 09:00,29,T30(25-35),Economy Flexi,6115,1162,100,7377,MMT,Available
OBS00075,2466ed40241d,a2844fb520cf,DEL,BLR,UK,UK-822,2026-10-05,10:45,2026-09-05 09:00,29,T30(25-35),Economy Flexi,6298,1197,100,7595,Goibibo,Available
OBS00076,f0bc39f28478,c7e037c3624d,DEL,BLR,UK,UK-822,2026-10-20,10:45,2026-09-05 09:00,44,T45(40-50),Economy Saver,3982,757,120,4859,Goibibo,Available
OBS00077,1a934f43995c,d6eca9fabec4,MAA,CCU,6E,6E-6120,2026-09-06,12:00,2026-09-05 09:00,0,T1(0-2),Economy Saver,6799,1292,150,8241,Cleartrip,Available
OBS00078,735cf61053b2,8946e1e5fe25,MAA,CCU,6E,6E-6120,2026-09-06,12:00,2026-09-05 09:00,0,T1(0-2),Economy Standard,8639,1641,150,10430,Goibibo,Available
OBS00079,96e7c0b4f474,1604d95c76f6,MAA,CCU,6E,6E-6120,2026-09-12,12:00,2026-09-05 09:00,6,T7(5-9),Economy Saver,5825,1107,150,7082,MMT,Available
OBS00080,f75d5aa61258,96a704c16780,MAA,CCU,6E,6E-6120,2026-09-20,12:00,2026-09-05 09:00,14,T15(12-18),Economy Saver,4931,937,150,6018,Goibibo,Available
OBS00081,46b900d92409,96a704c16780,MAA,CCU,6E,6E-6120,2026-09-20,12:00,2026-09-05 09:00,14,T15(12-18),Economy Saver,4752,903,100,5755,MMT,Available
OBS00082,1f1d8dcac97b,30301e416d98,MAA,CCU,6E,6E-6120,2026-10-05,12:00,2026-09-05 09:00,29,T30(25-35),Economy Flexi,6021,1144,180,7345,Cleartrip,Available
OBS00083,258412bf4b4b,134f6aeba305,MAA,CCU,6E,6E-6120,2026-10-20,12:00,2026-09-05 09:00,44,T45(40-50),Economy Flexi,6338,1204,150,7692,MMT,Available
OBS00084,41ef51b385ae,134f6aeba305,MAA,CCU,6E,6E-6120,2026-10-20,12:00,2026-09-05 09:00,44,T45(40-50),Economy Flexi,6495,1234,100,7829,Goibibo,Available
OBS00085,52d5d5f454e1,8946e1e5fe25,MAA,CCU,SG,SG-988,2026-09-06,14:30,2026-09-05 09:00,0,T1(0-2),Economy Standard,8504,1616,120,10240,Cleartrip,Available
OBS00086,961e2994cd2a,79b16d498fc8,MAA,CCU,SG,SG-988,2026-09-06,14:30,2026-09-05 09:00,0,T1(0-2),Economy Flexi,10464,1988,120,12572,Goibibo,Available
OBS00087,37edbeea1782,1e42463f6726,MAA,CCU,SG,SG-988,2026-09-12,14:30,2026-09-05 09:00,6,T7(5-9),Economy Flexi,8852,1682,120,10654,AirlineSite,Available
OBS00088,10fbc8003548,bfdedc1a4859,MAA,CCU,SG,SG-988,2026-09-12,14:30,2026-09-05 09:00,6,T7(5-9),Economy Standard,7461,1418,180,9059,Cleartrip,Available
OBS00089,b47129a62b75,96a704c16780,MAA,CCU,SG,SG-988,2026-09-20,14:30,2026-09-05 09:00,14,T15(12-18),Economy Saver,4536,862,150,5548,MMT,Available
OBS00090,23746808db9a,96a704c16780,MAA,CCU,SG,SG-988,2026-09-20,14:30,2026-09-05 09:00,14,T15(12-18),Economy Saver,4541,863,120,5524,Cleartrip,Available
OBS00091,6e6ebb7b744a,dd19312763d8,MAA,CCU,SG,SG-988,2026-09-20,14:30,2026-09-05 09:00,14,T15(12-18),Economy Standard,6473,1230,120,7823,Cleartrip,Available
OBS00092,5d44ca5ff6b3,dd19312763d8,MAA,CCU,SG,SG-988,2026-09-20,14:30,2026-09-05 09:00,14,T15(12-18),Economy Standard,5849,1111,120,7080,AirlineSite,Available
OBS00093,481645469442,30301e416d98,MAA,CCU,SG,SG-988,2026-10-05,14:30,2026-09-05 09:00,29,T30(25-35),Economy Flexi,6324,1202,120,7646,Goibibo,Available
OBS00094,c2cffdebaf82,134f6aeba305,MAA,CCU,SG,SG-988,2026-10-20,14:30,2026-09-05 09:00,44,T45(40-50),Economy Flexi,6185,1175,100,7460,Goibibo,Available
OBS00095,006a708bcabc,d08cdfeb22c3,MAA,CCU,SG,SG-988,2026-10-20,14:30,2026-09-05 09:00,44,T45(40-50),Economy Standard,5088,967,180,6235,Goibibo,Available
OBS00096,18f0a0f40708,40a21046cb1e,DEL,BOM,6E,6E-2341,2026-09-06,08:00,2026-09-05 14:30,0,T1(0-2),Economy Flexi,10174,1933,180,12287,AirlineSite,Available
OBS00097,9b7a6eebb19c,c8a9a94d404b,DEL,BOM,6E,6E-2341,2026-09-12,08:00,2026-09-05 14:30,6,T7(5-9),Economy Flexi,9465,1798,180,11443,Goibibo,Available
OBS00098,319dff0ddd88,c1b1f8d495f8,DEL,BOM,6E,6E-2341,2026-09-12,08:00,2026-09-05 14:30,6,T7(5-9),Economy Standard,7447,1415,120,8982,Goibibo,Available
OBS00099,0704d5cc96b2,37a5de9260b1,DEL,BOM,6E,6E-2341,2026-09-20,08:00,2026-09-05 14:30,14,T15(12-18),Economy Standard,6180,1174,150,7504,MMT,Available
OBS00100,d7de0ed642e2,37a5de9260b1,DEL,BOM,6E,6E-2341,2026-09-20,08:00,2026-09-05 14:30,14,T15(12-18),Economy Standard,6016,1143,150,7309,Goibibo,Available
OBS00101,1ff9ed4b770e,dc9a0c69e72f,DEL,BOM,6E,6E-2341,2026-09-20,08:00,2026-09-05 14:30,14,T15(12-18),Economy Flexi,7196,1367,120,8683,AirlineSite,Available
OBS00102,dff92d036b2f,d75a1e4d61f5,DEL,BOM,6E,6E-2341,2026-10-05,08:00,2026-09-05 14:30,29,T30(25-35),Economy Flexi,6038,1147,180,7365,MMT,Available
OBS00103,87fd308e454d,39513d756b0a,DEL,BOM,6E,6E-2341,2026-10-20,08:00,2026-09-05 14:30,44,T45(40-50),Economy Flexi,6036,1147,180,7363,Goibibo,Available
OBS00104,5018dacc0446,40a21046cb1e,DEL,BOM,AI,AI-865,2026-09-06,06:15,2026-09-05 14:30,0,T1(0-2),Economy Flexi,10074,1914,100,12088,AirlineSite,Available
OBS00105,52e0c84eb9e2,40a21046cb1e,DEL,BOM,AI,AI-865,2026-09-06,06:15,2026-09-05 14:30,0,T1(0-2),Economy Flexi,10811,2054,150,13015,Cleartrip,Available
OBS00106,3648236b07c3,c1b1f8d495f8,DEL,BOM,AI,AI-865,2026-09-12,06:15,2026-09-05 14:30,6,T7(5-9),Economy Standard,7225,1373,180,8778,MMT,Available
OBS00107,ec6526106a53,c1b1f8d495f8,DEL,BOM,AI,AI-865,2026-09-12,06:15,2026-09-05 14:30,6,T7(5-9),Economy Standard,7481,1421,180,9082,Goibibo,Available
OBS00108,14802136482c,dc9a0c69e72f,DEL,BOM,AI,AI-865,2026-09-20,06:15,2026-09-05 14:30,14,T15(12-18),Economy Flexi,7222,1372,180,8774,Goibibo,Available
OBS00109,8d47673e575f,dc9a0c69e72f,DEL,BOM,AI,AI-865,2026-09-20,06:15,2026-09-05 14:30,14,T15(12-18),Economy Flexi,7951,1511,100,9562,Cleartrip,Available
OBS00110,dd64666c5e39,d75a1e4d61f5,DEL,BOM,AI,AI-865,2026-10-05,06:15,2026-09-05 14:30,29,T30(25-35),Economy Flexi,6511,1237,120,7868,AirlineSite,Available
OBS00111,2688443eb3d7,d75a1e4d61f5,DEL,BOM,AI,AI-865,2026-10-05,06:15,2026-09-05 14:30,29,T30(25-35),Economy Flexi,6695,1272,120,8087,Goibibo,Available
OBS00112,464b9d79b5af,ad4c6be1e8ec,DEL,BOM,AI,AI-865,2026-10-20,06:15,2026-09-05 14:30,44,T45(40-50),Economy Standard,5083,966,150,6199,Cleartrip,Available
OBS00113,72c937b090e3,88ab09a10eee,DEL,BOM,QP,QP-1123,2026-09-06,09:30,2026-09-05 14:30,0,T1(0-2),Economy Standard,8177,1554,100,9831,Goibibo,Available
OBS00114,2a01f39842e7,cc19bed3c720,DEL,BOM,QP,QP-1123,2026-09-12,09:30,2026-09-05 14:30,6,T7(5-9),Economy Saver,5562,1057,100,6719,AirlineSite,Available
OBS00115,e35663944906,cc19bed3c720,DEL,BOM,QP,QP-1123,2026-09-12,09:30,2026-09-05 14:30,6,T7(5-9),Economy Saver,5973,1135,100,7208,MMT,Available
OBS00116,b303336c05e3,b8722922d34c,DEL,BOM,QP,QP-1123,2026-09-20,09:30,2026-09-05 14:30,14,T15(12-18),Economy Saver,4865,924,120,5909,AirlineSite,Available
OBS00117,2308f676c669,a7a709ff669a,DEL,BOM,QP,QP-1123,2026-10-05,09:30,2026-09-05 14:30,29,T30(25-35),Economy Standard,5581,1060,180,6821,AirlineSite,Available
OBS00118,9a54be83c01a,a7a709ff669a,DEL,BOM,QP,QP-1123,2026-10-05,09:30,2026-09-05 14:30,29,T30(25-35),Economy Standard,5413,1028,150,6591,Cleartrip,Available
OBS00119,3fc27b040075,39513d756b0a,DEL,BOM,QP,QP-1123,2026-10-20,09:30,2026-09-05 14:30,44,T45(40-50),Economy Flexi,6775,1287,100,8162,AirlineSite,Available
OBS00120,1c6f56c61c0f,39513d756b0a,DEL,BOM,QP,QP-1123,2026-10-20,09:30,2026-09-05 14:30,44,T45(40-50),Economy Flexi,6459,1227,150,7836,Goibibo,Available
OBS00121,8dfda897b1c9,5f429a888437,BLR,HYD,SG,SG-451,2026-09-06,12:00,2026-09-05 14:30,0,T1(0-2),Economy Flexi,9676,1838,120,11634,MMT,Available
OBS00122,2523435fdd47,2716b7b1fead,BLR,HYD,SG,SG-451,2026-09-06,12:00,2026-09-05 14:30,0,T1(0-2),Economy Standard,8824,1676,100,10600,Cleartrip,Available
OBS00123,97d74acb9649,4cfbb232d2a5,BLR,HYD,SG,SG-451,2026-09-12,12:00,2026-09-05 14:30,6,T7(5-9),Economy Saver,5670,1077,150,6897,Goibibo,Available
OBS00124,5db6c6f9e22e,4cfbb232d2a5,BLR,HYD,SG,SG-451,2026-09-12,12:00,2026-09-05 14:30,6,T7(5-9),Economy Saver,5405,1027,180,6612,Cleartrip,Available
OBS00125,9b8b3271676c,12bc7fff5c8b,BLR,HYD,SG,SG-451,2026-09-12,12:00,2026-09-05 14:30,6,T7(5-9),Economy Standard,7431,1412,150,8993,AirlineSite,Available
OBS00126,687ba7cd0179,24a0effd14e0,BLR,HYD,SG,SG-451,2026-09-20,12:00,2026-09-05 14:30,14,T15(12-18),Economy Standard,6415,1219,150,7784,MMT,Available
OBS00127,29a44b27e66c,bb7a4806d2ef,BLR,HYD,SG,SG-451,2026-09-20,12:00,2026-09-05 14:30,14,T15(12-18),Economy Saver,4751,903,150,5804,Goibibo,Available
OBS00128,b8703b22f2dc,bb7a4806d2ef,BLR,HYD,SG,SG-451,2026-09-20,12:00,2026-09-05 14:30,14,T15(12-18),Economy Saver,4682,890,120,5692,MMT,Available
OBS00129,26e4574f7c6f,bfd475034edc,BLR,HYD,SG,SG-451,2026-10-05,12:00,2026-09-05 14:30,29,T30(25-35),Economy Standard,5447,1035,180,6662,MMT,Available
OBS00130,3c99b6b5dda5,e257b8bf6a27,BLR,HYD,SG,SG-451,2026-10-20,12:00,2026-09-05 14:30,44,T45(40-50),Economy Saver,3895,740,120,4755,Cleartrip,Available
OBS00131,8a84d5d000e0,2716b7b1fead,BLR,HYD,6E,6E-773,2026-09-06,16:45,2026-09-05 14:30,0,T1(0-2),Economy Standard,8856,1683,150,10689,Cleartrip,Available
OBS00132,c47330ef38a6,4cfbb232d2a5,BLR,HYD,6E,6E-773,2026-09-12,16:45,2026-09-05 14:30,6,T7(5-9),Economy Saver,5928,1126,180,7234,MMT,Available
OBS00133,28947e253914,c212c6a55ae1,BLR,HYD,6E,6E-773,2026-09-12,16:45,2026-09-05 14:30,6,T7(5-9),Economy Flexi,9052,1720,180,10952,MMT,Available
OBS00134,4a21215a64d5,c212c6a55ae1,BLR,HYD,6E,6E-773,2026-09-12,16:45,2026-09-05 14:30,6,T7(5-9),Economy Flexi,9020,1714,100,10834,Cleartrip,Available
OBS00135,8e5a9315c850,24a0effd14e0,BLR,HYD,6E,6E-773,2026-09-20,16:45,2026-09-05 14:30,14,T15(12-18),Economy Standard,6381,1212,150,7743,Goibibo,Available
OBS00136,c42218fe4c4a,f91b72f2d855,BLR,HYD,6E,6E-773,2026-10-05,16:45,2026-09-05 14:30,29,T30(25-35),Economy Flexi,6333,1203,150,7686,Cleartrip,Available
OBS00137,251e54a41390,bfd475034edc,BLR,HYD,6E,6E-773,2026-10-05,16:45,2026-09-05 14:30,29,T30(25-35),Economy Standard,5123,973,150,6246,Goibibo,Available
OBS00138,6e0664a7f521,e257b8bf6a27,BLR,HYD,6E,6E-773,2026-10-20,16:45,2026-09-05 14:30,44,T45(40-50),Economy Saver,3862,734,120,4716,MMT,Available
OBS00139,850cab7e6eb1,e257b8bf6a27,BLR,HYD,6E,6E-773,2026-10-20,16:45,2026-09-05 14:30,44,T45(40-50),Economy Saver,3900,741,180,4821,Goibibo,Available
OBS00140,63de1ec09192,4a44ee99890d,DEL,BLR,6E,6E-5011,2026-09-06,17:00,2026-09-05 14:30,0,T1(0-2),Economy Flexi,10667,2027,150,12844,Cleartrip,Available
OBS00141,9475ec6f7685,4a44ee99890d,DEL,BLR,6E,6E-5011,2026-09-06,17:00,2026-09-05 14:30,0,T1(0-2),Economy Flexi,9874,1876,120,11870,AirlineSite,Available
OBS00142,78fcc93bd129,368a85f47dc9,DEL,BLR,6E,6E-5011,2026-09-12,17:00,2026-09-05 14:30,6,T7(5-9),Economy Saver,5430,1032,100,6562,MMT,Available
OBS00143,ed21e4be9392,368a85f47dc9,DEL,BLR,6E,6E-5011,2026-09-12,17:00,2026-09-05 14:30,6,T7(5-9),Economy Saver,5805,1103,120,7028,Goibibo,Available
OBS00144,ba7efc93b191,78c027de36d9,DEL,BLR,6E,6E-5011,2026-09-20,17:00,2026-09-05 14:30,14,T15(12-18),Economy Standard,6204,1179,180,7563,Cleartrip,Available
OBS00145,ecec5b407a92,7f550039d6be,DEL,BLR,6E,6E-5011,2026-09-20,17:00,2026-09-05 14:30,14,T15(12-18),Economy Saver,5076,965,150,6191,MMT,Available
OBS00146,4f6f65a0dd38,85d569d51a6f,DEL,BLR,6E,6E-5011,2026-10-05,17:00,2026-09-05 14:30,29,T30(25-35),Economy Saver,4056,771,100,4927,Goibibo,Available
OBS00147,bfa625d17915,c7e037c3624d,DEL,BLR,6E,6E-5011,2026-10-20,17:00,2026-09-05 14:30,44,T45(40-50),Economy Saver,4317,820,100,5237,Cleartrip,Available
OBS00148,e739f3e950ca,c7e037c3624d,DEL,BLR,6E,6E-5011,2026-10-20,17:00,2026-09-05 14:30,44,T45(40-50),Economy Saver,4090,777,180,5047,AirlineSite,Available
OBS00149,a230bd2ae500,4a44ee99890d,DEL,BLR,AI,AI-503,2026-09-06,05:45,2026-09-05 14:30,0,T1(0-2),Economy Flexi,10767,2046,150,12963,Goibibo,Available
OBS00150,85bd31e44a01,4a44ee99890d,DEL,BLR,AI,AI-503,2026-09-06,05:45,2026-09-05 14:30,0,T1(0-2),Economy Flexi,10703,2034,180,12917,MMT,Available
OBS00151,81ac57470034,185bcc3961d3,DEL,BLR,AI,AI-503,2026-09-06,05:45,2026-09-05 14:30,0,T1(0-2),Economy Saver,6587,1252,100,7939,AirlineSite,Available
OBS00152,abd087971b8e,d5a3834296a1,DEL,BLR,AI,AI-503,2026-09-12,05:45,2026-09-05 14:30,6,T7(5-9),Economy Flexi,9267,1761,120,11148,Cleartrip,Available
OBS00153,0bb7f422e118,7f550039d6be,DEL,BLR,AI,AI-503,2026-09-20,05:45,2026-09-05 14:30,14,T15(12-18),Economy Saver,4486,852,180,5518,AirlineSite,Available
OBS00154,f791945e5b7b,7f550039d6be,DEL,BLR,AI,AI-503,2026-09-20,05:45,2026-09-05 14:30,14,T15(12-18),Economy Saver,4907,932,180,6019,Goibibo,Available
OBS00155,19ad0dddee73,85d569d51a6f,DEL,BLR,AI,AI-503,2026-10-05,05:45,2026-09-05 14:30,29,T30(25-35),Economy Saver,4168,792,180,5140,Cleartrip,Available
OBS00156,4b531645f689,88d6a22dc555,DEL,BLR,AI,AI-503,2026-10-20,05:45,2026-09-05 14:30,44,T45(40-50),Economy Flexi,6630,1260,120,8010,Cleartrip,Available
OBS00157,4e69dd1682a9,185bcc3961d3,DEL,BLR,UK,UK-822,2026-09-06,10:45,2026-09-05 14:30,0,T1(0-2),Economy Saver,6204,1179,150,7533,MMT,Available
OBS00158,197d882c94d9,185bcc3961d3,DEL,BLR,UK,UK-822,2026-09-06,10:45,2026-09-05 14:30,0,T1(0-2),Economy Saver,6768,1286,100,8154,Cleartrip,Available
OBS00159,9b555e4d18ad,368a85f47dc9,DEL,BLR,UK,UK-822,2026-09-12,10:45,2026-09-05 14:30,6,T7(5-9),Economy Saver,5720,1087,180,6987,Cleartrip,Available
OBS00160,c3d53bb835a3,78c027de36d9,DEL,BLR,UK,UK-822,2026-09-20,10:45,2026-09-05 14:30,14,T15(12-18),Economy Standard,6178,1174,100,7452,Goibibo,Available
OBS00161,d5b822686fe1,1475218a87df,DEL,BLR,UK,UK-822,2026-09-20,10:45,2026-09-05 14:30,14,T15(12-18),Economy Flexi,7646,1453,100,9199,Cleartrip,Available
OBS00162,f43bab480357,85d569d51a6f,DEL,BLR,UK,UK-822,2026-10-05,10:45,2026-09-05 14:30,29,T30(25-35),Economy Saver,4227,803,100,5130,AirlineSite,Available
OBS00163,41ae6de2ff6d,85d569d51a6f,DEL,BLR,UK,UK-822,2026-10-05,10:45,2026-09-05 14:30,29,T30(25-35),Economy Saver,4197,797,120,5114,Cleartrip,Available
OBS00164,67d28bd6bc8d,88d6a22dc555,DEL,BLR,UK,UK-822,2026-10-20,10:45,2026-09-05 14:30,44,T45(40-50),Economy Flexi,6134,1165,180,7479,Goibibo,Available
OBS00165,ef80abaab23c,88d6a22dc555,DEL,BLR,UK,UK-822,2026-10-20,10:45,2026-09-05 14:30,44,T45(40-50),Economy Flexi,6505,1236,180,7921,MMT,Available
OBS00166,448f11c2c5c7,8946e1e5fe25,MAA,CCU,6E,6E-6120,2026-09-06,12:00,2026-09-05 14:30,0,T1(0-2),Economy Standard,8265,1570,100,9935,Goibibo,Available
OBS00167,b4a927185050,bfdedc1a4859,MAA,CCU,6E,6E-6120,2026-09-12,12:00,2026-09-05 14:30,6,T7(5-9),Economy Standard,7291,1385,180,8856,Goibibo,Available
OBS00168,e8a8290f51d7,96a704c16780,MAA,CCU,6E,6E-6120,2026-09-20,12:00,2026-09-05 14:30,14,T15(12-18),Economy Saver,4639,881,100,5620,Cleartrip,Available
OBS00169,758d31767945,dd19312763d8,MAA,CCU,6E,6E-6120,2026-09-20,12:00,2026-09-05 14:30,14,T15(12-18),Economy Standard,6354,1207,180,7741,AirlineSite,Available
OBS00170,3e2988e23a20,0122ec6b8c01,MAA,CCU,6E,6E-6120,2026-10-05,12:00,2026-09-05 14:30,29,T30(25-35),Economy Saver,4124,784,180,5088,Cleartrip,Available
OBS00171,944d7fb3989d,d08cdfeb22c3,MAA,CCU,6E,6E-6120,2026-10-20,12:00,2026-09-05 14:30,44,T45(40-50),Economy Standard,5311,1009,150,6470,Cleartrip,Available
OBS00172,a9d64cb79744,03d61faab4e0,MAA,CCU,6E,6E-6120,2026-10-20,12:00,2026-09-05 14:30,44,T45(40-50),Economy Saver,3863,734,120,4717,Goibibo,Available
OBS00173,b78af3304aa9,d6eca9fabec4,MAA,CCU,SG,SG-988,2026-09-06,14:30,2026-09-05 14:30,0,T1(0-2),Economy Saver,6419,1220,120,7759,AirlineSite,Available
OBS00174,39618e6f0c11,d6eca9fabec4,MAA,CCU,SG,SG-988,2026-09-06,14:30,2026-09-05 14:30,0,T1(0-2),Economy Saver,6906,1312,100,8318,Cleartrip,Available
OBS00175,4df8011a46c3,8946e1e5fe25,MAA,CCU,SG,SG-988,2026-09-06,14:30,2026-09-05 14:30,0,T1(0-2),Economy Standard,8605,1635,120,10360,AirlineSite,Available
OBS00176,f22528ec16f9,1e42463f6726,MAA,CCU,SG,SG-988,2026-09-12,14:30,2026-09-05 14:30,6,T7(5-9),Economy Flexi,8982,1707,180,10869,Cleartrip,Available
OBS00177,1294d70d3d48,96a704c16780,MAA,CCU,SG,SG-988,2026-09-20,14:30,2026-09-05 14:30,14,T15(12-18),Economy Saver,4719,897,120,5736,MMT,Available
OBS00178,c11e119a5e6e,68f040f6697f,MAA,CCU,SG,SG-988,2026-10-05,14:30,2026-09-05 14:30,29,T30(25-35),Economy Standard,5572,1059,150,6781,Cleartrip,Available
OBS00179,d15cbb374c3f,d08cdfeb22c3,MAA,CCU,SG,SG-988,2026-10-20,14:30,2026-09-05 14:30,44,T45(40-50),Economy Standard,5332,1013,180,6525,Cleartrip,Available
OBS00180,d4e320bce95d,d08cdfeb22c3,MAA,CCU,SG,SG-988,2026-10-20,14:30,2026-09-05 14:30,44,T45(40-50),Economy Standard,5525,1050,180,6755,Goibibo,Available
OBS00181,beceacc060a0,88ab09a10eee,DEL,BOM,6E,6E-2341,2026-09-06,08:00,2026-09-05 20:15,0,T1(0-2),Economy Standard,8397,1595,150,10142,Goibibo,Available
OBS00182,4c62e9a2ddc4,40a21046cb1e,DEL,BOM,6E,6E-2341,2026-09-06,08:00,2026-09-05 20:15,0,T1(0-2),Economy Flexi,10325,1962,120,12407,MMT,Available
OBS00183,e5cf898b039d,cc19bed3c720,DEL,BOM,6E,6E-2341,2026-09-12,08:00,2026-09-05 20:15,6,T7(5-9),Economy Saver,5917,1124,180,7221,Goibibo,Available
OBS00184,7bf908ceaf7e,dc9a0c69e72f,DEL,BOM,6E,6E-2341,2026-09-20,08:00,2026-09-05 20:15,14,T15(12-18),Economy Flexi,7995,1519,120,9634,MMT,Available
OBS00185,c66d5211b854,dc9a0c69e72f,DEL,BOM,6E,6E-2341,2026-09-20,08:00,2026-09-05 20:15,14,T15(12-18),Economy Flexi,7548,1434,150,9132,Goibibo,Available
OBS00186,84e78b935bf5,a7a709ff669a,DEL,BOM,6E,6E-2341,2026-10-05,08:00,2026-09-05 20:15,29,T30(25-35),Economy Standard,4950,941,120,6011,Goibibo,Available
OBS00187,cad620edd138,39513d756b0a,DEL,BOM,6E,6E-2341,2026-10-20,08:00,2026-09-05 20:15,44,T45(40-50),Economy Flexi,6370,1210,150,7730,AirlineSite,Available
OBS00188,0ca4ec6fea7e,40a21046cb1e,DEL,BOM,AI,AI-865,2026-09-06,06:15,2026-09-05 20:15,0,T1(0-2),Economy Flexi,9681,1839,150,11670,Goibibo,Available
OBS00189,f9ee5bc44c03,40a21046cb1e,DEL,BOM,AI,AI-865,2026-09-06,06:15,2026-09-05 20:15,0,T1(0-2),Economy Flexi,10693,2032,180,12905,Cleartrip,Available
OBS00190,5d3eaec74f4c,c8a9a94d404b,DEL,BOM,AI,AI-865,2026-09-12,06:15,2026-09-05 20:15,6,T7(5-9),Economy Flexi,8540,1623,100,10263,Goibibo,Available
OBS00191,cecab29b31b7,c8a9a94d404b,DEL,BOM,AI,AI-865,2026-09-12,06:15,2026-09-05 20:15,6,T7(5-9),Economy Flexi,8772,1667,150,10589,Cleartrip,Available
OBS00192,e48afaefdd4c,dc9a0c69e72f,DEL,BOM,AI,AI-865,2026-09-20,06:15,2026-09-05 20:15,14,T15(12-18),Economy Flexi,8008,1521,100,9629,Goibibo,Available
OBS00193,dbaafaedbb8f,22349c19bb6f,DEL,BOM,AI,AI-865,2026-10-05,06:15,2026-09-05 20:15,29,T30(25-35),Economy Saver,3824,727,100,4651,Cleartrip,Available
OBS00194,b154bb7c3da4,22349c19bb6f,DEL,BOM,AI,AI-865,2026-10-05,06:15,2026-09-05 20:15,29,T30(25-35),Economy Saver,3953,751,150,4854,AirlineSite,Available
OBS00195,f69f8aefcdc5,2a18c0868003,DEL,BOM,AI,AI-865,2026-10-20,06:15,2026-09-05 20:15,44,T45(40-50),Economy Saver,4094,778,120,4992,Goibibo,Available
OBS00196,08377670de3a,87642201e6b5,DEL,BOM,QP,QP-1123,2026-09-06,09:30,2026-09-05 20:15,0,T1(0-2),Economy Saver,6596,1253,120,7969,Goibibo,Available
OBS00197,b9767cb94050,c8a9a94d404b,DEL,BOM,QP,QP-1123,2026-09-12,09:30,2026-09-05 20:15,6,T7(5-9),Economy Flexi,9035,1717,150,10902,MMT,Available
OBS00198,1a7b630cbd14,37a5de9260b1,DEL,BOM,QP,QP-1123,2026-09-20,09:30,2026-09-05 20:15,14,T15(12-18),Economy Standard,6548,1244,120,7912,AirlineSite,Available
OBS00199,780034d68004,37a5de9260b1,DEL,BOM,QP,QP-1123,2026-09-20,09:30,2026-09-05 20:15,14,T15(12-18),Economy Standard,5888,1119,150,7157,MMT,Available
OBS00200,81cf1270ecf4,a7a709ff669a,DEL,BOM,QP,QP-1123,2026-10-05,09:30,2026-09-05 20:15,29,T30(25-35),Economy Standard,5511,1047,120,6678,Cleartrip,Available
OBS00201,3af506611063,a7a709ff669a,DEL,BOM,QP,QP-1123,2026-10-05,09:30,2026-09-05 20:15,29,T30(25-35),Economy Standard,5616,1067,180,6863,MMT,Available
OBS00202,7535750ae0b4,d75a1e4d61f5,DEL,BOM,QP,QP-1123,2026-10-05,09:30,2026-09-05 20:15,29,T30(25-35),Economy Flexi,6297,1196,150,7643,MMT,Available
OBS00203,bb584f1a218d,ad4c6be1e8ec,DEL,BOM,QP,QP-1123,2026-10-20,09:30,2026-09-05 20:15,44,T45(40-50),Economy Standard,5126,974,100,6200,Goibibo,Available
OBS00204,5a746f41a623,39513d756b0a,DEL,BOM,QP,QP-1123,2026-10-20,09:30,2026-09-05 20:15,44,T45(40-50),Economy Flexi,6620,1258,120,7998,Goibibo,Available
OBS00205,a664a5fe7966,39513d756b0a,DEL,BOM,QP,QP-1123,2026-10-20,09:30,2026-09-05 20:15,44,T45(40-50),Economy Flexi,6482,1232,150,7864,MMT,Available
OBS00206,092b6239240d,5f429a888437,BLR,HYD,SG,SG-451,2026-09-06,12:00,2026-09-05 20:15,0,T1(0-2),Economy Flexi,10464,1988,120,12572,Cleartrip,Available
OBS00207,aa8dbbab6a39,4cfbb232d2a5,BLR,HYD,SG,SG-451,2026-09-12,12:00,2026-09-05 20:15,6,T7(5-9),Economy Saver,5421,1030,150,6601,Goibibo,Available
OBS00208,443189a9b1ad,c212c6a55ae1,BLR,HYD,SG,SG-451,2026-09-12,12:00,2026-09-05 20:15,6,T7(5-9),Economy Flexi,9557,1816,150,11523,MMT,Available
OBS00209,e754808d8c5c,c212c6a55ae1,BLR,HYD,SG,SG-451,2026-09-12,12:00,2026-09-05 20:15,6,T7(5-9),Economy Flexi,9368,1780,120,11268,AirlineSite,Available
OBS00210,a9930cb49c58,bb7a4806d2ef,BLR,HYD,SG,SG-451,2026-09-20,12:00,2026-09-05 20:15,14,T15(12-18),Economy Saver,4792,910,150,5852,Cleartrip,Available
OBS00211,5574d8934eaa,bb7a4806d2ef,BLR,HYD,SG,SG-451,2026-09-20,12:00,2026-09-05 20:15,14,T15(12-18),Economy Saver,4994,949,150,6093,Goibibo,Available
OBS00212,a715d5a67e46,bfd475034edc,BLR,HYD,SG,SG-451,2026-10-05,12:00,2026-09-05 20:15,29,T30(25-35),Economy Standard,5257,999,100,6356,Cleartrip,Available
OBS00213,c9effa3c88a2,bfd475034edc,BLR,HYD,SG,SG-451,2026-10-05,12:00,2026-09-05 20:15,29,T30(25-35),Economy Standard,5035,957,120,6112,AirlineSite,Available
OBS00214,59db3b84d7fb,9f4e2bb4c6c8,BLR,HYD,SG,SG-451,2026-10-20,12:00,2026-09-05 20:15,44,T45(40-50),Economy Flexi,6633,1260,100,7993,Cleartrip,Available
OBS00215,23106a2a4076,9f4e2bb4c6c8,BLR,HYD,SG,SG-451,2026-10-20,12:00,2026-09-05 20:15,44,T45(40-50),Economy Flexi,6202,1178,100,7480,AirlineSite,Available
OBS00216,ec46a7c9fff6,4168bf9fcb94,BLR,HYD,SG,SG-451,2026-10-20,12:00,2026-09-05 20:15,44,T45(40-50),Economy Standard,5395,1025,150,6570,Cleartrip,Available
OBS00217,daca72808710,2716b7b1fead,BLR,HYD,6E,6E-773,2026-09-06,16:45,2026-09-05 20:15,0,T1(0-2),Economy Standard,8414,1599,150,10163,MMT,Available
OBS00218,c25e81e21a67,5f429a888437,BLR,HYD,6E,6E-773,2026-09-06,16:45,2026-09-05 20:15,0,T1(0-2),Economy Flexi,9659,1835,180,11674,MMT,Available
OBS00219,0cd7b975fd16,5f429a888437,BLR,HYD,6E,6E-773,2026-09-06,16:45,2026-09-05 20:15,0,T1(0-2),Economy Flexi,10768,2046,150,12964,Cleartrip,Available
OBS00220,ec3c72253a5f,12bc7fff5c8b,BLR,HYD,6E,6E-773,2026-09-12,16:45,2026-09-05 20:15,6,T7(5-9),Economy Standard,7923,1505,150,9578,AirlineSite,Available
OBS00221,7b734802e467,4cfbb232d2a5,BLR,HYD,6E,6E-773,2026-09-12,16:45,2026-09-05 20:15,6,T7(5-9),Economy Saver,5468,1039,120,6627,AirlineSite,Available
OBS00222,416fc0beab88,24a0effd14e0,BLR,HYD,6E,6E-773,2026-09-20,16:45,2026-09-05 20:15,14,T15(12-18),Economy Standard,6298,1197,120,7615,Goibibo,Available
OBS00223,9c82a96150a5,f91b72f2d855,BLR,HYD,6E,6E-773,2026-10-05,16:45,2026-09-05 20:15,29,T30(25-35),Economy Flexi,6489,1233,150,7872,Goibibo,Available
OBS00224,cf7de90d3b6b,9f4e2bb4c6c8,BLR,HYD,6E,6E-773,2026-10-20,16:45,2026-09-05 20:15,44,T45(40-50),Economy Flexi,6348,1206,120,7674,MMT,Available
OBS00225,26688071972d,185bcc3961d3,DEL,BLR,6E,6E-5011,2026-09-06,17:00,2026-09-05 20:15,0,T1(0-2),Economy Saver,6830,1298,150,8278,Cleartrip,Available
OBS00226,4485fbee77f7,185bcc3961d3,DEL,BLR,6E,6E-5011,2026-09-06,17:00,2026-09-05 20:15,0,T1(0-2),Economy Saver,6130,1165,150,7445,Goibibo,Available
OBS00227,b5dd734890d3,368a85f47dc9,DEL,BLR,6E,6E-5011,2026-09-12,17:00,2026-09-05 20:15,6,T7(5-9),Economy Saver,5885,1118,100,7103,AirlineSite,Available
OBS00228,86bc7794c6bc,78c027de36d9,DEL,BLR,6E,6E-5011,2026-09-20,17:00,2026-09-05 20:15,14,T15(12-18),Economy Standard,6457,1227,120,7804,MMT,Available
OBS00229,23515abe402c,a2844fb520cf,DEL,BLR,6E,6E-5011,2026-10-05,17:00,2026-09-05 20:15,29,T30(25-35),Economy Flexi,6651,1264,120,8035,MMT,Available
OBS00230,193a02081494,c7e037c3624d,DEL,BLR,6E,6E-5011,2026-10-20,17:00,2026-09-05 20:15,44,T45(40-50),Economy Saver,4246,807,120,5173,AirlineSite,Available
OBS00231,ed2549eb4214,c7e037c3624d,DEL,BLR,6E,6E-5011,2026-10-20,17:00,2026-09-05 20:15,44,T45(40-50),Economy Saver,4314,820,150,5284,MMT,Available
OBS00232,4ed605d51243,185bcc3961d3,DEL,BLR,AI,AI-503,2026-09-06,05:45,2026-09-05 20:15,0,T1(0-2),Economy Saver,6092,1158,120,7370,AirlineSite,Available
OBS00233,46f948905837,185bcc3961d3,DEL,BLR,AI,AI-503,2026-09-06,05:45,2026-09-05 20:15,0,T1(0-2),Economy Saver,6570,1248,100,7918,Goibibo,Available
OBS00234,0c6ae94c1206,c9b904f290c2,DEL,BLR,AI,AI-503,2026-09-12,05:45,2026-09-05 20:15,6,T7(5-9),Economy Standard,7727,1468,100,9295,MMT,Available
OBS00235,a9591361c2ee,7f550039d6be,DEL,BLR,AI,AI-503,2026-09-20,05:45,2026-09-05 20:15,14,T15(12-18),Economy Saver,4799,912,100,5811,Cleartrip,Available
OBS00236,499b39c6f056,78c027de36d9,DEL,BLR,AI,AI-503,2026-09-20,05:45,2026-09-05 20:15,14,T15(12-18),Economy Standard,6583,1251,100,7934,MMT,Available
OBS00237,e618724a7bb8,a2844fb520cf,DEL,BLR,AI,AI-503,2026-10-05,05:45,2026-09-05 20:15,29,T30(25-35),Economy Flexi,6035,1147,180,7362,AirlineSite,Available
OBS00238,a2283779221d,1a0596829dc8,DEL,BLR,AI,AI-503,2026-10-05,05:45,2026-09-05 20:15,29,T30(25-35),Economy Standard,5404,1027,180,6611,Goibibo,Available
OBS00239,80b09774dbce,bf3eae4178b5,DEL,BLR,AI,AI-503,2026-10-20,05:45,2026-09-05 20:15,44,T45(40-50),Economy Standard,5351,1017,100,6468,Cleartrip,Available
OBS00240,a0fdf8d44711,c7e037c3624d,DEL,BLR,AI,AI-503,2026-10-20,05:45,2026-09-05 20:15,44,T45(40-50),Economy Saver,4125,784,150,5059,Cleartrip,Available
OBS00241,ee9323e969f1,4a44ee99890d,DEL,BLR,UK,UK-822,2026-09-06,10:45,2026-09-05 20:15,0,T1(0-2),Economy Flexi,10238,1945,180,12363,Cleartrip,Available
OBS00242,5fafcb6b6f04,4a44ee99890d,DEL,BLR,UK,UK-822,2026-09-06,10:45,2026-09-05 20:15,0,T1(0-2),Economy Flexi,9706,1844,100,11650,MMT,Available
OBS00243,012b40dc3cf5,d5a3834296a1,DEL,BLR,UK,UK-822,2026-09-12,10:45,2026-09-05 20:15,6,T7(5-9),Economy Flexi,9532,1811,180,11523,Goibibo,Available
OBS00244,20437959806e,368a85f47dc9,DEL,BLR,UK,UK-822,2026-09-12,10:45,2026-09-05 20:15,6,T7(5-9),Economy Saver,5690,1081,100,6871,Goibibo,Available
OBS00245,79a59c8970e9,78c027de36d9,DEL,BLR,UK,UK-822,2026-09-20,10:45,2026-09-05 20:15,14,T15(12-18),Economy Standard,6128,1164,120,7412,Cleartrip,Available
OBS00246,5785b71b5ff3,1a0596829dc8,DEL,BLR,UK,UK-822,2026-10-05,10:45,2026-09-05 20:15,29,T30(25-35),Economy Standard,5003,951,100,6054,AirlineSite,Available
OBS00247,47641bcb0d6d,85d569d51a6f,DEL,BLR,UK,UK-822,2026-10-05,10:45,2026-09-05 20:15,29,T30(25-35),Economy Saver,4089,777,150,5016,Cleartrip,Available
OBS00248,b0261368e58d,85d569d51a6f,DEL,BLR,UK,UK-822,2026-10-05,10:45,2026-09-05 20:15,29,T30(25-35),Economy Saver,4148,788,180,5116,AirlineSite,Available
OBS00249,5c25b63047dc,88d6a22dc555,DEL,BLR,UK,UK-822,2026-10-20,10:45,2026-09-05 20:15,44,T45(40-50),Economy Flexi,6778,1288,150,8216,AirlineSite,Available
OBS00250,f8b87a5eb5ff,d6eca9fabec4,MAA,CCU,6E,6E-6120,2026-09-06,12:00,2026-09-05 20:15,0,T1(0-2),Economy Saver,6626,1259,120,8005,MMT,Available
OBS00251,c7adb7e33bb5,d6eca9fabec4,MAA,CCU,6E,6E-6120,2026-09-06,12:00,2026-09-05 20:15,0,T1(0-2),Economy Saver,6785,1289,150,8224,AirlineSite,Available
OBS00252,ced674a8c19e,bfdedc1a4859,MAA,CCU,6E,6E-6120,2026-09-12,12:00,2026-09-05 20:15,6,T7(5-9),Economy Standard,7790,1480,100,9370,MMT,Available
OBS00253,1dad13b17ea7,1604d95c76f6,MAA,CCU,6E,6E-6120,2026-09-12,12:00,2026-09-05 20:15,6,T7(5-9),Economy Saver,5529,1051,150,6730,Cleartrip,Available
OBS00254,7f733dd09dec,1604d95c76f6,MAA,CCU,6E,6E-6120,2026-09-12,12:00,2026-09-05 20:15,6,T7(5-9),Economy Saver,6076,1155,150,7381,AirlineSite,Available
OBS00255,8332b44ba17b,96a704c16780,MAA,CCU,6E,6E-6120,2026-09-20,12:00,2026-09-05 20:15,14,T15(12-18),Economy Saver,4527,860,100,5487,Goibibo,Available
OBS00256,db20fc46d92c,30301e416d98,MAA,CCU,6E,6E-6120,2026-10-05,12:00,2026-09-05 20:15,29,T30(25-35),Economy Flexi,6329,1202,150,7681,MMT,Available
OBS00257,16d6a8c26cfd,30301e416d98,MAA,CCU,6E,6E-6120,2026-10-05,12:00,2026-09-05 20:15,29,T30(25-35),Economy Flexi,6114,1162,150,7426,Goibibo,Available
OBS00258,1ebd3ef81144,d08cdfeb22c3,MAA,CCU,6E,6E-6120,2026-10-20,12:00,2026-09-05 20:15,44,T45(40-50),Economy Standard,5046,959,100,6105,MMT,Available
OBS00259,a5cc26a7727c,03d61faab4e0,MAA,CCU,6E,6E-6120,2026-10-20,12:00,2026-09-05 20:15,44,T45(40-50),Economy Saver,4030,766,180,4976,AirlineSite,Available
OBS00260,55b61c9a2613,03d61faab4e0,MAA,CCU,6E,6E-6120,2026-10-20,12:00,2026-09-05 20:15,44,T45(40-50),Economy Saver,4053,770,180,5003,MMT,Available
OBS00261,0f74e558a497,8946e1e5fe25,MAA,CCU,SG,SG-988,2026-09-06,14:30,2026-09-05 20:15,0,T1(0-2),Economy Standard,8277,1573,100,9950,AirlineSite,Available
OBS00262,edae2c1cc7fa,1e42463f6726,MAA,CCU,SG,SG-988,2026-09-12,14:30,2026-09-05 20:15,6,T7(5-9),Economy Flexi,9275,1762,100,11137,Goibibo,Available
OBS00263,37efc9894915,1e42463f6726,MAA,CCU,SG,SG-988,2026-09-12,14:30,2026-09-05 20:15,6,T7(5-9),Economy Flexi,8755,1663,100,10518,Cleartrip,Available
OBS00264,7344fca7694c,96a704c16780,MAA,CCU,SG,SG-988,2026-09-20,14:30,2026-09-05 20:15,14,T15(12-18),Economy Saver,4955,941,150,6046,MMT,Available
OBS00265,949e64198e4f,68f040f6697f,MAA,CCU,SG,SG-988,2026-10-05,14:30,2026-09-05 20:15,29,T30(25-35),Economy Standard,5276,1002,180,6458,AirlineSite,Available
OBS00266,26bdc6e64e7d,03d61faab4e0,MAA,CCU,SG,SG-988,2026-10-20,14:30,2026-09-05 20:15,44,T45(40-50),Economy Saver,4060,771,150,4981,MMT,Available
OBS00267,8b5f869ea02a,c1b1f8d495f8,DEL,BOM,6E,6E-2341,2026-09-12,08:00,2026-09-06 09:00,5,T7(5-9),Economy Standard,7181,1364,100,8645,AirlineSite,Available
OBS00268,3f4ace01fe48,c1b1f8d495f8,DEL,BOM,6E,6E-2341,2026-09-12,08:00,2026-09-06 09:00,5,T7(5-9),Economy Standard,8008,1522,180,9710,MMT,Available
OBS00269,a748ab32e091,37a5de9260b1,DEL,BOM,6E,6E-2341,2026-09-20,08:00,2026-09-06 09:00,13,T15(12-18),Economy Standard,6309,1199,150,7658,AirlineSite,Available
OBS00270,15dd2509de1e,dc9a0c69e72f,DEL,BOM,6E,6E-2341,2026-09-20,08:00,2026-09-06 09:00,13,T15(12-18),Economy Flexi,8066,1533,150,9749,Goibibo,Available
OBS00271,180677c35670,a7a709ff669a,DEL,BOM,6E,6E-2341,2026-10-05,08:00,2026-09-06 09:00,28,T30(25-35),Economy Standard,5235,995,180,6410,MMT,Available
OBS00272,18a402ddf152,2a18c0868003,DEL,BOM,6E,6E-2341,2026-10-20,08:00,2026-09-06 09:00,43,T45(40-50),Economy Saver,3915,744,120,4779,Cleartrip,Available
OBS00273,15eecda41ba7,ad4c6be1e8ec,DEL,BOM,6E,6E-2341,2026-10-20,08:00,2026-09-06 09:00,43,T45(40-50),Economy Standard,5299,1007,120,6426,AirlineSite,Available
OBS00274,fc63992f20b3,c1b1f8d495f8,DEL,BOM,AI,AI-865,2026-09-12,06:15,2026-09-06 09:00,5,T7(5-9),Economy Standard,7264,1380,150,8794,MMT,Available
OBS00275,be55db4ad3c0,c1b1f8d495f8,DEL,BOM,AI,AI-865,2026-09-12,06:15,2026-09-06 09:00,5,T7(5-9),Economy Standard,7356,1398,120,8874,AirlineSite,Available
OBS00276,b16912477557,b8722922d34c,DEL,BOM,AI,AI-865,2026-09-20,06:15,2026-09-06 09:00,13,T15(12-18),Economy Saver,5073,964,180,6217,Goibibo,Available
OBS00277,6d53e39b1d77,b8722922d34c,DEL,BOM,AI,AI-865,2026-09-20,06:15,2026-09-06 09:00,13,T15(12-18),Economy Saver,5027,955,150,6132,MMT,Available
OBS00278,fb73749d657a,dc9a0c69e72f,DEL,BOM,AI,AI-865,2026-09-20,06:15,2026-09-06 09:00,13,T15(12-18),Economy Flexi,7678,1459,180,9317,Cleartrip,Available
OBS00279,6e2647740fbd,dc9a0c69e72f,DEL,BOM,AI,AI-865,2026-09-20,06:15,2026-09-06 09:00,13,T15(12-18),Economy Flexi,7680,1459,150,9289,AirlineSite,Available
OBS00280,dca0d42083c2,d75a1e4d61f5,DEL,BOM,AI,AI-865,2026-10-05,06:15,2026-09-06 09:00,28,T30(25-35),Economy Flexi,6401,1216,150,7767,Cleartrip,Available
OBS00281,ca48d8d89831,ad4c6be1e8ec,DEL,BOM,AI,AI-865,2026-10-20,06:15,2026-09-06 09:00,43,T45(40-50),Economy Standard,5189,986,150,6325,AirlineSite,Available
OBS00282,5f244190a26e,c8a9a94d404b,DEL,BOM,QP,QP-1123,2026-09-12,09:30,2026-09-06 09:00,5,T7(5-9),Economy Flexi,9228,1753,100,11081,Goibibo,Available
OBS00283,0041508782b3,dc9a0c69e72f,DEL,BOM,QP,QP-1123,2026-09-20,09:30,2026-09-06 09:00,13,T15(12-18),Economy Flexi,7841,1490,120,9451,MMT,Available
OBS00284,16d357ac609c,dc9a0c69e72f,DEL,BOM,QP,QP-1123,2026-09-20,09:30,2026-09-06 09:00,13,T15(12-18),Economy Flexi,8191,1556,180,9927,Goibibo,Available
OBS00285,1eb8a5a6504c,a7a709ff669a,DEL,BOM,QP,QP-1123,2026-10-05,09:30,2026-09-06 09:00,28,T30(25-35),Economy Standard,5377,1022,100,6499,AirlineSite,Available
OBS00286,a3eb79862250,a7a709ff669a,DEL,BOM,QP,QP-1123,2026-10-05,09:30,2026-09-06 09:00,28,T30(25-35),Economy Standard,5107,970,180,6257,Cleartrip,Available
OBS00287,a394bc517cb3,39513d756b0a,DEL,BOM,QP,QP-1123,2026-10-20,09:30,2026-09-06 09:00,43,T45(40-50),Economy Flexi,6290,1195,150,7635,MMT,Available
OBS00288,44daaecec5b3,39513d756b0a,DEL,BOM,QP,QP-1123,2026-10-20,09:30,2026-09-06 09:00,43,T45(40-50),Economy Flexi,6302,1197,150,7649,Goibibo,Available
OBS00289,444917bbaae0,c212c6a55ae1,BLR,HYD,SG,SG-451,2026-09-12,12:00,2026-09-06 09:00,5,T7(5-9),Economy Flexi,9070,1723,180,10973,Cleartrip,Available
OBS00290,7aef21705a44,c212c6a55ae1,BLR,HYD,SG,SG-451,2026-09-12,12:00,2026-09-06 09:00,5,T7(5-9),Economy Flexi,9016,1713,120,10849,AirlineSite,Available
OBS00291,a17de5c62698,4cfbb232d2a5,BLR,HYD,SG,SG-451,2026-09-12,12:00,2026-09-06 09:00,5,T7(5-9),Economy Saver,5949,1130,120,7199,AirlineSite,Available
OBS00292,1b977138473f,24a0effd14e0,BLR,HYD,SG,SG-451,2026-09-20,12:00,2026-09-06 09:00,13,T15(12-18),Economy Standard,6464,1228,100,7792,Goibibo,Available
OBS00293,b786faae14ff,24a0effd14e0,BLR,HYD,SG,SG-451,2026-09-20,12:00,2026-09-06 09:00,13,T15(12-18),Economy Standard,6231,1184,180,7595,AirlineSite,Available
OBS00294,0a5cf8c93b83,bfd475034edc,BLR,HYD,SG,SG-451,2026-10-05,12:00,2026-09-06 09:00,28,T30(25-35),Economy Standard,5393,1025,150,6568,AirlineSite,Available
OBS00295,546d79b8c4af,bfd475034edc,BLR,HYD,SG,SG-451,2026-10-05,12:00,2026-09-06 09:00,28,T30(25-35),Economy Standard,4952,941,150,6043,Cleartrip,Available
OBS00296,54b937e980cd,8ffb61505283,BLR,HYD,SG,SG-451,2026-10-05,12:00,2026-09-06 09:00,28,T30(25-35),Economy Saver,3978,756,180,4914,MMT,Available
OBS00297,ce0109910458,e257b8bf6a27,BLR,HYD,SG,SG-451,2026-10-20,12:00,2026-09-06 09:00,43,T45(40-50),Economy Saver,3840,730,100,4670,MMT,Available
OBS00298,c862a0409d1d,c212c6a55ae1,BLR,HYD,6E,6E-773,2026-09-12,16:45,2026-09-06 09:00,5,T7(5-9),Economy Flexi,8834,1678,180,10692,Cleartrip,Available
OBS00299,76cf259c1d0c,c212c6a55ae1,BLR,HYD,6E,6E-773,2026-09-12,16:45,2026-09-06 09:00,5,T7(5-9),Economy Flexi,8861,1684,120,10665,Goibibo,Available
OBS00300,7fc95d25b627,4cfbb232d2a5,BLR,HYD,6E,6E-773,2026-09-12,16:45,2026-09-06 09:00,5,T7(5-9),Economy Saver,5840,1110,180,7130,MMT,Available
OBS00301,6d12a6ae33d2,4cfbb232d2a5,BLR,HYD,6E,6E-773,2026-09-12,16:45,2026-09-06 09:00,5,T7(5-9),Economy Saver,5785,1099,120,7004,Cleartrip,Available
OBS00302,ca302cc9465f,c1b430d6ef3d,BLR,HYD,6E,6E-773,2026-09-20,16:45,2026-09-06 09:00,13,T15(12-18),Economy Flexi,7474,1420,120,9014,Goibibo,Available
OBS00303,c6a425669cb0,bfd475034edc,BLR,HYD,6E,6E-773,2026-10-05,16:45,2026-09-06 09:00,28,T30(25-35),Economy Standard,5399,1026,180,6605,Cleartrip,Available
OBS00304,dba70e236022,4168bf9fcb94,BLR,HYD,6E,6E-773,2026-10-20,16:45,2026-09-06 09:00,43,T45(40-50),Economy Standard,5593,1063,120,6776,Goibibo,Available
OBS00305,e5ac2c9a3dd4,368a85f47dc9,DEL,BLR,6E,6E-5011,2026-09-12,17:00,2026-09-06 09:00,5,T7(5-9),Economy Saver,6169,1172,100,7441,Goibibo,Available
OBS00306,60dc2a2ec1c1,c9b904f290c2,DEL,BLR,6E,6E-5011,2026-09-12,17:00,2026-09-06 09:00,5,T7(5-9),Economy Standard,7245,1377,120,8742,AirlineSite,Available
OBS00307,3044d61587c4,c9b904f290c2,DEL,BLR,6E,6E-5011,2026-09-12,17:00,2026-09-06 09:00,5,T7(5-9),Economy Standard,7430,1412,120,8962,MMT,Available
OBS00308,30a290d1bb37,7f550039d6be,DEL,BLR,6E,6E-5011,2026-09-20,17:00,2026-09-06 09:00,13,T15(12-18),Economy Saver,5155,979,100,6234,Goibibo,Available
OBS00309,8a577186dc6b,85d569d51a6f,DEL,BLR,6E,6E-5011,2026-10-05,17:00,2026-09-06 09:00,28,T30(25-35),Economy Saver,3923,745,100,4768,Cleartrip,Available
OBS00310,98833b893397,c7e037c3624d,DEL,BLR,6E,6E-5011,2026-10-20,17:00,2026-09-06 09:00,43,T45(40-50),Economy Saver,4284,814,150,5248,Cleartrip,Available
OBS00311,ea04ebc32a76,368a85f47dc9,DEL,BLR,AI,AI-503,2026-09-12,05:45,2026-09-06 09:00,5,T7(5-9),Economy Saver,6202,1178,180,7560,Cleartrip,Available
OBS00312,5af97681e082,7f550039d6be,DEL,BLR,AI,AI-503,2026-09-20,05:45,2026-09-06 09:00,13,T15(12-18),Economy Saver,5168,982,100,6250,AirlineSite,Available
OBS00313,f3edc78be28a,78c027de36d9,DEL,BLR,AI,AI-503,2026-09-20,05:45,2026-09-06 09:00,13,T15(12-18),Economy Standard,6660,1265,180,8105,MMT,Available
OBS00314,d92ca0d37c74,1a0596829dc8,DEL,BLR,AI,AI-503,2026-10-05,05:45,2026-09-06 09:00,28,T30(25-35),Economy Standard,5022,954,120,6096,Cleartrip,Available
OBS00315,64ff2379ee66,88d6a22dc555,DEL,BLR,AI,AI-503,2026-10-20,05:45,2026-09-06 09:00,43,T45(40-50),Economy Flexi,6076,1154,180,7410,Goibibo,Available
OBS00316,8d874bf04e9c,88d6a22dc555,DEL,BLR,AI,AI-503,2026-10-20,05:45,2026-09-06 09:00,43,T45(40-50),Economy Flexi,6474,1230,100,7804,AirlineSite,Available
OBS00317,7e4fc5120af7,d5a3834296a1,DEL,BLR,UK,UK-822,2026-09-12,10:45,2026-09-06 09:00,5,T7(5-9),Economy Flexi,9188,1746,150,11084,MMT,Available
OBS00318,3092a15b3a17,d5a3834296a1,DEL,BLR,UK,UK-822,2026-09-12,10:45,2026-09-06 09:00,5,T7(5-9),Economy Flexi,8964,1703,180,10847,Goibibo,Available
OBS00319,47970bbf5062,368a85f47dc9,DEL,BLR,UK,UK-822,2026-09-12,10:45,2026-09-06 09:00,5,T7(5-9),Economy Saver,5905,1122,150,7177,AirlineSite,Available
OBS00320,24cf195b28de,1475218a87df,DEL,BLR,UK,UK-822,2026-09-20,10:45,2026-09-06 09:00,13,T15(12-18),Economy Flexi,8107,1540,100,9747,AirlineSite,Available
OBS00321,f93ae021fb52,1475218a87df,DEL,BLR,UK,UK-822,2026-09-20,10:45,2026-09-06 09:00,13,T15(12-18),Economy Flexi,7872,1496,150,9518,MMT,Available
OBS00322,4c3d87f33828,a2844fb520cf,DEL,BLR,UK,UK-822,2026-10-05,10:45,2026-09-06 09:00,28,T30(25-35),Economy Flexi,6631,1260,150,8041,Cleartrip,Available
OBS00323,32af13abf415,88d6a22dc555,DEL,BLR,UK,UK-822,2026-10-20,10:45,2026-09-06 09:00,43,T45(40-50),Economy Flexi,6587,1252,150,7989,AirlineSite,Available
OBS00324,86ee2f489a3a,88d6a22dc555,DEL,BLR,UK,UK-822,2026-10-20,10:45,2026-09-06 09:00,43,T45(40-50),Economy Flexi,6094,1158,150,7402,Cleartrip,Available
OBS00325,7bdc9d1ffb34,bfdedc1a4859,MAA,CCU,6E,6E-6120,2026-09-12,12:00,2026-09-06 09:00,5,T7(5-9),Economy Standard,7632,1450,120,9202,Goibibo,Available
OBS00326,de7b62e19f0a,bfdedc1a4859,MAA,CCU,6E,6E-6120,2026-09-12,12:00,2026-09-06 09:00,5,T7(5-9),Economy Standard,7958,1512,100,9570,Cleartrip,Available
OBS00327,7042fa970e8f,1604d95c76f6,MAA,CCU,6E,6E-6120,2026-09-12,12:00,2026-09-06 09:00,5,T7(5-9),Economy Saver,5731,1089,100,6920,Goibibo,Available
OBS00328,30b4021db07f,1604d95c76f6,MAA,CCU,6E,6E-6120,2026-09-12,12:00,2026-09-06 09:00,5,T7(5-9),Economy Saver,6106,1160,100,7366,AirlineSite,Available
OBS00329,400a8e3a50af,dd19312763d8,MAA,CCU,6E,6E-6120,2026-09-20,12:00,2026-09-06 09:00,13,T15(12-18),Economy Standard,6365,1209,100,7674,Goibibo,Available
OBS00330,b09416b3eb4a,dd19312763d8,MAA,CCU,6E,6E-6120,2026-09-20,12:00,2026-09-06 09:00,13,T15(12-18),Economy Standard,6594,1253,120,7967,Cleartrip,Available
OBS00331,11f123d0007b,68f040f6697f,MAA,CCU,6E,6E-6120,2026-10-05,12:00,2026-09-06 09:00,28,T30(25-35),Economy Standard,5125,974,150,6249,Cleartrip,Available
OBS00332,6ac0d55c7c16,d08cdfeb22c3,MAA,CCU,6E,6E-6120,2026-10-20,12:00,2026-09-06 09:00,43,T45(40-50),Economy Standard,5169,982,120,6271,Goibibo,Available
OBS00333,91af2e209518,d08cdfeb22c3,MAA,CCU,6E,6E-6120,2026-10-20,12:00,2026-09-06 09:00,43,T45(40-50),Economy Standard,5275,1002,180,6457,MMT,Available
OBS00334,19f3ad35c2ce,1e42463f6726,MAA,CCU,SG,SG-988,2026-09-12,14:30,2026-09-06 09:00,5,T7(5-9),Economy Flexi,9542,1813,100,11455,AirlineSite,Available
OBS00335,eae4b2362d84,28a947e6fe51,MAA,CCU,SG,SG-988,2026-09-20,14:30,2026-09-06 09:00,13,T15(12-18),Economy Flexi,7560,1436,100,9096,Cleartrip,Available
OBS00336,bcd0ae39546a,30301e416d98,MAA,CCU,SG,SG-988,2026-10-05,14:30,2026-09-06 09:00,28,T30(25-35),Economy Flexi,6350,1207,180,7737,Cleartrip,Available
OBS00337,dfad1f38191e,134f6aeba305,MAA,CCU,SG,SG-988,2026-10-20,14:30,2026-09-06 09:00,43,T45(40-50),Economy Flexi,6351,1207,150,7708,Cleartrip,Available
OBS00338,3dd3c3ce9082,c1b1f8d495f8,DEL,BOM,6E,6E-2341,2026-09-12,08:00,2026-09-06 14:30,5,T7(5-9),Economy Standard,7821,1486,180,9487,AirlineSite,Available
OBS00339,555bbce16fb8,c1b1f8d495f8,DEL,BOM,6E,6E-2341,2026-09-12,08:00,2026-09-06 14:30,5,T7(5-9),Economy Standard,7519,1429,120,9068,Goibibo,Available
OBS00340,2cc2e25a0800,c8a9a94d404b,DEL,BOM,6E,6E-2341,2026-09-12,08:00,2026-09-06 14:30,5,T7(5-9),Economy Flexi,9686,1840,180,11706,MMT,Available
OBS00341,7f3cef62c7f3,b8722922d34c,DEL,BOM,6E,6E-2341,2026-09-20,08:00,2026-09-06 14:30,13,T15(12-18),Economy Saver,5088,967,150,6205,MMT,Available
OBS00342,2befe40df1b9,a7a709ff669a,DEL,BOM,6E,6E-2341,2026-10-05,08:00,2026-09-06 14:30,28,T30(25-35),Economy Standard,5044,958,180,6182,AirlineSite,Available
OBS00343,1a6fc8afa5b7,a7a709ff669a,DEL,BOM,6E,6E-2341,2026-10-05,08:00,2026-09-06 14:30,28,T30(25-35),Economy Standard,5581,1060,150,6791,Cleartrip,Available
OBS00344,aa03e292d143,2a18c0868003,DEL,BOM,6E,6E-2341,2026-10-20,08:00,2026-09-06 14:30,43,T45(40-50),Economy Saver,3991,758,150,4899,MMT,Available
OBS00345,2c3ac804547b,2a18c0868003,DEL,BOM,6E,6E-2341,2026-10-20,08:00,2026-09-06 14:30,43,T45(40-50),Economy Saver,4138,786,120,5044,Cleartrip,Available
OBS00346,930a72cd80e7,cc19bed3c720,DEL,BOM,AI,AI-865,2026-09-12,06:15,2026-09-06 14:30,5,T7(5-9),Economy Saver,5900,1121,100,7121,MMT,Available
OBS00347,cd02e96fc8a6,cc19bed3c720,DEL,BOM,AI,AI-865,2026-09-12,06:15,2026-09-06 14:30,5,T7(5-9),Economy Saver,5707,1084,150,6941,Goibibo,Available
OBS00348,37ea64464814,37a5de9260b1,DEL,BOM,AI,AI-865,2026-09-20,06:15,2026-09-06 14:30,13,T15(12-18),Economy Standard,6727,1278,180,8185,Cleartrip,Available
OBS00349,9e1b8aae4ce1,37a5de9260b1,DEL,BOM,AI,AI-865,2026-09-20,06:15,2026-09-06 14:30,13,T15(12-18),Economy Standard,6141,1167,120,7428,Goibibo,Available
OBS00350,faa7eb1028e8,b8722922d34c,DEL,BOM,AI,AI-865,2026-09-20,06:15,2026-09-06 14:30,13,T15(12-18),Economy Saver,4707,894,180,5781,Goibibo,Available
OBS00351,5141370feec6,d75a1e4d61f5,DEL,BOM,AI,AI-865,2026-10-05,06:15,2026-09-06 14:30,28,T30(25-35),Economy Flexi,6566,1248,150,7964,Cleartrip,Available
OBS00352,a4822978bc8c,2a18c0868003,DEL,BOM,AI,AI-865,2026-10-20,06:15,2026-09-06 14:30,43,T45(40-50),Economy Saver,4065,772,100,4937,MMT,Available
OBS00353,32382cf04521,2a18c0868003,DEL,BOM,AI,AI-865,2026-10-20,06:15,2026-09-06 14:30,43,T45(40-50),Economy Saver,4312,819,120,5251,Goibibo,Available
OBS00354,ec38d4a5fc61,c1b1f8d495f8,DEL,BOM,QP,QP-1123,2026-09-12,09:30,2026-09-06 14:30,5,T7(5-9),Economy Standard,7706,1464,150,9320,Cleartrip,Available
OBS00355,61d91142dc3e,dc9a0c69e72f,DEL,BOM,QP,QP-1123,2026-09-20,09:30,2026-09-06 14:30,13,T15(12-18),Economy Flexi,7307,1388,180,8875,AirlineSite,Available
OBS00356,64902e1eb645,d75a1e4d61f5,DEL,BOM,QP,QP-1123,2026-10-05,09:30,2026-09-06 14:30,28,T30(25-35),Economy Flexi,6659,1265,100,8024,Goibibo,Available
OBS00357,b3598aacb7b7,d75a1e4d61f5,DEL,BOM,QP,QP-1123,2026-10-05,09:30,2026-09-06 14:30,28,T30(25-35),Economy Flexi,6088,1157,150,7395,MMT,Available
OBS00358,8087def53f86,a7a709ff669a,DEL,BOM,QP,QP-1123,2026-10-05,09:30,2026-09-06 14:30,28,T30(25-35),Economy Standard,5255,998,150,6403,AirlineSite,Available
OBS00359,fdd83613066e,a7a709ff669a,DEL,BOM,QP,QP-1123,2026-10-05,09:30,2026-09-06 14:30,28,T30(25-35),Economy Standard,5027,955,120,6102,MMT,Available
OBS00360,5c1fb48a81b4,ad4c6be1e8ec,DEL,BOM,QP,QP-1123,2026-10-20,09:30,2026-09-06 14:30,43,T45(40-50),Economy Standard,5290,1005,150,6445,AirlineSite,Available
OBS00361,b30cd9803e04,ad4c6be1e8ec,DEL,BOM,QP,QP-1123,2026-10-20,09:30,2026-09-06 14:30,43,T45(40-50),Economy Standard,5051,960,150,6161,Goibibo,Available
OBS00362,492dbe4118c1,4cfbb232d2a5,BLR,HYD,SG,SG-451,2026-09-12,12:00,2026-09-06 14:30,5,T7(5-9),Economy Saver,5699,1083,150,6932,Cleartrip,Available
OBS00363,a6e116c200c0,4cfbb232d2a5,BLR,HYD,SG,SG-451,2026-09-12,12:00,2026-09-06 14:30,5,T7(5-9),Economy Saver,5604,1065,150,6819,AirlineSite,Available
OBS00364,c2f0eee6bb31,12bc7fff5c8b,BLR,HYD,SG,SG-451,2026-09-12,12:00,2026-09-06 14:30,5,T7(5-9),Economy Standard,7791,1480,120,9391,AirlineSite,Available
OBS00365,b5d393c40a2a,12bc7fff5c8b,BLR,HYD,SG,SG-451,2026-09-12,12:00,2026-09-06 14:30,5,T7(5-9),Economy Standard,7331,1393,150,8874,Cleartrip,Available
OBS00366,fa12bfec1467,bb7a4806d2ef,BLR,HYD,SG,SG-451,2026-09-20,12:00,2026-09-06 14:30,13,T15(12-18),Economy Saver,5195,987,150,6332,AirlineSite,Available
OBS00367,1c16f15beb15,c1b430d6ef3d,BLR,HYD,SG,SG-451,2026-09-20,12:00,2026-09-06 14:30,13,T15(12-18),Economy Flexi,7655,1454,100,9209,MMT,Available
OBS00368,69283a5d2232,c1b430d6ef3d,BLR,HYD,SG,SG-451,2026-09-20,12:00,2026-09-06 14:30,13,T15(12-18),Economy Flexi,7735,1470,150,9355,Cleartrip,Available
OBS00369,1466c696af3c,bfd475034edc,BLR,HYD,SG,SG-451,2026-10-05,12:00,2026-09-06 14:30,28,T30(25-35),Economy Standard,5141,977,100,6218,Goibibo,Available
OBS00370,1ccd27c6acc2,f91b72f2d855,BLR,HYD,SG,SG-451,2026-10-05,12:00,2026-09-06 14:30,28,T30(25-35),Economy Flexi,6345,1206,180,7731,AirlineSite,Available
OBS00371,d02e1dc081c5,f91b72f2d855,BLR,HYD,SG,SG-451,2026-10-05,12:00,2026-09-06 14:30,28,T30(25-35),Economy Flexi,6365,1209,150,7724,Goibibo,Available
OBS00372,fc9dcbfae327,e257b8bf6a27,BLR,HYD,SG,SG-451,2026-10-20,12:00,2026-09-06 14:30,43,T45(40-50),Economy Saver,4314,820,150,5284,Cleartrip,Available
OBS00373,f1828f537393,e257b8bf6a27,BLR,HYD,SG,SG-451,2026-10-20,12:00,2026-09-06 14:30,43,T45(40-50),Economy Saver,4307,818,120,5245,Goibibo,Available
OBS00374,ec7d0b8647ab,4168bf9fcb94,BLR,HYD,SG,SG-451,2026-10-20,12:00,2026-09-06 14:30,43,T45(40-50),Economy Standard,5156,980,180,6316,AirlineSite,Available
OBS00375,97108503face,12bc7fff5c8b,BLR,HYD,6E,6E-773,2026-09-12,16:45,2026-09-06 14:30,5,T7(5-9),Economy Standard,7301,1387,100,8788,MMT,Available
OBS00376,d47168674141,24a0effd14e0,BLR,HYD,6E,6E-773,2026-09-20,16:45,2026-09-06 14:30,13,T15(12-18),Economy Standard,6765,1285,120,8170,Goibibo,Available
OBS00377,8d2bdafed331,24a0effd14e0,BLR,HYD,6E,6E-773,2026-09-20,16:45,2026-09-06 14:30,13,T15(12-18),Economy Standard,6643,1262,150,8055,AirlineSite,Available
OBS00378,3de9e463cf27,8ffb61505283,BLR,HYD,6E,6E-773,2026-10-05,16:45,2026-09-06 14:30,28,T30(25-35),Economy Saver,4059,771,150,4980,Goibibo,Available
OBS00379,15c39f371d49,e257b8bf6a27,BLR,HYD,6E,6E-773,2026-10-20,16:45,2026-09-06 14:30,43,T45(40-50),Economy Saver,4063,772,120,4955,Goibibo,Available
OBS00380,29ed68f88b85,d5a3834296a1,DEL,BLR,6E,6E-5011,2026-09-12,17:00,2026-09-06 14:30,5,T7(5-9),Economy Flexi,8738,1660,180,10578,AirlineSite,Available
OBS00381,e15841bf47c6,1475218a87df,DEL,BLR,6E,6E-5011,2026-09-20,17:00,2026-09-06 14:30,13,T15(12-18),Economy Flexi,8081,1535,180,9796,AirlineSite,Available
OBS00382,a34f8b86ca61,78c027de36d9,DEL,BLR,6E,6E-5011,2026-09-20,17:00,2026-09-06 14:30,13,T15(12-18),Economy Standard,6572,1249,180,8001,Cleartrip,Available
OBS00383,26063928b73c,85d569d51a6f,DEL,BLR,6E,6E-5011,2026-10-05,17:00,2026-09-06 14:30,28,T30(25-35),Economy Saver,4097,778,120,4995,AirlineSite,Available
OBS00384,8a401a1c4b88,88d6a22dc555,DEL,BLR,6E,6E-5011,2026-10-20,17:00,2026-09-06 14:30,43,T45(40-50),Economy Flexi,6301,1197,180,7678,AirlineSite,Available
OBS00385,92f05151f8fc,c9b904f290c2,DEL,BLR,AI,AI-503,2026-09-12,05:45,2026-09-06 14:30,5,T7(5-9),Economy Standard,7549,1434,150,9133,AirlineSite,Available
OBS00386,09cc47e63499,368a85f47dc9,DEL,BLR,AI,AI-503,2026-09-12,05:45,2026-09-06 14:30,5,T7(5-9),Economy Saver,5660,1075,180,6915,Cleartrip,Available
OBS00387,4264b57f6e2c,368a85f47dc9,DEL,BLR,AI,AI-503,2026-09-12,05:45,2026-09-06 14:30,5,T7(5-9),Economy Saver,5887,1119,100,7106,AirlineSite,Available
OBS00388,be220cbc5334,7f550039d6be,DEL,BLR,AI,AI-503,2026-09-20,05:45,2026-09-06 14:30,13,T15(12-18),Economy Saver,4925,936,120,5981,Cleartrip,Available
OBS00389,c4be7fdc7edf,7f550039d6be,DEL,BLR,AI,AI-503,2026-09-20,05:45,2026-09-06 14:30,13,T15(12-18),Economy Saver,4979,946,120,6045,MMT,Available
OBS00390,c8f2586a6c05,a2844fb520cf,DEL,BLR,AI,AI-503,2026-10-05,05:45,2026-09-06 14:30,28,T30(25-35),Economy Flexi,6307,1198,150,7655,MMT,Available
OBS00391,2bec6b8a636e,bf3eae4178b5,DEL,BLR,AI,AI-503,2026-10-20,05:45,2026-09-06 14:30,43,T45(40-50),Economy Standard,5491,1043,150,6684,Cleartrip,Available
OBS00392,c682876a442d,bf3eae4178b5,DEL,BLR,AI,AI-503,2026-10-20,05:45,2026-09-06 14:30,43,T45(40-50),Economy Standard,5164,981,100,6245,MMT,Available
OBS00393,880c55c0e8ce,88d6a22dc555,DEL,BLR,AI,AI-503,2026-10-20,05:45,2026-09-06 14:30,43,T45(40-50),Economy Flexi,6638,1261,100,7999,Cleartrip,Available
OBS00394,49d11e4594a0,c9b904f290c2,DEL,BLR,UK,UK-822,2026-09-12,10:45,2026-09-06 14:30,5,T7(5-9),Economy Standard,7213,1371,180,8764,MMT,Available
OBS00395,f2f85da6a201,c9b904f290c2,DEL,BLR,UK,UK-822,2026-09-12,10:45,2026-09-06 14:30,5,T7(5-9),Economy Standard,7330,1393,180,8903,Cleartrip,Available
OBS00396,c2bd1133ab6c,d5a3834296a1,DEL,BLR,UK,UK-822,2026-09-12,10:45,2026-09-06 14:30,5,T7(5-9),Economy Flexi,8716,1656,100,10472,MMT,Available
OBS00397,a568c3f42893,7f550039d6be,DEL,BLR,UK,UK-822,2026-09-20,10:45,2026-09-06 14:30,13,T15(12-18),Economy Saver,4861,924,180,5965,Cleartrip,Available
OBS00398,94f101d6f442,85d569d51a6f,DEL,BLR,UK,UK-822,2026-10-05,10:45,2026-09-06 14:30,28,T30(25-35),Economy Saver,4178,794,120,5092,Goibibo,Available
OBS00399,7b259acf207e,85d569d51a6f,DEL,BLR,UK,UK-822,2026-10-05,10:45,2026-09-06 14:30,28,T30(25-35),Economy Saver,4070,773,150,4993,Cleartrip,Available
OBS00400,517ba0ab4964,1a0596829dc8,DEL,BLR,UK,UK-822,2026-10-05,10:45,2026-09-06 14:30,28,T30(25-35),Economy Standard,5195,987,120,6302,Goibibo,Available
OBS00401,a037a1256963,1a0596829dc8,DEL,BLR,UK,UK-822,2026-10-05,10:45,2026-09-06 14:30,28,T30(25-35),Economy Standard,5251,998,150,6399,Cleartrip,Available
OBS00402,edca78933397,bf3eae4178b5,DEL,BLR,UK,UK-822,2026-10-20,10:45,2026-09-06 14:30,43,T45(40-50),Economy Standard,5587,1062,150,6799,Goibibo,Available
OBS00403,fdd48675e9f0,bf3eae4178b5,DEL,BLR,UK,UK-822,2026-10-20,10:45,2026-09-06 14:30,43,T45(40-50),Economy Standard,5317,1010,120,6447,AirlineSite,Available
OBS00404,1fae46c78081,88d6a22dc555,DEL,BLR,UK,UK-822,2026-10-20,10:45,2026-09-06 14:30,43,T45(40-50),Economy Flexi,6562,1247,180,7989,Cleartrip,Available
OBS00405,9def93bda28b,bfdedc1a4859,MAA,CCU,6E,6E-6120,2026-09-12,12:00,2026-09-06 14:30,5,T7(5-9),Economy Standard,7445,1415,180,9040,Cleartrip,Available
OBS00406,71302c17e7bd,dd19312763d8,MAA,CCU,6E,6E-6120,2026-09-20,12:00,2026-09-06 14:30,13,T15(12-18),Economy Standard,6012,1142,100,7254,Cleartrip,Available
OBS00407,04cfc01f2c55,68f040f6697f,MAA,CCU,6E,6E-6120,2026-10-05,12:00,2026-09-06 14:30,28,T30(25-35),Economy Standard,5264,1000,120,6384,Cleartrip,Available
OBS00408,f45f699d5130,68f040f6697f,MAA,CCU,6E,6E-6120,2026-10-05,12:00,2026-09-06 14:30,28,T30(25-35),Economy Standard,5500,1045,150,6695,Goibibo,Available
OBS00409,a4ddedff643a,134f6aeba305,MAA,CCU,6E,6E-6120,2026-10-20,12:00,2026-09-06 14:30,43,T45(40-50),Economy Flexi,6489,1233,120,7842,AirlineSite,Available
OBS00410,bc8757f3397d,d08cdfeb22c3,MAA,CCU,6E,6E-6120,2026-10-20,12:00,2026-09-06 14:30,43,T45(40-50),Economy Standard,5393,1025,120,6538,AirlineSite,Available
OBS00411,52922255973d,1604d95c76f6,MAA,CCU,SG,SG-988,2026-09-12,14:30,2026-09-06 14:30,5,T7(5-9),Economy Saver,5759,1094,180,7033,Goibibo,Available
OBS00412,28b8f00a5fc3,1e42463f6726,MAA,CCU,SG,SG-988,2026-09-12,14:30,2026-09-06 14:30,5,T7(5-9),Economy Flexi,8684,1650,120,10454,MMT,Available
OBS00413,feadcef243ed,28a947e6fe51,MAA,CCU,SG,SG-988,2026-09-20,14:30,2026-09-06 14:30,13,T15(12-18),Economy Flexi,7887,1498,150,9535,Goibibo,Available
OBS00414,6ec3b98b0921,68f040f6697f,MAA,CCU,SG,SG-988,2026-10-05,14:30,2026-09-06 14:30,28,T30(25-35),Economy Standard,5381,1022,120,6523,AirlineSite,Available
OBS00415,6bd81edcbd1b,68f040f6697f,MAA,CCU,SG,SG-988,2026-10-05,14:30,2026-09-06 14:30,28,T30(25-35),Economy Standard,5302,1007,100,6409,Goibibo,Available
OBS00416,ed4140395ab9,d08cdfeb22c3,MAA,CCU,SG,SG-988,2026-10-20,14:30,2026-09-06 14:30,43,T45(40-50),Economy Standard,5614,1067,180,6861,AirlineSite,Available
OBS00417,6091b7c0307b,cc19bed3c720,DEL,BOM,6E,6E-2341,2026-09-12,08:00,2026-09-06 20:15,5,T7(5-9),Economy Saver,5517,1048,100,6665,Cleartrip,Available
OBS00418,a549955d1efc,cc19bed3c720,DEL,BOM,6E,6E-2341,2026-09-12,08:00,2026-09-06 20:15,5,T7(5-9),Economy Saver,6210,1180,150,7540,AirlineSite,Available
OBS00419,a2bb2cafe113,37a5de9260b1,DEL,BOM,6E,6E-2341,2026-09-20,08:00,2026-09-06 20:15,13,T15(12-18),Economy Standard,6674,1268,180,8122,Goibibo,Available
OBS00420,27ffd2f6bece,37a5de9260b1,DEL,BOM,6E,6E-2341,2026-09-20,08:00,2026-09-06 20:15,13,T15(12-18),Economy Standard,6201,1178,100,7479,AirlineSite,Available
OBS00421,283a88fda9a3,22349c19bb6f,DEL,BOM,6E,6E-2341,2026-10-05,08:00,2026-09-06 20:15,28,T30(25-35),Economy Saver,3934,747,120,4801,Goibibo,Available
OBS00422,59a2bc15401e,22349c19bb6f,DEL,BOM,6E,6E-2341,2026-10-05,08:00,2026-09-06 20:15,28,T30(25-35),Economy Saver,3807,723,150,4680,Cleartrip,Available
OBS00423,7911823da7a4,39513d756b0a,DEL,BOM,6E,6E-2341,2026-10-20,08:00,2026-09-06 20:15,43,T45(40-50),Economy Flexi,6485,1232,180,7897,MMT,Available
OBS00424,a7889459dc50,39513d756b0a,DEL,BOM,6E,6E-2341,2026-10-20,08:00,2026-09-06 20:15,43,T45(40-50),Economy Flexi,6662,1266,150,8078,AirlineSite,Available
OBS00425,4f1a8296593d,c1b1f8d495f8,DEL,BOM,AI,AI-865,2026-09-12,06:15,2026-09-06 20:15,5,T7(5-9),Economy Standard,8125,1544,180,9849,AirlineSite,Available
OBS00426,7848ab3b9077,c1b1f8d495f8,DEL,BOM,AI,AI-865,2026-09-12,06:15,2026-09-06 20:15,5,T7(5-9),Economy Standard,7480,1421,120,9021,Goibibo,Available
OBS00427,8f463351d65a,37a5de9260b1,DEL,BOM,AI,AI-865,2026-09-20,06:15,2026-09-06 20:15,13,T15(12-18),Economy Standard,6343,1205,150,7698,MMT,Available
OBS00428,cffbb4ad16d9,a7a709ff669a,DEL,BOM,AI,AI-865,2026-10-05,06:15,2026-09-06 20:15,28,T30(25-35),Economy Standard,5382,1023,120,6525,AirlineSite,Available
OBS00429,f948a60547cd,a7a709ff669a,DEL,BOM,AI,AI-865,2026-10-05,06:15,2026-09-06 20:15,28,T30(25-35),Economy Standard,4982,947,100,6029,MMT,Available
OBS00430,091e8767d2df,ad4c6be1e8ec,DEL,BOM,AI,AI-865,2026-10-20,06:15,2026-09-06 20:15,43,T45(40-50),Economy Standard,5404,1027,150,6581,Goibibo,Available
OBS00431,8e3801b3c112,cc19bed3c720,DEL,BOM,QP,QP-1123,2026-09-12,09:30,2026-09-06 20:15,5,T7(5-9),Economy Saver,5675,1078,120,6873,MMT,Available
OBS00432,0e333c519b52,c1b1f8d495f8,DEL,BOM,QP,QP-1123,2026-09-12,09:30,2026-09-06 20:15,5,T7(5-9),Economy Standard,7609,1446,150,9205,MMT,Available
OBS00433,c87765a3922d,dc9a0c69e72f,DEL,BOM,QP,QP-1123,2026-09-20,09:30,2026-09-06 20:15,13,T15(12-18),Economy Flexi,8037,1527,120,9684,Goibibo,Available
OBS00434,742fd9a88e44,dc9a0c69e72f,DEL,BOM,QP,QP-1123,2026-09-20,09:30,2026-09-06 20:15,13,T15(12-18),Economy Flexi,7997,1519,100,9616,Cleartrip,Available
OBS00435,9696e35104e0,a7a709ff669a,DEL,BOM,QP,QP-1123,2026-10-05,09:30,2026-09-06 20:15,28,T30(25-35),Economy Standard,4982,947,120,6049,AirlineSite,Available
OBS00436,71159705a9cf,d75a1e4d61f5,DEL,BOM,QP,QP-1123,2026-10-05,09:30,2026-09-06 20:15,28,T30(25-35),Economy Flexi,6254,1188,180,7622,MMT,Available
OBS00437,8e4855a799b4,d75a1e4d61f5,DEL,BOM,QP,QP-1123,2026-10-05,09:30,2026-09-06 20:15,28,T30(25-35),Economy Flexi,6080,1155,120,7355,AirlineSite,Available
OBS00438,fab0c704465c,39513d756b0a,DEL,BOM,QP,QP-1123,2026-10-20,09:30,2026-09-06 20:15,43,T45(40-50),Economy Flexi,6647,1263,180,8090,Goibibo,Available
OBS00439,b12a983c7ada,ad4c6be1e8ec,DEL,BOM,QP,QP-1123,2026-10-20,09:30,2026-09-06 20:15,43,T45(40-50),Economy Standard,5249,997,100,6346,Goibibo,Available
OBS00440,17fa397287c0,12bc7fff5c8b,BLR,HYD,SG,SG-451,2026-09-12,12:00,2026-09-06 20:15,5,T7(5-9),Economy Standard,7412,1408,100,8920,AirlineSite,Available
OBS00441,4c5b20e1fe96,12bc7fff5c8b,BLR,HYD,SG,SG-451,2026-09-12,12:00,2026-09-06 20:15,5,T7(5-9),Economy Standard,7894,1500,100,9494,MMT,Available
OBS00442,53e92e0a47cf,c212c6a55ae1,BLR,HYD,SG,SG-451,2026-09-12,12:00,2026-09-06 20:15,5,T7(5-9),Economy Flexi,9087,1727,100,10914,Goibibo,Available
OBS00443,53ee5a4b9936,bb7a4806d2ef,BLR,HYD,SG,SG-451,2026-09-20,12:00,2026-09-06 20:15,13,T15(12-18),Economy Saver,4779,908,120,5807,AirlineSite,Available
OBS00444,2af478a97488,c1b430d6ef3d,BLR,HYD,SG,SG-451,2026-09-20,12:00,2026-09-06 20:15,13,T15(12-18),Economy Flexi,7613,1446,180,9239,Goibibo,Available
OBS00445,001d80d720b5,bfd475034edc,BLR,HYD,SG,SG-451,2026-10-05,12:00,2026-09-06 20:15,28,T30(25-35),Economy Standard,5402,1026,120,6548,AirlineSite,Available
OBS00446,89a6c7a5fe87,4168bf9fcb94,BLR,HYD,SG,SG-451,2026-10-20,12:00,2026-09-06 20:15,43,T45(40-50),Economy Standard,5297,1007,120,6424,Goibibo,Available
OBS00447,aae47fafbccf,e257b8bf6a27,BLR,HYD,SG,SG-451,2026-10-20,12:00,2026-09-06 20:15,43,T45(40-50),Economy Saver,4309,819,180,5308,AirlineSite,Available
OBS00448,192ce3cac5eb,c212c6a55ae1,BLR,HYD,6E,6E-773,2026-09-12,16:45,2026-09-06 20:15,5,T7(5-9),Economy Flexi,8972,1705,150,10827,Goibibo,Available
OBS00449,efa0eaa08088,c212c6a55ae1,BLR,HYD,6E,6E-773,2026-09-12,16:45,2026-09-06 20:15,5,T7(5-9),Economy Flexi,8862,1684,120,10666,AirlineSite,Available
OBS00450,3ee24e23dfc7,12bc7fff5c8b,BLR,HYD,6E,6E-773,2026-09-12,16:45,2026-09-06 20:15,5,T7(5-9),Economy Standard,7956,1512,180,9648,AirlineSite,Available
OBS00451,1f6f0c4b569e,12bc7fff5c8b,BLR,HYD,6E,6E-773,2026-09-12,16:45,2026-09-06 20:15,5,T7(5-9),Economy Standard,7766,1475,100,9341,Goibibo,Available
OBS00452,cc6a4907232f,bb7a4806d2ef,BLR,HYD,6E,6E-773,2026-09-20,16:45,2026-09-06 20:15,13,T15(12-18),Economy Saver,4972,945,180,6097,AirlineSite,Available
OBS00453,be0f1a0e65a1,f91b72f2d855,BLR,HYD,6E,6E-773,2026-10-05,16:45,2026-09-06 20:15,28,T30(25-35),Economy Flexi,6314,1200,120,7634,AirlineSite,Available
OBS00454,45f310365a1f,8ffb61505283,BLR,HYD,6E,6E-773,2026-10-05,16:45,2026-09-06 20:15,28,T30(25-35),Economy Saver,3873,736,150,4759,MMT,Available
OBS00455,cdc7117a6556,8ffb61505283,BLR,HYD,6E,6E-773,2026-10-05,16:45,2026-09-06 20:15,28,T30(25-35),Economy Saver,3922,745,150,4817,AirlineSite,Available
OBS00456,db621b29882a,9f4e2bb4c6c8,BLR,HYD,6E,6E-773,2026-10-20,16:45,2026-09-06 20:15,43,T45(40-50),Economy Flexi,6703,1274,120,8097,Cleartrip,Available
OBS00457,af7fa6733832,4168bf9fcb94,BLR,HYD,6E,6E-773,2026-10-20,16:45,2026-09-06 20:15,43,T45(40-50),Economy Standard,5126,974,120,6220,Cleartrip,Available
OBS00458,9647332d2312,d5a3834296a1,DEL,BLR,6E,6E-5011,2026-09-12,17:00,2026-09-06 20:15,5,T7(5-9),Economy Flexi,9833,1868,180,11881,Goibibo,Available
OBS00459,a7339f4c456b,d5a3834296a1,DEL,BLR,6E,6E-5011,2026-09-12,17:00,2026-09-06 20:15,5,T7(5-9),Economy Flexi,9611,1826,150,11587,AirlineSite,Available
OBS00460,788f2e362991,c9b904f290c2,DEL,BLR,6E,6E-5011,2026-09-12,17:00,2026-09-06 20:15,5,T7(5-9),Economy Standard,7309,1389,180,8878,Goibibo,Available
OBS00461,9cb6a1fab425,c9b904f290c2,DEL,BLR,6E,6E-5011,2026-09-12,17:00,2026-09-06 20:15,5,T7(5-9),Economy Standard,7343,1395,180,8918,MMT,Available
OBS00462,9f7d3056065c,7f550039d6be,DEL,BLR,6E,6E-5011,2026-09-20,17:00,2026-09-06 20:15,13,T15(12-18),Economy Saver,5105,970,100,6175,MMT,Available
OBS00463,e9e8ebb901cc,1a0596829dc8,DEL,BLR,6E,6E-5011,2026-10-05,17:00,2026-09-06 20:15,28,T30(25-35),Economy Standard,5104,970,120,6194,MMT,Available
OBS00464,393f76c8789a,1a0596829dc8,DEL,BLR,6E,6E-5011,2026-10-05,17:00,2026-09-06 20:15,28,T30(25-35),Economy Standard,5163,981,100,6244,Goibibo,Available
OBS00465,52c56737cd36,a2844fb520cf,DEL,BLR,6E,6E-5011,2026-10-05,17:00,2026-09-06 20:15,28,T30(25-35),Economy Flexi,6061,1152,120,7333,Cleartrip,Available
OBS00466,62f255d3c877,bf3eae4178b5,DEL,BLR,6E,6E-5011,2026-10-20,17:00,2026-09-06 20:15,43,T45(40-50),Economy Standard,5531,1051,120,6702,AirlineSite,Available
OBS00467,de3cbcae40f0,d5a3834296a1,DEL,BLR,AI,AI-503,2026-09-12,05:45,2026-09-06 20:15,5,T7(5-9),Economy Flexi,9711,1845,150,11706,MMT,Available
OBS00468,7b6f0585713d,368a85f47dc9,DEL,BLR,AI,AI-503,2026-09-12,05:45,2026-09-06 20:15,5,T7(5-9),Economy Saver,5670,1077,120,6867,AirlineSite,Available
OBS00469,7c65ccb70cd0,7f550039d6be,DEL,BLR,AI,AI-503,2026-09-20,05:45,2026-09-06 20:15,13,T15(12-18),Economy Saver,4848,921,120,5889,MMT,Available
OBS00470,ed2b39305893,78c027de36d9,DEL,BLR,AI,AI-503,2026-09-20,05:45,2026-09-06 20:15,13,T15(12-18),Economy Standard,6289,1195,150,7634,Cleartrip,Available
OBS00471,7e9a9e3bf46a,78c027de36d9,DEL,BLR,AI,AI-503,2026-09-20,05:45,2026-09-06 20:15,13,T15(12-18),Economy Standard,6230,1184,150,7564,MMT,Available
OBS00472,eb20f9a71922,1a0596829dc8,DEL,BLR,AI,AI-503,2026-10-05,05:45,2026-09-06 20:15,28,T30(25-35),Economy Standard,5455,1036,150,6641,Goibibo,Available
OBS00473,1f060780b3dc,a2844fb520cf,DEL,BLR,AI,AI-503,2026-10-05,05:45,2026-09-06 20:15,28,T30(25-35),Economy Flexi,6241,1186,100,7527,Cleartrip,Available
OBS00474,60d09c44b27e,c7e037c3624d,DEL,BLR,AI,AI-503,2026-10-20,05:45,2026-09-06 20:15,43,T45(40-50),Economy Saver,4088,777,180,5045,Cleartrip,Available
OBS00475,c08f3a065ccc,88d6a22dc555,DEL,BLR,AI,AI-503,2026-10-20,05:45,2026-09-06 20:15,43,T45(40-50),Economy Flexi,6146,1168,120,7434,MMT,Available
OBS00476,edfae3e052af,d5a3834296a1,DEL,BLR,UK,UK-822,2026-09-12,10:45,2026-09-06 20:15,5,T7(5-9),Economy Flexi,9332,1773,150,11255,Goibibo,Available
OBS00477,fb56e039b73d,78c027de36d9,DEL,BLR,UK,UK-822,2026-09-20,10:45,2026-09-06 20:15,13,T15(12-18),Economy Standard,6115,1162,150,7427,Goibibo,Available
OBS00478,ee16c7dd8055,78c027de36d9,DEL,BLR,UK,UK-822,2026-09-20,10:45,2026-09-06 20:15,13,T15(12-18),Economy Standard,6116,1162,180,7458,MMT,Available
OBS00479,6eff95295cdf,a2844fb520cf,DEL,BLR,UK,UK-822,2026-10-05,10:45,2026-09-06 20:15,28,T30(25-35),Economy Flexi,6013,1142,100,7255,AirlineSite,Available
OBS00480,46d2098e7b88,a2844fb520cf,DEL,BLR,UK,UK-822,2026-10-05,10:45,2026-09-06 20:15,28,T30(25-35),Economy Flexi,6759,1284,100,8143,Cleartrip,Available
OBS00481,9de99228ac98,bf3eae4178b5,DEL,BLR,UK,UK-822,2026-10-20,10:45,2026-09-06 20:15,43,T45(40-50),Economy Standard,4986,947,120,6053,MMT,Available
OBS00482,c0bc019f0d64,1604d95c76f6,MAA,CCU,6E,6E-6120,2026-09-12,12:00,2026-09-06 20:15,5,T7(5-9),Economy Saver,5556,1056,180,6792,Goibibo,Available
OBS00483,d7564f763cad,1604d95c76f6,MAA,CCU,6E,6E-6120,2026-09-12,12:00,2026-09-06 20:15,5,T7(5-9),Economy Saver,6007,1141,100,7248,MMT,Available
OBS00484,2861cd6a3eb4,28a947e6fe51,MAA,CCU,6E,6E-6120,2026-09-20,12:00,2026-09-06 20:15,13,T15(12-18),Economy Flexi,7258,1379,150,8787,Goibibo,Available
OBS00485,4a375175827e,28a947e6fe51,MAA,CCU,6E,6E-6120,2026-09-20,12:00,2026-09-06 20:15,13,T15(12-18),Economy Flexi,7773,1477,150,9400,AirlineSite,Available
OBS00486,e1b5a2d74f63,30301e416d98,MAA,CCU,6E,6E-6120,2026-10-05,12:00,2026-09-06 20:15,28,T30(25-35),Economy Flexi,6073,1154,100,7327,Goibibo,Available
OBS00487,b13a37412045,30301e416d98,MAA,CCU,6E,6E-6120,2026-10-05,12:00,2026-09-06 20:15,28,T30(25-35),Economy Flexi,6414,1219,120,7753,AirlineSite,Available
OBS00488,5e42896f37f5,134f6aeba305,MAA,CCU,6E,6E-6120,2026-10-20,12:00,2026-09-06 20:15,43,T45(40-50),Economy Flexi,6204,1179,180,7563,Cleartrip,Available
OBS00489,f223b95eab1c,134f6aeba305,MAA,CCU,6E,6E-6120,2026-10-20,12:00,2026-09-06 20:15,43,T45(40-50),Economy Flexi,6050,1149,180,7379,MMT,Available
OBS00490,ef8ee29f7746,1e42463f6726,MAA,CCU,SG,SG-988,2026-09-12,14:30,2026-09-06 20:15,5,T7(5-9),Economy Flexi,9034,1717,100,10851,MMT,Available
OBS00491,c8e1dfc2d6af,28a947e6fe51,MAA,CCU,SG,SG-988,2026-09-20,14:30,2026-09-06 20:15,13,T15(12-18),Economy Flexi,7618,1447,180,9245,Goibibo,Available
OBS00492,2377386e7d17,96a704c16780,MAA,CCU,SG,SG-988,2026-09-20,14:30,2026-09-06 20:15,13,T15(12-18),Economy Saver,5040,958,100,6098,AirlineSite,Available
OBS00493,5b8df0067a48,68f040f6697f,MAA,CCU,SG,SG-988,2026-10-05,14:30,2026-09-06 20:15,28,T30(25-35),Economy Standard,5601,1064,100,6765,Cleartrip,Available
OBS00494,ae7dd1cfaac8,68f040f6697f,MAA,CCU,SG,SG-988,2026-10-05,14:30,2026-09-06 20:15,28,T30(25-35),Economy Standard,5545,1054,100,6699,Goibibo,Available
OBS00495,661aad3efc85,03d61faab4e0,MAA,CCU,SG,SG-988,2026-10-20,14:30,2026-09-06 20:15,43,T45(40-50),Economy Saver,3824,727,100,4651,Goibibo,Available
OBS00496,eef200dc0338,03d61faab4e0,MAA,CCU,SG,SG-988,2026-10-20,14:30,2026-09-06 20:15,43,T45(40-50),Economy Saver,4156,790,150,5096,MMT,Available
OBS00497,5b85da70e9ee,202bfc6309a1,DEL,BOM,6E,6E-2341,2026-09-12,08:00,2026-09-07 09:00,4,OUT_OF_BAND,Economy Flexi,8877,1687,120,10684,Cleartrip,Available
OBS00498,2ac4ecd2ffce,451518cc40ea,DEL,BOM,6E,6E-2341,2026-09-12,08:00,2026-09-07 09:00,4,OUT_OF_BAND,Economy Saver,6256,1189,100,7545,MMT,Available
OBS00499,9fa1c0ec4cdd,451518cc40ea,DEL,BOM,6E,6E-2341,2026-09-12,08:00,2026-09-07 09:00,4,OUT_OF_BAND,Economy Saver,5854,1112,120,7086,Cleartrip,Available
OBS00500,998af3384d63,37a5de9260b1,DEL,BOM,6E,6E-2341,2026-09-20,08:00,2026-09-07 09:00,12,T15(12-18),Economy Standard,6788,1290,100,8178,MMT,Available
OBS00501,26b1f2a836f4,dc9a0c69e72f,DEL,BOM,6E,6E-2341,2026-09-20,08:00,2026-09-07 09:00,12,T15(12-18),Economy Flexi,7521,1429,120,9070,Cleartrip,Available
OBS00502,17084d5350db,dc9a0c69e72f,DEL,BOM,6E,6E-2341,2026-09-20,08:00,2026-09-07 09:00,12,T15(12-18),Economy Flexi,8273,1572,150,9995,AirlineSite,Available
OBS00503,e688f625fd0d,d75a1e4d61f5,DEL,BOM,6E,6E-2341,2026-10-05,08:00,2026-09-07 09:00,27,T30(25-35),Economy Flexi,6504,1236,180,7920,AirlineSite,Available
OBS00504,1d231115d5d4,a7a709ff669a,DEL,BOM,6E,6E-2341,2026-10-05,08:00,2026-09-07 09:00,27,T30(25-35),Economy Standard,5181,984,180,6345,MMT,Available
OBS00505,dbc57be04302,2a18c0868003,DEL,BOM,6E,6E-2341,2026-10-20,08:00,2026-09-07 09:00,42,T45(40-50),Economy Saver,4202,798,150,5150,Goibibo,Available
OBS00506,cf50a7352e0a,2a18c0868003,DEL,BOM,6E,6E-2341,2026-10-20,08:00,2026-09-07 09:00,42,T45(40-50),Economy Saver,4215,801,100,5116,AirlineSite,Available
OBS00507,bc970f548b3e,2371b6c4529b,DEL,BOM,AI,AI-865,2026-09-12,06:15,2026-09-07 09:00,4,OUT_OF_BAND,Economy Standard,8023,1524,120,9667,Goibibo,Available
OBS00508,c953e9077abd,37a5de9260b1,DEL,BOM,AI,AI-865,2026-09-20,06:15,2026-09-07 09:00,12,T15(12-18),Economy Standard,6202,1178,150,7530,AirlineSite,Available
OBS00509,52e442ef4265,dc9a0c69e72f,DEL,BOM,AI,AI-865,2026-09-20,06:15,2026-09-07 09:00,12,T15(12-18),Economy Flexi,8195,1557,100,9852,Cleartrip,Available
OBS00510,a3d16b60242c,22349c19bb6f,DEL,BOM,AI,AI-865,2026-10-05,06:15,2026-09-07 09:00,27,T30(25-35),Economy Saver,4033,766,180,4979,Goibibo,Available
OBS00511,14869e6bd2b2,2a18c0868003,DEL,BOM,AI,AI-865,2026-10-20,06:15,2026-09-07 09:00,42,T45(40-50),Economy Saver,4088,777,150,5015,Cleartrip,Available
OBS00512,0252ffa6dab3,451518cc40ea,DEL,BOM,QP,QP-1123,2026-09-12,09:30,2026-09-07 09:00,4,OUT_OF_BAND,Economy Saver,5922,1125,100,7147,Goibibo,Available
OBS00513,d73459c86b5a,dc9a0c69e72f,DEL,BOM,QP,QP-1123,2026-09-20,09:30,2026-09-07 09:00,12,T15(12-18),Economy Flexi,7808,1484,120,9412,MMT,Available
OBS00514,d00118af2563,dc9a0c69e72f,DEL,BOM,QP,QP-1123,2026-09-20,09:30,2026-09-07 09:00,12,T15(12-18),Economy Flexi,7695,1462,150,9307,Cleartrip,Available
OBS00515,62cd8929ee06,b8722922d34c,DEL,BOM,QP,QP-1123,2026-09-20,09:30,2026-09-07 09:00,12,T15(12-18),Economy Saver,4753,903,180,5836,MMT,Available
OBS00516,289177d04b98,a7a709ff669a,DEL,BOM,QP,QP-1123,2026-10-05,09:30,2026-09-07 09:00,27,T30(25-35),Economy Standard,5469,1039,150,6658,Goibibo,Available
OBS00517,b3d1a4b379ac,2a18c0868003,DEL,BOM,QP,QP-1123,2026-10-20,09:30,2026-09-07 09:00,42,T45(40-50),Economy Saver,4121,783,180,5084,Goibibo,Available
OBS00518,adb796ee08d4,2a18c0868003,DEL,BOM,QP,QP-1123,2026-10-20,09:30,2026-09-07 09:00,42,T45(40-50),Economy Saver,3856,733,150,4739,Cleartrip,Available
OBS00519,0724f0c1f16d,5a16717660ab,BLR,HYD,SG,SG-451,2026-09-12,12:00,2026-09-07 09:00,4,OUT_OF_BAND,Economy Standard,8116,1542,150,9808,Goibibo,Available
OBS00520,e3749a88d39d,24a0effd14e0,BLR,HYD,SG,SG-451,2026-09-20,12:00,2026-09-07 09:00,12,T15(12-18),Economy Standard,6377,1212,120,7709,MMT,Available
OBS00521,ba30926509d6,bfd475034edc,BLR,HYD,SG,SG-451,2026-10-05,12:00,2026-09-07 09:00,27,T30(25-35),Economy Standard,5595,1063,150,6808,Goibibo,Available
OBS00522,fd80126012d0,9f4e2bb4c6c8,BLR,HYD,SG,SG-451,2026-10-20,12:00,2026-09-07 09:00,42,T45(40-50),Economy Flexi,6293,1196,180,7669,MMT,Available
OBS00523,16b10ce0a7eb,9f4e2bb4c6c8,BLR,HYD,SG,SG-451,2026-10-20,12:00,2026-09-07 09:00,42,T45(40-50),Economy Flexi,6284,1194,120,7598,Goibibo,Available
OBS00524,84b83e7be4db,4168bf9fcb94,BLR,HYD,SG,SG-451,2026-10-20,12:00,2026-09-07 09:00,42,T45(40-50),Economy Standard,5459,1037,100,6596,MMT,Available
OBS00525,3a9b57613dc3,4168bf9fcb94,BLR,HYD,SG,SG-451,2026-10-20,12:00,2026-09-07 09:00,42,T45(40-50),Economy Standard,5584,1061,180,6825,Cleartrip,Available
OBS00526,e4ebe2705e09,e25fabbeeeba,BLR,HYD,6E,6E-773,2026-09-12,16:45,2026-09-07 09:00,4,OUT_OF_BAND,Economy Saver,6254,1188,180,7622,AirlineSite,Available
OBS00527,e488bfa5c332,5a16717660ab,BLR,HYD,6E,6E-773,2026-09-12,16:45,2026-09-07 09:00,4,OUT_OF_BAND,Economy Standard,7945,1510,120,9575,Goibibo,Available
OBS00528,75a5a9bc3e05,5a16717660ab,BLR,HYD,6E,6E-773,2026-09-12,16:45,2026-09-07 09:00,4,OUT_OF_BAND,Economy Standard,7564,1437,120,9121,AirlineSite,Available
OBS00529,dda7fc4828f1,24a0effd14e0,BLR,HYD,6E,6E-773,2026-09-20,16:45,2026-09-07 09:00,12,T15(12-18),Economy Standard,6956,1322,180,8458,Goibibo,Available
OBS00530,8af45cf3d553,c1b430d6ef3d,BLR,HYD,6E,6E-773,2026-09-20,16:45,2026-09-07 09:00,12,T15(12-18),Economy Flexi,7936,1508,180,9624,Goibibo,Available
OBS00531,edf1d0209832,c1b430d6ef3d,BLR,HYD,6E,6E-773,2026-09-20,16:45,2026-09-07 09:00,12,T15(12-18),Economy Flexi,7974,1515,150,9639,Cleartrip,Available
OBS00532,e88d17ef7d37,f91b72f2d855,BLR,HYD,6E,6E-773,2026-10-05,16:45,2026-09-07 09:00,27,T30(25-35),Economy Flexi,6524,1239,150,7913,MMT,Available
OBS00533,3f87bfaef4a3,8ffb61505283,BLR,HYD,6E,6E-773,2026-10-05,16:45,2026-09-07 09:00,27,T30(25-35),Economy Saver,4093,778,180,5051,AirlineSite,Available
OBS00534,befa23273267,4168bf9fcb94,BLR,HYD,6E,6E-773,2026-10-20,16:45,2026-09-07 09:00,42,T45(40-50),Economy Standard,5007,951,120,6078,AirlineSite,Available
OBS00535,00cb3ceb9572,dd35481106db,DEL,BLR,6E,6E-5011,2026-09-12,17:00,2026-09-07 09:00,4,OUT_OF_BAND,Economy Flexi,9332,1773,120,11225,Cleartrip,Available
OBS00536,490e88d5f2d3,2c7188a2652f,DEL,BLR,6E,6E-5011,2026-09-12,17:00,2026-09-07 09:00,4,OUT_OF_BAND,Economy Saver,5996,1139,150,7285,AirlineSite,Available
OBS00537,1b476416090a,7f550039d6be,DEL,BLR,6E,6E-5011,2026-09-20,17:00,2026-09-07 09:00,12,T15(12-18),Economy Saver,4937,938,150,6025,MMT,Available
OBS00538,09b79514798b,85d569d51a6f,DEL,BLR,6E,6E-5011,2026-10-05,17:00,2026-09-07 09:00,27,T30(25-35),Economy Saver,4048,769,180,4997,Goibibo,Available
OBS00539,9b65219a61e3,85d569d51a6f,DEL,BLR,6E,6E-5011,2026-10-05,17:00,2026-09-07 09:00,27,T30(25-35),Economy Saver,4175,793,180,5148,MMT,Available
OBS00540,604a0059e031,c7e037c3624d,DEL,BLR,6E,6E-5011,2026-10-20,17:00,2026-09-07 09:00,42,T45(40-50),Economy Saver,4221,802,100,5123,AirlineSite,Available
OBS00541,0f616bbc2c98,0e31dcd82f0a,DEL,BLR,AI,AI-503,2026-09-12,05:45,2026-09-07 09:00,4,OUT_OF_BAND,Economy Standard,8112,1541,120,9773,AirlineSite,Available
OBS00542,84c99b7f3956,0e31dcd82f0a,DEL,BLR,AI,AI-503,2026-09-12,05:45,2026-09-07 09:00,4,OUT_OF_BAND,Economy Standard,7827,1487,120,9434,Cleartrip,Available
OBS00543,bcde48a06174,1475218a87df,DEL,BLR,AI,AI-503,2026-09-20,05:45,2026-09-07 09:00,12,T15(12-18),Economy Flexi,7657,1455,180,9292,Goibibo,Available
OBS00544,5e67ebe35d15,85d569d51a6f,DEL,BLR,AI,AI-503,2026-10-05,05:45,2026-09-07 09:00,27,T30(25-35),Economy Saver,3815,725,120,4660,Goibibo,Available
OBS00545,ad3c27cdc7da,85d569d51a6f,DEL,BLR,AI,AI-503,2026-10-05,05:45,2026-09-07 09:00,27,T30(25-35),Economy Saver,4034,766,180,4980,MMT,Available
OBS00546,6e5872bb5980,a2844fb520cf,DEL,BLR,AI,AI-503,2026-10-05,05:45,2026-09-07 09:00,27,T30(25-35),Economy Flexi,6562,1247,120,7929,AirlineSite,Available
OBS00547,f3e29d781c7e,88d6a22dc555,DEL,BLR,AI,AI-503,2026-10-20,05:45,2026-09-07 09:00,42,T45(40-50),Economy Flexi,6640,1262,120,8022,AirlineSite,Available
OBS00548,4df5d5b65af4,0e31dcd82f0a,DEL,BLR,UK,UK-822,2026-09-12,10:45,2026-09-07 09:00,4,OUT_OF_BAND,Economy Standard,7425,1411,180,9016,Goibibo,Available
OBS00549,b54d3d989ff5,1475218a87df,DEL,BLR,UK,UK-822,2026-09-20,10:45,2026-09-07 09:00,12,T15(12-18),Economy Flexi,7820,1486,100,9406,Goibibo,Available
OBS00550,988dbdf33981,1475218a87df,DEL,BLR,UK,UK-822,2026-09-20,10:45,2026-09-07 09:00,12,T15(12-18),Economy Flexi,7775,1477,180,9432,Cleartrip,Available
OBS00551,ecaf8597e6e7,78c027de36d9,DEL,BLR,UK,UK-822,2026-09-20,10:45,2026-09-07 09:00,12,T15(12-18),Economy Standard,6717,1276,150,8143,MMT,Available
OBS00552,beabb9c865f7,78c027de36d9,DEL,BLR,UK,UK-822,2026-09-20,10:45,2026-09-07 09:00,12,T15(12-18),Economy Standard,6896,1310,100,8306,Cleartrip,Available
OBS00553,47ade9bc8802,85d569d51a6f,DEL,BLR,UK,UK-822,2026-10-05,10:45,2026-09-07 09:00,27,T30(25-35),Economy Saver,3959,752,120,4831,MMT,Available
OBS00554,e64f65a4ae03,1a0596829dc8,DEL,BLR,UK,UK-822,2026-10-05,10:45,2026-09-07 09:00,27,T30(25-35),Economy Standard,5285,1004,180,6469,MMT,Available
OBS00555,6601a6d79bfe,c7e037c3624d,DEL,BLR,UK,UK-822,2026-10-20,10:45,2026-09-07 09:00,42,T45(40-50),Economy Saver,4053,770,120,4943,MMT,Available
OBS00556,9319a44cf537,bf3eae4178b5,DEL,BLR,UK,UK-822,2026-10-20,10:45,2026-09-07 09:00,42,T45(40-50),Economy Standard,5135,976,120,6231,MMT,Available
OBS00557,cf2c9ce8686c,bf3eae4178b5,DEL,BLR,UK,UK-822,2026-10-20,10:45,2026-09-07 09:00,42,T45(40-50),Economy Standard,5153,979,180,6312,Goibibo,Available
OBS00558,474f5129fa61,33401d5a3646,MAA,CCU,6E,6E-6120,2026-09-12,12:00,2026-09-07 09:00,4,OUT_OF_BAND,Economy Saver,5729,1089,180,6998,Goibibo,Available
OBS00559,9e7717913f5e,c01e53ab779d,MAA,CCU,6E,6E-6120,2026-09-12,12:00,2026-09-07 09:00,4,OUT_OF_BAND,Economy Standard,7996,1519,180,9695,Goibibo,Available
OBS00560,6c251548a52e,c01e53ab779d,MAA,CCU,6E,6E-6120,2026-09-12,12:00,2026-09-07 09:00,4,OUT_OF_BAND,Economy Standard,8022,1524,180,9726,MMT,Available
OBS00561,fcd3abc45998,96a704c16780,MAA,CCU,6E,6E-6120,2026-09-20,12:00,2026-09-07 09:00,12,T15(12-18),Economy Saver,5225,993,120,6338,AirlineSite,Available
OBS00562,af6414a8615e,0122ec6b8c01,MAA,CCU,6E,6E-6120,2026-10-05,12:00,2026-09-07 09:00,27,T30(25-35),Economy Saver,4080,775,120,4975,MMT,Available
OBS00563,7bab6e5c6caf,134f6aeba305,MAA,CCU,6E,6E-6120,2026-10-20,12:00,2026-09-07 09:00,42,T45(40-50),Economy Flexi,6403,1217,100,7720,Goibibo,Available
OBS00564,8972e25c33c6,134f6aeba305,MAA,CCU,6E,6E-6120,2026-10-20,12:00,2026-09-07 09:00,42,T45(40-50),Economy Flexi,6204,1179,150,7533,Cleartrip,Available
OBS00565,bb94fbc5105a,33401d5a3646,MAA,CCU,SG,SG-988,2026-09-12,14:30,2026-09-07 09:00,4,OUT_OF_BAND,Economy Saver,5703,1084,120,6907,MMT,Available
OBS00566,61e91f4d9be1,33401d5a3646,MAA,CCU,SG,SG-988,2026-09-12,14:30,2026-09-07 09:00,4,OUT_OF_BAND,Economy Saver,5853,1112,100,7065,Goibibo,Available
OBS00567,a2339fa06112,c01e53ab779d,MAA,CCU,SG,SG-988,2026-09-12,14:30,2026-09-07 09:00,4,OUT_OF_BAND,Economy Standard,7660,1455,100,9215,Cleartrip,Available
OBS00568,34d7f5c73b86,96a704c16780,MAA,CCU,SG,SG-988,2026-09-20,14:30,2026-09-07 09:00,12,T15(12-18),Economy Saver,5235,995,150,6380,MMT,Available
OBS00569,88badfdaa94c,30301e416d98,MAA,CCU,SG,SG-988,2026-10-05,14:30,2026-09-07 09:00,27,T30(25-35),Economy Flexi,6628,1259,120,8007,MMT,Available
OBS00570,ca603009c13d,68f040f6697f,MAA,CCU,SG,SG-988,2026-10-05,14:30,2026-09-07 09:00,27,T30(25-35),Economy Standard,5300,1007,120,6427,Cleartrip,Available
OBS00571,123e6269ed60,134f6aeba305,MAA,CCU,SG,SG-988,2026-10-20,14:30,2026-09-07 09:00,42,T45(40-50),Economy Flexi,6454,1226,100,7780,Cleartrip,Available
OBS00572,56e8c425859b,2371b6c4529b,DEL,BOM,6E,6E-2341,2026-09-12,08:00,2026-09-07 14:30,4,OUT_OF_BAND,Economy Standard,8179,1554,120,9853,Cleartrip,Available
OBS00573,9b4d3a5941c2,b8722922d34c,DEL,BOM,6E,6E-2341,2026-09-20,08:00,2026-09-07 14:30,12,T15(12-18),Economy Saver,5246,997,180,6423,Cleartrip,Available
OBS00574,cda2b777875a,dc9a0c69e72f,DEL,BOM,6E,6E-2341,2026-09-20,08:00,2026-09-07 14:30,12,T15(12-18),Economy Flexi,8008,1521,150,9679,MMT,Available
OBS00575,5232c08a7a47,a7a709ff669a,DEL,BOM,6E,6E-2341,2026-10-05,08:00,2026-09-07 14:30,27,T30(25-35),Economy Standard,5368,1020,100,6488,AirlineSite,Available
OBS00576,4cd0eff3af4d,d75a1e4d61f5,DEL,BOM,6E,6E-2341,2026-10-05,08:00,2026-09-07 14:30,27,T30(25-35),Economy Flexi,6554,1245,150,7949,Cleartrip,Available
OBS00577,697433ffc18f,ad4c6be1e8ec,DEL,BOM,6E,6E-2341,2026-10-20,08:00,2026-09-07 14:30,42,T45(40-50),Economy Standard,5527,1050,100,6677,AirlineSite,Available
OBS00578,be4b22f3e245,2371b6c4529b,DEL,BOM,AI,AI-865,2026-09-12,06:15,2026-09-07 14:30,4,OUT_OF_BAND,Economy Standard,7529,1431,180,9140,Goibibo,Available
OBS00579,716f7cfd72d0,202bfc6309a1,DEL,BOM,AI,AI-865,2026-09-12,06:15,2026-09-07 14:30,4,OUT_OF_BAND,Economy Flexi,9183,1745,150,11078,Goibibo,Available
OBS00580,08efa9d40c9b,dc9a0c69e72f,DEL,BOM,AI,AI-865,2026-09-20,06:15,2026-09-07 14:30,12,T15(12-18),Economy Flexi,8287,1575,150,10012,MMT,Available
OBS00581,de6fa1612cbe,dc9a0c69e72f,DEL,BOM,AI,AI-865,2026-09-20,06:15,2026-09-07 14:30,12,T15(12-18),Economy Flexi,8329,1583,100,10012,Cleartrip,Available
OBS00582,4bf636581034,22349c19bb6f,DEL,BOM,AI,AI-865,2026-10-05,06:15,2026-09-07 14:30,27,T30(25-35),Economy Saver,3865,734,120,4719,Goibibo,Available
OBS00583,852cf6ea450a,22349c19bb6f,DEL,BOM,AI,AI-865,2026-10-05,06:15,2026-09-07 14:30,27,T30(25-35),Economy Saver,4029,766,100,4895,AirlineSite,Available
OBS00584,0296ed6493a7,2a18c0868003,DEL,BOM,AI,AI-865,2026-10-20,06:15,2026-09-07 14:30,42,T45(40-50),Economy Saver,3957,752,150,4859,MMT,Available
OBS00585,5c901ff82f1e,2a18c0868003,DEL,BOM,AI,AI-865,2026-10-20,06:15,2026-09-07 14:30,42,T45(40-50),Economy Saver,3849,731,150,4730,Cleartrip,Available
OBS00586,18dff5d4ba52,451518cc40ea,DEL,BOM,QP,QP-1123,2026-09-12,09:30,2026-09-07 14:30,4,OUT_OF_BAND,Economy Saver,5664,1076,150,6890,MMT,Available
OBS00587,8e8e152a99f7,dc9a0c69e72f,DEL,BOM,QP,QP-1123,2026-09-20,09:30,2026-09-07 14:30,12,T15(12-18),Economy Flexi,8136,1546,100,9782,AirlineSite,Available
OBS00588,20296b613e1b,b8722922d34c,DEL,BOM,QP,QP-1123,2026-09-20,09:30,2026-09-07 14:30,12,T15(12-18),Economy Saver,4762,905,120,5787,Goibibo,Available
OBS00589,e962d5edc452,d75a1e4d61f5,DEL,BOM,QP,QP-1123,2026-10-05,09:30,2026-09-07 14:30,27,T30(25-35),Economy Flexi,6555,1245,100,7900,AirlineSite,Available
OBS00590,69060e94c56f,a7a709ff669a,DEL,BOM,QP,QP-1123,2026-10-05,09:30,2026-09-07 14:30,27,T30(25-35),Economy Standard,5263,1000,120,6383,MMT,Available
OBS00591,21d62b16b60c,2a18c0868003,DEL,BOM,QP,QP-1123,2026-10-20,09:30,2026-09-07 14:30,42,T45(40-50),Economy Saver,3963,753,150,4866,AirlineSite,Available
OBS00592,ca7dfd1f3837,2a18c0868003,DEL,BOM,QP,QP-1123,2026-10-20,09:30,2026-09-07 14:30,42,T45(40-50),Economy Saver,3871,736,120,4727,Goibibo,Available
OBS00593,9e4aa7b8932b,14624e203671,BLR,HYD,SG,SG-451,2026-09-12,12:00,2026-09-07 14:30,4,OUT_OF_BAND,Economy Flexi,9598,1824,120,11542,AirlineSite,Available
OBS00594,c3184491699f,e25fabbeeeba,BLR,HYD,SG,SG-451,2026-09-12,12:00,2026-09-07 14:30,4,OUT_OF_BAND,Economy Saver,6180,1174,120,7474,Cleartrip,Available
OBS00595,f04df4773e70,c1b430d6ef3d,BLR,HYD,SG,SG-451,2026-09-20,12:00,2026-09-07 14:30,12,T15(12-18),Economy Flexi,7509,1427,100,9036,Goibibo,Available
OBS00596,a0c5985fddf6,c1b430d6ef3d,BLR,HYD,SG,SG-451,2026-09-20,12:00,2026-09-07 14:30,12,T15(12-18),Economy Flexi,7564,1437,100,9101,AirlineSite,Available
OBS00597,835aa0c21ccb,f91b72f2d855,BLR,HYD,SG,SG-451,2026-10-05,12:00,2026-09-07 14:30,27,T30(25-35),Economy Flexi,6243,1186,120,7549,Goibibo,Available
OBS00598,145aff26ee39,bfd475034edc,BLR,HYD,SG,SG-451,2026-10-05,12:00,2026-09-07 14:30,27,T30(25-35),Economy Standard,5376,1021,120,6517,Cleartrip,Available
OBS00599,7016fd52a28d,9f4e2bb4c6c8,BLR,HYD,SG,SG-451,2026-10-20,12:00,2026-09-07 14:30,42,T45(40-50),Economy Flexi,6702,1273,120,8095,AirlineSite,Available
OBS00600,87a8394d85eb,9f4e2bb4c6c8,BLR,HYD,SG,SG-451,2026-10-20,12:00,2026-09-07 14:30,42,T45(40-50),Economy Flexi,6409,1218,120,7747,Cleartrip,Available
OBS00601,29bcb1fab0bb,4168bf9fcb94,BLR,HYD,SG,SG-451,2026-10-20,12:00,2026-09-07 14:30,42,T45(40-50),Economy Standard,5377,1022,120,6519,Goibibo,Available
OBS00602,4702c7716061,4168bf9fcb94,BLR,HYD,SG,SG-451,2026-10-20,12:00,2026-09-07 14:30,42,T45(40-50),Economy Standard,5275,1002,100,6377,MMT,Available
OBS00603,7b75f7bbd81a,5a16717660ab,BLR,HYD,6E,6E-773,2026-09-12,16:45,2026-09-07 14:30,4,OUT_OF_BAND,Economy Standard,8200,1558,100,9858,AirlineSite,Available
OBS00604,ae9d6130ba4f,5a16717660ab,BLR,HYD,6E,6E-773,2026-09-12,16:45,2026-09-07 14:30,4,OUT_OF_BAND,Economy Standard,8299,1577,150,10026,Cleartrip,Available
OBS00605,4326a860bb15,24a0effd14e0,BLR,HYD,6E,6E-773,2026-09-20,16:45,2026-09-07 14:30,12,T15(12-18),Economy Standard,6584,1251,120,7955,Goibibo,Available
OBS00606,4f499d7f8fa1,24a0effd14e0,BLR,HYD,6E,6E-773,2026-09-20,16:45,2026-09-07 14:30,12,T15(12-18),Economy Standard,6765,1285,100,8150,MMT,Available
OBS00607,3db212a0bcb5,f91b72f2d855,BLR,HYD,6E,6E-773,2026-10-05,16:45,2026-09-07 14:30,27,T30(25-35),Economy Flexi,6200,1178,100,7478,AirlineSite,Available
OBS00608,37c4239d75b7,4168bf9fcb94,BLR,HYD,6E,6E-773,2026-10-20,16:45,2026-09-07 14:30,42,T45(40-50),Economy Standard,5422,1030,180,6632,Cleartrip,Available
OBS00609,5c9af9bfd201,4168bf9fcb94,BLR,HYD,6E,6E-773,2026-10-20,16:45,2026-09-07 14:30,42,T45(40-50),Economy Standard,5226,993,180,6399,Goibibo,Available
OBS00610,256ad89b40f3,dd35481106db,DEL,BLR,6E,6E-5011,2026-09-12,17:00,2026-09-07 14:30,4,OUT_OF_BAND,Economy Flexi,8959,1702,100,10761,MMT,Available
OBS00611,6515ca008a93,dd35481106db,DEL,BLR,6E,6E-5011,2026-09-12,17:00,2026-09-07 14:30,4,OUT_OF_BAND,Economy Flexi,9478,1801,120,11399,Goibibo,Available
OBS00612,df38a5b39e3b,1475218a87df,DEL,BLR,6E,6E-5011,2026-09-20,17:00,2026-09-07 14:30,12,T15(12-18),Economy Flexi,8017,1523,100,9640,Goibibo,Available
OBS00613,cf4d92766e63,a2844fb520cf,DEL,BLR,6E,6E-5011,2026-10-05,17:00,2026-09-07 14:30,27,T30(25-35),Economy Flexi,6032,1146,100,7278,MMT,Available
OBS00614,1096a3dbd3dd,c7e037c3624d,DEL,BLR,6E,6E-5011,2026-10-20,17:00,2026-09-07 14:30,42,T45(40-50),Economy Saver,3961,753,120,4834,AirlineSite,Available
OBS00615,2c6e73822de8,2c7188a2652f,DEL,BLR,AI,AI-503,2026-09-12,05:45,2026-09-07 14:30,4,OUT_OF_BAND,Economy Saver,5633,1070,180,6883,MMT,Available
OBS00616,4bbf03691d53,2c7188a2652f,DEL,BLR,AI,AI-503,2026-09-12,05:45,2026-09-07 14:30,4,OUT_OF_BAND,Economy Saver,6357,1208,150,7715,Cleartrip,Available
OBS00617,9daf263bddc1,78c027de36d9,DEL,BLR,AI,AI-503,2026-09-20,05:45,2026-09-07 14:30,12,T15(12-18),Economy Standard,6740,1281,100,8121,Cleartrip,Available
OBS00618,36eac1945208,1a0596829dc8,DEL,BLR,AI,AI-503,2026-10-05,05:45,2026-09-07 14:30,27,T30(25-35),Economy Standard,5294,1006,150,6450,Cleartrip,Available
OBS00619,0e0c4fccdcb4,88d6a22dc555,DEL,BLR,AI,AI-503,2026-10-20,05:45,2026-09-07 14:30,42,T45(40-50),Economy Flexi,6403,1217,100,7720,Goibibo,Available
OBS00620,24961ebe85a4,c7e037c3624d,DEL,BLR,AI,AI-503,2026-10-20,05:45,2026-09-07 14:30,42,T45(40-50),Economy Saver,3991,758,150,4899,MMT,Available
OBS00621,2175ddd6fa60,dd35481106db,DEL,BLR,UK,UK-822,2026-09-12,10:45,2026-09-07 14:30,4,OUT_OF_BAND,Economy Flexi,9756,1854,100,11710,AirlineSite,Available
OBS00622,d4bf09bd9520,dd35481106db,DEL,BLR,UK,UK-822,2026-09-12,10:45,2026-09-07 14:30,4,OUT_OF_BAND,Economy Flexi,8911,1693,100,10704,Goibibo,Available
OBS00623,558fa62e7a78,7f550039d6be,DEL,BLR,UK,UK-822,2026-09-20,10:45,2026-09-07 14:30,12,T15(12-18),Economy Saver,4959,942,120,6021,Cleartrip,Available
OBS00624,07f91291fb88,85d569d51a6f,DEL,BLR,UK,UK-822,2026-10-05,10:45,2026-09-07 14:30,27,T30(25-35),Economy Saver,3967,754,180,4901,Goibibo,Available
OBS00625,96d81ceed033,85d569d51a6f,DEL,BLR,UK,UK-822,2026-10-05,10:45,2026-09-07 14:30,27,T30(25-35),Economy Saver,4276,812,150,5238,AirlineSite,Available
OBS00626,823b8514e99b,c7e037c3624d,DEL,BLR,UK,UK-822,2026-10-20,10:45,2026-09-07 14:30,42,T45(40-50),Economy Saver,4061,772,100,4933,Cleartrip,Available
OBS00627,37d213eb5640,c7e037c3624d,DEL,BLR,UK,UK-822,2026-10-20,10:45,2026-09-07 14:30,42,T45(40-50),Economy Saver,3893,740,100,4733,AirlineSite,Available
OBS00628,2684ae8704f8,33401d5a3646,MAA,CCU,6E,6E-6120,2026-09-12,12:00,2026-09-07 14:30,4,OUT_OF_BAND,Economy Saver,6219,1182,150,7551,Cleartrip,Available
OBS00629,b37494d96790,96a704c16780,MAA,CCU,6E,6E-6120,2026-09-20,12:00,2026-09-07 14:30,12,T15(12-18),Economy Saver,4950,940,150,6040,Goibibo,Available
OBS00630,706142052953,96a704c16780,MAA,CCU,6E,6E-6120,2026-09-20,12:00,2026-09-07 14:30,12,T15(12-18),Economy Saver,5076,964,150,6190,AirlineSite,Available
OBS00631,d3d3bb4f7f3c,30301e416d98,MAA,CCU,6E,6E-6120,2026-10-05,12:00,2026-09-07 14:30,27,T30(25-35),Economy Flexi,6470,1229,180,7879,Cleartrip,Available
OBS00632,1d5fde426117,0122ec6b8c01,MAA,CCU,6E,6E-6120,2026-10-05,12:00,2026-09-07 14:30,27,T30(25-35),Economy Saver,3878,737,180,4795,MMT,Available
OBS00633,20e44c489544,03d61faab4e0,MAA,CCU,6E,6E-6120,2026-10-20,12:00,2026-09-07 14:30,42,T45(40-50),Economy Saver,4237,805,100,5142,Cleartrip,Available
OBS00634,e8404d555d11,03d61faab4e0,MAA,CCU,6E,6E-6120,2026-10-20,12:00,2026-09-07 14:30,42,T45(40-50),Economy Saver,4295,816,100,5211,Goibibo,Available
OBS00635,b43e8fec9625,c01e53ab779d,MAA,CCU,SG,SG-988,2026-09-12,14:30,2026-09-07 14:30,4,OUT_OF_BAND,Economy Standard,7841,1490,120,9451,MMT,Available
OBS00636,478e27c90cf1,17979f47af24,MAA,CCU,SG,SG-988,2026-09-12,14:30,2026-09-07 14:30,4,OUT_OF_BAND,Economy Flexi,10023,1904,120,12047,Goibibo,Available
OBS00637,61354ff36f38,dd19312763d8,MAA,CCU,SG,SG-988,2026-09-20,14:30,2026-09-07 14:30,12,T15(12-18),Economy Standard,6878,1307,180,8365,MMT,Available
OBS00638,b3aca7d01c89,96a704c16780,MAA,CCU,SG,SG-988,2026-09-20,14:30,2026-09-07 14:30,12,T15(12-18),Economy Saver,5340,1015,100,6455,Cleartrip,Available
OBS00639,0c1df2a91b8b,96a704c16780,MAA,CCU,SG,SG-988,2026-09-20,14:30,2026-09-07 14:30,12,T15(12-18),Economy Saver,5086,966,120,6172,MMT,Available
OBS00640,a8350e665d68,68f040f6697f,MAA,CCU,SG,SG-988,2026-10-05,14:30,2026-09-07 14:30,27,T30(25-35),Economy Standard,5388,1024,120,6532,AirlineSite,Available
OBS00641,e3f1ad168306,68f040f6697f,MAA,CCU,SG,SG-988,2026-10-05,14:30,2026-09-07 14:30,27,T30(25-35),Economy Standard,5100,969,150,6219,MMT,Available
OBS00642,5963e37093d3,0122ec6b8c01,MAA,CCU,SG,SG-988,2026-10-05,14:30,2026-09-07 14:30,27,T30(25-35),Economy Saver,4164,791,150,5105,Goibibo,Available
OBS00643,8211ee9eedf8,d08cdfeb22c3,MAA,CCU,SG,SG-988,2026-10-20,14:30,2026-09-07 14:30,42,T45(40-50),Economy Standard,4990,948,120,6058,MMT,Available
OBS00644,b0154e5e64c7,202bfc6309a1,DEL,BOM,6E,6E-2341,2026-09-12,08:00,2026-09-07 20:15,4,OUT_OF_BAND,Economy Flexi,8986,1707,180,10873,MMT,Available
OBS00645,cc8571bc21b0,37a5de9260b1,DEL,BOM,6E,6E-2341,2026-09-20,08:00,2026-09-07 20:15,12,T15(12-18),Economy Standard,6575,1249,120,7944,AirlineSite,Available
OBS00646,faeaa60fedb2,a7a709ff669a,DEL,BOM,6E,6E-2341,2026-10-05,08:00,2026-09-07 20:15,27,T30(25-35),Economy Standard,5516,1048,100,6664,Cleartrip,Available
OBS00647,69525f88c4cc,39513d756b0a,DEL,BOM,6E,6E-2341,2026-10-20,08:00,2026-09-07 20:15,42,T45(40-50),Economy Flexi,6161,1171,150,7482,AirlineSite,Available
OBS00648,bc959bce3269,451518cc40ea,DEL,BOM,AI,AI-865,2026-09-12,06:15,2026-09-07 20:15,4,OUT_OF_BAND,Economy Saver,5929,1127,100,7156,MMT,Available
OBS00649,7ef42c3d69e2,451518cc40ea,DEL,BOM,AI,AI-865,2026-09-12,06:15,2026-09-07 20:15,4,OUT_OF_BAND,Economy Saver,6145,1168,150,7463,Goibibo,Available
OBS00650,cbd5eaa669e3,b8722922d34c,DEL,BOM,AI,AI-865,2026-09-20,06:15,2026-09-07 20:15,12,T15(12-18),Economy Saver,5070,963,120,6153,Goibibo,Available
OBS00651,43bf1ea62d7e,a7a709ff669a,DEL,BOM,AI,AI-865,2026-10-05,06:15,2026-09-07 20:15,27,T30(25-35),Economy Standard,5022,954,100,6076,MMT,Available
OBS00652,c52598215f2f,2a18c0868003,DEL,BOM,AI,AI-865,2026-10-20,06:15,2026-09-07 20:15,42,T45(40-50),Economy Saver,3994,759,100,4853,Goibibo,Available
OBS00653,54c01b94dd2b,202bfc6309a1,DEL,BOM,QP,QP-1123,2026-09-12,09:30,2026-09-07 20:15,4,OUT_OF_BAND,Economy Flexi,10066,1913,120,12099,AirlineSite,Available
OBS00654,9d5b6eac32c5,2371b6c4529b,DEL,BOM,QP,QP-1123,2026-09-12,09:30,2026-09-07 20:15,4,OUT_OF_BAND,Economy Standard,7403,1407,150,8960,Goibibo,Available
OBS00655,66aa188871a3,2371b6c4529b,DEL,BOM,QP,QP-1123,2026-09-12,09:30,2026-09-07 20:15,4,OUT_OF_BAND,Economy Standard,7434,1412,180,9026,AirlineSite,Available
OBS00656,c4f8db40c36a,b8722922d34c,DEL,BOM,QP,QP-1123,2026-09-20,09:30,2026-09-07 20:15,12,T15(12-18),Economy Saver,4967,944,100,6011,Goibibo,Available
OBS00657,4f32ce97ec7a,b8722922d34c,DEL,BOM,QP,QP-1123,2026-09-20,09:30,2026-09-07 20:15,12,T15(12-18),Economy Saver,4959,942,180,6081,Cleartrip,Available
OBS00658,f7e8aeb91a08,a7a709ff669a,DEL,BOM,QP,QP-1123,2026-10-05,09:30,2026-09-07 20:15,27,T30(25-35),Economy Standard,5126,974,180,6280,MMT,Available
OBS00659,3c3c0236eeee,2a18c0868003,DEL,BOM,QP,QP-1123,2026-10-20,09:30,2026-09-07 20:15,42,T45(40-50),Economy Saver,3953,751,180,4884,MMT,Available
OBS00660,cb841bd88679,2a18c0868003,DEL,BOM,QP,QP-1123,2026-10-20,09:30,2026-09-07 20:15,42,T45(40-50),Economy Saver,4259,809,180,5248,Cleartrip,Available
OBS00661,538de5d86747,e25fabbeeeba,BLR,HYD,SG,SG-451,2026-09-12,12:00,2026-09-07 20:15,4,OUT_OF_BAND,Economy Saver,5730,1089,120,6939,Goibibo,Available
OBS00662,3f76e0930ab4,c1b430d6ef3d,BLR,HYD,SG,SG-451,2026-09-20,12:00,2026-09-07 20:15,12,T15(12-18),Economy Flexi,8215,1561,150,9926,AirlineSite,Available
OBS00663,5168f616aa78,c1b430d6ef3d,BLR,HYD,SG,SG-451,2026-09-20,12:00,2026-09-07 20:15,12,T15(12-18),Economy Flexi,7909,1503,180,9592,MMT,Available
OBS00664,ccce0e7edb42,bb7a4806d2ef,BLR,HYD,SG,SG-451,2026-09-20,12:00,2026-09-07 20:15,12,T15(12-18),Economy Saver,4962,943,120,6025,Cleartrip,Available
OBS00665,a032d73c0a0b,bfd475034edc,BLR,HYD,SG,SG-451,2026-10-05,12:00,2026-09-07 20:15,27,T30(25-35),Economy Standard,5546,1054,150,6750,MMT,Available
OBS00666,d9f7d2266c53,bfd475034edc,BLR,HYD,SG,SG-451,2026-10-05,12:00,2026-09-07 20:15,27,T30(25-35),Economy Standard,4980,946,180,6106,AirlineSite,Available
OBS00667,ca674c8b7f30,4168bf9fcb94,BLR,HYD,SG,SG-451,2026-10-20,12:00,2026-09-07 20:15,42,T45(40-50),Economy Standard,5108,970,120,6198,AirlineSite,Available
OBS00668,6d8896e16db6,e257b8bf6a27,BLR,HYD,SG,SG-451,2026-10-20,12:00,2026-09-07 20:15,42,T45(40-50),Economy Saver,4197,797,120,5114,AirlineSite,Available
OBS00669,a1e16afa212e,5a16717660ab,BLR,HYD,6E,6E-773,2026-09-12,16:45,2026-09-07 20:15,4,OUT_OF_BAND,Economy Standard,7548,1434,150,9132,MMT,Available
OBS00670,d25e5f9a5115,14624e203671,BLR,HYD,6E,6E-773,2026-09-12,16:45,2026-09-07 20:15,4,OUT_OF_BAND,Economy Flexi,8892,1689,150,10731,Cleartrip,Available
OBS00671,ee962e641a51,14624e203671,BLR,HYD,6E,6E-773,2026-09-12,16:45,2026-09-07 20:15,4,OUT_OF_BAND,Economy Flexi,10006,1901,120,12027,Goibibo,Available
OBS00672,fa9f8307cb42,bb7a4806d2ef,BLR,HYD,6E,6E-773,2026-09-20,16:45,2026-09-07 20:15,12,T15(12-18),Economy Saver,5028,955,100,6083,Cleartrip,Available
OBS00673,ed4319a9dd91,bb7a4806d2ef,BLR,HYD,6E,6E-773,2026-09-20,16:45,2026-09-07 20:15,12,T15(12-18),Economy Saver,4748,902,120,5770,AirlineSite,Available
OBS00674,2c7a70e33904,24a0effd14e0,BLR,HYD,6E,6E-773,2026-09-20,16:45,2026-09-07 20:15,12,T15(12-18),Economy Standard,6126,1164,120,7410,Goibibo,Available
OBS00675,4a500a255a8f,bfd475034edc,BLR,HYD,6E,6E-773,2026-10-05,16:45,2026-09-07 20:15,27,T30(25-35),Economy Standard,4980,946,120,6046,MMT,Available
OBS00676,6210a67b66e9,bfd475034edc,BLR,HYD,6E,6E-773,2026-10-05,16:45,2026-09-07 20:15,27,T30(25-35),Economy Standard,5337,1014,120,6471,Goibibo,Available
OBS00677,a15010679039,9f4e2bb4c6c8,BLR,HYD,6E,6E-773,2026-10-20,16:45,2026-09-07 20:15,42,T45(40-50),Economy Flexi,6291,1195,180,7666,AirlineSite,Available
OBS00678,5afddc67a7e5,2c7188a2652f,DEL,BLR,6E,6E-5011,2026-09-12,17:00,2026-09-07 20:15,4,OUT_OF_BAND,Economy Saver,5729,1089,120,6938,Cleartrip,Available
OBS00679,f3583e6ee7c2,0e31dcd82f0a,DEL,BLR,6E,6E-5011,2026-09-12,17:00,2026-09-07 20:15,4,OUT_OF_BAND,Economy Standard,8272,1572,150,9994,Goibibo,Available
OBS00680,0f79f3873d1f,0e31dcd82f0a,DEL,BLR,6E,6E-5011,2026-09-12,17:00,2026-09-07 20:15,4,OUT_OF_BAND,Economy Standard,7485,1422,150,9057,Cleartrip,Available
OBS00681,3d285a3415e4,1475218a87df,DEL,BLR,6E,6E-5011,2026-09-20,17:00,2026-09-07 20:15,12,T15(12-18),Economy Flexi,7733,1469,150,9352,MMT,Available
OBS00682,449a74cc63fb,1475218a87df,DEL,BLR,6E,6E-5011,2026-09-20,17:00,2026-09-07 20:15,12,T15(12-18),Economy Flexi,7551,1435,100,9086,Goibibo,Available
OBS00683,24d752d49442,a2844fb520cf,DEL,BLR,6E,6E-5011,2026-10-05,17:00,2026-09-07 20:15,27,T30(25-35),Economy Flexi,6478,1231,120,7829,AirlineSite,Available
OBS00684,649468b0feaf,a2844fb520cf,DEL,BLR,6E,6E-5011,2026-10-05,17:00,2026-09-07 20:15,27,T30(25-35),Economy Flexi,6509,1237,100,7846,Goibibo,Available
OBS00685,d18780086073,1a0596829dc8,DEL,BLR,6E,6E-5011,2026-10-05,17:00,2026-09-07 20:15,27,T30(25-35),Economy Standard,5164,981,100,6245,MMT,Available
OBS00686,e05863ebf93d,bf3eae4178b5,DEL,BLR,6E,6E-5011,2026-10-20,17:00,2026-09-07 20:15,42,T45(40-50),Economy Standard,5370,1020,100,6490,MMT,Available
OBS00687,f0743e17e9d6,dd35481106db,DEL,BLR,AI,AI-503,2026-09-12,05:45,2026-09-07 20:15,4,OUT_OF_BAND,Economy Flexi,9179,1744,120,11043,AirlineSite,Available
OBS00688,ae2cfc7f5729,0e31dcd82f0a,DEL,BLR,AI,AI-503,2026-09-12,05:45,2026-09-07 20:15,4,OUT_OF_BAND,Economy Standard,7568,1438,100,9106,AirlineSite,Available
OBS00689,53d6d1e364b2,0e31dcd82f0a,DEL,BLR,AI,AI-503,2026-09-12,05:45,2026-09-07 20:15,4,OUT_OF_BAND,Economy Standard,8032,1526,100,9658,MMT,Available
OBS00690,f58f7bd8128d,78c027de36d9,DEL,BLR,AI,AI-503,2026-09-20,05:45,2026-09-07 20:15,12,T15(12-18),Economy Standard,6867,1305,180,8352,Goibibo,Available
OBS00691,e6da5845f50f,78c027de36d9,DEL,BLR,AI,AI-503,2026-09-20,05:45,2026-09-07 20:15,12,T15(12-18),Economy Standard,6865,1304,150,8319,AirlineSite,Available
OBS00692,9ed7a1dfee88,1a0596829dc8,DEL,BLR,AI,AI-503,2026-10-05,05:45,2026-09-07 20:15,27,T30(25-35),Economy Standard,5050,959,100,6109,MMT,Available
OBS00693,e747de77ebee,85d569d51a6f,DEL,BLR,AI,AI-503,2026-10-05,05:45,2026-09-07 20:15,27,T30(25-35),Economy Saver,3810,724,150,4684,Cleartrip,Available
OBS00694,bd65d43d41d8,c7e037c3624d,DEL,BLR,AI,AI-503,2026-10-20,05:45,2026-09-07 20:15,42,T45(40-50),Economy Saver,4262,810,120,5192,MMT,Available
OBS00695,ee953406bb49,2c7188a2652f,DEL,BLR,UK,UK-822,2026-09-12,10:45,2026-09-07 20:15,4,OUT_OF_BAND,Economy Saver,6166,1172,180,7518,Goibibo,Available
OBS00696,e4e6c4ea53b9,dd35481106db,DEL,BLR,UK,UK-822,2026-09-12,10:45,2026-09-07 20:15,4,OUT_OF_BAND,Economy Flexi,9936,1888,120,11944,MMT,Available
OBS00697,d8b847685669,dd35481106db,DEL,BLR,UK,UK-822,2026-09-12,10:45,2026-09-07 20:15,4,OUT_OF_BAND,Economy Flexi,8923,1695,150,10768,Cleartrip,Available
OBS00698,84798d4bc39b,7f550039d6be,DEL,BLR,UK,UK-822,2026-09-20,10:45,2026-09-07 20:15,12,T15(12-18),Economy Saver,5138,976,150,6264,Cleartrip,Available
OBS00699,67431141c927,85d569d51a6f,DEL,BLR,UK,UK-822,2026-10-05,10:45,2026-09-07 20:15,27,T30(25-35),Economy Saver,4097,778,180,5055,Goibibo,Available
OBS00700,7cf16e5b2122,c7e037c3624d,DEL,BLR,UK,UK-822,2026-10-20,10:45,2026-09-07 20:15,42,T45(40-50),Economy Saver,4022,764,150,4936,AirlineSite,Available
OBS00701,14469bd89d04,17979f47af24,MAA,CCU,6E,6E-6120,2026-09-12,12:00,2026-09-07 20:15,4,OUT_OF_BAND,Economy Flexi,8889,1689,120,10698,AirlineSite,Available
OBS00702,dd01c34ae105,c01e53ab779d,MAA,CCU,6E,6E-6120,2026-09-12,12:00,2026-09-07 20:15,4,OUT_OF_BAND,Economy Standard,7785,1479,100,9364,Cleartrip,Available
OBS00703,cc6287b238fa,c01e53ab779d,MAA,CCU,6E,6E-6120,2026-09-12,12:00,2026-09-07 20:15,4,OUT_OF_BAND,Economy Standard,7620,1448,180,9248,AirlineSite,Available
OBS00704,16a2bdc7a73e,dd19312763d8,MAA,CCU,6E,6E-6120,2026-09-20,12:00,2026-09-07 20:15,12,T15(12-18),Economy Standard,6664,1266,180,8110,Cleartrip,Available
OBS00705,772388e0063d,dd19312763d8,MAA,CCU,6E,6E-6120,2026-09-20,12:00,2026-09-07 20:15,12,T15(12-18),Economy Standard,6281,1193,180,7654,AirlineSite,Available
OBS00706,dccf882d76f3,0122ec6b8c01,MAA,CCU,6E,6E-6120,2026-10-05,12:00,2026-09-07 20:15,27,T30(25-35),Economy Saver,3937,748,180,4865,AirlineSite,Available
OBS00707,f0543db819d9,03d61faab4e0,MAA,CCU,6E,6E-6120,2026-10-20,12:00,2026-09-07 20:15,42,T45(40-50),Economy Saver,3879,737,100,4716,AirlineSite,Available
OBS00708,4dde769ccd6f,17979f47af24,MAA,CCU,SG,SG-988,2026-09-12,14:30,2026-09-07 20:15,4,OUT_OF_BAND,Economy Flexi,10034,1907,120,12061,Goibibo,Available
OBS00709,882be6afdaa0,96a704c16780,MAA,CCU,SG,SG-988,2026-09-20,14:30,2026-09-07 20:15,12,T15(12-18),Economy Saver,5155,979,180,6314,Goibibo,Available
OBS00710,231ba0ceb118,96a704c16780,MAA,CCU,SG,SG-988,2026-09-20,14:30,2026-09-07 20:15,12,T15(12-18),Economy Saver,5081,965,120,6166,Cleartrip,Available
OBS00711,6f7cf348fc64,dd19312763d8,MAA,CCU,SG,SG-988,2026-09-20,14:30,2026-09-07 20:15,12,T15(12-18),Economy Standard,6192,1176,100,7468,Cleartrip,Available
OBS00712,05098da436a7,30301e416d98,MAA,CCU,SG,SG-988,2026-10-05,14:30,2026-09-07 20:15,27,T30(25-35),Economy Flexi,6127,1164,120,7411,Goibibo,Available
OBS00713,ebccf7f0c4cc,0122ec6b8c01,MAA,CCU,SG,SG-988,2026-10-05,14:30,2026-09-07 20:15,27,T30(25-35),Economy Saver,3866,734,180,4780,MMT,Available
OBS00714,77866b458339,134f6aeba305,MAA,CCU,SG,SG-988,2026-10-20,14:30,2026-09-07 20:15,42,T45(40-50),Economy Flexi,6802,1292,120,8214,MMT,Available
OBS00715,956e2c868624,b8722922d34c,DEL,BOM,6E,6E-2341,2026-09-20,08:10,2026-09-05 10:32,14,T15(12-18),Economy Saver,4200,1050,150,5400,AirlineSite,Available
OBS00716,c64836b877b5,b8722922d34c,DEL,BOM,6E,6E-2341,2026-09-20,08:10,2026-09-05 10:33,14,T15(12-18),Economy Saver,4200,1050,150,5400,AirlineSite,Available
OBS00717,7a9aad957de7,b8722922d34c,DEL,BOM,6E,6E-2341,2026-09-20,08:10,2026-09-05 18:47,14,T15(12-18),Economy Saver,4600,1050,150,5800,AirlineSite,Available
OBS00718,ac6e4a449e2a,b8722922d34c,DEL,BOM,6E,6E-2341,2026-09-20,08:10,2026-09-05 10:40,14,T15(12-18),Economy Saver,4300,1050,200,5550,MMT,Available
OBS00719,a537980a7fd2,b8722922d34c,DEL,BOM,6E,6E-2341,2026-09-20,08:10,2026-09-05 10:41,14,T15(12-18),Economy Saver,4280,1050,180,5510,Goibibo,Available
OBS00720,5a525ebed337,dc9a0c69e72f,DEL,BOM,6E,6E-2341,2026-09-20,08:10,2026-09-05 10:32,14,T15(12-18),Economy Flexi,5600,1150,150,6900,AirlineSite,Available
OBS00721,3d9e05542d07,b8722922d34c,DEL,BOM,6E,6E-2341,2026-09-20,08:10,2026-09-05 10:32,14,T15(12-18),Economy Saver,-500,1050,150,700,MMT,Available
OBS00722,22edb3b30b1d,b8722922d34c,DEL,BOM,6E,6E-2341,2026-09-20,08:10,2026-09-05 23:59,14,T15(12-18),Economy Saver,12000,1900,150,14050,AirlineSite,Available
OBS00723,0f99e3825379,bb7a4806d2ef,BLR,HYD,SG,SG-451,2026-09-20,06:15,2026-09-05 20:00,14,T15(12-18),Economy Saver,,,,3600,Goibibo,Available
OBS00724,1f8632047020,6d3e4f1eeac2,BLR,HYD,SG,SG-451,2026-09-21,06:15,2026-09-05 09:20,15,T15(12-18),Economy Saver,,,,,AirlineSite,Sold Out
OBS00725,40929040b746,b8722922d34c,DEL,BOM,6E,6E-2341,2026-09-20,08:10,2026-09-05 10:50,14,T15(12-18),Economy Saver,4200,1050,150,5400,,Available
OBS00726,8da20635241b,bae385f948bc,,,AirlineSite-parse-error,UNKNOWN,2026-09-20,08:10,2026-09-05 10:32,14,T15(12-18),Economy Saver,4000,1000,150,5150,AirlineSite,Available
OBS00727,956e2c868624,b8722922d34c,DEL,BOM,6E,6E-2341,2026-09-20,08:10,,14,T15(12-18),Economy Saver,4200,1050,150,5400,AirlineSite,Available
OBS00728,be2ea2d94374,b8722922d34c,DEL,BOM,QP,QP-1123,2026-09-20,07:30,2026-09-05 10:36,14,T15(12-18),Economy Saver,4500,1050,150,5700,AirlineSite,Available
OBS00729,010b27206910,b8722922d34c,DEL,BOM,QP,QP-1123,2026-09-20,07:30,2026-09-05 10:44,14,T15(12-18),Economy Saver,4500,1050,150,5700,Cleartrip,Available
