observation_id,capture_signature,economic_signature,origin,destination,carrier,flight_number,travel_date,departure_time,collection_timestamp,advance_purchase_days,advance_purchase_window,fare_class,base_fare,taxes,fees,total_fare,source,availability_status
OBS00001,350e1394d93f,88ab09a10eee,DEL,BOM,6E,6E-2341,2026-09-06,08:00,2026-09-05 09:00,1,T1(0-2),Economy Standard,8537,1622,100,10259,MMT,Available
OBS00002,86e22da8e843,87642201e6b5,DEL,BOM,6E,6E-2341,2026-09-06,08:00,2026-09-05 09:00,1,T1(0-2),Economy Saver,5990,1138,120,7248,Goibibo,Available
OBS00003,bb3379c788f8,87642201e6b5,DEL,BOM,6E,6E-2341,2026-09-06,08:00,2026-09-05 09:00,1,T1(0-2),Economy Saver,6156,1170,100,7426,AirlineSite,Available
OBS00004,44a9b3199066,cc19bed3c720,DEL,BOM,6E,6E-2341,2026-09-12,08:00,2026-09-05 09:00,7,T7(5-9),Economy Saver,5708,1085,100,6893,Goibibo,Available
OBS00005,ff2c12e21654,c1b1f8d495f8,DEL,BOM,6E,6E-2341,2026-09-12,08:00,2026-09-05 09:00,7,T7(5-9),Economy Standard,7186,1365,120,8671,Goibibo,Available
OBS00006,4af971545f58,37a5de9260b1,DEL,BOM,6E,6E-2341,2026-09-20,08:00,2026-09-05 09:00,15,T15(12-18),Economy Standard,5976,1136,150,7262,AirlineSite,Available
OBS00007,01b5e4b13d57,d75a1e4d61f5,DEL,BOM,6E,6E-2341,2026-10-05,08:00,2026-09-05 09:00,30,T30(25-35),Economy Flexi,6583,1251,100,7934,AirlineSite,Available
OBS00008,b8a62028b12c,2a18c0868003,DEL,BOM,6E,6E-2341,2026-10-20,08:00,2026-09-05 09:00,45,T45(40-50),Economy Saver,4122,783,150,5055,Cleartrip,Available
OBS00009,9b4d3fe10d28,2a18c0868003,DEL,BOM,6E,6E-2341,2026-10-20,08:00,2026-09-05 09:00,45,T45(40-50),Economy Saver,4100,779,100,4979,Goibibo,Available
OBS00010,2cd2c6ed5336,87642201e6b5,DEL,BOM,AI,AI-865,2026-09-06,06:15,2026-09-05 09:00,1,T1(0-2),Economy Saver,6276,1193,180,7649,AirlineSite,Available
OBS00011,38095da86281,c1b1f8d495f8,DEL,BOM,AI,AI-865,2026-09-12,06:15,2026-09-05 09:00,7,T7(5-9),Economy Standard,7063,1342,150,8555,Cleartrip,Available
OBS00012,f9d58d4656ae,cc19bed3c720,DEL,BOM,AI,AI-865,2026-09-12,06:15,2026-09-05 09:00,7,T7(5-9),Economy Saver,5741,1091,120,6952,AirlineSite,Available
OBS00013,3fd9a4a4a07e,cc19bed3c720,DEL,BOM,AI,AI-865,2026-09-12,06:15,2026-09-05 09:00,7,T7(5-9),Economy Saver,5400,1026,180,6606,Cleartrip,Available
OBS00014,687b4746fdae,dc9a0c69e72f,DEL,BOM,AI,AI-865,2026-09-20,06:15,2026-09-05 09:00,15,T15(12-18),Economy Flexi,7188,1366,100,8654,MMT,Available
OBS00015,3215cd140d40,dc9a0c69e72f,DEL,BOM,AI,AI-865,2026-09-20,06:15,2026-09-05 09:00,15,T15(12-18),Economy Flexi,7098,1349,100,8547,Cleartrip,Available
OBS00016,7a199ddc592d,a7a709ff669a,DEL,BOM,AI,AI-865,2026-10-05,06:15,2026-09-05 09:00,30,T30(25-35),Economy Standard,5083,966,150,6199,AirlineSite,Available
OBS00017,8d876d72fcf4,39513d756b0a,DEL,BOM,AI,AI-865,2026-10-20,06:15,2026-09-05 09:00,45,T45(40-50),Economy Flexi,6710,1275,180,8165,Goibibo,Available
OBS00018,5157caa348b4,87642201e6b5,DEL,BOM,QP,QP-1123,2026-09-06,09:30,2026-09-05 09:00,1,T1(0-2),Economy Saver,6443,1224,180,7847,Cleartrip,Available
OBS00019,43f6c8918dc3,87642201e6b5,DEL,BOM,QP,QP-1123,2026-09-06,09:30,2026-09-05 09:00,1,T1(0-2),Economy Saver,6262,1190,120,7572,Goibibo,Available
OBS00020,55731b2ab5d4,c1b1f8d495f8,DEL,BOM,QP,QP-1123,2026-09-12,09:30,2026-09-05 09:00,7,T7(5-9),Economy Standard,7010,1332,120,8462,AirlineSite,Available
OBS00021,c1149cdeceb7,cc19bed3c720,DEL,BOM,QP,QP-1123,2026-09-12,09:30,2026-09-05 09:00,7,T7(5-9),Economy Saver,5328,1012,180,6520,Goibibo,Available
OBS00022,1dbc2ea3dcf9,cc19bed3c720,DEL,BOM,QP,QP-1123,2026-09-12,09:30,2026-09-05 09:00,7,T7(5-9),Economy Saver,5713,1085,180,6978,Cleartrip,Available
OBS00023,51dca1a50e64,37a5de9260b1,DEL,BOM,QP,QP-1123,2026-09-20,09:30,2026-09-05 09:00,15,T15(12-18),Economy Standard,6369,1210,150,7729,AirlineSite,Available
OBS00024,6c8940443d24,37a5de9260b1,DEL,BOM,QP,QP-1123,2026-09-20,09:30,2026-09-05 09:00,15,T15(12-18),Economy Standard,6279,1193,150,7622,Cleartrip,Available
OBS00025,866f3e628c96,b8722922d34c,DEL,BOM,QP,QP-1123,2026-09-20,09:30,2026-09-05 09:00,15,T15(12-18),Economy Saver,4630,880,180,5690,Cleartrip,Available
OBS00026,8f2c7203b314,d75a1e4d61f5,DEL,BOM,QP,QP-1123,2026-10-05,09:30,2026-09-05 09:00,30,T30(25-35),Economy Flexi,6609,1256,100,7965,Cleartrip,Available
OBS00027,9de613259515,d75a1e4d61f5,DEL,BOM,QP,QP-1123,2026-10-05,09:30,2026-09-05 09:00,30,T30(25-35),Economy Flexi,6698,1273,150,8121,Goibibo,Available
OBS00028,712321171b93,39513d756b0a,DEL,BOM,QP,QP-1123,2026-10-20,09:30,2026-09-05 09:00,45,T45(40-50),Economy Flexi,6609,1256,100,7965,Cleartrip,Available
OBS00029,bd440a2e3928,2a18c0868003,DEL,BOM,QP,QP-1123,2026-10-20,09:30,2026-09-05 09:00,45,T45(40-50),Economy Saver,3810,724,150,4684,Cleartrip,Available
OBS00030,f0cb6b49135f,2a18c0868003,DEL,BOM,QP,QP-1123,2026-10-20,09:30,2026-09-05 09:00,45,T45(40-50),Economy Saver,4257,809,150,5216,MMT,Available
OBS00031,30b69e384fdc,5f429a888437,BLR,HYD,SG,SG-451,2026-09-06,12:00,2026-09-05 09:00,1,T1(0-2),Economy Flexi,10338,1964,100,12402,AirlineSite,Available
OBS00032,849083f93978,4cfbb232d2a5,BLR,HYD,SG,SG-451,2026-09-12,12:00,2026-09-05 09:00,7,T7(5-9),Economy Saver,5401,1026,180,6607,Goibibo,Available
OBS00033,f6a2c632d03c,4cfbb232d2a5,BLR,HYD,SG,SG-451,2026-09-12,12:00,2026-09-05 09:00,7,T7(5-9),Economy Saver,5979,1136,120,7235,Cleartrip,Available
OBS00034,8926e508d6ca,c212c6a55ae1,BLR,HYD,SG,SG-451,2026-09-12,12:00,2026-09-05 09:00,7,T7(5-9),Economy Flexi,9452,1796,150,11398,Cleartrip,Available
OBS00035,d75cc25478cd,c212c6a55ae1,BLR,HYD,SG,SG-451,2026-09-12,12:00,2026-09-05 09:00,7,T7(5-9),Economy Flexi,8818,1675,180,10673,MMT,Available
OBS00036,311382d20757,bb7a4806d2ef,BLR,HYD,SG,SG-451,2026-09-20,12:00,2026-09-05 09:00,15,T15(12-18),Economy Saver,4572,869,120,5561,AirlineSite,Available
OBS00037,5ec612ff4058,8ffb61505283,BLR,HYD,SG,SG-451,2026-10-05,12:00,2026-09-05 09:00,30,T30(25-35),Economy Saver,3919,745,100,4764,AirlineSite,Available
OBS00038,05b8d8049abb,f91b72f2d855,BLR,HYD,SG,SG-451,2026-10-05,12:00,2026-09-05 09:00,30,T30(25-35),Economy Flexi,6406,1217,150,7773,AirlineSite,Available
OBS00039,3acd18e59b16,4168bf9fcb94,BLR,HYD,SG,SG-451,2026-10-20,12:00,2026-09-05 09:00,45,T45(40-50),Economy Standard,5572,1059,180,6811,MMT,Available
OBS00040,828fd8127c50,4168bf9fcb94,BLR,HYD,SG,SG-451,2026-10-20,12:00,2026-09-05 09:00,45,T45(40-50),Economy Standard,5104,970,180,6254,Cleartrip,Available
OBS00041,99b844d3d00a,e257b8bf6a27,BLR,HYD,SG,SG-451,2026-10-20,12:00,2026-09-05 09:00,45,T45(40-50),Economy Saver,3849,731,180,4760,MMT,Available
OBS00042,0a69a57423da,2716b7b1fead,BLR,HYD,6E,6E-773,2026-09-06,16:45,2026-09-05 09:00,1,T1(0-2),Economy Standard,8449,1605,100,10154,AirlineSite,Available
OBS00043,e5dc4101c4ab,2716b7b1fead,BLR,HYD,6E,6E-773,2026-09-06,16:45,2026-09-05 09:00,1,T1(0-2),Economy Standard,7820,1486,150,9456,Cleartrip,Available
OBS00044,35b5401db766,4cfbb232d2a5,BLR,HYD,6E,6E-773,2026-09-12,16:45,2026-09-05 09:00,7,T7(5-9),Economy Saver,5670,1077,120,6867,MMT,Available
OBS00045,61ffbde1a9dd,bb7a4806d2ef,BLR,HYD,6E,6E-773,2026-09-20,16:45,2026-09-05 09:00,15,T15(12-18),Economy Saver,4519,859,100,5478,Goibibo,Available
OBS00046,03774cbb2cad,f91b72f2d855,BLR,HYD,6E,6E-773,2026-10-05,16:45,2026-09-05 09:00,30,T30(25-35),Economy Flexi,6519,1239,100,7858,AirlineSite,Available
OBS00047,c34c432836f6,e257b8bf6a27,BLR,HYD,6E,6E-773,2026-10-20,16:45,2026-09-05 09:00,45,T45(40-50),Economy Saver,4053,770,120,4943,Goibibo,Available
OBS00048,498f042a304b,541d83fb2ee3,DEL,BLR,6E,6E-5011,2026-09-06,17:00,2026-09-05 09:00,1,T1(0-2),Economy Standard,8037,1527,180,9744,Goibibo,Available
OBS00049,0afeb92c2396,c9b904f290c2,DEL,BLR,6E,6E-5011,2026-09-12,17:00,2026-09-05 09:00,7,T7(5-9),Economy Standard,7045,1339,120,8504,Goibibo,Available
OBS00050,6eadb389cc3b,c9b904f290c2,DEL,BLR,6E,6E-5011,2026-09-12,17:00,2026-09-05 09:00,7,T7(5-9),Economy Standard,7777,1478,100,9355,AirlineSite,Available
OBS00051,7f2d4157e271,78c027de36d9,DEL,BLR,6E,6E-5011,2026-09-20,17:00,2026-09-05 09:00,15,T15(12-18),Economy Standard,6072,1154,120,7346,Goibibo,Available
OBS00052,82a3db29bcc7,7f550039d6be,DEL,BLR,6E,6E-5011,2026-09-20,17:00,2026-09-05 09:00,15,T15(12-18),Economy Saver,4879,927,100,5906,AirlineSite,Available
OBS00053,11eba9032878,85d569d51a6f,DEL,BLR,6E,6E-5011,2026-10-05,17:00,2026-09-05 09:00,30,T30(25-35),Economy Saver,4290,815,120,5225,AirlineSite,Available
OBS00054,4bacece8eb56,a2844fb520cf,DEL,BLR,6E,6E-5011,2026-10-05,17:00,2026-09-05 09:00,30,T30(25-35),Economy Flexi,6052,1150,150,7352,AirlineSite,Available
OBS00055,9e8383f20de0,a2844fb520cf,DEL,BLR,6E,6E-5011,2026-10-05,17:00,2026-09-05 09:00,30,T30(25-35),Economy Flexi,6751,1283,120,8154,Cleartrip,Available
OBS00056,1d8ff50567dd,88d6a22dc555,DEL,BLR,6E,6E-5011,2026-10-20,17:00,2026-09-05 09:00,45,T45(40-50),Economy Flexi,6309,1199,150,7658,Cleartrip,Available
OBS00057,4ff02ad45484,bf3eae4178b5,DEL,BLR,6E,6E-5011,2026-10-20,17:00,2026-09-05 09:00,45,T45(40-50),Economy Standard,5568,1058,100,6726,Cleartrip,Available
OBS00058,2637c3b52511,4a44ee99890d,DEL,BLR,AI,AI-503,2026-09-06,05:45,2026-09-05 09:00,1,T1(0-2),Economy Flexi,10047,1909,120,12076,MMT,Available
OBS00059,dcead7ae31c7,185bcc3961d3,DEL,BLR,AI,AI-503,2026-09-06,05:45,2026-09-05 09:00,1,T1(0-2),Economy Saver,6684,1270,150,8104,AirlineSite,Available
OBS00060,7c54c09dfb39,368a85f47dc9,DEL,BLR,AI,AI-503,2026-09-12,05:45,2026-09-05 09:00,7,T7(5-9),Economy Saver,5724,1088,100,6912,Cleartrip,Available
OBS00061,af83141d0312,1475218a87df,DEL,BLR,AI,AI-503,2026-09-20,05:45,2026-09-05 09:00,15,T15(12-18),Economy Flexi,7132,1355,100,8587,AirlineSite,Available
OBS00062,5669877dac26,1475218a87df,DEL,BLR,AI,AI-503,2026-09-20,05:45,2026-09-05 09:00,15,T15(12-18),Economy Flexi,7582,1441,120,9143,Goibibo,Available
OBS00063,378c76790c23,78c027de36d9,DEL,BLR,AI,AI-503,2026-09-20,05:45,2026-09-05 09:00,15,T15(12-18),Economy Standard,6151,1169,150,7470,Cleartrip,Available
OBS00064,8759446587b4,a2844fb520cf,DEL,BLR,AI,AI-503,2026-10-05,05:45,2026-09-05 09:00,30,T30(25-35),Economy Flexi,6385,1213,100,7698,Cleartrip,Available
OBS00065,2cb7bc7febd5,a2844fb520cf,DEL,BLR,AI,AI-503,2026-10-05,05:45,2026-09-05 09:00,30,T30(25-35),Economy Flexi,6061,1152,180,7393,Goibibo,Available
OBS00066,febece4cf8e1,c7e037c3624d,DEL,BLR,AI,AI-503,2026-10-20,05:45,2026-09-05 09:00,45,T45(40-50),Economy Saver,4201,798,150,5149,Cleartrip,Available
OBS00067,3604441e317f,4a44ee99890d,DEL,BLR,UK,UK-822,2026-09-06,10:45,2026-09-05 09:00,1,T1(0-2),Economy Flexi,9493,1804,120,11417,AirlineSite,Available
OBS00068,13ec6e7159d3,4a44ee99890d,DEL,BLR,UK,UK-822,2026-09-06,10:45,2026-09-05 09:00,1,T1(0-2),Economy Flexi,10098,1919,150,12167,Goibibo,Available
OBS00069,28edb4216b94,541d83fb2ee3,DEL,BLR,UK,UK-822,2026-09-06,10:45,2026-09-05 09:00,1,T1(0-2),Economy Standard,7891,1499,150,9540,MMT,Available
OBS00070,520e087149ac,541d83fb2ee3,DEL,BLR,UK,UK-822,2026-09-06,10:45,2026-09-05 09:00,1,T1(0-2),Economy Standard,8143,1547,100,9790,Goibibo,Available
OBS00071,583b6230d91b,368a85f47dc9,DEL,BLR,UK,UK-822,2026-09-12,10:45,2026-09-05 09:00,7,T7(5-9),Economy Saver,5356,1018,180,6554,MMT,Available
OBS00072,104da19aa7fb,368a85f47dc9,DEL,BLR,UK,UK-822,2026-09-12,10:45,2026-09-05 09:00,7,T7(5-9),Economy Saver,5986,1137,120,7243,Cleartrip,Available
OBS00073,24affaec8d4b,7f550039d6be,DEL,BLR,UK,UK-822,2026-09-20,10:45,2026-09-05 09:00,15,T15(12-18),Economy Saver,4385,833,150,5368,Goibibo,Available
OBS00074,c4e9da564154,a2844fb520cf,DEL,BLR,UK,UK-822,2026-10-05,10:45,2026-09-05 09:00,30,T30(25-35),Economy Flexi,6115,1162,100,7377,MMT,Available
OBS00075,2466ed40241d,a2844fb520cf,DEL,BLR,UK,UK-822,2026-10-05,10:45,2026-09-05 09:00,30,T30(25-35),Economy Flexi,6298,1197,100,7595,Goibibo,Available
OBS00076,f0bc39f28478,c7e037c3624d,DEL,BLR,UK,UK-822,2026-10-20,10:45,2026-09-05 09:00,45,T45(40-50),Economy Saver,3982,757,120,4859,Goibibo,Available
OBS00077,1a934f43995c,d6eca9fabec4,MAA,CCU,6E,6E-6120,2026-09-06,12:00,2026-09-05 09:00,1,T1(0-2),Economy Saver,6672,1268,150,8090,Cleartrip,Available
OBS00078,735cf61053b2,8946e1e5fe25,MAA,CCU,6E,6E-6120,2026-09-06,12:00,2026-09-05 09:00,1,T1(0-2),Economy Standard,8477,1611,150,10238,Goibibo,Available
OBS00079,96e7c0b4f474,1604d95c76f6,MAA,CCU,6E,6E-6120,2026-09-12,12:00,2026-09-05 09:00,7,T7(5-9),Economy Saver,5702,1083,150,6935,MMT,Available
OBS00080,f75d5aa61258,96a704c16780,MAA,CCU,6E,6E-6120,2026-09-20,12:00,2026-09-05 09:00,15,T15(12-18),Economy Saver,4806,913,150,5869,Goibibo,Available
OBS00081,46b900d92409,96a704c16780,MAA,CCU,6E,6E-6120,2026-09-20,12:00,2026-09-05 09:00,15,T15(12-18),Economy Saver,4631,880,100,5611,MMT,Available
OBS00082,1f1d8dcac97b,30301e416d98,MAA,CCU,6E,6E-6120,2026-10-05,12:00,2026-09-05 09:00,30,T30(25-35),Economy Flexi,6021,1144,180,7345,Cleartrip,Available
OBS00083,258412bf4b4b,134f6aeba305,MAA,CCU,6E,6E-6120,2026-10-20,12:00,2026-09-05 09:00,45,T45(40-50),Economy Flexi,6338,1204,150,7692,MMT,Available
OBS00084,41ef51b385ae,134f6aeba305,MAA,CCU,6E,6E-6120,2026-10-20,12:00,2026-09-05 09:00,45,T45(40-50),Economy Flexi,6495,1234,100,7829,Goibibo,Available
OBS00085,52d5d5f454e1,8946e1e5fe25,MAA,CCU,SG,SG-988,2026-09-06,14:30,2026-09-05 09:00,1,T1(0-2),Economy Standard,8344,1585,120,10049,Cleartrip,Available
OBS00086,961e2994cd2a,79b16d498fc8,MAA,CCU,SG,SG-988,2026-09-06,14:30,2026-09-05 09:00,1,T1(0-2),Economy Flexi,10267,1951,120,12338,Goibibo,Available
OBS00087,37edbeea1782,1e42463f6726,MAA,CCU,SG,SG-988,2026-09-12,14:30,2026-09-05 09:00,7,T7(5-9),Economy Flexi,8665,1646,120,10431,AirlineSite,Available
OBS00088,10fbc8003548,bfdedc1a4859,MAA,CCU,SG,SG-988,2026-09-12,14:30,2026-09-05 09:00,7,T7(5-9),Economy Standard,7304,1388,180,8872,Cleartrip,Available
OBS00089,b47129a62b75,96a704c16780,MAA,CCU,SG,SG-988,2026-09-20,14:30,2026-09-05 09:00,15,T15(12-18),Economy Saver,4421,840,150,5411,MMT,Available
OBS00090,23746808db9a,96a704c16780,MAA,CCU,SG,SG-988,2026-09-20,14:30,2026-09-05 09:00,15,T15(12-18),Economy Saver,4426,841,120,5387,Cleartrip,Available
OBS00091,6e6ebb7b744a,dd19312763d8,MAA,CCU,SG,SG-988,2026-09-20,14:30,2026-09-05 09:00,15,T15(12-18),Economy Standard,6308,1199,120,7627,Cleartrip,Available
OBS00092,5d44ca5ff6b3,dd19312763d8,MAA,CCU,SG,SG-988,2026-09-20,14:30,2026-09-05 09:00,15,T15(12-18),Economy Standard,5700,1083,120,6903,AirlineSite,Available
OBS00093,481645469442,30301e416d98,MAA,CCU,SG,SG-988,2026-10-05,14:30,2026-09-05 09:00,30,T30(25-35),Economy Flexi,6324,1202,120,7646,Goibibo,Available
OBS00094,c2cffdebaf82,134f6aeba305,MAA,CCU,SG,SG-988,2026-10-20,14:30,2026-09-05 09:00,45,T45(40-50),Economy Flexi,6185,1175,100,7460,Goibibo,Available
OBS00095,006a708bcabc,d08cdfeb22c3,MAA,CCU,SG,SG-988,2026-10-20,14:30,2026-09-05 09:00,45,T45(40-50),Economy Standard,5088,967,180,6235,Goibibo,Available
OBS00096,18f0a0f40708,40a21046cb1e,DEL,BOM,6E,6E-2341,2026-09-06,08:00,2026-09-05 14:30,1,T1(0-2),Economy Flexi,9983,1897,180,12060,AirlineSite,Available
OBS00097,9b7a6eebb19c,c8a9a94d404b,DEL,BOM,6E,6E-2341,2026-09-12,08:00,2026-09-05 14:30,7,T7(5-9),Economy Flexi,9265,1760,180,11205,Goibibo,Available
OBS00098,319dff0ddd88,c1b1f8d495f8,DEL,BOM,6E,6E-2341,2026-09-12,08:00,2026-09-05 14:30,7,T7(5-9),Economy Standard,7290,1385,120,8795,Goibibo,Available
OBS00099,0704d5cc96b2,37a5de9260b1,DEL,BOM,6E,6E-2341,2026-09-20,08:00,2026-09-05 14:30,15,T15(12-18),Economy Standard,6023,1144,150,7317,MMT,Available
OBS00100,d7de0ed642e2,37a5de9260b1,DEL,BOM,6E,6E-2341,2026-09-20,08:00,2026-09-05 14:30,15,T15(12-18),Economy Standard,5863,1114,150,7127,Goibibo,Available
OBS00101,1ff9ed4b770e,dc9a0c69e72f,DEL,BOM,6E,6E-2341,2026-09-20,08:00,2026-09-05 14:30,15,T15(12-18),Economy Flexi,7013,1332,120,8465,AirlineSite,Available
OBS00102,dff92d036b2f,d75a1e4d61f5,DEL,BOM,6E,6E-2341,2026-10-05,08:00,2026-09-05 14:30,30,T30(25-35),Economy Flexi,6038,1147,180,7365,MMT,Available
OBS00103,87fd308e454d,39513d756b0a,DEL,BOM,6E,6E-2341,2026-10-20,08:00,2026-09-05 14:30,45,T45(40-50),Economy Flexi,6036,1147,180,7363,Goibibo,Available
OBS00104,5018dacc0446,40a21046cb1e,DEL,BOM,AI,AI-865,2026-09-06,06:15,2026-09-05 14:30,1,T1(0-2),Economy Flexi,9886,1878,100,11864,AirlineSite,Available
OBS00105,52e0c84eb9e2,40a21046cb1e,DEL,BOM,AI,AI-865,2026-09-06,06:15,2026-09-05 14:30,1,T1(0-2),Economy Flexi,10609,2016,150,12775,Cleartrip,Available
OBS00106,3648236b07c3,c1b1f8d495f8,DEL,BOM,AI,AI-865,2026-09-12,06:15,2026-09-05 14:30,7,T7(5-9),Economy Standard,7073,1344,180,8597,MMT,Available
OBS00107,ec6526106a53,c1b1f8d495f8,DEL,BOM,AI,AI-865,2026-09-12,06:15,2026-09-05 14:30,7,T7(5-9),Economy Standard,7323,1391,180,8894,Goibibo,Available
OBS00108,14802136482c,dc9a0c69e72f,DEL,BOM,AI,AI-865,2026-09-20,06:15,2026-09-05 14:30,15,T15(12-18),Economy Flexi,7038,1337,180,8555,Goibibo,Available
OBS00109,8d47673e575f,dc9a0c69e72f,DEL,BOM,AI,AI-865,2026-09-20,06:15,2026-09-05 14:30,15,T15(12-18),Economy Flexi,7749,1472,100,9321,Cleartrip,Available
OBS00110,dd64666c5e39,d75a1e4d61f5,DEL,BOM,AI,AI-865,2026-10-05,06:15,2026-09-05 14:30,30,T30(25-35),Economy Flexi,6511,1237,120,7868,AirlineSite,Available
OBS00111,2688443eb3d7,d75a1e4d61f5,DEL,BOM,AI,AI-865,2026-10-05,06:15,2026-09-05 14:30,30,T30(25-35),Economy Flexi,6695,1272,120,8087,Goibibo,Available
OBS00112,464b9d79b5af,ad4c6be1e8ec,DEL,BOM,AI,AI-865,2026-10-20,06:15,2026-09-05 14:30,45,T45(40-50),Economy Standard,5083,966,150,6199,Cleartrip,Available
OBS00113,72c937b090e3,88ab09a10eee,DEL,BOM,QP,QP-1123,2026-09-06,09:30,2026-09-05 14:30,1,T1(0-2),Economy Standard,8024,1524,100,9648,Goibibo,Available
OBS00114,2a01f39842e7,cc19bed3c720,DEL,BOM,QP,QP-1123,2026-09-12,09:30,2026-09-05 14:30,7,T7(5-9),Economy Saver,5444,1034,100,6578,AirlineSite,Available
OBS00115,e35663944906,cc19bed3c720,DEL,BOM,QP,QP-1123,2026-09-12,09:30,2026-09-05 14:30,7,T7(5-9),Economy Saver,5847,1111,100,7058,MMT,Available
OBS00116,b303336c05e3,b8722922d34c,DEL,BOM,QP,QP-1123,2026-09-20,09:30,2026-09-05 14:30,15,T15(12-18),Economy Saver,4742,901,120,5763,AirlineSite,Available
OBS00117,2308f676c669,a7a709ff669a,DEL,BOM,QP,QP-1123,2026-10-05,09:30,2026-09-05 14:30,30,T30(25-35),Economy Standard,5581,1060,180,6821,AirlineSite,Available
OBS00118,9a54be83c01a,a7a709ff669a,DEL,BOM,QP,QP-1123,2026-10-05,09:30,2026-09-05 14:30,30,T30(25-35),Economy Standard,5413,1028,150,6591,Cleartrip,Available
OBS00119,3fc27b040075,39513d756b0a,DEL,BOM,QP,QP-1123,2026-10-20,09:30,2026-09-05 14:30,45,T45(40-50),Economy Flexi,6775,1287,100,8162,AirlineSite,Available
OBS00120,1c6f56c61c0f,39513d756b0a,DEL,BOM,QP,QP-1123,2026-10-20,09:30,2026-09-05 14:30,45,T45(40-50),Economy Flexi,6459,1227,150,7836,Goibibo,Available
OBS00121,8dfda897b1c9,5f429a888437,BLR,HYD,SG,SG-451,2026-09-06,12:00,2026-09-05 14:30,1,T1(0-2),Economy Flexi,9494,1804,120,11418,MMT,Available
OBS00122,2523435fdd47,2716b7b1fead,BLR,HYD,SG,SG-451,2026-09-06,12:00,2026-09-05 14:30,1,T1(0-2),Economy Standard,8658,1645,100,10403,Cleartrip,Available
OBS00123,97d74acb9649,4cfbb232d2a5,BLR,HYD,SG,SG-451,2026-09-12,12:00,2026-09-05 14:30,7,T7(5-9),Economy Saver,5550,1054,150,6754,Goibibo,Available
OBS00124,5db6c6f9e22e,4cfbb232d2a5,BLR,HYD,SG,SG-451,2026-09-12,12:00,2026-09-05 14:30,7,T7(5-9),Economy Saver,5291,1005,180,6476,Cleartrip,Available
OBS00125,9b8b3271676c,12bc7fff5c8b,BLR,HYD,SG,SG-451,2026-09-12,12:00,2026-09-05 14:30,7,T7(5-9),Economy Standard,7274,1382,150,8806,AirlineSite,Available
OBS00126,687ba7cd0179,24a0effd14e0,BLR,HYD,SG,SG-451,2026-09-20,12:00,2026-09-05 14:30,15,T15(12-18),Economy Standard,6251,1188,150,7589,MMT,Available
OBS00127,29a44b27e66c,bb7a4806d2ef,BLR,HYD,SG,SG-451,2026-09-20,12:00,2026-09-05 14:30,15,T15(12-18),Economy Saver,4630,880,150,5660,Goibibo,Available
OBS00128,b8703b22f2dc,bb7a4806d2ef,BLR,HYD,SG,SG-451,2026-09-20,12:00,2026-09-05 14:30,15,T15(12-18),Economy Saver,4563,867,120,5550,MMT,Available
OBS00129,26e4574f7c6f,bfd475034edc,BLR,HYD,SG,SG-451,2026-10-05,12:00,2026-09-05 14:30,30,T30(25-35),Economy Standard,5447,1035,180,6662,MMT,Available
OBS00130,3c99b6b5dda5,e257b8bf6a27,BLR,HYD,SG,SG-451,2026-10-20,12:00,2026-09-05 14:30,45,T45(40-50),Economy Saver,3895,740,120,4755,Cleartrip,Available
OBS00131,8a84d5d000e0,2716b7b1fead,BLR,HYD,6E,6E-773,2026-09-06,16:45,2026-09-05 14:30,1,T1(0-2),Economy Standard,8690,1651,150,10491,Cleartrip,Available
OBS00132,c47330ef38a6,4cfbb232d2a5,BLR,HYD,6E,6E-773,2026-09-12,16:45,2026-09-05 14:30,7,T7(5-9),Economy Saver,5802,1102,180,7084,MMT,Available
OBS00133,28947e253914,c212c6a55ae1,BLR,HYD,6E,6E-773,2026-09-12,16:45,2026-09-05 14:30,7,T7(5-9),Economy Flexi,8861,1684,180,10725,MMT,Available
OBS00134,4a21215a64d5,c212c6a55ae1,BLR,HYD,6E,6E-773,2026-09-12,16:45,2026-09-05 14:30,7,T7(5-9),Economy Flexi,8829,1678,100,10607,Cleartrip,Available
OBS00135,8e5a9315c850,24a0effd14e0,BLR,HYD,6E,6E-773,2026-09-20,16:45,2026-09-05 14:30,15,T15(12-18),Economy Standard,6219,1182,150,7551,Goibibo,Available
OBS00136,c42218fe4c4a,f91b72f2d855,BLR,HYD,6E,6E-773,2026-10-05,16:45,2026-09-05 14:30,30,T30(25-35),Economy Flexi,6333,1203,150,7686,Cleartrip,Available
OBS00137,251e54a41390,bfd475034edc,BLR,HYD,6E,6E-773,2026-10-05,16:45,2026-09-05 14:30,30,T30(25-35),Economy Standard,5123,973,150,6246,Goibibo,Available
OBS00138,6e0664a7f521,e257b8bf6a27,BLR,HYD,6E,6E-773,2026-10-20,16:45,2026-09-05 14:30,45,T45(40-50),Economy Saver,3862,734,120,4716,MMT,Available
OBS00139,850cab7e6eb1,e257b8bf6a27,BLR,HYD,6E,6E-773,2026-10-20,16:45,2026-09-05 14:30,45,T45(40-50),Economy Saver,3900,741,180,4821,Goibibo,Available
OBS00140,63de1ec09192,4a44ee99890d,DEL,BLR,6E,6E-5011,2026-09-06,17:00,2026-09-05 14:30,1,T1(0-2),Economy Flexi,10467,1989,150,12606,Cleartrip,Available
OBS00141,9475ec6f7685,4a44ee99890d,DEL,BLR,6E,6E-5011,2026-09-06,17:00,2026-09-05 14:30,1,T1(0-2),Economy Flexi,9689,1841,120,11650,AirlineSite,Available
OBS00142,78fcc93bd129,368a85f47dc9,DEL,BLR,6E,6E-5011,2026-09-12,17:00,2026-09-05 14:30,7,T7(5-9),Economy Saver,5315,1010,100,6425,MMT,Available
OBS00143,ed21e4be9392,368a85f47dc9,DEL,BLR,6E,6E-5011,2026-09-12,17:00,2026-09-05 14:30,7,T7(5-9),Economy Saver,5682,1080,120,6882,Goibibo,Available
OBS00144,ba7efc93b191,78c027de36d9,DEL,BLR,6E,6E-5011,2026-09-20,17:00,2026-09-05 14:30,15,T15(12-18),Economy Standard,6046,1149,180,7375,Cleartrip,Available
OBS00145,ecec5b407a92,7f550039d6be,DEL,BLR,6E,6E-5011,2026-09-20,17:00,2026-09-05 14:30,15,T15(12-18),Economy Saver,4947,940,150,6037,MMT,Available
OBS00146,4f6f65a0dd38,85d569d51a6f,DEL,BLR,6E,6E-5011,2026-10-05,17:00,2026-09-05 14:30,30,T30(25-35),Economy Saver,4056,771,100,4927,Goibibo,Available
OBS00147,bfa625d17915,c7e037c3624d,DEL,BLR,6E,6E-5011,2026-10-20,17:00,2026-09-05 14:30,45,T45(40-50),Economy Saver,4317,820,100,5237,Cleartrip,Available
OBS00148,e739f3e950ca,c7e037c3624d,DEL,BLR,6E,6E-5011,2026-10-20,17:00,2026-09-05 14:30,45,T45(40-50),Economy Saver,4090,777,180,5047,AirlineSite,Available
OBS00149,a230bd2ae500,4a44ee99890d,DEL,BLR,AI,AI-503,2026-09-06,05:45,2026-09-05 14:30,1,T1(0-2),Economy Flexi,10565,2007,150,12722,Goibibo,Available
OBS00150,85bd31e44a01,4a44ee99890d,DEL,BLR,AI,AI-503,2026-09-06,05:45,2026-09-05 14:30,1,T1(0-2),Economy Flexi,10502,1995,180,12677,MMT,Available
OBS00151,81ac57470034,185bcc3961d3,DEL,BLR,AI,AI-503,2026-09-06,05:45,2026-09-05 14:30,1,T1(0-2),Economy Saver,6464,1228,100,7792,AirlineSite,Available
OBS00152,abd087971b8e,d5a3834296a1,DEL,BLR,AI,AI-503,2026-09-12,05:45,2026-09-05 14:30,7,T7(5-9),Economy Flexi,9071,1723,120,10914,Cleartrip,Available
OBS00153,0bb7f422e118,7f550039d6be,DEL,BLR,AI,AI-503,2026-09-20,05:45,2026-09-05 14:30,15,T15(12-18),Economy Saver,4372,831,180,5383,AirlineSite,Available
OBS00154,f791945e5b7b,7f550039d6be,DEL,BLR,AI,AI-503,2026-09-20,05:45,2026-09-05 14:30,15,T15(12-18),Economy Saver,4782,909,180,5871,Goibibo,Available
OBS00155,19ad0dddee73,85d569d51a6f,DEL,BLR,AI,AI-503,2026-10-05,05:45,2026-09-05 14:30,30,T30(25-35),Economy Saver,4168,792,180,5140,Cleartrip,Available
OBS00156,4b531645f689,88d6a22dc555,DEL,BLR,AI,AI-503,2026-10-20,05:45,2026-09-05 14:30,45,T45(40-50),Economy Flexi,6630,1260,120,8010,Cleartrip,Available
OBS00157,4e69dd1682a9,185bcc3961d3,DEL,BLR,UK,UK-822,2026-09-06,10:45,2026-09-05 14:30,1,T1(0-2),Economy Saver,6088,1157,150,7395,MMT,Available
OBS00158,197d882c94d9,185bcc3961d3,DEL,BLR,UK,UK-822,2026-09-06,10:45,2026-09-05 14:30,1,T1(0-2),Economy Saver,6641,1262,100,8003,Cleartrip,Available
OBS00159,9b555e4d18ad,368a85f47dc9,DEL,BLR,UK,UK-822,2026-09-12,10:45,2026-09-05 14:30,7,T7(5-9),Economy Saver,5599,1064,180,6843,Cleartrip,Available
OBS00160,c3d53bb835a3,78c027de36d9,DEL,BLR,UK,UK-822,2026-09-20,10:45,2026-09-05 14:30,15,T15(12-18),Economy Standard,6021,1144,100,7265,Goibibo,Available
OBS00161,d5b822686fe1,1475218a87df,DEL,BLR,UK,UK-822,2026-09-20,10:45,2026-09-05 14:30,15,T15(12-18),Economy Flexi,7451,1416,100,8967,Cleartrip,Available
OBS00162,f43bab480357,85d569d51a6f,DEL,BLR,UK,UK-822,2026-10-05,10:45,2026-09-05 14:30,30,T30(25-35),Economy Saver,4227,803,100,5130,AirlineSite,Available
OBS00163,41ae6de2ff6d,85d569d51a6f,DEL,BLR,UK,UK-822,2026-10-05,10:45,2026-09-05 14:30,30,T30(25-35),Economy Saver,4197,797,120,5114,Cleartrip,Available
OBS00164,67d28bd6bc8d,88d6a22dc555,DEL,BLR,UK,UK-822,2026-10-20,10:45,2026-09-05 14:30,45,T45(40-50),Economy Flexi,6134,1165,180,7479,Goibibo,Available
OBS00165,ef80abaab23c,88d6a22dc555,DEL,BLR,UK,UK-822,2026-10-20,10:45,2026-09-05 14:30,45,T45(40-50),Economy Flexi,6505,1236,180,7921,MMT,Available
OBS00166,448f11c2c5c7,8946e1e5fe25,MAA,CCU,6E,6E-6120,2026-09-06,12:00,2026-09-05 14:30,1,T1(0-2),Economy Standard,8110,1541,100,9751,Goibibo,Available
OBS00167,b4a927185050,bfdedc1a4859,MAA,CCU,6E,6E-6120,2026-09-12,12:00,2026-09-05 14:30,7,T7(5-9),Economy Standard,7137,1356,180,8673,Goibibo,Available
OBS00168,e8a8290f51d7,96a704c16780,MAA,CCU,6E,6E-6120,2026-09-20,12:00,2026-09-05 14:30,15,T15(12-18),Economy Saver,4521,859,100,5480,Cleartrip,Available
OBS00169,758d31767945,dd19312763d8,MAA,CCU,6E,6E-6120,2026-09-20,12:00,2026-09-05 14:30,15,T15(12-18),Economy Standard,6192,1177,180,7549,AirlineSite,Available
OBS00170,3e2988e23a20,0122ec6b8c01,MAA,CCU,6E,6E-6120,2026-10-05,12:00,2026-09-05 14:30,30,T30(25-35),Economy Saver,4124,784,180,5088,Cleartrip,Available
OBS00171,944d7fb3989d,d08cdfeb22c3,MAA,CCU,6E,6E-6120,2026-10-20,12:00,2026-09-05 14:30,45,T45(40-50),Economy Standard,5311,1009,150,6470,Cleartrip,Available
OBS00172,a9d64cb79744,03d61faab4e0,MAA,CCU,6E,6E-6120,2026-10-20,12:00,2026-09-05 14:30,45,T45(40-50),Economy Saver,3863,734,120,4717,Goibibo,Available
OBS00173,b78af3304aa9,d6eca9fabec4,MAA,CCU,SG,SG-988,2026-09-06,14:30,2026-09-05 14:30,1,T1(0-2),Economy Saver,6299,1197,120,7616,AirlineSite,Available
OBS00174,39618e6f0c11,d6eca9fabec4,MAA,CCU,SG,SG-988,2026-09-06,14:30,2026-09-05 14:30,1,T1(0-2),Economy Saver,6776,1287,100,8163,Cleartrip,Available
OBS00175,4df8011a46c3,8946e1e5fe25,MAA,CCU,SG,SG-988,2026-09-06,14:30,2026-09-05 14:30,1,T1(0-2),Economy Standard,8443,1604,120,10167,AirlineSite,Available
OBS00176,f22528ec16f9,1e42463f6726,MAA,CCU,SG,SG-988,2026-09-12,14:30,2026-09-05 14:30,7,T7(5-9),Economy Flexi,8792,1671,180,10643,Cleartrip,Available
OBS00177,1294d70d3d48,96a704c16780,MAA,CCU,SG,SG-988,2026-09-20,14:30,2026-09-05 14:30,15,T15(12-18),Economy Saver,4599,874,120,5593,MMT,Available
OBS00178,c11e119a5e6e,68f040f6697f,MAA,CCU,SG,SG-988,2026-10-05,14:30,2026-09-05 14:30,30,T30(25-35),Economy Standard,5572,1059,150,6781,Cleartrip,Available
OBS00179,d15cbb374c3f,d08cdfeb22c3,MAA,CCU,SG,SG-988,2026-10-20,14:30,2026-09-05 14:30,45,T45(40-50),Economy Standard,5332,1013,180,6525,Cleartrip,Available
OBS00180,d4e320bce95d,d08cdfeb22c3,MAA,CCU,SG,SG-988,2026-10-20,14:30,2026-09-05 14:30,45,T45(40-50),Economy Standard,5525,1050,180,6755,Goibibo,Available
OBS00181,beceacc060a0,88ab09a10eee,DEL,BOM,6E,6E-2341,2026-09-06,08:00,2026-09-05 20:15,1,T1(0-2),Economy Standard,8239,1565,150,9954,Goibibo,Available
OBS00182,4c62e9a2ddc4,40a21046cb1e,DEL,BOM,6E,6E-2341,2026-09-06,08:00,2026-09-05 20:15,1,T1(0-2),Economy Flexi,10132,1925,120,12177,MMT,Available
OBS00183,e5cf898b039d,cc19bed3c720,DEL,BOM,6E,6E-2341,2026-09-12,08:00,2026-09-05 20:15,7,T7(5-9),Economy Saver,5792,1100,180,7072,Goibibo,Available
OBS00184,7bf908ceaf7e,dc9a0c69e72f,DEL,BOM,6E,6E-2341,2026-09-20,08:00,2026-09-05 20:15,15,T15(12-18),Economy Flexi,7791,1480,120,9391,MMT,Available
OBS00185,c66d5211b854,dc9a0c69e72f,DEL,BOM,6E,6E-2341,2026-09-20,08:00,2026-09-05 20:15,15,T15(12-18),Economy Flexi,7356,1398,150,8904,Goibibo,Available
OBS00186,84e78b935bf5,a7a709ff669a,DEL,BOM,6E,6E-2341,2026-10-05,08:00,2026-09-05 20:15,30,T30(25-35),Economy Standard,4950,941,120,6011,Goibibo,Available
OBS00187,cad620edd138,39513d756b0a,DEL,BOM,6E,6E-2341,2026-10-20,08:00,2026-09-05 20:15,45,T45(40-50),Economy Flexi,6370,1210,150,7730,AirlineSite,Available
OBS00188,0ca4ec6fea7e,40a21046cb1e,DEL,BOM,AI,AI-865,2026-09-06,06:15,2026-09-05 20:15,1,T1(0-2),Economy Flexi,9500,1805,150,11455,Goibibo,Available
OBS00189,f9ee5bc44c03,40a21046cb1e,DEL,BOM,AI,AI-865,2026-09-06,06:15,2026-09-05 20:15,1,T1(0-2),Economy Flexi,10492,1994,180,12666,Cleartrip,Available
OBS00190,5d3eaec74f4c,c8a9a94d404b,DEL,BOM,AI,AI-865,2026-09-12,06:15,2026-09-05 20:15,7,T7(5-9),Economy Flexi,8360,1588,100,10048,Goibibo,Available
OBS00191,cecab29b31b7,c8a9a94d404b,DEL,BOM,AI,AI-865,2026-09-12,06:15,2026-09-05 20:15,7,T7(5-9),Economy Flexi,8586,1631,150,10367,Cleartrip,Available
OBS00192,e48afaefdd4c,dc9a0c69e72f,DEL,BOM,AI,AI-865,2026-09-20,06:15,2026-09-05 20:15,15,T15(12-18),Economy Flexi,7804,1483,100,9387,Goibibo,Available
OBS00193,dbaafaedbb8f,22349c19bb6f,DEL,BOM,AI,AI-865,2026-10-05,06:15,2026-09-05 20:15,30,T30(25-35),Economy Saver,3824,727,100,4651,Cleartrip,Available
OBS00194,b154bb7c3da4,22349c19bb6f,DEL,BOM,AI,AI-865,2026-10-05,06:15,2026-09-05 20:15,30,T30(25-35),Economy Saver,3953,751,150,4854,AirlineSite,Available
OBS00195,f69f8aefcdc5,2a18c0868003,DEL,BOM,AI,AI-865,2026-10-20,06:15,2026-09-05 20:15,45,T45(40-50),Economy Saver,4094,778,120,4992,Goibibo,Available
OBS00196,08377670de3a,87642201e6b5,DEL,BOM,QP,QP-1123,2026-09-06,09:30,2026-09-05 20:15,1,T1(0-2),Economy Saver,6472,1230,120,7822,Goibibo,Available
OBS00197,b9767cb94050,c8a9a94d404b,DEL,BOM,QP,QP-1123,2026-09-12,09:30,2026-09-05 20:15,7,T7(5-9),Economy Flexi,8844,1680,150,10674,MMT,Available
OBS00198,1a7b630cbd14,37a5de9260b1,DEL,BOM,QP,QP-1123,2026-09-20,09:30,2026-09-05 20:15,15,T15(12-18),Economy Standard,6382,1213,120,7715,AirlineSite,Available
OBS00199,780034d68004,37a5de9260b1,DEL,BOM,QP,QP-1123,2026-09-20,09:30,2026-09-05 20:15,15,T15(12-18),Economy Standard,5738,1090,150,6978,MMT,Available
OBS00200,81cf1270ecf4,a7a709ff669a,DEL,BOM,QP,QP-1123,2026-10-05,09:30,2026-09-05 20:15,30,T30(25-35),Economy Standard,5511,1047,120,6678,Cleartrip,Available
OBS00201,3af506611063,a7a709ff669a,DEL,BOM,QP,QP-1123,2026-10-05,09:30,2026-09-05 20:15,30,T30(25-35),Economy Standard,5616,1067,180,6863,MMT,Available
OBS00202,7535750ae0b4,d75a1e4d61f5,DEL,BOM,QP,QP-1123,2026-10-05,09:30,2026-09-05 20:15,30,T30(25-35),Economy Flexi,6297,1196,150,7643,MMT,Available
OBS00203,bb584f1a218d,ad4c6be1e8ec,DEL,BOM,QP,QP-1123,2026-10-20,09:30,2026-09-05 20:15,45,T45(40-50),Economy Standard,5126,974,100,6200,Goibibo,Available
OBS00204,5a746f41a623,39513d756b0a,DEL,BOM,QP,QP-1123,2026-10-20,09:30,2026-09-05 20:15,45,T45(40-50),Economy Flexi,6620,1258,120,7998,Goibibo,Available
OBS00205,a664a5fe7966,39513d756b0a,DEL,BOM,QP,QP-1123,2026-10-20,09:30,2026-09-05 20:15,45,T45(40-50),Economy Flexi,6482,1232,150,7864,MMT,Available
OBS00206,092b6239240d,5f429a888437,BLR,HYD,SG,SG-451,2026-09-06,12:00,2026-09-05 20:15,1,T1(0-2),Economy Flexi,10268,1951,120,12339,Cleartrip,Available
OBS00207,aa8dbbab6a39,4cfbb232d2a5,BLR,HYD,SG,SG-451,2026-09-12,12:00,2026-09-05 20:15,7,T7(5-9),Economy Saver,5306,1008,150,6464,Goibibo,Available
OBS00208,443189a9b1ad,c212c6a55ae1,BLR,HYD,SG,SG-451,2026-09-12,12:00,2026-09-05 20:15,7,T7(5-9),Economy Flexi,9355,1777,150,11282,MMT,Available
OBS00209,e754808d8c5c,c212c6a55ae1,BLR,HYD,SG,SG-451,2026-09-12,12:00,2026-09-05 20:15,7,T7(5-9),Economy Flexi,9170,1742,120,11032,AirlineSite,Available
OBS00210,a9930cb49c58,bb7a4806d2ef,BLR,HYD,SG,SG-451,2026-09-20,12:00,2026-09-05 20:15,15,T15(12-18),Economy Saver,4670,887,150,5707,Cleartrip,Available
OBS00211,5574d8934eaa,bb7a4806d2ef,BLR,HYD,SG,SG-451,2026-09-20,12:00,2026-09-05 20:15,15,T15(12-18),Economy Saver,4867,925,150,5942,Goibibo,Available
OBS00212,a715d5a67e46,bfd475034edc,BLR,HYD,SG,SG-451,2026-10-05,12:00,2026-09-05 20:15,30,T30(25-35),Economy Standard,5257,999,100,6356,Cleartrip,Available
OBS00213,c9effa3c88a2,bfd475034edc,BLR,HYD,SG,SG-451,2026-10-05,12:00,2026-09-05 20:15,30,T30(25-35),Economy Standard,5035,957,120,6112,AirlineSite,Available
OBS00214,59db3b84d7fb,9f4e2bb4c6c8,BLR,HYD,SG,SG-451,2026-10-20,12:00,2026-09-05 20:15,45,T45(40-50),Economy Flexi,6633,1260,100,7993,Cleartrip,Available
OBS00215,23106a2a4076,9f4e2bb4c6c8,BLR,HYD,SG,SG-451,2026-10-20,12:00,2026-09-05 20:15,45,T45(40-50),Economy Flexi,6202,1178,100,7480,AirlineSite,Available
OBS00216,ec46a7c9fff6,4168bf9fcb94,BLR,HYD,SG,SG-451,2026-10-20,12:00,2026-09-05 20:15,45,T45(40-50),Economy Standard,5395,1025,150,6570,Cleartrip,Available
OBS00217,daca72808710,2716b7b1fead,BLR,HYD,6E,6E-773,2026-09-06,16:45,2026-09-05 20:15,1,T1(0-2),Economy Standard,8256,1569,150,9975,MMT,Available
OBS00218,c25e81e21a67,5f429a888437,BLR,HYD,6E,6E-773,2026-09-06,16:45,2026-09-05 20:15,1,T1(0-2),Economy Flexi,9478,1801,180,11459,MMT,Available
OBS00219,0cd7b975fd16,5f429a888437,BLR,HYD,6E,6E-773,2026-09-06,16:45,2026-09-05 20:15,1,T1(0-2),Economy Flexi,10566,2007,150,12723,Cleartrip,Available
OBS00220,ec3c72253a5f,12bc7fff5c8b,BLR,HYD,6E,6E-773,2026-09-12,16:45,2026-09-05 20:15,7,T7(5-9),Economy Standard,7756,1474,150,9380,AirlineSite,Available
OBS00221,7b734802e467,4cfbb232d2a5,BLR,HYD,6E,6E-773,2026-09-12,16:45,2026-09-05 20:15,7,T7(5-9),Economy Saver,5352,1017,120,6489,AirlineSite,Available
OBS00222,416fc0beab88,24a0effd14e0,BLR,HYD,6E,6E-773,2026-09-20,16:45,2026-09-05 20:15,15,T15(12-18),Economy Standard,6138,1166,120,7424,Goibibo,Available
OBS00223,9c82a96150a5,f91b72f2d855,BLR,HYD,6E,6E-773,2026-10-05,16:45,2026-09-05 20:15,30,T30(25-35),Economy Flexi,6489,1233,150,7872,Goibibo,Available
OBS00224,cf7de90d3b6b,9f4e2bb4c6c8,BLR,HYD,6E,6E-773,2026-10-20,16:45,2026-09-05 20:15,45,T45(40-50),Economy Flexi,6348,1206,120,7674,MMT,Available
OBS00225,26688071972d,185bcc3961d3,DEL,BLR,6E,6E-5011,2026-09-06,17:00,2026-09-05 20:15,1,T1(0-2),Economy Saver,6702,1273,150,8125,Cleartrip,Available
OBS00226,4485fbee77f7,185bcc3961d3,DEL,BLR,6E,6E-5011,2026-09-06,17:00,2026-09-05 20:15,1,T1(0-2),Economy Saver,6015,1143,150,7308,Goibibo,Available
OBS00227,b5dd734890d3,368a85f47dc9,DEL,BLR,6E,6E-5011,2026-09-12,17:00,2026-09-05 20:15,7,T7(5-9),Economy Saver,5761,1095,100,6956,AirlineSite,Available
OBS00228,86bc7794c6bc,78c027de36d9,DEL,BLR,6E,6E-5011,2026-09-20,17:00,2026-09-05 20:15,15,T15(12-18),Economy Standard,6293,1196,120,7609,MMT,Available
OBS00229,23515abe402c,a2844fb520cf,DEL,BLR,6E,6E-5011,2026-10-05,17:00,2026-09-05 20:15,30,T30(25-35),Economy Flexi,6651,1264,120,8035,MMT,Available
OBS00230,193a02081494,c7e037c3624d,DEL,BLR,6E,6E-5011,2026-10-20,17:00,2026-09-05 20:15,45,T45(40-50),Economy Saver,4246,807,120,5173,AirlineSite,Available
OBS00231,ed2549eb4214,c7e037c3624d,DEL,BLR,6E,6E-5011,2026-10-20,17:00,2026-09-05 20:15,45,T45(40-50),Economy Saver,4314,820,150,5284,MMT,Available
OBS00232,4ed605d51243,185bcc3961d3,DEL,BLR,AI,AI-503,2026-09-06,05:45,2026-09-05 20:15,1,T1(0-2),Economy Saver,5978,1136,120,7234,AirlineSite,Available
OBS00233,46f948905837,185bcc3961d3,DEL,BLR,AI,AI-503,2026-09-06,05:45,2026-09-05 20:15,1,T1(0-2),Economy Saver,6447,1225,100,7772,Goibibo,Available
OBS00234,0c6ae94c1206,c9b904f290c2,DEL,BLR,AI,AI-503,2026-09-12,05:45,2026-09-05 20:15,7,T7(5-9),Economy Standard,7564,1437,100,9101,MMT,Available
OBS00235,a9591361c2ee,7f550039d6be,DEL,BLR,AI,AI-503,2026-09-20,05:45,2026-09-05 20:15,15,T15(12-18),Economy Saver,4677,889,100,5666,Cleartrip,Available
OBS00236,499b39c6f056,78c027de36d9,DEL,BLR,AI,AI-503,2026-09-20,05:45,2026-09-05 20:15,15,T15(12-18),Economy Standard,6416,1219,100,7735,MMT,Available
OBS00237,e618724a7bb8,a2844fb520cf,DEL,BLR,AI,AI-503,2026-10-05,05:45,2026-09-05 20:15,30,T30(25-35),Economy Flexi,6035,1147,180,7362,AirlineSite,Available
OBS00238,a2283779221d,1a0596829dc8,DEL,BLR,AI,AI-503,2026-10-05,05:45,2026-09-05 20:15,30,T30(25-35),Economy Standard,5404,1027,180,6611,Goibibo,Available
OBS00239,80b09774dbce,bf3eae4178b5,DEL,BLR,AI,AI-503,2026-10-20,05:45,2026-09-05 20:15,45,T45(40-50),Economy Standard,5351,1017,100,6468,Cleartrip,Available
OBS00240,a0fdf8d44711,c7e037c3624d,DEL,BLR,AI,AI-503,2026-10-20,05:45,2026-09-05 20:15,45,T45(40-50),Economy Saver,4125,784,150,5059,Cleartrip,Available
OBS00241,ee9323e969f1,4a44ee99890d,DEL,BLR,UK,UK-822,2026-09-06,10:45,2026-09-05 20:15,1,T1(0-2),Economy Flexi,10047,1909,180,12136,Cleartrip,Available
OBS00242,5fafcb6b6f04,4a44ee99890d,DEL,BLR,UK,UK-822,2026-09-06,10:45,2026-09-05 20:15,1,T1(0-2),Economy Flexi,9524,1810,100,11434,MMT,Available
OBS00243,012b40dc3cf5,d5a3834296a1,DEL,BLR,UK,UK-822,2026-09-12,10:45,2026-09-05 20:15,7,T7(5-9),Economy Flexi,9330,1773,180,11283,Goibibo,Available
OBS00244,20437959806e,368a85f47dc9,DEL,BLR,UK,UK-822,2026-09-12,10:45,2026-09-05 20:15,7,T7(5-9),Economy Saver,5570,1058,100,6728,Goibibo,Available
OBS00245,79a59c8970e9,78c027de36d9,DEL,BLR,UK,UK-822,2026-09-20,10:45,2026-09-05 20:15,15,T15(12-18),Economy Standard,5972,1135,120,7227,Cleartrip,Available
OBS00246,5785b71b5ff3,1a0596829dc8,DEL,BLR,UK,UK-822,2026-10-05,10:45,2026-09-05 20:15,30,T30(25-35),Economy Standard,5003,951,100,6054,AirlineSite,Available
OBS00247,47641bcb0d6d,85d569d51a6f,DEL,BLR,UK,UK-822,2026-10-05,10:45,2026-09-05 20:15,30,T30(25-35),Economy Saver,4089,777,150,5016,Cleartrip,Available
OBS00248,b0261368e58d,85d569d51a6f,DEL,BLR,UK,UK-822,2026-10-05,10:45,2026-09-05 20:15,30,T30(25-35),Economy Saver,4148,788,180,5116,AirlineSite,Available
OBS00249,5c25b63047dc,88d6a22dc555,DEL,BLR,UK,UK-822,2026-10-20,10:45,2026-09-05 20:15,45,T45(40-50),Economy Flexi,6778,1288,150,8216,AirlineSite,Available
OBS00250,f8b87a5eb5ff,d6eca9fabec4,MAA,CCU,6E,6E-6120,2026-09-06,12:00,2026-09-05 20:15,1,T1(0-2),Economy Saver,6502,1235,120,7857,MMT,Available
OBS00251,c7adb7e33bb5,d6eca9fabec4,MAA,CCU,6E,6E-6120,2026-09-06,12:00,2026-09-05 20:15,1,T1(0-2),Economy Saver,6658,1265,150,8073,AirlineSite,Available
OBS00252,ced674a8c19e,bfdedc1a4859,MAA,CCU,6E,6E-6120,2026-09-12,12:00,2026-09-05 20:15,7,T7(5-9),Economy Standard,7625,1449,100,9174,MMT,Available
OBS00253,1dad13b17ea7,1604d95c76f6,MAA,CCU,6E,6E-6120,2026-09-12,12:00,2026-09-05 20:15,7,T7(5-9),Economy Saver,5412,1028,150,6590,Cleartrip,Available
OBS00254,7f733dd09dec,1604d95c76f6,MAA,CCU,6E,6E-6120,2026-09-12,12:00,2026-09-05 20:15,7,T7(5-9),Economy Saver,5948,1130,150,7228,AirlineSite,Available
OBS00255,8332b44ba17b,96a704c16780,MAA,CCU,6E,6E-6120,2026-09-20,12:00,2026-09-05 20:15,15,T15(12-18),Economy Saver,4412,838,100,5350,Goibibo,Available
OBS00256,db20fc46d92c,30301e416d98,MAA,CCU,6E,6E-6120,2026-10-05,12:00,2026-09-05 20:15,30,T30(25-35),Economy Flexi,6329,1202,150,7681,MMT,Available
OBS00257,16d6a8c26cfd,30301e416d98,MAA,CCU,6E,6E-6120,2026-10-05,12:00,2026-09-05 20:15,30,T30(25-35),Economy Flexi,6114,1162,150,7426,Goibibo,Available
OBS00258,1ebd3ef81144,d08cdfeb22c3,MAA,CCU,6E,6E-6120,2026-10-20,12:00,2026-09-05 20:15,45,T45(40-50),Economy Standard,5046,959,100,6105,MMT,Available
OBS00259,a5cc26a7727c,03d61faab4e0,MAA,CCU,6E,6E-6120,2026-10-20,12:00,2026-09-05 20:15,45,T45(40-50),Economy Saver,4030,766,180,4976,AirlineSite,Available
OBS00260,55b61c9a2613,03d61faab4e0,MAA,CCU,6E,6E-6120,2026-10-20,12:00,2026-09-05 20:15,45,T45(40-50),Economy Saver,4053,770,180,5003,MMT,Available
OBS00261,0f74e558a497,8946e1e5fe25,MAA,CCU,SG,SG-988,2026-09-06,14:30,2026-09-05 20:15,1,T1(0-2),Economy Standard,8122,1543,100,9765,AirlineSite,Available
OBS00262,edae2c1cc7fa,1e42463f6726,MAA,CCU,SG,SG-988,2026-09-12,14:30,2026-09-05 20:15,7,T7(5-9),Economy Flexi,9079,1725,100,10904,Goibibo,Available
OBS00263,37efc9894915,1e42463f6726,MAA,CCU,SG,SG-988,2026-09-12,14:30,2026-09-05 20:15,7,T7(5-9),Economy Flexi,8570,1628,100,10298,Cleartrip,Available
OBS00264,7344fca7694c,96a704c16780,MAA,CCU,SG,SG-988,2026-09-20,14:30,2026-09-05 20:15,15,T15(12-18),Economy Saver,4829,917,150,5896,MMT,Available
OBS00265,949e64198e4f,68f040f6697f,MAA,CCU,SG,SG-988,2026-10-05,14:30,2026-09-05 20:15,30,T30(25-35),Economy Standard,5276,1002,180,6458,AirlineSite,Available
OBS00266,26bdc6e64e7d,03d61faab4e0,MAA,CCU,SG,SG-988,2026-10-20,14:30,2026-09-05 20:15,45,T45(40-50),Economy Saver,4060,771,150,4981,MMT,Available
OBS00267,78e5aefed10c,88ab09a10eee,DEL,BOM,6E,6E-2341,2026-09-06,08:00,2026-09-06 09:00,0,T1(0-2),Economy Standard,7924,1506,100,9530,AirlineSite,Available
OBS00268,c016fa47326a,88ab09a10eee,DEL,BOM,6E,6E-2341,2026-09-06,08:00,2026-09-06 09:00,0,T1(0-2),Economy Standard,8836,1679,180,10695,MMT,Available
OBS00269,8b5f869ea02a,c1b1f8d495f8,DEL,BOM,6E,6E-2341,2026-09-12,08:00,2026-09-06 09:00,6,T7(5-9),Economy Standard,7404,1407,150,8961,AirlineSite,Available
OBS00270,d1b0fbe7d306,c8a9a94d404b,DEL,BOM,6E,6E-2341,2026-09-12,08:00,2026-09-06 09:00,6,T7(5-9),Economy Flexi,9466,1799,150,11415,Goibibo,Available
OBS00271,a6759b90ab6c,37a5de9260b1,DEL,BOM,6E,6E-2341,2026-09-20,08:00,2026-09-06 09:00,14,T15(12-18),Economy Standard,6177,1174,180,7531,MMT,Available
OBS00272,6b9eac6d1461,22349c19bb6f,DEL,BOM,6E,6E-2341,2026-10-05,08:00,2026-09-06 09:00,29,T30(25-35),Economy Saver,3915,744,120,4779,Cleartrip,Available
OBS00273,16dc01dbd5bb,a7a709ff669a,DEL,BOM,6E,6E-2341,2026-10-05,08:00,2026-09-06 09:00,29,T30(25-35),Economy Standard,5299,1007,120,6426,AirlineSite,Available
OBS00274,728f8f9ba38f,ad4c6be1e8ec,DEL,BOM,6E,6E-2341,2026-10-20,08:00,2026-09-06 09:00,44,T45(40-50),Economy Standard,5009,952,150,6111,MMT,Available
OBS00275,15eecda41ba7,ad4c6be1e8ec,DEL,BOM,6E,6E-2341,2026-10-20,08:00,2026-09-06 09:00,44,T45(40-50),Economy Standard,5073,964,120,6157,AirlineSite,Available
OBS00276,3299d4e1dc6c,87642201e6b5,DEL,BOM,AI,AI-865,2026-09-06,06:15,2026-09-06 09:00,0,T1(0-2),Economy Saver,6708,1274,180,8162,Goibibo,Available
OBS00277,09ab2f367ff2,87642201e6b5,DEL,BOM,AI,AI-865,2026-09-06,06:15,2026-09-06 09:00,0,T1(0-2),Economy Saver,6647,1263,150,8060,MMT,Available
OBS00278,70d3ec248a87,40a21046cb1e,DEL,BOM,AI,AI-865,2026-09-06,06:15,2026-09-06 09:00,0,T1(0-2),Economy Flexi,10152,1929,180,12261,Cleartrip,Available
OBS00279,5527894fecbe,40a21046cb1e,DEL,BOM,AI,AI-865,2026-09-06,06:15,2026-09-06 09:00,0,T1(0-2),Economy Flexi,10155,1930,150,12235,AirlineSite,Available
OBS00280,a98033666ffd,c8a9a94d404b,DEL,BOM,AI,AI-865,2026-09-12,06:15,2026-09-06 09:00,6,T7(5-9),Economy Flexi,9089,1727,150,10966,Cleartrip,Available
OBS00281,ec1e27c1b27a,37a5de9260b1,DEL,BOM,AI,AI-865,2026-09-20,06:15,2026-09-06 09:00,14,T15(12-18),Economy Standard,6123,1163,150,7436,AirlineSite,Available
OBS00282,af4932024f53,d75a1e4d61f5,DEL,BOM,AI,AI-865,2026-10-05,06:15,2026-09-06 09:00,29,T30(25-35),Economy Flexi,6364,1209,100,7673,Goibibo,Available
OBS00283,3f6d251d7ed7,39513d756b0a,DEL,BOM,AI,AI-865,2026-10-20,06:15,2026-09-06 09:00,44,T45(40-50),Economy Flexi,6480,1231,120,7831,MMT,Available
OBS00284,4a8cb827d022,39513d756b0a,DEL,BOM,AI,AI-865,2026-10-20,06:15,2026-09-06 09:00,44,T45(40-50),Economy Flexi,6769,1286,180,8235,Goibibo,Available
OBS00285,0b1401eec5ba,88ab09a10eee,DEL,BOM,QP,QP-1123,2026-09-06,09:30,2026-09-06 09:00,0,T1(0-2),Economy Standard,8603,1635,100,10338,AirlineSite,Available
OBS00286,9660acdaef27,88ab09a10eee,DEL,BOM,QP,QP-1123,2026-09-06,09:30,2026-09-06 09:00,0,T1(0-2),Economy Standard,8172,1553,180,9905,Cleartrip,Available
OBS00287,e8aafbea08b3,c8a9a94d404b,DEL,BOM,QP,QP-1123,2026-09-12,09:30,2026-09-06 09:00,6,T7(5-9),Economy Flexi,8932,1697,150,10779,MMT,Available
OBS00288,5f244190a26e,c8a9a94d404b,DEL,BOM,QP,QP-1123,2026-09-12,09:30,2026-09-06 09:00,6,T7(5-9),Economy Flexi,8949,1700,150,10799,Goibibo,Available
OBS00289,4725e005ff6a,dc9a0c69e72f,DEL,BOM,QP,QP-1123,2026-09-20,09:30,2026-09-06 09:00,14,T15(12-18),Economy Flexi,7381,1402,180,8963,Cleartrip,Available
OBS00290,fc240ad29cd9,dc9a0c69e72f,DEL,BOM,QP,QP-1123,2026-09-20,09:30,2026-09-06 09:00,14,T15(12-18),Economy Flexi,7337,1394,120,8851,AirlineSite,Available
OBS00291,4382f9c3926c,b8722922d34c,DEL,BOM,QP,QP-1123,2026-09-20,09:30,2026-09-06 09:00,14,T15(12-18),Economy Saver,4842,920,120,5882,AirlineSite,Available
OBS00292,73ca74df8047,a7a709ff669a,DEL,BOM,QP,QP-1123,2026-10-05,09:30,2026-09-06 09:00,29,T30(25-35),Economy Standard,5342,1015,100,6457,Goibibo,Available
OBS00293,1eb8a5a6504c,a7a709ff669a,DEL,BOM,QP,QP-1123,2026-10-05,09:30,2026-09-06 09:00,29,T30(25-35),Economy Standard,5149,978,180,6307,AirlineSite,Available
OBS00294,c5e69ec6ca00,ad4c6be1e8ec,DEL,BOM,QP,QP-1123,2026-10-20,09:30,2026-09-06 09:00,44,T45(40-50),Economy Standard,5393,1025,150,6568,AirlineSite,Available
OBS00295,ed2cf5b91688,ad4c6be1e8ec,DEL,BOM,QP,QP-1123,2026-10-20,09:30,2026-09-06 09:00,44,T45(40-50),Economy Standard,4952,941,150,6043,Cleartrip,Available
OBS00296,f5bf534be894,2a18c0868003,DEL,BOM,QP,QP-1123,2026-10-20,09:30,2026-09-06 09:00,44,T45(40-50),Economy Saver,3978,756,180,4914,MMT,Available
OBS00297,743d7952bfb8,2c892a404a55,BLR,HYD,SG,SG-451,2026-09-06,12:00,2026-09-06 09:00,0,T1(0-2),Economy Saver,6144,1167,100,7411,MMT,Available
OBS00298,444917bbaae0,c212c6a55ae1,BLR,HYD,SG,SG-451,2026-09-12,12:00,2026-09-06 09:00,6,T7(5-9),Economy Flexi,8651,1644,180,10475,Cleartrip,Available
OBS00299,4e33604c543f,c212c6a55ae1,BLR,HYD,SG,SG-451,2026-09-12,12:00,2026-09-06 09:00,6,T7(5-9),Economy Flexi,8678,1649,120,10447,Goibibo,Available
OBS00300,34ea7aa48f94,4cfbb232d2a5,BLR,HYD,SG,SG-451,2026-09-12,12:00,2026-09-06 09:00,6,T7(5-9),Economy Saver,5719,1087,180,6986,MMT,Available
OBS00301,402f63cb1a1d,4cfbb232d2a5,BLR,HYD,SG,SG-451,2026-09-12,12:00,2026-09-06 09:00,6,T7(5-9),Economy Saver,5665,1076,120,6861,Cleartrip,Available
OBS00302,0cca478d3db5,c1b430d6ef3d,BLR,HYD,SG,SG-451,2026-09-20,12:00,2026-09-06 09:00,14,T15(12-18),Economy Flexi,7288,1385,120,8793,Goibibo,Available
OBS00303,546d79b8c4af,bfd475034edc,BLR,HYD,SG,SG-451,2026-10-05,12:00,2026-09-06 09:00,29,T30(25-35),Economy Standard,5399,1026,180,6605,Cleartrip,Available
OBS00304,7f9eb36d2eb7,4168bf9fcb94,BLR,HYD,SG,SG-451,2026-10-20,12:00,2026-09-06 09:00,44,T45(40-50),Economy Standard,5593,1063,120,6776,Goibibo,Available
OBS00305,b1259207b391,2c892a404a55,BLR,HYD,6E,6E-773,2026-09-06,16:45,2026-09-06 09:00,0,T1(0-2),Economy Saver,6807,1293,100,8200,Goibibo,Available
OBS00306,f1324e6e45e2,2716b7b1fead,BLR,HYD,6E,6E-773,2026-09-06,16:45,2026-09-06 09:00,0,T1(0-2),Economy Standard,7995,1519,120,9634,AirlineSite,Available
OBS00307,042e71a9eb04,2716b7b1fead,BLR,HYD,6E,6E-773,2026-09-06,16:45,2026-09-06 09:00,0,T1(0-2),Economy Standard,8199,1558,120,9877,MMT,Available
OBS00308,e29584af70f8,4cfbb232d2a5,BLR,HYD,6E,6E-773,2026-09-12,16:45,2026-09-06 09:00,6,T7(5-9),Economy Saver,6049,1149,100,7298,Goibibo,Available
OBS00309,c3debbcb960c,bb7a4806d2ef,BLR,HYD,6E,6E-773,2026-09-20,16:45,2026-09-06 09:00,14,T15(12-18),Economy Saver,4629,879,100,5608,Cleartrip,Available
OBS00310,30f39b10cc06,8ffb61505283,BLR,HYD,6E,6E-773,2026-10-05,16:45,2026-09-06 09:00,29,T30(25-35),Economy Saver,4284,814,150,5248,Cleartrip,Available
OBS00311,6d0adb1ab5be,e257b8bf6a27,BLR,HYD,6E,6E-773,2026-10-20,16:45,2026-09-06 09:00,44,T45(40-50),Economy Saver,4277,813,180,5270,Cleartrip,Available
OBS00312,12fa2251f6c5,185bcc3961d3,DEL,BLR,6E,6E-5011,2026-09-06,17:00,2026-09-06 09:00,0,T1(0-2),Economy Saver,6834,1298,100,8232,AirlineSite,Available
OBS00313,476d149a7c35,541d83fb2ee3,DEL,BLR,6E,6E-5011,2026-09-06,17:00,2026-09-06 09:00,0,T1(0-2),Economy Standard,8807,1673,180,10660,MMT,Available
OBS00314,354e8c5c2746,c9b904f290c2,DEL,BLR,6E,6E-5011,2026-09-12,17:00,2026-09-06 09:00,6,T7(5-9),Economy Standard,7132,1355,120,8607,Cleartrip,Available
OBS00315,5ee6fe9308c7,1475218a87df,DEL,BLR,6E,6E-5011,2026-09-20,17:00,2026-09-06 09:00,14,T15(12-18),Economy Flexi,7169,1362,180,8711,Goibibo,Available
OBS00316,a6611c7a5d97,1475218a87df,DEL,BLR,6E,6E-5011,2026-09-20,17:00,2026-09-06 09:00,14,T15(12-18),Economy Flexi,7639,1451,100,9190,AirlineSite,Available
OBS00317,4799cebd953d,a2844fb520cf,DEL,BLR,6E,6E-5011,2026-10-05,17:00,2026-09-06 09:00,29,T30(25-35),Economy Flexi,6337,1204,150,7691,MMT,Available
OBS00318,6dbfc8dc8266,a2844fb520cf,DEL,BLR,6E,6E-5011,2026-10-05,17:00,2026-09-06 09:00,29,T30(25-35),Economy Flexi,6182,1175,180,7537,Goibibo,Available
OBS00319,222217afe6b5,85d569d51a6f,DEL,BLR,6E,6E-5011,2026-10-05,17:00,2026-09-06 09:00,29,T30(25-35),Economy Saver,4072,774,150,4996,AirlineSite,Available
OBS00320,a27742316bc5,88d6a22dc555,DEL,BLR,6E,6E-5011,2026-10-20,17:00,2026-09-06 09:00,44,T45(40-50),Economy Flexi,6700,1273,100,8073,AirlineSite,Available
OBS00321,144abe2dfa34,88d6a22dc555,DEL,BLR,6E,6E-5011,2026-10-20,17:00,2026-09-06 09:00,44,T45(40-50),Economy Flexi,6506,1236,150,7892,MMT,Available
OBS00322,72f990b2bedf,4a44ee99890d,DEL,BLR,AI,AI-503,2026-09-06,05:45,2026-09-06 09:00,0,T1(0-2),Economy Flexi,10609,2016,150,12775,Cleartrip,Available
OBS00323,af90849689bb,d5a3834296a1,DEL,BLR,AI,AI-503,2026-09-12,05:45,2026-09-06 09:00,6,T7(5-9),Economy Flexi,9354,1777,150,11281,AirlineSite,Available
OBS00324,1de331386dbc,d5a3834296a1,DEL,BLR,AI,AI-503,2026-09-12,05:45,2026-09-06 09:00,6,T7(5-9),Economy Flexi,8654,1644,150,10448,Cleartrip,Available
OBS00325,7cbaf9edc06d,78c027de36d9,DEL,BLR,AI,AI-503,2026-09-20,05:45,2026-09-06 09:00,14,T15(12-18),Economy Standard,6211,1180,120,7511,Goibibo,Available
OBS00326,181a70016656,78c027de36d9,DEL,BLR,AI,AI-503,2026-09-20,05:45,2026-09-06 09:00,14,T15(12-18),Economy Standard,6477,1231,100,7808,Cleartrip,Available
OBS00327,817cd1f1eb7f,7f550039d6be,DEL,BLR,AI,AI-503,2026-09-20,05:45,2026-09-06 09:00,14,T15(12-18),Economy Saver,4664,886,100,5650,Goibibo,Available
OBS00328,5af97681e082,7f550039d6be,DEL,BLR,AI,AI-503,2026-09-20,05:45,2026-09-06 09:00,14,T15(12-18),Economy Saver,4969,944,100,6013,AirlineSite,Available
OBS00329,df593360bb19,1a0596829dc8,DEL,BLR,AI,AI-503,2026-10-05,05:45,2026-09-06 09:00,29,T30(25-35),Economy Standard,5260,999,100,6359,Goibibo,Available
OBS00330,d92ca0d37c74,1a0596829dc8,DEL,BLR,AI,AI-503,2026-10-05,05:45,2026-09-06 09:00,29,T30(25-35),Economy Standard,5449,1035,120,6604,Cleartrip,Available
OBS00331,8d7bf9343652,bf3eae4178b5,DEL,BLR,AI,AI-503,2026-10-20,05:45,2026-09-06 09:00,44,T45(40-50),Economy Standard,5125,974,150,6249,Cleartrip,Available
OBS00332,110a49eeefea,541d83fb2ee3,DEL,BLR,UK,UK-822,2026-09-06,10:45,2026-09-06 09:00,0,T1(0-2),Economy Standard,8271,1571,120,9962,Goibibo,Available
OBS00333,b1d8676bf339,541d83fb2ee3,DEL,BLR,UK,UK-822,2026-09-06,10:45,2026-09-06 09:00,0,T1(0-2),Economy Standard,8441,1604,180,10225,MMT,Available
OBS00334,12da66f43929,d5a3834296a1,DEL,BLR,UK,UK-822,2026-09-12,10:45,2026-09-06 09:00,6,T7(5-9),Economy Flexi,9344,1775,100,11219,AirlineSite,Available
OBS00335,696d930d1835,1475218a87df,DEL,BLR,UK,UK-822,2026-09-20,10:45,2026-09-06 09:00,14,T15(12-18),Economy Flexi,7373,1401,100,8874,Cleartrip,Available
OBS00336,4c3d87f33828,a2844fb520cf,DEL,BLR,UK,UK-822,2026-10-05,10:45,2026-09-06 09:00,29,T30(25-35),Economy Flexi,6350,1207,180,7737,Cleartrip,Available
OBS00337,86ee2f489a3a,88d6a22dc555,DEL,BLR,UK,UK-822,2026-10-20,10:45,2026-09-06 09:00,44,T45(40-50),Economy Flexi,6351,1207,150,7708,Cleartrip,Available
OBS00338,3775a20a5b22,8946e1e5fe25,MAA,CCU,6E,6E-6120,2026-09-06,12:00,2026-09-06 09:00,0,T1(0-2),Economy Standard,8630,1640,180,10450,AirlineSite,Available
OBS00339,afe885743555,8946e1e5fe25,MAA,CCU,6E,6E-6120,2026-09-06,12:00,2026-09-06 09:00,0,T1(0-2),Economy Standard,8297,1576,120,9993,Goibibo,Available
OBS00340,852ff0639ce2,79b16d498fc8,MAA,CCU,6E,6E-6120,2026-09-06,12:00,2026-09-06 09:00,0,T1(0-2),Economy Flexi,10688,2031,180,12899,MMT,Available
OBS00341,d065c873c8d1,1604d95c76f6,MAA,CCU,6E,6E-6120,2026-09-12,12:00,2026-09-06 09:00,6,T7(5-9),Economy Saver,5971,1134,150,7255,MMT,Available
OBS00342,d11a4aaab915,dd19312763d8,MAA,CCU,6E,6E-6120,2026-09-20,12:00,2026-09-06 09:00,14,T15(12-18),Economy Standard,5952,1131,180,7263,AirlineSite,Available
OBS00343,b09416b3eb4a,dd19312763d8,MAA,CCU,6E,6E-6120,2026-09-20,12:00,2026-09-06 09:00,14,T15(12-18),Economy Standard,6586,1251,150,7987,Cleartrip,Available
OBS00344,3e31eb7f26d4,0122ec6b8c01,MAA,CCU,6E,6E-6120,2026-10-05,12:00,2026-09-06 09:00,29,T30(25-35),Economy Saver,3991,758,150,4899,MMT,Available
OBS00345,a5a65001cdb8,0122ec6b8c01,MAA,CCU,6E,6E-6120,2026-10-05,12:00,2026-09-06 09:00,29,T30(25-35),Economy Saver,4138,786,120,5044,Cleartrip,Available
OBS00346,62134868de8d,03d61faab4e0,MAA,CCU,6E,6E-6120,2026-10-20,12:00,2026-09-06 09:00,44,T45(40-50),Economy Saver,4069,773,100,4942,MMT,Available
OBS00347,d949f7b6b580,03d61faab4e0,MAA,CCU,6E,6E-6120,2026-10-20,12:00,2026-09-06 09:00,44,T45(40-50),Economy Saver,3936,748,150,4834,Goibibo,Available
OBS00348,ec50dec1d388,8946e1e5fe25,MAA,CCU,SG,SG-988,2026-09-06,14:30,2026-09-06 09:00,0,T1(0-2),Economy Standard,8895,1690,180,10765,Cleartrip,Available
OBS00349,0ccbf8ac5a9b,8946e1e5fe25,MAA,CCU,SG,SG-988,2026-09-06,14:30,2026-09-06 09:00,0,T1(0-2),Economy Standard,8121,1543,120,9784,Goibibo,Available
OBS00350,d4cabf61768a,d6eca9fabec4,MAA,CCU,SG,SG-988,2026-09-06,14:30,2026-09-06 09:00,0,T1(0-2),Economy Saver,6224,1182,180,7586,Goibibo,Available
OBS00351,9f3bc3921e24,1e42463f6726,MAA,CCU,SG,SG-988,2026-09-12,14:30,2026-09-06 09:00,6,T7(5-9),Economy Flexi,9324,1772,150,11246,Cleartrip,Available
OBS00352,7a93f30bd4de,96a704c16780,MAA,CCU,SG,SG-988,2026-09-20,14:30,2026-09-06 09:00,14,T15(12-18),Economy Saver,4796,911,100,5807,MMT,Available
OBS00353,5f872a14c99c,96a704c16780,MAA,CCU,SG,SG-988,2026-09-20,14:30,2026-09-06 09:00,14,T15(12-18),Economy Saver,5088,967,120,6175,Goibibo,Available
OBS00354,4154a99bdd45,68f040f6697f,MAA,CCU,SG,SG-988,2026-10-05,14:30,2026-09-06 09:00,29,T30(25-35),Economy Standard,5315,1010,150,6475,Cleartrip,Available
OBS00355,4438468f43ea,134f6aeba305,MAA,CCU,SG,SG-988,2026-10-20,14:30,2026-09-06 09:00,44,T45(40-50),Economy Flexi,6039,1147,180,7366,AirlineSite,Available
OBS00356,efe59907cf92,40a21046cb1e,DEL,BOM,6E,6E-2341,2026-09-06,08:00,2026-09-06 14:30,0,T1(0-2),Economy Flexi,10655,2024,100,12779,Goibibo,Available
OBS00357,888d60854b0a,40a21046cb1e,DEL,BOM,6E,6E-2341,2026-09-06,08:00,2026-09-06 14:30,0,T1(0-2),Economy Flexi,9740,1851,150,11741,MMT,Available
OBS00358,4d0318475fb8,88ab09a10eee,DEL,BOM,6E,6E-2341,2026-09-06,08:00,2026-09-06 14:30,0,T1(0-2),Economy Standard,8408,1597,150,10155,AirlineSite,Available
OBS00359,7e7f7875a0f0,88ab09a10eee,DEL,BOM,6E,6E-2341,2026-09-06,08:00,2026-09-06 14:30,0,T1(0-2),Economy Standard,8043,1528,120,9691,MMT,Available
OBS00360,3dd3c3ce9082,c1b1f8d495f8,DEL,BOM,6E,6E-2341,2026-09-12,08:00,2026-09-06 14:30,6,T7(5-9),Economy Standard,7512,1427,150,9089,AirlineSite,Available
OBS00361,555bbce16fb8,c1b1f8d495f8,DEL,BOM,6E,6E-2341,2026-09-12,08:00,2026-09-06 14:30,6,T7(5-9),Economy Standard,7173,1363,150,8686,Goibibo,Available
OBS00362,fdec1449a845,b8722922d34c,DEL,BOM,6E,6E-2341,2026-09-20,08:00,2026-09-06 14:30,14,T15(12-18),Economy Saver,4638,881,150,5669,Cleartrip,Available
OBS00363,a6bc77920ea5,b8722922d34c,DEL,BOM,6E,6E-2341,2026-09-20,08:00,2026-09-06 14:30,14,T15(12-18),Economy Saver,4561,867,150,5578,AirlineSite,Available
OBS00364,b65324312a7a,37a5de9260b1,DEL,BOM,6E,6E-2341,2026-09-20,08:00,2026-09-06 14:30,14,T15(12-18),Economy Standard,6341,1205,120,7666,AirlineSite,Available
OBS00365,6899e58e83c8,37a5de9260b1,DEL,BOM,6E,6E-2341,2026-09-20,08:00,2026-09-06 14:30,14,T15(12-18),Economy Standard,5966,1133,150,7249,Cleartrip,Available
OBS00366,375aba5af2c1,22349c19bb6f,DEL,BOM,6E,6E-2341,2026-10-05,08:00,2026-09-06 14:30,29,T30(25-35),Economy Saver,4293,816,150,5259,AirlineSite,Available
OBS00367,1d6dd2cbb074,d75a1e4d61f5,DEL,BOM,6E,6E-2341,2026-10-05,08:00,2026-09-06 14:30,29,T30(25-35),Economy Flexi,6326,1202,100,7628,MMT,Available
OBS00368,276946ca8874,d75a1e4d61f5,DEL,BOM,6E,6E-2341,2026-10-05,08:00,2026-09-06 14:30,29,T30(25-35),Economy Flexi,6393,1215,150,7758,Cleartrip,Available
OBS00369,7bb930ebe9f7,ad4c6be1e8ec,DEL,BOM,6E,6E-2341,2026-10-20,08:00,2026-09-06 14:30,44,T45(40-50),Economy Standard,5141,977,100,6218,Goibibo,Available
OBS00370,d6351e8565a1,39513d756b0a,DEL,BOM,6E,6E-2341,2026-10-20,08:00,2026-09-06 14:30,44,T45(40-50),Economy Flexi,6345,1206,180,7731,AirlineSite,Available
OBS00371,259eed5f4c71,39513d756b0a,DEL,BOM,6E,6E-2341,2026-10-20,08:00,2026-09-06 14:30,44,T45(40-50),Economy Flexi,6365,1209,150,7724,Goibibo,Available
OBS00372,f72fff55cbf8,87642201e6b5,DEL,BOM,AI,AI-865,2026-09-06,06:15,2026-09-06 14:30,0,T1(0-2),Economy Saver,6902,1311,150,8363,Cleartrip,Available
OBS00373,f9a3176a591f,87642201e6b5,DEL,BOM,AI,AI-865,2026-09-06,06:15,2026-09-06 14:30,0,T1(0-2),Economy Saver,6892,1309,120,8321,Goibibo,Available
OBS00374,354c5b10ec87,88ab09a10eee,DEL,BOM,AI,AI-865,2026-09-06,06:15,2026-09-06 14:30,0,T1(0-2),Economy Standard,8249,1567,180,9996,AirlineSite,Available
OBS00375,b0da7d7b2855,c1b1f8d495f8,DEL,BOM,AI,AI-865,2026-09-12,06:15,2026-09-06 14:30,6,T7(5-9),Economy Standard,7150,1359,100,8609,MMT,Available
OBS00376,9e1b8aae4ce1,37a5de9260b1,DEL,BOM,AI,AI-865,2026-09-20,06:15,2026-09-06 14:30,14,T15(12-18),Economy Standard,6597,1253,120,7970,Goibibo,Available
OBS00377,b2dff7c575e3,37a5de9260b1,DEL,BOM,AI,AI-865,2026-09-20,06:15,2026-09-06 14:30,14,T15(12-18),Economy Standard,6478,1231,150,7859,AirlineSite,Available
OBS00378,27cf7c39d3be,22349c19bb6f,DEL,BOM,AI,AI-865,2026-10-05,06:15,2026-09-06 14:30,29,T30(25-35),Economy Saver,4059,771,150,4980,Goibibo,Available
OBS00379,32382cf04521,2a18c0868003,DEL,BOM,AI,AI-865,2026-10-20,06:15,2026-09-06 14:30,44,T45(40-50),Economy Saver,4063,772,120,4955,Goibibo,Available
OBS00380,d5e196043f7c,40a21046cb1e,DEL,BOM,QP,QP-1123,2026-09-06,09:30,2026-09-06 14:30,0,T1(0-2),Economy Flexi,9642,1832,180,11654,AirlineSite,Available
OBS00381,e3042b3cb5a4,c8a9a94d404b,DEL,BOM,QP,QP-1123,2026-09-12,09:30,2026-09-06 14:30,6,T7(5-9),Economy Flexi,9484,1802,180,11466,AirlineSite,Available
OBS00382,ec38d4a5fc61,c1b1f8d495f8,DEL,BOM,QP,QP-1123,2026-09-12,09:30,2026-09-06 14:30,6,T7(5-9),Economy Standard,7713,1465,180,9358,Cleartrip,Available
OBS00383,dd4944db6d02,b8722922d34c,DEL,BOM,QP,QP-1123,2026-09-20,09:30,2026-09-06 14:30,14,T15(12-18),Economy Saver,4834,918,120,5872,AirlineSite,Available
OBS00384,6ba5019ca144,d75a1e4d61f5,DEL,BOM,QP,QP-1123,2026-10-05,09:30,2026-09-06 14:30,29,T30(25-35),Economy Flexi,6301,1197,180,7678,AirlineSite,Available
OBS00385,5c1fb48a81b4,ad4c6be1e8ec,DEL,BOM,QP,QP-1123,2026-10-20,09:30,2026-09-06 14:30,44,T45(40-50),Economy Standard,5206,989,150,6345,AirlineSite,Available
OBS00386,e6ae5b5bd9fd,2a18c0868003,DEL,BOM,QP,QP-1123,2026-10-20,09:30,2026-09-06 14:30,44,T45(40-50),Economy Saver,3904,742,180,4826,Cleartrip,Available
OBS00387,8955978fcb35,2a18c0868003,DEL,BOM,QP,QP-1123,2026-10-20,09:30,2026-09-06 14:30,44,T45(40-50),Economy Saver,4060,771,100,4931,AirlineSite,Available
OBS00388,9283f08d77bf,2c892a404a55,BLR,HYD,SG,SG-451,2026-09-06,12:00,2026-09-06 14:30,0,T1(0-2),Economy Saver,6512,1237,120,7869,Cleartrip,Available
OBS00389,c0f308360040,2c892a404a55,BLR,HYD,SG,SG-451,2026-09-06,12:00,2026-09-06 14:30,0,T1(0-2),Economy Saver,6584,1251,120,7955,MMT,Available
OBS00390,321a8565ca75,c212c6a55ae1,BLR,HYD,SG,SG-451,2026-09-12,12:00,2026-09-06 14:30,6,T7(5-9),Economy Flexi,8956,1702,150,10808,MMT,Available
OBS00391,3a4421e42d09,24a0effd14e0,BLR,HYD,SG,SG-451,2026-09-20,12:00,2026-09-06 14:30,14,T15(12-18),Economy Standard,6480,1231,150,7861,Cleartrip,Available
OBS00392,c8fc4c0fc06f,24a0effd14e0,BLR,HYD,SG,SG-451,2026-09-20,12:00,2026-09-06 14:30,14,T15(12-18),Economy Standard,6093,1158,100,7351,MMT,Available
OBS00393,69283a5d2232,c1b430d6ef3d,BLR,HYD,SG,SG-451,2026-09-20,12:00,2026-09-06 14:30,14,T15(12-18),Economy Flexi,7832,1488,100,9420,Cleartrip,Available
OBS00394,23e03cf8811a,bfd475034edc,BLR,HYD,SG,SG-451,2026-10-05,12:00,2026-09-06 14:30,29,T30(25-35),Economy Standard,4975,945,180,6100,MMT,Available
OBS00395,b42d684b8422,bfd475034edc,BLR,HYD,SG,SG-451,2026-10-05,12:00,2026-09-06 14:30,29,T30(25-35),Economy Standard,5055,961,180,6196,Cleartrip,Available
OBS00396,0844829e2d10,f91b72f2d855,BLR,HYD,SG,SG-451,2026-10-05,12:00,2026-09-06 14:30,29,T30(25-35),Economy Flexi,6011,1142,100,7253,MMT,Available
OBS00397,fc9dcbfae327,e257b8bf6a27,BLR,HYD,SG,SG-451,2026-10-20,12:00,2026-09-06 14:30,44,T45(40-50),Economy Saver,4018,763,180,4961,Cleartrip,Available
OBS00398,68cbc3f8aa3b,2c892a404a55,BLR,HYD,6E,6E-773,2026-09-06,16:45,2026-09-06 14:30,0,T1(0-2),Economy Saver,6685,1270,120,8075,Goibibo,Available
OBS00399,97cc01b7cde8,2c892a404a55,BLR,HYD,6E,6E-773,2026-09-06,16:45,2026-09-06 14:30,0,T1(0-2),Economy Saver,6512,1237,150,7899,Cleartrip,Available
OBS00400,eaff3f2798ea,2716b7b1fead,BLR,HYD,6E,6E-773,2026-09-06,16:45,2026-09-06 14:30,0,T1(0-2),Economy Standard,8312,1579,120,10011,Goibibo,Available
OBS00401,1989485b9cf0,2716b7b1fead,BLR,HYD,6E,6E-773,2026-09-06,16:45,2026-09-06 14:30,0,T1(0-2),Economy Standard,8401,1596,150,10147,Cleartrip,Available
OBS00402,6261edb7ccc3,12bc7fff5c8b,BLR,HYD,6E,6E-773,2026-09-12,16:45,2026-09-06 14:30,6,T7(5-9),Economy Standard,7934,1507,150,9591,Goibibo,Available
OBS00403,a54f999caa4c,12bc7fff5c8b,BLR,HYD,6E,6E-773,2026-09-12,16:45,2026-09-06 14:30,6,T7(5-9),Economy Standard,7551,1435,120,9106,AirlineSite,Available
OBS00404,fd3d53cf9b99,c212c6a55ae1,BLR,HYD,6E,6E-773,2026-09-12,16:45,2026-09-06 14:30,6,T7(5-9),Economy Flexi,9318,1771,180,11269,Cleartrip,Available
OBS00405,107fae80149d,24a0effd14e0,BLR,HYD,6E,6E-773,2026-09-20,16:45,2026-09-06 14:30,14,T15(12-18),Economy Standard,6059,1151,180,7390,Cleartrip,Available
OBS00406,d93536368f79,bfd475034edc,BLR,HYD,6E,6E-773,2026-10-05,16:45,2026-09-06 14:30,29,T30(25-35),Economy Standard,4968,944,100,6012,Cleartrip,Available
OBS00407,4d9bc6475977,4168bf9fcb94,BLR,HYD,6E,6E-773,2026-10-20,16:45,2026-09-06 14:30,44,T45(40-50),Economy Standard,5264,1000,120,6384,Cleartrip,Available
OBS00408,508456b345a0,4168bf9fcb94,BLR,HYD,6E,6E-773,2026-10-20,16:45,2026-09-06 14:30,44,T45(40-50),Economy Standard,5500,1045,150,6695,Goibibo,Available
OBS00409,ca74fd4542b1,4a44ee99890d,DEL,BLR,6E,6E-5011,2026-09-06,17:00,2026-09-06 14:30,0,T1(0-2),Economy Flexi,10383,1973,120,12476,AirlineSite,Available
OBS00410,df712d86bde7,541d83fb2ee3,DEL,BLR,6E,6E-5011,2026-09-06,17:00,2026-09-06 14:30,0,T1(0-2),Economy Standard,8628,1639,120,10387,AirlineSite,Available
OBS00411,1c34516d86d7,368a85f47dc9,DEL,BLR,6E,6E-5011,2026-09-12,17:00,2026-09-06 14:30,6,T7(5-9),Economy Saver,5640,1072,180,6892,Goibibo,Available
OBS00412,b8514fcfc4c6,d5a3834296a1,DEL,BLR,6E,6E-5011,2026-09-12,17:00,2026-09-06 14:30,6,T7(5-9),Economy Flexi,8505,1616,120,10241,MMT,Available
OBS00413,fa752ffb4883,1475218a87df,DEL,BLR,6E,6E-5011,2026-09-20,17:00,2026-09-06 14:30,14,T15(12-18),Economy Flexi,7691,1461,150,9302,Goibibo,Available
OBS00414,268d3e5d7961,1a0596829dc8,DEL,BLR,6E,6E-5011,2026-10-05,17:00,2026-09-06 14:30,29,T30(25-35),Economy Standard,5381,1022,120,6523,AirlineSite,Available
OBS00415,439142508775,1a0596829dc8,DEL,BLR,6E,6E-5011,2026-10-05,17:00,2026-09-06 14:30,29,T30(25-35),Economy Standard,5302,1007,100,6409,Goibibo,Available
OBS00416,1c76df818e52,bf3eae4178b5,DEL,BLR,6E,6E-5011,2026-10-20,17:00,2026-09-06 14:30,44,T45(40-50),Economy Standard,5614,1067,180,6861,AirlineSite,Available
OBS00417,f29b2a0b85c4,185bcc3961d3,DEL,BLR,AI,AI-503,2026-09-06,05:45,2026-09-06 14:30,0,T1(0-2),Economy Saver,6088,1157,100,7345,Cleartrip,Available
OBS00418,94796737c2d8,185bcc3961d3,DEL,BLR,AI,AI-503,2026-09-06,05:45,2026-09-06 14:30,0,T1(0-2),Economy Saver,6852,1302,150,8304,AirlineSite,Available
OBS00419,48b3225e17eb,c9b904f290c2,DEL,BLR,AI,AI-503,2026-09-12,05:45,2026-09-06 14:30,6,T7(5-9),Economy Standard,7832,1488,180,9500,Goibibo,Available
OBS00420,92f05151f8fc,c9b904f290c2,DEL,BLR,AI,AI-503,2026-09-12,05:45,2026-09-06 14:30,6,T7(5-9),Economy Standard,7277,1383,100,8760,AirlineSite,Available
OBS00421,afe086897107,7f550039d6be,DEL,BLR,AI,AI-503,2026-09-20,05:45,2026-09-06 14:30,14,T15(12-18),Economy Saver,4642,882,120,5644,Goibibo,Available
OBS00422,be220cbc5334,7f550039d6be,DEL,BLR,AI,AI-503,2026-09-20,05:45,2026-09-06 14:30,14,T15(12-18),Economy Saver,4493,854,150,5497,Cleartrip,Available
OBS00423,c8f2586a6c05,a2844fb520cf,DEL,BLR,AI,AI-503,2026-10-05,05:45,2026-09-06 14:30,29,T30(25-35),Economy Flexi,6485,1232,180,7897,MMT,Available
OBS00424,968890c32ac5,a2844fb520cf,DEL,BLR,AI,AI-503,2026-10-05,05:45,2026-09-06 14:30,29,T30(25-35),Economy Flexi,6662,1266,150,8078,AirlineSite,Available
OBS00425,80d013c52da5,bf3eae4178b5,DEL,BLR,AI,AI-503,2026-10-20,05:45,2026-09-06 14:30,44,T45(40-50),Economy Standard,5604,1065,180,6849,AirlineSite,Available
OBS00426,28cd9fe06dfc,bf3eae4178b5,DEL,BLR,AI,AI-503,2026-10-20,05:45,2026-09-06 14:30,44,T45(40-50),Economy Standard,5159,980,120,6259,Goibibo,Available
OBS00427,2fd9a5c28741,541d83fb2ee3,DEL,BLR,UK,UK-822,2026-09-06,10:45,2026-09-06 14:30,0,T1(0-2),Economy Standard,8387,1594,150,10131,MMT,Available
OBS00428,be4f8914cba5,c9b904f290c2,DEL,BLR,UK,UK-822,2026-09-12,10:45,2026-09-06 14:30,6,T7(5-9),Economy Standard,7642,1452,120,9214,AirlineSite,Available
OBS00429,49d11e4594a0,c9b904f290c2,DEL,BLR,UK,UK-822,2026-09-12,10:45,2026-09-06 14:30,6,T7(5-9),Economy Standard,7074,1344,100,8518,MMT,Available
OBS00430,88d978c52c08,78c027de36d9,DEL,BLR,UK,UK-822,2026-09-20,10:45,2026-09-06 14:30,14,T15(12-18),Economy Standard,6376,1212,150,7738,Goibibo,Available
OBS00431,22edbf373036,85d569d51a6f,DEL,BLR,UK,UK-822,2026-10-05,10:45,2026-09-06 14:30,29,T30(25-35),Economy Saver,3914,744,120,4778,MMT,Available
OBS00432,020fcabcb1bb,1a0596829dc8,DEL,BLR,UK,UK-822,2026-10-05,10:45,2026-09-06 14:30,29,T30(25-35),Economy Standard,5248,997,150,6395,MMT,Available
OBS00433,c55b45a3580c,88d6a22dc555,DEL,BLR,UK,UK-822,2026-10-20,10:45,2026-09-06 14:30,44,T45(40-50),Economy Flexi,6642,1262,120,8024,Goibibo,Available
OBS00434,1fae46c78081,88d6a22dc555,DEL,BLR,UK,UK-822,2026-10-20,10:45,2026-09-06 14:30,44,T45(40-50),Economy Flexi,6609,1256,100,7965,Cleartrip,Available
OBS00435,07f8d76ebfa0,8946e1e5fe25,MAA,CCU,6E,6E-6120,2026-09-06,12:00,2026-09-06 14:30,0,T1(0-2),Economy Standard,7971,1514,120,9605,AirlineSite,Available
OBS00436,2e22efce46f3,79b16d498fc8,MAA,CCU,6E,6E-6120,2026-09-06,12:00,2026-09-06 14:30,0,T1(0-2),Economy Flexi,10006,1901,180,12087,MMT,Available
OBS00437,c7a7fc0a5fea,79b16d498fc8,MAA,CCU,6E,6E-6120,2026-09-06,12:00,2026-09-06 14:30,0,T1(0-2),Economy Flexi,9728,1848,120,11696,AirlineSite,Available
OBS00438,b7e2757ee427,1e42463f6726,MAA,CCU,6E,6E-6120,2026-09-12,12:00,2026-09-06 14:30,6,T7(5-9),Economy Flexi,9439,1793,180,11412,Goibibo,Available
OBS00439,345e87bca508,bfdedc1a4859,MAA,CCU,6E,6E-6120,2026-09-12,12:00,2026-09-06 14:30,6,T7(5-9),Economy Standard,7453,1416,100,8969,Goibibo,Available
OBS00440,3d16a28896e0,dd19312763d8,MAA,CCU,6E,6E-6120,2026-09-20,12:00,2026-09-06 14:30,14,T15(12-18),Economy Standard,6032,1146,100,7278,AirlineSite,Available
OBS00441,c249d2057364,dd19312763d8,MAA,CCU,6E,6E-6120,2026-09-20,12:00,2026-09-06 14:30,14,T15(12-18),Economy Standard,6424,1221,100,7745,MMT,Available
OBS00442,bd795363b164,28a947e6fe51,MAA,CCU,6E,6E-6120,2026-09-20,12:00,2026-09-06 14:30,14,T15(12-18),Economy Flexi,7395,1405,100,8900,Goibibo,Available
OBS00443,e1f177e62a97,0122ec6b8c01,MAA,CCU,6E,6E-6120,2026-10-05,12:00,2026-09-06 14:30,29,T30(25-35),Economy Saver,3949,750,120,4819,AirlineSite,Available
OBS00444,218258df365e,30301e416d98,MAA,CCU,6E,6E-6120,2026-10-05,12:00,2026-09-06 14:30,29,T30(25-35),Economy Flexi,6292,1195,180,7667,Goibibo,Available
OBS00445,bc8757f3397d,d08cdfeb22c3,MAA,CCU,6E,6E-6120,2026-10-20,12:00,2026-09-06 14:30,44,T45(40-50),Economy Standard,5402,1026,120,6548,AirlineSite,Available
OBS00446,ce1a35301bdf,8946e1e5fe25,MAA,CCU,SG,SG-988,2026-09-06,14:30,2026-09-06 14:30,0,T1(0-2),Economy Standard,8476,1610,120,10206,Goibibo,Available
OBS00447,ed87a32a2d52,d6eca9fabec4,MAA,CCU,SG,SG-988,2026-09-06,14:30,2026-09-06 14:30,0,T1(0-2),Economy Saver,6894,1310,180,8384,AirlineSite,Available
OBS00448,af63675dad20,1e42463f6726,MAA,CCU,SG,SG-988,2026-09-12,14:30,2026-09-06 14:30,6,T7(5-9),Economy Flexi,8787,1669,150,10606,Goibibo,Available
OBS00449,b2e3f02e5492,1e42463f6726,MAA,CCU,SG,SG-988,2026-09-12,14:30,2026-09-06 14:30,6,T7(5-9),Economy Flexi,8679,1649,120,10448,AirlineSite,Available
OBS00450,61fb0cd72fe5,bfdedc1a4859,MAA,CCU,SG,SG-988,2026-09-12,14:30,2026-09-06 14:30,6,T7(5-9),Economy Standard,7792,1480,180,9452,AirlineSite,Available
OBS00451,956db2e961b9,bfdedc1a4859,MAA,CCU,SG,SG-988,2026-09-12,14:30,2026-09-06 14:30,6,T7(5-9),Economy Standard,7605,1445,100,9150,Goibibo,Available
OBS00452,072c056ae6e6,96a704c16780,MAA,CCU,SG,SG-988,2026-09-20,14:30,2026-09-06 14:30,14,T15(12-18),Economy Saver,4848,921,180,5949,AirlineSite,Available
OBS00453,aa63240427b4,30301e416d98,MAA,CCU,SG,SG-988,2026-10-05,14:30,2026-09-06 14:30,29,T30(25-35),Economy Flexi,6314,1200,120,7634,AirlineSite,Available
OBS00454,decec83303b1,0122ec6b8c01,MAA,CCU,SG,SG-988,2026-10-05,14:30,2026-09-06 14:30,29,T30(25-35),Economy Saver,3873,736,150,4759,MMT,Available
OBS00455,455a5f2cdd30,0122ec6b8c01,MAA,CCU,SG,SG-988,2026-10-05,14:30,2026-09-06 14:30,29,T30(25-35),Economy Saver,3922,745,150,4817,AirlineSite,Available
OBS00456,ff9b96a5f092,134f6aeba305,MAA,CCU,SG,SG-988,2026-10-20,14:30,2026-09-06 14:30,44,T45(40-50),Economy Flexi,6703,1274,120,8097,Cleartrip,Available
OBS00457,53019da3c572,d08cdfeb22c3,MAA,CCU,SG,SG-988,2026-10-20,14:30,2026-09-06 14:30,44,T45(40-50),Economy Standard,5126,974,120,6220,Cleartrip,Available
OBS00458,9dc7b43f61a4,40a21046cb1e,DEL,BOM,6E,6E-2341,2026-09-06,08:00,2026-09-06 20:15,0,T1(0-2),Economy Flexi,10850,2062,180,13092,Goibibo,Available
OBS00459,3b42d850c2cb,40a21046cb1e,DEL,BOM,6E,6E-2341,2026-09-06,08:00,2026-09-06 20:15,0,T1(0-2),Economy Flexi,10606,2015,150,12771,AirlineSite,Available
OBS00460,553733b5518e,88ab09a10eee,DEL,BOM,6E,6E-2341,2026-09-06,08:00,2026-09-06 20:15,0,T1(0-2),Economy Standard,8065,1532,180,9777,Goibibo,Available
OBS00461,15bf9dabe5a2,88ab09a10eee,DEL,BOM,6E,6E-2341,2026-09-06,08:00,2026-09-06 20:15,0,T1(0-2),Economy Standard,8103,1540,180,9823,MMT,Available
OBS00462,b5b01d420aa2,cc19bed3c720,DEL,BOM,6E,6E-2341,2026-09-12,08:00,2026-09-06 20:15,6,T7(5-9),Economy Saver,5991,1138,100,7229,MMT,Available
OBS00463,79ac4e0a2adc,37a5de9260b1,DEL,BOM,6E,6E-2341,2026-09-20,08:00,2026-09-06 20:15,14,T15(12-18),Economy Standard,6023,1144,120,7287,MMT,Available
OBS00464,a2bb2cafe113,37a5de9260b1,DEL,BOM,6E,6E-2341,2026-09-20,08:00,2026-09-06 20:15,14,T15(12-18),Economy Standard,6093,1158,100,7351,Goibibo,Available
OBS00465,75f09ab7200e,dc9a0c69e72f,DEL,BOM,6E,6E-2341,2026-09-20,08:00,2026-09-06 20:15,14,T15(12-18),Economy Flexi,7152,1359,120,8631,Cleartrip,Available
OBS00466,665702b91246,a7a709ff669a,DEL,BOM,6E,6E-2341,2026-10-05,08:00,2026-09-06 20:15,29,T30(25-35),Economy Standard,5531,1051,120,6702,AirlineSite,Available
OBS00467,7911823da7a4,39513d756b0a,DEL,BOM,6E,6E-2341,2026-10-20,08:00,2026-09-06 20:15,44,T45(40-50),Economy Flexi,6697,1272,150,8119,MMT,Available
OBS00468,5d83b89096ab,2a18c0868003,DEL,BOM,6E,6E-2341,2026-10-20,08:00,2026-09-06 20:15,44,T45(40-50),Economy Saver,3910,743,120,4773,AirlineSite,Available
OBS00469,41419e26d11e,87642201e6b5,DEL,BOM,AI,AI-865,2026-09-06,06:15,2026-09-06 20:15,0,T1(0-2),Economy Saver,6410,1218,120,7748,MMT,Available
OBS00470,1caa5f451868,88ab09a10eee,DEL,BOM,AI,AI-865,2026-09-06,06:15,2026-09-06 20:15,0,T1(0-2),Economy Standard,8316,1580,150,10046,Cleartrip,Available
OBS00471,b846fd03c026,88ab09a10eee,DEL,BOM,AI,AI-865,2026-09-06,06:15,2026-09-06 20:15,0,T1(0-2),Economy Standard,8238,1565,150,9953,MMT,Available
OBS00472,7848ab3b9077,c1b1f8d495f8,DEL,BOM,AI,AI-865,2026-09-12,06:15,2026-09-06 20:15,6,T7(5-9),Economy Standard,7746,1472,150,9368,Goibibo,Available
OBS00473,dc72e2d40b10,c8a9a94d404b,DEL,BOM,AI,AI-865,2026-09-12,06:15,2026-09-06 20:15,6,T7(5-9),Economy Flexi,8863,1684,100,10647,Cleartrip,Available
OBS00474,f915bbd311ca,b8722922d34c,DEL,BOM,AI,AI-865,2026-09-20,06:15,2026-09-06 20:15,14,T15(12-18),Economy Saver,4824,916,180,5920,Cleartrip,Available
OBS00475,5a496cc96b0f,dc9a0c69e72f,DEL,BOM,AI,AI-865,2026-09-20,06:15,2026-09-06 20:15,14,T15(12-18),Economy Flexi,7252,1378,120,8750,MMT,Available
OBS00476,c4f500f70b72,d75a1e4d61f5,DEL,BOM,AI,AI-865,2026-10-05,06:15,2026-09-06 20:15,29,T30(25-35),Economy Flexi,6436,1223,150,7809,Goibibo,Available
OBS00477,091e8767d2df,ad4c6be1e8ec,DEL,BOM,AI,AI-865,2026-10-20,06:15,2026-09-06 20:15,44,T45(40-50),Economy Standard,5054,960,150,6164,Goibibo,Available
OBS00478,6b654d79ed83,ad4c6be1e8ec,DEL,BOM,AI,AI-865,2026-10-20,06:15,2026-09-06 20:15,44,T45(40-50),Economy Standard,5054,960,180,6194,MMT,Available
OBS00479,f44444254735,40a21046cb1e,DEL,BOM,QP,QP-1123,2026-09-06,09:30,2026-09-06 20:15,0,T1(0-2),Economy Flexi,9620,1828,100,11548,AirlineSite,Available
OBS00480,571141835562,40a21046cb1e,DEL,BOM,QP,QP-1123,2026-09-06,09:30,2026-09-06 20:15,0,T1(0-2),Economy Flexi,10815,2055,100,12970,Cleartrip,Available
OBS00481,0e333c519b52,c1b1f8d495f8,DEL,BOM,QP,QP-1123,2026-09-12,09:30,2026-09-06 20:15,6,T7(5-9),Economy Standard,7080,1345,120,8545,MMT,Available
OBS00482,65b11aeeb84c,b8722922d34c,DEL,BOM,QP,QP-1123,2026-09-20,09:30,2026-09-06 20:15,14,T15(12-18),Economy Saver,4521,859,180,5560,Goibibo,Available
OBS00483,7b9db13e9dc7,b8722922d34c,DEL,BOM,QP,QP-1123,2026-09-20,09:30,2026-09-06 20:15,14,T15(12-18),Economy Saver,4889,929,100,5918,MMT,Available
OBS00484,caae025f432a,d75a1e4d61f5,DEL,BOM,QP,QP-1123,2026-10-05,09:30,2026-09-06 20:15,29,T30(25-35),Economy Flexi,5999,1140,150,7289,Goibibo,Available
OBS00485,8e4855a799b4,d75a1e4d61f5,DEL,BOM,QP,QP-1123,2026-10-05,09:30,2026-09-06 20:15,29,T30(25-35),Economy Flexi,6424,1221,150,7795,AirlineSite,Available
OBS00486,fab0c704465c,39513d756b0a,DEL,BOM,QP,QP-1123,2026-10-20,09:30,2026-09-06 20:15,44,T45(40-50),Economy Flexi,6073,1154,100,7327,Goibibo,Available
OBS00487,da3ea26b0a50,39513d756b0a,DEL,BOM,QP,QP-1123,2026-10-20,09:30,2026-09-06 20:15,44,T45(40-50),Economy Flexi,6414,1219,120,7753,AirlineSite,Available
OBS00488,cb1eec1e9159,5f429a888437,BLR,HYD,SG,SG-451,2026-09-06,12:00,2026-09-06 20:15,0,T1(0-2),Economy Flexi,9926,1886,180,11992,Cleartrip,Available
OBS00489,eed0911cc312,5f429a888437,BLR,HYD,SG,SG-451,2026-09-06,12:00,2026-09-06 20:15,0,T1(0-2),Economy Flexi,9680,1839,180,11699,MMT,Available
OBS00490,0d8bef290afc,c212c6a55ae1,BLR,HYD,SG,SG-451,2026-09-12,12:00,2026-09-06 20:15,6,T7(5-9),Economy Flexi,8848,1681,100,10629,MMT,Available
OBS00491,2af478a97488,c1b430d6ef3d,BLR,HYD,SG,SG-451,2026-09-20,12:00,2026-09-06 20:15,14,T15(12-18),Economy Flexi,7429,1411,180,9020,Goibibo,Available
OBS00492,53ee5a4b9936,bb7a4806d2ef,BLR,HYD,SG,SG-451,2026-09-20,12:00,2026-09-06 20:15,14,T15(12-18),Economy Saver,4915,934,100,5949,AirlineSite,Available
OBS00493,a6d0990efc9b,bfd475034edc,BLR,HYD,SG,SG-451,2026-10-05,12:00,2026-09-06 20:15,29,T30(25-35),Economy Standard,5601,1064,100,6765,Cleartrip,Available
OBS00494,7bae2451aaf2,bfd475034edc,BLR,HYD,SG,SG-451,2026-10-05,12:00,2026-09-06 20:15,29,T30(25-35),Economy Standard,5545,1054,100,6699,Goibibo,Available
OBS00495,28a903fbbc15,e257b8bf6a27,BLR,HYD,SG,SG-451,2026-10-20,12:00,2026-09-06 20:15,44,T45(40-50),Economy Saver,3824,727,100,4651,Goibibo,Available
OBS00496,7bf20e8b99d9,e257b8bf6a27,BLR,HYD,SG,SG-451,2026-10-20,12:00,2026-09-06 20:15,44,T45(40-50),Economy Saver,4156,790,150,5096,MMT,Available
OBS00497,7c5ac3e7ea6a,5f429a888437,BLR,HYD,6E,6E-773,2026-09-06,16:45,2026-09-06 20:15,0,T1(0-2),Economy Flexi,9597,1823,120,11540,Cleartrip,Available
OBS00498,bb8e189717ba,2c892a404a55,BLR,HYD,6E,6E-773,2026-09-06,16:45,2026-09-06 20:15,0,T1(0-2),Economy Saver,6763,1285,100,8148,MMT,Available
OBS00499,9e9db4e011ac,2c892a404a55,BLR,HYD,6E,6E-773,2026-09-06,16:45,2026-09-06 20:15,0,T1(0-2),Economy Saver,6329,1203,120,7652,Cleartrip,Available
OBS00500,4fa95dfdd72e,12bc7fff5c8b,BLR,HYD,6E,6E-773,2026-09-12,16:45,2026-09-06 20:15,6,T7(5-9),Economy Standard,7774,1477,100,9351,MMT,Available
OBS00501,14780986275b,c212c6a55ae1,BLR,HYD,6E,6E-773,2026-09-12,16:45,2026-09-06 20:15,6,T7(5-9),Economy Flexi,8612,1636,120,10368,Cleartrip,Available
OBS00502,efa0eaa08088,c212c6a55ae1,BLR,HYD,6E,6E-773,2026-09-12,16:45,2026-09-06 20:15,6,T7(5-9),Economy Flexi,9474,1800,150,11424,AirlineSite,Available
OBS00503,7820a0637a80,c1b430d6ef3d,BLR,HYD,6E,6E-773,2026-09-20,16:45,2026-09-06 20:15,14,T15(12-18),Economy Flexi,7675,1458,180,9313,AirlineSite,Available
OBS00504,2aeca76bad9b,24a0effd14e0,BLR,HYD,6E,6E-773,2026-09-20,16:45,2026-09-06 20:15,14,T15(12-18),Economy Standard,6113,1161,180,7454,MMT,Available
OBS00505,70687b266232,8ffb61505283,BLR,HYD,6E,6E-773,2026-10-05,16:45,2026-09-06 20:15,29,T30(25-35),Economy Saver,4202,798,150,5150,Goibibo,Available
OBS00506,cdc7117a6556,8ffb61505283,BLR,HYD,6E,6E-773,2026-10-05,16:45,2026-09-06 20:15,29,T30(25-35),Economy Saver,4215,801,100,5116,AirlineSite,Available
OBS00507,ce2a7c860cb5,4168bf9fcb94,BLR,HYD,6E,6E-773,2026-10-20,16:45,2026-09-06 20:15,44,T45(40-50),Economy Standard,5421,1030,120,6571,Goibibo,Available
OBS00508,c76e0bf4ebb7,541d83fb2ee3,DEL,BLR,6E,6E-5011,2026-09-06,17:00,2026-09-06 20:15,0,T1(0-2),Economy Standard,8003,1521,150,9674,AirlineSite,Available
OBS00509,8d1b0eae8a31,4a44ee99890d,DEL,BLR,6E,6E-5011,2026-09-06,17:00,2026-09-06 20:15,0,T1(0-2),Economy Flexi,10574,2009,100,12683,Cleartrip,Available
OBS00510,48c18d65b6b3,368a85f47dc9,DEL,BLR,6E,6E-5011,2026-09-12,17:00,2026-09-06 20:15,6,T7(5-9),Economy Saver,5727,1088,180,6995,Goibibo,Available
OBS00511,6806bf9e8dfb,7f550039d6be,DEL,BLR,6E,6E-5011,2026-09-20,17:00,2026-09-06 20:15,14,T15(12-18),Economy Saver,4824,917,150,5891,Cleartrip,Available
OBS00512,0b4da6fed14c,85d569d51a6f,DEL,BLR,6E,6E-5011,2026-10-05,17:00,2026-09-06 20:15,29,T30(25-35),Economy Saver,4002,760,100,4862,Goibibo,Available
OBS00513,8aeb3c96e046,88d6a22dc555,DEL,BLR,6E,6E-5011,2026-10-20,17:00,2026-09-06 20:15,44,T45(40-50),Economy Flexi,6297,1196,120,7613,MMT,Available
OBS00514,90422ab1884a,88d6a22dc555,DEL,BLR,6E,6E-5011,2026-10-20,17:00,2026-09-06 20:15,44,T45(40-50),Economy Flexi,6205,1179,150,7534,Cleartrip,Available
OBS00515,806b9d4101f8,c7e037c3624d,DEL,BLR,6E,6E-5011,2026-10-20,17:00,2026-09-06 20:15,44,T45(40-50),Economy Saver,3833,728,180,4741,MMT,Available
OBS00516,215890992088,541d83fb2ee3,DEL,BLR,AI,AI-503,2026-09-06,05:45,2026-09-06 20:15,0,T1(0-2),Economy Standard,8751,1663,150,10564,Goibibo,Available
OBS00517,8ff689f9df02,368a85f47dc9,DEL,BLR,AI,AI-503,2026-09-12,05:45,2026-09-06 20:15,6,T7(5-9),Economy Saver,5851,1112,180,7143,Goibibo,Available
OBS00518,65eb4cf68512,368a85f47dc9,DEL,BLR,AI,AI-503,2026-09-12,05:45,2026-09-06 20:15,6,T7(5-9),Economy Saver,5475,1040,150,6665,Cleartrip,Available
OBS00519,9ed9a58bff7d,78c027de36d9,DEL,BLR,AI,AI-503,2026-09-20,05:45,2026-09-06 20:15,14,T15(12-18),Economy Standard,6471,1229,150,7850,Goibibo,Available
OBS00520,ba8d8406eec0,1a0596829dc8,DEL,BLR,AI,AI-503,2026-10-05,05:45,2026-09-06 20:15,29,T30(25-35),Economy Standard,5143,977,120,6240,MMT,Available
OBS00521,42cd66edb752,bf3eae4178b5,DEL,BLR,AI,AI-503,2026-10-20,05:45,2026-09-06 20:15,44,T45(40-50),Economy Standard,5595,1063,150,6808,Goibibo,Available
OBS00522,098c766e7173,4a44ee99890d,DEL,BLR,UK,UK-822,2026-09-06,10:45,2026-09-06 20:15,0,T1(0-2),Economy Flexi,10069,1913,180,12162,MMT,Available
OBS00523,61301ccf439f,4a44ee99890d,DEL,BLR,UK,UK-822,2026-09-06,10:45,2026-09-06 20:15,0,T1(0-2),Economy Flexi,10054,1910,120,12084,Goibibo,Available
OBS00524,f39abbebbf5a,541d83fb2ee3,DEL,BLR,UK,UK-822,2026-09-06,10:45,2026-09-06 20:15,0,T1(0-2),Economy Standard,8734,1660,100,10494,MMT,Available
OBS00525,853b9b6bc7ac,541d83fb2ee3,DEL,BLR,UK,UK-822,2026-09-06,10:45,2026-09-06 20:15,0,T1(0-2),Economy Standard,8935,1698,180,10813,Cleartrip,Available
OBS00526,9a671ff776cd,368a85f47dc9,DEL,BLR,UK,UK-822,2026-09-12,10:45,2026-09-06 20:15,6,T7(5-9),Economy Saver,6001,1140,180,7321,AirlineSite,Available
OBS00527,039f66576897,c9b904f290c2,DEL,BLR,UK,UK-822,2026-09-12,10:45,2026-09-06 20:15,6,T7(5-9),Economy Standard,7623,1448,120,9191,Goibibo,Available
OBS00528,86a57c59e2b7,c9b904f290c2,DEL,BLR,UK,UK-822,2026-09-12,10:45,2026-09-06 20:15,6,T7(5-9),Economy Standard,7257,1379,120,8756,AirlineSite,Available
OBS00529,fb56e039b73d,78c027de36d9,DEL,BLR,UK,UK-822,2026-09-20,10:45,2026-09-06 20:15,14,T15(12-18),Economy Standard,6619,1258,180,8057,Goibibo,Available
OBS00530,4263fab7b0f7,1475218a87df,DEL,BLR,UK,UK-822,2026-09-20,10:45,2026-09-06 20:15,14,T15(12-18),Economy Flexi,7552,1435,180,9167,Goibibo,Available
OBS00531,6f70ff2989e4,1475218a87df,DEL,BLR,UK,UK-822,2026-09-20,10:45,2026-09-06 20:15,14,T15(12-18),Economy Flexi,7588,1442,150,9180,Cleartrip,Available
OBS00532,e38844775df0,a2844fb520cf,DEL,BLR,UK,UK-822,2026-10-05,10:45,2026-09-06 20:15,29,T30(25-35),Economy Flexi,6524,1239,150,7913,MMT,Available
OBS00533,d5cb184385b6,85d569d51a6f,DEL,BLR,UK,UK-822,2026-10-05,10:45,2026-09-06 20:15,29,T30(25-35),Economy Saver,4093,778,180,5051,AirlineSite,Available
OBS00534,cf12a0bdc52e,bf3eae4178b5,DEL,BLR,UK,UK-822,2026-10-20,10:45,2026-09-06 20:15,44,T45(40-50),Economy Standard,5007,951,120,6078,AirlineSite,Available
OBS00535,7058623996a4,79b16d498fc8,MAA,CCU,6E,6E-6120,2026-09-06,12:00,2026-09-06 20:15,0,T1(0-2),Economy Flexi,10089,1917,120,12126,Cleartrip,Available
OBS00536,5f56c06edf94,d6eca9fabec4,MAA,CCU,6E,6E-6120,2026-09-06,12:00,2026-09-06 20:15,0,T1(0-2),Economy Saver,6482,1232,150,7864,AirlineSite,Available
OBS00537,d7564f763cad,1604d95c76f6,MAA,CCU,6E,6E-6120,2026-09-12,12:00,2026-09-06 20:15,6,T7(5-9),Economy Saver,5653,1074,150,6877,MMT,Available
OBS00538,7f907f9edc1e,96a704c16780,MAA,CCU,6E,6E-6120,2026-09-20,12:00,2026-09-06 20:15,14,T15(12-18),Economy Saver,4776,907,180,5863,Goibibo,Available
OBS00539,21ee481510b2,96a704c16780,MAA,CCU,6E,6E-6120,2026-09-20,12:00,2026-09-06 20:15,14,T15(12-18),Economy Saver,4927,936,180,6043,MMT,Available
OBS00540,000e7c820250,0122ec6b8c01,MAA,CCU,6E,6E-6120,2026-10-05,12:00,2026-09-06 20:15,29,T30(25-35),Economy Saver,4221,802,100,5123,AirlineSite,Available
OBS00541,4464401e0f09,d08cdfeb22c3,MAA,CCU,6E,6E-6120,2026-10-20,12:00,2026-09-06 20:15,44,T45(40-50),Economy Standard,5481,1041,120,6642,AirlineSite,Available
OBS00542,bac0c0ace810,d08cdfeb22c3,MAA,CCU,6E,6E-6120,2026-10-20,12:00,2026-09-06 20:15,44,T45(40-50),Economy Standard,5289,1005,120,6414,Cleartrip,Available
OBS00543,550b0e6c26e0,79b16d498fc8,MAA,CCU,SG,SG-988,2026-09-06,14:30,2026-09-06 20:15,0,T1(0-2),Economy Flexi,9880,1877,180,11937,Goibibo,Available
OBS00544,57a3a7e07de4,1604d95c76f6,MAA,CCU,SG,SG-988,2026-09-12,14:30,2026-09-06 20:15,6,T7(5-9),Economy Saver,5418,1029,120,6567,Goibibo,Available
OBS00545,6478eebd5f8d,1604d95c76f6,MAA,CCU,SG,SG-988,2026-09-12,14:30,2026-09-06 20:15,6,T7(5-9),Economy Saver,5728,1088,180,6996,MMT,Available
OBS00546,9ba997c6935a,1e42463f6726,MAA,CCU,SG,SG-988,2026-09-12,14:30,2026-09-06 20:15,6,T7(5-9),Economy Flexi,9318,1770,120,11208,AirlineSite,Available
OBS00547,77148a52ab20,28a947e6fe51,MAA,CCU,SG,SG-988,2026-09-20,14:30,2026-09-06 20:15,14,T15(12-18),Economy Flexi,7835,1489,120,9444,AirlineSite,Available
OBS00548,ae7dd1cfaac8,68f040f6697f,MAA,CCU,SG,SG-988,2026-10-05,14:30,2026-09-06 20:15,29,T30(25-35),Economy Standard,5017,953,180,6150,Goibibo,Available
OBS00549,364041cd2bab,134f6aeba305,MAA,CCU,SG,SG-988,2026-10-20,14:30,2026-09-06 20:15,44,T45(40-50),Economy Flexi,6306,1198,100,7604,Goibibo,Available
OBS00550,a20d4738608b,134f6aeba305,MAA,CCU,SG,SG-988,2026-10-20,14:30,2026-09-06 20:15,44,T45(40-50),Economy Flexi,6270,1191,180,7641,Cleartrip,Available
OBS00551,abb92142ad6c,d08cdfeb22c3,MAA,CCU,SG,SG-988,2026-10-20,14:30,2026-09-06 20:15,44,T45(40-50),Economy Standard,5417,1029,150,6596,MMT,Available
OBS00552,26a7560f477e,d08cdfeb22c3,MAA,CCU,SG,SG-988,2026-10-20,14:30,2026-09-06 20:15,44,T45(40-50),Economy Standard,5561,1057,100,6718,Cleartrip,Available
OBS00553,2ac4ecd2ffce,cc19bed3c720,DEL,BOM,6E,6E-2341,2026-09-12,08:00,2026-09-07 09:00,5,T7(5-9),Economy Saver,5740,1091,120,6951,MMT,Available
OBS00554,54c0737899cc,c1b1f8d495f8,DEL,BOM,6E,6E-2341,2026-09-12,08:00,2026-09-07 09:00,5,T7(5-9),Economy Standard,7664,1456,180,9300,MMT,Available
OBS00555,d6cb1f82cbfe,b8722922d34c,DEL,BOM,6E,6E-2341,2026-09-20,08:00,2026-09-07 09:00,13,T15(12-18),Economy Saver,4904,932,120,5956,MMT,Available
OBS00556,998af3384d63,37a5de9260b1,DEL,BOM,6E,6E-2341,2026-09-20,08:00,2026-09-07 09:00,13,T15(12-18),Economy Standard,6214,1181,120,7515,MMT,Available
OBS00557,e3a691534952,37a5de9260b1,DEL,BOM,6E,6E-2341,2026-09-20,08:00,2026-09-07 09:00,13,T15(12-18),Economy Standard,6235,1185,180,7600,Goibibo,Available
OBS00558,ac670f3e8af0,22349c19bb6f,DEL,BOM,6E,6E-2341,2026-10-05,08:00,2026-09-07 09:00,28,T30(25-35),Economy Saver,3871,735,180,4786,Goibibo,Available
OBS00559,ca30eee040db,a7a709ff669a,DEL,BOM,6E,6E-2341,2026-10-05,08:00,2026-09-07 09:00,28,T30(25-35),Economy Standard,5403,1027,180,6610,Goibibo,Available
OBS00560,1d231115d5d4,a7a709ff669a,DEL,BOM,6E,6E-2341,2026-10-05,08:00,2026-09-07 09:00,28,T30(25-35),Economy Standard,5420,1030,180,6630,MMT,Available
OBS00561,cf50a7352e0a,2a18c0868003,DEL,BOM,6E,6E-2341,2026-10-20,08:00,2026-09-07 09:00,43,T45(40-50),Economy Saver,4214,801,120,5135,AirlineSite,Available
OBS00562,854a3fe1d2a4,cc19bed3c720,DEL,BOM,AI,AI-865,2026-09-12,06:15,2026-09-07 09:00,5,T7(5-9),Economy Saver,5915,1124,120,7159,MMT,Available
OBS00563,315d92db80c9,dc9a0c69e72f,DEL,BOM,AI,AI-865,2026-09-20,06:15,2026-09-07 09:00,13,T15(12-18),Economy Flexi,7748,1472,100,9320,Goibibo,Available
OBS00564,52e442ef4265,dc9a0c69e72f,DEL,BOM,AI,AI-865,2026-09-20,06:15,2026-09-07 09:00,13,T15(12-18),Economy Flexi,7507,1426,150,9083,Cleartrip,Available
OBS00565,2946681b1622,22349c19bb6f,DEL,BOM,AI,AI-865,2026-10-05,06:15,2026-09-07 09:00,28,T30(25-35),Economy Saver,3853,732,120,4705,MMT,Available
OBS00566,a3d16b60242c,22349c19bb6f,DEL,BOM,AI,AI-865,2026-10-05,06:15,2026-09-07 09:00,28,T30(25-35),Economy Saver,3955,751,100,4806,Goibibo,Available
OBS00567,3ae1aba6f0f2,a7a709ff669a,DEL,BOM,AI,AI-865,2026-10-05,06:15,2026-09-07 09:00,28,T30(25-35),Economy Standard,5176,983,100,6259,Cleartrip,Available
OBS00568,ba3feed58b20,2a18c0868003,DEL,BOM,AI,AI-865,2026-10-20,06:15,2026-09-07 09:00,43,T45(40-50),Economy Saver,4222,802,150,5174,MMT,Available
OBS00569,f13bc87367fa,c8a9a94d404b,DEL,BOM,QP,QP-1123,2026-09-12,09:30,2026-09-07 09:00,5,T7(5-9),Economy Flexi,9610,1826,120,11556,MMT,Available
OBS00570,2acd5ead2426,c1b1f8d495f8,DEL,BOM,QP,QP-1123,2026-09-12,09:30,2026-09-07 09:00,5,T7(5-9),Economy Standard,7685,1460,120,9265,Cleartrip,Available
OBS00571,d00118af2563,dc9a0c69e72f,DEL,BOM,QP,QP-1123,2026-09-20,09:30,2026-09-07 09:00,13,T15(12-18),Economy Flexi,7809,1484,100,9393,Cleartrip,Available
OBS00572,f0466387d8a6,a7a709ff669a,DEL,BOM,QP,QP-1123,2026-10-05,09:30,2026-09-07 09:00,28,T30(25-35),Economy Standard,5526,1050,120,6696,Cleartrip,Available
OBS00573,adb796ee08d4,2a18c0868003,DEL,BOM,QP,QP-1123,2026-10-20,09:30,2026-09-07 09:00,43,T45(40-50),Economy Saver,4231,804,180,5215,Cleartrip,Available
OBS00574,494d95deea8a,39513d756b0a,DEL,BOM,QP,QP-1123,2026-10-20,09:30,2026-09-07 09:00,43,T45(40-50),Economy Flexi,6458,1227,150,7835,MMT,Available
OBS00575,03a220076358,12bc7fff5c8b,BLR,HYD,SG,SG-451,2026-09-12,12:00,2026-09-07 09:00,5,T7(5-9),Economy Standard,7784,1479,100,9363,AirlineSite,Available
OBS00576,c3e77633046e,c212c6a55ae1,BLR,HYD,SG,SG-451,2026-09-12,12:00,2026-09-07 09:00,5,T7(5-9),Economy Flexi,9503,1806,150,11459,Cleartrip,Available
OBS00577,60d7450aa9b2,24a0effd14e0,BLR,HYD,SG,SG-451,2026-09-20,12:00,2026-09-07 09:00,13,T15(12-18),Economy Standard,6688,1271,100,8059,AirlineSite,Available
OBS00578,ba30926509d6,bfd475034edc,BLR,HYD,SG,SG-451,2026-10-05,12:00,2026-09-07 09:00,28,T30(25-35),Economy Standard,5087,967,180,6234,Goibibo,Available
OBS00579,bafa6ab78483,f91b72f2d855,BLR,HYD,SG,SG-451,2026-10-05,12:00,2026-09-07 09:00,28,T30(25-35),Economy Flexi,6205,1179,150,7534,Goibibo,Available
OBS00580,fd80126012d0,9f4e2bb4c6c8,BLR,HYD,SG,SG-451,2026-10-20,12:00,2026-09-07 09:00,43,T45(40-50),Economy Flexi,6683,1270,150,8103,MMT,Available
OBS00581,8d8794967f26,9f4e2bb4c6c8,BLR,HYD,SG,SG-451,2026-10-20,12:00,2026-09-07 09:00,43,T45(40-50),Economy Flexi,6717,1276,100,8093,Cleartrip,Available
OBS00582,f76fe21bf801,4cfbb232d2a5,BLR,HYD,6E,6E-773,2026-09-12,16:45,2026-09-07 09:00,5,T7(5-9),Economy Saver,5604,1065,120,6789,Goibibo,Available
OBS00583,e4ebe2705e09,4cfbb232d2a5,BLR,HYD,6E,6E-773,2026-09-12,16:45,2026-09-07 09:00,5,T7(5-9),Economy Saver,5843,1110,100,7053,AirlineSite,Available
OBS00584,85e15f47dde7,bb7a4806d2ef,BLR,HYD,6E,6E-773,2026-09-20,16:45,2026-09-07 09:00,13,T15(12-18),Economy Saver,4788,910,150,5848,MMT,Available
OBS00585,7ea3ae5a6223,bb7a4806d2ef,BLR,HYD,6E,6E-773,2026-09-20,16:45,2026-09-07 09:00,13,T15(12-18),Economy Saver,4657,885,150,5692,Cleartrip,Available
OBS00586,7965149b3a28,8ffb61505283,BLR,HYD,6E,6E-773,2026-10-05,16:45,2026-09-07 09:00,28,T30(25-35),Economy Saver,3827,727,150,4704,MMT,Available
OBS00587,0077f2421748,9f4e2bb4c6c8,BLR,HYD,6E,6E-773,2026-10-20,16:45,2026-09-07 09:00,43,T45(40-50),Economy Flexi,6561,1247,100,7908,AirlineSite,Available
OBS00588,eb86e062b98b,e257b8bf6a27,BLR,HYD,6E,6E-773,2026-10-20,16:45,2026-09-07 09:00,43,T45(40-50),Economy Saver,3841,730,120,4691,Goibibo,Available
OBS00589,6b5568a00418,d5a3834296a1,DEL,BLR,6E,6E-5011,2026-09-12,17:00,2026-09-07 09:00,5,T7(5-9),Economy Flexi,9504,1806,100,11410,AirlineSite,Available
OBS00590,bf9ce1cb38fa,c9b904f290c2,DEL,BLR,6E,6E-5011,2026-09-12,17:00,2026-09-07 09:00,5,T7(5-9),Economy Standard,7631,1450,120,9201,MMT,Available
OBS00591,8aa403e33893,7f550039d6be,DEL,BLR,6E,6E-5011,2026-09-20,17:00,2026-09-07 09:00,13,T15(12-18),Economy Saver,4795,911,150,5856,AirlineSite,Available
OBS00592,47b0d4401c25,7f550039d6be,DEL,BLR,6E,6E-5011,2026-09-20,17:00,2026-09-07 09:00,13,T15(12-18),Economy Saver,4684,890,120,5694,Goibibo,Available
OBS00593,d12d5278be2f,a2844fb520cf,DEL,BLR,6E,6E-5011,2026-10-05,17:00,2026-09-07 09:00,28,T30(25-35),Economy Flexi,6485,1232,120,7837,AirlineSite,Available
OBS00594,601d3a308acc,85d569d51a6f,DEL,BLR,6E,6E-5011,2026-10-05,17:00,2026-09-07 09:00,28,T30(25-35),Economy Saver,4176,793,120,5089,Cleartrip,Available
OBS00595,97ab5afea6eb,88d6a22dc555,DEL,BLR,6E,6E-5011,2026-10-20,17:00,2026-09-07 09:00,43,T45(40-50),Economy Flexi,6056,1151,100,7307,Goibibo,Available
OBS00596,1240df6a7698,88d6a22dc555,DEL,BLR,6E,6E-5011,2026-10-20,17:00,2026-09-07 09:00,43,T45(40-50),Economy Flexi,6100,1159,100,7359,AirlineSite,Available
OBS00597,e320e033f244,d5a3834296a1,DEL,BLR,AI,AI-503,2026-09-12,05:45,2026-09-07 09:00,5,T7(5-9),Economy Flexi,9052,1720,120,10892,Goibibo,Available
OBS00598,84c99b7f3956,c9b904f290c2,DEL,BLR,AI,AI-503,2026-09-12,05:45,2026-09-07 09:00,5,T7(5-9),Economy Standard,7795,1481,120,9396,Cleartrip,Available
OBS00599,e6b805bb9e6f,1475218a87df,DEL,BLR,AI,AI-503,2026-09-20,05:45,2026-09-07 09:00,13,T15(12-18),Economy Flexi,8110,1541,120,9771,AirlineSite,Available
OBS00600,7867ae6ea9ad,1475218a87df,DEL,BLR,AI,AI-503,2026-09-20,05:45,2026-09-07 09:00,13,T15(12-18),Economy Flexi,7755,1473,120,9348,Cleartrip,Available
OBS00601,bedce0118cc5,78c027de36d9,DEL,BLR,AI,AI-503,2026-09-20,05:45,2026-09-07 09:00,13,T15(12-18),Economy Standard,6506,1236,120,7862,Goibibo,Available
OBS00602,94b2b5b2ac35,78c027de36d9,DEL,BLR,AI,AI-503,2026-09-20,05:45,2026-09-07 09:00,13,T15(12-18),Economy Standard,6382,1213,100,7695,MMT,Available
OBS00603,5ff42b7ce8c5,1a0596829dc8,DEL,BLR,AI,AI-503,2026-10-05,05:45,2026-09-07 09:00,28,T30(25-35),Economy Standard,5541,1053,100,6694,AirlineSite,Available
OBS00604,a8f8b9a6683f,1a0596829dc8,DEL,BLR,AI,AI-503,2026-10-05,05:45,2026-09-07 09:00,28,T30(25-35),Economy Standard,5607,1065,150,6822,Cleartrip,Available
OBS00605,c91953bce570,bf3eae4178b5,DEL,BLR,AI,AI-503,2026-10-20,05:45,2026-09-07 09:00,43,T45(40-50),Economy Standard,5309,1009,120,6438,Goibibo,Available
OBS00606,d4016d052b83,bf3eae4178b5,DEL,BLR,AI,AI-503,2026-10-20,05:45,2026-09-07 09:00,43,T45(40-50),Economy Standard,5456,1037,100,6593,MMT,Available
OBS00607,ed4e4b4c3be0,d5a3834296a1,DEL,BLR,UK,UK-822,2026-09-12,10:45,2026-09-07 09:00,5,T7(5-9),Economy Flexi,8990,1708,100,10798,AirlineSite,Available
OBS00608,beabb9c865f7,78c027de36d9,DEL,BLR,UK,UK-822,2026-09-20,10:45,2026-09-07 09:00,13,T15(12-18),Economy Standard,6560,1246,180,7986,Cleartrip,Available
OBS00609,481b423b88ec,78c027de36d9,DEL,BLR,UK,UK-822,2026-09-20,10:45,2026-09-07 09:00,13,T15(12-18),Economy Standard,6324,1202,180,7706,Goibibo,Available
OBS00610,2399c2970697,a2844fb520cf,DEL,BLR,UK,UK-822,2026-10-05,10:45,2026-09-07 09:00,28,T30(25-35),Economy Flexi,6053,1150,100,7303,MMT,Available
OBS00611,78cbb016f5a7,a2844fb520cf,DEL,BLR,UK,UK-822,2026-10-05,10:45,2026-09-07 09:00,28,T30(25-35),Economy Flexi,6404,1217,120,7741,Goibibo,Available
OBS00612,4503ef24cd6a,88d6a22dc555,DEL,BLR,UK,UK-822,2026-10-20,10:45,2026-09-07 09:00,43,T45(40-50),Economy Flexi,6465,1228,100,7793,Goibibo,Available
OBS00613,acd2a0d718d2,1e42463f6726,MAA,CCU,6E,6E-6120,2026-09-12,12:00,2026-09-07 09:00,5,T7(5-9),Economy Flexi,8747,1662,100,10509,MMT,Available
OBS00614,fcd3abc45998,96a704c16780,MAA,CCU,6E,6E-6120,2026-09-20,12:00,2026-09-07 09:00,13,T15(12-18),Economy Saver,4793,911,120,5824,AirlineSite,Available
OBS00615,af6414a8615e,0122ec6b8c01,MAA,CCU,6E,6E-6120,2026-10-05,12:00,2026-09-07 09:00,28,T30(25-35),Economy Saver,3806,723,180,4709,MMT,Available
OBS00616,6296bfeee585,0122ec6b8c01,MAA,CCU,6E,6E-6120,2026-10-05,12:00,2026-09-07 09:00,28,T30(25-35),Economy Saver,4296,816,150,5262,Cleartrip,Available
OBS00617,a001b87505fb,d08cdfeb22c3,MAA,CCU,6E,6E-6120,2026-10-20,12:00,2026-09-07 09:00,43,T45(40-50),Economy Standard,5435,1033,100,6568,Cleartrip,Available
OBS00618,a2339fa06112,bfdedc1a4859,MAA,CCU,SG,SG-988,2026-09-12,14:30,2026-09-07 09:00,5,T7(5-9),Economy Standard,7676,1459,150,9285,Cleartrip,Available
OBS00619,ad8f1eef053f,28a947e6fe51,MAA,CCU,SG,SG-988,2026-09-20,14:30,2026-09-07 09:00,13,T15(12-18),Economy Flexi,7748,1472,100,9320,Goibibo,Available
OBS00620,34d7f5c73b86,96a704c16780,MAA,CCU,SG,SG-988,2026-09-20,14:30,2026-09-07 09:00,13,T15(12-18),Economy Saver,4829,918,150,5897,MMT,Available
OBS00621,ede32c10dedb,30301e416d98,MAA,CCU,SG,SG-988,2026-10-05,14:30,2026-09-07 09:00,28,T30(25-35),Economy Flexi,6592,1252,100,7944,AirlineSite,Available
OBS00622,c9e3baad7f0c,30301e416d98,MAA,CCU,SG,SG-988,2026-10-05,14:30,2026-09-07 09:00,28,T30(25-35),Economy Flexi,6021,1144,100,7265,Goibibo,Available
OBS00623,ef46509dd2a9,03d61faab4e0,MAA,CCU,SG,SG-988,2026-10-20,14:30,2026-09-07 09:00,43,T45(40-50),Economy Saver,3999,760,120,4879,Cleartrip,Available
OBS00624,90da926d5249,cc19bed3c720,DEL,BOM,6E,6E-2341,2026-09-12,08:00,2026-09-07 14:30,5,T7(5-9),Economy Saver,5753,1093,180,7026,Goibibo,Available
OBS00625,53c1a3eefd23,cc19bed3c720,DEL,BOM,6E,6E-2341,2026-09-12,08:00,2026-09-07 14:30,5,T7(5-9),Economy Saver,6201,1178,150,7529,AirlineSite,Available
OBS00626,9b4d3a5941c2,b8722922d34c,DEL,BOM,6E,6E-2341,2026-09-20,08:00,2026-09-07 14:30,13,T15(12-18),Economy Saver,4914,934,100,5948,Cleartrip,Available
OBS00627,ff3e0dd4f5c6,b8722922d34c,DEL,BOM,6E,6E-2341,2026-09-20,08:00,2026-09-07 14:30,13,T15(12-18),Economy Saver,4711,895,100,5706,AirlineSite,Available
OBS00628,ccc87369fbb4,22349c19bb6f,DEL,BOM,6E,6E-2341,2026-10-05,08:00,2026-09-07 14:30,28,T30(25-35),Economy Saver,4202,798,150,5150,Cleartrip,Available
OBS00629,cdb8040b9049,2a18c0868003,DEL,BOM,6E,6E-2341,2026-10-20,08:00,2026-09-07 14:30,43,T45(40-50),Economy Saver,3992,758,150,4900,Goibibo,Available
OBS00630,5c5989dcba19,2a18c0868003,DEL,BOM,6E,6E-2341,2026-10-20,08:00,2026-09-07 14:30,43,T45(40-50),Economy Saver,4093,778,150,5021,AirlineSite,Available
OBS00631,8eeac0abd5cf,c8a9a94d404b,DEL,BOM,AI,AI-865,2026-09-12,06:15,2026-09-07 14:30,5,T7(5-9),Economy Flexi,9381,1782,180,11343,Cleartrip,Available
OBS00632,10329a6f2f2f,cc19bed3c720,DEL,BOM,AI,AI-865,2026-09-12,06:15,2026-09-07 14:30,5,T7(5-9),Economy Saver,5624,1068,180,6872,MMT,Available
OBS00633,d6c2b5c9b76f,b8722922d34c,DEL,BOM,AI,AI-865,2026-09-20,06:15,2026-09-07 14:30,13,T15(12-18),Economy Saver,5126,974,100,6200,Cleartrip,Available
OBS00634,7216230f9b0b,b8722922d34c,DEL,BOM,AI,AI-865,2026-09-20,06:15,2026-09-07 14:30,13,T15(12-18),Economy Saver,5196,987,100,6283,Goibibo,Available
OBS00635,5997d275a679,a7a709ff669a,DEL,BOM,AI,AI-865,2026-10-05,06:15,2026-09-07 14:30,28,T30(25-35),Economy Standard,5298,1007,120,6425,MMT,Available
OBS00636,ed52876cc4c3,d75a1e4d61f5,DEL,BOM,AI,AI-865,2026-10-05,06:15,2026-09-07 14:30,28,T30(25-35),Economy Flexi,6772,1287,120,8179,Goibibo,Available
OBS00637,1ab565be5cdd,ad4c6be1e8ec,DEL,BOM,AI,AI-865,2026-10-20,06:15,2026-09-07 14:30,43,T45(40-50),Economy Standard,5547,1054,180,6781,MMT,Available
OBS00638,5c901ff82f1e,2a18c0868003,DEL,BOM,AI,AI-865,2026-10-20,06:15,2026-09-07 14:30,43,T45(40-50),Economy Saver,4307,818,100,5225,Cleartrip,Available
OBS00639,0296ed6493a7,2a18c0868003,DEL,BOM,AI,AI-865,2026-10-20,06:15,2026-09-07 14:30,43,T45(40-50),Economy Saver,4102,779,120,5001,MMT,Available
OBS00640,c84bacd97093,c1b1f8d495f8,DEL,BOM,QP,QP-1123,2026-09-12,09:30,2026-09-07 14:30,5,T7(5-9),Economy Standard,7812,1484,120,9416,AirlineSite,Available
OBS00641,45c77d9278f3,c1b1f8d495f8,DEL,BOM,QP,QP-1123,2026-09-12,09:30,2026-09-07 14:30,5,T7(5-9),Economy Standard,7395,1405,150,8950,MMT,Available
OBS00642,9da44ddb7b6a,cc19bed3c720,DEL,BOM,QP,QP-1123,2026-09-12,09:30,2026-09-07 14:30,5,T7(5-9),Economy Saver,6038,1147,150,7335,Goibibo,Available
OBS00643,ac83ed8bd768,37a5de9260b1,DEL,BOM,QP,QP-1123,2026-09-20,09:30,2026-09-07 14:30,13,T15(12-18),Economy Standard,6038,1147,120,7305,MMT,Available
OBS00644,f96f816694e8,d75a1e4d61f5,DEL,BOM,QP,QP-1123,2026-10-05,09:30,2026-09-07 14:30,28,T30(25-35),Economy Flexi,6072,1154,180,7406,MMT,Available
OBS00645,78d2d5d96fd4,ad4c6be1e8ec,DEL,BOM,QP,QP-1123,2026-10-20,09:30,2026-09-07 14:30,43,T45(40-50),Economy Standard,5302,1007,120,6429,AirlineSite,Available
OBS00646,d310be4c0aa5,12bc7fff5c8b,BLR,HYD,SG,SG-451,2026-09-12,12:00,2026-09-07 14:30,5,T7(5-9),Economy Standard,7999,1520,100,9619,Cleartrip,Available
OBS00647,a0c5985fddf6,c1b430d6ef3d,BLR,HYD,SG,SG-451,2026-09-20,12:00,2026-09-07 14:30,13,T15(12-18),Economy Flexi,7455,1416,150,9021,AirlineSite,Available
OBS00648,471740f513e2,8ffb61505283,BLR,HYD,SG,SG-451,2026-10-05,12:00,2026-09-07 14:30,28,T30(25-35),Economy Saver,4006,761,100,4867,MMT,Available
OBS00649,0a150b84e946,8ffb61505283,BLR,HYD,SG,SG-451,2026-10-05,12:00,2026-09-07 14:30,28,T30(25-35),Economy Saver,4152,789,150,5091,Goibibo,Available
OBS00650,c7c6f5353daa,e257b8bf6a27,BLR,HYD,SG,SG-451,2026-10-20,12:00,2026-09-07 14:30,43,T45(40-50),Economy Saver,4089,777,120,4986,Goibibo,Available
OBS00651,d694c68428cc,12bc7fff5c8b,BLR,HYD,6E,6E-773,2026-09-12,16:45,2026-09-07 14:30,5,T7(5-9),Economy Standard,7282,1384,100,8766,MMT,Available
OBS00652,be37e38767e9,bb7a4806d2ef,BLR,HYD,6E,6E-773,2026-09-20,16:45,2026-09-07 14:30,13,T15(12-18),Economy Saver,4832,918,100,5850,Goibibo,Available
OBS00653,3db212a0bcb5,f91b72f2d855,BLR,HYD,6E,6E-773,2026-10-05,16:45,2026-09-07 14:30,28,T30(25-35),Economy Flexi,6802,1292,120,8214,AirlineSite,Available
OBS00654,d70340ce37cf,bfd475034edc,BLR,HYD,6E,6E-773,2026-10-05,16:45,2026-09-07 14:30,28,T30(25-35),Economy Standard,5002,950,150,6102,Goibibo,Available
OBS00655,264c4fe7f008,bfd475034edc,BLR,HYD,6E,6E-773,2026-10-05,16:45,2026-09-07 14:30,28,T30(25-35),Economy Standard,5023,954,180,6157,AirlineSite,Available
OBS00656,11fcc9653079,e257b8bf6a27,BLR,HYD,6E,6E-773,2026-10-20,16:45,2026-09-07 14:30,43,T45(40-50),Economy Saver,4005,761,100,4866,Goibibo,Available
OBS00657,76e1a9ac8c7d,e257b8bf6a27,BLR,HYD,6E,6E-773,2026-10-20,16:45,2026-09-07 14:30,43,T45(40-50),Economy Saver,3999,760,180,4939,Cleartrip,Available
OBS00658,d84281d03ed0,c9b904f290c2,DEL,BLR,6E,6E-5011,2026-09-12,17:00,2026-09-07 14:30,5,T7(5-9),Economy Standard,7433,1412,180,9025,MMT,Available
OBS00659,c68803281391,7f550039d6be,DEL,BLR,6E,6E-5011,2026-09-20,17:00,2026-09-07 14:30,13,T15(12-18),Economy Saver,4784,909,180,5873,MMT,Available
OBS00660,bec18fb0c71b,7f550039d6be,DEL,BLR,6E,6E-5011,2026-09-20,17:00,2026-09-07 14:30,13,T15(12-18),Economy Saver,5153,979,180,6312,Cleartrip,Available
OBS00661,347fef982e28,85d569d51a6f,DEL,BLR,6E,6E-5011,2026-10-05,17:00,2026-09-07 14:30,28,T30(25-35),Economy Saver,3871,736,120,4727,Goibibo,Available
OBS00662,3148e4abf1f4,88d6a22dc555,DEL,BLR,6E,6E-5011,2026-10-20,17:00,2026-09-07 14:30,43,T45(40-50),Economy Flexi,6625,1259,150,8034,AirlineSite,Available
OBS00663,0a7674eb578f,88d6a22dc555,DEL,BLR,6E,6E-5011,2026-10-20,17:00,2026-09-07 14:30,43,T45(40-50),Economy Flexi,6378,1212,180,7770,MMT,Available
OBS00664,2291a7049000,c7e037c3624d,DEL,BLR,6E,6E-5011,2026-10-20,17:00,2026-09-07 14:30,43,T45(40-50),Economy Saver,4002,760,120,4882,Cleartrip,Available
OBS00665,d861c8851220,c9b904f290c2,DEL,BLR,AI,AI-503,2026-09-12,05:45,2026-09-07 14:30,5,T7(5-9),Economy Standard,8041,1528,150,9719,MMT,Available
OBS00666,026c74638125,c9b904f290c2,DEL,BLR,AI,AI-503,2026-09-12,05:45,2026-09-07 14:30,5,T7(5-9),Economy Standard,7220,1372,180,8772,AirlineSite,Available
OBS00667,1fd90ae3cc63,78c027de36d9,DEL,BLR,AI,AI-503,2026-09-20,05:45,2026-09-07 14:30,13,T15(12-18),Economy Standard,6180,1174,120,7474,AirlineSite,Available
OBS00668,a4d6161ac12c,7f550039d6be,DEL,BLR,AI,AI-503,2026-09-20,05:45,2026-09-07 14:30,13,T15(12-18),Economy Saver,5079,965,120,6164,AirlineSite,Available
OBS00669,29fb670dd7e8,1a0596829dc8,DEL,BLR,AI,AI-503,2026-10-05,05:45,2026-09-07 14:30,28,T30(25-35),Economy Standard,5100,969,150,6219,MMT,Available
OBS00670,f52973fec996,a2844fb520cf,DEL,BLR,AI,AI-503,2026-10-05,05:45,2026-09-07 14:30,28,T30(25-35),Economy Flexi,6008,1142,150,7300,Cleartrip,Available
OBS00671,1af5c2badb48,a2844fb520cf,DEL,BLR,AI,AI-503,2026-10-05,05:45,2026-09-07 14:30,28,T30(25-35),Economy Flexi,6761,1285,120,8166,Goibibo,Available
OBS00672,bcb92d542c0d,c7e037c3624d,DEL,BLR,AI,AI-503,2026-10-20,05:45,2026-09-07 14:30,43,T45(40-50),Economy Saver,4055,770,100,4925,Cleartrip,Available
OBS00673,9c427c42a66d,c7e037c3624d,DEL,BLR,AI,AI-503,2026-10-20,05:45,2026-09-07 14:30,43,T45(40-50),Economy Saver,3829,728,120,4677,AirlineSite,Available
OBS00674,ea8c936a56a3,bf3eae4178b5,DEL,BLR,AI,AI-503,2026-10-20,05:45,2026-09-07 14:30,43,T45(40-50),Economy Standard,4940,939,120,5999,Goibibo,Available
OBS00675,5231ec2e0496,c9b904f290c2,DEL,BLR,UK,UK-822,2026-09-12,10:45,2026-09-07 14:30,5,T7(5-9),Economy Standard,7221,1372,120,8713,MMT,Available
OBS00676,affafab80b04,c9b904f290c2,DEL,BLR,UK,UK-822,2026-09-12,10:45,2026-09-07 14:30,5,T7(5-9),Economy Standard,7738,1470,120,9328,Goibibo,Available
OBS00677,5bd241f5ee0d,1475218a87df,DEL,BLR,UK,UK-822,2026-09-20,10:45,2026-09-07 14:30,13,T15(12-18),Economy Flexi,7612,1446,180,9238,AirlineSite,Available
OBS00678,04a7b4e722f3,85d569d51a6f,DEL,BLR,UK,UK-822,2026-10-05,10:45,2026-09-07 14:30,28,T30(25-35),Economy Saver,3871,735,120,4726,Cleartrip,Available
OBS00679,8373b904cfc2,1a0596829dc8,DEL,BLR,UK,UK-822,2026-10-05,10:45,2026-09-07 14:30,28,T30(25-35),Economy Standard,5589,1062,150,6801,Goibibo,Available
OBS00680,32f5cfe5ab3a,1a0596829dc8,DEL,BLR,UK,UK-822,2026-10-05,10:45,2026-09-07 14:30,28,T30(25-35),Economy Standard,5058,961,150,6169,Cleartrip,Available
OBS00681,3d615d947bd0,88d6a22dc555,DEL,BLR,UK,UK-822,2026-10-20,10:45,2026-09-07 14:30,43,T45(40-50),Economy Flexi,6236,1185,150,7571,MMT,Available
OBS00682,96d1625734fc,88d6a22dc555,DEL,BLR,UK,UK-822,2026-10-20,10:45,2026-09-07 14:30,43,T45(40-50),Economy Flexi,6089,1157,100,7346,Goibibo,Available
OBS00683,0390e4380ca5,1e42463f6726,MAA,CCU,6E,6E-6120,2026-09-12,12:00,2026-09-07 14:30,5,T7(5-9),Economy Flexi,9394,1785,120,11299,AirlineSite,Available
OBS00684,e138eee1978c,1e42463f6726,MAA,CCU,6E,6E-6120,2026-09-12,12:00,2026-09-07 14:30,5,T7(5-9),Economy Flexi,9438,1793,100,11331,Goibibo,Available
OBS00685,fb85da508cbf,bfdedc1a4859,MAA,CCU,6E,6E-6120,2026-09-12,12:00,2026-09-07 14:30,5,T7(5-9),Economy Standard,7488,1423,100,9011,MMT,Available
OBS00686,52f295619198,dd19312763d8,MAA,CCU,6E,6E-6120,2026-09-20,12:00,2026-09-07 14:30,13,T15(12-18),Economy Standard,6498,1235,100,7833,MMT,Available
OBS00687,eb21688b7497,30301e416d98,MAA,CCU,6E,6E-6120,2026-10-05,12:00,2026-09-07 14:30,28,T30(25-35),Economy Flexi,6202,1178,120,7500,AirlineSite,Available
OBS00688,ccae6de7169a,68f040f6697f,MAA,CCU,6E,6E-6120,2026-10-05,12:00,2026-09-07 14:30,28,T30(25-35),Economy Standard,5114,972,100,6186,AirlineSite,Available
OBS00689,5dbf6b4c34a9,68f040f6697f,MAA,CCU,6E,6E-6120,2026-10-05,12:00,2026-09-07 14:30,28,T30(25-35),Economy Standard,5427,1031,100,6558,MMT,Available
OBS00690,3ae790457546,d08cdfeb22c3,MAA,CCU,6E,6E-6120,2026-10-20,12:00,2026-09-07 14:30,43,T45(40-50),Economy Standard,5538,1052,180,6770,Goibibo,Available
OBS00691,b462194d9269,d08cdfeb22c3,MAA,CCU,6E,6E-6120,2026-10-20,12:00,2026-09-07 14:30,43,T45(40-50),Economy Standard,5536,1052,150,6738,AirlineSite,Available
OBS00692,b43e8fec9625,bfdedc1a4859,MAA,CCU,SG,SG-988,2026-09-12,14:30,2026-09-07 14:30,5,T7(5-9),Economy Standard,7322,1391,100,8813,MMT,Available
OBS00693,627829b66200,1604d95c76f6,MAA,CCU,SG,SG-988,2026-09-12,14:30,2026-09-07 14:30,5,T7(5-9),Economy Saver,5525,1050,150,6725,Cleartrip,Available
OBS00694,0c1df2a91b8b,96a704c16780,MAA,CCU,SG,SG-988,2026-09-20,14:30,2026-09-07 14:30,13,T15(12-18),Economy Saver,5157,980,120,6257,MMT,Available
OBS00695,5963e37093d3,0122ec6b8c01,MAA,CCU,SG,SG-988,2026-10-05,14:30,2026-09-07 14:30,28,T30(25-35),Economy Saver,4166,792,180,5138,Goibibo,Available
OBS00696,072362987da9,30301e416d98,MAA,CCU,SG,SG-988,2026-10-05,14:30,2026-09-07 14:30,28,T30(25-35),Economy Flexi,6714,1276,120,8110,MMT,Available
OBS00697,4995496ecd9b,30301e416d98,MAA,CCU,SG,SG-988,2026-10-05,14:30,2026-09-07 14:30,28,T30(25-35),Economy Flexi,6029,1145,150,7324,Cleartrip,Available
OBS00698,8ba1fa4ab8d7,03d61faab4e0,MAA,CCU,SG,SG-988,2026-10-20,14:30,2026-09-07 14:30,43,T45(40-50),Economy Saver,4144,787,150,5081,Cleartrip,Available
OBS00699,b0073b82152c,cc19bed3c720,DEL,BOM,6E,6E-2341,2026-09-12,08:00,2026-09-07 20:15,5,T7(5-9),Economy Saver,5941,1129,180,7250,Goibibo,Available
OBS00700,af2770724937,b8722922d34c,DEL,BOM,6E,6E-2341,2026-09-20,08:00,2026-09-07 20:15,13,T15(12-18),Economy Saver,4867,925,150,5942,AirlineSite,Available
OBS00701,7d1e6d9eb4a0,d75a1e4d61f5,DEL,BOM,6E,6E-2341,2026-10-05,08:00,2026-09-07 20:15,28,T30(25-35),Economy Flexi,6006,1141,120,7267,AirlineSite,Available
OBS00702,faeaa60fedb2,a7a709ff669a,DEL,BOM,6E,6E-2341,2026-10-05,08:00,2026-09-07 20:15,28,T30(25-35),Economy Standard,5260,999,100,6359,Cleartrip,Available
OBS00703,8afc0e235273,a7a709ff669a,DEL,BOM,6E,6E-2341,2026-10-05,08:00,2026-09-07 20:15,28,T30(25-35),Economy Standard,5148,978,180,6306,AirlineSite,Available
OBS00704,f886e94445dc,ad4c6be1e8ec,DEL,BOM,6E,6E-2341,2026-10-20,08:00,2026-09-07 20:15,43,T45(40-50),Economy Standard,5374,1021,180,6575,Cleartrip,Available
OBS00705,6af429d7abd1,ad4c6be1e8ec,DEL,BOM,6E,6E-2341,2026-10-20,08:00,2026-09-07 20:15,43,T45(40-50),Economy Standard,5065,962,180,6207,AirlineSite,Available
OBS00706,bf5421dd1a03,cc19bed3c720,DEL,BOM,AI,AI-865,2026-09-12,06:15,2026-09-07 20:15,5,T7(5-9),Economy Saver,5709,1085,180,6974,AirlineSite,Available
OBS00707,f37ff47b4778,b8722922d34c,DEL,BOM,AI,AI-865,2026-09-20,06:15,2026-09-07 20:15,13,T15(12-18),Economy Saver,4693,892,100,5685,AirlineSite,Available
OBS00708,1d5adcdcb23f,d75a1e4d61f5,DEL,BOM,AI,AI-865,2026-10-05,06:15,2026-09-07 20:15,28,T30(25-35),Economy Flexi,6780,1288,120,8188,Goibibo,Available
OBS00709,c52598215f2f,2a18c0868003,DEL,BOM,AI,AI-865,2026-10-20,06:15,2026-09-07 20:15,43,T45(40-50),Economy Saver,4157,790,180,5127,Goibibo,Available
OBS00710,4caa2e1ffaf5,2a18c0868003,DEL,BOM,AI,AI-865,2026-10-20,06:15,2026-09-07 20:15,43,T45(40-50),Economy Saver,4098,779,120,4997,Cleartrip,Available
OBS00711,1125d6ff80d0,ad4c6be1e8ec,DEL,BOM,AI,AI-865,2026-10-20,06:15,2026-09-07 20:15,43,T45(40-50),Economy Standard,4993,949,100,6042,Cleartrip,Available
OBS00712,54dc13a16df1,c8a9a94d404b,DEL,BOM,QP,QP-1123,2026-09-12,09:30,2026-09-07 20:15,5,T7(5-9),Economy Flexi,8884,1688,120,10692,Goibibo,Available
OBS00713,b07df4ca6143,cc19bed3c720,DEL,BOM,QP,QP-1123,2026-09-12,09:30,2026-09-07 20:15,5,T7(5-9),Economy Saver,5605,1065,180,6850,MMT,Available
OBS00714,1cfd87066d58,dc9a0c69e72f,DEL,BOM,QP,QP-1123,2026-09-20,09:30,2026-09-07 20:15,13,T15(12-18),Economy Flexi,8230,1564,120,9914,MMT,Available
OBS00715,a2c440777dea,a7a709ff669a,DEL,BOM,QP,QP-1123,2026-10-05,09:30,2026-09-07 20:15,28,T30(25-35),Economy Standard,5202,988,180,6370,AirlineSite,Available
OBS00716,f759a95e8340,a7a709ff669a,DEL,BOM,QP,QP-1123,2026-10-05,09:30,2026-09-07 20:15,28,T30(25-35),Economy Standard,5313,1010,150,6473,Goibibo,Available
OBS00717,0abc81e380b7,d75a1e4d61f5,DEL,BOM,QP,QP-1123,2026-10-05,09:30,2026-09-07 20:15,28,T30(25-35),Economy Flexi,6629,1260,180,8069,Goibibo,Available
OBS00718,3641ca1f185d,d75a1e4d61f5,DEL,BOM,QP,QP-1123,2026-10-05,09:30,2026-09-07 20:15,28,T30(25-35),Economy Flexi,6077,1155,120,7352,AirlineSite,Available
OBS00719,ccda18025f5e,39513d756b0a,DEL,BOM,QP,QP-1123,2026-10-20,09:30,2026-09-07 20:15,43,T45(40-50),Economy Flexi,6446,1225,100,7771,AirlineSite,Available
OBS00720,8abe5e7ce1c2,39513d756b0a,DEL,BOM,QP,QP-1123,2026-10-20,09:30,2026-09-07 20:15,43,T45(40-50),Economy Flexi,6629,1259,150,8038,Goibibo,Available
OBS00721,0f7977111e79,12bc7fff5c8b,BLR,HYD,SG,SG-451,2026-09-12,12:00,2026-09-07 20:15,5,T7(5-9),Economy Standard,7724,1468,180,9372,Goibibo,Available
OBS00722,8f2229acbcef,bb7a4806d2ef,BLR,HYD,SG,SG-451,2026-09-20,12:00,2026-09-07 20:15,13,T15(12-18),Economy Saver,4689,891,180,5760,Goibibo,Available
OBS00723,a032d73c0a0b,bfd475034edc,BLR,HYD,SG,SG-451,2026-10-05,12:00,2026-09-07 20:15,28,T30(25-35),Economy Standard,4973,945,180,6098,MMT,Available
OBS00724,c315ffe42b2e,4168bf9fcb94,BLR,HYD,SG,SG-451,2026-10-20,12:00,2026-09-07 20:15,43,T45(40-50),Economy Standard,5493,1044,150,6687,Cleartrip,Available
OBS00725,6553a44af828,12bc7fff5c8b,BLR,HYD,6E,6E-773,2026-09-12,16:45,2026-09-07 20:15,5,T7(5-9),Economy Standard,8116,1542,120,9778,AirlineSite,Available
OBS00726,2c7a70e33904,24a0effd14e0,BLR,HYD,6E,6E-773,2026-09-20,16:45,2026-09-07 20:15,13,T15(12-18),Economy Standard,6198,1178,180,7556,Goibibo,Available
OBS00727,c48083aa9f73,24a0effd14e0,BLR,HYD,6E,6E-773,2026-09-20,16:45,2026-09-07 20:15,13,T15(12-18),Economy Standard,6472,1230,100,7802,MMT,Available
OBS00728,6210a67b66e9,bfd475034edc,BLR,HYD,6E,6E-773,2026-10-05,16:45,2026-09-07 20:15,28,T30(25-35),Economy Standard,5441,1034,150,6625,Goibibo,Available
OBS00729,a15010679039,9f4e2bb4c6c8,BLR,HYD,6E,6E-773,2026-10-20,16:45,2026-09-07 20:15,43,T45(40-50),Economy Flexi,6240,1186,180,7606,AirlineSite,Available
OBS00730,5d970ab6c0d3,d5a3834296a1,DEL,BLR,6E,6E-5011,2026-09-12,17:00,2026-09-07 20:15,5,T7(5-9),Economy Flexi,8907,1692,120,10719,AirlineSite,Available
OBS00731,0b5467029aa4,d5a3834296a1,DEL,BLR,6E,6E-5011,2026-09-12,17:00,2026-09-07 20:15,5,T7(5-9),Economy Flexi,9672,1838,120,11630,Goibibo,Available
OBS00732,e5d6609cf033,78c027de36d9,DEL,BLR,6E,6E-5011,2026-09-20,17:00,2026-09-07 20:15,13,T15(12-18),Economy Standard,6554,1245,150,7949,Cleartrip,Available
OBS00733,65965fb36ecf,1a0596829dc8,DEL,BLR,6E,6E-5011,2026-10-05,17:00,2026-09-07 20:15,28,T30(25-35),Economy Standard,5564,1057,100,6721,Goibibo,Available
OBS00734,d2cdf2e1b7c0,1a0596829dc8,DEL,BLR,6E,6E-5011,2026-10-05,17:00,2026-09-07 20:15,28,T30(25-35),Economy Standard,5104,970,180,6254,Cleartrip,Available
OBS00735,6da39f932b7c,bf3eae4178b5,DEL,BLR,6E,6E-5011,2026-10-20,17:00,2026-09-07 20:15,43,T45(40-50),Economy Standard,5173,983,150,6306,Cleartrip,Available
OBS00736,2a9347ac90a0,c7e037c3624d,DEL,BLR,6E,6E-5011,2026-10-20,17:00,2026-09-07 20:15,43,T45(40-50),Economy Saver,3814,725,100,4639,AirlineSite,Available
OBS00737,bed42a0c1c7e,c7e037c3624d,DEL,BLR,6E,6E-5011,2026-10-20,17:00,2026-09-07 20:15,43,T45(40-50),Economy Saver,3885,738,120,4743,MMT,Available
OBS00738,d01abbad28d9,d5a3834296a1,DEL,BLR,AI,AI-503,2026-09-12,05:45,2026-09-07 20:15,5,T7(5-9),Economy Flexi,8998,1710,180,10888,MMT,Available
OBS00739,8addc0596193,7f550039d6be,DEL,BLR,AI,AI-503,2026-09-20,05:45,2026-09-07 20:15,13,T15(12-18),Economy Saver,5005,951,100,6056,MMT,Available
OBS00740,b0cbf3aa22e3,1475218a87df,DEL,BLR,AI,AI-503,2026-09-20,05:45,2026-09-07 20:15,13,T15(12-18),Economy Flexi,7845,1490,150,9485,Cleartrip,Available
OBS00741,357c1ad0b6b8,a2844fb520cf,DEL,BLR,AI,AI-503,2026-10-05,05:45,2026-09-07 20:15,28,T30(25-35),Economy Flexi,6682,1270,180,8132,Goibibo,Available
OBS00742,9ed7a1dfee88,1a0596829dc8,DEL,BLR,AI,AI-503,2026-10-05,05:45,2026-09-07 20:15,28,T30(25-35),Economy Standard,5255,999,180,6434,MMT,Available
OBS00743,b8e78cafda5f,c7e037c3624d,DEL,BLR,AI,AI-503,2026-10-20,05:45,2026-09-07 20:15,43,T45(40-50),Economy Saver,4137,786,150,5073,Cleartrip,Available
OBS00744,89036f1737e0,c7e037c3624d,DEL,BLR,AI,AI-503,2026-10-20,05:45,2026-09-07 20:15,43,T45(40-50),Economy Saver,3955,751,100,4806,Goibibo,Available
OBS00745,cf28ea766837,88d6a22dc555,DEL,BLR,AI,AI-503,2026-10-20,05:45,2026-09-07 20:15,43,T45(40-50),Economy Flexi,6260,1189,150,7599,AirlineSite,Available
OBS00746,a8366d14bb67,c9b904f290c2,DEL,BLR,UK,UK-822,2026-09-12,10:45,2026-09-07 20:15,5,T7(5-9),Economy Standard,7348,1396,120,8864,Cleartrip,Available
OBS00747,35ec46074e22,d5a3834296a1,DEL,BLR,UK,UK-822,2026-09-12,10:45,2026-09-07 20:15,5,T7(5-9),Economy Flexi,9463,1798,120,11381,Goibibo,Available
OBS00748,84798d4bc39b,7f550039d6be,DEL,BLR,UK,UK-822,2026-09-20,10:45,2026-09-07 20:15,13,T15(12-18),Economy Saver,5169,982,180,6331,Cleartrip,Available
OBS00749,2099ddf1dc60,78c027de36d9,DEL,BLR,UK,UK-822,2026-09-20,10:45,2026-09-07 20:15,13,T15(12-18),Economy Standard,6454,1226,120,7800,AirlineSite,Available
OBS00750,4abbee9dacaa,a2844fb520cf,DEL,BLR,UK,UK-822,2026-10-05,10:45,2026-09-07 20:15,28,T30(25-35),Economy Flexi,6423,1220,180,7823,MMT,Available
OBS00751,632ecfe6a046,a2844fb520cf,DEL,BLR,UK,UK-822,2026-10-05,10:45,2026-09-07 20:15,28,T30(25-35),Economy Flexi,6727,1278,150,8155,Cleartrip,Available
OBS00752,8f44a34cf478,bf3eae4178b5,DEL,BLR,UK,UK-822,2026-10-20,10:45,2026-09-07 20:15,43,T45(40-50),Economy Standard,5006,951,120,6077,MMT,Available
OBS00753,3cc0b936efae,bf3eae4178b5,DEL,BLR,UK,UK-822,2026-10-20,10:45,2026-09-07 20:15,43,T45(40-50),Economy Standard,5441,1034,120,6595,Goibibo,Available
OBS00754,6d64da0c229d,c7e037c3624d,DEL,BLR,UK,UK-822,2026-10-20,10:45,2026-09-07 20:15,43,T45(40-50),Economy Saver,3846,731,150,4727,Cleartrip,Available
OBS00755,278a01fd5fdf,c7e037c3624d,DEL,BLR,UK,UK-822,2026-10-20,10:45,2026-09-07 20:15,43,T45(40-50),Economy Saver,3916,744,150,4810,Goibibo,Available
OBS00756,dd01c34ae105,bfdedc1a4859,MAA,CCU,6E,6E-6120,2026-09-12,12:00,2026-09-07 20:15,5,T7(5-9),Economy Standard,7737,1470,180,9387,Cleartrip,Available
OBS00757,772388e0063d,dd19312763d8,MAA,CCU,6E,6E-6120,2026-09-20,12:00,2026-09-07 20:15,13,T15(12-18),Economy Standard,6364,1209,120,7693,AirlineSite,Available
OBS00758,dcad43e89238,0122ec6b8c01,MAA,CCU,6E,6E-6120,2026-10-05,12:00,2026-09-07 20:15,28,T30(25-35),Economy Saver,3828,727,120,4675,Cleartrip,Available
OBS00759,600ee731fe37,0122ec6b8c01,MAA,CCU,6E,6E-6120,2026-10-05,12:00,2026-09-07 20:15,28,T30(25-35),Economy Saver,3871,736,120,4727,MMT,Available
OBS00760,f4013644b081,68f040f6697f,MAA,CCU,6E,6E-6120,2026-10-05,12:00,2026-09-07 20:15,28,T30(25-35),Economy Standard,5607,1065,180,6852,Goibibo,Available
OBS00761,2dd812c745c7,d08cdfeb22c3,MAA,CCU,6E,6E-6120,2026-10-20,12:00,2026-09-07 20:15,43,T45(40-50),Economy Standard,5270,1001,120,6391,MMT,Available
OBS00762,24a17f4559e9,d08cdfeb22c3,MAA,CCU,6E,6E-6120,2026-10-20,12:00,2026-09-07 20:15,43,T45(40-50),Economy Standard,5152,979,100,6231,AirlineSite,Available
OBS00763,9fe5c02a705a,bfdedc1a4859,MAA,CCU,SG,SG-988,2026-09-12,14:30,2026-09-07 20:15,5,T7(5-9),Economy Standard,7909,1503,120,9532,MMT,Available
OBS00764,cc1832af46a1,96a704c16780,MAA,CCU,SG,SG-988,2026-09-20,14:30,2026-09-07 20:15,13,T15(12-18),Economy Saver,4985,947,180,6112,MMT,Available
OBS00765,40fc04d070fc,dd19312763d8,MAA,CCU,SG,SG-988,2026-09-20,14:30,2026-09-07 20:15,13,T15(12-18),Economy Standard,6767,1286,180,8233,Goibibo,Available
OBS00766,ebccf7f0c4cc,0122ec6b8c01,MAA,CCU,SG,SG-988,2026-10-05,14:30,2026-09-07 20:15,28,T30(25-35),Economy Saver,3994,759,100,4853,MMT,Available
OBS00767,7fb5676d08be,0122ec6b8c01,MAA,CCU,SG,SG-988,2026-10-05,14:30,2026-09-07 20:15,28,T30(25-35),Economy Saver,4264,810,120,5194,Cleartrip,Available
OBS00768,77866b458339,134f6aeba305,MAA,CCU,SG,SG-988,2026-10-20,14:30,2026-09-07 20:15,43,T45(40-50),Economy Flexi,6170,1172,150,7492,MMT,Available
OBS00769,956e2c868624,b8722922d34c,DEL,BOM,6E,6E-2341,2026-09-20,08:10,2026-09-05 10:32,15,T15(12-18),Economy Saver,4200,1050,150,5400,AirlineSite,Available
OBS00770,c64836b877b5,b8722922d34c,DEL,BOM,6E,6E-2341,2026-09-20,08:10,2026-09-05 10:33,15,T15(12-18),Economy Saver,4200,1050,150,5400,AirlineSite,Available
OBS00771,7a9aad957de7,b8722922d34c,DEL,BOM,6E,6E-2341,2026-09-20,08:10,2026-09-05 18:47,15,T15(12-18),Economy Saver,4600,1050,150,5800,AirlineSite,Available
OBS00772,ac6e4a449e2a,b8722922d34c,DEL,BOM,6E,6E-2341,2026-09-20,08:10,2026-09-05 10:40,15,T15(12-18),Economy Saver,4300,1050,200,5550,MMT,Available
OBS00773,a537980a7fd2,b8722922d34c,DEL,BOM,6E,6E-2341,2026-09-20,08:10,2026-09-05 10:41,15,T15(12-18),Economy Saver,4280,1050,180,5510,Goibibo,Available
OBS00774,5a525ebed337,dc9a0c69e72f,DEL,BOM,6E,6E-2341,2026-09-20,08:10,2026-09-05 10:32,15,T15(12-18),Economy Flexi,5600,1150,150,6900,AirlineSite,Available
OBS00775,3d9e05542d07,b8722922d34c,DEL,BOM,6E,6E-2341,2026-09-20,08:10,2026-09-05 10:32,15,T15(12-18),Economy Saver,-500,1050,150,700,MMT,Available
OBS00776,22edb3b30b1d,b8722922d34c,DEL,BOM,6E,6E-2341,2026-09-20,08:10,2026-09-05 23:59,15,T15(12-18),Economy Saver,12000,1900,150,14050,AirlineSite,Available
OBS00777,0f99e3825379,bb7a4806d2ef,BLR,HYD,SG,SG-451,2026-09-20,06:15,2026-09-05 20:00,15,T15(12-18),Economy Saver,,,,3600,Goibibo,Available
OBS00778,1f8632047020,6d3e4f1eeac2,BLR,HYD,SG,SG-451,2026-09-21,06:15,2026-09-05 09:20,16,T15(12-18),Economy Saver,,,,,AirlineSite,Sold Out
OBS00779,40929040b746,b8722922d34c,DEL,BOM,6E,6E-2341,2026-09-20,08:10,2026-09-05 10:50,15,T15(12-18),Economy Saver,4200,1050,150,5400,,Available
OBS00780,8da20635241b,bae385f948bc,,,AirlineSite-parse-error,UNKNOWN,2026-09-20,08:10,2026-09-05 10:32,15,T15(12-18),Economy Saver,4000,1000,150,5150,AirlineSite,Available
OBS00781,956e2c868624,b8722922d34c,DEL,BOM,6E,6E-2341,2026-09-20,08:10,,15,T15(12-18),Economy Saver,4200,1050,150,5400,AirlineSite,Available
OBS00782,be2ea2d94374,b8722922d34c,DEL,BOM,QP,QP-1123,2026-09-20,07:30,2026-09-05 10:36,15,T15(12-18),Economy Saver,4500,1050,150,5700,AirlineSite,Available
OBS00783,010b27206910,b8722922d34c,DEL,BOM,QP,QP-1123,2026-09-20,07:30,2026-09-05 10:44,15,T15(12-18),Economy Saver,4500,1050,150,5700,Cleartrip,Available
