observation_id,capture_signature,economic_signature,origin,destination,carrier,flight_number,travel_date,departure_time,collection_timestamp,advance_purchase_days,advance_purchase_window,fare_class,base_fare,taxes,fees,total_fare,source,availability_status,is_valid,validation_status,validation_reason,validation_errors,duplicate_group_id,is_duplicate,duplicate_of,duplicate_reason,retained,capture_signature_agreement
OBS00001,d654b182a903,a2655fd02851,BOM,DEL,6E,6E-2341,2026-09-07,08:00,2026-09-05 09:00,2,T1(0-2),Economy Saver,6259,1127,200,7586,AirlineSite,Available,True,VALID,,,SINGLETON::OBS00001,False,,RETAINED_UNIQUE,True,
OBS00002,82d3309c7f91,ff6869a5fa7a,BOM,DEL,6E,6E-2341,2026-09-07,08:00,2026-09-05 09:00,2,T1(0-2),Economy Flexi,9591,1726,100,11417,EaseMyTrip,Available,True,VALID,,,SINGLETON::OBS00002,False,,RETAINED_UNIQUE,True,
OBS00003,d4ec9ef47d10,b591dca76702,BOM,DEL,6E,6E-2341,2026-09-13,08:00,2026-09-05 09:00,8,T7(5-9),Economy Saver,5570,1003,200,6773,EaseMyTrip,Available,True,VALID,,,SINGLETON::OBS00003,False,,RETAINED_UNIQUE,True,
OBS00004,94cbf1da3995,9f15c8f3920d,BOM,DEL,6E,6E-2341,2026-09-21,08:00,2026-09-05 09:00,16,T15(12-18),Economy Flexi,7397,1332,100,8829,MMT,Available,True,VALID,,,SINGLETON::OBS00004,False,,RETAINED_UNIQUE,True,
OBS00005,4924ee44d21c,9f15c8f3920d,BOM,DEL,6E,6E-2341,2026-09-21,08:00,2026-09-05 09:00,16,T15(12-18),Economy Flexi,7520,1354,120,8994,Goibibo,Available,True,VALID,,,SINGLETON::OBS00005,False,,RETAINED_UNIQUE,True,
OBS00006,e187f73b4319,db17d6d495a3,BOM,DEL,6E,6E-2341,2026-10-06,08:00,2026-09-05 09:00,31,T30(25-35),Economy Standard,5701,1026,150,6877,MMT,Available,True,VALID,,,SINGLETON::OBS00006,False,,RETAINED_UNIQUE,True,
OBS00007,f395309aa531,c486b2c50264,BOM,DEL,6E,6E-2341,2026-10-06,08:00,2026-09-05 09:00,31,T30(25-35),Economy Flexi,6587,1186,150,7923,AirlineSite,Available,True,VALID,,,SINGLETON::OBS00007,False,,RETAINED_UNIQUE,True,
OBS00008,170d7a5efd59,2e9daa0e056f,BOM,DEL,6E,6E-2341,2026-10-22,08:00,2026-09-05 09:00,47,T45(40-50),Economy Flexi,6690,1204,180,8074,Goibibo,Available,True,VALID,,,SINGLETON::OBS00008,False,,RETAINED_UNIQUE,True,
OBS00009,e2720bba068d,946fda38816a,BOM,DEL,6E,6E-2341,2026-10-22,08:00,2026-09-05 09:00,47,T45(40-50),Economy Standard,5342,962,200,6504,EaseMyTrip,Available,True,VALID,,,SINGLETON::OBS00009,False,,RETAINED_UNIQUE,True,
OBS00010,ad7a463232bb,a2655fd02851,BOM,DEL,AI,AI-865,2026-09-07,16:15,2026-09-05 09:00,2,T1(0-2),Economy Saver,6446,1160,120,7726,Cleartrip,Available,True,VALID,,,SINGLETON::OBS00010,False,,RETAINED_UNIQUE,True,
OBS00011,8db107fc5f93,5ef6cb68b433,BOM,DEL,AI,AI-865,2026-09-13,16:15,2026-09-05 09:00,8,T7(5-9),Economy Standard,6853,1234,150,8237,Goibibo,Available,True,VALID,,,SINGLETON::OBS00011,False,,RETAINED_UNIQUE,True,
OBS00012,2ac85fd90e61,5ef6cb68b433,BOM,DEL,AI,AI-865,2026-09-13,16:15,2026-09-05 09:00,8,T7(5-9),Economy Standard,6886,1240,150,8276,Cleartrip,Available,True,VALID,,,SINGLETON::OBS00012,False,,RETAINED_UNIQUE,True,
OBS00013,6675f82eed18,9f15c8f3920d,BOM,DEL,AI,AI-865,2026-09-21,16:15,2026-09-05 09:00,16,T15(12-18),Economy Flexi,7499,1350,120,8969,EaseMyTrip,Available,True,VALID,,,SINGLETON::OBS00013,False,,RETAINED_UNIQUE,True,
OBS00014,e66d06944890,db17d6d495a3,BOM,DEL,AI,AI-865,2026-10-06,16:15,2026-09-05 09:00,31,T30(25-35),Economy Standard,5639,1015,100,6754,Cleartrip,Available,True,VALID,,,SINGLETON::OBS00014,False,,RETAINED_UNIQUE,True,
OBS00015,af125b5ada97,c486b2c50264,BOM,DEL,AI,AI-865,2026-10-06,16:15,2026-09-05 09:00,31,T30(25-35),Economy Flexi,6867,1236,180,8283,AirlineSite,Available,True,VALID,,,SINGLETON::OBS00015,False,,RETAINED_UNIQUE,True,
OBS00016,cfd59e194596,7d751f1f32d7,BOM,DEL,AI,AI-865,2026-10-22,16:15,2026-09-05 09:00,47,T45(40-50),Economy Saver,4198,756,180,5134,MMT,Available,True,VALID,,,SINGLETON::OBS00016,False,,RETAINED_UNIQUE,True,
OBS00017,f32bbf93e00d,7d751f1f32d7,BOM,DEL,AI,AI-865,2026-10-22,16:15,2026-09-05 09:00,47,T45(40-50),Economy Saver,4092,737,120,4949,Goibibo,Available,True,VALID,,,SINGLETON::OBS00017,False,,RETAINED_UNIQUE,True,
OBS00018,c049bbf1ef73,2e9daa0e056f,BOM,DEL,AI,AI-865,2026-10-22,16:15,2026-09-05 09:00,47,T45(40-50),Economy Flexi,6692,1205,200,8097,EaseMyTrip,Available,True,VALID,,,SINGLETON::OBS00018,False,,RETAINED_UNIQUE,True,
OBS00019,1b3773c37e41,a2655fd02851,BOM,DEL,QP,QP-1123,2026-09-07,18:45,2026-09-05 09:00,2,T1(0-2),Economy Saver,6371,1147,120,7638,AirlineSite,Available,True,VALID,,,SINGLETON::OBS00019,False,,RETAINED_UNIQUE,True,
OBS00020,0973f902721f,a2655fd02851,BOM,DEL,QP,QP-1123,2026-09-07,18:45,2026-09-05 09:00,2,T1(0-2),Economy Saver,6229,1121,180,7530,EaseMyTrip,Available,True,VALID,,,SINGLETON::OBS00020,False,,RETAINED_UNIQUE,True,
OBS00021,62ef01c3e285,ff6869a5fa7a,BOM,DEL,QP,QP-1123,2026-09-07,18:45,2026-09-05 09:00,2,T1(0-2),Economy Flexi,9552,1719,180,11451,Goibibo,Available,True,VALID,,,SINGLETON::OBS00021,False,,RETAINED_UNIQUE,True,
OBS00022,908a289664e0,4f7bbed1f7d3,BOM,DEL,QP,QP-1123,2026-09-13,18:45,2026-09-05 09:00,8,T7(5-9),Economy Flexi,8881,1599,150,10630,EaseMyTrip,Available,True,VALID,,,SINGLETON::OBS00022,False,,RETAINED_UNIQUE,True,
OBS00023,0cf60c33921a,b591dca76702,BOM,DEL,QP,QP-1123,2026-09-13,18:45,2026-09-05 09:00,8,T7(5-9),Economy Saver,5479,986,180,6645,Cleartrip,Available,True,VALID,,,SINGLETON::OBS00023,False,,RETAINED_UNIQUE,True,
OBS00024,5e03a94bf9ae,9f15c8f3920d,BOM,DEL,QP,QP-1123,2026-09-21,18:45,2026-09-05 09:00,16,T15(12-18),Economy Flexi,7338,1321,100,8759,EaseMyTrip,Available,True,VALID,,,SINGLETON::OBS00024,False,,RETAINED_UNIQUE,True,
OBS00025,ad02aaed51be,9f15c8f3920d,BOM,DEL,QP,QP-1123,2026-09-21,18:45,2026-09-05 09:00,16,T15(12-18),Economy Flexi,7602,1368,150,9120,MMT,Available,True,VALID,,,SINGLETON::OBS00025,False,,RETAINED_UNIQUE,True,
OBS00026,7a3742fe2e9b,312dbe0b5497,BOM,DEL,QP,QP-1123,2026-10-06,18:45,2026-09-05 09:00,31,T30(25-35),Economy Saver,4284,771,180,5235,MMT,Available,True,VALID,,,SINGLETON::OBS00026,False,,RETAINED_UNIQUE,True,
OBS00027,d3694ab68d07,312dbe0b5497,BOM,DEL,QP,QP-1123,2026-10-06,18:45,2026-09-05 09:00,31,T30(25-35),Economy Saver,4040,727,150,4917,AirlineSite,Available,True,VALID,,,SINGLETON::OBS00027,False,,RETAINED_UNIQUE,True,
OBS00028,5c7a2f27abbe,7d751f1f32d7,BOM,DEL,QP,QP-1123,2026-10-22,18:45,2026-09-05 09:00,47,T45(40-50),Economy Saver,4430,797,100,5327,EaseMyTrip,Available,True,VALID,,,SINGLETON::OBS00028,False,,RETAINED_UNIQUE,True,
OBS00029,1021d179d73d,2e9daa0e056f,BOM,DEL,QP,QP-1123,2026-10-22,18:45,2026-09-05 09:00,47,T45(40-50),Economy Flexi,6421,1156,180,7757,AirlineSite,Available,True,VALID,,,SINGLETON::OBS00029,False,,RETAINED_UNIQUE,True,
OBS00030,44a08b1314a2,2e9daa0e056f,BOM,DEL,QP,QP-1123,2026-10-22,18:45,2026-09-05 09:00,47,T45(40-50),Economy Flexi,6961,1253,120,8334,MMT,Available,True,VALID,,,SINGLETON::OBS00030,False,,RETAINED_UNIQUE,True,
OBS00031,56e8fd86479c,722a18223014,BLR,DEL,6E,6E-5011,2026-09-07,13:45,2026-09-05 09:00,2,T1(0-2),Economy Flexi,9569,1722,150,11441,Cleartrip,Available,True,VALID,,,SINGLETON::OBS00031,False,,RETAINED_UNIQUE,True,
OBS00032,07b3940857c3,dc430b25a5ca,BLR,DEL,6E,6E-5011,2026-09-13,13:45,2026-09-05 09:00,8,T7(5-9),Economy Flexi,8430,1517,150,10097,MMT,Available,True,VALID,,,SINGLETON::OBS00032,False,,RETAINED_UNIQUE,True,
OBS00033,a6058c337d1c,07d6636181ef,BLR,DEL,6E,6E-5011,2026-09-13,13:45,2026-09-05 09:00,8,T7(5-9),Economy Standard,7128,1283,200,8611,EaseMyTrip,Available,True,VALID,,,SINGLETON::OBS00033,False,,RETAINED_UNIQUE,True,
OBS00034,3ca7afe80a4b,e9016f4c5dda,BLR,DEL,6E,6E-5011,2026-09-21,13:45,2026-09-05 09:00,16,T15(12-18),Economy Saver,4541,817,100,5458,AirlineSite,Available,True,VALID,,,SINGLETON::OBS00034,False,,RETAINED_UNIQUE,True,
OBS00035,2bc9bf4fd7f9,4755462a0777,BLR,DEL,6E,6E-5011,2026-10-06,13:45,2026-09-05 09:00,31,T30(25-35),Economy Saver,4258,767,200,5225,Goibibo,Available,True,VALID,,,SINGLETON::OBS00035,False,,RETAINED_UNIQUE,True,
OBS00036,ea9e0ea56963,4755462a0777,BLR,DEL,6E,6E-5011,2026-10-06,13:45,2026-09-05 09:00,31,T30(25-35),Economy Saver,4274,769,120,5163,MMT,Available,True,VALID,,,SINGLETON::OBS00036,False,,RETAINED_UNIQUE,True,
OBS00037,b41e0db3349a,ba0de94a3dda,BLR,DEL,6E,6E-5011,2026-10-06,13:45,2026-09-05 09:00,31,T30(25-35),Economy Flexi,6398,1152,180,7730,Goibibo,Available,True,VALID,,,SINGLETON::OBS00037,False,,RETAINED_UNIQUE,True,
OBS00038,5554c6fc7017,ba0de94a3dda,BLR,DEL,6E,6E-5011,2026-10-06,13:45,2026-09-05 09:00,31,T30(25-35),Economy Flexi,6570,1183,180,7933,MMT,Available,True,VALID,,,SINGLETON::OBS00038,False,,RETAINED_UNIQUE,True,
OBS00039,21482107cffe,4073ebc581a9,BLR,DEL,6E,6E-5011,2026-10-22,13:45,2026-09-05 09:00,47,T45(40-50),Economy Flexi,6602,1188,150,7940,AirlineSite,Available,True,VALID,,,SINGLETON::OBS00039,False,,RETAINED_UNIQUE,True,
OBS00040,201259569c57,68a92c115f71,BLR,DEL,6E,6E-5011,2026-10-22,13:45,2026-09-05 09:00,47,T45(40-50),Economy Saver,4112,740,200,5052,MMT,Available,True,VALID,,,SINGLETON::OBS00040,False,,RETAINED_UNIQUE,True,
OBS00041,27e757f0a51e,55af73a9c051,BLR,DEL,AI,AI-503,2026-09-07,19:15,2026-09-05 09:00,2,T1(0-2),Economy Saver,6116,1101,200,7417,MMT,Available,True,VALID,,,SINGLETON::OBS00041,False,,RETAINED_UNIQUE,True,
OBS00042,e16a9fc16612,55af73a9c051,BLR,DEL,AI,AI-503,2026-09-07,19:15,2026-09-05 09:00,2,T1(0-2),Economy Saver,5906,1063,200,7169,AirlineSite,Available,True,VALID,,,SINGLETON::OBS00042,False,,RETAINED_UNIQUE,True,
OBS00043,39c8b105ba4e,d9e2346419c4,BLR,DEL,AI,AI-503,2026-09-07,19:15,2026-09-05 09:00,2,T1(0-2),Economy Standard,8242,1484,120,9846,AirlineSite,Available,True,VALID,,,SINGLETON::OBS00043,False,,RETAINED_UNIQUE,True,
OBS00044,cf2f4e52a250,07d6636181ef,BLR,DEL,AI,AI-503,2026-09-13,19:15,2026-09-05 09:00,8,T7(5-9),Economy Standard,7346,1322,100,8768,Goibibo,Available,True,VALID,,,SINGLETON::OBS00044,False,,RETAINED_UNIQUE,True,
OBS00045,9ac49ad4aeb7,07d6636181ef,BLR,DEL,AI,AI-503,2026-09-13,19:15,2026-09-05 09:00,8,T7(5-9),Economy Standard,6855,1234,100,8189,MMT,Available,True,VALID,,,SINGLETON::OBS00045,False,,RETAINED_UNIQUE,True,
OBS00046,3d8020f3780f,fa460205682d,BLR,DEL,AI,AI-503,2026-09-21,19:15,2026-09-05 09:00,16,T15(12-18),Economy Standard,5794,1043,150,6987,Goibibo,Available,True,VALID,,,SINGLETON::OBS00046,False,,RETAINED_UNIQUE,True,
OBS00047,63b547f2e37d,fa460205682d,BLR,DEL,AI,AI-503,2026-09-21,19:15,2026-09-05 09:00,16,T15(12-18),Economy Standard,5832,1050,100,6982,EaseMyTrip,Available,True,VALID,,,SINGLETON::OBS00047,False,,RETAINED_UNIQUE,True,
OBS00048,4f7b878f4f17,8e4874510531,BLR,DEL,AI,AI-503,2026-09-21,19:15,2026-09-05 09:00,16,T15(12-18),Economy Flexi,7011,1262,200,8473,Cleartrip,Available,True,VALID,,,SINGLETON::OBS00048,False,,RETAINED_UNIQUE,True,
OBS00049,820fbeee588f,ba0de94a3dda,BLR,DEL,AI,AI-503,2026-10-06,19:15,2026-09-05 09:00,31,T30(25-35),Economy Flexi,6389,1150,120,7659,EaseMyTrip,Available,True,VALID,,,SINGLETON::OBS00049,False,,RETAINED_UNIQUE,True,
OBS00050,48c898fb04f8,4755462a0777,BLR,DEL,AI,AI-503,2026-10-06,19:15,2026-09-05 09:00,31,T30(25-35),Economy Saver,4061,731,120,4912,EaseMyTrip,Available,True,VALID,,,SINGLETON::OBS00050,False,,RETAINED_UNIQUE,True,
OBS00051,224f2dae951f,68a92c115f71,BLR,DEL,AI,AI-503,2026-10-22,19:15,2026-09-05 09:00,47,T45(40-50),Economy Saver,4066,732,200,4998,EaseMyTrip,Available,True,VALID,,,SINGLETON::OBS00051,False,,RETAINED_UNIQUE,True,
OBS00052,0ac71b4d1b1e,4073ebc581a9,BLR,DEL,AI,AI-503,2026-10-22,19:15,2026-09-05 09:00,47,T45(40-50),Economy Flexi,6778,1220,150,8148,Cleartrip,Available,True,VALID,,,SINGLETON::OBS00052,False,,RETAINED_UNIQUE,True,
OBS00053,4bc1ed3a936e,4073ebc581a9,BLR,DEL,AI,AI-503,2026-10-22,19:15,2026-09-05 09:00,47,T45(40-50),Economy Flexi,6494,1169,180,7843,MMT,Available,True,VALID,,,SINGLETON::OBS00053,False,,RETAINED_UNIQUE,True,
OBS00054,4d283302502c,d9e2346419c4,BLR,DEL,IX,IX-782,2026-09-07,09:30,2026-09-05 09:00,2,T1(0-2),Economy Standard,8003,1441,200,9644,Goibibo,Available,True,VALID,,,SINGLETON::OBS00054,False,,RETAINED_UNIQUE,True,
OBS00055,dd43a4964e36,55af73a9c051,BLR,DEL,IX,IX-782,2026-09-07,09:30,2026-09-05 09:00,2,T1(0-2),Economy Saver,6174,1111,200,7485,AirlineSite,Available,True,VALID,,,SINGLETON::OBS00055,False,,RETAINED_UNIQUE,True,
OBS00056,96c146d88f9a,c01f5270b3d8,BLR,DEL,IX,IX-782,2026-09-13,09:30,2026-09-05 09:00,8,T7(5-9),Economy Saver,5443,980,120,6543,MMT,Available,True,VALID,,,SINGLETON::OBS00056,False,,RETAINED_UNIQUE,True,
OBS00057,6d469426b001,07d6636181ef,BLR,DEL,IX,IX-782,2026-09-13,09:30,2026-09-05 09:00,8,T7(5-9),Economy Standard,7169,1290,200,8659,EaseMyTrip,Available,True,VALID,,,SINGLETON::OBS00057,False,,RETAINED_UNIQUE,True,
OBS00058,6b7f1a23ecc0,07d6636181ef,BLR,DEL,IX,IX-782,2026-09-13,09:30,2026-09-05 09:00,8,T7(5-9),Economy Standard,6745,1214,200,8159,Cleartrip,Available,True,VALID,,,SINGLETON::OBS00058,False,,RETAINED_UNIQUE,True,
OBS00059,05e8d5efbe14,8e4874510531,BLR,DEL,IX,IX-782,2026-09-21,09:30,2026-09-05 09:00,16,T15(12-18),Economy Flexi,7053,1270,100,8423,Cleartrip,Available,True,VALID,,,SINGLETON::OBS00059,False,,RETAINED_UNIQUE,True,
OBS00060,cae934d982b1,e9016f4c5dda,BLR,DEL,IX,IX-782,2026-09-21,09:30,2026-09-05 09:00,16,T15(12-18),Economy Saver,4565,822,120,5507,Cleartrip,Available,True,VALID,,,SINGLETON::OBS00060,False,,RETAINED_UNIQUE,True,
OBS00061,67270f95bdf2,4755462a0777,BLR,DEL,IX,IX-782,2026-10-06,09:30,2026-09-05 09:00,31,T30(25-35),Economy Saver,4071,733,180,4984,Cleartrip,Available,True,VALID,,,SINGLETON::OBS00061,False,,RETAINED_UNIQUE,True,
OBS00062,0c126e0f464b,4755462a0777,BLR,DEL,IX,IX-782,2026-10-06,09:30,2026-09-05 09:00,31,T30(25-35),Economy Saver,4380,788,100,5268,AirlineSite,Available,True,VALID,,,SINGLETON::OBS00062,False,,RETAINED_UNIQUE,True,
OBS00063,44791b7d7177,bad1720ebf2f,BLR,DEL,IX,IX-782,2026-10-06,09:30,2026-09-05 09:00,31,T30(25-35),Economy Standard,5600,1008,150,6758,Cleartrip,Available,True,VALID,,,SINGLETON::OBS00063,False,,RETAINED_UNIQUE,True,
OBS00064,aba134db1d78,4073ebc581a9,BLR,DEL,IX,IX-782,2026-10-22,09:30,2026-09-05 09:00,47,T45(40-50),Economy Flexi,6706,1207,100,8013,EaseMyTrip,Available,True,VALID,,,SINGLETON::OBS00064,False,,RETAINED_UNIQUE,True,
OBS00065,c757d1eb6769,4073ebc581a9,BLR,DEL,IX,IX-782,2026-10-22,09:30,2026-09-05 09:00,47,T45(40-50),Economy Flexi,6386,1149,120,7655,Goibibo,Available,True,VALID,,,SINGLETON::OBS00065,False,,RETAINED_UNIQUE,True,
OBS00066,e9cddecfdc34,26becfeedc51,BLR,BOM,6E,6E-442,2026-09-07,06:30,2026-09-05 09:00,2,T1(0-2),Economy Standard,7758,1396,100,9254,AirlineSite,Available,True,VALID,,,SINGLETON::OBS00066,False,,RETAINED_UNIQUE,True,
OBS00067,e547199957b2,bdd7f33da793,BLR,BOM,6E,6E-442,2026-09-13,06:30,2026-09-05 09:00,8,T7(5-9),Economy Saver,5668,1020,180,6868,Cleartrip,Available,True,VALID,,,SINGLETON::OBS00067,False,,RETAINED_UNIQUE,True,
OBS00068,e16213902348,8cbacff05554,BLR,BOM,6E,6E-442,2026-09-13,06:30,2026-09-05 09:00,8,T7(5-9),Economy Flexi,8979,1616,120,10715,MMT,Available,True,VALID,,,SINGLETON::OBS00068,False,,RETAINED_UNIQUE,True,
OBS00069,f4a6b8fd5c48,7efa767f57c0,BLR,BOM,6E,6E-442,2026-09-21,06:30,2026-09-05 09:00,16,T15(12-18),Economy Saver,4558,821,100,5479,Goibibo,Available,True,VALID,,,SINGLETON::OBS00069,False,,RETAINED_UNIQUE,True,
OBS00070,bc19b42fc01a,7efa767f57c0,BLR,BOM,6E,6E-442,2026-09-21,06:30,2026-09-05 09:00,16,T15(12-18),Economy Saver,4612,830,100,5542,MMT,Available,True,VALID,,,SINGLETON::OBS00070,False,,RETAINED_UNIQUE,True,
OBS00071,0cfb695af4b6,0c23682ee73d,BLR,BOM,6E,6E-442,2026-09-21,06:30,2026-09-05 09:00,16,T15(12-18),Economy Flexi,7562,1361,180,9103,MMT,Available,True,VALID,,,SINGLETON::OBS00071,False,,RETAINED_UNIQUE,True,
OBS00072,9476036e14ac,0c23682ee73d,BLR,BOM,6E,6E-442,2026-09-21,06:30,2026-09-05 09:00,16,T15(12-18),Economy Flexi,7223,1300,120,8643,EaseMyTrip,Available,True,VALID,,,SINGLETON::OBS00072,False,,RETAINED_UNIQUE,True,
OBS00073,616d9e10f7ef,c7e9ed313a8c,BLR,BOM,6E,6E-442,2026-10-06,06:30,2026-09-05 09:00,31,T30(25-35),Economy Saver,4170,751,100,5021,Goibibo,Available,True,VALID,,,SINGLETON::OBS00073,False,,RETAINED_UNIQUE,True,
OBS00074,eb81f41d4264,4525a8c22f91,BLR,BOM,6E,6E-442,2026-10-22,06:30,2026-09-05 09:00,47,T45(40-50),Economy Standard,5658,1018,150,6826,AirlineSite,Available,True,VALID,,,SINGLETON::OBS00074,False,,RETAINED_UNIQUE,True,
OBS00075,a0666e387661,4525a8c22f91,BLR,BOM,6E,6E-442,2026-10-22,06:30,2026-09-05 09:00,47,T45(40-50),Economy Standard,5280,950,150,6380,EaseMyTrip,Available,True,VALID,,,SINGLETON::OBS00075,False,,RETAINED_UNIQUE,True,
OBS00076,57741681c489,b6ae72c59279,BLR,BOM,6E,6E-442,2026-10-22,06:30,2026-09-05 09:00,47,T45(40-50),Economy Flexi,6730,1211,150,8091,AirlineSite,Available,True,VALID,,,SINGLETON::OBS00076,False,,RETAINED_UNIQUE,True,
OBS00077,274c55ffa052,26becfeedc51,BLR,BOM,AI,AI-610,2026-09-07,15:45,2026-09-05 09:00,2,T1(0-2),Economy Standard,7552,1359,180,9091,Cleartrip,Available,True,VALID,,,SINGLETON::OBS00077,False,,RETAINED_UNIQUE,True,
OBS00078,6802bc0ab051,8cbacff05554,BLR,BOM,AI,AI-610,2026-09-13,15:45,2026-09-05 09:00,8,T7(5-9),Economy Flexi,8607,1549,150,10306,Cleartrip,Available,True,VALID,,,SINGLETON::OBS00078,False,,RETAINED_UNIQUE,True,
OBS00079,8c35814442a5,0c23682ee73d,BLR,BOM,AI,AI-610,2026-09-21,15:45,2026-09-05 09:00,16,T15(12-18),Economy Flexi,7454,1342,150,8946,EaseMyTrip,Available,True,VALID,,,SINGLETON::OBS00079,False,,RETAINED_UNIQUE,True,
OBS00080,780a28b01491,0c23682ee73d,BLR,BOM,AI,AI-610,2026-09-21,15:45,2026-09-05 09:00,16,T15(12-18),Economy Flexi,7262,1307,150,8719,Cleartrip,Available,True,VALID,,,SINGLETON::OBS00080,False,,RETAINED_UNIQUE,True,
OBS00081,cd9f5920a4bb,7efa767f57c0,BLR,BOM,AI,AI-610,2026-09-21,15:45,2026-09-05 09:00,16,T15(12-18),Economy Saver,4629,833,180,5642,MMT,Available,True,VALID,,,SINGLETON::OBS00081,False,,RETAINED_UNIQUE,True,
OBS00082,6963ac417648,f5e32b9982ab,BLR,BOM,AI,AI-610,2026-10-06,15:45,2026-09-05 09:00,31,T30(25-35),Economy Flexi,6537,1177,120,7834,Goibibo,Available,True,VALID,,,SINGLETON::OBS00082,False,,RETAINED_UNIQUE,True,
OBS00083,660e67650459,f5e32b9982ab,BLR,BOM,AI,AI-610,2026-10-06,15:45,2026-09-05 09:00,31,T30(25-35),Economy Flexi,6620,1192,200,8012,AirlineSite,Available,True,VALID,,,SINGLETON::OBS00083,False,,RETAINED_UNIQUE,True,
OBS00084,2632455399ce,4525a8c22f91,BLR,BOM,AI,AI-610,2026-10-22,15:45,2026-09-05 09:00,47,T45(40-50),Economy Standard,5613,1010,120,6743,MMT,Available,True,VALID,,,SINGLETON::OBS00084,False,,RETAINED_UNIQUE,True,
OBS00085,e47941d5b50e,4525a8c22f91,BLR,BOM,AI,AI-610,2026-10-22,15:45,2026-09-05 09:00,47,T45(40-50),Economy Standard,5540,997,150,6687,Goibibo,Available,True,VALID,,,SINGLETON::OBS00085,False,,RETAINED_UNIQUE,True,
OBS00086,5984e53c73be,b6ae72c59279,BLR,BOM,AI,AI-610,2026-10-22,15:45,2026-09-05 09:00,47,T45(40-50),Economy Flexi,6780,1220,120,8120,AirlineSite,Available,True,VALID,,,SINGLETON::OBS00086,False,,RETAINED_UNIQUE,True,
OBS00087,8b2198f39122,b6ae72c59279,BLR,BOM,AI,AI-610,2026-10-22,15:45,2026-09-05 09:00,47,T45(40-50),Economy Flexi,6868,1236,120,8224,MMT,Available,True,VALID,,,SINGLETON::OBS00087,False,,RETAINED_UNIQUE,True,
OBS00088,371d60e570c5,26becfeedc51,BLR,BOM,QP,QP-1304,2026-09-07,05:00,2026-09-05 09:00,2,T1(0-2),Economy Standard,7841,1411,200,9452,Goibibo,Available,True,VALID,,,SINGLETON::OBS00088,False,,RETAINED_UNIQUE,True,
OBS00089,be4df39360d0,8cbacff05554,BLR,BOM,QP,QP-1304,2026-09-13,05:00,2026-09-05 09:00,8,T7(5-9),Economy Flexi,8446,1520,100,10066,Goibibo,Available,True,VALID,,,SINGLETON::OBS00089,False,,RETAINED_UNIQUE,True,
OBS00090,a21eee1f164b,8cbacff05554,BLR,BOM,QP,QP-1304,2026-09-13,05:00,2026-09-05 09:00,8,T7(5-9),Economy Flexi,9003,1620,100,10723,EaseMyTrip,Available,True,VALID,,,SINGLETON::OBS00090,False,,RETAINED_UNIQUE,True,
OBS00091,881fdc2e1591,7efa767f57c0,BLR,BOM,QP,QP-1304,2026-09-21,05:00,2026-09-05 09:00,16,T15(12-18),Economy Saver,4859,875,100,5834,AirlineSite,Available,True,VALID,,,SINGLETON::OBS00091,False,,RETAINED_UNIQUE,True,
OBS00092,2c0ca72433b5,7efa767f57c0,BLR,BOM,QP,QP-1304,2026-09-21,05:00,2026-09-05 09:00,16,T15(12-18),Economy Saver,4646,836,180,5662,MMT,Available,True,VALID,,,SINGLETON::OBS00092,False,,RETAINED_UNIQUE,True,
OBS00093,30685e135913,0c23682ee73d,BLR,BOM,QP,QP-1304,2026-09-21,05:00,2026-09-05 09:00,16,T15(12-18),Economy Flexi,7573,1363,200,9136,Goibibo,Available,True,VALID,,,SINGLETON::OBS00093,False,,RETAINED_UNIQUE,True,
OBS00094,b425c6cad4d0,0c23682ee73d,BLR,BOM,QP,QP-1304,2026-09-21,05:00,2026-09-05 09:00,16,T15(12-18),Economy Flexi,7293,1313,120,8726,EaseMyTrip,Available,True,VALID,,,SINGLETON::OBS00094,False,,RETAINED_UNIQUE,True,
OBS00095,847fe00a4e49,2367dff31e27,BLR,BOM,QP,QP-1304,2026-10-06,05:00,2026-09-05 09:00,31,T30(25-35),Economy Standard,5598,1008,200,6806,Cleartrip,Available,True,VALID,,,SINGLETON::OBS00095,False,,RETAINED_UNIQUE,True,
OBS00096,08113c76c708,f5e32b9982ab,BLR,BOM,QP,QP-1304,2026-10-06,05:00,2026-09-05 09:00,31,T30(25-35),Economy Flexi,6626,1193,150,7969,MMT,Available,True,VALID,,,SINGLETON::OBS00096,False,,RETAINED_UNIQUE,True,
OBS00097,e9c94ad17570,f5e32b9982ab,BLR,BOM,QP,QP-1304,2026-10-06,05:00,2026-09-05 09:00,31,T30(25-35),Economy Flexi,6491,1168,150,7809,Cleartrip,Available,True,VALID,,,SINGLETON::OBS00097,False,,RETAINED_UNIQUE,True,
OBS00098,6c901af18ec3,b6ae72c59279,BLR,BOM,QP,QP-1304,2026-10-22,05:00,2026-09-05 09:00,47,T45(40-50),Economy Flexi,6489,1168,120,7777,MMT,Available,True,VALID,,,SINGLETON::OBS00098,False,,RETAINED_UNIQUE,True,
OBS00099,28247e429ad9,0112fca850a4,BLR,BOM,QP,QP-1304,2026-10-22,05:00,2026-09-05 09:00,47,T45(40-50),Economy Saver,4206,757,150,5113,AirlineSite,Available,True,VALID,,,SINGLETON::OBS00099,False,,RETAINED_UNIQUE,True,
OBS00100,37badad1b2fa,d5e2b4ddaa51,DEL,HYD,6E,6E-773,2026-09-07,19:45,2026-09-05 09:00,2,T1(0-2),Economy Saver,6368,1146,200,7714,Goibibo,Available,True,VALID,,,SINGLETON::OBS00100,False,,RETAINED_UNIQUE,True,
OBS00101,362132d2d5b1,d5e2b4ddaa51,DEL,HYD,6E,6E-773,2026-09-07,19:45,2026-09-05 09:00,2,T1(0-2),Economy Saver,6078,1094,100,7272,AirlineSite,Available,True,VALID,,,SINGLETON::OBS00101,False,,RETAINED_UNIQUE,True,
OBS00102,1f2e5244d4ef,837e7336fb50,DEL,HYD,6E,6E-773,2026-09-13,19:45,2026-09-05 09:00,8,T7(5-9),Economy Standard,7082,1275,150,8507,EaseMyTrip,Available,True,VALID,,,SINGLETON::OBS00102,False,,RETAINED_UNIQUE,True,
OBS00103,7e4473a5dda9,837e7336fb50,DEL,HYD,6E,6E-773,2026-09-13,19:45,2026-09-05 09:00,8,T7(5-9),Economy Standard,7045,1268,100,8413,MMT,Available,True,VALID,,,SINGLETON::OBS00103,False,,RETAINED_UNIQUE,True,
OBS00104,09807eb9a75e,d69b89fa1e64,DEL,HYD,6E,6E-773,2026-09-13,19:45,2026-09-05 09:00,8,T7(5-9),Economy Flexi,8858,1594,180,10632,Cleartrip,Available,True,VALID,,,SINGLETON::OBS00104,False,,RETAINED_UNIQUE,True,
OBS00105,ac73cd2a0ca4,d69b89fa1e64,DEL,HYD,6E,6E-773,2026-09-13,19:45,2026-09-05 09:00,8,T7(5-9),Economy Flexi,9026,1625,200,10851,Goibibo,Available,True,VALID,,,SINGLETON::OBS00105,False,,RETAINED_UNIQUE,True,
OBS00106,e86a44d5e048,35819298f9e2,DEL,HYD,6E,6E-773,2026-09-21,19:45,2026-09-05 09:00,16,T15(12-18),Economy Standard,6084,1095,120,7299,AirlineSite,Available,True,VALID,,,SINGLETON::OBS00106,False,,RETAINED_UNIQUE,True,
OBS00107,dc60c52f4261,9dd906a8c1ec,DEL,HYD,6E,6E-773,2026-10-06,19:45,2026-09-05 09:00,31,T30(25-35),Economy Saver,4121,742,150,5013,Goibibo,Available,True,VALID,,,SINGLETON::OBS00107,False,,RETAINED_UNIQUE,True,
OBS00108,1a5132a3a30f,9dd906a8c1ec,DEL,HYD,6E,6E-773,2026-10-06,19:45,2026-09-05 09:00,31,T30(25-35),Economy Saver,4174,751,180,5105,Cleartrip,Available,True,VALID,,,SINGLETON::OBS00108,False,,RETAINED_UNIQUE,True,
OBS00109,0b5bdb30eead,491b40137db8,DEL,HYD,6E,6E-773,2026-10-06,19:45,2026-09-05 09:00,31,T30(25-35),Economy Flexi,6887,1240,180,8307,Goibibo,Available,True,VALID,,,SINGLETON::OBS00109,False,,RETAINED_UNIQUE,True,
OBS00110,c152e3668882,491b40137db8,DEL,HYD,6E,6E-773,2026-10-06,19:45,2026-09-05 09:00,31,T30(25-35),Economy Flexi,6349,1143,200,7692,Cleartrip,Available,True,VALID,,,SINGLETON::OBS00110,False,,RETAINED_UNIQUE,True,
OBS00111,dc13b6ae6968,8aac2712339e,DEL,HYD,6E,6E-773,2026-10-22,19:45,2026-09-05 09:00,47,T45(40-50),Economy Standard,5606,1009,100,6715,AirlineSite,Available,True,VALID,,,SINGLETON::OBS00111,False,,RETAINED_UNIQUE,True,
OBS00112,ff6041762559,d5e2b4ddaa51,DEL,HYD,AI,AI-540,2026-09-07,05:15,2026-09-05 09:00,2,T1(0-2),Economy Saver,5923,1066,100,7089,MMT,Available,True,VALID,,,SINGLETON::OBS00112,False,,RETAINED_UNIQUE,True,
OBS00113,974a19a75767,837e7336fb50,DEL,HYD,AI,AI-540,2026-09-13,05:15,2026-09-05 09:00,8,T7(5-9),Economy Standard,7165,1290,100,8555,Cleartrip,Available,True,VALID,,,SINGLETON::OBS00113,False,,RETAINED_UNIQUE,True,
OBS00114,204369df1c11,837e7336fb50,DEL,HYD,AI,AI-540,2026-09-13,05:15,2026-09-05 09:00,8,T7(5-9),Economy Standard,7285,1311,120,8716,MMT,Available,True,VALID,,,SINGLETON::OBS00114,False,,RETAINED_UNIQUE,True,
OBS00115,70dc19d94f33,a875679bf975,DEL,HYD,AI,AI-540,2026-09-21,05:15,2026-09-05 09:00,16,T15(12-18),Economy Saver,4618,831,120,5569,EaseMyTrip,Available,True,VALID,,,SINGLETON::OBS00115,False,,RETAINED_UNIQUE,True,
OBS00116,9859fbe17eb3,a875679bf975,DEL,HYD,AI,AI-540,2026-09-21,05:15,2026-09-05 09:00,16,T15(12-18),Economy Saver,4470,805,120,5395,Goibibo,Available,True,VALID,,,SINGLETON::OBS00116,False,,RETAINED_UNIQUE,True,
OBS00117,459363dbdc6d,73ada9ffb874,DEL,HYD,AI,AI-540,2026-09-21,05:15,2026-09-05 09:00,16,T15(12-18),Economy Flexi,7587,1366,200,9153,Cleartrip,Available,True,VALID,,,SINGLETON::OBS00117,False,,RETAINED_UNIQUE,True,
OBS00118,80e6cca68657,491b40137db8,DEL,HYD,AI,AI-540,2026-10-06,05:15,2026-09-05 09:00,31,T30(25-35),Economy Flexi,6688,1204,150,8042,Cleartrip,Available,True,VALID,,,SINGLETON::OBS00118,False,,RETAINED_UNIQUE,True,
OBS00119,0de67efd60ac,c933739f889e,DEL,HYD,AI,AI-540,2026-10-22,05:15,2026-09-05 09:00,47,T45(40-50),Economy Flexi,6879,1238,100,8217,AirlineSite,Available,True,VALID,,,SINGLETON::OBS00119,False,,RETAINED_UNIQUE,True,
OBS00120,f179ace3b2dd,c933739f889e,DEL,HYD,AI,AI-540,2026-10-22,05:15,2026-09-05 09:00,47,T45(40-50),Economy Flexi,6622,1192,150,7964,Goibibo,Available,True,VALID,,,SINGLETON::OBS00120,False,,RETAINED_UNIQUE,True,
OBS00121,846e6cfb3483,d5e2b4ddaa51,DEL,HYD,SG,SG-451,2026-09-07,19:15,2026-09-05 09:00,2,T1(0-2),Economy Saver,6349,1143,200,7692,Goibibo,Available,True,VALID,,,SINGLETON::OBS00121,False,,RETAINED_UNIQUE,True,
OBS00122,bfd65a76ee85,d5e2b4ddaa51,DEL,HYD,SG,SG-451,2026-09-07,19:15,2026-09-05 09:00,2,T1(0-2),Economy Saver,6010,1082,120,7212,EaseMyTrip,Available,True,VALID,,,SINGLETON::OBS00122,False,,RETAINED_UNIQUE,True,
OBS00123,a3459debff54,bc62c9a2c6d9,DEL,HYD,SG,SG-451,2026-09-07,19:15,2026-09-05 09:00,2,T1(0-2),Economy Standard,8207,1477,120,9804,Cleartrip,Available,True,VALID,,,SINGLETON::OBS00123,False,,RETAINED_UNIQUE,True,
OBS00124,46445c3e0977,d69b89fa1e64,DEL,HYD,SG,SG-451,2026-09-13,19:15,2026-09-05 09:00,8,T7(5-9),Economy Flexi,8967,1614,120,10701,AirlineSite,Available,True,VALID,,,SINGLETON::OBS00124,False,,RETAINED_UNIQUE,True,
OBS00125,7f79ad85d5d2,d69b89fa1e64,DEL,HYD,SG,SG-451,2026-09-13,19:15,2026-09-05 09:00,8,T7(5-9),Economy Flexi,8655,1558,150,10363,Goibibo,Available,True,VALID,,,SINGLETON::OBS00125,False,,RETAINED_UNIQUE,True,
OBS00126,a5069811e841,837e7336fb50,DEL,HYD,SG,SG-451,2026-09-13,19:15,2026-09-05 09:00,8,T7(5-9),Economy Standard,7357,1324,150,8831,Cleartrip,Available,True,VALID,,,SINGLETON::OBS00126,False,,RETAINED_UNIQUE,True,
OBS00127,e78b25147a40,837e7336fb50,DEL,HYD,SG,SG-451,2026-09-13,19:15,2026-09-05 09:00,8,T7(5-9),Economy Standard,7129,1283,200,8612,EaseMyTrip,Available,True,VALID,,,SINGLETON::OBS00127,False,,RETAINED_UNIQUE,True,
OBS00128,d05ca152d1cb,a875679bf975,DEL,HYD,SG,SG-451,2026-09-21,19:15,2026-09-05 09:00,16,T15(12-18),Economy Saver,4661,839,120,5620,Goibibo,Available,True,VALID,,,SINGLETON::OBS00128,False,,RETAINED_UNIQUE,True,
OBS00129,06e2332abee0,491b40137db8,DEL,HYD,SG,SG-451,2026-10-06,19:15,2026-09-05 09:00,31,T30(25-35),Economy Flexi,6530,1175,180,7885,AirlineSite,Available,True,VALID,,,SINGLETON::OBS00129,False,,RETAINED_UNIQUE,True,
OBS00130,aebe0e2e4193,491b40137db8,DEL,HYD,SG,SG-451,2026-10-06,19:15,2026-09-05 09:00,31,T30(25-35),Economy Flexi,6793,1223,150,8166,EaseMyTrip,Available,True,VALID,,,SINGLETON::OBS00130,False,,RETAINED_UNIQUE,True,
OBS00131,70076a801759,0a37214f083d,DEL,HYD,SG,SG-451,2026-10-06,19:15,2026-09-05 09:00,31,T30(25-35),Economy Standard,5414,974,200,6588,Goibibo,Available,True,VALID,,,SINGLETON::OBS00131,False,,RETAINED_UNIQUE,True,
OBS00132,9503039264dd,0a37214f083d,DEL,HYD,SG,SG-451,2026-10-06,19:15,2026-09-05 09:00,31,T30(25-35),Economy Standard,5363,965,180,6508,Cleartrip,Available,True,VALID,,,SINGLETON::OBS00132,False,,RETAINED_UNIQUE,True,
OBS00133,158ea99469e0,8aac2712339e,DEL,HYD,SG,SG-451,2026-10-22,19:15,2026-09-05 09:00,47,T45(40-50),Economy Standard,5573,1003,150,6726,AirlineSite,Available,True,VALID,,,SINGLETON::OBS00133,False,,RETAINED_UNIQUE,True,
OBS00134,733617cde42a,c933739f889e,DEL,HYD,SG,SG-451,2026-10-22,19:15,2026-09-05 09:00,47,T45(40-50),Economy Flexi,6964,1253,120,8337,EaseMyTrip,Available,True,VALID,,,SINGLETON::OBS00134,False,,RETAINED_UNIQUE,True,
OBS00135,48f2aa831178,19af43e69a05,DEL,PNQ,6E,6E-381,2026-09-07,11:15,2026-09-05 09:00,2,T1(0-2),Economy Standard,7749,1395,150,9294,MMT,Available,True,VALID,,,SINGLETON::OBS00135,False,,RETAINED_UNIQUE,True,
OBS00136,5876be4b0380,72635f6a0550,DEL,PNQ,6E,6E-381,2026-09-07,11:15,2026-09-05 09:00,2,T1(0-2),Economy Flexi,9201,1656,200,11057,Cleartrip,Available,True,VALID,,,SINGLETON::OBS00136,False,,RETAINED_UNIQUE,True,
OBS00137,a47e7af32fc9,3b633c1887e2,DEL,PNQ,6E,6E-381,2026-09-13,11:15,2026-09-05 09:00,8,T7(5-9),Economy Standard,7128,1283,120,8531,AirlineSite,Available,True,VALID,,,SINGLETON::OBS00137,False,,RETAINED_UNIQUE,True,
OBS00138,a338a1955b63,e95996c1e9a8,DEL,PNQ,6E,6E-381,2026-09-21,11:15,2026-09-05 09:00,16,T15(12-18),Economy Saver,4639,835,120,5594,Goibibo,Available,True,VALID,,,SINGLETON::OBS00138,False,,RETAINED_UNIQUE,True,
OBS00139,f0483099fcfd,e95996c1e9a8,DEL,PNQ,6E,6E-381,2026-09-21,11:15,2026-09-05 09:00,16,T15(12-18),Economy Saver,4881,879,150,5910,EaseMyTrip,Available,True,VALID,,,SINGLETON::OBS00139,False,,RETAINED_UNIQUE,True,
OBS00140,1eb924e97a2e,8100ad44f132,DEL,PNQ,6E,6E-381,2026-09-21,11:15,2026-09-05 09:00,16,T15(12-18),Economy Flexi,7261,1307,100,8668,AirlineSite,Available,True,VALID,,,SINGLETON::OBS00140,False,,RETAINED_UNIQUE,True,
OBS00141,7607902d83b4,8100ad44f132,DEL,PNQ,6E,6E-381,2026-09-21,11:15,2026-09-05 09:00,16,T15(12-18),Economy Flexi,7389,1330,100,8819,EaseMyTrip,Available,True,VALID,,,SINGLETON::OBS00141,False,,RETAINED_UNIQUE,True,
OBS00142,e3246d8d2cb0,50750fd81b95,DEL,PNQ,6E,6E-381,2026-10-06,11:15,2026-09-05 09:00,31,T30(25-35),Economy Saver,4082,735,180,4997,AirlineSite,Available,True,VALID,,,SINGLETON::OBS00142,False,,RETAINED_UNIQUE,True,
OBS00143,cbdafee047b0,50750fd81b95,DEL,PNQ,6E,6E-381,2026-10-06,11:15,2026-09-05 09:00,31,T30(25-35),Economy Saver,4287,772,200,5259,MMT,Available,True,VALID,,,SINGLETON::OBS00143,False,,RETAINED_UNIQUE,True,
OBS00144,04db17722aa5,ee07df20eeb4,DEL,PNQ,6E,6E-381,2026-10-22,11:15,2026-09-05 09:00,47,T45(40-50),Economy Flexi,6532,1176,200,7908,Goibibo,Available,True,VALID,,,SINGLETON::OBS00144,False,,RETAINED_UNIQUE,True,
OBS00145,1e8c8232c72d,ee07df20eeb4,DEL,PNQ,6E,6E-381,2026-10-22,11:15,2026-09-05 09:00,47,T45(40-50),Economy Flexi,6989,1258,150,8397,EaseMyTrip,Available,True,VALID,,,SINGLETON::OBS00145,False,,RETAINED_UNIQUE,True,
OBS00146,bd0cb979d184,72635f6a0550,DEL,PNQ,AI,AI-851,2026-09-07,06:00,2026-09-05 09:00,2,T1(0-2),Economy Flexi,9819,1767,120,11706,Cleartrip,Available,True,VALID,,,SINGLETON::OBS00146,False,,RETAINED_UNIQUE,True,
OBS00147,b9bc4b7bdda7,7713d353215e,DEL,PNQ,AI,AI-851,2026-09-13,06:00,2026-09-05 09:00,8,T7(5-9),Economy Saver,5243,944,180,6367,MMT,Available,True,VALID,,,SINGLETON::OBS00147,False,,RETAINED_UNIQUE,True,
OBS00148,0657f576557e,41ad798c40cc,DEL,PNQ,AI,AI-851,2026-09-21,06:00,2026-09-05 09:00,16,T15(12-18),Economy Standard,6122,1102,180,7404,Cleartrip,Available,True,VALID,,,SINGLETON::OBS00148,False,,RETAINED_UNIQUE,True,
OBS00149,d9517d109dc9,e95996c1e9a8,DEL,PNQ,AI,AI-851,2026-09-21,06:00,2026-09-05 09:00,16,T15(12-18),Economy Saver,4862,875,200,5937,MMT,Available,True,VALID,,,SINGLETON::OBS00149,False,,RETAINED_UNIQUE,True,
OBS00150,42b7418f4889,cbdbb0deec9f,DEL,PNQ,AI,AI-851,2026-10-06,06:00,2026-09-05 09:00,31,T30(25-35),Economy Standard,5305,955,120,6380,EaseMyTrip,Available,True,VALID,,,SINGLETON::OBS00150,False,,RETAINED_UNIQUE,True,
OBS00151,fd2534e1d6f8,6ddcb673b16c,DEL,PNQ,AI,AI-851,2026-10-22,06:00,2026-09-05 09:00,47,T45(40-50),Economy Saver,4365,786,200,5351,MMT,Available,True,VALID,,,SINGLETON::OBS00151,False,,RETAINED_UNIQUE,True,
OBS00152,eb80f3ea1e39,ee07df20eeb4,DEL,PNQ,AI,AI-851,2026-10-22,06:00,2026-09-05 09:00,47,T45(40-50),Economy Flexi,6645,1196,150,7991,Goibibo,Available,True,VALID,,,SINGLETON::OBS00152,False,,RETAINED_UNIQUE,True,
OBS00153,c62dc22ae5f1,ee07df20eeb4,DEL,PNQ,AI,AI-851,2026-10-22,06:00,2026-09-05 09:00,47,T45(40-50),Economy Flexi,6798,1224,150,8172,AirlineSite,Available,True,VALID,,,SINGLETON::OBS00153,False,,RETAINED_UNIQUE,True,
OBS00154,5970dd70c20a,a8801d53a141,DEL,PNQ,QP,QP-1201,2026-09-07,21:45,2026-09-05 09:00,2,T1(0-2),Economy Saver,5862,1055,120,7037,Cleartrip,Available,True,VALID,,,SINGLETON::OBS00154,False,,RETAINED_UNIQUE,True,
OBS00155,15b7abbbcf3c,a8801d53a141,DEL,PNQ,QP,QP-1201,2026-09-07,21:45,2026-09-05 09:00,2,T1(0-2),Economy Saver,6432,1158,200,7790,EaseMyTrip,Available,True,VALID,,,SINGLETON::OBS00155,False,,RETAINED_UNIQUE,True,
OBS00156,d0118232d35d,72635f6a0550,DEL,PNQ,QP,QP-1201,2026-09-07,21:45,2026-09-05 09:00,2,T1(0-2),Economy Flexi,9739,1753,120,11612,Cleartrip,Available,True,VALID,,,SINGLETON::OBS00156,False,,RETAINED_UNIQUE,True,
OBS00157,0a6bb09d9ebc,cecf6a66f3ae,DEL,PNQ,QP,QP-1201,2026-09-13,21:45,2026-09-05 09:00,8,T7(5-9),Economy Flexi,8781,1581,180,10542,MMT,Available,True,VALID,,,SINGLETON::OBS00157,False,,RETAINED_UNIQUE,True,
OBS00158,5d336af5dac6,cecf6a66f3ae,DEL,PNQ,QP,QP-1201,2026-09-13,21:45,2026-09-05 09:00,8,T7(5-9),Economy Flexi,9068,1632,180,10880,Goibibo,Available,True,VALID,,,SINGLETON::OBS00158,False,,RETAINED_UNIQUE,True,
OBS00159,e4c3562a7a07,3b633c1887e2,DEL,PNQ,QP,QP-1201,2026-09-13,21:45,2026-09-05 09:00,8,T7(5-9),Economy Standard,6965,1254,100,8319,Goibibo,Available,True,VALID,,,SINGLETON::OBS00159,False,,RETAINED_UNIQUE,True,
OBS00160,a0fe4481a77f,3b633c1887e2,DEL,PNQ,QP,QP-1201,2026-09-13,21:45,2026-09-05 09:00,8,T7(5-9),Economy Standard,7341,1321,150,8812,Cleartrip,Available,True,VALID,,,SINGLETON::OBS00160,False,,RETAINED_UNIQUE,True,
OBS00161,e2620e86ed8a,8100ad44f132,DEL,PNQ,QP,QP-1201,2026-09-21,21:45,2026-09-05 09:00,16,T15(12-18),Economy Flexi,7300,1314,150,8764,Goibibo,Available,True,VALID,,,SINGLETON::OBS00161,False,,RETAINED_UNIQUE,True,
OBS00162,e257c5807b7d,8100ad44f132,DEL,PNQ,QP,QP-1201,2026-09-21,21:45,2026-09-05 09:00,16,T15(12-18),Economy Flexi,7153,1288,100,8541,AirlineSite,Available,True,VALID,,,SINGLETON::OBS00162,False,,RETAINED_UNIQUE,True,
OBS00163,66234b27a42a,41ad798c40cc,DEL,PNQ,QP,QP-1201,2026-09-21,21:45,2026-09-05 09:00,16,T15(12-18),Economy Standard,6093,1097,200,7390,EaseMyTrip,Available,True,VALID,,,SINGLETON::OBS00163,False,,RETAINED_UNIQUE,True,
OBS00164,ffb525f3f5b8,41ad798c40cc,DEL,PNQ,QP,QP-1201,2026-09-21,21:45,2026-09-05 09:00,16,T15(12-18),Economy Standard,5977,1076,100,7153,AirlineSite,Available,True,VALID,,,SINGLETON::OBS00164,False,,RETAINED_UNIQUE,True,
OBS00165,29a5dee6466f,bc619faaa108,DEL,PNQ,QP,QP-1201,2026-10-06,21:45,2026-09-05 09:00,31,T30(25-35),Economy Flexi,6749,1215,100,8064,EaseMyTrip,Available,True,VALID,,,SINGLETON::OBS00165,False,,RETAINED_UNIQUE,True,
OBS00166,626b8c19c6df,bc619faaa108,DEL,PNQ,QP,QP-1201,2026-10-06,21:45,2026-09-05 09:00,31,T30(25-35),Economy Flexi,6470,1165,200,7835,Goibibo,Available,True,VALID,,,SINGLETON::OBS00166,False,,RETAINED_UNIQUE,True,
OBS00167,2003e440dddc,8aecaccbbbb4,DEL,PNQ,QP,QP-1201,2026-10-22,21:45,2026-09-05 09:00,47,T45(40-50),Economy Standard,5200,936,200,6336,Goibibo,Available,True,VALID,,,SINGLETON::OBS00167,False,,RETAINED_UNIQUE,True,
OBS00168,15c469791830,8aecaccbbbb4,DEL,PNQ,QP,QP-1201,2026-10-22,21:45,2026-09-05 09:00,47,T45(40-50),Economy Standard,5616,1011,120,6747,AirlineSite,Available,True,VALID,,,SINGLETON::OBS00168,False,,RETAINED_UNIQUE,True,
OBS00169,e5479bc18a80,d13cabcaabdb,CCU,DEL,6E,6E-6120,2026-09-07,14:00,2026-09-05 09:00,2,T1(0-2),Economy Saver,6423,1156,120,7699,Goibibo,Available,True,VALID,,,SINGLETON::OBS00169,False,,RETAINED_UNIQUE,True,
OBS00170,90ac80933295,5ac7d7c9ad95,CCU,DEL,6E,6E-6120,2026-09-07,14:00,2026-09-05 09:00,2,T1(0-2),Economy Flexi,9585,1725,180,11490,Cleartrip,Available,True,VALID,,,SINGLETON::OBS00170,False,,RETAINED_UNIQUE,True,
OBS00171,4c00bf79c90e,5ac7d7c9ad95,CCU,DEL,6E,6E-6120,2026-09-07,14:00,2026-09-05 09:00,2,T1(0-2),Economy Flexi,10125,1823,120,12068,EaseMyTrip,Available,True,VALID,,,SINGLETON::OBS00171,False,,RETAINED_UNIQUE,True,
OBS00172,9adbc4d76962,66a9c71352cb,CCU,DEL,6E,6E-6120,2026-09-13,14:00,2026-09-05 09:00,8,T7(5-9),Economy Flexi,8978,1616,150,10744,MMT,Available,True,VALID,,,SINGLETON::OBS00172,False,,RETAINED_UNIQUE,True,
OBS00173,98f0fdabf7bf,66a9c71352cb,CCU,DEL,6E,6E-6120,2026-09-13,14:00,2026-09-05 09:00,8,T7(5-9),Economy Flexi,8900,1602,180,10682,EaseMyTrip,Available,True,VALID,,,SINGLETON::OBS00173,False,,RETAINED_UNIQUE,True,
OBS00174,5292a84ecc63,0d3ea7cf974f,CCU,DEL,6E,6E-6120,2026-09-13,14:00,2026-09-05 09:00,8,T7(5-9),Economy Saver,5690,1024,150,6864,EaseMyTrip,Available,True,VALID,,,SINGLETON::OBS00174,False,,RETAINED_UNIQUE,True,
OBS00175,0749178f539a,0d3ea7cf974f,CCU,DEL,6E,6E-6120,2026-09-13,14:00,2026-09-05 09:00,8,T7(5-9),Economy Saver,5638,1015,200,6853,Cleartrip,Available,True,VALID,,,SINGLETON::OBS00175,False,,RETAINED_UNIQUE,True,
OBS00176,ee15c9739858,ee6eb3659052,CCU,DEL,6E,6E-6120,2026-09-21,14:00,2026-09-05 09:00,16,T15(12-18),Economy Saver,4690,844,200,5734,Cleartrip,Available,True,VALID,,,SINGLETON::OBS00176,False,,RETAINED_UNIQUE,True,
OBS00177,fa2c336d6ffd,ee6eb3659052,CCU,DEL,6E,6E-6120,2026-09-21,14:00,2026-09-05 09:00,16,T15(12-18),Economy Saver,4609,830,150,5589,EaseMyTrip,Available,True,VALID,,,SINGLETON::OBS00177,False,,RETAINED_UNIQUE,True,
OBS00178,1e268275b220,6766c135b14d,CCU,DEL,6E,6E-6120,2026-09-21,14:00,2026-09-05 09:00,16,T15(12-18),Economy Standard,6042,1088,120,7250,MMT,Available,True,VALID,,,SINGLETON::OBS00178,False,,RETAINED_UNIQUE,True,
OBS00179,e8e6a8c6d4f0,99de94a5d6c1,CCU,DEL,6E,6E-6120,2026-10-06,14:00,2026-09-05 09:00,31,T30(25-35),Economy Saver,4447,800,120,5367,Goibibo,Available,True,VALID,,,SINGLETON::OBS00179,False,,RETAINED_UNIQUE,True,
OBS00180,28f627c5fee8,99de94a5d6c1,CCU,DEL,6E,6E-6120,2026-10-06,14:00,2026-09-05 09:00,31,T30(25-35),Economy Saver,4240,763,100,5103,EaseMyTrip,Available,True,VALID,,,SINGLETON::OBS00180,False,,RETAINED_UNIQUE,True,
OBS00181,e1fe0f42a3c8,c0ab8ad7dc38,CCU,DEL,6E,6E-6120,2026-10-06,14:00,2026-09-05 09:00,31,T30(25-35),Economy Standard,5705,1027,150,6882,EaseMyTrip,Available,True,VALID,,,SINGLETON::OBS00181,False,,RETAINED_UNIQUE,True,
OBS00182,7e9008c1d862,39b508ae3da0,CCU,DEL,6E,6E-6120,2026-10-22,14:00,2026-09-05 09:00,47,T45(40-50),Economy Standard,5676,1022,100,6798,EaseMyTrip,Available,True,VALID,,,SINGLETON::OBS00182,False,,RETAINED_UNIQUE,True,
OBS00183,73005978047a,d13cabcaabdb,CCU,DEL,AI,AI-701,2026-09-07,09:45,2026-09-05 09:00,2,T1(0-2),Economy Saver,6226,1121,180,7527,Cleartrip,Available,True,VALID,,,SINGLETON::OBS00183,False,,RETAINED_UNIQUE,True,
OBS00184,98256aaa1cbd,d13cabcaabdb,CCU,DEL,AI,AI-701,2026-09-07,09:45,2026-09-05 09:00,2,T1(0-2),Economy Saver,6242,1124,150,7516,EaseMyTrip,Available,True,VALID,,,SINGLETON::OBS00184,False,,RETAINED_UNIQUE,True,
OBS00185,e321e5aba091,98b5b77bbda0,CCU,DEL,AI,AI-701,2026-09-13,09:45,2026-09-05 09:00,8,T7(5-9),Economy Standard,6787,1222,150,8159,EaseMyTrip,Available,True,VALID,,,SINGLETON::OBS00185,False,,RETAINED_UNIQUE,True,
OBS00186,ba25d97828f1,66a9c71352cb,CCU,DEL,AI,AI-701,2026-09-13,09:45,2026-09-05 09:00,8,T7(5-9),Economy Flexi,8609,1550,100,10259,AirlineSite,Available,True,VALID,,,SINGLETON::OBS00186,False,,RETAINED_UNIQUE,True,
OBS00187,1208e41f40fa,6766c135b14d,CCU,DEL,AI,AI-701,2026-09-21,09:45,2026-09-05 09:00,16,T15(12-18),Economy Standard,6239,1123,100,7462,Cleartrip,Available,True,VALID,,,SINGLETON::OBS00187,False,,RETAINED_UNIQUE,True,
OBS00188,6ef273e79506,99de94a5d6c1,CCU,DEL,AI,AI-701,2026-10-06,09:45,2026-09-05 09:00,31,T30(25-35),Economy Saver,4093,737,200,5030,Cleartrip,Available,True,VALID,,,SINGLETON::OBS00188,False,,RETAINED_UNIQUE,True,
OBS00189,14f7b9a6c2ae,99de94a5d6c1,CCU,DEL,AI,AI-701,2026-10-06,09:45,2026-09-05 09:00,31,T30(25-35),Economy Saver,4205,757,120,5082,Goibibo,Available,True,VALID,,,SINGLETON::OBS00189,False,,RETAINED_UNIQUE,True,
OBS00190,12c04144d7a1,c0ab8ad7dc38,CCU,DEL,AI,AI-701,2026-10-06,09:45,2026-09-05 09:00,31,T30(25-35),Economy Standard,5227,941,180,6348,MMT,Available,True,VALID,,,SINGLETON::OBS00190,False,,RETAINED_UNIQUE,True,
OBS00191,6a22aaa931ff,39b508ae3da0,CCU,DEL,AI,AI-701,2026-10-22,09:45,2026-09-05 09:00,47,T45(40-50),Economy Standard,5433,978,150,6561,MMT,Available,True,VALID,,,SINGLETON::OBS00191,False,,RETAINED_UNIQUE,True,
OBS00192,472e64e0e9de,67cf434e00d8,CCU,DEL,SG,SG-988,2026-09-07,19:30,2026-09-05 09:00,2,T1(0-2),Economy Standard,7575,1363,150,9088,EaseMyTrip,Available,True,VALID,,,SINGLETON::OBS00192,False,,RETAINED_UNIQUE,True,
OBS00193,3b7d8124d754,67cf434e00d8,CCU,DEL,SG,SG-988,2026-09-07,19:30,2026-09-05 09:00,2,T1(0-2),Economy Standard,8290,1492,150,9932,MMT,Available,True,VALID,,,SINGLETON::OBS00193,False,,RETAINED_UNIQUE,True,
OBS00194,0951b9ad44f7,66a9c71352cb,CCU,DEL,SG,SG-988,2026-09-13,19:30,2026-09-05 09:00,8,T7(5-9),Economy Flexi,9094,1637,180,10911,Cleartrip,Available,True,VALID,,,SINGLETON::OBS00194,False,,RETAINED_UNIQUE,True,
OBS00195,5484bf5c370a,66a9c71352cb,CCU,DEL,SG,SG-988,2026-09-13,19:30,2026-09-05 09:00,8,T7(5-9),Economy Flexi,8328,1499,180,10007,MMT,Available,True,VALID,,,SINGLETON::OBS00195,False,,RETAINED_UNIQUE,True,
OBS00196,10c053c8b212,98b5b77bbda0,CCU,DEL,SG,SG-988,2026-09-13,19:30,2026-09-05 09:00,8,T7(5-9),Economy Standard,7436,1338,150,8924,EaseMyTrip,Available,True,VALID,,,SINGLETON::OBS00196,False,,RETAINED_UNIQUE,True,
OBS00197,7cec5f9f3692,98b5b77bbda0,CCU,DEL,SG,SG-988,2026-09-13,19:30,2026-09-05 09:00,8,T7(5-9),Economy Standard,6755,1216,180,8151,Cleartrip,Available,True,VALID,,,SINGLETON::OBS00197,False,,RETAINED_UNIQUE,True,
OBS00198,9a334d78d821,ee6eb3659052,CCU,DEL,SG,SG-988,2026-09-21,19:30,2026-09-05 09:00,16,T15(12-18),Economy Saver,4716,849,150,5715,Cleartrip,Available,True,VALID,,,SINGLETON::OBS00198,False,,RETAINED_UNIQUE,True,
OBS00199,1c0dc3a137f5,ee6eb3659052,CCU,DEL,SG,SG-988,2026-09-21,19:30,2026-09-05 09:00,16,T15(12-18),Economy Saver,4536,817,120,5473,MMT,Available,True,VALID,,,SINGLETON::OBS00199,False,,RETAINED_UNIQUE,True,
OBS00200,a3ee8d5b6139,5aee393e7286,CCU,DEL,SG,SG-988,2026-09-21,19:30,2026-09-05 09:00,16,T15(12-18),Economy Flexi,7625,1373,100,9098,MMT,Available,True,VALID,,,SINGLETON::OBS00200,False,,RETAINED_UNIQUE,True,
OBS00201,34687d92014c,5aee393e7286,CCU,DEL,SG,SG-988,2026-09-21,19:30,2026-09-05 09:00,16,T15(12-18),Economy Flexi,7194,1295,180,8669,AirlineSite,Available,True,VALID,,,SINGLETON::OBS00201,False,,RETAINED_UNIQUE,True,
OBS00202,305bbd37cd1b,79b9e579444a,CCU,DEL,SG,SG-988,2026-10-06,19:30,2026-09-05 09:00,31,T30(25-35),Economy Flexi,6936,1249,150,8335,MMT,Available,True,VALID,,,SINGLETON::OBS00202,False,,RETAINED_UNIQUE,True,
OBS00203,37291ffbf9d9,79b9e579444a,CCU,DEL,SG,SG-988,2026-10-06,19:30,2026-09-05 09:00,31,T30(25-35),Economy Flexi,6829,1229,120,8178,AirlineSite,Available,True,VALID,,,SINGLETON::OBS00203,False,,RETAINED_UNIQUE,True,
OBS00204,b3c15bb93c01,186a26c23ec1,CCU,DEL,SG,SG-988,2026-10-22,19:30,2026-09-05 09:00,47,T45(40-50),Economy Saver,4381,789,150,5320,EaseMyTrip,Available,True,VALID,,,SINGLETON::OBS00204,False,,RETAINED_UNIQUE,True,
OBS00205,8f4f73400d44,186a26c23ec1,CCU,DEL,SG,SG-988,2026-10-22,19:30,2026-09-05 09:00,47,T45(40-50),Economy Saver,4416,795,180,5391,Cleartrip,Available,True,VALID,,,SINGLETON::OBS00205,False,,RETAINED_UNIQUE,True,
OBS00206,1ac14303295b,a6fea363471c,AMD,DEL,6E,6E-205,2026-09-07,14:30,2026-09-05 09:00,2,T1(0-2),Economy Standard,8107,1459,120,9686,MMT,Available,True,VALID,,,SINGLETON::OBS00206,False,,RETAINED_UNIQUE,True,
OBS00207,d53ade09746c,028a92b5a9d0,AMD,DEL,6E,6E-205,2026-09-13,14:30,2026-09-05 09:00,8,T7(5-9),Economy Flexi,8249,1485,200,9934,Goibibo,Available,True,VALID,,,SINGLETON::OBS00207,False,,RETAINED_UNIQUE,True,
OBS00208,c7906c608f35,7165fcb4c97e,AMD,DEL,6E,6E-205,2026-09-13,14:30,2026-09-05 09:00,8,T7(5-9),Economy Standard,6998,1260,150,8408,Goibibo,Available,True,VALID,,,SINGLETON::OBS00208,False,,RETAINED_UNIQUE,True,
OBS00209,9e685b52821c,27147b7bd42b,AMD,DEL,6E,6E-205,2026-09-21,14:30,2026-09-05 09:00,16,T15(12-18),Economy Flexi,7312,1316,200,8828,MMT,Available,True,VALID,,,SINGLETON::OBS00209,False,,RETAINED_UNIQUE,True,
OBS00210,a6f6119f2ef9,b5e48fb905f6,AMD,DEL,6E,6E-205,2026-09-21,14:30,2026-09-05 09:00,16,T15(12-18),Economy Standard,6087,1096,180,7363,EaseMyTrip,Available,True,VALID,,,SINGLETON::OBS00210,False,,RETAINED_UNIQUE,True,
OBS00211,04e9d12370ff,b5e48fb905f6,AMD,DEL,6E,6E-205,2026-09-21,14:30,2026-09-05 09:00,16,T15(12-18),Economy Standard,6243,1124,150,7517,MMT,Available,True,VALID,,,SINGLETON::OBS00211,False,,RETAINED_UNIQUE,True,
OBS00212,ca19dc1abd94,a6c28196d934,AMD,DEL,6E,6E-205,2026-10-06,14:30,2026-09-05 09:00,31,T30(25-35),Economy Saver,4160,749,180,5089,AirlineSite,Available,True,VALID,,,SINGLETON::OBS00212,False,,RETAINED_UNIQUE,True,
OBS00213,ff7299a3a8dd,6f6bb31ace4e,AMD,DEL,6E,6E-205,2026-10-06,14:30,2026-09-05 09:00,31,T30(25-35),Economy Flexi,6491,1168,200,7859,AirlineSite,Available,True,VALID,,,SINGLETON::OBS00213,False,,RETAINED_UNIQUE,True,
OBS00214,2fc073393138,9159d104c86d,AMD,DEL,6E,6E-205,2026-10-22,14:30,2026-09-05 09:00,47,T45(40-50),Economy Standard,5501,990,120,6611,Cleartrip,Available,True,VALID,,,SINGLETON::OBS00214,False,,RETAINED_UNIQUE,True,
OBS00215,3b05a355ab34,9159d104c86d,AMD,DEL,6E,6E-205,2026-10-22,14:30,2026-09-05 09:00,47,T45(40-50),Economy Standard,5662,1019,100,6781,Goibibo,Available,True,VALID,,,SINGLETON::OBS00215,False,,RETAINED_UNIQUE,True,
OBS00216,cf79c06b001b,431253c1f0ec,AMD,DEL,AI,AI-18,2026-09-07,20:45,2026-09-05 09:00,2,T1(0-2),Economy Saver,6117,1101,120,7338,Goibibo,Available,True,VALID,,,SINGLETON::OBS00216,False,,RETAINED_UNIQUE,True,
OBS00217,ec758f3cb275,a6fea363471c,AMD,DEL,AI,AI-18,2026-09-07,20:45,2026-09-05 09:00,2,T1(0-2),Economy Standard,7943,1430,150,9523,AirlineSite,Available,True,VALID,,,SINGLETON::OBS00217,False,,RETAINED_UNIQUE,True,
OBS00218,6590873f538f,a6fea363471c,AMD,DEL,AI,AI-18,2026-09-07,20:45,2026-09-05 09:00,2,T1(0-2),Economy Standard,7564,1362,150,9076,Cleartrip,Available,True,VALID,,,SINGLETON::OBS00218,False,,RETAINED_UNIQUE,True,
OBS00219,362373007f8d,ef482708ca5e,AMD,DEL,AI,AI-18,2026-09-13,20:45,2026-09-05 09:00,8,T7(5-9),Economy Saver,5592,1007,200,6799,AirlineSite,Available,True,VALID,,,SINGLETON::OBS00219,False,,RETAINED_UNIQUE,True,
OBS00220,005597b19e57,ef482708ca5e,AMD,DEL,AI,AI-18,2026-09-13,20:45,2026-09-05 09:00,8,T7(5-9),Economy Saver,5772,1039,100,6911,MMT,Available,True,VALID,,,SINGLETON::OBS00220,False,,RETAINED_UNIQUE,True,
OBS00221,119385109302,0d6e5e42b899,AMD,DEL,AI,AI-18,2026-09-21,20:45,2026-09-05 09:00,16,T15(12-18),Economy Saver,4819,867,200,5886,AirlineSite,Available,True,VALID,,,SINGLETON::OBS00221,False,,RETAINED_UNIQUE,True,
OBS00222,9accc9e3c6f4,27147b7bd42b,AMD,DEL,AI,AI-18,2026-09-21,20:45,2026-09-05 09:00,16,T15(12-18),Economy Flexi,7126,1283,120,8529,EaseMyTrip,Available,True,VALID,,,SINGLETON::OBS00222,False,,RETAINED_UNIQUE,True,
OBS00223,32aac1ce45ec,a6c28196d934,AMD,DEL,AI,AI-18,2026-10-06,20:45,2026-09-05 09:00,31,T30(25-35),Economy Saver,4259,767,120,5146,MMT,Available,True,VALID,,,SINGLETON::OBS00223,False,,RETAINED_UNIQUE,True,
OBS00224,33dbbea14d74,a6c28196d934,AMD,DEL,AI,AI-18,2026-10-06,20:45,2026-09-05 09:00,31,T30(25-35),Economy Saver,4078,734,100,4912,EaseMyTrip,Available,True,VALID,,,SINGLETON::OBS00224,False,,RETAINED_UNIQUE,True,
OBS00225,46a29e9a21d6,6f6bb31ace4e,AMD,DEL,AI,AI-18,2026-10-06,20:45,2026-09-05 09:00,31,T30(25-35),Economy Flexi,6572,1183,120,7875,AirlineSite,Available,True,VALID,,,SINGLETON::OBS00225,False,,RETAINED_UNIQUE,True,
OBS00226,36781272a7f5,bba378b16813,AMD,DEL,AI,AI-18,2026-10-22,20:45,2026-09-05 09:00,47,T45(40-50),Economy Saver,4344,782,200,5326,AirlineSite,Available,True,VALID,,,SINGLETON::OBS00226,False,,RETAINED_UNIQUE,True,
OBS00227,d9c44fb91594,bba378b16813,AMD,DEL,AI,AI-18,2026-10-22,20:45,2026-09-05 09:00,47,T45(40-50),Economy Saver,4080,734,100,4914,MMT,Available,True,VALID,,,SINGLETON::OBS00227,False,,RETAINED_UNIQUE,True,
OBS00228,742708257b36,7f59c7c77479,AMD,DEL,AI,AI-18,2026-10-22,20:45,2026-09-05 09:00,47,T45(40-50),Economy Flexi,6675,1201,100,7976,Goibibo,Available,True,VALID,,,SINGLETON::OBS00228,False,,RETAINED_UNIQUE,True,
OBS00229,3d3f379bcc64,7f59c7c77479,AMD,DEL,AI,AI-18,2026-10-22,20:45,2026-09-05 09:00,47,T45(40-50),Economy Flexi,6634,1194,120,7948,Cleartrip,Available,True,VALID,,,SINGLETON::OBS00229,False,,RETAINED_UNIQUE,True,
OBS00230,c4a23f198d1e,1b573d75be95,AMD,DEL,IX,IX-340,2026-09-07,06:30,2026-09-05 09:00,2,T1(0-2),Economy Flexi,9998,1800,180,11978,Goibibo,Available,True,VALID,,,SINGLETON::OBS00230,False,,RETAINED_UNIQUE,True,
OBS00231,c53befdefbf6,431253c1f0ec,AMD,DEL,IX,IX-340,2026-09-07,06:30,2026-09-05 09:00,2,T1(0-2),Economy Saver,6280,1130,180,7590,Goibibo,Available,True,VALID,,,SINGLETON::OBS00231,False,,RETAINED_UNIQUE,True,
OBS00232,d2069eec275f,ef482708ca5e,AMD,DEL,IX,IX-340,2026-09-13,06:30,2026-09-05 09:00,8,T7(5-9),Economy Saver,5277,950,150,6377,EaseMyTrip,Available,True,VALID,,,SINGLETON::OBS00232,False,,RETAINED_UNIQUE,True,
OBS00233,e49bac0877f8,ef482708ca5e,AMD,DEL,IX,IX-340,2026-09-13,06:30,2026-09-05 09:00,8,T7(5-9),Economy Saver,5582,1005,200,6787,MMT,Available,True,VALID,,,SINGLETON::OBS00233,False,,RETAINED_UNIQUE,True,
OBS00234,3ce0db873817,b5e48fb905f6,AMD,DEL,IX,IX-340,2026-09-21,06:30,2026-09-05 09:00,16,T15(12-18),Economy Standard,5761,1037,100,6898,EaseMyTrip,Available,True,VALID,,,SINGLETON::OBS00234,False,,RETAINED_UNIQUE,True,
OBS00235,ff1095c17acf,b5e48fb905f6,AMD,DEL,IX,IX-340,2026-09-21,06:30,2026-09-05 09:00,16,T15(12-18),Economy Standard,6209,1118,200,7527,Goibibo,Available,True,VALID,,,SINGLETON::OBS00235,False,,RETAINED_UNIQUE,True,
OBS00236,925be7f8cbdd,27147b7bd42b,AMD,DEL,IX,IX-340,2026-09-21,06:30,2026-09-05 09:00,16,T15(12-18),Economy Flexi,7297,1314,120,8731,Goibibo,Available,True,VALID,,,SINGLETON::OBS00236,False,,RETAINED_UNIQUE,True,
OBS00237,18e72b182ca4,891219931103,AMD,DEL,IX,IX-340,2026-10-06,06:30,2026-09-05 09:00,31,T30(25-35),Economy Standard,5353,963,150,6466,Goibibo,Available,True,VALID,,,SINGLETON::OBS00237,False,,RETAINED_UNIQUE,True,
OBS00238,8892facab5f9,891219931103,AMD,DEL,IX,IX-340,2026-10-06,06:30,2026-09-05 09:00,31,T30(25-35),Economy Standard,5543,998,150,6691,AirlineSite,Available,True,VALID,,,SINGLETON::OBS00238,False,,RETAINED_UNIQUE,True,
OBS00239,5ea03de8f1e3,6f6bb31ace4e,AMD,DEL,IX,IX-340,2026-10-06,06:30,2026-09-05 09:00,31,T30(25-35),Economy Flexi,6380,1148,100,7628,Goibibo,Available,True,VALID,,,SINGLETON::OBS00239,False,,RETAINED_UNIQUE,True,
OBS00240,f24cec7bf807,9159d104c86d,AMD,DEL,IX,IX-340,2026-10-22,06:30,2026-09-05 09:00,47,T45(40-50),Economy Standard,5622,1012,200,6834,Cleartrip,Available,True,VALID,,,SINGLETON::OBS00240,False,,RETAINED_UNIQUE,True,
OBS00241,038407bf7d64,e0a68d45346c,DEL,MAA,6E,6E-843,2026-09-07,06:30,2026-09-05 09:00,2,T1(0-2),Economy Standard,8275,1490,200,9965,Goibibo,Available,True,VALID,,,SINGLETON::OBS00241,False,,RETAINED_UNIQUE,True,
OBS00242,6be8a9fe917c,e0a68d45346c,DEL,MAA,6E,6E-843,2026-09-07,06:30,2026-09-05 09:00,2,T1(0-2),Economy Standard,7761,1397,100,9258,AirlineSite,Available,True,VALID,,,SINGLETON::OBS00242,False,,RETAINED_UNIQUE,True,
OBS00243,5fa142c746af,ee44d40bf2b6,DEL,MAA,6E,6E-843,2026-09-13,06:30,2026-09-05 09:00,8,T7(5-9),Economy Saver,5433,978,200,6611,MMT,Available,True,VALID,,,SINGLETON::OBS00243,False,,RETAINED_UNIQUE,True,
OBS00244,50272e47b95d,ee44d40bf2b6,DEL,MAA,6E,6E-843,2026-09-13,06:30,2026-09-05 09:00,8,T7(5-9),Economy Saver,5442,980,150,6572,AirlineSite,Available,True,VALID,,,SINGLETON::OBS00244,False,,RETAINED_UNIQUE,True,
OBS00245,0f62ff4950e2,4bd4dbfe8e74,DEL,MAA,6E,6E-843,2026-09-21,06:30,2026-09-05 09:00,16,T15(12-18),Economy Standard,6254,1126,150,7530,EaseMyTrip,Available,True,VALID,,,SINGLETON::OBS00245,False,,RETAINED_UNIQUE,True,
OBS00246,282287b24ed6,21dfb4be435a,DEL,MAA,6E,6E-843,2026-10-06,06:30,2026-09-05 09:00,31,T30(25-35),Economy Saver,4179,752,120,5051,Cleartrip,Available,True,VALID,,,SINGLETON::OBS00246,False,,RETAINED_UNIQUE,True,
OBS00247,b74d82046eed,21dfb4be435a,DEL,MAA,6E,6E-843,2026-10-06,06:30,2026-09-05 09:00,31,T30(25-35),Economy Saver,4397,792,200,5389,EaseMyTrip,Available,True,VALID,,,SINGLETON::OBS00247,False,,RETAINED_UNIQUE,True,
OBS00248,517c94c87afb,0c93f429168e,DEL,MAA,6E,6E-843,2026-10-22,06:30,2026-09-05 09:00,47,T45(40-50),Economy Saver,4345,782,120,5247,AirlineSite,Available,True,VALID,,,SINGLETON::OBS00248,False,,RETAINED_UNIQUE,True,
OBS00249,e6d0ba0e6579,8a62b318ee2c,DEL,MAA,6E,6E-843,2026-10-22,06:30,2026-09-05 09:00,47,T45(40-50),Economy Flexi,6561,1181,150,7892,Goibibo,Available,True,VALID,,,SINGLETON::OBS00249,False,,RETAINED_UNIQUE,True,
OBS00250,6dab8aca20d4,8a62b318ee2c,DEL,MAA,6E,6E-843,2026-10-22,06:30,2026-09-05 09:00,47,T45(40-50),Economy Flexi,6542,1178,150,7870,EaseMyTrip,Available,True,VALID,,,SINGLETON::OBS00250,False,,RETAINED_UNIQUE,True,
OBS00251,fef7b2ab2ae1,493c266cc949,DEL,MAA,AI,AI-542,2026-09-07,07:00,2026-09-05 09:00,2,T1(0-2),Economy Saver,6012,1082,180,7274,AirlineSite,Available,True,VALID,,,SINGLETON::OBS00251,False,,RETAINED_UNIQUE,True,
OBS00252,28627ff6e386,6a5d368858ba,DEL,MAA,AI,AI-542,2026-09-13,07:00,2026-09-05 09:00,8,T7(5-9),Economy Flexi,8885,1599,100,10584,Cleartrip,Available,True,VALID,,,SINGLETON::OBS00252,False,,RETAINED_UNIQUE,True,
OBS00253,2c23edb9a892,6a5d368858ba,DEL,MAA,AI,AI-542,2026-09-13,07:00,2026-09-05 09:00,8,T7(5-9),Economy Flexi,8533,1536,100,10169,MMT,Available,True,VALID,,,SINGLETON::OBS00253,False,,RETAINED_UNIQUE,True,
OBS00254,c3bee7d3760c,4448fb514f7d,DEL,MAA,AI,AI-542,2026-09-13,07:00,2026-09-05 09:00,8,T7(5-9),Economy Standard,7109,1280,150,8539,EaseMyTrip,Available,True,VALID,,,SINGLETON::OBS00254,False,,RETAINED_UNIQUE,True,
OBS00255,f5663fda1906,4448fb514f7d,DEL,MAA,AI,AI-542,2026-09-13,07:00,2026-09-05 09:00,8,T7(5-9),Economy Standard,6771,1219,180,8170,Goibibo,Available,True,VALID,,,SINGLETON::OBS00255,False,,RETAINED_UNIQUE,True,
OBS00256,6ccfe9989663,9000dae36bb3,DEL,MAA,AI,AI-542,2026-09-21,07:00,2026-09-05 09:00,16,T15(12-18),Economy Saver,4872,877,120,5869,Cleartrip,Available,True,VALID,,,SINGLETON::OBS00256,False,,RETAINED_UNIQUE,True,
OBS00257,9df80e15270c,092ba413c235,DEL,MAA,AI,AI-542,2026-10-06,07:00,2026-09-05 09:00,31,T30(25-35),Economy Standard,5453,981,180,6614,AirlineSite,Available,True,VALID,,,SINGLETON::OBS00257,False,,RETAINED_UNIQUE,True,
OBS00258,ed90c3dd32ce,7e03355123df,DEL,MAA,AI,AI-542,2026-10-06,07:00,2026-09-05 09:00,31,T30(25-35),Economy Flexi,6587,1186,120,7893,MMT,Available,True,VALID,,,SINGLETON::OBS00258,False,,RETAINED_UNIQUE,True,
OBS00259,89e373304d9a,0c93f429168e,DEL,MAA,AI,AI-542,2026-10-22,07:00,2026-09-05 09:00,47,T45(40-50),Economy Saver,4040,727,100,4867,Goibibo,Available,True,VALID,,,SINGLETON::OBS00259,False,,RETAINED_UNIQUE,True,
OBS00260,5493fd1bced7,61c8f40b5dd6,DEL,MAA,AI,AI-542,2026-10-22,07:00,2026-09-05 09:00,47,T45(40-50),Economy Standard,5494,989,180,6663,EaseMyTrip,Available,True,VALID,,,SINGLETON::OBS00260,False,,RETAINED_UNIQUE,True,
OBS00261,4cd1cc913f42,61c8f40b5dd6,DEL,MAA,AI,AI-542,2026-10-22,07:00,2026-09-05 09:00,47,T45(40-50),Economy Standard,5340,961,180,6481,Goibibo,Available,True,VALID,,,SINGLETON::OBS00261,False,,RETAINED_UNIQUE,True,
OBS00262,b3bae5dfe3e3,2ab87310058e,DEL,MAA,IX,IX-621,2026-09-07,05:30,2026-09-05 09:00,2,T1(0-2),Economy Flexi,9605,1729,100,11434,Cleartrip,Available,True,VALID,,,SINGLETON::OBS00262,False,,RETAINED_UNIQUE,True,
OBS00263,84a50309ac6b,2ab87310058e,DEL,MAA,IX,IX-621,2026-09-07,05:30,2026-09-05 09:00,2,T1(0-2),Economy Flexi,9420,1696,200,11316,AirlineSite,Available,True,VALID,,,SINGLETON::OBS00263,False,,RETAINED_UNIQUE,True,
OBS00264,a3220aa21b11,6a5d368858ba,DEL,MAA,IX,IX-621,2026-09-13,05:30,2026-09-05 09:00,8,T7(5-9),Economy Flexi,8427,1517,120,10064,Cleartrip,Available,True,VALID,,,SINGLETON::OBS00264,False,,RETAINED_UNIQUE,True,
OBS00265,7dc552d9cc60,6a5d368858ba,DEL,MAA,IX,IX-621,2026-09-13,05:30,2026-09-05 09:00,8,T7(5-9),Economy Flexi,8302,1494,100,9896,EaseMyTrip,Available,True,VALID,,,SINGLETON::OBS00265,False,,RETAINED_UNIQUE,True,
OBS00266,5d730ade780f,ee44d40bf2b6,DEL,MAA,IX,IX-621,2026-09-13,05:30,2026-09-05 09:00,8,T7(5-9),Economy Saver,5433,978,120,6531,Cleartrip,Available,True,VALID,,,SINGLETON::OBS00266,False,,RETAINED_UNIQUE,True,
OBS00267,a39735ab64b0,9000dae36bb3,DEL,MAA,IX,IX-621,2026-09-21,05:30,2026-09-05 09:00,16,T15(12-18),Economy Saver,4526,815,200,5541,Cleartrip,Available,True,VALID,,,SINGLETON::OBS00267,False,,RETAINED_UNIQUE,True,
OBS00268,bc867c64693a,7e03355123df,DEL,MAA,IX,IX-621,2026-10-06,05:30,2026-09-05 09:00,31,T30(25-35),Economy Flexi,6964,1253,180,8397,MMT,Available,True,VALID,,,SINGLETON::OBS00268,False,,RETAINED_UNIQUE,True,
OBS00269,3f60858b5e9c,8a62b318ee2c,DEL,MAA,IX,IX-621,2026-10-22,05:30,2026-09-05 09:00,47,T45(40-50),Economy Flexi,6626,1193,180,7999,Cleartrip,Available,True,VALID,,,SINGLETON::OBS00269,False,,RETAINED_UNIQUE,True,
OBS00270,3941372f016d,8a62b318ee2c,DEL,MAA,IX,IX-621,2026-10-22,05:30,2026-09-05 09:00,47,T45(40-50),Economy Flexi,6628,1193,150,7971,MMT,Available,True,VALID,,,SINGLETON::OBS00270,False,,RETAINED_UNIQUE,True,
OBS00271,ce607e645146,61c8f40b5dd6,DEL,MAA,IX,IX-621,2026-10-22,05:30,2026-09-05 09:00,47,T45(40-50),Economy Standard,5374,967,100,6441,EaseMyTrip,Available,True,VALID,,,SINGLETON::OBS00271,False,,RETAINED_UNIQUE,True,
OBS00272,2d120dc587cc,61c8f40b5dd6,DEL,MAA,IX,IX-621,2026-10-22,05:30,2026-09-05 09:00,47,T45(40-50),Economy Standard,5352,963,180,6495,AirlineSite,Available,True,VALID,,,SINGLETON::OBS00272,False,,RETAINED_UNIQUE,True,
OBS00273,e0a4dfca8819,e1a56258a3a8,BOM,HYD,6E,6E-631,2026-09-07,06:00,2026-09-05 09:00,2,T1(0-2),Economy Standard,7982,1437,180,9599,EaseMyTrip,Available,True,VALID,,,SINGLETON::OBS00273,False,,RETAINED_UNIQUE,True,
OBS00274,c4325d5d54b8,b1510a4167ab,BOM,HYD,6E,6E-631,2026-09-07,06:00,2026-09-05 09:00,2,T1(0-2),Economy Saver,6120,1102,200,7422,EaseMyTrip,Available,True,VALID,,,SINGLETON::OBS00274,False,,RETAINED_UNIQUE,True,
OBS00275,7328a5999beb,b1510a4167ab,BOM,HYD,6E,6E-631,2026-09-07,06:00,2026-09-05 09:00,2,T1(0-2),Economy Saver,6243,1124,150,7517,AirlineSite,Available,True,VALID,,,SINGLETON::OBS00275,False,,RETAINED_UNIQUE,True,
OBS00276,04a144384112,0b6acd0827ae,BOM,HYD,6E,6E-631,2026-09-13,06:00,2026-09-05 09:00,8,T7(5-9),Economy Flexi,8326,1499,150,9975,Goibibo,Available,True,VALID,,,SINGLETON::OBS00276,False,,RETAINED_UNIQUE,True,
OBS00277,c012adc9a1af,07ded1f87ed1,BOM,HYD,6E,6E-631,2026-09-13,06:00,2026-09-05 09:00,8,T7(5-9),Economy Saver,5594,1007,100,6701,EaseMyTrip,Available,True,VALID,,,SINGLETON::OBS00277,False,,RETAINED_UNIQUE,True,
OBS00278,b6f94152c2bd,6be000ebcf7f,BOM,HYD,6E,6E-631,2026-09-21,06:00,2026-09-05 09:00,16,T15(12-18),Economy Flexi,7234,1302,150,8686,Goibibo,Available,True,VALID,,,SINGLETON::OBS00278,False,,RETAINED_UNIQUE,True,
OBS00279,8f3118595604,6be000ebcf7f,BOM,HYD,6E,6E-631,2026-09-21,06:00,2026-09-05 09:00,16,T15(12-18),Economy Flexi,7251,1305,150,8706,MMT,Available,True,VALID,,,SINGLETON::OBS00279,False,,RETAINED_UNIQUE,True,
OBS00280,8d813650b474,f2c7461dedfd,BOM,HYD,6E,6E-631,2026-10-06,06:00,2026-09-05 09:00,31,T30(25-35),Economy Flexi,6398,1152,180,7730,AirlineSite,Available,True,VALID,,,SINGLETON::OBS00280,False,,RETAINED_UNIQUE,True,
OBS00281,0211faebb35b,f2c7461dedfd,BOM,HYD,6E,6E-631,2026-10-06,06:00,2026-09-05 09:00,31,T30(25-35),Economy Flexi,6524,1174,200,7898,Cleartrip,Available,True,VALID,,,SINGLETON::OBS00281,False,,RETAINED_UNIQUE,True,
OBS00282,6898f064c5d5,8b9340ffa3a8,BOM,HYD,6E,6E-631,2026-10-22,06:00,2026-09-05 09:00,47,T45(40-50),Economy Standard,5542,998,150,6690,EaseMyTrip,Available,True,VALID,,,SINGLETON::OBS00282,False,,RETAINED_UNIQUE,True,
OBS00283,1108a0c8c016,c18a720e241c,BOM,HYD,AI,AI-619,2026-09-07,14:45,2026-09-05 09:00,2,T1(0-2),Economy Flexi,9722,1750,150,11622,Cleartrip,Available,True,VALID,,,SINGLETON::OBS00283,False,,RETAINED_UNIQUE,True,
OBS00284,5613e149e3c3,0b6acd0827ae,BOM,HYD,AI,AI-619,2026-09-13,14:45,2026-09-05 09:00,8,T7(5-9),Economy Flexi,8673,1561,100,10334,Goibibo,Available,True,VALID,,,SINGLETON::OBS00284,False,,RETAINED_UNIQUE,True,
OBS00285,5ca12c8542d4,bf0aff4e778d,BOM,HYD,AI,AI-619,2026-09-21,14:45,2026-09-05 09:00,16,T15(12-18),Economy Standard,6265,1128,180,7573,Cleartrip,Available,True,VALID,,,SINGLETON::OBS00285,False,,RETAINED_UNIQUE,True,
OBS00286,e93fb1e04c07,d9f3b2bd0ed3,BOM,HYD,AI,AI-619,2026-09-21,14:45,2026-09-05 09:00,16,T15(12-18),Economy Saver,4897,881,120,5898,MMT,Available,True,VALID,,,SINGLETON::OBS00286,False,,RETAINED_UNIQUE,True,
OBS00287,5bf6113ce382,bbfe5f3c04d6,BOM,HYD,AI,AI-619,2026-10-06,14:45,2026-09-05 09:00,31,T30(25-35),Economy Standard,5600,1008,200,6808,EaseMyTrip,Available,True,VALID,,,SINGLETON::OBS00287,False,,RETAINED_UNIQUE,True,
OBS00288,687207544493,490ab33a4f17,BOM,HYD,AI,AI-619,2026-10-22,14:45,2026-09-05 09:00,47,T45(40-50),Economy Flexi,6730,1211,120,8061,EaseMyTrip,Available,True,VALID,,,SINGLETON::OBS00288,False,,RETAINED_UNIQUE,True,
OBS00289,9e7c75374752,490ab33a4f17,BOM,HYD,AI,AI-619,2026-10-22,14:45,2026-09-05 09:00,47,T45(40-50),Economy Flexi,6443,1160,200,7803,MMT,Available,True,VALID,,,SINGLETON::OBS00289,False,,RETAINED_UNIQUE,True,
OBS00290,5a1fd0cda8d6,e1a56258a3a8,BOM,HYD,QP,QP-1402,2026-09-07,10:45,2026-09-05 09:00,2,T1(0-2),Economy Standard,7995,1439,180,9614,MMT,Available,True,VALID,,,SINGLETON::OBS00290,False,,RETAINED_UNIQUE,True,
OBS00291,d22381f36419,e1a56258a3a8,BOM,HYD,QP,QP-1402,2026-09-07,10:45,2026-09-05 09:00,2,T1(0-2),Economy Standard,7700,1386,120,9206,Goibibo,Available,True,VALID,,,SINGLETON::OBS00291,False,,RETAINED_UNIQUE,True,
OBS00292,98f683f27707,e1c387d72b7c,BOM,HYD,QP,QP-1402,2026-09-13,10:45,2026-09-05 09:00,8,T7(5-9),Economy Standard,7063,1271,150,8484,EaseMyTrip,Available,True,VALID,,,SINGLETON::OBS00292,False,,RETAINED_UNIQUE,True,
OBS00293,6ca5b3bb22c3,e1c387d72b7c,BOM,HYD,QP,QP-1402,2026-09-13,10:45,2026-09-05 09:00,8,T7(5-9),Economy Standard,7285,1311,200,8796,Goibibo,Available,True,VALID,,,SINGLETON::OBS00293,False,,RETAINED_UNIQUE,True,
OBS00294,1e2d8cf0942c,07ded1f87ed1,BOM,HYD,QP,QP-1402,2026-09-13,10:45,2026-09-05 09:00,8,T7(5-9),Economy Saver,5679,1022,120,6821,MMT,Available,True,VALID,,,SINGLETON::OBS00294,False,,RETAINED_UNIQUE,True,
OBS00295,60077da3f6ab,07ded1f87ed1,BOM,HYD,QP,QP-1402,2026-09-13,10:45,2026-09-05 09:00,8,T7(5-9),Economy Saver,5718,1029,100,6847,EaseMyTrip,Available,True,VALID,,,SINGLETON::OBS00295,False,,RETAINED_UNIQUE,True,
OBS00296,736b241efec7,bf0aff4e778d,BOM,HYD,QP,QP-1402,2026-09-21,10:45,2026-09-05 09:00,16,T15(12-18),Economy Standard,5752,1035,120,6907,Cleartrip,Available,True,VALID,,,SINGLETON::OBS00296,False,,RETAINED_UNIQUE,True,
OBS00297,ed92f5868a34,d9f3b2bd0ed3,BOM,HYD,QP,QP-1402,2026-09-21,10:45,2026-09-05 09:00,16,T15(12-18),Economy Saver,4819,867,100,5786,Goibibo,Available,True,VALID,,,SINGLETON::OBS00297,False,,RETAINED_UNIQUE,True,
OBS00298,af53bf3ffac1,d9f3b2bd0ed3,BOM,HYD,QP,QP-1402,2026-09-21,10:45,2026-09-05 09:00,16,T15(12-18),Economy Saver,4872,877,120,5869,MMT,Available,True,VALID,,,SINGLETON::OBS00298,False,,RETAINED_UNIQUE,True,
OBS00299,17745300ca3e,bbfe5f3c04d6,BOM,HYD,QP,QP-1402,2026-10-06,10:45,2026-09-05 09:00,31,T30(25-35),Economy Standard,5455,982,120,6557,AirlineSite,Available,True,VALID,,,SINGLETON::OBS00299,False,,RETAINED_UNIQUE,True,
OBS00300,49a920756907,bbfe5f3c04d6,BOM,HYD,QP,QP-1402,2026-10-06,10:45,2026-09-05 09:00,31,T30(25-35),Economy Standard,5393,971,100,6464,Goibibo,Available,True,VALID,,,SINGLETON::OBS00300,False,,RETAINED_UNIQUE,True,
OBS00301,2c78e9de8347,465ccb21c1f9,BOM,HYD,QP,QP-1402,2026-10-06,10:45,2026-09-05 09:00,31,T30(25-35),Economy Saver,4166,750,100,5016,MMT,Available,True,VALID,,,SINGLETON::OBS00301,False,,RETAINED_UNIQUE,True,
OBS00302,e7b84496d571,465ccb21c1f9,BOM,HYD,QP,QP-1402,2026-10-06,10:45,2026-09-05 09:00,31,T30(25-35),Economy Saver,4384,789,150,5323,AirlineSite,Available,True,VALID,,,SINGLETON::OBS00302,False,,RETAINED_UNIQUE,True,
OBS00303,44f7d67f04e1,0c85a3933472,BOM,HYD,QP,QP-1402,2026-10-22,10:45,2026-09-05 09:00,47,T45(40-50),Economy Saver,4417,795,180,5392,Cleartrip,Available,True,VALID,,,SINGLETON::OBS00303,False,,RETAINED_UNIQUE,True,
OBS00304,53c0483aa10a,d296d727b17b,BLR,CCU,6E,6E-904,2026-09-07,09:45,2026-09-05 09:00,2,T1(0-2),Economy Flexi,9432,1698,120,11250,AirlineSite,Available,True,VALID,,,SINGLETON::OBS00304,False,,RETAINED_UNIQUE,True,
OBS00305,05679d4fcbf0,73f95709b96e,BLR,CCU,6E,6E-904,2026-09-07,09:45,2026-09-05 09:00,2,T1(0-2),Economy Saver,5991,1078,100,7169,AirlineSite,Available,True,VALID,,,SINGLETON::OBS00305,False,,RETAINED_UNIQUE,True,
OBS00306,8baf3eb042ad,73f95709b96e,BLR,CCU,6E,6E-904,2026-09-07,09:45,2026-09-05 09:00,2,T1(0-2),Economy Saver,5875,1058,180,7113,Cleartrip,Available,True,VALID,,,SINGLETON::OBS00306,False,,RETAINED_UNIQUE,True,
OBS00307,29ce94189df0,6aed3595730a,BLR,CCU,6E,6E-904,2026-09-13,09:45,2026-09-05 09:00,8,T7(5-9),Economy Saver,5587,1006,200,6793,EaseMyTrip,Available,True,VALID,,,SINGLETON::OBS00307,False,,RETAINED_UNIQUE,True,
OBS00308,2bc3c2f97608,6aed3595730a,BLR,CCU,6E,6E-904,2026-09-13,09:45,2026-09-05 09:00,8,T7(5-9),Economy Saver,5374,967,120,6461,AirlineSite,Available,True,VALID,,,SINGLETON::OBS00308,False,,RETAINED_UNIQUE,True,
OBS00309,9672e64d9eef,ffcd847971ab,BLR,CCU,6E,6E-904,2026-09-13,09:45,2026-09-05 09:00,8,T7(5-9),Economy Flexi,8764,1578,120,10462,Goibibo,Available,True,VALID,,,SINGLETON::OBS00309,False,,RETAINED_UNIQUE,True,
OBS00310,8df1e36b71a3,ffcd847971ab,BLR,CCU,6E,6E-904,2026-09-13,09:45,2026-09-05 09:00,8,T7(5-9),Economy Flexi,8726,1571,120,10417,AirlineSite,Available,True,VALID,,,SINGLETON::OBS00310,False,,RETAINED_UNIQUE,True,
OBS00311,d6e38e86c443,6370ba37e27c,BLR,CCU,6E,6E-904,2026-09-21,09:45,2026-09-05 09:00,16,T15(12-18),Economy Flexi,7253,1306,180,8739,AirlineSite,Available,True,VALID,,,SINGLETON::OBS00311,False,,RETAINED_UNIQUE,True,
OBS00312,c98f3aacdf37,6370ba37e27c,BLR,CCU,6E,6E-904,2026-09-21,09:45,2026-09-05 09:00,16,T15(12-18),Economy Flexi,7001,1260,180,8441,EaseMyTrip,Available,True,VALID,,,SINGLETON::OBS00312,False,,RETAINED_UNIQUE,True,
OBS00313,69cf8c2d1010,bcf747de6de3,BLR,CCU,6E,6E-904,2026-10-06,09:45,2026-09-05 09:00,31,T30(25-35),Economy Standard,5314,957,100,6371,AirlineSite,Available,True,VALID,,,SINGLETON::OBS00313,False,,RETAINED_UNIQUE,True,
OBS00314,c34aa582f14c,bcf747de6de3,BLR,CCU,6E,6E-904,2026-10-06,09:45,2026-09-05 09:00,31,T30(25-35),Economy Standard,5601,1008,150,6759,Cleartrip,Available,True,VALID,,,SINGLETON::OBS00314,False,,RETAINED_UNIQUE,True,
OBS00315,1020e02bf95f,aea6577cb1e2,BLR,CCU,6E,6E-904,2026-10-06,09:45,2026-09-05 09:00,31,T30(25-35),Economy Saver,4180,752,150,5082,AirlineSite,Available,True,VALID,,,SINGLETON::OBS00315,False,,RETAINED_UNIQUE,True,
OBS00316,6de5be702ab0,ea3da1f07170,BLR,CCU,6E,6E-904,2026-10-22,09:45,2026-09-05 09:00,47,T45(40-50),Economy Flexi,6872,1237,100,8209,Goibibo,Available,True,VALID,,,SINGLETON::OBS00316,False,,RETAINED_UNIQUE,True,
OBS00317,a96f48601228,ea3da1f07170,BLR,CCU,6E,6E-904,2026-10-22,09:45,2026-09-05 09:00,47,T45(40-50),Economy Flexi,6809,1226,180,8215,MMT,Available,True,VALID,,,SINGLETON::OBS00317,False,,RETAINED_UNIQUE,True,
OBS00318,2c6f3f7957c9,73f95709b96e,BLR,CCU,AI,AI-772,2026-09-07,06:30,2026-09-05 09:00,2,T1(0-2),Economy Saver,6039,1087,150,7276,AirlineSite,Available,True,VALID,,,SINGLETON::OBS00318,False,,RETAINED_UNIQUE,True,
OBS00319,255f4b80f058,ffcd847971ab,BLR,CCU,AI,AI-772,2026-09-13,06:30,2026-09-05 09:00,8,T7(5-9),Economy Flexi,8482,1527,100,10109,AirlineSite,Available,True,VALID,,,SINGLETON::OBS00319,False,,RETAINED_UNIQUE,True,
OBS00320,54ef1acf8120,ffcd847971ab,BLR,CCU,AI,AI-772,2026-09-13,06:30,2026-09-05 09:00,8,T7(5-9),Economy Flexi,8980,1616,150,10746,MMT,Available,True,VALID,,,SINGLETON::OBS00320,False,,RETAINED_UNIQUE,True,
OBS00321,1332cf7417d1,174be3a33a70,BLR,CCU,AI,AI-772,2026-09-13,06:30,2026-09-05 09:00,8,T7(5-9),Economy Standard,7046,1268,180,8494,AirlineSite,Available,True,VALID,,,SINGLETON::OBS00321,False,,RETAINED_UNIQUE,True,
OBS00322,befeaf169012,174be3a33a70,BLR,CCU,AI,AI-772,2026-09-13,06:30,2026-09-05 09:00,8,T7(5-9),Economy Standard,7261,1307,180,8748,Cleartrip,Available,True,VALID,,,SINGLETON::OBS00322,False,,RETAINED_UNIQUE,True,
OBS00323,a8e2178454c9,6f8836be744c,BLR,CCU,AI,AI-772,2026-09-21,06:30,2026-09-05 09:00,16,T15(12-18),Economy Saver,4805,865,180,5850,Cleartrip,Available,True,VALID,,,SINGLETON::OBS00323,False,,RETAINED_UNIQUE,True,
OBS00324,23915fb4efaf,6f8836be744c,BLR,CCU,AI,AI-772,2026-09-21,06:30,2026-09-05 09:00,16,T15(12-18),Economy Saver,4472,805,200,5477,EaseMyTrip,Available,True,VALID,,,SINGLETON::OBS00324,False,,RETAINED_UNIQUE,True,
OBS00325,6e42fe5537ae,3c9581757b9f,BLR,CCU,AI,AI-772,2026-09-21,06:30,2026-09-05 09:00,16,T15(12-18),Economy Standard,5877,1058,100,7035,EaseMyTrip,Available,True,VALID,,,SINGLETON::OBS00325,False,,RETAINED_UNIQUE,True,
OBS00326,2537a5235879,bcf747de6de3,BLR,CCU,AI,AI-772,2026-10-06,06:30,2026-09-05 09:00,31,T30(25-35),Economy Standard,5509,992,180,6681,Cleartrip,Available,True,VALID,,,SINGLETON::OBS00326,False,,RETAINED_UNIQUE,True,
OBS00327,2de71ab2df70,bcf747de6de3,BLR,CCU,AI,AI-772,2026-10-06,06:30,2026-09-05 09:00,31,T30(25-35),Economy Standard,5274,949,180,6403,Goibibo,Available,True,VALID,,,SINGLETON::OBS00327,False,,RETAINED_UNIQUE,True,
OBS00328,0a81b927c97d,304f2e0c97fd,BLR,CCU,AI,AI-772,2026-10-22,06:30,2026-09-05 09:00,47,T45(40-50),Economy Standard,5332,960,100,6392,EaseMyTrip,Available,True,VALID,,,SINGLETON::OBS00328,False,,RETAINED_UNIQUE,True,
OBS00329,8c08f740a61a,304f2e0c97fd,BLR,CCU,AI,AI-772,2026-10-22,06:30,2026-09-05 09:00,47,T45(40-50),Economy Standard,5225,940,180,6345,Goibibo,Available,True,VALID,,,SINGLETON::OBS00329,False,,RETAINED_UNIQUE,True,
OBS00330,62ce41c60642,4c4fe89aa3fe,BLR,CCU,AI,AI-772,2026-10-22,06:30,2026-09-05 09:00,47,T45(40-50),Economy Saver,4432,798,120,5350,EaseMyTrip,Available,True,VALID,,,SINGLETON::OBS00330,False,,RETAINED_UNIQUE,True,
OBS00331,5a9a9349f7dc,4c4fe89aa3fe,BLR,CCU,AI,AI-772,2026-10-22,06:30,2026-09-05 09:00,47,T45(40-50),Economy Saver,4388,790,180,5358,MMT,Available,True,VALID,,,SINGLETON::OBS00331,False,,RETAINED_UNIQUE,True,
OBS00332,5533a71d3412,73f95709b96e,BLR,CCU,SG,SG-321,2026-09-07,06:15,2026-09-05 09:00,2,T1(0-2),Economy Saver,6425,1156,100,7681,Cleartrip,Available,True,VALID,,,SINGLETON::OBS00332,False,,RETAINED_UNIQUE,True,
OBS00333,e4eff0e830a0,73f95709b96e,BLR,CCU,SG,SG-321,2026-09-07,06:15,2026-09-05 09:00,2,T1(0-2),Economy Saver,6215,1119,180,7514,Goibibo,Available,True,VALID,,,SINGLETON::OBS00333,False,,RETAINED_UNIQUE,True,
OBS00334,94071094d459,174be3a33a70,BLR,CCU,SG,SG-321,2026-09-13,06:15,2026-09-05 09:00,8,T7(5-9),Economy Standard,6836,1230,150,8216,EaseMyTrip,Available,True,VALID,,,SINGLETON::OBS00334,False,,RETAINED_UNIQUE,True,
OBS00335,118758d76685,ffcd847971ab,BLR,CCU,SG,SG-321,2026-09-13,06:15,2026-09-05 09:00,8,T7(5-9),Economy Flexi,8451,1521,100,10072,Cleartrip,Available,True,VALID,,,SINGLETON::OBS00335,False,,RETAINED_UNIQUE,True,
OBS00336,32f5b853646b,ffcd847971ab,BLR,CCU,SG,SG-321,2026-09-13,06:15,2026-09-05 09:00,8,T7(5-9),Economy Flexi,8259,1487,120,9866,EaseMyTrip,Available,True,VALID,,,SINGLETON::OBS00336,False,,RETAINED_UNIQUE,True,
OBS00337,c7795091faba,6370ba37e27c,BLR,CCU,SG,SG-321,2026-09-21,06:15,2026-09-05 09:00,16,T15(12-18),Economy Flexi,7532,1356,180,9068,Cleartrip,Available,True,VALID,,,SINGLETON::OBS00337,False,,RETAINED_UNIQUE,True,
OBS00338,3af1d9af082a,3c9581757b9f,BLR,CCU,SG,SG-321,2026-09-21,06:15,2026-09-05 09:00,16,T15(12-18),Economy Standard,5872,1057,180,7109,EaseMyTrip,Available,True,VALID,,,SINGLETON::OBS00338,False,,RETAINED_UNIQUE,True,
OBS00339,4fea92580c36,aea6577cb1e2,BLR,CCU,SG,SG-321,2026-10-06,06:15,2026-09-05 09:00,31,T30(25-35),Economy Saver,4222,760,180,5162,AirlineSite,Available,True,VALID,,,SINGLETON::OBS00339,False,,RETAINED_UNIQUE,True,
OBS00340,55f72e378ca7,ea3da1f07170,BLR,CCU,SG,SG-321,2026-10-22,06:15,2026-09-05 09:00,47,T45(40-50),Economy Flexi,6699,1206,150,8055,Cleartrip,Available,True,VALID,,,SINGLETON::OBS00340,False,,RETAINED_UNIQUE,True,
OBS00341,9999376d95b1,ea3da1f07170,BLR,CCU,SG,SG-321,2026-10-22,06:15,2026-09-05 09:00,47,T45(40-50),Economy Flexi,6924,1246,120,8290,AirlineSite,Available,True,VALID,,,SINGLETON::OBS00341,False,,RETAINED_UNIQUE,True,
OBS00342,fa2c9fe72f1d,76f2863512dc,DEL,SXR,6E,6E-212,2026-09-07,10:30,2026-09-05 09:00,2,T1(0-2),Economy Saver,5991,1078,180,7249,MMT,Available,True,VALID,,,SINGLETON::OBS00342,False,,RETAINED_UNIQUE,True,
OBS00343,4d776a27a853,f8e14d93e494,DEL,SXR,6E,6E-212,2026-09-13,10:30,2026-09-05 09:00,8,T7(5-9),Economy Standard,7169,1290,100,8559,Goibibo,Available,True,VALID,,,SINGLETON::OBS00343,False,,RETAINED_UNIQUE,True,
OBS00344,97915687cfcb,f8e14d93e494,DEL,SXR,6E,6E-212,2026-09-13,10:30,2026-09-05 09:00,8,T7(5-9),Economy Standard,6785,1221,180,8186,MMT,Available,True,VALID,,,SINGLETON::OBS00344,False,,RETAINED_UNIQUE,True,
OBS00345,31ab8a6aaa97,8db1ebcc6404,DEL,SXR,6E,6E-212,2026-09-21,10:30,2026-09-05 09:00,16,T15(12-18),Economy Flexi,7061,1271,150,8482,EaseMyTrip,Available,True,VALID,,,SINGLETON::OBS00345,False,,RETAINED_UNIQUE,True,
OBS00346,a57787eaa5d8,8db1ebcc6404,DEL,SXR,6E,6E-212,2026-09-21,10:30,2026-09-05 09:00,16,T15(12-18),Economy Flexi,7436,1338,180,8954,AirlineSite,Available,True,VALID,,,SINGLETON::OBS00346,False,,RETAINED_UNIQUE,True,
OBS00347,240359a10283,0cd630bb9498,DEL,SXR,6E,6E-212,2026-09-21,10:30,2026-09-05 09:00,16,T15(12-18),Economy Standard,5779,1040,200,7019,EaseMyTrip,Available,True,VALID,,,SINGLETON::OBS00347,False,,RETAINED_UNIQUE,True,
OBS00348,97a74e7a593a,0cd630bb9498,DEL,SXR,6E,6E-212,2026-09-21,10:30,2026-09-05 09:00,16,T15(12-18),Economy Standard,6082,1095,120,7297,Cleartrip,Available,True,VALID,,,SINGLETON::OBS00348,False,,RETAINED_UNIQUE,True,
OBS00349,40f7ec378ed5,c942bbb01d32,DEL,SXR,6E,6E-212,2026-10-06,10:30,2026-09-05 09:00,31,T30(25-35),Economy Standard,5464,983,150,6597,AirlineSite,Available,True,VALID,,,SINGLETON::OBS00349,False,,RETAINED_UNIQUE,True,
OBS00350,f3fbd7b99448,8590db72b9a8,DEL,SXR,6E,6E-212,2026-10-22,10:30,2026-09-05 09:00,47,T45(40-50),Economy Saver,4430,797,200,5427,MMT,Available,True,VALID,,,SINGLETON::OBS00350,False,,RETAINED_UNIQUE,True,
OBS00351,f190a52f577d,8590db72b9a8,DEL,SXR,6E,6E-212,2026-10-22,10:30,2026-09-05 09:00,47,T45(40-50),Economy Saver,4408,793,100,5301,Cleartrip,Available,True,VALID,,,SINGLETON::OBS00351,False,,RETAINED_UNIQUE,True,
OBS00352,22e779aa6730,76f2863512dc,DEL,SXR,AI,AI-825,2026-09-07,13:15,2026-09-05 09:00,2,T1(0-2),Economy Saver,6237,1123,200,7560,EaseMyTrip,Available,True,VALID,,,SINGLETON::OBS00352,False,,RETAINED_UNIQUE,True,
OBS00353,813defb3e041,7680375affbf,DEL,SXR,AI,AI-825,2026-09-07,13:15,2026-09-05 09:00,2,T1(0-2),Economy Standard,8033,1446,200,9679,MMT,Available,True,VALID,,,SINGLETON::OBS00353,False,,RETAINED_UNIQUE,True,
OBS00354,0ebf9e6e7626,ce493fa860ab,DEL,SXR,AI,AI-825,2026-09-13,13:15,2026-09-05 09:00,8,T7(5-9),Economy Flexi,8276,1490,200,9966,AirlineSite,Available,True,VALID,,,SINGLETON::OBS00354,False,,RETAINED_UNIQUE,True,
OBS00355,1a1f37120868,d0b11d92c188,DEL,SXR,AI,AI-825,2026-09-13,13:15,2026-09-05 09:00,8,T7(5-9),Economy Saver,5579,1004,100,6683,MMT,Available,True,VALID,,,SINGLETON::OBS00355,False,,RETAINED_UNIQUE,True,
OBS00356,7fdd3cf07a7a,d0b11d92c188,DEL,SXR,AI,AI-825,2026-09-13,13:15,2026-09-05 09:00,8,T7(5-9),Economy Saver,5514,992,200,6706,Goibibo,Available,True,VALID,,,SINGLETON::OBS00356,False,,RETAINED_UNIQUE,True,
OBS00357,7d7b396c181a,8db1ebcc6404,DEL,SXR,AI,AI-825,2026-09-21,13:15,2026-09-05 09:00,16,T15(12-18),Economy Flexi,7186,1293,100,8579,MMT,Available,True,VALID,,,SINGLETON::OBS00357,False,,RETAINED_UNIQUE,True,
OBS00358,ef1aa6ad3ef8,8db1ebcc6404,DEL,SXR,AI,AI-825,2026-09-21,13:15,2026-09-05 09:00,16,T15(12-18),Economy Flexi,7470,1345,120,8935,Goibibo,Available,True,VALID,,,SINGLETON::OBS00358,False,,RETAINED_UNIQUE,True,
OBS00359,83adb504e531,0cd630bb9498,DEL,SXR,AI,AI-825,2026-09-21,13:15,2026-09-05 09:00,16,T15(12-18),Economy Standard,5978,1076,150,7204,Goibibo,Available,True,VALID,,,SINGLETON::OBS00359,False,,RETAINED_UNIQUE,True,
OBS00360,a88bae09b03f,0cd630bb9498,DEL,SXR,AI,AI-825,2026-09-21,13:15,2026-09-05 09:00,16,T15(12-18),Economy Standard,6063,1091,150,7304,EaseMyTrip,Available,True,VALID,,,SINGLETON::OBS00360,False,,RETAINED_UNIQUE,True,
OBS00361,9c28e19cfd73,a2823b6fdfe1,DEL,SXR,AI,AI-825,2026-10-06,13:15,2026-09-05 09:00,31,T30(25-35),Economy Flexi,6676,1202,100,7978,MMT,Available,True,VALID,,,SINGLETON::OBS00361,False,,RETAINED_UNIQUE,True,
OBS00362,db699cbf072c,a2823b6fdfe1,DEL,SXR,AI,AI-825,2026-10-06,13:15,2026-09-05 09:00,31,T30(25-35),Economy Flexi,6547,1178,180,7905,Cleartrip,Available,True,VALID,,,SINGLETON::OBS00362,False,,RETAINED_UNIQUE,True,
OBS00363,30e272e1276b,c942bbb01d32,DEL,SXR,AI,AI-825,2026-10-06,13:15,2026-09-05 09:00,31,T30(25-35),Economy Standard,5427,977,120,6524,Cleartrip,Available,True,VALID,,,SINGLETON::OBS00363,False,,RETAINED_UNIQUE,True,
OBS00364,7b54675426bf,8590db72b9a8,DEL,SXR,AI,AI-825,2026-10-22,13:15,2026-09-05 09:00,47,T45(40-50),Economy Saver,4136,745,120,5001,Goibibo,Available,True,VALID,,,SINGLETON::OBS00364,False,,RETAINED_UNIQUE,True,
OBS00365,6a079136655a,8590db72b9a8,DEL,SXR,AI,AI-825,2026-10-22,13:15,2026-09-05 09:00,47,T45(40-50),Economy Saver,4374,787,200,5361,EaseMyTrip,Available,True,VALID,,,SINGLETON::OBS00365,False,,RETAINED_UNIQUE,True,
OBS00366,2e23f578a20a,7680375affbf,DEL,SXR,SG,SG-101,2026-09-07,15:15,2026-09-05 09:00,2,T1(0-2),Economy Standard,7906,1423,100,9429,Goibibo,Available,True,VALID,,,SINGLETON::OBS00366,False,,RETAINED_UNIQUE,True,
OBS00367,8fe8dcb0eabe,7680375affbf,DEL,SXR,SG,SG-101,2026-09-07,15:15,2026-09-05 09:00,2,T1(0-2),Economy Standard,8257,1486,200,9943,Cleartrip,Available,True,VALID,,,SINGLETON::OBS00367,False,,RETAINED_UNIQUE,True,
OBS00368,284dd43f829f,d0b11d92c188,DEL,SXR,SG,SG-101,2026-09-13,15:15,2026-09-05 09:00,8,T7(5-9),Economy Saver,5395,971,200,6566,AirlineSite,Available,True,VALID,,,SINGLETON::OBS00368,False,,RETAINED_UNIQUE,True,
OBS00369,5459340abdc6,d0b11d92c188,DEL,SXR,SG,SG-101,2026-09-13,15:15,2026-09-05 09:00,8,T7(5-9),Economy Saver,5723,1030,180,6933,EaseMyTrip,Available,True,VALID,,,SINGLETON::OBS00369,False,,RETAINED_UNIQUE,True,
OBS00370,e0e6ce6bf5b4,ce493fa860ab,DEL,SXR,SG,SG-101,2026-09-13,15:15,2026-09-05 09:00,8,T7(5-9),Economy Flexi,8964,1613,180,10757,EaseMyTrip,Available,True,VALID,,,SINGLETON::OBS00370,False,,RETAINED_UNIQUE,True,
OBS00371,869e1936d59e,ce493fa860ab,DEL,SXR,SG,SG-101,2026-09-13,15:15,2026-09-05 09:00,8,T7(5-9),Economy Flexi,8352,1503,150,10005,AirlineSite,Available,True,VALID,,,SINGLETON::OBS00371,False,,RETAINED_UNIQUE,True,
OBS00372,39d724a7aeeb,0cd630bb9498,DEL,SXR,SG,SG-101,2026-09-21,15:15,2026-09-05 09:00,16,T15(12-18),Economy Standard,5733,1032,200,6965,Goibibo,Available,True,VALID,,,SINGLETON::OBS00372,False,,RETAINED_UNIQUE,True,
OBS00373,ecf70ba14134,8db1ebcc6404,DEL,SXR,SG,SG-101,2026-09-21,15:15,2026-09-05 09:00,16,T15(12-18),Economy Flexi,7371,1327,100,8798,Cleartrip,Available,True,VALID,,,SINGLETON::OBS00373,False,,RETAINED_UNIQUE,True,
OBS00374,13b415051a10,a2823b6fdfe1,DEL,SXR,SG,SG-101,2026-10-06,15:15,2026-09-05 09:00,31,T30(25-35),Economy Flexi,6421,1156,100,7677,EaseMyTrip,Available,True,VALID,,,SINGLETON::OBS00374,False,,RETAINED_UNIQUE,True,
OBS00375,64878cb2df16,a2823b6fdfe1,DEL,SXR,SG,SG-101,2026-10-06,15:15,2026-09-05 09:00,31,T30(25-35),Economy Flexi,6596,1187,150,7933,AirlineSite,Available,True,VALID,,,SINGLETON::OBS00375,False,,RETAINED_UNIQUE,True,
OBS00376,9adb838e28e4,c942bbb01d32,DEL,SXR,SG,SG-101,2026-10-06,15:15,2026-09-05 09:00,31,T30(25-35),Economy Standard,5509,992,180,6681,MMT,Available,True,VALID,,,SINGLETON::OBS00376,False,,RETAINED_UNIQUE,True,
OBS00377,f45cc5a91895,c942bbb01d32,DEL,SXR,SG,SG-101,2026-10-06,15:15,2026-09-05 09:00,31,T30(25-35),Economy Standard,5454,982,100,6536,EaseMyTrip,Available,True,VALID,,,SINGLETON::OBS00377,False,,RETAINED_UNIQUE,True,
OBS00378,c44827d5c1dc,8590db72b9a8,DEL,SXR,SG,SG-101,2026-10-22,15:15,2026-09-05 09:00,47,T45(40-50),Economy Saver,4095,737,200,5032,Goibibo,Available,True,VALID,,,SINGLETON::OBS00378,False,,RETAINED_UNIQUE,True,
OBS00379,26f0d0527127,8590db72b9a8,DEL,SXR,SG,SG-101,2026-10-22,15:15,2026-09-05 09:00,47,T45(40-50),Economy Saver,4091,736,200,5027,EaseMyTrip,Available,True,VALID,,,SINGLETON::OBS00379,False,,RETAINED_UNIQUE,True,
OBS00380,3412bf024a2b,c80cbb545c46,DEL,GOI,6E,6E-334,2026-09-07,15:15,2026-09-05 09:00,2,T1(0-2),Economy Flexi,9865,1776,150,11791,EaseMyTrip,Available,True,VALID,,,SINGLETON::OBS00380,False,,RETAINED_UNIQUE,True,
OBS00381,99122dcb608d,c80cbb545c46,DEL,GOI,6E,6E-334,2026-09-07,15:15,2026-09-05 09:00,2,T1(0-2),Economy Flexi,9642,1736,100,11478,Goibibo,Available,True,VALID,,,SINGLETON::OBS00381,False,,RETAINED_UNIQUE,True,
OBS00382,b153e3676927,c20072106116,DEL,GOI,6E,6E-334,2026-09-07,15:15,2026-09-05 09:00,2,T1(0-2),Economy Standard,8284,1491,200,9975,Cleartrip,Available,True,VALID,,,SINGLETON::OBS00382,False,,RETAINED_UNIQUE,True,
OBS00383,2c0ec2e62878,c20072106116,DEL,GOI,6E,6E-334,2026-09-07,15:15,2026-09-05 09:00,2,T1(0-2),Economy Standard,7758,1396,100,9254,AirlineSite,Available,True,VALID,,,SINGLETON::OBS00383,False,,RETAINED_UNIQUE,True,
OBS00384,fa1e1a815101,7e34f9c46ba2,DEL,GOI,6E,6E-334,2026-09-13,15:15,2026-09-05 09:00,8,T7(5-9),Economy Standard,7076,1274,200,8550,EaseMyTrip,Available,True,VALID,,,SINGLETON::OBS00384,False,,RETAINED_UNIQUE,True,
OBS00385,aacba873f769,3ba13766159e,DEL,GOI,6E,6E-334,2026-09-13,15:15,2026-09-05 09:00,8,T7(5-9),Economy Saver,5259,947,100,6306,MMT,Available,True,VALID,,,SINGLETON::OBS00385,False,,RETAINED_UNIQUE,True,
OBS00386,cfaba1ddfe93,3ba13766159e,DEL,GOI,6E,6E-334,2026-09-13,15:15,2026-09-05 09:00,8,T7(5-9),Economy Saver,5346,962,180,6488,EaseMyTrip,Available,True,VALID,,,SINGLETON::OBS00386,False,,RETAINED_UNIQUE,True,
OBS00387,64012f62cf16,abe59d1566ac,DEL,GOI,6E,6E-334,2026-09-21,15:15,2026-09-05 09:00,16,T15(12-18),Economy Standard,6000,1080,200,7280,MMT,Available,True,VALID,,,SINGLETON::OBS00387,False,,RETAINED_UNIQUE,True,
OBS00388,9bf98f6313e8,abe59d1566ac,DEL,GOI,6E,6E-334,2026-09-21,15:15,2026-09-05 09:00,16,T15(12-18),Economy Standard,6249,1125,100,7474,Goibibo,Available,True,VALID,,,SINGLETON::OBS00388,False,,RETAINED_UNIQUE,True,
OBS00389,e0ccdc17ed32,381a914510fc,DEL,GOI,6E,6E-334,2026-09-21,15:15,2026-09-05 09:00,16,T15(12-18),Economy Saver,4531,816,150,5497,EaseMyTrip,Available,True,VALID,,,SINGLETON::OBS00389,False,,RETAINED_UNIQUE,True,
OBS00390,7a90508774bb,f2e07e6d7869,DEL,GOI,6E,6E-334,2026-10-06,15:15,2026-09-05 09:00,31,T30(25-35),Economy Flexi,6938,1249,150,8337,MMT,Available,True,VALID,,,SINGLETON::OBS00390,False,,RETAINED_UNIQUE,True,
OBS00391,035da3c11410,f2e07e6d7869,DEL,GOI,6E,6E-334,2026-10-06,15:15,2026-09-05 09:00,31,T30(25-35),Economy Flexi,6697,1205,150,8052,Goibibo,Available,True,VALID,,,SINGLETON::OBS00391,False,,RETAINED_UNIQUE,True,
OBS00392,ef3ec7a187d2,6f78a794555c,DEL,GOI,6E,6E-334,2026-10-06,15:15,2026-09-05 09:00,31,T30(25-35),Economy Standard,5335,960,150,6445,MMT,Available,True,VALID,,,SINGLETON::OBS00392,False,,RETAINED_UNIQUE,True,
OBS00393,c0cbcde7b23e,6f78a794555c,DEL,GOI,6E,6E-334,2026-10-06,15:15,2026-09-05 09:00,31,T30(25-35),Economy Standard,5305,955,150,6410,EaseMyTrip,Available,True,VALID,,,SINGLETON::OBS00393,False,,RETAINED_UNIQUE,True,
OBS00394,0bc36977171f,83f0bfe7344f,DEL,GOI,6E,6E-334,2026-10-22,15:15,2026-09-05 09:00,47,T45(40-50),Economy Flexi,6566,1182,150,7898,Cleartrip,Available,True,VALID,,,SINGLETON::OBS00394,False,,RETAINED_UNIQUE,True,
OBS00395,0c84b307be63,83f0bfe7344f,DEL,GOI,6E,6E-334,2026-10-22,15:15,2026-09-05 09:00,47,T45(40-50),Economy Flexi,6526,1175,200,7901,Goibibo,Available,True,VALID,,,SINGLETON::OBS00395,False,,RETAINED_UNIQUE,True,
OBS00396,c67038465bc9,618d3430fa99,DEL,GOI,6E,6E-334,2026-10-22,15:15,2026-09-05 09:00,47,T45(40-50),Economy Saver,4433,798,120,5351,Goibibo,Available,True,VALID,,,SINGLETON::OBS00396,False,,RETAINED_UNIQUE,True,
OBS00397,b4c95592b105,618d3430fa99,DEL,GOI,6E,6E-334,2026-10-22,15:15,2026-09-05 09:00,47,T45(40-50),Economy Saver,4154,748,150,5052,Cleartrip,Available,True,VALID,,,SINGLETON::OBS00397,False,,RETAINED_UNIQUE,True,
OBS00398,d3d9cbeaed3f,c80cbb545c46,DEL,GOI,AI,AI-861,2026-09-07,07:30,2026-09-05 09:00,2,T1(0-2),Economy Flexi,9980,1796,150,11926,MMT,Available,True,VALID,,,SINGLETON::OBS00398,False,,RETAINED_UNIQUE,True,
OBS00399,917fed20d8f7,c80cbb545c46,DEL,GOI,AI,AI-861,2026-09-07,07:30,2026-09-05 09:00,2,T1(0-2),Economy Flexi,10080,1814,150,12044,EaseMyTrip,Available,True,VALID,,,SINGLETON::OBS00399,False,,RETAINED_UNIQUE,True,
OBS00400,b4ddfd190ba0,c20072106116,DEL,GOI,AI,AI-861,2026-09-07,07:30,2026-09-05 09:00,2,T1(0-2),Economy Standard,7999,1440,200,9639,AirlineSite,Available,True,VALID,,,SINGLETON::OBS00400,False,,RETAINED_UNIQUE,True,
OBS00401,9cc4860ccd0d,3ba13766159e,DEL,GOI,AI,AI-861,2026-09-13,07:30,2026-09-05 09:00,8,T7(5-9),Economy Saver,5365,966,120,6451,EaseMyTrip,Available,True,VALID,,,SINGLETON::OBS00401,False,,RETAINED_UNIQUE,True,
OBS00402,54cd5c0851e2,381a914510fc,DEL,GOI,AI,AI-861,2026-09-21,07:30,2026-09-05 09:00,16,T15(12-18),Economy Saver,4482,807,120,5409,Cleartrip,Available,True,VALID,,,SINGLETON::OBS00402,False,,RETAINED_UNIQUE,True,
OBS00403,c93d18d7ba72,381a914510fc,DEL,GOI,AI,AI-861,2026-09-21,07:30,2026-09-05 09:00,16,T15(12-18),Economy Saver,4438,799,200,5437,Goibibo,Available,True,VALID,,,SINGLETON::OBS00403,False,,RETAINED_UNIQUE,True,
OBS00404,22acd6338852,6f78a794555c,DEL,GOI,AI,AI-861,2026-10-06,07:30,2026-09-05 09:00,31,T30(25-35),Economy Standard,5592,1007,150,6749,Goibibo,Available,True,VALID,,,SINGLETON::OBS00404,False,,RETAINED_UNIQUE,True,
OBS00405,738a83bf9e25,6f78a794555c,DEL,GOI,AI,AI-861,2026-10-06,07:30,2026-09-05 09:00,31,T30(25-35),Economy Standard,5357,964,100,6421,MMT,Available,True,VALID,,,SINGLETON::OBS00405,False,,RETAINED_UNIQUE,True,
OBS00406,2e3ebcbf90a6,83f0bfe7344f,DEL,GOI,AI,AI-861,2026-10-22,07:30,2026-09-05 09:00,47,T45(40-50),Economy Flexi,6824,1228,100,8152,EaseMyTrip,Available,True,VALID,,,SINGLETON::OBS00406,False,,RETAINED_UNIQUE,True,
OBS00407,5b6010c81de3,e293fc7d3662,DEL,GOI,QP,QP-1510,2026-09-07,10:45,2026-09-05 09:00,2,T1(0-2),Economy Saver,6417,1155,150,7722,Goibibo,Available,True,VALID,,,SINGLETON::OBS00407,False,,RETAINED_UNIQUE,True,
OBS00408,d8519fe632dd,e293fc7d3662,DEL,GOI,QP,QP-1510,2026-09-07,10:45,2026-09-05 09:00,2,T1(0-2),Economy Saver,6380,1148,100,7628,MMT,Available,True,VALID,,,SINGLETON::OBS00408,False,,RETAINED_UNIQUE,True,
OBS00409,946f5d7cf302,d4cb226e3e42,DEL,GOI,QP,QP-1510,2026-09-13,10:45,2026-09-05 09:00,8,T7(5-9),Economy Flexi,9085,1635,200,10920,Cleartrip,Available,True,VALID,,,SINGLETON::OBS00409,False,,RETAINED_UNIQUE,True,
OBS00410,1f43c3bbf64d,d4cb226e3e42,DEL,GOI,QP,QP-1510,2026-09-13,10:45,2026-09-05 09:00,8,T7(5-9),Economy Flexi,8687,1564,120,10371,Goibibo,Available,True,VALID,,,SINGLETON::OBS00410,False,,RETAINED_UNIQUE,True,
OBS00411,ce213e5883c3,3ba13766159e,DEL,GOI,QP,QP-1510,2026-09-13,10:45,2026-09-05 09:00,8,T7(5-9),Economy Saver,5683,1023,150,6856,Cleartrip,Available,True,VALID,,,SINGLETON::OBS00411,False,,RETAINED_UNIQUE,True,
OBS00412,058096cc8198,3ba13766159e,DEL,GOI,QP,QP-1510,2026-09-13,10:45,2026-09-05 09:00,8,T7(5-9),Economy Saver,5330,959,180,6469,MMT,Available,True,VALID,,,SINGLETON::OBS00412,False,,RETAINED_UNIQUE,True,
OBS00413,1984a2b4a636,75965084ddf9,DEL,GOI,QP,QP-1510,2026-09-21,10:45,2026-09-05 09:00,16,T15(12-18),Economy Flexi,7544,1358,200,9102,Cleartrip,Available,True,VALID,,,SINGLETON::OBS00413,False,,RETAINED_UNIQUE,True,
OBS00414,bee0da059184,381a914510fc,DEL,GOI,QP,QP-1510,2026-09-21,10:45,2026-09-05 09:00,16,T15(12-18),Economy Saver,4717,849,180,5746,MMT,Available,True,VALID,,,SINGLETON::OBS00414,False,,RETAINED_UNIQUE,True,
OBS00415,85b15b6b124b,f2e07e6d7869,DEL,GOI,QP,QP-1510,2026-10-06,10:45,2026-09-05 09:00,31,T30(25-35),Economy Flexi,6778,1220,120,8118,Goibibo,Available,True,VALID,,,SINGLETON::OBS00415,False,,RETAINED_UNIQUE,True,
OBS00416,1461812fe5bc,6f78a794555c,DEL,GOI,QP,QP-1510,2026-10-06,10:45,2026-09-05 09:00,31,T30(25-35),Economy Standard,5359,965,120,6444,Goibibo,Available,True,VALID,,,SINGLETON::OBS00416,False,,RETAINED_UNIQUE,True,
OBS00417,cf4298dfea58,7accfd79a6d4,DEL,GOI,QP,QP-1510,2026-10-22,10:45,2026-09-05 09:00,47,T45(40-50),Economy Standard,5591,1006,150,6747,MMT,Available,True,VALID,,,SINGLETON::OBS00417,False,,RETAINED_UNIQUE,True,
OBS00418,253f7dd094cf,7accfd79a6d4,DEL,GOI,QP,QP-1510,2026-10-22,10:45,2026-09-05 09:00,47,T45(40-50),Economy Standard,5347,962,200,6509,Goibibo,Available,True,VALID,,,SINGLETON::OBS00418,False,,RETAINED_UNIQUE,True,
OBS00419,3caefdc90131,37faa208bf70,DEL,GAU,6E,6E-415,2026-09-07,05:30,2026-09-05 09:00,2,T1(0-2),Economy Flexi,9633,1734,120,11487,AirlineSite,Available,True,VALID,,,SINGLETON::OBS00419,False,,RETAINED_UNIQUE,True,
OBS00420,36c46e1a3a98,39e3dc36b8e0,DEL,GAU,6E,6E-415,2026-09-07,05:30,2026-09-05 09:00,2,T1(0-2),Economy Saver,6267,1128,150,7545,EaseMyTrip,Available,True,VALID,,,SINGLETON::OBS00420,False,,RETAINED_UNIQUE,True,
OBS00421,126907914ac6,39e3dc36b8e0,DEL,GAU,6E,6E-415,2026-09-07,05:30,2026-09-05 09:00,2,T1(0-2),Economy Saver,6070,1093,120,7283,Cleartrip,Available,True,VALID,,,SINGLETON::OBS00421,False,,RETAINED_UNIQUE,True,
OBS00422,e55b7dff4815,cab04a0fb199,DEL,GAU,6E,6E-415,2026-09-13,05:30,2026-09-05 09:00,8,T7(5-9),Economy Saver,5650,1017,200,6867,MMT,Available,True,VALID,,,SINGLETON::OBS00422,False,,RETAINED_UNIQUE,True,
OBS00423,5251aed0e99e,cab04a0fb199,DEL,GAU,6E,6E-415,2026-09-13,05:30,2026-09-05 09:00,8,T7(5-9),Economy Saver,5446,980,200,6626,Goibibo,Available,True,VALID,,,SINGLETON::OBS00423,False,,RETAINED_UNIQUE,True,
OBS00424,1d8bc7bc0a0c,a7ef6fc4da36,DEL,GAU,6E,6E-415,2026-09-21,05:30,2026-09-05 09:00,16,T15(12-18),Economy Flexi,7603,1369,100,9072,EaseMyTrip,Available,True,VALID,,,SINGLETON::OBS00424,False,,RETAINED_UNIQUE,True,
OBS00425,201d3d839539,353429793ae5,DEL,GAU,6E,6E-415,2026-09-21,05:30,2026-09-05 09:00,16,T15(12-18),Economy Saver,4471,805,200,5476,EaseMyTrip,Available,True,VALID,,,SINGLETON::OBS00425,False,,RETAINED_UNIQUE,True,
OBS00426,13bb585644da,353429793ae5,DEL,GAU,6E,6E-415,2026-09-21,05:30,2026-09-05 09:00,16,T15(12-18),Economy Saver,4487,808,200,5495,Cleartrip,Available,True,VALID,,,SINGLETON::OBS00426,False,,RETAINED_UNIQUE,True,
OBS00427,f11d1c3dccfb,04c4fbd74e23,DEL,GAU,6E,6E-415,2026-10-06,05:30,2026-09-05 09:00,31,T30(25-35),Economy Flexi,6553,1179,200,7932,MMT,Available,True,VALID,,,SINGLETON::OBS00427,False,,RETAINED_UNIQUE,True,
OBS00428,02f177638be2,47b0345a1f7e,DEL,GAU,6E,6E-415,2026-10-22,05:30,2026-09-05 09:00,47,T45(40-50),Economy Saver,4372,787,180,5339,AirlineSite,Available,True,VALID,,,SINGLETON::OBS00428,False,,RETAINED_UNIQUE,True,
OBS00429,002d054e8110,47b0345a1f7e,DEL,GAU,6E,6E-415,2026-10-22,05:30,2026-09-05 09:00,47,T45(40-50),Economy Saver,4087,736,180,5003,Goibibo,Available,True,VALID,,,SINGLETON::OBS00429,False,,RETAINED_UNIQUE,True,
OBS00430,9141289a6871,dde24d3fbc12,DEL,GAU,6E,6E-415,2026-10-22,05:30,2026-09-05 09:00,47,T45(40-50),Economy Flexi,6705,1207,150,8062,EaseMyTrip,Available,True,VALID,,,SINGLETON::OBS00430,False,,RETAINED_UNIQUE,True,
OBS00431,4c5046c5d6ff,dde24d3fbc12,DEL,GAU,6E,6E-415,2026-10-22,05:30,2026-09-05 09:00,47,T45(40-50),Economy Flexi,6813,1226,180,8219,AirlineSite,Available,True,VALID,,,SINGLETON::OBS00431,False,,RETAINED_UNIQUE,True,
OBS00432,91e53293408b,37faa208bf70,DEL,GAU,AI,AI-791,2026-09-07,13:00,2026-09-05 09:00,2,T1(0-2),Economy Flexi,9593,1727,100,11420,AirlineSite,Available,True,VALID,,,SINGLETON::OBS00432,False,,RETAINED_UNIQUE,True,
OBS00433,d9c680a75f81,cab04a0fb199,DEL,GAU,AI,AI-791,2026-09-13,13:00,2026-09-05 09:00,8,T7(5-9),Economy Saver,5465,984,120,6569,AirlineSite,Available,True,VALID,,,SINGLETON::OBS00433,False,,RETAINED_UNIQUE,True,
OBS00434,3317e5a66f84,cab04a0fb199,DEL,GAU,AI,AI-791,2026-09-13,13:00,2026-09-05 09:00,8,T7(5-9),Economy Saver,5660,1019,180,6859,Cleartrip,Available,True,VALID,,,SINGLETON::OBS00434,False,,RETAINED_UNIQUE,True,
OBS00435,2b78a9555a58,e13991b66163,DEL,GAU,AI,AI-791,2026-09-21,13:00,2026-09-05 09:00,16,T15(12-18),Economy Standard,6108,1099,200,7407,Goibibo,Available,True,VALID,,,SINGLETON::OBS00435,False,,RETAINED_UNIQUE,True,
OBS00436,d880edc79e5a,e13991b66163,DEL,GAU,AI,AI-791,2026-09-21,13:00,2026-09-05 09:00,16,T15(12-18),Economy Standard,5781,1041,150,6972,AirlineSite,Available,True,VALID,,,SINGLETON::OBS00436,False,,RETAINED_UNIQUE,True,
OBS00437,80882138a8ea,a7ef6fc4da36,DEL,GAU,AI,AI-791,2026-09-21,13:00,2026-09-05 09:00,16,T15(12-18),Economy Flexi,7690,1384,180,9254,MMT,Available,True,VALID,,,SINGLETON::OBS00437,False,,RETAINED_UNIQUE,True,
OBS00438,ce40f7e3fab5,04c4fbd74e23,DEL,GAU,AI,AI-791,2026-10-06,13:00,2026-09-05 09:00,31,T30(25-35),Economy Flexi,6835,1230,150,8215,AirlineSite,Available,True,VALID,,,SINGLETON::OBS00438,False,,RETAINED_UNIQUE,True,
OBS00439,b813b3fbce66,dde24d3fbc12,DEL,GAU,AI,AI-791,2026-10-22,13:00,2026-09-05 09:00,47,T45(40-50),Economy Flexi,6640,1195,120,7955,MMT,Available,True,VALID,,,SINGLETON::OBS00439,False,,RETAINED_UNIQUE,True,
OBS00440,23922f37c70c,dde24d3fbc12,DEL,GAU,AI,AI-791,2026-10-22,13:00,2026-09-05 09:00,47,T45(40-50),Economy Flexi,6518,1173,100,7791,EaseMyTrip,Available,True,VALID,,,SINGLETON::OBS00440,False,,RETAINED_UNIQUE,True,
OBS00441,2f3db9279c19,c32ac85d61c7,DEL,GAU,AI,AI-791,2026-10-22,13:00,2026-09-05 09:00,47,T45(40-50),Economy Standard,5516,993,100,6609,Goibibo,Available,True,VALID,,,SINGLETON::OBS00441,False,,RETAINED_UNIQUE,True,
OBS00442,dd174fa8940a,39e3dc36b8e0,DEL,GAU,SG,SG-601,2026-09-07,12:15,2026-09-05 09:00,2,T1(0-2),Economy Saver,6210,1118,100,7428,Goibibo,Available,True,VALID,,,SINGLETON::OBS00442,False,,RETAINED_UNIQUE,True,
OBS00443,1f00ca8a3cab,4041ae79d2f2,DEL,GAU,SG,SG-601,2026-09-13,12:15,2026-09-05 09:00,8,T7(5-9),Economy Flexi,8613,1550,200,10363,Goibibo,Available,True,VALID,,,SINGLETON::OBS00443,False,,RETAINED_UNIQUE,True,
OBS00444,914a6b1d9494,353429793ae5,DEL,GAU,SG,SG-601,2026-09-21,12:15,2026-09-05 09:00,16,T15(12-18),Economy Saver,4894,881,120,5895,EaseMyTrip,Available,True,VALID,,,SINGLETON::OBS00444,False,,RETAINED_UNIQUE,True,
OBS00445,046530c518f2,04c4fbd74e23,DEL,GAU,SG,SG-601,2026-10-06,12:15,2026-09-05 09:00,31,T30(25-35),Economy Flexi,6914,1245,200,8359,Cleartrip,Available,True,VALID,,,SINGLETON::OBS00445,False,,RETAINED_UNIQUE,True,
OBS00446,793d8cd42c12,0f85e3c60621,DEL,GAU,SG,SG-601,2026-10-06,12:15,2026-09-05 09:00,31,T30(25-35),Economy Standard,5346,962,100,6408,Goibibo,Available,True,VALID,,,SINGLETON::OBS00446,False,,RETAINED_UNIQUE,True,
OBS00447,dc2e77dd11f0,dde24d3fbc12,DEL,GAU,SG,SG-601,2026-10-22,12:15,2026-09-05 09:00,47,T45(40-50),Economy Flexi,6367,1146,150,7663,EaseMyTrip,Available,True,VALID,,,SINGLETON::OBS00447,False,,RETAINED_UNIQUE,True,
OBS00448,982d8194795d,dde24d3fbc12,DEL,GAU,SG,SG-601,2026-10-22,12:15,2026-09-05 09:00,47,T45(40-50),Economy Flexi,6957,1252,180,8389,Goibibo,Available,True,VALID,,,SINGLETON::OBS00448,False,,RETAINED_UNIQUE,True,
OBS00449,92d761390ed2,12a86d7c7ba3,BLR,COK,6E,6E-521,2026-09-07,21:30,2026-09-05 09:00,2,T1(0-2),Economy Standard,8108,1459,180,9747,Goibibo,Available,True,VALID,,,SINGLETON::OBS00449,False,,RETAINED_UNIQUE,True,
OBS00450,8f760480c1e3,12a86d7c7ba3,BLR,COK,6E,6E-521,2026-09-07,21:30,2026-09-05 09:00,2,T1(0-2),Economy Standard,7705,1387,120,9212,MMT,Available,True,VALID,,,SINGLETON::OBS00450,False,,RETAINED_UNIQUE,True,
OBS00451,d59e602c35c5,2b6da9de1f8f,BLR,COK,6E,6E-521,2026-09-07,21:30,2026-09-05 09:00,2,T1(0-2),Economy Saver,6403,1153,200,7756,MMT,Available,True,VALID,,,SINGLETON::OBS00451,False,,RETAINED_UNIQUE,True,
OBS00452,352af9328e27,2b6da9de1f8f,BLR,COK,6E,6E-521,2026-09-07,21:30,2026-09-05 09:00,2,T1(0-2),Economy Saver,6098,1098,180,7376,Goibibo,Available,True,VALID,,,SINGLETON::OBS00452,False,,RETAINED_UNIQUE,True,
OBS00453,ffcdcf3a4058,d9b95a8f6d68,BLR,COK,6E,6E-521,2026-09-13,21:30,2026-09-05 09:00,8,T7(5-9),Economy Standard,6882,1239,100,8221,Cleartrip,Available,True,VALID,,,SINGLETON::OBS00453,False,,RETAINED_UNIQUE,True,
OBS00454,e37449457948,a257e13fc693,BLR,COK,6E,6E-521,2026-09-21,21:30,2026-09-05 09:00,16,T15(12-18),Economy Standard,5862,1055,200,7117,AirlineSite,Available,True,VALID,,,SINGLETON::OBS00454,False,,RETAINED_UNIQUE,True,
OBS00455,7be705c13989,89b89f859ec3,BLR,COK,6E,6E-521,2026-09-21,21:30,2026-09-05 09:00,16,T15(12-18),Economy Saver,4522,814,200,5536,AirlineSite,Available,True,VALID,,,SINGLETON::OBS00455,False,,RETAINED_UNIQUE,True,
OBS00456,bbb235d8c701,260e368686be,BLR,COK,6E,6E-521,2026-10-06,21:30,2026-09-05 09:00,31,T30(25-35),Economy Standard,5348,963,100,6411,Cleartrip,Available,True,VALID,,,SINGLETON::OBS00456,False,,RETAINED_UNIQUE,True,
OBS00457,b8404c56b5e2,1e1685095858,BLR,COK,6E,6E-521,2026-10-22,21:30,2026-09-05 09:00,47,T45(40-50),Economy Saver,4416,795,200,5411,Goibibo,Available,True,VALID,,,SINGLETON::OBS00457,False,,RETAINED_UNIQUE,True,
OBS00458,236c92af14f2,bcaa3f42d7cf,BLR,COK,AI,AI-512,2026-09-07,11:45,2026-09-05 09:00,2,T1(0-2),Economy Flexi,9633,1734,150,11517,Cleartrip,Available,True,VALID,,,SINGLETON::OBS00458,False,,RETAINED_UNIQUE,True,
OBS00459,e8720b27e77c,bcaa3f42d7cf,BLR,COK,AI,AI-512,2026-09-07,11:45,2026-09-05 09:00,2,T1(0-2),Economy Flexi,9482,1707,150,11339,Goibibo,Available,True,VALID,,,SINGLETON::OBS00459,False,,RETAINED_UNIQUE,True,
OBS00460,9b7529191054,d9b95a8f6d68,BLR,COK,AI,AI-512,2026-09-13,11:45,2026-09-05 09:00,8,T7(5-9),Economy Standard,6999,1260,180,8439,Cleartrip,Available,True,VALID,,,SINGLETON::OBS00460,False,,RETAINED_UNIQUE,True,
OBS00461,b7a79d167c4c,d9b95a8f6d68,BLR,COK,AI,AI-512,2026-09-13,11:45,2026-09-05 09:00,8,T7(5-9),Economy Standard,6771,1219,120,8110,MMT,Available,True,VALID,,,SINGLETON::OBS00461,False,,RETAINED_UNIQUE,True,
OBS00462,e79835126569,b31e74ab89b6,BLR,COK,AI,AI-512,2026-09-13,11:45,2026-09-05 09:00,8,T7(5-9),Economy Saver,5384,969,200,6553,AirlineSite,Available,True,VALID,,,SINGLETON::OBS00462,False,,RETAINED_UNIQUE,True,
OBS00463,f37a97a03fda,a257e13fc693,BLR,COK,AI,AI-512,2026-09-21,11:45,2026-09-05 09:00,16,T15(12-18),Economy Standard,5839,1051,200,7090,Cleartrip,Available,True,VALID,,,SINGLETON::OBS00463,False,,RETAINED_UNIQUE,True,
OBS00464,0ffa87d05c18,89b89f859ec3,BLR,COK,AI,AI-512,2026-09-21,11:45,2026-09-05 09:00,16,T15(12-18),Economy Saver,4690,844,150,5684,Goibibo,Available,True,VALID,,,SINGLETON::OBS00464,False,,RETAINED_UNIQUE,True,
OBS00465,a05d7abdcae4,260e368686be,BLR,COK,AI,AI-512,2026-10-06,11:45,2026-09-05 09:00,31,T30(25-35),Economy Standard,5275,950,200,6425,MMT,Available,True,VALID,,,SINGLETON::OBS00465,False,,RETAINED_UNIQUE,True,
OBS00466,b8dcc66f6d62,260e368686be,BLR,COK,AI,AI-512,2026-10-06,11:45,2026-09-05 09:00,31,T30(25-35),Economy Standard,5448,981,200,6629,Cleartrip,Available,True,VALID,,,SINGLETON::OBS00466,False,,RETAINED_UNIQUE,True,
OBS00467,87361fb32b9a,f72a3f819bbe,BLR,COK,AI,AI-512,2026-10-06,11:45,2026-09-05 09:00,31,T30(25-35),Economy Flexi,6358,1144,100,7602,EaseMyTrip,Available,True,VALID,,,SINGLETON::OBS00467,False,,RETAINED_UNIQUE,True,
OBS00468,f4a67f7691c8,1e1685095858,BLR,COK,AI,AI-512,2026-10-22,11:45,2026-09-05 09:00,47,T45(40-50),Economy Saver,4061,731,120,4912,MMT,Available,True,VALID,,,SINGLETON::OBS00468,False,,RETAINED_UNIQUE,True,
OBS00469,c8c15b13be7d,1e1685095858,BLR,COK,AI,AI-512,2026-10-22,11:45,2026-09-05 09:00,47,T45(40-50),Economy Saver,4036,726,200,4962,EaseMyTrip,Available,True,VALID,,,SINGLETON::OBS00469,False,,RETAINED_UNIQUE,True,
OBS00470,bb72acfb7988,bcaa3f42d7cf,BLR,COK,IX,IX-431,2026-09-07,19:30,2026-09-05 09:00,2,T1(0-2),Economy Flexi,9194,1655,200,11049,Goibibo,Available,True,VALID,,,SINGLETON::OBS00470,False,,RETAINED_UNIQUE,True,
OBS00471,e1c09bb959bd,bcaa3f42d7cf,BLR,COK,IX,IX-431,2026-09-07,19:30,2026-09-05 09:00,2,T1(0-2),Economy Flexi,9581,1725,100,11406,AirlineSite,Available,True,VALID,,,SINGLETON::OBS00471,False,,RETAINED_UNIQUE,True,
OBS00472,35008c6d5e81,0843eb384bfd,BLR,COK,IX,IX-431,2026-09-13,19:30,2026-09-05 09:00,8,T7(5-9),Economy Flexi,8934,1608,180,10722,EaseMyTrip,Available,True,VALID,,,SINGLETON::OBS00472,False,,RETAINED_UNIQUE,True,
OBS00473,2fb8b7b891b9,d9b95a8f6d68,BLR,COK,IX,IX-431,2026-09-13,19:30,2026-09-05 09:00,8,T7(5-9),Economy Standard,7384,1329,200,8913,AirlineSite,Available,True,VALID,,,SINGLETON::OBS00473,False,,RETAINED_UNIQUE,True,
OBS00474,59e24cc6c1fd,89b89f859ec3,BLR,COK,IX,IX-431,2026-09-21,19:30,2026-09-05 09:00,16,T15(12-18),Economy Saver,4678,842,150,5670,EaseMyTrip,Available,True,VALID,,,SINGLETON::OBS00474,False,,RETAINED_UNIQUE,True,
OBS00475,760e2110fe7a,260e368686be,BLR,COK,IX,IX-431,2026-10-06,19:30,2026-09-05 09:00,31,T30(25-35),Economy Standard,5489,988,120,6597,Goibibo,Available,True,VALID,,,SINGLETON::OBS00475,False,,RETAINED_UNIQUE,True,
OBS00476,365c4780e0b9,260e368686be,BLR,COK,IX,IX-431,2026-10-06,19:30,2026-09-05 09:00,31,T30(25-35),Economy Standard,5346,962,100,6408,EaseMyTrip,Available,True,VALID,,,SINGLETON::OBS00476,False,,RETAINED_UNIQUE,True,
OBS00477,d5cb56bba2c1,b61670541bdf,BLR,COK,IX,IX-431,2026-10-06,19:30,2026-09-05 09:00,31,T30(25-35),Economy Saver,4202,756,180,5138,AirlineSite,Available,True,VALID,,,SINGLETON::OBS00477,False,,RETAINED_UNIQUE,True,
OBS00478,5773c826e9fe,1e1685095858,BLR,COK,IX,IX-431,2026-10-22,19:30,2026-09-05 09:00,47,T45(40-50),Economy Saver,4242,764,180,5186,AirlineSite,Available,True,VALID,,,SINGLETON::OBS00478,False,,RETAINED_UNIQUE,True,
OBS00479,3c0e4d01d774,12c49ccd7325,BLR,COK,IX,IX-431,2026-10-22,19:30,2026-09-05 09:00,47,T45(40-50),Economy Flexi,6927,1247,100,8274,EaseMyTrip,Available,True,VALID,,,SINGLETON::OBS00479,False,,RETAINED_UNIQUE,True,
OBS00480,4290cd943eca,12c49ccd7325,BLR,COK,IX,IX-431,2026-10-22,19:30,2026-09-05 09:00,47,T45(40-50),Economy Flexi,6488,1168,200,7856,AirlineSite,Available,True,VALID,,,SINGLETON::OBS00480,False,,RETAINED_UNIQUE,True,
OBS00481,6fa55655619f,59a3acf5af83,DEL,IDR,6E,6E-284,2026-09-07,20:30,2026-09-05 09:00,2,T1(0-2),Economy Saver,5956,1072,150,7178,EaseMyTrip,Available,True,VALID,,,SINGLETON::OBS00481,False,,RETAINED_UNIQUE,True,
OBS00482,77f99966e01f,59a3acf5af83,DEL,IDR,6E,6E-284,2026-09-07,20:30,2026-09-05 09:00,2,T1(0-2),Economy Saver,5856,1054,120,7030,AirlineSite,Available,True,VALID,,,SINGLETON::OBS00482,False,,RETAINED_UNIQUE,True,
OBS00483,1209219d03e5,f9851eeeb5fa,DEL,IDR,6E,6E-284,2026-09-13,20:30,2026-09-05 09:00,8,T7(5-9),Economy Flexi,8376,1508,120,10004,AirlineSite,Available,True,VALID,,,SINGLETON::OBS00483,False,,RETAINED_UNIQUE,True,
OBS00484,0821ead8dc50,f9851eeeb5fa,DEL,IDR,6E,6E-284,2026-09-13,20:30,2026-09-05 09:00,8,T7(5-9),Economy Flexi,8723,1570,180,10473,Cleartrip,Available,True,VALID,,,SINGLETON::OBS00484,False,,RETAINED_UNIQUE,True,
OBS00485,56a39b2906fe,1ad82d35d489,DEL,IDR,6E,6E-284,2026-09-21,20:30,2026-09-05 09:00,16,T15(12-18),Economy Standard,6145,1106,150,7401,EaseMyTrip,Available,True,VALID,,,SINGLETON::OBS00485,False,,RETAINED_UNIQUE,True,
OBS00486,d911edc46f19,731368c6b934,DEL,IDR,6E,6E-284,2026-09-21,20:30,2026-09-05 09:00,16,T15(12-18),Economy Saver,4637,835,100,5572,AirlineSite,Available,True,VALID,,,SINGLETON::OBS00486,False,,RETAINED_UNIQUE,True,
OBS00487,84ea57dd380e,fc24873a51eb,DEL,IDR,6E,6E-284,2026-10-06,20:30,2026-09-05 09:00,31,T30(25-35),Economy Flexi,6853,1234,180,8267,AirlineSite,Available,True,VALID,,,SINGLETON::OBS00487,False,,RETAINED_UNIQUE,True,
OBS00488,ec4a333f7d6a,fc24873a51eb,DEL,IDR,6E,6E-284,2026-10-06,20:30,2026-09-05 09:00,31,T30(25-35),Economy Flexi,6660,1199,150,8009,Cleartrip,Available,True,VALID,,,SINGLETON::OBS00488,False,,RETAINED_UNIQUE,True,
OBS00489,787ec98a987d,1b4e5a1ec847,DEL,IDR,6E,6E-284,2026-10-06,20:30,2026-09-05 09:00,31,T30(25-35),Economy Standard,5551,999,180,6730,Goibibo,Available,True,VALID,,,SINGLETON::OBS00489,False,,RETAINED_UNIQUE,True,
OBS00490,4cef8434d0ee,1b4e5a1ec847,DEL,IDR,6E,6E-284,2026-10-06,20:30,2026-09-05 09:00,31,T30(25-35),Economy Standard,5230,941,200,6371,MMT,Available,True,VALID,,,SINGLETON::OBS00490,False,,RETAINED_UNIQUE,True,
OBS00491,7748403ee111,99c1af3069c3,DEL,IDR,6E,6E-284,2026-10-22,20:30,2026-09-05 09:00,47,T45(40-50),Economy Saver,4097,737,120,4954,Cleartrip,Available,True,VALID,,,SINGLETON::OBS00491,False,,RETAINED_UNIQUE,True,
OBS00492,c0ade2385a20,4b4406916997,DEL,IDR,6E,6E-284,2026-10-22,20:30,2026-09-05 09:00,47,T45(40-50),Economy Flexi,6406,1153,100,7659,Cleartrip,Available,True,VALID,,,SINGLETON::OBS00492,False,,RETAINED_UNIQUE,True,
OBS00493,98a3d41f70f9,4b4406916997,DEL,IDR,6E,6E-284,2026-10-22,20:30,2026-09-05 09:00,47,T45(40-50),Economy Flexi,6958,1253,180,8391,EaseMyTrip,Available,True,VALID,,,SINGLETON::OBS00493,False,,RETAINED_UNIQUE,True,
OBS00494,a19d7fb54fba,59a3acf5af83,DEL,IDR,AI,AI-635,2026-09-07,16:30,2026-09-05 09:00,2,T1(0-2),Economy Saver,6109,1100,200,7409,MMT,Available,True,VALID,,,SINGLETON::OBS00494,False,,RETAINED_UNIQUE,True,
OBS00495,0b9398079184,b2029b11641d,DEL,IDR,AI,AI-635,2026-09-13,16:30,2026-09-05 09:00,8,T7(5-9),Economy Saver,5544,998,200,6742,Cleartrip,Available,True,VALID,,,SINGLETON::OBS00495,False,,RETAINED_UNIQUE,True,
OBS00496,d3d1c1ddd495,f9851eeeb5fa,DEL,IDR,AI,AI-635,2026-09-13,16:30,2026-09-05 09:00,8,T7(5-9),Economy Flexi,8487,1528,180,10195,Goibibo,Available,True,VALID,,,SINGLETON::OBS00496,False,,RETAINED_UNIQUE,True,
OBS00497,ffcad621c75e,f9851eeeb5fa,DEL,IDR,AI,AI-635,2026-09-13,16:30,2026-09-05 09:00,8,T7(5-9),Economy Flexi,8905,1603,200,10708,AirlineSite,Available,True,VALID,,,SINGLETON::OBS00497,False,,RETAINED_UNIQUE,True,
OBS00498,6f1be26dc829,ea8fe78033cd,DEL,IDR,AI,AI-635,2026-09-21,16:30,2026-09-05 09:00,16,T15(12-18),Economy Flexi,7093,1277,150,8520,Goibibo,Available,True,VALID,,,SINGLETON::OBS00498,False,,RETAINED_UNIQUE,True,
OBS00499,6ab5afa71949,1b4e5a1ec847,DEL,IDR,AI,AI-635,2026-10-06,16:30,2026-09-05 09:00,31,T30(25-35),Economy Standard,5274,949,150,6373,AirlineSite,Available,True,VALID,,,SINGLETON::OBS00499,False,,RETAINED_UNIQUE,True,
OBS00500,ca3a5f2be0a2,fc24873a51eb,DEL,IDR,AI,AI-635,2026-10-06,16:30,2026-09-05 09:00,31,T30(25-35),Economy Flexi,6853,1233,150,8236,Cleartrip,Available,True,VALID,,,SINGLETON::OBS00500,False,,RETAINED_UNIQUE,True,
OBS00501,5657cb5ad24f,fc24873a51eb,DEL,IDR,AI,AI-635,2026-10-06,16:30,2026-09-05 09:00,31,T30(25-35),Economy Flexi,6502,1170,120,7792,Goibibo,Available,True,VALID,,,SINGLETON::OBS00501,False,,RETAINED_UNIQUE,True,
OBS00502,b22b187b1050,4b4406916997,DEL,IDR,AI,AI-635,2026-10-22,16:30,2026-09-05 09:00,47,T45(40-50),Economy Flexi,6537,1177,180,7894,AirlineSite,Available,True,VALID,,,SINGLETON::OBS00502,False,,RETAINED_UNIQUE,True,
OBS00503,75fb153c80d5,4b4406916997,DEL,IDR,AI,AI-635,2026-10-22,16:30,2026-09-05 09:00,47,T45(40-50),Economy Flexi,6555,1180,200,7935,MMT,Available,True,VALID,,,SINGLETON::OBS00503,False,,RETAINED_UNIQUE,True,
OBS00504,e8e62e38357f,99c1af3069c3,DEL,IDR,AI,AI-635,2026-10-22,16:30,2026-09-05 09:00,47,T45(40-50),Economy Saver,4173,751,200,5124,Cleartrip,Available,True,VALID,,,SINGLETON::OBS00504,False,,RETAINED_UNIQUE,True,
OBS00505,d713216c9ba6,99c1af3069c3,DEL,IDR,AI,AI-635,2026-10-22,16:30,2026-09-05 09:00,47,T45(40-50),Economy Saver,4089,736,150,4975,Goibibo,Available,True,VALID,,,SINGLETON::OBS00505,False,,RETAINED_UNIQUE,True,
OBS00506,71cde7b92b10,59a3acf5af83,DEL,IDR,IX,IX-221,2026-09-07,11:45,2026-09-05 09:00,2,T1(0-2),Economy Saver,6436,1158,120,7714,Cleartrip,Available,True,VALID,,,SINGLETON::OBS00506,False,,RETAINED_UNIQUE,True,
OBS00507,1b2958ec1fb1,59a3acf5af83,DEL,IDR,IX,IX-221,2026-09-07,11:45,2026-09-05 09:00,2,T1(0-2),Economy Saver,6045,1088,150,7283,Goibibo,Available,True,VALID,,,SINGLETON::OBS00507,False,,RETAINED_UNIQUE,True,
OBS00508,faf9632aa43a,9d37ef07173b,DEL,IDR,IX,IX-221,2026-09-07,11:45,2026-09-05 09:00,2,T1(0-2),Economy Standard,8247,1484,120,9851,Cleartrip,Available,True,VALID,,,SINGLETON::OBS00508,False,,RETAINED_UNIQUE,True,
OBS00509,0a122dfc6702,9d37ef07173b,DEL,IDR,IX,IX-221,2026-09-07,11:45,2026-09-05 09:00,2,T1(0-2),Economy Standard,7981,1436,200,9617,AirlineSite,Available,True,VALID,,,SINGLETON::OBS00509,False,,RETAINED_UNIQUE,True,
OBS00510,c5ff1ed79ae5,f9851eeeb5fa,DEL,IDR,IX,IX-221,2026-09-13,11:45,2026-09-05 09:00,8,T7(5-9),Economy Flexi,9046,1628,120,10794,Goibibo,Available,True,VALID,,,SINGLETON::OBS00510,False,,RETAINED_UNIQUE,True,
OBS00511,5889287aaff3,1ad82d35d489,DEL,IDR,IX,IX-221,2026-09-21,11:45,2026-09-05 09:00,16,T15(12-18),Economy Standard,6079,1094,120,7293,Goibibo,Available,True,VALID,,,SINGLETON::OBS00511,False,,RETAINED_UNIQUE,True,
OBS00512,29c7c1a32300,1ad82d35d489,DEL,IDR,IX,IX-221,2026-09-21,11:45,2026-09-05 09:00,16,T15(12-18),Economy Standard,5852,1053,120,7025,MMT,Available,True,VALID,,,SINGLETON::OBS00512,False,,RETAINED_UNIQUE,True,
OBS00513,a17135a804a8,731368c6b934,DEL,IDR,IX,IX-221,2026-09-21,11:45,2026-09-05 09:00,16,T15(12-18),Economy Saver,4643,836,200,5679,Goibibo,Available,True,VALID,,,SINGLETON::OBS00513,False,,RETAINED_UNIQUE,True,
OBS00514,d9c5961074c3,731368c6b934,DEL,IDR,IX,IX-221,2026-09-21,11:45,2026-09-05 09:00,16,T15(12-18),Economy Saver,4657,838,180,5675,AirlineSite,Available,True,VALID,,,SINGLETON::OBS00514,False,,RETAINED_UNIQUE,True,
OBS00515,56f540cabd9d,fc24873a51eb,DEL,IDR,IX,IX-221,2026-10-06,11:45,2026-09-05 09:00,31,T30(25-35),Economy Flexi,6408,1153,120,7681,EaseMyTrip,Available,True,VALID,,,SINGLETON::OBS00515,False,,RETAINED_UNIQUE,True,
OBS00516,d6e96853fec4,fc24873a51eb,DEL,IDR,IX,IX-221,2026-10-06,11:45,2026-09-05 09:00,31,T30(25-35),Economy Flexi,6770,1219,150,8139,AirlineSite,Available,True,VALID,,,SINGLETON::OBS00516,False,,RETAINED_UNIQUE,True,
OBS00517,3e1e3ec240f6,2892fdfab01b,DEL,IDR,IX,IX-221,2026-10-06,11:45,2026-09-05 09:00,31,T30(25-35),Economy Saver,4051,729,180,4960,EaseMyTrip,Available,True,VALID,,,SINGLETON::OBS00517,False,,RETAINED_UNIQUE,True,
OBS00518,8665d3d5237f,5872d5a74b16,DEL,IDR,IX,IX-221,2026-10-22,11:45,2026-09-05 09:00,47,T45(40-50),Economy Standard,5324,958,200,6482,AirlineSite,Available,True,VALID,,,SINGLETON::OBS00518,False,,RETAINED_UNIQUE,True,
OBS00519,98b0a340c584,99c1af3069c3,DEL,IDR,IX,IX-221,2026-10-22,11:45,2026-09-05 09:00,47,T45(40-50),Economy Saver,4189,754,180,5123,Goibibo,Available,True,VALID,,,SINGLETON::OBS00519,False,,RETAINED_UNIQUE,True,
OBS00520,bd02aa2c70ad,8c0fb03401c5,BOM,DEL,6E,6E-2341,2026-09-07,08:00,2026-09-05 14:30,2,T1(0-2),Economy Standard,7599,1368,180,9147,Goibibo,Available,True,VALID,,,SINGLETON::OBS00520,False,,RETAINED_UNIQUE,True,
OBS00521,292c3984d7e4,b591dca76702,BOM,DEL,6E,6E-2341,2026-09-13,08:00,2026-09-05 14:30,8,T7(5-9),Economy Saver,5412,974,180,6566,Cleartrip,Available,True,VALID,,,SINGLETON::OBS00521,False,,RETAINED_UNIQUE,True,
OBS00522,9ca61f75061c,9f15c8f3920d,BOM,DEL,6E,6E-2341,2026-09-21,08:00,2026-09-05 14:30,16,T15(12-18),Economy Flexi,7040,1267,180,8487,Cleartrip,Available,True,VALID,,,SINGLETON::OBS00522,False,,RETAINED_UNIQUE,True,
OBS00523,735725401bf3,9f15c8f3920d,BOM,DEL,6E,6E-2341,2026-09-21,08:00,2026-09-05 14:30,16,T15(12-18),Economy Flexi,7201,1296,150,8647,Goibibo,Available,True,VALID,,,SINGLETON::OBS00523,False,,RETAINED_UNIQUE,True,
OBS00524,87db4bbe6572,c486b2c50264,BOM,DEL,6E,6E-2341,2026-10-06,08:00,2026-09-05 14:30,31,T30(25-35),Economy Flexi,6896,1241,100,8237,AirlineSite,Available,True,VALID,,,SINGLETON::OBS00524,False,,RETAINED_UNIQUE,True,
OBS00525,ecae48b16a7e,2e9daa0e056f,BOM,DEL,6E,6E-2341,2026-10-22,08:00,2026-09-05 14:30,47,T45(40-50),Economy Flexi,6451,1161,120,7732,EaseMyTrip,Available,True,VALID,,,SINGLETON::OBS00525,False,,RETAINED_UNIQUE,True,
OBS00526,245bd078bade,ff6869a5fa7a,BOM,DEL,AI,AI-865,2026-09-07,16:15,2026-09-05 14:30,2,T1(0-2),Economy Flexi,9790,1762,120,11672,MMT,Available,True,VALID,,,SINGLETON::OBS00526,False,,RETAINED_UNIQUE,True,
OBS00527,dcff9951c18c,ff6869a5fa7a,BOM,DEL,AI,AI-865,2026-09-07,16:15,2026-09-05 14:30,2,T1(0-2),Economy Flexi,9800,1764,180,11744,Goibibo,Available,True,VALID,,,SINGLETON::OBS00527,False,,RETAINED_UNIQUE,True,
OBS00528,29ee5e73775c,8c0fb03401c5,BOM,DEL,AI,AI-865,2026-09-07,16:15,2026-09-05 14:30,2,T1(0-2),Economy Standard,7869,1416,180,9465,AirlineSite,Available,True,VALID,,,SINGLETON::OBS00528,False,,RETAINED_UNIQUE,True,
OBS00529,20679ea359d9,8c0fb03401c5,BOM,DEL,AI,AI-865,2026-09-07,16:15,2026-09-05 14:30,2,T1(0-2),Economy Standard,7821,1408,120,9349,MMT,Available,True,VALID,,,SINGLETON::OBS00529,False,,RETAINED_UNIQUE,True,
OBS00530,fdfb15a4bde1,5ef6cb68b433,BOM,DEL,AI,AI-865,2026-09-13,16:15,2026-09-05 14:30,8,T7(5-9),Economy Standard,6811,1226,200,8237,EaseMyTrip,Available,True,VALID,,,SINGLETON::OBS00530,False,,RETAINED_UNIQUE,True,
OBS00531,2052f0f28977,aed9f9810eed,BOM,DEL,AI,AI-865,2026-09-21,16:15,2026-09-05 14:30,16,T15(12-18),Economy Standard,5770,1039,180,6989,MMT,Available,True,VALID,,,SINGLETON::OBS00531,False,,RETAINED_UNIQUE,True,
OBS00532,2480e6bfb7e4,aed9f9810eed,BOM,DEL,AI,AI-865,2026-09-21,16:15,2026-09-05 14:30,16,T15(12-18),Economy Standard,6016,1083,150,7249,Goibibo,Available,True,VALID,,,SINGLETON::OBS00532,False,,RETAINED_UNIQUE,True,
OBS00533,03b3d46ed762,c486b2c50264,BOM,DEL,AI,AI-865,2026-10-06,16:15,2026-09-05 14:30,31,T30(25-35),Economy Flexi,6568,1182,180,7930,Cleartrip,Available,True,VALID,,,SINGLETON::OBS00533,False,,RETAINED_UNIQUE,True,
OBS00534,1887b25a2339,db17d6d495a3,BOM,DEL,AI,AI-865,2026-10-06,16:15,2026-09-05 14:30,31,T30(25-35),Economy Standard,5680,1022,200,6902,Cleartrip,Available,True,VALID,,,SINGLETON::OBS00534,False,,RETAINED_UNIQUE,True,
OBS00535,09b4e696e26c,2e9daa0e056f,BOM,DEL,AI,AI-865,2026-10-22,16:15,2026-09-05 14:30,47,T45(40-50),Economy Flexi,6414,1154,150,7718,Cleartrip,Available,True,VALID,,,SINGLETON::OBS00535,False,,RETAINED_UNIQUE,True,
OBS00536,d5793151ea1c,a2655fd02851,BOM,DEL,QP,QP-1123,2026-09-07,18:45,2026-09-05 14:30,2,T1(0-2),Economy Saver,6101,1098,120,7319,MMT,Available,True,VALID,,,SINGLETON::OBS00536,False,,RETAINED_UNIQUE,True,
OBS00537,4b7cee892d41,a2655fd02851,BOM,DEL,QP,QP-1123,2026-09-07,18:45,2026-09-05 14:30,2,T1(0-2),Economy Saver,6196,1115,180,7491,Goibibo,Available,True,VALID,,,SINGLETON::OBS00537,False,,RETAINED_UNIQUE,True,
OBS00538,164d1f304218,5ef6cb68b433,BOM,DEL,QP,QP-1123,2026-09-13,18:45,2026-09-05 14:30,8,T7(5-9),Economy Standard,6856,1234,150,8240,EaseMyTrip,Available,True,VALID,,,SINGLETON::OBS00538,False,,RETAINED_UNIQUE,True,
OBS00539,eade80545cf8,3f84138c4009,BOM,DEL,QP,QP-1123,2026-09-21,18:45,2026-09-05 14:30,16,T15(12-18),Economy Saver,4835,870,100,5805,Goibibo,Available,True,VALID,,,SINGLETON::OBS00539,False,,RETAINED_UNIQUE,True,
OBS00540,2c94a5655486,3f84138c4009,BOM,DEL,QP,QP-1123,2026-09-21,18:45,2026-09-05 14:30,16,T15(12-18),Economy Saver,4659,839,120,5618,AirlineSite,Available,True,VALID,,,SINGLETON::OBS00540,False,,RETAINED_UNIQUE,True,
OBS00541,409453f72e0a,c486b2c50264,BOM,DEL,QP,QP-1123,2026-10-06,18:45,2026-09-05 14:30,31,T30(25-35),Economy Flexi,6805,1225,180,8210,Goibibo,Available,True,VALID,,,SINGLETON::OBS00541,False,,RETAINED_UNIQUE,True,
OBS00542,3799b5d230bb,c486b2c50264,BOM,DEL,QP,QP-1123,2026-10-06,18:45,2026-09-05 14:30,31,T30(25-35),Economy Flexi,6659,1199,100,7958,EaseMyTrip,Available,True,VALID,,,SINGLETON::OBS00542,False,,RETAINED_UNIQUE,True,
OBS00543,fd342ee8f6d5,db17d6d495a3,BOM,DEL,QP,QP-1123,2026-10-06,18:45,2026-09-05 14:30,31,T30(25-35),Economy Standard,5342,962,150,6454,MMT,Available,True,VALID,,,SINGLETON::OBS00543,False,,RETAINED_UNIQUE,True,
OBS00544,d64f0f9862ad,2e9daa0e056f,BOM,DEL,QP,QP-1123,2026-10-22,18:45,2026-09-05 14:30,47,T45(40-50),Economy Flexi,6709,1208,180,8097,MMT,Available,True,VALID,,,SINGLETON::OBS00544,False,,RETAINED_UNIQUE,True,
OBS00545,77c2fc410d5c,2e9daa0e056f,BOM,DEL,QP,QP-1123,2026-10-22,18:45,2026-09-05 14:30,47,T45(40-50),Economy Flexi,6699,1206,100,8005,Goibibo,Available,True,VALID,,,SINGLETON::OBS00545,False,,RETAINED_UNIQUE,True,
OBS00546,1f466dbb86d5,d9e2346419c4,BLR,DEL,6E,6E-5011,2026-09-07,13:45,2026-09-05 14:30,2,T1(0-2),Economy Standard,8112,1460,180,9752,EaseMyTrip,Available,True,VALID,,,SINGLETON::OBS00546,False,,RETAINED_UNIQUE,True,
OBS00547,b9195e93ffc6,d9e2346419c4,BLR,DEL,6E,6E-5011,2026-09-07,13:45,2026-09-05 14:30,2,T1(0-2),Economy Standard,7945,1430,180,9555,AirlineSite,Available,True,VALID,,,SINGLETON::OBS00547,False,,RETAINED_UNIQUE,True,
OBS00548,ad00c329fcce,dc430b25a5ca,BLR,DEL,6E,6E-5011,2026-09-13,13:45,2026-09-05 14:30,8,T7(5-9),Economy Flexi,8987,1618,100,10705,Cleartrip,Available,True,VALID,,,SINGLETON::OBS00548,False,,RETAINED_UNIQUE,True,
OBS00549,0a498e1ac1bf,fa460205682d,BLR,DEL,6E,6E-5011,2026-09-21,13:45,2026-09-05 14:30,16,T15(12-18),Economy Standard,6216,1119,100,7435,Goibibo,Available,True,VALID,,,SINGLETON::OBS00549,False,,RETAINED_UNIQUE,True,
OBS00550,14e7359075ce,8e4874510531,BLR,DEL,6E,6E-5011,2026-09-21,13:45,2026-09-05 14:30,16,T15(12-18),Economy Flexi,7558,1360,200,9118,MMT,Available,True,VALID,,,SINGLETON::OBS00550,False,,RETAINED_UNIQUE,True,
OBS00551,e64acfa16490,ba0de94a3dda,BLR,DEL,6E,6E-5011,2026-10-06,13:45,2026-09-05 14:30,31,T30(25-35),Economy Flexi,6428,1157,120,7705,EaseMyTrip,Available,True,VALID,,,SINGLETON::OBS00551,False,,RETAINED_UNIQUE,True,
OBS00552,0a1b030e3136,bad1720ebf2f,BLR,DEL,6E,6E-5011,2026-10-06,13:45,2026-09-05 14:30,31,T30(25-35),Economy Standard,5492,989,200,6681,AirlineSite,Available,True,VALID,,,SINGLETON::OBS00552,False,,RETAINED_UNIQUE,True,
OBS00553,2a4e14579734,4073ebc581a9,BLR,DEL,6E,6E-5011,2026-10-22,13:45,2026-09-05 14:30,47,T45(40-50),Economy Flexi,6714,1209,200,8123,Cleartrip,Available,True,VALID,,,SINGLETON::OBS00553,False,,RETAINED_UNIQUE,True,
OBS00554,ca231cf8b144,4073ebc581a9,BLR,DEL,6E,6E-5011,2026-10-22,13:45,2026-09-05 14:30,47,T45(40-50),Economy Flexi,6986,1258,100,8344,EaseMyTrip,Available,True,VALID,,,SINGLETON::OBS00554,False,,RETAINED_UNIQUE,True,
OBS00555,ba06d5faadc5,68a92c115f71,BLR,DEL,6E,6E-5011,2026-10-22,13:45,2026-09-05 14:30,47,T45(40-50),Economy Saver,4418,795,150,5363,Goibibo,Available,True,VALID,,,SINGLETON::OBS00555,False,,RETAINED_UNIQUE,True,
OBS00556,d133ddaf235a,722a18223014,BLR,DEL,AI,AI-503,2026-09-07,19:15,2026-09-05 14:30,2,T1(0-2),Economy Flexi,9327,1679,150,11156,MMT,Available,True,VALID,,,SINGLETON::OBS00556,False,,RETAINED_UNIQUE,True,
OBS00557,302625b932ef,dc430b25a5ca,BLR,DEL,AI,AI-503,2026-09-13,19:15,2026-09-05 14:30,8,T7(5-9),Economy Flexi,8732,1572,150,10454,Goibibo,Available,True,VALID,,,SINGLETON::OBS00557,False,,RETAINED_UNIQUE,True,
OBS00558,03acb9f88e65,dc430b25a5ca,BLR,DEL,AI,AI-503,2026-09-13,19:15,2026-09-05 14:30,8,T7(5-9),Economy Flexi,8775,1580,180,10535,MMT,Available,True,VALID,,,SINGLETON::OBS00558,False,,RETAINED_UNIQUE,True,
OBS00559,3f6761e8e292,e9016f4c5dda,BLR,DEL,AI,AI-503,2026-09-21,19:15,2026-09-05 14:30,16,T15(12-18),Economy Saver,4756,856,150,5762,EaseMyTrip,Available,True,VALID,,,SINGLETON::OBS00559,False,,RETAINED_UNIQUE,True,
OBS00560,d5978f7f28a4,e9016f4c5dda,BLR,DEL,AI,AI-503,2026-09-21,19:15,2026-09-05 14:30,16,T15(12-18),Economy Saver,4645,836,180,5661,Cleartrip,Available,True,VALID,,,SINGLETON::OBS00560,False,,RETAINED_UNIQUE,True,
OBS00561,04eff019faa0,8e4874510531,BLR,DEL,AI,AI-503,2026-09-21,19:15,2026-09-05 14:30,16,T15(12-18),Economy Flexi,7600,1368,100,9068,EaseMyTrip,Available,True,VALID,,,SINGLETON::OBS00561,False,,RETAINED_UNIQUE,True,
OBS00562,594d2ea9bff3,8e4874510531,BLR,DEL,AI,AI-503,2026-09-21,19:15,2026-09-05 14:30,16,T15(12-18),Economy Flexi,7500,1350,180,9030,AirlineSite,Available,True,VALID,,,SINGLETON::OBS00562,False,,RETAINED_UNIQUE,True,
OBS00563,6006b55e4e09,4755462a0777,BLR,DEL,AI,AI-503,2026-10-06,19:15,2026-09-05 14:30,31,T30(25-35),Economy Saver,4378,788,180,5346,Goibibo,Available,True,VALID,,,SINGLETON::OBS00563,False,,RETAINED_UNIQUE,True,
OBS00564,fc4948ca1e59,bad1720ebf2f,BLR,DEL,AI,AI-503,2026-10-06,19:15,2026-09-05 14:30,31,T30(25-35),Economy Standard,5366,966,200,6532,Cleartrip,Available,True,VALID,,,SINGLETON::OBS00564,False,,RETAINED_UNIQUE,True,
OBS00565,dc447be79e11,bad1720ebf2f,BLR,DEL,AI,AI-503,2026-10-06,19:15,2026-09-05 14:30,31,T30(25-35),Economy Standard,5255,946,180,6381,EaseMyTrip,Available,True,VALID,,,SINGLETON::OBS00565,False,,RETAINED_UNIQUE,True,
OBS00566,6479684b5173,4073ebc581a9,BLR,DEL,AI,AI-503,2026-10-22,19:15,2026-09-05 14:30,47,T45(40-50),Economy Flexi,6749,1215,180,8144,AirlineSite,Available,True,VALID,,,SINGLETON::OBS00566,False,,RETAINED_UNIQUE,True,
OBS00567,fcd4ebfc5e96,68a92c115f71,BLR,DEL,AI,AI-503,2026-10-22,19:15,2026-09-05 14:30,47,T45(40-50),Economy Saver,4422,796,120,5338,AirlineSite,Available,True,VALID,,,SINGLETON::OBS00567,False,,RETAINED_UNIQUE,True,
OBS00568,94182c09ac35,d9e2346419c4,BLR,DEL,IX,IX-782,2026-09-07,09:30,2026-09-05 14:30,2,T1(0-2),Economy Standard,8208,1477,150,9835,MMT,Available,True,VALID,,,SINGLETON::OBS00568,False,,RETAINED_UNIQUE,True,
OBS00569,d5716383802f,d9e2346419c4,BLR,DEL,IX,IX-782,2026-09-07,09:30,2026-09-05 14:30,2,T1(0-2),Economy Standard,7641,1375,150,9166,EaseMyTrip,Available,True,VALID,,,SINGLETON::OBS00569,False,,RETAINED_UNIQUE,True,
OBS00570,3c77a9dc3c40,55af73a9c051,BLR,DEL,IX,IX-782,2026-09-07,09:30,2026-09-05 14:30,2,T1(0-2),Economy Saver,5999,1080,150,7229,Cleartrip,Available,True,VALID,,,SINGLETON::OBS00570,False,,RETAINED_UNIQUE,True,
OBS00571,2d9635dc2698,c01f5270b3d8,BLR,DEL,IX,IX-782,2026-09-13,09:30,2026-09-05 14:30,8,T7(5-9),Economy Saver,5476,986,100,6562,Cleartrip,Available,True,VALID,,,SINGLETON::OBS00571,False,,RETAINED_UNIQUE,True,
OBS00572,8b5b7f3206fc,c01f5270b3d8,BLR,DEL,IX,IX-782,2026-09-13,09:30,2026-09-05 14:30,8,T7(5-9),Economy Saver,5626,1013,100,6739,MMT,Available,True,VALID,,,SINGLETON::OBS00572,False,,RETAINED_UNIQUE,True,
OBS00573,0c605a9159e3,fa460205682d,BLR,DEL,IX,IX-782,2026-09-21,09:30,2026-09-05 14:30,16,T15(12-18),Economy Standard,6055,1090,200,7345,MMT,Available,True,VALID,,,SINGLETON::OBS00573,False,,RETAINED_UNIQUE,True,
OBS00574,74f5810cf1ea,4755462a0777,BLR,DEL,IX,IX-782,2026-10-06,09:30,2026-09-05 14:30,31,T30(25-35),Economy Saver,4323,778,180,5281,AirlineSite,Available,True,VALID,,,SINGLETON::OBS00574,False,,RETAINED_UNIQUE,True,
OBS00575,92f07c1c890b,4755462a0777,BLR,DEL,IX,IX-782,2026-10-06,09:30,2026-09-05 14:30,31,T30(25-35),Economy Saver,4062,731,180,4973,Goibibo,Available,True,VALID,,,SINGLETON::OBS00575,False,,RETAINED_UNIQUE,True,
OBS00576,7f705c98f381,ba0de94a3dda,BLR,DEL,IX,IX-782,2026-10-06,09:30,2026-09-05 14:30,31,T30(25-35),Economy Flexi,6404,1153,150,7707,AirlineSite,Available,True,VALID,,,SINGLETON::OBS00576,False,,RETAINED_UNIQUE,True,
OBS00577,a71d9b9f713b,68a92c115f71,BLR,DEL,IX,IX-782,2026-10-22,09:30,2026-09-05 14:30,47,T45(40-50),Economy Saver,4061,731,200,4992,MMT,Available,True,VALID,,,SINGLETON::OBS00577,False,,RETAINED_UNIQUE,True,
OBS00578,0d2f6b403e0d,9c48d0587db6,BLR,DEL,IX,IX-782,2026-10-22,09:30,2026-09-05 14:30,47,T45(40-50),Economy Standard,5535,996,180,6711,EaseMyTrip,Available,True,VALID,,,SINGLETON::OBS00578,False,,RETAINED_UNIQUE,True,
OBS00579,aba11b8f1cf2,932597b646f6,BLR,BOM,6E,6E-442,2026-09-07,06:30,2026-09-05 14:30,2,T1(0-2),Economy Flexi,9777,1760,180,11717,Goibibo,Available,True,VALID,,,SINGLETON::OBS00579,False,,RETAINED_UNIQUE,True,
OBS00580,b5b6d941834e,f51a950a8dae,BLR,BOM,6E,6E-442,2026-09-07,06:30,2026-09-05 14:30,2,T1(0-2),Economy Saver,6392,1151,120,7663,AirlineSite,Available,True,VALID,,,SINGLETON::OBS00580,False,,RETAINED_UNIQUE,True,
OBS00581,71eea8a1b88e,8cbacff05554,BLR,BOM,6E,6E-442,2026-09-13,06:30,2026-09-05 14:30,8,T7(5-9),Economy Flexi,8507,1531,120,10158,Cleartrip,Available,True,VALID,,,SINGLETON::OBS00581,False,,RETAINED_UNIQUE,True,
OBS00582,21688c9a1b50,8cbacff05554,BLR,BOM,6E,6E-442,2026-09-13,06:30,2026-09-05 14:30,8,T7(5-9),Economy Flexi,8449,1521,100,10070,Goibibo,Available,True,VALID,,,SINGLETON::OBS00582,False,,RETAINED_UNIQUE,True,
OBS00583,4caa356460f1,0c23682ee73d,BLR,BOM,6E,6E-442,2026-09-21,06:30,2026-09-05 14:30,16,T15(12-18),Economy Flexi,7119,1281,200,8600,AirlineSite,Available,True,VALID,,,SINGLETON::OBS00583,False,,RETAINED_UNIQUE,True,
OBS00584,78e10ad50782,0c23682ee73d,BLR,BOM,6E,6E-442,2026-09-21,06:30,2026-09-05 14:30,16,T15(12-18),Economy Flexi,7340,1321,180,8841,Cleartrip,Available,True,VALID,,,SINGLETON::OBS00584,False,,RETAINED_UNIQUE,True,
OBS00585,3304cc621f09,f5e32b9982ab,BLR,BOM,6E,6E-442,2026-10-06,06:30,2026-09-05 14:30,31,T30(25-35),Economy Flexi,6591,1186,120,7897,Goibibo,Available,True,VALID,,,SINGLETON::OBS00585,False,,RETAINED_UNIQUE,True,
OBS00586,1f4270d125bf,c7e9ed313a8c,BLR,BOM,6E,6E-442,2026-10-06,06:30,2026-09-05 14:30,31,T30(25-35),Economy Saver,4254,766,100,5120,EaseMyTrip,Available,True,VALID,,,SINGLETON::OBS00586,False,,RETAINED_UNIQUE,True,
OBS00587,f990218f705b,c7e9ed313a8c,BLR,BOM,6E,6E-442,2026-10-06,06:30,2026-09-05 14:30,31,T30(25-35),Economy Saver,4446,800,150,5396,AirlineSite,Available,True,VALID,,,SINGLETON::OBS00587,False,,RETAINED_UNIQUE,True,
OBS00588,839039048c44,4525a8c22f91,BLR,BOM,6E,6E-442,2026-10-22,06:30,2026-09-05 14:30,47,T45(40-50),Economy Standard,5596,1007,100,6703,Cleartrip,Available,True,VALID,,,SINGLETON::OBS00588,False,,RETAINED_UNIQUE,True,
OBS00589,cf5c924d4ddd,4525a8c22f91,BLR,BOM,6E,6E-442,2026-10-22,06:30,2026-09-05 14:30,47,T45(40-50),Economy Standard,5193,935,100,6228,MMT,Available,True,VALID,,,SINGLETON::OBS00589,False,,RETAINED_UNIQUE,True,
OBS00590,761dd3fb6c68,26becfeedc51,BLR,BOM,AI,AI-610,2026-09-07,15:45,2026-09-05 14:30,2,T1(0-2),Economy Standard,8239,1483,180,9902,AirlineSite,Available,True,VALID,,,SINGLETON::OBS00590,False,,RETAINED_UNIQUE,True,
OBS00591,896822b19ebe,8cbacff05554,BLR,BOM,AI,AI-610,2026-09-13,15:45,2026-09-05 14:30,8,T7(5-9),Economy Flexi,8786,1582,200,10568,Goibibo,Available,True,VALID,,,SINGLETON::OBS00591,False,,RETAINED_UNIQUE,True,
OBS00592,c0223110061b,8cbacff05554,BLR,BOM,AI,AI-610,2026-09-13,15:45,2026-09-05 14:30,8,T7(5-9),Economy Flexi,8765,1578,150,10493,AirlineSite,Available,True,VALID,,,SINGLETON::OBS00592,False,,RETAINED_UNIQUE,True,
OBS00593,43355a7ff8ea,010fa77d8be5,BLR,BOM,AI,AI-610,2026-09-13,15:45,2026-09-05 14:30,8,T7(5-9),Economy Standard,6795,1223,120,8138,Cleartrip,Available,True,VALID,,,SINGLETON::OBS00593,False,,RETAINED_UNIQUE,True,
OBS00594,84b00791f7be,0c23682ee73d,BLR,BOM,AI,AI-610,2026-09-21,15:45,2026-09-05 14:30,16,T15(12-18),Economy Flexi,7195,1295,180,8670,Goibibo,Available,True,VALID,,,SINGLETON::OBS00594,False,,RETAINED_UNIQUE,True,
OBS00595,706a4de74ad7,0c23682ee73d,BLR,BOM,AI,AI-610,2026-09-21,15:45,2026-09-05 14:30,16,T15(12-18),Economy Flexi,7500,1350,120,8970,AirlineSite,Available,True,VALID,,,SINGLETON::OBS00595,False,,RETAINED_UNIQUE,True,
OBS00596,9c632a27ac96,c7e9ed313a8c,BLR,BOM,AI,AI-610,2026-10-06,15:45,2026-09-05 14:30,31,T30(25-35),Economy Saver,4081,735,200,5016,Goibibo,Available,True,VALID,,,SINGLETON::OBS00596,False,,RETAINED_UNIQUE,True,
OBS00597,89d6a754ee6e,4525a8c22f91,BLR,BOM,AI,AI-610,2026-10-22,15:45,2026-09-05 14:30,47,T45(40-50),Economy Standard,5191,934,120,6245,AirlineSite,Available,True,VALID,,,SINGLETON::OBS00597,False,,RETAINED_UNIQUE,True,
OBS00598,9e0c3f9e7cd9,f51a950a8dae,BLR,BOM,QP,QP-1304,2026-09-07,05:00,2026-09-05 14:30,2,T1(0-2),Economy Saver,5948,1071,120,7139,Cleartrip,Available,True,VALID,,,SINGLETON::OBS00598,False,,RETAINED_UNIQUE,True,
OBS00599,d885d60180d7,f51a950a8dae,BLR,BOM,QP,QP-1304,2026-09-07,05:00,2026-09-05 14:30,2,T1(0-2),Economy Saver,6303,1135,150,7588,EaseMyTrip,Available,True,VALID,,,SINGLETON::OBS00599,False,,RETAINED_UNIQUE,True,
OBS00600,408714c5d653,bdd7f33da793,BLR,BOM,QP,QP-1304,2026-09-13,05:00,2026-09-05 14:30,8,T7(5-9),Economy Saver,5528,995,150,6673,Goibibo,Available,True,VALID,,,SINGLETON::OBS00600,False,,RETAINED_UNIQUE,True,
OBS00601,d6306f44d479,bdd7f33da793,BLR,BOM,QP,QP-1304,2026-09-13,05:00,2026-09-05 14:30,8,T7(5-9),Economy Saver,5631,1013,200,6844,Cleartrip,Available,True,VALID,,,SINGLETON::OBS00601,False,,RETAINED_UNIQUE,True,
OBS00602,225f12f47e0a,29a1e7ee3f5f,BLR,BOM,QP,QP-1304,2026-09-21,05:00,2026-09-05 14:30,16,T15(12-18),Economy Standard,5735,1032,200,6967,EaseMyTrip,Available,True,VALID,,,SINGLETON::OBS00602,False,,RETAINED_UNIQUE,True,
OBS00603,e020b91379e1,29a1e7ee3f5f,BLR,BOM,QP,QP-1304,2026-09-21,05:00,2026-09-05 14:30,16,T15(12-18),Economy Standard,5802,1044,120,6966,Cleartrip,Available,True,VALID,,,SINGLETON::OBS00603,False,,RETAINED_UNIQUE,True,
OBS00604,e414358d21ca,c7e9ed313a8c,BLR,BOM,QP,QP-1304,2026-10-06,05:00,2026-09-05 14:30,31,T30(25-35),Economy Saver,4033,726,100,4859,EaseMyTrip,Available,True,VALID,,,SINGLETON::OBS00604,False,,RETAINED_UNIQUE,True,
OBS00605,51e63f97b39e,f5e32b9982ab,BLR,BOM,QP,QP-1304,2026-10-06,05:00,2026-09-05 14:30,31,T30(25-35),Economy Flexi,6647,1197,180,8024,AirlineSite,Available,True,VALID,,,SINGLETON::OBS00605,False,,RETAINED_UNIQUE,True,
OBS00606,f18189cb18d2,0112fca850a4,BLR,BOM,QP,QP-1304,2026-10-22,05:00,2026-09-05 14:30,47,T45(40-50),Economy Saver,4369,786,180,5335,EaseMyTrip,Available,True,VALID,,,SINGLETON::OBS00606,False,,RETAINED_UNIQUE,True,
OBS00607,bdd2a0840de2,bc62c9a2c6d9,DEL,HYD,6E,6E-773,2026-09-07,19:45,2026-09-05 14:30,2,T1(0-2),Economy Standard,8234,1482,150,9866,Goibibo,Available,True,VALID,,,SINGLETON::OBS00607,False,,RETAINED_UNIQUE,True,
OBS00608,9475f9c76389,90e6988d0798,DEL,HYD,6E,6E-773,2026-09-13,19:45,2026-09-05 14:30,8,T7(5-9),Economy Saver,5609,1010,100,6719,EaseMyTrip,Available,True,VALID,,,SINGLETON::OBS00608,False,,RETAINED_UNIQUE,True,
OBS00609,ccc0b6c924a4,837e7336fb50,DEL,HYD,6E,6E-773,2026-09-13,19:45,2026-09-05 14:30,8,T7(5-9),Economy Standard,7304,1315,100,8719,MMT,Available,True,VALID,,,SINGLETON::OBS00609,False,,RETAINED_UNIQUE,True,
OBS00610,850ae1d7ca44,a875679bf975,DEL,HYD,6E,6E-773,2026-09-21,19:45,2026-09-05 14:30,16,T15(12-18),Economy Saver,4475,806,180,5461,Cleartrip,Available,True,VALID,,,SINGLETON::OBS00610,False,,RETAINED_UNIQUE,True,
OBS00611,8f8d7bccb9e8,a875679bf975,DEL,HYD,6E,6E-773,2026-09-21,19:45,2026-09-05 14:30,16,T15(12-18),Economy Saver,4439,799,120,5358,EaseMyTrip,Available,True,VALID,,,SINGLETON::OBS00611,False,,RETAINED_UNIQUE,True,
OBS00612,3bf6de1bc4e2,35819298f9e2,DEL,HYD,6E,6E-773,2026-09-21,19:45,2026-09-05 14:30,16,T15(12-18),Economy Standard,6142,1106,120,7368,EaseMyTrip,Available,True,VALID,,,SINGLETON::OBS00612,False,,RETAINED_UNIQUE,True,
OBS00613,b0b6912ca723,35819298f9e2,DEL,HYD,6E,6E-773,2026-09-21,19:45,2026-09-05 14:30,16,T15(12-18),Economy Standard,5978,1076,200,7254,Cleartrip,Available,True,VALID,,,SINGLETON::OBS00613,False,,RETAINED_UNIQUE,True,
OBS00614,ed6aa427690a,9dd906a8c1ec,DEL,HYD,6E,6E-773,2026-10-06,19:45,2026-09-05 14:30,31,T30(25-35),Economy Saver,4424,796,100,5320,AirlineSite,Available,True,VALID,,,SINGLETON::OBS00614,False,,RETAINED_UNIQUE,True,
OBS00615,4cbb67456894,491b40137db8,DEL,HYD,6E,6E-773,2026-10-06,19:45,2026-09-05 14:30,31,T30(25-35),Economy Flexi,6565,1182,100,7847,EaseMyTrip,Available,True,VALID,,,SINGLETON::OBS00615,False,,RETAINED_UNIQUE,True,
OBS00616,4a53f95c66ea,7244fba44546,DEL,HYD,6E,6E-773,2026-10-22,19:45,2026-09-05 14:30,47,T45(40-50),Economy Saver,4255,766,120,5141,AirlineSite,Available,True,VALID,,,SINGLETON::OBS00616,False,,RETAINED_UNIQUE,True,
OBS00617,f39bc25bd368,7244fba44546,DEL,HYD,6E,6E-773,2026-10-22,19:45,2026-09-05 14:30,47,T45(40-50),Economy Saver,4208,757,100,5065,MMT,Available,True,VALID,,,SINGLETON::OBS00617,False,,RETAINED_UNIQUE,True,
OBS00618,4a37f31dbf42,8aac2712339e,DEL,HYD,6E,6E-773,2026-10-22,19:45,2026-09-05 14:30,47,T45(40-50),Economy Standard,5234,942,120,6296,Cleartrip,Available,True,VALID,,,SINGLETON::OBS00618,False,,RETAINED_UNIQUE,True,
OBS00619,72c7391a57db,5feedb4dfa11,DEL,HYD,AI,AI-540,2026-09-07,05:15,2026-09-05 14:30,2,T1(0-2),Economy Flexi,9671,1741,180,11592,AirlineSite,Available,True,VALID,,,SINGLETON::OBS00619,False,,RETAINED_UNIQUE,True,
OBS00620,e42f24a4d848,5feedb4dfa11,DEL,HYD,AI,AI-540,2026-09-07,05:15,2026-09-05 14:30,2,T1(0-2),Economy Flexi,9259,1667,200,11126,EaseMyTrip,Available,True,VALID,,,SINGLETON::OBS00620,False,,RETAINED_UNIQUE,True,
OBS00621,f6658b617b23,bc62c9a2c6d9,DEL,HYD,AI,AI-540,2026-09-07,05:15,2026-09-05 14:30,2,T1(0-2),Economy Standard,8035,1446,120,9601,Goibibo,Available,True,VALID,,,SINGLETON::OBS00621,False,,RETAINED_UNIQUE,True,
OBS00622,bb15963fe11c,837e7336fb50,DEL,HYD,AI,AI-540,2026-09-13,05:15,2026-09-05 14:30,8,T7(5-9),Economy Standard,7231,1302,150,8683,Cleartrip,Available,True,VALID,,,SINGLETON::OBS00622,False,,RETAINED_UNIQUE,True,
OBS00623,e31b9051dc1f,837e7336fb50,DEL,HYD,AI,AI-540,2026-09-13,05:15,2026-09-05 14:30,8,T7(5-9),Economy Standard,6962,1253,150,8365,Goibibo,Available,True,VALID,,,SINGLETON::OBS00623,False,,RETAINED_UNIQUE,True,
OBS00624,c1f4a57490da,a875679bf975,DEL,HYD,AI,AI-540,2026-09-21,05:15,2026-09-05 14:30,16,T15(12-18),Economy Saver,4796,863,200,5859,MMT,Available,True,VALID,,,SINGLETON::OBS00624,False,,RETAINED_UNIQUE,True,
OBS00625,ea8492853d64,9dd906a8c1ec,DEL,HYD,AI,AI-540,2026-10-06,05:15,2026-09-05 14:30,31,T30(25-35),Economy Saver,4221,760,150,5131,MMT,Available,True,VALID,,,SINGLETON::OBS00625,False,,RETAINED_UNIQUE,True,
OBS00626,d7eeca40fd48,7244fba44546,DEL,HYD,AI,AI-540,2026-10-22,05:15,2026-09-05 14:30,47,T45(40-50),Economy Saver,4161,749,150,5060,Goibibo,Available,True,VALID,,,SINGLETON::OBS00626,False,,RETAINED_UNIQUE,True,
OBS00627,b8d5a078e612,8aac2712339e,DEL,HYD,AI,AI-540,2026-10-22,05:15,2026-09-05 14:30,47,T45(40-50),Economy Standard,5269,948,150,6367,AirlineSite,Available,True,VALID,,,SINGLETON::OBS00627,False,,RETAINED_UNIQUE,True,
OBS00628,233ae0e91e16,d5e2b4ddaa51,DEL,HYD,SG,SG-451,2026-09-07,19:15,2026-09-05 14:30,2,T1(0-2),Economy Saver,6279,1130,150,7559,MMT,Available,True,VALID,,,SINGLETON::OBS00628,False,,RETAINED_UNIQUE,True,
OBS00629,d690f1718a9e,d5e2b4ddaa51,DEL,HYD,SG,SG-451,2026-09-07,19:15,2026-09-05 14:30,2,T1(0-2),Economy Saver,6088,1096,100,7284,AirlineSite,Available,True,VALID,,,SINGLETON::OBS00629,False,,RETAINED_UNIQUE,True,
OBS00630,708f0f925fea,837e7336fb50,DEL,HYD,SG,SG-451,2026-09-13,19:15,2026-09-05 14:30,8,T7(5-9),Economy Standard,7339,1321,200,8860,Goibibo,Available,True,VALID,,,SINGLETON::OBS00630,False,,RETAINED_UNIQUE,True,
OBS00631,f84aa5990367,90e6988d0798,DEL,HYD,SG,SG-451,2026-09-13,19:15,2026-09-05 14:30,8,T7(5-9),Economy Saver,5494,989,120,6603,AirlineSite,Available,True,VALID,,,SINGLETON::OBS00631,False,,RETAINED_UNIQUE,True,
OBS00632,4fc0c36684d8,a875679bf975,DEL,HYD,SG,SG-451,2026-09-21,19:15,2026-09-05 14:30,16,T15(12-18),Economy Saver,4496,809,180,5485,MMT,Available,True,VALID,,,SINGLETON::OBS00632,False,,RETAINED_UNIQUE,True,
OBS00633,dfe97bcfcc86,491b40137db8,DEL,HYD,SG,SG-451,2026-10-06,19:15,2026-09-05 14:30,31,T30(25-35),Economy Flexi,6994,1259,120,8373,AirlineSite,Available,True,VALID,,,SINGLETON::OBS00633,False,,RETAINED_UNIQUE,True,
OBS00634,a91585ee6491,491b40137db8,DEL,HYD,SG,SG-451,2026-10-06,19:15,2026-09-05 14:30,31,T30(25-35),Economy Flexi,6932,1248,180,8360,EaseMyTrip,Available,True,VALID,,,SINGLETON::OBS00634,False,,RETAINED_UNIQUE,True,
OBS00635,69700d7a9d33,9dd906a8c1ec,DEL,HYD,SG,SG-451,2026-10-06,19:15,2026-09-05 14:30,31,T30(25-35),Economy Saver,4412,794,150,5356,AirlineSite,Available,True,VALID,,,SINGLETON::OBS00635,False,,RETAINED_UNIQUE,True,
OBS00636,da652becf505,7244fba44546,DEL,HYD,SG,SG-451,2026-10-22,19:15,2026-09-05 14:30,47,T45(40-50),Economy Saver,4420,796,180,5396,AirlineSite,Available,True,VALID,,,SINGLETON::OBS00636,False,,RETAINED_UNIQUE,True,
OBS00637,dbb299bbd65d,7244fba44546,DEL,HYD,SG,SG-451,2026-10-22,19:15,2026-09-05 14:30,47,T45(40-50),Economy Saver,4377,788,180,5345,MMT,Available,True,VALID,,,SINGLETON::OBS00637,False,,RETAINED_UNIQUE,True,
OBS00638,04dad895ecaa,a8801d53a141,DEL,PNQ,6E,6E-381,2026-09-07,11:15,2026-09-05 14:30,2,T1(0-2),Economy Saver,5977,1076,120,7173,MMT,Available,True,VALID,,,SINGLETON::OBS00638,False,,RETAINED_UNIQUE,True,
OBS00639,08600bdd71d9,a8801d53a141,DEL,PNQ,6E,6E-381,2026-09-07,11:15,2026-09-05 14:30,2,T1(0-2),Economy Saver,6014,1082,180,7276,Cleartrip,Available,True,VALID,,,SINGLETON::OBS00639,False,,RETAINED_UNIQUE,True,
OBS00640,b3c17c6a7d5d,19af43e69a05,DEL,PNQ,6E,6E-381,2026-09-07,11:15,2026-09-05 14:30,2,T1(0-2),Economy Standard,7998,1440,200,9638,AirlineSite,Available,True,VALID,,,SINGLETON::OBS00640,False,,RETAINED_UNIQUE,True,
OBS00641,376486a19da0,cecf6a66f3ae,DEL,PNQ,6E,6E-381,2026-09-13,11:15,2026-09-05 14:30,8,T7(5-9),Economy Flexi,8994,1619,180,10793,Goibibo,Available,True,VALID,,,SINGLETON::OBS00641,False,,RETAINED_UNIQUE,True,
OBS00642,147682105964,cecf6a66f3ae,DEL,PNQ,6E,6E-381,2026-09-13,11:15,2026-09-05 14:30,8,T7(5-9),Economy Flexi,8289,1492,150,9931,EaseMyTrip,Available,True,VALID,,,SINGLETON::OBS00642,False,,RETAINED_UNIQUE,True,
OBS00643,3a4b42bdd657,e95996c1e9a8,DEL,PNQ,6E,6E-381,2026-09-21,11:15,2026-09-05 14:30,16,T15(12-18),Economy Saver,4550,819,200,5569,EaseMyTrip,Available,True,VALID,,,SINGLETON::OBS00643,False,,RETAINED_UNIQUE,True,
OBS00644,3519d3ed7a2f,41ad798c40cc,DEL,PNQ,6E,6E-381,2026-09-21,11:15,2026-09-05 14:30,16,T15(12-18),Economy Standard,6167,1110,150,7427,Goibibo,Available,True,VALID,,,SINGLETON::OBS00644,False,,RETAINED_UNIQUE,True,
OBS00645,66e3f5666531,bc619faaa108,DEL,PNQ,6E,6E-381,2026-10-06,11:15,2026-09-05 14:30,31,T30(25-35),Economy Flexi,6592,1187,120,7899,EaseMyTrip,Available,True,VALID,,,SINGLETON::OBS00645,False,,RETAINED_UNIQUE,True,
OBS00646,c619f378fded,bc619faaa108,DEL,PNQ,6E,6E-381,2026-10-06,11:15,2026-09-05 14:30,31,T30(25-35),Economy Flexi,6353,1144,200,7697,Cleartrip,Available,True,VALID,,,SINGLETON::OBS00646,False,,RETAINED_UNIQUE,True,
OBS00647,2b90974c0feb,cbdbb0deec9f,DEL,PNQ,6E,6E-381,2026-10-06,11:15,2026-09-05 14:30,31,T30(25-35),Economy Standard,5668,1020,150,6838,AirlineSite,Available,True,VALID,,,SINGLETON::OBS00647,False,,RETAINED_UNIQUE,True,
OBS00648,ed3d12b3ba96,8aecaccbbbb4,DEL,PNQ,6E,6E-381,2026-10-22,11:15,2026-09-05 14:30,47,T45(40-50),Economy Standard,5710,1028,100,6838,EaseMyTrip,Available,True,VALID,,,SINGLETON::OBS00648,False,,RETAINED_UNIQUE,True,
OBS00649,eb4ee65cdcc8,8aecaccbbbb4,DEL,PNQ,6E,6E-381,2026-10-22,11:15,2026-09-05 14:30,47,T45(40-50),Economy Standard,5318,957,120,6395,MMT,Available,True,VALID,,,SINGLETON::OBS00649,False,,RETAINED_UNIQUE,True,
OBS00650,8cb19c0f7c68,72635f6a0550,DEL,PNQ,AI,AI-851,2026-09-07,06:00,2026-09-05 14:30,2,T1(0-2),Economy Flexi,9997,1800,180,11977,EaseMyTrip,Available,True,VALID,,,SINGLETON::OBS00650,False,,RETAINED_UNIQUE,True,
OBS00651,490b064b3cab,a8801d53a141,DEL,PNQ,AI,AI-851,2026-09-07,06:00,2026-09-05 14:30,2,T1(0-2),Economy Saver,5990,1078,150,7218,MMT,Available,True,VALID,,,SINGLETON::OBS00651,False,,RETAINED_UNIQUE,True,
OBS00652,00922ae8e96b,a8801d53a141,DEL,PNQ,AI,AI-851,2026-09-07,06:00,2026-09-05 14:30,2,T1(0-2),Economy Saver,6337,1141,150,7628,EaseMyTrip,Available,True,VALID,,,SINGLETON::OBS00652,False,,RETAINED_UNIQUE,True,
OBS00653,f060b4ed59cd,cecf6a66f3ae,DEL,PNQ,AI,AI-851,2026-09-13,06:00,2026-09-05 14:30,8,T7(5-9),Economy Flexi,8720,1570,120,10410,EaseMyTrip,Available,True,VALID,,,SINGLETON::OBS00653,False,,RETAINED_UNIQUE,True,
OBS00654,2aa512b02f83,cecf6a66f3ae,DEL,PNQ,AI,AI-851,2026-09-13,06:00,2026-09-05 14:30,8,T7(5-9),Economy Flexi,8955,1612,180,10747,MMT,Available,True,VALID,,,SINGLETON::OBS00654,False,,RETAINED_UNIQUE,True,
OBS00655,d348930d508d,e95996c1e9a8,DEL,PNQ,AI,AI-851,2026-09-21,06:00,2026-09-05 14:30,16,T15(12-18),Economy Saver,4461,803,200,5464,AirlineSite,Available,True,VALID,,,SINGLETON::OBS00655,False,,RETAINED_UNIQUE,True,
OBS00656,44c2b935c03b,41ad798c40cc,DEL,PNQ,AI,AI-851,2026-09-21,06:00,2026-09-05 14:30,16,T15(12-18),Economy Standard,6015,1083,100,7198,AirlineSite,Available,True,VALID,,,SINGLETON::OBS00656,False,,RETAINED_UNIQUE,True,
OBS00657,a9ffd1c257fc,bc619faaa108,DEL,PNQ,AI,AI-851,2026-10-06,06:00,2026-09-05 14:30,31,T30(25-35),Economy Flexi,6809,1226,150,8185,Cleartrip,Available,True,VALID,,,SINGLETON::OBS00657,False,,RETAINED_UNIQUE,True,
OBS00658,bd8216d9fcf4,50750fd81b95,DEL,PNQ,AI,AI-851,2026-10-06,06:00,2026-09-05 14:30,31,T30(25-35),Economy Saver,4094,737,120,4951,AirlineSite,Available,True,VALID,,,SINGLETON::OBS00658,False,,RETAINED_UNIQUE,True,
OBS00659,416e6f80b270,ee07df20eeb4,DEL,PNQ,AI,AI-851,2026-10-22,06:00,2026-09-05 14:30,47,T45(40-50),Economy Flexi,6801,1224,180,8205,AirlineSite,Available,True,VALID,,,SINGLETON::OBS00659,False,,RETAINED_UNIQUE,True,
OBS00660,4e27289690be,ee07df20eeb4,DEL,PNQ,AI,AI-851,2026-10-22,06:00,2026-09-05 14:30,47,T45(40-50),Economy Flexi,6723,1210,150,8083,Cleartrip,Available,True,VALID,,,SINGLETON::OBS00660,False,,RETAINED_UNIQUE,True,
OBS00661,3e5da05a83f0,19af43e69a05,DEL,PNQ,QP,QP-1201,2026-09-07,21:45,2026-09-05 14:30,2,T1(0-2),Economy Standard,8137,1465,180,9782,Goibibo,Available,True,VALID,,,SINGLETON::OBS00661,False,,RETAINED_UNIQUE,True,
OBS00662,381625bf2b4a,a8801d53a141,DEL,PNQ,QP,QP-1201,2026-09-07,21:45,2026-09-05 14:30,2,T1(0-2),Economy Saver,5982,1077,200,7259,MMT,Available,True,VALID,,,SINGLETON::OBS00662,False,,RETAINED_UNIQUE,True,
OBS00663,543a40090a87,a8801d53a141,DEL,PNQ,QP,QP-1201,2026-09-07,21:45,2026-09-05 14:30,2,T1(0-2),Economy Saver,6342,1142,180,7664,Cleartrip,Available,True,VALID,,,SINGLETON::OBS00663,False,,RETAINED_UNIQUE,True,
OBS00664,be852f38f469,cecf6a66f3ae,DEL,PNQ,QP,QP-1201,2026-09-13,21:45,2026-09-05 14:30,8,T7(5-9),Economy Flexi,8862,1595,200,10657,MMT,Available,True,VALID,,,SINGLETON::OBS00664,False,,RETAINED_UNIQUE,True,
OBS00665,5c6c0e6b7838,3b633c1887e2,DEL,PNQ,QP,QP-1201,2026-09-13,21:45,2026-09-05 14:30,8,T7(5-9),Economy Standard,6867,1236,150,8253,EaseMyTrip,Available,True,VALID,,,SINGLETON::OBS00665,False,,RETAINED_UNIQUE,True,
OBS00666,89bd3d510c35,3b633c1887e2,DEL,PNQ,QP,QP-1201,2026-09-13,21:45,2026-09-05 14:30,8,T7(5-9),Economy Standard,7386,1329,200,8915,AirlineSite,Available,True,VALID,,,SINGLETON::OBS00666,False,,RETAINED_UNIQUE,True,
OBS00667,34cd2f1e669e,8100ad44f132,DEL,PNQ,QP,QP-1201,2026-09-21,21:45,2026-09-05 14:30,16,T15(12-18),Economy Flexi,7072,1273,100,8445,Goibibo,Available,True,VALID,,,SINGLETON::OBS00667,False,,RETAINED_UNIQUE,True,
OBS00668,2ed2b09480d9,cbdbb0deec9f,DEL,PNQ,QP,QP-1201,2026-10-06,21:45,2026-09-05 14:30,31,T30(25-35),Economy Standard,5628,1013,150,6791,MMT,Available,True,VALID,,,SINGLETON::OBS00668,False,,RETAINED_UNIQUE,True,
OBS00669,d64b98bf9066,cbdbb0deec9f,DEL,PNQ,QP,QP-1201,2026-10-06,21:45,2026-09-05 14:30,31,T30(25-35),Economy Standard,5425,977,150,6552,AirlineSite,Available,True,VALID,,,SINGLETON::OBS00669,False,,RETAINED_UNIQUE,True,
OBS00670,d1e5b3b04421,6ddcb673b16c,DEL,PNQ,QP,QP-1201,2026-10-22,21:45,2026-09-05 14:30,47,T45(40-50),Economy Saver,4140,745,100,4985,Cleartrip,Available,True,VALID,,,SINGLETON::OBS00670,False,,RETAINED_UNIQUE,True,
OBS00671,b26e57e941c6,d13cabcaabdb,CCU,DEL,6E,6E-6120,2026-09-07,14:00,2026-09-05 14:30,2,T1(0-2),Economy Saver,6437,1159,180,7776,Goibibo,Available,True,VALID,,,SINGLETON::OBS00671,False,,RETAINED_UNIQUE,True,
OBS00672,0b890b7bd95a,d13cabcaabdb,CCU,DEL,6E,6E-6120,2026-09-07,14:00,2026-09-05 14:30,2,T1(0-2),Economy Saver,6147,1106,180,7433,EaseMyTrip,Available,True,VALID,,,SINGLETON::OBS00672,False,,RETAINED_UNIQUE,True,
OBS00673,4da6976929b7,66a9c71352cb,CCU,DEL,6E,6E-6120,2026-09-13,14:00,2026-09-05 14:30,8,T7(5-9),Economy Flexi,8914,1604,200,10718,Goibibo,Available,True,VALID,,,SINGLETON::OBS00673,False,,RETAINED_UNIQUE,True,
OBS00674,0b886e8fb4ff,98b5b77bbda0,CCU,DEL,6E,6E-6120,2026-09-13,14:00,2026-09-05 14:30,8,T7(5-9),Economy Standard,7056,1270,100,8426,MMT,Available,True,VALID,,,SINGLETON::OBS00674,False,,RETAINED_UNIQUE,True,
OBS00675,c7111816ed99,ee6eb3659052,CCU,DEL,6E,6E-6120,2026-09-21,14:00,2026-09-05 14:30,16,T15(12-18),Economy Saver,4593,827,180,5600,AirlineSite,Available,True,VALID,,,SINGLETON::OBS00675,False,,RETAINED_UNIQUE,True,
OBS00676,8086d4ae0892,ee6eb3659052,CCU,DEL,6E,6E-6120,2026-09-21,14:00,2026-09-05 14:30,16,T15(12-18),Economy Saver,4510,812,100,5422,EaseMyTrip,Available,True,VALID,,,SINGLETON::OBS00676,False,,RETAINED_UNIQUE,True,
OBS00677,c18c2342f199,6766c135b14d,CCU,DEL,6E,6E-6120,2026-09-21,14:00,2026-09-05 14:30,16,T15(12-18),Economy Standard,6055,1090,200,7345,Cleartrip,Available,True,VALID,,,SINGLETON::OBS00677,False,,RETAINED_UNIQUE,True,
OBS00678,6b3642d7dc63,79b9e579444a,CCU,DEL,6E,6E-6120,2026-10-06,14:00,2026-09-05 14:30,31,T30(25-35),Economy Flexi,6440,1159,100,7699,MMT,Available,True,VALID,,,SINGLETON::OBS00678,False,,RETAINED_UNIQUE,True,
OBS00679,c0750fc6d35c,79b9e579444a,CCU,DEL,6E,6E-6120,2026-10-06,14:00,2026-09-05 14:30,31,T30(25-35),Economy Flexi,6555,1180,120,7855,Goibibo,Available,True,VALID,,,SINGLETON::OBS00679,False,,RETAINED_UNIQUE,True,
OBS00680,cc05a9392422,99de94a5d6c1,CCU,DEL,6E,6E-6120,2026-10-06,14:00,2026-09-05 14:30,31,T30(25-35),Economy Saver,4309,776,150,5235,EaseMyTrip,Available,True,VALID,,,SINGLETON::OBS00680,False,,RETAINED_UNIQUE,True,
OBS00681,6df2f4692925,99de94a5d6c1,CCU,DEL,6E,6E-6120,2026-10-06,14:00,2026-09-05 14:30,31,T30(25-35),Economy Saver,4132,744,100,4976,Cleartrip,Available,True,VALID,,,SINGLETON::OBS00681,False,,RETAINED_UNIQUE,True,
OBS00682,eadb614c8923,9de466e599ee,CCU,DEL,6E,6E-6120,2026-10-22,14:00,2026-09-05 14:30,47,T45(40-50),Economy Flexi,6574,1183,180,7937,AirlineSite,Available,True,VALID,,,SINGLETON::OBS00682,False,,RETAINED_UNIQUE,True,
OBS00683,8a49e40ebc7c,39b508ae3da0,CCU,DEL,6E,6E-6120,2026-10-22,14:00,2026-09-05 14:30,47,T45(40-50),Economy Standard,5629,1013,200,6842,Cleartrip,Available,True,VALID,,,SINGLETON::OBS00683,False,,RETAINED_UNIQUE,True,
OBS00684,96e98384a70e,d13cabcaabdb,CCU,DEL,AI,AI-701,2026-09-07,09:45,2026-09-05 14:30,2,T1(0-2),Economy Saver,5950,1071,150,7171,MMT,Available,True,VALID,,,SINGLETON::OBS00684,False,,RETAINED_UNIQUE,True,
OBS00685,fafc8db3e05c,5ac7d7c9ad95,CCU,DEL,AI,AI-701,2026-09-07,09:45,2026-09-05 14:30,2,T1(0-2),Economy Flexi,9995,1799,150,11944,Goibibo,Available,True,VALID,,,SINGLETON::OBS00685,False,,RETAINED_UNIQUE,True,
OBS00686,e09e27e00a6d,98b5b77bbda0,CCU,DEL,AI,AI-701,2026-09-13,09:45,2026-09-05 14:30,8,T7(5-9),Economy Standard,6869,1236,180,8285,AirlineSite,Available,True,VALID,,,SINGLETON::OBS00686,False,,RETAINED_UNIQUE,True,
OBS00687,d10d726c5e48,98b5b77bbda0,CCU,DEL,AI,AI-701,2026-09-13,09:45,2026-09-05 14:30,8,T7(5-9),Economy Standard,6999,1260,180,8439,Goibibo,Available,True,VALID,,,SINGLETON::OBS00687,False,,RETAINED_UNIQUE,True,
OBS00688,66c77866ea9c,66a9c71352cb,CCU,DEL,AI,AI-701,2026-09-13,09:45,2026-09-05 14:30,8,T7(5-9),Economy Flexi,8614,1551,150,10315,Cleartrip,Available,True,VALID,,,SINGLETON::OBS00688,False,,RETAINED_UNIQUE,True,
OBS00689,607588a4c12f,6766c135b14d,CCU,DEL,AI,AI-701,2026-09-21,09:45,2026-09-05 14:30,16,T15(12-18),Economy Standard,6149,1107,100,7356,MMT,Available,True,VALID,,,SINGLETON::OBS00689,False,,RETAINED_UNIQUE,True,
OBS00690,0a25455a2895,79b9e579444a,CCU,DEL,AI,AI-701,2026-10-06,09:45,2026-09-05 14:30,31,T30(25-35),Economy Flexi,6977,1256,200,8433,EaseMyTrip,Available,True,VALID,,,SINGLETON::OBS00690,False,,RETAINED_UNIQUE,True,
OBS00691,81924e8a34ad,79b9e579444a,CCU,DEL,AI,AI-701,2026-10-06,09:45,2026-09-05 14:30,31,T30(25-35),Economy Flexi,6486,1168,100,7754,Goibibo,Available,True,VALID,,,SINGLETON::OBS00691,False,,RETAINED_UNIQUE,True,
OBS00692,214f14cd3a93,9de466e599ee,CCU,DEL,AI,AI-701,2026-10-22,09:45,2026-09-05 14:30,47,T45(40-50),Economy Flexi,6650,1197,100,7947,EaseMyTrip,Available,True,VALID,,,SINGLETON::OBS00692,False,,RETAINED_UNIQUE,True,
OBS00693,8c30342f2a5f,9de466e599ee,CCU,DEL,AI,AI-701,2026-10-22,09:45,2026-09-05 14:30,47,T45(40-50),Economy Flexi,6597,1187,100,7884,MMT,Available,True,VALID,,,SINGLETON::OBS00693,False,,RETAINED_UNIQUE,True,
OBS00694,05362216113e,39b508ae3da0,CCU,DEL,AI,AI-701,2026-10-22,09:45,2026-09-05 14:30,47,T45(40-50),Economy Standard,5697,1025,180,6902,AirlineSite,Available,True,VALID,,,SINGLETON::OBS00694,False,,RETAINED_UNIQUE,True,
OBS00695,0a4269deeb36,d13cabcaabdb,CCU,DEL,SG,SG-988,2026-09-07,19:30,2026-09-05 14:30,2,T1(0-2),Economy Saver,5923,1066,180,7169,MMT,Available,True,VALID,,,SINGLETON::OBS00695,False,,RETAINED_UNIQUE,True,
OBS00696,402514da9be2,66a9c71352cb,CCU,DEL,SG,SG-988,2026-09-13,19:30,2026-09-05 14:30,8,T7(5-9),Economy Flexi,8952,1611,150,10713,MMT,Available,True,VALID,,,SINGLETON::OBS00696,False,,RETAINED_UNIQUE,True,
OBS00697,0e7a3b9eb24d,66a9c71352cb,CCU,DEL,SG,SG-988,2026-09-13,19:30,2026-09-05 14:30,8,T7(5-9),Economy Flexi,8511,1532,100,10143,EaseMyTrip,Available,True,VALID,,,SINGLETON::OBS00697,False,,RETAINED_UNIQUE,True,
OBS00698,04edb68b3eb2,6766c135b14d,CCU,DEL,SG,SG-988,2026-09-21,19:30,2026-09-05 14:30,16,T15(12-18),Economy Standard,6211,1118,200,7529,EaseMyTrip,Available,True,VALID,,,SINGLETON::OBS00698,False,,RETAINED_UNIQUE,True,
OBS00699,0f0688afee17,6766c135b14d,CCU,DEL,SG,SG-988,2026-09-21,19:30,2026-09-05 14:30,16,T15(12-18),Economy Standard,5975,1075,100,7150,Cleartrip,Available,True,VALID,,,SINGLETON::OBS00699,False,,RETAINED_UNIQUE,True,
OBS00700,a8b0a434e6ae,99de94a5d6c1,CCU,DEL,SG,SG-988,2026-10-06,19:30,2026-09-05 14:30,31,T30(25-35),Economy Saver,4270,769,200,5239,MMT,Available,True,VALID,,,SINGLETON::OBS00700,False,,RETAINED_UNIQUE,True,
OBS00701,a538bcc74481,c0ab8ad7dc38,CCU,DEL,SG,SG-988,2026-10-06,19:30,2026-09-05 14:30,31,T30(25-35),Economy Standard,5488,988,100,6576,AirlineSite,Available,True,VALID,,,SINGLETON::OBS00701,False,,RETAINED_UNIQUE,True,
OBS00702,f4f98c7ebad4,9de466e599ee,CCU,DEL,SG,SG-988,2026-10-22,19:30,2026-09-05 14:30,47,T45(40-50),Economy Flexi,6768,1218,200,8186,Cleartrip,Available,True,VALID,,,SINGLETON::OBS00702,False,,RETAINED_UNIQUE,True,
OBS00703,21c05f4af177,9de466e599ee,CCU,DEL,SG,SG-988,2026-10-22,19:30,2026-09-05 14:30,47,T45(40-50),Economy Flexi,6738,1213,100,8051,Goibibo,Available,True,VALID,,,SINGLETON::OBS00703,False,,RETAINED_UNIQUE,True,
OBS00704,3091c24280d7,39b508ae3da0,CCU,DEL,SG,SG-988,2026-10-22,19:30,2026-09-05 14:30,47,T45(40-50),Economy Standard,5402,972,200,6574,Cleartrip,Available,True,VALID,,,SINGLETON::OBS00704,False,,RETAINED_UNIQUE,True,
OBS00705,e0ca7b677c8f,431253c1f0ec,AMD,DEL,6E,6E-205,2026-09-07,14:30,2026-09-05 14:30,2,T1(0-2),Economy Saver,6301,1134,150,7585,MMT,Available,True,VALID,,,SINGLETON::OBS00705,False,,RETAINED_UNIQUE,True,
OBS00706,5fd666d53611,431253c1f0ec,AMD,DEL,6E,6E-205,2026-09-07,14:30,2026-09-05 14:30,2,T1(0-2),Economy Saver,6393,1151,100,7644,AirlineSite,Available,True,VALID,,,SINGLETON::OBS00706,False,,RETAINED_UNIQUE,True,
OBS00707,074b630e3bcc,a6fea363471c,AMD,DEL,6E,6E-205,2026-09-07,14:30,2026-09-05 14:30,2,T1(0-2),Economy Standard,7736,1393,180,9309,Cleartrip,Available,True,VALID,,,SINGLETON::OBS00707,False,,RETAINED_UNIQUE,True,
OBS00708,e7ef0e67c9b9,a6fea363471c,AMD,DEL,6E,6E-205,2026-09-07,14:30,2026-09-05 14:30,2,T1(0-2),Economy Standard,8189,1474,100,9763,EaseMyTrip,Available,True,VALID,,,SINGLETON::OBS00708,False,,RETAINED_UNIQUE,True,
OBS00709,1678e84205ba,ef482708ca5e,AMD,DEL,6E,6E-205,2026-09-13,14:30,2026-09-05 14:30,8,T7(5-9),Economy Saver,5389,970,180,6539,Goibibo,Available,True,VALID,,,SINGLETON::OBS00709,False,,RETAINED_UNIQUE,True,
OBS00710,3dab3dc601dc,ef482708ca5e,AMD,DEL,6E,6E-205,2026-09-13,14:30,2026-09-05 14:30,8,T7(5-9),Economy Saver,5572,1003,100,6675,Cleartrip,Available,True,VALID,,,SINGLETON::OBS00710,False,,RETAINED_UNIQUE,True,
OBS00711,c256a76aeba1,b5e48fb905f6,AMD,DEL,6E,6E-205,2026-09-21,14:30,2026-09-05 14:30,16,T15(12-18),Economy Standard,6143,1106,200,7449,Goibibo,Available,True,VALID,,,SINGLETON::OBS00711,False,,RETAINED_UNIQUE,True,
OBS00712,4bccd831e0b4,a6c28196d934,AMD,DEL,6E,6E-205,2026-10-06,14:30,2026-09-05 14:30,31,T30(25-35),Economy Saver,4330,779,180,5289,Cleartrip,Available,True,VALID,,,SINGLETON::OBS00712,False,,RETAINED_UNIQUE,True,
OBS00713,9d6b4a8c45d7,6f6bb31ace4e,AMD,DEL,6E,6E-205,2026-10-06,14:30,2026-09-05 14:30,31,T30(25-35),Economy Flexi,6916,1245,100,8261,EaseMyTrip,Available,True,VALID,,,SINGLETON::OBS00713,False,,RETAINED_UNIQUE,True,
OBS00714,23fe50e07465,bba378b16813,AMD,DEL,6E,6E-205,2026-10-22,14:30,2026-09-05 14:30,47,T45(40-50),Economy Saver,4137,745,180,5062,AirlineSite,Available,True,VALID,,,SINGLETON::OBS00714,False,,RETAINED_UNIQUE,True,
OBS00715,ddbe5768ae20,a6fea363471c,AMD,DEL,AI,AI-18,2026-09-07,20:45,2026-09-05 14:30,2,T1(0-2),Economy Standard,7805,1405,180,9390,Cleartrip,Available,True,VALID,,,SINGLETON::OBS00715,False,,RETAINED_UNIQUE,True,
OBS00716,034c808bba8f,028a92b5a9d0,AMD,DEL,AI,AI-18,2026-09-13,20:45,2026-09-05 14:30,8,T7(5-9),Economy Flexi,8556,1540,200,10296,MMT,Available,True,VALID,,,SINGLETON::OBS00716,False,,RETAINED_UNIQUE,True,
OBS00717,c53cc23fb71e,ef482708ca5e,AMD,DEL,AI,AI-18,2026-09-13,20:45,2026-09-05 14:30,8,T7(5-9),Economy Saver,5562,1001,150,6713,MMT,Available,True,VALID,,,SINGLETON::OBS00717,False,,RETAINED_UNIQUE,True,
OBS00718,d63c1e8d5315,ef482708ca5e,AMD,DEL,AI,AI-18,2026-09-13,20:45,2026-09-05 14:30,8,T7(5-9),Economy Saver,5430,977,150,6557,Goibibo,Available,True,VALID,,,SINGLETON::OBS00718,False,,RETAINED_UNIQUE,True,
OBS00719,47ecbf9075e1,b5e48fb905f6,AMD,DEL,AI,AI-18,2026-09-21,20:45,2026-09-05 14:30,16,T15(12-18),Economy Standard,5732,1032,200,6964,Goibibo,Available,True,VALID,,,SINGLETON::OBS00719,False,,RETAINED_UNIQUE,True,
OBS00720,54ec848abe72,a6c28196d934,AMD,DEL,AI,AI-18,2026-10-06,20:45,2026-09-05 14:30,31,T30(25-35),Economy Saver,4145,746,180,5071,MMT,Available,True,VALID,,,SINGLETON::OBS00720,False,,RETAINED_UNIQUE,True,
OBS00721,41deb5d18ade,7f59c7c77479,AMD,DEL,AI,AI-18,2026-10-22,20:45,2026-09-05 14:30,47,T45(40-50),Economy Flexi,6938,1249,120,8307,Goibibo,Available,True,VALID,,,SINGLETON::OBS00721,False,,RETAINED_UNIQUE,True,
OBS00722,6e983ce739fe,431253c1f0ec,AMD,DEL,IX,IX-340,2026-09-07,06:30,2026-09-05 14:30,2,T1(0-2),Economy Saver,6280,1130,150,7560,EaseMyTrip,Available,True,VALID,,,SINGLETON::OBS00722,False,,RETAINED_UNIQUE,True,
OBS00723,78d7a6ff05e4,431253c1f0ec,AMD,DEL,IX,IX-340,2026-09-07,06:30,2026-09-05 14:30,2,T1(0-2),Economy Saver,6104,1099,180,7383,Cleartrip,Available,True,VALID,,,SINGLETON::OBS00723,False,,RETAINED_UNIQUE,True,
OBS00724,820d363fae81,7165fcb4c97e,AMD,DEL,IX,IX-340,2026-09-13,06:30,2026-09-05 14:30,8,T7(5-9),Economy Standard,6951,1251,200,8402,Goibibo,Available,True,VALID,,,SINGLETON::OBS00724,False,,RETAINED_UNIQUE,True,
OBS00725,761276f3a788,028a92b5a9d0,AMD,DEL,IX,IX-340,2026-09-13,06:30,2026-09-05 14:30,8,T7(5-9),Economy Flexi,8243,1484,150,9877,EaseMyTrip,Available,True,VALID,,,SINGLETON::OBS00725,False,,RETAINED_UNIQUE,True,
OBS00726,193e1369ac9a,028a92b5a9d0,AMD,DEL,IX,IX-340,2026-09-13,06:30,2026-09-05 14:30,8,T7(5-9),Economy Flexi,8719,1569,200,10488,AirlineSite,Available,True,VALID,,,SINGLETON::OBS00726,False,,RETAINED_UNIQUE,True,
OBS00727,148fee02544e,b5e48fb905f6,AMD,DEL,IX,IX-340,2026-09-21,06:30,2026-09-05 14:30,16,T15(12-18),Economy Standard,6289,1132,150,7571,AirlineSite,Available,True,VALID,,,SINGLETON::OBS00727,False,,RETAINED_UNIQUE,True,
OBS00728,f7bfe3c38d48,b5e48fb905f6,AMD,DEL,IX,IX-340,2026-09-21,06:30,2026-09-05 14:30,16,T15(12-18),Economy Standard,6214,1119,150,7483,Cleartrip,Available,True,VALID,,,SINGLETON::OBS00728,False,,RETAINED_UNIQUE,True,
OBS00729,7f5e114f82fb,0d6e5e42b899,AMD,DEL,IX,IX-340,2026-09-21,06:30,2026-09-05 14:30,16,T15(12-18),Economy Saver,4674,841,120,5635,MMT,Available,True,VALID,,,SINGLETON::OBS00729,False,,RETAINED_UNIQUE,True,
OBS00730,5e1f233536b5,0d6e5e42b899,AMD,DEL,IX,IX-340,2026-09-21,06:30,2026-09-05 14:30,16,T15(12-18),Economy Saver,4851,873,200,5924,EaseMyTrip,Available,True,VALID,,,SINGLETON::OBS00730,False,,RETAINED_UNIQUE,True,
OBS00731,66b4be63c84d,6f6bb31ace4e,AMD,DEL,IX,IX-340,2026-10-06,06:30,2026-09-05 14:30,31,T30(25-35),Economy Flexi,6769,1218,150,8137,AirlineSite,Available,True,VALID,,,SINGLETON::OBS00731,False,,RETAINED_UNIQUE,True,
OBS00732,5f1a5c7605e9,891219931103,AMD,DEL,IX,IX-340,2026-10-06,06:30,2026-09-05 14:30,31,T30(25-35),Economy Standard,5394,971,100,6465,Goibibo,Available,True,VALID,,,SINGLETON::OBS00732,False,,RETAINED_UNIQUE,True,
OBS00733,d1981f87723b,891219931103,AMD,DEL,IX,IX-340,2026-10-06,06:30,2026-09-05 14:30,31,T30(25-35),Economy Standard,5499,990,200,6689,EaseMyTrip,Available,True,VALID,,,SINGLETON::OBS00733,False,,RETAINED_UNIQUE,True,
OBS00734,ded9ba151762,9159d104c86d,AMD,DEL,IX,IX-340,2026-10-22,06:30,2026-09-05 14:30,47,T45(40-50),Economy Standard,5529,995,180,6704,EaseMyTrip,Available,True,VALID,,,SINGLETON::OBS00734,False,,RETAINED_UNIQUE,True,
OBS00735,99dd7ec96f0f,2ab87310058e,DEL,MAA,6E,6E-843,2026-09-07,06:30,2026-09-05 14:30,2,T1(0-2),Economy Flexi,9361,1685,100,11146,EaseMyTrip,Available,True,VALID,,,SINGLETON::OBS00735,False,,RETAINED_UNIQUE,True,
OBS00736,0b3f46e9123a,e0a68d45346c,DEL,MAA,6E,6E-843,2026-09-07,06:30,2026-09-05 14:30,2,T1(0-2),Economy Standard,8085,1455,200,9740,MMT,Available,True,VALID,,,SINGLETON::OBS00736,False,,RETAINED_UNIQUE,True,
OBS00737,2f2162c4b50f,e0a68d45346c,DEL,MAA,6E,6E-843,2026-09-07,06:30,2026-09-05 14:30,2,T1(0-2),Economy Standard,8114,1461,120,9695,Cleartrip,Available,True,VALID,,,SINGLETON::OBS00737,False,,RETAINED_UNIQUE,True,
OBS00738,86126f1fcd4b,6a5d368858ba,DEL,MAA,6E,6E-843,2026-09-13,06:30,2026-09-05 14:30,8,T7(5-9),Economy Flexi,8428,1517,150,10095,Cleartrip,Available,True,VALID,,,SINGLETON::OBS00738,False,,RETAINED_UNIQUE,True,
OBS00739,2709ddd33ba2,ee44d40bf2b6,DEL,MAA,6E,6E-843,2026-09-13,06:30,2026-09-05 14:30,8,T7(5-9),Economy Saver,5384,969,150,6503,Cleartrip,Available,True,VALID,,,SINGLETON::OBS00739,False,,RETAINED_UNIQUE,True,
OBS00740,3701817e8d19,ee44d40bf2b6,DEL,MAA,6E,6E-843,2026-09-13,06:30,2026-09-05 14:30,8,T7(5-9),Economy Saver,5495,989,100,6584,EaseMyTrip,Available,True,VALID,,,SINGLETON::OBS00740,False,,RETAINED_UNIQUE,True,
OBS00741,04db29364f1a,9000dae36bb3,DEL,MAA,6E,6E-843,2026-09-21,06:30,2026-09-05 14:30,16,T15(12-18),Economy Saver,4836,870,180,5886,MMT,Available,True,VALID,,,SINGLETON::OBS00741,False,,RETAINED_UNIQUE,True,
OBS00742,82fa653d4a6e,9000dae36bb3,DEL,MAA,6E,6E-843,2026-09-21,06:30,2026-09-05 14:30,16,T15(12-18),Economy Saver,4680,842,180,5702,AirlineSite,Available,True,VALID,,,SINGLETON::OBS00742,False,,RETAINED_UNIQUE,True,
OBS00743,50a6e3f28491,aef7f53b8631,DEL,MAA,6E,6E-843,2026-09-21,06:30,2026-09-05 14:30,16,T15(12-18),Economy Flexi,7069,1272,120,8461,MMT,Available,True,VALID,,,SINGLETON::OBS00743,False,,RETAINED_UNIQUE,True,
OBS00744,c5fdad530a6a,092ba413c235,DEL,MAA,6E,6E-843,2026-10-06,06:30,2026-09-05 14:30,31,T30(25-35),Economy Standard,5650,1017,120,6787,Cleartrip,Available,True,VALID,,,SINGLETON::OBS00744,False,,RETAINED_UNIQUE,True,
OBS00745,af9d708a6d33,7e03355123df,DEL,MAA,6E,6E-843,2026-10-06,06:30,2026-09-05 14:30,31,T30(25-35),Economy Flexi,6556,1180,120,7856,Goibibo,Available,True,VALID,,,SINGLETON::OBS00745,False,,RETAINED_UNIQUE,True,
OBS00746,0d56dde72fb9,8a62b318ee2c,DEL,MAA,6E,6E-843,2026-10-22,06:30,2026-09-05 14:30,47,T45(40-50),Economy Flexi,6517,1173,120,7810,Goibibo,Available,True,VALID,,,SINGLETON::OBS00746,False,,RETAINED_UNIQUE,True,
OBS00747,eda39e835f67,0c93f429168e,DEL,MAA,6E,6E-843,2026-10-22,06:30,2026-09-05 14:30,47,T45(40-50),Economy Saver,4362,785,100,5247,Goibibo,Available,True,VALID,,,SINGLETON::OBS00747,False,,RETAINED_UNIQUE,True,
OBS00748,6f991aa4bfbf,2ab87310058e,DEL,MAA,AI,AI-542,2026-09-07,07:00,2026-09-05 14:30,2,T1(0-2),Economy Flexi,9598,1728,180,11506,Goibibo,Available,True,VALID,,,SINGLETON::OBS00748,False,,RETAINED_UNIQUE,True,
OBS00749,494f37f87239,2ab87310058e,DEL,MAA,AI,AI-542,2026-09-07,07:00,2026-09-05 14:30,2,T1(0-2),Economy Flexi,9554,1720,100,11374,EaseMyTrip,Available,True,VALID,,,SINGLETON::OBS00749,False,,RETAINED_UNIQUE,True,
OBS00750,6ab382153bf3,6a5d368858ba,DEL,MAA,AI,AI-542,2026-09-13,07:00,2026-09-05 14:30,8,T7(5-9),Economy Flexi,8886,1600,200,10686,AirlineSite,Available,True,VALID,,,SINGLETON::OBS00750,False,,RETAINED_UNIQUE,True,
OBS00751,cc48265aea5f,6a5d368858ba,DEL,MAA,AI,AI-542,2026-09-13,07:00,2026-09-05 14:30,8,T7(5-9),Economy Flexi,8400,1512,100,10012,Cleartrip,Available,True,VALID,,,SINGLETON::OBS00751,False,,RETAINED_UNIQUE,True,
OBS00752,dc5a17b15826,9000dae36bb3,DEL,MAA,AI,AI-542,2026-09-21,07:00,2026-09-05 14:30,16,T15(12-18),Economy Saver,4483,807,200,5490,Cleartrip,Available,True,VALID,,,SINGLETON::OBS00752,False,,RETAINED_UNIQUE,True,
OBS00753,373b561fdc00,9000dae36bb3,DEL,MAA,AI,AI-542,2026-09-21,07:00,2026-09-05 14:30,16,T15(12-18),Economy Saver,4707,847,120,5674,MMT,Available,True,VALID,,,SINGLETON::OBS00753,False,,RETAINED_UNIQUE,True,
OBS00754,41eb067f20dd,21dfb4be435a,DEL,MAA,AI,AI-542,2026-10-06,07:00,2026-09-05 14:30,31,T30(25-35),Economy Saver,4338,781,200,5319,Cleartrip,Available,True,VALID,,,SINGLETON::OBS00754,False,,RETAINED_UNIQUE,True,
OBS00755,8bb80945e715,21dfb4be435a,DEL,MAA,AI,AI-542,2026-10-06,07:00,2026-09-05 14:30,31,T30(25-35),Economy Saver,4252,765,180,5197,Goibibo,Available,True,VALID,,,SINGLETON::OBS00755,False,,RETAINED_UNIQUE,True,
OBS00756,fa09f20fe81e,61c8f40b5dd6,DEL,MAA,AI,AI-542,2026-10-22,07:00,2026-09-05 14:30,47,T45(40-50),Economy Standard,5273,949,180,6402,Cleartrip,Available,True,VALID,,,SINGLETON::OBS00756,False,,RETAINED_UNIQUE,True,
OBS00757,364489481c58,61c8f40b5dd6,DEL,MAA,AI,AI-542,2026-10-22,07:00,2026-09-05 14:30,47,T45(40-50),Economy Standard,5194,935,120,6249,MMT,Available,True,VALID,,,SINGLETON::OBS00757,False,,RETAINED_UNIQUE,True,
OBS00758,867f3b471f98,493c266cc949,DEL,MAA,IX,IX-621,2026-09-07,05:30,2026-09-05 14:30,2,T1(0-2),Economy Saver,6154,1108,100,7362,EaseMyTrip,Available,True,VALID,,,SINGLETON::OBS00758,False,,RETAINED_UNIQUE,True,
OBS00759,bcc80adb3797,6a5d368858ba,DEL,MAA,IX,IX-621,2026-09-13,05:30,2026-09-05 14:30,8,T7(5-9),Economy Flexi,8746,1574,100,10420,Cleartrip,Available,True,VALID,,,SINGLETON::OBS00759,False,,RETAINED_UNIQUE,True,
OBS00760,de79916dd594,6a5d368858ba,DEL,MAA,IX,IX-621,2026-09-13,05:30,2026-09-05 14:30,8,T7(5-9),Economy Flexi,8805,1585,100,10490,AirlineSite,Available,True,VALID,,,SINGLETON::OBS00760,False,,RETAINED_UNIQUE,True,
OBS00761,e8416a4b1392,ee44d40bf2b6,DEL,MAA,IX,IX-621,2026-09-13,05:30,2026-09-05 14:30,8,T7(5-9),Economy Saver,5469,984,180,6633,AirlineSite,Available,True,VALID,,,SINGLETON::OBS00761,False,,RETAINED_UNIQUE,True,
OBS00762,2b8692a97ae8,aef7f53b8631,DEL,MAA,IX,IX-621,2026-09-21,05:30,2026-09-05 14:30,16,T15(12-18),Economy Flexi,7119,1281,100,8500,Goibibo,Available,True,VALID,,,SINGLETON::OBS00762,False,,RETAINED_UNIQUE,True,
OBS00763,113cb4a58ae1,aef7f53b8631,DEL,MAA,IX,IX-621,2026-09-21,05:30,2026-09-05 14:30,16,T15(12-18),Economy Flexi,7188,1294,100,8582,MMT,Available,True,VALID,,,SINGLETON::OBS00763,False,,RETAINED_UNIQUE,True,
OBS00764,1badff15aeca,7e03355123df,DEL,MAA,IX,IX-621,2026-10-06,05:30,2026-09-05 14:30,31,T30(25-35),Economy Flexi,6523,1174,100,7797,AirlineSite,Available,True,VALID,,,SINGLETON::OBS00764,False,,RETAINED_UNIQUE,True,
OBS00765,d82e555bd3fe,7e03355123df,DEL,MAA,IX,IX-621,2026-10-06,05:30,2026-09-05 14:30,31,T30(25-35),Economy Flexi,6665,1200,200,8065,EaseMyTrip,Available,True,VALID,,,SINGLETON::OBS00765,False,,RETAINED_UNIQUE,True,
OBS00766,8061d661e2c1,21dfb4be435a,DEL,MAA,IX,IX-621,2026-10-06,05:30,2026-09-05 14:30,31,T30(25-35),Economy Saver,4381,789,120,5290,Cleartrip,Available,True,VALID,,,SINGLETON::OBS00766,False,,RETAINED_UNIQUE,True,
OBS00767,ae5439151a3b,8a62b318ee2c,DEL,MAA,IX,IX-621,2026-10-22,05:30,2026-09-05 14:30,47,T45(40-50),Economy Flexi,6698,1206,120,8024,MMT,Available,True,VALID,,,SINGLETON::OBS00767,False,,RETAINED_UNIQUE,True,
OBS00768,527c6664c1fb,8a62b318ee2c,DEL,MAA,IX,IX-621,2026-10-22,05:30,2026-09-05 14:30,47,T45(40-50),Economy Flexi,6790,1222,180,8192,AirlineSite,Available,True,VALID,,,SINGLETON::OBS00768,False,,RETAINED_UNIQUE,True,
OBS00769,83f275cc5ad2,61c8f40b5dd6,DEL,MAA,IX,IX-621,2026-10-22,05:30,2026-09-05 14:30,47,T45(40-50),Economy Standard,5191,934,100,6225,MMT,Available,True,VALID,,,SINGLETON::OBS00769,False,,RETAINED_UNIQUE,True,
OBS00770,58914c325001,61c8f40b5dd6,DEL,MAA,IX,IX-621,2026-10-22,05:30,2026-09-05 14:30,47,T45(40-50),Economy Standard,5674,1021,200,6895,AirlineSite,Available,True,VALID,,,SINGLETON::OBS00770,False,,RETAINED_UNIQUE,True,
OBS00771,a93b8f1784c6,b1510a4167ab,BOM,HYD,6E,6E-631,2026-09-07,06:00,2026-09-05 14:30,2,T1(0-2),Economy Saver,6397,1152,120,7669,AirlineSite,Available,True,VALID,,,SINGLETON::OBS00771,False,,RETAINED_UNIQUE,True,
OBS00772,55fc30fde4cb,c18a720e241c,BOM,HYD,6E,6E-631,2026-09-07,06:00,2026-09-05 14:30,2,T1(0-2),Economy Flexi,9632,1734,100,11466,Cleartrip,Available,True,VALID,,,SINGLETON::OBS00772,False,,RETAINED_UNIQUE,True,
OBS00773,f65106eb2a0c,c18a720e241c,BOM,HYD,6E,6E-631,2026-09-07,06:00,2026-09-05 14:30,2,T1(0-2),Economy Flexi,9965,1794,100,11859,EaseMyTrip,Available,True,VALID,,,SINGLETON::OBS00773,False,,RETAINED_UNIQUE,True,
OBS00774,8d9a72bba859,e1c387d72b7c,BOM,HYD,6E,6E-631,2026-09-13,06:00,2026-09-05 14:30,8,T7(5-9),Economy Standard,7337,1321,100,8758,AirlineSite,Available,True,VALID,,,SINGLETON::OBS00774,False,,RETAINED_UNIQUE,True,
OBS00775,aa5faad1d70b,e1c387d72b7c,BOM,HYD,6E,6E-631,2026-09-13,06:00,2026-09-05 14:30,8,T7(5-9),Economy Standard,6746,1214,120,8080,EaseMyTrip,Available,True,VALID,,,SINGLETON::OBS00775,False,,RETAINED_UNIQUE,True,
OBS00776,6adc5c62edd0,0b6acd0827ae,BOM,HYD,6E,6E-631,2026-09-13,06:00,2026-09-05 14:30,8,T7(5-9),Economy Flexi,8544,1538,180,10262,Cleartrip,Available,True,VALID,,,SINGLETON::OBS00776,False,,RETAINED_UNIQUE,True,
OBS00777,b6a139ae370f,6be000ebcf7f,BOM,HYD,6E,6E-631,2026-09-21,06:00,2026-09-05 14:30,16,T15(12-18),Economy Flexi,7052,1269,180,8501,Cleartrip,Available,True,VALID,,,SINGLETON::OBS00777,False,,RETAINED_UNIQUE,True,
OBS00778,a8e600d7352b,6be000ebcf7f,BOM,HYD,6E,6E-631,2026-09-21,06:00,2026-09-05 14:30,16,T15(12-18),Economy Flexi,7668,1380,150,9198,MMT,Available,True,VALID,,,SINGLETON::OBS00778,False,,RETAINED_UNIQUE,True,
OBS00779,f3404d89da47,d9f3b2bd0ed3,BOM,HYD,6E,6E-631,2026-09-21,06:00,2026-09-05 14:30,16,T15(12-18),Economy Saver,4735,852,120,5707,Goibibo,Available,True,VALID,,,SINGLETON::OBS00779,False,,RETAINED_UNIQUE,True,
OBS00780,c60c32afa578,d9f3b2bd0ed3,BOM,HYD,6E,6E-631,2026-09-21,06:00,2026-09-05 14:30,16,T15(12-18),Economy Saver,4487,808,100,5395,EaseMyTrip,Available,True,VALID,,,SINGLETON::OBS00780,False,,RETAINED_UNIQUE,True,
OBS00781,3fb37e5ccb43,465ccb21c1f9,BOM,HYD,6E,6E-631,2026-10-06,06:00,2026-09-05 14:30,31,T30(25-35),Economy Saver,4369,786,180,5335,EaseMyTrip,Available,True,VALID,,,SINGLETON::OBS00781,False,,RETAINED_UNIQUE,True,
OBS00782,60d6057dd2c7,465ccb21c1f9,BOM,HYD,6E,6E-631,2026-10-06,06:00,2026-09-05 14:30,31,T30(25-35),Economy Saver,4108,739,180,5027,Goibibo,Available,True,VALID,,,SINGLETON::OBS00782,False,,RETAINED_UNIQUE,True,
OBS00783,b37d18b1dace,490ab33a4f17,BOM,HYD,6E,6E-631,2026-10-22,06:00,2026-09-05 14:30,47,T45(40-50),Economy Flexi,6943,1250,100,8293,Goibibo,Available,True,VALID,,,SINGLETON::OBS00783,False,,RETAINED_UNIQUE,True,
OBS00784,5ae786036f78,0c85a3933472,BOM,HYD,6E,6E-631,2026-10-22,06:00,2026-09-05 14:30,47,T45(40-50),Economy Saver,4059,731,150,4940,Goibibo,Available,True,VALID,,,SINGLETON::OBS00784,False,,RETAINED_UNIQUE,True,
OBS00785,e3d4ec416de5,0c85a3933472,BOM,HYD,6E,6E-631,2026-10-22,06:00,2026-09-05 14:30,47,T45(40-50),Economy Saver,4037,727,200,4964,AirlineSite,Available,True,VALID,,,SINGLETON::OBS00785,False,,RETAINED_UNIQUE,True,
OBS00786,77f5d2b41142,c18a720e241c,BOM,HYD,AI,AI-619,2026-09-07,14:45,2026-09-05 14:30,2,T1(0-2),Economy Flexi,9601,1728,120,11449,EaseMyTrip,Available,True,VALID,,,SINGLETON::OBS00786,False,,RETAINED_UNIQUE,True,
OBS00787,69c69dc2467c,c18a720e241c,BOM,HYD,AI,AI-619,2026-09-07,14:45,2026-09-05 14:30,2,T1(0-2),Economy Flexi,9648,1737,180,11565,AirlineSite,Available,True,VALID,,,SINGLETON::OBS00787,False,,RETAINED_UNIQUE,True,
OBS00788,f80f312232e0,0b6acd0827ae,BOM,HYD,AI,AI-619,2026-09-13,14:45,2026-09-05 14:30,8,T7(5-9),Economy Flexi,8789,1582,120,10491,AirlineSite,Available,True,VALID,,,SINGLETON::OBS00788,False,,RETAINED_UNIQUE,True,
OBS00789,95f5bc6eeb7c,bf0aff4e778d,BOM,HYD,AI,AI-619,2026-09-21,14:45,2026-09-05 14:30,16,T15(12-18),Economy Standard,5893,1061,150,7104,Goibibo,Available,True,VALID,,,SINGLETON::OBS00789,False,,RETAINED_UNIQUE,True,
OBS00790,27bba1b65e5f,d9f3b2bd0ed3,BOM,HYD,AI,AI-619,2026-09-21,14:45,2026-09-05 14:30,16,T15(12-18),Economy Saver,4690,844,180,5714,AirlineSite,Available,True,VALID,,,SINGLETON::OBS00790,False,,RETAINED_UNIQUE,True,
OBS00791,034dd7fbb4ef,d9f3b2bd0ed3,BOM,HYD,AI,AI-619,2026-09-21,14:45,2026-09-05 14:30,16,T15(12-18),Economy Saver,4622,832,120,5574,MMT,Available,True,VALID,,,SINGLETON::OBS00791,False,,RETAINED_UNIQUE,True,
OBS00792,197d248a95a7,bbfe5f3c04d6,BOM,HYD,AI,AI-619,2026-10-06,14:45,2026-09-05 14:30,31,T30(25-35),Economy Standard,5232,942,180,6354,EaseMyTrip,Available,True,VALID,,,SINGLETON::OBS00792,False,,RETAINED_UNIQUE,True,
OBS00793,6e9a1f9b2913,bbfe5f3c04d6,BOM,HYD,AI,AI-619,2026-10-06,14:45,2026-09-05 14:30,31,T30(25-35),Economy Standard,5425,977,100,6502,Goibibo,Available,True,VALID,,,SINGLETON::OBS00793,False,,RETAINED_UNIQUE,True,
OBS00794,31043b0c3e51,490ab33a4f17,BOM,HYD,AI,AI-619,2026-10-22,14:45,2026-09-05 14:30,47,T45(40-50),Economy Flexi,6608,1189,200,7997,Goibibo,Available,True,VALID,,,SINGLETON::OBS00794,False,,RETAINED_UNIQUE,True,
OBS00795,d7b107128c12,0c85a3933472,BOM,HYD,AI,AI-619,2026-10-22,14:45,2026-09-05 14:30,47,T45(40-50),Economy Saver,4365,786,200,5351,AirlineSite,Available,True,VALID,,,SINGLETON::OBS00795,False,,RETAINED_UNIQUE,True,
OBS00796,7430b912f7b9,c18a720e241c,BOM,HYD,QP,QP-1402,2026-09-07,10:45,2026-09-05 14:30,2,T1(0-2),Economy Flexi,9977,1796,120,11893,Cleartrip,Available,True,VALID,,,SINGLETON::OBS00796,False,,RETAINED_UNIQUE,True,
OBS00797,7adac55eba4d,c18a720e241c,BOM,HYD,QP,QP-1402,2026-09-07,10:45,2026-09-05 14:30,2,T1(0-2),Economy Flexi,9995,1799,150,11944,EaseMyTrip,Available,True,VALID,,,SINGLETON::OBS00797,False,,RETAINED_UNIQUE,True,
OBS00798,cc89ce5f6674,b1510a4167ab,BOM,HYD,QP,QP-1402,2026-09-07,10:45,2026-09-05 14:30,2,T1(0-2),Economy Saver,5916,1065,120,7101,Cleartrip,Available,True,VALID,,,SINGLETON::OBS00798,False,,RETAINED_UNIQUE,True,
OBS00799,5e935851e212,b1510a4167ab,BOM,HYD,QP,QP-1402,2026-09-07,10:45,2026-09-05 14:30,2,T1(0-2),Economy Saver,5848,1053,150,7051,Goibibo,Available,True,VALID,,,SINGLETON::OBS00799,False,,RETAINED_UNIQUE,True,
OBS00800,ac57b1214019,0b6acd0827ae,BOM,HYD,QP,QP-1402,2026-09-13,10:45,2026-09-05 14:30,8,T7(5-9),Economy Flexi,9006,1621,180,10807,AirlineSite,Available,True,VALID,,,SINGLETON::OBS00800,False,,RETAINED_UNIQUE,True,
OBS00801,930c903ae441,e1c387d72b7c,BOM,HYD,QP,QP-1402,2026-09-13,10:45,2026-09-05 14:30,8,T7(5-9),Economy Standard,6814,1227,200,8241,Goibibo,Available,True,VALID,,,SINGLETON::OBS00801,False,,RETAINED_UNIQUE,True,
OBS00802,77c5335618e6,d9f3b2bd0ed3,BOM,HYD,QP,QP-1402,2026-09-21,10:45,2026-09-05 14:30,16,T15(12-18),Economy Saver,4535,816,120,5471,Goibibo,Available,True,VALID,,,SINGLETON::OBS00802,False,,RETAINED_UNIQUE,True,
OBS00803,27e709c47458,465ccb21c1f9,BOM,HYD,QP,QP-1402,2026-10-06,10:45,2026-09-05 14:30,31,T30(25-35),Economy Saver,4084,735,180,4999,EaseMyTrip,Available,True,VALID,,,SINGLETON::OBS00803,False,,RETAINED_UNIQUE,True,
OBS00804,bd92e8ee179e,bbfe5f3c04d6,BOM,HYD,QP,QP-1402,2026-10-06,10:45,2026-09-05 14:30,31,T30(25-35),Economy Standard,5704,1027,100,6831,EaseMyTrip,Available,True,VALID,,,SINGLETON::OBS00804,False,,RETAINED_UNIQUE,True,
OBS00805,afb705a0a89a,bbfe5f3c04d6,BOM,HYD,QP,QP-1402,2026-10-06,10:45,2026-09-05 14:30,31,T30(25-35),Economy Standard,5470,985,100,6555,MMT,Available,True,VALID,,,SINGLETON::OBS00805,False,,RETAINED_UNIQUE,True,
OBS00806,785b184264c7,490ab33a4f17,BOM,HYD,QP,QP-1402,2026-10-22,10:45,2026-09-05 14:30,47,T45(40-50),Economy Flexi,6451,1161,120,7732,EaseMyTrip,Available,True,VALID,,,SINGLETON::OBS00806,False,,RETAINED_UNIQUE,True,
OBS00807,809134d0e0f1,8b9340ffa3a8,BOM,HYD,QP,QP-1402,2026-10-22,10:45,2026-09-05 14:30,47,T45(40-50),Economy Standard,5539,997,200,6736,Goibibo,Available,True,VALID,,,SINGLETON::OBS00807,False,,RETAINED_UNIQUE,True,
OBS00808,27bd9dbc25f5,d296d727b17b,BLR,CCU,6E,6E-904,2026-09-07,09:45,2026-09-05 14:30,2,T1(0-2),Economy Flexi,9449,1701,150,11300,EaseMyTrip,Available,True,VALID,,,SINGLETON::OBS00808,False,,RETAINED_UNIQUE,True,
OBS00809,e789b1146f8e,d296d727b17b,BLR,CCU,6E,6E-904,2026-09-07,09:45,2026-09-05 14:30,2,T1(0-2),Economy Flexi,10116,1821,180,12117,MMT,Available,True,VALID,,,SINGLETON::OBS00809,False,,RETAINED_UNIQUE,True,
OBS00810,898cf57319f1,768f16c2a345,BLR,CCU,6E,6E-904,2026-09-07,09:45,2026-09-05 14:30,2,T1(0-2),Economy Standard,7840,1411,200,9451,MMT,Available,True,VALID,,,SINGLETON::OBS00810,False,,RETAINED_UNIQUE,True,
OBS00811,7bf0d7d13871,ffcd847971ab,BLR,CCU,6E,6E-904,2026-09-13,09:45,2026-09-05 14:30,8,T7(5-9),Economy Flexi,8417,1515,150,10082,MMT,Available,True,VALID,,,SINGLETON::OBS00811,False,,RETAINED_UNIQUE,True,
OBS00812,5d85a8db4ad2,174be3a33a70,BLR,CCU,6E,6E-904,2026-09-13,09:45,2026-09-05 14:30,8,T7(5-9),Economy Standard,7093,1277,150,8520,MMT,Available,True,VALID,,,SINGLETON::OBS00812,False,,RETAINED_UNIQUE,True,
OBS00813,1e9367175711,174be3a33a70,BLR,CCU,6E,6E-904,2026-09-13,09:45,2026-09-05 14:30,8,T7(5-9),Economy Standard,7238,1303,150,8691,EaseMyTrip,Available,True,VALID,,,SINGLETON::OBS00813,False,,RETAINED_UNIQUE,True,
OBS00814,55df0d1bf34b,6370ba37e27c,BLR,CCU,6E,6E-904,2026-09-21,09:45,2026-09-05 14:30,16,T15(12-18),Economy Flexi,7349,1323,100,8772,Goibibo,Available,True,VALID,,,SINGLETON::OBS00814,False,,RETAINED_UNIQUE,True,
OBS00815,a4dd19d7f0e7,6370ba37e27c,BLR,CCU,6E,6E-904,2026-09-21,09:45,2026-09-05 14:30,16,T15(12-18),Economy Flexi,7246,1304,100,8650,AirlineSite,Available,True,VALID,,,SINGLETON::OBS00815,False,,RETAINED_UNIQUE,True,
OBS00816,05a94e22918f,3c9581757b9f,BLR,CCU,6E,6E-904,2026-09-21,09:45,2026-09-05 14:30,16,T15(12-18),Economy Standard,5861,1055,120,7036,MMT,Available,True,VALID,,,SINGLETON::OBS00816,False,,RETAINED_UNIQUE,True,
OBS00817,2ed5b42a0657,1ad9c5173c97,BLR,CCU,6E,6E-904,2026-10-06,09:45,2026-09-05 14:30,31,T30(25-35),Economy Flexi,6792,1223,150,8165,AirlineSite,Available,True,VALID,,,SINGLETON::OBS00817,False,,RETAINED_UNIQUE,True,
OBS00818,603bdf3576dc,bcf747de6de3,BLR,CCU,6E,6E-904,2026-10-06,09:45,2026-09-05 14:30,31,T30(25-35),Economy Standard,5201,936,180,6317,EaseMyTrip,Available,True,VALID,,,SINGLETON::OBS00818,False,,RETAINED_UNIQUE,True,
OBS00819,53825ada6fd5,ea3da1f07170,BLR,CCU,6E,6E-904,2026-10-22,09:45,2026-09-05 14:30,47,T45(40-50),Economy Flexi,6593,1187,200,7980,EaseMyTrip,Available,True,VALID,,,SINGLETON::OBS00819,False,,RETAINED_UNIQUE,True,
OBS00820,c8097ee1943c,d296d727b17b,BLR,CCU,AI,AI-772,2026-09-07,06:30,2026-09-05 14:30,2,T1(0-2),Economy Flexi,10103,1818,150,12071,Goibibo,Available,True,VALID,,,SINGLETON::OBS00820,False,,RETAINED_UNIQUE,True,
OBS00821,13cc53e7bcc6,d296d727b17b,BLR,CCU,AI,AI-772,2026-09-07,06:30,2026-09-05 14:30,2,T1(0-2),Economy Flexi,10112,1820,100,12032,EaseMyTrip,Available,True,VALID,,,SINGLETON::OBS00821,False,,RETAINED_UNIQUE,True,
OBS00822,dfc654a62764,73f95709b96e,BLR,CCU,AI,AI-772,2026-09-07,06:30,2026-09-05 14:30,2,T1(0-2),Economy Saver,5970,1075,180,7225,Cleartrip,Available,True,VALID,,,SINGLETON::OBS00822,False,,RETAINED_UNIQUE,True,
OBS00823,89b257bd2bea,ffcd847971ab,BLR,CCU,AI,AI-772,2026-09-13,06:30,2026-09-05 14:30,8,T7(5-9),Economy Flexi,8903,1602,120,10625,EaseMyTrip,Available,True,VALID,,,SINGLETON::OBS00823,False,,RETAINED_UNIQUE,True,
OBS00824,50f92eb6eaff,ffcd847971ab,BLR,CCU,AI,AI-772,2026-09-13,06:30,2026-09-05 14:30,8,T7(5-9),Economy Flexi,8489,1528,120,10137,MMT,Available,True,VALID,,,SINGLETON::OBS00824,False,,RETAINED_UNIQUE,True,
OBS00825,a16b575dd0c4,6f8836be744c,BLR,CCU,AI,AI-772,2026-09-21,06:30,2026-09-05 14:30,16,T15(12-18),Economy Saver,4490,808,100,5398,EaseMyTrip,Available,True,VALID,,,SINGLETON::OBS00825,False,,RETAINED_UNIQUE,True,
OBS00826,dde7759666a1,bcf747de6de3,BLR,CCU,AI,AI-772,2026-10-06,06:30,2026-09-05 14:30,31,T30(25-35),Economy Standard,5499,990,150,6639,MMT,Available,True,VALID,,,SINGLETON::OBS00826,False,,RETAINED_UNIQUE,True,
OBS00827,7fa194dab082,1ad9c5173c97,BLR,CCU,AI,AI-772,2026-10-06,06:30,2026-09-05 14:30,31,T30(25-35),Economy Flexi,6644,1196,120,7960,Cleartrip,Available,True,VALID,,,SINGLETON::OBS00827,False,,RETAINED_UNIQUE,True,
OBS00828,d9fe0b5407f5,4c4fe89aa3fe,BLR,CCU,AI,AI-772,2026-10-22,06:30,2026-09-05 14:30,47,T45(40-50),Economy Saver,4357,784,200,5341,EaseMyTrip,Available,True,VALID,,,SINGLETON::OBS00828,False,,RETAINED_UNIQUE,True,
OBS00829,c5164d5c2e71,4c4fe89aa3fe,BLR,CCU,AI,AI-772,2026-10-22,06:30,2026-09-05 14:30,47,T45(40-50),Economy Saver,4386,790,150,5326,AirlineSite,Available,True,VALID,,,SINGLETON::OBS00829,False,,RETAINED_UNIQUE,True,
OBS00830,bc42f38e4857,d296d727b17b,BLR,CCU,SG,SG-321,2026-09-07,06:15,2026-09-05 14:30,2,T1(0-2),Economy Flexi,9690,1744,120,11554,Cleartrip,Available,True,VALID,,,SINGLETON::OBS00830,False,,RETAINED_UNIQUE,True,
OBS00831,e4bd8b237ee2,768f16c2a345,BLR,CCU,SG,SG-321,2026-09-07,06:15,2026-09-05 14:30,2,T1(0-2),Economy Standard,7642,1375,200,9217,EaseMyTrip,Available,True,VALID,,,SINGLETON::OBS00831,False,,RETAINED_UNIQUE,True,
OBS00832,55955e315967,6aed3595730a,BLR,CCU,SG,SG-321,2026-09-13,06:15,2026-09-05 14:30,8,T7(5-9),Economy Saver,5604,1009,150,6763,MMT,Available,True,VALID,,,SINGLETON::OBS00832,False,,RETAINED_UNIQUE,True,
OBS00833,537eaa35cd25,174be3a33a70,BLR,CCU,SG,SG-321,2026-09-13,06:15,2026-09-05 14:30,8,T7(5-9),Economy Standard,7406,1333,200,8939,Cleartrip,Available,True,VALID,,,SINGLETON::OBS00833,False,,RETAINED_UNIQUE,True,
OBS00834,474bae41a4f4,174be3a33a70,BLR,CCU,SG,SG-321,2026-09-13,06:15,2026-09-05 14:30,8,T7(5-9),Economy Standard,7112,1280,200,8592,MMT,Available,True,VALID,,,SINGLETON::OBS00834,False,,RETAINED_UNIQUE,True,
OBS00835,37ce81490a2b,6f8836be744c,BLR,CCU,SG,SG-321,2026-09-21,06:15,2026-09-05 14:30,16,T15(12-18),Economy Saver,4853,874,200,5927,Goibibo,Available,True,VALID,,,SINGLETON::OBS00835,False,,RETAINED_UNIQUE,True,
OBS00836,e4d5f7bf4f53,6f8836be744c,BLR,CCU,SG,SG-321,2026-09-21,06:15,2026-09-05 14:30,16,T15(12-18),Economy Saver,4860,875,120,5855,MMT,Available,True,VALID,,,SINGLETON::OBS00836,False,,RETAINED_UNIQUE,True,
OBS00837,cce23e7a483f,1ad9c5173c97,BLR,CCU,SG,SG-321,2026-10-06,06:15,2026-09-05 14:30,31,T30(25-35),Economy Flexi,6591,1186,200,7977,Goibibo,Available,True,VALID,,,SINGLETON::OBS00837,False,,RETAINED_UNIQUE,True,
OBS00838,6af90decd18a,1ad9c5173c97,BLR,CCU,SG,SG-321,2026-10-06,06:15,2026-09-05 14:30,31,T30(25-35),Economy Flexi,6814,1226,100,8140,AirlineSite,Available,True,VALID,,,SINGLETON::OBS00838,False,,RETAINED_UNIQUE,True,
OBS00839,bf6e23b74308,ea3da1f07170,BLR,CCU,SG,SG-321,2026-10-22,06:15,2026-09-05 14:30,47,T45(40-50),Economy Flexi,6929,1247,120,8296,AirlineSite,Available,True,VALID,,,SINGLETON::OBS00839,False,,RETAINED_UNIQUE,True,
OBS00840,f9d4140b5a06,ea3da1f07170,BLR,CCU,SG,SG-321,2026-10-22,06:15,2026-09-05 14:30,47,T45(40-50),Economy Flexi,6547,1179,100,7826,Cleartrip,Available,True,VALID,,,SINGLETON::OBS00840,False,,RETAINED_UNIQUE,True,
OBS00841,6518c93d1cd5,304f2e0c97fd,BLR,CCU,SG,SG-321,2026-10-22,06:15,2026-09-05 14:30,47,T45(40-50),Economy Standard,5709,1028,200,6937,MMT,Available,True,VALID,,,SINGLETON::OBS00841,False,,RETAINED_UNIQUE,True,
OBS00842,d76286770ba3,aa2769a0fb97,DEL,SXR,6E,6E-212,2026-09-07,10:30,2026-09-05 14:30,2,T1(0-2),Economy Flexi,9829,1769,120,11718,MMT,Available,True,VALID,,,SINGLETON::OBS00842,False,,RETAINED_UNIQUE,True,
OBS00843,708a8f0e7fff,d0b11d92c188,DEL,SXR,6E,6E-212,2026-09-13,10:30,2026-09-05 14:30,8,T7(5-9),Economy Saver,5255,946,150,6351,AirlineSite,Available,True,VALID,,,SINGLETON::OBS00843,False,,RETAINED_UNIQUE,True,
OBS00844,7aa7a746512c,d0b11d92c188,DEL,SXR,6E,6E-212,2026-09-13,10:30,2026-09-05 14:30,8,T7(5-9),Economy Saver,5262,947,100,6309,MMT,Available,True,VALID,,,SINGLETON::OBS00844,False,,RETAINED_UNIQUE,True,
OBS00845,80ea7efc0946,ce493fa860ab,DEL,SXR,6E,6E-212,2026-09-13,10:30,2026-09-05 14:30,8,T7(5-9),Economy Flexi,8918,1605,200,10723,MMT,Available,True,VALID,,,SINGLETON::OBS00845,False,,RETAINED_UNIQUE,True,
OBS00846,1343db3129bb,8db1ebcc6404,DEL,SXR,6E,6E-212,2026-09-21,10:30,2026-09-05 14:30,16,T15(12-18),Economy Flexi,7266,1308,180,8754,Cleartrip,Available,True,VALID,,,SINGLETON::OBS00846,False,,RETAINED_UNIQUE,True,
OBS00847,e978703b13d9,c942bbb01d32,DEL,SXR,6E,6E-212,2026-10-06,10:30,2026-09-05 14:30,31,T30(25-35),Economy Standard,5548,999,200,6747,Goibibo,Available,True,VALID,,,SINGLETON::OBS00847,False,,RETAINED_UNIQUE,True,
OBS00848,e74dd0a62d46,a2823b6fdfe1,DEL,SXR,6E,6E-212,2026-10-06,10:30,2026-09-05 14:30,31,T30(25-35),Economy Flexi,6378,1148,200,7726,EaseMyTrip,Available,True,VALID,,,SINGLETON::OBS00848,False,,RETAINED_UNIQUE,True,
OBS00849,69993a91cdb6,d27bdbb7004f,DEL,SXR,6E,6E-212,2026-10-22,10:30,2026-09-05 14:30,47,T45(40-50),Economy Flexi,6949,1251,100,8300,Cleartrip,Available,True,VALID,,,SINGLETON::OBS00849,False,,RETAINED_UNIQUE,True,
OBS00850,a8e03fd8939f,aa2769a0fb97,DEL,SXR,AI,AI-825,2026-09-07,13:15,2026-09-05 14:30,2,T1(0-2),Economy Flexi,9920,1786,180,11886,Cleartrip,Available,True,VALID,,,SINGLETON::OBS00850,False,,RETAINED_UNIQUE,True,
OBS00851,991e259daccc,7680375affbf,DEL,SXR,AI,AI-825,2026-09-07,13:15,2026-09-05 14:30,2,T1(0-2),Economy Standard,7888,1420,200,9508,Goibibo,Available,True,VALID,,,SINGLETON::OBS00851,False,,RETAINED_UNIQUE,True,
OBS00852,59a03077dbd3,7680375affbf,DEL,SXR,AI,AI-825,2026-09-07,13:15,2026-09-05 14:30,2,T1(0-2),Economy Standard,7689,1384,180,9253,AirlineSite,Available,True,VALID,,,SINGLETON::OBS00852,False,,RETAINED_UNIQUE,True,
OBS00853,7cbfb0aca2fa,ce493fa860ab,DEL,SXR,AI,AI-825,2026-09-13,13:15,2026-09-05 14:30,8,T7(5-9),Economy Flexi,8712,1568,200,10480,Cleartrip,Available,True,VALID,,,SINGLETON::OBS00853,False,,RETAINED_UNIQUE,True,
OBS00854,0e18d8357853,ce493fa860ab,DEL,SXR,AI,AI-825,2026-09-13,13:15,2026-09-05 14:30,8,T7(5-9),Economy Flexi,8358,1504,100,9962,AirlineSite,Available,True,VALID,,,SINGLETON::OBS00854,False,,RETAINED_UNIQUE,True,
OBS00855,01d91776c10e,d0b11d92c188,DEL,SXR,AI,AI-825,2026-09-13,13:15,2026-09-05 14:30,8,T7(5-9),Economy Saver,5567,1002,200,6769,EaseMyTrip,Available,True,VALID,,,SINGLETON::OBS00855,False,,RETAINED_UNIQUE,True,
OBS00856,45098fc15648,0cd630bb9498,DEL,SXR,AI,AI-825,2026-09-21,13:15,2026-09-05 14:30,16,T15(12-18),Economy Standard,5828,1049,200,7077,Cleartrip,Available,True,VALID,,,SINGLETON::OBS00856,False,,RETAINED_UNIQUE,True,
OBS00857,9d291ac9d9c5,7331dc4cdf22,DEL,SXR,AI,AI-825,2026-10-06,13:15,2026-09-05 14:30,31,T30(25-35),Economy Saver,4291,772,150,5213,MMT,Available,True,VALID,,,SINGLETON::OBS00857,False,,RETAINED_UNIQUE,True,
OBS00858,b5e65145a693,8590db72b9a8,DEL,SXR,AI,AI-825,2026-10-22,13:15,2026-09-05 14:30,47,T45(40-50),Economy Saver,4390,790,200,5380,EaseMyTrip,Available,True,VALID,,,SINGLETON::OBS00858,False,,RETAINED_UNIQUE,True,
OBS00859,572231e794c2,aa2769a0fb97,DEL,SXR,SG,SG-101,2026-09-07,15:15,2026-09-05 14:30,2,T1(0-2),Economy Flexi,9281,1671,200,11152,AirlineSite,Available,True,VALID,,,SINGLETON::OBS00859,False,,RETAINED_UNIQUE,True,
OBS00860,4a0829aa8324,aa2769a0fb97,DEL,SXR,SG,SG-101,2026-09-07,15:15,2026-09-05 14:30,2,T1(0-2),Economy Flexi,9653,1738,150,11541,Cleartrip,Available,True,VALID,,,SINGLETON::OBS00860,False,,RETAINED_UNIQUE,True,
OBS00861,c222d3e3d078,76f2863512dc,DEL,SXR,SG,SG-101,2026-09-07,15:15,2026-09-05 14:30,2,T1(0-2),Economy Saver,5907,1063,200,7170,MMT,Available,True,VALID,,,SINGLETON::OBS00861,False,,RETAINED_UNIQUE,True,
OBS00862,e61cb5898dac,76f2863512dc,DEL,SXR,SG,SG-101,2026-09-07,15:15,2026-09-05 14:30,2,T1(0-2),Economy Saver,5889,1060,120,7069,EaseMyTrip,Available,True,VALID,,,SINGLETON::OBS00862,False,,RETAINED_UNIQUE,True,
OBS00863,236be64c0315,f8e14d93e494,DEL,SXR,SG,SG-101,2026-09-13,15:15,2026-09-05 14:30,8,T7(5-9),Economy Standard,7226,1301,120,8647,EaseMyTrip,Available,True,VALID,,,SINGLETON::OBS00863,False,,RETAINED_UNIQUE,True,
OBS00864,7edee5de340a,f8e14d93e494,DEL,SXR,SG,SG-101,2026-09-13,15:15,2026-09-05 14:30,8,T7(5-9),Economy Standard,7136,1285,150,8571,Cleartrip,Available,True,VALID,,,SINGLETON::OBS00864,False,,RETAINED_UNIQUE,True,
OBS00865,edf81ae05f74,ce493fa860ab,DEL,SXR,SG,SG-101,2026-09-13,15:15,2026-09-05 14:30,8,T7(5-9),Economy Flexi,8241,1483,120,9844,Goibibo,Available,True,VALID,,,SINGLETON::OBS00865,False,,RETAINED_UNIQUE,True,
OBS00866,c7f0db36986c,ce493fa860ab,DEL,SXR,SG,SG-101,2026-09-13,15:15,2026-09-05 14:30,8,T7(5-9),Economy Flexi,8911,1604,180,10695,MMT,Available,True,VALID,,,SINGLETON::OBS00866,False,,RETAINED_UNIQUE,True,
OBS00867,0e6fcfcf71e9,0cd630bb9498,DEL,SXR,SG,SG-101,2026-09-21,15:15,2026-09-05 14:30,16,T15(12-18),Economy Standard,5967,1074,150,7191,Goibibo,Available,True,VALID,,,SINGLETON::OBS00867,False,,RETAINED_UNIQUE,True,
OBS00868,a797c2d41108,0cd630bb9498,DEL,SXR,SG,SG-101,2026-09-21,15:15,2026-09-05 14:30,16,T15(12-18),Economy Standard,5992,1078,100,7170,EaseMyTrip,Available,True,VALID,,,SINGLETON::OBS00868,False,,RETAINED_UNIQUE,True,
OBS00869,c0a93c2df679,2cf3e4c90216,DEL,SXR,SG,SG-101,2026-09-21,15:15,2026-09-05 14:30,16,T15(12-18),Economy Saver,4473,805,150,5428,EaseMyTrip,Available,True,VALID,,,SINGLETON::OBS00869,False,,RETAINED_UNIQUE,True,
OBS00870,cf9002519bf7,a2823b6fdfe1,DEL,SXR,SG,SG-101,2026-10-06,15:15,2026-09-05 14:30,31,T30(25-35),Economy Flexi,6820,1228,100,8148,Cleartrip,Available,True,VALID,,,SINGLETON::OBS00870,False,,RETAINED_UNIQUE,True,
OBS00871,aa461c849a9c,8590db72b9a8,DEL,SXR,SG,SG-101,2026-10-22,15:15,2026-09-05 14:30,47,T45(40-50),Economy Saver,4275,770,200,5245,EaseMyTrip,Available,True,VALID,,,SINGLETON::OBS00871,False,,RETAINED_UNIQUE,True,
OBS00872,89fb66ebc1c3,e293fc7d3662,DEL,GOI,6E,6E-334,2026-09-07,15:15,2026-09-05 14:30,2,T1(0-2),Economy Saver,6245,1124,120,7489,EaseMyTrip,Available,True,VALID,,,SINGLETON::OBS00872,False,,RETAINED_UNIQUE,True,
OBS00873,3a43db307cdd,e293fc7d3662,DEL,GOI,6E,6E-334,2026-09-07,15:15,2026-09-05 14:30,2,T1(0-2),Economy Saver,6069,1092,120,7281,Goibibo,Available,True,VALID,,,SINGLETON::OBS00873,False,,RETAINED_UNIQUE,True,
OBS00874,be15ce9d5029,3ba13766159e,DEL,GOI,6E,6E-334,2026-09-13,15:15,2026-09-05 14:30,8,T7(5-9),Economy Saver,5440,979,100,6519,Goibibo,Available,True,VALID,,,SINGLETON::OBS00874,False,,RETAINED_UNIQUE,True,
OBS00875,f517c02f9860,7e34f9c46ba2,DEL,GOI,6E,6E-334,2026-09-13,15:15,2026-09-05 14:30,8,T7(5-9),Economy Standard,7219,1300,200,8719,EaseMyTrip,Available,True,VALID,,,SINGLETON::OBS00875,False,,RETAINED_UNIQUE,True,
OBS00876,6c67f490d0ff,abe59d1566ac,DEL,GOI,6E,6E-334,2026-09-21,15:15,2026-09-05 14:30,16,T15(12-18),Economy Standard,6039,1087,200,7326,MMT,Available,True,VALID,,,SINGLETON::OBS00876,False,,RETAINED_UNIQUE,True,
OBS00877,3d11301579e4,f2e07e6d7869,DEL,GOI,6E,6E-334,2026-10-06,15:15,2026-09-05 14:30,31,T30(25-35),Economy Flexi,6480,1166,180,7826,Cleartrip,Available,True,VALID,,,SINGLETON::OBS00877,False,,RETAINED_UNIQUE,True,
OBS00878,df22d6dbc8ed,f2e07e6d7869,DEL,GOI,6E,6E-334,2026-10-06,15:15,2026-09-05 14:30,31,T30(25-35),Economy Flexi,6489,1168,150,7807,AirlineSite,Available,True,VALID,,,SINGLETON::OBS00878,False,,RETAINED_UNIQUE,True,
OBS00879,14288efbebfe,618d3430fa99,DEL,GOI,6E,6E-334,2026-10-22,15:15,2026-09-05 14:30,47,T45(40-50),Economy Saver,4413,794,150,5357,EaseMyTrip,Available,True,VALID,,,SINGLETON::OBS00879,False,,RETAINED_UNIQUE,True,
OBS00880,8515313a3e84,83f0bfe7344f,DEL,GOI,6E,6E-334,2026-10-22,15:15,2026-09-05 14:30,47,T45(40-50),Economy Flexi,6918,1245,100,8263,Goibibo,Available,True,VALID,,,SINGLETON::OBS00880,False,,RETAINED_UNIQUE,True,
OBS00881,e412231347fc,83f0bfe7344f,DEL,GOI,6E,6E-334,2026-10-22,15:15,2026-09-05 14:30,47,T45(40-50),Economy Flexi,6983,1257,150,8390,EaseMyTrip,Available,True,VALID,,,SINGLETON::OBS00881,False,,RETAINED_UNIQUE,True,
OBS00882,2ce8295f96d5,c80cbb545c46,DEL,GOI,AI,AI-861,2026-09-07,07:30,2026-09-05 14:30,2,T1(0-2),Economy Flexi,9548,1719,180,11447,Cleartrip,Available,True,VALID,,,SINGLETON::OBS00882,False,,RETAINED_UNIQUE,True,
OBS00883,50376070ae31,c80cbb545c46,DEL,GOI,AI,AI-861,2026-09-07,07:30,2026-09-05 14:30,2,T1(0-2),Economy Flexi,9537,1717,100,11354,MMT,Available,True,VALID,,,SINGLETON::OBS00883,False,,RETAINED_UNIQUE,True,
OBS00884,aca44d9cbb73,7e34f9c46ba2,DEL,GOI,AI,AI-861,2026-09-13,07:30,2026-09-05 14:30,8,T7(5-9),Economy Standard,7081,1275,180,8536,Cleartrip,Available,True,VALID,,,SINGLETON::OBS00884,False,,RETAINED_UNIQUE,True,
OBS00885,2a5ca93618d6,7e34f9c46ba2,DEL,GOI,AI,AI-861,2026-09-13,07:30,2026-09-05 14:30,8,T7(5-9),Economy Standard,7362,1325,100,8787,EaseMyTrip,Available,True,VALID,,,SINGLETON::OBS00885,False,,RETAINED_UNIQUE,True,
OBS00886,95bba315f66d,3ba13766159e,DEL,GOI,AI,AI-861,2026-09-13,07:30,2026-09-05 14:30,8,T7(5-9),Economy Saver,5332,960,100,6392,Goibibo,Available,True,VALID,,,SINGLETON::OBS00886,False,,RETAINED_UNIQUE,True,
OBS00887,2a9466a606c6,381a914510fc,DEL,GOI,AI,AI-861,2026-09-21,07:30,2026-09-05 14:30,16,T15(12-18),Economy Saver,4603,828,100,5531,MMT,Available,True,VALID,,,SINGLETON::OBS00887,False,,RETAINED_UNIQUE,True,
OBS00888,6e1771f52222,75965084ddf9,DEL,GOI,AI,AI-861,2026-09-21,07:30,2026-09-05 14:30,16,T15(12-18),Economy Flexi,7559,1361,100,9020,Goibibo,Available,True,VALID,,,SINGLETON::OBS00888,False,,RETAINED_UNIQUE,True,
OBS00889,0699e99d89f6,f2e07e6d7869,DEL,GOI,AI,AI-861,2026-10-06,07:30,2026-09-05 14:30,31,T30(25-35),Economy Flexi,6763,1217,180,8160,MMT,Available,True,VALID,,,SINGLETON::OBS00889,False,,RETAINED_UNIQUE,True,
OBS00890,a1d1d3a65906,f2e07e6d7869,DEL,GOI,AI,AI-861,2026-10-06,07:30,2026-09-05 14:30,31,T30(25-35),Economy Flexi,6351,1143,100,7594,EaseMyTrip,Available,True,VALID,,,SINGLETON::OBS00890,False,,RETAINED_UNIQUE,True,
OBS00891,fc808d60b9c7,6f78a794555c,DEL,GOI,AI,AI-861,2026-10-06,07:30,2026-09-05 14:30,31,T30(25-35),Economy Standard,5504,991,120,6615,EaseMyTrip,Available,True,VALID,,,SINGLETON::OBS00891,False,,RETAINED_UNIQUE,True,
OBS00892,26f8ac49ac1f,83f0bfe7344f,DEL,GOI,AI,AI-861,2026-10-22,07:30,2026-09-05 14:30,47,T45(40-50),Economy Flexi,6446,1160,120,7726,AirlineSite,Available,True,VALID,,,SINGLETON::OBS00892,False,,RETAINED_UNIQUE,True,
OBS00893,8f54a99cac42,c80cbb545c46,DEL,GOI,QP,QP-1510,2026-09-07,10:45,2026-09-05 14:30,2,T1(0-2),Economy Flexi,9617,1731,180,11528,AirlineSite,Available,True,VALID,,,SINGLETON::OBS00893,False,,RETAINED_UNIQUE,True,
OBS00894,a776f043e52d,c80cbb545c46,DEL,GOI,QP,QP-1510,2026-09-07,10:45,2026-09-05 14:30,2,T1(0-2),Economy Flexi,10017,1803,120,11940,MMT,Available,True,VALID,,,SINGLETON::OBS00894,False,,RETAINED_UNIQUE,True,
OBS00895,30323a05b4b2,e293fc7d3662,DEL,GOI,QP,QP-1510,2026-09-07,10:45,2026-09-05 14:30,2,T1(0-2),Economy Saver,6212,1118,200,7530,Goibibo,Available,True,VALID,,,SINGLETON::OBS00895,False,,RETAINED_UNIQUE,True,
OBS00896,6ec6cdb651be,d4cb226e3e42,DEL,GOI,QP,QP-1510,2026-09-13,10:45,2026-09-05 14:30,8,T7(5-9),Economy Flexi,9028,1625,200,10853,MMT,Available,True,VALID,,,SINGLETON::OBS00896,False,,RETAINED_UNIQUE,True,
OBS00897,46da3619f25b,d4cb226e3e42,DEL,GOI,QP,QP-1510,2026-09-13,10:45,2026-09-05 14:30,8,T7(5-9),Economy Flexi,8744,1574,120,10438,Cleartrip,Available,True,VALID,,,SINGLETON::OBS00897,False,,RETAINED_UNIQUE,True,
OBS00898,9afc78876fc7,abe59d1566ac,DEL,GOI,QP,QP-1510,2026-09-21,10:45,2026-09-05 14:30,16,T15(12-18),Economy Standard,5823,1048,200,7071,AirlineSite,Available,True,VALID,,,SINGLETON::OBS00898,False,,RETAINED_UNIQUE,True,
OBS00899,92ed5334add1,381a914510fc,DEL,GOI,QP,QP-1510,2026-09-21,10:45,2026-09-05 14:30,16,T15(12-18),Economy Saver,4517,813,200,5530,MMT,Available,True,VALID,,,SINGLETON::OBS00899,False,,RETAINED_UNIQUE,True,
OBS00900,2aaacec5a4ff,381a914510fc,DEL,GOI,QP,QP-1510,2026-09-21,10:45,2026-09-05 14:30,16,T15(12-18),Economy Saver,4712,848,200,5760,AirlineSite,Available,True,VALID,,,SINGLETON::OBS00900,False,,RETAINED_UNIQUE,True,
OBS00901,c0d11d40a652,1f0da06893c5,DEL,GOI,QP,QP-1510,2026-10-06,10:45,2026-09-05 14:30,31,T30(25-35),Economy Saver,4409,794,180,5383,MMT,Available,True,VALID,,,SINGLETON::OBS00901,False,,RETAINED_UNIQUE,True,
OBS00902,942bc41845d9,1f0da06893c5,DEL,GOI,QP,QP-1510,2026-10-06,10:45,2026-09-05 14:30,31,T30(25-35),Economy Saver,4251,765,150,5166,AirlineSite,Available,True,VALID,,,SINGLETON::OBS00902,False,,RETAINED_UNIQUE,True,
OBS00903,3c4e6d087821,83f0bfe7344f,DEL,GOI,QP,QP-1510,2026-10-22,10:45,2026-09-05 14:30,47,T45(40-50),Economy Flexi,6857,1234,180,8271,MMT,Available,True,VALID,,,SINGLETON::OBS00903,False,,RETAINED_UNIQUE,True,
OBS00904,86601391111f,83f0bfe7344f,DEL,GOI,QP,QP-1510,2026-10-22,10:45,2026-09-05 14:30,47,T45(40-50),Economy Flexi,6567,1182,200,7949,Goibibo,Available,True,VALID,,,SINGLETON::OBS00904,False,,RETAINED_UNIQUE,True,
OBS00905,9bd000badd54,fa88ad321692,DEL,GAU,6E,6E-415,2026-09-07,05:30,2026-09-05 14:30,2,T1(0-2),Economy Standard,7890,1420,120,9430,Cleartrip,Available,True,VALID,,,SINGLETON::OBS00905,False,,RETAINED_UNIQUE,True,
OBS00906,e9fe08927e11,c39724290d07,DEL,GAU,6E,6E-415,2026-09-13,05:30,2026-09-05 14:30,8,T7(5-9),Economy Standard,6743,1214,100,8057,Cleartrip,Available,True,VALID,,,SINGLETON::OBS00906,False,,RETAINED_UNIQUE,True,
OBS00907,9d4b12709a66,c39724290d07,DEL,GAU,6E,6E-415,2026-09-13,05:30,2026-09-05 14:30,8,T7(5-9),Economy Standard,7145,1286,100,8531,MMT,Available,True,VALID,,,SINGLETON::OBS00907,False,,RETAINED_UNIQUE,True,
OBS00908,a0c9fe10c836,e13991b66163,DEL,GAU,6E,6E-415,2026-09-21,05:30,2026-09-05 14:30,16,T15(12-18),Economy Standard,5945,1070,100,7115,Cleartrip,Available,True,VALID,,,SINGLETON::OBS00908,False,,RETAINED_UNIQUE,True,
OBS00909,31ef8121f70e,0f85e3c60621,DEL,GAU,6E,6E-415,2026-10-06,05:30,2026-09-05 14:30,31,T30(25-35),Economy Standard,5489,988,200,6677,Cleartrip,Available,True,VALID,,,SINGLETON::OBS00909,False,,RETAINED_UNIQUE,True,
OBS00910,866a0b3a59e6,0f85e3c60621,DEL,GAU,6E,6E-415,2026-10-06,05:30,2026-09-05 14:30,31,T30(25-35),Economy Standard,5333,960,180,6473,Goibibo,Available,True,VALID,,,SINGLETON::OBS00910,False,,RETAINED_UNIQUE,True,
OBS00911,3553501b0227,c32ac85d61c7,DEL,GAU,6E,6E-415,2026-10-22,05:30,2026-09-05 14:30,47,T45(40-50),Economy Standard,5486,987,180,6653,MMT,Available,True,VALID,,,SINGLETON::OBS00911,False,,RETAINED_UNIQUE,True,
OBS00912,170dcbacc1c6,c32ac85d61c7,DEL,GAU,6E,6E-415,2026-10-22,05:30,2026-09-05 14:30,47,T45(40-50),Economy Standard,5321,958,150,6429,Cleartrip,Available,True,VALID,,,SINGLETON::OBS00912,False,,RETAINED_UNIQUE,True,
OBS00913,57d2364824da,37faa208bf70,DEL,GAU,AI,AI-791,2026-09-07,13:00,2026-09-05 14:30,2,T1(0-2),Economy Flexi,9903,1783,180,11866,AirlineSite,Available,True,VALID,,,SINGLETON::OBS00913,False,,RETAINED_UNIQUE,True,
OBS00914,76f088e44d38,fa88ad321692,DEL,GAU,AI,AI-791,2026-09-07,13:00,2026-09-05 14:30,2,T1(0-2),Economy Standard,7685,1383,180,9248,AirlineSite,Available,True,VALID,,,SINGLETON::OBS00914,False,,RETAINED_UNIQUE,True,
OBS00915,13eea189f951,4041ae79d2f2,DEL,GAU,AI,AI-791,2026-09-13,13:00,2026-09-05 14:30,8,T7(5-9),Economy Flexi,9064,1632,100,10796,Goibibo,Available,True,VALID,,,SINGLETON::OBS00915,False,,RETAINED_UNIQUE,True,
OBS00916,03a3cce88ce9,cab04a0fb199,DEL,GAU,AI,AI-791,2026-09-13,13:00,2026-09-05 14:30,8,T7(5-9),Economy Saver,5499,990,200,6689,MMT,Available,True,VALID,,,SINGLETON::OBS00916,False,,RETAINED_UNIQUE,True,
OBS00917,96e0d1fa900f,353429793ae5,DEL,GAU,AI,AI-791,2026-09-21,13:00,2026-09-05 14:30,16,T15(12-18),Economy Saver,4472,805,100,5377,MMT,Available,True,VALID,,,SINGLETON::OBS00917,False,,RETAINED_UNIQUE,True,
OBS00918,9fed10c4aa54,353429793ae5,DEL,GAU,AI,AI-791,2026-09-21,13:00,2026-09-05 14:30,16,T15(12-18),Economy Saver,4770,859,180,5809,Cleartrip,Available,True,VALID,,,SINGLETON::OBS00918,False,,RETAINED_UNIQUE,True,
OBS00919,83a807c00014,a7ef6fc4da36,DEL,GAU,AI,AI-791,2026-09-21,13:00,2026-09-05 14:30,16,T15(12-18),Economy Flexi,7656,1378,120,9154,EaseMyTrip,Available,True,VALID,,,SINGLETON::OBS00919,False,,RETAINED_UNIQUE,True,
OBS00920,8985e6a1c968,a7ef6fc4da36,DEL,GAU,AI,AI-791,2026-09-21,13:00,2026-09-05 14:30,16,T15(12-18),Economy Flexi,7434,1338,180,8952,AirlineSite,Available,True,VALID,,,SINGLETON::OBS00920,False,,RETAINED_UNIQUE,True,
OBS00921,e0b9f385a5bc,20f8f0511284,DEL,GAU,AI,AI-791,2026-10-06,13:00,2026-09-05 14:30,31,T30(25-35),Economy Saver,4361,785,200,5346,MMT,Available,True,VALID,,,SINGLETON::OBS00921,False,,RETAINED_UNIQUE,True,
OBS00922,7829c39e504d,20f8f0511284,DEL,GAU,AI,AI-791,2026-10-06,13:00,2026-09-05 14:30,31,T30(25-35),Economy Saver,4249,765,120,5134,AirlineSite,Available,True,VALID,,,SINGLETON::OBS00922,False,,RETAINED_UNIQUE,True,
OBS00923,1fa5e4c77818,dde24d3fbc12,DEL,GAU,AI,AI-791,2026-10-22,13:00,2026-09-05 14:30,47,T45(40-50),Economy Flexi,6494,1169,100,7763,Cleartrip,Available,True,VALID,,,SINGLETON::OBS00923,False,,RETAINED_UNIQUE,True,
OBS00924,12b3107642a2,39e3dc36b8e0,DEL,GAU,SG,SG-601,2026-09-07,12:15,2026-09-05 14:30,2,T1(0-2),Economy Saver,6254,1126,180,7560,Goibibo,Available,True,VALID,,,SINGLETON::OBS00924,False,,RETAINED_UNIQUE,True,
OBS00925,c74e67ee18b4,39e3dc36b8e0,DEL,GAU,SG,SG-601,2026-09-07,12:15,2026-09-05 14:30,2,T1(0-2),Economy Saver,6203,1117,200,7520,Cleartrip,Available,True,VALID,,,SINGLETON::OBS00925,False,,RETAINED_UNIQUE,True,
OBS00926,df63fbdec60c,4041ae79d2f2,DEL,GAU,SG,SG-601,2026-09-13,12:15,2026-09-05 14:30,8,T7(5-9),Economy Flexi,8708,1568,200,10476,AirlineSite,Available,True,VALID,,,SINGLETON::OBS00926,False,,RETAINED_UNIQUE,True,
OBS00927,9ebf9c0a904b,e13991b66163,DEL,GAU,SG,SG-601,2026-09-21,12:15,2026-09-05 14:30,16,T15(12-18),Economy Standard,6274,1129,180,7583,EaseMyTrip,Available,True,VALID,,,SINGLETON::OBS00927,False,,RETAINED_UNIQUE,True,
OBS00928,c3d3ec9ecb5c,a7ef6fc4da36,DEL,GAU,SG,SG-601,2026-09-21,12:15,2026-09-05 14:30,16,T15(12-18),Economy Flexi,7159,1289,180,8628,EaseMyTrip,Available,True,VALID,,,SINGLETON::OBS00928,False,,RETAINED_UNIQUE,True,
OBS00929,1e2d98efad89,a7ef6fc4da36,DEL,GAU,SG,SG-601,2026-09-21,12:15,2026-09-05 14:30,16,T15(12-18),Economy Flexi,7337,1321,200,8858,AirlineSite,Available,True,VALID,,,SINGLETON::OBS00929,False,,RETAINED_UNIQUE,True,
OBS00930,b12e0fae6ba9,04c4fbd74e23,DEL,GAU,SG,SG-601,2026-10-06,12:15,2026-09-05 14:30,31,T30(25-35),Economy Flexi,6866,1236,150,8252,Cleartrip,Available,True,VALID,,,SINGLETON::OBS00930,False,,RETAINED_UNIQUE,True,
OBS00931,48bc7662c482,04c4fbd74e23,DEL,GAU,SG,SG-601,2026-10-06,12:15,2026-09-05 14:30,31,T30(25-35),Economy Flexi,6914,1245,200,8359,AirlineSite,Available,True,VALID,,,SINGLETON::OBS00931,False,,RETAINED_UNIQUE,True,
OBS00932,fd139580f5a2,dde24d3fbc12,DEL,GAU,SG,SG-601,2026-10-22,12:15,2026-09-05 14:30,47,T45(40-50),Economy Flexi,6844,1232,150,8226,EaseMyTrip,Available,True,VALID,,,SINGLETON::OBS00932,False,,RETAINED_UNIQUE,True,
OBS00933,de8d8d074afe,dde24d3fbc12,DEL,GAU,SG,SG-601,2026-10-22,12:15,2026-09-05 14:30,47,T45(40-50),Economy Flexi,6970,1255,180,8405,Goibibo,Available,True,VALID,,,SINGLETON::OBS00933,False,,RETAINED_UNIQUE,True,
OBS00934,6c4e15a4f40c,c32ac85d61c7,DEL,GAU,SG,SG-601,2026-10-22,12:15,2026-09-05 14:30,47,T45(40-50),Economy Standard,5444,980,150,6574,EaseMyTrip,Available,True,VALID,,,SINGLETON::OBS00934,False,,RETAINED_UNIQUE,True,
OBS00935,c4e8bdfdc6b4,c32ac85d61c7,DEL,GAU,SG,SG-601,2026-10-22,12:15,2026-09-05 14:30,47,T45(40-50),Economy Standard,5220,940,120,6280,AirlineSite,Available,True,VALID,,,SINGLETON::OBS00935,False,,RETAINED_UNIQUE,True,
OBS00936,c65c9598cf5b,12a86d7c7ba3,BLR,COK,6E,6E-521,2026-09-07,21:30,2026-09-05 14:30,2,T1(0-2),Economy Standard,8066,1452,150,9668,Cleartrip,Available,True,VALID,,,SINGLETON::OBS00936,False,,RETAINED_UNIQUE,True,
OBS00937,19d329dcb5e8,12a86d7c7ba3,BLR,COK,6E,6E-521,2026-09-07,21:30,2026-09-05 14:30,2,T1(0-2),Economy Standard,7711,1388,100,9199,AirlineSite,Available,True,VALID,,,SINGLETON::OBS00937,False,,RETAINED_UNIQUE,True,
OBS00938,3370b5e9eee3,0843eb384bfd,BLR,COK,6E,6E-521,2026-09-13,21:30,2026-09-05 14:30,8,T7(5-9),Economy Flexi,9036,1626,180,10842,EaseMyTrip,Available,True,VALID,,,SINGLETON::OBS00938,False,,RETAINED_UNIQUE,True,
OBS00939,5bc188a3fc6e,d9b95a8f6d68,BLR,COK,6E,6E-521,2026-09-13,21:30,2026-09-05 14:30,8,T7(5-9),Economy Standard,7367,1326,150,8843,Cleartrip,Available,True,VALID,,,SINGLETON::OBS00939,False,,RETAINED_UNIQUE,True,
OBS00940,b718d8716e1e,d9b95a8f6d68,BLR,COK,6E,6E-521,2026-09-13,21:30,2026-09-05 14:30,8,T7(5-9),Economy Standard,6868,1236,120,8224,MMT,Available,True,VALID,,,SINGLETON::OBS00940,False,,RETAINED_UNIQUE,True,
OBS00941,ff366f9bb006,3e191ddf2316,BLR,COK,6E,6E-521,2026-09-21,21:30,2026-09-05 14:30,16,T15(12-18),Economy Flexi,7603,1369,120,9092,MMT,Available,True,VALID,,,SINGLETON::OBS00941,False,,RETAINED_UNIQUE,True,
OBS00942,37651aff62b2,89b89f859ec3,BLR,COK,6E,6E-521,2026-09-21,21:30,2026-09-05 14:30,16,T15(12-18),Economy Saver,4821,868,200,5889,MMT,Available,True,VALID,,,SINGLETON::OBS00942,False,,RETAINED_UNIQUE,True,
OBS00943,5edfadddbb36,b61670541bdf,BLR,COK,6E,6E-521,2026-10-06,21:30,2026-09-05 14:30,31,T30(25-35),Economy Saver,4316,777,180,5273,AirlineSite,Available,True,VALID,,,SINGLETON::OBS00943,False,,RETAINED_UNIQUE,True,
OBS00944,00cb3a46ebd7,f72a3f819bbe,BLR,COK,6E,6E-521,2026-10-06,21:30,2026-09-05 14:30,31,T30(25-35),Economy Flexi,6968,1254,180,8402,EaseMyTrip,Available,True,VALID,,,SINGLETON::OBS00944,False,,RETAINED_UNIQUE,True,
OBS00945,3aa627fcb854,12c49ccd7325,BLR,COK,6E,6E-521,2026-10-22,21:30,2026-09-05 14:30,47,T45(40-50),Economy Flexi,6660,1199,200,8059,EaseMyTrip,Available,True,VALID,,,SINGLETON::OBS00945,False,,RETAINED_UNIQUE,True,
OBS00946,09b84fd5a5ef,12c49ccd7325,BLR,COK,6E,6E-521,2026-10-22,21:30,2026-09-05 14:30,47,T45(40-50),Economy Flexi,6521,1174,120,7815,Cleartrip,Available,True,VALID,,,SINGLETON::OBS00946,False,,RETAINED_UNIQUE,True,
OBS00947,21ba1e36a688,4bfeeef11904,BLR,COK,6E,6E-521,2026-10-22,21:30,2026-09-05 14:30,47,T45(40-50),Economy Standard,5468,984,180,6632,AirlineSite,Available,True,VALID,,,SINGLETON::OBS00947,False,,RETAINED_UNIQUE,True,
OBS00948,c6b5393d62d2,bcaa3f42d7cf,BLR,COK,AI,AI-512,2026-09-07,11:45,2026-09-05 14:30,2,T1(0-2),Economy Flexi,9625,1732,100,11457,Goibibo,Available,True,VALID,,,SINGLETON::OBS00948,False,,RETAINED_UNIQUE,True,
OBS00949,1b037fc6203b,bcaa3f42d7cf,BLR,COK,AI,AI-512,2026-09-07,11:45,2026-09-05 14:30,2,T1(0-2),Economy Flexi,9855,1774,180,11809,MMT,Available,True,VALID,,,SINGLETON::OBS00949,False,,RETAINED_UNIQUE,True,
OBS00950,d39aa4331f58,2b6da9de1f8f,BLR,COK,AI,AI-512,2026-09-07,11:45,2026-09-05 14:30,2,T1(0-2),Economy Saver,6257,1126,180,7563,AirlineSite,Available,True,VALID,,,SINGLETON::OBS00950,False,,RETAINED_UNIQUE,True,
OBS00951,d470eeefe07e,2b6da9de1f8f,BLR,COK,AI,AI-512,2026-09-07,11:45,2026-09-05 14:30,2,T1(0-2),Economy Saver,6200,1116,150,7466,EaseMyTrip,Available,True,VALID,,,SINGLETON::OBS00951,False,,RETAINED_UNIQUE,True,
OBS00952,228c9587d522,0843eb384bfd,BLR,COK,AI,AI-512,2026-09-13,11:45,2026-09-05 14:30,8,T7(5-9),Economy Flexi,8462,1523,150,10135,EaseMyTrip,Available,True,VALID,,,SINGLETON::OBS00952,False,,RETAINED_UNIQUE,True,
OBS00953,9f9905da8089,d9b95a8f6d68,BLR,COK,AI,AI-512,2026-09-13,11:45,2026-09-05 14:30,8,T7(5-9),Economy Standard,6996,1259,180,8435,EaseMyTrip,Available,True,VALID,,,SINGLETON::OBS00953,False,,RETAINED_UNIQUE,True,
OBS00954,003e1a11252f,d9b95a8f6d68,BLR,COK,AI,AI-512,2026-09-13,11:45,2026-09-05 14:30,8,T7(5-9),Economy Standard,7037,1267,180,8484,Cleartrip,Available,True,VALID,,,SINGLETON::OBS00954,False,,RETAINED_UNIQUE,True,
OBS00955,0009af8b2d66,a257e13fc693,BLR,COK,AI,AI-512,2026-09-21,11:45,2026-09-05 14:30,16,T15(12-18),Economy Standard,6042,1088,200,7330,Goibibo,Available,True,VALID,,,SINGLETON::OBS00955,False,,RETAINED_UNIQUE,True,
OBS00956,5582ddd5377e,a257e13fc693,BLR,COK,AI,AI-512,2026-09-21,11:45,2026-09-05 14:30,16,T15(12-18),Economy Standard,6110,1100,100,7310,MMT,Available,True,VALID,,,SINGLETON::OBS00956,False,,RETAINED_UNIQUE,True,
OBS00957,04066f394fe0,3e191ddf2316,BLR,COK,AI,AI-512,2026-09-21,11:45,2026-09-05 14:30,16,T15(12-18),Economy Flexi,7591,1366,120,9077,MMT,Available,True,VALID,,,SINGLETON::OBS00957,False,,RETAINED_UNIQUE,True,
OBS00958,0d024cd8a09c,3e191ddf2316,BLR,COK,AI,AI-512,2026-09-21,11:45,2026-09-05 14:30,16,T15(12-18),Economy Flexi,7075,1274,120,8469,Goibibo,Available,True,VALID,,,SINGLETON::OBS00958,False,,RETAINED_UNIQUE,True,
OBS00959,93a2af7654c7,b61670541bdf,BLR,COK,AI,AI-512,2026-10-06,11:45,2026-09-05 14:30,31,T30(25-35),Economy Saver,4450,801,200,5451,Goibibo,Available,True,VALID,,,SINGLETON::OBS00959,False,,RETAINED_UNIQUE,True,
OBS00960,cd39e4a98c0b,b61670541bdf,BLR,COK,AI,AI-512,2026-10-06,11:45,2026-09-05 14:30,31,T30(25-35),Economy Saver,4256,766,150,5172,MMT,Available,True,VALID,,,SINGLETON::OBS00960,False,,RETAINED_UNIQUE,True,
OBS00961,4acb0e2c5264,f72a3f819bbe,BLR,COK,AI,AI-512,2026-10-06,11:45,2026-09-05 14:30,31,T30(25-35),Economy Flexi,6707,1207,200,8114,Cleartrip,Available,True,VALID,,,SINGLETON::OBS00961,False,,RETAINED_UNIQUE,True,
OBS00962,e683e2fa97ca,f72a3f819bbe,BLR,COK,AI,AI-512,2026-10-06,11:45,2026-09-05 14:30,31,T30(25-35),Economy Flexi,6367,1146,100,7613,EaseMyTrip,Available,True,VALID,,,SINGLETON::OBS00962,False,,RETAINED_UNIQUE,True,
OBS00963,6fa66b374fc6,1e1685095858,BLR,COK,AI,AI-512,2026-10-22,11:45,2026-09-05 14:30,47,T45(40-50),Economy Saver,4232,762,100,5094,Cleartrip,Available,True,VALID,,,SINGLETON::OBS00963,False,,RETAINED_UNIQUE,True,
OBS00964,81e68199e18d,bcaa3f42d7cf,BLR,COK,IX,IX-431,2026-09-07,19:30,2026-09-05 14:30,2,T1(0-2),Economy Flexi,9723,1750,150,11623,Cleartrip,Available,True,VALID,,,SINGLETON::OBS00964,False,,RETAINED_UNIQUE,True,
OBS00965,0ff20ac57e15,bcaa3f42d7cf,BLR,COK,IX,IX-431,2026-09-07,19:30,2026-09-05 14:30,2,T1(0-2),Economy Flexi,9517,1713,180,11410,EaseMyTrip,Available,True,VALID,,,SINGLETON::OBS00965,False,,RETAINED_UNIQUE,True,
OBS00966,4897216491ff,12a86d7c7ba3,BLR,COK,IX,IX-431,2026-09-07,19:30,2026-09-05 14:30,2,T1(0-2),Economy Standard,8196,1475,200,9871,Cleartrip,Available,True,VALID,,,SINGLETON::OBS00966,False,,RETAINED_UNIQUE,True,
OBS00967,54d9bfcdaeab,0843eb384bfd,BLR,COK,IX,IX-431,2026-09-13,19:30,2026-09-05 14:30,8,T7(5-9),Economy Flexi,8541,1537,200,10278,Cleartrip,Available,True,VALID,,,SINGLETON::OBS00967,False,,RETAINED_UNIQUE,True,
OBS00968,0591868d56e4,3e191ddf2316,BLR,COK,IX,IX-431,2026-09-21,19:30,2026-09-05 14:30,16,T15(12-18),Economy Flexi,7415,1335,180,8930,Goibibo,Available,True,VALID,,,SINGLETON::OBS00968,False,,RETAINED_UNIQUE,True,
OBS00969,56e706426f99,a257e13fc693,BLR,COK,IX,IX-431,2026-09-21,19:30,2026-09-05 14:30,16,T15(12-18),Economy Standard,6083,1095,150,7328,MMT,Available,True,VALID,,,SINGLETON::OBS00969,False,,RETAINED_UNIQUE,True,
OBS00970,24b7a0ed393e,f72a3f819bbe,BLR,COK,IX,IX-431,2026-10-06,19:30,2026-09-05 14:30,31,T30(25-35),Economy Flexi,6443,1160,120,7723,AirlineSite,Available,True,VALID,,,SINGLETON::OBS00970,False,,RETAINED_UNIQUE,True,
OBS00971,c2f85bbc41dc,260e368686be,BLR,COK,IX,IX-431,2026-10-06,19:30,2026-09-05 14:30,31,T30(25-35),Economy Standard,5568,1002,200,6770,Cleartrip,Available,True,VALID,,,SINGLETON::OBS00971,False,,RETAINED_UNIQUE,True,
OBS00972,997c2c53f5c4,260e368686be,BLR,COK,IX,IX-431,2026-10-06,19:30,2026-09-05 14:30,31,T30(25-35),Economy Standard,5532,996,150,6678,EaseMyTrip,Available,True,VALID,,,SINGLETON::OBS00972,False,,RETAINED_UNIQUE,True,
OBS00973,950a01ea08e0,4bfeeef11904,BLR,COK,IX,IX-431,2026-10-22,19:30,2026-09-05 14:30,47,T45(40-50),Economy Standard,5645,1016,120,6781,MMT,Available,True,VALID,,,SINGLETON::OBS00973,False,,RETAINED_UNIQUE,True,
OBS00974,cb51cfa57268,4bfeeef11904,BLR,COK,IX,IX-431,2026-10-22,19:30,2026-09-05 14:30,47,T45(40-50),Economy Standard,5577,1004,150,6731,EaseMyTrip,Available,True,VALID,,,SINGLETON::OBS00974,False,,RETAINED_UNIQUE,True,
OBS00975,db2d2b14df14,12c49ccd7325,BLR,COK,IX,IX-431,2026-10-22,19:30,2026-09-05 14:30,47,T45(40-50),Economy Flexi,6446,1160,100,7706,MMT,Available,True,VALID,,,SINGLETON::OBS00975,False,,RETAINED_UNIQUE,True,
OBS00976,d81e3b64c2b7,59a3acf5af83,DEL,IDR,6E,6E-284,2026-09-07,20:30,2026-09-05 14:30,2,T1(0-2),Economy Saver,5862,1055,180,7097,EaseMyTrip,Available,True,VALID,,,SINGLETON::OBS00976,False,,RETAINED_UNIQUE,True,
OBS00977,f9cee9709c35,59a3acf5af83,DEL,IDR,6E,6E-284,2026-09-07,20:30,2026-09-05 14:30,2,T1(0-2),Economy Saver,6166,1110,100,7376,AirlineSite,Available,True,VALID,,,SINGLETON::OBS00977,False,,RETAINED_UNIQUE,True,
OBS00978,4a3944135b01,615a8c996c31,DEL,IDR,6E,6E-284,2026-09-13,20:30,2026-09-05 14:30,8,T7(5-9),Economy Standard,7199,1296,180,8675,AirlineSite,Available,True,VALID,,,SINGLETON::OBS00978,False,,RETAINED_UNIQUE,True,
OBS00979,283cac5e6057,731368c6b934,DEL,IDR,6E,6E-284,2026-09-21,20:30,2026-09-05 14:30,16,T15(12-18),Economy Saver,4496,809,120,5425,Goibibo,Available,True,VALID,,,SINGLETON::OBS00979,False,,RETAINED_UNIQUE,True,
OBS00980,f05ef0d6174c,731368c6b934,DEL,IDR,6E,6E-284,2026-09-21,20:30,2026-09-05 14:30,16,T15(12-18),Economy Saver,4448,801,150,5399,MMT,Available,True,VALID,,,SINGLETON::OBS00980,False,,RETAINED_UNIQUE,True,
OBS00981,7c8341fdd4d9,ea8fe78033cd,DEL,IDR,6E,6E-284,2026-09-21,20:30,2026-09-05 14:30,16,T15(12-18),Economy Flexi,7677,1382,200,9259,Goibibo,Available,True,VALID,,,SINGLETON::OBS00981,False,,RETAINED_UNIQUE,True,
OBS00982,c23271c7a0bb,ea8fe78033cd,DEL,IDR,6E,6E-284,2026-09-21,20:30,2026-09-05 14:30,16,T15(12-18),Economy Flexi,7648,1377,200,9225,EaseMyTrip,Available,True,VALID,,,SINGLETON::OBS00982,False,,RETAINED_UNIQUE,True,
OBS00983,87458dcb7a97,2892fdfab01b,DEL,IDR,6E,6E-284,2026-10-06,20:30,2026-09-05 14:30,31,T30(25-35),Economy Saver,4252,765,200,5217,EaseMyTrip,Available,True,VALID,,,SINGLETON::OBS00983,False,,RETAINED_UNIQUE,True,
OBS00984,3a5f4edceb87,2892fdfab01b,DEL,IDR,6E,6E-284,2026-10-06,20:30,2026-09-05 14:30,31,T30(25-35),Economy Saver,4162,749,150,5061,Goibibo,Available,True,VALID,,,SINGLETON::OBS00984,False,,RETAINED_UNIQUE,True,
OBS00985,33568ca68986,fc24873a51eb,DEL,IDR,6E,6E-284,2026-10-06,20:30,2026-09-05 14:30,31,T30(25-35),Economy Flexi,6867,1236,180,8283,EaseMyTrip,Available,True,VALID,,,SINGLETON::OBS00985,False,,RETAINED_UNIQUE,True,
OBS00986,4237e18df5e2,fc24873a51eb,DEL,IDR,6E,6E-284,2026-10-06,20:30,2026-09-05 14:30,31,T30(25-35),Economy Flexi,6539,1177,180,7896,MMT,Available,True,VALID,,,SINGLETON::OBS00986,False,,RETAINED_UNIQUE,True,
OBS00987,2435e798d64a,99c1af3069c3,DEL,IDR,6E,6E-284,2026-10-22,20:30,2026-09-05 14:30,47,T45(40-50),Economy Saver,4252,765,120,5137,AirlineSite,Available,True,VALID,,,SINGLETON::OBS00987,False,,RETAINED_UNIQUE,True,
OBS00988,58db4b2cee99,5872d5a74b16,DEL,IDR,6E,6E-284,2026-10-22,20:30,2026-09-05 14:30,47,T45(40-50),Economy Standard,5473,985,180,6638,Cleartrip,Available,True,VALID,,,SINGLETON::OBS00988,False,,RETAINED_UNIQUE,True,
OBS00989,b1dc00c0c2cd,5872d5a74b16,DEL,IDR,6E,6E-284,2026-10-22,20:30,2026-09-05 14:30,47,T45(40-50),Economy Standard,5695,1025,180,6900,Goibibo,Available,True,VALID,,,SINGLETON::OBS00989,False,,RETAINED_UNIQUE,True,
OBS00990,29a2bf1dc7ff,59a3acf5af83,DEL,IDR,AI,AI-635,2026-09-07,16:30,2026-09-05 14:30,2,T1(0-2),Economy Saver,6332,1140,200,7672,EaseMyTrip,Available,True,VALID,,,SINGLETON::OBS00990,False,,RETAINED_UNIQUE,True,
OBS00991,ea21f9ec904e,59a3acf5af83,DEL,IDR,AI,AI-635,2026-09-07,16:30,2026-09-05 14:30,2,T1(0-2),Economy Saver,6074,1093,180,7347,MMT,Available,True,VALID,,,SINGLETON::OBS00991,False,,RETAINED_UNIQUE,True,
OBS00992,8e238af9a831,9d37ef07173b,DEL,IDR,AI,AI-635,2026-09-07,16:30,2026-09-05 14:30,2,T1(0-2),Economy Standard,7645,1376,180,9201,Goibibo,Available,True,VALID,,,SINGLETON::OBS00992,False,,RETAINED_UNIQUE,True,
OBS00993,b1652ee1748e,9d37ef07173b,DEL,IDR,AI,AI-635,2026-09-07,16:30,2026-09-05 14:30,2,T1(0-2),Economy Standard,8165,1470,120,9755,MMT,Available,True,VALID,,,SINGLETON::OBS00993,False,,RETAINED_UNIQUE,True,
OBS00994,89bf7a0550ce,b2029b11641d,DEL,IDR,AI,AI-635,2026-09-13,16:30,2026-09-05 14:30,8,T7(5-9),Economy Saver,5659,1019,200,6878,EaseMyTrip,Available,True,VALID,,,SINGLETON::OBS00994,False,,RETAINED_UNIQUE,True,
OBS00995,759656a1a3c2,615a8c996c31,DEL,IDR,AI,AI-635,2026-09-13,16:30,2026-09-05 14:30,8,T7(5-9),Economy Standard,7029,1265,100,8394,Cleartrip,Available,True,VALID,,,SINGLETON::OBS00995,False,,RETAINED_UNIQUE,True,
OBS00996,519c50320557,615a8c996c31,DEL,IDR,AI,AI-635,2026-09-13,16:30,2026-09-05 14:30,8,T7(5-9),Economy Standard,6867,1236,150,8253,EaseMyTrip,Available,True,VALID,,,SINGLETON::OBS00996,False,,RETAINED_UNIQUE,True,
OBS00997,02e873988b7c,ea8fe78033cd,DEL,IDR,AI,AI-635,2026-09-21,16:30,2026-09-05 14:30,16,T15(12-18),Economy Flexi,7167,1290,200,8657,EaseMyTrip,Available,True,VALID,,,SINGLETON::OBS00997,False,,RETAINED_UNIQUE,True,
OBS00998,7537e31dbb97,ea8fe78033cd,DEL,IDR,AI,AI-635,2026-09-21,16:30,2026-09-05 14:30,16,T15(12-18),Economy Flexi,7327,1319,150,8796,Goibibo,Available,True,VALID,,,SINGLETON::OBS00998,False,,RETAINED_UNIQUE,True,
OBS00999,97edbb0ba9df,2892fdfab01b,DEL,IDR,AI,AI-635,2026-10-06,16:30,2026-09-05 14:30,31,T30(25-35),Economy Saver,4041,727,100,4868,EaseMyTrip,Available,True,VALID,,,SINGLETON::OBS00999,False,,RETAINED_UNIQUE,True,
OBS01000,b3bcc21551a9,5872d5a74b16,DEL,IDR,AI,AI-635,2026-10-22,16:30,2026-09-05 14:30,47,T45(40-50),Economy Standard,5233,942,100,6275,AirlineSite,Available,True,VALID,,,SINGLETON::OBS01000,False,,RETAINED_UNIQUE,True,
OBS01001,e077cac2a34d,5872d5a74b16,DEL,IDR,AI,AI-635,2026-10-22,16:30,2026-09-05 14:30,47,T45(40-50),Economy Standard,5451,981,150,6582,MMT,Available,True,VALID,,,SINGLETON::OBS01001,False,,RETAINED_UNIQUE,True,
OBS01002,ef9b19d6c534,99c1af3069c3,DEL,IDR,AI,AI-635,2026-10-22,16:30,2026-09-05 14:30,47,T45(40-50),Economy Saver,4451,801,180,5432,Cleartrip,Available,True,VALID,,,SINGLETON::OBS01002,False,,RETAINED_UNIQUE,True,
OBS01003,6ead4004f5b0,99c1af3069c3,DEL,IDR,AI,AI-635,2026-10-22,16:30,2026-09-05 14:30,47,T45(40-50),Economy Saver,4325,778,100,5203,Goibibo,Available,True,VALID,,,SINGLETON::OBS01003,False,,RETAINED_UNIQUE,True,
OBS01004,98e1ae7e023a,59a3acf5af83,DEL,IDR,IX,IX-221,2026-09-07,11:45,2026-09-05 14:30,2,T1(0-2),Economy Saver,6319,1137,100,7556,Cleartrip,Available,True,VALID,,,SINGLETON::OBS01004,False,,RETAINED_UNIQUE,True,
OBS01005,52d428de3022,c9e9c3d33416,DEL,IDR,IX,IX-221,2026-09-07,11:45,2026-09-05 14:30,2,T1(0-2),Economy Flexi,10044,1808,150,12002,MMT,Available,True,VALID,,,SINGLETON::OBS01005,False,,RETAINED_UNIQUE,True,
OBS01006,2c301bf13e52,c9e9c3d33416,DEL,IDR,IX,IX-221,2026-09-07,11:45,2026-09-05 14:30,2,T1(0-2),Economy Flexi,9969,1794,100,11863,EaseMyTrip,Available,True,VALID,,,SINGLETON::OBS01006,False,,RETAINED_UNIQUE,True,
OBS01007,ab7acd0fb957,f9851eeeb5fa,DEL,IDR,IX,IX-221,2026-09-13,11:45,2026-09-05 14:30,8,T7(5-9),Economy Flexi,8899,1602,180,10681,Goibibo,Available,True,VALID,,,SINGLETON::OBS01007,False,,RETAINED_UNIQUE,True,
OBS01008,4f476eac45bd,ea8fe78033cd,DEL,IDR,IX,IX-221,2026-09-21,11:45,2026-09-05 14:30,16,T15(12-18),Economy Flexi,7304,1315,100,8719,MMT,Available,True,VALID,,,SINGLETON::OBS01008,False,,RETAINED_UNIQUE,True,
OBS01009,5061188ee49f,1b4e5a1ec847,DEL,IDR,IX,IX-221,2026-10-06,11:45,2026-09-05 14:30,31,T30(25-35),Economy Standard,5270,949,100,6319,Cleartrip,Available,True,VALID,,,SINGLETON::OBS01009,False,,RETAINED_UNIQUE,True,
OBS01010,e15048600c81,1b4e5a1ec847,DEL,IDR,IX,IX-221,2026-10-06,11:45,2026-09-05 14:30,31,T30(25-35),Economy Standard,5586,1006,200,6792,EaseMyTrip,Available,True,VALID,,,SINGLETON::OBS01010,False,,RETAINED_UNIQUE,True,
OBS01011,73fd8aa3de17,5872d5a74b16,DEL,IDR,IX,IX-221,2026-10-22,11:45,2026-09-05 14:30,47,T45(40-50),Economy Standard,5379,968,100,6447,Cleartrip,Available,True,VALID,,,SINGLETON::OBS01011,False,,RETAINED_UNIQUE,True,
OBS01012,7e9ac0a397da,5872d5a74b16,DEL,IDR,IX,IX-221,2026-10-22,11:45,2026-09-05 14:30,47,T45(40-50),Economy Standard,5650,1017,120,6787,MMT,Available,True,VALID,,,SINGLETON::OBS01012,False,,RETAINED_UNIQUE,True,
OBS01013,371e492c3790,a2655fd02851,BOM,DEL,6E,6E-2341,2026-09-07,08:00,2026-09-05 20:15,2,T1(0-2),Economy Saver,5948,1071,150,7169,Cleartrip,Available,True,VALID,,,SINGLETON::OBS01013,False,,RETAINED_UNIQUE,True,
OBS01014,3c70a480a0fe,a2655fd02851,BOM,DEL,6E,6E-2341,2026-09-07,08:00,2026-09-05 20:15,2,T1(0-2),Economy Saver,6202,1116,180,7498,AirlineSite,Available,True,VALID,,,SINGLETON::OBS01014,False,,RETAINED_UNIQUE,True,
OBS01015,aa6dfc865951,b591dca76702,BOM,DEL,6E,6E-2341,2026-09-13,08:00,2026-09-05 20:15,8,T7(5-9),Economy Saver,5669,1020,180,6869,EaseMyTrip,Available,True,VALID,,,SINGLETON::OBS01015,False,,RETAINED_UNIQUE,True,
OBS01016,96bd15763021,aed9f9810eed,BOM,DEL,6E,6E-2341,2026-09-21,08:00,2026-09-05 20:15,16,T15(12-18),Economy Standard,5796,1043,100,6939,MMT,Available,True,VALID,,,SINGLETON::OBS01016,False,,RETAINED_UNIQUE,True,
OBS01017,926ab6009439,c486b2c50264,BOM,DEL,6E,6E-2341,2026-10-06,08:00,2026-09-05 20:15,31,T30(25-35),Economy Flexi,6761,1217,200,8178,Cleartrip,Available,True,VALID,,,SINGLETON::OBS01017,False,,RETAINED_UNIQUE,True,
OBS01018,73affd014ef6,312dbe0b5497,BOM,DEL,6E,6E-2341,2026-10-06,08:00,2026-09-05 20:15,31,T30(25-35),Economy Saver,4237,763,150,5150,MMT,Available,True,VALID,,,SINGLETON::OBS01018,False,,RETAINED_UNIQUE,True,
OBS01019,843942eaa2be,946fda38816a,BOM,DEL,6E,6E-2341,2026-10-22,08:00,2026-09-05 20:15,47,T45(40-50),Economy Standard,5377,968,120,6465,Goibibo,Available,True,VALID,,,SINGLETON::OBS01019,False,,RETAINED_UNIQUE,True,
OBS01020,4ec64bb37dea,7d751f1f32d7,BOM,DEL,6E,6E-2341,2026-10-22,08:00,2026-09-05 20:15,47,T45(40-50),Economy Saver,4329,779,200,5308,AirlineSite,Available,True,VALID,,,SINGLETON::OBS01020,False,,RETAINED_UNIQUE,True,
OBS01021,6c5853cf97e7,7d751f1f32d7,BOM,DEL,6E,6E-2341,2026-10-22,08:00,2026-09-05 20:15,47,T45(40-50),Economy Saver,4156,748,180,5084,Goibibo,Available,True,VALID,,,SINGLETON::OBS01021,False,,RETAINED_UNIQUE,True,
OBS01022,a373bdb2fa2a,ff6869a5fa7a,BOM,DEL,AI,AI-865,2026-09-07,16:15,2026-09-05 20:15,2,T1(0-2),Economy Flexi,9520,1714,180,11414,EaseMyTrip,Available,True,VALID,,,SINGLETON::OBS01022,False,,RETAINED_UNIQUE,True,
OBS01023,86a6548709b6,4f7bbed1f7d3,BOM,DEL,AI,AI-865,2026-09-13,16:15,2026-09-05 20:15,8,T7(5-9),Economy Flexi,8370,1507,150,10027,EaseMyTrip,Available,True,VALID,,,SINGLETON::OBS01023,False,,RETAINED_UNIQUE,True,
OBS01024,4ee5ea0e9161,b591dca76702,BOM,DEL,AI,AI-865,2026-09-13,16:15,2026-09-05 20:15,8,T7(5-9),Economy Saver,5490,988,200,6678,EaseMyTrip,Available,True,VALID,,,SINGLETON::OBS01024,False,,RETAINED_UNIQUE,True,
OBS01025,edecf09f5335,b591dca76702,BOM,DEL,AI,AI-865,2026-09-13,16:15,2026-09-05 20:15,8,T7(5-9),Economy Saver,5449,981,120,6550,Cleartrip,Available,True,VALID,,,SINGLETON::OBS01025,False,,RETAINED_UNIQUE,True,
OBS01026,dfe8bb4f7a59,9f15c8f3920d,BOM,DEL,AI,AI-865,2026-09-21,16:15,2026-09-05 20:15,16,T15(12-18),Economy Flexi,7202,1296,100,8598,EaseMyTrip,Available,True,VALID,,,SINGLETON::OBS01026,False,,RETAINED_UNIQUE,True,
OBS01027,2724e297f6c0,9f15c8f3920d,BOM,DEL,AI,AI-865,2026-09-21,16:15,2026-09-05 20:15,16,T15(12-18),Economy Flexi,7448,1341,200,8989,MMT,Available,True,VALID,,,SINGLETON::OBS01027,False,,RETAINED_UNIQUE,True,
OBS01028,fe24b8733a1b,312dbe0b5497,BOM,DEL,AI,AI-865,2026-10-06,16:15,2026-09-05 20:15,31,T30(25-35),Economy Saver,4151,747,180,5078,EaseMyTrip,Available,True,VALID,,,SINGLETON::OBS01028,False,,RETAINED_UNIQUE,True,
OBS01029,9fb5b47759ca,db17d6d495a3,BOM,DEL,AI,AI-865,2026-10-06,16:15,2026-09-05 20:15,31,T30(25-35),Economy Standard,5467,984,100,6551,AirlineSite,Available,True,VALID,,,SINGLETON::OBS01029,False,,RETAINED_UNIQUE,True,
OBS01030,c0e5fedd0e41,db17d6d495a3,BOM,DEL,AI,AI-865,2026-10-06,16:15,2026-09-05 20:15,31,T30(25-35),Economy Standard,5208,937,120,6265,EaseMyTrip,Available,True,VALID,,,SINGLETON::OBS01030,False,,RETAINED_UNIQUE,True,
OBS01031,d5ed02f49a2e,7d751f1f32d7,BOM,DEL,AI,AI-865,2026-10-22,16:15,2026-09-05 20:15,47,T45(40-50),Economy Saver,4236,762,100,5098,AirlineSite,Available,True,VALID,,,SINGLETON::OBS01031,False,,RETAINED_UNIQUE,True,
OBS01032,f83fb58e3e81,ff6869a5fa7a,BOM,DEL,QP,QP-1123,2026-09-07,18:45,2026-09-05 20:15,2,T1(0-2),Economy Flexi,9234,1662,120,11016,Goibibo,Available,True,VALID,,,SINGLETON::OBS01032,False,,RETAINED_UNIQUE,True,
OBS01033,9bd3d861ea2b,ff6869a5fa7a,BOM,DEL,QP,QP-1123,2026-09-07,18:45,2026-09-05 20:15,2,T1(0-2),Economy Flexi,9767,1758,100,11625,Cleartrip,Available,True,VALID,,,SINGLETON::OBS01033,False,,RETAINED_UNIQUE,True,
OBS01034,34f754cce735,b591dca76702,BOM,DEL,QP,QP-1123,2026-09-13,18:45,2026-09-05 20:15,8,T7(5-9),Economy Saver,5679,1022,100,6801,AirlineSite,Available,True,VALID,,,SINGLETON::OBS01034,False,,RETAINED_UNIQUE,True,
OBS01035,ddaca302ef0e,b591dca76702,BOM,DEL,QP,QP-1123,2026-09-13,18:45,2026-09-05 20:15,8,T7(5-9),Economy Saver,5439,979,180,6598,Goibibo,Available,True,VALID,,,SINGLETON::OBS01035,False,,RETAINED_UNIQUE,True,
OBS01036,fa7ba1727f88,9f15c8f3920d,BOM,DEL,QP,QP-1123,2026-09-21,18:45,2026-09-05 20:15,16,T15(12-18),Economy Flexi,7503,1350,150,9003,EaseMyTrip,Available,True,VALID,,,SINGLETON::OBS01036,False,,RETAINED_UNIQUE,True,
OBS01037,7db32057564c,9f15c8f3920d,BOM,DEL,QP,QP-1123,2026-09-21,18:45,2026-09-05 20:15,16,T15(12-18),Economy Flexi,7026,1265,120,8411,AirlineSite,Available,True,VALID,,,SINGLETON::OBS01037,False,,RETAINED_UNIQUE,True,
OBS01038,6c9d8f387de0,3f84138c4009,BOM,DEL,QP,QP-1123,2026-09-21,18:45,2026-09-05 20:15,16,T15(12-18),Economy Saver,4770,859,200,5829,AirlineSite,Available,True,VALID,,,SINGLETON::OBS01038,False,,RETAINED_UNIQUE,True,
OBS01039,c0df82a5d033,312dbe0b5497,BOM,DEL,QP,QP-1123,2026-10-06,18:45,2026-09-05 20:15,31,T30(25-35),Economy Saver,4295,773,120,5188,EaseMyTrip,Available,True,VALID,,,SINGLETON::OBS01039,False,,RETAINED_UNIQUE,True,
OBS01040,324be6546070,c486b2c50264,BOM,DEL,QP,QP-1123,2026-10-06,18:45,2026-09-05 20:15,31,T30(25-35),Economy Flexi,6781,1221,180,8182,AirlineSite,Available,True,VALID,,,SINGLETON::OBS01040,False,,RETAINED_UNIQUE,True,
OBS01041,c0a25e05e8ad,c486b2c50264,BOM,DEL,QP,QP-1123,2026-10-06,18:45,2026-09-05 20:15,31,T30(25-35),Economy Flexi,6919,1245,120,8284,Cleartrip,Available,True,VALID,,,SINGLETON::OBS01041,False,,RETAINED_UNIQUE,True,
OBS01042,f25cc7a659e0,2e9daa0e056f,BOM,DEL,QP,QP-1123,2026-10-22,18:45,2026-09-05 20:15,47,T45(40-50),Economy Flexi,6770,1219,200,8189,EaseMyTrip,Available,True,VALID,,,SINGLETON::OBS01042,False,,RETAINED_UNIQUE,True,
OBS01043,5123f6f835d3,2e9daa0e056f,BOM,DEL,QP,QP-1123,2026-10-22,18:45,2026-09-05 20:15,47,T45(40-50),Economy Flexi,6995,1259,180,8434,Cleartrip,Available,True,VALID,,,SINGLETON::OBS01043,False,,RETAINED_UNIQUE,True,
OBS01044,031a66b862db,d9e2346419c4,BLR,DEL,6E,6E-5011,2026-09-07,13:45,2026-09-05 20:15,2,T1(0-2),Economy Standard,8164,1469,150,9783,Goibibo,Available,True,VALID,,,SINGLETON::OBS01044,False,,RETAINED_UNIQUE,True,
OBS01045,aac82de31bba,d9e2346419c4,BLR,DEL,6E,6E-5011,2026-09-07,13:45,2026-09-05 20:15,2,T1(0-2),Economy Standard,7993,1439,200,9632,EaseMyTrip,Available,True,VALID,,,SINGLETON::OBS01045,False,,RETAINED_UNIQUE,True,
OBS01046,24f57fc3986d,722a18223014,BLR,DEL,6E,6E-5011,2026-09-07,13:45,2026-09-05 20:15,2,T1(0-2),Economy Flexi,9920,1786,150,11856,Goibibo,Available,True,VALID,,,SINGLETON::OBS01046,False,,RETAINED_UNIQUE,True,
OBS01047,9e0bb73af834,07d6636181ef,BLR,DEL,6E,6E-5011,2026-09-13,13:45,2026-09-05 20:15,8,T7(5-9),Economy Standard,7429,1337,200,8966,AirlineSite,Available,True,VALID,,,SINGLETON::OBS01047,False,,RETAINED_UNIQUE,True,
OBS01048,f939878242f5,07d6636181ef,BLR,DEL,6E,6E-5011,2026-09-13,13:45,2026-09-05 20:15,8,T7(5-9),Economy Standard,6751,1215,120,8086,EaseMyTrip,Available,True,VALID,,,SINGLETON::OBS01048,False,,RETAINED_UNIQUE,True,
OBS01049,9dfc23584028,dc430b25a5ca,BLR,DEL,6E,6E-5011,2026-09-13,13:45,2026-09-05 20:15,8,T7(5-9),Economy Flexi,9081,1635,120,10836,AirlineSite,Available,True,VALID,,,SINGLETON::OBS01049,False,,RETAINED_UNIQUE,True,
OBS01050,3ad5a1c5408a,dc430b25a5ca,BLR,DEL,6E,6E-5011,2026-09-13,13:45,2026-09-05 20:15,8,T7(5-9),Economy Flexi,8971,1615,100,10686,Cleartrip,Available,True,VALID,,,SINGLETON::OBS01050,False,,RETAINED_UNIQUE,True,
OBS01051,23c3fc00d8f9,8e4874510531,BLR,DEL,6E,6E-5011,2026-09-21,13:45,2026-09-05 20:15,16,T15(12-18),Economy Flexi,7304,1315,120,8739,AirlineSite,Available,True,VALID,,,SINGLETON::OBS01051,False,,RETAINED_UNIQUE,True,
OBS01052,71f14bd4f5c8,e9016f4c5dda,BLR,DEL,6E,6E-5011,2026-09-21,13:45,2026-09-05 20:15,16,T15(12-18),Economy Saver,4605,829,200,5634,Cleartrip,Available,True,VALID,,,SINGLETON::OBS01052,False,,RETAINED_UNIQUE,True,
OBS01053,0ac1f8001ad2,4755462a0777,BLR,DEL,6E,6E-5011,2026-10-06,13:45,2026-09-05 20:15,31,T30(25-35),Economy Saver,4272,769,200,5241,Cleartrip,Available,True,VALID,,,SINGLETON::OBS01053,False,,RETAINED_UNIQUE,True,
OBS01054,2d6d0f527b84,4755462a0777,BLR,DEL,6E,6E-5011,2026-10-06,13:45,2026-09-05 20:15,31,T30(25-35),Economy Saver,4418,795,100,5313,AirlineSite,Available,True,VALID,,,SINGLETON::OBS01054,False,,RETAINED_UNIQUE,True,
OBS01055,f17f1bc6fa77,9c48d0587db6,BLR,DEL,6E,6E-5011,2026-10-22,13:45,2026-09-05 20:15,47,T45(40-50),Economy Standard,5505,991,150,6646,EaseMyTrip,Available,True,VALID,,,SINGLETON::OBS01055,False,,RETAINED_UNIQUE,True,
OBS01056,68186a196d47,9c48d0587db6,BLR,DEL,6E,6E-5011,2026-10-22,13:45,2026-09-05 20:15,47,T45(40-50),Economy Standard,5204,937,200,6341,AirlineSite,Available,True,VALID,,,SINGLETON::OBS01056,False,,RETAINED_UNIQUE,True,
OBS01057,085276eeac1f,68a92c115f71,BLR,DEL,6E,6E-5011,2026-10-22,13:45,2026-09-05 20:15,47,T45(40-50),Economy Saver,4419,795,150,5364,AirlineSite,Available,True,VALID,,,SINGLETON::OBS01057,False,,RETAINED_UNIQUE,True,
OBS01058,234ab18ce61f,68a92c115f71,BLR,DEL,6E,6E-5011,2026-10-22,13:45,2026-09-05 20:15,47,T45(40-50),Economy Saver,4178,752,180,5110,EaseMyTrip,Available,True,VALID,,,SINGLETON::OBS01058,False,,RETAINED_UNIQUE,True,
OBS01059,af5c919fac44,55af73a9c051,BLR,DEL,AI,AI-503,2026-09-07,19:15,2026-09-05 20:15,2,T1(0-2),Economy Saver,5879,1058,200,7137,Goibibo,Available,True,VALID,,,SINGLETON::OBS01059,False,,RETAINED_UNIQUE,True,
OBS01060,a7fdb02da0d4,722a18223014,BLR,DEL,AI,AI-503,2026-09-07,19:15,2026-09-05 20:15,2,T1(0-2),Economy Flexi,9704,1747,120,11571,Cleartrip,Available,True,VALID,,,SINGLETON::OBS01060,False,,RETAINED_UNIQUE,True,
OBS01061,e378c901ce24,dc430b25a5ca,BLR,DEL,AI,AI-503,2026-09-13,19:15,2026-09-05 20:15,8,T7(5-9),Economy Flexi,8815,1587,180,10582,AirlineSite,Available,True,VALID,,,SINGLETON::OBS01061,False,,RETAINED_UNIQUE,True,
OBS01062,ce8315bad61a,c01f5270b3d8,BLR,DEL,AI,AI-503,2026-09-13,19:15,2026-09-05 20:15,8,T7(5-9),Economy Saver,5363,965,150,6478,EaseMyTrip,Available,True,VALID,,,SINGLETON::OBS01062,False,,RETAINED_UNIQUE,True,
OBS01063,06c1664a01e6,c01f5270b3d8,BLR,DEL,AI,AI-503,2026-09-13,19:15,2026-09-05 20:15,8,T7(5-9),Economy Saver,5671,1021,120,6812,AirlineSite,Available,True,VALID,,,SINGLETON::OBS01063,False,,RETAINED_UNIQUE,True,
OBS01064,a13cb94fa4e2,fa460205682d,BLR,DEL,AI,AI-503,2026-09-21,19:15,2026-09-05 20:15,16,T15(12-18),Economy Standard,6042,1088,100,7230,Goibibo,Available,True,VALID,,,SINGLETON::OBS01064,False,,RETAINED_UNIQUE,True,
OBS01065,69fd03e5c48d,bad1720ebf2f,BLR,DEL,AI,AI-503,2026-10-06,19:15,2026-09-05 20:15,31,T30(25-35),Economy Standard,5602,1008,120,6730,EaseMyTrip,Available,True,VALID,,,SINGLETON::OBS01065,False,,RETAINED_UNIQUE,True,
OBS01066,95e32d91ee12,bad1720ebf2f,BLR,DEL,AI,AI-503,2026-10-06,19:15,2026-09-05 20:15,31,T30(25-35),Economy Standard,5595,1007,180,6782,Goibibo,Available,True,VALID,,,SINGLETON::OBS01066,False,,RETAINED_UNIQUE,True,
OBS01067,6be7d64b3c71,4755462a0777,BLR,DEL,AI,AI-503,2026-10-06,19:15,2026-09-05 20:15,31,T30(25-35),Economy Saver,4198,756,200,5154,Goibibo,Available,True,VALID,,,SINGLETON::OBS01067,False,,RETAINED_UNIQUE,True,
OBS01068,8466e21f48d8,4073ebc581a9,BLR,DEL,AI,AI-503,2026-10-22,19:15,2026-09-05 20:15,47,T45(40-50),Economy Flexi,6383,1149,180,7712,MMT,Available,True,VALID,,,SINGLETON::OBS01068,False,,RETAINED_UNIQUE,True,
OBS01069,8690257caffd,722a18223014,BLR,DEL,IX,IX-782,2026-09-07,09:30,2026-09-05 20:15,2,T1(0-2),Economy Flexi,9593,1727,150,11470,Goibibo,Available,True,VALID,,,SINGLETON::OBS01069,False,,RETAINED_UNIQUE,True,
OBS01070,cc5970b8e1fb,55af73a9c051,BLR,DEL,IX,IX-782,2026-09-07,09:30,2026-09-05 20:15,2,T1(0-2),Economy Saver,6056,1090,100,7246,Cleartrip,Available,True,VALID,,,SINGLETON::OBS01070,False,,RETAINED_UNIQUE,True,
OBS01071,b5f7f12cf02a,c01f5270b3d8,BLR,DEL,IX,IX-782,2026-09-13,09:30,2026-09-05 20:15,8,T7(5-9),Economy Saver,5482,987,120,6589,EaseMyTrip,Available,True,VALID,,,SINGLETON::OBS01071,False,,RETAINED_UNIQUE,True,
OBS01072,d0c7fef26887,c01f5270b3d8,BLR,DEL,IX,IX-782,2026-09-13,09:30,2026-09-05 20:15,8,T7(5-9),Economy Saver,5351,963,150,6464,MMT,Available,True,VALID,,,SINGLETON::OBS01072,False,,RETAINED_UNIQUE,True,
OBS01073,43acd909be3d,07d6636181ef,BLR,DEL,IX,IX-782,2026-09-13,09:30,2026-09-05 20:15,8,T7(5-9),Economy Standard,6818,1227,100,8145,AirlineSite,Available,True,VALID,,,SINGLETON::OBS01073,False,,RETAINED_UNIQUE,True,
OBS01074,09b588dea679,8e4874510531,BLR,DEL,IX,IX-782,2026-09-21,09:30,2026-09-05 20:15,16,T15(12-18),Economy Flexi,6980,1256,100,8336,Cleartrip,Available,True,VALID,,,SINGLETON::OBS01074,False,,RETAINED_UNIQUE,True,
OBS01075,8d0ddf7b3c9c,bad1720ebf2f,BLR,DEL,IX,IX-782,2026-10-06,09:30,2026-09-05 20:15,31,T30(25-35),Economy Standard,5297,953,200,6450,Cleartrip,Available,True,VALID,,,SINGLETON::OBS01075,False,,RETAINED_UNIQUE,True,
OBS01076,a701b691870f,ba0de94a3dda,BLR,DEL,IX,IX-782,2026-10-06,09:30,2026-09-05 20:15,31,T30(25-35),Economy Flexi,6697,1205,150,8052,MMT,Available,True,VALID,,,SINGLETON::OBS01076,False,,RETAINED_UNIQUE,True,
OBS01077,32b4aa4118f6,4073ebc581a9,BLR,DEL,IX,IX-782,2026-10-22,09:30,2026-09-05 20:15,47,T45(40-50),Economy Flexi,6721,1210,200,8131,Goibibo,Available,True,VALID,,,SINGLETON::OBS01077,False,,RETAINED_UNIQUE,True,
OBS01078,fa3c169eba2d,68a92c115f71,BLR,DEL,IX,IX-782,2026-10-22,09:30,2026-09-05 20:15,47,T45(40-50),Economy Saver,4104,739,150,4993,Cleartrip,Available,True,VALID,,,SINGLETON::OBS01078,False,,RETAINED_UNIQUE,True,
OBS01079,70ee079705c9,932597b646f6,BLR,BOM,6E,6E-442,2026-09-07,06:30,2026-09-05 20:15,2,T1(0-2),Economy Flexi,9814,1766,100,11680,AirlineSite,Available,True,VALID,,,SINGLETON::OBS01079,False,,RETAINED_UNIQUE,True,
OBS01080,fe2062cbc9e8,932597b646f6,BLR,BOM,6E,6E-442,2026-09-07,06:30,2026-09-05 20:15,2,T1(0-2),Economy Flexi,9251,1665,150,11066,Goibibo,Available,True,VALID,,,SINGLETON::OBS01080,False,,RETAINED_UNIQUE,True,
OBS01081,582c34627721,bdd7f33da793,BLR,BOM,6E,6E-442,2026-09-13,06:30,2026-09-05 20:15,8,T7(5-9),Economy Saver,5777,1040,200,7017,Goibibo,Available,True,VALID,,,SINGLETON::OBS01081,False,,RETAINED_UNIQUE,True,
OBS01082,3eb675e4692e,bdd7f33da793,BLR,BOM,6E,6E-442,2026-09-13,06:30,2026-09-05 20:15,8,T7(5-9),Economy Saver,5775,1039,100,6914,MMT,Available,True,VALID,,,SINGLETON::OBS01082,False,,RETAINED_UNIQUE,True,
OBS01083,0a004b7bb8c7,8cbacff05554,BLR,BOM,6E,6E-442,2026-09-13,06:30,2026-09-05 20:15,8,T7(5-9),Economy Flexi,8397,1511,200,10108,Goibibo,Available,True,VALID,,,SINGLETON::OBS01083,False,,RETAINED_UNIQUE,True,
OBS01084,8e266a8fc3b3,8cbacff05554,BLR,BOM,6E,6E-442,2026-09-13,06:30,2026-09-05 20:15,8,T7(5-9),Economy Flexi,9066,1632,200,10898,AirlineSite,Available,True,VALID,,,SINGLETON::OBS01084,False,,RETAINED_UNIQUE,True,
OBS01085,7e82e5637436,7efa767f57c0,BLR,BOM,6E,6E-442,2026-09-21,06:30,2026-09-05 20:15,16,T15(12-18),Economy Saver,4576,824,180,5580,EaseMyTrip,Available,True,VALID,,,SINGLETON::OBS01085,False,,RETAINED_UNIQUE,True,
OBS01086,c280f6c48301,f5e32b9982ab,BLR,BOM,6E,6E-442,2026-10-06,06:30,2026-09-05 20:15,31,T30(25-35),Economy Flexi,6788,1222,150,8160,Cleartrip,Available,True,VALID,,,SINGLETON::OBS01086,False,,RETAINED_UNIQUE,True,
OBS01087,04052d6b56ea,c7e9ed313a8c,BLR,BOM,6E,6E-442,2026-10-06,06:30,2026-09-05 20:15,31,T30(25-35),Economy Saver,4373,787,150,5310,MMT,Available,True,VALID,,,SINGLETON::OBS01087,False,,RETAINED_UNIQUE,True,
OBS01088,3f4bd960b5dc,c7e9ed313a8c,BLR,BOM,6E,6E-442,2026-10-06,06:30,2026-09-05 20:15,31,T30(25-35),Economy Saver,4401,792,100,5293,Cleartrip,Available,True,VALID,,,SINGLETON::OBS01088,False,,RETAINED_UNIQUE,True,
OBS01089,7da6a2806495,0112fca850a4,BLR,BOM,6E,6E-442,2026-10-22,06:30,2026-09-05 20:15,47,T45(40-50),Economy Saver,4069,732,180,4981,Goibibo,Available,True,VALID,,,SINGLETON::OBS01089,False,,RETAINED_UNIQUE,True,
OBS01090,8fdf8cd776d9,0112fca850a4,BLR,BOM,6E,6E-442,2026-10-22,06:30,2026-09-05 20:15,47,T45(40-50),Economy Saver,4251,765,200,5216,MMT,Available,True,VALID,,,SINGLETON::OBS01090,False,,RETAINED_UNIQUE,True,
OBS01091,75bf1df1c848,b6ae72c59279,BLR,BOM,6E,6E-442,2026-10-22,06:30,2026-09-05 20:15,47,T45(40-50),Economy Flexi,6495,1169,120,7784,Goibibo,Available,True,VALID,,,SINGLETON::OBS01091,False,,RETAINED_UNIQUE,True,
OBS01092,28c433f19a26,26becfeedc51,BLR,BOM,AI,AI-610,2026-09-07,15:45,2026-09-05 20:15,2,T1(0-2),Economy Standard,7679,1382,120,9181,EaseMyTrip,Available,True,VALID,,,SINGLETON::OBS01092,False,,RETAINED_UNIQUE,True,
OBS01093,2dd0a1e12f07,26becfeedc51,BLR,BOM,AI,AI-610,2026-09-07,15:45,2026-09-05 20:15,2,T1(0-2),Economy Standard,7972,1435,120,9527,MMT,Available,True,VALID,,,SINGLETON::OBS01093,False,,RETAINED_UNIQUE,True,
OBS01094,78ba586120ff,932597b646f6,BLR,BOM,AI,AI-610,2026-09-07,15:45,2026-09-05 20:15,2,T1(0-2),Economy Flexi,9846,1772,200,11818,Cleartrip,Available,True,VALID,,,SINGLETON::OBS01094,False,,RETAINED_UNIQUE,True,
OBS01095,ae8be22b2962,010fa77d8be5,BLR,BOM,AI,AI-610,2026-09-13,15:45,2026-09-05 20:15,8,T7(5-9),Economy Standard,7383,1329,150,8862,EaseMyTrip,Available,True,VALID,,,SINGLETON::OBS01095,False,,RETAINED_UNIQUE,True,
OBS01096,e177851c5766,0c23682ee73d,BLR,BOM,AI,AI-610,2026-09-21,15:45,2026-09-05 20:15,16,T15(12-18),Economy Flexi,7200,1296,120,8616,MMT,Available,True,VALID,,,SINGLETON::OBS01096,False,,RETAINED_UNIQUE,True,
OBS01097,11c851674cd4,2367dff31e27,BLR,BOM,AI,AI-610,2026-10-06,15:45,2026-09-05 20:15,31,T30(25-35),Economy Standard,5423,976,150,6549,Goibibo,Available,True,VALID,,,SINGLETON::OBS01097,False,,RETAINED_UNIQUE,True,
OBS01098,9db8ca830624,2367dff31e27,BLR,BOM,AI,AI-610,2026-10-06,15:45,2026-09-05 20:15,31,T30(25-35),Economy Standard,5266,948,120,6334,Cleartrip,Available,True,VALID,,,SINGLETON::OBS01098,False,,RETAINED_UNIQUE,True,
OBS01099,7a1f79906690,0112fca850a4,BLR,BOM,AI,AI-610,2026-10-22,15:45,2026-09-05 20:15,47,T45(40-50),Economy Saver,4352,783,200,5335,AirlineSite,Available,True,VALID,,,SINGLETON::OBS01099,False,,RETAINED_UNIQUE,True,
OBS01100,1279067711c9,932597b646f6,BLR,BOM,QP,QP-1304,2026-09-07,05:00,2026-09-05 20:15,2,T1(0-2),Economy Flexi,9845,1772,150,11767,MMT,Available,True,VALID,,,SINGLETON::OBS01100,False,,RETAINED_UNIQUE,True,
OBS01101,d602c7c8b17b,f51a950a8dae,BLR,BOM,QP,QP-1304,2026-09-07,05:00,2026-09-05 20:15,2,T1(0-2),Economy Saver,5928,1067,200,7195,Goibibo,Available,True,VALID,,,SINGLETON::OBS01101,False,,RETAINED_UNIQUE,True,
OBS01102,e120d9313c3f,8cbacff05554,BLR,BOM,QP,QP-1304,2026-09-13,05:00,2026-09-05 20:15,8,T7(5-9),Economy Flexi,8658,1559,120,10337,Goibibo,Available,True,VALID,,,SINGLETON::OBS01102,False,,RETAINED_UNIQUE,True,
OBS01103,4bfbf52ae8f2,010fa77d8be5,BLR,BOM,QP,QP-1304,2026-09-13,05:00,2026-09-05 20:15,8,T7(5-9),Economy Standard,6898,1242,180,8320,MMT,Available,True,VALID,,,SINGLETON::OBS01103,False,,RETAINED_UNIQUE,True,
OBS01104,13d947aa0072,29a1e7ee3f5f,BLR,BOM,QP,QP-1304,2026-09-21,05:00,2026-09-05 20:15,16,T15(12-18),Economy Standard,6153,1107,100,7360,MMT,Available,True,VALID,,,SINGLETON::OBS01104,False,,RETAINED_UNIQUE,True,
OBS01105,d1195cadfb74,29a1e7ee3f5f,BLR,BOM,QP,QP-1304,2026-09-21,05:00,2026-09-05 20:15,16,T15(12-18),Economy Standard,5808,1045,180,7033,EaseMyTrip,Available,True,VALID,,,SINGLETON::OBS01105,False,,RETAINED_UNIQUE,True,
OBS01106,a1c633c16178,f5e32b9982ab,BLR,BOM,QP,QP-1304,2026-10-06,05:00,2026-09-05 20:15,31,T30(25-35),Economy Flexi,6603,1189,100,7892,MMT,Available,True,VALID,,,SINGLETON::OBS01106,False,,RETAINED_UNIQUE,True,
OBS01107,f4cb95cb806a,f5e32b9982ab,BLR,BOM,QP,QP-1304,2026-10-06,05:00,2026-09-05 20:15,31,T30(25-35),Economy Flexi,6737,1213,180,8130,Goibibo,Available,True,VALID,,,SINGLETON::OBS01107,False,,RETAINED_UNIQUE,True,
OBS01108,d0596c554668,2367dff31e27,BLR,BOM,QP,QP-1304,2026-10-06,05:00,2026-09-05 20:15,31,T30(25-35),Economy Standard,5465,984,180,6629,Goibibo,Available,True,VALID,,,SINGLETON::OBS01108,False,,RETAINED_UNIQUE,True,
OBS01109,9252b33e7dfe,2367dff31e27,BLR,BOM,QP,QP-1304,2026-10-06,05:00,2026-09-05 20:15,31,T30(25-35),Economy Standard,5431,978,100,6509,AirlineSite,Available,True,VALID,,,SINGLETON::OBS01109,False,,RETAINED_UNIQUE,True,
OBS01110,e2b326bd9297,b6ae72c59279,BLR,BOM,QP,QP-1304,2026-10-22,05:00,2026-09-05 20:15,47,T45(40-50),Economy Flexi,6677,1202,100,7979,AirlineSite,Available,True,VALID,,,SINGLETON::OBS01110,False,,RETAINED_UNIQUE,True,
OBS01111,a985631cbf82,b6ae72c59279,BLR,BOM,QP,QP-1304,2026-10-22,05:00,2026-09-05 20:15,47,T45(40-50),Economy Flexi,6461,1163,180,7804,Goibibo,Available,True,VALID,,,SINGLETON::OBS01111,False,,RETAINED_UNIQUE,True,
OBS01112,e4256a41af9e,bc62c9a2c6d9,DEL,HYD,6E,6E-773,2026-09-07,19:45,2026-09-05 20:15,2,T1(0-2),Economy Standard,7747,1395,100,9242,MMT,Available,True,VALID,,,SINGLETON::OBS01112,False,,RETAINED_UNIQUE,True,
OBS01113,08c9c89fcfa1,bc62c9a2c6d9,DEL,HYD,6E,6E-773,2026-09-07,19:45,2026-09-05 20:15,2,T1(0-2),Economy Standard,8057,1450,120,9627,Goibibo,Available,True,VALID,,,SINGLETON::OBS01113,False,,RETAINED_UNIQUE,True,
OBS01114,6fe0e5470b55,5feedb4dfa11,DEL,HYD,6E,6E-773,2026-09-07,19:45,2026-09-05 20:15,2,T1(0-2),Economy Flexi,9879,1778,100,11757,Goibibo,Available,True,VALID,,,SINGLETON::OBS01114,False,,RETAINED_UNIQUE,True,
OBS01115,db927288c2dc,5feedb4dfa11,DEL,HYD,6E,6E-773,2026-09-07,19:45,2026-09-05 20:15,2,T1(0-2),Economy Flexi,9359,1685,200,11244,AirlineSite,Available,True,VALID,,,SINGLETON::OBS01115,False,,RETAINED_UNIQUE,True,
OBS01116,edd0eaee208c,837e7336fb50,DEL,HYD,6E,6E-773,2026-09-13,19:45,2026-09-05 20:15,8,T7(5-9),Economy Standard,6757,1216,180,8153,Cleartrip,Available,True,VALID,,,SINGLETON::OBS01116,False,,RETAINED_UNIQUE,True,
OBS01117,27e442a6b811,837e7336fb50,DEL,HYD,6E,6E-773,2026-09-13,19:45,2026-09-05 20:15,8,T7(5-9),Economy Standard,7154,1288,120,8562,Goibibo,Available,True,VALID,,,SINGLETON::OBS01117,False,,RETAINED_UNIQUE,True,
OBS01118,3f1ec992f371,a875679bf975,DEL,HYD,6E,6E-773,2026-09-21,19:45,2026-09-05 20:15,16,T15(12-18),Economy Saver,4477,806,180,5463,MMT,Available,True,VALID,,,SINGLETON::OBS01118,False,,RETAINED_UNIQUE,True,
OBS01119,ae7a165335f6,a875679bf975,DEL,HYD,6E,6E-773,2026-09-21,19:45,2026-09-05 20:15,16,T15(12-18),Economy Saver,4728,851,100,5679,AirlineSite,Available,True,VALID,,,SINGLETON::OBS01119,False,,RETAINED_UNIQUE,True,
OBS01120,6a2415d12efb,35819298f9e2,DEL,HYD,6E,6E-773,2026-09-21,19:45,2026-09-05 20:15,16,T15(12-18),Economy Standard,5927,1067,180,7174,EaseMyTrip,Available,True,VALID,,,SINGLETON::OBS01120,False,,RETAINED_UNIQUE,True,
OBS01121,36251c9b2f0d,35819298f9e2,DEL,HYD,6E,6E-773,2026-09-21,19:45,2026-09-05 20:15,16,T15(12-18),Economy Standard,5728,1031,120,6879,MMT,Available,True,VALID,,,SINGLETON::OBS01121,False,,RETAINED_UNIQUE,True,
OBS01122,c66f3998b095,491b40137db8,DEL,HYD,6E,6E-773,2026-10-06,19:45,2026-09-05 20:15,31,T30(25-35),Economy Flexi,6454,1162,100,7716,MMT,Available,True,VALID,,,SINGLETON::OBS01122,False,,RETAINED_UNIQUE,True,
OBS01123,c4513db15d1d,9dd906a8c1ec,DEL,HYD,6E,6E-773,2026-10-06,19:45,2026-09-05 20:15,31,T30(25-35),Economy Saver,4339,781,180,5300,Cleartrip,Available,True,VALID,,,SINGLETON::OBS01123,False,,RETAINED_UNIQUE,True,
OBS01124,b440fbd03498,9dd906a8c1ec,DEL,HYD,6E,6E-773,2026-10-06,19:45,2026-09-05 20:15,31,T30(25-35),Economy Saver,4153,748,120,5021,EaseMyTrip,Available,True,VALID,,,SINGLETON::OBS01124,False,,RETAINED_UNIQUE,True,
OBS01125,099bbd35728d,7244fba44546,DEL,HYD,6E,6E-773,2026-10-22,19:45,2026-09-05 20:15,47,T45(40-50),Economy Saver,4293,773,150,5216,AirlineSite,Available,True,VALID,,,SINGLETON::OBS01125,False,,RETAINED_UNIQUE,True,
OBS01126,b887b51bf08b,bc62c9a2c6d9,DEL,HYD,AI,AI-540,2026-09-07,05:15,2026-09-05 20:15,2,T1(0-2),Economy Standard,7993,1439,180,9612,Goibibo,Available,True,VALID,,,SINGLETON::OBS01126,False,,RETAINED_UNIQUE,True,
OBS01127,b7f1db8f2499,bc62c9a2c6d9,DEL,HYD,AI,AI-540,2026-09-07,05:15,2026-09-05 20:15,2,T1(0-2),Economy Standard,7703,1387,200,9290,AirlineSite,Available,True,VALID,,,SINGLETON::OBS01127,False,,RETAINED_UNIQUE,True,
OBS01128,67f46fde364a,837e7336fb50,DEL,HYD,AI,AI-540,2026-09-13,05:15,2026-09-05 20:15,8,T7(5-9),Economy Standard,6911,1244,200,8355,AirlineSite,Available,True,VALID,,,SINGLETON::OBS01128,False,,RETAINED_UNIQUE,True,
OBS01129,90dce6d111cb,837e7336fb50,DEL,HYD,AI,AI-540,2026-09-13,05:15,2026-09-05 20:15,8,T7(5-9),Economy Standard,6934,1248,200,8382,EaseMyTrip,Available,True,VALID,,,SINGLETON::OBS01129,False,,RETAINED_UNIQUE,True,
OBS01130,7f5360e1462a,d69b89fa1e64,DEL,HYD,AI,AI-540,2026-09-13,05:15,2026-09-05 20:15,8,T7(5-9),Economy Flexi,8395,1511,100,10006,AirlineSite,Available,True,VALID,,,SINGLETON::OBS01130,False,,RETAINED_UNIQUE,True,
OBS01131,efa78185e112,a875679bf975,DEL,HYD,AI,AI-540,2026-09-21,05:15,2026-09-05 20:15,16,T15(12-18),Economy Saver,4822,868,150,5840,EaseMyTrip,Available,True,VALID,,,SINGLETON::OBS01131,False,,RETAINED_UNIQUE,True,
OBS01132,7f6e0bcd616c,73ada9ffb874,DEL,HYD,AI,AI-540,2026-09-21,05:15,2026-09-05 20:15,16,T15(12-18),Economy Flexi,7049,1269,120,8438,AirlineSite,Available,True,VALID,,,SINGLETON::OBS01132,False,,RETAINED_UNIQUE,True,
OBS01133,0bd1040fa436,73ada9ffb874,DEL,HYD,AI,AI-540,2026-09-21,05:15,2026-09-05 20:15,16,T15(12-18),Economy Flexi,7087,1276,150,8513,EaseMyTrip,Available,True,VALID,,,SINGLETON::OBS01133,False,,RETAINED_UNIQUE,True,
OBS01134,864abd7ef6db,0a37214f083d,DEL,HYD,AI,AI-540,2026-10-06,05:15,2026-09-05 20:15,31,T30(25-35),Economy Standard,5599,1008,150,6757,AirlineSite,Available,True,VALID,,,SINGLETON::OBS01134,False,,RETAINED_UNIQUE,True,
OBS01135,564c75161ac4,0a37214f083d,DEL,HYD,AI,AI-540,2026-10-06,05:15,2026-09-05 20:15,31,T30(25-35),Economy Standard,5383,969,180,6532,EaseMyTrip,Available,True,VALID,,,SINGLETON::OBS01135,False,,RETAINED_UNIQUE,True,
OBS01136,34c1be8bc692,8aac2712339e,DEL,HYD,AI,AI-540,2026-10-22,05:15,2026-09-05 20:15,47,T45(40-50),Economy Standard,5438,979,100,6517,Cleartrip,Available,True,VALID,,,SINGLETON::OBS01136,False,,RETAINED_UNIQUE,True,
OBS01137,0bcd68ecf507,bc62c9a2c6d9,DEL,HYD,SG,SG-451,2026-09-07,19:15,2026-09-05 20:15,2,T1(0-2),Economy Standard,7996,1439,100,9535,MMT,Available,True,VALID,,,SINGLETON::OBS01137,False,,RETAINED_UNIQUE,True,
OBS01138,5f68f4d53e9c,5feedb4dfa11,DEL,HYD,SG,SG-451,2026-09-07,19:15,2026-09-05 20:15,2,T1(0-2),Economy Flexi,9880,1778,200,11858,Goibibo,Available,True,VALID,,,SINGLETON::OBS01138,False,,RETAINED_UNIQUE,True,
OBS01139,a3e63c2686ee,837e7336fb50,DEL,HYD,SG,SG-451,2026-09-13,19:15,2026-09-05 20:15,8,T7(5-9),Economy Standard,7390,1330,200,8920,EaseMyTrip,Available,True,VALID,,,SINGLETON::OBS01139,False,,RETAINED_UNIQUE,True,
OBS01140,78f75e658aa3,837e7336fb50,DEL,HYD,SG,SG-451,2026-09-13,19:15,2026-09-05 20:15,8,T7(5-9),Economy Standard,7134,1284,200,8618,Cleartrip,Available,True,VALID,,,SINGLETON::OBS01140,False,,RETAINED_UNIQUE,True,
OBS01141,2eb6e09ec12e,d69b89fa1e64,DEL,HYD,SG,SG-451,2026-09-13,19:15,2026-09-05 20:15,8,T7(5-9),Economy Flexi,8995,1619,120,10734,Goibibo,Available,True,VALID,,,SINGLETON::OBS01141,False,,RETAINED_UNIQUE,True,
OBS01142,aabd938d1f32,d69b89fa1e64,DEL,HYD,SG,SG-451,2026-09-13,19:15,2026-09-05 20:15,8,T7(5-9),Economy Flexi,8845,1592,120,10557,MMT,Available,True,VALID,,,SINGLETON::OBS01142,False,,RETAINED_UNIQUE,True,
OBS01143,f41a6c48366f,a875679bf975,DEL,HYD,SG,SG-451,2026-09-21,19:15,2026-09-05 20:15,16,T15(12-18),Economy Saver,4724,850,100,5674,Goibibo,Available,True,VALID,,,SINGLETON::OBS01143,False,,RETAINED_UNIQUE,True,
OBS01144,53869691067f,491b40137db8,DEL,HYD,SG,SG-451,2026-10-06,19:15,2026-09-05 20:15,31,T30(25-35),Economy Flexi,6556,1180,200,7936,Goibibo,Available,True,VALID,,,SINGLETON::OBS01144,False,,RETAINED_UNIQUE,True,
OBS01145,e49b8c77f7c8,491b40137db8,DEL,HYD,SG,SG-451,2026-10-06,19:15,2026-09-05 20:15,31,T30(25-35),Economy Flexi,6868,1236,120,8224,AirlineSite,Available,True,VALID,,,SINGLETON::OBS01145,False,,RETAINED_UNIQUE,True,
OBS01146,72fd1ef889db,c933739f889e,DEL,HYD,SG,SG-451,2026-10-22,19:15,2026-09-05 20:15,47,T45(40-50),Economy Flexi,6504,1171,100,7775,Cleartrip,Available,True,VALID,,,SINGLETON::OBS01146,False,,RETAINED_UNIQUE,True,
OBS01147,43aedf9b4722,19af43e69a05,DEL,PNQ,6E,6E-381,2026-09-07,11:15,2026-09-05 20:15,2,T1(0-2),Economy Standard,8054,1450,150,9654,AirlineSite,Available,True,VALID,,,SINGLETON::OBS01147,False,,RETAINED_UNIQUE,True,
OBS01148,53193da037be,72635f6a0550,DEL,PNQ,6E,6E-381,2026-09-07,11:15,2026-09-05 20:15,2,T1(0-2),Economy Flexi,9983,1797,120,11900,EaseMyTrip,Available,True,VALID,,,SINGLETON::OBS01148,False,,RETAINED_UNIQUE,True,
OBS01149,4491538e9a70,72635f6a0550,DEL,PNQ,6E,6E-381,2026-09-07,11:15,2026-09-05 20:15,2,T1(0-2),Economy Flexi,9504,1711,150,11365,AirlineSite,Available,True,VALID,,,SINGLETON::OBS01149,False,,RETAINED_UNIQUE,True,
OBS01150,add16d880cc3,3b633c1887e2,DEL,PNQ,6E,6E-381,2026-09-13,11:15,2026-09-05 20:15,8,T7(5-9),Economy Standard,6848,1233,180,8261,Goibibo,Available,True,VALID,,,SINGLETON::OBS01150,False,,RETAINED_UNIQUE,True,
OBS01151,bfda43e506e0,7713d353215e,DEL,PNQ,6E,6E-381,2026-09-13,11:15,2026-09-05 20:15,8,T7(5-9),Economy Saver,5748,1035,100,6883,Goibibo,Available,True,VALID,,,SINGLETON::OBS01151,False,,RETAINED_UNIQUE,True,
OBS01152,d2b2ee789f60,7713d353215e,DEL,PNQ,6E,6E-381,2026-09-13,11:15,2026-09-05 20:15,8,T7(5-9),Economy Saver,5698,1026,150,6874,EaseMyTrip,Available,True,VALID,,,SINGLETON::OBS01152,False,,RETAINED_UNIQUE,True,
OBS01153,457c0c260e2e,8100ad44f132,DEL,PNQ,6E,6E-381,2026-09-21,11:15,2026-09-05 20:15,16,T15(12-18),Economy Flexi,7467,1344,150,8961,EaseMyTrip,Available,True,VALID,,,SINGLETON::OBS01153,False,,RETAINED_UNIQUE,True,
OBS01154,d67e4f59466c,e95996c1e9a8,DEL,PNQ,6E,6E-381,2026-09-21,11:15,2026-09-05 20:15,16,T15(12-18),Economy Saver,4565,822,100,5487,MMT,Available,True,VALID,,,SINGLETON::OBS01154,False,,RETAINED_UNIQUE,True,
OBS01155,f14f9e3e39e5,cbdbb0deec9f,DEL,PNQ,6E,6E-381,2026-10-06,11:15,2026-09-05 20:15,31,T30(25-35),Economy Standard,5651,1017,150,6818,MMT,Available,True,VALID,,,SINGLETON::OBS01155,False,,RETAINED_UNIQUE,True,
OBS01156,d642aa490da4,cbdbb0deec9f,DEL,PNQ,6E,6E-381,2026-10-06,11:15,2026-09-05 20:15,31,T30(25-35),Economy Standard,5565,1002,150,6717,AirlineSite,Available,True,VALID,,,SINGLETON::OBS01156,False,,RETAINED_UNIQUE,True,
OBS01157,b7b1391cdbf0,50750fd81b95,DEL,PNQ,6E,6E-381,2026-10-06,11:15,2026-09-05 20:15,31,T30(25-35),Economy Saver,4206,757,180,5143,Cleartrip,Available,True,VALID,,,SINGLETON::OBS01157,False,,RETAINED_UNIQUE,True,
OBS01158,8cd3718b773b,8aecaccbbbb4,DEL,PNQ,6E,6E-381,2026-10-22,11:15,2026-09-05 20:15,47,T45(40-50),Economy Standard,5468,984,120,6572,Cleartrip,Available,True,VALID,,,SINGLETON::OBS01158,False,,RETAINED_UNIQUE,True,
OBS01159,95022d6a49dc,8aecaccbbbb4,DEL,PNQ,6E,6E-381,2026-10-22,11:15,2026-09-05 20:15,47,T45(40-50),Economy Standard,5245,944,100,6289,MMT,Available,True,VALID,,,SINGLETON::OBS01159,False,,RETAINED_UNIQUE,True,
OBS01160,e75809fe7767,a8801d53a141,DEL,PNQ,AI,AI-851,2026-09-07,06:00,2026-09-05 20:15,2,T1(0-2),Economy Saver,6333,1140,200,7673,EaseMyTrip,Available,True,VALID,,,SINGLETON::OBS01160,False,,RETAINED_UNIQUE,True,
OBS01161,7d55d435e76b,a8801d53a141,DEL,PNQ,AI,AI-851,2026-09-07,06:00,2026-09-05 20:15,2,T1(0-2),Economy Saver,5940,1069,150,7159,AirlineSite,Available,True,VALID,,,SINGLETON::OBS01161,False,,RETAINED_UNIQUE,True,
OBS01162,1839d612aa94,cecf6a66f3ae,DEL,PNQ,AI,AI-851,2026-09-13,06:00,2026-09-05 20:15,8,T7(5-9),Economy Flexi,8942,1610,200,10752,MMT,Available,True,VALID,,,SINGLETON::OBS01162,False,,RETAINED_UNIQUE,True,
OBS01163,042c2f20b2b1,cecf6a66f3ae,DEL,PNQ,AI,AI-851,2026-09-13,06:00,2026-09-05 20:15,8,T7(5-9),Economy Flexi,8817,1587,120,10524,AirlineSite,Available,True,VALID,,,SINGLETON::OBS01163,False,,RETAINED_UNIQUE,True,
OBS01164,13076ac21d80,3b633c1887e2,DEL,PNQ,AI,AI-851,2026-09-13,06:00,2026-09-05 20:15,8,T7(5-9),Economy Standard,7062,1271,200,8533,AirlineSite,Available,True,VALID,,,SINGLETON::OBS01164,False,,RETAINED_UNIQUE,True,
OBS01165,8c6c19e06a02,e95996c1e9a8,DEL,PNQ,AI,AI-851,2026-09-21,06:00,2026-09-05 20:15,16,T15(12-18),Economy Saver,4589,826,100,5515,AirlineSite,Available,True,VALID,,,SINGLETON::OBS01165,False,,RETAINED_UNIQUE,True,
OBS01166,e42a40a756cd,e95996c1e9a8,DEL,PNQ,AI,AI-851,2026-09-21,06:00,2026-09-05 20:15,16,T15(12-18),Economy Saver,4483,807,150,5440,EaseMyTrip,Available,True,VALID,,,SINGLETON::OBS01166,False,,RETAINED_UNIQUE,True,
OBS01167,7117b766427e,bc619faaa108,DEL,PNQ,AI,AI-851,2026-10-06,06:00,2026-09-05 20:15,31,T30(25-35),Economy Flexi,6468,1164,150,7782,MMT,Available,True,VALID,,,SINGLETON::OBS01167,False,,RETAINED_UNIQUE,True,
OBS01168,e7f54c20233e,bc619faaa108,DEL,PNQ,AI,AI-851,2026-10-06,06:00,2026-09-05 20:15,31,T30(25-35),Economy Flexi,6519,1173,150,7842,Cleartrip,Available,True,VALID,,,SINGLETON::OBS01168,False,,RETAINED_UNIQUE,True,
OBS01169,e65cfe53ce69,ee07df20eeb4,DEL,PNQ,AI,AI-851,2026-10-22,06:00,2026-09-05 20:15,47,T45(40-50),Economy Flexi,6517,1173,100,7790,MMT,Available,True,VALID,,,SINGLETON::OBS01169,False,,RETAINED_UNIQUE,True,
OBS01170,00131bbeffbf,ee07df20eeb4,DEL,PNQ,AI,AI-851,2026-10-22,06:00,2026-09-05 20:15,47,T45(40-50),Economy Flexi,6968,1254,200,8422,EaseMyTrip,Available,True,VALID,,,SINGLETON::OBS01170,False,,RETAINED_UNIQUE,True,
OBS01171,659b5345d551,6ddcb673b16c,DEL,PNQ,AI,AI-851,2026-10-22,06:00,2026-09-05 20:15,47,T45(40-50),Economy Saver,4260,767,200,5227,MMT,Available,True,VALID,,,SINGLETON::OBS01171,False,,RETAINED_UNIQUE,True,
OBS01172,0c7d83656c0f,19af43e69a05,DEL,PNQ,QP,QP-1201,2026-09-07,21:45,2026-09-05 20:15,2,T1(0-2),Economy Standard,7651,1377,150,9178,EaseMyTrip,Available,True,VALID,,,SINGLETON::OBS01172,False,,RETAINED_UNIQUE,True,
OBS01173,9e5f9be151b5,19af43e69a05,DEL,PNQ,QP,QP-1201,2026-09-07,21:45,2026-09-05 20:15,2,T1(0-2),Economy Standard,7997,1439,150,9586,MMT,Available,True,VALID,,,SINGLETON::OBS01173,False,,RETAINED_UNIQUE,True,
OBS01174,9a348fb672be,a8801d53a141,DEL,PNQ,QP,QP-1201,2026-09-07,21:45,2026-09-05 20:15,2,T1(0-2),Economy Saver,5864,1056,100,7020,AirlineSite,Available,True,VALID,,,SINGLETON::OBS01174,False,,RETAINED_UNIQUE,True,
OBS01175,d93df71154ef,a8801d53a141,DEL,PNQ,QP,QP-1201,2026-09-07,21:45,2026-09-05 20:15,2,T1(0-2),Economy Saver,5911,1064,100,7075,MMT,Available,True,VALID,,,SINGLETON::OBS01175,False,,RETAINED_UNIQUE,True,
OBS01176,19353285577e,3b633c1887e2,DEL,PNQ,QP,QP-1201,2026-09-13,21:45,2026-09-05 20:15,8,T7(5-9),Economy Standard,7172,1291,150,8613,MMT,Available,True,VALID,,,SINGLETON::OBS01176,False,,RETAINED_UNIQUE,True,
OBS01177,c6407f4d6158,3b633c1887e2,DEL,PNQ,QP,QP-1201,2026-09-13,21:45,2026-09-05 20:15,8,T7(5-9),Economy Standard,6972,1255,120,8347,Goibibo,Available,True,VALID,,,SINGLETON::OBS01177,False,,RETAINED_UNIQUE,True,
OBS01178,9f34bf452e8c,41ad798c40cc,DEL,PNQ,QP,QP-1201,2026-09-21,21:45,2026-09-05 20:15,16,T15(12-18),Economy Standard,6185,1113,180,7478,AirlineSite,Available,True,VALID,,,SINGLETON::OBS01178,False,,RETAINED_UNIQUE,True,
OBS01179,dfe8daab5866,cbdbb0deec9f,DEL,PNQ,QP,QP-1201,2026-10-06,21:45,2026-09-05 20:15,31,T30(25-35),Economy Standard,5309,956,120,6385,Goibibo,Available,True,VALID,,,SINGLETON::OBS01179,False,,RETAINED_UNIQUE,True,
OBS01180,de455b4aaaae,cbdbb0deec9f,DEL,PNQ,QP,QP-1201,2026-10-06,21:45,2026-09-05 20:15,31,T30(25-35),Economy Standard,5262,947,200,6409,EaseMyTrip,Available,True,VALID,,,SINGLETON::OBS01180,False,,RETAINED_UNIQUE,True,
OBS01181,c895c7c369ac,8aecaccbbbb4,DEL,PNQ,QP,QP-1201,2026-10-22,21:45,2026-09-05 20:15,47,T45(40-50),Economy Standard,5610,1010,150,6770,Cleartrip,Available,True,VALID,,,SINGLETON::OBS01181,False,,RETAINED_UNIQUE,True,
OBS01182,4a538dabfa66,ee07df20eeb4,DEL,PNQ,QP,QP-1201,2026-10-22,21:45,2026-09-05 20:15,47,T45(40-50),Economy Flexi,6379,1148,100,7627,Goibibo,Available,True,VALID,,,SINGLETON::OBS01182,False,,RETAINED_UNIQUE,True,
OBS01183,51b4ccdf70f9,ee07df20eeb4,DEL,PNQ,QP,QP-1201,2026-10-22,21:45,2026-09-05 20:15,47,T45(40-50),Economy Flexi,6568,1182,180,7930,AirlineSite,Available,True,VALID,,,SINGLETON::OBS01183,False,,RETAINED_UNIQUE,True,
OBS01184,1f9ec135f8af,67cf434e00d8,CCU,DEL,6E,6E-6120,2026-09-07,14:00,2026-09-05 20:15,2,T1(0-2),Economy Standard,7915,1425,180,9520,EaseMyTrip,Available,True,VALID,,,SINGLETON::OBS01184,False,,RETAINED_UNIQUE,True,
OBS01185,36f2d768e124,67cf434e00d8,CCU,DEL,6E,6E-6120,2026-09-07,14:00,2026-09-05 20:15,2,T1(0-2),Economy Standard,8157,1468,100,9725,MMT,Available,True,VALID,,,SINGLETON::OBS01185,False,,RETAINED_UNIQUE,True,
OBS01186,bcaa8541b5fa,66a9c71352cb,CCU,DEL,6E,6E-6120,2026-09-13,14:00,2026-09-05 20:15,8,T7(5-9),Economy Flexi,8581,1545,180,10306,EaseMyTrip,Available,True,VALID,,,SINGLETON::OBS01186,False,,RETAINED_UNIQUE,True,
OBS01187,0bad617405be,66a9c71352cb,CCU,DEL,6E,6E-6120,2026-09-13,14:00,2026-09-05 20:15,8,T7(5-9),Economy Flexi,8441,1519,120,10080,Goibibo,Available,True,VALID,,,SINGLETON::OBS01187,False,,RETAINED_UNIQUE,True,
OBS01188,aa80e504b11b,0d3ea7cf974f,CCU,DEL,6E,6E-6120,2026-09-13,14:00,2026-09-05 20:15,8,T7(5-9),Economy Saver,5451,981,150,6582,Goibibo,Available,True,VALID,,,SINGLETON::OBS01188,False,,RETAINED_UNIQUE,True,
OBS01189,b6223e49aea5,5aee393e7286,CCU,DEL,6E,6E-6120,2026-09-21,14:00,2026-09-05 20:15,16,T15(12-18),Economy Flexi,7365,1326,120,8811,Goibibo,Available,True,VALID,,,SINGLETON::OBS01189,False,,RETAINED_UNIQUE,True,
OBS01190,5d19a2cb694b,5aee393e7286,CCU,DEL,6E,6E-6120,2026-09-21,14:00,2026-09-05 20:15,16,T15(12-18),Economy Flexi,7095,1277,100,8472,Cleartrip,Available,True,VALID,,,SINGLETON::OBS01190,False,,RETAINED_UNIQUE,True,
OBS01191,7c94e26ef0ad,99de94a5d6c1,CCU,DEL,6E,6E-6120,2026-10-06,14:00,2026-09-05 20:15,31,T30(25-35),Economy Saver,4377,788,120,5285,EaseMyTrip,Available,True,VALID,,,SINGLETON::OBS01191,False,,RETAINED_UNIQUE,True,
OBS01192,7431a7d59286,99de94a5d6c1,CCU,DEL,6E,6E-6120,2026-10-06,14:00,2026-09-05 20:15,31,T30(25-35),Economy Saver,4161,749,180,5090,AirlineSite,Available,True,VALID,,,SINGLETON::OBS01192,False,,RETAINED_UNIQUE,True,
OBS01193,072e10d2a7ab,c0ab8ad7dc38,CCU,DEL,6E,6E-6120,2026-10-06,14:00,2026-09-05 20:15,31,T30(25-35),Economy Standard,5243,944,200,6387,EaseMyTrip,Available,True,VALID,,,SINGLETON::OBS01193,False,,RETAINED_UNIQUE,True,
OBS01194,03d288643db1,39b508ae3da0,CCU,DEL,6E,6E-6120,2026-10-22,14:00,2026-09-05 20:15,47,T45(40-50),Economy Standard,5302,954,120,6376,AirlineSite,Available,True,VALID,,,SINGLETON::OBS01194,False,,RETAINED_UNIQUE,True,
OBS01195,b8004a50491b,9de466e599ee,CCU,DEL,6E,6E-6120,2026-10-22,14:00,2026-09-05 20:15,47,T45(40-50),Economy Flexi,6772,1219,180,8171,MMT,Available,True,VALID,,,SINGLETON::OBS01195,False,,RETAINED_UNIQUE,True,
OBS01196,bf066639b2e7,67cf434e00d8,CCU,DEL,AI,AI-701,2026-09-07,09:45,2026-09-05 20:15,2,T1(0-2),Economy Standard,8050,1449,150,9649,MMT,Available,True,VALID,,,SINGLETON::OBS01196,False,,RETAINED_UNIQUE,True,
OBS01197,7189fbd99a95,5ac7d7c9ad95,CCU,DEL,AI,AI-701,2026-09-07,09:45,2026-09-05 20:15,2,T1(0-2),Economy Flexi,10066,1812,180,12058,EaseMyTrip,Available,True,VALID,,,SINGLETON::OBS01197,False,,RETAINED_UNIQUE,True,
OBS01198,49e241724be8,5ac7d7c9ad95,CCU,DEL,AI,AI-701,2026-09-07,09:45,2026-09-05 20:15,2,T1(0-2),Economy Flexi,9874,1777,150,11801,Cleartrip,Available,True,VALID,,,SINGLETON::OBS01198,False,,RETAINED_UNIQUE,True,
OBS01199,df20c295383d,66a9c71352cb,CCU,DEL,AI,AI-701,2026-09-13,09:45,2026-09-05 20:15,8,T7(5-9),Economy Flexi,9083,1635,180,10898,EaseMyTrip,Available,True,VALID,,,SINGLETON::OBS01199,False,,RETAINED_UNIQUE,True,
OBS01200,cb66a7acecd5,6766c135b14d,CCU,DEL,AI,AI-701,2026-09-21,09:45,2026-09-05 20:15,16,T15(12-18),Economy Standard,6238,1123,100,7461,Cleartrip,Available,True,VALID,,,SINGLETON::OBS01200,False,,RETAINED_UNIQUE,True,
OBS01201,f0ef78b34318,79b9e579444a,CCU,DEL,AI,AI-701,2026-10-06,09:45,2026-09-05 20:15,31,T30(25-35),Economy Flexi,6907,1243,120,8270,AirlineSite,Available,True,VALID,,,SINGLETON::OBS01201,False,,RETAINED_UNIQUE,True,
OBS01202,eb8b8f932180,79b9e579444a,CCU,DEL,AI,AI-701,2026-10-06,09:45,2026-09-05 20:15,31,T30(25-35),Economy Flexi,6621,1192,200,8013,Cleartrip,Available,True,VALID,,,SINGLETON::OBS01202,False,,RETAINED_UNIQUE,True,
OBS01203,2eede033b683,9de466e599ee,CCU,DEL,AI,AI-701,2026-10-22,09:45,2026-09-05 20:15,47,T45(40-50),Economy Flexi,6623,1192,120,7935,Goibibo,Available,True,VALID,,,SINGLETON::OBS01203,False,,RETAINED_UNIQUE,True,
OBS01204,c13c1d9a8d93,9de466e599ee,CCU,DEL,AI,AI-701,2026-10-22,09:45,2026-09-05 20:15,47,T45(40-50),Economy Flexi,6773,1219,180,8172,EaseMyTrip,Available,True,VALID,,,SINGLETON::OBS01204,False,,RETAINED_UNIQUE,True,
OBS01205,2fa28d6f11f9,39b508ae3da0,CCU,DEL,AI,AI-701,2026-10-22,09:45,2026-09-05 20:15,47,T45(40-50),Economy Standard,5484,987,150,6621,MMT,Available,True,VALID,,,SINGLETON::OBS01205,False,,RETAINED_UNIQUE,True,
OBS01206,99eae5bd8d7d,d13cabcaabdb,CCU,DEL,SG,SG-988,2026-09-07,19:30,2026-09-05 20:15,2,T1(0-2),Economy Saver,5853,1054,100,7007,MMT,Available,True,VALID,,,SINGLETON::OBS01206,False,,RETAINED_UNIQUE,True,
OBS01207,c2a575d3c164,67cf434e00d8,CCU,DEL,SG,SG-988,2026-09-07,19:30,2026-09-05 20:15,2,T1(0-2),Economy Standard,8032,1446,120,9598,Goibibo,Available,True,VALID,,,SINGLETON::OBS01207,False,,RETAINED_UNIQUE,True,
OBS01208,0a2d35ed416f,0d3ea7cf974f,CCU,DEL,SG,SG-988,2026-09-13,19:30,2026-09-05 20:15,8,T7(5-9),Economy Saver,5582,1005,180,6767,Goibibo,Available,True,VALID,,,SINGLETON::OBS01208,False,,RETAINED_UNIQUE,True,
OBS01209,4e89cee40971,0d3ea7cf974f,CCU,DEL,SG,SG-988,2026-09-13,19:30,2026-09-05 20:15,8,T7(5-9),Economy Saver,5520,994,200,6714,EaseMyTrip,Available,True,VALID,,,SINGLETON::OBS01209,False,,RETAINED_UNIQUE,True,
OBS01210,c1439376b4c9,6766c135b14d,CCU,DEL,SG,SG-988,2026-09-21,19:30,2026-09-05 20:15,16,T15(12-18),Economy Standard,5955,1072,100,7127,MMT,Available,True,VALID,,,SINGLETON::OBS01210,False,,RETAINED_UNIQUE,True,
OBS01211,1467a04111d3,5aee393e7286,CCU,DEL,SG,SG-988,2026-09-21,19:30,2026-09-05 20:15,16,T15(12-18),Economy Flexi,7268,1308,200,8776,MMT,Available,True,VALID,,,SINGLETON::OBS01211,False,,RETAINED_UNIQUE,True,
OBS01212,56e70c83a816,5aee393e7286,CCU,DEL,SG,SG-988,2026-09-21,19:30,2026-09-05 20:15,16,T15(12-18),Economy Flexi,7388,1330,100,8818,Cleartrip,Available,True,VALID,,,SINGLETON::OBS01212,False,,RETAINED_UNIQUE,True,
OBS01213,3e458dfb4dd8,79b9e579444a,CCU,DEL,SG,SG-988,2026-10-06,19:30,2026-09-05 20:15,31,T30(25-35),Economy Flexi,6719,1209,100,8028,Cleartrip,Available,True,VALID,,,SINGLETON::OBS01213,False,,RETAINED_UNIQUE,True,
OBS01214,71d81cd5cf60,79b9e579444a,CCU,DEL,SG,SG-988,2026-10-06,19:30,2026-09-05 20:15,31,T30(25-35),Economy Flexi,6430,1157,200,7787,AirlineSite,Available,True,VALID,,,SINGLETON::OBS01214,False,,RETAINED_UNIQUE,True,
OBS01215,a00239f9f4ed,39b508ae3da0,CCU,DEL,SG,SG-988,2026-10-22,19:30,2026-09-05 20:15,47,T45(40-50),Economy Standard,5439,979,100,6518,MMT,Available,True,VALID,,,SINGLETON::OBS01215,False,,RETAINED_UNIQUE,True,
OBS01216,7315601031bd,186a26c23ec1,CCU,DEL,SG,SG-988,2026-10-22,19:30,2026-09-05 20:15,47,T45(40-50),Economy Saver,4412,794,200,5406,EaseMyTrip,Available,True,VALID,,,SINGLETON::OBS01216,False,,RETAINED_UNIQUE,True,
OBS01217,4e44a8fae786,186a26c23ec1,CCU,DEL,SG,SG-988,2026-10-22,19:30,2026-09-05 20:15,47,T45(40-50),Economy Saver,4359,785,180,5324,AirlineSite,Available,True,VALID,,,SINGLETON::OBS01217,False,,RETAINED_UNIQUE,True,
OBS01218,21be86360cc1,1b573d75be95,AMD,DEL,6E,6E-205,2026-09-07,14:30,2026-09-05 20:15,2,T1(0-2),Economy Flexi,10106,1819,150,12075,Goibibo,Available,True,VALID,,,SINGLETON::OBS01218,False,,RETAINED_UNIQUE,True,
OBS01219,7cca995647ef,1b573d75be95,AMD,DEL,6E,6E-205,2026-09-07,14:30,2026-09-05 20:15,2,T1(0-2),Economy Flexi,9464,1704,100,11268,Cleartrip,Available,True,VALID,,,SINGLETON::OBS01219,False,,RETAINED_UNIQUE,True,
OBS01220,61810995e302,a6fea363471c,AMD,DEL,6E,6E-205,2026-09-07,14:30,2026-09-05 20:15,2,T1(0-2),Economy Standard,7565,1362,180,9107,EaseMyTrip,Available,True,VALID,,,SINGLETON::OBS01220,False,,RETAINED_UNIQUE,True,
OBS01221,6bc65c0d02ef,a6fea363471c,AMD,DEL,6E,6E-205,2026-09-07,14:30,2026-09-05 20:15,2,T1(0-2),Economy Standard,7969,1435,200,9604,Cleartrip,Available,True,VALID,,,SINGLETON::OBS01221,False,,RETAINED_UNIQUE,True,
OBS01222,978ff25ceb66,028a92b5a9d0,AMD,DEL,6E,6E-205,2026-09-13,14:30,2026-09-05 20:15,8,T7(5-9),Economy Flexi,8483,1527,100,10110,EaseMyTrip,Available,True,VALID,,,SINGLETON::OBS01222,False,,RETAINED_UNIQUE,True,
OBS01223,e7891f6c5a76,028a92b5a9d0,AMD,DEL,6E,6E-205,2026-09-13,14:30,2026-09-05 20:15,8,T7(5-9),Economy Flexi,8346,1502,100,9948,AirlineSite,Available,True,VALID,,,SINGLETON::OBS01223,False,,RETAINED_UNIQUE,True,
OBS01224,3a15738b74b6,b5e48fb905f6,AMD,DEL,6E,6E-205,2026-09-21,14:30,2026-09-05 20:15,16,T15(12-18),Economy Standard,5711,1028,100,6839,Cleartrip,Available,True,VALID,,,SINGLETON::OBS01224,False,,RETAINED_UNIQUE,True,
OBS01225,0a41fa5c352b,b5e48fb905f6,AMD,DEL,6E,6E-205,2026-09-21,14:30,2026-09-05 20:15,16,T15(12-18),Economy Standard,6061,1091,200,7352,EaseMyTrip,Available,True,VALID,,,SINGLETON::OBS01225,False,,RETAINED_UNIQUE,True,
OBS01226,1de5ea1558a4,0d6e5e42b899,AMD,DEL,6E,6E-205,2026-09-21,14:30,2026-09-05 20:15,16,T15(12-18),Economy Saver,4606,829,120,5555,Goibibo,Available,True,VALID,,,SINGLETON::OBS01226,False,,RETAINED_UNIQUE,True,
OBS01227,d8451ef3f55c,6f6bb31ace4e,AMD,DEL,6E,6E-205,2026-10-06,14:30,2026-09-05 20:15,31,T30(25-35),Economy Flexi,6562,1181,100,7843,MMT,Available,True,VALID,,,SINGLETON::OBS01227,False,,RETAINED_UNIQUE,True,
OBS01228,2a22281c501f,6f6bb31ace4e,AMD,DEL,6E,6E-205,2026-10-06,14:30,2026-09-05 20:15,31,T30(25-35),Economy Flexi,6974,1255,200,8429,AirlineSite,Available,True,VALID,,,SINGLETON::OBS01228,False,,RETAINED_UNIQUE,True,
OBS01229,f7bfee7ce90e,a6c28196d934,AMD,DEL,6E,6E-205,2026-10-06,14:30,2026-09-05 20:15,31,T30(25-35),Economy Saver,4348,783,180,5311,Goibibo,Available,True,VALID,,,SINGLETON::OBS01229,False,,RETAINED_UNIQUE,True,
OBS01230,66229a7d2c68,bba378b16813,AMD,DEL,6E,6E-205,2026-10-22,14:30,2026-09-05 20:15,47,T45(40-50),Economy Saver,4275,769,150,5194,MMT,Available,True,VALID,,,SINGLETON::OBS01230,False,,RETAINED_UNIQUE,True,
OBS01231,ad2a0683b077,9159d104c86d,AMD,DEL,6E,6E-205,2026-10-22,14:30,2026-09-05 20:15,47,T45(40-50),Economy Standard,5592,1007,100,6699,Cleartrip,Available,True,VALID,,,SINGLETON::OBS01231,False,,RETAINED_UNIQUE,True,
OBS01232,c7bb0893d20a,431253c1f0ec,AMD,DEL,AI,AI-18,2026-09-07,20:45,2026-09-05 20:15,2,T1(0-2),Economy Saver,6030,1085,200,7315,Goibibo,Available,True,VALID,,,SINGLETON::OBS01232,False,,RETAINED_UNIQUE,True,
OBS01233,f5b84eb4d5d5,431253c1f0ec,AMD,DEL,AI,AI-18,2026-09-07,20:45,2026-09-05 20:15,2,T1(0-2),Economy Saver,5989,1078,180,7247,EaseMyTrip,Available,True,VALID,,,SINGLETON::OBS01233,False,,RETAINED_UNIQUE,True,
OBS01234,550b4cfb7399,7165fcb4c97e,AMD,DEL,AI,AI-18,2026-09-13,20:45,2026-09-05 20:15,8,T7(5-9),Economy Standard,7390,1330,180,8900,AirlineSite,Available,True,VALID,,,SINGLETON::OBS01234,False,,RETAINED_UNIQUE,True,
OBS01235,135129dae11c,7165fcb4c97e,AMD,DEL,AI,AI-18,2026-09-13,20:45,2026-09-05 20:15,8,T7(5-9),Economy Standard,7007,1261,150,8418,Cleartrip,Available,True,VALID,,,SINGLETON::OBS01235,False,,RETAINED_UNIQUE,True,
OBS01236,eef27f08f804,ef482708ca5e,AMD,DEL,AI,AI-18,2026-09-13,20:45,2026-09-05 20:15,8,T7(5-9),Economy Saver,5743,1034,150,6927,AirlineSite,Available,True,VALID,,,SINGLETON::OBS01236,False,,RETAINED_UNIQUE,True,
OBS01237,be58a1be3a9f,27147b7bd42b,AMD,DEL,AI,AI-18,2026-09-21,20:45,2026-09-05 20:15,16,T15(12-18),Economy Flexi,7552,1359,150,9061,Cleartrip,Available,True,VALID,,,SINGLETON::OBS01237,False,,RETAINED_UNIQUE,True,
OBS01238,b5ab11650b55,27147b7bd42b,AMD,DEL,AI,AI-18,2026-09-21,20:45,2026-09-05 20:15,16,T15(12-18),Economy Flexi,7445,1340,180,8965,EaseMyTrip,Available,True,VALID,,,SINGLETON::OBS01238,False,,RETAINED_UNIQUE,True,
OBS01239,a49764d2c9f1,b5e48fb905f6,AMD,DEL,AI,AI-18,2026-09-21,20:45,2026-09-05 20:15,16,T15(12-18),Economy Standard,6011,1082,120,7213,MMT,Available,True,VALID,,,SINGLETON::OBS01239,False,,RETAINED_UNIQUE,True,
OBS01240,b6a1f4e1f1ab,b5e48fb905f6,AMD,DEL,AI,AI-18,2026-09-21,20:45,2026-09-05 20:15,16,T15(12-18),Economy Standard,5888,1060,100,7048,EaseMyTrip,Available,True,VALID,,,SINGLETON::OBS01240,False,,RETAINED_UNIQUE,True,
OBS01241,0c4e19ff5524,a6c28196d934,AMD,DEL,AI,AI-18,2026-10-06,20:45,2026-09-05 20:15,31,T30(25-35),Economy Saver,4073,733,100,4906,Goibibo,Available,True,VALID,,,SINGLETON::OBS01241,False,,RETAINED_UNIQUE,True,
OBS01242,898819c2dbab,9159d104c86d,AMD,DEL,AI,AI-18,2026-10-22,20:45,2026-09-05 20:15,47,T45(40-50),Economy Standard,5202,936,200,6338,Cleartrip,Available,True,VALID,,,SINGLETON::OBS01242,False,,RETAINED_UNIQUE,True,
OBS01243,8b2e36c4d6c7,9159d104c86d,AMD,DEL,AI,AI-18,2026-10-22,20:45,2026-09-05 20:15,47,T45(40-50),Economy Standard,5234,942,200,6376,MMT,Available,True,VALID,,,SINGLETON::OBS01243,False,,RETAINED_UNIQUE,True,
OBS01244,63a6b0b7d1fc,bba378b16813,AMD,DEL,AI,AI-18,2026-10-22,20:45,2026-09-05 20:15,47,T45(40-50),Economy Saver,4300,774,100,5174,EaseMyTrip,Available,True,VALID,,,SINGLETON::OBS01244,False,,RETAINED_UNIQUE,True,
OBS01245,ad0ff3c14962,1b573d75be95,AMD,DEL,IX,IX-340,2026-09-07,06:30,2026-09-05 20:15,2,T1(0-2),Economy Flexi,9815,1767,200,11782,Goibibo,Available,True,VALID,,,SINGLETON::OBS01245,False,,RETAINED_UNIQUE,True,
OBS01246,21fe7e360e0b,ef482708ca5e,AMD,DEL,IX,IX-340,2026-09-13,06:30,2026-09-05 20:15,8,T7(5-9),Economy Saver,5402,972,100,6474,Cleartrip,Available,True,VALID,,,SINGLETON::OBS01246,False,,RETAINED_UNIQUE,True,
OBS01247,dfe44369a162,b5e48fb905f6,AMD,DEL,IX,IX-340,2026-09-21,06:30,2026-09-05 20:15,16,T15(12-18),Economy Standard,6166,1110,150,7426,Cleartrip,Available,True,VALID,,,SINGLETON::OBS01247,False,,RETAINED_UNIQUE,True,
OBS01248,6366ed542cea,b5e48fb905f6,AMD,DEL,IX,IX-340,2026-09-21,06:30,2026-09-05 20:15,16,T15(12-18),Economy Standard,6164,1110,180,7454,MMT,Available,True,VALID,,,SINGLETON::OBS01248,False,,RETAINED_UNIQUE,True,
OBS01249,c1eff9b82359,27147b7bd42b,AMD,DEL,IX,IX-340,2026-09-21,06:30,2026-09-05 20:15,16,T15(12-18),Economy Flexi,7157,1288,150,8595,Cleartrip,Available,True,VALID,,,SINGLETON::OBS01249,False,,RETAINED_UNIQUE,True,
OBS01250,ecff7bc2df24,27147b7bd42b,AMD,DEL,IX,IX-340,2026-09-21,06:30,2026-09-05 20:15,16,T15(12-18),Economy Flexi,7099,1278,100,8477,AirlineSite,Available,True,VALID,,,SINGLETON::OBS01250,False,,RETAINED_UNIQUE,True,
OBS01251,f679f7bf4bf3,a6c28196d934,AMD,DEL,IX,IX-340,2026-10-06,06:30,2026-09-05 20:15,31,T30(25-35),Economy Saver,4078,734,200,5012,Goibibo,Available,True,VALID,,,SINGLETON::OBS01251,False,,RETAINED_UNIQUE,True,
OBS01252,674aef6a7307,891219931103,AMD,DEL,IX,IX-340,2026-10-06,06:30,2026-09-05 20:15,31,T30(25-35),Economy Standard,5677,1022,150,6849,MMT,Available,True,VALID,,,SINGLETON::OBS01252,False,,RETAINED_UNIQUE,True,
OBS01253,52a0039e2a10,891219931103,AMD,DEL,IX,IX-340,2026-10-06,06:30,2026-09-05 20:15,31,T30(25-35),Economy Standard,5240,943,100,6283,AirlineSite,Available,True,VALID,,,SINGLETON::OBS01253,False,,RETAINED_UNIQUE,True,
OBS01254,5184f0d9e4d7,7f59c7c77479,AMD,DEL,IX,IX-340,2026-10-22,06:30,2026-09-05 20:15,47,T45(40-50),Economy Flexi,6928,1247,120,8295,Goibibo,Available,True,VALID,,,SINGLETON::OBS01254,False,,RETAINED_UNIQUE,True,
OBS01255,c3491586e7c8,7f59c7c77479,AMD,DEL,IX,IX-340,2026-10-22,06:30,2026-09-05 20:15,47,T45(40-50),Economy Flexi,6767,1218,100,8085,AirlineSite,Available,True,VALID,,,SINGLETON::OBS01255,False,,RETAINED_UNIQUE,True,
OBS01256,453eb06c9e01,2ab87310058e,DEL,MAA,6E,6E-843,2026-09-07,06:30,2026-09-05 20:15,2,T1(0-2),Economy Flexi,9857,1774,180,11811,Cleartrip,Available,True,VALID,,,SINGLETON::OBS01256,False,,RETAINED_UNIQUE,True,
OBS01257,9a7a43898a24,2ab87310058e,DEL,MAA,6E,6E-843,2026-09-07,06:30,2026-09-05 20:15,2,T1(0-2),Economy Flexi,9737,1753,200,11690,MMT,Available,True,VALID,,,SINGLETON::OBS01257,False,,RETAINED_UNIQUE,True,
OBS01258,8b34244dcdd5,4448fb514f7d,DEL,MAA,6E,6E-843,2026-09-13,06:30,2026-09-05 20:15,8,T7(5-9),Economy Standard,6742,1213,180,8135,AirlineSite,Available,True,VALID,,,SINGLETON::OBS01258,False,,RETAINED_UNIQUE,True,
OBS01259,70ef071195e3,4448fb514f7d,DEL,MAA,6E,6E-843,2026-09-13,06:30,2026-09-05 20:15,8,T7(5-9),Economy Standard,6824,1228,200,8252,MMT,Available,True,VALID,,,SINGLETON::OBS01259,False,,RETAINED_UNIQUE,True,
OBS01260,a8f7f1ad68f5,6a5d368858ba,DEL,MAA,6E,6E-843,2026-09-13,06:30,2026-09-05 20:15,8,T7(5-9),Economy Flexi,8581,1544,100,10225,Cleartrip,Available,True,VALID,,,SINGLETON::OBS01260,False,,RETAINED_UNIQUE,True,
OBS01261,23e729090577,6a5d368858ba,DEL,MAA,6E,6E-843,2026-09-13,06:30,2026-09-05 20:15,8,T7(5-9),Economy Flexi,8550,1539,150,10239,EaseMyTrip,Available,True,VALID,,,SINGLETON::OBS01261,False,,RETAINED_UNIQUE,True,
OBS01262,3eeb6fbcb9fb,4bd4dbfe8e74,DEL,MAA,6E,6E-843,2026-09-21,06:30,2026-09-05 20:15,16,T15(12-18),Economy Standard,6032,1086,180,7298,MMT,Available,True,VALID,,,SINGLETON::OBS01262,False,,RETAINED_UNIQUE,True,
OBS01263,0487390a7303,4bd4dbfe8e74,DEL,MAA,6E,6E-843,2026-09-21,06:30,2026-09-05 20:15,16,T15(12-18),Economy Standard,6095,1097,150,7342,EaseMyTrip,Available,True,VALID,,,SINGLETON::OBS01263,False,,RETAINED_UNIQUE,True,
OBS01264,5305dad619f0,21dfb4be435a,DEL,MAA,6E,6E-843,2026-10-06,06:30,2026-09-05 20:15,31,T30(25-35),Economy Saver,4341,781,120,5242,AirlineSite,Available,True,VALID,,,SINGLETON::OBS01264,False,,RETAINED_UNIQUE,True,
OBS01265,242c2f455983,21dfb4be435a,DEL,MAA,6E,6E-843,2026-10-06,06:30,2026-09-05 20:15,31,T30(25-35),Economy Saver,4047,728,100,4875,Goibibo,Available,True,VALID,,,SINGLETON::OBS01265,False,,RETAINED_UNIQUE,True,
OBS01266,4697bde7d1e1,092ba413c235,DEL,MAA,6E,6E-843,2026-10-06,06:30,2026-09-05 20:15,31,T30(25-35),Economy Standard,5394,971,200,6565,Goibibo,Available,True,VALID,,,SINGLETON::OBS01266,False,,RETAINED_UNIQUE,True,
OBS01267,9243d4004679,61c8f40b5dd6,DEL,MAA,6E,6E-843,2026-10-22,06:30,2026-09-05 20:15,47,T45(40-50),Economy Standard,5367,966,150,6483,AirlineSite,Available,True,VALID,,,SINGLETON::OBS01267,False,,RETAINED_UNIQUE,True,
OBS01268,08f509af23b0,8a62b318ee2c,DEL,MAA,6E,6E-843,2026-10-22,06:30,2026-09-05 20:15,47,T45(40-50),Economy Flexi,6414,1155,200,7769,Goibibo,Available,True,VALID,,,SINGLETON::OBS01268,False,,RETAINED_UNIQUE,True,
OBS01269,697aa3a80f02,2ab87310058e,DEL,MAA,AI,AI-542,2026-09-07,07:00,2026-09-05 20:15,2,T1(0-2),Economy Flexi,9222,1660,120,11002,AirlineSite,Available,True,VALID,,,SINGLETON::OBS01269,False,,RETAINED_UNIQUE,True,
OBS01270,e2e08b1bc23e,493c266cc949,DEL,MAA,AI,AI-542,2026-09-07,07:00,2026-09-05 20:15,2,T1(0-2),Economy Saver,6399,1152,200,7751,AirlineSite,Available,True,VALID,,,SINGLETON::OBS01270,False,,RETAINED_UNIQUE,True,
OBS01271,e0d32fc96b60,493c266cc949,DEL,MAA,AI,AI-542,2026-09-07,07:00,2026-09-05 20:15,2,T1(0-2),Economy Saver,5874,1057,120,7051,Goibibo,Available,True,VALID,,,SINGLETON::OBS01271,False,,RETAINED_UNIQUE,True,
OBS01272,544d70d1c54f,ee44d40bf2b6,DEL,MAA,AI,AI-542,2026-09-13,07:00,2026-09-05 20:15,8,T7(5-9),Economy Saver,5690,1024,100,6814,Cleartrip,Available,True,VALID,,,SINGLETON::OBS01272,False,,RETAINED_UNIQUE,True,
OBS01273,3fc90cecf227,aef7f53b8631,DEL,MAA,AI,AI-542,2026-09-21,07:00,2026-09-05 20:15,16,T15(12-18),Economy Flexi,7052,1269,200,8521,AirlineSite,Available,True,VALID,,,SINGLETON::OBS01273,False,,RETAINED_UNIQUE,True,
OBS01274,b88657d05a28,9000dae36bb3,DEL,MAA,AI,AI-542,2026-09-21,07:00,2026-09-05 20:15,16,T15(12-18),Economy Saver,4807,865,180,5852,AirlineSite,Available,True,VALID,,,SINGLETON::OBS01274,False,,RETAINED_UNIQUE,True,
OBS01275,4cf3b5fb6253,7e03355123df,DEL,MAA,AI,AI-542,2026-10-06,07:00,2026-09-05 20:15,31,T30(25-35),Economy Flexi,6548,1179,120,7847,AirlineSite,Available,True,VALID,,,SINGLETON::OBS01275,False,,RETAINED_UNIQUE,True,
OBS01276,06513ba03eb6,7e03355123df,DEL,MAA,AI,AI-542,2026-10-06,07:00,2026-09-05 20:15,31,T30(25-35),Economy Flexi,6840,1231,200,8271,MMT,Available,True,VALID,,,SINGLETON::OBS01276,False,,RETAINED_UNIQUE,True,
OBS01277,da4e6ed65f6c,092ba413c235,DEL,MAA,AI,AI-542,2026-10-06,07:00,2026-09-05 20:15,31,T30(25-35),Economy Standard,5218,939,150,6307,Cleartrip,Available,True,VALID,,,SINGLETON::OBS01277,False,,RETAINED_UNIQUE,True,
OBS01278,fc85396eebef,61c8f40b5dd6,DEL,MAA,AI,AI-542,2026-10-22,07:00,2026-09-05 20:15,47,T45(40-50),Economy Standard,5483,987,180,6650,Cleartrip,Available,True,VALID,,,SINGLETON::OBS01278,False,,RETAINED_UNIQUE,True,
OBS01279,16f3c2c11383,2ab87310058e,DEL,MAA,IX,IX-621,2026-09-07,05:30,2026-09-05 20:15,2,T1(0-2),Economy Flexi,9283,1671,200,11154,MMT,Available,True,VALID,,,SINGLETON::OBS01279,False,,RETAINED_UNIQUE,True,
OBS01280,e14c661231fe,ee44d40bf2b6,DEL,MAA,IX,IX-621,2026-09-13,05:30,2026-09-05 20:15,8,T7(5-9),Economy Saver,5246,944,100,6290,AirlineSite,Available,True,VALID,,,SINGLETON::OBS01280,False,,RETAINED_UNIQUE,True,
OBS01281,9a630cdab5dd,ee44d40bf2b6,DEL,MAA,IX,IX-621,2026-09-13,05:30,2026-09-05 20:15,8,T7(5-9),Economy Saver,5627,1013,200,6840,EaseMyTrip,Available,True,VALID,,,SINGLETON::OBS01281,False,,RETAINED_UNIQUE,True,
OBS01282,7525d759de90,6a5d368858ba,DEL,MAA,IX,IX-621,2026-09-13,05:30,2026-09-05 20:15,8,T7(5-9),Economy Flexi,8831,1590,120,10541,Goibibo,Available,True,VALID,,,SINGLETON::OBS01282,False,,RETAINED_UNIQUE,True,
OBS01283,00e760df7a4b,6a5d368858ba,DEL,MAA,IX,IX-621,2026-09-13,05:30,2026-09-05 20:15,8,T7(5-9),Economy Flexi,8360,1505,150,10015,EaseMyTrip,Available,True,VALID,,,SINGLETON::OBS01283,False,,RETAINED_UNIQUE,True,
OBS01284,4fb58640ee1b,4bd4dbfe8e74,DEL,MAA,IX,IX-621,2026-09-21,05:30,2026-09-05 20:15,16,T15(12-18),Economy Standard,6113,1100,200,7413,EaseMyTrip,Available,True,VALID,,,SINGLETON::OBS01284,False,,RETAINED_UNIQUE,True,
OBS01285,553c28b54a33,9000dae36bb3,DEL,MAA,IX,IX-621,2026-09-21,05:30,2026-09-05 20:15,16,T15(12-18),Economy Saver,4718,849,100,5667,Goibibo,Available,True,VALID,,,SINGLETON::OBS01285,False,,RETAINED_UNIQUE,True,
OBS01286,703a21a5528e,092ba413c235,DEL,MAA,IX,IX-621,2026-10-06,05:30,2026-09-05 20:15,31,T30(25-35),Economy Standard,5311,956,100,6367,EaseMyTrip,Available,True,VALID,,,SINGLETON::OBS01286,False,,RETAINED_UNIQUE,True,
OBS01287,b14f2f6b24d2,7e03355123df,DEL,MAA,IX,IX-621,2026-10-06,05:30,2026-09-05 20:15,31,T30(25-35),Economy Flexi,6575,1183,200,7958,EaseMyTrip,Available,True,VALID,,,SINGLETON::OBS01287,False,,RETAINED_UNIQUE,True,
OBS01288,fe46256c7b26,61c8f40b5dd6,DEL,MAA,IX,IX-621,2026-10-22,05:30,2026-09-05 20:15,47,T45(40-50),Economy Standard,5213,938,100,6251,Cleartrip,Available,True,VALID,,,SINGLETON::OBS01288,False,,RETAINED_UNIQUE,True,
OBS01289,3d1bd4e9c51f,c18a720e241c,BOM,HYD,6E,6E-631,2026-09-07,06:00,2026-09-05 20:15,2,T1(0-2),Economy Flexi,9340,1681,100,11121,Goibibo,Available,True,VALID,,,SINGLETON::OBS01289,False,,RETAINED_UNIQUE,True,
OBS01290,05e504942606,c18a720e241c,BOM,HYD,6E,6E-631,2026-09-07,06:00,2026-09-05 20:15,2,T1(0-2),Economy Flexi,9239,1663,150,11052,MMT,Available,True,VALID,,,SINGLETON::OBS01290,False,,RETAINED_UNIQUE,True,
OBS01291,bb10274f001f,07ded1f87ed1,BOM,HYD,6E,6E-631,2026-09-13,06:00,2026-09-05 20:15,8,T7(5-9),Economy Saver,5265,948,100,6313,Cleartrip,Available,True,VALID,,,SINGLETON::OBS01291,False,,RETAINED_UNIQUE,True,
OBS01292,a4a531c69525,07ded1f87ed1,BOM,HYD,6E,6E-631,2026-09-13,06:00,2026-09-05 20:15,8,T7(5-9),Economy Saver,5747,1034,120,6901,Goibibo,Available,True,VALID,,,SINGLETON::OBS01292,False,,RETAINED_UNIQUE,True,
OBS01293,d8568cfff7fb,e1c387d72b7c,BOM,HYD,6E,6E-631,2026-09-13,06:00,2026-09-05 20:15,8,T7(5-9),Economy Standard,7080,1274,100,8454,AirlineSite,Available,True,VALID,,,SINGLETON::OBS01293,False,,RETAINED_UNIQUE,True,
OBS01294,2117313fdb92,d9f3b2bd0ed3,BOM,HYD,6E,6E-631,2026-09-21,06:00,2026-09-05 20:15,16,T15(12-18),Economy Saver,4629,833,150,5612,EaseMyTrip,Available,True,VALID,,,SINGLETON::OBS01294,False,,RETAINED_UNIQUE,True,
OBS01295,f8d1ad4c49f4,d9f3b2bd0ed3,BOM,HYD,6E,6E-631,2026-09-21,06:00,2026-09-05 20:15,16,T15(12-18),Economy Saver,4541,817,100,5458,Cleartrip,Available,True,VALID,,,SINGLETON::OBS01295,False,,RETAINED_UNIQUE,True,
OBS01296,c9f855b6218c,465ccb21c1f9,BOM,HYD,6E,6E-631,2026-10-06,06:00,2026-09-05 20:15,31,T30(25-35),Economy Saver,4397,792,180,5369,Goibibo,Available,True,VALID,,,SINGLETON::OBS01296,False,,RETAINED_UNIQUE,True,
OBS01297,3a6a583eebfc,f2c7461dedfd,BOM,HYD,6E,6E-631,2026-10-06,06:00,2026-09-05 20:15,31,T30(25-35),Economy Flexi,6647,1196,180,8023,AirlineSite,Available,True,VALID,,,SINGLETON::OBS01297,False,,RETAINED_UNIQUE,True,
OBS01298,9b17023a62f3,8b9340ffa3a8,BOM,HYD,6E,6E-631,2026-10-22,06:00,2026-09-05 20:15,47,T45(40-50),Economy Standard,5685,1023,180,6888,MMT,Available,True,VALID,,,SINGLETON::OBS01298,False,,RETAINED_UNIQUE,True,
OBS01299,368dbf58df40,e1a56258a3a8,BOM,HYD,AI,AI-619,2026-09-07,14:45,2026-09-05 20:15,2,T1(0-2),Economy Standard,8080,1454,150,9684,MMT,Available,True,VALID,,,SINGLETON::OBS01299,False,,RETAINED_UNIQUE,True,
OBS01300,cbbf46fbd0f1,e1a56258a3a8,BOM,HYD,AI,AI-619,2026-09-07,14:45,2026-09-05 20:15,2,T1(0-2),Economy Standard,8281,1491,120,9892,Goibibo,Available,True,VALID,,,SINGLETON::OBS01300,False,,RETAINED_UNIQUE,True,
OBS01301,0d4c1225f413,07ded1f87ed1,BOM,HYD,AI,AI-619,2026-09-13,14:45,2026-09-05 20:15,8,T7(5-9),Economy Saver,5316,957,180,6453,Cleartrip,Available,True,VALID,,,SINGLETON::OBS01301,False,,RETAINED_UNIQUE,True,
OBS01302,d863d864e81f,0b6acd0827ae,BOM,HYD,AI,AI-619,2026-09-13,14:45,2026-09-05 20:15,8,T7(5-9),Economy Flexi,8889,1600,120,10609,Goibibo,Available,True,VALID,,,SINGLETON::OBS01302,False,,RETAINED_UNIQUE,True,
OBS01303,7792aeff2a45,0b6acd0827ae,BOM,HYD,AI,AI-619,2026-09-13,14:45,2026-09-05 20:15,8,T7(5-9),Economy Flexi,8997,1620,200,10817,MMT,Available,True,VALID,,,SINGLETON::OBS01303,False,,RETAINED_UNIQUE,True,
OBS01304,111e0b38e996,6be000ebcf7f,BOM,HYD,AI,AI-619,2026-09-21,14:45,2026-09-05 20:15,16,T15(12-18),Economy Flexi,7674,1381,120,9175,EaseMyTrip,Available,True,VALID,,,SINGLETON::OBS01304,False,,RETAINED_UNIQUE,True,
OBS01305,bea90c8e0cb7,bbfe5f3c04d6,BOM,HYD,AI,AI-619,2026-10-06,14:45,2026-09-05 20:15,31,T30(25-35),Economy Standard,5636,1014,150,6800,MMT,Available,True,VALID,,,SINGLETON::OBS01305,False,,RETAINED_UNIQUE,True,
OBS01306,d26766f21b6d,bbfe5f3c04d6,BOM,HYD,AI,AI-619,2026-10-06,14:45,2026-09-05 20:15,31,T30(25-35),Economy Standard,5192,935,180,6307,Goibibo,Available,True,VALID,,,SINGLETON::OBS01306,False,,RETAINED_UNIQUE,True,
OBS01307,c8f6cba9fb61,0c85a3933472,BOM,HYD,AI,AI-619,2026-10-22,14:45,2026-09-05 20:15,47,T45(40-50),Economy Saver,4407,793,200,5400,Goibibo,Available,True,VALID,,,SINGLETON::OBS01307,False,,RETAINED_UNIQUE,True,
OBS01308,e5608c9ecaaf,0c85a3933472,BOM,HYD,AI,AI-619,2026-10-22,14:45,2026-09-05 20:15,47,T45(40-50),Economy Saver,4429,797,200,5426,MMT,Available,True,VALID,,,SINGLETON::OBS01308,False,,RETAINED_UNIQUE,True,
OBS01309,a7c112786c08,e1a56258a3a8,BOM,HYD,QP,QP-1402,2026-09-07,10:45,2026-09-05 20:15,2,T1(0-2),Economy Standard,8293,1493,200,9986,AirlineSite,Available,True,VALID,,,SINGLETON::OBS01309,False,,RETAINED_UNIQUE,True,
OBS01310,a0e3996b9c3f,e1c387d72b7c,BOM,HYD,QP,QP-1402,2026-09-13,10:45,2026-09-05 20:15,8,T7(5-9),Economy Standard,7057,1270,120,8447,Goibibo,Available,True,VALID,,,SINGLETON::OBS01310,False,,RETAINED_UNIQUE,True,
OBS01311,9aa86b949b8f,e1c387d72b7c,BOM,HYD,QP,QP-1402,2026-09-13,10:45,2026-09-05 20:15,8,T7(5-9),Economy Standard,6798,1224,100,8122,AirlineSite,Available,True,VALID,,,SINGLETON::OBS01311,False,,RETAINED_UNIQUE,True,
OBS01312,734ee7d7165c,d9f3b2bd0ed3,BOM,HYD,QP,QP-1402,2026-09-21,10:45,2026-09-05 20:15,16,T15(12-18),Economy Saver,4734,852,100,5686,Cleartrip,Available,True,VALID,,,SINGLETON::OBS01312,False,,RETAINED_UNIQUE,True,
OBS01313,a26c4abff56c,d9f3b2bd0ed3,BOM,HYD,QP,QP-1402,2026-09-21,10:45,2026-09-05 20:15,16,T15(12-18),Economy Saver,4443,800,150,5393,MMT,Available,True,VALID,,,SINGLETON::OBS01313,False,,RETAINED_UNIQUE,True,
OBS01314,86888b5f8819,6be000ebcf7f,BOM,HYD,QP,QP-1402,2026-09-21,10:45,2026-09-05 20:15,16,T15(12-18),Economy Flexi,7592,1367,200,9159,Goibibo,Available,True,VALID,,,SINGLETON::OBS01314,False,,RETAINED_UNIQUE,True,
OBS01315,415d67d6ec71,bbfe5f3c04d6,BOM,HYD,QP,QP-1402,2026-10-06,10:45,2026-09-05 20:15,31,T30(25-35),Economy Standard,5284,951,150,6385,MMT,Available,True,VALID,,,SINGLETON::OBS01315,False,,RETAINED_UNIQUE,True,
OBS01316,657c930bd519,bbfe5f3c04d6,BOM,HYD,QP,QP-1402,2026-10-06,10:45,2026-09-05 20:15,31,T30(25-35),Economy Standard,5522,994,100,6616,Goibibo,Available,True,VALID,,,SINGLETON::OBS01316,False,,RETAINED_UNIQUE,True,
OBS01317,48dca491ce55,8b9340ffa3a8,BOM,HYD,QP,QP-1402,2026-10-22,10:45,2026-09-05 20:15,47,T45(40-50),Economy Standard,5344,962,150,6456,EaseMyTrip,Available,True,VALID,,,SINGLETON::OBS01317,False,,RETAINED_UNIQUE,True,
OBS01318,54aedd359c1d,8b9340ffa3a8,BOM,HYD,QP,QP-1402,2026-10-22,10:45,2026-09-05 20:15,47,T45(40-50),Economy Standard,5561,1001,200,6762,AirlineSite,Available,True,VALID,,,SINGLETON::OBS01318,False,,RETAINED_UNIQUE,True,
OBS01319,2a2a9f881a0d,d296d727b17b,BLR,CCU,6E,6E-904,2026-09-07,09:45,2026-09-05 20:15,2,T1(0-2),Economy Flexi,10030,1805,100,11935,EaseMyTrip,Available,True,VALID,,,SINGLETON::OBS01319,False,,RETAINED_UNIQUE,True,
OBS01320,f52eb6d67cbe,6aed3595730a,BLR,CCU,6E,6E-904,2026-09-13,09:45,2026-09-05 20:15,8,T7(5-9),Economy Saver,5580,1004,150,6734,Cleartrip,Available,True,VALID,,,SINGLETON::OBS01320,False,,RETAINED_UNIQUE,True,
OBS01321,de3d7b15161e,6aed3595730a,BLR,CCU,6E,6E-904,2026-09-13,09:45,2026-09-05 20:15,8,T7(5-9),Economy Saver,5442,980,200,6622,Goibibo,Available,True,VALID,,,SINGLETON::OBS01321,False,,RETAINED_UNIQUE,True,
OBS01322,2a0745fcfe35,ffcd847971ab,BLR,CCU,6E,6E-904,2026-09-13,09:45,2026-09-05 20:15,8,T7(5-9),Economy Flexi,8845,1592,120,10557,EaseMyTrip,Available,True,VALID,,,SINGLETON::OBS01322,False,,RETAINED_UNIQUE,True,
OBS01323,2fffcc2034c1,3c9581757b9f,BLR,CCU,6E,6E-904,2026-09-21,09:45,2026-09-05 20:15,16,T15(12-18),Economy Standard,5770,1039,180,6989,EaseMyTrip,Available,True,VALID,,,SINGLETON::OBS01323,False,,RETAINED_UNIQUE,True,
OBS01324,235f7d6ac028,1ad9c5173c97,BLR,CCU,6E,6E-904,2026-10-06,09:45,2026-09-05 20:15,31,T30(25-35),Economy Flexi,6569,1182,150,7901,Cleartrip,Available,True,VALID,,,SINGLETON::OBS01324,False,,RETAINED_UNIQUE,True,
OBS01325,c88448173382,304f2e0c97fd,BLR,CCU,6E,6E-904,2026-10-22,09:45,2026-09-05 20:15,47,T45(40-50),Economy Standard,5370,967,180,6517,Cleartrip,Available,True,VALID,,,SINGLETON::OBS01325,False,,RETAINED_UNIQUE,True,
OBS01326,3b95efae05b5,4c4fe89aa3fe,BLR,CCU,6E,6E-904,2026-10-22,09:45,2026-09-05 20:15,47,T45(40-50),Economy Saver,4330,779,200,5309,Goibibo,Available,True,VALID,,,SINGLETON::OBS01326,False,,RETAINED_UNIQUE,True,
OBS01327,fc58d4a9dc21,768f16c2a345,BLR,CCU,AI,AI-772,2026-09-07,06:30,2026-09-05 20:15,2,T1(0-2),Economy Standard,8215,1479,180,9874,MMT,Available,True,VALID,,,SINGLETON::OBS01327,False,,RETAINED_UNIQUE,True,
OBS01328,5b3ce1fefe89,d296d727b17b,BLR,CCU,AI,AI-772,2026-09-07,06:30,2026-09-05 20:15,2,T1(0-2),Economy Flexi,9561,1721,120,11402,AirlineSite,Available,True,VALID,,,SINGLETON::OBS01328,False,,RETAINED_UNIQUE,True,
OBS01329,e0afedae8f01,6aed3595730a,BLR,CCU,AI,AI-772,2026-09-13,06:30,2026-09-05 20:15,8,T7(5-9),Economy Saver,5303,954,120,6377,Cleartrip,Available,True,VALID,,,SINGLETON::OBS01329,False,,RETAINED_UNIQUE,True,
OBS01330,3b61c82f1600,ffcd847971ab,BLR,CCU,AI,AI-772,2026-09-13,06:30,2026-09-05 20:15,8,T7(5-9),Economy Flexi,8684,1563,100,10347,MMT,Available,True,VALID,,,SINGLETON::OBS01330,False,,RETAINED_UNIQUE,True,
OBS01331,17db8c2ac308,ffcd847971ab,BLR,CCU,AI,AI-772,2026-09-13,06:30,2026-09-05 20:15,8,T7(5-9),Economy Flexi,8488,1528,200,10216,EaseMyTrip,Available,True,VALID,,,SINGLETON::OBS01331,False,,RETAINED_UNIQUE,True,
OBS01332,31707ffb4344,3c9581757b9f,BLR,CCU,AI,AI-772,2026-09-21,06:30,2026-09-05 20:15,16,T15(12-18),Economy Standard,6141,1105,100,7346,Goibibo,Available,True,VALID,,,SINGLETON::OBS01332,False,,RETAINED_UNIQUE,True,
OBS01333,12cdc3b1716e,3c9581757b9f,BLR,CCU,AI,AI-772,2026-09-21,06:30,2026-09-05 20:15,16,T15(12-18),Economy Standard,5876,1058,100,7034,EaseMyTrip,Available,True,VALID,,,SINGLETON::OBS01333,False,,RETAINED_UNIQUE,True,
OBS01334,d97d927c82b4,aea6577cb1e2,BLR,CCU,AI,AI-772,2026-10-06,06:30,2026-09-05 20:15,31,T30(25-35),Economy Saver,4307,775,150,5232,Goibibo,Available,True,VALID,,,SINGLETON::OBS01334,False,,RETAINED_UNIQUE,True,
OBS01335,fb11e5582017,aea6577cb1e2,BLR,CCU,AI,AI-772,2026-10-06,06:30,2026-09-05 20:15,31,T30(25-35),Economy Saver,4236,763,200,5199,Cleartrip,Available,True,VALID,,,SINGLETON::OBS01335,False,,RETAINED_UNIQUE,True,
OBS01336,0899b60519c7,304f2e0c97fd,BLR,CCU,AI,AI-772,2026-10-22,06:30,2026-09-05 20:15,47,T45(40-50),Economy Standard,5277,950,150,6377,Cleartrip,Available,True,VALID,,,SINGLETON::OBS01336,False,,RETAINED_UNIQUE,True,
OBS01337,de72c04dd442,ea3da1f07170,BLR,CCU,AI,AI-772,2026-10-22,06:30,2026-09-05 20:15,47,T45(40-50),Economy Flexi,6581,1185,150,7916,Goibibo,Available,True,VALID,,,SINGLETON::OBS01337,False,,RETAINED_UNIQUE,True,
OBS01338,92dff9b56929,73f95709b96e,BLR,CCU,SG,SG-321,2026-09-07,06:15,2026-09-05 20:15,2,T1(0-2),Economy Saver,6429,1157,200,7786,Cleartrip,Available,True,VALID,,,SINGLETON::OBS01338,False,,RETAINED_UNIQUE,True,
OBS01339,c3ecb8292afa,73f95709b96e,BLR,CCU,SG,SG-321,2026-09-07,06:15,2026-09-05 20:15,2,T1(0-2),Economy Saver,6409,1154,200,7763,Goibibo,Available,True,VALID,,,SINGLETON::OBS01339,False,,RETAINED_UNIQUE,True,
OBS01340,d6c8cc3f638c,6aed3595730a,BLR,CCU,SG,SG-321,2026-09-13,06:15,2026-09-05 20:15,8,T7(5-9),Economy Saver,5371,967,100,6438,MMT,Available,True,VALID,,,SINGLETON::OBS01340,False,,RETAINED_UNIQUE,True,
OBS01341,62492725de96,ffcd847971ab,BLR,CCU,SG,SG-321,2026-09-13,06:15,2026-09-05 20:15,8,T7(5-9),Economy Flexi,8615,1551,150,10316,EaseMyTrip,Available,True,VALID,,,SINGLETON::OBS01341,False,,RETAINED_UNIQUE,True,
OBS01342,1ca149b797d7,ffcd847971ab,BLR,CCU,SG,SG-321,2026-09-13,06:15,2026-09-05 20:15,8,T7(5-9),Economy Flexi,8395,1511,200,10106,MMT,Available,True,VALID,,,SINGLETON::OBS01342,False,,RETAINED_UNIQUE,True,
OBS01343,faa2d280b30a,6370ba37e27c,BLR,CCU,SG,SG-321,2026-09-21,06:15,2026-09-05 20:15,16,T15(12-18),Economy Flexi,7240,1303,200,8743,Cleartrip,Available,True,VALID,,,SINGLETON::OBS01343,False,,RETAINED_UNIQUE,True,
OBS01344,60b0c4d364c3,6370ba37e27c,BLR,CCU,SG,SG-321,2026-09-21,06:15,2026-09-05 20:15,16,T15(12-18),Economy Flexi,7678,1382,200,9260,MMT,Available,True,VALID,,,SINGLETON::OBS01344,False,,RETAINED_UNIQUE,True,
OBS01345,9b92c978a92c,aea6577cb1e2,BLR,CCU,SG,SG-321,2026-10-06,06:15,2026-09-05 20:15,31,T30(25-35),Economy Saver,4430,797,150,5377,Goibibo,Available,True,VALID,,,SINGLETON::OBS01345,False,,RETAINED_UNIQUE,True,
OBS01346,fd11594f3c87,aea6577cb1e2,BLR,CCU,SG,SG-321,2026-10-06,06:15,2026-09-05 20:15,31,T30(25-35),Economy Saver,4098,738,200,5036,MMT,Available,True,VALID,,,SINGLETON::OBS01346,False,,RETAINED_UNIQUE,True,
OBS01347,619c8d0914e4,1ad9c5173c97,BLR,CCU,SG,SG-321,2026-10-06,06:15,2026-09-05 20:15,31,T30(25-35),Economy Flexi,6927,1247,200,8374,Cleartrip,Available,True,VALID,,,SINGLETON::OBS01347,False,,RETAINED_UNIQUE,True,
OBS01348,68c2a2164129,1ad9c5173c97,BLR,CCU,SG,SG-321,2026-10-06,06:15,2026-09-05 20:15,31,T30(25-35),Economy Flexi,6776,1220,200,8196,Goibibo,Available,True,VALID,,,SINGLETON::OBS01348,False,,RETAINED_UNIQUE,True,
OBS01349,13c3841699d6,304f2e0c97fd,BLR,CCU,SG,SG-321,2026-10-22,06:15,2026-09-05 20:15,47,T45(40-50),Economy Standard,5550,999,100,6649,AirlineSite,Available,True,VALID,,,SINGLETON::OBS01349,False,,RETAINED_UNIQUE,True,
OBS01350,37f34abeb942,304f2e0c97fd,BLR,CCU,SG,SG-321,2026-10-22,06:15,2026-09-05 20:15,47,T45(40-50),Economy Standard,5350,963,180,6493,MMT,Available,True,VALID,,,SINGLETON::OBS01350,False,,RETAINED_UNIQUE,True,
OBS01351,38145cdcb857,4c4fe89aa3fe,BLR,CCU,SG,SG-321,2026-10-22,06:15,2026-09-05 20:15,47,T45(40-50),Economy Saver,4182,753,150,5085,Goibibo,Available,True,VALID,,,SINGLETON::OBS01351,False,,RETAINED_UNIQUE,True,
OBS01352,e02767d26824,aa2769a0fb97,DEL,SXR,6E,6E-212,2026-09-07,10:30,2026-09-05 20:15,2,T1(0-2),Economy Flexi,9691,1744,150,11585,EaseMyTrip,Available,True,VALID,,,SINGLETON::OBS01352,False,,RETAINED_UNIQUE,True,
OBS01353,f6ecadae62bf,d0b11d92c188,DEL,SXR,6E,6E-212,2026-09-13,10:30,2026-09-05 20:15,8,T7(5-9),Economy Saver,5705,1027,100,6832,EaseMyTrip,Available,True,VALID,,,SINGLETON::OBS01353,False,,RETAINED_UNIQUE,True,
OBS01354,c6e82c5371c5,2cf3e4c90216,DEL,SXR,6E,6E-212,2026-09-21,10:30,2026-09-05 20:15,16,T15(12-18),Economy Saver,4855,874,150,5879,EaseMyTrip,Available,True,VALID,,,SINGLETON::OBS01354,False,,RETAINED_UNIQUE,True,
OBS01355,939a08e7630e,2cf3e4c90216,DEL,SXR,6E,6E-212,2026-09-21,10:30,2026-09-05 20:15,16,T15(12-18),Economy Saver,4619,831,180,5630,AirlineSite,Available,True,VALID,,,SINGLETON::OBS01355,False,,RETAINED_UNIQUE,True,
OBS01356,9fdea0f7639e,0cd630bb9498,DEL,SXR,6E,6E-212,2026-09-21,10:30,2026-09-05 20:15,16,T15(12-18),Economy Standard,5710,1028,150,6888,Goibibo,Available,True,VALID,,,SINGLETON::OBS01356,False,,RETAINED_UNIQUE,True,
OBS01357,f4b386c9aff1,0cd630bb9498,DEL,SXR,6E,6E-212,2026-09-21,10:30,2026-09-05 20:15,16,T15(12-18),Economy Standard,5911,1064,180,7155,Cleartrip,Available,True,VALID,,,SINGLETON::OBS01357,False,,RETAINED_UNIQUE,True,
OBS01358,f8057e4cab00,7331dc4cdf22,DEL,SXR,6E,6E-212,2026-10-06,10:30,2026-09-05 20:15,31,T30(25-35),Economy Saver,4153,748,180,5081,Goibibo,Available,True,VALID,,,SINGLETON::OBS01358,False,,RETAINED_UNIQUE,True,
OBS01359,1c8d26b5cff0,7331dc4cdf22,DEL,SXR,6E,6E-212,2026-10-06,10:30,2026-09-05 20:15,31,T30(25-35),Economy Saver,4338,781,180,5299,EaseMyTrip,Available,True,VALID,,,SINGLETON::OBS01359,False,,RETAINED_UNIQUE,True,
OBS01360,3da26308f1cd,d27bdbb7004f,DEL,SXR,6E,6E-212,2026-10-22,10:30,2026-09-05 20:15,47,T45(40-50),Economy Flexi,6473,1165,180,7818,MMT,Available,True,VALID,,,SINGLETON::OBS01360,False,,RETAINED_UNIQUE,True,
OBS01361,b9b5ef00a4fb,76f2863512dc,DEL,SXR,AI,AI-825,2026-09-07,13:15,2026-09-05 20:15,2,T1(0-2),Economy Saver,6096,1097,150,7343,AirlineSite,Available,True,VALID,,,SINGLETON::OBS01361,False,,RETAINED_UNIQUE,True,
OBS01362,bcf8d8cbd728,7680375affbf,DEL,SXR,AI,AI-825,2026-09-07,13:15,2026-09-05 20:15,2,T1(0-2),Economy Standard,8073,1453,120,9646,MMT,Available,True,VALID,,,SINGLETON::OBS01362,False,,RETAINED_UNIQUE,True,
OBS01363,879fa649497f,7680375affbf,DEL,SXR,AI,AI-825,2026-09-07,13:15,2026-09-05 20:15,2,T1(0-2),Economy Standard,7673,1381,180,9234,Goibibo,Available,True,VALID,,,SINGLETON::OBS01363,False,,RETAINED_UNIQUE,True,
OBS01364,ae497d3e42ce,ce493fa860ab,DEL,SXR,AI,AI-825,2026-09-13,13:15,2026-09-05 20:15,8,T7(5-9),Economy Flexi,8953,1612,150,10715,Cleartrip,Available,True,VALID,,,SINGLETON::OBS01364,False,,RETAINED_UNIQUE,True,
OBS01365,6724d81d61b6,f8e14d93e494,DEL,SXR,AI,AI-825,2026-09-13,13:15,2026-09-05 20:15,8,T7(5-9),Economy Standard,6897,1241,100,8238,EaseMyTrip,Available,True,VALID,,,SINGLETON::OBS01365,False,,RETAINED_UNIQUE,True,
OBS01366,4c432d74e089,f8e14d93e494,DEL,SXR,AI,AI-825,2026-09-13,13:15,2026-09-05 20:15,8,T7(5-9),Economy Standard,6847,1233,150,8230,Goibibo,Available,True,VALID,,,SINGLETON::OBS01366,False,,RETAINED_UNIQUE,True,
OBS01367,ef00e66a4bf3,2cf3e4c90216,DEL,SXR,AI,AI-825,2026-09-21,13:15,2026-09-05 20:15,16,T15(12-18),Economy Saver,4854,874,120,5848,MMT,Available,True,VALID,,,SINGLETON::OBS01367,False,,RETAINED_UNIQUE,True,
OBS01368,987b9de4ca1b,2cf3e4c90216,DEL,SXR,AI,AI-825,2026-09-21,13:15,2026-09-05 20:15,16,T15(12-18),Economy Saver,4448,801,150,5399,Goibibo,Available,True,VALID,,,SINGLETON::OBS01368,False,,RETAINED_UNIQUE,True,
OBS01369,039de914e58a,0cd630bb9498,DEL,SXR,AI,AI-825,2026-09-21,13:15,2026-09-05 20:15,16,T15(12-18),Economy Standard,6048,1089,200,7337,AirlineSite,Available,True,VALID,,,SINGLETON::OBS01369,False,,RETAINED_UNIQUE,True,
OBS01370,647362f12347,0cd630bb9498,DEL,SXR,AI,AI-825,2026-09-21,13:15,2026-09-05 20:15,16,T15(12-18),Economy Standard,5961,1073,150,7184,Cleartrip,Available,True,VALID,,,SINGLETON::OBS01370,False,,RETAINED_UNIQUE,True,
OBS01371,7721d38b39e7,a2823b6fdfe1,DEL,SXR,AI,AI-825,2026-10-06,13:15,2026-09-05 20:15,31,T30(25-35),Economy Flexi,6894,1241,120,8255,EaseMyTrip,Available,True,VALID,,,SINGLETON::OBS01371,False,,RETAINED_UNIQUE,True,
OBS01372,089f8b808600,a2823b6fdfe1,DEL,SXR,AI,AI-825,2026-10-06,13:15,2026-09-05 20:15,31,T30(25-35),Economy Flexi,6720,1210,120,8050,AirlineSite,Available,True,VALID,,,SINGLETON::OBS01372,False,,RETAINED_UNIQUE,True,
OBS01373,d867646a2815,7331dc4cdf22,DEL,SXR,AI,AI-825,2026-10-06,13:15,2026-09-05 20:15,31,T30(25-35),Economy Saver,4182,753,100,5035,Goibibo,Available,True,VALID,,,SINGLETON::OBS01373,False,,RETAINED_UNIQUE,True,
OBS01374,30fcf0a60068,7331dc4cdf22,DEL,SXR,AI,AI-825,2026-10-06,13:15,2026-09-05 20:15,31,T30(25-35),Economy Saver,4147,746,180,5073,MMT,Available,True,VALID,,,SINGLETON::OBS01374,False,,RETAINED_UNIQUE,True,
OBS01375,f753958a618e,8590db72b9a8,DEL,SXR,AI,AI-825,2026-10-22,13:15,2026-09-05 20:15,47,T45(40-50),Economy Saver,4248,765,120,5133,EaseMyTrip,Available,True,VALID,,,SINGLETON::OBS01375,False,,RETAINED_UNIQUE,True,
OBS01376,0dc3ed78b446,8590db72b9a8,DEL,SXR,AI,AI-825,2026-10-22,13:15,2026-09-05 20:15,47,T45(40-50),Economy Saver,4353,784,200,5337,AirlineSite,Available,True,VALID,,,SINGLETON::OBS01376,False,,RETAINED_UNIQUE,True,
OBS01377,25811e675560,8de3361a558e,DEL,SXR,AI,AI-825,2026-10-22,13:15,2026-09-05 20:15,47,T45(40-50),Economy Standard,5358,964,150,6472,EaseMyTrip,Available,True,VALID,,,SINGLETON::OBS01377,False,,RETAINED_UNIQUE,True,
OBS01378,fbda94515eb8,7680375affbf,DEL,SXR,SG,SG-101,2026-09-07,15:15,2026-09-05 20:15,2,T1(0-2),Economy Standard,7971,1435,120,9526,EaseMyTrip,Available,True,VALID,,,SINGLETON::OBS01378,False,,RETAINED_UNIQUE,True,
OBS01379,35c87d0d7ebe,aa2769a0fb97,DEL,SXR,SG,SG-101,2026-09-07,15:15,2026-09-05 20:15,2,T1(0-2),Economy Flexi,9683,1743,150,11576,MMT,Available,True,VALID,,,SINGLETON::OBS01379,False,,RETAINED_UNIQUE,True,
OBS01380,ad1b18539228,f8e14d93e494,DEL,SXR,SG,SG-101,2026-09-13,15:15,2026-09-05 20:15,8,T7(5-9),Economy Standard,6892,1241,200,8333,AirlineSite,Available,True,VALID,,,SINGLETON::OBS01380,False,,RETAINED_UNIQUE,True,
OBS01381,b912be6dd1f6,ce493fa860ab,DEL,SXR,SG,SG-101,2026-09-13,15:15,2026-09-05 20:15,8,T7(5-9),Economy Flexi,8919,1605,200,10724,MMT,Available,True,VALID,,,SINGLETON::OBS01381,False,,RETAINED_UNIQUE,True,
OBS01382,93a2997d1fea,0cd630bb9498,DEL,SXR,SG,SG-101,2026-09-21,15:15,2026-09-05 20:15,16,T15(12-18),Economy Standard,6189,1114,100,7403,AirlineSite,Available,True,VALID,,,SINGLETON::OBS01382,False,,RETAINED_UNIQUE,True,
OBS01383,00940745f124,0cd630bb9498,DEL,SXR,SG,SG-101,2026-09-21,15:15,2026-09-05 20:15,16,T15(12-18),Economy Standard,5987,1078,150,7215,EaseMyTrip,Available,True,VALID,,,SINGLETON::OBS01383,False,,RETAINED_UNIQUE,True,
OBS01384,5d03d6a33fcc,7331dc4cdf22,DEL,SXR,SG,SG-101,2026-10-06,15:15,2026-09-05 20:15,31,T30(25-35),Economy Saver,4044,728,100,4872,MMT,Available,True,VALID,,,SINGLETON::OBS01384,False,,RETAINED_UNIQUE,True,
OBS01385,cf79f3b12563,7331dc4cdf22,DEL,SXR,SG,SG-101,2026-10-06,15:15,2026-09-05 20:15,31,T30(25-35),Economy Saver,4125,743,120,4988,Cleartrip,Available,True,VALID,,,SINGLETON::OBS01385,False,,RETAINED_UNIQUE,True,
OBS01386,8e8d9e3b9774,c942bbb01d32,DEL,SXR,SG,SG-101,2026-10-06,15:15,2026-09-05 20:15,31,T30(25-35),Economy Standard,5252,945,120,6317,Cleartrip,Available,True,VALID,,,SINGLETON::OBS01386,False,,RETAINED_UNIQUE,True,
OBS01387,7cc293080649,8de3361a558e,DEL,SXR,SG,SG-101,2026-10-22,15:15,2026-09-05 20:15,47,T45(40-50),Economy Standard,5194,935,180,6309,AirlineSite,Available,True,VALID,,,SINGLETON::OBS01387,False,,RETAINED_UNIQUE,True,
OBS01388,a3c3d5601764,e293fc7d3662,DEL,GOI,6E,6E-334,2026-09-07,15:15,2026-09-05 20:15,2,T1(0-2),Economy Saver,6329,1139,200,7668,AirlineSite,Available,True,VALID,,,SINGLETON::OBS01388,False,,RETAINED_UNIQUE,True,
OBS01389,6ced25bc4a28,c80cbb545c46,DEL,GOI,6E,6E-334,2026-09-07,15:15,2026-09-05 20:15,2,T1(0-2),Economy Flexi,9301,1674,150,11125,Goibibo,Available,True,VALID,,,SINGLETON::OBS01389,False,,RETAINED_UNIQUE,True,
OBS01390,3c740b2a2a85,3ba13766159e,DEL,GOI,6E,6E-334,2026-09-13,15:15,2026-09-05 20:15,8,T7(5-9),Economy Saver,5669,1020,200,6889,AirlineSite,Available,True,VALID,,,SINGLETON::OBS01390,False,,RETAINED_UNIQUE,True,
OBS01391,10c27b8c43c4,3ba13766159e,DEL,GOI,6E,6E-334,2026-09-13,15:15,2026-09-05 20:15,8,T7(5-9),Economy Saver,5354,964,120,6438,EaseMyTrip,Available,True,VALID,,,SINGLETON::OBS01391,False,,RETAINED_UNIQUE,True,
OBS01392,1062bae5f556,75965084ddf9,DEL,GOI,6E,6E-334,2026-09-21,15:15,2026-09-05 20:15,16,T15(12-18),Economy Flexi,7075,1274,150,8499,AirlineSite,Available,True,VALID,,,SINGLETON::OBS01392,False,,RETAINED_UNIQUE,True,
OBS01393,eeaf44e01644,75965084ddf9,DEL,GOI,6E,6E-334,2026-09-21,15:15,2026-09-05 20:15,16,T15(12-18),Economy Flexi,7658,1379,150,9187,EaseMyTrip,Available,True,VALID,,,SINGLETON::OBS01393,False,,RETAINED_UNIQUE,True,
OBS01394,11d1afecc22b,1f0da06893c5,DEL,GOI,6E,6E-334,2026-10-06,15:15,2026-09-05 20:15,31,T30(25-35),Economy Saver,4376,788,100,5264,AirlineSite,Available,True,VALID,,,SINGLETON::OBS01394,False,,RETAINED_UNIQUE,True,
OBS01395,de8c5dbbf3c8,f2e07e6d7869,DEL,GOI,6E,6E-334,2026-10-06,15:15,2026-09-05 20:15,31,T30(25-35),Economy Flexi,6972,1255,120,8347,MMT,Available,True,VALID,,,SINGLETON::OBS01395,False,,RETAINED_UNIQUE,True,
OBS01396,d8200cfbfd7c,83f0bfe7344f,DEL,GOI,6E,6E-334,2026-10-22,15:15,2026-09-05 20:15,47,T45(40-50),Economy Flexi,6944,1250,180,8374,MMT,Available,True,VALID,,,SINGLETON::OBS01396,False,,RETAINED_UNIQUE,True,
OBS01397,25b491f81af5,c80cbb545c46,DEL,GOI,AI,AI-861,2026-09-07,07:30,2026-09-05 20:15,2,T1(0-2),Economy Flexi,9986,1797,180,11963,AirlineSite,Available,True,VALID,,,SINGLETON::OBS01397,False,,RETAINED_UNIQUE,True,
OBS01398,1778e1ed3c42,c80cbb545c46,DEL,GOI,AI,AI-861,2026-09-07,07:30,2026-09-05 20:15,2,T1(0-2),Economy Flexi,9593,1727,200,11520,MMT,Available,True,VALID,,,SINGLETON::OBS01398,False,,RETAINED_UNIQUE,True,
OBS01399,69e7fcc244f7,e293fc7d3662,DEL,GOI,AI,AI-861,2026-09-07,07:30,2026-09-05 20:15,2,T1(0-2),Economy Saver,5915,1065,150,7130,Goibibo,Available,True,VALID,,,SINGLETON::OBS01399,False,,RETAINED_UNIQUE,True,
OBS01400,bf79919bcbae,7e34f9c46ba2,DEL,GOI,AI,AI-861,2026-09-13,07:30,2026-09-05 20:15,8,T7(5-9),Economy Standard,6835,1230,150,8215,EaseMyTrip,Available,True,VALID,,,SINGLETON::OBS01400,False,,RETAINED_UNIQUE,True,
OBS01401,9882b99d7fc9,75965084ddf9,DEL,GOI,AI,AI-861,2026-09-21,07:30,2026-09-05 20:15,16,T15(12-18),Economy Flexi,7328,1319,180,8827,Cleartrip,Available,True,VALID,,,SINGLETON::OBS01401,False,,RETAINED_UNIQUE,True,
OBS01402,dddc5ba55903,381a914510fc,DEL,GOI,AI,AI-861,2026-09-21,07:30,2026-09-05 20:15,16,T15(12-18),Economy Saver,4753,855,180,5788,Goibibo,Available,True,VALID,,,SINGLETON::OBS01402,False,,RETAINED_UNIQUE,True,
OBS01403,37e4c3d134f6,381a914510fc,DEL,GOI,AI,AI-861,2026-09-21,07:30,2026-09-05 20:15,16,T15(12-18),Economy Saver,4540,817,180,5537,Cleartrip,Available,True,VALID,,,SINGLETON::OBS01403,False,,RETAINED_UNIQUE,True,
OBS01404,c354e7466d1a,6f78a794555c,DEL,GOI,AI,AI-861,2026-10-06,07:30,2026-09-05 20:15,31,T30(25-35),Economy Standard,5691,1024,150,6865,Goibibo,Available,True,VALID,,,SINGLETON::OBS01404,False,,RETAINED_UNIQUE,True,
OBS01405,114187184964,1f0da06893c5,DEL,GOI,AI,AI-861,2026-10-06,07:30,2026-09-05 20:15,31,T30(25-35),Economy Saver,4451,801,180,5432,AirlineSite,Available,True,VALID,,,SINGLETON::OBS01405,False,,RETAINED_UNIQUE,True,
OBS01406,37c9680849b3,7accfd79a6d4,DEL,GOI,AI,AI-861,2026-10-22,07:30,2026-09-05 20:15,47,T45(40-50),Economy Standard,5248,945,180,6373,EaseMyTrip,Available,True,VALID,,,SINGLETON::OBS01406,False,,RETAINED_UNIQUE,True,
OBS01407,54d6283264c8,7accfd79a6d4,DEL,GOI,AI,AI-861,2026-10-22,07:30,2026-09-05 20:15,47,T45(40-50),Economy Standard,5400,972,200,6572,AirlineSite,Available,True,VALID,,,SINGLETON::OBS01407,False,,RETAINED_UNIQUE,True,
OBS01408,03884bbfd622,c80cbb545c46,DEL,GOI,QP,QP-1510,2026-09-07,10:45,2026-09-05 20:15,2,T1(0-2),Economy Flexi,9535,1716,120,11371,AirlineSite,Available,True,VALID,,,SINGLETON::OBS01408,False,,RETAINED_UNIQUE,True,
OBS01409,633d1ac8a20f,3ba13766159e,DEL,GOI,QP,QP-1510,2026-09-13,10:45,2026-09-05 20:15,8,T7(5-9),Economy Saver,5699,1026,180,6905,MMT,Available,True,VALID,,,SINGLETON::OBS01409,False,,RETAINED_UNIQUE,True,
OBS01410,1304ca730f24,7e34f9c46ba2,DEL,GOI,QP,QP-1510,2026-09-13,10:45,2026-09-05 20:15,8,T7(5-9),Economy Standard,7270,1309,180,8759,EaseMyTrip,Available,True,VALID,,,SINGLETON::OBS01410,False,,RETAINED_UNIQUE,True,
OBS01411,db529b091661,7e34f9c46ba2,DEL,GOI,QP,QP-1510,2026-09-13,10:45,2026-09-05 20:15,8,T7(5-9),Economy Standard,6989,1258,200,8447,Cleartrip,Available,True,VALID,,,SINGLETON::OBS01411,False,,RETAINED_UNIQUE,True,
OBS01412,efc3633124dc,abe59d1566ac,DEL,GOI,QP,QP-1510,2026-09-21,10:45,2026-09-05 20:15,16,T15(12-18),Economy Standard,5767,1038,150,6955,Goibibo,Available,True,VALID,,,SINGLETON::OBS01412,False,,RETAINED_UNIQUE,True,
OBS01413,bdbe3bd658e3,75965084ddf9,DEL,GOI,QP,QP-1510,2026-09-21,10:45,2026-09-05 20:15,16,T15(12-18),Economy Flexi,7426,1337,120,8883,Goibibo,Available,True,VALID,,,SINGLETON::OBS01413,False,,RETAINED_UNIQUE,True,
OBS01414,404377ebb923,75965084ddf9,DEL,GOI,QP,QP-1510,2026-09-21,10:45,2026-09-05 20:15,16,T15(12-18),Economy Flexi,6991,1258,100,8349,MMT,Available,True,VALID,,,SINGLETON::OBS01414,False,,RETAINED_UNIQUE,True,
OBS01415,b034b5a7679a,6f78a794555c,DEL,GOI,QP,QP-1510,2026-10-06,10:45,2026-09-05 20:15,31,T30(25-35),Economy Standard,5391,970,150,6511,MMT,Available,True,VALID,,,SINGLETON::OBS01415,False,,RETAINED_UNIQUE,True,
OBS01416,b55ad67ec3b6,7accfd79a6d4,DEL,GOI,QP,QP-1510,2026-10-22,10:45,2026-09-05 20:15,47,T45(40-50),Economy Standard,5541,997,200,6738,AirlineSite,Available,True,VALID,,,SINGLETON::OBS01416,False,,RETAINED_UNIQUE,True,
OBS01417,17da8fdf9566,fa88ad321692,DEL,GAU,6E,6E-415,2026-09-07,05:30,2026-09-05 20:15,2,T1(0-2),Economy Standard,7912,1424,200,9536,Goibibo,Available,True,VALID,,,SINGLETON::OBS01417,False,,RETAINED_UNIQUE,True,
OBS01418,9ddc928f1d1f,fa88ad321692,DEL,GAU,6E,6E-415,2026-09-07,05:30,2026-09-05 20:15,2,T1(0-2),Economy Standard,7786,1401,200,9387,EaseMyTrip,Available,True,VALID,,,SINGLETON::OBS01418,False,,RETAINED_UNIQUE,True,
OBS01419,581146362513,39e3dc36b8e0,DEL,GAU,6E,6E-415,2026-09-07,05:30,2026-09-05 20:15,2,T1(0-2),Economy Saver,6450,1161,100,7711,AirlineSite,Available,True,VALID,,,SINGLETON::OBS01419,False,,RETAINED_UNIQUE,True,
OBS01420,80fc6a208dd1,c39724290d07,DEL,GAU,6E,6E-415,2026-09-13,05:30,2026-09-05 20:15,8,T7(5-9),Economy Standard,6764,1218,120,8102,Goibibo,Available,True,VALID,,,SINGLETON::OBS01420,False,,RETAINED_UNIQUE,True,
OBS01421,b7e16ecdefbd,c39724290d07,DEL,GAU,6E,6E-415,2026-09-13,05:30,2026-09-05 20:15,8,T7(5-9),Economy Standard,7130,1283,150,8563,EaseMyTrip,Available,True,VALID,,,SINGLETON::OBS01421,False,,RETAINED_UNIQUE,True,
OBS01422,7f373661047e,4041ae79d2f2,DEL,GAU,6E,6E-415,2026-09-13,05:30,2026-09-05 20:15,8,T7(5-9),Economy Flexi,8606,1549,150,10305,Goibibo,Available,True,VALID,,,SINGLETON::OBS01422,False,,RETAINED_UNIQUE,True,
OBS01423,193e7150a223,e13991b66163,DEL,GAU,6E,6E-415,2026-09-21,05:30,2026-09-05 20:15,16,T15(12-18),Economy Standard,5985,1077,120,7182,EaseMyTrip,Available,True,VALID,,,SINGLETON::OBS01423,False,,RETAINED_UNIQUE,True,
OBS01424,4b755103c277,e13991b66163,DEL,GAU,6E,6E-415,2026-09-21,05:30,2026-09-05 20:15,16,T15(12-18),Economy Standard,6003,1081,180,7264,Goibibo,Available,True,VALID,,,SINGLETON::OBS01424,False,,RETAINED_UNIQUE,True,
OBS01425,58e007dc4496,353429793ae5,DEL,GAU,6E,6E-415,2026-09-21,05:30,2026-09-05 20:15,16,T15(12-18),Economy Saver,4720,850,150,5720,Goibibo,Available,True,VALID,,,SINGLETON::OBS01425,False,,RETAINED_UNIQUE,True,
OBS01426,78ccff07966d,353429793ae5,DEL,GAU,6E,6E-415,2026-09-21,05:30,2026-09-05 20:15,16,T15(12-18),Economy Saver,4789,862,150,5801,EaseMyTrip,Available,True,VALID,,,SINGLETON::OBS01426,False,,RETAINED_UNIQUE,True,
OBS01427,6d929641dc27,20f8f0511284,DEL,GAU,6E,6E-415,2026-10-06,05:30,2026-09-05 20:15,31,T30(25-35),Economy Saver,4384,789,150,5323,MMT,Available,True,VALID,,,SINGLETON::OBS01427,False,,RETAINED_UNIQUE,True,
OBS01428,dda32de8f0cf,04c4fbd74e23,DEL,GAU,6E,6E-415,2026-10-06,05:30,2026-09-05 20:15,31,T30(25-35),Economy Flexi,6587,1186,180,7953,Cleartrip,Available,True,VALID,,,SINGLETON::OBS01428,False,,RETAINED_UNIQUE,True,
OBS01429,cdfd8d5f3599,c32ac85d61c7,DEL,GAU,6E,6E-415,2026-10-22,05:30,2026-09-05 20:15,47,T45(40-50),Economy Standard,5318,957,150,6425,AirlineSite,Available,True,VALID,,,SINGLETON::OBS01429,False,,RETAINED_UNIQUE,True,
OBS01430,0aa553175810,c32ac85d61c7,DEL,GAU,6E,6E-415,2026-10-22,05:30,2026-09-05 20:15,47,T45(40-50),Economy Standard,5504,991,100,6595,MMT,Available,True,VALID,,,SINGLETON::OBS01430,False,,RETAINED_UNIQUE,True,
OBS01431,f606db8643b8,dde24d3fbc12,DEL,GAU,6E,6E-415,2026-10-22,05:30,2026-09-05 20:15,47,T45(40-50),Economy Flexi,6448,1161,200,7809,AirlineSite,Available,True,VALID,,,SINGLETON::OBS01431,False,,RETAINED_UNIQUE,True,
OBS01432,5eb6f674e770,dde24d3fbc12,DEL,GAU,6E,6E-415,2026-10-22,05:30,2026-09-05 20:15,47,T45(40-50),Economy Flexi,6551,1179,180,7910,Cleartrip,Available,True,VALID,,,SINGLETON::OBS01432,False,,RETAINED_UNIQUE,True,
OBS01433,ac990e6abb24,37faa208bf70,DEL,GAU,AI,AI-791,2026-09-07,13:00,2026-09-05 20:15,2,T1(0-2),Economy Flexi,9750,1755,150,11655,AirlineSite,Available,True,VALID,,,SINGLETON::OBS01433,False,,RETAINED_UNIQUE,True,
OBS01434,8002f9a7b171,37faa208bf70,DEL,GAU,AI,AI-791,2026-09-07,13:00,2026-09-05 20:15,2,T1(0-2),Economy Flexi,9549,1719,180,11448,Goibibo,Available,True,VALID,,,SINGLETON::OBS01434,False,,RETAINED_UNIQUE,True,
OBS01435,0b9ab4abecff,fa88ad321692,DEL,GAU,AI,AI-791,2026-09-07,13:00,2026-09-05 20:15,2,T1(0-2),Economy Standard,8150,1467,100,9717,EaseMyTrip,Available,True,VALID,,,SINGLETON::OBS01435,False,,RETAINED_UNIQUE,True,
OBS01436,7c81416a8e39,fa88ad321692,DEL,GAU,AI,AI-791,2026-09-07,13:00,2026-09-05 20:15,2,T1(0-2),Economy Standard,8058,1450,120,9628,AirlineSite,Available,True,VALID,,,SINGLETON::OBS01436,False,,RETAINED_UNIQUE,True,
OBS01437,047dd96215a9,c39724290d07,DEL,GAU,AI,AI-791,2026-09-13,13:00,2026-09-05 20:15,8,T7(5-9),Economy Standard,6949,1251,180,8380,EaseMyTrip,Available,True,VALID,,,SINGLETON::OBS01437,False,,RETAINED_UNIQUE,True,
OBS01438,7281e770cf96,4041ae79d2f2,DEL,GAU,AI,AI-791,2026-09-13,13:00,2026-09-05 20:15,8,T7(5-9),Economy Flexi,8782,1581,100,10463,Goibibo,Available,True,VALID,,,SINGLETON::OBS01438,False,,RETAINED_UNIQUE,True,
OBS01439,8d26313e658a,e13991b66163,DEL,GAU,AI,AI-791,2026-09-21,13:00,2026-09-05 20:15,16,T15(12-18),Economy Standard,6294,1133,180,7607,AirlineSite,Available,True,VALID,,,SINGLETON::OBS01439,False,,RETAINED_UNIQUE,True,
OBS01440,40e44efee348,e13991b66163,DEL,GAU,AI,AI-791,2026-09-21,13:00,2026-09-05 20:15,16,T15(12-18),Economy Standard,6180,1112,200,7492,Cleartrip,Available,True,VALID,,,SINGLETON::OBS01440,False,,RETAINED_UNIQUE,True,
OBS01441,1b267711be06,04c4fbd74e23,DEL,GAU,AI,AI-791,2026-10-06,13:00,2026-09-05 20:15,31,T30(25-35),Economy Flexi,6558,1180,100,7838,EaseMyTrip,Available,True,VALID,,,SINGLETON::OBS01441,False,,RETAINED_UNIQUE,True,
OBS01442,6d19b0dbc189,c32ac85d61c7,DEL,GAU,AI,AI-791,2026-10-22,13:00,2026-09-05 20:15,47,T45(40-50),Economy Standard,5457,982,150,6589,AirlineSite,Available,True,VALID,,,SINGLETON::OBS01442,False,,RETAINED_UNIQUE,True,
OBS01443,bef9cf8c4ab3,c32ac85d61c7,DEL,GAU,AI,AI-791,2026-10-22,13:00,2026-09-05 20:15,47,T45(40-50),Economy Standard,5418,975,200,6593,Cleartrip,Available,True,VALID,,,SINGLETON::OBS01443,False,,RETAINED_UNIQUE,True,
OBS01444,cd7de1a9ffc1,47b0345a1f7e,DEL,GAU,AI,AI-791,2026-10-22,13:00,2026-09-05 20:15,47,T45(40-50),Economy Saver,4201,756,200,5157,MMT,Available,True,VALID,,,SINGLETON::OBS01444,False,,RETAINED_UNIQUE,True,
OBS01445,a4c20b3f43b1,47b0345a1f7e,DEL,GAU,AI,AI-791,2026-10-22,13:00,2026-09-05 20:15,47,T45(40-50),Economy Saver,4248,765,200,5213,Goibibo,Available,True,VALID,,,SINGLETON::OBS01445,False,,RETAINED_UNIQUE,True,
OBS01446,28905518dd5d,39e3dc36b8e0,DEL,GAU,SG,SG-601,2026-09-07,12:15,2026-09-05 20:15,2,T1(0-2),Economy Saver,6150,1107,180,7437,EaseMyTrip,Available,True,VALID,,,SINGLETON::OBS01446,False,,RETAINED_UNIQUE,True,
OBS01447,a47c661745a3,4041ae79d2f2,DEL,GAU,SG,SG-601,2026-09-13,12:15,2026-09-05 20:15,8,T7(5-9),Economy Flexi,8409,1514,180,10103,EaseMyTrip,Available,True,VALID,,,SINGLETON::OBS01447,False,,RETAINED_UNIQUE,True,
OBS01448,9ecec83ebf51,c39724290d07,DEL,GAU,SG,SG-601,2026-09-13,12:15,2026-09-05 20:15,8,T7(5-9),Economy Standard,6845,1232,150,8227,MMT,Available,True,VALID,,,SINGLETON::OBS01448,False,,RETAINED_UNIQUE,True,
OBS01449,e6b5c2bb477d,e13991b66163,DEL,GAU,SG,SG-601,2026-09-21,12:15,2026-09-05 20:15,16,T15(12-18),Economy Standard,6205,1117,150,7472,MMT,Available,True,VALID,,,SINGLETON::OBS01449,False,,RETAINED_UNIQUE,True,
OBS01450,0f58c3f97415,a7ef6fc4da36,DEL,GAU,SG,SG-601,2026-09-21,12:15,2026-09-05 20:15,16,T15(12-18),Economy Flexi,7468,1344,120,8932,MMT,Available,True,VALID,,,SINGLETON::OBS01450,False,,RETAINED_UNIQUE,True,
OBS01451,08430993af0f,a7ef6fc4da36,DEL,GAU,SG,SG-601,2026-09-21,12:15,2026-09-05 20:15,16,T15(12-18),Economy Flexi,7264,1308,100,8672,Cleartrip,Available,True,VALID,,,SINGLETON::OBS01451,False,,RETAINED_UNIQUE,True,
OBS01452,527e40808583,20f8f0511284,DEL,GAU,SG,SG-601,2026-10-06,12:15,2026-09-05 20:15,31,T30(25-35),Economy Saver,4367,786,150,5303,MMT,Available,True,VALID,,,SINGLETON::OBS01452,False,,RETAINED_UNIQUE,True,
OBS01453,26d4bb7ba229,c32ac85d61c7,DEL,GAU,SG,SG-601,2026-10-22,12:15,2026-09-05 20:15,47,T45(40-50),Economy Standard,5270,949,120,6339,AirlineSite,Available,True,VALID,,,SINGLETON::OBS01453,False,,RETAINED_UNIQUE,True,
OBS01454,16d65786f879,c32ac85d61c7,DEL,GAU,SG,SG-601,2026-10-22,12:15,2026-09-05 20:15,47,T45(40-50),Economy Standard,5200,936,150,6286,MMT,Available,True,VALID,,,SINGLETON::OBS01454,False,,RETAINED_UNIQUE,True,
OBS01455,5bbf8f96c6bd,dde24d3fbc12,DEL,GAU,SG,SG-601,2026-10-22,12:15,2026-09-05 20:15,47,T45(40-50),Economy Flexi,6972,1255,180,8407,AirlineSite,Available,True,VALID,,,SINGLETON::OBS01455,False,,RETAINED_UNIQUE,True,
OBS01456,a3b220cd3594,2b6da9de1f8f,BLR,COK,6E,6E-521,2026-09-07,21:30,2026-09-05 20:15,2,T1(0-2),Economy Saver,6213,1118,100,7431,Cleartrip,Available,True,VALID,,,SINGLETON::OBS01456,False,,RETAINED_UNIQUE,True,
OBS01457,66e76a218d97,d9b95a8f6d68,BLR,COK,6E,6E-521,2026-09-13,21:30,2026-09-05 20:15,8,T7(5-9),Economy Standard,6818,1227,200,8245,MMT,Available,True,VALID,,,SINGLETON::OBS01457,False,,RETAINED_UNIQUE,True,
OBS01458,1dd1e5664567,d9b95a8f6d68,BLR,COK,6E,6E-521,2026-09-13,21:30,2026-09-05 20:15,8,T7(5-9),Economy Standard,7394,1331,200,8925,EaseMyTrip,Available,True,VALID,,,SINGLETON::OBS01458,False,,RETAINED_UNIQUE,True,
OBS01459,e41c7cf8609f,b31e74ab89b6,BLR,COK,6E,6E-521,2026-09-13,21:30,2026-09-05 20:15,8,T7(5-9),Economy Saver,5372,967,100,6439,Goibibo,Available,True,VALID,,,SINGLETON::OBS01459,False,,RETAINED_UNIQUE,True,
OBS01460,74a7764db980,b31e74ab89b6,BLR,COK,6E,6E-521,2026-09-13,21:30,2026-09-05 20:15,8,T7(5-9),Economy Saver,5664,1019,150,6833,AirlineSite,Available,True,VALID,,,SINGLETON::OBS01460,False,,RETAINED_UNIQUE,True,
OBS01461,3113191259ae,3e191ddf2316,BLR,COK,6E,6E-521,2026-09-21,21:30,2026-09-05 20:15,16,T15(12-18),Economy Flexi,7128,1283,100,8511,Goibibo,Available,True,VALID,,,SINGLETON::OBS01461,False,,RETAINED_UNIQUE,True,
OBS01462,bfa5f6514428,a257e13fc693,BLR,COK,6E,6E-521,2026-09-21,21:30,2026-09-05 20:15,16,T15(12-18),Economy Standard,6279,1130,180,7589,MMT,Available,True,VALID,,,SINGLETON::OBS01462,False,,RETAINED_UNIQUE,True,
OBS01463,b0938e967f78,260e368686be,BLR,COK,6E,6E-521,2026-10-06,21:30,2026-09-05 20:15,31,T30(25-35),Economy Standard,5562,1001,100,6663,EaseMyTrip,Available,True,VALID,,,SINGLETON::OBS01463,False,,RETAINED_UNIQUE,True,
OBS01464,4761d89838c1,260e368686be,BLR,COK,6E,6E-521,2026-10-06,21:30,2026-09-05 20:15,31,T30(25-35),Economy Standard,5355,964,180,6499,Cleartrip,Available,True,VALID,,,SINGLETON::OBS01464,False,,RETAINED_UNIQUE,True,
OBS01465,86bc93023028,b61670541bdf,BLR,COK,6E,6E-521,2026-10-06,21:30,2026-09-05 20:15,31,T30(25-35),Economy Saver,4401,792,120,5313,MMT,Available,True,VALID,,,SINGLETON::OBS01465,False,,RETAINED_UNIQUE,True,
OBS01466,fe3efa5077ba,b61670541bdf,BLR,COK,6E,6E-521,2026-10-06,21:30,2026-09-05 20:15,31,T30(25-35),Economy Saver,4184,753,150,5087,Cleartrip,Available,True,VALID,,,SINGLETON::OBS01466,False,,RETAINED_UNIQUE,True,
OBS01467,a642632bff0e,1e1685095858,BLR,COK,6E,6E-521,2026-10-22,21:30,2026-09-05 20:15,47,T45(40-50),Economy Saver,4138,745,180,5063,MMT,Available,True,VALID,,,SINGLETON::OBS01467,False,,RETAINED_UNIQUE,True,
OBS01468,58770fea10e7,12c49ccd7325,BLR,COK,6E,6E-521,2026-10-22,21:30,2026-09-05 20:15,47,T45(40-50),Economy Flexi,6689,1204,120,8013,Cleartrip,Available,True,VALID,,,SINGLETON::OBS01468,False,,RETAINED_UNIQUE,True,
OBS01469,db53d008bdbd,12c49ccd7325,BLR,COK,6E,6E-521,2026-10-22,21:30,2026-09-05 20:15,47,T45(40-50),Economy Flexi,6902,1242,180,8324,AirlineSite,Available,True,VALID,,,SINGLETON::OBS01469,False,,RETAINED_UNIQUE,True,
OBS01470,ee433bb043f9,12a86d7c7ba3,BLR,COK,AI,AI-512,2026-09-07,11:45,2026-09-05 20:15,2,T1(0-2),Economy Standard,8250,1485,120,9855,Cleartrip,Available,True,VALID,,,SINGLETON::OBS01470,False,,RETAINED_UNIQUE,True,
OBS01471,50818d4af6a4,12a86d7c7ba3,BLR,COK,AI,AI-512,2026-09-07,11:45,2026-09-05 20:15,2,T1(0-2),Economy Standard,7750,1395,120,9265,AirlineSite,Available,True,VALID,,,SINGLETON::OBS01471,False,,RETAINED_UNIQUE,True,
OBS01472,7deb13766bb2,0843eb384bfd,BLR,COK,AI,AI-512,2026-09-13,11:45,2026-09-05 20:15,8,T7(5-9),Economy Flexi,8980,1616,180,10776,AirlineSite,Available,True,VALID,,,SINGLETON::OBS01472,False,,RETAINED_UNIQUE,True,
OBS01473,0245271a8698,0843eb384bfd,BLR,COK,AI,AI-512,2026-09-13,11:45,2026-09-05 20:15,8,T7(5-9),Economy Flexi,8641,1555,180,10376,Cleartrip,Available,True,VALID,,,SINGLETON::OBS01473,False,,RETAINED_UNIQUE,True,
OBS01474,1b459f116d62,d9b95a8f6d68,BLR,COK,AI,AI-512,2026-09-13,11:45,2026-09-05 20:15,8,T7(5-9),Economy Standard,7318,1317,150,8785,Goibibo,Available,True,VALID,,,SINGLETON::OBS01474,False,,RETAINED_UNIQUE,True,
OBS01475,33503d82ff08,d9b95a8f6d68,BLR,COK,AI,AI-512,2026-09-13,11:45,2026-09-05 20:15,8,T7(5-9),Economy Standard,7095,1277,150,8522,AirlineSite,Available,True,VALID,,,SINGLETON::OBS01475,False,,RETAINED_UNIQUE,True,
OBS01476,94f5d3c97fa3,3e191ddf2316,BLR,COK,AI,AI-512,2026-09-21,11:45,2026-09-05 20:15,16,T15(12-18),Economy Flexi,7435,1338,120,8893,AirlineSite,Available,True,VALID,,,SINGLETON::OBS01476,False,,RETAINED_UNIQUE,True,
OBS01477,a2ba0bb72ba1,3e191ddf2316,BLR,COK,AI,AI-512,2026-09-21,11:45,2026-09-05 20:15,16,T15(12-18),Economy Flexi,7427,1337,120,8884,EaseMyTrip,Available,True,VALID,,,SINGLETON::OBS01477,False,,RETAINED_UNIQUE,True,
OBS01478,28b17b458c99,a257e13fc693,BLR,COK,AI,AI-512,2026-09-21,11:45,2026-09-05 20:15,16,T15(12-18),Economy Standard,5821,1048,150,7019,Goibibo,Available,True,VALID,,,SINGLETON::OBS01478,False,,RETAINED_UNIQUE,True,
OBS01479,588497323aa3,f72a3f819bbe,BLR,COK,AI,AI-512,2026-10-06,11:45,2026-09-05 20:15,31,T30(25-35),Economy Flexi,6501,1170,120,7791,MMT,Available,True,VALID,,,SINGLETON::OBS01479,False,,RETAINED_UNIQUE,True,
OBS01480,8c10fb1453bd,b61670541bdf,BLR,COK,AI,AI-512,2026-10-06,11:45,2026-09-05 20:15,31,T30(25-35),Economy Saver,4233,762,120,5115,Cleartrip,Available,True,VALID,,,SINGLETON::OBS01480,False,,RETAINED_UNIQUE,True,
OBS01481,67d061fb1916,b61670541bdf,BLR,COK,AI,AI-512,2026-10-06,11:45,2026-09-05 20:15,31,T30(25-35),Economy Saver,4141,745,200,5086,Goibibo,Available,True,VALID,,,SINGLETON::OBS01481,False,,RETAINED_UNIQUE,True,
OBS01482,927c22db91fb,4bfeeef11904,BLR,COK,AI,AI-512,2026-10-22,11:45,2026-09-05 20:15,47,T45(40-50),Economy Standard,5383,969,180,6532,Goibibo,Available,True,VALID,,,SINGLETON::OBS01482,False,,RETAINED_UNIQUE,True,
OBS01483,f08014cdef38,1e1685095858,BLR,COK,AI,AI-512,2026-10-22,11:45,2026-09-05 20:15,47,T45(40-50),Economy Saver,4041,727,100,4868,EaseMyTrip,Available,True,VALID,,,SINGLETON::OBS01483,False,,RETAINED_UNIQUE,True,
OBS01484,0106acd0d0dc,1e1685095858,BLR,COK,AI,AI-512,2026-10-22,11:45,2026-09-05 20:15,47,T45(40-50),Economy Saver,4420,796,200,5416,MMT,Available,True,VALID,,,SINGLETON::OBS01484,False,,RETAINED_UNIQUE,True,
OBS01485,e6ef0e0b11f1,2b6da9de1f8f,BLR,COK,IX,IX-431,2026-09-07,19:30,2026-09-05 20:15,2,T1(0-2),Economy Saver,6273,1129,120,7522,MMT,Available,True,VALID,,,SINGLETON::OBS01485,False,,RETAINED_UNIQUE,True,
OBS01486,ac7e7ec4db26,2b6da9de1f8f,BLR,COK,IX,IX-431,2026-09-07,19:30,2026-09-05 20:15,2,T1(0-2),Economy Saver,5877,1058,200,7135,Cleartrip,Available,True,VALID,,,SINGLETON::OBS01486,False,,RETAINED_UNIQUE,True,
OBS01487,cd73f37bafd0,0843eb384bfd,BLR,COK,IX,IX-431,2026-09-13,19:30,2026-09-05 20:15,8,T7(5-9),Economy Flexi,9059,1631,120,10810,AirlineSite,Available,True,VALID,,,SINGLETON::OBS01487,False,,RETAINED_UNIQUE,True,
OBS01488,0d79f48062c0,d9b95a8f6d68,BLR,COK,IX,IX-431,2026-09-13,19:30,2026-09-05 20:15,8,T7(5-9),Economy Standard,7244,1304,180,8728,AirlineSite,Available,True,VALID,,,SINGLETON::OBS01488,False,,RETAINED_UNIQUE,True,
OBS01489,07468f379ea4,3e191ddf2316,BLR,COK,IX,IX-431,2026-09-21,19:30,2026-09-05 20:15,16,T15(12-18),Economy Flexi,7488,1348,120,8956,MMT,Available,True,VALID,,,SINGLETON::OBS01489,False,,RETAINED_UNIQUE,True,
OBS01490,13622f7e830f,a257e13fc693,BLR,COK,IX,IX-431,2026-09-21,19:30,2026-09-05 20:15,16,T15(12-18),Economy Standard,5929,1067,180,7176,Cleartrip,Available,True,VALID,,,SINGLETON::OBS01490,False,,RETAINED_UNIQUE,True,
OBS01491,f6d7f22544e6,a257e13fc693,BLR,COK,IX,IX-431,2026-09-21,19:30,2026-09-05 20:15,16,T15(12-18),Economy Standard,6211,1118,200,7529,Goibibo,Available,True,VALID,,,SINGLETON::OBS01491,False,,RETAINED_UNIQUE,True,
OBS01492,b95f357566d1,260e368686be,BLR,COK,IX,IX-431,2026-10-06,19:30,2026-09-05 20:15,31,T30(25-35),Economy Standard,5281,951,120,6352,Goibibo,Available,True,VALID,,,SINGLETON::OBS01492,False,,RETAINED_UNIQUE,True,
OBS01493,97d3a73c8d6c,4bfeeef11904,BLR,COK,IX,IX-431,2026-10-22,19:30,2026-09-05 20:15,47,T45(40-50),Economy Standard,5674,1021,150,6845,MMT,Available,True,VALID,,,SINGLETON::OBS01493,False,,RETAINED_UNIQUE,True,
OBS01494,1780cf859439,4bfeeef11904,BLR,COK,IX,IX-431,2026-10-22,19:30,2026-09-05 20:15,47,T45(40-50),Economy Standard,5499,990,180,6669,Goibibo,Available,True,VALID,,,SINGLETON::OBS01494,False,,RETAINED_UNIQUE,True,
OBS01495,e663a94e6973,59a3acf5af83,DEL,IDR,6E,6E-284,2026-09-07,20:30,2026-09-05 20:15,2,T1(0-2),Economy Saver,6440,1159,180,7779,MMT,Available,True,VALID,,,SINGLETON::OBS01495,False,,RETAINED_UNIQUE,True,
OBS01496,4a626aa8e0a9,59a3acf5af83,DEL,IDR,6E,6E-284,2026-09-07,20:30,2026-09-05 20:15,2,T1(0-2),Economy Saver,6265,1128,180,7573,Cleartrip,Available,True,VALID,,,SINGLETON::OBS01496,False,,RETAINED_UNIQUE,True,
OBS01497,905c420e84d7,f9851eeeb5fa,DEL,IDR,6E,6E-284,2026-09-13,20:30,2026-09-05 20:15,8,T7(5-9),Economy Flexi,8715,1569,100,10384,AirlineSite,Available,True,VALID,,,SINGLETON::OBS01497,False,,RETAINED_UNIQUE,True,
OBS01498,a42417164f0d,615a8c996c31,DEL,IDR,6E,6E-284,2026-09-13,20:30,2026-09-05 20:15,8,T7(5-9),Economy Standard,7377,1328,200,8905,MMT,Available,True,VALID,,,SINGLETON::OBS01498,False,,RETAINED_UNIQUE,True,
OBS01499,bec6ac575d5d,615a8c996c31,DEL,IDR,6E,6E-284,2026-09-13,20:30,2026-09-05 20:15,8,T7(5-9),Economy Standard,7399,1332,200,8931,Goibibo,Available,True,VALID,,,SINGLETON::OBS01499,False,,RETAINED_UNIQUE,True,
OBS01500,79b16aa5a8e4,731368c6b934,DEL,IDR,6E,6E-284,2026-09-21,20:30,2026-09-05 20:15,16,T15(12-18),Economy Saver,4575,823,180,5578,EaseMyTrip,Available,True,VALID,,,SINGLETON::OBS01500,False,,RETAINED_UNIQUE,True,
OBS01501,7de95ce7fb79,731368c6b934,DEL,IDR,6E,6E-284,2026-09-21,20:30,2026-09-05 20:15,16,T15(12-18),Economy Saver,4745,854,120,5719,Goibibo,Available,True,VALID,,,SINGLETON::OBS01501,False,,RETAINED_UNIQUE,True,
OBS01502,bf2c7f366a27,fc24873a51eb,DEL,IDR,6E,6E-284,2026-10-06,20:30,2026-09-05 20:15,31,T30(25-35),Economy Flexi,6448,1161,180,7789,Cleartrip,Available,True,VALID,,,SINGLETON::OBS01502,False,,RETAINED_UNIQUE,True,
OBS01503,75810887fb65,5872d5a74b16,DEL,IDR,6E,6E-284,2026-10-22,20:30,2026-09-05 20:15,47,T45(40-50),Economy Standard,5568,1002,180,6750,Cleartrip,Available,True,VALID,,,SINGLETON::OBS01503,False,,RETAINED_UNIQUE,True,
OBS01504,1c3f9f4ea7b8,99c1af3069c3,DEL,IDR,6E,6E-284,2026-10-22,20:30,2026-09-05 20:15,47,T45(40-50),Economy Saver,4081,735,100,4916,Cleartrip,Available,True,VALID,,,SINGLETON::OBS01504,False,,RETAINED_UNIQUE,True,
OBS01505,84e3edecfd63,9d37ef07173b,DEL,IDR,AI,AI-635,2026-09-07,16:30,2026-09-05 20:15,2,T1(0-2),Economy Standard,7738,1393,150,9281,Cleartrip,Available,True,VALID,,,SINGLETON::OBS01505,False,,RETAINED_UNIQUE,True,
OBS01506,108fb7cffef5,9d37ef07173b,DEL,IDR,AI,AI-635,2026-09-07,16:30,2026-09-05 20:15,2,T1(0-2),Economy Standard,7997,1439,150,9586,Goibibo,Available,True,VALID,,,SINGLETON::OBS01506,False,,RETAINED_UNIQUE,True,
OBS01507,86e21390f7a1,615a8c996c31,DEL,IDR,AI,AI-635,2026-09-13,16:30,2026-09-05 20:15,8,T7(5-9),Economy Standard,7129,1283,180,8592,Goibibo,Available,True,VALID,,,SINGLETON::OBS01507,False,,RETAINED_UNIQUE,True,
OBS01508,9500f005e262,615a8c996c31,DEL,IDR,AI,AI-635,2026-09-13,16:30,2026-09-05 20:15,8,T7(5-9),Economy Standard,6777,1220,120,8117,MMT,Available,True,VALID,,,SINGLETON::OBS01508,False,,RETAINED_UNIQUE,True,
OBS01509,055febe87bb4,b2029b11641d,DEL,IDR,AI,AI-635,2026-09-13,16:30,2026-09-05 20:15,8,T7(5-9),Economy Saver,5342,961,180,6483,MMT,Available,True,VALID,,,SINGLETON::OBS01509,False,,RETAINED_UNIQUE,True,
OBS01510,7d9aac63fb15,731368c6b934,DEL,IDR,AI,AI-635,2026-09-21,16:30,2026-09-05 20:15,16,T15(12-18),Economy Saver,4454,802,150,5406,AirlineSite,Available,True,VALID,,,SINGLETON::OBS01510,False,,RETAINED_UNIQUE,True,
OBS01511,97f2e8288197,731368c6b934,DEL,IDR,AI,AI-635,2026-09-21,16:30,2026-09-05 20:15,16,T15(12-18),Economy Saver,4892,881,200,5973,Goibibo,Available,True,VALID,,,SINGLETON::OBS01511,False,,RETAINED_UNIQUE,True,
OBS01512,e0c4a0b500b8,1ad82d35d489,DEL,IDR,AI,AI-635,2026-09-21,16:30,2026-09-05 20:15,16,T15(12-18),Economy Standard,5769,1038,120,6927,Goibibo,Available,True,VALID,,,SINGLETON::OBS01512,False,,RETAINED_UNIQUE,True,
OBS01513,2486ca008ead,1ad82d35d489,DEL,IDR,AI,AI-635,2026-09-21,16:30,2026-09-05 20:15,16,T15(12-18),Economy Standard,5776,1040,100,6916,EaseMyTrip,Available,True,VALID,,,SINGLETON::OBS01513,False,,RETAINED_UNIQUE,True,
OBS01514,ca4c91da7196,1b4e5a1ec847,DEL,IDR,AI,AI-635,2026-10-06,16:30,2026-09-05 20:15,31,T30(25-35),Economy Standard,5589,1006,150,6745,MMT,Available,True,VALID,,,SINGLETON::OBS01514,False,,RETAINED_UNIQUE,True,
OBS01515,8875f6301959,4b4406916997,DEL,IDR,AI,AI-635,2026-10-22,16:30,2026-09-05 20:15,47,T45(40-50),Economy Flexi,6842,1232,120,8194,EaseMyTrip,Available,True,VALID,,,SINGLETON::OBS01515,False,,RETAINED_UNIQUE,True,
OBS01516,ffc17297e2cf,59a3acf5af83,DEL,IDR,IX,IX-221,2026-09-07,11:45,2026-09-05 20:15,2,T1(0-2),Economy Saver,5862,1055,100,7017,AirlineSite,Available,True,VALID,,,SINGLETON::OBS01516,False,,RETAINED_UNIQUE,True,
OBS01517,6368bb72bdfb,59a3acf5af83,DEL,IDR,IX,IX-221,2026-09-07,11:45,2026-09-05 20:15,2,T1(0-2),Economy Saver,6086,1096,200,7382,Cleartrip,Available,True,VALID,,,SINGLETON::OBS01517,False,,RETAINED_UNIQUE,True,
OBS01518,8b32188ff525,c9e9c3d33416,DEL,IDR,IX,IX-221,2026-09-07,11:45,2026-09-05 20:15,2,T1(0-2),Economy Flexi,9334,1680,100,11114,Cleartrip,Available,True,VALID,,,SINGLETON::OBS01518,False,,RETAINED_UNIQUE,True,
OBS01519,f1953ac28745,f9851eeeb5fa,DEL,IDR,IX,IX-221,2026-09-13,11:45,2026-09-05 20:15,8,T7(5-9),Economy Flexi,8519,1534,100,10153,Cleartrip,Available,True,VALID,,,SINGLETON::OBS01519,False,,RETAINED_UNIQUE,True,
OBS01520,670b9a92dabb,f9851eeeb5fa,DEL,IDR,IX,IX-221,2026-09-13,11:45,2026-09-05 20:15,8,T7(5-9),Economy Flexi,8800,1584,180,10564,AirlineSite,Available,True,VALID,,,SINGLETON::OBS01520,False,,RETAINED_UNIQUE,True,
OBS01521,6de861e6cb1e,615a8c996c31,DEL,IDR,IX,IX-221,2026-09-13,11:45,2026-09-05 20:15,8,T7(5-9),Economy Standard,6888,1240,100,8228,EaseMyTrip,Available,True,VALID,,,SINGLETON::OBS01521,False,,RETAINED_UNIQUE,True,
OBS01522,7f346bd82132,615a8c996c31,DEL,IDR,IX,IX-221,2026-09-13,11:45,2026-09-05 20:15,8,T7(5-9),Economy Standard,7302,1314,150,8766,MMT,Available,True,VALID,,,SINGLETON::OBS01522,False,,RETAINED_UNIQUE,True,
OBS01523,6ea4b66c5787,731368c6b934,DEL,IDR,IX,IX-221,2026-09-21,11:45,2026-09-05 20:15,16,T15(12-18),Economy Saver,4553,820,120,5493,AirlineSite,Available,True,VALID,,,SINGLETON::OBS01523,False,,RETAINED_UNIQUE,True,
OBS01524,860d162913f4,731368c6b934,DEL,IDR,IX,IX-221,2026-09-21,11:45,2026-09-05 20:15,16,T15(12-18),Economy Saver,4881,879,180,5940,Goibibo,Available,True,VALID,,,SINGLETON::OBS01524,False,,RETAINED_UNIQUE,True,
OBS01525,e7007e51cd48,ea8fe78033cd,DEL,IDR,IX,IX-221,2026-09-21,11:45,2026-09-05 20:15,16,T15(12-18),Economy Flexi,7588,1366,120,9074,AirlineSite,Available,True,VALID,,,SINGLETON::OBS01525,False,,RETAINED_UNIQUE,True,
OBS01526,4b3dfca5440c,1b4e5a1ec847,DEL,IDR,IX,IX-221,2026-10-06,11:45,2026-09-05 20:15,31,T30(25-35),Economy Standard,5345,962,180,6487,AirlineSite,Available,True,VALID,,,SINGLETON::OBS01526,False,,RETAINED_UNIQUE,True,
OBS01527,74e95de75780,fc24873a51eb,DEL,IDR,IX,IX-221,2026-10-06,11:45,2026-09-05 20:15,31,T30(25-35),Economy Flexi,6573,1183,100,7856,EaseMyTrip,Available,True,VALID,,,SINGLETON::OBS01527,False,,RETAINED_UNIQUE,True,
OBS01528,60591b17ef74,fc24873a51eb,DEL,IDR,IX,IX-221,2026-10-06,11:45,2026-09-05 20:15,31,T30(25-35),Economy Flexi,6885,1239,200,8324,MMT,Available,True,VALID,,,SINGLETON::OBS01528,False,,RETAINED_UNIQUE,True,
OBS01529,4715de706888,5872d5a74b16,DEL,IDR,IX,IX-221,2026-10-22,11:45,2026-09-05 20:15,47,T45(40-50),Economy Standard,5329,959,200,6488,Goibibo,Available,True,VALID,,,SINGLETON::OBS01529,False,,RETAINED_UNIQUE,True,
OBS01530,5d5fdc5ddf5f,5872d5a74b16,DEL,IDR,IX,IX-221,2026-10-22,11:45,2026-09-05 20:15,47,T45(40-50),Economy Standard,5412,974,180,6566,EaseMyTrip,Available,True,VALID,,,SINGLETON::OBS01530,False,,RETAINED_UNIQUE,True,
OBS01531,5c610dde1a42,ff6869a5fa7a,BOM,DEL,6E,6E-2341,2026-09-07,08:00,2026-09-06 09:00,1,T1(0-2),Economy Flexi,9385,1689,150,11224,Goibibo,Available,True,VALID,,,SINGLETON::OBS01531,False,,RETAINED_UNIQUE,True,
OBS01532,5905741bd6eb,ff6869a5fa7a,BOM,DEL,6E,6E-2341,2026-09-07,08:00,2026-09-06 09:00,1,T1(0-2),Economy Flexi,10293,1853,120,12266,AirlineSite,Available,True,VALID,,,SINGLETON::OBS01532,False,,RETAINED_UNIQUE,True,
OBS01533,5e8ea8276b7c,a2655fd02851,BOM,DEL,6E,6E-2341,2026-09-07,08:00,2026-09-06 09:00,1,T1(0-2),Economy Saver,6274,1129,200,7603,Goibibo,Available,True,VALID,,,SINGLETON::OBS01533,False,,RETAINED_UNIQUE,True,
OBS01534,100dc89fa9b0,5ef6cb68b433,BOM,DEL,6E,6E-2341,2026-09-13,08:00,2026-09-06 09:00,7,T7(5-9),Economy Standard,7518,1353,180,9051,Goibibo,Available,True,VALID,,,SINGLETON::OBS01534,False,,RETAINED_UNIQUE,True,
OBS01535,6f092ef2ecc0,5ef6cb68b433,BOM,DEL,6E,6E-2341,2026-09-13,08:00,2026-09-06 09:00,7,T7(5-9),Economy Standard,7084,1275,120,8479,AirlineSite,Available,True,VALID,,,SINGLETON::OBS01535,False,,RETAINED_UNIQUE,True,
OBS01536,7c565f127f18,3f84138c4009,BOM,DEL,6E,6E-2341,2026-09-21,08:00,2026-09-06 09:00,15,T15(12-18),Economy Saver,4796,863,100,5759,EaseMyTrip,Available,True,VALID,,,SINGLETON::OBS01536,False,,RETAINED_UNIQUE,True,
OBS01537,e1d274ed736a,3f84138c4009,BOM,DEL,6E,6E-2341,2026-09-21,08:00,2026-09-06 09:00,15,T15(12-18),Economy Saver,4779,860,200,5839,AirlineSite,Available,True,VALID,,,SINGLETON::OBS01537,False,,RETAINED_UNIQUE,True,
OBS01538,ef78a0647c0b,aed9f9810eed,BOM,DEL,6E,6E-2341,2026-09-21,08:00,2026-09-06 09:00,15,T15(12-18),Economy Standard,6114,1101,200,7415,Goibibo,Available,True,VALID,,,SINGLETON::OBS01538,False,,RETAINED_UNIQUE,True,
OBS01539,37e7f5f2193d,aed9f9810eed,BOM,DEL,6E,6E-2341,2026-09-21,08:00,2026-09-06 09:00,15,T15(12-18),Economy Standard,6326,1139,150,7615,AirlineSite,Available,True,VALID,,,SINGLETON::OBS01539,False,,RETAINED_UNIQUE,True,
OBS01540,3045f250d1d9,c486b2c50264,BOM,DEL,6E,6E-2341,2026-10-06,08:00,2026-09-06 09:00,30,T30(25-35),Economy Flexi,6825,1228,180,8233,AirlineSite,Available,True,VALID,,,SINGLETON::OBS01540,False,,RETAINED_UNIQUE,True,
OBS01541,842b7115fef1,312dbe0b5497,BOM,DEL,6E,6E-2341,2026-10-06,08:00,2026-09-06 09:00,30,T30(25-35),Economy Saver,4386,789,100,5275,MMT,Available,True,VALID,,,SINGLETON::OBS01541,False,,RETAINED_UNIQUE,True,
OBS01542,c57409feef75,946fda38816a,BOM,DEL,6E,6E-2341,2026-10-22,08:00,2026-09-06 09:00,46,T45(40-50),Economy Standard,5593,1007,180,6780,Cleartrip,Available,True,VALID,,,SINGLETON::OBS01542,False,,RETAINED_UNIQUE,True,
OBS01543,c35428f5e38e,946fda38816a,BOM,DEL,6E,6E-2341,2026-10-22,08:00,2026-09-06 09:00,46,T45(40-50),Economy Standard,5521,994,150,6665,Goibibo,Available,True,VALID,,,SINGLETON::OBS01543,False,,RETAINED_UNIQUE,True,
OBS01544,3aebebb8def0,a2655fd02851,BOM,DEL,AI,AI-865,2026-09-07,16:15,2026-09-06 09:00,1,T1(0-2),Economy Saver,6410,1154,200,7764,AirlineSite,Available,True,VALID,,,SINGLETON::OBS01544,False,,RETAINED_UNIQUE,True,
OBS01545,9f4b289444f7,ff6869a5fa7a,BOM,DEL,AI,AI-865,2026-09-07,16:15,2026-09-06 09:00,1,T1(0-2),Economy Flexi,9866,1776,100,11742,AirlineSite,Available,True,VALID,,,SINGLETON::OBS01545,False,,RETAINED_UNIQUE,True,
OBS01546,de4e62cf8d34,ff6869a5fa7a,BOM,DEL,AI,AI-865,2026-09-07,16:15,2026-09-06 09:00,1,T1(0-2),Economy Flexi,9730,1751,100,11581,Goibibo,Available,True,VALID,,,SINGLETON::OBS01546,False,,RETAINED_UNIQUE,True,
OBS01547,33ea4bac05ba,4f7bbed1f7d3,BOM,DEL,AI,AI-865,2026-09-13,16:15,2026-09-06 09:00,7,T7(5-9),Economy Flexi,9155,1648,200,11003,Goibibo,Available,True,VALID,,,SINGLETON::OBS01547,False,,RETAINED_UNIQUE,True,
OBS01548,c37f1b94018f,4f7bbed1f7d3,BOM,DEL,AI,AI-865,2026-09-13,16:15,2026-09-06 09:00,7,T7(5-9),Economy Flexi,9030,1625,150,10805,EaseMyTrip,Available,True,VALID,,,SINGLETON::OBS01548,False,,RETAINED_UNIQUE,True,
OBS01549,a5dbbfe550f8,9f15c8f3920d,BOM,DEL,AI,AI-865,2026-09-21,16:15,2026-09-06 09:00,15,T15(12-18),Economy Flexi,7228,1301,120,8649,AirlineSite,Available,True,VALID,,,SINGLETON::OBS01549,False,,RETAINED_UNIQUE,True,
OBS01550,0b42d3076feb,9f15c8f3920d,BOM,DEL,AI,AI-865,2026-09-21,16:15,2026-09-06 09:00,15,T15(12-18),Economy Flexi,7211,1298,100,8609,MMT,Available,True,VALID,,,SINGLETON::OBS01550,False,,RETAINED_UNIQUE,True,
OBS01551,77a3a32fdf47,aed9f9810eed,BOM,DEL,AI,AI-865,2026-09-21,16:15,2026-09-06 09:00,15,T15(12-18),Economy Standard,5959,1073,120,7152,AirlineSite,Available,True,VALID,,,SINGLETON::OBS01551,False,,RETAINED_UNIQUE,True,
OBS01552,dd40abf5512c,db17d6d495a3,BOM,DEL,AI,AI-865,2026-10-06,16:15,2026-09-06 09:00,30,T30(25-35),Economy Standard,5346,962,180,6488,AirlineSite,Available,True,VALID,,,SINGLETON::OBS01552,False,,RETAINED_UNIQUE,True,
OBS01553,4e6a1fddeab7,946fda38816a,BOM,DEL,AI,AI-865,2026-10-22,16:15,2026-09-06 09:00,46,T45(40-50),Economy Standard,5274,949,120,6343,AirlineSite,Available,True,VALID,,,SINGLETON::OBS01553,False,,RETAINED_UNIQUE,True,
OBS01554,8c6d5759b25f,946fda38816a,BOM,DEL,AI,AI-865,2026-10-22,16:15,2026-09-06 09:00,46,T45(40-50),Economy Standard,5583,1005,180,6768,EaseMyTrip,Available,True,VALID,,,SINGLETON::OBS01554,False,,RETAINED_UNIQUE,True,
OBS01555,e076951d99d4,8c0fb03401c5,BOM,DEL,QP,QP-1123,2026-09-07,18:45,2026-09-06 09:00,1,T1(0-2),Economy Standard,7807,1405,200,9412,EaseMyTrip,Available,True,VALID,,,SINGLETON::OBS01555,False,,RETAINED_UNIQUE,True,
OBS01556,af34811f4f72,8c0fb03401c5,BOM,DEL,QP,QP-1123,2026-09-07,18:45,2026-09-06 09:00,1,T1(0-2),Economy Standard,8307,1495,180,9982,MMT,Available,True,VALID,,,SINGLETON::OBS01556,False,,RETAINED_UNIQUE,True,
OBS01557,737f8446daf5,a2655fd02851,BOM,DEL,QP,QP-1123,2026-09-07,18:45,2026-09-06 09:00,1,T1(0-2),Economy Saver,5952,1071,180,7203,Cleartrip,Available,True,VALID,,,SINGLETON::OBS01557,False,,RETAINED_UNIQUE,True,
OBS01558,98a4d383945e,5ef6cb68b433,BOM,DEL,QP,QP-1123,2026-09-13,18:45,2026-09-06 09:00,7,T7(5-9),Economy Standard,7155,1288,200,8643,Goibibo,Available,True,VALID,,,SINGLETON::OBS01558,False,,RETAINED_UNIQUE,True,
OBS01559,1fe0bf836dd4,4f7bbed1f7d3,BOM,DEL,QP,QP-1123,2026-09-13,18:45,2026-09-06 09:00,7,T7(5-9),Economy Flexi,8857,1594,180,10631,MMT,Available,True,VALID,,,SINGLETON::OBS01559,False,,RETAINED_UNIQUE,True,
OBS01560,3e88d9137ec7,4f7bbed1f7d3,BOM,DEL,QP,QP-1123,2026-09-13,18:45,2026-09-06 09:00,7,T7(5-9),Economy Flexi,8899,1602,200,10701,AirlineSite,Available,True,VALID,,,SINGLETON::OBS01560,False,,RETAINED_UNIQUE,True,
OBS01561,9b94ec9dc879,aed9f9810eed,BOM,DEL,QP,QP-1123,2026-09-21,18:45,2026-09-06 09:00,15,T15(12-18),Economy Standard,6133,1104,150,7387,Goibibo,Available,True,VALID,,,SINGLETON::OBS01561,False,,RETAINED_UNIQUE,True,
OBS01562,3be48c7bb02e,aed9f9810eed,BOM,DEL,QP,QP-1123,2026-09-21,18:45,2026-09-06 09:00,15,T15(12-18),Economy Standard,6104,1099,180,7383,AirlineSite,Available,True,VALID,,,SINGLETON::OBS01562,False,,RETAINED_UNIQUE,True,
OBS01563,193d575055e0,312dbe0b5497,BOM,DEL,QP,QP-1123,2026-10-06,18:45,2026-09-06 09:00,30,T30(25-35),Economy Saver,4176,752,120,5048,MMT,Available,True,VALID,,,SINGLETON::OBS01563,False,,RETAINED_UNIQUE,True,
OBS01564,a412f48c725f,312dbe0b5497,BOM,DEL,QP,QP-1123,2026-10-06,18:45,2026-09-06 09:00,30,T30(25-35),Economy Saver,4245,764,200,5209,Goibibo,Available,True,VALID,,,SINGLETON::OBS01564,False,,RETAINED_UNIQUE,True,
OBS01565,7e406311a935,2e9daa0e056f,BOM,DEL,QP,QP-1123,2026-10-22,18:45,2026-09-06 09:00,46,T45(40-50),Economy Flexi,6813,1226,180,8219,Cleartrip,Available,True,VALID,,,SINGLETON::OBS01565,False,,RETAINED_UNIQUE,True,
OBS01566,f3f58861c8bc,946fda38816a,BOM,DEL,QP,QP-1123,2026-10-22,18:45,2026-09-06 09:00,46,T45(40-50),Economy Standard,5616,1011,120,6747,Cleartrip,Available,True,VALID,,,SINGLETON::OBS01566,False,,RETAINED_UNIQUE,True,
OBS01567,4862c54b89ac,946fda38816a,BOM,DEL,QP,QP-1123,2026-10-22,18:45,2026-09-06 09:00,46,T45(40-50),Economy Standard,5520,994,150,6664,Goibibo,Available,True,VALID,,,SINGLETON::OBS01567,False,,RETAINED_UNIQUE,True,
OBS01568,be6da3a4b615,722a18223014,BLR,DEL,6E,6E-5011,2026-09-07,13:45,2026-09-06 09:00,1,T1(0-2),Economy Flexi,9540,1717,200,11457,MMT,Available,True,VALID,,,SINGLETON::OBS01568,False,,RETAINED_UNIQUE,True,
OBS01569,c0e12f0ea2c0,722a18223014,BLR,DEL,6E,6E-5011,2026-09-07,13:45,2026-09-06 09:00,1,T1(0-2),Economy Flexi,9825,1768,180,11773,EaseMyTrip,Available,True,VALID,,,SINGLETON::OBS01569,False,,RETAINED_UNIQUE,True,
OBS01570,de9078b1715c,07d6636181ef,BLR,DEL,6E,6E-5011,2026-09-13,13:45,2026-09-06 09:00,7,T7(5-9),Economy Standard,6902,1242,100,8244,EaseMyTrip,Available,True,VALID,,,SINGLETON::OBS01570,False,,RETAINED_UNIQUE,True,
OBS01571,ec6b1d8b76ff,c01f5270b3d8,BLR,DEL,6E,6E-5011,2026-09-13,13:45,2026-09-06 09:00,7,T7(5-9),Economy Saver,5719,1029,120,6868,Cleartrip,Available,True,VALID,,,SINGLETON::OBS01571,False,,RETAINED_UNIQUE,True,
OBS01572,a3d7ffca015e,c01f5270b3d8,BLR,DEL,6E,6E-5011,2026-09-13,13:45,2026-09-06 09:00,7,T7(5-9),Economy Saver,5803,1045,200,7048,EaseMyTrip,Available,True,VALID,,,SINGLETON::OBS01572,False,,RETAINED_UNIQUE,True,
OBS01573,614b7bb701d2,e9016f4c5dda,BLR,DEL,6E,6E-5011,2026-09-21,13:45,2026-09-06 09:00,15,T15(12-18),Economy Saver,4828,869,100,5797,Goibibo,Available,True,VALID,,,SINGLETON::OBS01573,False,,RETAINED_UNIQUE,True,
OBS01574,1dfb8db1a7fb,e9016f4c5dda,BLR,DEL,6E,6E-5011,2026-09-21,13:45,2026-09-06 09:00,15,T15(12-18),Economy Saver,4802,864,180,5846,AirlineSite,Available,True,VALID,,,SINGLETON::OBS01574,False,,RETAINED_UNIQUE,True,
OBS01575,7a73a218865f,bad1720ebf2f,BLR,DEL,6E,6E-5011,2026-10-06,13:45,2026-09-06 09:00,30,T30(25-35),Economy Standard,5328,959,120,6407,EaseMyTrip,Available,True,VALID,,,SINGLETON::OBS01575,False,,RETAINED_UNIQUE,True,
OBS01576,11ea389d2c07,ba0de94a3dda,BLR,DEL,6E,6E-5011,2026-10-06,13:45,2026-09-06 09:00,30,T30(25-35),Economy Flexi,6948,1251,180,8379,AirlineSite,Available,True,VALID,,,SINGLETON::OBS01576,False,,RETAINED_UNIQUE,True,
OBS01577,313bd0130ec0,68a92c115f71,BLR,DEL,6E,6E-5011,2026-10-22,13:45,2026-09-06 09:00,46,T45(40-50),Economy Saver,4050,729,100,4879,EaseMyTrip,Available,True,VALID,,,SINGLETON::OBS01577,False,,RETAINED_UNIQUE,True,
OBS01578,ec14c70c6a44,4073ebc581a9,BLR,DEL,6E,6E-5011,2026-10-22,13:45,2026-09-06 09:00,46,T45(40-50),Economy Flexi,6911,1244,150,8305,AirlineSite,Available,True,VALID,,,SINGLETON::OBS01578,False,,RETAINED_UNIQUE,True,
OBS01579,0196ddf353ea,722a18223014,BLR,DEL,AI,AI-503,2026-09-07,19:15,2026-09-06 09:00,1,T1(0-2),Economy Flexi,10059,1811,100,11970,Goibibo,Available,True,VALID,,,SINGLETON::OBS01579,False,,RETAINED_UNIQUE,True,
OBS01580,2a9f8e49186b,722a18223014,BLR,DEL,AI,AI-503,2026-09-07,19:15,2026-09-06 09:00,1,T1(0-2),Economy Flexi,9496,1709,150,11355,EaseMyTrip,Available,True,VALID,,,SINGLETON::OBS01580,False,,RETAINED_UNIQUE,True,
OBS01581,ae1d20116b97,c01f5270b3d8,BLR,DEL,AI,AI-503,2026-09-13,19:15,2026-09-06 09:00,7,T7(5-9),Economy Saver,5882,1059,100,7041,Goibibo,Available,True,VALID,,,SINGLETON::OBS01581,False,,RETAINED_UNIQUE,True,
OBS01582,be7e7f3d5fbd,dc430b25a5ca,BLR,DEL,AI,AI-503,2026-09-13,19:15,2026-09-06 09:00,7,T7(5-9),Economy Flexi,8694,1565,200,10459,Goibibo,Available,True,VALID,,,SINGLETON::OBS01582,False,,RETAINED_UNIQUE,True,
OBS01583,d03fd8753140,e9016f4c5dda,BLR,DEL,AI,AI-503,2026-09-21,19:15,2026-09-06 09:00,15,T15(12-18),Economy Saver,4706,847,120,5673,Cleartrip,Available,True,VALID,,,SINGLETON::OBS01583,False,,RETAINED_UNIQUE,True,
OBS01584,1a6ee75c80e9,e9016f4c5dda,BLR,DEL,AI,AI-503,2026-09-21,19:15,2026-09-06 09:00,15,T15(12-18),Economy Saver,4608,829,200,5637,Goibibo,Available,True,VALID,,,SINGLETON::OBS01584,False,,RETAINED_UNIQUE,True,
OBS01585,975b48698184,4755462a0777,BLR,DEL,AI,AI-503,2026-10-06,19:15,2026-09-06 09:00,30,T30(25-35),Economy Saver,4409,794,200,5403,Goibibo,Available,True,VALID,,,SINGLETON::OBS01585,False,,RETAINED_UNIQUE,True,
OBS01586,dd7f19a2c4c4,4755462a0777,BLR,DEL,AI,AI-503,2026-10-06,19:15,2026-09-06 09:00,30,T30(25-35),Economy Saver,4366,786,150,5302,EaseMyTrip,Available,True,VALID,,,SINGLETON::OBS01586,False,,RETAINED_UNIQUE,True,
OBS01587,693fe7fb9545,ba0de94a3dda,BLR,DEL,AI,AI-503,2026-10-06,19:15,2026-09-06 09:00,30,T30(25-35),Economy Flexi,6432,1158,100,7690,Goibibo,Available,True,VALID,,,SINGLETON::OBS01587,False,,RETAINED_UNIQUE,True,
OBS01588,7e37848dc403,68a92c115f71,BLR,DEL,AI,AI-503,2026-10-22,19:15,2026-09-06 09:00,46,T45(40-50),Economy Saver,4444,800,120,5364,Cleartrip,Available,True,VALID,,,SINGLETON::OBS01588,False,,RETAINED_UNIQUE,True,
OBS01589,7a8c5b6296eb,68a92c115f71,BLR,DEL,AI,AI-503,2026-10-22,19:15,2026-09-06 09:00,46,T45(40-50),Economy Saver,4214,759,180,5153,Goibibo,Available,True,VALID,,,SINGLETON::OBS01589,False,,RETAINED_UNIQUE,True,
OBS01590,1b09aa9b719e,722a18223014,BLR,DEL,IX,IX-782,2026-09-07,09:30,2026-09-06 09:00,1,T1(0-2),Economy Flexi,9402,1692,200,11294,EaseMyTrip,Available,True,VALID,,,SINGLETON::OBS01590,False,,RETAINED_UNIQUE,True,
OBS01591,718672ad5b87,07d6636181ef,BLR,DEL,IX,IX-782,2026-09-13,09:30,2026-09-06 09:00,7,T7(5-9),Economy Standard,6874,1237,150,8261,Cleartrip,Available,True,VALID,,,SINGLETON::OBS01591,False,,RETAINED_UNIQUE,True,
OBS01592,79a749124932,07d6636181ef,BLR,DEL,IX,IX-782,2026-09-13,09:30,2026-09-06 09:00,7,T7(5-9),Economy Standard,7513,1352,200,9065,EaseMyTrip,Available,True,VALID,,,SINGLETON::OBS01592,False,,RETAINED_UNIQUE,True,
OBS01593,ea11c620a87e,dc430b25a5ca,BLR,DEL,IX,IX-782,2026-09-13,09:30,2026-09-06 09:00,7,T7(5-9),Economy Flexi,8785,1581,120,10486,Goibibo,Available,True,VALID,,,SINGLETON::OBS01593,False,,RETAINED_UNIQUE,True,
OBS01594,27015a22514c,8e4874510531,BLR,DEL,IX,IX-782,2026-09-21,09:30,2026-09-06 09:00,15,T15(12-18),Economy Flexi,7191,1294,200,8685,MMT,Available,True,VALID,,,SINGLETON::OBS01594,False,,RETAINED_UNIQUE,True,
OBS01595,0f3a04d4c81d,8e4874510531,BLR,DEL,IX,IX-782,2026-09-21,09:30,2026-09-06 09:00,15,T15(12-18),Economy Flexi,7376,1328,120,8824,Cleartrip,Available,True,VALID,,,SINGLETON::OBS01595,False,,RETAINED_UNIQUE,True,
OBS01596,f9363a22a30d,fa460205682d,BLR,DEL,IX,IX-782,2026-09-21,09:30,2026-09-06 09:00,15,T15(12-18),Economy Standard,6143,1106,150,7399,MMT,Available,True,VALID,,,SINGLETON::OBS01596,False,,RETAINED_UNIQUE,True,
OBS01597,b1201de16245,fa460205682d,BLR,DEL,IX,IX-782,2026-09-21,09:30,2026-09-06 09:00,15,T15(12-18),Economy Standard,6149,1107,120,7376,AirlineSite,Available,True,VALID,,,SINGLETON::OBS01597,False,,RETAINED_UNIQUE,True,
OBS01598,9d1868570f28,4755462a0777,BLR,DEL,IX,IX-782,2026-10-06,09:30,2026-09-06 09:00,30,T30(25-35),Economy Saver,4337,781,200,5318,MMT,Available,True,VALID,,,SINGLETON::OBS01598,False,,RETAINED_UNIQUE,True,
OBS01599,33619b080f5d,4755462a0777,BLR,DEL,IX,IX-782,2026-10-06,09:30,2026-09-06 09:00,30,T30(25-35),Economy Saver,4078,734,100,4912,Cleartrip,Available,True,VALID,,,SINGLETON::OBS01599,False,,RETAINED_UNIQUE,True,
OBS01600,8f43ffcda440,9c48d0587db6,BLR,DEL,IX,IX-782,2026-10-22,09:30,2026-09-06 09:00,46,T45(40-50),Economy Standard,5593,1007,100,6700,AirlineSite,Available,True,VALID,,,SINGLETON::OBS01600,False,,RETAINED_UNIQUE,True,
OBS01601,fab61f8674f4,4073ebc581a9,BLR,DEL,IX,IX-782,2026-10-22,09:30,2026-09-06 09:00,46,T45(40-50),Economy Flexi,6635,1194,120,7949,Cleartrip,Available,True,VALID,,,SINGLETON::OBS01601,False,,RETAINED_UNIQUE,True,
OBS01602,db5284f6751d,4073ebc581a9,BLR,DEL,IX,IX-782,2026-10-22,09:30,2026-09-06 09:00,46,T45(40-50),Economy Flexi,6868,1236,200,8304,AirlineSite,Available,True,VALID,,,SINGLETON::OBS01602,False,,RETAINED_UNIQUE,True,
OBS01603,ff3fc2af7e67,26becfeedc51,BLR,BOM,6E,6E-442,2026-09-07,06:30,2026-09-06 09:00,1,T1(0-2),Economy Standard,8215,1479,200,9894,Cleartrip,Available,True,VALID,,,SINGLETON::OBS01603,False,,RETAINED_UNIQUE,True,
OBS01604,976a3faae363,26becfeedc51,BLR,BOM,6E,6E-442,2026-09-07,06:30,2026-09-06 09:00,1,T1(0-2),Economy Standard,8234,1482,100,9816,MMT,Available,True,VALID,,,SINGLETON::OBS01604,False,,RETAINED_UNIQUE,True,
OBS01605,d361cadf15a6,8cbacff05554,BLR,BOM,6E,6E-442,2026-09-13,06:30,2026-09-06 09:00,7,T7(5-9),Economy Flexi,8523,1534,180,10237,Goibibo,Available,True,VALID,,,SINGLETON::OBS01605,False,,RETAINED_UNIQUE,True,
OBS01606,3e830e1284af,8cbacff05554,BLR,BOM,6E,6E-442,2026-09-13,06:30,2026-09-06 09:00,7,T7(5-9),Economy Flexi,9120,1642,100,10862,AirlineSite,Available,True,VALID,,,SINGLETON::OBS01606,False,,RETAINED_UNIQUE,True,
OBS01607,1925f6c7bd29,bdd7f33da793,BLR,BOM,6E,6E-442,2026-09-13,06:30,2026-09-06 09:00,7,T7(5-9),Economy Saver,5579,1004,120,6703,AirlineSite,Available,True,VALID,,,SINGLETON::OBS01607,False,,RETAINED_UNIQUE,True,
OBS01608,5bc12690961b,7efa767f57c0,BLR,BOM,6E,6E-442,2026-09-21,06:30,2026-09-06 09:00,15,T15(12-18),Economy Saver,4856,874,180,5910,Cleartrip,Available,True,VALID,,,SINGLETON::OBS01608,False,,RETAINED_UNIQUE,True,
OBS01609,e4d18defc2a4,29a1e7ee3f5f,BLR,BOM,6E,6E-442,2026-09-21,06:30,2026-09-06 09:00,15,T15(12-18),Economy Standard,6219,1119,180,7518,Cleartrip,Available,True,VALID,,,SINGLETON::OBS01609,False,,RETAINED_UNIQUE,True,
OBS01610,8d3f84f014a5,29a1e7ee3f5f,BLR,BOM,6E,6E-442,2026-09-21,06:30,2026-09-06 09:00,15,T15(12-18),Economy Standard,6251,1125,180,7556,Goibibo,Available,True,VALID,,,SINGLETON::OBS01610,False,,RETAINED_UNIQUE,True,
OBS01611,8fec68b0f648,c7e9ed313a8c,BLR,BOM,6E,6E-442,2026-10-06,06:30,2026-09-06 09:00,30,T30(25-35),Economy Saver,4331,780,120,5231,Goibibo,Available,True,VALID,,,SINGLETON::OBS01611,False,,RETAINED_UNIQUE,True,
OBS01612,546e4b97711a,f5e32b9982ab,BLR,BOM,6E,6E-442,2026-10-06,06:30,2026-09-06 09:00,30,T30(25-35),Economy Flexi,6637,1195,100,7932,MMT,Available,True,VALID,,,SINGLETON::OBS01612,False,,RETAINED_UNIQUE,True,
OBS01613,5567b26949a8,b6ae72c59279,BLR,BOM,6E,6E-442,2026-10-22,06:30,2026-09-06 09:00,46,T45(40-50),Economy Flexi,6409,1154,150,7713,AirlineSite,Available,True,VALID,,,SINGLETON::OBS01613,False,,RETAINED_UNIQUE,True,
OBS01614,4f5daa02a8c1,b6ae72c59279,BLR,BOM,6E,6E-442,2026-10-22,06:30,2026-09-06 09:00,46,T45(40-50),Economy Flexi,6713,1208,100,8021,Goibibo,Available,True,VALID,,,SINGLETON::OBS01614,False,,RETAINED_UNIQUE,True,
OBS01615,482cad0ac610,f51a950a8dae,BLR,BOM,AI,AI-610,2026-09-07,15:45,2026-09-06 09:00,1,T1(0-2),Economy Saver,6135,1104,180,7419,Cleartrip,Available,True,VALID,,,SINGLETON::OBS01615,False,,RETAINED_UNIQUE,True,
OBS01616,fbb843b734e0,f51a950a8dae,BLR,BOM,AI,AI-610,2026-09-07,15:45,2026-09-06 09:00,1,T1(0-2),Economy Saver,5965,1074,120,7159,EaseMyTrip,Available,True,VALID,,,SINGLETON::OBS01616,False,,RETAINED_UNIQUE,True,
OBS01617,d3d62dea56b1,8cbacff05554,BLR,BOM,AI,AI-610,2026-09-13,15:45,2026-09-06 09:00,7,T7(5-9),Economy Flexi,9173,1651,120,10944,AirlineSite,Available,True,VALID,,,SINGLETON::OBS01617,False,,RETAINED_UNIQUE,True,
OBS01618,e31a866c54d2,8cbacff05554,BLR,BOM,AI,AI-610,2026-09-13,15:45,2026-09-06 09:00,7,T7(5-9),Economy Flexi,8555,1540,180,10275,Cleartrip,Available,True,VALID,,,SINGLETON::OBS01618,False,,RETAINED_UNIQUE,True,
OBS01619,0007609c8062,7efa767f57c0,BLR,BOM,AI,AI-610,2026-09-21,15:45,2026-09-06 09:00,15,T15(12-18),Economy Saver,4733,852,200,5785,AirlineSite,Available,True,VALID,,,SINGLETON::OBS01619,False,,RETAINED_UNIQUE,True,
OBS01620,999df063697e,7efa767f57c0,BLR,BOM,AI,AI-610,2026-09-21,15:45,2026-09-06 09:00,15,T15(12-18),Economy Saver,4682,843,180,5705,EaseMyTrip,Available,True,VALID,,,SINGLETON::OBS01620,False,,RETAINED_UNIQUE,True,
OBS01621,101fc32806ad,2367dff31e27,BLR,BOM,AI,AI-610,2026-10-06,15:45,2026-09-06 09:00,30,T30(25-35),Economy Standard,5457,982,180,6619,MMT,Available,True,VALID,,,SINGLETON::OBS01621,False,,RETAINED_UNIQUE,True,
OBS01622,f4950b674205,f5e32b9982ab,BLR,BOM,AI,AI-610,2026-10-06,15:45,2026-09-06 09:00,30,T30(25-35),Economy Flexi,6908,1243,150,8301,Goibibo,Available,True,VALID,,,SINGLETON::OBS01622,False,,RETAINED_UNIQUE,True,
OBS01623,354a236eaf98,f5e32b9982ab,BLR,BOM,AI,AI-610,2026-10-06,15:45,2026-09-06 09:00,30,T30(25-35),Economy Flexi,6395,1151,200,7746,MMT,Available,True,VALID,,,SINGLETON::OBS01623,False,,RETAINED_UNIQUE,True,
OBS01624,4756fa2d48d9,4525a8c22f91,BLR,BOM,AI,AI-610,2026-10-22,15:45,2026-09-06 09:00,46,T45(40-50),Economy Standard,5701,1026,180,6907,Cleartrip,Available,True,VALID,,,SINGLETON::OBS01624,False,,RETAINED_UNIQUE,True,
OBS01625,88958734f37b,4525a8c22f91,BLR,BOM,AI,AI-610,2026-10-22,15:45,2026-09-06 09:00,46,T45(40-50),Economy Standard,5581,1005,100,6686,AirlineSite,Available,True,VALID,,,SINGLETON::OBS01625,False,,RETAINED_UNIQUE,True,
OBS01626,d01edf1eacbf,0112fca850a4,BLR,BOM,AI,AI-610,2026-10-22,15:45,2026-09-06 09:00,46,T45(40-50),Economy Saver,4272,769,150,5191,AirlineSite,Available,True,VALID,,,SINGLETON::OBS01626,False,,RETAINED_UNIQUE,True,
OBS01627,6249dce1c5dc,932597b646f6,BLR,BOM,QP,QP-1304,2026-09-07,05:00,2026-09-06 09:00,1,T1(0-2),Economy Flexi,10275,1850,200,12325,MMT,Available,True,VALID,,,SINGLETON::OBS01627,False,,RETAINED_UNIQUE,True,
OBS01628,fd8eb674e383,8cbacff05554,BLR,BOM,QP,QP-1304,2026-09-13,05:00,2026-09-06 09:00,7,T7(5-9),Economy Flexi,8835,1590,100,10525,Goibibo,Available,True,VALID,,,SINGLETON::OBS01628,False,,RETAINED_UNIQUE,True,
OBS01629,01436342ffc7,0c23682ee73d,BLR,BOM,QP,QP-1304,2026-09-21,05:00,2026-09-06 09:00,15,T15(12-18),Economy Flexi,7332,1320,120,8772,AirlineSite,Available,True,VALID,,,SINGLETON::OBS01629,False,,RETAINED_UNIQUE,True,
OBS01630,505be5723aa6,f5e32b9982ab,BLR,BOM,QP,QP-1304,2026-10-06,05:00,2026-09-06 09:00,30,T30(25-35),Economy Flexi,6601,1188,100,7889,AirlineSite,Available,True,VALID,,,SINGLETON::OBS01630,False,,RETAINED_UNIQUE,True,
OBS01631,f55e085cec8f,f5e32b9982ab,BLR,BOM,QP,QP-1304,2026-10-06,05:00,2026-09-06 09:00,30,T30(25-35),Economy Flexi,6660,1199,100,7959,Cleartrip,Available,True,VALID,,,SINGLETON::OBS01631,False,,RETAINED_UNIQUE,True,
OBS01632,e097dc211836,4525a8c22f91,BLR,BOM,QP,QP-1304,2026-10-22,05:00,2026-09-06 09:00,46,T45(40-50),Economy Standard,5390,970,100,6460,AirlineSite,Available,True,VALID,,,SINGLETON::OBS01632,False,,RETAINED_UNIQUE,True,
OBS01633,4a462a1aeed7,4525a8c22f91,BLR,BOM,QP,QP-1304,2026-10-22,05:00,2026-09-06 09:00,46,T45(40-50),Economy Standard,5246,944,100,6290,Cleartrip,Available,True,VALID,,,SINGLETON::OBS01633,False,,RETAINED_UNIQUE,True,
OBS01634,39a96ae59379,0112fca850a4,BLR,BOM,QP,QP-1304,2026-10-22,05:00,2026-09-06 09:00,46,T45(40-50),Economy Saver,4092,737,150,4979,Cleartrip,Available,True,VALID,,,SINGLETON::OBS01634,False,,RETAINED_UNIQUE,True,
OBS01635,5752c6c4edb9,d5e2b4ddaa51,DEL,HYD,6E,6E-773,2026-09-07,19:45,2026-09-06 09:00,1,T1(0-2),Economy Saver,5984,1077,150,7211,Goibibo,Available,True,VALID,,,SINGLETON::OBS01635,False,,RETAINED_UNIQUE,True,
OBS01636,15c5712e3343,d5e2b4ddaa51,DEL,HYD,6E,6E-773,2026-09-07,19:45,2026-09-06 09:00,1,T1(0-2),Economy Saver,6060,1091,100,7251,MMT,Available,True,VALID,,,SINGLETON::OBS01636,False,,RETAINED_UNIQUE,True,
OBS01637,3b43c8026d08,837e7336fb50,DEL,HYD,6E,6E-773,2026-09-13,19:45,2026-09-06 09:00,7,T7(5-9),Economy Standard,7508,1351,150,9009,MMT,Available,True,VALID,,,SINGLETON::OBS01637,False,,RETAINED_UNIQUE,True,
OBS01638,6544d9cbc6db,837e7336fb50,DEL,HYD,6E,6E-773,2026-09-13,19:45,2026-09-06 09:00,7,T7(5-9),Economy Standard,7137,1285,100,8522,Goibibo,Available,True,VALID,,,SINGLETON::OBS01638,False,,RETAINED_UNIQUE,True,
OBS01639,7b5f9baff739,90e6988d0798,DEL,HYD,6E,6E-773,2026-09-13,19:45,2026-09-06 09:00,7,T7(5-9),Economy Saver,5476,986,200,6662,MMT,Available,True,VALID,,,SINGLETON::OBS01639,False,,RETAINED_UNIQUE,True,
OBS01640,bbd881a11541,35819298f9e2,DEL,HYD,6E,6E-773,2026-09-21,19:45,2026-09-06 09:00,15,T15(12-18),Economy Standard,5869,1056,180,7105,AirlineSite,Available,True,VALID,,,SINGLETON::OBS01640,False,,RETAINED_UNIQUE,True,
OBS01641,79c6e4b20da5,35819298f9e2,DEL,HYD,6E,6E-773,2026-09-21,19:45,2026-09-06 09:00,15,T15(12-18),Economy Standard,6168,1110,100,7378,Cleartrip,Available,True,VALID,,,SINGLETON::OBS01641,False,,RETAINED_UNIQUE,True,
OBS01642,b2f81c2c09ae,9dd906a8c1ec,DEL,HYD,6E,6E-773,2026-10-06,19:45,2026-09-06 09:00,30,T30(25-35),Economy Saver,4145,746,200,5091,AirlineSite,Available,True,VALID,,,SINGLETON::OBS01642,False,,RETAINED_UNIQUE,True,
OBS01643,26bfbf3c882b,0a37214f083d,DEL,HYD,6E,6E-773,2026-10-06,19:45,2026-09-06 09:00,30,T30(25-35),Economy Standard,5596,1007,120,6723,MMT,Available,True,VALID,,,SINGLETON::OBS01643,False,,RETAINED_UNIQUE,True,
OBS01644,067f45ba0b84,c933739f889e,DEL,HYD,6E,6E-773,2026-10-22,19:45,2026-09-06 09:00,46,T45(40-50),Economy Flexi,6853,1233,120,8206,AirlineSite,Available,True,VALID,,,SINGLETON::OBS01644,False,,RETAINED_UNIQUE,True,
OBS01645,4e0a9c38035f,c933739f889e,DEL,HYD,6E,6E-773,2026-10-22,19:45,2026-09-06 09:00,46,T45(40-50),Economy Flexi,6582,1185,120,7887,MMT,Available,True,VALID,,,SINGLETON::OBS01645,False,,RETAINED_UNIQUE,True,
OBS01646,a727397e7017,8aac2712339e,DEL,HYD,6E,6E-773,2026-10-22,19:45,2026-09-06 09:00,46,T45(40-50),Economy Standard,5698,1026,200,6924,EaseMyTrip,Available,True,VALID,,,SINGLETON::OBS01646,False,,RETAINED_UNIQUE,True,
OBS01647,7872fc69e92e,d5e2b4ddaa51,DEL,HYD,AI,AI-540,2026-09-07,05:15,2026-09-06 09:00,1,T1(0-2),Economy Saver,6352,1143,120,7615,EaseMyTrip,Available,True,VALID,,,SINGLETON::OBS01647,False,,RETAINED_UNIQUE,True,
OBS01648,c15dbeb98759,d5e2b4ddaa51,DEL,HYD,AI,AI-540,2026-09-07,05:15,2026-09-06 09:00,1,T1(0-2),Economy Saver,5948,1071,180,7199,Cleartrip,Available,True,VALID,,,SINGLETON::OBS01648,False,,RETAINED_UNIQUE,True,
OBS01649,8e29edc07f06,5feedb4dfa11,DEL,HYD,AI,AI-540,2026-09-07,05:15,2026-09-06 09:00,1,T1(0-2),Economy Flexi,10163,1829,180,12172,EaseMyTrip,Available,True,VALID,,,SINGLETON::OBS01649,False,,RETAINED_UNIQUE,True,
OBS01650,ed24392ea7dc,5feedb4dfa11,DEL,HYD,AI,AI-540,2026-09-07,05:15,2026-09-06 09:00,1,T1(0-2),Economy Flexi,10318,1857,120,12295,Cleartrip,Available,True,VALID,,,SINGLETON::OBS01650,False,,RETAINED_UNIQUE,True,
OBS01651,55f754d4349e,90e6988d0798,DEL,HYD,AI,AI-540,2026-09-13,05:15,2026-09-06 09:00,7,T7(5-9),Economy Saver,5392,971,100,6463,Cleartrip,Available,True,VALID,,,SINGLETON::OBS01651,False,,RETAINED_UNIQUE,True,
OBS01652,c252855ef089,d69b89fa1e64,DEL,HYD,AI,AI-540,2026-09-13,05:15,2026-09-06 09:00,7,T7(5-9),Economy Flexi,9269,1668,180,11117,EaseMyTrip,Available,True,VALID,,,SINGLETON::OBS01652,False,,RETAINED_UNIQUE,True,
OBS01653,384104dbbaf1,73ada9ffb874,DEL,HYD,AI,AI-540,2026-09-21,05:15,2026-09-06 09:00,15,T15(12-18),Economy Flexi,7855,1414,180,9449,Cleartrip,Available,True,VALID,,,SINGLETON::OBS01653,False,,RETAINED_UNIQUE,True,
OBS01654,075db9e388df,73ada9ffb874,DEL,HYD,AI,AI-540,2026-09-21,05:15,2026-09-06 09:00,15,T15(12-18),Economy Flexi,7331,1320,150,8801,EaseMyTrip,Available,True,VALID,,,SINGLETON::OBS01654,False,,RETAINED_UNIQUE,True,
OBS01655,ffdf85a258e7,9dd906a8c1ec,DEL,HYD,AI,AI-540,2026-10-06,05:15,2026-09-06 09:00,30,T30(25-35),Economy Saver,4304,775,100,5179,AirlineSite,Available,True,VALID,,,SINGLETON::OBS01655,False,,RETAINED_UNIQUE,True,
OBS01656,efa7dbf88f92,9dd906a8c1ec,DEL,HYD,AI,AI-540,2026-10-06,05:15,2026-09-06 09:00,30,T30(25-35),Economy Saver,4288,772,100,5160,MMT,Available,True,VALID,,,SINGLETON::OBS01656,False,,RETAINED_UNIQUE,True,
OBS01657,a8975b2b970f,0a37214f083d,DEL,HYD,AI,AI-540,2026-10-06,05:15,2026-09-06 09:00,30,T30(25-35),Economy Standard,5407,973,180,6560,MMT,Available,True,VALID,,,SINGLETON::OBS01657,False,,RETAINED_UNIQUE,True,
OBS01658,1a4f33b572e7,c933739f889e,DEL,HYD,AI,AI-540,2026-10-22,05:15,2026-09-06 09:00,46,T45(40-50),Economy Flexi,6356,1144,180,7680,EaseMyTrip,Available,True,VALID,,,SINGLETON::OBS01658,False,,RETAINED_UNIQUE,True,
OBS01659,5620fa43cc15,7244fba44546,DEL,HYD,AI,AI-540,2026-10-22,05:15,2026-09-06 09:00,46,T45(40-50),Economy Saver,4440,799,180,5419,Cleartrip,Available,True,VALID,,,SINGLETON::OBS01659,False,,RETAINED_UNIQUE,True,
OBS01660,5dc1dc2c5fb4,bc62c9a2c6d9,DEL,HYD,SG,SG-451,2026-09-07,19:15,2026-09-06 09:00,1,T1(0-2),Economy Standard,8015,1443,120,9578,AirlineSite,Available,True,VALID,,,SINGLETON::OBS01660,False,,RETAINED_UNIQUE,True,
OBS01661,e97f0837346b,d5e2b4ddaa51,DEL,HYD,SG,SG-451,2026-09-07,19:15,2026-09-06 09:00,1,T1(0-2),Economy Saver,6408,1153,150,7711,AirlineSite,Available,True,VALID,,,SINGLETON::OBS01661,False,,RETAINED_UNIQUE,True,
OBS01662,0a1e29880958,d5e2b4ddaa51,DEL,HYD,SG,SG-451,2026-09-07,19:15,2026-09-06 09:00,1,T1(0-2),Economy Saver,6369,1146,150,7665,MMT,Available,True,VALID,,,SINGLETON::OBS01662,False,,RETAINED_UNIQUE,True,
OBS01663,7ee2ae3739a4,90e6988d0798,DEL,HYD,SG,SG-451,2026-09-13,19:15,2026-09-06 09:00,7,T7(5-9),Economy Saver,5888,1060,150,7098,MMT,Available,True,VALID,,,SINGLETON::OBS01663,False,,RETAINED_UNIQUE,True,
OBS01664,c4d0fd19be09,90e6988d0798,DEL,HYD,SG,SG-451,2026-09-13,19:15,2026-09-06 09:00,7,T7(5-9),Economy Saver,5363,965,180,6508,EaseMyTrip,Available,True,VALID,,,SINGLETON::OBS01664,False,,RETAINED_UNIQUE,True,
OBS01665,9cd43f3f205a,a875679bf975,DEL,HYD,SG,SG-451,2026-09-21,19:15,2026-09-06 09:00,15,T15(12-18),Economy Saver,4588,826,150,5564,Goibibo,Available,True,VALID,,,SINGLETON::OBS01665,False,,RETAINED_UNIQUE,True,
OBS01666,971b77c3724e,9dd906a8c1ec,DEL,HYD,SG,SG-451,2026-10-06,19:15,2026-09-06 09:00,30,T30(25-35),Economy Saver,4279,770,100,5149,AirlineSite,Available,True,VALID,,,SINGLETON::OBS01666,False,,RETAINED_UNIQUE,True,
OBS01667,2c7426c136d7,491b40137db8,DEL,HYD,SG,SG-451,2026-10-06,19:15,2026-09-06 09:00,30,T30(25-35),Economy Flexi,6952,1251,120,8323,Cleartrip,Available,True,VALID,,,SINGLETON::OBS01667,False,,RETAINED_UNIQUE,True,
OBS01668,ce2551d151ef,7244fba44546,DEL,HYD,SG,SG-451,2026-10-22,19:15,2026-09-06 09:00,46,T45(40-50),Economy Saver,4033,726,180,4939,EaseMyTrip,Available,True,VALID,,,SINGLETON::OBS01668,False,,RETAINED_UNIQUE,True,
OBS01669,4e7722613061,7244fba44546,DEL,HYD,SG,SG-451,2026-10-22,19:15,2026-09-06 09:00,46,T45(40-50),Economy Saver,4301,774,100,5175,Goibibo,Available,True,VALID,,,SINGLETON::OBS01669,False,,RETAINED_UNIQUE,True,
OBS01670,7d6c9d005117,c933739f889e,DEL,HYD,SG,SG-451,2026-10-22,19:15,2026-09-06 09:00,46,T45(40-50),Economy Flexi,6517,1173,200,7890,Goibibo,Available,True,VALID,,,SINGLETON::OBS01670,False,,RETAINED_UNIQUE,True,
OBS01671,a6cdb2e0dc78,c933739f889e,DEL,HYD,SG,SG-451,2026-10-22,19:15,2026-09-06 09:00,46,T45(40-50),Economy Flexi,6644,1196,150,7990,EaseMyTrip,Available,True,VALID,,,SINGLETON::OBS01671,False,,RETAINED_UNIQUE,True,
OBS01672,704000fb39a5,72635f6a0550,DEL,PNQ,6E,6E-381,2026-09-07,11:15,2026-09-06 09:00,1,T1(0-2),Economy Flexi,9616,1731,180,11527,AirlineSite,Available,True,VALID,,,SINGLETON::OBS01672,False,,RETAINED_UNIQUE,True,
OBS01673,4b883f1bb0e4,3b633c1887e2,DEL,PNQ,6E,6E-381,2026-09-13,11:15,2026-09-06 09:00,7,T7(5-9),Economy Standard,6927,1247,200,8374,MMT,Available,True,VALID,,,SINGLETON::OBS01673,False,,RETAINED_UNIQUE,True,
OBS01674,c629afbd35f6,3b633c1887e2,DEL,PNQ,6E,6E-381,2026-09-13,11:15,2026-09-06 09:00,7,T7(5-9),Economy Standard,7447,1340,120,8907,Cleartrip,Available,True,VALID,,,SINGLETON::OBS01674,False,,RETAINED_UNIQUE,True,
OBS01675,67bb70bb77d8,7713d353215e,DEL,PNQ,6E,6E-381,2026-09-13,11:15,2026-09-06 09:00,7,T7(5-9),Economy Saver,5452,981,150,6583,AirlineSite,Available,True,VALID,,,SINGLETON::OBS01675,False,,RETAINED_UNIQUE,True,
OBS01676,29518063f8fa,7713d353215e,DEL,PNQ,6E,6E-381,2026-09-13,11:15,2026-09-06 09:00,7,T7(5-9),Economy Saver,5515,993,100,6608,MMT,Available,True,VALID,,,SINGLETON::OBS01676,False,,RETAINED_UNIQUE,True,
OBS01677,9b6010c79e5a,41ad798c40cc,DEL,PNQ,6E,6E-381,2026-09-21,11:15,2026-09-06 09:00,15,T15(12-18),Economy Standard,6343,1142,120,7605,AirlineSite,Available,True,VALID,,,SINGLETON::OBS01677,False,,RETAINED_UNIQUE,True,
OBS01678,35b5c0d95732,41ad798c40cc,DEL,PNQ,6E,6E-381,2026-09-21,11:15,2026-09-06 09:00,15,T15(12-18),Economy Standard,5898,1062,120,7080,Cleartrip,Available,True,VALID,,,SINGLETON::OBS01678,False,,RETAINED_UNIQUE,True,
OBS01679,16ff0023f85e,50750fd81b95,DEL,PNQ,6E,6E-381,2026-10-06,11:15,2026-09-06 09:00,30,T30(25-35),Economy Saver,4358,784,200,5342,AirlineSite,Available,True,VALID,,,SINGLETON::OBS01679,False,,RETAINED_UNIQUE,True,
OBS01680,9664a9d6d475,cbdbb0deec9f,DEL,PNQ,6E,6E-381,2026-10-06,11:15,2026-09-06 09:00,30,T30(25-35),Economy Standard,5497,989,100,6586,AirlineSite,Available,True,VALID,,,SINGLETON::OBS01680,False,,RETAINED_UNIQUE,True,
OBS01681,25bd6b3616e7,cbdbb0deec9f,DEL,PNQ,6E,6E-381,2026-10-06,11:15,2026-09-06 09:00,30,T30(25-35),Economy Standard,5710,1028,100,6838,Goibibo,Available,True,VALID,,,SINGLETON::OBS01681,False,,RETAINED_UNIQUE,True,
OBS01682,3fff3fad16b6,8aecaccbbbb4,DEL,PNQ,6E,6E-381,2026-10-22,11:15,2026-09-06 09:00,46,T45(40-50),Economy Standard,5680,1022,180,6882,AirlineSite,Available,True,VALID,,,SINGLETON::OBS01682,False,,RETAINED_UNIQUE,True,
OBS01683,347df83f9a16,6ddcb673b16c,DEL,PNQ,6E,6E-381,2026-10-22,11:15,2026-09-06 09:00,46,T45(40-50),Economy Saver,4289,772,180,5241,Cleartrip,Available,True,VALID,,,SINGLETON::OBS01683,False,,RETAINED_UNIQUE,True,
OBS01684,79d83275e8fc,a8801d53a141,DEL,PNQ,AI,AI-851,2026-09-07,06:00,2026-09-06 09:00,1,T1(0-2),Economy Saver,5980,1076,180,7236,EaseMyTrip,Available,True,VALID,,,SINGLETON::OBS01684,False,,RETAINED_UNIQUE,True,
OBS01685,880fe1638c3d,7713d353215e,DEL,PNQ,AI,AI-851,2026-09-13,06:00,2026-09-06 09:00,7,T7(5-9),Economy Saver,5781,1041,200,7022,EaseMyTrip,Available,True,VALID,,,SINGLETON::OBS01685,False,,RETAINED_UNIQUE,True,
OBS01686,b615e4631f00,3b633c1887e2,DEL,PNQ,AI,AI-851,2026-09-13,06:00,2026-09-06 09:00,7,T7(5-9),Economy Standard,7143,1286,180,8609,Goibibo,Available,True,VALID,,,SINGLETON::OBS01686,False,,RETAINED_UNIQUE,True,
OBS01687,c5181881a4ac,41ad798c40cc,DEL,PNQ,AI,AI-851,2026-09-21,06:00,2026-09-06 09:00,15,T15(12-18),Economy Standard,6146,1106,200,7452,Goibibo,Available,True,VALID,,,SINGLETON::OBS01687,False,,RETAINED_UNIQUE,True,
OBS01688,e59b4848c1f2,50750fd81b95,DEL,PNQ,AI,AI-851,2026-10-06,06:00,2026-09-06 09:00,30,T30(25-35),Economy Saver,4282,771,100,5153,AirlineSite,Available,True,VALID,,,SINGLETON::OBS01688,False,,RETAINED_UNIQUE,True,
OBS01689,16a16ae192b4,ee07df20eeb4,DEL,PNQ,AI,AI-851,2026-10-22,06:00,2026-09-06 09:00,46,T45(40-50),Economy Flexi,6505,1171,180,7856,EaseMyTrip,Available,True,VALID,,,SINGLETON::OBS01689,False,,RETAINED_UNIQUE,True,
OBS01690,557fe7285c11,72635f6a0550,DEL,PNQ,QP,QP-1201,2026-09-07,21:45,2026-09-06 09:00,1,T1(0-2),Economy Flexi,9480,1706,100,11286,MMT,Available,True,VALID,,,SINGLETON::OBS01690,False,,RETAINED_UNIQUE,True,
OBS01691,e06a18850fc2,19af43e69a05,DEL,PNQ,QP,QP-1201,2026-09-07,21:45,2026-09-06 09:00,1,T1(0-2),Economy Standard,7895,1421,180,9496,MMT,Available,True,VALID,,,SINGLETON::OBS01691,False,,RETAINED_UNIQUE,True,
OBS01692,954b773f013a,3b633c1887e2,DEL,PNQ,QP,QP-1201,2026-09-13,21:45,2026-09-06 09:00,7,T7(5-9),Economy Standard,7090,1276,150,8516,Goibibo,Available,True,VALID,,,SINGLETON::OBS01692,False,,RETAINED_UNIQUE,True,
OBS01693,4025d159f197,7713d353215e,DEL,PNQ,QP,QP-1201,2026-09-13,21:45,2026-09-06 09:00,7,T7(5-9),Economy Saver,5630,1013,120,6763,Cleartrip,Available,True,VALID,,,SINGLETON::OBS01693,False,,RETAINED_UNIQUE,True,
OBS01694,92424f233152,7713d353215e,DEL,PNQ,QP,QP-1201,2026-09-13,21:45,2026-09-06 09:00,7,T7(5-9),Economy Saver,5374,967,200,6541,AirlineSite,Available,True,VALID,,,SINGLETON::OBS01694,False,,RETAINED_UNIQUE,True,
OBS01695,556ffbf56995,41ad798c40cc,DEL,PNQ,QP,QP-1201,2026-09-21,21:45,2026-09-06 09:00,15,T15(12-18),Economy Standard,6221,1120,120,7461,MMT,Available,True,VALID,,,SINGLETON::OBS01695,False,,RETAINED_UNIQUE,True,
OBS01696,9343d165fdb7,41ad798c40cc,DEL,PNQ,QP,QP-1201,2026-09-21,21:45,2026-09-06 09:00,15,T15(12-18),Economy Standard,6309,1136,150,7595,EaseMyTrip,Available,True,VALID,,,SINGLETON::OBS01696,False,,RETAINED_UNIQUE,True,
OBS01697,4bd0709e6e50,bc619faaa108,DEL,PNQ,QP,QP-1201,2026-10-06,21:45,2026-09-06 09:00,30,T30(25-35),Economy Flexi,6898,1242,200,8340,Goibibo,Available,True,VALID,,,SINGLETON::OBS01697,False,,RETAINED_UNIQUE,True,
OBS01698,b404202e6bfb,bc619faaa108,DEL,PNQ,QP,QP-1201,2026-10-06,21:45,2026-09-06 09:00,30,T30(25-35),Economy Flexi,6972,1255,200,8427,Cleartrip,Available,True,VALID,,,SINGLETON::OBS01698,False,,RETAINED_UNIQUE,True,
OBS01699,6fbc064a9731,8aecaccbbbb4,DEL,PNQ,QP,QP-1201,2026-10-22,21:45,2026-09-06 09:00,46,T45(40-50),Economy Standard,5429,977,100,6506,AirlineSite,Available,True,VALID,,,SINGLETON::OBS01699,False,,RETAINED_UNIQUE,True,
OBS01700,91e0c69d8868,ee07df20eeb4,DEL,PNQ,QP,QP-1201,2026-10-22,21:45,2026-09-06 09:00,46,T45(40-50),Economy Flexi,6758,1216,120,8094,MMT,Available,True,VALID,,,SINGLETON::OBS01700,False,,RETAINED_UNIQUE,True,
OBS01701,bfb15a7c8748,ee07df20eeb4,DEL,PNQ,QP,QP-1201,2026-10-22,21:45,2026-09-06 09:00,46,T45(40-50),Economy Flexi,6644,1196,120,7960,AirlineSite,Available,True,VALID,,,SINGLETON::OBS01701,False,,RETAINED_UNIQUE,True,
OBS01702,85affab86875,67cf434e00d8,CCU,DEL,6E,6E-6120,2026-09-07,14:00,2026-09-06 09:00,1,T1(0-2),Economy Standard,7965,1434,100,9499,Goibibo,Available,True,VALID,,,SINGLETON::OBS01702,False,,RETAINED_UNIQUE,True,
OBS01703,53196998b795,67cf434e00d8,CCU,DEL,6E,6E-6120,2026-09-07,14:00,2026-09-06 09:00,1,T1(0-2),Economy Standard,7935,1428,100,9463,MMT,Available,True,VALID,,,SINGLETON::OBS01703,False,,RETAINED_UNIQUE,True,
OBS01704,1dc304eeafcd,0d3ea7cf974f,CCU,DEL,6E,6E-6120,2026-09-13,14:00,2026-09-06 09:00,7,T7(5-9),Economy Saver,5587,1006,200,6793,Cleartrip,Available,True,VALID,,,SINGLETON::OBS01704,False,,RETAINED_UNIQUE,True,
OBS01705,3d7dca96509d,66a9c71352cb,CCU,DEL,6E,6E-6120,2026-09-13,14:00,2026-09-06 09:00,7,T7(5-9),Economy Flexi,8569,1542,150,10261,AirlineSite,Available,True,VALID,,,SINGLETON::OBS01705,False,,RETAINED_UNIQUE,True,
OBS01706,276bd9df752d,66a9c71352cb,CCU,DEL,6E,6E-6120,2026-09-13,14:00,2026-09-06 09:00,7,T7(5-9),Economy Flexi,8547,1539,150,10236,EaseMyTrip,Available,True,VALID,,,SINGLETON::OBS01706,False,,RETAINED_UNIQUE,True,
OBS01707,6238c66707c2,6766c135b14d,CCU,DEL,6E,6E-6120,2026-09-21,14:00,2026-09-06 09:00,15,T15(12-18),Economy Standard,5951,1071,120,7142,MMT,Available,True,VALID,,,SINGLETON::OBS01707,False,,RETAINED_UNIQUE,True,
OBS01708,5831738ca415,99de94a5d6c1,CCU,DEL,6E,6E-6120,2026-10-06,14:00,2026-09-06 09:00,30,T30(25-35),Economy Saver,4307,775,100,5182,Goibibo,Available,True,VALID,,,SINGLETON::OBS01708,False,,RETAINED_UNIQUE,True,
OBS01709,def7daaf0cbf,79b9e579444a,CCU,DEL,6E,6E-6120,2026-10-06,14:00,2026-09-06 09:00,30,T30(25-35),Economy Flexi,6637,1195,150,7982,MMT,Available,True,VALID,,,SINGLETON::OBS01709,False,,RETAINED_UNIQUE,True,
OBS01710,4378893638b7,79b9e579444a,CCU,DEL,6E,6E-6120,2026-10-06,14:00,2026-09-06 09:00,30,T30(25-35),Economy Flexi,6870,1237,120,8227,Cleartrip,Available,True,VALID,,,SINGLETON::OBS01710,False,,RETAINED_UNIQUE,True,
OBS01711,0d2e7ebd0f2c,9de466e599ee,CCU,DEL,6E,6E-6120,2026-10-22,14:00,2026-09-06 09:00,46,T45(40-50),Economy Flexi,6919,1245,120,8284,MMT,Available,True,VALID,,,SINGLETON::OBS01711,False,,RETAINED_UNIQUE,True,
OBS01712,11248423a18a,186a26c23ec1,CCU,DEL,6E,6E-6120,2026-10-22,14:00,2026-09-06 09:00,46,T45(40-50),Economy Saver,4256,766,150,5172,MMT,Available,True,VALID,,,SINGLETON::OBS01712,False,,RETAINED_UNIQUE,True,
OBS01713,956eb9fc5be3,5ac7d7c9ad95,CCU,DEL,AI,AI-701,2026-09-07,09:45,2026-09-06 09:00,1,T1(0-2),Economy Flexi,10088,1816,200,12104,AirlineSite,Available,True,VALID,,,SINGLETON::OBS01713,False,,RETAINED_UNIQUE,True,
OBS01714,92a3f695ffe3,67cf434e00d8,CCU,DEL,AI,AI-701,2026-09-07,09:45,2026-09-06 09:00,1,T1(0-2),Economy Standard,7881,1419,120,9420,EaseMyTrip,Available,True,VALID,,,SINGLETON::OBS01714,False,,RETAINED_UNIQUE,True,
OBS01715,f595c90bb74e,0d3ea7cf974f,CCU,DEL,AI,AI-701,2026-09-13,09:45,2026-09-06 09:00,7,T7(5-9),Economy Saver,5459,983,100,6542,MMT,Available,True,VALID,,,SINGLETON::OBS01715,False,,RETAINED_UNIQUE,True,
OBS01716,837f43e832fe,0d3ea7cf974f,CCU,DEL,AI,AI-701,2026-09-13,09:45,2026-09-06 09:00,7,T7(5-9),Economy Saver,5779,1040,200,7019,Goibibo,Available,True,VALID,,,SINGLETON::OBS01716,False,,RETAINED_UNIQUE,True,
OBS01717,5c5a5d31572a,66a9c71352cb,CCU,DEL,AI,AI-701,2026-09-13,09:45,2026-09-06 09:00,7,T7(5-9),Economy Flexi,8840,1591,200,10631,MMT,Available,True,VALID,,,SINGLETON::OBS01717,False,,RETAINED_UNIQUE,True,
OBS01718,ddac0469cf8b,6766c135b14d,CCU,DEL,AI,AI-701,2026-09-21,09:45,2026-09-06 09:00,15,T15(12-18),Economy Standard,6265,1128,200,7593,Cleartrip,Available,True,VALID,,,SINGLETON::OBS01718,False,,RETAINED_UNIQUE,True,
OBS01719,c9b836b8ed9f,5aee393e7286,CCU,DEL,AI,AI-701,2026-09-21,09:45,2026-09-06 09:00,15,T15(12-18),Economy Flexi,7327,1319,180,8826,Goibibo,Available,True,VALID,,,SINGLETON::OBS01719,False,,RETAINED_UNIQUE,True,
OBS01720,6f9b76a82202,5aee393e7286,CCU,DEL,AI,AI-701,2026-09-21,09:45,2026-09-06 09:00,15,T15(12-18),Economy Flexi,7602,1368,200,9170,EaseMyTrip,Available,True,VALID,,,SINGLETON::OBS01720,False,,RETAINED_UNIQUE,True,
OBS01721,450b41735f10,99de94a5d6c1,CCU,DEL,AI,AI-701,2026-10-06,09:45,2026-09-06 09:00,30,T30(25-35),Economy Saver,4222,760,120,5102,MMT,Available,True,VALID,,,SINGLETON::OBS01721,False,,RETAINED_UNIQUE,True,
OBS01722,ef40029ee9bc,186a26c23ec1,CCU,DEL,AI,AI-701,2026-10-22,09:45,2026-09-06 09:00,46,T45(40-50),Economy Saver,4425,796,150,5371,Goibibo,Available,True,VALID,,,SINGLETON::OBS01722,False,,RETAINED_UNIQUE,True,
OBS01723,70803c997c8f,186a26c23ec1,CCU,DEL,AI,AI-701,2026-10-22,09:45,2026-09-06 09:00,46,T45(40-50),Economy Saver,4139,745,100,4984,MMT,Available,True,VALID,,,SINGLETON::OBS01723,False,,RETAINED_UNIQUE,True,
OBS01724,4507a0b50eee,39b508ae3da0,CCU,DEL,AI,AI-701,2026-10-22,09:45,2026-09-06 09:00,46,T45(40-50),Economy Standard,5343,962,200,6505,AirlineSite,Available,True,VALID,,,SINGLETON::OBS01724,False,,RETAINED_UNIQUE,True,
OBS01725,125d313cd442,d13cabcaabdb,CCU,DEL,SG,SG-988,2026-09-07,19:30,2026-09-06 09:00,1,T1(0-2),Economy Saver,6211,1118,180,7509,EaseMyTrip,Available,True,VALID,,,SINGLETON::OBS01725,False,,RETAINED_UNIQUE,True,
OBS01726,4ab3faf48fab,d13cabcaabdb,CCU,DEL,SG,SG-988,2026-09-07,19:30,2026-09-06 09:00,1,T1(0-2),Economy Saver,6215,1119,150,7484,Cleartrip,Available,True,VALID,,,SINGLETON::OBS01726,False,,RETAINED_UNIQUE,True,
OBS01727,6a1df657873f,5ac7d7c9ad95,CCU,DEL,SG,SG-988,2026-09-07,19:30,2026-09-06 09:00,1,T1(0-2),Economy Flexi,9718,1749,120,11587,Cleartrip,Available,True,VALID,,,SINGLETON::OBS01727,False,,RETAINED_UNIQUE,True,
OBS01728,955337ba2f4f,5ac7d7c9ad95,CCU,DEL,SG,SG-988,2026-09-07,19:30,2026-09-06 09:00,1,T1(0-2),Economy Flexi,9776,1760,150,11686,EaseMyTrip,Available,True,VALID,,,SINGLETON::OBS01728,False,,RETAINED_UNIQUE,True,
OBS01729,452ab6f396ab,98b5b77bbda0,CCU,DEL,SG,SG-988,2026-09-13,19:30,2026-09-06 09:00,7,T7(5-9),Economy Standard,7472,1345,200,9017,Cleartrip,Available,True,VALID,,,SINGLETON::OBS01729,False,,RETAINED_UNIQUE,True,
OBS01730,3eb7cef1835e,6766c135b14d,CCU,DEL,SG,SG-988,2026-09-21,19:30,2026-09-06 09:00,15,T15(12-18),Economy Standard,5904,1063,150,7117,AirlineSite,Available,True,VALID,,,SINGLETON::OBS01730,False,,RETAINED_UNIQUE,True,
OBS01731,6ada18b7f042,79b9e579444a,CCU,DEL,SG,SG-988,2026-10-06,19:30,2026-09-06 09:00,30,T30(25-35),Economy Flexi,6466,1164,150,7780,Cleartrip,Available,True,VALID,,,SINGLETON::OBS01731,False,,RETAINED_UNIQUE,True,
OBS01732,d3545d573ed5,39b508ae3da0,CCU,DEL,SG,SG-988,2026-10-22,19:30,2026-09-06 09:00,46,T45(40-50),Economy Standard,5723,1030,200,6953,EaseMyTrip,Available,True,VALID,,,SINGLETON::OBS01732,False,,RETAINED_UNIQUE,True,
OBS01733,aa64d35d3945,9de466e599ee,CCU,DEL,SG,SG-988,2026-10-22,19:30,2026-09-06 09:00,46,T45(40-50),Economy Flexi,6522,1174,150,7846,AirlineSite,Available,True,VALID,,,SINGLETON::OBS01733,False,,RETAINED_UNIQUE,True,
OBS01734,9be96470f6e2,9de466e599ee,CCU,DEL,SG,SG-988,2026-10-22,19:30,2026-09-06 09:00,46,T45(40-50),Economy Flexi,6853,1234,180,8267,Cleartrip,Available,True,VALID,,,SINGLETON::OBS01734,False,,RETAINED_UNIQUE,True,
OBS01735,ce6b4e580eaa,1b573d75be95,AMD,DEL,6E,6E-205,2026-09-07,14:30,2026-09-06 09:00,1,T1(0-2),Economy Flexi,10188,1834,120,12142,EaseMyTrip,Available,True,VALID,,,SINGLETON::OBS01735,False,,RETAINED_UNIQUE,True,
OBS01736,86c6b7e086c3,1b573d75be95,AMD,DEL,6E,6E-205,2026-09-07,14:30,2026-09-06 09:00,1,T1(0-2),Economy Flexi,9567,1722,120,11409,MMT,Available,True,VALID,,,SINGLETON::OBS01736,False,,RETAINED_UNIQUE,True,
OBS01737,8ce775218e9f,431253c1f0ec,AMD,DEL,6E,6E-205,2026-09-07,14:30,2026-09-06 09:00,1,T1(0-2),Economy Saver,6395,1151,180,7726,MMT,Available,True,VALID,,,SINGLETON::OBS01737,False,,RETAINED_UNIQUE,True,
OBS01738,f4b5fbc5de8a,431253c1f0ec,AMD,DEL,6E,6E-205,2026-09-07,14:30,2026-09-06 09:00,1,T1(0-2),Economy Saver,6158,1108,100,7366,Goibibo,Available,True,VALID,,,SINGLETON::OBS01738,False,,RETAINED_UNIQUE,True,
OBS01739,157c223fa1e2,ef482708ca5e,AMD,DEL,6E,6E-205,2026-09-13,14:30,2026-09-06 09:00,7,T7(5-9),Economy Saver,5593,1007,200,6800,MMT,Available,True,VALID,,,SINGLETON::OBS01739,False,,RETAINED_UNIQUE,True,
OBS01740,7c8f51445788,ef482708ca5e,AMD,DEL,6E,6E-205,2026-09-13,14:30,2026-09-06 09:00,7,T7(5-9),Economy Saver,5359,965,120,6444,Goibibo,Available,True,VALID,,,SINGLETON::OBS01740,False,,RETAINED_UNIQUE,True,
OBS01741,edbd05e38a77,7165fcb4c97e,AMD,DEL,6E,6E-205,2026-09-13,14:30,2026-09-06 09:00,7,T7(5-9),Economy Standard,7544,1358,100,9002,Cleartrip,Available,True,VALID,,,SINGLETON::OBS01741,False,,RETAINED_UNIQUE,True,
OBS01742,073ac5f75d1f,27147b7bd42b,AMD,DEL,6E,6E-205,2026-09-21,14:30,2026-09-06 09:00,15,T15(12-18),Economy Flexi,7444,1340,180,8964,MMT,Available,True,VALID,,,SINGLETON::OBS01742,False,,RETAINED_UNIQUE,True,
OBS01743,1498291e577c,27147b7bd42b,AMD,DEL,6E,6E-205,2026-09-21,14:30,2026-09-06 09:00,15,T15(12-18),Economy Flexi,7694,1385,200,9279,Goibibo,Available,True,VALID,,,SINGLETON::OBS01743,False,,RETAINED_UNIQUE,True,
OBS01744,cfda9eaa83a5,b5e48fb905f6,AMD,DEL,6E,6E-205,2026-09-21,14:30,2026-09-06 09:00,15,T15(12-18),Economy Standard,6177,1112,100,7389,Cleartrip,Available,True,VALID,,,SINGLETON::OBS01744,False,,RETAINED_UNIQUE,True,
OBS01745,e2225969e334,b5e48fb905f6,AMD,DEL,6E,6E-205,2026-09-21,14:30,2026-09-06 09:00,15,T15(12-18),Economy Standard,6392,1151,120,7663,AirlineSite,Available,True,VALID,,,SINGLETON::OBS01745,False,,RETAINED_UNIQUE,True,
OBS01746,59f8ac863ccd,6f6bb31ace4e,AMD,DEL,6E,6E-205,2026-10-06,14:30,2026-09-06 09:00,30,T30(25-35),Economy Flexi,6378,1148,180,7706,MMT,Available,True,VALID,,,SINGLETON::OBS01746,False,,RETAINED_UNIQUE,True,
OBS01747,bbaa75ba5423,6f6bb31ace4e,AMD,DEL,6E,6E-205,2026-10-06,14:30,2026-09-06 09:00,30,T30(25-35),Economy Flexi,6460,1163,100,7723,Goibibo,Available,True,VALID,,,SINGLETON::OBS01747,False,,RETAINED_UNIQUE,True,
OBS01748,08ab35c65cf3,891219931103,AMD,DEL,6E,6E-205,2026-10-06,14:30,2026-09-06 09:00,30,T30(25-35),Economy Standard,5529,995,150,6674,EaseMyTrip,Available,True,VALID,,,SINGLETON::OBS01748,False,,RETAINED_UNIQUE,True,
OBS01749,84d1193bd078,891219931103,AMD,DEL,6E,6E-205,2026-10-06,14:30,2026-09-06 09:00,30,T30(25-35),Economy Standard,5234,942,100,6276,Goibibo,Available,True,VALID,,,SINGLETON::OBS01749,False,,RETAINED_UNIQUE,True,
OBS01750,104a4707d31f,bba378b16813,AMD,DEL,6E,6E-205,2026-10-22,14:30,2026-09-06 09:00,46,T45(40-50),Economy Saver,4116,741,180,5037,AirlineSite,Available,True,VALID,,,SINGLETON::OBS01750,False,,RETAINED_UNIQUE,True,
OBS01751,58bc3e54ccad,bba378b16813,AMD,DEL,6E,6E-205,2026-10-22,14:30,2026-09-06 09:00,46,T45(40-50),Economy Saver,4151,747,120,5018,MMT,Available,True,VALID,,,SINGLETON::OBS01751,False,,RETAINED_UNIQUE,True,
OBS01752,4116f0652e2f,1b573d75be95,AMD,DEL,AI,AI-18,2026-09-07,20:45,2026-09-06 09:00,1,T1(0-2),Economy Flexi,9850,1773,120,11743,AirlineSite,Available,True,VALID,,,SINGLETON::OBS01752,False,,RETAINED_UNIQUE,True,
OBS01753,c6504d547e0d,1b573d75be95,AMD,DEL,AI,AI-18,2026-09-07,20:45,2026-09-06 09:00,1,T1(0-2),Economy Flexi,9664,1739,180,11583,Cleartrip,Available,True,VALID,,,SINGLETON::OBS01753,False,,RETAINED_UNIQUE,True,
OBS01754,e8839212d771,431253c1f0ec,AMD,DEL,AI,AI-18,2026-09-07,20:45,2026-09-06 09:00,1,T1(0-2),Economy Saver,6027,1085,180,7292,MMT,Available,True,VALID,,,SINGLETON::OBS01754,False,,RETAINED_UNIQUE,True,
OBS01755,b234f50ab5f1,431253c1f0ec,AMD,DEL,AI,AI-18,2026-09-07,20:45,2026-09-06 09:00,1,T1(0-2),Economy Saver,6243,1124,100,7467,AirlineSite,Available,True,VALID,,,SINGLETON::OBS01755,False,,RETAINED_UNIQUE,True,
OBS01756,ab13b4536fbd,ef482708ca5e,AMD,DEL,AI,AI-18,2026-09-13,20:45,2026-09-06 09:00,7,T7(5-9),Economy Saver,5583,1005,180,6768,Cleartrip,Available,True,VALID,,,SINGLETON::OBS01756,False,,RETAINED_UNIQUE,True,
OBS01757,2e5350f41319,028a92b5a9d0,AMD,DEL,AI,AI-18,2026-09-13,20:45,2026-09-06 09:00,7,T7(5-9),Economy Flexi,8898,1602,150,10650,EaseMyTrip,Available,True,VALID,,,SINGLETON::OBS01757,False,,RETAINED_UNIQUE,True,
OBS01758,8a5b9e823d38,27147b7bd42b,AMD,DEL,AI,AI-18,2026-09-21,20:45,2026-09-06 09:00,15,T15(12-18),Economy Flexi,7134,1284,120,8538,Cleartrip,Available,True,VALID,,,SINGLETON::OBS01758,False,,RETAINED_UNIQUE,True,
OBS01759,af1fb4108804,27147b7bd42b,AMD,DEL,AI,AI-18,2026-09-21,20:45,2026-09-06 09:00,15,T15(12-18),Economy Flexi,7459,1343,180,8982,MMT,Available,True,VALID,,,SINGLETON::OBS01759,False,,RETAINED_UNIQUE,True,
OBS01760,57a44bbfc234,6f6bb31ace4e,AMD,DEL,AI,AI-18,2026-10-06,20:45,2026-09-06 09:00,30,T30(25-35),Economy Flexi,6640,1195,200,8035,EaseMyTrip,Available,True,VALID,,,SINGLETON::OBS01760,False,,RETAINED_UNIQUE,True,
OBS01761,897e553c8a9c,6f6bb31ace4e,AMD,DEL,AI,AI-18,2026-10-06,20:45,2026-09-06 09:00,30,T30(25-35),Economy Flexi,6362,1145,100,7607,Goibibo,Available,True,VALID,,,SINGLETON::OBS01761,False,,RETAINED_UNIQUE,True,
OBS01762,a9a7408b781b,7f59c7c77479,AMD,DEL,AI,AI-18,2026-10-22,20:45,2026-09-06 09:00,46,T45(40-50),Economy Flexi,6741,1213,120,8074,Cleartrip,Available,True,VALID,,,SINGLETON::OBS01762,False,,RETAINED_UNIQUE,True,
OBS01763,720c781ae0ab,7f59c7c77479,AMD,DEL,AI,AI-18,2026-10-22,20:45,2026-09-06 09:00,46,T45(40-50),Economy Flexi,6610,1190,120,7920,Goibibo,Available,True,VALID,,,SINGLETON::OBS01763,False,,RETAINED_UNIQUE,True,
OBS01764,76b57c1bbb87,9159d104c86d,AMD,DEL,AI,AI-18,2026-10-22,20:45,2026-09-06 09:00,46,T45(40-50),Economy Standard,5676,1022,120,6818,Goibibo,Available,True,VALID,,,SINGLETON::OBS01764,False,,RETAINED_UNIQUE,True,
OBS01765,71779fd205b0,9159d104c86d,AMD,DEL,AI,AI-18,2026-10-22,20:45,2026-09-06 09:00,46,T45(40-50),Economy Standard,5561,1001,100,6662,EaseMyTrip,Available,True,VALID,,,SINGLETON::OBS01765,False,,RETAINED_UNIQUE,True,
OBS01766,c67f0c391ef3,1b573d75be95,AMD,DEL,IX,IX-340,2026-09-07,06:30,2026-09-06 09:00,1,T1(0-2),Economy Flexi,9612,1730,200,11542,MMT,Available,True,VALID,,,SINGLETON::OBS01766,False,,RETAINED_UNIQUE,True,
OBS01767,9c72de37f5a2,431253c1f0ec,AMD,DEL,IX,IX-340,2026-09-07,06:30,2026-09-06 09:00,1,T1(0-2),Economy Saver,6510,1172,180,7862,AirlineSite,Available,True,VALID,,,SINGLETON::OBS01767,False,,RETAINED_UNIQUE,True,
OBS01768,1f0cdb237ba4,431253c1f0ec,AMD,DEL,IX,IX-340,2026-09-07,06:30,2026-09-06 09:00,1,T1(0-2),Economy Saver,6562,1181,200,7943,MMT,Available,True,VALID,,,SINGLETON::OBS01768,False,,RETAINED_UNIQUE,True,
OBS01769,3fba15d43293,7165fcb4c97e,AMD,DEL,IX,IX-340,2026-09-13,06:30,2026-09-06 09:00,7,T7(5-9),Economy Standard,7230,1301,150,8681,AirlineSite,Available,True,VALID,,,SINGLETON::OBS01769,False,,RETAINED_UNIQUE,True,
OBS01770,0039d7d3d088,b5e48fb905f6,AMD,DEL,IX,IX-340,2026-09-21,06:30,2026-09-06 09:00,15,T15(12-18),Economy Standard,6113,1100,100,7313,MMT,Available,True,VALID,,,SINGLETON::OBS01770,False,,RETAINED_UNIQUE,True,
OBS01771,064c62fa58ab,b5e48fb905f6,AMD,DEL,IX,IX-340,2026-09-21,06:30,2026-09-06 09:00,15,T15(12-18),Economy Standard,6220,1120,180,7520,AirlineSite,Available,True,VALID,,,SINGLETON::OBS01771,False,,RETAINED_UNIQUE,True,
OBS01772,f3d3624e1d59,0d6e5e42b899,AMD,DEL,IX,IX-340,2026-09-21,06:30,2026-09-06 09:00,15,T15(12-18),Economy Saver,4940,889,180,6009,Cleartrip,Available,True,VALID,,,SINGLETON::OBS01772,False,,RETAINED_UNIQUE,True,
OBS01773,bdaeba2fee5e,0d6e5e42b899,AMD,DEL,IX,IX-340,2026-09-21,06:30,2026-09-06 09:00,15,T15(12-18),Economy Saver,4554,820,150,5524,Goibibo,Available,True,VALID,,,SINGLETON::OBS01773,False,,RETAINED_UNIQUE,True,
OBS01774,1694905e39d6,6f6bb31ace4e,AMD,DEL,IX,IX-340,2026-10-06,06:30,2026-09-06 09:00,30,T30(25-35),Economy Flexi,6778,1220,180,8178,Cleartrip,Available,True,VALID,,,SINGLETON::OBS01774,False,,RETAINED_UNIQUE,True,
OBS01775,ea204ce4e509,9159d104c86d,AMD,DEL,IX,IX-340,2026-10-22,06:30,2026-09-06 09:00,46,T45(40-50),Economy Standard,5539,997,180,6716,EaseMyTrip,Available,True,VALID,,,SINGLETON::OBS01775,False,,RETAINED_UNIQUE,True,
OBS01776,65a6d592630e,bba378b16813,AMD,DEL,IX,IX-340,2026-10-22,06:30,2026-09-06 09:00,46,T45(40-50),Economy Saver,4377,788,120,5285,Goibibo,Available,True,VALID,,,SINGLETON::OBS01776,False,,RETAINED_UNIQUE,True,
OBS01777,cf3e57615e9c,493c266cc949,DEL,MAA,6E,6E-843,2026-09-07,06:30,2026-09-06 09:00,1,T1(0-2),Economy Saver,6129,1103,200,7432,MMT,Available,True,VALID,,,SINGLETON::OBS01777,False,,RETAINED_UNIQUE,True,
OBS01778,cbb5b2c6633e,ee44d40bf2b6,DEL,MAA,6E,6E-843,2026-09-13,06:30,2026-09-06 09:00,7,T7(5-9),Economy Saver,5428,977,150,6555,Cleartrip,Available,True,VALID,,,SINGLETON::OBS01778,False,,RETAINED_UNIQUE,True,
OBS01779,fbcf5c6f5a1c,6a5d368858ba,DEL,MAA,6E,6E-843,2026-09-13,06:30,2026-09-06 09:00,7,T7(5-9),Economy Flexi,9020,1624,200,10844,MMT,Available,True,VALID,,,SINGLETON::OBS01779,False,,RETAINED_UNIQUE,True,
OBS01780,208f86005b32,4bd4dbfe8e74,DEL,MAA,6E,6E-843,2026-09-21,06:30,2026-09-06 09:00,15,T15(12-18),Economy Standard,6221,1120,100,7441,EaseMyTrip,Available,True,VALID,,,SINGLETON::OBS01780,False,,RETAINED_UNIQUE,True,
OBS01781,54fb7a28265f,7e03355123df,DEL,MAA,6E,6E-843,2026-10-06,06:30,2026-09-06 09:00,30,T30(25-35),Economy Flexi,6368,1146,180,7694,AirlineSite,Available,True,VALID,,,SINGLETON::OBS01781,False,,RETAINED_UNIQUE,True,
OBS01782,b7d1938d739b,7e03355123df,DEL,MAA,6E,6E-843,2026-10-06,06:30,2026-09-06 09:00,30,T30(25-35),Economy Flexi,6842,1232,120,8194,EaseMyTrip,Available,True,VALID,,,SINGLETON::OBS01782,False,,RETAINED_UNIQUE,True,
OBS01783,fba3e6338bad,092ba413c235,DEL,MAA,6E,6E-843,2026-10-06,06:30,2026-09-06 09:00,30,T30(25-35),Economy Standard,5233,942,180,6355,MMT,Available,True,VALID,,,SINGLETON::OBS01783,False,,RETAINED_UNIQUE,True,
OBS01784,ca591dfe49af,092ba413c235,DEL,MAA,6E,6E-843,2026-10-06,06:30,2026-09-06 09:00,30,T30(25-35),Economy Standard,5199,936,100,6235,EaseMyTrip,Available,True,VALID,,,SINGLETON::OBS01784,False,,RETAINED_UNIQUE,True,
OBS01785,4511b4b6acc3,0c93f429168e,DEL,MAA,6E,6E-843,2026-10-22,06:30,2026-09-06 09:00,46,T45(40-50),Economy Saver,4367,786,120,5273,AirlineSite,Available,True,VALID,,,SINGLETON::OBS01785,False,,RETAINED_UNIQUE,True,
OBS01786,84fea554729d,8a62b318ee2c,DEL,MAA,6E,6E-843,2026-10-22,06:30,2026-09-06 09:00,46,T45(40-50),Economy Flexi,6610,1190,100,7900,AirlineSite,Available,True,VALID,,,SINGLETON::OBS01786,False,,RETAINED_UNIQUE,True,
OBS01787,4a481c1cd18d,e0a68d45346c,DEL,MAA,AI,AI-542,2026-09-07,07:00,2026-09-06 09:00,1,T1(0-2),Economy Standard,7961,1433,180,9574,EaseMyTrip,Available,True,VALID,,,SINGLETON::OBS01787,False,,RETAINED_UNIQUE,True,
OBS01788,48e0e679c8d7,493c266cc949,DEL,MAA,AI,AI-542,2026-09-07,07:00,2026-09-06 09:00,1,T1(0-2),Economy Saver,6080,1094,150,7324,MMT,Available,True,VALID,,,SINGLETON::OBS01788,False,,RETAINED_UNIQUE,True,
OBS01789,71eaefe72019,ee44d40bf2b6,DEL,MAA,AI,AI-542,2026-09-13,07:00,2026-09-06 09:00,7,T7(5-9),Economy Saver,5559,1001,180,6740,Cleartrip,Available,True,VALID,,,SINGLETON::OBS01789,False,,RETAINED_UNIQUE,True,
OBS01790,3ad98d4d011d,ee44d40bf2b6,DEL,MAA,AI,AI-542,2026-09-13,07:00,2026-09-06 09:00,7,T7(5-9),Economy Saver,5465,984,150,6599,AirlineSite,Available,True,VALID,,,SINGLETON::OBS01790,False,,RETAINED_UNIQUE,True,
OBS01791,d7a2fd761b56,6a5d368858ba,DEL,MAA,AI,AI-542,2026-09-13,07:00,2026-09-06 09:00,7,T7(5-9),Economy Flexi,9170,1651,180,11001,AirlineSite,Available,True,VALID,,,SINGLETON::OBS01791,False,,RETAINED_UNIQUE,True,
OBS01792,1663f96aa2c9,6a5d368858ba,DEL,MAA,AI,AI-542,2026-09-13,07:00,2026-09-06 09:00,7,T7(5-9),Economy Flexi,8659,1559,200,10418,EaseMyTrip,Available,True,VALID,,,SINGLETON::OBS01792,False,,RETAINED_UNIQUE,True,
OBS01793,10ad88a26c50,9000dae36bb3,DEL,MAA,AI,AI-542,2026-09-21,07:00,2026-09-06 09:00,15,T15(12-18),Economy Saver,5000,900,180,6080,AirlineSite,Available,True,VALID,,,SINGLETON::OBS01793,False,,RETAINED_UNIQUE,True,
OBS01794,cf9c8e5cfc2e,9000dae36bb3,DEL,MAA,AI,AI-542,2026-09-21,07:00,2026-09-06 09:00,15,T15(12-18),Economy Saver,4856,874,120,5850,Cleartrip,Available,True,VALID,,,SINGLETON::OBS01794,False,,RETAINED_UNIQUE,True,
OBS01795,51413482b831,aef7f53b8631,DEL,MAA,AI,AI-542,2026-09-21,07:00,2026-09-06 09:00,15,T15(12-18),Economy Flexi,7854,1414,180,9448,MMT,Available,True,VALID,,,SINGLETON::OBS01795,False,,RETAINED_UNIQUE,True,
OBS01796,40dc8d4707f7,aef7f53b8631,DEL,MAA,AI,AI-542,2026-09-21,07:00,2026-09-06 09:00,15,T15(12-18),Economy Flexi,7178,1292,100,8570,Cleartrip,Available,True,VALID,,,SINGLETON::OBS01796,False,,RETAINED_UNIQUE,True,
OBS01797,f41b4a2fc557,092ba413c235,DEL,MAA,AI,AI-542,2026-10-06,07:00,2026-09-06 09:00,30,T30(25-35),Economy Standard,5195,935,100,6230,MMT,Available,True,VALID,,,SINGLETON::OBS01797,False,,RETAINED_UNIQUE,True,
OBS01798,ecd8fe50081e,21dfb4be435a,DEL,MAA,AI,AI-542,2026-10-06,07:00,2026-09-06 09:00,30,T30(25-35),Economy Saver,4350,783,200,5333,MMT,Available,True,VALID,,,SINGLETON::OBS01798,False,,RETAINED_UNIQUE,True,
OBS01799,55491bbd07a4,21dfb4be435a,DEL,MAA,AI,AI-542,2026-10-06,07:00,2026-09-06 09:00,30,T30(25-35),Economy Saver,4065,732,120,4917,Goibibo,Available,True,VALID,,,SINGLETON::OBS01799,False,,RETAINED_UNIQUE,True,
OBS01800,35d3e03ebc70,61c8f40b5dd6,DEL,MAA,AI,AI-542,2026-10-22,07:00,2026-09-06 09:00,46,T45(40-50),Economy Standard,5387,970,100,6457,MMT,Available,True,VALID,,,SINGLETON::OBS01800,False,,RETAINED_UNIQUE,True,
OBS01801,67eeb8ef2597,8a62b318ee2c,DEL,MAA,AI,AI-542,2026-10-22,07:00,2026-09-06 09:00,46,T45(40-50),Economy Flexi,6988,1258,180,8426,EaseMyTrip,Available,True,VALID,,,SINGLETON::OBS01801,False,,RETAINED_UNIQUE,True,
OBS01802,4900af08a2f3,493c266cc949,DEL,MAA,IX,IX-621,2026-09-07,05:30,2026-09-06 09:00,1,T1(0-2),Economy Saver,6349,1143,150,7642,AirlineSite,Available,True,VALID,,,SINGLETON::OBS01802,False,,RETAINED_UNIQUE,True,
OBS01803,3f05473adca0,493c266cc949,DEL,MAA,IX,IX-621,2026-09-07,05:30,2026-09-06 09:00,1,T1(0-2),Economy Saver,6412,1154,120,7686,Goibibo,Available,True,VALID,,,SINGLETON::OBS01803,False,,RETAINED_UNIQUE,True,
OBS01804,481ce6ea4a01,e0a68d45346c,DEL,MAA,IX,IX-621,2026-09-07,05:30,2026-09-06 09:00,1,T1(0-2),Economy Standard,7810,1406,100,9316,Cleartrip,Available,True,VALID,,,SINGLETON::OBS01804,False,,RETAINED_UNIQUE,True,
OBS01805,ce5b3cc7c2b9,e0a68d45346c,DEL,MAA,IX,IX-621,2026-09-07,05:30,2026-09-06 09:00,1,T1(0-2),Economy Standard,8369,1506,120,9995,MMT,Available,True,VALID,,,SINGLETON::OBS01805,False,,RETAINED_UNIQUE,True,
OBS01806,c37d892ac03b,6a5d368858ba,DEL,MAA,IX,IX-621,2026-09-13,05:30,2026-09-06 09:00,7,T7(5-9),Economy Flexi,8556,1540,100,10196,EaseMyTrip,Available,True,VALID,,,SINGLETON::OBS01806,False,,RETAINED_UNIQUE,True,
OBS01807,3e33751b2fa1,6a5d368858ba,DEL,MAA,IX,IX-621,2026-09-13,05:30,2026-09-06 09:00,7,T7(5-9),Economy Flexi,8452,1521,180,10153,Cleartrip,Available,True,VALID,,,SINGLETON::OBS01807,False,,RETAINED_UNIQUE,True,
OBS01808,ba69a19dbc16,9000dae36bb3,DEL,MAA,IX,IX-621,2026-09-21,05:30,2026-09-06 09:00,15,T15(12-18),Economy Saver,4979,896,120,5995,MMT,Available,True,VALID,,,SINGLETON::OBS01808,False,,RETAINED_UNIQUE,True,
OBS01809,679526d63dac,21dfb4be435a,DEL,MAA,IX,IX-621,2026-10-06,05:30,2026-09-06 09:00,30,T30(25-35),Economy Saver,4245,764,180,5189,MMT,Available,True,VALID,,,SINGLETON::OBS01809,False,,RETAINED_UNIQUE,True,
OBS01810,2924c9a6d70d,61c8f40b5dd6,DEL,MAA,IX,IX-621,2026-10-22,05:30,2026-09-06 09:00,46,T45(40-50),Economy Standard,5413,974,200,6587,MMT,Available,True,VALID,,,SINGLETON::OBS01810,False,,RETAINED_UNIQUE,True,
OBS01811,8139ebb73f2c,0c93f429168e,DEL,MAA,IX,IX-621,2026-10-22,05:30,2026-09-06 09:00,46,T45(40-50),Economy Saver,4152,747,180,5079,Cleartrip,Available,True,VALID,,,SINGLETON::OBS01811,False,,RETAINED_UNIQUE,True,
OBS01812,a8eecf738d9b,e1a56258a3a8,BOM,HYD,6E,6E-631,2026-09-07,06:00,2026-09-06 09:00,1,T1(0-2),Economy Standard,7964,1433,120,9517,AirlineSite,Available,True,VALID,,,SINGLETON::OBS01812,False,,RETAINED_UNIQUE,True,
OBS01813,a9a90241a444,e1a56258a3a8,BOM,HYD,6E,6E-631,2026-09-07,06:00,2026-09-06 09:00,1,T1(0-2),Economy Standard,8021,1444,180,9645,Cleartrip,Available,True,VALID,,,SINGLETON::OBS01813,False,,RETAINED_UNIQUE,True,
OBS01814,54ee23edfb24,07ded1f87ed1,BOM,HYD,6E,6E-631,2026-09-13,06:00,2026-09-06 09:00,7,T7(5-9),Economy Saver,5580,1004,100,6684,Goibibo,Available,True,VALID,,,SINGLETON::OBS01814,False,,RETAINED_UNIQUE,True,
OBS01815,c5c995b63f2d,e1c387d72b7c,BOM,HYD,6E,6E-631,2026-09-13,06:00,2026-09-06 09:00,7,T7(5-9),Economy Standard,7264,1308,120,8692,EaseMyTrip,Available,True,VALID,,,SINGLETON::OBS01815,False,,RETAINED_UNIQUE,True,
OBS01816,354366a3183b,e1c387d72b7c,BOM,HYD,6E,6E-631,2026-09-13,06:00,2026-09-06 09:00,7,T7(5-9),Economy Standard,7053,1270,180,8503,MMT,Available,True,VALID,,,SINGLETON::OBS01816,False,,RETAINED_UNIQUE,True,
OBS01817,80e9104ee681,bf0aff4e778d,BOM,HYD,6E,6E-631,2026-09-21,06:00,2026-09-06 09:00,15,T15(12-18),Economy Standard,5876,1058,120,7054,EaseMyTrip,Available,True,VALID,,,SINGLETON::OBS01817,False,,RETAINED_UNIQUE,True,
OBS01818,dd844b7c088b,bf0aff4e778d,BOM,HYD,6E,6E-631,2026-09-21,06:00,2026-09-06 09:00,15,T15(12-18),Economy Standard,6266,1128,120,7514,Goibibo,Available,True,VALID,,,SINGLETON::OBS01818,False,,RETAINED_UNIQUE,True,
OBS01819,2816959355b7,6be000ebcf7f,BOM,HYD,6E,6E-631,2026-09-21,06:00,2026-09-06 09:00,15,T15(12-18),Economy Flexi,7131,1284,200,8615,MMT,Available,True,VALID,,,SINGLETON::OBS01819,False,,RETAINED_UNIQUE,True,
OBS01820,0c57db26f63a,bbfe5f3c04d6,BOM,HYD,6E,6E-631,2026-10-06,06:00,2026-09-06 09:00,30,T30(25-35),Economy Standard,5391,970,150,6511,Goibibo,Available,True,VALID,,,SINGLETON::OBS01820,False,,RETAINED_UNIQUE,True,
OBS01821,5d9b27c086ee,bbfe5f3c04d6,BOM,HYD,6E,6E-631,2026-10-06,06:00,2026-09-06 09:00,30,T30(25-35),Economy Standard,5530,995,200,6725,Cleartrip,Available,True,VALID,,,SINGLETON::OBS01821,False,,RETAINED_UNIQUE,True,
OBS01822,ae163f0f7456,f2c7461dedfd,BOM,HYD,6E,6E-631,2026-10-06,06:00,2026-09-06 09:00,30,T30(25-35),Economy Flexi,6920,1246,100,8266,Goibibo,Available,True,VALID,,,SINGLETON::OBS01822,False,,RETAINED_UNIQUE,True,
OBS01823,ffc619f02638,490ab33a4f17,BOM,HYD,6E,6E-631,2026-10-22,06:00,2026-09-06 09:00,46,T45(40-50),Economy Flexi,6968,1254,150,8372,Goibibo,Available,True,VALID,,,SINGLETON::OBS01823,False,,RETAINED_UNIQUE,True,
OBS01824,5f5afc14d898,0c85a3933472,BOM,HYD,6E,6E-631,2026-10-22,06:00,2026-09-06 09:00,46,T45(40-50),Economy Saver,4305,775,180,5260,Cleartrip,Available,True,VALID,,,SINGLETON::OBS01824,False,,RETAINED_UNIQUE,True,
OBS01825,d1e1333cad25,0c85a3933472,BOM,HYD,6E,6E-631,2026-10-22,06:00,2026-09-06 09:00,46,T45(40-50),Economy Saver,4341,781,120,5242,AirlineSite,Available,True,VALID,,,SINGLETON::OBS01825,False,,RETAINED_UNIQUE,True,
OBS01826,f54cdaf57063,b1510a4167ab,BOM,HYD,AI,AI-619,2026-09-07,14:45,2026-09-06 09:00,1,T1(0-2),Economy Saver,6109,1100,180,7389,MMT,Available,True,VALID,,,SINGLETON::OBS01826,False,,RETAINED_UNIQUE,True,
OBS01827,2d73b1333a7d,e1a56258a3a8,BOM,HYD,AI,AI-619,2026-09-07,14:45,2026-09-06 09:00,1,T1(0-2),Economy Standard,7843,1412,200,9455,Cleartrip,Available,True,VALID,,,SINGLETON::OBS01827,False,,RETAINED_UNIQUE,True,
OBS01828,00dad0bf595d,07ded1f87ed1,BOM,HYD,AI,AI-619,2026-09-13,14:45,2026-09-06 09:00,7,T7(5-9),Economy Saver,5701,1026,180,6907,AirlineSite,Available,True,VALID,,,SINGLETON::OBS01828,False,,RETAINED_UNIQUE,True,
OBS01829,3bd5f5333010,6be000ebcf7f,BOM,HYD,AI,AI-619,2026-09-21,14:45,2026-09-06 09:00,15,T15(12-18),Economy Flexi,7251,1305,180,8736,Goibibo,Available,True,VALID,,,SINGLETON::OBS01829,False,,RETAINED_UNIQUE,True,
OBS01830,51633f9b1784,d9f3b2bd0ed3,BOM,HYD,AI,AI-619,2026-09-21,14:45,2026-09-06 09:00,15,T15(12-18),Economy Saver,4813,866,180,5859,Cleartrip,Available,True,VALID,,,SINGLETON::OBS01830,False,,RETAINED_UNIQUE,True,
OBS01831,77844e1d2254,d9f3b2bd0ed3,BOM,HYD,AI,AI-619,2026-09-21,14:45,2026-09-06 09:00,15,T15(12-18),Economy Saver,4892,880,100,5872,Goibibo,Available,True,VALID,,,SINGLETON::OBS01831,False,,RETAINED_UNIQUE,True,
OBS01832,be4101c31575,f2c7461dedfd,BOM,HYD,AI,AI-619,2026-10-06,14:45,2026-09-06 09:00,30,T30(25-35),Economy Flexi,6830,1229,180,8239,MMT,Available,True,VALID,,,SINGLETON::OBS01832,False,,RETAINED_UNIQUE,True,
OBS01833,f70f400a3cc4,f2c7461dedfd,BOM,HYD,AI,AI-619,2026-10-06,14:45,2026-09-06 09:00,30,T30(25-35),Economy Flexi,6797,1224,100,8121,Cleartrip,Available,True,VALID,,,SINGLETON::OBS01833,False,,RETAINED_UNIQUE,True,
OBS01834,07a60e11c58a,8b9340ffa3a8,BOM,HYD,AI,AI-619,2026-10-22,14:45,2026-09-06 09:00,46,T45(40-50),Economy Standard,5222,940,180,6342,AirlineSite,Available,True,VALID,,,SINGLETON::OBS01834,False,,RETAINED_UNIQUE,True,
OBS01835,e44783247d59,c18a720e241c,BOM,HYD,QP,QP-1402,2026-09-07,10:45,2026-09-06 09:00,1,T1(0-2),Economy Flexi,9710,1748,120,11578,MMT,Available,True,VALID,,,SINGLETON::OBS01835,False,,RETAINED_UNIQUE,True,
OBS01836,c5d306e51c27,c18a720e241c,BOM,HYD,QP,QP-1402,2026-09-07,10:45,2026-09-06 09:00,1,T1(0-2),Economy Flexi,9538,1717,120,11375,EaseMyTrip,Available,True,VALID,,,SINGLETON::OBS01836,False,,RETAINED_UNIQUE,True,
OBS01837,dc6399413880,e1a56258a3a8,BOM,HYD,QP,QP-1402,2026-09-07,10:45,2026-09-06 09:00,1,T1(0-2),Economy Standard,8098,1458,120,9676,Goibibo,Available,True,VALID,,,SINGLETON::OBS01837,False,,RETAINED_UNIQUE,True,
OBS01838,4472009a22ad,07ded1f87ed1,BOM,HYD,QP,QP-1402,2026-09-13,10:45,2026-09-06 09:00,7,T7(5-9),Economy Saver,5793,1043,120,6956,MMT,Available,True,VALID,,,SINGLETON::OBS01838,False,,RETAINED_UNIQUE,True,
OBS01839,30682cde86b2,bf0aff4e778d,BOM,HYD,QP,QP-1402,2026-09-21,10:45,2026-09-06 09:00,15,T15(12-18),Economy Standard,5880,1058,100,7038,MMT,Available,True,VALID,,,SINGLETON::OBS01839,False,,RETAINED_UNIQUE,True,
OBS01840,9338d8fc154a,6be000ebcf7f,BOM,HYD,QP,QP-1402,2026-09-21,10:45,2026-09-06 09:00,15,T15(12-18),Economy Flexi,7176,1292,100,8568,AirlineSite,Available,True,VALID,,,SINGLETON::OBS01840,False,,RETAINED_UNIQUE,True,
OBS01841,9505f62b727b,6be000ebcf7f,BOM,HYD,QP,QP-1402,2026-09-21,10:45,2026-09-06 09:00,15,T15(12-18),Economy Flexi,7563,1361,180,9104,Cleartrip,Available,True,VALID,,,SINGLETON::OBS01841,False,,RETAINED_UNIQUE,True,
OBS01842,c2dbbcc03df5,f2c7461dedfd,BOM,HYD,QP,QP-1402,2026-10-06,10:45,2026-09-06 09:00,30,T30(25-35),Economy Flexi,6512,1172,100,7784,AirlineSite,Available,True,VALID,,,SINGLETON::OBS01842,False,,RETAINED_UNIQUE,True,
OBS01843,1105bac442ec,465ccb21c1f9,BOM,HYD,QP,QP-1402,2026-10-06,10:45,2026-09-06 09:00,30,T30(25-35),Economy Saver,4121,742,100,4963,AirlineSite,Available,True,VALID,,,SINGLETON::OBS01843,False,,RETAINED_UNIQUE,True,
OBS01844,cf03e3d402da,490ab33a4f17,BOM,HYD,QP,QP-1402,2026-10-22,10:45,2026-09-06 09:00,46,T45(40-50),Economy Flexi,6735,1212,150,8097,Goibibo,Available,True,VALID,,,SINGLETON::OBS01844,False,,RETAINED_UNIQUE,True,
OBS01845,019e0cd5380a,490ab33a4f17,BOM,HYD,QP,QP-1402,2026-10-22,10:45,2026-09-06 09:00,46,T45(40-50),Economy Flexi,6581,1185,150,7916,Cleartrip,Available,True,VALID,,,SINGLETON::OBS01845,False,,RETAINED_UNIQUE,True,
OBS01846,85ca662dd69a,8b9340ffa3a8,BOM,HYD,QP,QP-1402,2026-10-22,10:45,2026-09-06 09:00,46,T45(40-50),Economy Standard,5543,998,180,6721,MMT,Available,True,VALID,,,SINGLETON::OBS01846,False,,RETAINED_UNIQUE,True,
OBS01847,e326f786b6ba,8b9340ffa3a8,BOM,HYD,QP,QP-1402,2026-10-22,10:45,2026-09-06 09:00,46,T45(40-50),Economy Standard,5514,992,150,6656,Cleartrip,Available,True,VALID,,,SINGLETON::OBS01847,False,,RETAINED_UNIQUE,True,
OBS01848,9972dd27d21a,73f95709b96e,BLR,CCU,6E,6E-904,2026-09-07,09:45,2026-09-06 09:00,1,T1(0-2),Economy Saver,5963,1073,100,7136,Goibibo,Available,True,VALID,,,SINGLETON::OBS01848,False,,RETAINED_UNIQUE,True,
OBS01849,98baf70f6154,73f95709b96e,BLR,CCU,6E,6E-904,2026-09-07,09:45,2026-09-06 09:00,1,T1(0-2),Economy Saver,6486,1167,150,7803,MMT,Available,True,VALID,,,SINGLETON::OBS01849,False,,RETAINED_UNIQUE,True,
OBS01850,ecb6e45fc1e7,d296d727b17b,BLR,CCU,6E,6E-904,2026-09-07,09:45,2026-09-06 09:00,1,T1(0-2),Economy Flexi,9786,1761,180,11727,Cleartrip,Available,True,VALID,,,SINGLETON::OBS01850,False,,RETAINED_UNIQUE,True,
OBS01851,7b012130fd29,ffcd847971ab,BLR,CCU,6E,6E-904,2026-09-13,09:45,2026-09-06 09:00,7,T7(5-9),Economy Flexi,8410,1514,150,10074,Cleartrip,Available,True,VALID,,,SINGLETON::OBS01851,False,,RETAINED_UNIQUE,True,
OBS01852,61ff89dd303a,6aed3595730a,BLR,CCU,6E,6E-904,2026-09-13,09:45,2026-09-06 09:00,7,T7(5-9),Economy Saver,5720,1030,120,6870,Cleartrip,Available,True,VALID,,,SINGLETON::OBS01852,False,,RETAINED_UNIQUE,True,
OBS01853,5fb3ddcdb40c,3c9581757b9f,BLR,CCU,6E,6E-904,2026-09-21,09:45,2026-09-06 09:00,15,T15(12-18),Economy Standard,6432,1158,100,7690,Goibibo,Available,True,VALID,,,SINGLETON::OBS01853,False,,RETAINED_UNIQUE,True,
OBS01854,cbaa5c3bd5ef,3c9581757b9f,BLR,CCU,6E,6E-904,2026-09-21,09:45,2026-09-06 09:00,15,T15(12-18),Economy Standard,6278,1130,150,7558,EaseMyTrip,Available,True,VALID,,,SINGLETON::OBS01854,False,,RETAINED_UNIQUE,True,
OBS01855,1f5ded52ae2f,6f8836be744c,BLR,CCU,6E,6E-904,2026-09-21,09:45,2026-09-06 09:00,15,T15(12-18),Economy Saver,4947,890,200,6037,MMT,Available,True,VALID,,,SINGLETON::OBS01855,False,,RETAINED_UNIQUE,True,
OBS01856,73a56d47d8d9,aea6577cb1e2,BLR,CCU,6E,6E-904,2026-10-06,09:45,2026-09-06 09:00,30,T30(25-35),Economy Saver,4382,789,200,5371,AirlineSite,Available,True,VALID,,,SINGLETON::OBS01856,False,,RETAINED_UNIQUE,True,
OBS01857,b3eea3b44f1d,aea6577cb1e2,BLR,CCU,6E,6E-904,2026-10-06,09:45,2026-09-06 09:00,30,T30(25-35),Economy Saver,4447,800,180,5427,Cleartrip,Available,True,VALID,,,SINGLETON::OBS01857,False,,RETAINED_UNIQUE,True,
OBS01858,eaf4ee1ce707,304f2e0c97fd,BLR,CCU,6E,6E-904,2026-10-22,09:45,2026-09-06 09:00,46,T45(40-50),Economy Standard,5542,998,120,6660,Goibibo,Available,True,VALID,,,SINGLETON::OBS01858,False,,RETAINED_UNIQUE,True,
OBS01859,d571289698dc,73f95709b96e,BLR,CCU,AI,AI-772,2026-09-07,06:30,2026-09-06 09:00,1,T1(0-2),Economy Saver,6013,1082,100,7195,AirlineSite,Available,True,VALID,,,SINGLETON::OBS01859,False,,RETAINED_UNIQUE,True,
OBS01860,b3e29f22d556,174be3a33a70,BLR,CCU,AI,AI-772,2026-09-13,06:30,2026-09-06 09:00,7,T7(5-9),Economy Standard,7383,1329,180,8892,Cleartrip,Available,True,VALID,,,SINGLETON::OBS01860,False,,RETAINED_UNIQUE,True,
OBS01861,1e52cc8ac3e8,174be3a33a70,BLR,CCU,AI,AI-772,2026-09-13,06:30,2026-09-06 09:00,7,T7(5-9),Economy Standard,7550,1359,100,9009,MMT,Available,True,VALID,,,SINGLETON::OBS01861,False,,RETAINED_UNIQUE,True,
OBS01862,086fbe0dbbb4,6370ba37e27c,BLR,CCU,AI,AI-772,2026-09-21,06:30,2026-09-06 09:00,15,T15(12-18),Economy Flexi,7775,1400,200,9375,AirlineSite,Available,True,VALID,,,SINGLETON::OBS01862,False,,RETAINED_UNIQUE,True,
OBS01863,0db0797bae0f,6370ba37e27c,BLR,CCU,AI,AI-772,2026-09-21,06:30,2026-09-06 09:00,15,T15(12-18),Economy Flexi,7697,1385,200,9282,Cleartrip,Available,True,VALID,,,SINGLETON::OBS01863,False,,RETAINED_UNIQUE,True,
OBS01864,2edcbd40f835,1ad9c5173c97,BLR,CCU,AI,AI-772,2026-10-06,06:30,2026-09-06 09:00,30,T30(25-35),Economy Flexi,6768,1218,200,8186,Goibibo,Available,True,VALID,,,SINGLETON::OBS01864,False,,RETAINED_UNIQUE,True,
OBS01865,acb0115111cb,1ad9c5173c97,BLR,CCU,AI,AI-772,2026-10-06,06:30,2026-09-06 09:00,30,T30(25-35),Economy Flexi,6974,1255,180,8409,EaseMyTrip,Available,True,VALID,,,SINGLETON::OBS01865,False,,RETAINED_UNIQUE,True,
OBS01866,46330d5df17d,4c4fe89aa3fe,BLR,CCU,AI,AI-772,2026-10-22,06:30,2026-09-06 09:00,46,T45(40-50),Economy Saver,4069,732,100,4901,AirlineSite,Available,True,VALID,,,SINGLETON::OBS01866,False,,RETAINED_UNIQUE,True,
OBS01867,efebf4f95186,4c4fe89aa3fe,BLR,CCU,AI,AI-772,2026-10-22,06:30,2026-09-06 09:00,46,T45(40-50),Economy Saver,4175,751,200,5126,Cleartrip,Available,True,VALID,,,SINGLETON::OBS01867,False,,RETAINED_UNIQUE,True,
OBS01868,0ab3a66df0eb,d296d727b17b,BLR,CCU,SG,SG-321,2026-09-07,06:15,2026-09-06 09:00,1,T1(0-2),Economy Flexi,9704,1747,150,11601,EaseMyTrip,Available,True,VALID,,,SINGLETON::OBS01868,False,,RETAINED_UNIQUE,True,
OBS01869,fb1ad4ff63d1,ffcd847971ab,BLR,CCU,SG,SG-321,2026-09-13,06:15,2026-09-06 09:00,7,T7(5-9),Economy Flexi,9136,1644,180,10960,AirlineSite,Available,True,VALID,,,SINGLETON::OBS01869,False,,RETAINED_UNIQUE,True,
OBS01870,2af9f6b803d6,ffcd847971ab,BLR,CCU,SG,SG-321,2026-09-13,06:15,2026-09-06 09:00,7,T7(5-9),Economy Flexi,8675,1561,150,10386,MMT,Available,True,VALID,,,SINGLETON::OBS01870,False,,RETAINED_UNIQUE,True,
OBS01871,5d57d3d5560b,6aed3595730a,BLR,CCU,SG,SG-321,2026-09-13,06:15,2026-09-06 09:00,7,T7(5-9),Economy Saver,5712,1028,200,6940,EaseMyTrip,Available,True,VALID,,,SINGLETON::OBS01871,False,,RETAINED_UNIQUE,True,
OBS01872,c4514ac863f8,6f8836be744c,BLR,CCU,SG,SG-321,2026-09-21,06:15,2026-09-06 09:00,15,T15(12-18),Economy Saver,4685,843,150,5678,AirlineSite,Available,True,VALID,,,SINGLETON::OBS01872,False,,RETAINED_UNIQUE,True,
OBS01873,8e6189713070,6f8836be744c,BLR,CCU,SG,SG-321,2026-09-21,06:15,2026-09-06 09:00,15,T15(12-18),Economy Saver,4932,888,180,6000,Goibibo,Available,True,VALID,,,SINGLETON::OBS01873,False,,RETAINED_UNIQUE,True,
OBS01874,ec5ba49bbf8f,aea6577cb1e2,BLR,CCU,SG,SG-321,2026-10-06,06:15,2026-09-06 09:00,30,T30(25-35),Economy Saver,4284,771,150,5205,AirlineSite,Available,True,VALID,,,SINGLETON::OBS01874,False,,RETAINED_UNIQUE,True,
OBS01875,b49c05efa822,bcf747de6de3,BLR,CCU,SG,SG-321,2026-10-06,06:15,2026-09-06 09:00,30,T30(25-35),Economy Standard,5722,1030,200,6952,Cleartrip,Available,True,VALID,,,SINGLETON::OBS01875,False,,RETAINED_UNIQUE,True,
OBS01876,e3f301477fd9,ea3da1f07170,BLR,CCU,SG,SG-321,2026-10-22,06:15,2026-09-06 09:00,46,T45(40-50),Economy Flexi,6375,1147,150,7672,Cleartrip,Available,True,VALID,,,SINGLETON::OBS01876,False,,RETAINED_UNIQUE,True,
OBS01877,278d6b5a2dc0,ea3da1f07170,BLR,CCU,SG,SG-321,2026-10-22,06:15,2026-09-06 09:00,46,T45(40-50),Economy Flexi,6437,1159,120,7716,Goibibo,Available,True,VALID,,,SINGLETON::OBS01877,False,,RETAINED_UNIQUE,True,
OBS01878,80bd10bc53e1,4c4fe89aa3fe,BLR,CCU,SG,SG-321,2026-10-22,06:15,2026-09-06 09:00,46,T45(40-50),Economy Saver,4420,796,120,5336,AirlineSite,Available,True,VALID,,,SINGLETON::OBS01878,False,,RETAINED_UNIQUE,True,
OBS01879,c529abd37141,aa2769a0fb97,DEL,SXR,6E,6E-212,2026-09-07,10:30,2026-09-06 09:00,1,T1(0-2),Economy Flexi,9879,1778,150,11807,MMT,Available,True,VALID,,,SINGLETON::OBS01879,False,,RETAINED_UNIQUE,True,
OBS01880,88ee2bb94c3c,aa2769a0fb97,DEL,SXR,6E,6E-212,2026-09-07,10:30,2026-09-06 09:00,1,T1(0-2),Economy Flexi,9757,1756,180,11693,AirlineSite,Available,True,VALID,,,SINGLETON::OBS01880,False,,RETAINED_UNIQUE,True,
OBS01881,3d092818186e,7680375affbf,DEL,SXR,6E,6E-212,2026-09-07,10:30,2026-09-06 09:00,1,T1(0-2),Economy Standard,7704,1387,150,9241,Goibibo,Available,True,VALID,,,SINGLETON::OBS01881,False,,RETAINED_UNIQUE,True,
OBS01882,bcdf6899f6f6,7680375affbf,DEL,SXR,6E,6E-212,2026-09-07,10:30,2026-09-06 09:00,1,T1(0-2),Economy Standard,7871,1417,120,9408,EaseMyTrip,Available,True,VALID,,,SINGLETON::OBS01882,False,,RETAINED_UNIQUE,True,
OBS01883,0e2a4594826d,d0b11d92c188,DEL,SXR,6E,6E-212,2026-09-13,10:30,2026-09-06 09:00,7,T7(5-9),Economy Saver,5815,1047,150,7012,EaseMyTrip,Available,True,VALID,,,SINGLETON::OBS01883,False,,RETAINED_UNIQUE,True,
OBS01884,71999051b8e7,d0b11d92c188,DEL,SXR,6E,6E-212,2026-09-13,10:30,2026-09-06 09:00,7,T7(5-9),Economy Saver,5597,1007,120,6724,AirlineSite,Available,True,VALID,,,SINGLETON::OBS01884,False,,RETAINED_UNIQUE,True,
OBS01885,62a95b3fc5db,ce493fa860ab,DEL,SXR,6E,6E-212,2026-09-13,10:30,2026-09-06 09:00,7,T7(5-9),Economy Flexi,9004,1621,150,10775,Goibibo,Available,True,VALID,,,SINGLETON::OBS01885,False,,RETAINED_UNIQUE,True,
OBS01886,c9b45322116e,2cf3e4c90216,DEL,SXR,6E,6E-212,2026-09-21,10:30,2026-09-06 09:00,15,T15(12-18),Economy Saver,4883,879,100,5862,MMT,Available,True,VALID,,,SINGLETON::OBS01886,False,,RETAINED_UNIQUE,True,
OBS01887,8c10aa040b3a,a2823b6fdfe1,DEL,SXR,6E,6E-212,2026-10-06,10:30,2026-09-06 09:00,30,T30(25-35),Economy Flexi,6963,1253,180,8396,Goibibo,Available,True,VALID,,,SINGLETON::OBS01887,False,,RETAINED_UNIQUE,True,
OBS01888,05521c08f8db,7331dc4cdf22,DEL,SXR,6E,6E-212,2026-10-06,10:30,2026-09-06 09:00,30,T30(25-35),Economy Saver,4072,733,180,4985,AirlineSite,Available,True,VALID,,,SINGLETON::OBS01888,False,,RETAINED_UNIQUE,True,
OBS01889,6be56de8025c,8590db72b9a8,DEL,SXR,6E,6E-212,2026-10-22,10:30,2026-09-06 09:00,46,T45(40-50),Economy Saver,4305,775,200,5280,EaseMyTrip,Available,True,VALID,,,SINGLETON::OBS01889,False,,RETAINED_UNIQUE,True,
OBS01890,676e20a03944,76f2863512dc,DEL,SXR,AI,AI-825,2026-09-07,13:15,2026-09-06 09:00,1,T1(0-2),Economy Saver,6021,1084,180,7285,AirlineSite,Available,True,VALID,,,SINGLETON::OBS01890,False,,RETAINED_UNIQUE,True,
OBS01891,3bc3aa86cd3b,7680375affbf,DEL,SXR,AI,AI-825,2026-09-07,13:15,2026-09-06 09:00,1,T1(0-2),Economy Standard,8166,1470,180,9816,Cleartrip,Available,True,VALID,,,SINGLETON::OBS01891,False,,RETAINED_UNIQUE,True,
OBS01892,1f31727e9ec5,7680375affbf,DEL,SXR,AI,AI-825,2026-09-07,13:15,2026-09-06 09:00,1,T1(0-2),Economy Standard,8264,1488,100,9852,MMT,Available,True,VALID,,,SINGLETON::OBS01892,False,,RETAINED_UNIQUE,True,
OBS01893,2dbd25826ca1,ce493fa860ab,DEL,SXR,AI,AI-825,2026-09-13,13:15,2026-09-06 09:00,7,T7(5-9),Economy Flexi,8405,1513,100,10018,Goibibo,Available,True,VALID,,,SINGLETON::OBS01893,False,,RETAINED_UNIQUE,True,
OBS01894,568c6f7cde90,ce493fa860ab,DEL,SXR,AI,AI-825,2026-09-13,13:15,2026-09-06 09:00,7,T7(5-9),Economy Flexi,8467,1524,180,10171,Cleartrip,Available,True,VALID,,,SINGLETON::OBS01894,False,,RETAINED_UNIQUE,True,
OBS01895,5e349acfdd56,f8e14d93e494,DEL,SXR,AI,AI-825,2026-09-13,13:15,2026-09-06 09:00,7,T7(5-9),Economy Standard,7289,1312,200,8801,AirlineSite,Available,True,VALID,,,SINGLETON::OBS01895,False,,RETAINED_UNIQUE,True,
OBS01896,2ccc0cc00b64,0cd630bb9498,DEL,SXR,AI,AI-825,2026-09-21,13:15,2026-09-06 09:00,15,T15(12-18),Economy Standard,6126,1103,180,7409,Goibibo,Available,True,VALID,,,SINGLETON::OBS01896,False,,RETAINED_UNIQUE,True,
OBS01897,0c266ab3b08e,2cf3e4c90216,DEL,SXR,AI,AI-825,2026-09-21,13:15,2026-09-06 09:00,15,T15(12-18),Economy Saver,4583,825,100,5508,EaseMyTrip,Available,True,VALID,,,SINGLETON::OBS01897,False,,RETAINED_UNIQUE,True,
OBS01898,2a0782298529,2cf3e4c90216,DEL,SXR,AI,AI-825,2026-09-21,13:15,2026-09-06 09:00,15,T15(12-18),Economy Saver,4873,877,200,5950,MMT,Available,True,VALID,,,SINGLETON::OBS01898,False,,RETAINED_UNIQUE,True,
OBS01899,b42822453019,c942bbb01d32,DEL,SXR,AI,AI-825,2026-10-06,13:15,2026-09-06 09:00,30,T30(25-35),Economy Standard,5484,987,200,6671,Goibibo,Available,True,VALID,,,SINGLETON::OBS01899,False,,RETAINED_UNIQUE,True,
OBS01900,7b73b668399a,8590db72b9a8,DEL,SXR,AI,AI-825,2026-10-22,13:15,2026-09-06 09:00,46,T45(40-50),Economy Saver,4108,739,200,5047,AirlineSite,Available,True,VALID,,,SINGLETON::OBS01900,False,,RETAINED_UNIQUE,True,
OBS01901,b77bdf15787e,d27bdbb7004f,DEL,SXR,AI,AI-825,2026-10-22,13:15,2026-09-06 09:00,46,T45(40-50),Economy Flexi,6702,1206,150,8058,AirlineSite,Available,True,VALID,,,SINGLETON::OBS01901,False,,RETAINED_UNIQUE,True,
OBS01902,41a04703df04,76f2863512dc,DEL,SXR,SG,SG-101,2026-09-07,15:15,2026-09-06 09:00,1,T1(0-2),Economy Saver,6075,1093,120,7288,EaseMyTrip,Available,True,VALID,,,SINGLETON::OBS01902,False,,RETAINED_UNIQUE,True,
OBS01903,586cbc7ee4cf,ce493fa860ab,DEL,SXR,SG,SG-101,2026-09-13,15:15,2026-09-06 09:00,7,T7(5-9),Economy Flexi,9252,1665,200,11117,AirlineSite,Available,True,VALID,,,SINGLETON::OBS01903,False,,RETAINED_UNIQUE,True,
OBS01904,9b4e469bb7aa,ce493fa860ab,DEL,SXR,SG,SG-101,2026-09-13,15:15,2026-09-06 09:00,7,T7(5-9),Economy Flexi,8656,1558,200,10414,EaseMyTrip,Available,True,VALID,,,SINGLETON::OBS01904,False,,RETAINED_UNIQUE,True,
OBS01905,996292370ff5,0cd630bb9498,DEL,SXR,SG,SG-101,2026-09-21,15:15,2026-09-06 09:00,15,T15(12-18),Economy Standard,6015,1083,200,7298,MMT,Available,True,VALID,,,SINGLETON::OBS01905,False,,RETAINED_UNIQUE,True,
OBS01906,902653921b4e,a2823b6fdfe1,DEL,SXR,SG,SG-101,2026-10-06,15:15,2026-09-06 09:00,30,T30(25-35),Economy Flexi,6660,1199,150,8009,EaseMyTrip,Available,True,VALID,,,SINGLETON::OBS01906,False,,RETAINED_UNIQUE,True,
OBS01907,8efdc1775c7b,c942bbb01d32,DEL,SXR,SG,SG-101,2026-10-06,15:15,2026-09-06 09:00,30,T30(25-35),Economy Standard,5555,1000,100,6655,EaseMyTrip,Available,True,VALID,,,SINGLETON::OBS01907,False,,RETAINED_UNIQUE,True,
OBS01908,e2648cf49b04,c942bbb01d32,DEL,SXR,SG,SG-101,2026-10-06,15:15,2026-09-06 09:00,30,T30(25-35),Economy Standard,5312,956,120,6388,MMT,Available,True,VALID,,,SINGLETON::OBS01908,False,,RETAINED_UNIQUE,True,
OBS01909,603d3b4cbf39,8de3361a558e,DEL,SXR,SG,SG-101,2026-10-22,15:15,2026-09-06 09:00,46,T45(40-50),Economy Standard,5509,992,120,6621,MMT,Available,True,VALID,,,SINGLETON::OBS01909,False,,RETAINED_UNIQUE,True,
OBS01910,3235482da1c1,c20072106116,DEL,GOI,6E,6E-334,2026-09-07,15:15,2026-09-06 09:00,1,T1(0-2),Economy Standard,7854,1414,120,9388,AirlineSite,Available,True,VALID,,,SINGLETON::OBS01910,False,,RETAINED_UNIQUE,True,
OBS01911,7c7cdf00ef95,c20072106116,DEL,GOI,6E,6E-334,2026-09-07,15:15,2026-09-06 09:00,1,T1(0-2),Economy Standard,7965,1434,100,9499,Cleartrip,Available,True,VALID,,,SINGLETON::OBS01911,False,,RETAINED_UNIQUE,True,
OBS01912,d9152bae6e10,e293fc7d3662,DEL,GOI,6E,6E-334,2026-09-07,15:15,2026-09-06 09:00,1,T1(0-2),Economy Saver,6279,1130,100,7509,Goibibo,Available,True,VALID,,,SINGLETON::OBS01912,False,,RETAINED_UNIQUE,True,
OBS01913,bd5ba47d0815,e293fc7d3662,DEL,GOI,6E,6E-334,2026-09-07,15:15,2026-09-06 09:00,1,T1(0-2),Economy Saver,6337,1141,150,7628,MMT,Available,True,VALID,,,SINGLETON::OBS01913,False,,RETAINED_UNIQUE,True,
OBS01914,822118fc4ea4,d4cb226e3e42,DEL,GOI,6E,6E-334,2026-09-13,15:15,2026-09-06 09:00,7,T7(5-9),Economy Flexi,8762,1577,120,10459,EaseMyTrip,Available,True,VALID,,,SINGLETON::OBS01914,False,,RETAINED_UNIQUE,True,
OBS01915,5f467c2a298f,d4cb226e3e42,DEL,GOI,6E,6E-334,2026-09-13,15:15,2026-09-06 09:00,7,T7(5-9),Economy Flexi,8672,1561,180,10413,MMT,Available,True,VALID,,,SINGLETON::OBS01915,False,,RETAINED_UNIQUE,True,
OBS01916,48721a3f3ea2,381a914510fc,DEL,GOI,6E,6E-334,2026-09-21,15:15,2026-09-06 09:00,15,T15(12-18),Economy Saver,4595,827,100,5522,Cleartrip,Available,True,VALID,,,SINGLETON::OBS01916,False,,RETAINED_UNIQUE,True,
OBS01917,dcf0910b072b,75965084ddf9,DEL,GOI,6E,6E-334,2026-09-21,15:15,2026-09-06 09:00,15,T15(12-18),Economy Flexi,7603,1369,150,9122,AirlineSite,Available,True,VALID,,,SINGLETON::OBS01917,False,,RETAINED_UNIQUE,True,
OBS01918,af2fe5f77449,75965084ddf9,DEL,GOI,6E,6E-334,2026-09-21,15:15,2026-09-06 09:00,15,T15(12-18),Economy Flexi,7803,1405,150,9358,Cleartrip,Available,True,VALID,,,SINGLETON::OBS01918,False,,RETAINED_UNIQUE,True,
OBS01919,8a770fc600c9,1f0da06893c5,DEL,GOI,6E,6E-334,2026-10-06,15:15,2026-09-06 09:00,30,T30(25-35),Economy Saver,4190,754,120,5064,AirlineSite,Available,True,VALID,,,SINGLETON::OBS01919,False,,RETAINED_UNIQUE,True,
OBS01920,827e29fb34ea,1f0da06893c5,DEL,GOI,6E,6E-334,2026-10-06,15:15,2026-09-06 09:00,30,T30(25-35),Economy Saver,4191,754,100,5045,EaseMyTrip,Available,True,VALID,,,SINGLETON::OBS01920,False,,RETAINED_UNIQUE,True,
OBS01921,5849393f9f07,618d3430fa99,DEL,GOI,6E,6E-334,2026-10-22,15:15,2026-09-06 09:00,46,T45(40-50),Economy Saver,4072,733,150,4955,EaseMyTrip,Available,True,VALID,,,SINGLETON::OBS01921,False,,RETAINED_UNIQUE,True,
OBS01922,2c9fa17fbf50,618d3430fa99,DEL,GOI,6E,6E-334,2026-10-22,15:15,2026-09-06 09:00,46,T45(40-50),Economy Saver,4326,779,150,5255,Goibibo,Available,True,VALID,,,SINGLETON::OBS01922,False,,RETAINED_UNIQUE,True,
OBS01923,abbe9e0a9835,c80cbb545c46,DEL,GOI,AI,AI-861,2026-09-07,07:30,2026-09-06 09:00,1,T1(0-2),Economy Flexi,9655,1738,180,11573,MMT,Available,True,VALID,,,SINGLETON::OBS01923,False,,RETAINED_UNIQUE,True,
OBS01924,0525502d2307,e293fc7d3662,DEL,GOI,AI,AI-861,2026-09-07,07:30,2026-09-06 09:00,1,T1(0-2),Economy Saver,6447,1160,200,7807,Cleartrip,Available,True,VALID,,,SINGLETON::OBS01924,False,,RETAINED_UNIQUE,True,
OBS01925,3b08409dc853,7e34f9c46ba2,DEL,GOI,AI,AI-861,2026-09-13,07:30,2026-09-06 09:00,7,T7(5-9),Economy Standard,7339,1321,120,8780,AirlineSite,Available,True,VALID,,,SINGLETON::OBS01925,False,,RETAINED_UNIQUE,True,
OBS01926,226e5bb15c44,7e34f9c46ba2,DEL,GOI,AI,AI-861,2026-09-13,07:30,2026-09-06 09:00,7,T7(5-9),Economy Standard,7140,1285,150,8575,MMT,Available,True,VALID,,,SINGLETON::OBS01926,False,,RETAINED_UNIQUE,True,
OBS01927,91dab0bb8d74,3ba13766159e,DEL,GOI,AI,AI-861,2026-09-13,07:30,2026-09-06 09:00,7,T7(5-9),Economy Saver,5736,1033,120,6889,Cleartrip,Available,True,VALID,,,SINGLETON::OBS01927,False,,RETAINED_UNIQUE,True,
OBS01928,be2193a44b1e,75965084ddf9,DEL,GOI,AI,AI-861,2026-09-21,07:30,2026-09-06 09:00,15,T15(12-18),Economy Flexi,7860,1415,180,9455,Goibibo,Available,True,VALID,,,SINGLETON::OBS01928,False,,RETAINED_UNIQUE,True,
OBS01929,dae1945f9065,abe59d1566ac,DEL,GOI,AI,AI-861,2026-09-21,07:30,2026-09-06 09:00,15,T15(12-18),Economy Standard,6148,1107,120,7375,Cleartrip,Available,True,VALID,,,SINGLETON::OBS01929,False,,RETAINED_UNIQUE,True,
OBS01930,a381e4f125d4,abe59d1566ac,DEL,GOI,AI,AI-861,2026-09-21,07:30,2026-09-06 09:00,15,T15(12-18),Economy Standard,6017,1083,100,7200,Goibibo,Available,True,VALID,,,SINGLETON::OBS01930,False,,RETAINED_UNIQUE,True,
OBS01931,2260919ac1b3,6f78a794555c,DEL,GOI,AI,AI-861,2026-10-06,07:30,2026-09-06 09:00,30,T30(25-35),Economy Standard,5225,941,120,6286,AirlineSite,Available,True,VALID,,,SINGLETON::OBS01931,False,,RETAINED_UNIQUE,True,
OBS01932,08dd6a4391b1,f2e07e6d7869,DEL,GOI,AI,AI-861,2026-10-06,07:30,2026-09-06 09:00,30,T30(25-35),Economy Flexi,6716,1209,100,8025,MMT,Available,True,VALID,,,SINGLETON::OBS01932,False,,RETAINED_UNIQUE,True,
OBS01933,8d1e11371e84,83f0bfe7344f,DEL,GOI,AI,AI-861,2026-10-22,07:30,2026-09-06 09:00,46,T45(40-50),Economy Flexi,6783,1221,120,8124,Goibibo,Available,True,VALID,,,SINGLETON::OBS01933,False,,RETAINED_UNIQUE,True,
OBS01934,5e87ccbefdf3,7accfd79a6d4,DEL,GOI,AI,AI-861,2026-10-22,07:30,2026-09-06 09:00,46,T45(40-50),Economy Standard,5403,973,200,6576,Goibibo,Available,True,VALID,,,SINGLETON::OBS01934,False,,RETAINED_UNIQUE,True,
OBS01935,4310477bff2f,7accfd79a6d4,DEL,GOI,AI,AI-861,2026-10-22,07:30,2026-09-06 09:00,46,T45(40-50),Economy Standard,5287,952,100,6339,AirlineSite,Available,True,VALID,,,SINGLETON::OBS01935,False,,RETAINED_UNIQUE,True,
OBS01936,c4b267ec808f,c80cbb545c46,DEL,GOI,QP,QP-1510,2026-09-07,10:45,2026-09-06 09:00,1,T1(0-2),Economy Flexi,10012,1802,100,11914,EaseMyTrip,Available,True,VALID,,,SINGLETON::OBS01936,False,,RETAINED_UNIQUE,True,
OBS01937,c1ed622f520f,c20072106116,DEL,GOI,QP,QP-1510,2026-09-07,10:45,2026-09-06 09:00,1,T1(0-2),Economy Standard,7786,1401,150,9337,MMT,Available,True,VALID,,,SINGLETON::OBS01937,False,,RETAINED_UNIQUE,True,
OBS01938,8560b2dc7007,c20072106116,DEL,GOI,QP,QP-1510,2026-09-07,10:45,2026-09-06 09:00,1,T1(0-2),Economy Standard,8315,1497,200,10012,EaseMyTrip,Available,True,VALID,,,SINGLETON::OBS01938,False,,RETAINED_UNIQUE,True,
OBS01939,7de2d63b0675,3ba13766159e,DEL,GOI,QP,QP-1510,2026-09-13,10:45,2026-09-06 09:00,7,T7(5-9),Economy Saver,5550,999,100,6649,Goibibo,Available,True,VALID,,,SINGLETON::OBS01939,False,,RETAINED_UNIQUE,True,
OBS01940,79554cd99f02,3ba13766159e,DEL,GOI,QP,QP-1510,2026-09-13,10:45,2026-09-06 09:00,7,T7(5-9),Economy Saver,5530,995,120,6645,MMT,Available,True,VALID,,,SINGLETON::OBS01940,False,,RETAINED_UNIQUE,True,
OBS01941,c203022d20f6,7e34f9c46ba2,DEL,GOI,QP,QP-1510,2026-09-13,10:45,2026-09-06 09:00,7,T7(5-9),Economy Standard,7083,1275,150,8508,Cleartrip,Available,True,VALID,,,SINGLETON::OBS01941,False,,RETAINED_UNIQUE,True,
OBS01942,6900143c2f5a,381a914510fc,DEL,GOI,QP,QP-1510,2026-09-21,10:45,2026-09-06 09:00,15,T15(12-18),Economy Saver,4975,896,200,6071,MMT,Available,True,VALID,,,SINGLETON::OBS01942,False,,RETAINED_UNIQUE,True,
OBS01943,970a4af2b61f,381a914510fc,DEL,GOI,QP,QP-1510,2026-09-21,10:45,2026-09-06 09:00,15,T15(12-18),Economy Saver,4926,887,100,5913,Cleartrip,Available,True,VALID,,,SINGLETON::OBS01943,False,,RETAINED_UNIQUE,True,
OBS01944,1cea9a231e12,75965084ddf9,DEL,GOI,QP,QP-1510,2026-09-21,10:45,2026-09-06 09:00,15,T15(12-18),Economy Flexi,7171,1291,100,8562,EaseMyTrip,Available,True,VALID,,,SINGLETON::OBS01944,False,,RETAINED_UNIQUE,True,
OBS01945,8abb9ef4a94c,75965084ddf9,DEL,GOI,QP,QP-1510,2026-09-21,10:45,2026-09-06 09:00,15,T15(12-18),Economy Flexi,7585,1365,150,9100,Goibibo,Available,True,VALID,,,SINGLETON::OBS01945,False,,RETAINED_UNIQUE,True,
OBS01946,8d270e9a9871,6f78a794555c,DEL,GOI,QP,QP-1510,2026-10-06,10:45,2026-09-06 09:00,30,T30(25-35),Economy Standard,5665,1020,120,6805,Cleartrip,Available,True,VALID,,,SINGLETON::OBS01946,False,,RETAINED_UNIQUE,True,
OBS01947,3b63f43c753a,1f0da06893c5,DEL,GOI,QP,QP-1510,2026-10-06,10:45,2026-09-06 09:00,30,T30(25-35),Economy Saver,4075,733,180,4988,Cleartrip,Available,True,VALID,,,SINGLETON::OBS01947,False,,RETAINED_UNIQUE,True,
OBS01948,431a6020807e,1f0da06893c5,DEL,GOI,QP,QP-1510,2026-10-06,10:45,2026-09-06 09:00,30,T30(25-35),Economy Saver,4115,741,200,5056,AirlineSite,Available,True,VALID,,,SINGLETON::OBS01948,False,,RETAINED_UNIQUE,True,
OBS01949,7b439e93bab8,7accfd79a6d4,DEL,GOI,QP,QP-1510,2026-10-22,10:45,2026-09-06 09:00,46,T45(40-50),Economy Standard,5188,934,150,6272,Goibibo,Available,True,VALID,,,SINGLETON::OBS01949,False,,RETAINED_UNIQUE,True,
OBS01950,569687f63628,fa88ad321692,DEL,GAU,6E,6E-415,2026-09-07,05:30,2026-09-06 09:00,1,T1(0-2),Economy Standard,7937,1429,120,9486,Cleartrip,Available,True,VALID,,,SINGLETON::OBS01950,False,,RETAINED_UNIQUE,True,
OBS01951,d046e09352bf,fa88ad321692,DEL,GAU,6E,6E-415,2026-09-07,05:30,2026-09-06 09:00,1,T1(0-2),Economy Standard,8074,1453,150,9677,EaseMyTrip,Available,True,VALID,,,SINGLETON::OBS01951,False,,RETAINED_UNIQUE,True,
OBS01952,0fedb411e74f,c39724290d07,DEL,GAU,6E,6E-415,2026-09-13,05:30,2026-09-06 09:00,7,T7(5-9),Economy Standard,7122,1282,180,8584,MMT,Available,True,VALID,,,SINGLETON::OBS01952,False,,RETAINED_UNIQUE,True,
OBS01953,af11d017d693,c39724290d07,DEL,GAU,6E,6E-415,2026-09-13,05:30,2026-09-06 09:00,7,T7(5-9),Economy Standard,6873,1237,120,8230,EaseMyTrip,Available,True,VALID,,,SINGLETON::OBS01953,False,,RETAINED_UNIQUE,True,
OBS01954,b6fb2ab791ba,353429793ae5,DEL,GAU,6E,6E-415,2026-09-21,05:30,2026-09-06 09:00,15,T15(12-18),Economy Saver,4722,850,150,5722,AirlineSite,Available,True,VALID,,,SINGLETON::OBS01954,False,,RETAINED_UNIQUE,True,
OBS01955,f393b432a95c,353429793ae5,DEL,GAU,6E,6E-415,2026-09-21,05:30,2026-09-06 09:00,15,T15(12-18),Economy Saver,4962,893,120,5975,MMT,Available,True,VALID,,,SINGLETON::OBS01955,False,,RETAINED_UNIQUE,True,
OBS01956,a3b1195968d5,0f85e3c60621,DEL,GAU,6E,6E-415,2026-10-06,05:30,2026-09-06 09:00,30,T30(25-35),Economy Standard,5448,981,180,6609,AirlineSite,Available,True,VALID,,,SINGLETON::OBS01956,False,,RETAINED_UNIQUE,True,
OBS01957,f2c42bd76b22,0f85e3c60621,DEL,GAU,6E,6E-415,2026-10-06,05:30,2026-09-06 09:00,30,T30(25-35),Economy Standard,5616,1011,120,6747,Goibibo,Available,True,VALID,,,SINGLETON::OBS01957,False,,RETAINED_UNIQUE,True,
OBS01958,dd7b7241299b,c32ac85d61c7,DEL,GAU,6E,6E-415,2026-10-22,05:30,2026-09-06 09:00,46,T45(40-50),Economy Standard,5701,1026,100,6827,AirlineSite,Available,True,VALID,,,SINGLETON::OBS01958,False,,RETAINED_UNIQUE,True,
OBS01959,cc2ea01e7e2d,dde24d3fbc12,DEL,GAU,6E,6E-415,2026-10-22,05:30,2026-09-06 09:00,46,T45(40-50),Economy Flexi,6563,1181,100,7844,MMT,Available,True,VALID,,,SINGLETON::OBS01959,False,,RETAINED_UNIQUE,True,
OBS01960,53ef4e3165de,39e3dc36b8e0,DEL,GAU,AI,AI-791,2026-09-07,13:00,2026-09-06 09:00,1,T1(0-2),Economy Saver,6216,1119,150,7485,Goibibo,Available,True,VALID,,,SINGLETON::OBS01960,False,,RETAINED_UNIQUE,True,
OBS01961,c22e0e870002,39e3dc36b8e0,DEL,GAU,AI,AI-791,2026-09-07,13:00,2026-09-06 09:00,1,T1(0-2),Economy Saver,6122,1102,100,7324,AirlineSite,Available,True,VALID,,,SINGLETON::OBS01961,False,,RETAINED_UNIQUE,True,
OBS01962,c79202beab16,cab04a0fb199,DEL,GAU,AI,AI-791,2026-09-13,13:00,2026-09-06 09:00,7,T7(5-9),Economy Saver,5499,990,100,6589,MMT,Available,True,VALID,,,SINGLETON::OBS01962,False,,RETAINED_UNIQUE,True,
OBS01963,00d5f50f4bd8,4041ae79d2f2,DEL,GAU,AI,AI-791,2026-09-13,13:00,2026-09-06 09:00,7,T7(5-9),Economy Flexi,8569,1542,100,10211,MMT,Available,True,VALID,,,SINGLETON::OBS01963,False,,RETAINED_UNIQUE,True,
OBS01964,67d7888cbe37,4041ae79d2f2,DEL,GAU,AI,AI-791,2026-09-13,13:00,2026-09-06 09:00,7,T7(5-9),Economy Flexi,9008,1622,200,10830,Goibibo,Available,True,VALID,,,SINGLETON::OBS01964,False,,RETAINED_UNIQUE,True,
OBS01965,fcac44555e86,353429793ae5,DEL,GAU,AI,AI-791,2026-09-21,13:00,2026-09-06 09:00,15,T15(12-18),Economy Saver,4593,827,180,5600,MMT,Available,True,VALID,,,SINGLETON::OBS01965,False,,RETAINED_UNIQUE,True,
OBS01966,43e469894004,0f85e3c60621,DEL,GAU,AI,AI-791,2026-10-06,13:00,2026-09-06 09:00,30,T30(25-35),Economy Standard,5414,975,200,6589,MMT,Available,True,VALID,,,SINGLETON::OBS01966,False,,RETAINED_UNIQUE,True,
OBS01967,3c4a9e7089fa,47b0345a1f7e,DEL,GAU,AI,AI-791,2026-10-22,13:00,2026-09-06 09:00,46,T45(40-50),Economy Saver,4203,757,150,5110,Goibibo,Available,True,VALID,,,SINGLETON::OBS01967,False,,RETAINED_UNIQUE,True,
OBS01968,717ea46efb43,39e3dc36b8e0,DEL,GAU,SG,SG-601,2026-09-07,12:15,2026-09-06 09:00,1,T1(0-2),Economy Saver,5985,1077,180,7242,Goibibo,Available,True,VALID,,,SINGLETON::OBS01968,False,,RETAINED_UNIQUE,True,
OBS01969,c5ec27e2546b,39e3dc36b8e0,DEL,GAU,SG,SG-601,2026-09-07,12:15,2026-09-06 09:00,1,T1(0-2),Economy Saver,6346,1142,150,7638,EaseMyTrip,Available,True,VALID,,,SINGLETON::OBS01969,False,,RETAINED_UNIQUE,True,
OBS01970,400e6ce75bfe,c39724290d07,DEL,GAU,SG,SG-601,2026-09-13,12:15,2026-09-06 09:00,7,T7(5-9),Economy Standard,7378,1328,120,8826,Cleartrip,Available,True,VALID,,,SINGLETON::OBS01970,False,,RETAINED_UNIQUE,True,
OBS01971,847ba378c31f,c39724290d07,DEL,GAU,SG,SG-601,2026-09-13,12:15,2026-09-06 09:00,7,T7(5-9),Economy Standard,7098,1278,100,8476,EaseMyTrip,Available,True,VALID,,,SINGLETON::OBS01971,False,,RETAINED_UNIQUE,True,
OBS01972,6730f6c6bf39,353429793ae5,DEL,GAU,SG,SG-601,2026-09-21,12:15,2026-09-06 09:00,15,T15(12-18),Economy Saver,4848,873,150,5871,AirlineSite,Available,True,VALID,,,SINGLETON::OBS01972,False,,RETAINED_UNIQUE,True,
OBS01973,995a10ff940a,0f85e3c60621,DEL,GAU,SG,SG-601,2026-10-06,12:15,2026-09-06 09:00,30,T30(25-35),Economy Standard,5417,975,150,6542,Cleartrip,Available,True,VALID,,,SINGLETON::OBS01973,False,,RETAINED_UNIQUE,True,
OBS01974,01e02214e5e3,0f85e3c60621,DEL,GAU,SG,SG-601,2026-10-06,12:15,2026-09-06 09:00,30,T30(25-35),Economy Standard,5696,1025,150,6871,AirlineSite,Available,True,VALID,,,SINGLETON::OBS01974,False,,RETAINED_UNIQUE,True,
OBS01975,adca24753fdb,c32ac85d61c7,DEL,GAU,SG,SG-601,2026-10-22,12:15,2026-09-06 09:00,46,T45(40-50),Economy Standard,5553,1000,120,6673,AirlineSite,Available,True,VALID,,,SINGLETON::OBS01975,False,,RETAINED_UNIQUE,True,
OBS01976,0a0c09371709,47b0345a1f7e,DEL,GAU,SG,SG-601,2026-10-22,12:15,2026-09-06 09:00,46,T45(40-50),Economy Saver,4344,782,200,5326,Cleartrip,Available,True,VALID,,,SINGLETON::OBS01976,False,,RETAINED_UNIQUE,True,
OBS01977,7244098c9765,47b0345a1f7e,DEL,GAU,SG,SG-601,2026-10-22,12:15,2026-09-06 09:00,46,T45(40-50),Economy Saver,4254,766,150,5170,EaseMyTrip,Available,True,VALID,,,SINGLETON::OBS01977,False,,RETAINED_UNIQUE,True,
OBS01978,01f42f26b215,bcaa3f42d7cf,BLR,COK,6E,6E-521,2026-09-07,21:30,2026-09-06 09:00,1,T1(0-2),Economy Flexi,9431,1697,100,11228,MMT,Available,True,VALID,,,SINGLETON::OBS01978,False,,RETAINED_UNIQUE,True,
OBS01979,f62963fdb7dd,bcaa3f42d7cf,BLR,COK,6E,6E-521,2026-09-07,21:30,2026-09-06 09:00,1,T1(0-2),Economy Flexi,9473,1705,200,11378,Goibibo,Available,True,VALID,,,SINGLETON::OBS01979,False,,RETAINED_UNIQUE,True,
OBS01980,a29ca894211f,b31e74ab89b6,BLR,COK,6E,6E-521,2026-09-13,21:30,2026-09-06 09:00,7,T7(5-9),Economy Saver,5735,1032,100,6867,MMT,Available,True,VALID,,,SINGLETON::OBS01980,False,,RETAINED_UNIQUE,True,
OBS01981,7012547bffd5,3e191ddf2316,BLR,COK,6E,6E-521,2026-09-21,21:30,2026-09-06 09:00,15,T15(12-18),Economy Flexi,7863,1415,120,9398,Cleartrip,Available,True,VALID,,,SINGLETON::OBS01981,False,,RETAINED_UNIQUE,True,
OBS01982,a0efc42cd1d3,3e191ddf2316,BLR,COK,6E,6E-521,2026-09-21,21:30,2026-09-06 09:00,15,T15(12-18),Economy Flexi,7524,1354,120,8998,Goibibo,Available,True,VALID,,,SINGLETON::OBS01982,False,,RETAINED_UNIQUE,True,
OBS01983,b822bf93269a,b61670541bdf,BLR,COK,6E,6E-521,2026-10-06,21:30,2026-09-06 09:00,30,T30(25-35),Economy Saver,4263,767,150,5180,Goibibo,Available,True,VALID,,,SINGLETON::OBS01983,False,,RETAINED_UNIQUE,True,
OBS01984,cb328358c22d,4bfeeef11904,BLR,COK,6E,6E-521,2026-10-22,21:30,2026-09-06 09:00,46,T45(40-50),Economy Standard,5221,940,180,6341,Goibibo,Available,True,VALID,,,SINGLETON::OBS01984,False,,RETAINED_UNIQUE,True,
OBS01985,2698a16e6f22,12c49ccd7325,BLR,COK,6E,6E-521,2026-10-22,21:30,2026-09-06 09:00,46,T45(40-50),Economy Flexi,6731,1212,120,8063,MMT,Available,True,VALID,,,SINGLETON::OBS01985,False,,RETAINED_UNIQUE,True,
OBS01986,95f2d7174a66,2b6da9de1f8f,BLR,COK,AI,AI-512,2026-09-07,11:45,2026-09-06 09:00,1,T1(0-2),Economy Saver,6254,1126,200,7580,Goibibo,Available,True,VALID,,,SINGLETON::OBS01986,False,,RETAINED_UNIQUE,True,
OBS01987,14473bda2bb6,bcaa3f42d7cf,BLR,COK,AI,AI-512,2026-09-07,11:45,2026-09-06 09:00,1,T1(0-2),Economy Flexi,9772,1759,200,11731,MMT,Available,True,VALID,,,SINGLETON::OBS01987,False,,RETAINED_UNIQUE,True,
OBS01988,b1bd8d150c6f,0843eb384bfd,BLR,COK,AI,AI-512,2026-09-13,11:45,2026-09-06 09:00,7,T7(5-9),Economy Flexi,8576,1544,100,10220,EaseMyTrip,Available,True,VALID,,,SINGLETON::OBS01988,False,,RETAINED_UNIQUE,True,
OBS01989,8bd40af7a365,0843eb384bfd,BLR,COK,AI,AI-512,2026-09-13,11:45,2026-09-06 09:00,7,T7(5-9),Economy Flexi,8535,1536,120,10191,Cleartrip,Available,True,VALID,,,SINGLETON::OBS01989,False,,RETAINED_UNIQUE,True,
OBS01990,8170f2faf294,d9b95a8f6d68,BLR,COK,AI,AI-512,2026-09-13,11:45,2026-09-06 09:00,7,T7(5-9),Economy Standard,7195,1295,200,8690,EaseMyTrip,Available,True,VALID,,,SINGLETON::OBS01990,False,,RETAINED_UNIQUE,True,
OBS01991,647c9352bc48,a257e13fc693,BLR,COK,AI,AI-512,2026-09-21,11:45,2026-09-06 09:00,15,T15(12-18),Economy Standard,5936,1068,100,7104,Cleartrip,Available,True,VALID,,,SINGLETON::OBS01991,False,,RETAINED_UNIQUE,True,
OBS01992,1c255c7d4e22,a257e13fc693,BLR,COK,AI,AI-512,2026-09-21,11:45,2026-09-06 09:00,15,T15(12-18),Economy Standard,6156,1108,150,7414,AirlineSite,Available,True,VALID,,,SINGLETON::OBS01992,False,,RETAINED_UNIQUE,True,
OBS01993,da0102f7d187,89b89f859ec3,BLR,COK,AI,AI-512,2026-09-21,11:45,2026-09-06 09:00,15,T15(12-18),Economy Saver,4981,897,150,6028,MMT,Available,True,VALID,,,SINGLETON::OBS01993,False,,RETAINED_UNIQUE,True,
OBS01994,6ce6f8335015,260e368686be,BLR,COK,AI,AI-512,2026-10-06,11:45,2026-09-06 09:00,30,T30(25-35),Economy Standard,5718,1029,120,6867,MMT,Available,True,VALID,,,SINGLETON::OBS01994,False,,RETAINED_UNIQUE,True,
OBS01995,6a21e6ab0f4f,1e1685095858,BLR,COK,AI,AI-512,2026-10-22,11:45,2026-09-06 09:00,46,T45(40-50),Economy Saver,4168,750,200,5118,EaseMyTrip,Available,True,VALID,,,SINGLETON::OBS01995,False,,RETAINED_UNIQUE,True,
OBS01996,037eefccafcf,1e1685095858,BLR,COK,AI,AI-512,2026-10-22,11:45,2026-09-06 09:00,46,T45(40-50),Economy Saver,4143,746,120,5009,Cleartrip,Available,True,VALID,,,SINGLETON::OBS01996,False,,RETAINED_UNIQUE,True,
OBS01997,ff66090b8355,bcaa3f42d7cf,BLR,COK,IX,IX-431,2026-09-07,19:30,2026-09-06 09:00,1,T1(0-2),Economy Flexi,10148,1827,120,12095,AirlineSite,Available,True,VALID,,,SINGLETON::OBS01997,False,,RETAINED_UNIQUE,True,
OBS01998,63bfdbc17001,bcaa3f42d7cf,BLR,COK,IX,IX-431,2026-09-07,19:30,2026-09-06 09:00,1,T1(0-2),Economy Flexi,10057,1810,150,12017,EaseMyTrip,Available,True,VALID,,,SINGLETON::OBS01998,False,,RETAINED_UNIQUE,True,
OBS01999,5610fc476144,12a86d7c7ba3,BLR,COK,IX,IX-431,2026-09-07,19:30,2026-09-06 09:00,1,T1(0-2),Economy Standard,8420,1516,200,10136,Cleartrip,Available,True,VALID,,,SINGLETON::OBS01999,False,,RETAINED_UNIQUE,True,
OBS02000,fda884e3dbc1,0843eb384bfd,BLR,COK,IX,IX-431,2026-09-13,19:30,2026-09-06 09:00,7,T7(5-9),Economy Flexi,9110,1640,120,10870,Cleartrip,Available,True,VALID,,,SINGLETON::OBS02000,False,,RETAINED_UNIQUE,True,
OBS02001,8821f1457421,0843eb384bfd,BLR,COK,IX,IX-431,2026-09-13,19:30,2026-09-06 09:00,7,T7(5-9),Economy Flexi,8679,1562,120,10361,MMT,Available,True,VALID,,,SINGLETON::OBS02001,False,,RETAINED_UNIQUE,True,
OBS02002,2c822bb924af,89b89f859ec3,BLR,COK,IX,IX-431,2026-09-21,19:30,2026-09-06 09:00,15,T15(12-18),Economy Saver,4710,848,180,5738,Goibibo,Available,True,VALID,,,SINGLETON::OBS02002,False,,RETAINED_UNIQUE,True,
OBS02003,a58de284ed5c,a257e13fc693,BLR,COK,IX,IX-431,2026-09-21,19:30,2026-09-06 09:00,15,T15(12-18),Economy Standard,5942,1070,120,7132,Goibibo,Available,True,VALID,,,SINGLETON::OBS02003,False,,RETAINED_UNIQUE,True,
OBS02004,040a7107709d,b61670541bdf,BLR,COK,IX,IX-431,2026-10-06,19:30,2026-09-06 09:00,30,T30(25-35),Economy Saver,4041,727,120,4888,MMT,Available,True,VALID,,,SINGLETON::OBS02004,False,,RETAINED_UNIQUE,True,
OBS02005,3ea0066fce22,b61670541bdf,BLR,COK,IX,IX-431,2026-10-06,19:30,2026-09-06 09:00,30,T30(25-35),Economy Saver,4404,793,180,5377,Cleartrip,Available,True,VALID,,,SINGLETON::OBS02005,False,,RETAINED_UNIQUE,True,
OBS02006,c268efab103f,1e1685095858,BLR,COK,IX,IX-431,2026-10-22,19:30,2026-09-06 09:00,46,T45(40-50),Economy Saver,4211,758,180,5149,AirlineSite,Available,True,VALID,,,SINGLETON::OBS02006,False,,RETAINED_UNIQUE,True,
OBS02007,b0d7ff25fa6f,59a3acf5af83,DEL,IDR,6E,6E-284,2026-09-07,20:30,2026-09-06 09:00,1,T1(0-2),Economy Saver,6009,1082,180,7271,EaseMyTrip,Available,True,VALID,,,SINGLETON::OBS02007,False,,RETAINED_UNIQUE,True,
OBS02008,ee4fadf894ae,c9e9c3d33416,DEL,IDR,6E,6E-284,2026-09-07,20:30,2026-09-06 09:00,1,T1(0-2),Economy Flexi,10150,1827,100,12077,AirlineSite,Available,True,VALID,,,SINGLETON::OBS02008,False,,RETAINED_UNIQUE,True,
OBS02009,e332d647ff64,b2029b11641d,DEL,IDR,6E,6E-284,2026-09-13,20:30,2026-09-06 09:00,7,T7(5-9),Economy Saver,5422,976,200,6598,Cleartrip,Available,True,VALID,,,SINGLETON::OBS02009,False,,RETAINED_UNIQUE,True,
OBS02010,b8b16ed61b58,731368c6b934,DEL,IDR,6E,6E-284,2026-09-21,20:30,2026-09-06 09:00,15,T15(12-18),Economy Saver,4884,879,150,5913,EaseMyTrip,Available,True,VALID,,,SINGLETON::OBS02010,False,,RETAINED_UNIQUE,True,
OBS02011,50eec2a1fabb,2892fdfab01b,DEL,IDR,6E,6E-284,2026-10-06,20:30,2026-09-06 09:00,30,T30(25-35),Economy Saver,4351,783,180,5314,Goibibo,Available,True,VALID,,,SINGLETON::OBS02011,False,,RETAINED_UNIQUE,True,
OBS02012,64451ecba04b,5872d5a74b16,DEL,IDR,6E,6E-284,2026-10-22,20:30,2026-09-06 09:00,46,T45(40-50),Economy Standard,5316,957,200,6473,Goibibo,Available,True,VALID,,,SINGLETON::OBS02012,False,,RETAINED_UNIQUE,True,
OBS02013,75fd473bbb0c,5872d5a74b16,DEL,IDR,6E,6E-284,2026-10-22,20:30,2026-09-06 09:00,46,T45(40-50),Economy Standard,5558,1000,200,6758,MMT,Available,True,VALID,,,SINGLETON::OBS02013,False,,RETAINED_UNIQUE,True,
OBS02014,b357e8e28dc5,59a3acf5af83,DEL,IDR,AI,AI-635,2026-09-07,16:30,2026-09-06 09:00,1,T1(0-2),Economy Saver,6285,1131,100,7516,AirlineSite,Available,True,VALID,,,SINGLETON::OBS02014,False,,RETAINED_UNIQUE,True,
OBS02015,b457d840e39c,b2029b11641d,DEL,IDR,AI,AI-635,2026-09-13,16:30,2026-09-06 09:00,7,T7(5-9),Economy Saver,5469,984,180,6633,AirlineSite,Available,True,VALID,,,SINGLETON::OBS02015,False,,RETAINED_UNIQUE,True,
OBS02016,fb5416169fea,f9851eeeb5fa,DEL,IDR,AI,AI-635,2026-09-13,16:30,2026-09-06 09:00,7,T7(5-9),Economy Flexi,8968,1614,120,10702,Cleartrip,Available,True,VALID,,,SINGLETON::OBS02016,False,,RETAINED_UNIQUE,True,
OBS02017,8c08114198c6,ea8fe78033cd,DEL,IDR,AI,AI-635,2026-09-21,16:30,2026-09-06 09:00,15,T15(12-18),Economy Flexi,7295,1313,150,8758,MMT,Available,True,VALID,,,SINGLETON::OBS02017,False,,RETAINED_UNIQUE,True,
OBS02018,af9e6eaeadd2,ea8fe78033cd,DEL,IDR,AI,AI-635,2026-09-21,16:30,2026-09-06 09:00,15,T15(12-18),Economy Flexi,7393,1331,200,8924,AirlineSite,Available,True,VALID,,,SINGLETON::OBS02018,False,,RETAINED_UNIQUE,True,
OBS02019,5c015b7df466,731368c6b934,DEL,IDR,AI,AI-635,2026-09-21,16:30,2026-09-06 09:00,15,T15(12-18),Economy Saver,4972,895,100,5967,AirlineSite,Available,True,VALID,,,SINGLETON::OBS02019,False,,RETAINED_UNIQUE,True,
OBS02020,902a9072dccb,731368c6b934,DEL,IDR,AI,AI-635,2026-09-21,16:30,2026-09-06 09:00,15,T15(12-18),Economy Saver,4959,893,200,6052,Cleartrip,Available,True,VALID,,,SINGLETON::OBS02020,False,,RETAINED_UNIQUE,True,
OBS02021,a30a64a44e22,2892fdfab01b,DEL,IDR,AI,AI-635,2026-10-06,16:30,2026-09-06 09:00,30,T30(25-35),Economy Saver,4284,771,180,5235,EaseMyTrip,Available,True,VALID,,,SINGLETON::OBS02021,False,,RETAINED_UNIQUE,True,
OBS02022,b6ff0d389887,2892fdfab01b,DEL,IDR,AI,AI-635,2026-10-06,16:30,2026-09-06 09:00,30,T30(25-35),Economy Saver,4095,737,150,4982,Cleartrip,Available,True,VALID,,,SINGLETON::OBS02022,False,,RETAINED_UNIQUE,True,
OBS02023,cdcc5f83df03,5872d5a74b16,DEL,IDR,AI,AI-635,2026-10-22,16:30,2026-09-06 09:00,46,T45(40-50),Economy Standard,5688,1024,100,6812,Goibibo,Available,True,VALID,,,SINGLETON::OBS02023,False,,RETAINED_UNIQUE,True,
OBS02024,913ca08310e8,5872d5a74b16,DEL,IDR,AI,AI-635,2026-10-22,16:30,2026-09-06 09:00,46,T45(40-50),Economy Standard,5610,1010,120,6740,Cleartrip,Available,True,VALID,,,SINGLETON::OBS02024,False,,RETAINED_UNIQUE,True,
OBS02025,21decfea9399,99c1af3069c3,DEL,IDR,AI,AI-635,2026-10-22,16:30,2026-09-06 09:00,46,T45(40-50),Economy Saver,4094,737,180,5011,Cleartrip,Available,True,VALID,,,SINGLETON::OBS02025,False,,RETAINED_UNIQUE,True,
OBS02026,da4b53d6d2f9,59a3acf5af83,DEL,IDR,IX,IX-221,2026-09-07,11:45,2026-09-06 09:00,1,T1(0-2),Economy Saver,6003,1081,120,7204,Cleartrip,Available,True,VALID,,,SINGLETON::OBS02026,False,,RETAINED_UNIQUE,True,
OBS02027,90a958e5adf0,59a3acf5af83,DEL,IDR,IX,IX-221,2026-09-07,11:45,2026-09-06 09:00,1,T1(0-2),Economy Saver,6060,1091,180,7331,MMT,Available,True,VALID,,,SINGLETON::OBS02027,False,,RETAINED_UNIQUE,True,
OBS02028,ea9496105507,c9e9c3d33416,DEL,IDR,IX,IX-221,2026-09-07,11:45,2026-09-06 09:00,1,T1(0-2),Economy Flexi,9758,1756,180,11694,Cleartrip,Available,True,VALID,,,SINGLETON::OBS02028,False,,RETAINED_UNIQUE,True,
OBS02029,2bc005de45f6,c9e9c3d33416,DEL,IDR,IX,IX-221,2026-09-07,11:45,2026-09-06 09:00,1,T1(0-2),Economy Flexi,9931,1788,150,11869,Goibibo,Available,True,VALID,,,SINGLETON::OBS02029,False,,RETAINED_UNIQUE,True,
OBS02030,7c8e05b7bef2,f9851eeeb5fa,DEL,IDR,IX,IX-221,2026-09-13,11:45,2026-09-06 09:00,7,T7(5-9),Economy Flexi,8761,1577,180,10518,Goibibo,Available,True,VALID,,,SINGLETON::OBS02030,False,,RETAINED_UNIQUE,True,
OBS02031,049ec9c08b0c,ea8fe78033cd,DEL,IDR,IX,IX-221,2026-09-21,11:45,2026-09-06 09:00,15,T15(12-18),Economy Flexi,7519,1353,120,8992,AirlineSite,Available,True,VALID,,,SINGLETON::OBS02031,False,,RETAINED_UNIQUE,True,
OBS02032,eb53bd131c62,ea8fe78033cd,DEL,IDR,IX,IX-221,2026-09-21,11:45,2026-09-06 09:00,15,T15(12-18),Economy Flexi,7650,1377,120,9147,Goibibo,Available,True,VALID,,,SINGLETON::OBS02032,False,,RETAINED_UNIQUE,True,
OBS02033,7f06793aab62,731368c6b934,DEL,IDR,IX,IX-221,2026-09-21,11:45,2026-09-06 09:00,15,T15(12-18),Economy Saver,5006,901,100,6007,AirlineSite,Available,True,VALID,,,SINGLETON::OBS02033,False,,RETAINED_UNIQUE,True,
OBS02034,132488b42d16,731368c6b934,DEL,IDR,IX,IX-221,2026-09-21,11:45,2026-09-06 09:00,15,T15(12-18),Economy Saver,4707,847,180,5734,MMT,Available,True,VALID,,,SINGLETON::OBS02034,False,,RETAINED_UNIQUE,True,
OBS02035,527c978ac16d,2892fdfab01b,DEL,IDR,IX,IX-221,2026-10-06,11:45,2026-09-06 09:00,30,T30(25-35),Economy Saver,4184,753,120,5057,Cleartrip,Available,True,VALID,,,SINGLETON::OBS02035,False,,RETAINED_UNIQUE,True,
OBS02036,c21fa3a1f89b,5872d5a74b16,DEL,IDR,IX,IX-221,2026-10-22,11:45,2026-09-06 09:00,46,T45(40-50),Economy Standard,5631,1014,100,6745,MMT,Available,True,VALID,,,SINGLETON::OBS02036,False,,RETAINED_UNIQUE,True,
OBS02037,6b19ab91cc53,5872d5a74b16,DEL,IDR,IX,IX-221,2026-10-22,11:45,2026-09-06 09:00,46,T45(40-50),Economy Standard,5587,1006,100,6693,EaseMyTrip,Available,True,VALID,,,SINGLETON::OBS02037,False,,RETAINED_UNIQUE,True,
OBS02038,994b5b97d431,99c1af3069c3,DEL,IDR,IX,IX-221,2026-10-22,11:45,2026-09-06 09:00,46,T45(40-50),Economy Saver,4340,781,180,5301,Goibibo,Available,True,VALID,,,SINGLETON::OBS02038,False,,RETAINED_UNIQUE,True,
OBS02039,b616f47efb70,a2655fd02851,BOM,DEL,6E,6E-2341,2026-09-07,08:00,2026-09-06 14:30,1,T1(0-2),Economy Saver,6466,1164,120,7750,Goibibo,Available,True,VALID,,,SINGLETON::OBS02039,False,,RETAINED_UNIQUE,True,
OBS02040,3f8bcac8dc77,ff6869a5fa7a,BOM,DEL,6E,6E-2341,2026-09-07,08:00,2026-09-06 14:30,1,T1(0-2),Economy Flexi,9701,1746,100,11547,MMT,Available,True,VALID,,,SINGLETON::OBS02040,False,,RETAINED_UNIQUE,True,
OBS02041,e833db047ec0,b591dca76702,BOM,DEL,6E,6E-2341,2026-09-13,08:00,2026-09-06 14:30,7,T7(5-9),Economy Saver,5805,1045,180,7030,EaseMyTrip,Available,True,VALID,,,SINGLETON::OBS02041,False,,RETAINED_UNIQUE,True,
OBS02042,3f7eed8b2a59,3f84138c4009,BOM,DEL,6E,6E-2341,2026-09-21,08:00,2026-09-06 14:30,15,T15(12-18),Economy Saver,4758,856,150,5764,MMT,Available,True,VALID,,,SINGLETON::OBS02042,False,,RETAINED_UNIQUE,True,
OBS02043,8ca8bbf6ded4,3f84138c4009,BOM,DEL,6E,6E-2341,2026-09-21,08:00,2026-09-06 14:30,15,T15(12-18),Economy Saver,4746,854,100,5700,Cleartrip,Available,True,VALID,,,SINGLETON::OBS02043,False,,RETAINED_UNIQUE,True,
OBS02044,019db08fc5c1,312dbe0b5497,BOM,DEL,6E,6E-2341,2026-10-06,08:00,2026-09-06 14:30,30,T30(25-35),Economy Saver,4286,771,120,5177,AirlineSite,Available,True,VALID,,,SINGLETON::OBS02044,False,,RETAINED_UNIQUE,True,
OBS02045,130e82d18490,c486b2c50264,BOM,DEL,6E,6E-2341,2026-10-06,08:00,2026-09-06 14:30,30,T30(25-35),Economy Flexi,6598,1188,180,7966,AirlineSite,Available,True,VALID,,,SINGLETON::OBS02045,False,,RETAINED_UNIQUE,True,
OBS02046,06d68216277c,2e9daa0e056f,BOM,DEL,6E,6E-2341,2026-10-22,08:00,2026-09-06 14:30,46,T45(40-50),Economy Flexi,6951,1251,150,8352,MMT,Available,True,VALID,,,SINGLETON::OBS02046,False,,RETAINED_UNIQUE,True,
OBS02047,8ec277ee8a5c,2e9daa0e056f,BOM,DEL,6E,6E-2341,2026-10-22,08:00,2026-09-06 14:30,46,T45(40-50),Economy Flexi,6978,1256,200,8434,Goibibo,Available,True,VALID,,,SINGLETON::OBS02047,False,,RETAINED_UNIQUE,True,
OBS02048,6696b0ddadff,946fda38816a,BOM,DEL,6E,6E-2341,2026-10-22,08:00,2026-09-06 14:30,46,T45(40-50),Economy Standard,5400,972,100,6472,MMT,Available,True,VALID,,,SINGLETON::OBS02048,False,,RETAINED_UNIQUE,True,
OBS02049,48a9954a3cea,946fda38816a,BOM,DEL,6E,6E-2341,2026-10-22,08:00,2026-09-06 14:30,46,T45(40-50),Economy Standard,5302,954,120,6376,EaseMyTrip,Available,True,VALID,,,SINGLETON::OBS02049,False,,RETAINED_UNIQUE,True,
OBS02050,4fb1ef5f084b,ff6869a5fa7a,BOM,DEL,AI,AI-865,2026-09-07,16:15,2026-09-06 14:30,1,T1(0-2),Economy Flexi,9981,1797,180,11958,Goibibo,Available,True,VALID,,,SINGLETON::OBS02050,False,,RETAINED_UNIQUE,True,
OBS02051,6ba1c4daaa63,ff6869a5fa7a,BOM,DEL,AI,AI-865,2026-09-07,16:15,2026-09-06 14:30,1,T1(0-2),Economy Flexi,10151,1827,120,12098,Cleartrip,Available,True,VALID,,,SINGLETON::OBS02051,False,,RETAINED_UNIQUE,True,
OBS02052,e0f96e54339b,5ef6cb68b433,BOM,DEL,AI,AI-865,2026-09-13,16:15,2026-09-06 14:30,7,T7(5-9),Economy Standard,6946,1250,100,8296,MMT,Available,True,VALID,,,SINGLETON::OBS02052,False,,RETAINED_UNIQUE,True,
OBS02053,d7a1862270ee,5ef6cb68b433,BOM,DEL,AI,AI-865,2026-09-13,16:15,2026-09-06 14:30,7,T7(5-9),Economy Standard,7128,1283,150,8561,Cleartrip,Available,True,VALID,,,SINGLETON::OBS02053,False,,RETAINED_UNIQUE,True,
OBS02054,7f0a5239e9a0,3f84138c4009,BOM,DEL,AI,AI-865,2026-09-21,16:15,2026-09-06 14:30,15,T15(12-18),Economy Saver,4567,822,200,5589,MMT,Available,True,VALID,,,SINGLETON::OBS02054,False,,RETAINED_UNIQUE,True,
OBS02055,366c00624e23,3f84138c4009,BOM,DEL,AI,AI-865,2026-09-21,16:15,2026-09-06 14:30,15,T15(12-18),Economy Saver,4541,817,150,5508,AirlineSite,Available,True,VALID,,,SINGLETON::OBS02055,False,,RETAINED_UNIQUE,True,
OBS02056,0c5398e3f48f,c486b2c50264,BOM,DEL,AI,AI-865,2026-10-06,16:15,2026-09-06 14:30,30,T30(25-35),Economy Flexi,6495,1169,100,7764,AirlineSite,Available,True,VALID,,,SINGLETON::OBS02056,False,,RETAINED_UNIQUE,True,
OBS02057,57c3f0cc8bdc,2e9daa0e056f,BOM,DEL,AI,AI-865,2026-10-22,16:15,2026-09-06 14:30,46,T45(40-50),Economy Flexi,6544,1178,150,7872,AirlineSite,Available,True,VALID,,,SINGLETON::OBS02057,False,,RETAINED_UNIQUE,True,
OBS02058,b7afa1058706,2e9daa0e056f,BOM,DEL,AI,AI-865,2026-10-22,16:15,2026-09-06 14:30,46,T45(40-50),Economy Flexi,6342,1141,150,7633,EaseMyTrip,Available,True,VALID,,,SINGLETON::OBS02058,False,,RETAINED_UNIQUE,True,
OBS02059,f2599cd125c8,8c0fb03401c5,BOM,DEL,QP,QP-1123,2026-09-07,18:45,2026-09-06 14:30,1,T1(0-2),Economy Standard,8422,1516,100,10038,Goibibo,Available,True,VALID,,,SINGLETON::OBS02059,False,,RETAINED_UNIQUE,True,
OBS02060,8f44e10a07a8,8c0fb03401c5,BOM,DEL,QP,QP-1123,2026-09-07,18:45,2026-09-06 14:30,1,T1(0-2),Economy Standard,7910,1424,200,9534,Cleartrip,Available,True,VALID,,,SINGLETON::OBS02060,False,,RETAINED_UNIQUE,True,
OBS02061,7725486c1c3e,a2655fd02851,BOM,DEL,QP,QP-1123,2026-09-07,18:45,2026-09-06 14:30,1,T1(0-2),Economy Saver,6447,1161,120,7728,EaseMyTrip,Available,True,VALID,,,SINGLETON::OBS02061,False,,RETAINED_UNIQUE,True,
OBS02062,d57edc9d92ab,4f7bbed1f7d3,BOM,DEL,QP,QP-1123,2026-09-13,18:45,2026-09-06 14:30,7,T7(5-9),Economy Flexi,8649,1557,120,10326,Goibibo,Available,True,VALID,,,SINGLETON::OBS02062,False,,RETAINED_UNIQUE,True,
OBS02063,ebc37737085b,4f7bbed1f7d3,BOM,DEL,QP,QP-1123,2026-09-13,18:45,2026-09-06 14:30,7,T7(5-9),Economy Flexi,8992,1619,100,10711,AirlineSite,Available,True,VALID,,,SINGLETON::OBS02063,False,,RETAINED_UNIQUE,True,
OBS02064,c8e22da8f399,9f15c8f3920d,BOM,DEL,QP,QP-1123,2026-09-21,18:45,2026-09-06 14:30,15,T15(12-18),Economy Flexi,7728,1391,120,9239,MMT,Available,True,VALID,,,SINGLETON::OBS02064,False,,RETAINED_UNIQUE,True,
OBS02065,58519f3d2d64,c486b2c50264,BOM,DEL,QP,QP-1123,2026-10-06,18:45,2026-09-06 14:30,30,T30(25-35),Economy Flexi,6560,1181,150,7891,Goibibo,Available,True,VALID,,,SINGLETON::OBS02065,False,,RETAINED_UNIQUE,True,
OBS02066,11ab0e4aaa37,c486b2c50264,BOM,DEL,QP,QP-1123,2026-10-06,18:45,2026-09-06 14:30,30,T30(25-35),Economy Flexi,6747,1215,180,8142,MMT,Available,True,VALID,,,SINGLETON::OBS02066,False,,RETAINED_UNIQUE,True,
OBS02067,0c8d889ea580,2e9daa0e056f,BOM,DEL,QP,QP-1123,2026-10-22,18:45,2026-09-06 14:30,46,T45(40-50),Economy Flexi,6994,1259,200,8453,MMT,Available,True,VALID,,,SINGLETON::OBS02067,False,,RETAINED_UNIQUE,True,
OBS02068,cb04f5dcecbb,2e9daa0e056f,BOM,DEL,QP,QP-1123,2026-10-22,18:45,2026-09-06 14:30,46,T45(40-50),Economy Flexi,6385,1149,120,7654,EaseMyTrip,Available,True,VALID,,,SINGLETON::OBS02068,False,,RETAINED_UNIQUE,True,
OBS02069,5b6a2e300300,55af73a9c051,BLR,DEL,6E,6E-5011,2026-09-07,13:45,2026-09-06 14:30,1,T1(0-2),Economy Saver,6286,1132,100,7518,Cleartrip,Available,True,VALID,,,SINGLETON::OBS02069,False,,RETAINED_UNIQUE,True,
OBS02070,990e43fac1b6,722a18223014,BLR,DEL,6E,6E-5011,2026-09-07,13:45,2026-09-06 14:30,1,T1(0-2),Economy Flexi,9651,1737,150,11538,AirlineSite,Available,True,VALID,,,SINGLETON::OBS02070,False,,RETAINED_UNIQUE,True,
OBS02071,15251bbaec2a,722a18223014,BLR,DEL,6E,6E-5011,2026-09-07,13:45,2026-09-06 14:30,1,T1(0-2),Economy Flexi,9503,1711,150,11364,Goibibo,Available,True,VALID,,,SINGLETON::OBS02071,False,,RETAINED_UNIQUE,True,
OBS02072,5bc29197caf5,07d6636181ef,BLR,DEL,6E,6E-5011,2026-09-13,13:45,2026-09-06 14:30,7,T7(5-9),Economy Standard,7377,1328,180,8885,MMT,Available,True,VALID,,,SINGLETON::OBS02072,False,,RETAINED_UNIQUE,True,
OBS02073,3227b7f4a512,c01f5270b3d8,BLR,DEL,6E,6E-5011,2026-09-13,13:45,2026-09-06 14:30,7,T7(5-9),Economy Saver,5767,1038,180,6985,Goibibo,Available,True,VALID,,,SINGLETON::OBS02073,False,,RETAINED_UNIQUE,True,
OBS02074,d6e36626d507,c01f5270b3d8,BLR,DEL,6E,6E-5011,2026-09-13,13:45,2026-09-06 14:30,7,T7(5-9),Economy Saver,5704,1027,120,6851,Cleartrip,Available,True,VALID,,,SINGLETON::OBS02074,False,,RETAINED_UNIQUE,True,
OBS02075,e22dfd2d3d37,8e4874510531,BLR,DEL,6E,6E-5011,2026-09-21,13:45,2026-09-06 14:30,15,T15(12-18),Economy Flexi,7766,1398,180,9344,AirlineSite,Available,True,VALID,,,SINGLETON::OBS02075,False,,RETAINED_UNIQUE,True,
OBS02076,41a89b07a545,8e4874510531,BLR,DEL,6E,6E-5011,2026-09-21,13:45,2026-09-06 14:30,15,T15(12-18),Economy Flexi,7432,1338,200,8970,Cleartrip,Available,True,VALID,,,SINGLETON::OBS02076,False,,RETAINED_UNIQUE,True,
OBS02077,7fd203c32315,bad1720ebf2f,BLR,DEL,6E,6E-5011,2026-10-06,13:45,2026-09-06 14:30,30,T30(25-35),Economy Standard,5386,969,180,6535,EaseMyTrip,Available,True,VALID,,,SINGLETON::OBS02077,False,,RETAINED_UNIQUE,True,
OBS02078,2d0a16791848,bad1720ebf2f,BLR,DEL,6E,6E-5011,2026-10-06,13:45,2026-09-06 14:30,30,T30(25-35),Economy Standard,5457,982,150,6589,Cleartrip,Available,True,VALID,,,SINGLETON::OBS02078,False,,RETAINED_UNIQUE,True,
OBS02079,62294cde254d,4073ebc581a9,BLR,DEL,6E,6E-5011,2026-10-22,13:45,2026-09-06 14:30,46,T45(40-50),Economy Flexi,6798,1224,200,8222,MMT,Available,True,VALID,,,SINGLETON::OBS02079,False,,RETAINED_UNIQUE,True,
OBS02080,5c6f836b03ad,55af73a9c051,BLR,DEL,AI,AI-503,2026-09-07,19:15,2026-09-06 14:30,1,T1(0-2),Economy Saver,6180,1112,200,7492,Cleartrip,Available,True,VALID,,,SINGLETON::OBS02080,False,,RETAINED_UNIQUE,True,
OBS02081,98c47f0e5ad1,c01f5270b3d8,BLR,DEL,AI,AI-503,2026-09-13,19:15,2026-09-06 14:30,7,T7(5-9),Economy Saver,5537,997,180,6714,Goibibo,Available,True,VALID,,,SINGLETON::OBS02081,False,,RETAINED_UNIQUE,True,
OBS02082,9c696f5ff4a6,c01f5270b3d8,BLR,DEL,AI,AI-503,2026-09-13,19:15,2026-09-06 14:30,7,T7(5-9),Economy Saver,5700,1026,180,6906,AirlineSite,Available,True,VALID,,,SINGLETON::OBS02082,False,,RETAINED_UNIQUE,True,
OBS02083,74b8bc7157c0,dc430b25a5ca,BLR,DEL,AI,AI-503,2026-09-13,19:15,2026-09-06 14:30,7,T7(5-9),Economy Flexi,8553,1540,100,10193,AirlineSite,Available,True,VALID,,,SINGLETON::OBS02083,False,,RETAINED_UNIQUE,True,
OBS02084,c0e356e4df07,fa460205682d,BLR,DEL,AI,AI-503,2026-09-21,19:15,2026-09-06 14:30,15,T15(12-18),Economy Standard,6025,1084,200,7309,Cleartrip,Available,True,VALID,,,SINGLETON::OBS02084,False,,RETAINED_UNIQUE,True,
OBS02085,82204b6639e6,fa460205682d,BLR,DEL,AI,AI-503,2026-09-21,19:15,2026-09-06 14:30,15,T15(12-18),Economy Standard,6127,1103,180,7410,AirlineSite,Available,True,VALID,,,SINGLETON::OBS02085,False,,RETAINED_UNIQUE,True,
OBS02086,17f2884d1901,e9016f4c5dda,BLR,DEL,AI,AI-503,2026-09-21,19:15,2026-09-06 14:30,15,T15(12-18),Economy Saver,4751,855,200,5806,Cleartrip,Available,True,VALID,,,SINGLETON::OBS02086,False,,RETAINED_UNIQUE,True,
OBS02087,4b78e186777c,bad1720ebf2f,BLR,DEL,AI,AI-503,2026-10-06,19:15,2026-09-06 14:30,30,T30(25-35),Economy Standard,5357,964,100,6421,MMT,Available,True,VALID,,,SINGLETON::OBS02087,False,,RETAINED_UNIQUE,True,
OBS02088,733f3be993e2,68a92c115f71,BLR,DEL,AI,AI-503,2026-10-22,19:15,2026-09-06 14:30,46,T45(40-50),Economy Saver,4055,730,100,4885,Goibibo,Available,True,VALID,,,SINGLETON::OBS02088,False,,RETAINED_UNIQUE,True,
OBS02089,d78e493911b2,68a92c115f71,BLR,DEL,AI,AI-503,2026-10-22,19:15,2026-09-06 14:30,46,T45(40-50),Economy Saver,4432,798,180,5410,MMT,Available,True,VALID,,,SINGLETON::OBS02089,False,,RETAINED_UNIQUE,True,
OBS02090,2ac15941e589,9c48d0587db6,BLR,DEL,AI,AI-503,2026-10-22,19:15,2026-09-06 14:30,46,T45(40-50),Economy Standard,5229,941,100,6270,Cleartrip,Available,True,VALID,,,SINGLETON::OBS02090,False,,RETAINED_UNIQUE,True,
OBS02091,c29a7348521c,9c48d0587db6,BLR,DEL,AI,AI-503,2026-10-22,19:15,2026-09-06 14:30,46,T45(40-50),Economy Standard,5332,960,100,6392,MMT,Available,True,VALID,,,SINGLETON::OBS02091,False,,RETAINED_UNIQUE,True,
OBS02092,ec5233ae4f3f,722a18223014,BLR,DEL,IX,IX-782,2026-09-07,09:30,2026-09-06 14:30,1,T1(0-2),Economy Flexi,9997,1800,150,11947,EaseMyTrip,Available,True,VALID,,,SINGLETON::OBS02092,False,,RETAINED_UNIQUE,True,
OBS02093,ac35e9c30935,722a18223014,BLR,DEL,IX,IX-782,2026-09-07,09:30,2026-09-06 14:30,1,T1(0-2),Economy Flexi,9525,1714,100,11339,MMT,Available,True,VALID,,,SINGLETON::OBS02093,False,,RETAINED_UNIQUE,True,
OBS02094,eaadc2c58892,d9e2346419c4,BLR,DEL,IX,IX-782,2026-09-07,09:30,2026-09-06 14:30,1,T1(0-2),Economy Standard,7919,1425,150,9494,Goibibo,Available,True,VALID,,,SINGLETON::OBS02094,False,,RETAINED_UNIQUE,True,
OBS02095,82ef846a869a,c01f5270b3d8,BLR,DEL,IX,IX-782,2026-09-13,09:30,2026-09-06 14:30,7,T7(5-9),Economy Saver,5607,1009,120,6736,Goibibo,Available,True,VALID,,,SINGLETON::OBS02095,False,,RETAINED_UNIQUE,True,
OBS02096,549e696984c6,c01f5270b3d8,BLR,DEL,IX,IX-782,2026-09-13,09:30,2026-09-06 14:30,7,T7(5-9),Economy Saver,5880,1058,180,7118,EaseMyTrip,Available,True,VALID,,,SINGLETON::OBS02096,False,,RETAINED_UNIQUE,True,
OBS02097,f185f71a2aa8,8e4874510531,BLR,DEL,IX,IX-782,2026-09-21,09:30,2026-09-06 14:30,15,T15(12-18),Economy Flexi,7709,1388,200,9297,EaseMyTrip,Available,True,VALID,,,SINGLETON::OBS02097,False,,RETAINED_UNIQUE,True,
OBS02098,a5a4022c63ee,fa460205682d,BLR,DEL,IX,IX-782,2026-09-21,09:30,2026-09-06 14:30,15,T15(12-18),Economy Standard,6271,1129,200,7600,AirlineSite,Available,True,VALID,,,SINGLETON::OBS02098,False,,RETAINED_UNIQUE,True,
OBS02099,ce54f125edf2,bad1720ebf2f,BLR,DEL,IX,IX-782,2026-10-06,09:30,2026-09-06 14:30,30,T30(25-35),Economy Standard,5668,1020,120,6808,AirlineSite,Available,True,VALID,,,SINGLETON::OBS02099,False,,RETAINED_UNIQUE,True,
OBS02100,93de713098c1,bad1720ebf2f,BLR,DEL,IX,IX-782,2026-10-06,09:30,2026-09-06 14:30,30,T30(25-35),Economy Standard,5454,982,150,6586,MMT,Available,True,VALID,,,SINGLETON::OBS02100,False,,RETAINED_UNIQUE,True,
OBS02101,5d95d8d777e2,4073ebc581a9,BLR,DEL,IX,IX-782,2026-10-22,09:30,2026-09-06 14:30,46,T45(40-50),Economy Flexi,6988,1258,120,8366,Cleartrip,Available,True,VALID,,,SINGLETON::OBS02101,False,,RETAINED_UNIQUE,True,
OBS02102,2ed31f753c59,4073ebc581a9,BLR,DEL,IX,IX-782,2026-10-22,09:30,2026-09-06 14:30,46,T45(40-50),Economy Flexi,6755,1216,200,8171,AirlineSite,Available,True,VALID,,,SINGLETON::OBS02102,False,,RETAINED_UNIQUE,True,
OBS02103,618153a03373,f51a950a8dae,BLR,BOM,6E,6E-442,2026-09-07,06:30,2026-09-06 14:30,1,T1(0-2),Economy Saver,6207,1117,200,7524,MMT,Available,True,VALID,,,SINGLETON::OBS02103,False,,RETAINED_UNIQUE,True,
OBS02104,1ccfdac588c8,8cbacff05554,BLR,BOM,6E,6E-442,2026-09-13,06:30,2026-09-06 14:30,7,T7(5-9),Economy Flexi,8579,1544,120,10243,MMT,Available,True,VALID,,,SINGLETON::OBS02104,False,,RETAINED_UNIQUE,True,
OBS02105,3a5fba7f7094,8cbacff05554,BLR,BOM,6E,6E-442,2026-09-13,06:30,2026-09-06 14:30,7,T7(5-9),Economy Flexi,9245,1664,200,11109,Cleartrip,Available,True,VALID,,,SINGLETON::OBS02105,False,,RETAINED_UNIQUE,True,
OBS02106,670c6796a3d3,29a1e7ee3f5f,BLR,BOM,6E,6E-442,2026-09-21,06:30,2026-09-06 14:30,15,T15(12-18),Economy Standard,6377,1148,200,7725,AirlineSite,Available,True,VALID,,,SINGLETON::OBS02106,False,,RETAINED_UNIQUE,True,
OBS02107,a8b2c7a691bc,29a1e7ee3f5f,BLR,BOM,6E,6E-442,2026-09-21,06:30,2026-09-06 14:30,15,T15(12-18),Economy Standard,6330,1139,100,7569,Cleartrip,Available,True,VALID,,,SINGLETON::OBS02107,False,,RETAINED_UNIQUE,True,
OBS02108,1db493c36b4e,f5e32b9982ab,BLR,BOM,6E,6E-442,2026-10-06,06:30,2026-09-06 14:30,30,T30(25-35),Economy Flexi,6568,1182,200,7950,Goibibo,Available,True,VALID,,,SINGLETON::OBS02108,False,,RETAINED_UNIQUE,True,
OBS02109,6385013b8ac8,f5e32b9982ab,BLR,BOM,6E,6E-442,2026-10-06,06:30,2026-09-06 14:30,30,T30(25-35),Economy Flexi,6617,1191,150,7958,Cleartrip,Available,True,VALID,,,SINGLETON::OBS02109,False,,RETAINED_UNIQUE,True,
OBS02110,8298ad731ccc,2367dff31e27,BLR,BOM,6E,6E-442,2026-10-06,06:30,2026-09-06 14:30,30,T30(25-35),Economy Standard,5432,978,150,6560,MMT,Available,True,VALID,,,SINGLETON::OBS02110,False,,RETAINED_UNIQUE,True,
OBS02111,6aded3d5cd11,b6ae72c59279,BLR,BOM,6E,6E-442,2026-10-22,06:30,2026-09-06 14:30,46,T45(40-50),Economy Flexi,6624,1192,150,7966,EaseMyTrip,Available,True,VALID,,,SINGLETON::OBS02111,False,,RETAINED_UNIQUE,True,
OBS02112,375d00b3eaf3,932597b646f6,BLR,BOM,AI,AI-610,2026-09-07,15:45,2026-09-06 14:30,1,T1(0-2),Economy Flexi,10130,1823,100,12053,AirlineSite,Available,True,VALID,,,SINGLETON::OBS02112,False,,RETAINED_UNIQUE,True,
OBS02113,f22ada2446cf,26becfeedc51,BLR,BOM,AI,AI-610,2026-09-07,15:45,2026-09-06 14:30,1,T1(0-2),Economy Standard,8137,1465,180,9782,AirlineSite,Available,True,VALID,,,SINGLETON::OBS02113,False,,RETAINED_UNIQUE,True,
OBS02114,2d0c5a315caf,010fa77d8be5,BLR,BOM,AI,AI-610,2026-09-13,15:45,2026-09-06 14:30,7,T7(5-9),Economy Standard,7229,1301,100,8630,Goibibo,Available,True,VALID,,,SINGLETON::OBS02114,False,,RETAINED_UNIQUE,True,
OBS02115,e674047aaae3,29a1e7ee3f5f,BLR,BOM,AI,AI-610,2026-09-21,15:45,2026-09-06 14:30,15,T15(12-18),Economy Standard,6167,1110,100,7377,Goibibo,Available,True,VALID,,,SINGLETON::OBS02115,False,,RETAINED_UNIQUE,True,
OBS02116,e23ee28517df,7efa767f57c0,BLR,BOM,AI,AI-610,2026-09-21,15:45,2026-09-06 14:30,15,T15(12-18),Economy Saver,4985,897,150,6032,Goibibo,Available,True,VALID,,,SINGLETON::OBS02116,False,,RETAINED_UNIQUE,True,
OBS02117,442679a5647e,2367dff31e27,BLR,BOM,AI,AI-610,2026-10-06,15:45,2026-09-06 14:30,30,T30(25-35),Economy Standard,5606,1009,200,6815,Cleartrip,Available,True,VALID,,,SINGLETON::OBS02117,False,,RETAINED_UNIQUE,True,
OBS02118,512cad62c3b5,f5e32b9982ab,BLR,BOM,AI,AI-610,2026-10-06,15:45,2026-09-06 14:30,30,T30(25-35),Economy Flexi,6539,1177,180,7896,Cleartrip,Available,True,VALID,,,SINGLETON::OBS02118,False,,RETAINED_UNIQUE,True,
OBS02119,7e93dbbc9c8c,f5e32b9982ab,BLR,BOM,AI,AI-610,2026-10-06,15:45,2026-09-06 14:30,30,T30(25-35),Economy Flexi,6780,1220,100,8100,EaseMyTrip,Available,True,VALID,,,SINGLETON::OBS02119,False,,RETAINED_UNIQUE,True,
OBS02120,0dcee264f586,0112fca850a4,BLR,BOM,AI,AI-610,2026-10-22,15:45,2026-09-06 14:30,46,T45(40-50),Economy Saver,4364,786,200,5350,MMT,Available,True,VALID,,,SINGLETON::OBS02120,False,,RETAINED_UNIQUE,True,
OBS02121,83834b62b4d2,b6ae72c59279,BLR,BOM,AI,AI-610,2026-10-22,15:45,2026-09-06 14:30,46,T45(40-50),Economy Flexi,6969,1254,180,8403,Cleartrip,Available,True,VALID,,,SINGLETON::OBS02121,False,,RETAINED_UNIQUE,True,
OBS02122,feb43bbe2689,b6ae72c59279,BLR,BOM,AI,AI-610,2026-10-22,15:45,2026-09-06 14:30,46,T45(40-50),Economy Flexi,6496,1169,180,7845,MMT,Available,True,VALID,,,SINGLETON::OBS02122,False,,RETAINED_UNIQUE,True,
OBS02123,167fedbb6897,932597b646f6,BLR,BOM,QP,QP-1304,2026-09-07,05:00,2026-09-06 14:30,1,T1(0-2),Economy Flexi,9471,1705,180,11356,AirlineSite,Available,True,VALID,,,SINGLETON::OBS02123,False,,RETAINED_UNIQUE,True,
OBS02124,af96fdb305f3,932597b646f6,BLR,BOM,QP,QP-1304,2026-09-07,05:00,2026-09-06 14:30,1,T1(0-2),Economy Flexi,10297,1853,120,12270,Goibibo,Available,True,VALID,,,SINGLETON::OBS02124,False,,RETAINED_UNIQUE,True,
OBS02125,463c876540e3,010fa77d8be5,BLR,BOM,QP,QP-1304,2026-09-13,05:00,2026-09-06 14:30,7,T7(5-9),Economy Standard,7377,1328,120,8825,MMT,Available,True,VALID,,,SINGLETON::OBS02125,False,,RETAINED_UNIQUE,True,
OBS02126,163c1e5b0ac4,010fa77d8be5,BLR,BOM,QP,QP-1304,2026-09-13,05:00,2026-09-06 14:30,7,T7(5-9),Economy Standard,7230,1301,200,8731,AirlineSite,Available,True,VALID,,,SINGLETON::OBS02126,False,,RETAINED_UNIQUE,True,
OBS02127,8bdaef9f5c36,bdd7f33da793,BLR,BOM,QP,QP-1304,2026-09-13,05:00,2026-09-06 14:30,7,T7(5-9),Economy Saver,5870,1057,120,7047,Cleartrip,Available,True,VALID,,,SINGLETON::OBS02127,False,,RETAINED_UNIQUE,True,
OBS02128,e1481f85b04f,bdd7f33da793,BLR,BOM,QP,QP-1304,2026-09-13,05:00,2026-09-06 14:30,7,T7(5-9),Economy Saver,5394,971,100,6465,MMT,Available,True,VALID,,,SINGLETON::OBS02128,False,,RETAINED_UNIQUE,True,
OBS02129,60fb2cfdaee5,7efa767f57c0,BLR,BOM,QP,QP-1304,2026-09-21,05:00,2026-09-06 14:30,15,T15(12-18),Economy Saver,4870,877,100,5847,EaseMyTrip,Available,True,VALID,,,SINGLETON::OBS02129,False,,RETAINED_UNIQUE,True,
OBS02130,0521fc55fc7d,0c23682ee73d,BLR,BOM,QP,QP-1304,2026-09-21,05:00,2026-09-06 14:30,15,T15(12-18),Economy Flexi,7858,1414,150,9422,AirlineSite,Available,True,VALID,,,SINGLETON::OBS02130,False,,RETAINED_UNIQUE,True,
OBS02131,f8e330debfa4,0c23682ee73d,BLR,BOM,QP,QP-1304,2026-09-21,05:00,2026-09-06 14:30,15,T15(12-18),Economy Flexi,7267,1308,120,8695,MMT,Available,True,VALID,,,SINGLETON::OBS02131,False,,RETAINED_UNIQUE,True,
OBS02132,c90b8546e60a,c7e9ed313a8c,BLR,BOM,QP,QP-1304,2026-10-06,05:00,2026-09-06 14:30,30,T30(25-35),Economy Saver,4147,747,120,5014,Cleartrip,Available,True,VALID,,,SINGLETON::OBS02132,False,,RETAINED_UNIQUE,True,
OBS02133,9a1aba2706a4,c7e9ed313a8c,BLR,BOM,QP,QP-1304,2026-10-06,05:00,2026-09-06 14:30,30,T30(25-35),Economy Saver,4296,773,200,5269,AirlineSite,Available,True,VALID,,,SINGLETON::OBS02133,False,,RETAINED_UNIQUE,True,
OBS02134,05e846e1a47f,f5e32b9982ab,BLR,BOM,QP,QP-1304,2026-10-06,05:00,2026-09-06 14:30,30,T30(25-35),Economy Flexi,6639,1195,200,8034,AirlineSite,Available,True,VALID,,,SINGLETON::OBS02134,False,,RETAINED_UNIQUE,True,
OBS02135,a862f8c7727a,0112fca850a4,BLR,BOM,QP,QP-1304,2026-10-22,05:00,2026-09-06 14:30,46,T45(40-50),Economy Saver,4142,746,120,5008,Cleartrip,Available,True,VALID,,,SINGLETON::OBS02135,False,,RETAINED_UNIQUE,True,
OBS02136,c181fce5f28e,d5e2b4ddaa51,DEL,HYD,6E,6E-773,2026-09-07,19:45,2026-09-06 14:30,1,T1(0-2),Economy Saver,6189,1114,180,7483,Cleartrip,Available,True,VALID,,,SINGLETON::OBS02136,False,,RETAINED_UNIQUE,True,
OBS02137,9997ff823416,d5e2b4ddaa51,DEL,HYD,6E,6E-773,2026-09-07,19:45,2026-09-06 14:30,1,T1(0-2),Economy Saver,6440,1159,180,7779,MMT,Available,True,VALID,,,SINGLETON::OBS02137,False,,RETAINED_UNIQUE,True,
OBS02138,697b5038655d,837e7336fb50,DEL,HYD,6E,6E-773,2026-09-13,19:45,2026-09-06 14:30,7,T7(5-9),Economy Standard,7361,1325,180,8866,MMT,Available,True,VALID,,,SINGLETON::OBS02138,False,,RETAINED_UNIQUE,True,
OBS02139,9c739ee1658d,73ada9ffb874,DEL,HYD,6E,6E-773,2026-09-21,19:45,2026-09-06 14:30,15,T15(12-18),Economy Flexi,7350,1323,120,8793,MMT,Available,True,VALID,,,SINGLETON::OBS02139,False,,RETAINED_UNIQUE,True,
OBS02140,47ceab3ecf07,35819298f9e2,DEL,HYD,6E,6E-773,2026-09-21,19:45,2026-09-06 14:30,15,T15(12-18),Economy Standard,6425,1156,150,7731,AirlineSite,Available,True,VALID,,,SINGLETON::OBS02140,False,,RETAINED_UNIQUE,True,
OBS02141,ff0f0b8b8268,491b40137db8,DEL,HYD,6E,6E-773,2026-10-06,19:45,2026-09-06 14:30,30,T30(25-35),Economy Flexi,6826,1229,100,8155,EaseMyTrip,Available,True,VALID,,,SINGLETON::OBS02141,False,,RETAINED_UNIQUE,True,
OBS02142,b1985bd22b74,9dd906a8c1ec,DEL,HYD,6E,6E-773,2026-10-06,19:45,2026-09-06 14:30,30,T30(25-35),Economy Saver,4044,728,100,4872,EaseMyTrip,Available,True,VALID,,,SINGLETON::OBS02142,False,,RETAINED_UNIQUE,True,
OBS02143,7095c92a9918,7244fba44546,DEL,HYD,6E,6E-773,2026-10-22,19:45,2026-09-06 14:30,46,T45(40-50),Economy Saver,4044,728,120,4892,AirlineSite,Available,True,VALID,,,SINGLETON::OBS02143,False,,RETAINED_UNIQUE,True,
OBS02144,243ee85dd923,7244fba44546,DEL,HYD,6E,6E-773,2026-10-22,19:45,2026-09-06 14:30,46,T45(40-50),Economy Saver,4124,742,120,4986,MMT,Available,True,VALID,,,SINGLETON::OBS02144,False,,RETAINED_UNIQUE,True,
OBS02145,5796e76a6f98,bc62c9a2c6d9,DEL,HYD,AI,AI-540,2026-09-07,05:15,2026-09-06 14:30,1,T1(0-2),Economy Standard,7924,1426,200,9550,AirlineSite,Available,True,VALID,,,SINGLETON::OBS02145,False,,RETAINED_UNIQUE,True,
OBS02146,fb6750c38a8d,5feedb4dfa11,DEL,HYD,AI,AI-540,2026-09-07,05:15,2026-09-06 14:30,1,T1(0-2),Economy Flexi,9770,1759,180,11709,Goibibo,Available,True,VALID,,,SINGLETON::OBS02146,False,,RETAINED_UNIQUE,True,
OBS02147,45dab86d3d2b,5feedb4dfa11,DEL,HYD,AI,AI-540,2026-09-07,05:15,2026-09-06 14:30,1,T1(0-2),Economy Flexi,10244,1844,150,12238,EaseMyTrip,Available,True,VALID,,,SINGLETON::OBS02147,False,,RETAINED_UNIQUE,True,
OBS02148,b7fb233ca874,90e6988d0798,DEL,HYD,AI,AI-540,2026-09-13,05:15,2026-09-06 14:30,7,T7(5-9),Economy Saver,5667,1020,200,6887,Goibibo,Available,True,VALID,,,SINGLETON::OBS02148,False,,RETAINED_UNIQUE,True,
OBS02149,f7eaa9d98a98,90e6988d0798,DEL,HYD,AI,AI-540,2026-09-13,05:15,2026-09-06 14:30,7,T7(5-9),Economy Saver,5516,993,120,6629,AirlineSite,Available,True,VALID,,,SINGLETON::OBS02149,False,,RETAINED_UNIQUE,True,
OBS02150,d881819f3ccb,35819298f9e2,DEL,HYD,AI,AI-540,2026-09-21,05:15,2026-09-06 14:30,15,T15(12-18),Economy Standard,6328,1139,200,7667,EaseMyTrip,Available,True,VALID,,,SINGLETON::OBS02150,False,,RETAINED_UNIQUE,True,
OBS02151,6239fc276031,35819298f9e2,DEL,HYD,AI,AI-540,2026-09-21,05:15,2026-09-06 14:30,15,T15(12-18),Economy Standard,5897,1062,180,7139,Cleartrip,Available,True,VALID,,,SINGLETON::OBS02151,False,,RETAINED_UNIQUE,True,
OBS02152,ae7686e8a81d,73ada9ffb874,DEL,HYD,AI,AI-540,2026-09-21,05:15,2026-09-06 14:30,15,T15(12-18),Economy Flexi,7406,1333,100,8839,MMT,Available,True,VALID,,,SINGLETON::OBS02152,False,,RETAINED_UNIQUE,True,
OBS02153,956436a1cdd8,73ada9ffb874,DEL,HYD,AI,AI-540,2026-09-21,05:15,2026-09-06 14:30,15,T15(12-18),Economy Flexi,7462,1343,100,8905,Cleartrip,Available,True,VALID,,,SINGLETON::OBS02153,False,,RETAINED_UNIQUE,True,
OBS02154,e57bdf35b3b7,491b40137db8,DEL,HYD,AI,AI-540,2026-10-06,05:15,2026-09-06 14:30,30,T30(25-35),Economy Flexi,6599,1188,100,7887,EaseMyTrip,Available,True,VALID,,,SINGLETON::OBS02154,False,,RETAINED_UNIQUE,True,
OBS02155,d1711e3a0070,491b40137db8,DEL,HYD,AI,AI-540,2026-10-06,05:15,2026-09-06 14:30,30,T30(25-35),Economy Flexi,6455,1162,150,7767,Cleartrip,Available,True,VALID,,,SINGLETON::OBS02155,False,,RETAINED_UNIQUE,True,
OBS02156,64728bb7a627,0a37214f083d,DEL,HYD,AI,AI-540,2026-10-06,05:15,2026-09-06 14:30,30,T30(25-35),Economy Standard,5316,957,120,6393,MMT,Available,True,VALID,,,SINGLETON::OBS02156,False,,RETAINED_UNIQUE,True,
OBS02157,476f751c07d9,0a37214f083d,DEL,HYD,AI,AI-540,2026-10-06,05:15,2026-09-06 14:30,30,T30(25-35),Economy Standard,5539,997,150,6686,Cleartrip,Available,True,VALID,,,SINGLETON::OBS02157,False,,RETAINED_UNIQUE,True,
OBS02158,38aa13e86f43,8aac2712339e,DEL,HYD,AI,AI-540,2026-10-22,05:15,2026-09-06 14:30,46,T45(40-50),Economy Standard,5356,964,100,6420,AirlineSite,Available,True,VALID,,,SINGLETON::OBS02158,False,,RETAINED_UNIQUE,True,
OBS02159,cfd3574549c9,d5e2b4ddaa51,DEL,HYD,SG,SG-451,2026-09-07,19:15,2026-09-06 14:30,1,T1(0-2),Economy Saver,6186,1113,200,7499,MMT,Available,True,VALID,,,SINGLETON::OBS02159,False,,RETAINED_UNIQUE,True,
OBS02160,7debfb5fe3bf,d5e2b4ddaa51,DEL,HYD,SG,SG-451,2026-09-07,19:15,2026-09-06 14:30,1,T1(0-2),Economy Saver,6079,1094,120,7293,AirlineSite,Available,True,VALID,,,SINGLETON::OBS02160,False,,RETAINED_UNIQUE,True,
OBS02161,3f30d9074744,bc62c9a2c6d9,DEL,HYD,SG,SG-451,2026-09-07,19:15,2026-09-06 14:30,1,T1(0-2),Economy Standard,7868,1416,200,9484,EaseMyTrip,Available,True,VALID,,,SINGLETON::OBS02161,False,,RETAINED_UNIQUE,True,
OBS02162,1a6d5fa4f11f,d69b89fa1e64,DEL,HYD,SG,SG-451,2026-09-13,19:15,2026-09-06 14:30,7,T7(5-9),Economy Flexi,9107,1639,120,10866,Goibibo,Available,True,VALID,,,SINGLETON::OBS02162,False,,RETAINED_UNIQUE,True,
OBS02163,134ac86a8194,d69b89fa1e64,DEL,HYD,SG,SG-451,2026-09-13,19:15,2026-09-06 14:30,7,T7(5-9),Economy Flexi,8568,1542,180,10290,Cleartrip,Available,True,VALID,,,SINGLETON::OBS02163,False,,RETAINED_UNIQUE,True,
OBS02164,c97ad20963e4,a875679bf975,DEL,HYD,SG,SG-451,2026-09-21,19:15,2026-09-06 14:30,15,T15(12-18),Economy Saver,4750,855,200,5805,AirlineSite,Available,True,VALID,,,SINGLETON::OBS02164,False,,RETAINED_UNIQUE,True,
OBS02165,6e69432ebcf8,a875679bf975,DEL,HYD,SG,SG-451,2026-09-21,19:15,2026-09-06 14:30,15,T15(12-18),Economy Saver,4690,844,180,5714,EaseMyTrip,Available,True,VALID,,,SINGLETON::OBS02165,False,,RETAINED_UNIQUE,True,
OBS02166,df0775cd1010,35819298f9e2,DEL,HYD,SG,SG-451,2026-09-21,19:15,2026-09-06 14:30,15,T15(12-18),Economy Standard,5845,1052,100,6997,EaseMyTrip,Available,True,VALID,,,SINGLETON::OBS02166,False,,RETAINED_UNIQUE,True,
OBS02167,d8523b15ab1b,0a37214f083d,DEL,HYD,SG,SG-451,2026-10-06,19:15,2026-09-06 14:30,30,T30(25-35),Economy Standard,5204,937,200,6341,MMT,Available,True,VALID,,,SINGLETON::OBS02167,False,,RETAINED_UNIQUE,True,
OBS02168,40aa4eff5286,0a37214f083d,DEL,HYD,SG,SG-451,2026-10-06,19:15,2026-09-06 14:30,30,T30(25-35),Economy Standard,5680,1022,100,6802,Goibibo,Available,True,VALID,,,SINGLETON::OBS02168,False,,RETAINED_UNIQUE,True,
OBS02169,1ce3f782384e,c933739f889e,DEL,HYD,SG,SG-451,2026-10-22,19:15,2026-09-06 14:30,46,T45(40-50),Economy Flexi,6399,1152,180,7731,Goibibo,Available,True,VALID,,,SINGLETON::OBS02169,False,,RETAINED_UNIQUE,True,
OBS02170,1c0427c9b2b4,7244fba44546,DEL,HYD,SG,SG-451,2026-10-22,19:15,2026-09-06 14:30,46,T45(40-50),Economy Saver,4349,783,180,5312,Cleartrip,Available,True,VALID,,,SINGLETON::OBS02170,False,,RETAINED_UNIQUE,True,
OBS02171,d63bf3ff828e,7244fba44546,DEL,HYD,SG,SG-451,2026-10-22,19:15,2026-09-06 14:30,46,T45(40-50),Economy Saver,4066,732,150,4948,EaseMyTrip,Available,True,VALID,,,SINGLETON::OBS02171,False,,RETAINED_UNIQUE,True,
OBS02172,59f68ef2b7a9,72635f6a0550,DEL,PNQ,6E,6E-381,2026-09-07,11:15,2026-09-06 14:30,1,T1(0-2),Economy Flexi,9826,1769,100,11695,Cleartrip,Available,True,VALID,,,SINGLETON::OBS02172,False,,RETAINED_UNIQUE,True,
OBS02173,9d81bb7e86be,72635f6a0550,DEL,PNQ,6E,6E-381,2026-09-07,11:15,2026-09-06 14:30,1,T1(0-2),Economy Flexi,10166,1830,200,12196,Goibibo,Available,True,VALID,,,SINGLETON::OBS02173,False,,RETAINED_UNIQUE,True,
OBS02174,80c4932ef5f2,a8801d53a141,DEL,PNQ,6E,6E-381,2026-09-07,11:15,2026-09-06 14:30,1,T1(0-2),Economy Saver,6086,1095,100,7281,AirlineSite,Available,True,VALID,,,SINGLETON::OBS02174,False,,RETAINED_UNIQUE,True,
OBS02175,5aaf1429758f,7713d353215e,DEL,PNQ,6E,6E-381,2026-09-13,11:15,2026-09-06 14:30,7,T7(5-9),Economy Saver,5437,979,120,6536,Goibibo,Available,True,VALID,,,SINGLETON::OBS02175,False,,RETAINED_UNIQUE,True,
OBS02176,9dae699221cd,7713d353215e,DEL,PNQ,6E,6E-381,2026-09-13,11:15,2026-09-06 14:30,7,T7(5-9),Economy Saver,5745,1034,150,6929,MMT,Available,True,VALID,,,SINGLETON::OBS02176,False,,RETAINED_UNIQUE,True,
OBS02177,e33309b83c02,8100ad44f132,DEL,PNQ,6E,6E-381,2026-09-21,11:15,2026-09-06 14:30,15,T15(12-18),Economy Flexi,7784,1401,100,9285,Cleartrip,Available,True,VALID,,,SINGLETON::OBS02177,False,,RETAINED_UNIQUE,True,
OBS02178,634ed16dde3c,50750fd81b95,DEL,PNQ,6E,6E-381,2026-10-06,11:15,2026-09-06 14:30,30,T30(25-35),Economy Saver,4170,751,200,5121,AirlineSite,Available,True,VALID,,,SINGLETON::OBS02178,False,,RETAINED_UNIQUE,True,
OBS02179,49e91ab7b199,50750fd81b95,DEL,PNQ,6E,6E-381,2026-10-06,11:15,2026-09-06 14:30,30,T30(25-35),Economy Saver,4364,786,180,5330,Cleartrip,Available,True,VALID,,,SINGLETON::OBS02179,False,,RETAINED_UNIQUE,True,
OBS02180,16a9f70efa0b,ee07df20eeb4,DEL,PNQ,6E,6E-381,2026-10-22,11:15,2026-09-06 14:30,46,T45(40-50),Economy Flexi,6640,1195,120,7955,EaseMyTrip,Available,True,VALID,,,SINGLETON::OBS02180,False,,RETAINED_UNIQUE,True,
OBS02181,55d10a05ce1a,6ddcb673b16c,DEL,PNQ,6E,6E-381,2026-10-22,11:15,2026-09-06 14:30,46,T45(40-50),Economy Saver,4299,774,100,5173,MMT,Available,True,VALID,,,SINGLETON::OBS02181,False,,RETAINED_UNIQUE,True,
OBS02182,a1a5d4de9f48,6ddcb673b16c,DEL,PNQ,6E,6E-381,2026-10-22,11:15,2026-09-06 14:30,46,T45(40-50),Economy Saver,4251,765,120,5136,Goibibo,Available,True,VALID,,,SINGLETON::OBS02182,False,,RETAINED_UNIQUE,True,
OBS02183,11dbc40cbbf5,72635f6a0550,DEL,PNQ,AI,AI-851,2026-09-07,06:00,2026-09-06 14:30,1,T1(0-2),Economy Flexi,9565,1722,150,11437,Cleartrip,Available,True,VALID,,,SINGLETON::OBS02183,False,,RETAINED_UNIQUE,True,
OBS02184,825f7e1a15bc,72635f6a0550,DEL,PNQ,AI,AI-851,2026-09-07,06:00,2026-09-06 14:30,1,T1(0-2),Economy Flexi,10091,1816,100,12007,Goibibo,Available,True,VALID,,,SINGLETON::OBS02184,False,,RETAINED_UNIQUE,True,
OBS02185,91e0d2b7d98f,19af43e69a05,DEL,PNQ,AI,AI-851,2026-09-07,06:00,2026-09-06 14:30,1,T1(0-2),Economy Standard,8172,1471,120,9763,EaseMyTrip,Available,True,VALID,,,SINGLETON::OBS02185,False,,RETAINED_UNIQUE,True,
OBS02186,ed42b4169111,19af43e69a05,DEL,PNQ,AI,AI-851,2026-09-07,06:00,2026-09-06 14:30,1,T1(0-2),Economy Standard,8200,1476,100,9776,MMT,Available,True,VALID,,,SINGLETON::OBS02186,False,,RETAINED_UNIQUE,True,
OBS02187,9a2f4039496a,7713d353215e,DEL,PNQ,AI,AI-851,2026-09-13,06:00,2026-09-06 14:30,7,T7(5-9),Economy Saver,5603,1009,180,6792,MMT,Available,True,VALID,,,SINGLETON::OBS02187,False,,RETAINED_UNIQUE,True,
OBS02188,463620d603cd,cecf6a66f3ae,DEL,PNQ,AI,AI-851,2026-09-13,06:00,2026-09-06 14:30,7,T7(5-9),Economy Flexi,8487,1528,120,10135,Goibibo,Available,True,VALID,,,SINGLETON::OBS02188,False,,RETAINED_UNIQUE,True,
OBS02189,5599cd7b8996,41ad798c40cc,DEL,PNQ,AI,AI-851,2026-09-21,06:00,2026-09-06 14:30,15,T15(12-18),Economy Standard,5896,1061,120,7077,EaseMyTrip,Available,True,VALID,,,SINGLETON::OBS02189,False,,RETAINED_UNIQUE,True,
OBS02190,cdd15a5a88ed,8100ad44f132,DEL,PNQ,AI,AI-851,2026-09-21,06:00,2026-09-06 14:30,15,T15(12-18),Economy Flexi,7414,1335,180,8929,Cleartrip,Available,True,VALID,,,SINGLETON::OBS02190,False,,RETAINED_UNIQUE,True,
OBS02191,618ddda7e702,cbdbb0deec9f,DEL,PNQ,AI,AI-851,2026-10-06,06:00,2026-09-06 14:30,30,T30(25-35),Economy Standard,5334,960,120,6414,AirlineSite,Available,True,VALID,,,SINGLETON::OBS02191,False,,RETAINED_UNIQUE,True,
OBS02192,fa75d1ba777b,ee07df20eeb4,DEL,PNQ,AI,AI-851,2026-10-22,06:00,2026-09-06 14:30,46,T45(40-50),Economy Flexi,6914,1245,100,8259,Goibibo,Available,True,VALID,,,SINGLETON::OBS02192,False,,RETAINED_UNIQUE,True,
OBS02193,9e919130cc22,6ddcb673b16c,DEL,PNQ,AI,AI-851,2026-10-22,06:00,2026-09-06 14:30,46,T45(40-50),Economy Saver,4408,793,120,5321,AirlineSite,Available,True,VALID,,,SINGLETON::OBS02193,False,,RETAINED_UNIQUE,True,
OBS02194,37763519eed4,a8801d53a141,DEL,PNQ,QP,QP-1201,2026-09-07,21:45,2026-09-06 14:30,1,T1(0-2),Economy Saver,6021,1084,200,7305,Cleartrip,Available,True,VALID,,,SINGLETON::OBS02194,False,,RETAINED_UNIQUE,True,
OBS02195,9247d0d15b7e,a8801d53a141,DEL,PNQ,QP,QP-1201,2026-09-07,21:45,2026-09-06 14:30,1,T1(0-2),Economy Saver,5999,1080,180,7259,EaseMyTrip,Available,True,VALID,,,SINGLETON::OBS02195,False,,RETAINED_UNIQUE,True,
OBS02196,2025e118f73b,19af43e69a05,DEL,PNQ,QP,QP-1201,2026-09-07,21:45,2026-09-06 14:30,1,T1(0-2),Economy Standard,7963,1433,180,9576,MMT,Available,True,VALID,,,SINGLETON::OBS02196,False,,RETAINED_UNIQUE,True,
OBS02197,0edd62775ddf,7713d353215e,DEL,PNQ,QP,QP-1201,2026-09-13,21:45,2026-09-06 14:30,7,T7(5-9),Economy Saver,5370,967,180,6517,Cleartrip,Available,True,VALID,,,SINGLETON::OBS02197,False,,RETAINED_UNIQUE,True,
OBS02198,8d33c9914fa5,7713d353215e,DEL,PNQ,QP,QP-1201,2026-09-13,21:45,2026-09-06 14:30,7,T7(5-9),Economy Saver,5750,1035,180,6965,AirlineSite,Available,True,VALID,,,SINGLETON::OBS02198,False,,RETAINED_UNIQUE,True,
OBS02199,7a74a48561d4,3b633c1887e2,DEL,PNQ,QP,QP-1201,2026-09-13,21:45,2026-09-06 14:30,7,T7(5-9),Economy Standard,7004,1261,120,8385,Cleartrip,Available,True,VALID,,,SINGLETON::OBS02199,False,,RETAINED_UNIQUE,True,
OBS02200,fdbe1c696a87,8100ad44f132,DEL,PNQ,QP,QP-1201,2026-09-21,21:45,2026-09-06 14:30,15,T15(12-18),Economy Flexi,7608,1369,100,9077,AirlineSite,Available,True,VALID,,,SINGLETON::OBS02200,False,,RETAINED_UNIQUE,True,
OBS02201,ae853a4ee112,8100ad44f132,DEL,PNQ,QP,QP-1201,2026-09-21,21:45,2026-09-06 14:30,15,T15(12-18),Economy Flexi,7291,1312,100,8703,EaseMyTrip,Available,True,VALID,,,SINGLETON::OBS02201,False,,RETAINED_UNIQUE,True,
OBS02202,a5027915dd04,41ad798c40cc,DEL,PNQ,QP,QP-1201,2026-09-21,21:45,2026-09-06 14:30,15,T15(12-18),Economy Standard,5994,1079,100,7173,EaseMyTrip,Available,True,VALID,,,SINGLETON::OBS02202,False,,RETAINED_UNIQUE,True,
OBS02203,fd563f3439a8,cbdbb0deec9f,DEL,PNQ,QP,QP-1201,2026-10-06,21:45,2026-09-06 14:30,30,T30(25-35),Economy Standard,5562,1001,180,6743,EaseMyTrip,Available,True,VALID,,,SINGLETON::OBS02203,False,,RETAINED_UNIQUE,True,
OBS02204,e70a852b9cf1,8aecaccbbbb4,DEL,PNQ,QP,QP-1201,2026-10-22,21:45,2026-09-06 14:30,46,T45(40-50),Economy Standard,5451,981,120,6552,Cleartrip,Available,True,VALID,,,SINGLETON::OBS02204,False,,RETAINED_UNIQUE,True,
OBS02205,c6b658f289d2,6ddcb673b16c,DEL,PNQ,QP,QP-1201,2026-10-22,21:45,2026-09-06 14:30,46,T45(40-50),Economy Saver,4299,774,200,5273,Cleartrip,Available,True,VALID,,,SINGLETON::OBS02205,False,,RETAINED_UNIQUE,True,
OBS02206,2c0f93b9e7a5,5ac7d7c9ad95,CCU,DEL,6E,6E-6120,2026-09-07,14:00,2026-09-06 14:30,1,T1(0-2),Economy Flexi,9836,1770,200,11806,MMT,Available,True,VALID,,,SINGLETON::OBS02206,False,,RETAINED_UNIQUE,True,
OBS02207,628aac8a38fb,d13cabcaabdb,CCU,DEL,6E,6E-6120,2026-09-07,14:00,2026-09-06 14:30,1,T1(0-2),Economy Saver,6053,1089,100,7242,Cleartrip,Available,True,VALID,,,SINGLETON::OBS02207,False,,RETAINED_UNIQUE,True,
OBS02208,2b61bcf7e1bc,d13cabcaabdb,CCU,DEL,6E,6E-6120,2026-09-07,14:00,2026-09-06 14:30,1,T1(0-2),Economy Saver,6050,1089,150,7289,MMT,Available,True,VALID,,,SINGLETON::OBS02208,False,,RETAINED_UNIQUE,True,
OBS02209,c997d8df730e,0d3ea7cf974f,CCU,DEL,6E,6E-6120,2026-09-13,14:00,2026-09-06 14:30,7,T7(5-9),Economy Saver,5354,964,150,6468,Goibibo,Available,True,VALID,,,SINGLETON::OBS02209,False,,RETAINED_UNIQUE,True,
OBS02210,5cb562f836c8,0d3ea7cf974f,CCU,DEL,6E,6E-6120,2026-09-13,14:00,2026-09-06 14:30,7,T7(5-9),Economy Saver,5833,1050,120,7003,Cleartrip,Available,True,VALID,,,SINGLETON::OBS02210,False,,RETAINED_UNIQUE,True,
OBS02211,70e72a22c511,66a9c71352cb,CCU,DEL,6E,6E-6120,2026-09-13,14:00,2026-09-06 14:30,7,T7(5-9),Economy Flexi,8703,1567,180,10450,EaseMyTrip,Available,True,VALID,,,SINGLETON::OBS02211,False,,RETAINED_UNIQUE,True,
OBS02212,4e1d2ce653e3,6766c135b14d,CCU,DEL,6E,6E-6120,2026-09-21,14:00,2026-09-06 14:30,15,T15(12-18),Economy Standard,5898,1062,100,7060,Goibibo,Available,True,VALID,,,SINGLETON::OBS02212,False,,RETAINED_UNIQUE,True,
OBS02213,0463cd516a90,99de94a5d6c1,CCU,DEL,6E,6E-6120,2026-10-06,14:00,2026-09-06 14:30,30,T30(25-35),Economy Saver,4074,733,150,4957,AirlineSite,Available,True,VALID,,,SINGLETON::OBS02213,False,,RETAINED_UNIQUE,True,
OBS02214,1c7f023e429c,79b9e579444a,CCU,DEL,6E,6E-6120,2026-10-06,14:00,2026-09-06 14:30,30,T30(25-35),Economy Flexi,6989,1258,150,8397,Goibibo,Available,True,VALID,,,SINGLETON::OBS02214,False,,RETAINED_UNIQUE,True,
OBS02215,ad0c60776c98,79b9e579444a,CCU,DEL,6E,6E-6120,2026-10-06,14:00,2026-09-06 14:30,30,T30(25-35),Economy Flexi,6774,1219,150,8143,Cleartrip,Available,True,VALID,,,SINGLETON::OBS02215,False,,RETAINED_UNIQUE,True,
OBS02216,7a43fed81108,39b508ae3da0,CCU,DEL,6E,6E-6120,2026-10-22,14:00,2026-09-06 14:30,46,T45(40-50),Economy Standard,5665,1020,200,6885,Cleartrip,Available,True,VALID,,,SINGLETON::OBS02216,False,,RETAINED_UNIQUE,True,
OBS02217,5ef3bfb93166,39b508ae3da0,CCU,DEL,6E,6E-6120,2026-10-22,14:00,2026-09-06 14:30,46,T45(40-50),Economy Standard,5446,980,150,6576,EaseMyTrip,Available,True,VALID,,,SINGLETON::OBS02217,False,,RETAINED_UNIQUE,True,
OBS02218,7a6e9f303233,186a26c23ec1,CCU,DEL,6E,6E-6120,2026-10-22,14:00,2026-09-06 14:30,46,T45(40-50),Economy Saver,4443,800,120,5363,MMT,Available,True,VALID,,,SINGLETON::OBS02218,False,,RETAINED_UNIQUE,True,
OBS02219,c9fdfb0a3ea4,67cf434e00d8,CCU,DEL,AI,AI-701,2026-09-07,09:45,2026-09-06 14:30,1,T1(0-2),Economy Standard,8106,1459,180,9745,AirlineSite,Available,True,VALID,,,SINGLETON::OBS02219,False,,RETAINED_UNIQUE,True,
OBS02220,6cfa68ee2181,67cf434e00d8,CCU,DEL,AI,AI-701,2026-09-07,09:45,2026-09-06 14:30,1,T1(0-2),Economy Standard,7933,1428,100,9461,MMT,Available,True,VALID,,,SINGLETON::OBS02220,False,,RETAINED_UNIQUE,True,
OBS02221,c155f142a449,98b5b77bbda0,CCU,DEL,AI,AI-701,2026-09-13,09:45,2026-09-06 14:30,7,T7(5-9),Economy Standard,7496,1349,200,9045,Cleartrip,Available,True,VALID,,,SINGLETON::OBS02221,False,,RETAINED_UNIQUE,True,
OBS02222,e10a6f74bfcb,5aee393e7286,CCU,DEL,AI,AI-701,2026-09-21,09:45,2026-09-06 14:30,15,T15(12-18),Economy Flexi,7418,1335,180,8933,Cleartrip,Available,True,VALID,,,SINGLETON::OBS02222,False,,RETAINED_UNIQUE,True,
OBS02223,4d3737862a9c,5aee393e7286,CCU,DEL,AI,AI-701,2026-09-21,09:45,2026-09-06 14:30,15,T15(12-18),Economy Flexi,7830,1409,150,9389,EaseMyTrip,Available,True,VALID,,,SINGLETON::OBS02223,False,,RETAINED_UNIQUE,True,
OBS02224,3598a421b0c8,ee6eb3659052,CCU,DEL,AI,AI-701,2026-09-21,09:45,2026-09-06 14:30,15,T15(12-18),Economy Saver,4810,866,150,5826,MMT,Available,True,VALID,,,SINGLETON::OBS02224,False,,RETAINED_UNIQUE,True,
OBS02225,fbeaaab4f033,ee6eb3659052,CCU,DEL,AI,AI-701,2026-09-21,09:45,2026-09-06 14:30,15,T15(12-18),Economy Saver,4930,887,100,5917,AirlineSite,Available,True,VALID,,,SINGLETON::OBS02225,False,,RETAINED_UNIQUE,True,
OBS02226,567a59c381a4,c0ab8ad7dc38,CCU,DEL,AI,AI-701,2026-10-06,09:45,2026-09-06 14:30,30,T30(25-35),Economy Standard,5453,982,120,6555,AirlineSite,Available,True,VALID,,,SINGLETON::OBS02226,False,,RETAINED_UNIQUE,True,
OBS02227,db02edfdfd31,c0ab8ad7dc38,CCU,DEL,AI,AI-701,2026-10-06,09:45,2026-09-06 14:30,30,T30(25-35),Economy Standard,5436,978,120,6534,EaseMyTrip,Available,True,VALID,,,SINGLETON::OBS02227,False,,RETAINED_UNIQUE,True,
OBS02228,8a54b10e0e08,79b9e579444a,CCU,DEL,AI,AI-701,2026-10-06,09:45,2026-09-06 14:30,30,T30(25-35),Economy Flexi,6536,1177,150,7863,EaseMyTrip,Available,True,VALID,,,SINGLETON::OBS02228,False,,RETAINED_UNIQUE,True,
OBS02229,c0051f540c34,79b9e579444a,CCU,DEL,AI,AI-701,2026-10-06,09:45,2026-09-06 14:30,30,T30(25-35),Economy Flexi,6379,1148,150,7677,MMT,Available,True,VALID,,,SINGLETON::OBS02229,False,,RETAINED_UNIQUE,True,
OBS02230,e7c6f5be9901,39b508ae3da0,CCU,DEL,AI,AI-701,2026-10-22,09:45,2026-09-06 14:30,46,T45(40-50),Economy Standard,5337,961,200,6498,MMT,Available,True,VALID,,,SINGLETON::OBS02230,False,,RETAINED_UNIQUE,True,
OBS02231,995b3e6bfb96,d13cabcaabdb,CCU,DEL,SG,SG-988,2026-09-07,19:30,2026-09-06 14:30,1,T1(0-2),Economy Saver,6214,1118,100,7432,Cleartrip,Available,True,VALID,,,SINGLETON::OBS02231,False,,RETAINED_UNIQUE,True,
OBS02232,1ae07ff5b9b9,d13cabcaabdb,CCU,DEL,SG,SG-988,2026-09-07,19:30,2026-09-06 14:30,1,T1(0-2),Economy Saver,5978,1076,120,7174,AirlineSite,Available,True,VALID,,,SINGLETON::OBS02232,False,,RETAINED_UNIQUE,True,
OBS02233,30b85c1141ac,98b5b77bbda0,CCU,DEL,SG,SG-988,2026-09-13,19:30,2026-09-06 14:30,7,T7(5-9),Economy Standard,6971,1255,120,8346,Cleartrip,Available,True,VALID,,,SINGLETON::OBS02233,False,,RETAINED_UNIQUE,True,
OBS02234,807ddc2c799c,0d3ea7cf974f,CCU,DEL,SG,SG-988,2026-09-13,19:30,2026-09-06 14:30,7,T7(5-9),Economy Saver,5504,991,100,6595,EaseMyTrip,Available,True,VALID,,,SINGLETON::OBS02234,False,,RETAINED_UNIQUE,True,
OBS02235,a37eaf73b4fa,0d3ea7cf974f,CCU,DEL,SG,SG-988,2026-09-13,19:30,2026-09-06 14:30,7,T7(5-9),Economy Saver,5606,1009,150,6765,AirlineSite,Available,True,VALID,,,SINGLETON::OBS02235,False,,RETAINED_UNIQUE,True,
OBS02236,332e504d8f74,5aee393e7286,CCU,DEL,SG,SG-988,2026-09-21,19:30,2026-09-06 14:30,15,T15(12-18),Economy Flexi,7846,1412,100,9358,Goibibo,Available,True,VALID,,,SINGLETON::OBS02236,False,,RETAINED_UNIQUE,True,
OBS02237,680958cf42ba,5aee393e7286,CCU,DEL,SG,SG-988,2026-09-21,19:30,2026-09-06 14:30,15,T15(12-18),Economy Flexi,7791,1402,150,9343,EaseMyTrip,Available,True,VALID,,,SINGLETON::OBS02237,False,,RETAINED_UNIQUE,True,
OBS02238,469ad93ec06b,99de94a5d6c1,CCU,DEL,SG,SG-988,2026-10-06,19:30,2026-09-06 14:30,30,T30(25-35),Economy Saver,4319,777,120,5216,EaseMyTrip,Available,True,VALID,,,SINGLETON::OBS02238,False,,RETAINED_UNIQUE,True,
OBS02239,e35aa6670e26,99de94a5d6c1,CCU,DEL,SG,SG-988,2026-10-06,19:30,2026-09-06 14:30,30,T30(25-35),Economy Saver,4137,745,180,5062,MMT,Available,True,VALID,,,SINGLETON::OBS02239,False,,RETAINED_UNIQUE,True,
OBS02240,6b9f20b64e8f,c0ab8ad7dc38,CCU,DEL,SG,SG-988,2026-10-06,19:30,2026-09-06 14:30,30,T30(25-35),Economy Standard,5349,963,150,6462,Cleartrip,Available,True,VALID,,,SINGLETON::OBS02240,False,,RETAINED_UNIQUE,True,
OBS02241,58aa00bc83ab,9de466e599ee,CCU,DEL,SG,SG-988,2026-10-22,19:30,2026-09-06 14:30,46,T45(40-50),Economy Flexi,6427,1157,180,7764,Goibibo,Available,True,VALID,,,SINGLETON::OBS02241,False,,RETAINED_UNIQUE,True,
OBS02242,e5b73e2deb60,9de466e599ee,CCU,DEL,SG,SG-988,2026-10-22,19:30,2026-09-06 14:30,46,T45(40-50),Economy Flexi,6794,1223,200,8217,AirlineSite,Available,True,VALID,,,SINGLETON::OBS02242,False,,RETAINED_UNIQUE,True,
OBS02243,c3ab68f6f2b9,186a26c23ec1,CCU,DEL,SG,SG-988,2026-10-22,19:30,2026-09-06 14:30,46,T45(40-50),Economy Saver,4212,758,180,5150,Goibibo,Available,True,VALID,,,SINGLETON::OBS02243,False,,RETAINED_UNIQUE,True,
OBS02244,cdafd5fb5b96,186a26c23ec1,CCU,DEL,SG,SG-988,2026-10-22,19:30,2026-09-06 14:30,46,T45(40-50),Economy Saver,4436,798,180,5414,Cleartrip,Available,True,VALID,,,SINGLETON::OBS02244,False,,RETAINED_UNIQUE,True,
OBS02245,f053c5855a9c,1b573d75be95,AMD,DEL,6E,6E-205,2026-09-07,14:30,2026-09-06 14:30,1,T1(0-2),Economy Flexi,9432,1698,120,11250,Goibibo,Available,True,VALID,,,SINGLETON::OBS02245,False,,RETAINED_UNIQUE,True,
OBS02246,c8a3ac83e52d,ef482708ca5e,AMD,DEL,6E,6E-205,2026-09-13,14:30,2026-09-06 14:30,7,T7(5-9),Economy Saver,5645,1016,200,6861,EaseMyTrip,Available,True,VALID,,,SINGLETON::OBS02246,False,,RETAINED_UNIQUE,True,
OBS02247,545def7d8029,7165fcb4c97e,AMD,DEL,6E,6E-205,2026-09-13,14:30,2026-09-06 14:30,7,T7(5-9),Economy Standard,6959,1253,100,8312,AirlineSite,Available,True,VALID,,,SINGLETON::OBS02247,False,,RETAINED_UNIQUE,True,
OBS02248,119f70ac5f11,7165fcb4c97e,AMD,DEL,6E,6E-205,2026-09-13,14:30,2026-09-06 14:30,7,T7(5-9),Economy Standard,7200,1296,200,8696,Goibibo,Available,True,VALID,,,SINGLETON::OBS02248,False,,RETAINED_UNIQUE,True,
OBS02249,0db079105b1f,0d6e5e42b899,AMD,DEL,6E,6E-205,2026-09-21,14:30,2026-09-06 14:30,15,T15(12-18),Economy Saver,4928,887,100,5915,Cleartrip,Available,True,VALID,,,SINGLETON::OBS02249,False,,RETAINED_UNIQUE,True,
OBS02250,1e46528ed6cc,27147b7bd42b,AMD,DEL,6E,6E-205,2026-09-21,14:30,2026-09-06 14:30,15,T15(12-18),Economy Flexi,7738,1393,200,9331,EaseMyTrip,Available,True,VALID,,,SINGLETON::OBS02250,False,,RETAINED_UNIQUE,True,
OBS02251,0bacf21924b1,27147b7bd42b,AMD,DEL,6E,6E-205,2026-09-21,14:30,2026-09-06 14:30,15,T15(12-18),Economy Flexi,7485,1347,150,8982,AirlineSite,Available,True,VALID,,,SINGLETON::OBS02251,False,,RETAINED_UNIQUE,True,
OBS02252,0518a88ae153,a6c28196d934,AMD,DEL,6E,6E-205,2026-10-06,14:30,2026-09-06 14:30,30,T30(25-35),Economy Saver,4249,765,200,5214,MMT,Available,True,VALID,,,SINGLETON::OBS02252,False,,RETAINED_UNIQUE,True,
OBS02253,24f267ea906f,bba378b16813,AMD,DEL,6E,6E-205,2026-10-22,14:30,2026-09-06 14:30,46,T45(40-50),Economy Saver,4296,773,100,5169,Cleartrip,Available,True,VALID,,,SINGLETON::OBS02253,False,,RETAINED_UNIQUE,True,
OBS02254,18484cb35c82,7f59c7c77479,AMD,DEL,6E,6E-205,2026-10-22,14:30,2026-09-06 14:30,46,T45(40-50),Economy Flexi,6412,1154,100,7666,EaseMyTrip,Available,True,VALID,,,SINGLETON::OBS02254,False,,RETAINED_UNIQUE,True,
OBS02255,501605fd1d51,7f59c7c77479,AMD,DEL,6E,6E-205,2026-10-22,14:30,2026-09-06 14:30,46,T45(40-50),Economy Flexi,6437,1159,100,7696,MMT,Available,True,VALID,,,SINGLETON::OBS02255,False,,RETAINED_UNIQUE,True,
OBS02256,3faa71d7612c,431253c1f0ec,AMD,DEL,AI,AI-18,2026-09-07,20:45,2026-09-06 14:30,1,T1(0-2),Economy Saver,6241,1123,200,7564,AirlineSite,Available,True,VALID,,,SINGLETON::OBS02256,False,,RETAINED_UNIQUE,True,
OBS02257,5b11ee8286bb,7165fcb4c97e,AMD,DEL,AI,AI-18,2026-09-13,20:45,2026-09-06 14:30,7,T7(5-9),Economy Standard,7158,1288,120,8566,Cleartrip,Available,True,VALID,,,SINGLETON::OBS02257,False,,RETAINED_UNIQUE,True,
OBS02258,c151f458e0c8,ef482708ca5e,AMD,DEL,AI,AI-18,2026-09-13,20:45,2026-09-06 14:30,7,T7(5-9),Economy Saver,5487,988,200,6675,EaseMyTrip,Available,True,VALID,,,SINGLETON::OBS02258,False,,RETAINED_UNIQUE,True,
OBS02259,0d3e469efd58,27147b7bd42b,AMD,DEL,AI,AI-18,2026-09-21,20:45,2026-09-06 14:30,15,T15(12-18),Economy Flexi,7265,1308,120,8693,MMT,Available,True,VALID,,,SINGLETON::OBS02259,False,,RETAINED_UNIQUE,True,
OBS02260,ed988cfb43ae,27147b7bd42b,AMD,DEL,AI,AI-18,2026-09-21,20:45,2026-09-06 14:30,15,T15(12-18),Economy Flexi,7255,1306,200,8761,AirlineSite,Available,True,VALID,,,SINGLETON::OBS02260,False,,RETAINED_UNIQUE,True,
OBS02261,df954a937ee5,0d6e5e42b899,AMD,DEL,AI,AI-18,2026-09-21,20:45,2026-09-06 14:30,15,T15(12-18),Economy Saver,4763,857,150,5770,Goibibo,Available,True,VALID,,,SINGLETON::OBS02261,False,,RETAINED_UNIQUE,True,
OBS02262,4c05695787ad,6f6bb31ace4e,AMD,DEL,AI,AI-18,2026-10-06,20:45,2026-09-06 14:30,30,T30(25-35),Economy Flexi,6594,1187,100,7881,Cleartrip,Available,True,VALID,,,SINGLETON::OBS02262,False,,RETAINED_UNIQUE,True,
OBS02263,c8f5fa12dabd,6f6bb31ace4e,AMD,DEL,AI,AI-18,2026-10-06,20:45,2026-09-06 14:30,30,T30(25-35),Economy Flexi,6642,1196,180,8018,EaseMyTrip,Available,True,VALID,,,SINGLETON::OBS02263,False,,RETAINED_UNIQUE,True,
OBS02264,a3d3320c2628,bba378b16813,AMD,DEL,AI,AI-18,2026-10-22,20:45,2026-09-06 14:30,46,T45(40-50),Economy Saver,4269,768,100,5137,Goibibo,Available,True,VALID,,,SINGLETON::OBS02264,False,,RETAINED_UNIQUE,True,
OBS02265,d9bfa4b3406f,bba378b16813,AMD,DEL,AI,AI-18,2026-10-22,20:45,2026-09-06 14:30,46,T45(40-50),Economy Saver,4276,770,100,5146,AirlineSite,Available,True,VALID,,,SINGLETON::OBS02265,False,,RETAINED_UNIQUE,True,
OBS02266,68bfb39c291c,431253c1f0ec,AMD,DEL,IX,IX-340,2026-09-07,06:30,2026-09-06 14:30,1,T1(0-2),Economy Saver,6494,1169,180,7843,Goibibo,Available,True,VALID,,,SINGLETON::OBS02266,False,,RETAINED_UNIQUE,True,
OBS02267,9cc7ed3e9950,a6fea363471c,AMD,DEL,IX,IX-340,2026-09-07,06:30,2026-09-06 14:30,1,T1(0-2),Economy Standard,7931,1428,200,9559,AirlineSite,Available,True,VALID,,,SINGLETON::OBS02267,False,,RETAINED_UNIQUE,True,
OBS02268,659baf93f94a,a6fea363471c,AMD,DEL,IX,IX-340,2026-09-07,06:30,2026-09-06 14:30,1,T1(0-2),Economy Standard,7814,1407,200,9421,MMT,Available,True,VALID,,,SINGLETON::OBS02268,False,,RETAINED_UNIQUE,True,
OBS02269,81734a010887,028a92b5a9d0,AMD,DEL,IX,IX-340,2026-09-13,06:30,2026-09-06 14:30,7,T7(5-9),Economy Flexi,8703,1567,200,10470,MMT,Available,True,VALID,,,SINGLETON::OBS02269,False,,RETAINED_UNIQUE,True,
OBS02270,d730019e8acb,ef482708ca5e,AMD,DEL,IX,IX-340,2026-09-13,06:30,2026-09-06 14:30,7,T7(5-9),Economy Saver,5497,990,150,6637,Goibibo,Available,True,VALID,,,SINGLETON::OBS02270,False,,RETAINED_UNIQUE,True,
OBS02271,7aea2ed30155,ef482708ca5e,AMD,DEL,IX,IX-340,2026-09-13,06:30,2026-09-06 14:30,7,T7(5-9),Economy Saver,5856,1054,100,7010,MMT,Available,True,VALID,,,SINGLETON::OBS02271,False,,RETAINED_UNIQUE,True,
OBS02272,f377f01c284d,b5e48fb905f6,AMD,DEL,IX,IX-340,2026-09-21,06:30,2026-09-06 14:30,15,T15(12-18),Economy Standard,6262,1127,200,7589,EaseMyTrip,Available,True,VALID,,,SINGLETON::OBS02272,False,,RETAINED_UNIQUE,True,
OBS02273,15555f30856e,27147b7bd42b,AMD,DEL,IX,IX-340,2026-09-21,06:30,2026-09-06 14:30,15,T15(12-18),Economy Flexi,7565,1362,200,9127,MMT,Available,True,VALID,,,SINGLETON::OBS02273,False,,RETAINED_UNIQUE,True,
OBS02274,f5e97c6c2561,27147b7bd42b,AMD,DEL,IX,IX-340,2026-09-21,06:30,2026-09-06 14:30,15,T15(12-18),Economy Flexi,7386,1330,200,8916,Cleartrip,Available,True,VALID,,,SINGLETON::OBS02274,False,,RETAINED_UNIQUE,True,
OBS02275,446b2bb32f11,a6c28196d934,AMD,DEL,IX,IX-340,2026-10-06,06:30,2026-09-06 14:30,30,T30(25-35),Economy Saver,4129,743,100,4972,MMT,Available,True,VALID,,,SINGLETON::OBS02275,False,,RETAINED_UNIQUE,True,
OBS02276,9dc539c68ae1,6f6bb31ace4e,AMD,DEL,IX,IX-340,2026-10-06,06:30,2026-09-06 14:30,30,T30(25-35),Economy Flexi,6838,1231,120,8189,Goibibo,Available,True,VALID,,,SINGLETON::OBS02276,False,,RETAINED_UNIQUE,True,
OBS02277,682117b44f7b,6f6bb31ace4e,AMD,DEL,IX,IX-340,2026-10-06,06:30,2026-09-06 14:30,30,T30(25-35),Economy Flexi,6406,1153,120,7679,Cleartrip,Available,True,VALID,,,SINGLETON::OBS02277,False,,RETAINED_UNIQUE,True,
OBS02278,62378125e0b8,9159d104c86d,AMD,DEL,IX,IX-340,2026-10-22,06:30,2026-09-06 14:30,46,T45(40-50),Economy Standard,5319,957,100,6376,EaseMyTrip,Available,True,VALID,,,SINGLETON::OBS02278,False,,RETAINED_UNIQUE,True,
OBS02279,c038ea86297f,bba378b16813,AMD,DEL,IX,IX-340,2026-10-22,06:30,2026-09-06 14:30,46,T45(40-50),Economy Saver,4353,783,200,5336,Goibibo,Available,True,VALID,,,SINGLETON::OBS02279,False,,RETAINED_UNIQUE,True,
OBS02280,f4fb2b54240c,493c266cc949,DEL,MAA,6E,6E-843,2026-09-07,06:30,2026-09-06 14:30,1,T1(0-2),Economy Saver,6181,1113,200,7494,AirlineSite,Available,True,VALID,,,SINGLETON::OBS02280,False,,RETAINED_UNIQUE,True,
OBS02281,d971885a3700,493c266cc949,DEL,MAA,6E,6E-843,2026-09-07,06:30,2026-09-06 14:30,1,T1(0-2),Economy Saver,6292,1133,120,7545,Goibibo,Available,True,VALID,,,SINGLETON::OBS02281,False,,RETAINED_UNIQUE,True,
OBS02282,de6c128270fe,4448fb514f7d,DEL,MAA,6E,6E-843,2026-09-13,06:30,2026-09-06 14:30,7,T7(5-9),Economy Standard,7400,1332,180,8912,MMT,Available,True,VALID,,,SINGLETON::OBS02282,False,,RETAINED_UNIQUE,True,
OBS02283,4069da4c79c5,4448fb514f7d,DEL,MAA,6E,6E-843,2026-09-13,06:30,2026-09-06 14:30,7,T7(5-9),Economy Standard,7451,1341,120,8912,EaseMyTrip,Available,True,VALID,,,SINGLETON::OBS02283,False,,RETAINED_UNIQUE,True,
OBS02284,46982fc8de73,6a5d368858ba,DEL,MAA,6E,6E-843,2026-09-13,06:30,2026-09-06 14:30,7,T7(5-9),Economy Flexi,8416,1515,100,10031,EaseMyTrip,Available,True,VALID,,,SINGLETON::OBS02284,False,,RETAINED_UNIQUE,True,
OBS02285,2d4a89dfa401,9000dae36bb3,DEL,MAA,6E,6E-843,2026-09-21,06:30,2026-09-06 14:30,15,T15(12-18),Economy Saver,4706,847,180,5733,AirlineSite,Available,True,VALID,,,SINGLETON::OBS02285,False,,RETAINED_UNIQUE,True,
OBS02286,79368f81e73b,092ba413c235,DEL,MAA,6E,6E-843,2026-10-06,06:30,2026-09-06 14:30,30,T30(25-35),Economy Standard,5452,981,120,6553,EaseMyTrip,Available,True,VALID,,,SINGLETON::OBS02286,False,,RETAINED_UNIQUE,True,
OBS02287,401c4bdae4af,8a62b318ee2c,DEL,MAA,6E,6E-843,2026-10-22,06:30,2026-09-06 14:30,46,T45(40-50),Economy Flexi,6865,1236,180,8281,EaseMyTrip,Available,True,VALID,,,SINGLETON::OBS02287,False,,RETAINED_UNIQUE,True,
OBS02288,5bf2f4575d02,8a62b318ee2c,DEL,MAA,6E,6E-843,2026-10-22,06:30,2026-09-06 14:30,46,T45(40-50),Economy Flexi,6618,1191,180,7989,MMT,Available,True,VALID,,,SINGLETON::OBS02288,False,,RETAINED_UNIQUE,True,
OBS02289,732928c4d2c9,61c8f40b5dd6,DEL,MAA,6E,6E-843,2026-10-22,06:30,2026-09-06 14:30,46,T45(40-50),Economy Standard,5226,941,200,6367,EaseMyTrip,Available,True,VALID,,,SINGLETON::OBS02289,False,,RETAINED_UNIQUE,True,
OBS02290,4ac56467f0a9,493c266cc949,DEL,MAA,AI,AI-542,2026-09-07,07:00,2026-09-06 14:30,1,T1(0-2),Economy Saver,6320,1138,150,7608,MMT,Available,True,VALID,,,SINGLETON::OBS02290,False,,RETAINED_UNIQUE,True,
OBS02291,dcdc2a51ba82,493c266cc949,DEL,MAA,AI,AI-542,2026-09-07,07:00,2026-09-06 14:30,1,T1(0-2),Economy Saver,5961,1073,150,7184,AirlineSite,Available,True,VALID,,,SINGLETON::OBS02291,False,,RETAINED_UNIQUE,True,
OBS02292,7bfd8df9194b,2ab87310058e,DEL,MAA,AI,AI-542,2026-09-07,07:00,2026-09-06 14:30,1,T1(0-2),Economy Flexi,9412,1694,120,11226,Goibibo,Available,True,VALID,,,SINGLETON::OBS02292,False,,RETAINED_UNIQUE,True,
OBS02293,2bff515a7189,2ab87310058e,DEL,MAA,AI,AI-542,2026-09-07,07:00,2026-09-06 14:30,1,T1(0-2),Economy Flexi,10288,1852,100,12240,Cleartrip,Available,True,VALID,,,SINGLETON::OBS02293,False,,RETAINED_UNIQUE,True,
OBS02294,d61c56c623d6,6a5d368858ba,DEL,MAA,AI,AI-542,2026-09-13,07:00,2026-09-06 14:30,7,T7(5-9),Economy Flexi,8873,1597,100,10570,Goibibo,Available,True,VALID,,,SINGLETON::OBS02294,False,,RETAINED_UNIQUE,True,
OBS02295,a8fd052d6524,6a5d368858ba,DEL,MAA,AI,AI-542,2026-09-13,07:00,2026-09-06 14:30,7,T7(5-9),Economy Flexi,8905,1603,150,10658,AirlineSite,Available,True,VALID,,,SINGLETON::OBS02295,False,,RETAINED_UNIQUE,True,
OBS02296,8c32d0f97679,9000dae36bb3,DEL,MAA,AI,AI-542,2026-09-21,07:00,2026-09-06 14:30,15,T15(12-18),Economy Saver,4631,834,100,5565,Goibibo,Available,True,VALID,,,SINGLETON::OBS02296,False,,RETAINED_UNIQUE,True,
OBS02297,1ba58b003133,9000dae36bb3,DEL,MAA,AI,AI-542,2026-09-21,07:00,2026-09-06 14:30,15,T15(12-18),Economy Saver,4602,828,200,5630,Cleartrip,Available,True,VALID,,,SINGLETON::OBS02297,False,,RETAINED_UNIQUE,True,
OBS02298,147e063185ae,7e03355123df,DEL,MAA,AI,AI-542,2026-10-06,07:00,2026-09-06 14:30,30,T30(25-35),Economy Flexi,6384,1149,200,7733,Goibibo,Available,True,VALID,,,SINGLETON::OBS02298,False,,RETAINED_UNIQUE,True,
OBS02299,8ebfc8d36e71,21dfb4be435a,DEL,MAA,AI,AI-542,2026-10-06,07:00,2026-09-06 14:30,30,T30(25-35),Economy Saver,4444,800,180,5424,Cleartrip,Available,True,VALID,,,SINGLETON::OBS02299,False,,RETAINED_UNIQUE,True,
OBS02300,fccf5dd82667,8a62b318ee2c,DEL,MAA,AI,AI-542,2026-10-22,07:00,2026-09-06 14:30,46,T45(40-50),Economy Flexi,6813,1226,100,8139,MMT,Available,True,VALID,,,SINGLETON::OBS02300,False,,RETAINED_UNIQUE,True,
OBS02301,c7b1c12e5609,8a62b318ee2c,DEL,MAA,AI,AI-542,2026-10-22,07:00,2026-09-06 14:30,46,T45(40-50),Economy Flexi,6359,1145,200,7704,Cleartrip,Available,True,VALID,,,SINGLETON::OBS02301,False,,RETAINED_UNIQUE,True,
OBS02302,16ff79e424ce,2ab87310058e,DEL,MAA,IX,IX-621,2026-09-07,05:30,2026-09-06 14:30,1,T1(0-2),Economy Flexi,9641,1735,120,11496,Goibibo,Available,True,VALID,,,SINGLETON::OBS02302,False,,RETAINED_UNIQUE,True,
OBS02303,664473fb25fe,2ab87310058e,DEL,MAA,IX,IX-621,2026-09-07,05:30,2026-09-06 14:30,1,T1(0-2),Economy Flexi,9366,1686,100,11152,EaseMyTrip,Available,True,VALID,,,SINGLETON::OBS02303,False,,RETAINED_UNIQUE,True,
OBS02304,955828c67620,ee44d40bf2b6,DEL,MAA,IX,IX-621,2026-09-13,05:30,2026-09-06 14:30,7,T7(5-9),Economy Saver,5371,967,180,6518,AirlineSite,Available,True,VALID,,,SINGLETON::OBS02304,False,,RETAINED_UNIQUE,True,
OBS02305,67e810c57c51,ee44d40bf2b6,DEL,MAA,IX,IX-621,2026-09-13,05:30,2026-09-06 14:30,7,T7(5-9),Economy Saver,5729,1031,180,6940,Goibibo,Available,True,VALID,,,SINGLETON::OBS02305,False,,RETAINED_UNIQUE,True,
OBS02306,830ad9ab4d3d,aef7f53b8631,DEL,MAA,IX,IX-621,2026-09-21,05:30,2026-09-06 14:30,15,T15(12-18),Economy Flexi,7216,1299,200,8715,Goibibo,Available,True,VALID,,,SINGLETON::OBS02306,False,,RETAINED_UNIQUE,True,
OBS02307,ad0fc0dc7527,9000dae36bb3,DEL,MAA,IX,IX-621,2026-09-21,05:30,2026-09-06 14:30,15,T15(12-18),Economy Saver,4698,846,100,5644,Cleartrip,Available,True,VALID,,,SINGLETON::OBS02307,False,,RETAINED_UNIQUE,True,
OBS02308,dcb8d153d326,9000dae36bb3,DEL,MAA,IX,IX-621,2026-09-21,05:30,2026-09-06 14:30,15,T15(12-18),Economy Saver,4649,837,100,5586,MMT,Available,True,VALID,,,SINGLETON::OBS02308,False,,RETAINED_UNIQUE,True,
OBS02309,80a3d8691b5a,21dfb4be435a,DEL,MAA,IX,IX-621,2026-10-06,05:30,2026-09-06 14:30,30,T30(25-35),Economy Saver,4448,801,100,5349,EaseMyTrip,Available,True,VALID,,,SINGLETON::OBS02309,False,,RETAINED_UNIQUE,True,
OBS02310,560e2bc62f26,21dfb4be435a,DEL,MAA,IX,IX-621,2026-10-06,05:30,2026-09-06 14:30,30,T30(25-35),Economy Saver,4399,792,120,5311,AirlineSite,Available,True,VALID,,,SINGLETON::OBS02310,False,,RETAINED_UNIQUE,True,
OBS02311,4be87807d106,0c93f429168e,DEL,MAA,IX,IX-621,2026-10-22,05:30,2026-09-06 14:30,46,T45(40-50),Economy Saver,4216,759,150,5125,MMT,Available,True,VALID,,,SINGLETON::OBS02311,False,,RETAINED_UNIQUE,True,
OBS02312,28107b57aa4a,e1a56258a3a8,BOM,HYD,6E,6E-631,2026-09-07,06:00,2026-09-06 14:30,1,T1(0-2),Economy Standard,8441,1519,120,10080,EaseMyTrip,Available,True,VALID,,,SINGLETON::OBS02312,False,,RETAINED_UNIQUE,True,
OBS02313,5c196cba4706,e1a56258a3a8,BOM,HYD,6E,6E-631,2026-09-07,06:00,2026-09-06 14:30,1,T1(0-2),Economy Standard,8129,1463,180,9772,MMT,Available,True,VALID,,,SINGLETON::OBS02313,False,,RETAINED_UNIQUE,True,
OBS02314,40ccb2a0dc53,0b6acd0827ae,BOM,HYD,6E,6E-631,2026-09-13,06:00,2026-09-06 14:30,7,T7(5-9),Economy Flexi,8614,1551,200,10365,AirlineSite,Available,True,VALID,,,SINGLETON::OBS02314,False,,RETAINED_UNIQUE,True,
OBS02315,6d345ea51f82,bf0aff4e778d,BOM,HYD,6E,6E-631,2026-09-21,06:00,2026-09-06 14:30,15,T15(12-18),Economy Standard,6265,1128,150,7543,MMT,Available,True,VALID,,,SINGLETON::OBS02315,False,,RETAINED_UNIQUE,True,
OBS02316,f56c5faf5cdb,bf0aff4e778d,BOM,HYD,6E,6E-631,2026-09-21,06:00,2026-09-06 14:30,15,T15(12-18),Economy Standard,6306,1135,150,7591,Goibibo,Available,True,VALID,,,SINGLETON::OBS02316,False,,RETAINED_UNIQUE,True,
OBS02317,36051653345b,f2c7461dedfd,BOM,HYD,6E,6E-631,2026-10-06,06:00,2026-09-06 14:30,30,T30(25-35),Economy Flexi,6372,1147,180,7699,Cleartrip,Available,True,VALID,,,SINGLETON::OBS02317,False,,RETAINED_UNIQUE,True,
OBS02318,e8617507f71c,f2c7461dedfd,BOM,HYD,6E,6E-631,2026-10-06,06:00,2026-09-06 14:30,30,T30(25-35),Economy Flexi,6802,1224,200,8226,AirlineSite,Available,True,VALID,,,SINGLETON::OBS02318,False,,RETAINED_UNIQUE,True,
OBS02319,a751a3ab5867,8b9340ffa3a8,BOM,HYD,6E,6E-631,2026-10-22,06:00,2026-09-06 14:30,46,T45(40-50),Economy Standard,5638,1015,200,6853,MMT,Available,True,VALID,,,SINGLETON::OBS02319,False,,RETAINED_UNIQUE,True,
OBS02320,17038d787cb8,0c85a3933472,BOM,HYD,6E,6E-631,2026-10-22,06:00,2026-09-06 14:30,46,T45(40-50),Economy Saver,4344,782,120,5246,Cleartrip,Available,True,VALID,,,SINGLETON::OBS02320,False,,RETAINED_UNIQUE,True,
OBS02321,da4e9d83fe69,e1a56258a3a8,BOM,HYD,AI,AI-619,2026-09-07,14:45,2026-09-06 14:30,1,T1(0-2),Economy Standard,8425,1517,180,10122,AirlineSite,Available,True,VALID,,,SINGLETON::OBS02321,False,,RETAINED_UNIQUE,True,
OBS02322,1f1e295b2c95,07ded1f87ed1,BOM,HYD,AI,AI-619,2026-09-13,14:45,2026-09-06 14:30,7,T7(5-9),Economy Saver,5497,989,180,6666,AirlineSite,Available,True,VALID,,,SINGLETON::OBS02322,False,,RETAINED_UNIQUE,True,
OBS02323,161ab4d529ce,07ded1f87ed1,BOM,HYD,AI,AI-619,2026-09-13,14:45,2026-09-06 14:30,7,T7(5-9),Economy Saver,5510,992,100,6602,Cleartrip,Available,True,VALID,,,SINGLETON::OBS02323,False,,RETAINED_UNIQUE,True,
OBS02324,411b96498d62,0b6acd0827ae,BOM,HYD,AI,AI-619,2026-09-13,14:45,2026-09-06 14:30,7,T7(5-9),Economy Flexi,9143,1646,180,10969,Cleartrip,Available,True,VALID,,,SINGLETON::OBS02324,False,,RETAINED_UNIQUE,True,
OBS02325,fadca0b3ef30,d9f3b2bd0ed3,BOM,HYD,AI,AI-619,2026-09-21,14:45,2026-09-06 14:30,15,T15(12-18),Economy Saver,4642,836,180,5658,Goibibo,Available,True,VALID,,,SINGLETON::OBS02325,False,,RETAINED_UNIQUE,True,
OBS02326,1c2581cf1131,d9f3b2bd0ed3,BOM,HYD,AI,AI-619,2026-09-21,14:45,2026-09-06 14:30,15,T15(12-18),Economy Saver,4623,832,180,5635,AirlineSite,Available,True,VALID,,,SINGLETON::OBS02326,False,,RETAINED_UNIQUE,True,
OBS02327,62307b63e561,bf0aff4e778d,BOM,HYD,AI,AI-619,2026-09-21,14:45,2026-09-06 14:30,15,T15(12-18),Economy Standard,5851,1053,150,7054,Cleartrip,Available,True,VALID,,,SINGLETON::OBS02327,False,,RETAINED_UNIQUE,True,
OBS02328,5b773efbce06,f2c7461dedfd,BOM,HYD,AI,AI-619,2026-10-06,14:45,2026-09-06 14:30,30,T30(25-35),Economy Flexi,6836,1230,150,8216,Cleartrip,Available,True,VALID,,,SINGLETON::OBS02328,False,,RETAINED_UNIQUE,True,
OBS02329,f916e69f6196,f2c7461dedfd,BOM,HYD,AI,AI-619,2026-10-06,14:45,2026-09-06 14:30,30,T30(25-35),Economy Flexi,6815,1227,200,8242,MMT,Available,True,VALID,,,SINGLETON::OBS02329,False,,RETAINED_UNIQUE,True,
OBS02330,02511de4b7a6,8b9340ffa3a8,BOM,HYD,AI,AI-619,2026-10-22,14:45,2026-09-06 14:30,46,T45(40-50),Economy Standard,5394,971,150,6515,EaseMyTrip,Available,True,VALID,,,SINGLETON::OBS02330,False,,RETAINED_UNIQUE,True,
OBS02331,4eb42643f5cc,0c85a3933472,BOM,HYD,AI,AI-619,2026-10-22,14:45,2026-09-06 14:30,46,T45(40-50),Economy Saver,4100,738,180,5018,Goibibo,Available,True,VALID,,,SINGLETON::OBS02331,False,,RETAINED_UNIQUE,True,
OBS02332,3b2c06d2a709,0c85a3933472,BOM,HYD,AI,AI-619,2026-10-22,14:45,2026-09-06 14:30,46,T45(40-50),Economy Saver,4228,761,120,5109,Cleartrip,Available,True,VALID,,,SINGLETON::OBS02332,False,,RETAINED_UNIQUE,True,
OBS02333,3fb634d2d529,b1510a4167ab,BOM,HYD,QP,QP-1402,2026-09-07,10:45,2026-09-06 14:30,1,T1(0-2),Economy Saver,6566,1182,200,7948,Cleartrip,Available,True,VALID,,,SINGLETON::OBS02333,False,,RETAINED_UNIQUE,True,
OBS02334,e4e04c852954,b1510a4167ab,BOM,HYD,QP,QP-1402,2026-09-07,10:45,2026-09-06 14:30,1,T1(0-2),Economy Saver,6130,1103,200,7433,AirlineSite,Available,True,VALID,,,SINGLETON::OBS02334,False,,RETAINED_UNIQUE,True,
OBS02335,69c638b3b593,07ded1f87ed1,BOM,HYD,QP,QP-1402,2026-09-13,10:45,2026-09-06 14:30,7,T7(5-9),Economy Saver,5778,1040,200,7018,Cleartrip,Available,True,VALID,,,SINGLETON::OBS02335,False,,RETAINED_UNIQUE,True,
OBS02336,76f5ab85610f,07ded1f87ed1,BOM,HYD,QP,QP-1402,2026-09-13,10:45,2026-09-06 14:30,7,T7(5-9),Economy Saver,5349,963,150,6462,EaseMyTrip,Available,True,VALID,,,SINGLETON::OBS02336,False,,RETAINED_UNIQUE,True,
OBS02337,8ee300a34e6a,e1c387d72b7c,BOM,HYD,QP,QP-1402,2026-09-13,10:45,2026-09-06 14:30,7,T7(5-9),Economy Standard,7186,1294,100,8580,Cleartrip,Available,True,VALID,,,SINGLETON::OBS02337,False,,RETAINED_UNIQUE,True,
OBS02338,04639ec0590f,e1c387d72b7c,BOM,HYD,QP,QP-1402,2026-09-13,10:45,2026-09-06 14:30,7,T7(5-9),Economy Standard,7184,1293,180,8657,MMT,Available,True,VALID,,,SINGLETON::OBS02338,False,,RETAINED_UNIQUE,True,
OBS02339,c2231da3b936,bf0aff4e778d,BOM,HYD,QP,QP-1402,2026-09-21,10:45,2026-09-06 14:30,15,T15(12-18),Economy Standard,6080,1094,200,7374,EaseMyTrip,Available,True,VALID,,,SINGLETON::OBS02339,False,,RETAINED_UNIQUE,True,
OBS02340,0639d5a6001c,bf0aff4e778d,BOM,HYD,QP,QP-1402,2026-09-21,10:45,2026-09-06 14:30,15,T15(12-18),Economy Standard,6402,1152,150,7704,MMT,Available,True,VALID,,,SINGLETON::OBS02340,False,,RETAINED_UNIQUE,True,
OBS02341,9e64ff89d662,465ccb21c1f9,BOM,HYD,QP,QP-1402,2026-10-06,10:45,2026-09-06 14:30,30,T30(25-35),Economy Saver,4354,784,150,5288,Cleartrip,Available,True,VALID,,,SINGLETON::OBS02341,False,,RETAINED_UNIQUE,True,
OBS02342,ad9282b69a6e,bbfe5f3c04d6,BOM,HYD,QP,QP-1402,2026-10-06,10:45,2026-09-06 14:30,30,T30(25-35),Economy Standard,5307,955,120,6382,Goibibo,Available,True,VALID,,,SINGLETON::OBS02342,False,,RETAINED_UNIQUE,True,
OBS02343,e35df7d73294,bbfe5f3c04d6,BOM,HYD,QP,QP-1402,2026-10-06,10:45,2026-09-06 14:30,30,T30(25-35),Economy Standard,5263,947,200,6410,MMT,Available,True,VALID,,,SINGLETON::OBS02343,False,,RETAINED_UNIQUE,True,
OBS02344,4a06ee43fe2c,0c85a3933472,BOM,HYD,QP,QP-1402,2026-10-22,10:45,2026-09-06 14:30,46,T45(40-50),Economy Saver,4109,740,200,5049,AirlineSite,Available,True,VALID,,,SINGLETON::OBS02344,False,,RETAINED_UNIQUE,True,
OBS02345,a1370f95a8af,d296d727b17b,BLR,CCU,6E,6E-904,2026-09-07,09:45,2026-09-06 14:30,1,T1(0-2),Economy Flexi,10044,1808,100,11952,EaseMyTrip,Available,True,VALID,,,SINGLETON::OBS02345,False,,RETAINED_UNIQUE,True,
OBS02346,35124626bc57,768f16c2a345,BLR,CCU,6E,6E-904,2026-09-07,09:45,2026-09-06 14:30,1,T1(0-2),Economy Standard,8187,1474,150,9811,Cleartrip,Available,True,VALID,,,SINGLETON::OBS02346,False,,RETAINED_UNIQUE,True,
OBS02347,349f4d9fd8bd,768f16c2a345,BLR,CCU,6E,6E-904,2026-09-07,09:45,2026-09-06 14:30,1,T1(0-2),Economy Standard,8077,1454,100,9631,AirlineSite,Available,True,VALID,,,SINGLETON::OBS02347,False,,RETAINED_UNIQUE,True,
OBS02348,0c86173d0f49,174be3a33a70,BLR,CCU,6E,6E-904,2026-09-13,09:45,2026-09-06 14:30,7,T7(5-9),Economy Standard,7232,1302,100,8634,AirlineSite,Available,True,VALID,,,SINGLETON::OBS02348,False,,RETAINED_UNIQUE,True,
OBS02349,2458c8249967,6f8836be744c,BLR,CCU,6E,6E-904,2026-09-21,09:45,2026-09-06 14:30,15,T15(12-18),Economy Saver,4805,865,180,5850,Cleartrip,Available,True,VALID,,,SINGLETON::OBS02349,False,,RETAINED_UNIQUE,True,
OBS02350,bc3fefac6148,1ad9c5173c97,BLR,CCU,6E,6E-904,2026-10-06,09:45,2026-09-06 14:30,30,T30(25-35),Economy Flexi,6352,1143,200,7695,Cleartrip,Available,True,VALID,,,SINGLETON::OBS02350,False,,RETAINED_UNIQUE,True,
OBS02351,8b5f6ba01a83,1ad9c5173c97,BLR,CCU,6E,6E-904,2026-10-06,09:45,2026-09-06 14:30,30,T30(25-35),Economy Flexi,6856,1234,150,8240,MMT,Available,True,VALID,,,SINGLETON::OBS02351,False,,RETAINED_UNIQUE,True,
OBS02352,d1e2036dc68c,ea3da1f07170,BLR,CCU,6E,6E-904,2026-10-22,09:45,2026-09-06 14:30,46,T45(40-50),Economy Flexi,6442,1160,100,7702,Cleartrip,Available,True,VALID,,,SINGLETON::OBS02352,False,,RETAINED_UNIQUE,True,
OBS02353,721aaba7e459,ea3da1f07170,BLR,CCU,6E,6E-904,2026-10-22,09:45,2026-09-06 14:30,46,T45(40-50),Economy Flexi,6528,1175,120,7823,AirlineSite,Available,True,VALID,,,SINGLETON::OBS02353,False,,RETAINED_UNIQUE,True,
OBS02354,20f99f45a3ca,304f2e0c97fd,BLR,CCU,6E,6E-904,2026-10-22,09:45,2026-09-06 14:30,46,T45(40-50),Economy Standard,5513,992,150,6655,AirlineSite,Available,True,VALID,,,SINGLETON::OBS02354,False,,RETAINED_UNIQUE,True,
OBS02355,ace1d7f37cee,73f95709b96e,BLR,CCU,AI,AI-772,2026-09-07,06:30,2026-09-06 14:30,1,T1(0-2),Economy Saver,6183,1113,100,7396,MMT,Available,True,VALID,,,SINGLETON::OBS02355,False,,RETAINED_UNIQUE,True,
OBS02356,532b432f5e35,768f16c2a345,BLR,CCU,AI,AI-772,2026-09-07,06:30,2026-09-06 14:30,1,T1(0-2),Economy Standard,8097,1457,200,9754,MMT,Available,True,VALID,,,SINGLETON::OBS02356,False,,RETAINED_UNIQUE,True,
OBS02357,a6a9d98632e1,ffcd847971ab,BLR,CCU,AI,AI-772,2026-09-13,06:30,2026-09-06 14:30,7,T7(5-9),Economy Flexi,8808,1585,200,10593,EaseMyTrip,Available,True,VALID,,,SINGLETON::OBS02357,False,,RETAINED_UNIQUE,True,
OBS02358,67a33553526a,6aed3595730a,BLR,CCU,AI,AI-772,2026-09-13,06:30,2026-09-06 14:30,7,T7(5-9),Economy Saver,5451,981,200,6632,Cleartrip,Available,True,VALID,,,SINGLETON::OBS02358,False,,RETAINED_UNIQUE,True,
OBS02359,a4ec2c704500,6aed3595730a,BLR,CCU,AI,AI-772,2026-09-13,06:30,2026-09-06 14:30,7,T7(5-9),Economy Saver,5505,991,120,6616,EaseMyTrip,Available,True,VALID,,,SINGLETON::OBS02359,False,,RETAINED_UNIQUE,True,
OBS02360,742ded180343,6f8836be744c,BLR,CCU,AI,AI-772,2026-09-21,06:30,2026-09-06 14:30,15,T15(12-18),Economy Saver,4685,843,100,5628,Goibibo,Available,True,VALID,,,SINGLETON::OBS02360,False,,RETAINED_UNIQUE,True,
OBS02361,fe7bc1341b68,3c9581757b9f,BLR,CCU,AI,AI-772,2026-09-21,06:30,2026-09-06 14:30,15,T15(12-18),Economy Standard,6277,1130,180,7587,Goibibo,Available,True,VALID,,,SINGLETON::OBS02361,False,,RETAINED_UNIQUE,True,
OBS02362,696ef299a7dc,aea6577cb1e2,BLR,CCU,AI,AI-772,2026-10-06,06:30,2026-09-06 14:30,30,T30(25-35),Economy Saver,4306,775,200,5281,Cleartrip,Available,True,VALID,,,SINGLETON::OBS02362,False,,RETAINED_UNIQUE,True,
OBS02363,a40d254e0a3b,bcf747de6de3,BLR,CCU,AI,AI-772,2026-10-06,06:30,2026-09-06 14:30,30,T30(25-35),Economy Standard,5609,1010,120,6739,Goibibo,Available,True,VALID,,,SINGLETON::OBS02363,False,,RETAINED_UNIQUE,True,
OBS02364,69c2cf2f4c0f,ea3da1f07170,BLR,CCU,AI,AI-772,2026-10-22,06:30,2026-09-06 14:30,46,T45(40-50),Economy Flexi,6781,1221,120,8122,Goibibo,Available,True,VALID,,,SINGLETON::OBS02364,False,,RETAINED_UNIQUE,True,
OBS02365,e828568ee128,768f16c2a345,BLR,CCU,SG,SG-321,2026-09-07,06:15,2026-09-06 14:30,1,T1(0-2),Economy Standard,7972,1435,200,9607,AirlineSite,Available,True,VALID,,,SINGLETON::OBS02365,False,,RETAINED_UNIQUE,True,
OBS02366,4ff988ae2967,768f16c2a345,BLR,CCU,SG,SG-321,2026-09-07,06:15,2026-09-06 14:30,1,T1(0-2),Economy Standard,8430,1517,200,10147,EaseMyTrip,Available,True,VALID,,,SINGLETON::OBS02366,False,,RETAINED_UNIQUE,True,
OBS02367,24e6d9d1bcaa,d296d727b17b,BLR,CCU,SG,SG-321,2026-09-07,06:15,2026-09-06 14:30,1,T1(0-2),Economy Flexi,10199,1836,100,12135,MMT,Available,True,VALID,,,SINGLETON::OBS02367,False,,RETAINED_UNIQUE,True,
OBS02368,2c35802db32a,d296d727b17b,BLR,CCU,SG,SG-321,2026-09-07,06:15,2026-09-06 14:30,1,T1(0-2),Economy Flexi,9508,1711,180,11399,EaseMyTrip,Available,True,VALID,,,SINGLETON::OBS02368,False,,RETAINED_UNIQUE,True,
OBS02369,c56da6332a54,ffcd847971ab,BLR,CCU,SG,SG-321,2026-09-13,06:15,2026-09-06 14:30,7,T7(5-9),Economy Flexi,9156,1648,180,10984,MMT,Available,True,VALID,,,SINGLETON::OBS02369,False,,RETAINED_UNIQUE,True,
OBS02370,14cc591077b4,174be3a33a70,BLR,CCU,SG,SG-321,2026-09-13,06:15,2026-09-06 14:30,7,T7(5-9),Economy Standard,7577,1364,120,9061,MMT,Available,True,VALID,,,SINGLETON::OBS02370,False,,RETAINED_UNIQUE,True,
OBS02371,6c73f9373826,3c9581757b9f,BLR,CCU,SG,SG-321,2026-09-21,06:15,2026-09-06 14:30,15,T15(12-18),Economy Standard,6255,1126,120,7501,Goibibo,Available,True,VALID,,,SINGLETON::OBS02371,False,,RETAINED_UNIQUE,True,
OBS02372,e800316b17b4,6370ba37e27c,BLR,CCU,SG,SG-321,2026-09-21,06:15,2026-09-06 14:30,15,T15(12-18),Economy Flexi,7794,1403,150,9347,AirlineSite,Available,True,VALID,,,SINGLETON::OBS02372,False,,RETAINED_UNIQUE,True,
OBS02373,8844f725d70c,6370ba37e27c,BLR,CCU,SG,SG-321,2026-09-21,06:15,2026-09-06 14:30,15,T15(12-18),Economy Flexi,7567,1362,200,9129,Cleartrip,Available,True,VALID,,,SINGLETON::OBS02373,False,,RETAINED_UNIQUE,True,
OBS02374,024037735a41,1ad9c5173c97,BLR,CCU,SG,SG-321,2026-10-06,06:15,2026-09-06 14:30,30,T30(25-35),Economy Flexi,6824,1228,150,8202,AirlineSite,Available,True,VALID,,,SINGLETON::OBS02374,False,,RETAINED_UNIQUE,True,
OBS02375,fb199c752714,304f2e0c97fd,BLR,CCU,SG,SG-321,2026-10-22,06:15,2026-09-06 14:30,46,T45(40-50),Economy Standard,5562,1001,120,6683,Cleartrip,Available,True,VALID,,,SINGLETON::OBS02375,False,,RETAINED_UNIQUE,True,
OBS02376,f744a26d29a5,304f2e0c97fd,BLR,CCU,SG,SG-321,2026-10-22,06:15,2026-09-06 14:30,46,T45(40-50),Economy Standard,5575,1003,200,6778,Goibibo,Available,True,VALID,,,SINGLETON::OBS02376,False,,RETAINED_UNIQUE,True,
OBS02377,ee2ddd9f2727,ea3da1f07170,BLR,CCU,SG,SG-321,2026-10-22,06:15,2026-09-06 14:30,46,T45(40-50),Economy Flexi,6927,1247,200,8374,MMT,Available,True,VALID,,,SINGLETON::OBS02377,False,,RETAINED_UNIQUE,True,
OBS02378,436d46772ae0,aa2769a0fb97,DEL,SXR,6E,6E-212,2026-09-07,10:30,2026-09-06 14:30,1,T1(0-2),Economy Flexi,9518,1713,200,11431,Cleartrip,Available,True,VALID,,,SINGLETON::OBS02378,False,,RETAINED_UNIQUE,True,
OBS02379,3d73d5c44bbf,aa2769a0fb97,DEL,SXR,6E,6E-212,2026-09-07,10:30,2026-09-06 14:30,1,T1(0-2),Economy Flexi,9617,1731,100,11448,Goibibo,Available,True,VALID,,,SINGLETON::OBS02379,False,,RETAINED_UNIQUE,True,
OBS02380,ac32c2cdb6d4,7680375affbf,DEL,SXR,6E,6E-212,2026-09-07,10:30,2026-09-06 14:30,1,T1(0-2),Economy Standard,8039,1447,100,9586,Cleartrip,Available,True,VALID,,,SINGLETON::OBS02380,False,,RETAINED_UNIQUE,True,
OBS02381,2d90f2830f45,f8e14d93e494,DEL,SXR,6E,6E-212,2026-09-13,10:30,2026-09-06 14:30,7,T7(5-9),Economy Standard,7551,1359,100,9010,Cleartrip,Available,True,VALID,,,SINGLETON::OBS02381,False,,RETAINED_UNIQUE,True,
OBS02382,439fac54586e,f8e14d93e494,DEL,SXR,6E,6E-212,2026-09-13,10:30,2026-09-06 14:30,7,T7(5-9),Economy Standard,7451,1341,120,8912,MMT,Available,True,VALID,,,SINGLETON::OBS02382,False,,RETAINED_UNIQUE,True,
OBS02383,1bd2087abbde,ce493fa860ab,DEL,SXR,6E,6E-212,2026-09-13,10:30,2026-09-06 14:30,7,T7(5-9),Economy Flexi,8898,1602,200,10700,EaseMyTrip,Available,True,VALID,,,SINGLETON::OBS02383,False,,RETAINED_UNIQUE,True,
OBS02384,712ae8fda67a,ce493fa860ab,DEL,SXR,6E,6E-212,2026-09-13,10:30,2026-09-06 14:30,7,T7(5-9),Economy Flexi,8670,1561,150,10381,Cleartrip,Available,True,VALID,,,SINGLETON::OBS02384,False,,RETAINED_UNIQUE,True,
OBS02385,a19b53ffb1b0,2cf3e4c90216,DEL,SXR,6E,6E-212,2026-09-21,10:30,2026-09-06 14:30,15,T15(12-18),Economy Saver,4743,854,120,5717,Cleartrip,Available,True,VALID,,,SINGLETON::OBS02385,False,,RETAINED_UNIQUE,True,
OBS02386,911833777ae0,2cf3e4c90216,DEL,SXR,6E,6E-212,2026-09-21,10:30,2026-09-06 14:30,15,T15(12-18),Economy Saver,4672,841,150,5663,Goibibo,Available,True,VALID,,,SINGLETON::OBS02386,False,,RETAINED_UNIQUE,True,
OBS02387,416682da3c1d,8db1ebcc6404,DEL,SXR,6E,6E-212,2026-09-21,10:30,2026-09-06 14:30,15,T15(12-18),Economy Flexi,7623,1372,120,9115,MMT,Available,True,VALID,,,SINGLETON::OBS02387,False,,RETAINED_UNIQUE,True,
OBS02388,3b650d6cb7dc,7331dc4cdf22,DEL,SXR,6E,6E-212,2026-10-06,10:30,2026-09-06 14:30,30,T30(25-35),Economy Saver,4283,771,100,5154,AirlineSite,Available,True,VALID,,,SINGLETON::OBS02388,False,,RETAINED_UNIQUE,True,
OBS02389,8466379cbc1d,8590db72b9a8,DEL,SXR,6E,6E-212,2026-10-22,10:30,2026-09-06 14:30,46,T45(40-50),Economy Saver,4117,741,200,5058,AirlineSite,Available,True,VALID,,,SINGLETON::OBS02389,False,,RETAINED_UNIQUE,True,
OBS02390,1ca299dfec44,8590db72b9a8,DEL,SXR,6E,6E-212,2026-10-22,10:30,2026-09-06 14:30,46,T45(40-50),Economy Saver,4211,758,180,5149,Cleartrip,Available,True,VALID,,,SINGLETON::OBS02390,False,,RETAINED_UNIQUE,True,
OBS02391,7e83dfe521e0,7680375affbf,DEL,SXR,AI,AI-825,2026-09-07,13:15,2026-09-06 14:30,1,T1(0-2),Economy Standard,8000,1440,180,9620,AirlineSite,Available,True,VALID,,,SINGLETON::OBS02391,False,,RETAINED_UNIQUE,True,
OBS02392,02cbef128d67,7680375affbf,DEL,SXR,AI,AI-825,2026-09-07,13:15,2026-09-06 14:30,1,T1(0-2),Economy Standard,8039,1447,100,9586,EaseMyTrip,Available,True,VALID,,,SINGLETON::OBS02392,False,,RETAINED_UNIQUE,True,
OBS02393,57e1fcb0e89a,f8e14d93e494,DEL,SXR,AI,AI-825,2026-09-13,13:15,2026-09-06 14:30,7,T7(5-9),Economy Standard,7444,1340,120,8904,Cleartrip,Available,True,VALID,,,SINGLETON::OBS02393,False,,RETAINED_UNIQUE,True,
OBS02394,14c778b03a8a,0cd630bb9498,DEL,SXR,AI,AI-825,2026-09-21,13:15,2026-09-06 14:30,15,T15(12-18),Economy Standard,6036,1086,180,7302,EaseMyTrip,Available,True,VALID,,,SINGLETON::OBS02394,False,,RETAINED_UNIQUE,True,
OBS02395,f27c6e38ee78,a2823b6fdfe1,DEL,SXR,AI,AI-825,2026-10-06,13:15,2026-09-06 14:30,30,T30(25-35),Economy Flexi,6402,1152,200,7754,AirlineSite,Available,True,VALID,,,SINGLETON::OBS02395,False,,RETAINED_UNIQUE,True,
OBS02396,8d72573919f1,a2823b6fdfe1,DEL,SXR,AI,AI-825,2026-10-06,13:15,2026-09-06 14:30,30,T30(25-35),Economy Flexi,6546,1178,200,7924,Goibibo,Available,True,VALID,,,SINGLETON::OBS02396,False,,RETAINED_UNIQUE,True,
OBS02397,93a665a4a516,d27bdbb7004f,DEL,SXR,AI,AI-825,2026-10-22,13:15,2026-09-06 14:30,46,T45(40-50),Economy Flexi,6426,1157,180,7763,MMT,Available,True,VALID,,,SINGLETON::OBS02397,False,,RETAINED_UNIQUE,True,
OBS02398,12cc7a9ad9ff,aa2769a0fb97,DEL,SXR,SG,SG-101,2026-09-07,15:15,2026-09-06 14:30,1,T1(0-2),Economy Flexi,9803,1765,180,11748,Cleartrip,Available,True,VALID,,,SINGLETON::OBS02398,False,,RETAINED_UNIQUE,True,
OBS02399,649b89de35a7,ce493fa860ab,DEL,SXR,SG,SG-101,2026-09-13,15:15,2026-09-06 14:30,7,T7(5-9),Economy Flexi,8569,1542,100,10211,Cleartrip,Available,True,VALID,,,SINGLETON::OBS02399,False,,RETAINED_UNIQUE,True,
OBS02400,6d1669cac9f0,ce493fa860ab,DEL,SXR,SG,SG-101,2026-09-13,15:15,2026-09-06 14:30,7,T7(5-9),Economy Flexi,9227,1661,120,11008,MMT,Available,True,VALID,,,SINGLETON::OBS02400,False,,RETAINED_UNIQUE,True,
OBS02401,8bb053bc1ce3,0cd630bb9498,DEL,SXR,SG,SG-101,2026-09-21,15:15,2026-09-06 14:30,15,T15(12-18),Economy Standard,6171,1111,120,7402,Goibibo,Available,True,VALID,,,SINGLETON::OBS02401,False,,RETAINED_UNIQUE,True,
OBS02402,5558d2fed85f,7331dc4cdf22,DEL,SXR,SG,SG-101,2026-10-06,15:15,2026-09-06 14:30,30,T30(25-35),Economy Saver,4297,773,120,5190,Cleartrip,Available,True,VALID,,,SINGLETON::OBS02402,False,,RETAINED_UNIQUE,True,
OBS02403,7e32764f8a91,7331dc4cdf22,DEL,SXR,SG,SG-101,2026-10-06,15:15,2026-09-06 14:30,30,T30(25-35),Economy Saver,4300,774,180,5254,Goibibo,Available,True,VALID,,,SINGLETON::OBS02403,False,,RETAINED_UNIQUE,True,
OBS02404,63b48e2bce93,8de3361a558e,DEL,SXR,SG,SG-101,2026-10-22,15:15,2026-09-06 14:30,46,T45(40-50),Economy Standard,5545,998,180,6723,Cleartrip,Available,True,VALID,,,SINGLETON::OBS02404,False,,RETAINED_UNIQUE,True,
OBS02405,1f380c80f8be,c80cbb545c46,DEL,GOI,6E,6E-334,2026-09-07,15:15,2026-09-06 14:30,1,T1(0-2),Economy Flexi,9559,1721,150,11430,Cleartrip,Available,True,VALID,,,SINGLETON::OBS02405,False,,RETAINED_UNIQUE,True,
OBS02406,15d5bc697668,c80cbb545c46,DEL,GOI,6E,6E-334,2026-09-07,15:15,2026-09-06 14:30,1,T1(0-2),Economy Flexi,9754,1756,180,11690,AirlineSite,Available,True,VALID,,,SINGLETON::OBS02406,False,,RETAINED_UNIQUE,True,
OBS02407,adace2225973,c20072106116,DEL,GOI,6E,6E-334,2026-09-07,15:15,2026-09-06 14:30,1,T1(0-2),Economy Standard,7739,1393,180,9312,MMT,Available,True,VALID,,,SINGLETON::OBS02407,False,,RETAINED_UNIQUE,True,
OBS02408,d0146c98e9e6,c20072106116,DEL,GOI,6E,6E-334,2026-09-07,15:15,2026-09-06 14:30,1,T1(0-2),Economy Standard,8408,1513,100,10021,Goibibo,Available,True,VALID,,,SINGLETON::OBS02408,False,,RETAINED_UNIQUE,True,
OBS02409,93b64bc41d76,d4cb226e3e42,DEL,GOI,6E,6E-334,2026-09-13,15:15,2026-09-06 14:30,7,T7(5-9),Economy Flexi,9130,1643,180,10953,Goibibo,Available,True,VALID,,,SINGLETON::OBS02409,False,,RETAINED_UNIQUE,True,
OBS02410,5c1faaddcc7e,7e34f9c46ba2,DEL,GOI,6E,6E-334,2026-09-13,15:15,2026-09-06 14:30,7,T7(5-9),Economy Standard,7077,1274,200,8551,MMT,Available,True,VALID,,,SINGLETON::OBS02410,False,,RETAINED_UNIQUE,True,
OBS02411,812839c7af19,7e34f9c46ba2,DEL,GOI,6E,6E-334,2026-09-13,15:15,2026-09-06 14:30,7,T7(5-9),Economy Standard,7023,1264,180,8467,AirlineSite,Available,True,VALID,,,SINGLETON::OBS02411,False,,RETAINED_UNIQUE,True,
OBS02412,23963a0925dd,75965084ddf9,DEL,GOI,6E,6E-334,2026-09-21,15:15,2026-09-06 14:30,15,T15(12-18),Economy Flexi,7433,1338,180,8951,Cleartrip,Available,True,VALID,,,SINGLETON::OBS02412,False,,RETAINED_UNIQUE,True,
OBS02413,cde7b2b31774,75965084ddf9,DEL,GOI,6E,6E-334,2026-09-21,15:15,2026-09-06 14:30,15,T15(12-18),Economy Flexi,7444,1340,150,8934,EaseMyTrip,Available,True,VALID,,,SINGLETON::OBS02413,False,,RETAINED_UNIQUE,True,
OBS02414,4d22c5f44467,6f78a794555c,DEL,GOI,6E,6E-334,2026-10-06,15:15,2026-09-06 14:30,30,T30(25-35),Economy Standard,5528,995,100,6623,MMT,Available,True,VALID,,,SINGLETON::OBS02414,False,,RETAINED_UNIQUE,True,
OBS02415,6f302d8577c9,6f78a794555c,DEL,GOI,6E,6E-334,2026-10-06,15:15,2026-09-06 14:30,30,T30(25-35),Economy Standard,5351,963,180,6494,Cleartrip,Available,True,VALID,,,SINGLETON::OBS02415,False,,RETAINED_UNIQUE,True,
OBS02416,d30236e42793,83f0bfe7344f,DEL,GOI,6E,6E-334,2026-10-22,15:15,2026-09-06 14:30,46,T45(40-50),Economy Flexi,6472,1165,100,7737,EaseMyTrip,Available,True,VALID,,,SINGLETON::OBS02416,False,,RETAINED_UNIQUE,True,
OBS02417,24cf097b6015,e293fc7d3662,DEL,GOI,AI,AI-861,2026-09-07,07:30,2026-09-06 14:30,1,T1(0-2),Economy Saver,6003,1081,150,7234,Goibibo,Available,True,VALID,,,SINGLETON::OBS02417,False,,RETAINED_UNIQUE,True,
OBS02418,36aba42f1f8b,c80cbb545c46,DEL,GOI,AI,AI-861,2026-09-07,07:30,2026-09-06 14:30,1,T1(0-2),Economy Flexi,9983,1797,200,11980,EaseMyTrip,Available,True,VALID,,,SINGLETON::OBS02418,False,,RETAINED_UNIQUE,True,
OBS02419,cf35488b5d8e,c80cbb545c46,DEL,GOI,AI,AI-861,2026-09-07,07:30,2026-09-06 14:30,1,T1(0-2),Economy Flexi,9550,1719,200,11469,AirlineSite,Available,True,VALID,,,SINGLETON::OBS02419,False,,RETAINED_UNIQUE,True,
OBS02420,93c6c3c26f2d,3ba13766159e,DEL,GOI,AI,AI-861,2026-09-13,07:30,2026-09-06 14:30,7,T7(5-9),Economy Saver,5788,1042,150,6980,MMT,Available,True,VALID,,,SINGLETON::OBS02420,False,,RETAINED_UNIQUE,True,
OBS02421,b4afd18354f2,3ba13766159e,DEL,GOI,AI,AI-861,2026-09-13,07:30,2026-09-06 14:30,7,T7(5-9),Economy Saver,5527,995,120,6642,Cleartrip,Available,True,VALID,,,SINGLETON::OBS02421,False,,RETAINED_UNIQUE,True,
OBS02422,b8cd06df78ea,381a914510fc,DEL,GOI,AI,AI-861,2026-09-21,07:30,2026-09-06 14:30,15,T15(12-18),Economy Saver,4893,881,200,5974,AirlineSite,Available,True,VALID,,,SINGLETON::OBS02422,False,,RETAINED_UNIQUE,True,
OBS02423,b90d6fd7709a,f2e07e6d7869,DEL,GOI,AI,AI-861,2026-10-06,07:30,2026-09-06 14:30,30,T30(25-35),Economy Flexi,6440,1159,150,7749,Goibibo,Available,True,VALID,,,SINGLETON::OBS02423,False,,RETAINED_UNIQUE,True,
OBS02424,4fe1b032deab,f2e07e6d7869,DEL,GOI,AI,AI-861,2026-10-06,07:30,2026-09-06 14:30,30,T30(25-35),Economy Flexi,6352,1143,120,7615,AirlineSite,Available,True,VALID,,,SINGLETON::OBS02424,False,,RETAINED_UNIQUE,True,
OBS02425,59e252e816b6,7accfd79a6d4,DEL,GOI,AI,AI-861,2026-10-22,07:30,2026-09-06 14:30,46,T45(40-50),Economy Standard,5538,997,120,6655,Goibibo,Available,True,VALID,,,SINGLETON::OBS02425,False,,RETAINED_UNIQUE,True,
OBS02426,5f4d4cb6e649,e293fc7d3662,DEL,GOI,QP,QP-1510,2026-09-07,10:45,2026-09-06 14:30,1,T1(0-2),Economy Saver,6395,1151,180,7726,EaseMyTrip,Available,True,VALID,,,SINGLETON::OBS02426,False,,RETAINED_UNIQUE,True,
OBS02427,e72dee10d262,c80cbb545c46,DEL,GOI,QP,QP-1510,2026-09-07,10:45,2026-09-06 14:30,1,T1(0-2),Economy Flexi,10069,1812,200,12081,AirlineSite,Available,True,VALID,,,SINGLETON::OBS02427,False,,RETAINED_UNIQUE,True,
OBS02428,853339be3596,3ba13766159e,DEL,GOI,QP,QP-1510,2026-09-13,10:45,2026-09-06 14:30,7,T7(5-9),Economy Saver,5779,1040,180,6999,MMT,Available,True,VALID,,,SINGLETON::OBS02428,False,,RETAINED_UNIQUE,True,
OBS02429,14a66bd84968,3ba13766159e,DEL,GOI,QP,QP-1510,2026-09-13,10:45,2026-09-06 14:30,7,T7(5-9),Economy Saver,5628,1013,100,6741,Cleartrip,Available,True,VALID,,,SINGLETON::OBS02429,False,,RETAINED_UNIQUE,True,
OBS02430,9ddf67f2a405,abe59d1566ac,DEL,GOI,QP,QP-1510,2026-09-21,10:45,2026-09-06 14:30,15,T15(12-18),Economy Standard,5993,1079,200,7272,AirlineSite,Available,True,VALID,,,SINGLETON::OBS02430,False,,RETAINED_UNIQUE,True,
OBS02431,6459ad0ebc6f,75965084ddf9,DEL,GOI,QP,QP-1510,2026-09-21,10:45,2026-09-06 14:30,15,T15(12-18),Economy Flexi,7447,1340,120,8907,Goibibo,Available,True,VALID,,,SINGLETON::OBS02431,False,,RETAINED_UNIQUE,True,
OBS02432,4b224a9846e0,75965084ddf9,DEL,GOI,QP,QP-1510,2026-09-21,10:45,2026-09-06 14:30,15,T15(12-18),Economy Flexi,7846,1412,200,9458,Cleartrip,Available,True,VALID,,,SINGLETON::OBS02432,False,,RETAINED_UNIQUE,True,
OBS02433,623f578b7a5e,6f78a794555c,DEL,GOI,QP,QP-1510,2026-10-06,10:45,2026-09-06 14:30,30,T30(25-35),Economy Standard,5193,935,180,6308,Goibibo,Available,True,VALID,,,SINGLETON::OBS02433,False,,RETAINED_UNIQUE,True,
OBS02434,a41cd8424a9e,f2e07e6d7869,DEL,GOI,QP,QP-1510,2026-10-06,10:45,2026-09-06 14:30,30,T30(25-35),Economy Flexi,6634,1194,200,8028,Cleartrip,Available,True,VALID,,,SINGLETON::OBS02434,False,,RETAINED_UNIQUE,True,
OBS02435,97d7bd29cb9c,f2e07e6d7869,DEL,GOI,QP,QP-1510,2026-10-06,10:45,2026-09-06 14:30,30,T30(25-35),Economy Flexi,6980,1256,180,8416,AirlineSite,Available,True,VALID,,,SINGLETON::OBS02435,False,,RETAINED_UNIQUE,True,
OBS02436,dbc09328324f,7accfd79a6d4,DEL,GOI,QP,QP-1510,2026-10-22,10:45,2026-09-06 14:30,46,T45(40-50),Economy Standard,5531,996,150,6677,Goibibo,Available,True,VALID,,,SINGLETON::OBS02436,False,,RETAINED_UNIQUE,True,
OBS02437,e88d6dbc9443,7accfd79a6d4,DEL,GOI,QP,QP-1510,2026-10-22,10:45,2026-09-06 14:30,46,T45(40-50),Economy Standard,5262,947,100,6309,AirlineSite,Available,True,VALID,,,SINGLETON::OBS02437,False,,RETAINED_UNIQUE,True,
OBS02438,6b85efaa5a3c,37faa208bf70,DEL,GAU,6E,6E-415,2026-09-07,05:30,2026-09-06 14:30,1,T1(0-2),Economy Flexi,10188,1834,180,12202,MMT,Available,True,VALID,,,SINGLETON::OBS02438,False,,RETAINED_UNIQUE,True,
OBS02439,da6a8bc05303,cab04a0fb199,DEL,GAU,6E,6E-415,2026-09-13,05:30,2026-09-06 14:30,7,T7(5-9),Economy Saver,5685,1023,180,6888,Goibibo,Available,True,VALID,,,SINGLETON::OBS02439,False,,RETAINED_UNIQUE,True,
OBS02440,c6cadf1e980d,353429793ae5,DEL,GAU,6E,6E-415,2026-09-21,05:30,2026-09-06 14:30,15,T15(12-18),Economy Saver,4683,843,150,5676,Cleartrip,Available,True,VALID,,,SINGLETON::OBS02440,False,,RETAINED_UNIQUE,True,
OBS02441,fd1dbd64c23c,353429793ae5,DEL,GAU,6E,6E-415,2026-09-21,05:30,2026-09-06 14:30,15,T15(12-18),Economy Saver,4930,887,100,5917,Goibibo,Available,True,VALID,,,SINGLETON::OBS02441,False,,RETAINED_UNIQUE,True,
OBS02442,7059b55e0af9,04c4fbd74e23,DEL,GAU,6E,6E-415,2026-10-06,05:30,2026-09-06 14:30,30,T30(25-35),Economy Flexi,6792,1222,200,8214,Cleartrip,Available,True,VALID,,,SINGLETON::OBS02442,False,,RETAINED_UNIQUE,True,
OBS02443,51b4e28842ba,0f85e3c60621,DEL,GAU,6E,6E-415,2026-10-06,05:30,2026-09-06 14:30,30,T30(25-35),Economy Standard,5353,964,120,6437,EaseMyTrip,Available,True,VALID,,,SINGLETON::OBS02443,False,,RETAINED_UNIQUE,True,
OBS02444,97ab800ff154,0f85e3c60621,DEL,GAU,6E,6E-415,2026-10-06,05:30,2026-09-06 14:30,30,T30(25-35),Economy Standard,5358,964,180,6502,Goibibo,Available,True,VALID,,,SINGLETON::OBS02444,False,,RETAINED_UNIQUE,True,
OBS02445,081f4898f14f,47b0345a1f7e,DEL,GAU,6E,6E-415,2026-10-22,05:30,2026-09-06 14:30,46,T45(40-50),Economy Saver,4085,735,100,4920,AirlineSite,Available,True,VALID,,,SINGLETON::OBS02445,False,,RETAINED_UNIQUE,True,
OBS02446,6b1e732ff5bd,47b0345a1f7e,DEL,GAU,6E,6E-415,2026-10-22,05:30,2026-09-06 14:30,46,T45(40-50),Economy Saver,4100,738,100,4938,Goibibo,Available,True,VALID,,,SINGLETON::OBS02446,False,,RETAINED_UNIQUE,True,
OBS02447,38320d5c65ee,39e3dc36b8e0,DEL,GAU,AI,AI-791,2026-09-07,13:00,2026-09-06 14:30,1,T1(0-2),Economy Saver,6496,1169,180,7845,AirlineSite,Available,True,VALID,,,SINGLETON::OBS02447,False,,RETAINED_UNIQUE,True,
OBS02448,37c73be8aa12,39e3dc36b8e0,DEL,GAU,AI,AI-791,2026-09-07,13:00,2026-09-06 14:30,1,T1(0-2),Economy Saver,6053,1090,200,7343,EaseMyTrip,Available,True,VALID,,,SINGLETON::OBS02448,False,,RETAINED_UNIQUE,True,
OBS02449,280d9c025490,cab04a0fb199,DEL,GAU,AI,AI-791,2026-09-13,13:00,2026-09-06 14:30,7,T7(5-9),Economy Saver,5408,973,150,6531,AirlineSite,Available,True,VALID,,,SINGLETON::OBS02449,False,,RETAINED_UNIQUE,True,
OBS02450,ec8ceffd08dd,cab04a0fb199,DEL,GAU,AI,AI-791,2026-09-13,13:00,2026-09-06 14:30,7,T7(5-9),Economy Saver,5743,1034,150,6927,Cleartrip,Available,True,VALID,,,SINGLETON::OBS02450,False,,RETAINED_UNIQUE,True,
OBS02451,ae4753cce7c8,c39724290d07,DEL,GAU,AI,AI-791,2026-09-13,13:00,2026-09-06 14:30,7,T7(5-9),Economy Standard,7272,1309,120,8701,EaseMyTrip,Available,True,VALID,,,SINGLETON::OBS02451,False,,RETAINED_UNIQUE,True,
OBS02452,6db6f4389cdb,c39724290d07,DEL,GAU,AI,AI-791,2026-09-13,13:00,2026-09-06 14:30,7,T7(5-9),Economy Standard,6970,1255,200,8425,Cleartrip,Available,True,VALID,,,SINGLETON::OBS02452,False,,RETAINED_UNIQUE,True,
OBS02453,54b23c8a794f,a7ef6fc4da36,DEL,GAU,AI,AI-791,2026-09-21,13:00,2026-09-06 14:30,15,T15(12-18),Economy Flexi,7479,1346,120,8945,EaseMyTrip,Available,True,VALID,,,SINGLETON::OBS02453,False,,RETAINED_UNIQUE,True,
OBS02454,7afa936d26b9,a7ef6fc4da36,DEL,GAU,AI,AI-791,2026-09-21,13:00,2026-09-06 14:30,15,T15(12-18),Economy Flexi,7823,1408,120,9351,Cleartrip,Available,True,VALID,,,SINGLETON::OBS02454,False,,RETAINED_UNIQUE,True,
OBS02455,d46b3036bdb8,04c4fbd74e23,DEL,GAU,AI,AI-791,2026-10-06,13:00,2026-09-06 14:30,30,T30(25-35),Economy Flexi,6611,1190,120,7921,AirlineSite,Available,True,VALID,,,SINGLETON::OBS02455,False,,RETAINED_UNIQUE,True,
OBS02456,e759dd151443,04c4fbd74e23,DEL,GAU,AI,AI-791,2026-10-06,13:00,2026-09-06 14:30,30,T30(25-35),Economy Flexi,6647,1196,100,7943,Cleartrip,Available,True,VALID,,,SINGLETON::OBS02456,False,,RETAINED_UNIQUE,True,
OBS02457,1213d577d019,dde24d3fbc12,DEL,GAU,AI,AI-791,2026-10-22,13:00,2026-09-06 14:30,46,T45(40-50),Economy Flexi,6691,1204,150,8045,AirlineSite,Available,True,VALID,,,SINGLETON::OBS02457,False,,RETAINED_UNIQUE,True,
OBS02458,0aa1eb6d3356,47b0345a1f7e,DEL,GAU,AI,AI-791,2026-10-22,13:00,2026-09-06 14:30,46,T45(40-50),Economy Saver,4294,773,200,5267,AirlineSite,Available,True,VALID,,,SINGLETON::OBS02458,False,,RETAINED_UNIQUE,True,
OBS02459,180667374c87,39e3dc36b8e0,DEL,GAU,SG,SG-601,2026-09-07,12:15,2026-09-06 14:30,1,T1(0-2),Economy Saver,6161,1109,100,7370,EaseMyTrip,Available,True,VALID,,,SINGLETON::OBS02459,False,,RETAINED_UNIQUE,True,
OBS02460,5ce4005deaf8,39e3dc36b8e0,DEL,GAU,SG,SG-601,2026-09-07,12:15,2026-09-06 14:30,1,T1(0-2),Economy Saver,6522,1174,150,7846,MMT,Available,True,VALID,,,SINGLETON::OBS02460,False,,RETAINED_UNIQUE,True,
OBS02461,092151b57f22,c39724290d07,DEL,GAU,SG,SG-601,2026-09-13,12:15,2026-09-06 14:30,7,T7(5-9),Economy Standard,7537,1357,200,9094,EaseMyTrip,Available,True,VALID,,,SINGLETON::OBS02461,False,,RETAINED_UNIQUE,True,
OBS02462,2bd6fe3ab9b3,c39724290d07,DEL,GAU,SG,SG-601,2026-09-13,12:15,2026-09-06 14:30,7,T7(5-9),Economy Standard,7256,1306,120,8682,Goibibo,Available,True,VALID,,,SINGLETON::OBS02462,False,,RETAINED_UNIQUE,True,
OBS02463,7947731f3d61,4041ae79d2f2,DEL,GAU,SG,SG-601,2026-09-13,12:15,2026-09-06 14:30,7,T7(5-9),Economy Flexi,8528,1535,120,10183,EaseMyTrip,Available,True,VALID,,,SINGLETON::OBS02463,False,,RETAINED_UNIQUE,True,
OBS02464,e0939f56f19e,353429793ae5,DEL,GAU,SG,SG-601,2026-09-21,12:15,2026-09-06 14:30,15,T15(12-18),Economy Saver,4913,884,200,5997,MMT,Available,True,VALID,,,SINGLETON::OBS02464,False,,RETAINED_UNIQUE,True,
OBS02465,d7056d4c1546,e13991b66163,DEL,GAU,SG,SG-601,2026-09-21,12:15,2026-09-06 14:30,15,T15(12-18),Economy Standard,6419,1155,200,7774,Cleartrip,Available,True,VALID,,,SINGLETON::OBS02465,False,,RETAINED_UNIQUE,True,
OBS02466,9f61bd362f77,e13991b66163,DEL,GAU,SG,SG-601,2026-09-21,12:15,2026-09-06 14:30,15,T15(12-18),Economy Standard,6238,1123,180,7541,EaseMyTrip,Available,True,VALID,,,SINGLETON::OBS02466,False,,RETAINED_UNIQUE,True,
OBS02467,04b6e6f32f40,20f8f0511284,DEL,GAU,SG,SG-601,2026-10-06,12:15,2026-09-06 14:30,30,T30(25-35),Economy Saver,4447,801,100,5348,MMT,Available,True,VALID,,,SINGLETON::OBS02467,False,,RETAINED_UNIQUE,True,
OBS02468,87db0d09c99c,47b0345a1f7e,DEL,GAU,SG,SG-601,2026-10-22,12:15,2026-09-06 14:30,46,T45(40-50),Economy Saver,4399,792,150,5341,Goibibo,Available,True,VALID,,,SINGLETON::OBS02468,False,,RETAINED_UNIQUE,True,
OBS02469,f634c145d56a,2b6da9de1f8f,BLR,COK,6E,6E-521,2026-09-07,21:30,2026-09-06 14:30,1,T1(0-2),Economy Saver,6447,1161,180,7788,EaseMyTrip,Available,True,VALID,,,SINGLETON::OBS02469,False,,RETAINED_UNIQUE,True,
OBS02470,0adb54e4ed6e,d9b95a8f6d68,BLR,COK,6E,6E-521,2026-09-13,21:30,2026-09-06 14:30,7,T7(5-9),Economy Standard,7270,1309,180,8759,MMT,Available,True,VALID,,,SINGLETON::OBS02470,False,,RETAINED_UNIQUE,True,
OBS02471,6ada6de8f7ad,0843eb384bfd,BLR,COK,6E,6E-521,2026-09-13,21:30,2026-09-06 14:30,7,T7(5-9),Economy Flexi,8668,1560,200,10428,Goibibo,Available,True,VALID,,,SINGLETON::OBS02471,False,,RETAINED_UNIQUE,True,
OBS02472,dfcf9ac72fa9,0843eb384bfd,BLR,COK,6E,6E-521,2026-09-13,21:30,2026-09-06 14:30,7,T7(5-9),Economy Flexi,8672,1561,100,10333,Cleartrip,Available,True,VALID,,,SINGLETON::OBS02472,False,,RETAINED_UNIQUE,True,
OBS02473,ded4fbc3dd4f,89b89f859ec3,BLR,COK,6E,6E-521,2026-09-21,21:30,2026-09-06 14:30,15,T15(12-18),Economy Saver,4801,864,180,5845,MMT,Available,True,VALID,,,SINGLETON::OBS02473,False,,RETAINED_UNIQUE,True,
OBS02474,f8c5f22d8587,89b89f859ec3,BLR,COK,6E,6E-521,2026-09-21,21:30,2026-09-06 14:30,15,T15(12-18),Economy Saver,4864,876,150,5890,Goibibo,Available,True,VALID,,,SINGLETON::OBS02474,False,,RETAINED_UNIQUE,True,
OBS02475,0063f3f7b237,f72a3f819bbe,BLR,COK,6E,6E-521,2026-10-06,21:30,2026-09-06 14:30,30,T30(25-35),Economy Flexi,6353,1143,150,7646,Cleartrip,Available,True,VALID,,,SINGLETON::OBS02475,False,,RETAINED_UNIQUE,True,
OBS02476,47b281da4ee1,f72a3f819bbe,BLR,COK,6E,6E-521,2026-10-06,21:30,2026-09-06 14:30,30,T30(25-35),Economy Flexi,6901,1242,150,8293,MMT,Available,True,VALID,,,SINGLETON::OBS02476,False,,RETAINED_UNIQUE,True,
OBS02477,cd7a5dcae9c7,1e1685095858,BLR,COK,6E,6E-521,2026-10-22,21:30,2026-09-06 14:30,46,T45(40-50),Economy Saver,4424,796,100,5320,Cleartrip,Available,True,VALID,,,SINGLETON::OBS02477,False,,RETAINED_UNIQUE,True,
OBS02478,72f042eb7037,1e1685095858,BLR,COK,6E,6E-521,2026-10-22,21:30,2026-09-06 14:30,46,T45(40-50),Economy Saver,4114,741,150,5005,MMT,Available,True,VALID,,,SINGLETON::OBS02478,False,,RETAINED_UNIQUE,True,
OBS02479,d43a39cb302a,12c49ccd7325,BLR,COK,6E,6E-521,2026-10-22,21:30,2026-09-06 14:30,46,T45(40-50),Economy Flexi,6723,1210,150,8083,AirlineSite,Available,True,VALID,,,SINGLETON::OBS02479,False,,RETAINED_UNIQUE,True,
OBS02480,38094fe1dd38,12a86d7c7ba3,BLR,COK,AI,AI-512,2026-09-07,11:45,2026-09-06 14:30,1,T1(0-2),Economy Standard,8130,1463,100,9693,EaseMyTrip,Available,True,VALID,,,SINGLETON::OBS02480,False,,RETAINED_UNIQUE,True,
OBS02481,72e59cca94c1,12a86d7c7ba3,BLR,COK,AI,AI-512,2026-09-07,11:45,2026-09-06 14:30,1,T1(0-2),Economy Standard,8162,1469,180,9811,AirlineSite,Available,True,VALID,,,SINGLETON::OBS02481,False,,RETAINED_UNIQUE,True,
OBS02482,adb950ef79d3,b31e74ab89b6,BLR,COK,AI,AI-512,2026-09-13,11:45,2026-09-06 14:30,7,T7(5-9),Economy Saver,5823,1048,180,7051,AirlineSite,Available,True,VALID,,,SINGLETON::OBS02482,False,,RETAINED_UNIQUE,True,
OBS02483,c9a701063573,b31e74ab89b6,BLR,COK,AI,AI-512,2026-09-13,11:45,2026-09-06 14:30,7,T7(5-9),Economy Saver,5897,1062,180,7139,EaseMyTrip,Available,True,VALID,,,SINGLETON::OBS02483,False,,RETAINED_UNIQUE,True,
OBS02484,e4680cbb43dd,d9b95a8f6d68,BLR,COK,AI,AI-512,2026-09-13,11:45,2026-09-06 14:30,7,T7(5-9),Economy Standard,7405,1333,200,8938,MMT,Available,True,VALID,,,SINGLETON::OBS02484,False,,RETAINED_UNIQUE,True,
OBS02485,932811e23771,d9b95a8f6d68,BLR,COK,AI,AI-512,2026-09-13,11:45,2026-09-06 14:30,7,T7(5-9),Economy Standard,7447,1340,100,8887,Goibibo,Available,True,VALID,,,SINGLETON::OBS02485,False,,RETAINED_UNIQUE,True,
OBS02486,bb53e0017749,89b89f859ec3,BLR,COK,AI,AI-512,2026-09-21,11:45,2026-09-06 14:30,15,T15(12-18),Economy Saver,4575,824,100,5499,MMT,Available,True,VALID,,,SINGLETON::OBS02486,False,,RETAINED_UNIQUE,True,
OBS02487,a0d99079e206,3e191ddf2316,BLR,COK,AI,AI-512,2026-09-21,11:45,2026-09-06 14:30,15,T15(12-18),Economy Flexi,7601,1368,100,9069,Goibibo,Available,True,VALID,,,SINGLETON::OBS02487,False,,RETAINED_UNIQUE,True,
OBS02488,aa97f7b4e30a,b61670541bdf,BLR,COK,AI,AI-512,2026-10-06,11:45,2026-09-06 14:30,30,T30(25-35),Economy Saver,4342,782,150,5274,EaseMyTrip,Available,True,VALID,,,SINGLETON::OBS02488,False,,RETAINED_UNIQUE,True,
OBS02489,9ba02fea1c94,260e368686be,BLR,COK,AI,AI-512,2026-10-06,11:45,2026-09-06 14:30,30,T30(25-35),Economy Standard,5463,983,180,6626,MMT,Available,True,VALID,,,SINGLETON::OBS02489,False,,RETAINED_UNIQUE,True,
OBS02490,8cdcf6386196,260e368686be,BLR,COK,AI,AI-512,2026-10-06,11:45,2026-09-06 14:30,30,T30(25-35),Economy Standard,5409,974,100,6483,Cleartrip,Available,True,VALID,,,SINGLETON::OBS02490,False,,RETAINED_UNIQUE,True,
OBS02491,bc4af2e425e6,1e1685095858,BLR,COK,AI,AI-512,2026-10-22,11:45,2026-09-06 14:30,46,T45(40-50),Economy Saver,4067,732,180,4979,Cleartrip,Available,True,VALID,,,SINGLETON::OBS02491,False,,RETAINED_UNIQUE,True,
OBS02492,7775ddb9defb,12a86d7c7ba3,BLR,COK,IX,IX-431,2026-09-07,19:30,2026-09-06 14:30,1,T1(0-2),Economy Standard,7972,1435,100,9507,EaseMyTrip,Available,True,VALID,,,SINGLETON::OBS02492,False,,RETAINED_UNIQUE,True,
OBS02493,20253593ee61,d9b95a8f6d68,BLR,COK,IX,IX-431,2026-09-13,19:30,2026-09-06 14:30,7,T7(5-9),Economy Standard,7202,1296,100,8598,Cleartrip,Available,True,VALID,,,SINGLETON::OBS02493,False,,RETAINED_UNIQUE,True,
OBS02494,3dd26bcdcbcb,0843eb384bfd,BLR,COK,IX,IX-431,2026-09-13,19:30,2026-09-06 14:30,7,T7(5-9),Economy Flexi,9198,1656,120,10974,AirlineSite,Available,True,VALID,,,SINGLETON::OBS02494,False,,RETAINED_UNIQUE,True,
OBS02495,065bef379d86,0843eb384bfd,BLR,COK,IX,IX-431,2026-09-13,19:30,2026-09-06 14:30,7,T7(5-9),Economy Flexi,9033,1626,120,10779,EaseMyTrip,Available,True,VALID,,,SINGLETON::OBS02495,False,,RETAINED_UNIQUE,True,
OBS02496,8e95a0438419,3e191ddf2316,BLR,COK,IX,IX-431,2026-09-21,19:30,2026-09-06 14:30,15,T15(12-18),Economy Flexi,7290,1312,150,8752,AirlineSite,Available,True,VALID,,,SINGLETON::OBS02496,False,,RETAINED_UNIQUE,True,
OBS02497,c57b935a96a2,89b89f859ec3,BLR,COK,IX,IX-431,2026-09-21,19:30,2026-09-06 14:30,15,T15(12-18),Economy Saver,4681,843,120,5644,AirlineSite,Available,True,VALID,,,SINGLETON::OBS02497,False,,RETAINED_UNIQUE,True,
OBS02498,e0a095becaa4,89b89f859ec3,BLR,COK,IX,IX-431,2026-09-21,19:30,2026-09-06 14:30,15,T15(12-18),Economy Saver,4889,880,120,5889,MMT,Available,True,VALID,,,SINGLETON::OBS02498,False,,RETAINED_UNIQUE,True,
OBS02499,c8153a2017de,b61670541bdf,BLR,COK,IX,IX-431,2026-10-06,19:30,2026-09-06 14:30,30,T30(25-35),Economy Saver,4091,736,150,4977,MMT,Available,True,VALID,,,SINGLETON::OBS02499,False,,RETAINED_UNIQUE,True,
OBS02500,386a9358d0d5,b61670541bdf,BLR,COK,IX,IX-431,2026-10-06,19:30,2026-09-06 14:30,30,T30(25-35),Economy Saver,4206,757,120,5083,Cleartrip,Available,True,VALID,,,SINGLETON::OBS02500,False,,RETAINED_UNIQUE,True,
OBS02501,fa3d58789e2f,260e368686be,BLR,COK,IX,IX-431,2026-10-06,19:30,2026-09-06 14:30,30,T30(25-35),Economy Standard,5713,1028,150,6891,MMT,Available,True,VALID,,,SINGLETON::OBS02501,False,,RETAINED_UNIQUE,True,
OBS02502,ccedaef70a8e,260e368686be,BLR,COK,IX,IX-431,2026-10-06,19:30,2026-09-06 14:30,30,T30(25-35),Economy Standard,5561,1001,150,6712,EaseMyTrip,Available,True,VALID,,,SINGLETON::OBS02502,False,,RETAINED_UNIQUE,True,
OBS02503,e2e058da819e,4bfeeef11904,BLR,COK,IX,IX-431,2026-10-22,19:30,2026-09-06 14:30,46,T45(40-50),Economy Standard,5372,967,200,6539,EaseMyTrip,Available,True,VALID,,,SINGLETON::OBS02503,False,,RETAINED_UNIQUE,True,
OBS02504,296566799bbf,4bfeeef11904,BLR,COK,IX,IX-431,2026-10-22,19:30,2026-09-06 14:30,46,T45(40-50),Economy Standard,5427,977,120,6524,Cleartrip,Available,True,VALID,,,SINGLETON::OBS02504,False,,RETAINED_UNIQUE,True,
OBS02505,07f31c097463,c9e9c3d33416,DEL,IDR,6E,6E-284,2026-09-07,20:30,2026-09-06 14:30,1,T1(0-2),Economy Flexi,10313,1856,180,12349,MMT,Available,True,VALID,,,SINGLETON::OBS02505,False,,RETAINED_UNIQUE,True,
OBS02506,5d562df82895,c9e9c3d33416,DEL,IDR,6E,6E-284,2026-09-07,20:30,2026-09-06 14:30,1,T1(0-2),Economy Flexi,9683,1743,150,11576,EaseMyTrip,Available,True,VALID,,,SINGLETON::OBS02506,False,,RETAINED_UNIQUE,True,
OBS02507,aa91dcc608d2,615a8c996c31,DEL,IDR,6E,6E-284,2026-09-13,20:30,2026-09-06 14:30,7,T7(5-9),Economy Standard,7054,1270,180,8504,AirlineSite,Available,True,VALID,,,SINGLETON::OBS02507,False,,RETAINED_UNIQUE,True,
OBS02508,bd11826832bd,615a8c996c31,DEL,IDR,6E,6E-284,2026-09-13,20:30,2026-09-06 14:30,7,T7(5-9),Economy Standard,7055,1270,100,8425,MMT,Available,True,VALID,,,SINGLETON::OBS02508,False,,RETAINED_UNIQUE,True,
OBS02509,aefcda9cf7b3,1ad82d35d489,DEL,IDR,6E,6E-284,2026-09-21,20:30,2026-09-06 14:30,15,T15(12-18),Economy Standard,6188,1114,150,7452,Goibibo,Available,True,VALID,,,SINGLETON::OBS02509,False,,RETAINED_UNIQUE,True,
OBS02510,14b3b756974c,fc24873a51eb,DEL,IDR,6E,6E-284,2026-10-06,20:30,2026-09-06 14:30,30,T30(25-35),Economy Flexi,6910,1244,100,8254,AirlineSite,Available,True,VALID,,,SINGLETON::OBS02510,False,,RETAINED_UNIQUE,True,
OBS02511,feb228a49dc0,fc24873a51eb,DEL,IDR,6E,6E-284,2026-10-06,20:30,2026-09-06 14:30,30,T30(25-35),Economy Flexi,6441,1159,180,7780,Cleartrip,Available,True,VALID,,,SINGLETON::OBS02511,False,,RETAINED_UNIQUE,True,
OBS02512,02e9abd32135,2892fdfab01b,DEL,IDR,6E,6E-284,2026-10-06,20:30,2026-09-06 14:30,30,T30(25-35),Economy Saver,4111,740,150,5001,Cleartrip,Available,True,VALID,,,SINGLETON::OBS02512,False,,RETAINED_UNIQUE,True,
OBS02513,d8af20d4b4e8,2892fdfab01b,DEL,IDR,6E,6E-284,2026-10-06,20:30,2026-09-06 14:30,30,T30(25-35),Economy Saver,4161,749,180,5090,AirlineSite,Available,True,VALID,,,SINGLETON::OBS02513,False,,RETAINED_UNIQUE,True,
OBS02514,b16bc1260735,99c1af3069c3,DEL,IDR,6E,6E-284,2026-10-22,20:30,2026-09-06 14:30,46,T45(40-50),Economy Saver,4281,771,180,5232,EaseMyTrip,Available,True,VALID,,,SINGLETON::OBS02514,False,,RETAINED_UNIQUE,True,
OBS02515,13652ce947d9,99c1af3069c3,DEL,IDR,6E,6E-284,2026-10-22,20:30,2026-09-06 14:30,46,T45(40-50),Economy Saver,4339,781,180,5300,Goibibo,Available,True,VALID,,,SINGLETON::OBS02515,False,,RETAINED_UNIQUE,True,
OBS02516,86038c410d0d,9d37ef07173b,DEL,IDR,AI,AI-635,2026-09-07,16:30,2026-09-06 14:30,1,T1(0-2),Economy Standard,8031,1446,180,9657,EaseMyTrip,Available,True,VALID,,,SINGLETON::OBS02516,False,,RETAINED_UNIQUE,True,
OBS02517,2303bd0092ee,9d37ef07173b,DEL,IDR,AI,AI-635,2026-09-07,16:30,2026-09-06 14:30,1,T1(0-2),Economy Standard,7885,1419,120,9424,Cleartrip,Available,True,VALID,,,SINGLETON::OBS02517,False,,RETAINED_UNIQUE,True,
OBS02518,d146781d9e02,615a8c996c31,DEL,IDR,AI,AI-635,2026-09-13,16:30,2026-09-06 14:30,7,T7(5-9),Economy Standard,7293,1313,120,8726,Cleartrip,Available,True,VALID,,,SINGLETON::OBS02518,False,,RETAINED_UNIQUE,True,
OBS02519,b4acade5d975,615a8c996c31,DEL,IDR,AI,AI-635,2026-09-13,16:30,2026-09-06 14:30,7,T7(5-9),Economy Standard,7235,1302,150,8687,Goibibo,Available,True,VALID,,,SINGLETON::OBS02519,False,,RETAINED_UNIQUE,True,
OBS02520,fdcc9854ee51,ea8fe78033cd,DEL,IDR,AI,AI-635,2026-09-21,16:30,2026-09-06 14:30,15,T15(12-18),Economy Flexi,7621,1372,100,9093,MMT,Available,True,VALID,,,SINGLETON::OBS02520,False,,RETAINED_UNIQUE,True,
OBS02521,bbccf532c571,1b4e5a1ec847,DEL,IDR,AI,AI-635,2026-10-06,16:30,2026-09-06 14:30,30,T30(25-35),Economy Standard,5432,978,120,6530,Cleartrip,Available,True,VALID,,,SINGLETON::OBS02521,False,,RETAINED_UNIQUE,True,
OBS02522,ee60eff44f6f,99c1af3069c3,DEL,IDR,AI,AI-635,2026-10-22,16:30,2026-09-06 14:30,46,T45(40-50),Economy Saver,4159,749,100,5008,MMT,Available,True,VALID,,,SINGLETON::OBS02522,False,,RETAINED_UNIQUE,True,
OBS02523,5c2569cb67af,4b4406916997,DEL,IDR,AI,AI-635,2026-10-22,16:30,2026-09-06 14:30,46,T45(40-50),Economy Flexi,6902,1242,180,8324,MMT,Available,True,VALID,,,SINGLETON::OBS02523,False,,RETAINED_UNIQUE,True,
OBS02524,8ead5ad69c25,c9e9c3d33416,DEL,IDR,IX,IX-221,2026-09-07,11:45,2026-09-06 14:30,1,T1(0-2),Economy Flexi,10012,1802,150,11964,MMT,Available,True,VALID,,,SINGLETON::OBS02524,False,,RETAINED_UNIQUE,True,
OBS02525,0836c45acadd,615a8c996c31,DEL,IDR,IX,IX-221,2026-09-13,11:45,2026-09-06 14:30,7,T7(5-9),Economy Standard,6940,1249,200,8389,Cleartrip,Available,True,VALID,,,SINGLETON::OBS02525,False,,RETAINED_UNIQUE,True,
OBS02526,dcf3807f5827,ea8fe78033cd,DEL,IDR,IX,IX-221,2026-09-21,11:45,2026-09-06 14:30,15,T15(12-18),Economy Flexi,7652,1377,100,9129,Goibibo,Available,True,VALID,,,SINGLETON::OBS02526,False,,RETAINED_UNIQUE,True,
OBS02527,bd7a1a96c47d,ea8fe78033cd,DEL,IDR,IX,IX-221,2026-09-21,11:45,2026-09-06 14:30,15,T15(12-18),Economy Flexi,7416,1335,150,8901,EaseMyTrip,Available,True,VALID,,,SINGLETON::OBS02527,False,,RETAINED_UNIQUE,True,
OBS02528,4baace342c63,731368c6b934,DEL,IDR,IX,IX-221,2026-09-21,11:45,2026-09-06 14:30,15,T15(12-18),Economy Saver,4901,882,150,5933,Goibibo,Available,True,VALID,,,SINGLETON::OBS02528,False,,RETAINED_UNIQUE,True,
OBS02529,d60cab9446a4,fc24873a51eb,DEL,IDR,IX,IX-221,2026-10-06,11:45,2026-09-06 14:30,30,T30(25-35),Economy Flexi,6658,1198,200,8056,Cleartrip,Available,True,VALID,,,SINGLETON::OBS02529,False,,RETAINED_UNIQUE,True,
OBS02530,4b7c3d769828,1b4e5a1ec847,DEL,IDR,IX,IX-221,2026-10-06,11:45,2026-09-06 14:30,30,T30(25-35),Economy Standard,5662,1019,120,6801,MMT,Available,True,VALID,,,SINGLETON::OBS02530,False,,RETAINED_UNIQUE,True,
OBS02531,a6ecd7c45ed3,5872d5a74b16,DEL,IDR,IX,IX-221,2026-10-22,11:45,2026-09-06 14:30,46,T45(40-50),Economy Standard,5514,992,180,6686,Cleartrip,Available,True,VALID,,,SINGLETON::OBS02531,False,,RETAINED_UNIQUE,True,
OBS02532,00b5bf37dc36,5872d5a74b16,DEL,IDR,IX,IX-221,2026-10-22,11:45,2026-09-06 14:30,46,T45(40-50),Economy Standard,5678,1022,120,6820,AirlineSite,Available,True,VALID,,,SINGLETON::OBS02532,False,,RETAINED_UNIQUE,True,
OBS02533,7dc92ffef9d5,8c0fb03401c5,BOM,DEL,6E,6E-2341,2026-09-07,08:00,2026-09-06 20:15,1,T1(0-2),Economy Standard,7815,1407,180,9402,AirlineSite,Available,True,VALID,,,SINGLETON::OBS02533,False,,RETAINED_UNIQUE,True,
OBS02534,81dc15ad0a79,5ef6cb68b433,BOM,DEL,6E,6E-2341,2026-09-13,08:00,2026-09-06 20:15,7,T7(5-9),Economy Standard,6977,1256,150,8383,MMT,Available,True,VALID,,,SINGLETON::OBS02534,False,,RETAINED_UNIQUE,True,
OBS02535,3d088e868c5f,5ef6cb68b433,BOM,DEL,6E,6E-2341,2026-09-13,08:00,2026-09-06 20:15,7,T7(5-9),Economy Standard,7146,1286,180,8612,Goibibo,Available,True,VALID,,,SINGLETON::OBS02535,False,,RETAINED_UNIQUE,True,
OBS02536,87703c83feb3,aed9f9810eed,BOM,DEL,6E,6E-2341,2026-09-21,08:00,2026-09-06 20:15,15,T15(12-18),Economy Standard,6074,1093,200,7367,MMT,Available,True,VALID,,,SINGLETON::OBS02536,False,,RETAINED_UNIQUE,True,
OBS02537,7e9bfce1f804,aed9f9810eed,BOM,DEL,6E,6E-2341,2026-09-21,08:00,2026-09-06 20:15,15,T15(12-18),Economy Standard,6339,1141,180,7660,EaseMyTrip,Available,True,VALID,,,SINGLETON::OBS02537,False,,RETAINED_UNIQUE,True,
OBS02538,aff99962c03f,db17d6d495a3,BOM,DEL,6E,6E-2341,2026-10-06,08:00,2026-09-06 20:15,30,T30(25-35),Economy Standard,5618,1011,100,6729,Goibibo,Available,True,VALID,,,SINGLETON::OBS02538,False,,RETAINED_UNIQUE,True,
OBS02539,6faf4bc8498c,946fda38816a,BOM,DEL,6E,6E-2341,2026-10-22,08:00,2026-09-06 20:15,46,T45(40-50),Economy Standard,5458,982,180,6620,EaseMyTrip,Available,True,VALID,,,SINGLETON::OBS02539,False,,RETAINED_UNIQUE,True,
OBS02540,fbd592966c2d,8c0fb03401c5,BOM,DEL,AI,AI-865,2026-09-07,16:15,2026-09-06 20:15,1,T1(0-2),Economy Standard,7888,1420,150,9458,Goibibo,Available,True,VALID,,,SINGLETON::OBS02540,False,,RETAINED_UNIQUE,True,
OBS02541,8cd47aa45fef,8c0fb03401c5,BOM,DEL,AI,AI-865,2026-09-07,16:15,2026-09-06 20:15,1,T1(0-2),Economy Standard,8237,1483,100,9820,AirlineSite,Available,True,VALID,,,SINGLETON::OBS02541,False,,RETAINED_UNIQUE,True,
OBS02542,1851b4d2ffbd,4f7bbed1f7d3,BOM,DEL,AI,AI-865,2026-09-13,16:15,2026-09-06 20:15,7,T7(5-9),Economy Flexi,8493,1529,120,10142,Cleartrip,Available,True,VALID,,,SINGLETON::OBS02542,False,,RETAINED_UNIQUE,True,
OBS02543,95fbf5a75976,4f7bbed1f7d3,BOM,DEL,AI,AI-865,2026-09-13,16:15,2026-09-06 20:15,7,T7(5-9),Economy Flexi,9253,1666,200,11119,EaseMyTrip,Available,True,VALID,,,SINGLETON::OBS02543,False,,RETAINED_UNIQUE,True,
OBS02544,caf69d08985e,5ef6cb68b433,BOM,DEL,AI,AI-865,2026-09-13,16:15,2026-09-06 20:15,7,T7(5-9),Economy Standard,6874,1237,200,8311,AirlineSite,Available,True,VALID,,,SINGLETON::OBS02544,False,,RETAINED_UNIQUE,True,
OBS02545,ab3b985e3bff,5ef6cb68b433,BOM,DEL,AI,AI-865,2026-09-13,16:15,2026-09-06 20:15,7,T7(5-9),Economy Standard,7053,1270,200,8523,MMT,Available,True,VALID,,,SINGLETON::OBS02545,False,,RETAINED_UNIQUE,True,
OBS02546,bae2eebeada3,aed9f9810eed,BOM,DEL,AI,AI-865,2026-09-21,16:15,2026-09-06 20:15,15,T15(12-18),Economy Standard,5906,1063,180,7149,Cleartrip,Available,True,VALID,,,SINGLETON::OBS02546,False,,RETAINED_UNIQUE,True,
OBS02547,6dacdce838ec,aed9f9810eed,BOM,DEL,AI,AI-865,2026-09-21,16:15,2026-09-06 20:15,15,T15(12-18),Economy Standard,6112,1100,100,7312,AirlineSite,Available,True,VALID,,,SINGLETON::OBS02547,False,,RETAINED_UNIQUE,True,
OBS02548,3cb352190df3,3f84138c4009,BOM,DEL,AI,AI-865,2026-09-21,16:15,2026-09-06 20:15,15,T15(12-18),Economy Saver,4695,845,150,5690,Cleartrip,Available,True,VALID,,,SINGLETON::OBS02548,False,,RETAINED_UNIQUE,True,
OBS02549,d1a05a119497,3f84138c4009,BOM,DEL,AI,AI-865,2026-09-21,16:15,2026-09-06 20:15,15,T15(12-18),Economy Saver,4898,882,100,5880,Goibibo,Available,True,VALID,,,SINGLETON::OBS02549,False,,RETAINED_UNIQUE,True,
OBS02550,0e176c61203f,312dbe0b5497,BOM,DEL,AI,AI-865,2026-10-06,16:15,2026-09-06 20:15,30,T30(25-35),Economy Saver,4220,760,150,5130,Goibibo,Available,True,VALID,,,SINGLETON::OBS02550,False,,RETAINED_UNIQUE,True,
OBS02551,ecc00784c7f2,312dbe0b5497,BOM,DEL,AI,AI-865,2026-10-06,16:15,2026-09-06 20:15,30,T30(25-35),Economy Saver,4299,774,200,5273,AirlineSite,Available,True,VALID,,,SINGLETON::OBS02551,False,,RETAINED_UNIQUE,True,
OBS02552,3e47b5b4de02,db17d6d495a3,BOM,DEL,AI,AI-865,2026-10-06,16:15,2026-09-06 20:15,30,T30(25-35),Economy Standard,5579,1004,200,6783,Cleartrip,Available,True,VALID,,,SINGLETON::OBS02552,False,,RETAINED_UNIQUE,True,
OBS02553,47ab235bf0e0,7d751f1f32d7,BOM,DEL,AI,AI-865,2026-10-22,16:15,2026-09-06 20:15,46,T45(40-50),Economy Saver,4072,733,120,4925,EaseMyTrip,Available,True,VALID,,,SINGLETON::OBS02553,False,,RETAINED_UNIQUE,True,
OBS02554,eef94893aee9,2e9daa0e056f,BOM,DEL,AI,AI-865,2026-10-22,16:15,2026-09-06 20:15,46,T45(40-50),Economy Flexi,6564,1182,180,7926,Goibibo,Available,True,VALID,,,SINGLETON::OBS02554,False,,RETAINED_UNIQUE,True,
OBS02555,4f2301c3a3b2,2e9daa0e056f,BOM,DEL,AI,AI-865,2026-10-22,16:15,2026-09-06 20:15,46,T45(40-50),Economy Flexi,6791,1222,120,8133,Cleartrip,Available,True,VALID,,,SINGLETON::OBS02555,False,,RETAINED_UNIQUE,True,
OBS02556,bcc49ed19d06,a2655fd02851,BOM,DEL,QP,QP-1123,2026-09-07,18:45,2026-09-06 20:15,1,T1(0-2),Economy Saver,6038,1087,100,7225,Cleartrip,Available,True,VALID,,,SINGLETON::OBS02556,False,,RETAINED_UNIQUE,True,
OBS02557,fa089b89e6ac,a2655fd02851,BOM,DEL,QP,QP-1123,2026-09-07,18:45,2026-09-06 20:15,1,T1(0-2),Economy Saver,6184,1113,100,7397,AirlineSite,Available,True,VALID,,,SINGLETON::OBS02557,False,,RETAINED_UNIQUE,True,
OBS02558,d3de96914d91,ff6869a5fa7a,BOM,DEL,QP,QP-1123,2026-09-07,18:45,2026-09-06 20:15,1,T1(0-2),Economy Flexi,9736,1752,120,11608,Cleartrip,Available,True,VALID,,,SINGLETON::OBS02558,False,,RETAINED_UNIQUE,True,
OBS02559,c2fbfaf9600a,ff6869a5fa7a,BOM,DEL,QP,QP-1123,2026-09-07,18:45,2026-09-06 20:15,1,T1(0-2),Economy Flexi,10271,1849,150,12270,Goibibo,Available,True,VALID,,,SINGLETON::OBS02559,False,,RETAINED_UNIQUE,True,
OBS02560,48f97bfaf8c0,5ef6cb68b433,BOM,DEL,QP,QP-1123,2026-09-13,18:45,2026-09-06 20:15,7,T7(5-9),Economy Standard,7277,1310,150,8737,MMT,Available,True,VALID,,,SINGLETON::OBS02560,False,,RETAINED_UNIQUE,True,
OBS02561,d05c78e8f7ef,9f15c8f3920d,BOM,DEL,QP,QP-1123,2026-09-21,18:45,2026-09-06 20:15,15,T15(12-18),Economy Flexi,7554,1360,120,9034,Cleartrip,Available,True,VALID,,,SINGLETON::OBS02561,False,,RETAINED_UNIQUE,True,
OBS02562,b4f35752b7e6,db17d6d495a3,BOM,DEL,QP,QP-1123,2026-10-06,18:45,2026-09-06 20:15,30,T30(25-35),Economy Standard,5510,992,120,6622,EaseMyTrip,Available,True,VALID,,,SINGLETON::OBS02562,False,,RETAINED_UNIQUE,True,
OBS02563,39f4056f356c,db17d6d495a3,BOM,DEL,QP,QP-1123,2026-10-06,18:45,2026-09-06 20:15,30,T30(25-35),Economy Standard,5550,999,150,6699,AirlineSite,Available,True,VALID,,,SINGLETON::OBS02563,False,,RETAINED_UNIQUE,True,
OBS02564,d7b130c6a112,312dbe0b5497,BOM,DEL,QP,QP-1123,2026-10-06,18:45,2026-09-06 20:15,30,T30(25-35),Economy Saver,4119,741,180,5040,Goibibo,Available,True,VALID,,,SINGLETON::OBS02564,False,,RETAINED_UNIQUE,True,
OBS02565,256628d5a52c,946fda38816a,BOM,DEL,QP,QP-1123,2026-10-22,18:45,2026-09-06 20:15,46,T45(40-50),Economy Standard,5236,943,120,6299,Goibibo,Available,True,VALID,,,SINGLETON::OBS02565,False,,RETAINED_UNIQUE,True,
OBS02566,86f270a90d9b,946fda38816a,BOM,DEL,QP,QP-1123,2026-10-22,18:45,2026-09-06 20:15,46,T45(40-50),Economy Standard,5194,935,150,6279,Cleartrip,Available,True,VALID,,,SINGLETON::OBS02566,False,,RETAINED_UNIQUE,True,
OBS02567,221e591baabe,55af73a9c051,BLR,DEL,6E,6E-5011,2026-09-07,13:45,2026-09-06 20:15,1,T1(0-2),Economy Saver,6311,1136,200,7647,EaseMyTrip,Available,True,VALID,,,SINGLETON::OBS02567,False,,RETAINED_UNIQUE,True,
OBS02568,c6d34a5fe78c,55af73a9c051,BLR,DEL,6E,6E-5011,2026-09-07,13:45,2026-09-06 20:15,1,T1(0-2),Economy Saver,6151,1107,180,7438,Goibibo,Available,True,VALID,,,SINGLETON::OBS02568,False,,RETAINED_UNIQUE,True,
OBS02569,1c5eb278e7ec,dc430b25a5ca,BLR,DEL,6E,6E-5011,2026-09-13,13:45,2026-09-06 20:15,7,T7(5-9),Economy Flexi,8698,1566,180,10444,Cleartrip,Available,True,VALID,,,SINGLETON::OBS02569,False,,RETAINED_UNIQUE,True,
OBS02570,6e7c35cf29aa,dc430b25a5ca,BLR,DEL,6E,6E-5011,2026-09-13,13:45,2026-09-06 20:15,7,T7(5-9),Economy Flexi,8528,1535,180,10243,EaseMyTrip,Available,True,VALID,,,SINGLETON::OBS02570,False,,RETAINED_UNIQUE,True,
OBS02571,e47c4c243ea1,c01f5270b3d8,BLR,DEL,6E,6E-5011,2026-09-13,13:45,2026-09-06 20:15,7,T7(5-9),Economy Saver,5731,1032,180,6943,EaseMyTrip,Available,True,VALID,,,SINGLETON::OBS02571,False,,RETAINED_UNIQUE,True,
OBS02572,e831e9ea97eb,fa460205682d,BLR,DEL,6E,6E-5011,2026-09-21,13:45,2026-09-06 20:15,15,T15(12-18),Economy Standard,6173,1111,150,7434,Goibibo,Available,True,VALID,,,SINGLETON::OBS02572,False,,RETAINED_UNIQUE,True,
OBS02573,30540228069c,e9016f4c5dda,BLR,DEL,6E,6E-5011,2026-09-21,13:45,2026-09-06 20:15,15,T15(12-18),Economy Saver,4889,880,200,5969,MMT,Available,True,VALID,,,SINGLETON::OBS02573,False,,RETAINED_UNIQUE,True,
OBS02574,5036e4ff385c,bad1720ebf2f,BLR,DEL,6E,6E-5011,2026-10-06,13:45,2026-09-06 20:15,30,T30(25-35),Economy Standard,5200,936,200,6336,Goibibo,Available,True,VALID,,,SINGLETON::OBS02574,False,,RETAINED_UNIQUE,True,
OBS02575,0dd53d91674a,bad1720ebf2f,BLR,DEL,6E,6E-5011,2026-10-06,13:45,2026-09-06 20:15,30,T30(25-35),Economy Standard,5500,990,200,6690,EaseMyTrip,Available,True,VALID,,,SINGLETON::OBS02575,False,,RETAINED_UNIQUE,True,
OBS02576,81fe75f17794,ba0de94a3dda,BLR,DEL,6E,6E-5011,2026-10-06,13:45,2026-09-06 20:15,30,T30(25-35),Economy Flexi,6610,1190,100,7900,EaseMyTrip,Available,True,VALID,,,SINGLETON::OBS02576,False,,RETAINED_UNIQUE,True,
OBS02577,0b3541ad3b60,ba0de94a3dda,BLR,DEL,6E,6E-5011,2026-10-06,13:45,2026-09-06 20:15,30,T30(25-35),Economy Flexi,6832,1230,150,8212,Goibibo,Available,True,VALID,,,SINGLETON::OBS02577,False,,RETAINED_UNIQUE,True,
OBS02578,8b5d8780720d,68a92c115f71,BLR,DEL,6E,6E-5011,2026-10-22,13:45,2026-09-06 20:15,46,T45(40-50),Economy Saver,4287,772,100,5159,Goibibo,Available,True,VALID,,,SINGLETON::OBS02578,False,,RETAINED_UNIQUE,True,
OBS02579,64d894b837b9,9c48d0587db6,BLR,DEL,6E,6E-5011,2026-10-22,13:45,2026-09-06 20:15,46,T45(40-50),Economy Standard,5302,954,100,6356,Goibibo,Available,True,VALID,,,SINGLETON::OBS02579,False,,RETAINED_UNIQUE,True,
OBS02580,fa0a4e1e8461,55af73a9c051,BLR,DEL,AI,AI-503,2026-09-07,19:15,2026-09-06 20:15,1,T1(0-2),Economy Saver,6165,1110,120,7395,EaseMyTrip,Available,True,VALID,,,SINGLETON::OBS02580,False,,RETAINED_UNIQUE,True,
OBS02581,f05830334061,55af73a9c051,BLR,DEL,AI,AI-503,2026-09-07,19:15,2026-09-06 20:15,1,T1(0-2),Economy Saver,6206,1117,200,7523,Goibibo,Available,True,VALID,,,SINGLETON::OBS02581,False,,RETAINED_UNIQUE,True,
OBS02582,20fb25d0af62,722a18223014,BLR,DEL,AI,AI-503,2026-09-07,19:15,2026-09-06 20:15,1,T1(0-2),Economy Flexi,9959,1793,150,11902,Cleartrip,Available,True,VALID,,,SINGLETON::OBS02582,False,,RETAINED_UNIQUE,True,
OBS02583,433ff48264e9,722a18223014,BLR,DEL,AI,AI-503,2026-09-07,19:15,2026-09-06 20:15,1,T1(0-2),Economy Flexi,9835,1770,200,11805,EaseMyTrip,Available,True,VALID,,,SINGLETON::OBS02583,False,,RETAINED_UNIQUE,True,
OBS02584,a20a53bb7cbf,c01f5270b3d8,BLR,DEL,AI,AI-503,2026-09-13,19:15,2026-09-06 20:15,7,T7(5-9),Economy Saver,5802,1044,180,7026,Goibibo,Available,True,VALID,,,SINGLETON::OBS02584,False,,RETAINED_UNIQUE,True,
OBS02585,b2bbc3fc3ba5,c01f5270b3d8,BLR,DEL,AI,AI-503,2026-09-13,19:15,2026-09-06 20:15,7,T7(5-9),Economy Saver,5430,977,120,6527,Cleartrip,Available,True,VALID,,,SINGLETON::OBS02585,False,,RETAINED_UNIQUE,True,
OBS02586,a0f88fc48d67,07d6636181ef,BLR,DEL,AI,AI-503,2026-09-13,19:15,2026-09-06 20:15,7,T7(5-9),Economy Standard,7250,1305,150,8705,Cleartrip,Available,True,VALID,,,SINGLETON::OBS02586,False,,RETAINED_UNIQUE,True,
OBS02587,612dc98c5c50,07d6636181ef,BLR,DEL,AI,AI-503,2026-09-13,19:15,2026-09-06 20:15,7,T7(5-9),Economy Standard,7415,1335,120,8870,AirlineSite,Available,True,VALID,,,SINGLETON::OBS02587,False,,RETAINED_UNIQUE,True,
OBS02588,3b1a3bb6d3df,fa460205682d,BLR,DEL,AI,AI-503,2026-09-21,19:15,2026-09-06 20:15,15,T15(12-18),Economy Standard,5947,1070,100,7117,Goibibo,Available,True,VALID,,,SINGLETON::OBS02588,False,,RETAINED_UNIQUE,True,
OBS02589,1853fcbf0df4,fa460205682d,BLR,DEL,AI,AI-503,2026-09-21,19:15,2026-09-06 20:15,15,T15(12-18),Economy Standard,6208,1117,120,7445,EaseMyTrip,Available,True,VALID,,,SINGLETON::OBS02589,False,,RETAINED_UNIQUE,True,
OBS02590,28272a63b2f8,ba0de94a3dda,BLR,DEL,AI,AI-503,2026-10-06,19:15,2026-09-06 20:15,30,T30(25-35),Economy Flexi,6738,1213,120,8071,AirlineSite,Available,True,VALID,,,SINGLETON::OBS02590,False,,RETAINED_UNIQUE,True,
OBS02591,64705ddf4f79,ba0de94a3dda,BLR,DEL,AI,AI-503,2026-10-06,19:15,2026-09-06 20:15,30,T30(25-35),Economy Flexi,6712,1208,180,8100,Cleartrip,Available,True,VALID,,,SINGLETON::OBS02591,False,,RETAINED_UNIQUE,True,
OBS02592,dc3d31eef204,9c48d0587db6,BLR,DEL,AI,AI-503,2026-10-22,19:15,2026-09-06 20:15,46,T45(40-50),Economy Standard,5661,1019,180,6860,EaseMyTrip,Available,True,VALID,,,SINGLETON::OBS02592,False,,RETAINED_UNIQUE,True,
OBS02593,0de38834eef9,55af73a9c051,BLR,DEL,IX,IX-782,2026-09-07,09:30,2026-09-06 20:15,1,T1(0-2),Economy Saver,6056,1090,120,7266,Cleartrip,Available,True,VALID,,,SINGLETON::OBS02593,False,,RETAINED_UNIQUE,True,
OBS02594,845b9f742fd1,55af73a9c051,BLR,DEL,IX,IX-782,2026-09-07,09:30,2026-09-06 20:15,1,T1(0-2),Economy Saver,6147,1106,150,7403,MMT,Available,True,VALID,,,SINGLETON::OBS02594,False,,RETAINED_UNIQUE,True,
OBS02595,e1d77e8c5e21,c01f5270b3d8,BLR,DEL,IX,IX-782,2026-09-13,09:30,2026-09-06 20:15,7,T7(5-9),Economy Saver,5599,1008,120,6727,EaseMyTrip,Available,True,VALID,,,SINGLETON::OBS02595,False,,RETAINED_UNIQUE,True,
OBS02596,eebd12557fe7,e9016f4c5dda,BLR,DEL,IX,IX-782,2026-09-21,09:30,2026-09-06 20:15,15,T15(12-18),Economy Saver,4916,885,150,5951,EaseMyTrip,Available,True,VALID,,,SINGLETON::OBS02596,False,,RETAINED_UNIQUE,True,
OBS02597,5e0a72924dcc,e9016f4c5dda,BLR,DEL,IX,IX-782,2026-09-21,09:30,2026-09-06 20:15,15,T15(12-18),Economy Saver,4948,891,120,5959,AirlineSite,Available,True,VALID,,,SINGLETON::OBS02597,False,,RETAINED_UNIQUE,True,
OBS02598,2c7bedcf38c4,8e4874510531,BLR,DEL,IX,IX-782,2026-09-21,09:30,2026-09-06 20:15,15,T15(12-18),Economy Flexi,7664,1380,100,9144,Goibibo,Available,True,VALID,,,SINGLETON::OBS02598,False,,RETAINED_UNIQUE,True,
OBS02599,d65410e7fc6b,ba0de94a3dda,BLR,DEL,IX,IX-782,2026-10-06,09:30,2026-09-06 20:15,30,T30(25-35),Economy Flexi,6908,1243,180,8331,Goibibo,Available,True,VALID,,,SINGLETON::OBS02599,False,,RETAINED_UNIQUE,True,
OBS02600,719c9520a860,68a92c115f71,BLR,DEL,IX,IX-782,2026-10-22,09:30,2026-09-06 20:15,46,T45(40-50),Economy Saver,4333,780,200,5313,EaseMyTrip,Available,True,VALID,,,SINGLETON::OBS02600,False,,RETAINED_UNIQUE,True,
OBS02601,cca01312c7c5,68a92c115f71,BLR,DEL,IX,IX-782,2026-10-22,09:30,2026-09-06 20:15,46,T45(40-50),Economy Saver,4304,775,200,5279,AirlineSite,Available,True,VALID,,,SINGLETON::OBS02601,False,,RETAINED_UNIQUE,True,
OBS02602,9fdad9972fab,9c48d0587db6,BLR,DEL,IX,IX-782,2026-10-22,09:30,2026-09-06 20:15,46,T45(40-50),Economy Standard,5444,980,100,6524,Goibibo,Available,True,VALID,,,SINGLETON::OBS02602,False,,RETAINED_UNIQUE,True,
OBS02603,cda8f580df59,26becfeedc51,BLR,BOM,6E,6E-442,2026-09-07,06:30,2026-09-06 20:15,1,T1(0-2),Economy Standard,7988,1438,100,9526,Goibibo,Available,True,VALID,,,SINGLETON::OBS02603,False,,RETAINED_UNIQUE,True,
OBS02604,0b698c7072e5,26becfeedc51,BLR,BOM,6E,6E-442,2026-09-07,06:30,2026-09-06 20:15,1,T1(0-2),Economy Standard,7729,1391,150,9270,EaseMyTrip,Available,True,VALID,,,SINGLETON::OBS02604,False,,RETAINED_UNIQUE,True,
OBS02605,8ef5d9b5966a,f51a950a8dae,BLR,BOM,6E,6E-442,2026-09-07,06:30,2026-09-06 20:15,1,T1(0-2),Economy Saver,6174,1111,150,7435,MMT,Available,True,VALID,,,SINGLETON::OBS02605,False,,RETAINED_UNIQUE,True,
OBS02606,ab86197dfa8f,bdd7f33da793,BLR,BOM,6E,6E-442,2026-09-13,06:30,2026-09-06 20:15,7,T7(5-9),Economy Saver,5396,971,100,6467,MMT,Available,True,VALID,,,SINGLETON::OBS02606,False,,RETAINED_UNIQUE,True,
OBS02607,bb55c2b43dad,bdd7f33da793,BLR,BOM,6E,6E-442,2026-09-13,06:30,2026-09-06 20:15,7,T7(5-9),Economy Saver,5597,1008,180,6785,Cleartrip,Available,True,VALID,,,SINGLETON::OBS02607,False,,RETAINED_UNIQUE,True,
OBS02608,4cc2671bfd85,29a1e7ee3f5f,BLR,BOM,6E,6E-442,2026-09-21,06:30,2026-09-06 20:15,15,T15(12-18),Economy Standard,6033,1086,180,7299,Cleartrip,Available,True,VALID,,,SINGLETON::OBS02608,False,,RETAINED_UNIQUE,True,
OBS02609,43953124a02d,29a1e7ee3f5f,BLR,BOM,6E,6E-442,2026-09-21,06:30,2026-09-06 20:15,15,T15(12-18),Economy Standard,6257,1126,200,7583,Goibibo,Available,True,VALID,,,SINGLETON::OBS02609,False,,RETAINED_UNIQUE,True,
OBS02610,814d3d779593,f5e32b9982ab,BLR,BOM,6E,6E-442,2026-10-06,06:30,2026-09-06 20:15,30,T30(25-35),Economy Flexi,6680,1202,100,7982,MMT,Available,True,VALID,,,SINGLETON::OBS02610,False,,RETAINED_UNIQUE,True,
OBS02611,21ae16f3cea7,c7e9ed313a8c,BLR,BOM,6E,6E-442,2026-10-06,06:30,2026-09-06 20:15,30,T30(25-35),Economy Saver,4269,768,150,5187,Cleartrip,Available,True,VALID,,,SINGLETON::OBS02611,False,,RETAINED_UNIQUE,True,
OBS02612,666f59c1236e,b6ae72c59279,BLR,BOM,6E,6E-442,2026-10-22,06:30,2026-09-06 20:15,46,T45(40-50),Economy Flexi,6780,1220,120,8120,Goibibo,Available,True,VALID,,,SINGLETON::OBS02612,False,,RETAINED_UNIQUE,True,
OBS02613,96747811e913,b6ae72c59279,BLR,BOM,6E,6E-442,2026-10-22,06:30,2026-09-06 20:15,46,T45(40-50),Economy Flexi,6827,1229,120,8176,EaseMyTrip,Available,True,VALID,,,SINGLETON::OBS02613,False,,RETAINED_UNIQUE,True,
OBS02614,9f67d2b071c6,0112fca850a4,BLR,BOM,6E,6E-442,2026-10-22,06:30,2026-09-06 20:15,46,T45(40-50),Economy Saver,4155,748,180,5083,EaseMyTrip,Available,True,VALID,,,SINGLETON::OBS02614,False,,RETAINED_UNIQUE,True,
OBS02615,3f1cfc4ffb5a,932597b646f6,BLR,BOM,AI,AI-610,2026-09-07,15:45,2026-09-06 20:15,1,T1(0-2),Economy Flexi,9913,1784,120,11817,MMT,Available,True,VALID,,,SINGLETON::OBS02615,False,,RETAINED_UNIQUE,True,
OBS02616,db2d741abfb2,f51a950a8dae,BLR,BOM,AI,AI-610,2026-09-07,15:45,2026-09-06 20:15,1,T1(0-2),Economy Saver,6173,1111,200,7484,Cleartrip,Available,True,VALID,,,SINGLETON::OBS02616,False,,RETAINED_UNIQUE,True,
OBS02617,4ad7fba5bf49,010fa77d8be5,BLR,BOM,AI,AI-610,2026-09-13,15:45,2026-09-06 20:15,7,T7(5-9),Economy Standard,7243,1304,180,8727,MMT,Available,True,VALID,,,SINGLETON::OBS02617,False,,RETAINED_UNIQUE,True,
OBS02618,9a3e29416a27,010fa77d8be5,BLR,BOM,AI,AI-610,2026-09-13,15:45,2026-09-06 20:15,7,T7(5-9),Economy Standard,7488,1348,180,9016,Cleartrip,Available,True,VALID,,,SINGLETON::OBS02618,False,,RETAINED_UNIQUE,True,
OBS02619,710155a87807,bdd7f33da793,BLR,BOM,AI,AI-610,2026-09-13,15:45,2026-09-06 20:15,7,T7(5-9),Economy Saver,5611,1010,180,6801,EaseMyTrip,Available,True,VALID,,,SINGLETON::OBS02619,False,,RETAINED_UNIQUE,True,
OBS02620,cf3a1998ef88,7efa767f57c0,BLR,BOM,AI,AI-610,2026-09-21,15:45,2026-09-06 20:15,15,T15(12-18),Economy Saver,4634,834,120,5588,MMT,Available,True,VALID,,,SINGLETON::OBS02620,False,,RETAINED_UNIQUE,True,
OBS02621,39205fd6c6f7,7efa767f57c0,BLR,BOM,AI,AI-610,2026-09-21,15:45,2026-09-06 20:15,15,T15(12-18),Economy Saver,4668,840,100,5608,Cleartrip,Available,True,VALID,,,SINGLETON::OBS02621,False,,RETAINED_UNIQUE,True,
OBS02622,5e017646a4d8,0c23682ee73d,BLR,BOM,AI,AI-610,2026-09-21,15:45,2026-09-06 20:15,15,T15(12-18),Economy Flexi,7498,1350,200,9048,Cleartrip,Available,True,VALID,,,SINGLETON::OBS02622,False,,RETAINED_UNIQUE,True,
OBS02623,3c2311036111,f5e32b9982ab,BLR,BOM,AI,AI-610,2026-10-06,15:45,2026-09-06 20:15,30,T30(25-35),Economy Flexi,6576,1184,100,7860,MMT,Available,True,VALID,,,SINGLETON::OBS02623,False,,RETAINED_UNIQUE,True,
OBS02624,254b3dc34630,b6ae72c59279,BLR,BOM,AI,AI-610,2026-10-22,15:45,2026-09-06 20:15,46,T45(40-50),Economy Flexi,6515,1173,200,7888,EaseMyTrip,Available,True,VALID,,,SINGLETON::OBS02624,False,,RETAINED_UNIQUE,True,
OBS02625,3bd06bd0644b,b6ae72c59279,BLR,BOM,AI,AI-610,2026-10-22,15:45,2026-09-06 20:15,46,T45(40-50),Economy Flexi,6895,1241,200,8336,AirlineSite,Available,True,VALID,,,SINGLETON::OBS02625,False,,RETAINED_UNIQUE,True,
OBS02626,7b34860c70f5,0112fca850a4,BLR,BOM,AI,AI-610,2026-10-22,15:45,2026-09-06 20:15,46,T45(40-50),Economy Saver,4220,760,200,5180,AirlineSite,Available,True,VALID,,,SINGLETON::OBS02626,False,,RETAINED_UNIQUE,True,
OBS02627,495e66f36a50,f51a950a8dae,BLR,BOM,QP,QP-1304,2026-09-07,05:00,2026-09-06 20:15,1,T1(0-2),Economy Saver,6089,1096,180,7365,MMT,Available,True,VALID,,,SINGLETON::OBS02627,False,,RETAINED_UNIQUE,True,
OBS02628,55752b493cad,f51a950a8dae,BLR,BOM,QP,QP-1304,2026-09-07,05:00,2026-09-06 20:15,1,T1(0-2),Economy Saver,6057,1090,200,7347,EaseMyTrip,Available,True,VALID,,,SINGLETON::OBS02628,False,,RETAINED_UNIQUE,True,
OBS02629,050faf60cfca,8cbacff05554,BLR,BOM,QP,QP-1304,2026-09-13,05:00,2026-09-06 20:15,7,T7(5-9),Economy Flexi,9037,1627,100,10764,MMT,Available,True,VALID,,,SINGLETON::OBS02629,False,,RETAINED_UNIQUE,True,
OBS02630,e1ba700badf7,010fa77d8be5,BLR,BOM,QP,QP-1304,2026-09-13,05:00,2026-09-06 20:15,7,T7(5-9),Economy Standard,7085,1275,120,8480,EaseMyTrip,Available,True,VALID,,,SINGLETON::OBS02630,False,,RETAINED_UNIQUE,True,
OBS02631,4bb7145fd7e2,7efa767f57c0,BLR,BOM,QP,QP-1304,2026-09-21,05:00,2026-09-06 20:15,15,T15(12-18),Economy Saver,4790,862,100,5752,Goibibo,Available,True,VALID,,,SINGLETON::OBS02631,False,,RETAINED_UNIQUE,True,
OBS02632,e1f0443436f2,7efa767f57c0,BLR,BOM,QP,QP-1304,2026-09-21,05:00,2026-09-06 20:15,15,T15(12-18),Economy Saver,4687,844,100,5631,AirlineSite,Available,True,VALID,,,SINGLETON::OBS02632,False,,RETAINED_UNIQUE,True,
OBS02633,f7e930ae52a1,2367dff31e27,BLR,BOM,QP,QP-1304,2026-10-06,05:00,2026-09-06 20:15,30,T30(25-35),Economy Standard,5229,941,120,6290,Goibibo,Available,True,VALID,,,SINGLETON::OBS02633,False,,RETAINED_UNIQUE,True,
OBS02634,ba54409d5ecb,b6ae72c59279,BLR,BOM,QP,QP-1304,2026-10-22,05:00,2026-09-06 20:15,46,T45(40-50),Economy Flexi,6658,1198,200,8056,EaseMyTrip,Available,True,VALID,,,SINGLETON::OBS02634,False,,RETAINED_UNIQUE,True,
OBS02635,81918e8f0304,5feedb4dfa11,DEL,HYD,6E,6E-773,2026-09-07,19:45,2026-09-06 20:15,1,T1(0-2),Economy Flexi,10102,1818,120,12040,AirlineSite,Available,True,VALID,,,SINGLETON::OBS02635,False,,RETAINED_UNIQUE,True,
OBS02636,abe24bb8728f,5feedb4dfa11,DEL,HYD,6E,6E-773,2026-09-07,19:45,2026-09-06 20:15,1,T1(0-2),Economy Flexi,9919,1785,200,11904,Goibibo,Available,True,VALID,,,SINGLETON::OBS02636,False,,RETAINED_UNIQUE,True,
OBS02637,829622c05ed9,90e6988d0798,DEL,HYD,6E,6E-773,2026-09-13,19:45,2026-09-06 20:15,7,T7(5-9),Economy Saver,5617,1011,120,6748,EaseMyTrip,Available,True,VALID,,,SINGLETON::OBS02637,False,,RETAINED_UNIQUE,True,
OBS02638,0925c4eb0771,90e6988d0798,DEL,HYD,6E,6E-773,2026-09-13,19:45,2026-09-06 20:15,7,T7(5-9),Economy Saver,5525,995,180,6700,Cleartrip,Available,True,VALID,,,SINGLETON::OBS02638,False,,RETAINED_UNIQUE,True,
OBS02639,fa27b0e422a7,837e7336fb50,DEL,HYD,6E,6E-773,2026-09-13,19:45,2026-09-06 20:15,7,T7(5-9),Economy Standard,7489,1348,120,8957,Cleartrip,Available,True,VALID,,,SINGLETON::OBS02639,False,,RETAINED_UNIQUE,True,
OBS02640,55ea38194641,837e7336fb50,DEL,HYD,6E,6E-773,2026-09-13,19:45,2026-09-06 20:15,7,T7(5-9),Economy Standard,7113,1280,200,8593,EaseMyTrip,Available,True,VALID,,,SINGLETON::OBS02640,False,,RETAINED_UNIQUE,True,
OBS02641,01ed81e1b20c,73ada9ffb874,DEL,HYD,6E,6E-773,2026-09-21,19:45,2026-09-06 20:15,15,T15(12-18),Economy Flexi,7490,1348,150,8988,MMT,Available,True,VALID,,,SINGLETON::OBS02641,False,,RETAINED_UNIQUE,True,
OBS02642,c947e599ed7c,35819298f9e2,DEL,HYD,6E,6E-773,2026-09-21,19:45,2026-09-06 20:15,15,T15(12-18),Economy Standard,5941,1069,180,7190,Goibibo,Available,True,VALID,,,SINGLETON::OBS02642,False,,RETAINED_UNIQUE,True,
OBS02643,934879529f2e,35819298f9e2,DEL,HYD,6E,6E-773,2026-09-21,19:45,2026-09-06 20:15,15,T15(12-18),Economy Standard,6241,1123,100,7464,MMT,Available,True,VALID,,,SINGLETON::OBS02643,False,,RETAINED_UNIQUE,True,
OBS02644,b2659b678651,0a37214f083d,DEL,HYD,6E,6E-773,2026-10-06,19:45,2026-09-06 20:15,30,T30(25-35),Economy Standard,5596,1007,120,6723,AirlineSite,Available,True,VALID,,,SINGLETON::OBS02644,False,,RETAINED_UNIQUE,True,
OBS02645,c61a9c5ba6c2,9dd906a8c1ec,DEL,HYD,6E,6E-773,2026-10-06,19:45,2026-09-06 20:15,30,T30(25-35),Economy Saver,4166,750,200,5116,EaseMyTrip,Available,True,VALID,,,SINGLETON::OBS02645,False,,RETAINED_UNIQUE,True,
OBS02646,985c6e334da6,9dd906a8c1ec,DEL,HYD,6E,6E-773,2026-10-06,19:45,2026-09-06 20:15,30,T30(25-35),Economy Saver,4230,761,150,5141,Cleartrip,Available,True,VALID,,,SINGLETON::OBS02646,False,,RETAINED_UNIQUE,True,
OBS02647,4d0361f14e0e,c933739f889e,DEL,HYD,6E,6E-773,2026-10-22,19:45,2026-09-06 20:15,46,T45(40-50),Economy Flexi,6439,1159,180,7778,Cleartrip,Available,True,VALID,,,SINGLETON::OBS02647,False,,RETAINED_UNIQUE,True,
OBS02648,70091dd58d58,d5e2b4ddaa51,DEL,HYD,AI,AI-540,2026-09-07,05:15,2026-09-06 20:15,1,T1(0-2),Economy Saver,6540,1177,180,7897,Cleartrip,Available,True,VALID,,,SINGLETON::OBS02648,False,,RETAINED_UNIQUE,True,
OBS02649,e8b874f0f31b,d69b89fa1e64,DEL,HYD,AI,AI-540,2026-09-13,05:15,2026-09-06 20:15,7,T7(5-9),Economy Flexi,8808,1585,150,10543,Cleartrip,Available,True,VALID,,,SINGLETON::OBS02649,False,,RETAINED_UNIQUE,True,
OBS02650,a88bf5906fe4,837e7336fb50,DEL,HYD,AI,AI-540,2026-09-13,05:15,2026-09-06 20:15,7,T7(5-9),Economy Standard,7108,1279,150,8537,MMT,Available,True,VALID,,,SINGLETON::OBS02650,False,,RETAINED_UNIQUE,True,
OBS02651,6469bc807016,837e7336fb50,DEL,HYD,AI,AI-540,2026-09-13,05:15,2026-09-06 20:15,7,T7(5-9),Economy Standard,7462,1343,150,8955,Cleartrip,Available,True,VALID,,,SINGLETON::OBS02651,False,,RETAINED_UNIQUE,True,
OBS02652,43832b096884,35819298f9e2,DEL,HYD,AI,AI-540,2026-09-21,05:15,2026-09-06 20:15,15,T15(12-18),Economy Standard,6295,1133,180,7608,Goibibo,Available,True,VALID,,,SINGLETON::OBS02652,False,,RETAINED_UNIQUE,True,
OBS02653,86c20e9366dd,35819298f9e2,DEL,HYD,AI,AI-540,2026-09-21,05:15,2026-09-06 20:15,15,T15(12-18),Economy Standard,5866,1056,180,7102,AirlineSite,Available,True,VALID,,,SINGLETON::OBS02653,False,,RETAINED_UNIQUE,True,
OBS02654,bf7d2513872d,73ada9ffb874,DEL,HYD,AI,AI-540,2026-09-21,05:15,2026-09-06 20:15,15,T15(12-18),Economy Flexi,7698,1386,100,9184,MMT,Available,True,VALID,,,SINGLETON::OBS02654,False,,RETAINED_UNIQUE,True,
OBS02655,ea2580257c9b,73ada9ffb874,DEL,HYD,AI,AI-540,2026-09-21,05:15,2026-09-06 20:15,15,T15(12-18),Economy Flexi,7736,1392,120,9248,Goibibo,Available,True,VALID,,,SINGLETON::OBS02655,False,,RETAINED_UNIQUE,True,
OBS02656,1d88d08a1532,491b40137db8,DEL,HYD,AI,AI-540,2026-10-06,05:15,2026-09-06 20:15,30,T30(25-35),Economy Flexi,6352,1143,180,7675,Cleartrip,Available,True,VALID,,,SINGLETON::OBS02656,False,,RETAINED_UNIQUE,True,
OBS02657,bd44525af07e,491b40137db8,DEL,HYD,AI,AI-540,2026-10-06,05:15,2026-09-06 20:15,30,T30(25-35),Economy Flexi,6858,1234,150,8242,EaseMyTrip,Available,True,VALID,,,SINGLETON::OBS02657,False,,RETAINED_UNIQUE,True,
OBS02658,71cdc230048a,7244fba44546,DEL,HYD,AI,AI-540,2026-10-22,05:15,2026-09-06 20:15,46,T45(40-50),Economy Saver,4063,731,120,4914,Cleartrip,Available,True,VALID,,,SINGLETON::OBS02658,False,,RETAINED_UNIQUE,True,
OBS02659,bec49b7ef99d,7244fba44546,DEL,HYD,AI,AI-540,2026-10-22,05:15,2026-09-06 20:15,46,T45(40-50),Economy Saver,4169,750,180,5099,AirlineSite,Available,True,VALID,,,SINGLETON::OBS02659,False,,RETAINED_UNIQUE,True,
OBS02660,254e309722ac,d5e2b4ddaa51,DEL,HYD,SG,SG-451,2026-09-07,19:15,2026-09-06 20:15,1,T1(0-2),Economy Saver,6559,1181,200,7940,MMT,Available,True,VALID,,,SINGLETON::OBS02660,False,,RETAINED_UNIQUE,True,
OBS02661,ddf946e8326d,d5e2b4ddaa51,DEL,HYD,SG,SG-451,2026-09-07,19:15,2026-09-06 20:15,1,T1(0-2),Economy Saver,6180,1112,100,7392,Cleartrip,Available,True,VALID,,,SINGLETON::OBS02661,False,,RETAINED_UNIQUE,True,
OBS02662,e60ea9248ffc,bc62c9a2c6d9,DEL,HYD,SG,SG-451,2026-09-07,19:15,2026-09-06 20:15,1,T1(0-2),Economy Standard,7866,1416,150,9432,Cleartrip,Available,True,VALID,,,SINGLETON::OBS02662,False,,RETAINED_UNIQUE,True,
OBS02663,e5ebbcca38cf,837e7336fb50,DEL,HYD,SG,SG-451,2026-09-13,19:15,2026-09-06 20:15,7,T7(5-9),Economy Standard,7101,1278,180,8559,MMT,Available,True,VALID,,,SINGLETON::OBS02663,False,,RETAINED_UNIQUE,True,
OBS02664,cdea0508287c,837e7336fb50,DEL,HYD,SG,SG-451,2026-09-13,19:15,2026-09-06 20:15,7,T7(5-9),Economy Standard,7459,1343,120,8922,AirlineSite,Available,True,VALID,,,SINGLETON::OBS02664,False,,RETAINED_UNIQUE,True,
OBS02665,0bd52c076a9d,90e6988d0798,DEL,HYD,SG,SG-451,2026-09-13,19:15,2026-09-06 20:15,7,T7(5-9),Economy Saver,5655,1018,180,6853,EaseMyTrip,Available,True,VALID,,,SINGLETON::OBS02665,False,,RETAINED_UNIQUE,True,
OBS02666,5d060e15e957,90e6988d0798,DEL,HYD,SG,SG-451,2026-09-13,19:15,2026-09-06 20:15,7,T7(5-9),Economy Saver,5479,986,200,6665,MMT,Available,True,VALID,,,SINGLETON::OBS02666,False,,RETAINED_UNIQUE,True,
OBS02667,cae03094dc67,73ada9ffb874,DEL,HYD,SG,SG-451,2026-09-21,19:15,2026-09-06 20:15,15,T15(12-18),Economy Flexi,7701,1386,100,9187,MMT,Available,True,VALID,,,SINGLETON::OBS02667,False,,RETAINED_UNIQUE,True,
OBS02668,c47ff447c05b,35819298f9e2,DEL,HYD,SG,SG-451,2026-09-21,19:15,2026-09-06 20:15,15,T15(12-18),Economy Standard,6286,1131,120,7537,Cleartrip,Available,True,VALID,,,SINGLETON::OBS02668,False,,RETAINED_UNIQUE,True,
OBS02669,c46291059a62,35819298f9e2,DEL,HYD,SG,SG-451,2026-09-21,19:15,2026-09-06 20:15,15,T15(12-18),Economy Standard,5944,1070,180,7194,Goibibo,Available,True,VALID,,,SINGLETON::OBS02669,False,,RETAINED_UNIQUE,True,
OBS02670,5a782a8c9a35,0a37214f083d,DEL,HYD,SG,SG-451,2026-10-06,19:15,2026-09-06 20:15,30,T30(25-35),Economy Standard,5550,999,150,6699,Cleartrip,Available,True,VALID,,,SINGLETON::OBS02670,False,,RETAINED_UNIQUE,True,
OBS02671,b21fb3216f09,0a37214f083d,DEL,HYD,SG,SG-451,2026-10-06,19:15,2026-09-06 20:15,30,T30(25-35),Economy Standard,5322,958,100,6380,MMT,Available,True,VALID,,,SINGLETON::OBS02671,False,,RETAINED_UNIQUE,True,
OBS02672,df4b14ca5903,7244fba44546,DEL,HYD,SG,SG-451,2026-10-22,19:15,2026-09-06 20:15,46,T45(40-50),Economy Saver,4371,787,100,5258,Goibibo,Available,True,VALID,,,SINGLETON::OBS02672,False,,RETAINED_UNIQUE,True,
OBS02673,4fd5d9fe12e6,7244fba44546,DEL,HYD,SG,SG-451,2026-10-22,19:15,2026-09-06 20:15,46,T45(40-50),Economy Saver,4381,789,100,5270,EaseMyTrip,Available,True,VALID,,,SINGLETON::OBS02673,False,,RETAINED_UNIQUE,True,
OBS02674,fd601997209f,a8801d53a141,DEL,PNQ,6E,6E-381,2026-09-07,11:15,2026-09-06 20:15,1,T1(0-2),Economy Saver,6488,1168,150,7806,EaseMyTrip,Available,True,VALID,,,SINGLETON::OBS02674,False,,RETAINED_UNIQUE,True,
OBS02675,8e6247042e4e,19af43e69a05,DEL,PNQ,6E,6E-381,2026-09-07,11:15,2026-09-06 20:15,1,T1(0-2),Economy Standard,8152,1467,100,9719,Cleartrip,Available,True,VALID,,,SINGLETON::OBS02675,False,,RETAINED_UNIQUE,True,
OBS02676,776643fce92b,19af43e69a05,DEL,PNQ,6E,6E-381,2026-09-07,11:15,2026-09-06 20:15,1,T1(0-2),Economy Standard,8097,1457,200,9754,EaseMyTrip,Available,True,VALID,,,SINGLETON::OBS02676,False,,RETAINED_UNIQUE,True,
OBS02677,ea3e93247d48,cecf6a66f3ae,DEL,PNQ,6E,6E-381,2026-09-13,11:15,2026-09-06 20:15,7,T7(5-9),Economy Flexi,9135,1644,100,10879,EaseMyTrip,Available,True,VALID,,,SINGLETON::OBS02677,False,,RETAINED_UNIQUE,True,
OBS02678,7ab27c5f4483,8100ad44f132,DEL,PNQ,6E,6E-381,2026-09-21,11:15,2026-09-06 20:15,15,T15(12-18),Economy Flexi,7735,1392,180,9307,Goibibo,Available,True,VALID,,,SINGLETON::OBS02678,False,,RETAINED_UNIQUE,True,
OBS02679,9462198b1c40,e95996c1e9a8,DEL,PNQ,6E,6E-381,2026-09-21,11:15,2026-09-06 20:15,15,T15(12-18),Economy Saver,4571,823,200,5594,MMT,Available,True,VALID,,,SINGLETON::OBS02679,False,,RETAINED_UNIQUE,True,
OBS02680,b3bac748ea46,e95996c1e9a8,DEL,PNQ,6E,6E-381,2026-09-21,11:15,2026-09-06 20:15,15,T15(12-18),Economy Saver,4697,845,200,5742,Cleartrip,Available,True,VALID,,,SINGLETON::OBS02680,False,,RETAINED_UNIQUE,True,
OBS02681,9003b46685e6,50750fd81b95,DEL,PNQ,6E,6E-381,2026-10-06,11:15,2026-09-06 20:15,30,T30(25-35),Economy Saver,4040,727,120,4887,AirlineSite,Available,True,VALID,,,SINGLETON::OBS02681,False,,RETAINED_UNIQUE,True,
OBS02682,059ceeb80084,50750fd81b95,DEL,PNQ,6E,6E-381,2026-10-06,11:15,2026-09-06 20:15,30,T30(25-35),Economy Saver,4167,750,120,5037,Goibibo,Available,True,VALID,,,SINGLETON::OBS02682,False,,RETAINED_UNIQUE,True,
OBS02683,19a8fe44082f,cbdbb0deec9f,DEL,PNQ,6E,6E-381,2026-10-06,11:15,2026-09-06 20:15,30,T30(25-35),Economy Standard,5471,985,120,6576,MMT,Available,True,VALID,,,SINGLETON::OBS02683,False,,RETAINED_UNIQUE,True,
OBS02684,30480929d2ea,cbdbb0deec9f,DEL,PNQ,6E,6E-381,2026-10-06,11:15,2026-09-06 20:15,30,T30(25-35),Economy Standard,5600,1008,200,6808,Cleartrip,Available,True,VALID,,,SINGLETON::OBS02684,False,,RETAINED_UNIQUE,True,
OBS02685,51bec0a62c0e,ee07df20eeb4,DEL,PNQ,6E,6E-381,2026-10-22,11:15,2026-09-06 20:15,46,T45(40-50),Economy Flexi,6472,1165,120,7757,MMT,Available,True,VALID,,,SINGLETON::OBS02685,False,,RETAINED_UNIQUE,True,
OBS02686,da21230b2330,6ddcb673b16c,DEL,PNQ,6E,6E-381,2026-10-22,11:15,2026-09-06 20:15,46,T45(40-50),Economy Saver,4256,766,100,5122,AirlineSite,Available,True,VALID,,,SINGLETON::OBS02686,False,,RETAINED_UNIQUE,True,
OBS02687,f18ded852d52,72635f6a0550,DEL,PNQ,AI,AI-851,2026-09-07,06:00,2026-09-06 20:15,1,T1(0-2),Economy Flexi,10193,1835,120,12148,AirlineSite,Available,True,VALID,,,SINGLETON::OBS02687,False,,RETAINED_UNIQUE,True,
OBS02688,2e0deb3c026c,72635f6a0550,DEL,PNQ,AI,AI-851,2026-09-07,06:00,2026-09-06 20:15,1,T1(0-2),Economy Flexi,9986,1798,120,11904,Cleartrip,Available,True,VALID,,,SINGLETON::OBS02688,False,,RETAINED_UNIQUE,True,
OBS02689,1461d3a0361b,7713d353215e,DEL,PNQ,AI,AI-851,2026-09-13,06:00,2026-09-06 20:15,7,T7(5-9),Economy Saver,5772,1039,100,6911,MMT,Available,True,VALID,,,SINGLETON::OBS02689,False,,RETAINED_UNIQUE,True,
OBS02690,d5941703a42a,7713d353215e,DEL,PNQ,AI,AI-851,2026-09-13,06:00,2026-09-06 20:15,7,T7(5-9),Economy Saver,5419,975,180,6574,EaseMyTrip,Available,True,VALID,,,SINGLETON::OBS02690,False,,RETAINED_UNIQUE,True,
OBS02691,fe94a17428bf,3b633c1887e2,DEL,PNQ,AI,AI-851,2026-09-13,06:00,2026-09-06 20:15,7,T7(5-9),Economy Standard,6887,1240,120,8247,Goibibo,Available,True,VALID,,,SINGLETON::OBS02691,False,,RETAINED_UNIQUE,True,
OBS02692,7ff5dc04b41f,e95996c1e9a8,DEL,PNQ,AI,AI-851,2026-09-21,06:00,2026-09-06 20:15,15,T15(12-18),Economy Saver,4633,834,180,5647,Goibibo,Available,True,VALID,,,SINGLETON::OBS02692,False,,RETAINED_UNIQUE,True,
OBS02693,d90a793c0080,e95996c1e9a8,DEL,PNQ,AI,AI-851,2026-09-21,06:00,2026-09-06 20:15,15,T15(12-18),Economy Saver,4815,867,100,5782,MMT,Available,True,VALID,,,SINGLETON::OBS02693,False,,RETAINED_UNIQUE,True,
OBS02694,f5dda12e2618,41ad798c40cc,DEL,PNQ,AI,AI-851,2026-09-21,06:00,2026-09-06 20:15,15,T15(12-18),Economy Standard,6140,1105,200,7445,MMT,Available,True,VALID,,,SINGLETON::OBS02694,False,,RETAINED_UNIQUE,True,
OBS02695,a9c953497e1d,50750fd81b95,DEL,PNQ,AI,AI-851,2026-10-06,06:00,2026-09-06 20:15,30,T30(25-35),Economy Saver,4427,797,200,5424,AirlineSite,Available,True,VALID,,,SINGLETON::OBS02695,False,,RETAINED_UNIQUE,True,
OBS02696,0e814dfce77a,ee07df20eeb4,DEL,PNQ,AI,AI-851,2026-10-22,06:00,2026-09-06 20:15,46,T45(40-50),Economy Flexi,6986,1258,200,8444,MMT,Available,True,VALID,,,SINGLETON::OBS02696,False,,RETAINED_UNIQUE,True,
OBS02697,af63d74c372a,ee07df20eeb4,DEL,PNQ,AI,AI-851,2026-10-22,06:00,2026-09-06 20:15,46,T45(40-50),Economy Flexi,6574,1183,150,7907,EaseMyTrip,Available,True,VALID,,,SINGLETON::OBS02697,False,,RETAINED_UNIQUE,True,
OBS02698,7b092dad98b1,8aecaccbbbb4,DEL,PNQ,AI,AI-851,2026-10-22,06:00,2026-09-06 20:15,46,T45(40-50),Economy Standard,5193,935,180,6308,Goibibo,Available,True,VALID,,,SINGLETON::OBS02698,False,,RETAINED_UNIQUE,True,
OBS02699,28b9cb09134b,19af43e69a05,DEL,PNQ,QP,QP-1201,2026-09-07,21:45,2026-09-06 20:15,1,T1(0-2),Economy Standard,8313,1496,180,9989,Cleartrip,Available,True,VALID,,,SINGLETON::OBS02699,False,,RETAINED_UNIQUE,True,
OBS02700,ef2bf374fb62,19af43e69a05,DEL,PNQ,QP,QP-1201,2026-09-07,21:45,2026-09-06 20:15,1,T1(0-2),Economy Standard,8400,1512,150,10062,EaseMyTrip,Available,True,VALID,,,SINGLETON::OBS02700,False,,RETAINED_UNIQUE,True,
OBS02701,45b235892ab3,a8801d53a141,DEL,PNQ,QP,QP-1201,2026-09-07,21:45,2026-09-06 20:15,1,T1(0-2),Economy Saver,6350,1143,180,7673,AirlineSite,Available,True,VALID,,,SINGLETON::OBS02701,False,,RETAINED_UNIQUE,True,
OBS02702,8be54ff63d29,7713d353215e,DEL,PNQ,QP,QP-1201,2026-09-13,21:45,2026-09-06 20:15,7,T7(5-9),Economy Saver,5814,1047,120,6981,AirlineSite,Available,True,VALID,,,SINGLETON::OBS02702,False,,RETAINED_UNIQUE,True,
OBS02703,46a6ca7aa2ec,7713d353215e,DEL,PNQ,QP,QP-1201,2026-09-13,21:45,2026-09-06 20:15,7,T7(5-9),Economy Saver,5657,1018,120,6795,MMT,Available,True,VALID,,,SINGLETON::OBS02703,False,,RETAINED_UNIQUE,True,
OBS02704,2d980e7f12dd,3b633c1887e2,DEL,PNQ,QP,QP-1201,2026-09-13,21:45,2026-09-06 20:15,7,T7(5-9),Economy Standard,7366,1326,100,8792,MMT,Available,True,VALID,,,SINGLETON::OBS02704,False,,RETAINED_UNIQUE,True,
OBS02705,0c07ac893ab4,8100ad44f132,DEL,PNQ,QP,QP-1201,2026-09-21,21:45,2026-09-06 20:15,15,T15(12-18),Economy Flexi,7404,1333,180,8917,Cleartrip,Available,True,VALID,,,SINGLETON::OBS02705,False,,RETAINED_UNIQUE,True,
OBS02706,4760a448205d,cbdbb0deec9f,DEL,PNQ,QP,QP-1201,2026-10-06,21:45,2026-09-06 20:15,30,T30(25-35),Economy Standard,5690,1024,120,6834,MMT,Available,True,VALID,,,SINGLETON::OBS02706,False,,RETAINED_UNIQUE,True,
OBS02707,1478793acc8b,8aecaccbbbb4,DEL,PNQ,QP,QP-1201,2026-10-22,21:45,2026-09-06 20:15,46,T45(40-50),Economy Standard,5200,936,120,6256,MMT,Available,True,VALID,,,SINGLETON::OBS02707,False,,RETAINED_UNIQUE,True,
OBS02708,7894037b6866,67cf434e00d8,CCU,DEL,6E,6E-6120,2026-09-07,14:00,2026-09-06 20:15,1,T1(0-2),Economy Standard,7669,1380,100,9149,EaseMyTrip,Available,True,VALID,,,SINGLETON::OBS02708,False,,RETAINED_UNIQUE,True,
OBS02709,eca943f78ba4,67cf434e00d8,CCU,DEL,6E,6E-6120,2026-09-07,14:00,2026-09-06 20:15,1,T1(0-2),Economy Standard,7911,1424,180,9515,Cleartrip,Available,True,VALID,,,SINGLETON::OBS02709,False,,RETAINED_UNIQUE,True,
OBS02710,0d142fb142a0,5ac7d7c9ad95,CCU,DEL,6E,6E-6120,2026-09-07,14:00,2026-09-06 20:15,1,T1(0-2),Economy Flexi,10235,1842,100,12177,MMT,Available,True,VALID,,,SINGLETON::OBS02710,False,,RETAINED_UNIQUE,True,
OBS02711,8ff29fa3d747,66a9c71352cb,CCU,DEL,6E,6E-6120,2026-09-13,14:00,2026-09-06 20:15,7,T7(5-9),Economy Flexi,8408,1513,120,10041,AirlineSite,Available,True,VALID,,,SINGLETON::OBS02711,False,,RETAINED_UNIQUE,True,
OBS02712,46fffdb71c26,0d3ea7cf974f,CCU,DEL,6E,6E-6120,2026-09-13,14:00,2026-09-06 20:15,7,T7(5-9),Economy Saver,5892,1061,100,7053,Goibibo,Available,True,VALID,,,SINGLETON::OBS02712,False,,RETAINED_UNIQUE,True,
OBS02713,39f87e7483f5,6766c135b14d,CCU,DEL,6E,6E-6120,2026-09-21,14:00,2026-09-06 20:15,15,T15(12-18),Economy Standard,6021,1084,180,7285,MMT,Available,True,VALID,,,SINGLETON::OBS02713,False,,RETAINED_UNIQUE,True,
OBS02714,432ecd5b77c8,6766c135b14d,CCU,DEL,6E,6E-6120,2026-09-21,14:00,2026-09-06 20:15,15,T15(12-18),Economy Standard,6378,1148,150,7676,AirlineSite,Available,True,VALID,,,SINGLETON::OBS02714,False,,RETAINED_UNIQUE,True,
OBS02715,3c82eb8c2f17,5aee393e7286,CCU,DEL,6E,6E-6120,2026-09-21,14:00,2026-09-06 20:15,15,T15(12-18),Economy Flexi,7615,1371,150,9136,Cleartrip,Available,True,VALID,,,SINGLETON::OBS02715,False,,RETAINED_UNIQUE,True,
OBS02716,a04b30e3805b,c0ab8ad7dc38,CCU,DEL,6E,6E-6120,2026-10-06,14:00,2026-09-06 20:15,30,T30(25-35),Economy Standard,5252,945,200,6397,EaseMyTrip,Available,True,VALID,,,SINGLETON::OBS02716,False,,RETAINED_UNIQUE,True,
OBS02717,5d25198f176d,c0ab8ad7dc38,CCU,DEL,6E,6E-6120,2026-10-06,14:00,2026-09-06 20:15,30,T30(25-35),Economy Standard,5254,946,120,6320,MMT,Available,True,VALID,,,SINGLETON::OBS02717,False,,RETAINED_UNIQUE,True,
OBS02718,bf1ebb2f9028,9de466e599ee,CCU,DEL,6E,6E-6120,2026-10-22,14:00,2026-09-06 20:15,46,T45(40-50),Economy Flexi,6809,1226,150,8185,AirlineSite,Available,True,VALID,,,SINGLETON::OBS02718,False,,RETAINED_UNIQUE,True,
OBS02719,68c108601b99,d13cabcaabdb,CCU,DEL,AI,AI-701,2026-09-07,09:45,2026-09-06 20:15,1,T1(0-2),Economy Saver,6062,1091,150,7303,Cleartrip,Available,True,VALID,,,SINGLETON::OBS02719,False,,RETAINED_UNIQUE,True,
OBS02720,3b512f93eac3,66a9c71352cb,CCU,DEL,AI,AI-701,2026-09-13,09:45,2026-09-06 20:15,7,T7(5-9),Economy Flexi,8764,1578,120,10462,MMT,Available,True,VALID,,,SINGLETON::OBS02720,False,,RETAINED_UNIQUE,True,
OBS02721,a7fb51d968ae,66a9c71352cb,CCU,DEL,AI,AI-701,2026-09-13,09:45,2026-09-06 20:15,7,T7(5-9),Economy Flexi,8902,1602,100,10604,Cleartrip,Available,True,VALID,,,SINGLETON::OBS02721,False,,RETAINED_UNIQUE,True,
OBS02722,9564adb443fc,98b5b77bbda0,CCU,DEL,AI,AI-701,2026-09-13,09:45,2026-09-06 20:15,7,T7(5-9),Economy Standard,7570,1363,100,9033,AirlineSite,Available,True,VALID,,,SINGLETON::OBS02722,False,,RETAINED_UNIQUE,True,
OBS02723,e3305c557be4,98b5b77bbda0,CCU,DEL,AI,AI-701,2026-09-13,09:45,2026-09-06 20:15,7,T7(5-9),Economy Standard,6971,1255,100,8326,MMT,Available,True,VALID,,,SINGLETON::OBS02723,False,,RETAINED_UNIQUE,True,
OBS02724,ff13a8bdfb23,ee6eb3659052,CCU,DEL,AI,AI-701,2026-09-21,09:45,2026-09-06 20:15,15,T15(12-18),Economy Saver,4806,865,180,5851,Cleartrip,Available,True,VALID,,,SINGLETON::OBS02724,False,,RETAINED_UNIQUE,True,
OBS02725,7f547db82f56,ee6eb3659052,CCU,DEL,AI,AI-701,2026-09-21,09:45,2026-09-06 20:15,15,T15(12-18),Economy Saver,4941,889,120,5950,AirlineSite,Available,True,VALID,,,SINGLETON::OBS02725,False,,RETAINED_UNIQUE,True,
OBS02726,0d423aee23f7,c0ab8ad7dc38,CCU,DEL,AI,AI-701,2026-10-06,09:45,2026-09-06 20:15,30,T30(25-35),Economy Standard,5479,986,100,6565,EaseMyTrip,Available,True,VALID,,,SINGLETON::OBS02726,False,,RETAINED_UNIQUE,True,
OBS02727,0b5cf0c5ca96,c0ab8ad7dc38,CCU,DEL,AI,AI-701,2026-10-06,09:45,2026-09-06 20:15,30,T30(25-35),Economy Standard,5586,1006,200,6792,Cleartrip,Available,True,VALID,,,SINGLETON::OBS02727,False,,RETAINED_UNIQUE,True,
OBS02728,fce0b6167d58,99de94a5d6c1,CCU,DEL,AI,AI-701,2026-10-06,09:45,2026-09-06 20:15,30,T30(25-35),Economy Saver,4139,745,180,5064,Cleartrip,Available,True,VALID,,,SINGLETON::OBS02728,False,,RETAINED_UNIQUE,True,
OBS02729,1dc8ed205578,99de94a5d6c1,CCU,DEL,AI,AI-701,2026-10-06,09:45,2026-09-06 20:15,30,T30(25-35),Economy Saver,4356,784,180,5320,MMT,Available,True,VALID,,,SINGLETON::OBS02729,False,,RETAINED_UNIQUE,True,
OBS02730,cf751bdf225a,9de466e599ee,CCU,DEL,AI,AI-701,2026-10-22,09:45,2026-09-06 20:15,46,T45(40-50),Economy Flexi,6378,1148,150,7676,EaseMyTrip,Available,True,VALID,,,SINGLETON::OBS02730,False,,RETAINED_UNIQUE,True,
OBS02731,9c7db56266ed,9de466e599ee,CCU,DEL,AI,AI-701,2026-10-22,09:45,2026-09-06 20:15,46,T45(40-50),Economy Flexi,6617,1191,100,7908,Cleartrip,Available,True,VALID,,,SINGLETON::OBS02731,False,,RETAINED_UNIQUE,True,
OBS02732,d7136a4bf4e9,d13cabcaabdb,CCU,DEL,SG,SG-988,2026-09-07,19:30,2026-09-06 20:15,1,T1(0-2),Economy Saver,6461,1163,100,7724,Goibibo,Available,True,VALID,,,SINGLETON::OBS02732,False,,RETAINED_UNIQUE,True,
OBS02733,8650eb19dc36,0d3ea7cf974f,CCU,DEL,SG,SG-988,2026-09-13,19:30,2026-09-06 20:15,7,T7(5-9),Economy Saver,5650,1017,100,6767,Goibibo,Available,True,VALID,,,SINGLETON::OBS02733,False,,RETAINED_UNIQUE,True,
OBS02734,2a4b1f90a191,0d3ea7cf974f,CCU,DEL,SG,SG-988,2026-09-13,19:30,2026-09-06 20:15,7,T7(5-9),Economy Saver,5880,1058,200,7138,EaseMyTrip,Available,True,VALID,,,SINGLETON::OBS02734,False,,RETAINED_UNIQUE,True,
OBS02735,34572020c342,98b5b77bbda0,CCU,DEL,SG,SG-988,2026-09-13,19:30,2026-09-06 20:15,7,T7(5-9),Economy Standard,7456,1342,200,8998,Goibibo,Available,True,VALID,,,SINGLETON::OBS02735,False,,RETAINED_UNIQUE,True,
OBS02736,85d3fb96108a,ee6eb3659052,CCU,DEL,SG,SG-988,2026-09-21,19:30,2026-09-06 20:15,15,T15(12-18),Economy Saver,4630,833,150,5613,AirlineSite,Available,True,VALID,,,SINGLETON::OBS02736,False,,RETAINED_UNIQUE,True,
OBS02737,209f4e05f8cc,79b9e579444a,CCU,DEL,SG,SG-988,2026-10-06,19:30,2026-09-06 20:15,30,T30(25-35),Economy Flexi,6575,1184,120,7879,EaseMyTrip,Available,True,VALID,,,SINGLETON::OBS02737,False,,RETAINED_UNIQUE,True,
OBS02738,5cfcbfa8bdf0,39b508ae3da0,CCU,DEL,SG,SG-988,2026-10-22,19:30,2026-09-06 20:15,46,T45(40-50),Economy Standard,5551,999,200,6750,AirlineSite,Available,True,VALID,,,SINGLETON::OBS02738,False,,RETAINED_UNIQUE,True,
OBS02739,d73249dd602b,1b573d75be95,AMD,DEL,6E,6E-205,2026-09-07,14:30,2026-09-06 20:15,1,T1(0-2),Economy Flexi,10263,1847,200,12310,EaseMyTrip,Available,True,VALID,,,SINGLETON::OBS02739,False,,RETAINED_UNIQUE,True,
OBS02740,41afd9fae61c,ef482708ca5e,AMD,DEL,6E,6E-205,2026-09-13,14:30,2026-09-06 20:15,7,T7(5-9),Economy Saver,5507,991,200,6698,Goibibo,Available,True,VALID,,,SINGLETON::OBS02740,False,,RETAINED_UNIQUE,True,
OBS02741,8033af8c8ad1,7165fcb4c97e,AMD,DEL,6E,6E-205,2026-09-13,14:30,2026-09-06 20:15,7,T7(5-9),Economy Standard,7099,1278,150,8527,Goibibo,Available,True,VALID,,,SINGLETON::OBS02741,False,,RETAINED_UNIQUE,True,
OBS02742,ecd499c3ee15,7165fcb4c97e,AMD,DEL,6E,6E-205,2026-09-13,14:30,2026-09-06 20:15,7,T7(5-9),Economy Standard,6869,1236,150,8255,EaseMyTrip,Available,True,VALID,,,SINGLETON::OBS02742,False,,RETAINED_UNIQUE,True,
OBS02743,8a8cc4cd7014,0d6e5e42b899,AMD,DEL,6E,6E-205,2026-09-21,14:30,2026-09-06 20:15,15,T15(12-18),Economy Saver,4602,828,180,5610,Goibibo,Available,True,VALID,,,SINGLETON::OBS02743,False,,RETAINED_UNIQUE,True,
OBS02744,6331a7acaccf,27147b7bd42b,AMD,DEL,6E,6E-205,2026-09-21,14:30,2026-09-06 20:15,15,T15(12-18),Economy Flexi,7418,1335,120,8873,MMT,Available,True,VALID,,,SINGLETON::OBS02744,False,,RETAINED_UNIQUE,True,
OBS02745,a91a8776cfd9,891219931103,AMD,DEL,6E,6E-205,2026-10-06,14:30,2026-09-06 20:15,30,T30(25-35),Economy Standard,5222,940,150,6312,Cleartrip,Available,True,VALID,,,SINGLETON::OBS02745,False,,RETAINED_UNIQUE,True,
OBS02746,6b6b30785471,a6c28196d934,AMD,DEL,6E,6E-205,2026-10-06,14:30,2026-09-06 20:15,30,T30(25-35),Economy Saver,4084,735,200,5019,Goibibo,Available,True,VALID,,,SINGLETON::OBS02746,False,,RETAINED_UNIQUE,True,
OBS02747,b26c24faa20c,bba378b16813,AMD,DEL,6E,6E-205,2026-10-22,14:30,2026-09-06 20:15,46,T45(40-50),Economy Saver,4351,783,100,5234,MMT,Available,True,VALID,,,SINGLETON::OBS02747,False,,RETAINED_UNIQUE,True,
OBS02748,ffedf6fdf6e3,bba378b16813,AMD,DEL,6E,6E-205,2026-10-22,14:30,2026-09-06 20:15,46,T45(40-50),Economy Saver,4299,774,200,5273,Cleartrip,Available,True,VALID,,,SINGLETON::OBS02748,False,,RETAINED_UNIQUE,True,
OBS02749,2bcf725de9b4,1b573d75be95,AMD,DEL,AI,AI-18,2026-09-07,20:45,2026-09-06 20:15,1,T1(0-2),Economy Flexi,9637,1735,100,11472,MMT,Available,True,VALID,,,SINGLETON::OBS02749,False,,RETAINED_UNIQUE,True,
OBS02750,a6df5bf9f91e,1b573d75be95,AMD,DEL,AI,AI-18,2026-09-07,20:45,2026-09-06 20:15,1,T1(0-2),Economy Flexi,9873,1777,200,11850,Goibibo,Available,True,VALID,,,SINGLETON::OBS02750,False,,RETAINED_UNIQUE,True,
OBS02751,64913bce45fd,431253c1f0ec,AMD,DEL,AI,AI-18,2026-09-07,20:45,2026-09-06 20:15,1,T1(0-2),Economy Saver,6493,1169,150,7812,MMT,Available,True,VALID,,,SINGLETON::OBS02751,False,,RETAINED_UNIQUE,True,
OBS02752,44d3dcf99fe1,431253c1f0ec,AMD,DEL,AI,AI-18,2026-09-07,20:45,2026-09-06 20:15,1,T1(0-2),Economy Saver,6489,1168,100,7757,AirlineSite,Available,True,VALID,,,SINGLETON::OBS02752,False,,RETAINED_UNIQUE,True,
OBS02753,305a1ffd0ba5,7165fcb4c97e,AMD,DEL,AI,AI-18,2026-09-13,20:45,2026-09-06 20:15,7,T7(5-9),Economy Standard,7496,1349,180,9025,Goibibo,Available,True,VALID,,,SINGLETON::OBS02753,False,,RETAINED_UNIQUE,True,
OBS02754,9936d576c977,7165fcb4c97e,AMD,DEL,AI,AI-18,2026-09-13,20:45,2026-09-06 20:15,7,T7(5-9),Economy Standard,7411,1334,120,8865,MMT,Available,True,VALID,,,SINGLETON::OBS02754,False,,RETAINED_UNIQUE,True,
OBS02755,30f512b04bb7,ef482708ca5e,AMD,DEL,AI,AI-18,2026-09-13,20:45,2026-09-06 20:15,7,T7(5-9),Economy Saver,5898,1062,200,7160,AirlineSite,Available,True,VALID,,,SINGLETON::OBS02755,False,,RETAINED_UNIQUE,True,
OBS02756,95d22db24e5d,0d6e5e42b899,AMD,DEL,AI,AI-18,2026-09-21,20:45,2026-09-06 20:15,15,T15(12-18),Economy Saver,4837,871,150,5858,Goibibo,Available,True,VALID,,,SINGLETON::OBS02756,False,,RETAINED_UNIQUE,True,
OBS02757,9a6e1e1123ec,0d6e5e42b899,AMD,DEL,AI,AI-18,2026-09-21,20:45,2026-09-06 20:15,15,T15(12-18),Economy Saver,4934,888,150,5972,AirlineSite,Available,True,VALID,,,SINGLETON::OBS02757,False,,RETAINED_UNIQUE,True,
OBS02758,d5e4ec04fd7e,b5e48fb905f6,AMD,DEL,AI,AI-18,2026-09-21,20:45,2026-09-06 20:15,15,T15(12-18),Economy Standard,6087,1096,150,7333,EaseMyTrip,Available,True,VALID,,,SINGLETON::OBS02758,False,,RETAINED_UNIQUE,True,
OBS02759,f874928b95e4,b5e48fb905f6,AMD,DEL,AI,AI-18,2026-09-21,20:45,2026-09-06 20:15,15,T15(12-18),Economy Standard,6429,1157,100,7686,Cleartrip,Available,True,VALID,,,SINGLETON::OBS02759,False,,RETAINED_UNIQUE,True,
OBS02760,ee577265870a,a6c28196d934,AMD,DEL,AI,AI-18,2026-10-06,20:45,2026-09-06 20:15,30,T30(25-35),Economy Saver,4125,742,180,5047,MMT,Available,True,VALID,,,SINGLETON::OBS02760,False,,RETAINED_UNIQUE,True,
OBS02761,5dec73cb778f,a6c28196d934,AMD,DEL,AI,AI-18,2026-10-06,20:45,2026-09-06 20:15,30,T30(25-35),Economy Saver,4312,776,100,5188,Goibibo,Available,True,VALID,,,SINGLETON::OBS02761,False,,RETAINED_UNIQUE,True,
OBS02762,6dd11dd06d14,7f59c7c77479,AMD,DEL,AI,AI-18,2026-10-22,20:45,2026-09-06 20:15,46,T45(40-50),Economy Flexi,6726,1211,100,8037,AirlineSite,Available,True,VALID,,,SINGLETON::OBS02762,False,,RETAINED_UNIQUE,True,
OBS02763,b7fd04a330e2,7f59c7c77479,AMD,DEL,AI,AI-18,2026-10-22,20:45,2026-09-06 20:15,46,T45(40-50),Economy Flexi,6716,1209,100,8025,EaseMyTrip,Available,True,VALID,,,SINGLETON::OBS02763,False,,RETAINED_UNIQUE,True,
OBS02764,aaf75ce7c7d9,9159d104c86d,AMD,DEL,AI,AI-18,2026-10-22,20:45,2026-09-06 20:15,46,T45(40-50),Economy Standard,5497,990,200,6687,Cleartrip,Available,True,VALID,,,SINGLETON::OBS02764,False,,RETAINED_UNIQUE,True,
OBS02765,a91994fb61fd,a6fea363471c,AMD,DEL,IX,IX-340,2026-09-07,06:30,2026-09-06 20:15,1,T1(0-2),Economy Standard,8103,1459,200,9762,Goibibo,Available,True,VALID,,,SINGLETON::OBS02765,False,,RETAINED_UNIQUE,True,
OBS02766,5a9aa8f997b4,a6fea363471c,AMD,DEL,IX,IX-340,2026-09-07,06:30,2026-09-06 20:15,1,T1(0-2),Economy Standard,7676,1382,180,9238,EaseMyTrip,Available,True,VALID,,,SINGLETON::OBS02766,False,,RETAINED_UNIQUE,True,
OBS02767,494e3d651fca,431253c1f0ec,AMD,DEL,IX,IX-340,2026-09-07,06:30,2026-09-06 20:15,1,T1(0-2),Economy Saver,6298,1134,100,7532,AirlineSite,Available,True,VALID,,,SINGLETON::OBS02767,False,,RETAINED_UNIQUE,True,
OBS02768,2df47976db10,431253c1f0ec,AMD,DEL,IX,IX-340,2026-09-07,06:30,2026-09-06 20:15,1,T1(0-2),Economy Saver,6338,1141,150,7629,MMT,Available,True,VALID,,,SINGLETON::OBS02768,False,,RETAINED_UNIQUE,True,
OBS02769,70af8a715081,7165fcb4c97e,AMD,DEL,IX,IX-340,2026-09-13,06:30,2026-09-06 20:15,7,T7(5-9),Economy Standard,7477,1346,150,8973,AirlineSite,Available,True,VALID,,,SINGLETON::OBS02769,False,,RETAINED_UNIQUE,True,
OBS02770,cc253f7aca5a,7165fcb4c97e,AMD,DEL,IX,IX-340,2026-09-13,06:30,2026-09-06 20:15,7,T7(5-9),Economy Standard,7125,1283,150,8558,Goibibo,Available,True,VALID,,,SINGLETON::OBS02770,False,,RETAINED_UNIQUE,True,
OBS02771,d581f2dd2407,0d6e5e42b899,AMD,DEL,IX,IX-340,2026-09-21,06:30,2026-09-06 20:15,15,T15(12-18),Economy Saver,4753,855,150,5758,AirlineSite,Available,True,VALID,,,SINGLETON::OBS02771,False,,RETAINED_UNIQUE,True,
OBS02772,ce0c6c951437,0d6e5e42b899,AMD,DEL,IX,IX-340,2026-09-21,06:30,2026-09-06 20:15,15,T15(12-18),Economy Saver,4899,882,120,5901,Cleartrip,Available,True,VALID,,,SINGLETON::OBS02772,False,,RETAINED_UNIQUE,True,
OBS02773,d04bacead76f,b5e48fb905f6,AMD,DEL,IX,IX-340,2026-09-21,06:30,2026-09-06 20:15,15,T15(12-18),Economy Standard,6300,1134,200,7634,EaseMyTrip,Available,True,VALID,,,SINGLETON::OBS02773,False,,RETAINED_UNIQUE,True,
OBS02774,bf74e63745a4,6f6bb31ace4e,AMD,DEL,IX,IX-340,2026-10-06,06:30,2026-09-06 20:15,30,T30(25-35),Economy Flexi,6901,1242,150,8293,MMT,Available,True,VALID,,,SINGLETON::OBS02774,False,,RETAINED_UNIQUE,True,
OBS02775,ca89122934bf,6f6bb31ace4e,AMD,DEL,IX,IX-340,2026-10-06,06:30,2026-09-06 20:15,30,T30(25-35),Economy Flexi,6568,1182,200,7950,Goibibo,Available,True,VALID,,,SINGLETON::OBS02775,False,,RETAINED_UNIQUE,True,
OBS02776,afaff523844d,891219931103,AMD,DEL,IX,IX-340,2026-10-06,06:30,2026-09-06 20:15,30,T30(25-35),Economy Standard,5631,1014,100,6745,Cleartrip,Available,True,VALID,,,SINGLETON::OBS02776,False,,RETAINED_UNIQUE,True,
OBS02777,54b932e24d22,7f59c7c77479,AMD,DEL,IX,IX-340,2026-10-22,06:30,2026-09-06 20:15,46,T45(40-50),Economy Flexi,6758,1216,180,8154,Cleartrip,Available,True,VALID,,,SINGLETON::OBS02777,False,,RETAINED_UNIQUE,True,
OBS02778,558a6b943a5a,7f59c7c77479,AMD,DEL,IX,IX-340,2026-10-22,06:30,2026-09-06 20:15,46,T45(40-50),Economy Flexi,6469,1164,180,7813,Goibibo,Available,True,VALID,,,SINGLETON::OBS02778,False,,RETAINED_UNIQUE,True,
OBS02779,d5e180284f05,e0a68d45346c,DEL,MAA,6E,6E-843,2026-09-07,06:30,2026-09-06 20:15,1,T1(0-2),Economy Standard,7903,1423,100,9426,MMT,Available,True,VALID,,,SINGLETON::OBS02779,False,,RETAINED_UNIQUE,True,
OBS02780,49453ae13a3a,e0a68d45346c,DEL,MAA,6E,6E-843,2026-09-07,06:30,2026-09-06 20:15,1,T1(0-2),Economy Standard,7798,1404,150,9352,EaseMyTrip,Available,True,VALID,,,SINGLETON::OBS02780,False,,RETAINED_UNIQUE,True,
OBS02781,65c7a3a56858,2ab87310058e,DEL,MAA,6E,6E-843,2026-09-07,06:30,2026-09-06 20:15,1,T1(0-2),Economy Flexi,9733,1752,100,11585,EaseMyTrip,Available,True,VALID,,,SINGLETON::OBS02781,False,,RETAINED_UNIQUE,True,
OBS02782,073930600e41,2ab87310058e,DEL,MAA,6E,6E-843,2026-09-07,06:30,2026-09-06 20:15,1,T1(0-2),Economy Flexi,9539,1717,100,11356,MMT,Available,True,VALID,,,SINGLETON::OBS02782,False,,RETAINED_UNIQUE,True,
OBS02783,401e19bed629,4448fb514f7d,DEL,MAA,6E,6E-843,2026-09-13,06:30,2026-09-06 20:15,7,T7(5-9),Economy Standard,7153,1287,180,8620,EaseMyTrip,Available,True,VALID,,,SINGLETON::OBS02783,False,,RETAINED_UNIQUE,True,
OBS02784,4de4e28fcd86,4448fb514f7d,DEL,MAA,6E,6E-843,2026-09-13,06:30,2026-09-06 20:15,7,T7(5-9),Economy Standard,6943,1250,150,8343,Cleartrip,Available,True,VALID,,,SINGLETON::OBS02784,False,,RETAINED_UNIQUE,True,
OBS02785,ba766a795758,ee44d40bf2b6,DEL,MAA,6E,6E-843,2026-09-13,06:30,2026-09-06 20:15,7,T7(5-9),Economy Saver,5899,1062,180,7141,Cleartrip,Available,True,VALID,,,SINGLETON::OBS02785,False,,RETAINED_UNIQUE,True,
OBS02786,613ed0f1c419,9000dae36bb3,DEL,MAA,6E,6E-843,2026-09-21,06:30,2026-09-06 20:15,15,T15(12-18),Economy Saver,4548,819,120,5487,Cleartrip,Available,True,VALID,,,SINGLETON::OBS02786,False,,RETAINED_UNIQUE,True,
OBS02787,19aef5eb5d5f,21dfb4be435a,DEL,MAA,6E,6E-843,2026-10-06,06:30,2026-09-06 20:15,30,T30(25-35),Economy Saver,4304,775,120,5199,Goibibo,Available,True,VALID,,,SINGLETON::OBS02787,False,,RETAINED_UNIQUE,True,
OBS02788,ebc826d99db1,0c93f429168e,DEL,MAA,6E,6E-843,2026-10-22,06:30,2026-09-06 20:15,46,T45(40-50),Economy Saver,4392,791,180,5363,MMT,Available,True,VALID,,,SINGLETON::OBS02788,False,,RETAINED_UNIQUE,True,
OBS02789,bb90880d8a47,0c93f429168e,DEL,MAA,6E,6E-843,2026-10-22,06:30,2026-09-06 20:15,46,T45(40-50),Economy Saver,4384,789,180,5353,AirlineSite,Available,True,VALID,,,SINGLETON::OBS02789,False,,RETAINED_UNIQUE,True,
OBS02790,0213e33a5951,e0a68d45346c,DEL,MAA,AI,AI-542,2026-09-07,07:00,2026-09-06 20:15,1,T1(0-2),Economy Standard,8109,1460,200,9769,EaseMyTrip,Available,True,VALID,,,SINGLETON::OBS02790,False,,RETAINED_UNIQUE,True,
OBS02791,5cc4fad62131,6a5d368858ba,DEL,MAA,AI,AI-542,2026-09-13,07:00,2026-09-06 20:15,7,T7(5-9),Economy Flexi,8719,1569,120,10408,Cleartrip,Available,True,VALID,,,SINGLETON::OBS02791,False,,RETAINED_UNIQUE,True,
OBS02792,99a6f23760ed,6a5d368858ba,DEL,MAA,AI,AI-542,2026-09-13,07:00,2026-09-06 20:15,7,T7(5-9),Economy Flexi,8675,1562,150,10387,Goibibo,Available,True,VALID,,,SINGLETON::OBS02792,False,,RETAINED_UNIQUE,True,
OBS02793,8ebd4d2b03b4,4448fb514f7d,DEL,MAA,AI,AI-542,2026-09-13,07:00,2026-09-06 20:15,7,T7(5-9),Economy Standard,7099,1278,120,8497,MMT,Available,True,VALID,,,SINGLETON::OBS02793,False,,RETAINED_UNIQUE,True,
OBS02794,894a181c2344,9000dae36bb3,DEL,MAA,AI,AI-542,2026-09-21,07:00,2026-09-06 20:15,15,T15(12-18),Economy Saver,4586,825,200,5611,EaseMyTrip,Available,True,VALID,,,SINGLETON::OBS02794,False,,RETAINED_UNIQUE,True,
OBS02795,622459125d9c,9000dae36bb3,DEL,MAA,AI,AI-542,2026-09-21,07:00,2026-09-06 20:15,15,T15(12-18),Economy Saver,4644,836,150,5630,Cleartrip,Available,True,VALID,,,SINGLETON::OBS02795,False,,RETAINED_UNIQUE,True,
OBS02796,f377fd3d5458,092ba413c235,DEL,MAA,AI,AI-542,2026-10-06,07:00,2026-09-06 20:15,30,T30(25-35),Economy Standard,5433,978,180,6591,EaseMyTrip,Available,True,VALID,,,SINGLETON::OBS02796,False,,RETAINED_UNIQUE,True,
OBS02797,2aebe5549191,092ba413c235,DEL,MAA,AI,AI-542,2026-10-06,07:00,2026-09-06 20:15,30,T30(25-35),Economy Standard,5452,981,180,6613,AirlineSite,Available,True,VALID,,,SINGLETON::OBS02797,False,,RETAINED_UNIQUE,True,
OBS02798,27171b653773,0c93f429168e,DEL,MAA,AI,AI-542,2026-10-22,07:00,2026-09-06 20:15,46,T45(40-50),Economy Saver,4220,760,100,5080,EaseMyTrip,Available,True,VALID,,,SINGLETON::OBS02798,False,,RETAINED_UNIQUE,True,
OBS02799,72d13055f582,e0a68d45346c,DEL,MAA,IX,IX-621,2026-09-07,05:30,2026-09-06 20:15,1,T1(0-2),Economy Standard,7699,1386,150,9235,Cleartrip,Available,True,VALID,,,SINGLETON::OBS02799,False,,RETAINED_UNIQUE,True,
OBS02800,2a10399952b9,493c266cc949,DEL,MAA,IX,IX-621,2026-09-07,05:30,2026-09-06 20:15,1,T1(0-2),Economy Saver,6214,1119,120,7453,AirlineSite,Available,True,VALID,,,SINGLETON::OBS02800,False,,RETAINED_UNIQUE,True,
OBS02801,30e5501359d6,493c266cc949,DEL,MAA,IX,IX-621,2026-09-07,05:30,2026-09-06 20:15,1,T1(0-2),Economy Saver,6558,1180,120,7858,Goibibo,Available,True,VALID,,,SINGLETON::OBS02801,False,,RETAINED_UNIQUE,True,
OBS02802,3c0e51756e62,4448fb514f7d,DEL,MAA,IX,IX-621,2026-09-13,05:30,2026-09-06 20:15,7,T7(5-9),Economy Standard,6972,1255,200,8427,MMT,Available,True,VALID,,,SINGLETON::OBS02802,False,,RETAINED_UNIQUE,True,
OBS02803,e1b44143a9e1,4448fb514f7d,DEL,MAA,IX,IX-621,2026-09-13,05:30,2026-09-06 20:15,7,T7(5-9),Economy Standard,7570,1363,200,9133,Goibibo,Available,True,VALID,,,SINGLETON::OBS02803,False,,RETAINED_UNIQUE,True,
OBS02804,04b92d759f54,6a5d368858ba,DEL,MAA,IX,IX-621,2026-09-13,05:30,2026-09-06 20:15,7,T7(5-9),Economy Flexi,9018,1623,150,10791,AirlineSite,Available,True,VALID,,,SINGLETON::OBS02804,False,,RETAINED_UNIQUE,True,
OBS02805,5fb65575ace9,6a5d368858ba,DEL,MAA,IX,IX-621,2026-09-13,05:30,2026-09-06 20:15,7,T7(5-9),Economy Flexi,8909,1604,100,10613,EaseMyTrip,Available,True,VALID,,,SINGLETON::OBS02805,False,,RETAINED_UNIQUE,True,
OBS02806,23de0d57564e,aef7f53b8631,DEL,MAA,IX,IX-621,2026-09-21,05:30,2026-09-06 20:15,15,T15(12-18),Economy Flexi,7313,1316,200,8829,MMT,Available,True,VALID,,,SINGLETON::OBS02806,False,,RETAINED_UNIQUE,True,
OBS02807,43ae3a9e182c,aef7f53b8631,DEL,MAA,IX,IX-621,2026-09-21,05:30,2026-09-06 20:15,15,T15(12-18),Economy Flexi,7702,1386,120,9208,EaseMyTrip,Available,True,VALID,,,SINGLETON::OBS02807,False,,RETAINED_UNIQUE,True,
OBS02808,e8a72eb82044,21dfb4be435a,DEL,MAA,IX,IX-621,2026-10-06,05:30,2026-09-06 20:15,30,T30(25-35),Economy Saver,4069,732,180,4981,AirlineSite,Available,True,VALID,,,SINGLETON::OBS02808,False,,RETAINED_UNIQUE,True,
OBS02809,e1c28014520c,21dfb4be435a,DEL,MAA,IX,IX-621,2026-10-06,05:30,2026-09-06 20:15,30,T30(25-35),Economy Saver,4273,769,180,5222,Cleartrip,Available,True,VALID,,,SINGLETON::OBS02809,False,,RETAINED_UNIQUE,True,
OBS02810,a3cc8a72361f,61c8f40b5dd6,DEL,MAA,IX,IX-621,2026-10-22,05:30,2026-09-06 20:15,46,T45(40-50),Economy Standard,5283,951,150,6384,Cleartrip,Available,True,VALID,,,SINGLETON::OBS02810,False,,RETAINED_UNIQUE,True,
OBS02811,df2fbe7ee0be,8a62b318ee2c,DEL,MAA,IX,IX-621,2026-10-22,05:30,2026-09-06 20:15,46,T45(40-50),Economy Flexi,6916,1245,180,8341,MMT,Available,True,VALID,,,SINGLETON::OBS02811,False,,RETAINED_UNIQUE,True,
OBS02812,8bc8f4b0805f,8a62b318ee2c,DEL,MAA,IX,IX-621,2026-10-22,05:30,2026-09-06 20:15,46,T45(40-50),Economy Flexi,6396,1151,150,7697,Goibibo,Available,True,VALID,,,SINGLETON::OBS02812,False,,RETAINED_UNIQUE,True,
OBS02813,bbcc180896a6,b1510a4167ab,BOM,HYD,6E,6E-631,2026-09-07,06:00,2026-09-06 20:15,1,T1(0-2),Economy Saver,6227,1121,100,7448,AirlineSite,Available,True,VALID,,,SINGLETON::OBS02813,False,,RETAINED_UNIQUE,True,
OBS02814,c215231e581e,b1510a4167ab,BOM,HYD,6E,6E-631,2026-09-07,06:00,2026-09-06 20:15,1,T1(0-2),Economy Saver,6272,1129,100,7501,Cleartrip,Available,True,VALID,,,SINGLETON::OBS02814,False,,RETAINED_UNIQUE,True,
OBS02815,67f3b424a3cd,c18a720e241c,BOM,HYD,6E,6E-631,2026-09-07,06:00,2026-09-06 20:15,1,T1(0-2),Economy Flexi,9403,1693,150,11246,EaseMyTrip,Available,True,VALID,,,SINGLETON::OBS02815,False,,RETAINED_UNIQUE,True,
OBS02816,5da8fd424933,07ded1f87ed1,BOM,HYD,6E,6E-631,2026-09-13,06:00,2026-09-06 20:15,7,T7(5-9),Economy Saver,5349,963,150,6462,EaseMyTrip,Available,True,VALID,,,SINGLETON::OBS02816,False,,RETAINED_UNIQUE,True,
OBS02817,bf658bd6538e,bf0aff4e778d,BOM,HYD,6E,6E-631,2026-09-21,06:00,2026-09-06 20:15,15,T15(12-18),Economy Standard,5947,1070,200,7217,AirlineSite,Available,True,VALID,,,SINGLETON::OBS02817,False,,RETAINED_UNIQUE,True,
OBS02818,9bd65e8d1fa9,bf0aff4e778d,BOM,HYD,6E,6E-631,2026-09-21,06:00,2026-09-06 20:15,15,T15(12-18),Economy Standard,6135,1104,200,7439,MMT,Available,True,VALID,,,SINGLETON::OBS02818,False,,RETAINED_UNIQUE,True,
OBS02819,d0a4b33db039,d9f3b2bd0ed3,BOM,HYD,6E,6E-631,2026-09-21,06:00,2026-09-06 20:15,15,T15(12-18),Economy Saver,4582,825,120,5527,Cleartrip,Available,True,VALID,,,SINGLETON::OBS02819,False,,RETAINED_UNIQUE,True,
OBS02820,c8d54365d01e,f2c7461dedfd,BOM,HYD,6E,6E-631,2026-10-06,06:00,2026-09-06 20:15,30,T30(25-35),Economy Flexi,6873,1237,180,8290,MMT,Available,True,VALID,,,SINGLETON::OBS02820,False,,RETAINED_UNIQUE,True,
OBS02821,8e1b919a0549,f2c7461dedfd,BOM,HYD,6E,6E-631,2026-10-06,06:00,2026-09-06 20:15,30,T30(25-35),Economy Flexi,6356,1144,100,7600,EaseMyTrip,Available,True,VALID,,,SINGLETON::OBS02821,False,,RETAINED_UNIQUE,True,
OBS02822,922578f184a1,465ccb21c1f9,BOM,HYD,6E,6E-631,2026-10-06,06:00,2026-09-06 20:15,30,T30(25-35),Economy Saver,4425,796,100,5321,Cleartrip,Available,True,VALID,,,SINGLETON::OBS02822,False,,RETAINED_UNIQUE,True,
OBS02823,b8ccce8fb0cf,490ab33a4f17,BOM,HYD,6E,6E-631,2026-10-22,06:00,2026-09-06 20:15,46,T45(40-50),Economy Flexi,6664,1200,200,8064,AirlineSite,Available,True,VALID,,,SINGLETON::OBS02823,False,,RETAINED_UNIQUE,True,
OBS02824,d83b5690d808,0c85a3933472,BOM,HYD,6E,6E-631,2026-10-22,06:00,2026-09-06 20:15,46,T45(40-50),Economy Saver,4418,795,180,5393,EaseMyTrip,Available,True,VALID,,,SINGLETON::OBS02824,False,,RETAINED_UNIQUE,True,
OBS02825,20477b4f5282,e1a56258a3a8,BOM,HYD,AI,AI-619,2026-09-07,14:45,2026-09-06 20:15,1,T1(0-2),Economy Standard,7843,1412,120,9375,Cleartrip,Available,True,VALID,,,SINGLETON::OBS02825,False,,RETAINED_UNIQUE,True,
OBS02826,e1e2f8ac89c5,b1510a4167ab,BOM,HYD,AI,AI-619,2026-09-07,14:45,2026-09-06 20:15,1,T1(0-2),Economy Saver,6064,1091,180,7335,Goibibo,Available,True,VALID,,,SINGLETON::OBS02826,False,,RETAINED_UNIQUE,True,
OBS02827,5ec9c87fde48,e1c387d72b7c,BOM,HYD,AI,AI-619,2026-09-13,14:45,2026-09-06 20:15,7,T7(5-9),Economy Standard,7449,1341,200,8990,Goibibo,Available,True,VALID,,,SINGLETON::OBS02827,False,,RETAINED_UNIQUE,True,
OBS02828,8bb9cf6e8cf5,6be000ebcf7f,BOM,HYD,AI,AI-619,2026-09-21,14:45,2026-09-06 20:15,15,T15(12-18),Economy Flexi,7805,1405,200,9410,Cleartrip,Available,True,VALID,,,SINGLETON::OBS02828,False,,RETAINED_UNIQUE,True,
OBS02829,d74677930537,f2c7461dedfd,BOM,HYD,AI,AI-619,2026-10-06,14:45,2026-09-06 20:15,30,T30(25-35),Economy Flexi,6632,1194,120,7946,Cleartrip,Available,True,VALID,,,SINGLETON::OBS02829,False,,RETAINED_UNIQUE,True,
OBS02830,2b4322f2c7d6,f2c7461dedfd,BOM,HYD,AI,AI-619,2026-10-06,14:45,2026-09-06 20:15,30,T30(25-35),Economy Flexi,6529,1175,180,7884,MMT,Available,True,VALID,,,SINGLETON::OBS02830,False,,RETAINED_UNIQUE,True,
OBS02831,7bf643686374,465ccb21c1f9,BOM,HYD,AI,AI-619,2026-10-06,14:45,2026-09-06 20:15,30,T30(25-35),Economy Saver,4067,732,100,4899,Goibibo,Available,True,VALID,,,SINGLETON::OBS02831,False,,RETAINED_UNIQUE,True,
OBS02832,215932710acc,465ccb21c1f9,BOM,HYD,AI,AI-619,2026-10-06,14:45,2026-09-06 20:15,30,T30(25-35),Economy Saver,4238,763,150,5151,EaseMyTrip,Available,True,VALID,,,SINGLETON::OBS02832,False,,RETAINED_UNIQUE,True,
OBS02833,3f566ff4cdd3,490ab33a4f17,BOM,HYD,AI,AI-619,2026-10-22,14:45,2026-09-06 20:15,46,T45(40-50),Economy Flexi,6845,1232,100,8177,Goibibo,Available,True,VALID,,,SINGLETON::OBS02833,False,,RETAINED_UNIQUE,True,
OBS02834,5e0b3174ea07,490ab33a4f17,BOM,HYD,AI,AI-619,2026-10-22,14:45,2026-09-06 20:15,46,T45(40-50),Economy Flexi,6684,1203,100,7987,Cleartrip,Available,True,VALID,,,SINGLETON::OBS02834,False,,RETAINED_UNIQUE,True,
OBS02835,191a450d8e20,8b9340ffa3a8,BOM,HYD,AI,AI-619,2026-10-22,14:45,2026-09-06 20:15,46,T45(40-50),Economy Standard,5350,963,200,6513,AirlineSite,Available,True,VALID,,,SINGLETON::OBS02835,False,,RETAINED_UNIQUE,True,
OBS02836,cdd823c8789e,c18a720e241c,BOM,HYD,QP,QP-1402,2026-09-07,10:45,2026-09-06 20:15,1,T1(0-2),Economy Flexi,9392,1690,150,11232,AirlineSite,Available,True,VALID,,,SINGLETON::OBS02836,False,,RETAINED_UNIQUE,True,
OBS02837,3be0106147e1,c18a720e241c,BOM,HYD,QP,QP-1402,2026-09-07,10:45,2026-09-06 20:15,1,T1(0-2),Economy Flexi,9720,1750,150,11620,EaseMyTrip,Available,True,VALID,,,SINGLETON::OBS02837,False,,RETAINED_UNIQUE,True,
OBS02838,51b938f47e6e,0b6acd0827ae,BOM,HYD,QP,QP-1402,2026-09-13,10:45,2026-09-06 20:15,7,T7(5-9),Economy Flexi,8840,1591,100,10531,EaseMyTrip,Available,True,VALID,,,SINGLETON::OBS02838,False,,RETAINED_UNIQUE,True,
OBS02839,0be84a9439ac,0b6acd0827ae,BOM,HYD,QP,QP-1402,2026-09-13,10:45,2026-09-06 20:15,7,T7(5-9),Economy Flexi,9192,1654,100,10946,MMT,Available,True,VALID,,,SINGLETON::OBS02839,False,,RETAINED_UNIQUE,True,
OBS02840,41f33819f20c,d9f3b2bd0ed3,BOM,HYD,QP,QP-1402,2026-09-21,10:45,2026-09-06 20:15,15,T15(12-18),Economy Saver,4770,859,200,5829,AirlineSite,Available,True,VALID,,,SINGLETON::OBS02840,False,,RETAINED_UNIQUE,True,
OBS02841,0b5be05769fb,d9f3b2bd0ed3,BOM,HYD,QP,QP-1402,2026-09-21,10:45,2026-09-06 20:15,15,T15(12-18),Economy Saver,4839,871,100,5810,MMT,Available,True,VALID,,,SINGLETON::OBS02841,False,,RETAINED_UNIQUE,True,
OBS02842,00fee0e64d0e,6be000ebcf7f,BOM,HYD,QP,QP-1402,2026-09-21,10:45,2026-09-06 20:15,15,T15(12-18),Economy Flexi,7281,1311,100,8692,Goibibo,Available,True,VALID,,,SINGLETON::OBS02842,False,,RETAINED_UNIQUE,True,
OBS02843,5a0adb51d737,465ccb21c1f9,BOM,HYD,QP,QP-1402,2026-10-06,10:45,2026-09-06 20:15,30,T30(25-35),Economy Saver,4379,788,150,5317,MMT,Available,True,VALID,,,SINGLETON::OBS02843,False,,RETAINED_UNIQUE,True,
OBS02844,060a8668478c,465ccb21c1f9,BOM,HYD,QP,QP-1402,2026-10-06,10:45,2026-09-06 20:15,30,T30(25-35),Economy Saver,4417,795,180,5392,Goibibo,Available,True,VALID,,,SINGLETON::OBS02844,False,,RETAINED_UNIQUE,True,
OBS02845,284dca7c047a,f2c7461dedfd,BOM,HYD,QP,QP-1402,2026-10-06,10:45,2026-09-06 20:15,30,T30(25-35),Economy Flexi,6430,1157,120,7707,MMT,Available,True,VALID,,,SINGLETON::OBS02845,False,,RETAINED_UNIQUE,True,
OBS02846,00f773425dcf,8b9340ffa3a8,BOM,HYD,QP,QP-1402,2026-10-22,10:45,2026-09-06 20:15,46,T45(40-50),Economy Standard,5405,973,100,6478,Cleartrip,Available,True,VALID,,,SINGLETON::OBS02846,False,,RETAINED_UNIQUE,True,
OBS02847,17d5c6fc5524,490ab33a4f17,BOM,HYD,QP,QP-1402,2026-10-22,10:45,2026-09-06 20:15,46,T45(40-50),Economy Flexi,6520,1174,120,7814,Goibibo,Available,True,VALID,,,SINGLETON::OBS02847,False,,RETAINED_UNIQUE,True,
OBS02848,8240e616657d,490ab33a4f17,BOM,HYD,QP,QP-1402,2026-10-22,10:45,2026-09-06 20:15,46,T45(40-50),Economy Flexi,6875,1238,180,8293,EaseMyTrip,Available,True,VALID,,,SINGLETON::OBS02848,False,,RETAINED_UNIQUE,True,
OBS02849,afce870cd370,d296d727b17b,BLR,CCU,6E,6E-904,2026-09-07,09:45,2026-09-06 20:15,1,T1(0-2),Economy Flexi,9471,1705,120,11296,AirlineSite,Available,True,VALID,,,SINGLETON::OBS02849,False,,RETAINED_UNIQUE,True,
OBS02850,3edeea673934,d296d727b17b,BLR,CCU,6E,6E-904,2026-09-07,09:45,2026-09-06 20:15,1,T1(0-2),Economy Flexi,9414,1695,100,11209,Goibibo,Available,True,VALID,,,SINGLETON::OBS02850,False,,RETAINED_UNIQUE,True,
OBS02851,662a795b4847,73f95709b96e,BLR,CCU,6E,6E-904,2026-09-07,09:45,2026-09-06 20:15,1,T1(0-2),Economy Saver,6506,1171,180,7857,MMT,Available,True,VALID,,,SINGLETON::OBS02851,False,,RETAINED_UNIQUE,True,
OBS02852,0b349620c003,6aed3595730a,BLR,CCU,6E,6E-904,2026-09-13,09:45,2026-09-06 20:15,7,T7(5-9),Economy Saver,5874,1057,180,7111,MMT,Available,True,VALID,,,SINGLETON::OBS02852,False,,RETAINED_UNIQUE,True,
OBS02853,8e4bc396435d,6aed3595730a,BLR,CCU,6E,6E-904,2026-09-13,09:45,2026-09-06 20:15,7,T7(5-9),Economy Saver,5501,990,150,6641,Cleartrip,Available,True,VALID,,,SINGLETON::OBS02853,False,,RETAINED_UNIQUE,True,
OBS02854,f1e49cb1054b,6370ba37e27c,BLR,CCU,6E,6E-904,2026-09-21,09:45,2026-09-06 20:15,15,T15(12-18),Economy Flexi,7421,1336,120,8877,AirlineSite,Available,True,VALID,,,SINGLETON::OBS02854,False,,RETAINED_UNIQUE,True,
OBS02855,0b97095a6149,3c9581757b9f,BLR,CCU,6E,6E-904,2026-09-21,09:45,2026-09-06 20:15,15,T15(12-18),Economy Standard,6346,1142,120,7608,EaseMyTrip,Available,True,VALID,,,SINGLETON::OBS02855,False,,RETAINED_UNIQUE,True,
OBS02856,b996b1827efd,1ad9c5173c97,BLR,CCU,6E,6E-904,2026-10-06,09:45,2026-09-06 20:15,30,T30(25-35),Economy Flexi,6652,1197,100,7949,Goibibo,Available,True,VALID,,,SINGLETON::OBS02856,False,,RETAINED_UNIQUE,True,
OBS02857,9e7a65d9f938,4c4fe89aa3fe,BLR,CCU,6E,6E-904,2026-10-22,09:45,2026-09-06 20:15,46,T45(40-50),Economy Saver,4352,783,100,5235,MMT,Available,True,VALID,,,SINGLETON::OBS02857,False,,RETAINED_UNIQUE,True,
OBS02858,cd6ae8b65c7a,4c4fe89aa3fe,BLR,CCU,6E,6E-904,2026-10-22,09:45,2026-09-06 20:15,46,T45(40-50),Economy Saver,4134,744,200,5078,AirlineSite,Available,True,VALID,,,SINGLETON::OBS02858,False,,RETAINED_UNIQUE,True,
OBS02859,c75a8f2cfc5f,768f16c2a345,BLR,CCU,AI,AI-772,2026-09-07,06:30,2026-09-06 20:15,1,T1(0-2),Economy Standard,8174,1471,200,9845,EaseMyTrip,Available,True,VALID,,,SINGLETON::OBS02859,False,,RETAINED_UNIQUE,True,
OBS02860,8f7894e46eb5,768f16c2a345,BLR,CCU,AI,AI-772,2026-09-07,06:30,2026-09-06 20:15,1,T1(0-2),Economy Standard,8257,1486,120,9863,AirlineSite,Available,True,VALID,,,SINGLETON::OBS02860,False,,RETAINED_UNIQUE,True,
OBS02861,12c1790dd262,73f95709b96e,BLR,CCU,AI,AI-772,2026-09-07,06:30,2026-09-06 20:15,1,T1(0-2),Economy Saver,5974,1075,100,7149,Cleartrip,Available,True,VALID,,,SINGLETON::OBS02861,False,,RETAINED_UNIQUE,True,
OBS02862,dc10fdda37a1,174be3a33a70,BLR,CCU,AI,AI-772,2026-09-13,06:30,2026-09-06 20:15,7,T7(5-9),Economy Standard,7199,1296,100,8595,MMT,Available,True,VALID,,,SINGLETON::OBS02862,False,,RETAINED_UNIQUE,True,
OBS02863,846af3ee94e2,174be3a33a70,BLR,CCU,AI,AI-772,2026-09-13,06:30,2026-09-06 20:15,7,T7(5-9),Economy Standard,7149,1287,120,8556,Cleartrip,Available,True,VALID,,,SINGLETON::OBS02863,False,,RETAINED_UNIQUE,True,
OBS02864,efdb750b9a37,6370ba37e27c,BLR,CCU,AI,AI-772,2026-09-21,06:30,2026-09-06 20:15,15,T15(12-18),Economy Flexi,7594,1367,150,9111,MMT,Available,True,VALID,,,SINGLETON::OBS02864,False,,RETAINED_UNIQUE,True,
OBS02865,62d9d71bb704,6f8836be744c,BLR,CCU,AI,AI-772,2026-09-21,06:30,2026-09-06 20:15,15,T15(12-18),Economy Saver,4569,822,120,5511,AirlineSite,Available,True,VALID,,,SINGLETON::OBS02865,False,,RETAINED_UNIQUE,True,
OBS02866,d75bf457e99f,6f8836be744c,BLR,CCU,AI,AI-772,2026-09-21,06:30,2026-09-06 20:15,15,T15(12-18),Economy Saver,4820,868,150,5838,Goibibo,Available,True,VALID,,,SINGLETON::OBS02866,False,,RETAINED_UNIQUE,True,
OBS02867,63ab090b0676,aea6577cb1e2,BLR,CCU,AI,AI-772,2026-10-06,06:30,2026-09-06 20:15,30,T30(25-35),Economy Saver,4320,778,180,5278,AirlineSite,Available,True,VALID,,,SINGLETON::OBS02867,False,,RETAINED_UNIQUE,True,
OBS02868,4e3329ea45ff,aea6577cb1e2,BLR,CCU,AI,AI-772,2026-10-06,06:30,2026-09-06 20:15,30,T30(25-35),Economy Saver,4250,765,100,5115,EaseMyTrip,Available,True,VALID,,,SINGLETON::OBS02868,False,,RETAINED_UNIQUE,True,
OBS02869,a552affe2c5f,ea3da1f07170,BLR,CCU,AI,AI-772,2026-10-22,06:30,2026-09-06 20:15,46,T45(40-50),Economy Flexi,6431,1158,100,7689,Cleartrip,Available,True,VALID,,,SINGLETON::OBS02869,False,,RETAINED_UNIQUE,True,
OBS02870,59c2d6d4ebd9,ea3da1f07170,BLR,CCU,AI,AI-772,2026-10-22,06:30,2026-09-06 20:15,46,T45(40-50),Economy Flexi,6788,1222,100,8110,AirlineSite,Available,True,VALID,,,SINGLETON::OBS02870,False,,RETAINED_UNIQUE,True,
OBS02871,09f5a5c957c9,73f95709b96e,BLR,CCU,SG,SG-321,2026-09-07,06:15,2026-09-06 20:15,1,T1(0-2),Economy Saver,6478,1166,100,7744,EaseMyTrip,Available,True,VALID,,,SINGLETON::OBS02871,False,,RETAINED_UNIQUE,True,
OBS02872,941c79374d28,73f95709b96e,BLR,CCU,SG,SG-321,2026-09-07,06:15,2026-09-06 20:15,1,T1(0-2),Economy Saver,6296,1133,100,7529,AirlineSite,Available,True,VALID,,,SINGLETON::OBS02872,False,,RETAINED_UNIQUE,True,
OBS02873,359cfa69d5d0,d296d727b17b,BLR,CCU,SG,SG-321,2026-09-07,06:15,2026-09-06 20:15,1,T1(0-2),Economy Flexi,10258,1846,180,12284,Goibibo,Available,True,VALID,,,SINGLETON::OBS02873,False,,RETAINED_UNIQUE,True,
OBS02874,8d61fa0c7276,ffcd847971ab,BLR,CCU,SG,SG-321,2026-09-13,06:15,2026-09-06 20:15,7,T7(5-9),Economy Flexi,8931,1608,150,10689,MMT,Available,True,VALID,,,SINGLETON::OBS02874,False,,RETAINED_UNIQUE,True,
OBS02875,84d8f72d1f0d,ffcd847971ab,BLR,CCU,SG,SG-321,2026-09-13,06:15,2026-09-06 20:15,7,T7(5-9),Economy Flexi,9252,1665,180,11097,Goibibo,Available,True,VALID,,,SINGLETON::OBS02875,False,,RETAINED_UNIQUE,True,
OBS02876,c9623bb13554,174be3a33a70,BLR,CCU,SG,SG-321,2026-09-13,06:15,2026-09-06 20:15,7,T7(5-9),Economy Standard,7253,1305,150,8708,MMT,Available,True,VALID,,,SINGLETON::OBS02876,False,,RETAINED_UNIQUE,True,
OBS02877,5807d86b41fd,174be3a33a70,BLR,CCU,SG,SG-321,2026-09-13,06:15,2026-09-06 20:15,7,T7(5-9),Economy Standard,7029,1265,150,8444,Goibibo,Available,True,VALID,,,SINGLETON::OBS02877,False,,RETAINED_UNIQUE,True,
OBS02878,ba9a8fdc0567,3c9581757b9f,BLR,CCU,SG,SG-321,2026-09-21,06:15,2026-09-06 20:15,15,T15(12-18),Economy Standard,6282,1131,180,7593,MMT,Available,True,VALID,,,SINGLETON::OBS02878,False,,RETAINED_UNIQUE,True,
OBS02879,51010b762fa7,3c9581757b9f,BLR,CCU,SG,SG-321,2026-09-21,06:15,2026-09-06 20:15,15,T15(12-18),Economy Standard,6321,1138,120,7579,Cleartrip,Available,True,VALID,,,SINGLETON::OBS02879,False,,RETAINED_UNIQUE,True,
OBS02880,d8423cab4762,bcf747de6de3,BLR,CCU,SG,SG-321,2026-10-06,06:15,2026-09-06 20:15,30,T30(25-35),Economy Standard,5717,1029,120,6866,EaseMyTrip,Available,True,VALID,,,SINGLETON::OBS02880,False,,RETAINED_UNIQUE,True,
OBS02881,90a1d3361d5b,bcf747de6de3,BLR,CCU,SG,SG-321,2026-10-06,06:15,2026-09-06 20:15,30,T30(25-35),Economy Standard,5638,1015,150,6803,MMT,Available,True,VALID,,,SINGLETON::OBS02881,False,,RETAINED_UNIQUE,True,
OBS02882,893bb5a50711,304f2e0c97fd,BLR,CCU,SG,SG-321,2026-10-22,06:15,2026-09-06 20:15,46,T45(40-50),Economy Standard,5580,1004,180,6764,Goibibo,Available,True,VALID,,,SINGLETON::OBS02882,False,,RETAINED_UNIQUE,True,
OBS02883,e8a6b7fd0098,304f2e0c97fd,BLR,CCU,SG,SG-321,2026-10-22,06:15,2026-09-06 20:15,46,T45(40-50),Economy Standard,5698,1026,180,6904,EaseMyTrip,Available,True,VALID,,,SINGLETON::OBS02883,False,,RETAINED_UNIQUE,True,
OBS02884,6cc2db15647e,7680375affbf,DEL,SXR,6E,6E-212,2026-09-07,10:30,2026-09-06 20:15,1,T1(0-2),Economy Standard,7842,1412,120,9374,MMT,Available,True,VALID,,,SINGLETON::OBS02884,False,,RETAINED_UNIQUE,True,
OBS02885,f89bd43f5eba,7680375affbf,DEL,SXR,6E,6E-212,2026-09-07,10:30,2026-09-06 20:15,1,T1(0-2),Economy Standard,8099,1458,200,9757,EaseMyTrip,Available,True,VALID,,,SINGLETON::OBS02885,False,,RETAINED_UNIQUE,True,
OBS02886,0ac302a1497e,aa2769a0fb97,DEL,SXR,6E,6E-212,2026-09-07,10:30,2026-09-06 20:15,1,T1(0-2),Economy Flexi,9710,1748,150,11608,Goibibo,Available,True,VALID,,,SINGLETON::OBS02886,False,,RETAINED_UNIQUE,True,
OBS02887,3ed14d9d15ef,aa2769a0fb97,DEL,SXR,6E,6E-212,2026-09-07,10:30,2026-09-06 20:15,1,T1(0-2),Economy Flexi,9553,1720,120,11393,EaseMyTrip,Available,True,VALID,,,SINGLETON::OBS02887,False,,RETAINED_UNIQUE,True,
OBS02888,f093a612b2a2,d0b11d92c188,DEL,SXR,6E,6E-212,2026-09-13,10:30,2026-09-06 20:15,7,T7(5-9),Economy Saver,5371,967,120,6458,EaseMyTrip,Available,True,VALID,,,SINGLETON::OBS02888,False,,RETAINED_UNIQUE,True,
OBS02889,f372982121bc,d0b11d92c188,DEL,SXR,6E,6E-212,2026-09-13,10:30,2026-09-06 20:15,7,T7(5-9),Economy Saver,5530,995,120,6645,Goibibo,Available,True,VALID,,,SINGLETON::OBS02889,False,,RETAINED_UNIQUE,True,
OBS02890,43a537503785,f8e14d93e494,DEL,SXR,6E,6E-212,2026-09-13,10:30,2026-09-06 20:15,7,T7(5-9),Economy Standard,6998,1260,180,8438,EaseMyTrip,Available,True,VALID,,,SINGLETON::OBS02890,False,,RETAINED_UNIQUE,True,
OBS02891,b582bbc8f730,f8e14d93e494,DEL,SXR,6E,6E-212,2026-09-13,10:30,2026-09-06 20:15,7,T7(5-9),Economy Standard,6886,1239,120,8245,Goibibo,Available,True,VALID,,,SINGLETON::OBS02891,False,,RETAINED_UNIQUE,True,
OBS02892,42ce72d8d2fd,8db1ebcc6404,DEL,SXR,6E,6E-212,2026-09-21,10:30,2026-09-06 20:15,15,T15(12-18),Economy Flexi,7604,1369,200,9173,EaseMyTrip,Available,True,VALID,,,SINGLETON::OBS02892,False,,RETAINED_UNIQUE,True,
OBS02893,012c03c11413,8db1ebcc6404,DEL,SXR,6E,6E-212,2026-09-21,10:30,2026-09-06 20:15,15,T15(12-18),Economy Flexi,7709,1388,120,9217,MMT,Available,True,VALID,,,SINGLETON::OBS02893,False,,RETAINED_UNIQUE,True,
OBS02894,84f1115b716a,2cf3e4c90216,DEL,SXR,6E,6E-212,2026-09-21,10:30,2026-09-06 20:15,15,T15(12-18),Economy Saver,4686,843,120,5649,Goibibo,Available,True,VALID,,,SINGLETON::OBS02894,False,,RETAINED_UNIQUE,True,
OBS02895,bfbac9795299,c942bbb01d32,DEL,SXR,6E,6E-212,2026-10-06,10:30,2026-09-06 20:15,30,T30(25-35),Economy Standard,5549,999,100,6648,EaseMyTrip,Available,True,VALID,,,SINGLETON::OBS02895,False,,RETAINED_UNIQUE,True,
OBS02896,15e1f78350f1,c942bbb01d32,DEL,SXR,6E,6E-212,2026-10-06,10:30,2026-09-06 20:15,30,T30(25-35),Economy Standard,5230,941,100,6271,AirlineSite,Available,True,VALID,,,SINGLETON::OBS02896,False,,RETAINED_UNIQUE,True,
OBS02897,7acf706cc567,8de3361a558e,DEL,SXR,6E,6E-212,2026-10-22,10:30,2026-09-06 20:15,46,T45(40-50),Economy Standard,5687,1024,150,6861,Cleartrip,Available,True,VALID,,,SINGLETON::OBS02897,False,,RETAINED_UNIQUE,True,
OBS02898,dbe927acae25,aa2769a0fb97,DEL,SXR,AI,AI-825,2026-09-07,13:15,2026-09-06 20:15,1,T1(0-2),Economy Flexi,9645,1736,100,11481,MMT,Available,True,VALID,,,SINGLETON::OBS02898,False,,RETAINED_UNIQUE,True,
OBS02899,1d908fc64506,ce493fa860ab,DEL,SXR,AI,AI-825,2026-09-13,13:15,2026-09-06 20:15,7,T7(5-9),Economy Flexi,9011,1622,150,10783,Goibibo,Available,True,VALID,,,SINGLETON::OBS02899,False,,RETAINED_UNIQUE,True,
OBS02900,68ed9e292db7,ce493fa860ab,DEL,SXR,AI,AI-825,2026-09-13,13:15,2026-09-06 20:15,7,T7(5-9),Economy Flexi,8660,1559,200,10419,Cleartrip,Available,True,VALID,,,SINGLETON::OBS02900,False,,RETAINED_UNIQUE,True,
OBS02901,e6af65903379,f8e14d93e494,DEL,SXR,AI,AI-825,2026-09-13,13:15,2026-09-06 20:15,7,T7(5-9),Economy Standard,6986,1257,100,8343,MMT,Available,True,VALID,,,SINGLETON::OBS02901,False,,RETAINED_UNIQUE,True,
OBS02902,81b359e44f1f,2cf3e4c90216,DEL,SXR,AI,AI-825,2026-09-21,13:15,2026-09-06 20:15,15,T15(12-18),Economy Saver,4850,873,120,5843,MMT,Available,True,VALID,,,SINGLETON::OBS02902,False,,RETAINED_UNIQUE,True,
OBS02903,d11190c7dd2f,2cf3e4c90216,DEL,SXR,AI,AI-825,2026-09-21,13:15,2026-09-06 20:15,15,T15(12-18),Economy Saver,4966,894,100,5960,AirlineSite,Available,True,VALID,,,SINGLETON::OBS02903,False,,RETAINED_UNIQUE,True,
OBS02904,a97c319c71c9,0cd630bb9498,DEL,SXR,AI,AI-825,2026-09-21,13:15,2026-09-06 20:15,15,T15(12-18),Economy Standard,6367,1146,180,7693,MMT,Available,True,VALID,,,SINGLETON::OBS02904,False,,RETAINED_UNIQUE,True,
OBS02905,b08d447a257c,c942bbb01d32,DEL,SXR,AI,AI-825,2026-10-06,13:15,2026-09-06 20:15,30,T30(25-35),Economy Standard,5556,1000,150,6706,EaseMyTrip,Available,True,VALID,,,SINGLETON::OBS02905,False,,RETAINED_UNIQUE,True,
OBS02906,42e2f73df433,7331dc4cdf22,DEL,SXR,AI,AI-825,2026-10-06,13:15,2026-09-06 20:15,30,T30(25-35),Economy Saver,4220,760,100,5080,EaseMyTrip,Available,True,VALID,,,SINGLETON::OBS02906,False,,RETAINED_UNIQUE,True,
OBS02907,12cddadc6c5c,7331dc4cdf22,DEL,SXR,AI,AI-825,2026-10-06,13:15,2026-09-06 20:15,30,T30(25-35),Economy Saver,4440,799,200,5439,MMT,Available,True,VALID,,,SINGLETON::OBS02907,False,,RETAINED_UNIQUE,True,
OBS02908,5b3df0e9072a,8de3361a558e,DEL,SXR,AI,AI-825,2026-10-22,13:15,2026-09-06 20:15,46,T45(40-50),Economy Standard,5257,946,150,6353,AirlineSite,Available,True,VALID,,,SINGLETON::OBS02908,False,,RETAINED_UNIQUE,True,
OBS02909,39db423f6356,8de3361a558e,DEL,SXR,AI,AI-825,2026-10-22,13:15,2026-09-06 20:15,46,T45(40-50),Economy Standard,5550,999,120,6669,MMT,Available,True,VALID,,,SINGLETON::OBS02909,False,,RETAINED_UNIQUE,True,
OBS02910,544abe0cd0ea,8590db72b9a8,DEL,SXR,AI,AI-825,2026-10-22,13:15,2026-09-06 20:15,46,T45(40-50),Economy Saver,4436,798,150,5384,MMT,Available,True,VALID,,,SINGLETON::OBS02910,False,,RETAINED_UNIQUE,True,
OBS02911,063a1aaeb254,aa2769a0fb97,DEL,SXR,SG,SG-101,2026-09-07,15:15,2026-09-06 20:15,1,T1(0-2),Economy Flexi,9361,1685,200,11246,EaseMyTrip,Available,True,VALID,,,SINGLETON::OBS02911,False,,RETAINED_UNIQUE,True,
OBS02912,84c417780abd,aa2769a0fb97,DEL,SXR,SG,SG-101,2026-09-07,15:15,2026-09-06 20:15,1,T1(0-2),Economy Flexi,9752,1755,120,11627,Goibibo,Available,True,VALID,,,SINGLETON::OBS02912,False,,RETAINED_UNIQUE,True,
OBS02913,f47dab8c1fe5,76f2863512dc,DEL,SXR,SG,SG-101,2026-09-07,15:15,2026-09-06 20:15,1,T1(0-2),Economy Saver,6265,1128,200,7593,Cleartrip,Available,True,VALID,,,SINGLETON::OBS02913,False,,RETAINED_UNIQUE,True,
OBS02914,51d4a3562706,76f2863512dc,DEL,SXR,SG,SG-101,2026-09-07,15:15,2026-09-06 20:15,1,T1(0-2),Economy Saver,6507,1171,100,7778,MMT,Available,True,VALID,,,SINGLETON::OBS02914,False,,RETAINED_UNIQUE,True,
OBS02915,787253ab5e82,f8e14d93e494,DEL,SXR,SG,SG-101,2026-09-13,15:15,2026-09-06 20:15,7,T7(5-9),Economy Standard,7370,1327,150,8847,MMT,Available,True,VALID,,,SINGLETON::OBS02915,False,,RETAINED_UNIQUE,True,
OBS02916,48b9e9cf7c69,d0b11d92c188,DEL,SXR,SG,SG-101,2026-09-13,15:15,2026-09-06 20:15,7,T7(5-9),Economy Saver,5365,966,180,6511,Goibibo,Available,True,VALID,,,SINGLETON::OBS02916,False,,RETAINED_UNIQUE,True,
OBS02917,fc3beeba745d,d0b11d92c188,DEL,SXR,SG,SG-101,2026-09-13,15:15,2026-09-06 20:15,7,T7(5-9),Economy Saver,5709,1028,150,6887,Cleartrip,Available,True,VALID,,,SINGLETON::OBS02917,False,,RETAINED_UNIQUE,True,
OBS02918,91243aa6d5f9,2cf3e4c90216,DEL,SXR,SG,SG-101,2026-09-21,15:15,2026-09-06 20:15,15,T15(12-18),Economy Saver,4545,818,180,5543,EaseMyTrip,Available,True,VALID,,,SINGLETON::OBS02918,False,,RETAINED_UNIQUE,True,
OBS02919,018a3e72db8f,c942bbb01d32,DEL,SXR,SG,SG-101,2026-10-06,15:15,2026-09-06 20:15,30,T30(25-35),Economy Standard,5559,1001,150,6710,Goibibo,Available,True,VALID,,,SINGLETON::OBS02919,False,,RETAINED_UNIQUE,True,
OBS02920,010935d82cd1,c942bbb01d32,DEL,SXR,SG,SG-101,2026-10-06,15:15,2026-09-06 20:15,30,T30(25-35),Economy Standard,5560,1001,150,6711,AirlineSite,Available,True,VALID,,,SINGLETON::OBS02920,False,,RETAINED_UNIQUE,True,
OBS02921,0e9b90e9fe99,d27bdbb7004f,DEL,SXR,SG,SG-101,2026-10-22,15:15,2026-09-06 20:15,46,T45(40-50),Economy Flexi,6958,1252,150,8360,Cleartrip,Available,True,VALID,,,SINGLETON::OBS02921,False,,RETAINED_UNIQUE,True,
OBS02922,4d2af3702dae,d27bdbb7004f,DEL,SXR,SG,SG-101,2026-10-22,15:15,2026-09-06 20:15,46,T45(40-50),Economy Flexi,6701,1206,180,8087,MMT,Available,True,VALID,,,SINGLETON::OBS02922,False,,RETAINED_UNIQUE,True,
OBS02923,423377c52dea,8de3361a558e,DEL,SXR,SG,SG-101,2026-10-22,15:15,2026-09-06 20:15,46,T45(40-50),Economy Standard,5677,1022,100,6799,Cleartrip,Available,True,VALID,,,SINGLETON::OBS02923,False,,RETAINED_UNIQUE,True,
OBS02924,cbf74243908d,8de3361a558e,DEL,SXR,SG,SG-101,2026-10-22,15:15,2026-09-06 20:15,46,T45(40-50),Economy Standard,5619,1011,150,6780,AirlineSite,Available,True,VALID,,,SINGLETON::OBS02924,False,,RETAINED_UNIQUE,True,
OBS02925,c38ff0cfac2a,e293fc7d3662,DEL,GOI,6E,6E-334,2026-09-07,15:15,2026-09-06 20:15,1,T1(0-2),Economy Saver,6098,1098,120,7316,AirlineSite,Available,True,VALID,,,SINGLETON::OBS02925,False,,RETAINED_UNIQUE,True,
OBS02926,2149538022b0,3ba13766159e,DEL,GOI,6E,6E-334,2026-09-13,15:15,2026-09-06 20:15,7,T7(5-9),Economy Saver,5823,1048,100,6971,AirlineSite,Available,True,VALID,,,SINGLETON::OBS02926,False,,RETAINED_UNIQUE,True,
OBS02927,0c83478e6534,d4cb226e3e42,DEL,GOI,6E,6E-334,2026-09-13,15:15,2026-09-06 20:15,7,T7(5-9),Economy Flexi,9156,1648,200,11004,Cleartrip,Available,True,VALID,,,SINGLETON::OBS02927,False,,RETAINED_UNIQUE,True,
OBS02928,86268c3f510d,381a914510fc,DEL,GOI,6E,6E-334,2026-09-21,15:15,2026-09-06 20:15,15,T15(12-18),Economy Saver,4825,869,100,5794,Cleartrip,Available,True,VALID,,,SINGLETON::OBS02928,False,,RETAINED_UNIQUE,True,
OBS02929,3b6cb7bd6680,381a914510fc,DEL,GOI,6E,6E-334,2026-09-21,15:15,2026-09-06 20:15,15,T15(12-18),Economy Saver,4869,876,120,5865,AirlineSite,Available,True,VALID,,,SINGLETON::OBS02929,False,,RETAINED_UNIQUE,True,
OBS02930,f93ee032748e,1f0da06893c5,DEL,GOI,6E,6E-334,2026-10-06,15:15,2026-09-06 20:15,30,T30(25-35),Economy Saver,4034,726,120,4880,AirlineSite,Available,True,VALID,,,SINGLETON::OBS02930,False,,RETAINED_UNIQUE,True,
OBS02931,bfcae9525e95,618d3430fa99,DEL,GOI,6E,6E-334,2026-10-22,15:15,2026-09-06 20:15,46,T45(40-50),Economy Saver,4167,750,200,5117,Goibibo,Available,True,VALID,,,SINGLETON::OBS02931,False,,RETAINED_UNIQUE,True,
OBS02932,eaad97bfe0cb,c20072106116,DEL,GOI,AI,AI-861,2026-09-07,07:30,2026-09-06 20:15,1,T1(0-2),Economy Standard,8129,1463,120,9712,Goibibo,Available,True,VALID,,,SINGLETON::OBS02932,False,,RETAINED_UNIQUE,True,
OBS02933,d1f30089ee40,7e34f9c46ba2,DEL,GOI,AI,AI-861,2026-09-13,07:30,2026-09-06 20:15,7,T7(5-9),Economy Standard,6926,1247,120,8293,MMT,Available,True,VALID,,,SINGLETON::OBS02933,False,,RETAINED_UNIQUE,True,
OBS02934,5b2b59f8855e,7e34f9c46ba2,DEL,GOI,AI,AI-861,2026-09-13,07:30,2026-09-06 20:15,7,T7(5-9),Economy Standard,7057,1270,200,8527,AirlineSite,Available,True,VALID,,,SINGLETON::OBS02934,False,,RETAINED_UNIQUE,True,
OBS02935,2cb49c5f4bff,3ba13766159e,DEL,GOI,AI,AI-861,2026-09-13,07:30,2026-09-06 20:15,7,T7(5-9),Economy Saver,5734,1032,100,6866,AirlineSite,Available,True,VALID,,,SINGLETON::OBS02935,False,,RETAINED_UNIQUE,True,
OBS02936,a18dff897fac,381a914510fc,DEL,GOI,AI,AI-861,2026-09-21,07:30,2026-09-06 20:15,15,T15(12-18),Economy Saver,4722,850,200,5772,MMT,Available,True,VALID,,,SINGLETON::OBS02936,False,,RETAINED_UNIQUE,True,
OBS02937,282a7e29b474,381a914510fc,DEL,GOI,AI,AI-861,2026-09-21,07:30,2026-09-06 20:15,15,T15(12-18),Economy Saver,4676,842,180,5698,EaseMyTrip,Available,True,VALID,,,SINGLETON::OBS02937,False,,RETAINED_UNIQUE,True,
OBS02938,d9e71f09de97,1f0da06893c5,DEL,GOI,AI,AI-861,2026-10-06,07:30,2026-09-06 20:15,30,T30(25-35),Economy Saver,4255,766,150,5171,Cleartrip,Available,True,VALID,,,SINGLETON::OBS02938,False,,RETAINED_UNIQUE,True,
OBS02939,926b3d56b80a,1f0da06893c5,DEL,GOI,AI,AI-861,2026-10-06,07:30,2026-09-06 20:15,30,T30(25-35),Economy Saver,4150,747,120,5017,MMT,Available,True,VALID,,,SINGLETON::OBS02939,False,,RETAINED_UNIQUE,True,
OBS02940,cd8c330565a6,6f78a794555c,DEL,GOI,AI,AI-861,2026-10-06,07:30,2026-09-06 20:15,30,T30(25-35),Economy Standard,5218,939,150,6307,AirlineSite,Available,True,VALID,,,SINGLETON::OBS02940,False,,RETAINED_UNIQUE,True,
OBS02941,787beb6d15b6,83f0bfe7344f,DEL,GOI,AI,AI-861,2026-10-22,07:30,2026-09-06 20:15,46,T45(40-50),Economy Flexi,6344,1142,100,7586,AirlineSite,Available,True,VALID,,,SINGLETON::OBS02941,False,,RETAINED_UNIQUE,True,
OBS02942,e2279ab8f8ee,83f0bfe7344f,DEL,GOI,AI,AI-861,2026-10-22,07:30,2026-09-06 20:15,46,T45(40-50),Economy Flexi,6546,1178,150,7874,Goibibo,Available,True,VALID,,,SINGLETON::OBS02942,False,,RETAINED_UNIQUE,True,
OBS02943,50b5cc793a5c,c80cbb545c46,DEL,GOI,QP,QP-1510,2026-09-07,10:45,2026-09-06 20:15,1,T1(0-2),Economy Flexi,9694,1745,180,11619,Cleartrip,Available,True,VALID,,,SINGLETON::OBS02943,False,,RETAINED_UNIQUE,True,
OBS02944,730d8925e0c7,c80cbb545c46,DEL,GOI,QP,QP-1510,2026-09-07,10:45,2026-09-06 20:15,1,T1(0-2),Economy Flexi,9706,1747,150,11603,Goibibo,Available,True,VALID,,,SINGLETON::OBS02944,False,,RETAINED_UNIQUE,True,
OBS02945,ce547fd2c2dd,7e34f9c46ba2,DEL,GOI,QP,QP-1510,2026-09-13,10:45,2026-09-06 20:15,7,T7(5-9),Economy Standard,6991,1258,150,8399,EaseMyTrip,Available,True,VALID,,,SINGLETON::OBS02945,False,,RETAINED_UNIQUE,True,
OBS02946,acb403953884,3ba13766159e,DEL,GOI,QP,QP-1510,2026-09-13,10:45,2026-09-06 20:15,7,T7(5-9),Economy Saver,5523,994,180,6697,Goibibo,Available,True,VALID,,,SINGLETON::OBS02946,False,,RETAINED_UNIQUE,True,
OBS02947,d044750153f2,3ba13766159e,DEL,GOI,QP,QP-1510,2026-09-13,10:45,2026-09-06 20:15,7,T7(5-9),Economy Saver,5600,1008,180,6788,EaseMyTrip,Available,True,VALID,,,SINGLETON::OBS02947,False,,RETAINED_UNIQUE,True,
OBS02948,f6e83e8e8099,381a914510fc,DEL,GOI,QP,QP-1510,2026-09-21,10:45,2026-09-06 20:15,15,T15(12-18),Economy Saver,4949,891,150,5990,Goibibo,Available,True,VALID,,,SINGLETON::OBS02948,False,,RETAINED_UNIQUE,True,
OBS02949,2497ed595be6,381a914510fc,DEL,GOI,QP,QP-1510,2026-09-21,10:45,2026-09-06 20:15,15,T15(12-18),Economy Saver,4716,849,120,5685,AirlineSite,Available,True,VALID,,,SINGLETON::OBS02949,False,,RETAINED_UNIQUE,True,
OBS02950,c15ec0469e25,75965084ddf9,DEL,GOI,QP,QP-1510,2026-09-21,10:45,2026-09-06 20:15,15,T15(12-18),Economy Flexi,7451,1341,120,8912,Cleartrip,Available,True,VALID,,,SINGLETON::OBS02950,False,,RETAINED_UNIQUE,True,
OBS02951,5d8870399cf5,75965084ddf9,DEL,GOI,QP,QP-1510,2026-09-21,10:45,2026-09-06 20:15,15,T15(12-18),Economy Flexi,7240,1303,120,8663,AirlineSite,Available,True,VALID,,,SINGLETON::OBS02951,False,,RETAINED_UNIQUE,True,
OBS02952,bacee71d2173,1f0da06893c5,DEL,GOI,QP,QP-1510,2026-10-06,10:45,2026-09-06 20:15,30,T30(25-35),Economy Saver,4230,761,150,5141,Goibibo,Available,True,VALID,,,SINGLETON::OBS02952,False,,RETAINED_UNIQUE,True,
OBS02953,07433e8910bd,618d3430fa99,DEL,GOI,QP,QP-1510,2026-10-22,10:45,2026-09-06 20:15,46,T45(40-50),Economy Saver,4159,749,200,5108,Goibibo,Available,True,VALID,,,SINGLETON::OBS02953,False,,RETAINED_UNIQUE,True,
OBS02954,2421d17a6f1a,618d3430fa99,DEL,GOI,QP,QP-1510,2026-10-22,10:45,2026-09-06 20:15,46,T45(40-50),Economy Saver,4149,747,120,5016,MMT,Available,True,VALID,,,SINGLETON::OBS02954,False,,RETAINED_UNIQUE,True,
OBS02955,3a9a72097f02,83f0bfe7344f,DEL,GOI,QP,QP-1510,2026-10-22,10:45,2026-09-06 20:15,46,T45(40-50),Economy Flexi,6622,1192,120,7934,EaseMyTrip,Available,True,VALID,,,SINGLETON::OBS02955,False,,RETAINED_UNIQUE,True,
OBS02956,b489d000056e,83f0bfe7344f,DEL,GOI,QP,QP-1510,2026-10-22,10:45,2026-09-06 20:15,46,T45(40-50),Economy Flexi,6658,1198,100,7956,Goibibo,Available,True,VALID,,,SINGLETON::OBS02956,False,,RETAINED_UNIQUE,True,
OBS02957,037e6f137bd5,39e3dc36b8e0,DEL,GAU,6E,6E-415,2026-09-07,05:30,2026-09-06 20:15,1,T1(0-2),Economy Saver,6035,1086,200,7321,Goibibo,Available,True,VALID,,,SINGLETON::OBS02957,False,,RETAINED_UNIQUE,True,
OBS02958,ee17cb0a81e4,39e3dc36b8e0,DEL,GAU,6E,6E-415,2026-09-07,05:30,2026-09-06 20:15,1,T1(0-2),Economy Saver,6532,1176,120,7828,Cleartrip,Available,True,VALID,,,SINGLETON::OBS02958,False,,RETAINED_UNIQUE,True,
OBS02959,98769be6258e,37faa208bf70,DEL,GAU,6E,6E-415,2026-09-07,05:30,2026-09-06 20:15,1,T1(0-2),Economy Flexi,10277,1850,120,12247,Goibibo,Available,True,VALID,,,SINGLETON::OBS02959,False,,RETAINED_UNIQUE,True,
OBS02960,4f16f7d6e2f6,37faa208bf70,DEL,GAU,6E,6E-415,2026-09-07,05:30,2026-09-06 20:15,1,T1(0-2),Economy Flexi,9675,1742,150,11567,AirlineSite,Available,True,VALID,,,SINGLETON::OBS02960,False,,RETAINED_UNIQUE,True,
OBS02961,5248e52fce3d,4041ae79d2f2,DEL,GAU,6E,6E-415,2026-09-13,05:30,2026-09-06 20:15,7,T7(5-9),Economy Flexi,8642,1556,150,10348,EaseMyTrip,Available,True,VALID,,,SINGLETON::OBS02961,False,,RETAINED_UNIQUE,True,
OBS02962,efc0a343dac9,cab04a0fb199,DEL,GAU,6E,6E-415,2026-09-13,05:30,2026-09-06 20:15,7,T7(5-9),Economy Saver,5657,1018,180,6855,Cleartrip,Available,True,VALID,,,SINGLETON::OBS02962,False,,RETAINED_UNIQUE,True,
OBS02963,d44abf1aae83,353429793ae5,DEL,GAU,6E,6E-415,2026-09-21,05:30,2026-09-06 20:15,15,T15(12-18),Economy Saver,4652,837,150,5639,Cleartrip,Available,True,VALID,,,SINGLETON::OBS02963,False,,RETAINED_UNIQUE,True,
OBS02964,d38b480a4b9c,353429793ae5,DEL,GAU,6E,6E-415,2026-09-21,05:30,2026-09-06 20:15,15,T15(12-18),Economy Saver,4861,875,150,5886,Goibibo,Available,True,VALID,,,SINGLETON::OBS02964,False,,RETAINED_UNIQUE,True,
OBS02965,1a1496e3c037,0f85e3c60621,DEL,GAU,6E,6E-415,2026-10-06,05:30,2026-09-06 20:15,30,T30(25-35),Economy Standard,5705,1027,200,6932,MMT,Available,True,VALID,,,SINGLETON::OBS02965,False,,RETAINED_UNIQUE,True,
OBS02966,3c736a672453,0f85e3c60621,DEL,GAU,6E,6E-415,2026-10-06,05:30,2026-09-06 20:15,30,T30(25-35),Economy Standard,5708,1028,120,6856,EaseMyTrip,Available,True,VALID,,,SINGLETON::OBS02966,False,,RETAINED_UNIQUE,True,
OBS02967,3bbe63e497be,04c4fbd74e23,DEL,GAU,6E,6E-415,2026-10-06,05:30,2026-09-06 20:15,30,T30(25-35),Economy Flexi,6658,1199,180,8037,MMT,Available,True,VALID,,,SINGLETON::OBS02967,False,,RETAINED_UNIQUE,True,
OBS02968,3a2a23d87b39,c32ac85d61c7,DEL,GAU,6E,6E-415,2026-10-22,05:30,2026-09-06 20:15,46,T45(40-50),Economy Standard,5589,1006,200,6795,Goibibo,Available,True,VALID,,,SINGLETON::OBS02968,False,,RETAINED_UNIQUE,True,
OBS02969,41a0a2010dd7,39e3dc36b8e0,DEL,GAU,AI,AI-791,2026-09-07,13:00,2026-09-06 20:15,1,T1(0-2),Economy Saver,5989,1078,180,7247,EaseMyTrip,Available,True,VALID,,,SINGLETON::OBS02969,False,,RETAINED_UNIQUE,True,
OBS02970,9138173d6c66,39e3dc36b8e0,DEL,GAU,AI,AI-791,2026-09-07,13:00,2026-09-06 20:15,1,T1(0-2),Economy Saver,6429,1157,150,7736,Cleartrip,Available,True,VALID,,,SINGLETON::OBS02970,False,,RETAINED_UNIQUE,True,
OBS02971,4278da2d6ffd,fa88ad321692,DEL,GAU,AI,AI-791,2026-09-07,13:00,2026-09-06 20:15,1,T1(0-2),Economy Standard,8322,1498,100,9920,Cleartrip,Available,True,VALID,,,SINGLETON::OBS02971,False,,RETAINED_UNIQUE,True,
OBS02972,01078f898b7d,cab04a0fb199,DEL,GAU,AI,AI-791,2026-09-13,13:00,2026-09-06 20:15,7,T7(5-9),Economy Saver,5541,997,200,6738,Cleartrip,Available,True,VALID,,,SINGLETON::OBS02972,False,,RETAINED_UNIQUE,True,
OBS02973,49561ec54076,4041ae79d2f2,DEL,GAU,AI,AI-791,2026-09-13,13:00,2026-09-06 20:15,7,T7(5-9),Economy Flexi,9081,1634,150,10865,EaseMyTrip,Available,True,VALID,,,SINGLETON::OBS02973,False,,RETAINED_UNIQUE,True,
OBS02974,926de244302b,4041ae79d2f2,DEL,GAU,AI,AI-791,2026-09-13,13:00,2026-09-06 20:15,7,T7(5-9),Economy Flexi,8819,1587,150,10556,MMT,Available,True,VALID,,,SINGLETON::OBS02974,False,,RETAINED_UNIQUE,True,
OBS02975,b854c2ee51cb,a7ef6fc4da36,DEL,GAU,AI,AI-791,2026-09-21,13:00,2026-09-06 20:15,15,T15(12-18),Economy Flexi,7577,1364,150,9091,EaseMyTrip,Available,True,VALID,,,SINGLETON::OBS02975,False,,RETAINED_UNIQUE,True,
OBS02976,73017cc83846,3f84138c4009,BOM,DEL,6E,6E-2341,2026-09-21,08:10,2026-09-05 09:00,16,T15(12-18),Economy Saver,4200,756,150,5106,AirlineSite,Available,True,VALID,,,DUPGRP-OBS02976,False,,RETAINED_CANONICAL_OF_DUPLICATE_GROUP,True,True
OBS02978,dd6011d4368e,3f84138c4009,BOM,DEL,AI,AI-865,2026-09-21,10:30,2026-09-05 09:00,16,T15(12-18),Economy Saver,,,,,AirlineSite,Sold Out,True,NON_PRICE_AVAILABILITY,NON_PRICE_AVAILABILITY,,SINGLETON::OBS02978,False,,RETAINED_UNIQUE,True,
OBS02979,f213f020c8e1,76fcc6bf343e,DEL,GOI,6E,6E-334,2026-09-13,12:00,2026-09-09 20:15,4,OUT_OF_BAND,Economy Standard,7855,1414,180,9449,MMT,Available,True,VALID,,,SINGLETON::OBS02979,False,,RETAINED_UNIQUE,True,
OBS02980,6650d23b04ca,381a914510fc,DEL,GOI,6E,6E-334,2026-09-21,12:00,2026-09-07 09:00,14,T15(12-18),Economy Saver,4649,837,180,5666,Cleartrip,Available,True,VALID,,,SINGLETON::OBS02980,False,,RETAINED_UNIQUE,True,
OBS02981,cd87d9a0d70a,ba0de94a3dda,BLR,DEL,AI,AI-503,2026-10-06,12:00,2026-09-06 14:30,30,T30(25-35),Economy Flexi,6702,1206,200,8108,Goibibo,Available,True,VALID,,,SINGLETON::OBS02981,False,,RETAINED_UNIQUE,True,
OBS02982,2b1559748543,e0a68d45346c,DEL,MAA,AI,AI-542,2026-09-07,12:00,2026-09-07 14:30,0,T1(0-2),Economy Standard,8348,1503,180,10031,MMT,Available,True,VALID,,,SINGLETON::OBS02982,False,,RETAINED_UNIQUE,True,
OBS02983,efe3d400e715,6ddcb673b16c,DEL,PNQ,6E,6E-381,2026-10-22,12:00,2026-09-06 14:30,46,T45(40-50),Economy Saver,4054,730,150,4934,AirlineSite,Available,True,VALID,,,SINGLETON::OBS02983,False,,RETAINED_UNIQUE,True,
OBS02984,37f19986e29d,6be000ebcf7f,BOM,HYD,AI,AI-619,2026-09-21,12:00,2026-09-06 14:30,15,T15(12-18),Economy Flexi,7536,1357,180,9073,Goibibo,Available,True,VALID,,,SINGLETON::OBS02984,False,,RETAINED_UNIQUE,True,
OBS02985,f27c6e38ee78,a2823b6fdfe1,DEL,SXR,AI,AI-825,2026-10-06,12:00,2026-09-06 14:30,30,T30(25-35),Economy Flexi,6761,1217,150,8128,AirlineSite,Available,True,VALID,,,SINGLETON::OBS02985,False,,RETAINED_UNIQUE,True,
OBS02986,baa89c5b0df0,3ba13766159e,DEL,GOI,QP,QP-1510,2026-09-13,12:00,2026-09-08 09:00,5,T7(5-9),Economy Saver,5632,1014,200,6846,MMT,Available,True,VALID,,,SINGLETON::OBS02986,False,,RETAINED_UNIQUE,True,
OBS02987,c3356288c496,010fa77d8be5,BLR,BOM,QP,QP-1304,2026-09-13,12:00,2026-09-05 14:30,8,T7(5-9),Economy Standard,6796,1223,150,8169,Cleartrip,Available,True,VALID,,,SINGLETON::OBS02987,False,,RETAINED_UNIQUE,True,
OBS02988,84a9054090b5,20f8f0511284,DEL,GAU,6E,6E-415,2026-10-06,12:00,2026-09-08 20:15,28,T30(25-35),Economy Saver,4207,757,180,5144,EaseMyTrip,Available,True,VALID,,,SINGLETON::OBS02988,False,,RETAINED_UNIQUE,True,
OBS02989,74e0aa6eb1cf,7accfd79a6d4,DEL,GOI,6E,6E-334,2026-10-22,12:00,2026-09-05 09:00,47,T45(40-50),Economy Standard,5246,944,150,6340,MMT,Available,True,VALID,,,SINGLETON::OBS02989,False,,RETAINED_UNIQUE,True,
OBS02990,85a8c600830d,b591dca76702,BOM,DEL,QP,QP-1123,2026-09-13,12:00,2026-09-08 09:00,5,T7(5-9),Economy Saver,5982,1077,120,7179,MMT,Available,True,VALID,,,SINGLETON::OBS02990,False,,RETAINED_UNIQUE,True,
OBS02991,01e099d976d4,4bfeeef11904,BLR,COK,6E,6E-521,2026-10-22,12:00,2026-09-07 14:30,45,T45(40-50),Economy Standard,5194,935,150,6279,Goibibo,Available,True,VALID,,,SINGLETON::OBS02991,False,,RETAINED_UNIQUE,True,
OBS02992,b87ba7b693b4,21dfb4be435a,DEL,MAA,6E,6E-843,2026-10-06,12:00,2026-09-09 09:00,27,T30(25-35),Economy Saver,4280,770,120,5170,MMT,Available,True,VALID,,,SINGLETON::OBS02992,False,,RETAINED_UNIQUE,True,
OBS02993,dfe97bcfcc86,491b40137db8,DEL,HYD,SG,SG-451,2026-10-06,12:00,2026-09-05 14:30,31,T30(25-35),Economy Flexi,6720,1210,150,8080,AirlineSite,Available,True,VALID,,,SINGLETON::OBS02993,False,,RETAINED_UNIQUE,True,
OBS02994,c6b4807c63fc,f2c7461dedfd,BOM,HYD,6E,6E-631,2026-10-06,12:00,2026-09-06 09:00,30,T30(25-35),Economy Flexi,6940,1249,200,8389,AirlineSite,Available,True,VALID,,,SINGLETON::OBS02994,False,,RETAINED_UNIQUE,True,
OBS02995,859053f468cf,8aecaccbbbb4,DEL,PNQ,AI,AI-851,2026-10-22,12:00,2026-09-07 20:15,45,T45(40-50),Economy Standard,5635,1014,200,6849,MMT,Available,True,VALID,,,SINGLETON::OBS02995,False,,RETAINED_UNIQUE,True,
OBS02996,2be41d51443c,3b633c1887e2,DEL,PNQ,AI,AI-851,2026-09-13,12:00,2026-09-07 14:30,6,T7(5-9),Economy Standard,7473,1345,180,8998,AirlineSite,Available,True,VALID,,,SINGLETON::OBS02996,False,,RETAINED_UNIQUE,True,
OBS02997,abc57dd4268d,7d751f1f32d7,BOM,DEL,AI,AI-865,2026-10-22,12:00,2026-09-09 14:30,43,T45(40-50),Economy Saver,4079,734,180,4993,MMT,Available,True,VALID,,,SINGLETON::OBS02997,False,,RETAINED_UNIQUE,True,
OBS02998,6a325b4d80de,4041ae79d2f2,DEL,GAU,6E,6E-415,2026-09-13,12:00,2026-09-06 20:15,7,T7(5-9),Economy Flexi,9124,1642,120,10886,Cleartrip,Available,True,VALID,,,SINGLETON::OBS02998,False,,RETAINED_UNIQUE,True,
OBS02999,6b927907f97e,731368c6b934,DEL,IDR,IX,IX-221,2026-09-21,12:00,2026-09-07 14:30,14,T15(12-18),Economy Saver,4911,884,150,5945,MMT,Available,True,VALID,,,SINGLETON::OBS02999,False,,RETAINED_UNIQUE,True,
OBS03000,ab4ff39f25f9,d5e2b4ddaa51,DEL,HYD,SG,SG-451,2026-09-07,12:00,2026-09-07 09:00,0,T1(0-2),Economy Saver,6590,1186,120,7896,MMT,Available,True,VALID,,,SINGLETON::OBS03000,False,,RETAINED_UNIQUE,True,
