consolidation_cell_id,origin,destination,travel_date,fare_class,advance_purchase_window,collection_round_id,round_anchor_timestamp,round_alignment,round_time_spread_minutes,consolidated_fare,consolidation_status,consolidated_fare_is_observed_value,participating_source_count,participating_sources,expected_source_count,source_coverage,source_coverage_ratio,missing_sources,flight_instance_count,priced_flight_instance_count,flight_representative_fares,observation_count,participating_observation_count,contributing_observation_ids,sold_out_observation_count,missing_price_observation_count,min_participating_fare,max_participating_fare,source_level_fares,min_source_fare,max_source_fare,alt_source_first_fare,max_flight_source_spread,median_flight_source_spread,cross_flight_spread,origin_canonical,destination_canonical,travel_date_canonical,fare_class_canonical,fare_class_is_known,fare_class_tier_rank,advance_purchase_window_is_known,consolidated_fare_normalized,price_state,round_sort_key,round_sort_key_source,currency,currency_source,normalization_flags,phase8_schema_version
CELL::AMD|DEL|2026-09-07|Economy Flexi|T1(0-2)::ROUND::2026-09-05T09:00,AMD,DEL,2026-09-07,Economy Flexi,T1(0-2),ROUND::2026-09-05T09:00,2026-09-05 09:00,ANCHORED,0,11978.00,CONSOLIDATED,True,1,Goibibo,4,SINGLE_SOURCE,0.2500,AirlineSite;Cleartrip;MMT,1,1,11978.00,1,1,OBS00230,0,0,11978.00,11978.00,Goibibo=11978.00,11978.00,11978.00,11978.00,0.00,0.00,0.00,AMD,DEL,2026-09-07,Economy Flexi,True,3,True,11978.00,PRICED,2026-09-05 09:00,ANCHOR_TIMESTAMP,INR,DECLARED_PROTOTYPE_CONSTANT,,phase8-v1
CELL::AMD|DEL|2026-09-07|Economy Flexi|T1(0-2)::ROUND::2026-09-05T20:15,AMD,DEL,2026-09-07,Economy Flexi,T1(0-2),ROUND::2026-09-05T20:15,2026-09-05 20:15,ANCHORED,0,11726.75,CONSOLIDATED,False,2,Cleartrip;Goibibo,4,PARTIAL_COVERAGE,0.5000,AirlineSite;MMT,2,2,11671.50;11782.00,3,3,OBS01218;OBS01219;OBS01245,0,0,11268.00,12075.00,Cleartrip=11268.00;Goibibo=11928.50,11268.00,11928.50,11598.25,807.00,403.50,110.50,AMD,DEL,2026-09-07,Economy Flexi,True,3,True,11726.75,PRICED,2026-09-05 20:15,ANCHOR_TIMESTAMP,INR,DECLARED_PROTOTYPE_CONSTANT,,phase8-v1
CELL::AMD|DEL|2026-09-07|Economy Flexi|T1(0-2)::ROUND::2026-09-06T09:00,AMD,DEL,2026-09-07,Economy Flexi,T1(0-2),ROUND::2026-09-06T09:00,2026-09-06 09:00,ANCHORED,0,11663.00,CONSOLIDATED,False,4,AirlineSite;Cleartrip;EaseMyTrip;MMT,4,FULL_COVERAGE,1.0000,Goibibo,3,3,11542.00;11663.00;11775.50,5,5,OBS01735;OBS01736;OBS01752;OBS01753;OBS01766,0,0,11409.00,12142.00,AirlineSite=11743.00;Cleartrip=11583.00;EaseMyTrip=12142.00;MMT=11475.50,11475.50,12142.00,11663.00,733.00,160.00,233.50,AMD,DEL,2026-09-07,Economy Flexi,True,3,True,11663.00,PRICED,2026-09-06 09:00,ANCHOR_TIMESTAMP,INR,DECLARED_PROTOTYPE_CONSTANT,,phase8-v1
CELL::AMD|DEL|2026-09-07|Economy Flexi|T1(0-2)::ROUND::2026-09-06T14:30,AMD,DEL,2026-09-07,Economy Flexi,T1(0-2),ROUND::2026-09-06T14:30,2026-09-06 14:30,ANCHORED,0,11250.00,CONSOLIDATED,True,1,Goibibo,4,SINGLE_SOURCE,0.2500,AirlineSite;Cleartrip;MMT,1,1,11250.00,1,1,OBS02245,0,0,11250.00,11250.00,Goibibo=11250.00,11250.00,11250.00,11250.00,0.00,0.00,0.00,AMD,DEL,2026-09-07,Economy Flexi,True,3,True,11250.00,PRICED,2026-09-06 14:30,ANCHOR_TIMESTAMP,INR,DECLARED_PROTOTYPE_CONSTANT,,phase8-v1
CELL::AMD|DEL|2026-09-07|Economy Flexi|T1(0-2)::ROUND::2026-09-06T20:15,AMD,DEL,2026-09-07,Economy Flexi,T1(0-2),ROUND::2026-09-06T20:15,2026-09-06 20:15,ANCHORED,0,11985.50,CONSOLIDATED,False,3,EaseMyTrip;Goibibo;MMT,4,PARTIAL_COVERAGE,0.7500,AirlineSite;Cleartrip,2,2,11661.00;12310.00,3,3,OBS02739;OBS02749;OBS02750,0,0,11472.00,12310.00,EaseMyTrip=12310.00;Goibibo=11850.00;MMT=11472.00,11472.00,12310.00,11850.00,378.00,189.00,649.00,AMD,DEL,2026-09-07,Economy Flexi,True,3,True,11985.50,PRICED,2026-09-06 20:15,ANCHOR_TIMESTAMP,INR,DECLARED_PROTOTYPE_CONSTANT,,phase8-v1
CELL::AMD|DEL|2026-09-07|Economy Saver|T1(0-2)::ROUND::2026-09-05T09:00,AMD,DEL,2026-09-07,Economy Saver,T1(0-2),ROUND::2026-09-05T09:00,2026-09-05 09:00,ANCHORED,0,7464.00,CONSOLIDATED,False,1,Goibibo,4,SINGLE_SOURCE,0.2500,AirlineSite;Cleartrip;MMT,2,2,7338.00;7590.00,2,2,OBS00216;OBS00231,0,0,7338.00,7590.00,Goibibo=7464.00,7464.00,7464.00,7464.00,0.00,0.00,252.00,AMD,DEL,2026-09-07,Economy Saver,True,1,True,7464.00,PRICED,2026-09-05 09:00,ANCHOR_TIMESTAMP,INR,DECLARED_PROTOTYPE_CONSTANT,,phase8-v1
CELL::AMD|DEL|2026-09-07|Economy Saver|T1(0-2)::ROUND::2026-09-05T14:30,AMD,DEL,2026-09-07,Economy Saver,T1(0-2),ROUND::2026-09-05T14:30,2026-09-05 14:30,ANCHORED,0,7543.00,CONSOLIDATED,False,4,AirlineSite;Cleartrip;EaseMyTrip;MMT,4,FULL_COVERAGE,1.0000,Goibibo,2,2,7471.50;7614.50,4,4,OBS00705;OBS00706;OBS00722;OBS00723,0,0,7383.00,7644.00,AirlineSite=7644.00;Cleartrip=7383.00;EaseMyTrip=7560.00;MMT=7585.00,7383.00,7644.00,7572.50,177.00,118.00,143.00,AMD,DEL,2026-09-07,Economy Saver,True,1,True,7543.00,PRICED,2026-09-05 14:30,ANCHOR_TIMESTAMP,INR,DECLARED_PROTOTYPE_CONSTANT,,phase8-v1
CELL::AMD|DEL|2026-09-07|Economy Saver|T1(0-2)::ROUND::2026-09-05T20:15,AMD,DEL,2026-09-07,Economy Saver,T1(0-2),ROUND::2026-09-05T20:15,2026-09-05 20:15,ANCHORED,0,7281.00,CONSOLIDATED,False,2,EaseMyTrip;Goibibo,4,PARTIAL_COVERAGE,0.5000,AirlineSite;Cleartrip;MMT,1,1,7281.00,2,2,OBS01232;OBS01233,0,0,7247.00,7315.00,EaseMyTrip=7247.00;Goibibo=7315.00,7247.00,7315.00,7281.00,68.00,68.00,0.00,AMD,DEL,2026-09-07,Economy Saver,True,1,True,7281.00,PRICED,2026-09-05 20:15,ANCHOR_TIMESTAMP,INR,DECLARED_PROTOTYPE_CONSTANT,,phase8-v1
CELL::AMD|DEL|2026-09-07|Economy Saver|T1(0-2)::ROUND::2026-09-06T09:00,AMD,DEL,2026-09-07,Economy Saver,T1(0-2),ROUND::2026-09-06T09:00,2026-09-06 09:00,ANCHORED,0,7546.00,CONSOLIDATED,False,3,AirlineSite;Goibibo;MMT,4,PARTIAL_COVERAGE,0.7500,Cleartrip,3,3,7379.50;7546.00;7902.50,6,6,OBS01737;OBS01738;OBS01754;OBS01755;OBS01767;OBS01768,0,0,7292.00,7943.00,AirlineSite=7664.50;Goibibo=7366.00;MMT=7726.00,7366.00,7726.00,7664.50,360.00,175.00,523.00,AMD,DEL,2026-09-07,Economy Saver,True,1,True,7546.00,PRICED,2026-09-06 09:00,ANCHOR_TIMESTAMP,INR,DECLARED_PROTOTYPE_CONSTANT,,phase8-v1
CELL::AMD|DEL|2026-09-07|Economy Saver|T1(0-2)::ROUND::2026-09-06T14:30,AMD,DEL,2026-09-07,Economy Saver,T1(0-2),ROUND::2026-09-06T14:30,2026-09-06 14:30,ANCHORED,0,7703.50,CONSOLIDATED,False,2,AirlineSite;Goibibo,4,PARTIAL_COVERAGE,0.5000,Cleartrip;MMT,2,2,7564.00;7843.00,2,2,OBS02256;OBS02266,0,0,7564.00,7843.00,AirlineSite=7564.00;Goibibo=7843.00,7564.00,7843.00,7703.50,0.00,0.00,279.00,AMD,DEL,2026-09-07,Economy Saver,True,1,True,7703.50,PRICED,2026-09-06 14:30,ANCHOR_TIMESTAMP,INR,DECLARED_PROTOTYPE_CONSTANT,,phase8-v1
CELL::AMD|DEL|2026-09-07|Economy Saver|T1(0-2)::ROUND::2026-09-06T20:15,AMD,DEL,2026-09-07,Economy Saver,T1(0-2),ROUND::2026-09-06T20:15,2026-09-06 20:15,ANCHORED,0,7682.50,CONSOLIDATED,False,2,AirlineSite;MMT,4,PARTIAL_COVERAGE,0.5000,Cleartrip;Goibibo,2,2,7580.50;7784.50,4,4,OBS02751;OBS02752;OBS02767;OBS02768,0,0,7532.00,7812.00,AirlineSite=7644.50;MMT=7720.50,7644.50,7720.50,7682.50,97.00,76.00,204.00,AMD,DEL,2026-09-07,Economy Saver,True,1,True,7682.50,PRICED,2026-09-06 20:15,ANCHOR_TIMESTAMP,INR,DECLARED_PROTOTYPE_CONSTANT,,phase8-v1
CELL::AMD|DEL|2026-09-07|Economy Standard|T1(0-2)::ROUND::2026-09-05T09:00,AMD,DEL,2026-09-07,Economy Standard,T1(0-2),ROUND::2026-09-05T09:00,2026-09-05 09:00,ANCHORED,0,9492.75,CONSOLIDATED,False,3,AirlineSite;Cleartrip;MMT,4,PARTIAL_COVERAGE,0.7500,Goibibo,2,2,9299.50;9686.00,3,3,OBS00206;OBS00217;OBS00218,0,0,9076.00,9686.00,AirlineSite=9523.00;Cleartrip=9076.00;MMT=9686.00,9076.00,9686.00,9523.00,447.00,223.50,386.50,AMD,DEL,2026-09-07,Economy Standard,True,2,True,9492.75,PRICED,2026-09-05 09:00,ANCHOR_TIMESTAMP,INR,DECLARED_PROTOTYPE_CONSTANT,,phase8-v1
CELL::AMD|DEL|2026-09-07|Economy Standard|T1(0-2)::ROUND::2026-09-05T14:30,AMD,DEL,2026-09-07,Economy Standard,T1(0-2),ROUND::2026-09-05T14:30,2026-09-05 14:30,ANCHORED,0,9463.00,CONSOLIDATED,False,2,Cleartrip;EaseMyTrip,4,PARTIAL_COVERAGE,0.5000,AirlineSite;Goibibo;MMT,2,2,9390.00;9536.00,3,3,OBS00707;OBS00708;OBS00715,0,0,9309.00,9763.00,Cleartrip=9349.50;EaseMyTrip=9763.00,9349.50,9763.00,9556.25,454.00,227.00,146.00,AMD,DEL,2026-09-07,Economy Standard,True,2,True,9463.00,PRICED,2026-09-05 14:30,ANCHOR_TIMESTAMP,INR,DECLARED_PROTOTYPE_CONSTANT,,phase8-v1
CELL::AMD|DEL|2026-09-07|Economy Standard|T1(0-2)::ROUND::2026-09-05T20:15,AMD,DEL,2026-09-07,Economy Standard,T1(0-2),ROUND::2026-09-05T20:15,2026-09-05 20:15,ANCHORED,0,9355.50,CONSOLIDATED,False,2,Cleartrip;EaseMyTrip,4,PARTIAL_COVERAGE,0.5000,AirlineSite;Goibibo;MMT,1,1,9355.50,2,2,OBS01220;OBS01221,0,0,9107.00,9604.00,Cleartrip=9604.00;EaseMyTrip=9107.00,9107.00,9604.00,9355.50,497.00,497.00,0.00,AMD,DEL,2026-09-07,Economy Standard,True,2,True,9355.50,PRICED,2026-09-05 20:15,ANCHOR_TIMESTAMP,INR,DECLARED_PROTOTYPE_CONSTANT,,phase8-v1
CELL::AMD|DEL|2026-09-07|Economy Standard|T1(0-2)::ROUND::2026-09-06T14:30,AMD,DEL,2026-09-07,Economy Standard,T1(0-2),ROUND::2026-09-06T14:30,2026-09-06 14:30,ANCHORED,0,9490.00,CONSOLIDATED,False,2,AirlineSite;MMT,4,PARTIAL_COVERAGE,0.5000,Cleartrip;Goibibo,1,1,9490.00,2,2,OBS02267;OBS02268,0,0,9421.00,9559.00,AirlineSite=9559.00;MMT=9421.00,9421.00,9559.00,9490.00,138.00,138.00,0.00,AMD,DEL,2026-09-07,Economy Standard,True,2,True,9490.00,PRICED,2026-09-06 14:30,ANCHOR_TIMESTAMP,INR,DECLARED_PROTOTYPE_CONSTANT,,phase8-v1
CELL::AMD|DEL|2026-09-07|Economy Standard|T1(0-2)::ROUND::2026-09-06T20:15,AMD,DEL,2026-09-07,Economy Standard,T1(0-2),ROUND::2026-09-06T20:15,2026-09-06 20:15,ANCHORED,0,9500.00,CONSOLIDATED,False,2,EaseMyTrip;Goibibo,4,PARTIAL_COVERAGE,0.5000,AirlineSite;Cleartrip;MMT,1,1,9500.00,2,2,OBS02765;OBS02766,0,0,9238.00,9762.00,EaseMyTrip=9238.00;Goibibo=9762.00,9238.00,9762.00,9500.00,524.00,524.00,0.00,AMD,DEL,2026-09-07,Economy Standard,True,2,True,9500.00,PRICED,2026-09-06 20:15,ANCHOR_TIMESTAMP,INR,DECLARED_PROTOTYPE_CONSTANT,,phase8-v1
CELL::AMD|DEL|2026-09-13|Economy Flexi|T7(5-9)::ROUND::2026-09-05T09:00,AMD,DEL,2026-09-13,Economy Flexi,T7(5-9),ROUND::2026-09-05T09:00,2026-09-05 09:00,ANCHORED,0,9934.00,CONSOLIDATED,True,1,Goibibo,4,SINGLE_SOURCE,0.2500,AirlineSite;Cleartrip;MMT,1,1,9934.00,1,1,OBS00207,0,0,9934.00,9934.00,Goibibo=9934.00,9934.00,9934.00,9934.00,0.00,0.00,0.00,AMD,DEL,2026-09-13,Economy Flexi,True,3,True,9934.00,PRICED,2026-09-05 09:00,ANCHOR_TIMESTAMP,INR,DECLARED_PROTOTYPE_CONSTANT,,phase8-v1
CELL::AMD|DEL|2026-09-13|Economy Flexi|T7(5-9)::ROUND::2026-09-05T14:30,AMD,DEL,2026-09-13,Economy Flexi,T7(5-9),ROUND::2026-09-05T14:30,2026-09-05 14:30,ANCHORED,0,10239.25,CONSOLIDATED,False,3,AirlineSite;EaseMyTrip;MMT,4,PARTIAL_COVERAGE,0.7500,Cleartrip;Goibibo,2,2,10182.50;10296.00,3,3,OBS00716;OBS00725;OBS00726,0,0,9877.00,10488.00,AirlineSite=10488.00;EaseMyTrip=9877.00;MMT=10296.00,9877.00,10488.00,10296.00,611.00,305.50,113.50,AMD,DEL,2026-09-13,Economy Flexi,True,3,True,10239.25,PRICED,2026-09-05 14:30,ANCHOR_TIMESTAMP,INR,DECLARED_PROTOTYPE_CONSTANT,,phase8-v1
CELL::AMD|DEL|2026-09-13|Economy Flexi|T7(5-9)::ROUND::2026-09-05T20:15,AMD,DEL,2026-09-13,Economy Flexi,T7(5-9),ROUND::2026-09-05T20:15,2026-09-05 20:15,ANCHORED,0,10029.00,CONSOLIDATED,False,2,AirlineSite;EaseMyTrip,4,PARTIAL_COVERAGE,0.5000,Cleartrip;Goibibo;MMT,1,1,10029.00,2,2,OBS01222;OBS01223,0,0,9948.00,10110.00,AirlineSite=9948.00;EaseMyTrip=10110.00,9948.00,10110.00,10029.00,162.00,162.00,0.00,AMD,DEL,2026-09-13,Economy Flexi,True,3,True,10029.00,PRICED,2026-09-05 20:15,ANCHOR_TIMESTAMP,INR,DECLARED_PROTOTYPE_CONSTANT,,phase8-v1
CELL::AMD|DEL|2026-09-13|Economy Flexi|T7(5-9)::ROUND::2026-09-06T09:00,AMD,DEL,2026-09-13,Economy Flexi,T7(5-9),ROUND::2026-09-06T09:00,2026-09-06 09:00,ANCHORED,0,10650.00,CONSOLIDATED,True,1,EaseMyTrip,4,SINGLE_SOURCE,0.2500,AirlineSite;Cleartrip;Goibibo;MMT,1,1,10650.00,1,1,OBS01757,0,0,10650.00,10650.00,EaseMyTrip=10650.00,10650.00,10650.00,10650.00,0.00,0.00,0.00,AMD,DEL,2026-09-13,Economy Flexi,True,3,True,10650.00,PRICED,2026-09-06 09:00,ANCHOR_TIMESTAMP,INR,DECLARED_PROTOTYPE_CONSTANT,,phase8-v1
CELL::AMD|DEL|2026-09-13|Economy Flexi|T7(5-9)::ROUND::2026-09-06T14:30,AMD,DEL,2026-09-13,Economy Flexi,T7(5-9),ROUND::2026-09-06T14:30,2026-09-06 14:30,ANCHORED,0,10470.00,CONSOLIDATED,True,1,MMT,4,SINGLE_SOURCE,0.2500,AirlineSite;Cleartrip;Goibibo,1,1,10470.00,1,1,OBS02269,0,0,10470.00,10470.00,MMT=10470.00,10470.00,10470.00,10470.00,0.00,0.00,0.00,AMD,DEL,2026-09-13,Economy Flexi,True,3,True,10470.00,PRICED,2026-09-06 14:30,ANCHOR_TIMESTAMP,INR,DECLARED_PROTOTYPE_CONSTANT,,phase8-v1
CELL::AMD|DEL|2026-09-13|Economy Saver|T7(5-9)::ROUND::2026-09-05T09:00,AMD,DEL,2026-09-13,Economy Saver,T7(5-9),ROUND::2026-09-05T09:00,2026-09-05 09:00,ANCHORED,0,6718.50,CONSOLIDATED,False,3,AirlineSite;EaseMyTrip;MMT,4,PARTIAL_COVERAGE,0.7500,Cleartrip;Goibibo,2,2,6582.00;6855.00,4,4,OBS00219;OBS00220;OBS00232;OBS00233,0,0,6377.00,6911.00,AirlineSite=6799.00;EaseMyTrip=6377.00;MMT=6849.00,6377.00,6849.00,6799.00,410.00,261.00,273.00,AMD,DEL,2026-09-13,Economy Saver,True,1,True,6718.50,PRICED,2026-09-05 09:00,ANCHOR_TIMESTAMP,INR,DECLARED_PROTOTYPE_CONSTANT,,phase8-v1
CELL::AMD|DEL|2026-09-13|Economy Saver|T7(5-9)::ROUND::2026-09-05T14:30,AMD,DEL,2026-09-13,Economy Saver,T7(5-9),ROUND::2026-09-05T14:30,2026-09-05 14:30,ANCHORED,0,6621.00,CONSOLIDATED,False,3,Cleartrip;Goibibo;MMT,4,PARTIAL_COVERAGE,0.7500,AirlineSite,2,2,6607.00;6635.00,4,4,OBS00709;OBS00710;OBS00717;OBS00718,0,0,6539.00,6713.00,Cleartrip=6675.00;Goibibo=6548.00;MMT=6713.00,6548.00,6713.00,6675.00,156.00,146.00,28.00,AMD,DEL,2026-09-13,Economy Saver,True,1,True,6621.00,PRICED,2026-09-05 14:30,ANCHOR_TIMESTAMP,INR,DECLARED_PROTOTYPE_CONSTANT,,phase8-v1
CELL::AMD|DEL|2026-09-13|Economy Saver|T7(5-9)::ROUND::2026-09-05T20:15,AMD,DEL,2026-09-13,Economy Saver,T7(5-9),ROUND::2026-09-05T20:15,2026-09-05 20:15,ANCHORED,0,6700.50,CONSOLIDATED,False,2,AirlineSite;Cleartrip,4,PARTIAL_COVERAGE,0.5000,Goibibo;MMT,2,2,6474.00;6927.00,2,2,OBS01236;OBS01246,0,0,6474.00,6927.00,AirlineSite=6927.00;Cleartrip=6474.00,6474.00,6927.00,6700.50,0.00,0.00,453.00,AMD,DEL,2026-09-13,Economy Saver,True,1,True,6700.50,PRICED,2026-09-05 20:15,ANCHOR_TIMESTAMP,INR,DECLARED_PROTOTYPE_CONSTANT,,phase8-v1
CELL::AMD|DEL|2026-09-13|Economy Saver|T7(5-9)::ROUND::2026-09-06T09:00,AMD,DEL,2026-09-13,Economy Saver,T7(5-9),ROUND::2026-09-06T09:00,2026-09-06 09:00,ANCHORED,0,6695.00,CONSOLIDATED,False,3,Cleartrip;Goibibo;MMT,4,PARTIAL_COVERAGE,0.7500,AirlineSite,2,2,6622.00;6768.00,3,3,OBS01739;OBS01740;OBS01756,0,0,6444.00,6800.00,Cleartrip=6768.00;Goibibo=6444.00;MMT=6800.00,6444.00,6800.00,6768.00,356.00,178.00,146.00,AMD,DEL,2026-09-13,Economy Saver,True,1,True,6695.00,PRICED,2026-09-06 09:00,ANCHOR_TIMESTAMP,INR,DECLARED_PROTOTYPE_CONSTANT,,phase8-v1
CELL::AMD|DEL|2026-09-13|Economy Saver|T7(5-9)::ROUND::2026-09-06T14:30,AMD,DEL,2026-09-13,Economy Saver,T7(5-9),ROUND::2026-09-06T14:30,2026-09-06 14:30,ANCHORED,0,6823.50,CONSOLIDATED,False,3,EaseMyTrip;Goibibo;MMT,4,PARTIAL_COVERAGE,0.7500,AirlineSite;Cleartrip,3,3,6675.00;6823.50;6861.00,4,4,OBS02246;OBS02258;OBS02270;OBS02271,0,0,6637.00,7010.00,EaseMyTrip=6768.00;Goibibo=6637.00;MMT=7010.00,6637.00,7010.00,6768.00,373.00,0.00,186.00,AMD,DEL,2026-09-13,Economy Saver,True,1,True,6823.50,PRICED,2026-09-06 14:30,ANCHOR_TIMESTAMP,INR,DECLARED_PROTOTYPE_CONSTANT,,phase8-v1
CELL::AMD|DEL|2026-09-13|Economy Saver|T7(5-9)::ROUND::2026-09-06T20:15,AMD,DEL,2026-09-13,Economy Saver,T7(5-9),ROUND::2026-09-06T20:15,2026-09-06 20:15,ANCHORED,0,6929.00,CONSOLIDATED,False,2,AirlineSite;Goibibo,4,PARTIAL_COVERAGE,0.5000,Cleartrip;MMT,2,2,6698.00;7160.00,2,2,OBS02740;OBS02755,0,0,6698.00,7160.00,AirlineSite=7160.00;Goibibo=6698.00,6698.00,7160.00,6929.00,0.00,0.00,462.00,AMD,DEL,2026-09-13,Economy Saver,True,1,True,6929.00,PRICED,2026-09-06 20:15,ANCHOR_TIMESTAMP,INR,DECLARED_PROTOTYPE_CONSTANT,,phase8-v1
CELL::AMD|DEL|2026-09-13|Economy Standard|T7(5-9)::ROUND::2026-09-05T09:00,AMD,DEL,2026-09-13,Economy Standard,T7(5-9),ROUND::2026-09-05T09:00,2026-09-05 09:00,ANCHORED,0,8408.00,CONSOLIDATED,True,1,Goibibo,4,SINGLE_SOURCE,0.2500,AirlineSite;Cleartrip;MMT,1,1,8408.00,1,1,OBS00208,0,0,8408.00,8408.00,Goibibo=8408.00,8408.00,8408.00,8408.00,0.00,0.00,0.00,AMD,DEL,2026-09-13,Economy Standard,True,2,True,8408.00,PRICED,2026-09-05 09:00,ANCHOR_TIMESTAMP,INR,DECLARED_PROTOTYPE_CONSTANT,,phase8-v1
CELL::AMD|DEL|2026-09-13|Economy Standard|T7(5-9)::ROUND::2026-09-05T14:30,AMD,DEL,2026-09-13,Economy Standard,T7(5-9),ROUND::2026-09-05T14:30,2026-09-05 14:30,ANCHORED,0,8402.00,CONSOLIDATED,True,1,Goibibo,4,SINGLE_SOURCE,0.2500,AirlineSite;Cleartrip;MMT,1,1,8402.00,1,1,OBS00724,0,0,8402.00,8402.00,Goibibo=8402.00,8402.00,8402.00,8402.00,0.00,0.00,0.00,AMD,DEL,2026-09-13,Economy Standard,True,2,True,8402.00,PRICED,2026-09-05 14:30,ANCHOR_TIMESTAMP,INR,DECLARED_PROTOTYPE_CONSTANT,,phase8-v1
CELL::AMD|DEL|2026-09-13|Economy Standard|T7(5-9)::ROUND::2026-09-05T20:15,AMD,DEL,2026-09-13,Economy Standard,T7(5-9),ROUND::2026-09-05T20:15,2026-09-05 20:15,ANCHORED,0,8659.00,CONSOLIDATED,False,2,AirlineSite;Cleartrip,4,PARTIAL_COVERAGE,0.5000,Goibibo;MMT,1,1,8659.00,2,2,OBS01234;OBS01235,0,0,8418.00,8900.00,AirlineSite=8900.00;Cleartrip=8418.00,8418.00,8900.00,8659.00,482.00,482.00,0.00,AMD,DEL,2026-09-13,Economy Standard,True,2,True,8659.00,PRICED,2026-09-05 20:15,ANCHOR_TIMESTAMP,INR,DECLARED_PROTOTYPE_CONSTANT,,phase8-v1
CELL::AMD|DEL|2026-09-13|Economy Standard|T7(5-9)::ROUND::2026-09-06T09:00,AMD,DEL,2026-09-13,Economy Standard,T7(5-9),ROUND::2026-09-06T09:00,2026-09-06 09:00,ANCHORED,0,8841.50,CONSOLIDATED,False,2,AirlineSite;Cleartrip,4,PARTIAL_COVERAGE,0.5000,Goibibo;MMT,2,2,8681.00;9002.00,2,2,OBS01741;OBS01769,0,0,8681.00,9002.00,AirlineSite=8681.00;Cleartrip=9002.00,8681.00,9002.00,8841.50,0.00,0.00,321.00,AMD,DEL,2026-09-13,Economy Standard,True,2,True,8841.50,PRICED,2026-09-06 09:00,ANCHOR_TIMESTAMP,INR,DECLARED_PROTOTYPE_CONSTANT,,phase8-v1
CELL::AMD|DEL|2026-09-13|Economy Standard|T7(5-9)::ROUND::2026-09-06T14:30,AMD,DEL,2026-09-13,Economy Standard,T7(5-9),ROUND::2026-09-06T14:30,2026-09-06 14:30,ANCHORED,0,8535.00,CONSOLIDATED,False,3,AirlineSite;Cleartrip;Goibibo,4,PARTIAL_COVERAGE,0.7500,MMT,2,2,8504.00;8566.00,3,3,OBS02247;OBS02248;OBS02257,0,0,8312.00,8696.00,AirlineSite=8312.00;Cleartrip=8566.00;Goibibo=8696.00,8312.00,8696.00,8566.00,384.00,192.00,62.00,AMD,DEL,2026-09-13,Economy Standard,True,2,True,8535.00,PRICED,2026-09-06 14:30,ANCHOR_TIMESTAMP,INR,DECLARED_PROTOTYPE_CONSTANT,,phase8-v1
CELL::AMD|DEL|2026-09-13|Economy Standard|T7(5-9)::ROUND::2026-09-06T20:15,AMD,DEL,2026-09-13,Economy Standard,T7(5-9),ROUND::2026-09-06T20:15,2026-09-06 20:15,ANCHORED,0,8765.50,CONSOLIDATED,False,4,AirlineSite;EaseMyTrip;Goibibo;MMT,4,FULL_COVERAGE,1.0000,Cleartrip,3,3,8391.00;8765.50;8945.00,6,6,OBS02741;OBS02742;OBS02753;OBS02754;OBS02769;OBS02770,0,0,8255.00,9025.00,AirlineSite=8973.00;EaseMyTrip=8255.00;Goibibo=8558.00;MMT=8865.00,8255.00,8973.00,8711.50,415.00,272.00,554.00,AMD,DEL,2026-09-13,Economy Standard,True,2,True,8765.50,PRICED,2026-09-06 20:15,ANCHOR_TIMESTAMP,INR,DECLARED_PROTOTYPE_CONSTANT,,phase8-v1
CELL::AMD|DEL|2026-09-21|Economy Flexi|T15(12-18)::ROUND::2026-09-05T09:00,AMD,DEL,2026-09-21,Economy Flexi,T15(12-18),ROUND::2026-09-05T09:00,2026-09-05 09:00,ANCHORED,0,8731.00,CONSOLIDATED,True,3,EaseMyTrip;Goibibo;MMT,4,PARTIAL_COVERAGE,0.7500,AirlineSite;Cleartrip,3,3,8529.00;8731.00;8828.00,3,3,OBS00209;OBS00222;OBS00236,0,0,8529.00,8828.00,EaseMyTrip=8529.00;Goibibo=8731.00;MMT=8828.00,8529.00,8828.00,8731.00,0.00,0.00,299.00,AMD,DEL,2026-09-21,Economy Flexi,True,3,True,8731.00,PRICED,2026-09-05 09:00,ANCHOR_TIMESTAMP,INR,DECLARED_PROTOTYPE_CONSTANT,,phase8-v1
CELL::AMD|DEL|2026-09-21|Economy Flexi|T15(12-18)::ROUND::2026-09-05T20:15,AMD,DEL,2026-09-21,Economy Flexi,T15(12-18),ROUND::2026-09-05T20:15,2026-09-05 20:15,ANCHORED,0,8774.50,CONSOLIDATED,False,3,AirlineSite;Cleartrip;EaseMyTrip,4,PARTIAL_COVERAGE,0.7500,Goibibo;MMT,2,2,8536.00;9013.00,4,4,OBS01237;OBS01238;OBS01249;OBS01250,0,0,8477.00,9061.00,AirlineSite=8477.00;Cleartrip=8828.00;EaseMyTrip=8965.00,8477.00,8965.00,8828.00,118.00,107.00,477.00,AMD,DEL,2026-09-21,Economy Flexi,True,3,True,8774.50,PRICED,2026-09-05 20:15,ANCHOR_TIMESTAMP,INR,DECLARED_PROTOTYPE_CONSTANT,,phase8-v1
CELL::AMD|DEL|2026-09-21|Economy Flexi|T15(12-18)::ROUND::2026-09-06T09:00,AMD,DEL,2026-09-21,Economy Flexi,T15(12-18),ROUND::2026-09-06T09:00,2026-09-06 09:00,ANCHORED,0,8940.75,CONSOLIDATED,False,3,Cleartrip;Goibibo;MMT,4,PARTIAL_COVERAGE,0.7500,AirlineSite,2,2,8760.00;9121.50,4,4,OBS01742;OBS01743;OBS01758;OBS01759,0,0,8538.00,9279.00,Cleartrip=8538.00;Goibibo=9279.00;MMT=8973.00,8538.00,9279.00,8973.00,444.00,379.50,361.50,AMD,DEL,2026-09-21,Economy Flexi,True,3,True,8940.75,PRICED,2026-09-06 09:00,ANCHOR_TIMESTAMP,INR,DECLARED_PROTOTYPE_CONSTANT,,phase8-v1
CELL::AMD|DEL|2026-09-21|Economy Flexi|T15(12-18)::ROUND::2026-09-06T14:30,AMD,DEL,2026-09-21,Economy Flexi,T15(12-18),ROUND::2026-09-06T14:30,2026-09-06 14:30,ANCHORED,0,9021.50,CONSOLIDATED,False,4,AirlineSite;Cleartrip;EaseMyTrip;MMT,4,FULL_COVERAGE,1.0000,Goibibo,3,3,8727.00;9021.50;9156.50,6,6,OBS02250;OBS02251;OBS02259;OBS02260;OBS02273;OBS02274,0,0,8693.00,9331.00,AirlineSite=8871.50;Cleartrip=8916.00;EaseMyTrip=9331.00;MMT=8910.00,8871.50,9331.00,8913.00,349.00,211.00,429.50,AMD,DEL,2026-09-21,Economy Flexi,True,3,True,9021.50,PRICED,2026-09-06 14:30,ANCHOR_TIMESTAMP,INR,DECLARED_PROTOTYPE_CONSTANT,,phase8-v1
CELL::AMD|DEL|2026-09-21|Economy Flexi|T15(12-18)::ROUND::2026-09-06T20:15,AMD,DEL,2026-09-21,Economy Flexi,T15(12-18),ROUND::2026-09-06T20:15,2026-09-06 20:15,ANCHORED,0,8873.00,CONSOLIDATED,True,1,MMT,4,SINGLE_SOURCE,0.2500,AirlineSite;Cleartrip;Goibibo,1,1,8873.00,1,1,OBS02744,0,0,8873.00,8873.00,MMT=8873.00,8873.00,8873.00,8873.00,0.00,0.00,0.00,AMD,DEL,2026-09-21,Economy Flexi,True,3,True,8873.00,PRICED,2026-09-06 20:15,ANCHOR_TIMESTAMP,INR,DECLARED_PROTOTYPE_CONSTANT,,phase8-v1
CELL::AMD|DEL|2026-09-21|Economy Saver|T15(12-18)::ROUND::2026-09-05T09:00,AMD,DEL,2026-09-21,Economy Saver,T15(12-18),ROUND::2026-09-05T09:00,2026-09-05 09:00,ANCHORED,0,5886.00,CONSOLIDATED,True,1,AirlineSite,4,SINGLE_SOURCE,0.2500,Cleartrip;Goibibo;MMT,1,1,5886.00,1,1,OBS00221,0,0,5886.00,5886.00,AirlineSite=5886.00,5886.00,5886.00,5886.00,0.00,0.00,0.00,AMD,DEL,2026-09-21,Economy Saver,True,1,True,5886.00,PRICED,2026-09-05 09:00,ANCHOR_TIMESTAMP,INR,DECLARED_PROTOTYPE_CONSTANT,,phase8-v1
CELL::AMD|DEL|2026-09-21|Economy Saver|T15(12-18)::ROUND::2026-09-05T14:30,AMD,DEL,2026-09-21,Economy Saver,T15(12-18),ROUND::2026-09-05T14:30,2026-09-05 14:30,ANCHORED,0,5779.50,CONSOLIDATED,False,2,EaseMyTrip;MMT,4,PARTIAL_COVERAGE,0.5000,AirlineSite;Cleartrip;Goibibo,1,1,5779.50,2,2,OBS00729;OBS00730,0,0,5635.00,5924.00,EaseMyTrip=5924.00;MMT=5635.00,5635.00,5924.00,5779.50,289.00,289.00,0.00,AMD,DEL,2026-09-21,Economy Saver,True,1,True,5779.50,PRICED,2026-09-05 14:30,ANCHOR_TIMESTAMP,INR,DECLARED_PROTOTYPE_CONSTANT,,phase8-v1
CELL::AMD|DEL|2026-09-21|Economy Saver|T15(12-18)::ROUND::2026-09-05T20:15,AMD,DEL,2026-09-21,Economy Saver,T15(12-18),ROUND::2026-09-05T20:15,2026-09-05 20:15,ANCHORED,0,5555.00,CONSOLIDATED,True,1,Goibibo,4,SINGLE_SOURCE,0.2500,AirlineSite;Cleartrip;MMT,1,1,5555.00,1,1,OBS01226,0,0,5555.00,5555.00,Goibibo=5555.00,5555.00,5555.00,5555.00,0.00,0.00,0.00,AMD,DEL,2026-09-21,Economy Saver,True,1,True,5555.00,PRICED,2026-09-05 20:15,ANCHOR_TIMESTAMP,INR,DECLARED_PROTOTYPE_CONSTANT,,phase8-v1
CELL::AMD|DEL|2026-09-21|Economy Saver|T15(12-18)::ROUND::2026-09-06T09:00,AMD,DEL,2026-09-21,Economy Saver,T15(12-18),ROUND::2026-09-06T09:00,2026-09-06 09:00,ANCHORED,0,5766.50,CONSOLIDATED,False,2,Cleartrip;Goibibo,4,PARTIAL_COVERAGE,0.5000,AirlineSite;MMT,1,1,5766.50,2,2,OBS01772;OBS01773,0,0,5524.00,6009.00,Cleartrip=6009.00;Goibibo=5524.00,5524.00,6009.00,5766.50,485.00,485.00,0.00,AMD,DEL,2026-09-21,Economy Saver,True,1,True,5766.50,PRICED,2026-09-06 09:00,ANCHOR_TIMESTAMP,INR,DECLARED_PROTOTYPE_CONSTANT,,phase8-v1
CELL::AMD|DEL|2026-09-21|Economy Saver|T15(12-18)::ROUND::2026-09-06T14:30,AMD,DEL,2026-09-21,Economy Saver,T15(12-18),ROUND::2026-09-06T14:30,2026-09-06 14:30,ANCHORED,0,5842.50,CONSOLIDATED,False,2,Cleartrip;Goibibo,4,PARTIAL_COVERAGE,0.5000,AirlineSite;MMT,2,2,5770.00;5915.00,2,2,OBS02249;OBS02261,0,0,5770.00,5915.00,Cleartrip=5915.00;Goibibo=5770.00,5770.00,5915.00,5842.50,0.00,0.00,145.00,AMD,DEL,2026-09-21,Economy Saver,True,1,True,5842.50,PRICED,2026-09-06 14:30,ANCHOR_TIMESTAMP,INR,DECLARED_PROTOTYPE_CONSTANT,,phase8-v1
CELL::AMD|DEL|2026-09-21|Economy Saver|T15(12-18)::ROUND::2026-09-06T20:15,AMD,DEL,2026-09-21,Economy Saver,T15(12-18),ROUND::2026-09-06T20:15,2026-09-06 20:15,ANCHORED,0,5829.50,CONSOLIDATED,False,3,AirlineSite;Cleartrip;Goibibo,4,PARTIAL_COVERAGE,0.7500,MMT,3,3,5610.00;5829.50;5915.00,5,5,OBS02743;OBS02756;OBS02757;OBS02771;OBS02772,0,0,5610.00,5972.00,AirlineSite=5865.00;Cleartrip=5901.00;Goibibo=5734.00,5734.00,5901.00,5865.00,143.00,114.00,305.00,AMD,DEL,2026-09-21,Economy Saver,True,1,True,5829.50,PRICED,2026-09-06 20:15,ANCHOR_TIMESTAMP,INR,DECLARED_PROTOTYPE_CONSTANT,,phase8-v1
CELL::AMD|DEL|2026-09-21|Economy Standard|T15(12-18)::ROUND::2026-09-05T09:00,AMD,DEL,2026-09-21,Economy Standard,T15(12-18),ROUND::2026-09-05T09:00,2026-09-05 09:00,ANCHORED,0,7326.25,CONSOLIDATED,False,3,EaseMyTrip;Goibibo;MMT,4,PARTIAL_COVERAGE,0.7500,AirlineSite;Cleartrip,2,2,7212.50;7440.00,4,4,OBS00210;OBS00211;OBS00234;OBS00235,0,0,6898.00,7527.00,EaseMyTrip=7130.50;Goibibo=7527.00;MMT=7517.00,7130.50,7527.00,7517.00,629.00,391.50,227.50,AMD,DEL,2026-09-21,Economy Standard,True,2,True,7326.25,PRICED,2026-09-05 09:00,ANCHOR_TIMESTAMP,INR,DECLARED_PROTOTYPE_CONSTANT,,phase8-v1
CELL::AMD|DEL|2026-09-21|Economy Standard|T15(12-18)::ROUND::2026-09-05T14:30,AMD,DEL,2026-09-21,Economy Standard,T15(12-18),ROUND::2026-09-05T14:30,2026-09-05 14:30,ANCHORED,0,7449.00,CONSOLIDATED,True,3,AirlineSite;Cleartrip;Goibibo,4,PARTIAL_COVERAGE,0.7500,MMT,3,3,6964.00;7449.00;7527.00,4,4,OBS00711;OBS00719;OBS00727;OBS00728,0,0,6964.00,7571.00,AirlineSite=7571.00;Cleartrip=7483.00;Goibibo=7206.50,7206.50,7571.00,7483.00,88.00,0.00,563.00,AMD,DEL,2026-09-21,Economy Standard,True,2,True,7449.00,PRICED,2026-09-05 14:30,ANCHOR_TIMESTAMP,INR,DECLARED_PROTOTYPE_CONSTANT,,phase8-v1
CELL::AMD|DEL|2026-09-21|Economy Standard|T15(12-18)::ROUND::2026-09-05T20:15,AMD,DEL,2026-09-21,Economy Standard,T15(12-18),ROUND::2026-09-05T20:15,2026-09-05 20:15,ANCHORED,0,7130.50,CONSOLIDATED,False,3,Cleartrip;EaseMyTrip;MMT,4,PARTIAL_COVERAGE,0.7500,AirlineSite;Goibibo,3,3,7095.50;7130.50;7440.00,6,6,OBS01224;OBS01225;OBS01239;OBS01240;OBS01247;OBS01248,0,0,6839.00,7454.00,Cleartrip=7132.50;EaseMyTrip=7200.00;MMT=7333.50,7132.50,7333.50,7200.00,513.00,165.00,344.50,AMD,DEL,2026-09-21,Economy Standard,True,2,True,7130.50,PRICED,2026-09-05 20:15,ANCHOR_TIMESTAMP,INR,DECLARED_PROTOTYPE_CONSTANT,,phase8-v1
CELL::AMD|DEL|2026-09-21|Economy Standard|T15(12-18)::ROUND::2026-09-06T09:00,AMD,DEL,2026-09-21,Economy Standard,T15(12-18),ROUND::2026-09-06T09:00,2026-09-06 09:00,ANCHORED,0,7471.25,CONSOLIDATED,False,3,AirlineSite;Cleartrip;MMT,4,PARTIAL_COVERAGE,0.7500,Goibibo,2,2,7416.50;7526.00,4,4,OBS01744;OBS01745;OBS01770;OBS01771,0,0,7313.00,7663.00,AirlineSite=7591.50;Cleartrip=7389.00;MMT=7313.00,7313.00,7591.50,7389.00,274.00,240.50,109.50,AMD,DEL,2026-09-21,Economy Standard,True,2,True,7471.25,PRICED,2026-09-06 09:00,ANCHOR_TIMESTAMP,INR,DECLARED_PROTOTYPE_CONSTANT,,phase8-v1
CELL::AMD|DEL|2026-09-21|Economy Standard|T15(12-18)::ROUND::2026-09-06T14:30,AMD,DEL,2026-09-21,Economy Standard,T15(12-18),ROUND::2026-09-06T14:30,2026-09-06 14:30,ANCHORED,0,7589.00,CONSOLIDATED,True,1,EaseMyTrip,4,SINGLE_SOURCE,0.2500,AirlineSite;Cleartrip;Goibibo;MMT,1,1,7589.00,1,1,OBS02272,0,0,7589.00,7589.00,EaseMyTrip=7589.00,7589.00,7589.00,7589.00,0.00,0.00,0.00,AMD,DEL,2026-09-21,Economy Standard,True,2,True,7589.00,PRICED,2026-09-06 14:30,ANCHOR_TIMESTAMP,INR,DECLARED_PROTOTYPE_CONSTANT,,phase8-v1
CELL::AMD|DEL|2026-09-21|Economy Standard|T15(12-18)::ROUND::2026-09-06T20:15,AMD,DEL,2026-09-21,Economy Standard,T15(12-18),ROUND::2026-09-06T20:15,2026-09-06 20:15,ANCHORED,0,7571.75,CONSOLIDATED,False,2,Cleartrip;EaseMyTrip,4,PARTIAL_COVERAGE,0.5000,AirlineSite;Goibibo;MMT,2,2,7509.50;7634.00,3,3,OBS02758;OBS02759;OBS02773,0,0,7333.00,7686.00,Cleartrip=7686.00;EaseMyTrip=7483.50,7483.50,7686.00,7584.75,353.00,176.50,124.50,AMD,DEL,2026-09-21,Economy Standard,True,2,True,7571.75,PRICED,2026-09-06 20:15,ANCHOR_TIMESTAMP,INR,DECLARED_PROTOTYPE_CONSTANT,,phase8-v1
CELL::AMD|DEL|2026-10-06|Economy Flexi|T30(25-35)::ROUND::2026-09-05T09:00,AMD,DEL,2026-10-06,Economy Flexi,T30(25-35),ROUND::2026-09-05T09:00,2026-09-05 09:00,ANCHORED,0,7859.00,CONSOLIDATED,True,2,AirlineSite;Goibibo,4,PARTIAL_COVERAGE,0.5000,Cleartrip;MMT,3,3,7628.00;7859.00;7875.00,3,3,OBS00213;OBS00225;OBS00239,0,0,7628.00,7875.00,AirlineSite=7867.00;Goibibo=7628.00,7628.00,7867.00,7747.50,0.00,0.00,247.00,AMD,DEL,2026-10-06,Economy Flexi,True,3,True,7859.00,PRICED,2026-09-05 09:00,ANCHOR_TIMESTAMP,INR,DECLARED_PROTOTYPE_CONSTANT,,phase8-v1
CELL::AMD|DEL|2026-10-06|Economy Flexi|T30(25-35)::ROUND::2026-09-05T14:30,AMD,DEL,2026-10-06,Economy Flexi,T30(25-35),ROUND::2026-09-05T14:30,2026-09-05 14:30,ANCHORED,0,8199.00,CONSOLIDATED,False,2,AirlineSite;EaseMyTrip,4,PARTIAL_COVERAGE,0.5000,Cleartrip;Goibibo;MMT,2,2,8137.00;8261.00,2,2,OBS00713;OBS00731,0,0,8137.00,8261.00,AirlineSite=8137.00;EaseMyTrip=8261.00,8137.00,8261.00,8199.00,0.00,0.00,124.00,AMD,DEL,2026-10-06,Economy Flexi,True,3,True,8199.00,PRICED,2026-09-05 14:30,ANCHOR_TIMESTAMP,INR,DECLARED_PROTOTYPE_CONSTANT,,phase8-v1
CELL::AMD|DEL|2026-10-06|Economy Flexi|T30(25-35)::ROUND::2026-09-05T20:15,AMD,DEL,2026-10-06,Economy Flexi,T30(25-35),ROUND::2026-09-05T20:15,2026-09-05 20:15,ANCHORED,0,8136.00,CONSOLIDATED,False,2,AirlineSite;MMT,4,PARTIAL_COVERAGE,0.5000,Cleartrip;Goibibo,1,1,8136.00,2,2,OBS01227;OBS01228,0,0,7843.00,8429.00,AirlineSite=8429.00;MMT=7843.00,7843.00,8429.00,8136.00,586.00,586.00,0.00,AMD,DEL,2026-10-06,Economy Flexi,True,3,True,8136.00,PRICED,2026-09-05 20:15,ANCHOR_TIMESTAMP,INR,DECLARED_PROTOTYPE_CONSTANT,,phase8-v1
CELL::AMD|DEL|2026-10-06|Economy Flexi|T30(25-35)::ROUND::2026-09-06T09:00,AMD,DEL,2026-10-06,Economy Flexi,T30(25-35),ROUND::2026-09-06T09:00,2026-09-06 09:00,ANCHORED,0,7821.00,CONSOLIDATED,False,4,Cleartrip;EaseMyTrip;Goibibo;MMT,4,FULL_COVERAGE,1.0000,AirlineSite,3,3,7714.50;7821.00;8178.00,5,5,OBS01746;OBS01747;OBS01760;OBS01761;OBS01774,0,0,7607.00,8178.00,Cleartrip=8178.00;EaseMyTrip=8035.00;Goibibo=7665.00;MMT=7706.00,7665.00,8178.00,7870.50,428.00,17.00,463.50,AMD,DEL,2026-10-06,Economy Flexi,True,3,True,7821.00,PRICED,2026-09-06 09:00,ANCHOR_TIMESTAMP,INR,DECLARED_PROTOTYPE_CONSTANT,,phase8-v1
CELL::AMD|DEL|2026-10-06|Economy Flexi|T30(25-35)::ROUND::2026-09-06T14:30,AMD,DEL,2026-10-06,Economy Flexi,T30(25-35),ROUND::2026-09-06T14:30,2026-09-06 14:30,ANCHORED,0,7941.75,CONSOLIDATED,False,3,Cleartrip;EaseMyTrip;Goibibo,4,PARTIAL_COVERAGE,0.7500,AirlineSite;MMT,2,2,7934.00;7949.50,4,4,OBS02262;OBS02263;OBS02276;OBS02277,0,0,7679.00,8189.00,Cleartrip=7780.00;EaseMyTrip=8018.00;Goibibo=8189.00,7780.00,8189.00,8018.00,510.00,323.50,15.50,AMD,DEL,2026-10-06,Economy Flexi,True,3,True,7941.75,PRICED,2026-09-06 14:30,ANCHOR_TIMESTAMP,INR,DECLARED_PROTOTYPE_CONSTANT,,phase8-v1
CELL::AMD|DEL|2026-10-06|Economy Flexi|T30(25-35)::ROUND::2026-09-06T20:15,AMD,DEL,2026-10-06,Economy Flexi,T30(25-35),ROUND::2026-09-06T20:15,2026-09-06 20:15,ANCHORED,0,8121.50,CONSOLIDATED,False,2,Goibibo;MMT,4,PARTIAL_COVERAGE,0.5000,AirlineSite;Cleartrip,1,1,8121.50,2,2,OBS02774;OBS02775,0,0,7950.00,8293.00,Goibibo=7950.00;MMT=8293.00,7950.00,8293.00,8121.50,343.00,343.00,0.00,AMD,DEL,2026-10-06,Economy Flexi,True,3,True,8121.50,PRICED,2026-09-06 20:15,ANCHOR_TIMESTAMP,INR,DECLARED_PROTOTYPE_CONSTANT,,phase8-v1
CELL::AMD|DEL|2026-10-06|Economy Saver|T30(25-35)::ROUND::2026-09-05T09:00,AMD,DEL,2026-10-06,Economy Saver,T30(25-35),ROUND::2026-09-05T09:00,2026-09-05 09:00,ANCHORED,0,5059.00,CONSOLIDATED,False,3,AirlineSite;EaseMyTrip;MMT,4,PARTIAL_COVERAGE,0.7500,Cleartrip;Goibibo,2,2,5029.00;5089.00,3,3,OBS00212;OBS00223;OBS00224,0,0,4912.00,5146.00,AirlineSite=5089.00;EaseMyTrip=4912.00;MMT=5146.00,4912.00,5146.00,5089.00,234.00,117.00,60.00,AMD,DEL,2026-10-06,Economy Saver,True,1,True,5059.00,PRICED,2026-09-05 09:00,ANCHOR_TIMESTAMP,INR,DECLARED_PROTOTYPE_CONSTANT,,phase8-v1
CELL::AMD|DEL|2026-10-06|Economy Saver|T30(25-35)::ROUND::2026-09-05T14:30,AMD,DEL,2026-10-06,Economy Saver,T30(25-35),ROUND::2026-09-05T14:30,2026-09-05 14:30,ANCHORED,0,5180.00,CONSOLIDATED,False,2,Cleartrip;MMT,4,PARTIAL_COVERAGE,0.5000,AirlineSite;Goibibo,2,2,5071.00;5289.00,2,2,OBS00712;OBS00720,0,0,5071.00,5289.00,Cleartrip=5289.00;MMT=5071.00,5071.00,5289.00,5180.00,0.00,0.00,218.00,AMD,DEL,2026-10-06,Economy Saver,True,1,True,5180.00,PRICED,2026-09-05 14:30,ANCHOR_TIMESTAMP,INR,DECLARED_PROTOTYPE_CONSTANT,,phase8-v1
CELL::AMD|DEL|2026-10-06|Economy Saver|T30(25-35)::ROUND::2026-09-05T20:15,AMD,DEL,2026-10-06,Economy Saver,T30(25-35),ROUND::2026-09-05T20:15,2026-09-05 20:15,ANCHORED,0,5012.00,CONSOLIDATED,True,1,Goibibo,4,SINGLE_SOURCE,0.2500,AirlineSite;Cleartrip;MMT,3,3,4906.00;5012.00;5311.00,3,3,OBS01229;OBS01241;OBS01251,0,0,4906.00,5311.00,Goibibo=5012.00,5012.00,5012.00,5012.00,0.00,0.00,405.00,AMD,DEL,2026-10-06,Economy Saver,True,1,True,5012.00,PRICED,2026-09-05 20:15,ANCHOR_TIMESTAMP,INR,DECLARED_PROTOTYPE_CONSTANT,,phase8-v1
CELL::AMD|DEL|2026-10-06|Economy Saver|T30(25-35)::ROUND::2026-09-06T14:30,AMD,DEL,2026-10-06,Economy Saver,T30(25-35),ROUND::2026-09-06T14:30,2026-09-06 14:30,ANCHORED,0,5093.00,CONSOLIDATED,False,1,MMT,4,SINGLE_SOURCE,0.2500,AirlineSite;Cleartrip;Goibibo,2,2,4972.00;5214.00,2,2,OBS02252;OBS02275,0,0,4972.00,5214.00,MMT=5093.00,5093.00,5093.00,5093.00,0.00,0.00,242.00,AMD,DEL,2026-10-06,Economy Saver,True,1,True,5093.00,PRICED,2026-09-06 14:30,ANCHOR_TIMESTAMP,INR,DECLARED_PROTOTYPE_CONSTANT,,phase8-v1
CELL::AMD|DEL|2026-10-06|Economy Saver|T30(25-35)::ROUND::2026-09-06T20:15,AMD,DEL,2026-10-06,Economy Saver,T30(25-35),ROUND::2026-09-06T20:15,2026-09-06 20:15,ANCHORED,0,5068.25,CONSOLIDATED,False,2,Goibibo;MMT,4,PARTIAL_COVERAGE,0.5000,AirlineSite;Cleartrip,2,2,5019.00;5117.50,3,3,OBS02746;OBS02760;OBS02761,0,0,5019.00,5188.00,Goibibo=5103.50;MMT=5047.00,5047.00,5103.50,5075.25,141.00,70.50,98.50,AMD,DEL,2026-10-06,Economy Saver,True,1,True,5068.25,PRICED,2026-09-06 20:15,ANCHOR_TIMESTAMP,INR,DECLARED_PROTOTYPE_CONSTANT,,phase8-v1
CELL::AMD|DEL|2026-10-06|Economy Standard|T30(25-35)::ROUND::2026-09-05T09:00,AMD,DEL,2026-10-06,Economy Standard,T30(25-35),ROUND::2026-09-05T09:00,2026-09-05 09:00,ANCHORED,0,6578.50,CONSOLIDATED,False,2,AirlineSite;Goibibo,4,PARTIAL_COVERAGE,0.5000,Cleartrip;MMT,1,1,6578.50,2,2,OBS00237;OBS00238,0,0,6466.00,6691.00,AirlineSite=6691.00;Goibibo=6466.00,6466.00,6691.00,6578.50,225.00,225.00,0.00,AMD,DEL,2026-10-06,Economy Standard,True,2,True,6578.50,PRICED,2026-09-05 09:00,ANCHOR_TIMESTAMP,INR,DECLARED_PROTOTYPE_CONSTANT,,phase8-v1
CELL::AMD|DEL|2026-10-06|Economy Standard|T30(25-35)::ROUND::2026-09-05T14:30,AMD,DEL,2026-10-06,Economy Standard,T30(25-35),ROUND::2026-09-05T14:30,2026-09-05 14:30,ANCHORED,0,6577.00,CONSOLIDATED,False,2,EaseMyTrip;Goibibo,4,PARTIAL_COVERAGE,0.5000,AirlineSite;Cleartrip;MMT,1,1,6577.00,2,2,OBS00732;OBS00733,0,0,6465.00,6689.00,EaseMyTrip=6689.00;Goibibo=6465.00,6465.00,6689.00,6577.00,224.00,224.00,0.00,AMD,DEL,2026-10-06,Economy Standard,True,2,True,6577.00,PRICED,2026-09-05 14:30,ANCHOR_TIMESTAMP,INR,DECLARED_PROTOTYPE_CONSTANT,,phase8-v1
CELL::AMD|DEL|2026-10-06|Economy Standard|T30(25-35)::ROUND::2026-09-05T20:15,AMD,DEL,2026-10-06,Economy Standard,T30(25-35),ROUND::2026-09-05T20:15,2026-09-05 20:15,ANCHORED,0,6566.00,CONSOLIDATED,False,2,AirlineSite;MMT,4,PARTIAL_COVERAGE,0.5000,Cleartrip;Goibibo,1,1,6566.00,2,2,OBS01252;OBS01253,0,0,6283.00,6849.00,AirlineSite=6283.00;MMT=6849.00,6283.00,6849.00,6566.00,566.00,566.00,0.00,AMD,DEL,2026-10-06,Economy Standard,True,2,True,6566.00,PRICED,2026-09-05 20:15,ANCHOR_TIMESTAMP,INR,DECLARED_PROTOTYPE_CONSTANT,,phase8-v1
CELL::AMD|DEL|2026-10-06|Economy Standard|T30(25-35)::ROUND::2026-09-06T09:00,AMD,DEL,2026-10-06,Economy Standard,T30(25-35),ROUND::2026-09-06T09:00,2026-09-06 09:00,ANCHORED,0,6475.00,CONSOLIDATED,False,2,EaseMyTrip;Goibibo,4,PARTIAL_COVERAGE,0.5000,AirlineSite;Cleartrip;MMT,1,1,6475.00,2,2,OBS01748;OBS01749,0,0,6276.00,6674.00,EaseMyTrip=6674.00;Goibibo=6276.00,6276.00,6674.00,6475.00,398.00,398.00,0.00,AMD,DEL,2026-10-06,Economy Standard,True,2,True,6475.00,PRICED,2026-09-06 09:00,ANCHOR_TIMESTAMP,INR,DECLARED_PROTOTYPE_CONSTANT,,phase8-v1
CELL::AMD|DEL|2026-10-06|Economy Standard|T30(25-35)::ROUND::2026-09-06T20:15,AMD,DEL,2026-10-06,Economy Standard,T30(25-35),ROUND::2026-09-06T20:15,2026-09-06 20:15,ANCHORED,0,6528.50,CONSOLIDATED,False,1,Cleartrip,4,SINGLE_SOURCE,0.2500,AirlineSite;Goibibo;MMT,2,2,6312.00;6745.00,2,2,OBS02745;OBS02776,0,0,6312.00,6745.00,Cleartrip=6528.50,6528.50,6528.50,6528.50,0.00,0.00,433.00,AMD,DEL,2026-10-06,Economy Standard,True,2,True,6528.50,PRICED,2026-09-06 20:15,ANCHOR_TIMESTAMP,INR,DECLARED_PROTOTYPE_CONSTANT,,phase8-v1
CELL::AMD|DEL|2026-10-22|Economy Flexi|T45(40-50)::ROUND::2026-09-05T09:00,AMD,DEL,2026-10-22,Economy Flexi,T45(40-50),ROUND::2026-09-05T09:00,2026-09-05 09:00,ANCHORED,0,7962.00,CONSOLIDATED,False,2,Cleartrip;Goibibo,4,PARTIAL_COVERAGE,0.5000,AirlineSite;MMT,1,1,7962.00,2,2,OBS00228;OBS00229,0,0,7948.00,7976.00,Cleartrip=7948.00;Goibibo=7976.00,7948.00,7976.00,7962.00,28.00,28.00,0.00,AMD,DEL,2026-10-22,Economy Flexi,True,3,True,7962.00,PRICED,2026-09-05 09:00,ANCHOR_TIMESTAMP,INR,DECLARED_PROTOTYPE_CONSTANT,,phase8-v1
CELL::AMD|DEL|2026-10-22|Economy Flexi|T45(40-50)::ROUND::2026-09-05T14:30,AMD,DEL,2026-10-22,Economy Flexi,T45(40-50),ROUND::2026-09-05T14:30,2026-09-05 14:30,ANCHORED,0,8307.00,CONSOLIDATED,True,1,Goibibo,4,SINGLE_SOURCE,0.2500,AirlineSite;Cleartrip;MMT,1,1,8307.00,1,1,OBS00721,0,0,8307.00,8307.00,Goibibo=8307.00,8307.00,8307.00,8307.00,0.00,0.00,0.00,AMD,DEL,2026-10-22,Economy Flexi,True,3,True,8307.00,PRICED,2026-09-05 14:30,ANCHOR_TIMESTAMP,INR,DECLARED_PROTOTYPE_CONSTANT,,phase8-v1
CELL::AMD|DEL|2026-10-22|Economy Flexi|T45(40-50)::ROUND::2026-09-05T20:15,AMD,DEL,2026-10-22,Economy Flexi,T45(40-50),ROUND::2026-09-05T20:15,2026-09-05 20:15,ANCHORED,0,8190.00,CONSOLIDATED,False,2,AirlineSite;Goibibo,4,PARTIAL_COVERAGE,0.5000,Cleartrip;MMT,1,1,8190.00,2,2,OBS01254;OBS01255,0,0,8085.00,8295.00,AirlineSite=8085.00;Goibibo=8295.00,8085.00,8295.00,8190.00,210.00,210.00,0.00,AMD,DEL,2026-10-22,Economy Flexi,True,3,True,8190.00,PRICED,2026-09-05 20:15,ANCHOR_TIMESTAMP,INR,DECLARED_PROTOTYPE_CONSTANT,,phase8-v1
CELL::AMD|DEL|2026-10-22|Economy Flexi|T45(40-50)::ROUND::2026-09-06T09:00,AMD,DEL,2026-10-22,Economy Flexi,T45(40-50),ROUND::2026-09-06T09:00,2026-09-06 09:00,ANCHORED,0,7997.00,CONSOLIDATED,False,2,Cleartrip;Goibibo,4,PARTIAL_COVERAGE,0.5000,AirlineSite;MMT,1,1,7997.00,2,2,OBS01762;OBS01763,0,0,7920.00,8074.00,Cleartrip=8074.00;Goibibo=7920.00,7920.00,8074.00,7997.00,154.00,154.00,0.00,AMD,DEL,2026-10-22,Economy Flexi,True,3,True,7997.00,PRICED,2026-09-06 09:00,ANCHOR_TIMESTAMP,INR,DECLARED_PROTOTYPE_CONSTANT,,phase8-v1
CELL::AMD|DEL|2026-10-22|Economy Flexi|T45(40-50)::ROUND::2026-09-06T14:30,AMD,DEL,2026-10-22,Economy Flexi,T45(40-50),ROUND::2026-09-06T14:30,2026-09-06 14:30,ANCHORED,0,7681.00,CONSOLIDATED,False,2,EaseMyTrip;MMT,4,PARTIAL_COVERAGE,0.5000,AirlineSite;Cleartrip;Goibibo,1,1,7681.00,2,2,OBS02254;OBS02255,0,0,7666.00,7696.00,EaseMyTrip=7666.00;MMT=7696.00,7666.00,7696.00,7681.00,30.00,30.00,0.00,AMD,DEL,2026-10-22,Economy Flexi,True,3,True,7681.00,PRICED,2026-09-06 14:30,ANCHOR_TIMESTAMP,INR,DECLARED_PROTOTYPE_CONSTANT,,phase8-v1
CELL::AMD|DEL|2026-10-22|Economy Flexi|T45(40-50)::ROUND::2026-09-06T20:15,AMD,DEL,2026-10-22,Economy Flexi,T45(40-50),ROUND::2026-09-06T20:15,2026-09-06 20:15,ANCHORED,0,8007.25,CONSOLIDATED,False,4,AirlineSite;Cleartrip;EaseMyTrip;Goibibo,4,FULL_COVERAGE,1.0000,MMT,2,2,7983.50;8031.00,4,4,OBS02762;OBS02763;OBS02777;OBS02778,0,0,7813.00,8154.00,AirlineSite=8037.00;Cleartrip=8154.00;EaseMyTrip=8025.00;Goibibo=7813.00,7813.00,8154.00,8031.00,341.00,176.50,47.50,AMD,DEL,2026-10-22,Economy Flexi,True,3,True,8007.25,PRICED,2026-09-06 20:15,ANCHOR_TIMESTAMP,INR,DECLARED_PROTOTYPE_CONSTANT,,phase8-v1
CELL::AMD|DEL|2026-10-22|Economy Saver|T45(40-50)::ROUND::2026-09-05T09:00,AMD,DEL,2026-10-22,Economy Saver,T45(40-50),ROUND::2026-09-05T09:00,2026-09-05 09:00,ANCHORED,0,5120.00,CONSOLIDATED,False,2,AirlineSite;MMT,4,PARTIAL_COVERAGE,0.5000,Cleartrip;Goibibo,1,1,5120.00,2,2,OBS00226;OBS00227,0,0,4914.00,5326.00,AirlineSite=5326.00;MMT=4914.00,4914.00,5326.00,5120.00,412.00,412.00,0.00,AMD,DEL,2026-10-22,Economy Saver,True,1,True,5120.00,PRICED,2026-09-05 09:00,ANCHOR_TIMESTAMP,INR,DECLARED_PROTOTYPE_CONSTANT,,phase8-v1
CELL::AMD|DEL|2026-10-22|Economy Saver|T45(40-50)::ROUND::2026-09-05T14:30,AMD,DEL,2026-10-22,Economy Saver,T45(40-50),ROUND::2026-09-05T14:30,2026-09-05 14:30,ANCHORED,0,5062.00,CONSOLIDATED,True,1,AirlineSite,4,SINGLE_SOURCE,0.2500,Cleartrip;Goibibo;MMT,1,1,5062.00,1,1,OBS00714,0,0,5062.00,5062.00,AirlineSite=5062.00,5062.00,5062.00,5062.00,0.00,0.00,0.00,AMD,DEL,2026-10-22,Economy Saver,True,1,True,5062.00,PRICED,2026-09-05 14:30,ANCHOR_TIMESTAMP,INR,DECLARED_PROTOTYPE_CONSTANT,,phase8-v1
CELL::AMD|DEL|2026-10-22|Economy Saver|T45(40-50)::ROUND::2026-09-05T20:15,AMD,DEL,2026-10-22,Economy Saver,T45(40-50),ROUND::2026-09-05T20:15,2026-09-05 20:15,ANCHORED,0,5184.00,CONSOLIDATED,False,2,EaseMyTrip;MMT,4,PARTIAL_COVERAGE,0.5000,AirlineSite;Cleartrip;Goibibo,2,2,5174.00;5194.00,2,2,OBS01230;OBS01244,0,0,5174.00,5194.00,EaseMyTrip=5174.00;MMT=5194.00,5174.00,5194.00,5184.00,0.00,0.00,20.00,AMD,DEL,2026-10-22,Economy Saver,True,1,True,5184.00,PRICED,2026-09-05 20:15,ANCHOR_TIMESTAMP,INR,DECLARED_PROTOTYPE_CONSTANT,,phase8-v1
CELL::AMD|DEL|2026-10-22|Economy Saver|T45(40-50)::ROUND::2026-09-06T09:00,AMD,DEL,2026-10-22,Economy Saver,T45(40-50),ROUND::2026-09-06T09:00,2026-09-06 09:00,ANCHORED,0,5156.25,CONSOLIDATED,False,3,AirlineSite;Goibibo;MMT,4,PARTIAL_COVERAGE,0.7500,Cleartrip,2,2,5027.50;5285.00,3,3,OBS01750;OBS01751;OBS01776,0,0,5018.00,5285.00,AirlineSite=5037.00;Goibibo=5285.00;MMT=5018.00,5018.00,5285.00,5037.00,19.00,9.50,257.50,AMD,DEL,2026-10-22,Economy Saver,True,1,True,5156.25,PRICED,2026-09-06 09:00,ANCHOR_TIMESTAMP,INR,DECLARED_PROTOTYPE_CONSTANT,,phase8-v1
CELL::AMD|DEL|2026-10-22|Economy Saver|T45(40-50)::ROUND::2026-09-06T14:30,AMD,DEL,2026-10-22,Economy Saver,T45(40-50),ROUND::2026-09-06T14:30,2026-09-06 14:30,ANCHORED,0,5169.00,CONSOLIDATED,True,3,AirlineSite;Cleartrip;Goibibo,4,PARTIAL_COVERAGE,0.7500,MMT,3,3,5141.50;5169.00;5336.00,4,4,OBS02253;OBS02264;OBS02265;OBS02279,0,0,5137.00,5336.00,AirlineSite=5146.00;Cleartrip=5169.00;Goibibo=5236.50,5146.00,5236.50,5169.00,9.00,0.00,194.50,AMD,DEL,2026-10-22,Economy Saver,True,1,True,5169.00,PRICED,2026-09-06 14:30,ANCHOR_TIMESTAMP,INR,DECLARED_PROTOTYPE_CONSTANT,,phase8-v1
CELL::AMD|DEL|2026-10-22|Economy Saver|T45(40-50)::ROUND::2026-09-06T20:15,AMD,DEL,2026-10-22,Economy Saver,T45(40-50),ROUND::2026-09-06T20:15,2026-09-06 20:15,ANCHORED,0,5253.50,CONSOLIDATED,False,2,Cleartrip;MMT,4,PARTIAL_COVERAGE,0.5000,AirlineSite;Goibibo,1,1,5253.50,2,2,OBS02747;OBS02748,0,0,5234.00,5273.00,Cleartrip=5273.00;MMT=5234.00,5234.00,5273.00,5253.50,39.00,39.00,0.00,AMD,DEL,2026-10-22,Economy Saver,True,1,True,5253.50,PRICED,2026-09-06 20:15,ANCHOR_TIMESTAMP,INR,DECLARED_PROTOTYPE_CONSTANT,,phase8-v1
CELL::AMD|DEL|2026-10-22|Economy Standard|T45(40-50)::ROUND::2026-09-05T09:00,AMD,DEL,2026-10-22,Economy Standard,T45(40-50),ROUND::2026-09-05T09:00,2026-09-05 09:00,ANCHORED,0,6765.00,CONSOLIDATED,False,2,Cleartrip;Goibibo,4,PARTIAL_COVERAGE,0.5000,AirlineSite;MMT,2,2,6696.00;6834.00,3,3,OBS00214;OBS00215;OBS00240,0,0,6611.00,6834.00,Cleartrip=6722.50;Goibibo=6781.00,6722.50,6781.00,6751.75,170.00,85.00,138.00,AMD,DEL,2026-10-22,Economy Standard,True,2,True,6765.00,PRICED,2026-09-05 09:00,ANCHOR_TIMESTAMP,INR,DECLARED_PROTOTYPE_CONSTANT,,phase8-v1
CELL::AMD|DEL|2026-10-22|Economy Standard|T45(40-50)::ROUND::2026-09-05T14:30,AMD,DEL,2026-10-22,Economy Standard,T45(40-50),ROUND::2026-09-05T14:30,2026-09-05 14:30,ANCHORED,0,6704.00,CONSOLIDATED,True,1,EaseMyTrip,4,SINGLE_SOURCE,0.2500,AirlineSite;Cleartrip;Goibibo;MMT,1,1,6704.00,1,1,OBS00734,0,0,6704.00,6704.00,EaseMyTrip=6704.00,6704.00,6704.00,6704.00,0.00,0.00,0.00,AMD,DEL,2026-10-22,Economy Standard,True,2,True,6704.00,PRICED,2026-09-05 14:30,ANCHOR_TIMESTAMP,INR,DECLARED_PROTOTYPE_CONSTANT,,phase8-v1
CELL::AMD|DEL|2026-10-22|Economy Standard|T45(40-50)::ROUND::2026-09-05T20:15,AMD,DEL,2026-10-22,Economy Standard,T45(40-50),ROUND::2026-09-05T20:15,2026-09-05 20:15,ANCHORED,0,6528.00,CONSOLIDATED,False,2,Cleartrip;MMT,4,PARTIAL_COVERAGE,0.5000,AirlineSite;Goibibo,2,2,6357.00;6699.00,3,3,OBS01231;OBS01242;OBS01243,0,0,6338.00,6699.00,Cleartrip=6518.50;MMT=6376.00,6376.00,6518.50,6447.25,38.00,19.00,342.00,AMD,DEL,2026-10-22,Economy Standard,True,2,True,6528.00,PRICED,2026-09-05 20:15,ANCHOR_TIMESTAMP,INR,DECLARED_PROTOTYPE_CONSTANT,,phase8-v1
CELL::AMD|DEL|2026-10-22|Economy Standard|T45(40-50)::ROUND::2026-09-06T09:00,AMD,DEL,2026-10-22,Economy Standard,T45(40-50),ROUND::2026-09-06T09:00,2026-09-06 09:00,ANCHORED,0,6728.00,CONSOLIDATED,False,2,EaseMyTrip;Goibibo,4,PARTIAL_COVERAGE,0.5000,AirlineSite;Cleartrip;MMT,2,2,6716.00;6740.00,3,3,OBS01764;OBS01765;OBS01775,0,0,6662.00,6818.00,EaseMyTrip=6689.00;Goibibo=6818.00,6689.00,6818.00,6753.50,156.00,78.00,24.00,AMD,DEL,2026-10-22,Economy Standard,True,2,True,6728.00,PRICED,2026-09-06 09:00,ANCHOR_TIMESTAMP,INR,DECLARED_PROTOTYPE_CONSTANT,,phase8-v1
CELL::AMD|DEL|2026-10-22|Economy Standard|T45(40-50)::ROUND::2026-09-06T14:30,AMD,DEL,2026-10-22,Economy Standard,T45(40-50),ROUND::2026-09-06T14:30,2026-09-06 14:30,ANCHORED,0,6376.00,CONSOLIDATED,True,1,EaseMyTrip,4,SINGLE_SOURCE,0.2500,AirlineSite;Cleartrip;Goibibo;MMT,1,1,6376.00,1,1,OBS02278,0,0,6376.00,6376.00,EaseMyTrip=6376.00,6376.00,6376.00,6376.00,0.00,0.00,0.00,AMD,DEL,2026-10-22,Economy Standard,True,2,True,6376.00,PRICED,2026-09-06 14:30,ANCHOR_TIMESTAMP,INR,DECLARED_PROTOTYPE_CONSTANT,,phase8-v1
CELL::AMD|DEL|2026-10-22|Economy Standard|T45(40-50)::ROUND::2026-09-06T20:15,AMD,DEL,2026-10-22,Economy Standard,T45(40-50),ROUND::2026-09-06T20:15,2026-09-06 20:15,ANCHORED,0,6687.00,CONSOLIDATED,True,1,Cleartrip,4,SINGLE_SOURCE,0.2500,AirlineSite;Goibibo;MMT,1,1,6687.00,1,1,OBS02764,0,0,6687.00,6687.00,Cleartrip=6687.00,6687.00,6687.00,6687.00,0.00,0.00,0.00,AMD,DEL,2026-10-22,Economy Standard,True,2,True,6687.00,PRICED,2026-09-06 20:15,ANCHOR_TIMESTAMP,INR,DECLARED_PROTOTYPE_CONSTANT,,phase8-v1
CELL::BLR|BOM|2026-09-07|Economy Flexi|T1(0-2)::ROUND::2026-09-05T14:30,BLR,BOM,2026-09-07,Economy Flexi,T1(0-2),ROUND::2026-09-05T14:30,2026-09-05 14:30,ANCHORED,0,11717.00,CONSOLIDATED,True,1,Goibibo,4,SINGLE_SOURCE,0.2500,AirlineSite;Cleartrip;MMT,1,1,11717.00,1,1,OBS00579,0,0,11717.00,11717.00,Goibibo=11717.00,11717.00,11717.00,11717.00,0.00,0.00,0.00,BLR,BOM,2026-09-07,Economy Flexi,True,3,True,11717.00,PRICED,2026-09-05 14:30,ANCHOR_TIMESTAMP,INR,DECLARED_PROTOTYPE_CONSTANT,,phase8-v1
CELL::BLR|BOM|2026-09-07|Economy Flexi|T1(0-2)::ROUND::2026-09-05T20:15,BLR,BOM,2026-09-07,Economy Flexi,T1(0-2),ROUND::2026-09-05T20:15,2026-09-05 20:15,ANCHORED,0,11767.00,CONSOLIDATED,True,4,AirlineSite;Cleartrip;Goibibo;MMT,4,FULL_COVERAGE,1.0000,,3,3,11373.00;11767.00;11818.00,4,4,OBS01079;OBS01080;OBS01094;OBS01100,0,0,11066.00,11818.00,AirlineSite=11680.00;Cleartrip=11818.00;Goibibo=11066.00;MMT=11767.00,11066.00,11818.00,11723.50,614.00,0.00,445.00,BLR,BOM,2026-09-07,Economy Flexi,True,3,True,11767.00,PRICED,2026-09-05 20:15,ANCHOR_TIMESTAMP,INR,DECLARED_PROTOTYPE_CONSTANT,,phase8-v1
CELL::BLR|BOM|2026-09-07|Economy Flexi|T1(0-2)::ROUND::2026-09-06T09:00,BLR,BOM,2026-09-07,Economy Flexi,T1(0-2),ROUND::2026-09-06T09:00,2026-09-06 09:00,ANCHORED,0,12325.00,CONSOLIDATED,True,1,MMT,4,SINGLE_SOURCE,0.2500,AirlineSite;Cleartrip;Goibibo,1,1,12325.00,1,1,OBS01627,0,0,12325.00,12325.00,MMT=12325.00,12325.00,12325.00,12325.00,0.00,0.00,0.00,BLR,BOM,2026-09-07,Economy Flexi,True,3,True,12325.00,PRICED,2026-09-06 09:00,ANCHOR_TIMESTAMP,INR,DECLARED_PROTOTYPE_CONSTANT,,phase8-v1
CELL::BLR|BOM|2026-09-07|Economy Flexi|T1(0-2)::ROUND::2026-09-06T14:30,BLR,BOM,2026-09-07,Economy Flexi,T1(0-2),ROUND::2026-09-06T14:30,2026-09-06 14:30,ANCHORED,0,11933.00,CONSOLIDATED,False,2,AirlineSite;Goibibo,4,PARTIAL_COVERAGE,0.5000,Cleartrip;MMT,2,2,11813.00;12053.00,3,3,OBS02112;OBS02123;OBS02124,0,0,11356.00,12270.00,AirlineSite=11704.50;Goibibo=12270.00,11704.50,12270.00,11987.25,914.00,457.00,240.00,BLR,BOM,2026-09-07,Economy Flexi,True,3,True,11933.00,PRICED,2026-09-06 14:30,ANCHOR_TIMESTAMP,INR,DECLARED_PROTOTYPE_CONSTANT,,phase8-v1
CELL::BLR|BOM|2026-09-07|Economy Flexi|T1(0-2)::ROUND::2026-09-06T20:15,BLR,BOM,2026-09-07,Economy Flexi,T1(0-2),ROUND::2026-09-06T20:15,2026-09-06 20:15,ANCHORED,0,11817.00,CONSOLIDATED,True,1,MMT,4,SINGLE_SOURCE,0.2500,AirlineSite;Cleartrip;Goibibo,1,1,11817.00,1,1,OBS02615,0,0,11817.00,11817.00,MMT=11817.00,11817.00,11817.00,11817.00,0.00,0.00,0.00,BLR,BOM,2026-09-07,Economy Flexi,True,3,True,11817.00,PRICED,2026-09-06 20:15,ANCHOR_TIMESTAMP,INR,DECLARED_PROTOTYPE_CONSTANT,,phase8-v1
CELL::BLR|BOM|2026-09-07|Economy Saver|T1(0-2)::ROUND::2026-09-05T14:30,BLR,BOM,2026-09-07,Economy Saver,T1(0-2),ROUND::2026-09-05T14:30,2026-09-05 14:30,ANCHORED,0,7513.25,CONSOLIDATED,False,3,AirlineSite;Cleartrip;EaseMyTrip,4,PARTIAL_COVERAGE,0.7500,Goibibo;MMT,2,2,7363.50;7663.00,3,3,OBS00580;OBS00598;OBS00599,0,0,7139.00,7663.00,AirlineSite=7663.00;Cleartrip=7139.00;EaseMyTrip=7588.00,7139.00,7663.00,7588.00,449.00,224.50,299.50,BLR,BOM,2026-09-07,Economy Saver,True,1,True,7513.25,PRICED,2026-09-05 14:30,ANCHOR_TIMESTAMP,INR,DECLARED_PROTOTYPE_CONSTANT,,phase8-v1
CELL::BLR|BOM|2026-09-07|Economy Saver|T1(0-2)::ROUND::2026-09-05T20:15,BLR,BOM,2026-09-07,Economy Saver,T1(0-2),ROUND::2026-09-05T20:15,2026-09-05 20:15,ANCHORED,0,7195.00,CONSOLIDATED,True,1,Goibibo,4,SINGLE_SOURCE,0.2500,AirlineSite;Cleartrip;MMT,1,1,7195.00,1,1,OBS01101,0,0,7195.00,7195.00,Goibibo=7195.00,7195.00,7195.00,7195.00,0.00,0.00,0.00,BLR,BOM,2026-09-07,Economy Saver,True,1,True,7195.00,PRICED,2026-09-05 20:15,ANCHOR_TIMESTAMP,INR,DECLARED_PROTOTYPE_CONSTANT,,phase8-v1
CELL::BLR|BOM|2026-09-07|Economy Saver|T1(0-2)::ROUND::2026-09-06T09:00,BLR,BOM,2026-09-07,Economy Saver,T1(0-2),ROUND::2026-09-06T09:00,2026-09-06 09:00,ANCHORED,0,7289.00,CONSOLIDATED,False,2,Cleartrip;EaseMyTrip,4,PARTIAL_COVERAGE,0.5000,AirlineSite;Goibibo;MMT,1,1,7289.00,2,2,OBS01615;OBS01616,0,0,7159.00,7419.00,Cleartrip=7419.00;EaseMyTrip=7159.00,7159.00,7419.00,7289.00,260.00,260.00,0.00,BLR,BOM,2026-09-07,Economy Saver,True,1,True,7289.00,PRICED,2026-09-06 09:00,ANCHOR_TIMESTAMP,INR,DECLARED_PROTOTYPE_CONSTANT,,phase8-v1
CELL::BLR|BOM|2026-09-07|Economy Saver|T1(0-2)::ROUND::2026-09-06T14:30,BLR,BOM,2026-09-07,Economy Saver,T1(0-2),ROUND::2026-09-06T14:30,2026-09-06 14:30,ANCHORED,0,7524.00,CONSOLIDATED,True,1,MMT,4,SINGLE_SOURCE,0.2500,AirlineSite;Cleartrip;Goibibo,1,1,7524.00,1,1,OBS02103,0,0,7524.00,7524.00,MMT=7524.00,7524.00,7524.00,7524.00,0.00,0.00,0.00,BLR,BOM,2026-09-07,Economy Saver,True,1,True,7524.00,PRICED,2026-09-06 14:30,ANCHOR_TIMESTAMP,INR,DECLARED_PROTOTYPE_CONSTANT,,phase8-v1
CELL::BLR|BOM|2026-09-07|Economy Saver|T1(0-2)::ROUND::2026-09-06T20:15,BLR,BOM,2026-09-07,Economy Saver,T1(0-2),ROUND::2026-09-06T20:15,2026-09-06 20:15,ANCHORED,0,7435.00,CONSOLIDATED,True,3,Cleartrip;EaseMyTrip;MMT,4,PARTIAL_COVERAGE,0.7500,AirlineSite;Goibibo,3,3,7356.00;7435.00;7484.00,4,4,OBS02605;OBS02616;OBS02627;OBS02628,0,0,7347.00,7484.00,Cleartrip=7484.00;EaseMyTrip=7347.00;MMT=7400.00,7347.00,7484.00,7400.00,18.00,0.00,128.00,BLR,BOM,2026-09-07,Economy Saver,True,1,True,7435.00,PRICED,2026-09-06 20:15,ANCHOR_TIMESTAMP,INR,DECLARED_PROTOTYPE_CONSTANT,,phase8-v1
CELL::BLR|BOM|2026-09-07|Economy Standard|T1(0-2)::ROUND::2026-09-05T09:00,BLR,BOM,2026-09-07,Economy Standard,T1(0-2),ROUND::2026-09-05T09:00,2026-09-05 09:00,ANCHORED,0,9254.00,CONSOLIDATED,True,3,AirlineSite;Cleartrip;Goibibo,4,PARTIAL_COVERAGE,0.7500,MMT,3,3,9091.00;9254.00;9452.00,3,3,OBS00066;OBS00077;OBS00088,0,0,9091.00,9452.00,AirlineSite=9254.00;Cleartrip=9091.00;Goibibo=9452.00,9091.00,9452.00,9254.00,0.00,0.00,361.00,BLR,BOM,2026-09-07,Economy Standard,True,2,True,9254.00,PRICED,2026-09-05 09:00,ANCHOR_TIMESTAMP,INR,DECLARED_PROTOTYPE_CONSTANT,,phase8-v1
CELL::BLR|BOM|2026-09-07|Economy Standard|T1(0-2)::ROUND::2026-09-05T14:30,BLR,BOM,2026-09-07,Economy Standard,T1(0-2),ROUND::2026-09-05T14:30,2026-09-05 14:30,ANCHORED,0,9902.00,CONSOLIDATED,True,1,AirlineSite,4,SINGLE_SOURCE,0.2500,Cleartrip;Goibibo;MMT,1,1,9902.00,1,1,OBS00590,0,0,9902.00,9902.00,AirlineSite=9902.00,9902.00,9902.00,9902.00,0.00,0.00,0.00,BLR,BOM,2026-09-07,Economy Standard,True,2,True,9902.00,PRICED,2026-09-05 14:30,ANCHOR_TIMESTAMP,INR,DECLARED_PROTOTYPE_CONSTANT,,phase8-v1
CELL::BLR|BOM|2026-09-07|Economy Standard|T1(0-2)::ROUND::2026-09-05T20:15,BLR,BOM,2026-09-07,Economy Standard,T1(0-2),ROUND::2026-09-05T20:15,2026-09-05 20:15,ANCHORED,0,9354.00,CONSOLIDATED,False,2,EaseMyTrip;MMT,4,PARTIAL_COVERAGE,0.5000,AirlineSite;Cleartrip;Goibibo,1,1,9354.00,2,2,OBS01092;OBS01093,0,0,9181.00,9527.00,EaseMyTrip=9181.00;MMT=9527.00,9181.00,9527.00,9354.00,346.00,346.00,0.00,BLR,BOM,2026-09-07,Economy Standard,True,2,True,9354.00,PRICED,2026-09-05 20:15,ANCHOR_TIMESTAMP,INR,DECLARED_PROTOTYPE_CONSTANT,,phase8-v1
CELL::BLR|BOM|2026-09-07|Economy Standard|T1(0-2)::ROUND::2026-09-06T09:00,BLR,BOM,2026-09-07,Economy Standard,T1(0-2),ROUND::2026-09-06T09:00,2026-09-06 09:00,ANCHORED,0,9855.00,CONSOLIDATED,False,2,Cleartrip;MMT,4,PARTIAL_COVERAGE,0.5000,AirlineSite;Goibibo,1,1,9855.00,2,2,OBS01603;OBS01604,0,0,9816.00,9894.00,Cleartrip=9894.00;MMT=9816.00,9816.00,9894.00,9855.00,78.00,78.00,0.00,BLR,BOM,2026-09-07,Economy Standard,True,2,True,9855.00,PRICED,2026-09-06 09:00,ANCHOR_TIMESTAMP,INR,DECLARED_PROTOTYPE_CONSTANT,,phase8-v1
CELL::BLR|BOM|2026-09-07|Economy Standard|T1(0-2)::ROUND::2026-09-06T14:30,BLR,BOM,2026-09-07,Economy Standard,T1(0-2),ROUND::2026-09-06T14:30,2026-09-06 14:30,ANCHORED,0,9782.00,CONSOLIDATED,True,1,AirlineSite,4,SINGLE_SOURCE,0.2500,Cleartrip;Goibibo;MMT,1,1,9782.00,1,1,OBS02113,0,0,9782.00,9782.00,AirlineSite=9782.00,9782.00,9782.00,9782.00,0.00,0.00,0.00,BLR,BOM,2026-09-07,Economy Standard,True,2,True,9782.00,PRICED,2026-09-06 14:30,ANCHOR_TIMESTAMP,INR,DECLARED_PROTOTYPE_CONSTANT,,phase8-v1
CELL::BLR|BOM|2026-09-07|Economy Standard|T1(0-2)::ROUND::2026-09-06T20:15,BLR,BOM,2026-09-07,Economy Standard,T1(0-2),ROUND::2026-09-06T20:15,2026-09-06 20:15,ANCHORED,0,9398.00,CONSOLIDATED,False,2,EaseMyTrip;Goibibo,4,PARTIAL_COVERAGE,0.5000,AirlineSite;Cleartrip;MMT,1,1,9398.00,2,2,OBS02603;OBS02604,0,0,9270.00,9526.00,EaseMyTrip=9270.00;Goibibo=9526.00,9270.00,9526.00,9398.00,256.00,256.00,0.00,BLR,BOM,2026-09-07,Economy Standard,True,2,True,9398.00,PRICED,2026-09-06 20:15,ANCHOR_TIMESTAMP,INR,DECLARED_PROTOTYPE_CONSTANT,,phase8-v1
CELL::BLR|BOM|2026-09-13|Economy Flexi|T7(5-9)::ROUND::2026-09-05T09:00,BLR,BOM,2026-09-13,Economy Flexi,T7(5-9),ROUND::2026-09-05T09:00,2026-09-05 09:00,ANCHORED,0,10394.50,CONSOLIDATED,False,4,Cleartrip;EaseMyTrip;Goibibo;MMT,4,FULL_COVERAGE,1.0000,AirlineSite,3,3,10306.00;10394.50;10715.00,4,4,OBS00068;OBS00078;OBS00089;OBS00090,0,0,10066.00,10723.00,Cleartrip=10306.00;EaseMyTrip=10723.00;Goibibo=10066.00;MMT=10715.00,10066.00,10723.00,10510.50,657.00,0.00,409.00,BLR,BOM,2026-09-13,Economy Flexi,True,3,True,10394.50,PRICED,2026-09-05 09:00,ANCHOR_TIMESTAMP,INR,DECLARED_PROTOTYPE_CONSTANT,,phase8-v1
CELL::BLR|BOM|2026-09-13|Economy Flexi|T7(5-9)::ROUND::2026-09-05T14:30,BLR,BOM,2026-09-13,Economy Flexi,T7(5-9),ROUND::2026-09-05T14:30,2026-09-05 14:30,ANCHORED,0,10322.25,CONSOLIDATED,False,3,AirlineSite;Cleartrip;Goibibo,4,PARTIAL_COVERAGE,0.7500,MMT,2,2,10114.00;10530.50,4,4,OBS00581;OBS00582;OBS00591;OBS00592,0,0,10070.00,10568.00,AirlineSite=10493.00;Cleartrip=10158.00;Goibibo=10319.00,10158.00,10493.00,10319.00,88.00,81.50,416.50,BLR,BOM,2026-09-13,Economy Flexi,True,3,True,10322.25,PRICED,2026-09-05 14:30,ANCHOR_TIMESTAMP,INR,DECLARED_PROTOTYPE_CONSTANT,,phase8-v1
CELL::BLR|BOM|2026-09-13|Economy Flexi|T7(5-9)::ROUND::2026-09-05T20:15,BLR,BOM,2026-09-13,Economy Flexi,T7(5-9),ROUND::2026-09-05T20:15,2026-09-05 20:15,ANCHORED,0,10420.00,CONSOLIDATED,False,2,AirlineSite;Goibibo,4,PARTIAL_COVERAGE,0.5000,Cleartrip;MMT,2,2,10337.00;10503.00,3,3,OBS01083;OBS01084;OBS01102,0,0,10108.00,10898.00,AirlineSite=10898.00;Goibibo=10222.50,10222.50,10898.00,10560.25,790.00,395.00,166.00,BLR,BOM,2026-09-13,Economy Flexi,True,3,True,10420.00,PRICED,2026-09-05 20:15,ANCHOR_TIMESTAMP,INR,DECLARED_PROTOTYPE_CONSTANT,,phase8-v1
CELL::BLR|BOM|2026-09-13|Economy Flexi|T7(5-9)::ROUND::2026-09-06T09:00,BLR,BOM,2026-09-13,Economy Flexi,T7(5-9),ROUND::2026-09-06T09:00,2026-09-06 09:00,ANCHORED,0,10549.50,CONSOLIDATED,False,3,AirlineSite;Cleartrip;Goibibo,4,PARTIAL_COVERAGE,0.7500,MMT,3,3,10525.00;10549.50;10609.50,5,5,OBS01605;OBS01606;OBS01617;OBS01618;OBS01628,0,0,10237.00,10944.00,AirlineSite=10903.00;Cleartrip=10275.00;Goibibo=10381.00,10275.00,10903.00,10381.00,669.00,625.00,84.50,BLR,BOM,2026-09-13,Economy Flexi,True,3,True,10549.50,PRICED,2026-09-06 09:00,ANCHOR_TIMESTAMP,INR,DECLARED_PROTOTYPE_CONSTANT,,phase8-v1
CELL::BLR|BOM|2026-09-13|Economy Flexi|T7(5-9)::ROUND::2026-09-06T14:30,BLR,BOM,2026-09-13,Economy Flexi,T7(5-9),ROUND::2026-09-06T14:30,2026-09-06 14:30,ANCHORED,0,10676.00,CONSOLIDATED,False,2,Cleartrip;MMT,4,PARTIAL_COVERAGE,0.5000,AirlineSite;Goibibo,1,1,10676.00,2,2,OBS02104;OBS02105,0,0,10243.00,11109.00,Cleartrip=11109.00;MMT=10243.00,10243.00,11109.00,10676.00,866.00,866.00,0.00,BLR,BOM,2026-09-13,Economy Flexi,True,3,True,10676.00,PRICED,2026-09-06 14:30,ANCHOR_TIMESTAMP,INR,DECLARED_PROTOTYPE_CONSTANT,,phase8-v1
CELL::BLR|BOM|2026-09-13|Economy Flexi|T7(5-9)::ROUND::2026-09-06T20:15,BLR,BOM,2026-09-13,Economy Flexi,T7(5-9),ROUND::2026-09-06T20:15,2026-09-06 20:15,ANCHORED,0,10764.00,CONSOLIDATED,True,1,MMT,4,SINGLE_SOURCE,0.2500,AirlineSite;Cleartrip;Goibibo,1,1,10764.00,1,1,OBS02629,0,0,10764.00,10764.00,MMT=10764.00,10764.00,10764.00,10764.00,0.00,0.00,0.00,BLR,BOM,2026-09-13,Economy Flexi,True,3,True,10764.00,PRICED,2026-09-06 20:15,ANCHOR_TIMESTAMP,INR,DECLARED_PROTOTYPE_CONSTANT,,phase8-v1
CELL::BLR|BOM|2026-09-13|Economy Saver|T7(5-9)::ROUND::2026-09-05T09:00,BLR,BOM,2026-09-13,Economy Saver,T7(5-9),ROUND::2026-09-05T09:00,2026-09-05 09:00,ANCHORED,0,6868.00,CONSOLIDATED,True,1,Cleartrip,4,SINGLE_SOURCE,0.2500,AirlineSite;Goibibo;MMT,1,1,6868.00,1,1,OBS00067,0,0,6868.00,6868.00,Cleartrip=6868.00,6868.00,6868.00,6868.00,0.00,0.00,0.00,BLR,BOM,2026-09-13,Economy Saver,True,1,True,6868.00,PRICED,2026-09-05 09:00,ANCHOR_TIMESTAMP,INR,DECLARED_PROTOTYPE_CONSTANT,,phase8-v1
CELL::BLR|BOM|2026-09-13|Economy Saver|T7(5-9)::ROUND::2026-09-05T14:30,BLR,BOM,2026-09-13,Economy Saver,T7(5-9),ROUND::2026-09-05T14:30,2026-09-05 14:30,ANCHORED,0,6758.50,CONSOLIDATED,False,2,Cleartrip;Goibibo,4,PARTIAL_COVERAGE,0.5000,AirlineSite;MMT,1,1,6758.50,2,2,OBS00600;OBS00601,0,0,6673.00,6844.00,Cleartrip=6844.00;Goibibo=6673.00,6673.00,6844.00,6758.50,171.00,171.00,0.00,BLR,BOM,2026-09-13,Economy Saver,True,1,True,6758.50,PRICED,2026-09-05 14:30,ANCHOR_TIMESTAMP,INR,DECLARED_PROTOTYPE_CONSTANT,,phase8-v1
CELL::BLR|BOM|2026-09-13|Economy Saver|T7(5-9)::ROUND::2026-09-05T20:15,BLR,BOM,2026-09-13,Economy Saver,T7(5-9),ROUND::2026-09-05T20:15,2026-09-05 20:15,ANCHORED,0,6965.50,CONSOLIDATED,False,2,Goibibo;MMT,4,PARTIAL_COVERAGE,0.5000,AirlineSite;Cleartrip,1,1,6965.50,2,2,OBS01081;OBS01082,0,0,6914.00,7017.00,Goibibo=7017.00;MMT=6914.00,6914.00,7017.00,6965.50,103.00,103.00,0.00,BLR,BOM,2026-09-13,Economy Saver,True,1,True,6965.50,PRICED,2026-09-05 20:15,ANCHOR_TIMESTAMP,INR,DECLARED_PROTOTYPE_CONSTANT,,phase8-v1
CELL::BLR|BOM|2026-09-13|Economy Saver|T7(5-9)::ROUND::2026-09-06T09:00,BLR,BOM,2026-09-13,Economy Saver,T7(5-9),ROUND::2026-09-06T09:00,2026-09-06 09:00,ANCHORED,0,6703.00,CONSOLIDATED,True,1,AirlineSite,4,SINGLE_SOURCE,0.2500,Cleartrip;Goibibo;MMT,1,1,6703.00,1,1,OBS01607,0,0,6703.00,6703.00,AirlineSite=6703.00,6703.00,6703.00,6703.00,0.00,0.00,0.00,BLR,BOM,2026-09-13,Economy Saver,True,1,True,6703.00,PRICED,2026-09-06 09:00,ANCHOR_TIMESTAMP,INR,DECLARED_PROTOTYPE_CONSTANT,,phase8-v1
CELL::BLR|BOM|2026-09-13|Economy Saver|T7(5-9)::ROUND::2026-09-06T14:30,BLR,BOM,2026-09-13,Economy Saver,T7(5-9),ROUND::2026-09-06T14:30,2026-09-06 14:30,ANCHORED,0,6756.00,CONSOLIDATED,False,2,Cleartrip;MMT,4,PARTIAL_COVERAGE,0.5000,AirlineSite;Goibibo,1,1,6756.00,2,2,OBS02127;OBS02128,0,0,6465.00,7047.00,Cleartrip=7047.00;MMT=6465.00,6465.00,7047.00,6756.00,582.00,582.00,0.00,BLR,BOM,2026-09-13,Economy Saver,True,1,True,6756.00,PRICED,2026-09-06 14:30,ANCHOR_TIMESTAMP,INR,DECLARED_PROTOTYPE_CONSTANT,,phase8-v1
CELL::BLR|BOM|2026-09-13|Economy Saver|T7(5-9)::ROUND::2026-09-06T20:15,BLR,BOM,2026-09-13,Economy Saver,T7(5-9),ROUND::2026-09-06T20:15,2026-09-06 20:15,ANCHORED,0,6713.50,CONSOLIDATED,False,3,Cleartrip;EaseMyTrip;MMT,4,PARTIAL_COVERAGE,0.7500,AirlineSite;Goibibo,2,2,6626.00;6801.00,3,3,OBS02606;OBS02607;OBS02619,0,0,6467.00,6801.00,Cleartrip=6785.00;EaseMyTrip=6801.00;MMT=6467.00,6467.00,6801.00,6785.00,318.00,159.00,175.00,BLR,BOM,2026-09-13,Economy Saver,True,1,True,6713.50,PRICED,2026-09-06 20:15,ANCHOR_TIMESTAMP,INR,DECLARED_PROTOTYPE_CONSTANT,,phase8-v1
CELL::BLR|BOM|2026-09-13|Economy Standard|T7(5-9)::ROUND::2026-09-05T14:30,BLR,BOM,2026-09-13,Economy Standard,T7(5-9),ROUND::2026-09-05T14:30,2026-09-05 14:30,ANCHORED,0,8153.50,CONSOLIDATED,False,1,Cleartrip,4,SINGLE_SOURCE,0.2500,AirlineSite;Goibibo;MMT,2,2,8138.00;8169.00,2,2,OBS00593;OBS02987,0,0,8138.00,8169.00,Cleartrip=8153.50,8153.50,8153.50,8153.50,0.00,0.00,31.00,BLR,BOM,2026-09-13,Economy Standard,True,2,True,8153.50,PRICED,2026-09-05 14:30,ANCHOR_TIMESTAMP,INR,DECLARED_PROTOTYPE_CONSTANT,,phase8-v1
CELL::BLR|BOM|2026-09-13|Economy Standard|T7(5-9)::ROUND::2026-09-05T20:15,BLR,BOM,2026-09-13,Economy Standard,T7(5-9),ROUND::2026-09-05T20:15,2026-09-05 20:15,ANCHORED,0,8591.00,CONSOLIDATED,False,2,EaseMyTrip;MMT,4,PARTIAL_COVERAGE,0.5000,AirlineSite;Cleartrip;Goibibo,2,2,8320.00;8862.00,2,2,OBS01095;OBS01103,0,0,8320.00,8862.00,EaseMyTrip=8862.00;MMT=8320.00,8320.00,8862.00,8591.00,0.00,0.00,542.00,BLR,BOM,2026-09-13,Economy Standard,True,2,True,8591.00,PRICED,2026-09-05 20:15,ANCHOR_TIMESTAMP,INR,DECLARED_PROTOTYPE_CONSTANT,,phase8-v1
CELL::BLR|BOM|2026-09-13|Economy Standard|T7(5-9)::ROUND::2026-09-06T14:30,BLR,BOM,2026-09-13,Economy Standard,T7(5-9),ROUND::2026-09-06T14:30,2026-09-06 14:30,ANCHORED,0,8704.00,CONSOLIDATED,False,3,AirlineSite;Goibibo;MMT,4,PARTIAL_COVERAGE,0.7500,Cleartrip,2,2,8630.00;8778.00,3,3,OBS02114;OBS02125;OBS02126,0,0,8630.00,8825.00,AirlineSite=8731.00;Goibibo=8630.00;MMT=8825.00,8630.00,8825.00,8731.00,94.00,47.00,148.00,BLR,BOM,2026-09-13,Economy Standard,True,2,True,8704.00,PRICED,2026-09-06 14:30,ANCHOR_TIMESTAMP,INR,DECLARED_PROTOTYPE_CONSTANT,,phase8-v1
CELL::BLR|BOM|2026-09-13|Economy Standard|T7(5-9)::ROUND::2026-09-06T20:15,BLR,BOM,2026-09-13,Economy Standard,T7(5-9),ROUND::2026-09-06T20:15,2026-09-06 20:15,ANCHORED,0,8675.75,CONSOLIDATED,False,3,Cleartrip;EaseMyTrip;MMT,4,PARTIAL_COVERAGE,0.7500,AirlineSite;Goibibo,2,2,8480.00;8871.50,3,3,OBS02617;OBS02618;OBS02630,0,0,8480.00,9016.00,Cleartrip=9016.00;EaseMyTrip=8480.00;MMT=8727.00,8480.00,9016.00,8727.00,289.00,144.50,391.50,BLR,BOM,2026-09-13,Economy Standard,True,2,True,8675.75,PRICED,2026-09-06 20:15,ANCHOR_TIMESTAMP,INR,DECLARED_PROTOTYPE_CONSTANT,,phase8-v1
CELL::BLR|BOM|2026-09-21|Economy Flexi|T15(12-18)::ROUND::2026-09-05T09:00,BLR,BOM,2026-09-21,Economy Flexi,T15(12-18),ROUND::2026-09-05T09:00,2026-09-05 09:00,ANCHORED,0,8873.00,CONSOLIDATED,False,4,Cleartrip;EaseMyTrip;Goibibo;MMT,4,FULL_COVERAGE,1.0000,AirlineSite,3,3,8832.50;8873.00;8931.00,6,6,OBS00071;OBS00072;OBS00079;OBS00080;OBS00093;OBS00094,0,0,8643.00,9136.00,Cleartrip=8719.00;EaseMyTrip=8726.00;Goibibo=9136.00;MMT=9103.00,8719.00,9136.00,8914.50,460.00,410.00,98.50,BLR,BOM,2026-09-21,Economy Flexi,True,3,True,8873.00,PRICED,2026-09-05 09:00,ANCHOR_TIMESTAMP,INR,DECLARED_PROTOTYPE_CONSTANT,,phase8-v1
CELL::BLR|BOM|2026-09-21|Economy Flexi|T15(12-18)::ROUND::2026-09-05T14:30,BLR,BOM,2026-09-21,Economy Flexi,T15(12-18),ROUND::2026-09-05T14:30,2026-09-05 14:30,ANCHORED,0,8770.25,CONSOLIDATED,False,3,AirlineSite;Cleartrip;Goibibo,4,PARTIAL_COVERAGE,0.7500,MMT,2,2,8720.50;8820.00,4,4,OBS00583;OBS00584;OBS00594;OBS00595,0,0,8600.00,8970.00,AirlineSite=8785.00;Cleartrip=8841.00;Goibibo=8670.00,8670.00,8841.00,8785.00,300.00,270.50,99.50,BLR,BOM,2026-09-21,Economy Flexi,True,3,True,8770.25,PRICED,2026-09-05 14:30,ANCHOR_TIMESTAMP,INR,DECLARED_PROTOTYPE_CONSTANT,,phase8-v1
CELL::BLR|BOM|2026-09-21|Economy Flexi|T15(12-18)::ROUND::2026-09-05T20:15,BLR,BOM,2026-09-21,Economy Flexi,T15(12-18),ROUND::2026-09-05T20:15,2026-09-05 20:15,ANCHORED,0,8616.00,CONSOLIDATED,True,1,MMT,4,SINGLE_SOURCE,0.2500,AirlineSite;Cleartrip;Goibibo,1,1,8616.00,1,1,OBS01096,0,0,8616.00,8616.00,MMT=8616.00,8616.00,8616.00,8616.00,0.00,0.00,0.00,BLR,BOM,2026-09-21,Economy Flexi,True,3,True,8616.00,PRICED,2026-09-05 20:15,ANCHOR_TIMESTAMP,INR,DECLARED_PROTOTYPE_CONSTANT,,phase8-v1
CELL::BLR|BOM|2026-09-21|Economy Flexi|T15(12-18)::ROUND::2026-09-06T09:00,BLR,BOM,2026-09-21,Economy Flexi,T15(12-18),ROUND::2026-09-06T09:00,2026-09-06 09:00,ANCHORED,0,8772.00,CONSOLIDATED,True,1,AirlineSite,4,SINGLE_SOURCE,0.2500,Cleartrip;Goibibo;MMT,1,1,8772.00,1,1,OBS01629,0,0,8772.00,8772.00,AirlineSite=8772.00,8772.00,8772.00,8772.00,0.00,0.00,0.00,BLR,BOM,2026-09-21,Economy Flexi,True,3,True,8772.00,PRICED,2026-09-06 09:00,ANCHOR_TIMESTAMP,INR,DECLARED_PROTOTYPE_CONSTANT,,phase8-v1
CELL::BLR|BOM|2026-09-21|Economy Flexi|T15(12-18)::ROUND::2026-09-06T14:30,BLR,BOM,2026-09-21,Economy Flexi,T15(12-18),ROUND::2026-09-06T14:30,2026-09-06 14:30,ANCHORED,0,9058.50,CONSOLIDATED,False,2,AirlineSite;MMT,4,PARTIAL_COVERAGE,0.5000,Cleartrip;Goibibo,1,1,9058.50,2,2,OBS02130;OBS02131,0,0,8695.00,9422.00,AirlineSite=9422.00;MMT=8695.00,8695.00,9422.00,9058.50,727.00,727.00,0.00,BLR,BOM,2026-09-21,Economy Flexi,True,3,True,9058.50,PRICED,2026-09-06 14:30,ANCHOR_TIMESTAMP,INR,DECLARED_PROTOTYPE_CONSTANT,,phase8-v1
CELL::BLR|BOM|2026-09-21|Economy Flexi|T15(12-18)::ROUND::2026-09-06T20:15,BLR,BOM,2026-09-21,Economy Flexi,T15(12-18),ROUND::2026-09-06T20:15,2026-09-06 20:15,ANCHORED,0,9048.00,CONSOLIDATED,True,1,Cleartrip,4,SINGLE_SOURCE,0.2500,AirlineSite;Goibibo;MMT,1,1,9048.00,1,1,OBS02622,0,0,9048.00,9048.00,Cleartrip=9048.00,9048.00,9048.00,9048.00,0.00,0.00,0.00,BLR,BOM,2026-09-21,Economy Flexi,True,3,True,9048.00,PRICED,2026-09-06 20:15,ANCHOR_TIMESTAMP,INR,DECLARED_PROTOTYPE_CONSTANT,,phase8-v1
CELL::BLR|BOM|2026-09-21|Economy Saver|T15(12-18)::ROUND::2026-09-05T09:00,BLR,BOM,2026-09-21,Economy Saver,T15(12-18),ROUND::2026-09-05T09:00,2026-09-05 09:00,ANCHORED,0,5642.00,CONSOLIDATED,True,3,AirlineSite;Goibibo;MMT,4,PARTIAL_COVERAGE,0.7500,Cleartrip,3,3,5510.50;5642.00;5748.00,5,5,OBS00069;OBS00070;OBS00081;OBS00091;OBS00092,0,0,5479.00,5834.00,AirlineSite=5834.00;Goibibo=5479.00;MMT=5642.00,5479.00,5834.00,5642.00,172.00,63.00,237.50,BLR,BOM,2026-09-21,Economy Saver,True,1,True,5642.00,PRICED,2026-09-05 09:00,ANCHOR_TIMESTAMP,INR,DECLARED_PROTOTYPE_CONSTANT,,phase8-v1
CELL::BLR|BOM|2026-09-21|Economy Saver|T15(12-18)::ROUND::2026-09-05T20:15,BLR,BOM,2026-09-21,Economy Saver,T15(12-18),ROUND::2026-09-05T20:15,2026-09-05 20:15,ANCHORED,0,5580.00,CONSOLIDATED,True,1,EaseMyTrip,4,SINGLE_SOURCE,0.2500,AirlineSite;Cleartrip;Goibibo;MMT,1,1,5580.00,1,1,OBS01085,0,0,5580.00,5580.00,EaseMyTrip=5580.00,5580.00,5580.00,5580.00,0.00,0.00,0.00,BLR,BOM,2026-09-21,Economy Saver,True,1,True,5580.00,PRICED,2026-09-05 20:15,ANCHOR_TIMESTAMP,INR,DECLARED_PROTOTYPE_CONSTANT,,phase8-v1
CELL::BLR|BOM|2026-09-21|Economy Saver|T15(12-18)::ROUND::2026-09-06T09:00,BLR,BOM,2026-09-21,Economy Saver,T15(12-18),ROUND::2026-09-06T09:00,2026-09-06 09:00,ANCHORED,0,5827.50,CONSOLIDATED,False,3,AirlineSite;Cleartrip;EaseMyTrip,4,PARTIAL_COVERAGE,0.7500,Goibibo;MMT,2,2,5745.00;5910.00,3,3,OBS01608;OBS01619;OBS01620,0,0,5705.00,5910.00,AirlineSite=5785.00;Cleartrip=5910.00;EaseMyTrip=5705.00,5705.00,5910.00,5785.00,80.00,40.00,165.00,BLR,BOM,2026-09-21,Economy Saver,True,1,True,5827.50,PRICED,2026-09-06 09:00,ANCHOR_TIMESTAMP,INR,DECLARED_PROTOTYPE_CONSTANT,,phase8-v1
CELL::BLR|BOM|2026-09-21|Economy Saver|T15(12-18)::ROUND::2026-09-06T14:30,BLR,BOM,2026-09-21,Economy Saver,T15(12-18),ROUND::2026-09-06T14:30,2026-09-06 14:30,ANCHORED,0,5939.50,CONSOLIDATED,False,2,EaseMyTrip;Goibibo,4,PARTIAL_COVERAGE,0.5000,AirlineSite;Cleartrip;MMT,2,2,5847.00;6032.00,2,2,OBS02116;OBS02129,0,0,5847.00,6032.00,EaseMyTrip=5847.00;Goibibo=6032.00,5847.00,6032.00,5939.50,0.00,0.00,185.00,BLR,BOM,2026-09-21,Economy Saver,True,1,True,5939.50,PRICED,2026-09-06 14:30,ANCHOR_TIMESTAMP,INR,DECLARED_PROTOTYPE_CONSTANT,,phase8-v1
CELL::BLR|BOM|2026-09-21|Economy Saver|T15(12-18)::ROUND::2026-09-06T20:15,BLR,BOM,2026-09-21,Economy Saver,T15(12-18),ROUND::2026-09-06T20:15,2026-09-06 20:15,ANCHORED,0,5644.75,CONSOLIDATED,False,4,AirlineSite;Cleartrip;Goibibo;MMT,4,FULL_COVERAGE,1.0000,,2,2,5598.00;5691.50,4,4,OBS02620;OBS02621;OBS02631;OBS02632,0,0,5588.00,5752.00,AirlineSite=5631.00;Cleartrip=5608.00;Goibibo=5752.00;MMT=5588.00,5588.00,5752.00,5619.50,121.00,70.50,93.50,BLR,BOM,2026-09-21,Economy Saver,True,1,True,5644.75,PRICED,2026-09-06 20:15,ANCHOR_TIMESTAMP,INR,DECLARED_PROTOTYPE_CONSTANT,,phase8-v1
CELL::BLR|BOM|2026-09-21|Economy Standard|T15(12-18)::ROUND::2026-09-05T14:30,BLR,BOM,2026-09-21,Economy Standard,T15(12-18),ROUND::2026-09-05T14:30,2026-09-05 14:30,ANCHORED,0,6966.50,CONSOLIDATED,False,2,Cleartrip;EaseMyTrip,4,PARTIAL_COVERAGE,0.5000,AirlineSite;Goibibo;MMT,1,1,6966.50,2,2,OBS00602;OBS00603,0,0,6966.00,6967.00,Cleartrip=6966.00;EaseMyTrip=6967.00,6966.00,6967.00,6966.50,1.00,1.00,0.00,BLR,BOM,2026-09-21,Economy Standard,True,2,True,6966.50,PRICED,2026-09-05 14:30,ANCHOR_TIMESTAMP,INR,DECLARED_PROTOTYPE_CONSTANT,,phase8-v1
CELL::BLR|BOM|2026-09-21|Economy Standard|T15(12-18)::ROUND::2026-09-05T20:15,BLR,BOM,2026-09-21,Economy Standard,T15(12-18),ROUND::2026-09-05T20:15,2026-09-05 20:15,ANCHORED,0,7196.50,CONSOLIDATED,False,2,EaseMyTrip;MMT,4,PARTIAL_COVERAGE,0.5000,AirlineSite;Cleartrip;Goibibo,1,1,7196.50,2,2,OBS01104;OBS01105,0,0,7033.00,7360.00,EaseMyTrip=7033.00;MMT=7360.00,7033.00,7360.00,7196.50,327.00,327.00,0.00,BLR,BOM,2026-09-21,Economy Standard,True,2,True,7196.50,PRICED,2026-09-05 20:15,ANCHOR_TIMESTAMP,INR,DECLARED_PROTOTYPE_CONSTANT,,phase8-v1
CELL::BLR|BOM|2026-09-21|Economy Standard|T15(12-18)::ROUND::2026-09-06T09:00,BLR,BOM,2026-09-21,Economy Standard,T15(12-18),ROUND::2026-09-06T09:00,2026-09-06 09:00,ANCHORED,0,7537.00,CONSOLIDATED,False,2,Cleartrip;Goibibo,4,PARTIAL_COVERAGE,0.5000,AirlineSite;MMT,1,1,7537.00,2,2,OBS01609;OBS01610,0,0,7518.00,7556.00,Cleartrip=7518.00;Goibibo=7556.00,7518.00,7556.00,7537.00,38.00,38.00,0.00,BLR,BOM,2026-09-21,Economy Standard,True,2,True,7537.00,PRICED,2026-09-06 09:00,ANCHOR_TIMESTAMP,INR,DECLARED_PROTOTYPE_CONSTANT,,phase8-v1
CELL::BLR|BOM|2026-09-21|Economy Standard|T15(12-18)::ROUND::2026-09-06T14:30,BLR,BOM,2026-09-21,Economy Standard,T15(12-18),ROUND::2026-09-06T14:30,2026-09-06 14:30,ANCHORED,0,7512.00,CONSOLIDATED,False,3,AirlineSite;Cleartrip;Goibibo,4,PARTIAL_COVERAGE,0.7500,MMT,2,2,7377.00;7647.00,3,3,OBS02106;OBS02107;OBS02115,0,0,7377.00,7725.00,AirlineSite=7725.00;Cleartrip=7569.00;Goibibo=7377.00,7377.00,7725.00,7569.00,156.00,78.00,270.00,BLR,BOM,2026-09-21,Economy Standard,True,2,True,7512.00,PRICED,2026-09-06 14:30,ANCHOR_TIMESTAMP,INR,DECLARED_PROTOTYPE_CONSTANT,,phase8-v1
CELL::BLR|BOM|2026-09-21|Economy Standard|T15(12-18)::ROUND::2026-09-06T20:15,BLR,BOM,2026-09-21,Economy Standard,T15(12-18),ROUND::2026-09-06T20:15,2026-09-06 20:15,ANCHORED,0,7441.00,CONSOLIDATED,False,2,Cleartrip;Goibibo,4,PARTIAL_COVERAGE,0.5000,AirlineSite;MMT,1,1,7441.00,2,2,OBS02608;OBS02609,0,0,7299.00,7583.00,Cleartrip=7299.00;Goibibo=7583.00,7299.00,7583.00,7441.00,284.00,284.00,0.00,BLR,BOM,2026-09-21,Economy Standard,True,2,True,7441.00,PRICED,2026-09-06 20:15,ANCHOR_TIMESTAMP,INR,DECLARED_PROTOTYPE_CONSTANT,,phase8-v1
CELL::BLR|BOM|2026-10-06|Economy Flexi|T30(25-35)::ROUND::2026-09-05T09:00,BLR,BOM,2026-10-06,Economy Flexi,T30(25-35),ROUND::2026-09-05T09:00,2026-09-05 09:00,ANCHORED,0,7906.00,CONSOLIDATED,False,4,AirlineSite;Cleartrip;Goibibo;MMT,4,FULL_COVERAGE,1.0000,,2,2,7889.00;7923.00,4,4,OBS00082;OBS00083;OBS00096;OBS00097,0,0,7809.00,8012.00,AirlineSite=8012.00;Cleartrip=7809.00;Goibibo=7834.00;MMT=7969.00,7809.00,8012.00,7901.50,178.00,169.00,34.00,BLR,BOM,2026-10-06,Economy Flexi,True,3,True,7906.00,PRICED,2026-09-05 09:00,ANCHOR_TIMESTAMP,INR,DECLARED_PROTOTYPE_CONSTANT,,phase8-v1
CELL::BLR|BOM|2026-10-06|Economy Flexi|T30(25-35)::ROUND::2026-09-05T14:30,BLR,BOM,2026-10-06,Economy Flexi,T30(25-35),ROUND::2026-09-05T14:30,2026-09-05 14:30,ANCHORED,0,7960.50,CONSOLIDATED,False,2,AirlineSite;Goibibo,4,PARTIAL_COVERAGE,0.5000,Cleartrip;MMT,2,2,7897.00;8024.00,2,2,OBS00585;OBS00605,0,0,7897.00,8024.00,AirlineSite=8024.00;Goibibo=7897.00,7897.00,8024.00,7960.50,0.00,0.00,127.00,BLR,BOM,2026-10-06,Economy Flexi,True,3,True,7960.50,PRICED,2026-09-05 14:30,ANCHOR_TIMESTAMP,INR,DECLARED_PROTOTYPE_CONSTANT,,phase8-v1
CELL::BLR|BOM|2026-10-06|Economy Flexi|T30(25-35)::ROUND::2026-09-05T20:15,BLR,BOM,2026-10-06,Economy Flexi,T30(25-35),ROUND::2026-09-05T20:15,2026-09-05 20:15,ANCHORED,0,8085.50,CONSOLIDATED,False,3,Cleartrip;Goibibo;MMT,4,PARTIAL_COVERAGE,0.7500,AirlineSite,2,2,8011.00;8160.00,3,3,OBS01086;OBS01106;OBS01107,0,0,7892.00,8160.00,Cleartrip=8160.00;Goibibo=8130.00;MMT=7892.00,7892.00,8160.00,8130.00,238.00,119.00,149.00,BLR,BOM,2026-10-06,Economy Flexi,True,3,True,8085.50,PRICED,2026-09-05 20:15,ANCHOR_TIMESTAMP,INR,DECLARED_PROTOTYPE_CONSTANT,,phase8-v1
CELL::BLR|BOM|2026-10-06|Economy Flexi|T30(25-35)::ROUND::2026-09-06T09:00,BLR,BOM,2026-10-06,Economy Flexi,T30(25-35),ROUND::2026-09-06T09:00,2026-09-06 09:00,ANCHORED,0,7932.00,CONSOLIDATED,True,4,AirlineSite;Cleartrip;Goibibo;MMT,4,FULL_COVERAGE,1.0000,,3,3,7924.00;7932.00;8023.50,5,5,OBS01612;OBS01622;OBS01623;OBS01630;OBS01631,0,0,7746.00,8301.00,AirlineSite=7889.00;Cleartrip=7959.00;Goibibo=8301.00;MMT=7839.00,7839.00,8301.00,7924.00,555.00,70.00,99.50,BLR,BOM,2026-10-06,Economy Flexi,True,3,True,7932.00,PRICED,2026-09-06 09:00,ANCHOR_TIMESTAMP,INR,DECLARED_PROTOTYPE_CONSTANT,,phase8-v1
CELL::BLR|BOM|2026-10-06|Economy Flexi|T30(25-35)::ROUND::2026-09-06T14:30,BLR,BOM,2026-10-06,Economy Flexi,T30(25-35),ROUND::2026-09-06T14:30,2026-09-06 14:30,ANCHORED,0,7998.00,CONSOLIDATED,False,4,AirlineSite;Cleartrip;EaseMyTrip;Goibibo,4,FULL_COVERAGE,1.0000,MMT,3,3,7954.00;7998.00;8034.00,5,5,OBS02108;OBS02109;OBS02118;OBS02119;OBS02134,0,0,7896.00,8100.00,AirlineSite=8034.00;Cleartrip=7927.00;EaseMyTrip=8100.00;Goibibo=7950.00,7927.00,8100.00,7992.00,204.00,8.00,80.00,BLR,BOM,2026-10-06,Economy Flexi,True,3,True,7998.00,PRICED,2026-09-06 14:30,ANCHOR_TIMESTAMP,INR,DECLARED_PROTOTYPE_CONSTANT,,phase8-v1
CELL::BLR|BOM|2026-10-06|Economy Flexi|T30(25-35)::ROUND::2026-09-06T20:15,BLR,BOM,2026-10-06,Economy Flexi,T30(25-35),ROUND::2026-09-06T20:15,2026-09-06 20:15,ANCHORED,0,7921.00,CONSOLIDATED,False,1,MMT,4,SINGLE_SOURCE,0.2500,AirlineSite;Cleartrip;Goibibo,2,2,7860.00;7982.00,2,2,OBS02610;OBS02623,0,0,7860.00,7982.00,MMT=7921.00,7921.00,7921.00,7921.00,0.00,0.00,122.00,BLR,BOM,2026-10-06,Economy Flexi,True,3,True,7921.00,PRICED,2026-09-06 20:15,ANCHOR_TIMESTAMP,INR,DECLARED_PROTOTYPE_CONSTANT,,phase8-v1
CELL::BLR|BOM|2026-10-06|Economy Saver|T30(25-35)::ROUND::2026-09-05T09:00,BLR,BOM,2026-10-06,Economy Saver,T30(25-35),ROUND::2026-09-05T09:00,2026-09-05 09:00,ANCHORED,0,5021.00,CONSOLIDATED,True,1,Goibibo,4,SINGLE_SOURCE,0.2500,AirlineSite;Cleartrip;MMT,1,1,5021.00,1,1,OBS00073,0,0,5021.00,5021.00,Goibibo=5021.00,5021.00,5021.00,5021.00,0.00,0.00,0.00,BLR,BOM,2026-10-06,Economy Saver,True,1,True,5021.00,PRICED,2026-09-05 09:00,ANCHOR_TIMESTAMP,INR,DECLARED_PROTOTYPE_CONSTANT,,phase8-v1
CELL::BLR|BOM|2026-10-06|Economy Saver|T30(25-35)::ROUND::2026-09-05T14:30,BLR,BOM,2026-10-06,Economy Saver,T30(25-35),ROUND::2026-09-05T14:30,2026-09-05 14:30,ANCHORED,0,5016.00,CONSOLIDATED,True,3,AirlineSite;EaseMyTrip;Goibibo,4,PARTIAL_COVERAGE,0.7500,Cleartrip;MMT,3,3,4859.00;5016.00;5258.00,4,4,OBS00586;OBS00587;OBS00596;OBS00604,0,0,4859.00,5396.00,AirlineSite=5396.00;EaseMyTrip=4989.50;Goibibo=5016.00,4989.50,5396.00,5016.00,276.00,0.00,399.00,BLR,BOM,2026-10-06,Economy Saver,True,1,True,5016.00,PRICED,2026-09-05 14:30,ANCHOR_TIMESTAMP,INR,DECLARED_PROTOTYPE_CONSTANT,,phase8-v1
CELL::BLR|BOM|2026-10-06|Economy Saver|T30(25-35)::ROUND::2026-09-05T20:15,BLR,BOM,2026-10-06,Economy Saver,T30(25-35),ROUND::2026-09-05T20:15,2026-09-05 20:15,ANCHORED,0,5301.50,CONSOLIDATED,False,2,Cleartrip;MMT,4,PARTIAL_COVERAGE,0.5000,AirlineSite;Goibibo,1,1,5301.50,2,2,OBS01087;OBS01088,0,0,5293.00,5310.00,Cleartrip=5293.00;MMT=5310.00,5293.00,5310.00,5301.50,17.00,17.00,0.00,BLR,BOM,2026-10-06,Economy Saver,True,1,True,5301.50,PRICED,2026-09-05 20:15,ANCHOR_TIMESTAMP,INR,DECLARED_PROTOTYPE_CONSTANT,,phase8-v1
CELL::BLR|BOM|2026-10-06|Economy Saver|T30(25-35)::ROUND::2026-09-06T09:00,BLR,BOM,2026-10-06,Economy Saver,T30(25-35),ROUND::2026-09-06T09:00,2026-09-06 09:00,ANCHORED,0,5231.00,CONSOLIDATED,True,1,Goibibo,4,SINGLE_SOURCE,0.2500,AirlineSite;Cleartrip;MMT,1,1,5231.00,1,1,OBS01611,0,0,5231.00,5231.00,Goibibo=5231.00,5231.00,5231.00,5231.00,0.00,0.00,0.00,BLR,BOM,2026-10-06,Economy Saver,True,1,True,5231.00,PRICED,2026-09-06 09:00,ANCHOR_TIMESTAMP,INR,DECLARED_PROTOTYPE_CONSTANT,,phase8-v1
CELL::BLR|BOM|2026-10-06|Economy Saver|T30(25-35)::ROUND::2026-09-06T14:30,BLR,BOM,2026-10-06,Economy Saver,T30(25-35),ROUND::2026-09-06T14:30,2026-09-06 14:30,ANCHORED,0,5141.50,CONSOLIDATED,False,2,AirlineSite;Cleartrip,4,PARTIAL_COVERAGE,0.5000,Goibibo;MMT,1,1,5141.50,2,2,OBS02132;OBS02133,0,0,5014.00,5269.00,AirlineSite=5269.00;Cleartrip=5014.00,5014.00,5269.00,5141.50,255.00,255.00,0.00,BLR,BOM,2026-10-06,Economy Saver,True,1,True,5141.50,PRICED,2026-09-06 14:30,ANCHOR_TIMESTAMP,INR,DECLARED_PROTOTYPE_CONSTANT,,phase8-v1
CELL::BLR|BOM|2026-10-06|Economy Saver|T30(25-35)::ROUND::2026-09-06T20:15,BLR,BOM,2026-10-06,Economy Saver,T30(25-35),ROUND::2026-09-06T20:15,2026-09-06 20:15,ANCHORED,0,5187.00,CONSOLIDATED,True,1,Cleartrip,4,SINGLE_SOURCE,0.2500,AirlineSite;Goibibo;MMT,1,1,5187.00,1,1,OBS02611,0,0,5187.00,5187.00,Cleartrip=5187.00,5187.00,5187.00,5187.00,0.00,0.00,0.00,BLR,BOM,2026-10-06,Economy Saver,True,1,True,5187.00,PRICED,2026-09-06 20:15,ANCHOR_TIMESTAMP,INR,DECLARED_PROTOTYPE_CONSTANT,,phase8-v1
CELL::BLR|BOM|2026-10-06|Economy Standard|T30(25-35)::ROUND::2026-09-05T09:00,BLR,BOM,2026-10-06,Economy Standard,T30(25-35),ROUND::2026-09-05T09:00,2026-09-05 09:00,ANCHORED,0,6806.00,CONSOLIDATED,True,1,Cleartrip,4,SINGLE_SOURCE,0.2500,AirlineSite;Goibibo;MMT,1,1,6806.00,1,1,OBS00095,0,0,6806.00,6806.00,Cleartrip=6806.00,6806.00,6806.00,6806.00,0.00,0.00,0.00,BLR,BOM,2026-10-06,Economy Standard,True,2,True,6806.00,PRICED,2026-09-05 09:00,ANCHOR_TIMESTAMP,INR,DECLARED_PROTOTYPE_CONSTANT,,phase8-v1
CELL::BLR|BOM|2026-10-06|Economy Standard|T30(25-35)::ROUND::2026-09-05T20:15,BLR,BOM,2026-10-06,Economy Standard,T30(25-35),ROUND::2026-09-05T20:15,2026-09-05 20:15,ANCHORED,0,6505.25,CONSOLIDATED,False,3,AirlineSite;Cleartrip;Goibibo,4,PARTIAL_COVERAGE,0.7500,MMT,2,2,6441.50;6569.00,4,4,OBS01097;OBS01098;OBS01108;OBS01109,0,0,6334.00,6629.00,AirlineSite=6509.00;Cleartrip=6334.00;Goibibo=6589.00,6334.00,6589.00,6509.00,215.00,167.50,127.50,BLR,BOM,2026-10-06,Economy Standard,True,2,True,6505.25,PRICED,2026-09-05 20:15,ANCHOR_TIMESTAMP,INR,DECLARED_PROTOTYPE_CONSTANT,,phase8-v1
CELL::BLR|BOM|2026-10-06|Economy Standard|T30(25-35)::ROUND::2026-09-06T09:00,BLR,BOM,2026-10-06,Economy Standard,T30(25-35),ROUND::2026-09-06T09:00,2026-09-06 09:00,ANCHORED,0,6619.00,CONSOLIDATED,True,1,MMT,4,SINGLE_SOURCE,0.2500,AirlineSite;Cleartrip;Goibibo,1,1,6619.00,1,1,OBS01621,0,0,6619.00,6619.00,MMT=6619.00,6619.00,6619.00,6619.00,0.00,0.00,0.00,BLR,BOM,2026-10-06,Economy Standard,True,2,True,6619.00,PRICED,2026-09-06 09:00,ANCHOR_TIMESTAMP,INR,DECLARED_PROTOTYPE_CONSTANT,,phase8-v1
CELL::BLR|BOM|2026-10-06|Economy Standard|T30(25-35)::ROUND::2026-09-06T14:30,BLR,BOM,2026-10-06,Economy Standard,T30(25-35),ROUND::2026-09-06T14:30,2026-09-06 14:30,ANCHORED,0,6687.50,CONSOLIDATED,False,2,Cleartrip;MMT,4,PARTIAL_COVERAGE,0.5000,AirlineSite;Goibibo,2,2,6560.00;6815.00,2,2,OBS02110;OBS02117,0,0,6560.00,6815.00,Cleartrip=6815.00;MMT=6560.00,6560.00,6815.00,6687.50,0.00,0.00,255.00,BLR,BOM,2026-10-06,Economy Standard,True,2,True,6687.50,PRICED,2026-09-06 14:30,ANCHOR_TIMESTAMP,INR,DECLARED_PROTOTYPE_CONSTANT,,phase8-v1
CELL::BLR|BOM|2026-10-06|Economy Standard|T30(25-35)::ROUND::2026-09-06T20:15,BLR,BOM,2026-10-06,Economy Standard,T30(25-35),ROUND::2026-09-06T20:15,2026-09-06 20:15,ANCHORED,0,6290.00,CONSOLIDATED,True,1,Goibibo,4,SINGLE_SOURCE,0.2500,AirlineSite;Cleartrip;MMT,1,1,6290.00,1,1,OBS02633,0,0,6290.00,6290.00,Goibibo=6290.00,6290.00,6290.00,6290.00,0.00,0.00,0.00,BLR,BOM,2026-10-06,Economy Standard,True,2,True,6290.00,PRICED,2026-09-06 20:15,ANCHOR_TIMESTAMP,INR,DECLARED_PROTOTYPE_CONSTANT,,phase8-v1
CELL::BLR|BOM|2026-10-22|Economy Flexi|T45(40-50)::ROUND::2026-09-05T09:00,BLR,BOM,2026-10-22,Economy Flexi,T45(40-50),ROUND::2026-09-05T09:00,2026-09-05 09:00,ANCHORED,0,8091.00,CONSOLIDATED,True,2,AirlineSite;MMT,4,PARTIAL_COVERAGE,0.5000,Cleartrip;Goibibo,3,3,7777.00;8091.00;8172.00,4,4,OBS00076;OBS00086;OBS00087;OBS00098,0,0,7777.00,8224.00,AirlineSite=8105.50;MMT=8000.50,8000.50,8105.50,8053.00,104.00,0.00,395.00,BLR,BOM,2026-10-22,Economy Flexi,True,3,True,8091.00,PRICED,2026-09-05 09:00,ANCHOR_TIMESTAMP,INR,DECLARED_PROTOTYPE_CONSTANT,,phase8-v1
CELL::BLR|BOM|2026-10-22|Economy Flexi|T45(40-50)::ROUND::2026-09-05T20:15,BLR,BOM,2026-10-22,Economy Flexi,T45(40-50),ROUND::2026-09-05T20:15,2026-09-05 20:15,ANCHORED,0,7837.75,CONSOLIDATED,False,2,AirlineSite;Goibibo,4,PARTIAL_COVERAGE,0.5000,Cleartrip;MMT,2,2,7784.00;7891.50,3,3,OBS01091;OBS01110;OBS01111,0,0,7784.00,7979.00,AirlineSite=7979.00;Goibibo=7794.00,7794.00,7979.00,7886.50,175.00,87.50,107.50,BLR,BOM,2026-10-22,Economy Flexi,True,3,True,7837.75,PRICED,2026-09-05 20:15,ANCHOR_TIMESTAMP,INR,DECLARED_PROTOTYPE_CONSTANT,,phase8-v1
CELL::BLR|BOM|2026-10-22|Economy Flexi|T45(40-50)::ROUND::2026-09-06T09:00,BLR,BOM,2026-10-22,Economy Flexi,T45(40-50),ROUND::2026-09-06T09:00,2026-09-06 09:00,ANCHORED,0,7867.00,CONSOLIDATED,False,2,AirlineSite;Goibibo,4,PARTIAL_COVERAGE,0.5000,Cleartrip;MMT,1,1,7867.00,2,2,OBS01613;OBS01614,0,0,7713.00,8021.00,AirlineSite=7713.00;Goibibo=8021.00,7713.00,8021.00,7867.00,308.00,308.00,0.00,BLR,BOM,2026-10-22,Economy Flexi,True,3,True,7867.00,PRICED,2026-09-06 09:00,ANCHOR_TIMESTAMP,INR,DECLARED_PROTOTYPE_CONSTANT,,phase8-v1
CELL::BLR|BOM|2026-10-22|Economy Flexi|T45(40-50)::ROUND::2026-09-06T14:30,BLR,BOM,2026-10-22,Economy Flexi,T45(40-50),ROUND::2026-09-06T14:30,2026-09-06 14:30,ANCHORED,0,8045.00,CONSOLIDATED,False,3,Cleartrip;EaseMyTrip;MMT,4,PARTIAL_COVERAGE,0.7500,AirlineSite;Goibibo,2,2,7966.00;8124.00,3,3,OBS02111;OBS02121;OBS02122,0,0,7845.00,8403.00,Cleartrip=8403.00;EaseMyTrip=7966.00;MMT=7845.00,7845.00,8403.00,7966.00,558.00,279.00,158.00,BLR,BOM,2026-10-22,Economy Flexi,True,3,True,8045.00,PRICED,2026-09-06 14:30,ANCHOR_TIMESTAMP,INR,DECLARED_PROTOTYPE_CONSTANT,,phase8-v1
CELL::BLR|BOM|2026-10-22|Economy Flexi|T45(40-50)::ROUND::2026-09-06T20:15,BLR,BOM,2026-10-22,Economy Flexi,T45(40-50),ROUND::2026-09-06T20:15,2026-09-06 20:15,ANCHORED,0,8112.00,CONSOLIDATED,False,3,AirlineSite;EaseMyTrip;Goibibo,4,PARTIAL_COVERAGE,0.7500,Cleartrip;MMT,3,3,8056.00;8112.00;8148.00,5,5,OBS02612;OBS02613;OBS02624;OBS02625;OBS02634,0,0,7888.00,8336.00,AirlineSite=8336.00;EaseMyTrip=8056.00;Goibibo=8120.00,8056.00,8336.00,8120.00,448.00,56.00,92.00,BLR,BOM,2026-10-22,Economy Flexi,True,3,True,8112.00,PRICED,2026-09-06 20:15,ANCHOR_TIMESTAMP,INR,DECLARED_PROTOTYPE_CONSTANT,,phase8-v1
CELL::BLR|BOM|2026-10-22|Economy Saver|T45(40-50)::ROUND::2026-09-05T09:00,BLR,BOM,2026-10-22,Economy Saver,T45(40-50),ROUND::2026-09-05T09:00,2026-09-05 09:00,ANCHORED,0,5113.00,CONSOLIDATED,True,1,AirlineSite,4,SINGLE_SOURCE,0.2500,Cleartrip;Goibibo;MMT,1,1,5113.00,1,1,OBS00099,0,0,5113.00,5113.00,AirlineSite=5113.00,5113.00,5113.00,5113.00,0.00,0.00,0.00,BLR,BOM,2026-10-22,Economy Saver,True,1,True,5113.00,PRICED,2026-09-05 09:00,ANCHOR_TIMESTAMP,INR,DECLARED_PROTOTYPE_CONSTANT,,phase8-v1
CELL::BLR|BOM|2026-10-22|Economy Saver|T45(40-50)::ROUND::2026-09-05T14:30,BLR,BOM,2026-10-22,Economy Saver,T45(40-50),ROUND::2026-09-05T14:30,2026-09-05 14:30,ANCHORED,0,5335.00,CONSOLIDATED,True,1,EaseMyTrip,4,SINGLE_SOURCE,0.2500,AirlineSite;Cleartrip;Goibibo;MMT,1,1,5335.00,1,1,OBS00606,0,0,5335.00,5335.00,EaseMyTrip=5335.00,5335.00,5335.00,5335.00,0.00,0.00,0.00,BLR,BOM,2026-10-22,Economy Saver,True,1,True,5335.00,PRICED,2026-09-05 14:30,ANCHOR_TIMESTAMP,INR,DECLARED_PROTOTYPE_CONSTANT,,phase8-v1
CELL::BLR|BOM|2026-10-22|Economy Saver|T45(40-50)::ROUND::2026-09-05T20:15,BLR,BOM,2026-10-22,Economy Saver,T45(40-50),ROUND::2026-09-05T20:15,2026-09-05 20:15,ANCHORED,0,5216.75,CONSOLIDATED,False,3,AirlineSite;Goibibo;MMT,4,PARTIAL_COVERAGE,0.7500,Cleartrip,2,2,5098.50;5335.00,3,3,OBS01089;OBS01090;OBS01099,0,0,4981.00,5335.00,AirlineSite=5335.00;Goibibo=4981.00;MMT=5216.00,4981.00,5335.00,5216.00,235.00,117.50,236.50,BLR,BOM,2026-10-22,Economy Saver,True,1,True,5216.75,PRICED,2026-09-05 20:15,ANCHOR_TIMESTAMP,INR,DECLARED_PROTOTYPE_CONSTANT,,phase8-v1
CELL::BLR|BOM|2026-10-22|Economy Saver|T45(40-50)::ROUND::2026-09-06T09:00,BLR,BOM,2026-10-22,Economy Saver,T45(40-50),ROUND::2026-09-06T09:00,2026-09-06 09:00,ANCHORED,0,5085.00,CONSOLIDATED,False,2,AirlineSite;Cleartrip,4,PARTIAL_COVERAGE,0.5000,Goibibo;MMT,2,2,4979.00;5191.00,2,2,OBS01626;OBS01634,0,0,4979.00,5191.00,AirlineSite=5191.00;Cleartrip=4979.00,4979.00,5191.00,5085.00,0.00,0.00,212.00,BLR,BOM,2026-10-22,Economy Saver,True,1,True,5085.00,PRICED,2026-09-06 09:00,ANCHOR_TIMESTAMP,INR,DECLARED_PROTOTYPE_CONSTANT,,phase8-v1
CELL::BLR|BOM|2026-10-22|Economy Saver|T45(40-50)::ROUND::2026-09-06T14:30,BLR,BOM,2026-10-22,Economy Saver,T45(40-50),ROUND::2026-09-06T14:30,2026-09-06 14:30,ANCHORED,0,5179.00,CONSOLIDATED,False,2,Cleartrip;MMT,4,PARTIAL_COVERAGE,0.5000,AirlineSite;Goibibo,2,2,5008.00;5350.00,2,2,OBS02120;OBS02135,0,0,5008.00,5350.00,Cleartrip=5008.00;MMT=5350.00,5008.00,5350.00,5179.00,0.00,0.00,342.00,BLR,BOM,2026-10-22,Economy Saver,True,1,True,5179.00,PRICED,2026-09-06 14:30,ANCHOR_TIMESTAMP,INR,DECLARED_PROTOTYPE_CONSTANT,,phase8-v1
CELL::BLR|BOM|2026-10-22|Economy Saver|T45(40-50)::ROUND::2026-09-06T20:15,BLR,BOM,2026-10-22,Economy Saver,T45(40-50),ROUND::2026-09-06T20:15,2026-09-06 20:15,ANCHORED,0,5131.50,CONSOLIDATED,False,2,AirlineSite;EaseMyTrip,4,PARTIAL_COVERAGE,0.5000,Cleartrip;Goibibo;MMT,2,2,5083.00;5180.00,2,2,OBS02614;OBS02626,0,0,5083.00,5180.00,AirlineSite=5180.00;EaseMyTrip=5083.00,5083.00,5180.00,5131.50,0.00,0.00,97.00,BLR,BOM,2026-10-22,Economy Saver,True,1,True,5131.50,PRICED,2026-09-06 20:15,ANCHOR_TIMESTAMP,INR,DECLARED_PROTOTYPE_CONSTANT,,phase8-v1
CELL::BLR|BOM|2026-10-22|Economy Standard|T45(40-50)::ROUND::2026-09-05T09:00,BLR,BOM,2026-10-22,Economy Standard,T45(40-50),ROUND::2026-09-05T09:00,2026-09-05 09:00,ANCHORED,0,6659.00,CONSOLIDATED,False,4,AirlineSite;EaseMyTrip;Goibibo;MMT,4,FULL_COVERAGE,1.0000,Cleartrip,2,2,6603.00;6715.00,4,4,OBS00074;OBS00075;OBS00084;OBS00085,0,0,6380.00,6826.00,AirlineSite=6826.00;EaseMyTrip=6380.00;Goibibo=6687.00;MMT=6743.00,6380.00,6826.00,6715.00,446.00,251.00,112.00,BLR,BOM,2026-10-22,Economy Standard,True,2,True,6659.00,PRICED,2026-09-05 09:00,ANCHOR_TIMESTAMP,INR,DECLARED_PROTOTYPE_CONSTANT,,phase8-v1
CELL::BLR|BOM|2026-10-22|Economy Standard|T45(40-50)::ROUND::2026-09-05T14:30,BLR,BOM,2026-10-22,Economy Standard,T45(40-50),ROUND::2026-09-05T14:30,2026-09-05 14:30,ANCHORED,0,6355.25,CONSOLIDATED,False,3,AirlineSite;Cleartrip;MMT,4,PARTIAL_COVERAGE,0.7500,Goibibo,2,2,6245.00;6465.50,3,3,OBS00588;OBS00589;OBS00597,0,0,6228.00,6703.00,AirlineSite=6245.00;Cleartrip=6703.00;MMT=6228.00,6228.00,6703.00,6245.00,475.00,237.50,220.50,BLR,BOM,2026-10-22,Economy Standard,True,2,True,6355.25,PRICED,2026-09-05 14:30,ANCHOR_TIMESTAMP,INR,DECLARED_PROTOTYPE_CONSTANT,,phase8-v1
CELL::BLR|BOM|2026-10-22|Economy Standard|T45(40-50)::ROUND::2026-09-06T09:00,BLR,BOM,2026-10-22,Economy Standard,T45(40-50),ROUND::2026-09-06T09:00,2026-09-06 09:00,ANCHORED,0,6585.75,CONSOLIDATED,False,2,AirlineSite;Cleartrip,4,PARTIAL_COVERAGE,0.5000,Goibibo;MMT,2,2,6375.00;6796.50,4,4,OBS01624;OBS01625;OBS01632;OBS01633,0,0,6290.00,6907.00,AirlineSite=6573.00;Cleartrip=6598.50,6573.00,6598.50,6585.75,221.00,195.50,421.50,BLR,BOM,2026-10-22,Economy Standard,True,2,True,6585.75,PRICED,2026-09-06 09:00,ANCHOR_TIMESTAMP,INR,DECLARED_PROTOTYPE_CONSTANT,,phase8-v1
CELL::BLR|CCU|2026-09-07|Economy Flexi|T1(0-2)::ROUND::2026-09-05T09:00,BLR,CCU,2026-09-07,Economy Flexi,T1(0-2),ROUND::2026-09-05T09:00,2026-09-05 09:00,ANCHORED,0,11250.00,CONSOLIDATED,True,1,AirlineSite,4,SINGLE_SOURCE,0.2500,Cleartrip;Goibibo;MMT,1,1,11250.00,1,1,OBS00304,0,0,11250.00,11250.00,AirlineSite=11250.00,11250.00,11250.00,11250.00,0.00,0.00,0.00,BLR,CCU,2026-09-07,Economy Flexi,True,3,True,11250.00,PRICED,2026-09-05 09:00,ANCHOR_TIMESTAMP,INR,DECLARED_PROTOTYPE_CONSTANT,,phase8-v1
CELL::BLR|CCU|2026-09-07|Economy Flexi|T1(0-2)::ROUND::2026-09-05T14:30,BLR,CCU,2026-09-07,Economy Flexi,T1(0-2),ROUND::2026-09-05T14:30,2026-09-05 14:30,ANCHORED,0,11708.50,CONSOLIDATED,False,4,Cleartrip;EaseMyTrip;Goibibo;MMT,4,FULL_COVERAGE,1.0000,AirlineSite,3,3,11554.00;11708.50;12051.50,5,5,OBS00808;OBS00809;OBS00820;OBS00821;OBS00830,0,0,11300.00,12117.00,Cleartrip=11554.00;EaseMyTrip=11666.00;Goibibo=12071.00;MMT=12117.00,11554.00,12117.00,11868.50,817.00,39.00,497.50,BLR,CCU,2026-09-07,Economy Flexi,True,3,True,11708.50,PRICED,2026-09-05 14:30,ANCHOR_TIMESTAMP,INR,DECLARED_PROTOTYPE_CONSTANT,,phase8-v1
CELL::BLR|CCU|2026-09-07|Economy Flexi|T1(0-2)::ROUND::2026-09-05T20:15,BLR,CCU,2026-09-07,Economy Flexi,T1(0-2),ROUND::2026-09-05T20:15,2026-09-05 20:15,ANCHORED,0,11668.50,CONSOLIDATED,False,2,AirlineSite;EaseMyTrip,4,PARTIAL_COVERAGE,0.5000,Cleartrip;Goibibo;MMT,2,2,11402.00;11935.00,2,2,OBS01319;OBS01328,0,0,11402.00,11935.00,AirlineSite=11402.00;EaseMyTrip=11935.00,11402.00,11935.00,11668.50,0.00,0.00,533.00,BLR,CCU,2026-09-07,Economy Flexi,True,3,True,11668.50,PRICED,2026-09-05 20:15,ANCHOR_TIMESTAMP,INR,DECLARED_PROTOTYPE_CONSTANT,,phase8-v1
CELL::BLR|CCU|2026-09-07|Economy Flexi|T1(0-2)::ROUND::2026-09-06T09:00,BLR,CCU,2026-09-07,Economy Flexi,T1(0-2),ROUND::2026-09-06T09:00,2026-09-06 09:00,ANCHORED,0,11664.00,CONSOLIDATED,False,2,Cleartrip;EaseMyTrip,4,PARTIAL_COVERAGE,0.5000,AirlineSite;Goibibo;MMT,2,2,11601.00;11727.00,2,2,OBS01850;OBS01868,0,0,11601.00,11727.00,Cleartrip=11727.00;EaseMyTrip=11601.00,11601.00,11727.00,11664.00,0.00,0.00,126.00,BLR,CCU,2026-09-07,Economy Flexi,True,3,True,11664.00,PRICED,2026-09-06 09:00,ANCHOR_TIMESTAMP,INR,DECLARED_PROTOTYPE_CONSTANT,,phase8-v1
CELL::BLR|CCU|2026-09-07|Economy Flexi|T1(0-2)::ROUND::2026-09-06T14:30,BLR,CCU,2026-09-07,Economy Flexi,T1(0-2),ROUND::2026-09-06T14:30,2026-09-06 14:30,ANCHORED,0,11859.50,CONSOLIDATED,False,2,EaseMyTrip;MMT,4,PARTIAL_COVERAGE,0.5000,AirlineSite;Cleartrip;Goibibo,2,2,11767.00;11952.00,3,3,OBS02345;OBS02367;OBS02368,0,0,11399.00,12135.00,EaseMyTrip=11675.50;MMT=12135.00,11675.50,12135.00,11905.25,736.00,368.00,185.00,BLR,CCU,2026-09-07,Economy Flexi,True,3,True,11859.50,PRICED,2026-09-06 14:30,ANCHOR_TIMESTAMP,INR,DECLARED_PROTOTYPE_CONSTANT,,phase8-v1
CELL::BLR|CCU|2026-09-07|Economy Flexi|T1(0-2)::ROUND::2026-09-06T20:15,BLR,CCU,2026-09-07,Economy Flexi,T1(0-2),ROUND::2026-09-06T20:15,2026-09-06 20:15,ANCHORED,0,11768.25,CONSOLIDATED,False,2,AirlineSite;Goibibo,4,PARTIAL_COVERAGE,0.5000,Cleartrip;MMT,2,2,11252.50;12284.00,3,3,OBS02849;OBS02850;OBS02873,0,0,11209.00,12284.00,AirlineSite=11296.00;Goibibo=11746.50,11296.00,11746.50,11521.25,87.00,43.50,1031.50,BLR,CCU,2026-09-07,Economy Flexi,True,3,True,11768.25,PRICED,2026-09-06 20:15,ANCHOR_TIMESTAMP,INR,DECLARED_PROTOTYPE_CONSTANT,,phase8-v1
CELL::BLR|CCU|2026-09-07|Economy Saver|T1(0-2)::ROUND::2026-09-05T09:00,BLR,CCU,2026-09-07,Economy Saver,T1(0-2),ROUND::2026-09-05T09:00,2026-09-05 09:00,ANCHORED,0,7276.00,CONSOLIDATED,True,3,AirlineSite;Cleartrip;Goibibo,4,PARTIAL_COVERAGE,0.7500,MMT,3,3,7141.00;7276.00;7597.50,5,5,OBS00305;OBS00306;OBS00318;OBS00332;OBS00333,0,0,7113.00,7681.00,AirlineSite=7222.50;Cleartrip=7397.00;Goibibo=7514.00,7222.50,7514.00,7397.00,167.00,56.00,456.50,BLR,CCU,2026-09-07,Economy Saver,True,1,True,7276.00,PRICED,2026-09-05 09:00,ANCHOR_TIMESTAMP,INR,DECLARED_PROTOTYPE_CONSTANT,,phase8-v1
CELL::BLR|CCU|2026-09-07|Economy Saver|T1(0-2)::ROUND::2026-09-05T14:30,BLR,CCU,2026-09-07,Economy Saver,T1(0-2),ROUND::2026-09-05T14:30,2026-09-05 14:30,ANCHORED,0,7225.00,CONSOLIDATED,True,1,Cleartrip,4,SINGLE_SOURCE,0.2500,AirlineSite;Goibibo;MMT,1,1,7225.00,1,1,OBS00822,0,0,7225.00,7225.00,Cleartrip=7225.00,7225.00,7225.00,7225.00,0.00,0.00,0.00,BLR,CCU,2026-09-07,Economy Saver,True,1,True,7225.00,PRICED,2026-09-05 14:30,ANCHOR_TIMESTAMP,INR,DECLARED_PROTOTYPE_CONSTANT,,phase8-v1
CELL::BLR|CCU|2026-09-07|Economy Saver|T1(0-2)::ROUND::2026-09-05T20:15,BLR,CCU,2026-09-07,Economy Saver,T1(0-2),ROUND::2026-09-05T20:15,2026-09-05 20:15,ANCHORED,0,7774.50,CONSOLIDATED,False,2,Cleartrip;Goibibo,4,PARTIAL_COVERAGE,0.5000,AirlineSite;MMT,1,1,7774.50,2,2,OBS01338;OBS01339,0,0,7763.00,7786.00,Cleartrip=7786.00;Goibibo=7763.00,7763.00,7786.00,7774.50,23.00,23.00,0.00,BLR,CCU,2026-09-07,Economy Saver,True,1,True,7774.50,PRICED,2026-09-05 20:15,ANCHOR_TIMESTAMP,INR,DECLARED_PROTOTYPE_CONSTANT,,phase8-v1
CELL::BLR|CCU|2026-09-07|Economy Saver|T1(0-2)::ROUND::2026-09-06T09:00,BLR,CCU,2026-09-07,Economy Saver,T1(0-2),ROUND::2026-09-06T09:00,2026-09-06 09:00,ANCHORED,0,7332.25,CONSOLIDATED,False,3,AirlineSite;Goibibo;MMT,4,PARTIAL_COVERAGE,0.7500,Cleartrip,2,2,7195.00;7469.50,3,3,OBS01848;OBS01849;OBS01859,0,0,7136.00,7803.00,AirlineSite=7195.00;Goibibo=7136.00;MMT=7803.00,7136.00,7803.00,7195.00,667.00,333.50,274.50,BLR,CCU,2026-09-07,Economy Saver,True,1,True,7332.25,PRICED,2026-09-06 09:00,ANCHOR_TIMESTAMP,INR,DECLARED_PROTOTYPE_CONSTANT,,phase8-v1
CELL::BLR|CCU|2026-09-07|Economy Saver|T1(0-2)::ROUND::2026-09-06T14:30,BLR,CCU,2026-09-07,Economy Saver,T1(0-2),ROUND::2026-09-06T14:30,2026-09-06 14:30,ANCHORED,0,7396.00,CONSOLIDATED,True,1,MMT,4,SINGLE_SOURCE,0.2500,AirlineSite;Cleartrip;Goibibo,1,1,7396.00,1,1,OBS02355,0,0,7396.00,7396.00,MMT=7396.00,7396.00,7396.00,7396.00,0.00,0.00,0.00,BLR,CCU,2026-09-07,Economy Saver,True,1,True,7396.00,PRICED,2026-09-06 14:30,ANCHOR_TIMESTAMP,INR,DECLARED_PROTOTYPE_CONSTANT,,phase8-v1
CELL::BLR|CCU|2026-09-07|Economy Saver|T1(0-2)::ROUND::2026-09-06T20:15,BLR,CCU,2026-09-07,Economy Saver,T1(0-2),ROUND::2026-09-06T20:15,2026-09-06 20:15,ANCHORED,0,7636.50,CONSOLIDATED,False,4,AirlineSite;Cleartrip;EaseMyTrip;MMT,4,FULL_COVERAGE,1.0000,Goibibo,3,3,7149.00;7636.50;7857.00,4,4,OBS02851;OBS02861;OBS02871;OBS02872,0,0,7149.00,7857.00,AirlineSite=7529.00;Cleartrip=7149.00;EaseMyTrip=7744.00;MMT=7857.00,7149.00,7857.00,7636.50,215.00,0.00,708.00,BLR,CCU,2026-09-07,Economy Saver,True,1,True,7636.50,PRICED,2026-09-06 20:15,ANCHOR_TIMESTAMP,INR,DECLARED_PROTOTYPE_CONSTANT,,phase8-v1
CELL::BLR|CCU|2026-09-07|Economy Standard|T1(0-2)::ROUND::2026-09-05T14:30,BLR,CCU,2026-09-07,Economy Standard,T1(0-2),ROUND::2026-09-05T14:30,2026-09-05 14:30,ANCHORED,0,9334.00,CONSOLIDATED,False,2,EaseMyTrip;MMT,4,PARTIAL_COVERAGE,0.5000,AirlineSite;Cleartrip;Goibibo,2,2,9217.00;9451.00,2,2,OBS00810;OBS00831,0,0,9217.00,9451.00,EaseMyTrip=9217.00;MMT=9451.00,9217.00,9451.00,9334.00,0.00,0.00,234.00,BLR,CCU,2026-09-07,Economy Standard,True,2,True,9334.00,PRICED,2026-09-05 14:30,ANCHOR_TIMESTAMP,INR,DECLARED_PROTOTYPE_CONSTANT,,phase8-v1
CELL::BLR|CCU|2026-09-07|Economy Standard|T1(0-2)::ROUND::2026-09-05T20:15,BLR,CCU,2026-09-07,Economy Standard,T1(0-2),ROUND::2026-09-05T20:15,2026-09-05 20:15,ANCHORED,0,9874.00,CONSOLIDATED,True,1,MMT,4,SINGLE_SOURCE,0.2500,AirlineSite;Cleartrip;Goibibo,1,1,9874.00,1,1,OBS01327,0,0,9874.00,9874.00,MMT=9874.00,9874.00,9874.00,9874.00,0.00,0.00,0.00,BLR,CCU,2026-09-07,Economy Standard,True,2,True,9874.00,PRICED,2026-09-05 20:15,ANCHOR_TIMESTAMP,INR,DECLARED_PROTOTYPE_CONSTANT,,phase8-v1
CELL::BLR|CCU|2026-09-07|Economy Standard|T1(0-2)::ROUND::2026-09-06T14:30,BLR,CCU,2026-09-07,Economy Standard,T1(0-2),ROUND::2026-09-06T14:30,2026-09-06 14:30,ANCHORED,0,9754.00,CONSOLIDATED,True,4,AirlineSite;Cleartrip;EaseMyTrip;MMT,4,FULL_COVERAGE,1.0000,Goibibo,3,3,9721.00;9754.00;9877.00,5,5,OBS02346;OBS02347;OBS02356;OBS02365;OBS02366,0,0,9607.00,10147.00,AirlineSite=9619.00;Cleartrip=9811.00;EaseMyTrip=10147.00;MMT=9754.00,9619.00,10147.00,9782.50,540.00,180.00,156.00,BLR,CCU,2026-09-07,Economy Standard,True,2,True,9754.00,PRICED,2026-09-06 14:30,ANCHOR_TIMESTAMP,INR,DECLARED_PROTOTYPE_CONSTANT,,phase8-v1
CELL::BLR|CCU|2026-09-07|Economy Standard|T1(0-2)::ROUND::2026-09-06T20:15,BLR,CCU,2026-09-07,Economy Standard,T1(0-2),ROUND::2026-09-06T20:15,2026-09-06 20:15,ANCHORED,0,9854.00,CONSOLIDATED,False,2,AirlineSite;EaseMyTrip,4,PARTIAL_COVERAGE,0.5000,Cleartrip;Goibibo;MMT,1,1,9854.00,2,2,OBS02859;OBS02860,0,0,9845.00,9863.00,AirlineSite=9863.00;EaseMyTrip=9845.00,9845.00,9863.00,9854.00,18.00,18.00,0.00,BLR,CCU,2026-09-07,Economy Standard,True,2,True,9854.00,PRICED,2026-09-06 20:15,ANCHOR_TIMESTAMP,INR,DECLARED_PROTOTYPE_CONSTANT,,phase8-v1
CELL::BLR|CCU|2026-09-13|Economy Flexi|T7(5-9)::ROUND::2026-09-05T09:00,BLR,CCU,2026-09-13,Economy Flexi,T7(5-9),ROUND::2026-09-05T09:00,2026-09-05 09:00,ANCHORED,0,10427.50,CONSOLIDATED,False,5,AirlineSite;Cleartrip;EaseMyTrip;Goibibo;MMT,4,FULL_COVERAGE,1.2500,,3,3,9969.00;10427.50;10439.50,6,6,OBS00309;OBS00310;OBS00319;OBS00320;OBS00335;OBS00336,0,0,9866.00,10746.00,AirlineSite=10263.00;Cleartrip=10072.00;EaseMyTrip=9866.00;Goibibo=10462.00;MMT=10746.00,9866.00,10746.00,10263.00,637.00,206.00,470.50,BLR,CCU,2026-09-13,Economy Flexi,True,3,True,10427.50,PRICED,2026-09-05 09:00,ANCHOR_TIMESTAMP,INR,DECLARED_PROTOTYPE_CONSTANT,,phase8-v1
CELL::BLR|CCU|2026-09-13|Economy Flexi|T7(5-9)::ROUND::2026-09-05T14:30,BLR,CCU,2026-09-13,Economy Flexi,T7(5-9),ROUND::2026-09-05T14:30,2026-09-05 14:30,ANCHORED,0,10231.50,CONSOLIDATED,False,2,EaseMyTrip;MMT,4,PARTIAL_COVERAGE,0.5000,AirlineSite;Cleartrip;Goibibo,2,2,10082.00;10381.00,3,3,OBS00811;OBS00823;OBS00824,0,0,10082.00,10625.00,EaseMyTrip=10625.00;MMT=10109.50,10109.50,10625.00,10367.25,488.00,244.00,299.00,BLR,CCU,2026-09-13,Economy Flexi,True,3,True,10231.50,PRICED,2026-09-05 14:30,ANCHOR_TIMESTAMP,INR,DECLARED_PROTOTYPE_CONSTANT,,phase8-v1
CELL::BLR|CCU|2026-09-13|Economy Flexi|T7(5-9)::ROUND::2026-09-05T20:15,BLR,CCU,2026-09-13,Economy Flexi,T7(5-9),ROUND::2026-09-05T20:15,2026-09-05 20:15,ANCHORED,0,10281.50,CONSOLIDATED,False,2,EaseMyTrip;MMT,4,PARTIAL_COVERAGE,0.5000,AirlineSite;Cleartrip;Goibibo,3,3,10211.00;10281.50;10557.00,5,5,OBS01322;OBS01330;OBS01331;OBS01341;OBS01342,0,0,10106.00,10557.00,EaseMyTrip=10316.00;MMT=10226.50,10226.50,10316.00,10271.25,210.00,131.00,346.00,BLR,CCU,2026-09-13,Economy Flexi,True,3,True,10281.50,PRICED,2026-09-05 20:15,ANCHOR_TIMESTAMP,INR,DECLARED_PROTOTYPE_CONSTANT,,phase8-v1
CELL::BLR|CCU|2026-09-13|Economy Flexi|T7(5-9)::ROUND::2026-09-06T09:00,BLR,CCU,2026-09-13,Economy Flexi,T7(5-9),ROUND::2026-09-06T09:00,2026-09-06 09:00,ANCHORED,0,10373.50,CONSOLIDATED,False,3,AirlineSite;Cleartrip;MMT,4,PARTIAL_COVERAGE,0.7500,Goibibo,2,2,10074.00;10673.00,3,3,OBS01851;OBS01869;OBS01870,0,0,10074.00,10960.00,AirlineSite=10960.00;Cleartrip=10074.00;MMT=10386.00,10074.00,10960.00,10386.00,574.00,287.00,599.00,BLR,CCU,2026-09-13,Economy Flexi,True,3,True,10373.50,PRICED,2026-09-06 09:00,ANCHOR_TIMESTAMP,INR,DECLARED_PROTOTYPE_CONSTANT,,phase8-v1
CELL::BLR|CCU|2026-09-13|Economy Flexi|T7(5-9)::ROUND::2026-09-06T14:30,BLR,CCU,2026-09-13,Economy Flexi,T7(5-9),ROUND::2026-09-06T14:30,2026-09-06 14:30,ANCHORED,0,10788.50,CONSOLIDATED,False,2,EaseMyTrip;MMT,4,PARTIAL_COVERAGE,0.5000,AirlineSite;Cleartrip;Goibibo,2,2,10593.00;10984.00,2,2,OBS02357;OBS02369,0,0,10593.00,10984.00,EaseMyTrip=10593.00;MMT=10984.00,10593.00,10984.00,10788.50,0.00,0.00,391.00,BLR,CCU,2026-09-13,Economy Flexi,True,3,True,10788.50,PRICED,2026-09-06 14:30,ANCHOR_TIMESTAMP,INR,DECLARED_PROTOTYPE_CONSTANT,,phase8-v1
CELL::BLR|CCU|2026-09-13|Economy Flexi|T7(5-9)::ROUND::2026-09-06T20:15,BLR,CCU,2026-09-13,Economy Flexi,T7(5-9),ROUND::2026-09-06T20:15,2026-09-06 20:15,ANCHORED,0,10893.00,CONSOLIDATED,False,2,Goibibo;MMT,4,PARTIAL_COVERAGE,0.5000,AirlineSite;Cleartrip,1,1,10893.00,2,2,OBS02874;OBS02875,0,0,10689.00,11097.00,Goibibo=11097.00;MMT=10689.00,10689.00,11097.00,10893.00,408.00,408.00,0.00,BLR,CCU,2026-09-13,Economy Flexi,True,3,True,10893.00,PRICED,2026-09-06 20:15,ANCHOR_TIMESTAMP,INR,DECLARED_PROTOTYPE_CONSTANT,,phase8-v1
CELL::BLR|CCU|2026-09-13|Economy Saver|T7(5-9)::ROUND::2026-09-05T09:00,BLR,CCU,2026-09-13,Economy Saver,T7(5-9),ROUND::2026-09-05T09:00,2026-09-05 09:00,ANCHORED,0,6627.00,CONSOLIDATED,False,2,AirlineSite;EaseMyTrip,4,PARTIAL_COVERAGE,0.5000,Cleartrip;Goibibo;MMT,1,1,6627.00,2,2,OBS00307;OBS00308,0,0,6461.00,6793.00,AirlineSite=6461.00;EaseMyTrip=6793.00,6461.00,6793.00,6627.00,332.00,332.00,0.00,BLR,CCU,2026-09-13,Economy Saver,True,1,True,6627.00,PRICED,2026-09-05 09:00,ANCHOR_TIMESTAMP,INR,DECLARED_PROTOTYPE_CONSTANT,,phase8-v1
CELL::BLR|CCU|2026-09-13|Economy Saver|T7(5-9)::ROUND::2026-09-05T14:30,BLR,CCU,2026-09-13,Economy Saver,T7(5-9),ROUND::2026-09-05T14:30,2026-09-05 14:30,ANCHORED,0,6763.00,CONSOLIDATED,True,1,MMT,4,SINGLE_SOURCE,0.2500,AirlineSite;Cleartrip;Goibibo,1,1,6763.00,1,1,OBS00832,0,0,6763.00,6763.00,MMT=6763.00,6763.00,6763.00,6763.00,0.00,0.00,0.00,BLR,CCU,2026-09-13,Economy Saver,True,1,True,6763.00,PRICED,2026-09-05 14:30,ANCHOR_TIMESTAMP,INR,DECLARED_PROTOTYPE_CONSTANT,,phase8-v1
CELL::BLR|CCU|2026-09-13|Economy Saver|T7(5-9)::ROUND::2026-09-05T20:15,BLR,CCU,2026-09-13,Economy Saver,T7(5-9),ROUND::2026-09-05T20:15,2026-09-05 20:15,ANCHORED,0,6438.00,CONSOLIDATED,True,3,Cleartrip;Goibibo;MMT,4,PARTIAL_COVERAGE,0.7500,AirlineSite,3,3,6377.00;6438.00;6678.00,4,4,OBS01320;OBS01321;OBS01329;OBS01340,0,0,6377.00,6734.00,Cleartrip=6555.50;Goibibo=6622.00;MMT=6438.00,6438.00,6622.00,6555.50,112.00,0.00,301.00,BLR,CCU,2026-09-13,Economy Saver,True,1,True,6438.00,PRICED,2026-09-05 20:15,ANCHOR_TIMESTAMP,INR,DECLARED_PROTOTYPE_CONSTANT,,phase8-v1
CELL::BLR|CCU|2026-09-13|Economy Saver|T7(5-9)::ROUND::2026-09-06T09:00,BLR,CCU,2026-09-13,Economy Saver,T7(5-9),ROUND::2026-09-06T09:00,2026-09-06 09:00,ANCHORED,0,6905.00,CONSOLIDATED,False,2,Cleartrip;EaseMyTrip,4,PARTIAL_COVERAGE,0.5000,AirlineSite;Goibibo;MMT,2,2,6870.00;6940.00,2,2,OBS01852;OBS01871,0,0,6870.00,6940.00,Cleartrip=6870.00;EaseMyTrip=6940.00,6870.00,6940.00,6905.00,0.00,0.00,70.00,BLR,CCU,2026-09-13,Economy Saver,True,1,True,6905.00,PRICED,2026-09-06 09:00,ANCHOR_TIMESTAMP,INR,DECLARED_PROTOTYPE_CONSTANT,,phase8-v1
CELL::BLR|CCU|2026-09-13|Economy Saver|T7(5-9)::ROUND::2026-09-06T14:30,BLR,CCU,2026-09-13,Economy Saver,T7(5-9),ROUND::2026-09-06T14:30,2026-09-06 14:30,ANCHORED,0,6624.00,CONSOLIDATED,False,2,Cleartrip;EaseMyTrip,4,PARTIAL_COVERAGE,0.5000,AirlineSite;Goibibo;MMT,1,1,6624.00,2,2,OBS02358;OBS02359,0,0,6616.00,6632.00,Cleartrip=6632.00;EaseMyTrip=6616.00,6616.00,6632.00,6624.00,16.00,16.00,0.00,BLR,CCU,2026-09-13,Economy Saver,True,1,True,6624.00,PRICED,2026-09-06 14:30,ANCHOR_TIMESTAMP,INR,DECLARED_PROTOTYPE_CONSTANT,,phase8-v1
CELL::BLR|CCU|2026-09-13|Economy Saver|T7(5-9)::ROUND::2026-09-06T20:15,BLR,CCU,2026-09-13,Economy Saver,T7(5-9),ROUND::2026-09-06T20:15,2026-09-06 20:15,ANCHORED,0,6876.00,CONSOLIDATED,False,2,Cleartrip;MMT,4,PARTIAL_COVERAGE,0.5000,AirlineSite;Goibibo,1,1,6876.00,2,2,OBS02852;OBS02853,0,0,6641.00,7111.00,Cleartrip=6641.00;MMT=7111.00,6641.00,7111.00,6876.00,470.00,470.00,0.00,BLR,CCU,2026-09-13,Economy Saver,True,1,True,6876.00,PRICED,2026-09-06 20:15,ANCHOR_TIMESTAMP,INR,DECLARED_PROTOTYPE_CONSTANT,,phase8-v1
CELL::BLR|CCU|2026-09-13|Economy Standard|T7(5-9)::ROUND::2026-09-05T09:00,BLR,CCU,2026-09-13,Economy Standard,T7(5-9),ROUND::2026-09-05T09:00,2026-09-05 09:00,ANCHORED,0,8418.50,CONSOLIDATED,False,3,AirlineSite;Cleartrip;EaseMyTrip,4,PARTIAL_COVERAGE,0.7500,Goibibo;MMT,2,2,8216.00;8621.00,3,3,OBS00321;OBS00322;OBS00334,0,0,8216.00,8748.00,AirlineSite=8494.00;Cleartrip=8748.00;EaseMyTrip=8216.00,8216.00,8748.00,8494.00,254.00,127.00,405.00,BLR,CCU,2026-09-13,Economy Standard,True,2,True,8418.50,PRICED,2026-09-05 09:00,ANCHOR_TIMESTAMP,INR,DECLARED_PROTOTYPE_CONSTANT,,phase8-v1
CELL::BLR|CCU|2026-09-13|Economy Standard|T7(5-9)::ROUND::2026-09-05T14:30,BLR,CCU,2026-09-13,Economy Standard,T7(5-9),ROUND::2026-09-05T14:30,2026-09-05 14:30,ANCHORED,0,8685.50,CONSOLIDATED,False,3,Cleartrip;EaseMyTrip;MMT,4,PARTIAL_COVERAGE,0.7500,AirlineSite;Goibibo,2,2,8605.50;8765.50,4,4,OBS00812;OBS00813;OBS00833;OBS00834,0,0,8520.00,8939.00,Cleartrip=8939.00;EaseMyTrip=8691.00;MMT=8556.00,8556.00,8939.00,8691.00,347.00,259.00,160.00,BLR,CCU,2026-09-13,Economy Standard,True,2,True,8685.50,PRICED,2026-09-05 14:30,ANCHOR_TIMESTAMP,INR,DECLARED_PROTOTYPE_CONSTANT,,phase8-v1
CELL::BLR|CCU|2026-09-13|Economy Standard|T7(5-9)::ROUND::2026-09-06T09:00,BLR,CCU,2026-09-13,Economy Standard,T7(5-9),ROUND::2026-09-06T09:00,2026-09-06 09:00,ANCHORED,0,8950.50,CONSOLIDATED,False,2,Cleartrip;MMT,4,PARTIAL_COVERAGE,0.5000,AirlineSite;Goibibo,1,1,8950.50,2,2,OBS01860;OBS01861,0,0,8892.00,9009.00,Cleartrip=8892.00;MMT=9009.00,8892.00,9009.00,8950.50,117.00,117.00,0.00,BLR,CCU,2026-09-13,Economy Standard,True,2,True,8950.50,PRICED,2026-09-06 09:00,ANCHOR_TIMESTAMP,INR,DECLARED_PROTOTYPE_CONSTANT,,phase8-v1
CELL::BLR|CCU|2026-09-13|Economy Standard|T7(5-9)::ROUND::2026-09-06T14:30,BLR,CCU,2026-09-13,Economy Standard,T7(5-9),ROUND::2026-09-06T14:30,2026-09-06 14:30,ANCHORED,0,8847.50,CONSOLIDATED,False,2,AirlineSite;MMT,4,PARTIAL_COVERAGE,0.5000,Cleartrip;Goibibo,2,2,8634.00;9061.00,2,2,OBS02348;OBS02370,0,0,8634.00,9061.00,AirlineSite=8634.00;MMT=9061.00,8634.00,9061.00,8847.50,0.00,0.00,427.00,BLR,CCU,2026-09-13,Economy Standard,True,2,True,8847.50,PRICED,2026-09-06 14:30,ANCHOR_TIMESTAMP,INR,DECLARED_PROTOTYPE_CONSTANT,,phase8-v1
CELL::BLR|CCU|2026-09-13|Economy Standard|T7(5-9)::ROUND::2026-09-06T20:15,BLR,CCU,2026-09-13,Economy Standard,T7(5-9),ROUND::2026-09-06T20:15,2026-09-06 20:15,ANCHORED,0,8575.75,CONSOLIDATED,False,3,Cleartrip;Goibibo;MMT,4,PARTIAL_COVERAGE,0.7500,AirlineSite,2,2,8575.50;8576.00,4,4,OBS02862;OBS02863;OBS02876;OBS02877,0,0,8444.00,8708.00,Cleartrip=8556.00;Goibibo=8444.00;MMT=8651.50,8444.00,8651.50,8556.00,264.00,151.50,0.50,BLR,CCU,2026-09-13,Economy Standard,True,2,True,8575.75,PRICED,2026-09-06 20:15,ANCHOR_TIMESTAMP,INR,DECLARED_PROTOTYPE_CONSTANT,,phase8-v1
CELL::BLR|CCU|2026-09-21|Economy Flexi|T15(12-18)::ROUND::2026-09-05T09:00,BLR,CCU,2026-09-21,Economy Flexi,T15(12-18),ROUND::2026-09-05T09:00,2026-09-05 09:00,ANCHORED,0,8829.00,CONSOLIDATED,False,3,AirlineSite;Cleartrip;EaseMyTrip,4,PARTIAL_COVERAGE,0.7500,Goibibo;MMT,2,2,8590.00;9068.00,3,3,OBS00311;OBS00312;OBS00337,0,0,8441.00,9068.00,AirlineSite=8739.00;Cleartrip=9068.00;EaseMyTrip=8441.00,8441.00,9068.00,8739.00,298.00,149.00,478.00,BLR,CCU,2026-09-21,Economy Flexi,True,3,True,8829.00,PRICED,2026-09-05 09:00,ANCHOR_TIMESTAMP,INR,DECLARED_PROTOTYPE_CONSTANT,,phase8-v1
CELL::BLR|CCU|2026-09-21|Economy Flexi|T15(12-18)::ROUND::2026-09-05T14:30,BLR,CCU,2026-09-21,Economy Flexi,T15(12-18),ROUND::2026-09-05T14:30,2026-09-05 14:30,ANCHORED,0,8711.00,CONSOLIDATED,False,2,AirlineSite;Goibibo,4,PARTIAL_COVERAGE,0.5000,Cleartrip;MMT,1,1,8711.00,2,2,OBS00814;OBS00815,0,0,8650.00,8772.00,AirlineSite=8650.00;Goibibo=8772.00,8650.00,8772.00,8711.00,122.00,122.00,0.00,BLR,CCU,2026-09-21,Economy Flexi,True,3,True,8711.00,PRICED,2026-09-05 14:30,ANCHOR_TIMESTAMP,INR,DECLARED_PROTOTYPE_CONSTANT,,phase8-v1
CELL::BLR|CCU|2026-09-21|Economy Flexi|T15(12-18)::ROUND::2026-09-05T20:15,BLR,CCU,2026-09-21,Economy Flexi,T15(12-18),ROUND::2026-09-05T20:15,2026-09-05 20:15,ANCHORED,0,9001.50,CONSOLIDATED,False,2,Cleartrip;MMT,4,PARTIAL_COVERAGE,0.5000,AirlineSite;Goibibo,1,1,9001.50,2,2,OBS01343;OBS01344,0,0,8743.00,9260.00,Cleartrip=8743.00;MMT=9260.00,8743.00,9260.00,9001.50,517.00,517.00,0.00,BLR,CCU,2026-09-21,Economy Flexi,True,3,True,9001.50,PRICED,2026-09-05 20:15,ANCHOR_TIMESTAMP,INR,DECLARED_PROTOTYPE_CONSTANT,,phase8-v1
CELL::BLR|CCU|2026-09-21|Economy Flexi|T15(12-18)::ROUND::2026-09-06T09:00,BLR,CCU,2026-09-21,Economy Flexi,T15(12-18),ROUND::2026-09-06T09:00,2026-09-06 09:00,ANCHORED,0,9328.50,CONSOLIDATED,False,2,AirlineSite;Cleartrip,4,PARTIAL_COVERAGE,0.5000,Goibibo;MMT,1,1,9328.50,2,2,OBS01862;OBS01863,0,0,9282.00,9375.00,AirlineSite=9375.00;Cleartrip=9282.00,9282.00,9375.00,9328.50,93.00,93.00,0.00,BLR,CCU,2026-09-21,Economy Flexi,True,3,True,9328.50,PRICED,2026-09-06 09:00,ANCHOR_TIMESTAMP,INR,DECLARED_PROTOTYPE_CONSTANT,,phase8-v1
CELL::BLR|CCU|2026-09-21|Economy Flexi|T15(12-18)::ROUND::2026-09-06T14:30,BLR,CCU,2026-09-21,Economy Flexi,T15(12-18),ROUND::2026-09-06T14:30,2026-09-06 14:30,ANCHORED,0,9238.00,CONSOLIDATED,False,2,AirlineSite;Cleartrip,4,PARTIAL_COVERAGE,0.5000,Goibibo;MMT,1,1,9238.00,2,2,OBS02372;OBS02373,0,0,9129.00,9347.00,AirlineSite=9347.00;Cleartrip=9129.00,9129.00,9347.00,9238.00,218.00,218.00,0.00,BLR,CCU,2026-09-21,Economy Flexi,True,3,True,9238.00,PRICED,2026-09-06 14:30,ANCHOR_TIMESTAMP,INR,DECLARED_PROTOTYPE_CONSTANT,,phase8-v1
CELL::BLR|CCU|2026-09-21|Economy Flexi|T15(12-18)::ROUND::2026-09-06T20:15,BLR,CCU,2026-09-21,Economy Flexi,T15(12-18),ROUND::2026-09-06T20:15,2026-09-06 20:15,ANCHORED,0,8994.00,CONSOLIDATED,False,2,AirlineSite;MMT,4,PARTIAL_COVERAGE,0.5000,Cleartrip;Goibibo,2,2,8877.00;9111.00,2,2,OBS02854;OBS02864,0,0,8877.00,9111.00,AirlineSite=8877.00;MMT=9111.00,8877.00,9111.00,8994.00,0.00,0.00,234.00,BLR,CCU,2026-09-21,Economy Flexi,True,3,True,8994.00,PRICED,2026-09-06 20:15,ANCHOR_TIMESTAMP,INR,DECLARED_PROTOTYPE_CONSTANT,,phase8-v1
CELL::BLR|CCU|2026-09-21|Economy Saver|T15(12-18)::ROUND::2026-09-05T09:00,BLR,CCU,2026-09-21,Economy Saver,T15(12-18),ROUND::2026-09-05T09:00,2026-09-05 09:00,ANCHORED,0,5663.50,CONSOLIDATED,False,2,Cleartrip;EaseMyTrip,4,PARTIAL_COVERAGE,0.5000,AirlineSite;Goibibo;MMT,1,1,5663.50,2,2,OBS00323;OBS00324,0,0,5477.00,5850.00,Cleartrip=5850.00;EaseMyTrip=5477.00,5477.00,5850.00,5663.50,373.00,373.00,0.00,BLR,CCU,2026-09-21,Economy Saver,True,1,True,5663.50,PRICED,2026-09-05 09:00,ANCHOR_TIMESTAMP,INR,DECLARED_PROTOTYPE_CONSTANT,,phase8-v1
CELL::BLR|CCU|2026-09-21|Economy Saver|T15(12-18)::ROUND::2026-09-05T14:30,BLR,CCU,2026-09-21,Economy Saver,T15(12-18),ROUND::2026-09-05T14:30,2026-09-05 14:30,ANCHORED,0,5644.50,CONSOLIDATED,False,3,EaseMyTrip;Goibibo;MMT,4,PARTIAL_COVERAGE,0.7500,AirlineSite;Cleartrip,2,2,5398.00;5891.00,3,3,OBS00825;OBS00835;OBS00836,0,0,5398.00,5927.00,EaseMyTrip=5398.00;Goibibo=5927.00;MMT=5855.00,5398.00,5927.00,5855.00,72.00,36.00,493.00,BLR,CCU,2026-09-21,Economy Saver,True,1,True,5644.50,PRICED,2026-09-05 14:30,ANCHOR_TIMESTAMP,INR,DECLARED_PROTOTYPE_CONSTANT,,phase8-v1
CELL::BLR|CCU|2026-09-21|Economy Saver|T15(12-18)::ROUND::2026-09-06T09:00,BLR,CCU,2026-09-21,Economy Saver,T15(12-18),ROUND::2026-09-06T09:00,2026-09-06 09:00,ANCHORED,0,5938.00,CONSOLIDATED,False,3,AirlineSite;Goibibo;MMT,4,PARTIAL_COVERAGE,0.7500,Cleartrip,2,2,5839.00;6037.00,3,3,OBS01855;OBS01872;OBS01873,0,0,5678.00,6037.00,AirlineSite=5678.00;Goibibo=6000.00;MMT=6037.00,5678.00,6037.00,6000.00,322.00,161.00,198.00,BLR,CCU,2026-09-21,Economy Saver,True,1,True,5938.00,PRICED,2026-09-06 09:00,ANCHOR_TIMESTAMP,INR,DECLARED_PROTOTYPE_CONSTANT,,phase8-v1
CELL::BLR|CCU|2026-09-21|Economy Saver|T15(12-18)::ROUND::2026-09-06T14:30,BLR,CCU,2026-09-21,Economy Saver,T15(12-18),ROUND::2026-09-06T14:30,2026-09-06 14:30,ANCHORED,0,5739.00,CONSOLIDATED,False,2,Cleartrip;Goibibo,4,PARTIAL_COVERAGE,0.5000,AirlineSite;MMT,2,2,5628.00;5850.00,2,2,OBS02349;OBS02360,0,0,5628.00,5850.00,Cleartrip=5850.00;Goibibo=5628.00,5628.00,5850.00,5739.00,0.00,0.00,222.00,BLR,CCU,2026-09-21,Economy Saver,True,1,True,5739.00,PRICED,2026-09-06 14:30,ANCHOR_TIMESTAMP,INR,DECLARED_PROTOTYPE_CONSTANT,,phase8-v1
CELL::BLR|CCU|2026-09-21|Economy Saver|T15(12-18)::ROUND::2026-09-06T20:15,BLR,CCU,2026-09-21,Economy Saver,T15(12-18),ROUND::2026-09-06T20:15,2026-09-06 20:15,ANCHORED,0,5674.50,CONSOLIDATED,False,2,AirlineSite;Goibibo,4,PARTIAL_COVERAGE,0.5000,Cleartrip;MMT,1,1,5674.50,2,2,OBS02865;OBS02866,0,0,5511.00,5838.00,AirlineSite=5511.00;Goibibo=5838.00,5511.00,5838.00,5674.50,327.00,327.00,0.00,BLR,CCU,2026-09-21,Economy Saver,True,1,True,5674.50,PRICED,2026-09-06 20:15,ANCHOR_TIMESTAMP,INR,DECLARED_PROTOTYPE_CONSTANT,,phase8-v1
CELL::BLR|CCU|2026-09-21|Economy Standard|T15(12-18)::ROUND::2026-09-05T09:00,BLR,CCU,2026-09-21,Economy Standard,T15(12-18),ROUND::2026-09-05T09:00,2026-09-05 09:00,ANCHORED,0,7072.00,CONSOLIDATED,False,1,EaseMyTrip,4,SINGLE_SOURCE,0.2500,AirlineSite;Cleartrip;Goibibo;MMT,2,2,7035.00;7109.00,2,2,OBS00325;OBS00338,0,0,7035.00,7109.00,EaseMyTrip=7072.00,7072.00,7072.00,7072.00,0.00,0.00,74.00,BLR,CCU,2026-09-21,Economy Standard,True,2,True,7072.00,PRICED,2026-09-05 09:00,ANCHOR_TIMESTAMP,INR,DECLARED_PROTOTYPE_CONSTANT,,phase8-v1
CELL::BLR|CCU|2026-09-21|Economy Standard|T15(12-18)::ROUND::2026-09-05T14:30,BLR,CCU,2026-09-21,Economy Standard,T15(12-18),ROUND::2026-09-05T14:30,2026-09-05 14:30,ANCHORED,0,7036.00,CONSOLIDATED,True,1,MMT,4,SINGLE_SOURCE,0.2500,AirlineSite;Cleartrip;Goibibo,1,1,7036.00,1,1,OBS00816,0,0,7036.00,7036.00,MMT=7036.00,7036.00,7036.00,7036.00,0.00,0.00,0.00,BLR,CCU,2026-09-21,Economy Standard,True,2,True,7036.00,PRICED,2026-09-05 14:30,ANCHOR_TIMESTAMP,INR,DECLARED_PROTOTYPE_CONSTANT,,phase8-v1
CELL::BLR|CCU|2026-09-21|Economy Standard|T15(12-18)::ROUND::2026-09-05T20:15,BLR,CCU,2026-09-21,Economy Standard,T15(12-18),ROUND::2026-09-05T20:15,2026-09-05 20:15,ANCHORED,0,7089.50,CONSOLIDATED,False,2,EaseMyTrip;Goibibo,4,PARTIAL_COVERAGE,0.5000,AirlineSite;Cleartrip;MMT,2,2,6989.00;7190.00,3,3,OBS01323;OBS01332;OBS01333,0,0,6989.00,7346.00,EaseMyTrip=7011.50;Goibibo=7346.00,7011.50,7346.00,7178.75,312.00,156.00,201.00,BLR,CCU,2026-09-21,Economy Standard,True,2,True,7089.50,PRICED,2026-09-05 20:15,ANCHOR_TIMESTAMP,INR,DECLARED_PROTOTYPE_CONSTANT,,phase8-v1
CELL::BLR|CCU|2026-09-21|Economy Standard|T15(12-18)::ROUND::2026-09-06T09:00,BLR,CCU,2026-09-21,Economy Standard,T15(12-18),ROUND::2026-09-06T09:00,2026-09-06 09:00,ANCHORED,0,7624.00,CONSOLIDATED,False,2,EaseMyTrip;Goibibo,4,PARTIAL_COVERAGE,0.5000,AirlineSite;Cleartrip;MMT,1,1,7624.00,2,2,OBS01853;OBS01854,0,0,7558.00,7690.00,EaseMyTrip=7558.00;Goibibo=7690.00,7558.00,7690.00,7624.00,132.00,132.00,0.00,BLR,CCU,2026-09-21,Economy Standard,True,2,True,7624.00,PRICED,2026-09-06 09:00,ANCHOR_TIMESTAMP,INR,DECLARED_PROTOTYPE_CONSTANT,,phase8-v1
CELL::BLR|CCU|2026-09-21|Economy Standard|T15(12-18)::ROUND::2026-09-06T14:30,BLR,CCU,2026-09-21,Economy Standard,T15(12-18),ROUND::2026-09-06T14:30,2026-09-06 14:30,ANCHORED,0,7544.00,CONSOLIDATED,False,1,Goibibo,4,SINGLE_SOURCE,0.2500,AirlineSite;Cleartrip;MMT,2,2,7501.00;7587.00,2,2,OBS02361;OBS02371,0,0,7501.00,7587.00,Goibibo=7544.00,7544.00,7544.00,7544.00,0.00,0.00,86.00,BLR,CCU,2026-09-21,Economy Standard,True,2,True,7544.00,PRICED,2026-09-06 14:30,ANCHOR_TIMESTAMP,INR,DECLARED_PROTOTYPE_CONSTANT,,phase8-v1
CELL::BLR|CCU|2026-09-21|Economy Standard|T15(12-18)::ROUND::2026-09-06T20:15,BLR,CCU,2026-09-21,Economy Standard,T15(12-18),ROUND::2026-09-06T20:15,2026-09-06 20:15,ANCHORED,0,7597.00,CONSOLIDATED,False,3,Cleartrip;EaseMyTrip;MMT,4,PARTIAL_COVERAGE,0.7500,AirlineSite;Goibibo,2,2,7586.00;7608.00,3,3,OBS02855;OBS02878;OBS02879,0,0,7579.00,7608.00,Cleartrip=7579.00;EaseMyTrip=7608.00;MMT=7593.00,7579.00,7608.00,7593.00,14.00,7.00,22.00,BLR,CCU,2026-09-21,Economy Standard,True,2,True,7597.00,PRICED,2026-09-06 20:15,ANCHOR_TIMESTAMP,INR,DECLARED_PROTOTYPE_CONSTANT,,phase8-v1
CELL::BLR|CCU|2026-10-06|Economy Flexi|T30(25-35)::ROUND::2026-09-05T14:30,BLR,CCU,2026-10-06,Economy Flexi,T30(25-35),ROUND::2026-09-05T14:30,2026-09-05 14:30,ANCHORED,0,8058.50,CONSOLIDATED,False,3,AirlineSite;Cleartrip;Goibibo,4,PARTIAL_COVERAGE,0.7500,MMT,3,3,7960.00;8058.50;8165.00,4,4,OBS00817;OBS00827;OBS00837;OBS00838,0,0,7960.00,8165.00,AirlineSite=8152.50;Cleartrip=7960.00;Goibibo=7977.00,7960.00,8152.50,7977.00,163.00,0.00,205.00,BLR,CCU,2026-10-06,Economy Flexi,True,3,True,8058.50,PRICED,2026-09-05 14:30,ANCHOR_TIMESTAMP,INR,DECLARED_PROTOTYPE_CONSTANT,,phase8-v1
CELL::BLR|CCU|2026-10-06|Economy Flexi|T30(25-35)::ROUND::2026-09-05T20:15,BLR,CCU,2026-10-06,Economy Flexi,T30(25-35),ROUND::2026-09-05T20:15,2026-09-05 20:15,ANCHORED,0,8093.00,CONSOLIDATED,False,2,Cleartrip;Goibibo,4,PARTIAL_COVERAGE,0.5000,AirlineSite;MMT,2,2,7901.00;8285.00,3,3,OBS01324;OBS01347;OBS01348,0,0,7901.00,8374.00,Cleartrip=8137.50;Goibibo=8196.00,8137.50,8196.00,8166.75,178.00,89.00,384.00,BLR,CCU,2026-10-06,Economy Flexi,True,3,True,8093.00,PRICED,2026-09-05 20:15,ANCHOR_TIMESTAMP,INR,DECLARED_PROTOTYPE_CONSTANT,,phase8-v1
CELL::BLR|CCU|2026-10-06|Economy Flexi|T30(25-35)::ROUND::2026-09-06T09:00,BLR,CCU,2026-10-06,Economy Flexi,T30(25-35),ROUND::2026-09-06T09:00,2026-09-06 09:00,ANCHORED,0,8297.50,CONSOLIDATED,False,2,EaseMyTrip;Goibibo,4,PARTIAL_COVERAGE,0.5000,AirlineSite;Cleartrip;MMT,1,1,8297.50,2,2,OBS01864;OBS01865,0,0,8186.00,8409.00,EaseMyTrip=8409.00;Goibibo=8186.00,8186.00,8409.00,8297.50,223.00,223.00,0.00,BLR,CCU,2026-10-06,Economy Flexi,True,3,True,8297.50,PRICED,2026-09-06 09:00,ANCHOR_TIMESTAMP,INR,DECLARED_PROTOTYPE_CONSTANT,,phase8-v1
CELL::BLR|CCU|2026-10-06|Economy Flexi|T30(25-35)::ROUND::2026-09-06T14:30,BLR,CCU,2026-10-06,Economy Flexi,T30(25-35),ROUND::2026-09-06T14:30,2026-09-06 14:30,ANCHORED,0,8084.75,CONSOLIDATED,False,3,AirlineSite;Cleartrip;MMT,4,PARTIAL_COVERAGE,0.7500,Goibibo,2,2,7967.50;8202.00,3,3,OBS02350;OBS02351;OBS02374,0,0,7695.00,8240.00,AirlineSite=8202.00;Cleartrip=7695.00;MMT=8240.00,7695.00,8240.00,8202.00,545.00,272.50,234.50,BLR,CCU,2026-10-06,Economy Flexi,True,3,True,8084.75,PRICED,2026-09-06 14:30,ANCHOR_TIMESTAMP,INR,DECLARED_PROTOTYPE_CONSTANT,,phase8-v1
CELL::BLR|CCU|2026-10-06|Economy Flexi|T30(25-35)::ROUND::2026-09-06T20:15,BLR,CCU,2026-10-06,Economy Flexi,T30(25-35),ROUND::2026-09-06T20:15,2026-09-06 20:15,ANCHORED,0,7949.00,CONSOLIDATED,True,1,Goibibo,4,SINGLE_SOURCE,0.2500,AirlineSite;Cleartrip;MMT,1,1,7949.00,1,1,OBS02856,0,0,7949.00,7949.00,Goibibo=7949.00,7949.00,7949.00,7949.00,0.00,0.00,0.00,BLR,CCU,2026-10-06,Economy Flexi,True,3,True,7949.00,PRICED,2026-09-06 20:15,ANCHOR_TIMESTAMP,INR,DECLARED_PROTOTYPE_CONSTANT,,phase8-v1
CELL::BLR|CCU|2026-10-06|Economy Saver|T30(25-35)::ROUND::2026-09-05T09:00,BLR,CCU,2026-10-06,Economy Saver,T30(25-35),ROUND::2026-09-05T09:00,2026-09-05 09:00,ANCHORED,0,5122.00,CONSOLIDATED,False,1,AirlineSite,4,SINGLE_SOURCE,0.2500,Cleartrip;Goibibo;MMT,2,2,5082.00;5162.00,2,2,OBS00315;OBS00339,0,0,5082.00,5162.00,AirlineSite=5122.00,5122.00,5122.00,5122.00,0.00,0.00,80.00,BLR,CCU,2026-10-06,Economy Saver,True,1,True,5122.00,PRICED,2026-09-05 09:00,ANCHOR_TIMESTAMP,INR,DECLARED_PROTOTYPE_CONSTANT,,phase8-v1
CELL::BLR|CCU|2026-10-06|Economy Saver|T30(25-35)::ROUND::2026-09-05T20:15,BLR,CCU,2026-10-06,Economy Saver,T30(25-35),ROUND::2026-09-05T20:15,2026-09-05 20:15,ANCHORED,0,5211.00,CONSOLIDATED,False,3,Cleartrip;Goibibo;MMT,4,PARTIAL_COVERAGE,0.7500,AirlineSite,2,2,5206.50;5215.50,4,4,OBS01334;OBS01335;OBS01345;OBS01346,0,0,5036.00,5377.00,Cleartrip=5199.00;Goibibo=5304.50;MMT=5036.00,5036.00,5304.50,5199.00,341.00,187.00,9.00,BLR,CCU,2026-10-06,Economy Saver,True,1,True,5211.00,PRICED,2026-09-05 20:15,ANCHOR_TIMESTAMP,INR,DECLARED_PROTOTYPE_CONSTANT,,phase8-v1
CELL::BLR|CCU|2026-10-06|Economy Saver|T30(25-35)::ROUND::2026-09-06T09:00,BLR,CCU,2026-10-06,Economy Saver,T30(25-35),ROUND::2026-09-06T09:00,2026-09-06 09:00,ANCHORED,0,5302.00,CONSOLIDATED,False,2,AirlineSite;Cleartrip,4,PARTIAL_COVERAGE,0.5000,Goibibo;MMT,2,2,5205.00;5399.00,3,3,OBS01856;OBS01857;OBS01874,0,0,5205.00,5427.00,AirlineSite=5288.00;Cleartrip=5427.00,5288.00,5427.00,5357.50,56.00,28.00,194.00,BLR,CCU,2026-10-06,Economy Saver,True,1,True,5302.00,PRICED,2026-09-06 09:00,ANCHOR_TIMESTAMP,INR,DECLARED_PROTOTYPE_CONSTANT,,phase8-v1
CELL::BLR|CCU|2026-10-06|Economy Saver|T30(25-35)::ROUND::2026-09-06T14:30,BLR,CCU,2026-10-06,Economy Saver,T30(25-35),ROUND::2026-09-06T14:30,2026-09-06 14:30,ANCHORED,0,5281.00,CONSOLIDATED,True,1,Cleartrip,4,SINGLE_SOURCE,0.2500,AirlineSite;Goibibo;MMT,1,1,5281.00,1,1,OBS02362,0,0,5281.00,5281.00,Cleartrip=5281.00,5281.00,5281.00,5281.00,0.00,0.00,0.00,BLR,CCU,2026-10-06,Economy Saver,True,1,True,5281.00,PRICED,2026-09-06 14:30,ANCHOR_TIMESTAMP,INR,DECLARED_PROTOTYPE_CONSTANT,,phase8-v1
CELL::BLR|CCU|2026-10-06|Economy Saver|T30(25-35)::ROUND::2026-09-06T20:15,BLR,CCU,2026-10-06,Economy Saver,T30(25-35),ROUND::2026-09-06T20:15,2026-09-06 20:15,ANCHORED,0,5196.50,CONSOLIDATED,False,2,AirlineSite;EaseMyTrip,4,PARTIAL_COVERAGE,0.5000,Cleartrip;Goibibo;MMT,1,1,5196.50,2,2,OBS02867;OBS02868,0,0,5115.00,5278.00,AirlineSite=5278.00;EaseMyTrip=5115.00,5115.00,5278.00,5196.50,163.00,163.00,0.00,BLR,CCU,2026-10-06,Economy Saver,True,1,True,5196.50,PRICED,2026-09-06 20:15,ANCHOR_TIMESTAMP,INR,DECLARED_PROTOTYPE_CONSTANT,,phase8-v1
CELL::BLR|CCU|2026-10-06|Economy Standard|T30(25-35)::ROUND::2026-09-05T09:00,BLR,CCU,2026-10-06,Economy Standard,T30(25-35),ROUND::2026-09-05T09:00,2026-09-05 09:00,ANCHORED,0,6553.50,CONSOLIDATED,False,3,AirlineSite;Cleartrip;Goibibo,4,PARTIAL_COVERAGE,0.7500,MMT,2,2,6542.00;6565.00,4,4,OBS00313;OBS00314;OBS00326;OBS00327,0,0,6371.00,6759.00,AirlineSite=6371.00;Cleartrip=6720.00;Goibibo=6403.00,6371.00,6720.00,6403.00,388.00,333.00,23.00,BLR,CCU,2026-10-06,Economy Standard,True,2,True,6553.50,PRICED,2026-09-05 09:00,ANCHOR_TIMESTAMP,INR,DECLARED_PROTOTYPE_CONSTANT,,phase8-v1
CELL::BLR|CCU|2026-10-06|Economy Standard|T30(25-35)::ROUND::2026-09-05T14:30,BLR,CCU,2026-10-06,Economy Standard,T30(25-35),ROUND::2026-09-05T14:30,2026-09-05 14:30,ANCHORED,0,6478.00,CONSOLIDATED,False,2,EaseMyTrip;MMT,4,PARTIAL_COVERAGE,0.5000,AirlineSite;Cleartrip;Goibibo,2,2,6317.00;6639.00,2,2,OBS00818;OBS00826,0,0,6317.00,6639.00,EaseMyTrip=6317.00;MMT=6639.00,6317.00,6639.00,6478.00,0.00,0.00,322.00,BLR,CCU,2026-10-06,Economy Standard,True,2,True,6478.00,PRICED,2026-09-05 14:30,ANCHOR_TIMESTAMP,INR,DECLARED_PROTOTYPE_CONSTANT,,phase8-v1
CELL::BLR|CCU|2026-10-06|Economy Standard|T30(25-35)::ROUND::2026-09-06T09:00,BLR,CCU,2026-10-06,Economy Standard,T30(25-35),ROUND::2026-09-06T09:00,2026-09-06 09:00,ANCHORED,0,6952.00,CONSOLIDATED,True,1,Cleartrip,4,SINGLE_SOURCE,0.2500,AirlineSite;Goibibo;MMT,1,1,6952.00,1,1,OBS01875,0,0,6952.00,6952.00,Cleartrip=6952.00,6952.00,6952.00,6952.00,0.00,0.00,0.00,BLR,CCU,2026-10-06,Economy Standard,True,2,True,6952.00,PRICED,2026-09-06 09:00,ANCHOR_TIMESTAMP,INR,DECLARED_PROTOTYPE_CONSTANT,,phase8-v1
CELL::BLR|CCU|2026-10-06|Economy Standard|T30(25-35)::ROUND::2026-09-06T14:30,BLR,CCU,2026-10-06,Economy Standard,T30(25-35),ROUND::2026-09-06T14:30,2026-09-06 14:30,ANCHORED,0,6739.00,CONSOLIDATED,True,1,Goibibo,4,SINGLE_SOURCE,0.2500,AirlineSite;Cleartrip;MMT,1,1,6739.00,1,1,OBS02363,0,0,6739.00,6739.00,Goibibo=6739.00,6739.00,6739.00,6739.00,0.00,0.00,0.00,BLR,CCU,2026-10-06,Economy Standard,True,2,True,6739.00,PRICED,2026-09-06 14:30,ANCHOR_TIMESTAMP,INR,DECLARED_PROTOTYPE_CONSTANT,,phase8-v1
CELL::BLR|CCU|2026-10-06|Economy Standard|T30(25-35)::ROUND::2026-09-06T20:15,BLR,CCU,2026-10-06,Economy Standard,T30(25-35),ROUND::2026-09-06T20:15,2026-09-06 20:15,ANCHORED,0,6834.50,CONSOLIDATED,False,2,EaseMyTrip;MMT,4,PARTIAL_COVERAGE,0.5000,AirlineSite;Cleartrip;Goibibo,1,1,6834.50,2,2,OBS02880;OBS02881,0,0,6803.00,6866.00,EaseMyTrip=6866.00;MMT=6803.00,6803.00,6866.00,6834.50,63.00,63.00,0.00,BLR,CCU,2026-10-06,Economy Standard,True,2,True,6834.50,PRICED,2026-09-06 20:15,ANCHOR_TIMESTAMP,INR,DECLARED_PROTOTYPE_CONSTANT,,phase8-v1
CELL::BLR|CCU|2026-10-22|Economy Flexi|T45(40-50)::ROUND::2026-09-05T09:00,BLR,CCU,2026-10-22,Economy Flexi,T45(40-50),ROUND::2026-09-05T09:00,2026-09-05 09:00,ANCHORED,0,8192.25,CONSOLIDATED,False,4,AirlineSite;Cleartrip;Goibibo;MMT,4,FULL_COVERAGE,1.0000,,2,2,8172.50;8212.00,4,4,OBS00316;OBS00317;OBS00340;OBS00341,0,0,8055.00,8290.00,AirlineSite=8290.00;Cleartrip=8055.00;Goibibo=8209.00;MMT=8215.00,8055.00,8290.00,8212.00,235.00,120.50,39.50,BLR,CCU,2026-10-22,Economy Flexi,True,3,True,8192.25,PRICED,2026-09-05 09:00,ANCHOR_TIMESTAMP,INR,DECLARED_PROTOTYPE_CONSTANT,,phase8-v1
CELL::BLR|CCU|2026-10-22|Economy Flexi|T45(40-50)::ROUND::2026-09-05T14:30,BLR,CCU,2026-10-22,Economy Flexi,T45(40-50),ROUND::2026-09-05T14:30,2026-09-05 14:30,ANCHORED,0,8020.50,CONSOLIDATED,False,3,AirlineSite;Cleartrip;EaseMyTrip,4,PARTIAL_COVERAGE,0.7500,Goibibo;MMT,2,2,7980.00;8061.00,3,3,OBS00819;OBS00839;OBS00840,0,0,7826.00,8296.00,AirlineSite=8296.00;Cleartrip=7826.00;EaseMyTrip=7980.00,7826.00,8296.00,7980.00,470.00,235.00,81.00,BLR,CCU,2026-10-22,Economy Flexi,True,3,True,8020.50,PRICED,2026-09-05 14:30,ANCHOR_TIMESTAMP,INR,DECLARED_PROTOTYPE_CONSTANT,,phase8-v1
CELL::BLR|CCU|2026-10-22|Economy Flexi|T45(40-50)::ROUND::2026-09-05T20:15,BLR,CCU,2026-10-22,Economy Flexi,T45(40-50),ROUND::2026-09-05T20:15,2026-09-05 20:15,ANCHORED,0,7916.00,CONSOLIDATED,True,1,Goibibo,4,SINGLE_SOURCE,0.2500,AirlineSite;Cleartrip;MMT,1,1,7916.00,1,1,OBS01337,0,0,7916.00,7916.00,Goibibo=7916.00,7916.00,7916.00,7916.00,0.00,0.00,0.00,BLR,CCU,2026-10-22,Economy Flexi,True,3,True,7916.00,PRICED,2026-09-05 20:15,ANCHOR_TIMESTAMP,INR,DECLARED_PROTOTYPE_CONSTANT,,phase8-v1
CELL::BLR|CCU|2026-10-22|Economy Flexi|T45(40-50)::ROUND::2026-09-06T09:00,BLR,CCU,2026-10-22,Economy Flexi,T45(40-50),ROUND::2026-09-06T09:00,2026-09-06 09:00,ANCHORED,0,7694.00,CONSOLIDATED,False,2,Cleartrip;Goibibo,4,PARTIAL_COVERAGE,0.5000,AirlineSite;MMT,1,1,7694.00,2,2,OBS01876;OBS01877,0,0,7672.00,7716.00,Cleartrip=7672.00;Goibibo=7716.00,7672.00,7716.00,7694.00,44.00,44.00,0.00,BLR,CCU,2026-10-22,Economy Flexi,True,3,True,7694.00,PRICED,2026-09-06 09:00,ANCHOR_TIMESTAMP,INR,DECLARED_PROTOTYPE_CONSTANT,,phase8-v1
CELL::BLR|CCU|2026-10-22|Economy Flexi|T45(40-50)::ROUND::2026-09-06T14:30,BLR,CCU,2026-10-22,Economy Flexi,T45(40-50),ROUND::2026-09-06T14:30,2026-09-06 14:30,ANCHORED,0,8122.00,CONSOLIDATED,True,4,AirlineSite;Cleartrip;Goibibo;MMT,4,FULL_COVERAGE,1.0000,,3,3,7762.50;8122.00;8374.00,4,4,OBS02352;OBS02353;OBS02364;OBS02377,0,0,7702.00,8374.00,AirlineSite=7823.00;Cleartrip=7702.00;Goibibo=8122.00;MMT=8374.00,7702.00,8374.00,7972.50,121.00,0.00,611.50,BLR,CCU,2026-10-22,Economy Flexi,True,3,True,8122.00,PRICED,2026-09-06 14:30,ANCHOR_TIMESTAMP,INR,DECLARED_PROTOTYPE_CONSTANT,,phase8-v1
CELL::BLR|CCU|2026-10-22|Economy Flexi|T45(40-50)::ROUND::2026-09-06T20:15,BLR,CCU,2026-10-22,Economy Flexi,T45(40-50),ROUND::2026-09-06T20:15,2026-09-06 20:15,ANCHORED,0,7899.50,CONSOLIDATED,False,2,AirlineSite;Cleartrip,4,PARTIAL_COVERAGE,0.5000,Goibibo;MMT,1,1,7899.50,2,2,OBS02869;OBS02870,0,0,7689.00,8110.00,AirlineSite=8110.00;Cleartrip=7689.00,7689.00,8110.00,7899.50,421.00,421.00,0.00,BLR,CCU,2026-10-22,Economy Flexi,True,3,True,7899.50,PRICED,2026-09-06 20:15,ANCHOR_TIMESTAMP,INR,DECLARED_PROTOTYPE_CONSTANT,,phase8-v1
CELL::BLR|CCU|2026-10-22|Economy Saver|T45(40-50)::ROUND::2026-09-05T09:00,BLR,CCU,2026-10-22,Economy Saver,T45(40-50),ROUND::2026-09-05T09:00,2026-09-05 09:00,ANCHORED,0,5354.00,CONSOLIDATED,False,2,EaseMyTrip;MMT,4,PARTIAL_COVERAGE,0.5000,AirlineSite;Cleartrip;Goibibo,1,1,5354.00,2,2,OBS00330;OBS00331,0,0,5350.00,5358.00,EaseMyTrip=5350.00;MMT=5358.00,5350.00,5358.00,5354.00,8.00,8.00,0.00,BLR,CCU,2026-10-22,Economy Saver,True,1,True,5354.00,PRICED,2026-09-05 09:00,ANCHOR_TIMESTAMP,INR,DECLARED_PROTOTYPE_CONSTANT,,phase8-v1
CELL::BLR|CCU|2026-10-22|Economy Saver|T45(40-50)::ROUND::2026-09-05T14:30,BLR,CCU,2026-10-22,Economy Saver,T45(40-50),ROUND::2026-09-05T14:30,2026-09-05 14:30,ANCHORED,0,5333.50,CONSOLIDATED,False,2,AirlineSite;EaseMyTrip,4,PARTIAL_COVERAGE,0.5000,Cleartrip;Goibibo;MMT,1,1,5333.50,2,2,OBS00828;OBS00829,0,0,5326.00,5341.00,AirlineSite=5326.00;EaseMyTrip=5341.00,5326.00,5341.00,5333.50,15.00,15.00,0.00,BLR,CCU,2026-10-22,Economy Saver,True,1,True,5333.50,PRICED,2026-09-05 14:30,ANCHOR_TIMESTAMP,INR,DECLARED_PROTOTYPE_CONSTANT,,phase8-v1
CELL::BLR|CCU|2026-10-22|Economy Saver|T45(40-50)::ROUND::2026-09-05T20:15,BLR,CCU,2026-10-22,Economy Saver,T45(40-50),ROUND::2026-09-05T20:15,2026-09-05 20:15,ANCHORED,0,5197.00,CONSOLIDATED,False,1,Goibibo,4,SINGLE_SOURCE,0.2500,AirlineSite;Cleartrip;MMT,2,2,5085.00;5309.00,2,2,OBS01326;OBS01351,0,0,5085.00,5309.00,Goibibo=5197.00,5197.00,5197.00,5197.00,0.00,0.00,224.00,BLR,CCU,2026-10-22,Economy Saver,True,1,True,5197.00,PRICED,2026-09-05 20:15,ANCHOR_TIMESTAMP,INR,DECLARED_PROTOTYPE_CONSTANT,,phase8-v1
CELL::BLR|CCU|2026-10-22|Economy Saver|T45(40-50)::ROUND::2026-09-06T09:00,BLR,CCU,2026-10-22,Economy Saver,T45(40-50),ROUND::2026-09-06T09:00,2026-09-06 09:00,ANCHORED,0,5174.75,CONSOLIDATED,False,2,AirlineSite;Cleartrip,4,PARTIAL_COVERAGE,0.5000,Goibibo;MMT,2,2,5013.50;5336.00,3,3,OBS01866;OBS01867;OBS01878,0,0,4901.00,5336.00,AirlineSite=5118.50;Cleartrip=5126.00,5118.50,5126.00,5122.25,225.00,112.50,322.50,BLR,CCU,2026-10-22,Economy Saver,True,1,True,5174.75,PRICED,2026-09-06 09:00,ANCHOR_TIMESTAMP,INR,DECLARED_PROTOTYPE_CONSTANT,,phase8-v1
CELL::BLR|CCU|2026-10-22|Economy Saver|T45(40-50)::ROUND::2026-09-06T20:15,BLR,CCU,2026-10-22,Economy Saver,T45(40-50),ROUND::2026-09-06T20:15,2026-09-06 20:15,ANCHORED,0,5156.50,CONSOLIDATED,False,2,AirlineSite;MMT,4,PARTIAL_COVERAGE,0.5000,Cleartrip;Goibibo,1,1,5156.50,2,2,OBS02857;OBS02858,0,0,5078.00,5235.00,AirlineSite=5078.00;MMT=5235.00,5078.00,5235.00,5156.50,157.00,157.00,0.00,BLR,CCU,2026-10-22,Economy Saver,True,1,True,5156.50,PRICED,2026-09-06 20:15,ANCHOR_TIMESTAMP,INR,DECLARED_PROTOTYPE_CONSTANT,,phase8-v1
CELL::BLR|CCU|2026-10-22|Economy Standard|T45(40-50)::ROUND::2026-09-05T09:00,BLR,CCU,2026-10-22,Economy Standard,T45(40-50),ROUND::2026-09-05T09:00,2026-09-05 09:00,ANCHORED,0,6368.50,CONSOLIDATED,False,2,EaseMyTrip;Goibibo,4,PARTIAL_COVERAGE,0.5000,AirlineSite;Cleartrip;MMT,1,1,6368.50,2,2,OBS00328;OBS00329,0,0,6345.00,6392.00,EaseMyTrip=6392.00;Goibibo=6345.00,6345.00,6392.00,6368.50,47.00,47.00,0.00,BLR,CCU,2026-10-22,Economy Standard,True,2,True,6368.50,PRICED,2026-09-05 09:00,ANCHOR_TIMESTAMP,INR,DECLARED_PROTOTYPE_CONSTANT,,phase8-v1
CELL::BLR|CCU|2026-10-22|Economy Standard|T45(40-50)::ROUND::2026-09-05T14:30,BLR,CCU,2026-10-22,Economy Standard,T45(40-50),ROUND::2026-09-05T14:30,2026-09-05 14:30,ANCHORED,0,6937.00,CONSOLIDATED,True,1,MMT,4,SINGLE_SOURCE,0.2500,AirlineSite;Cleartrip;Goibibo,1,1,6937.00,1,1,OBS00841,0,0,6937.00,6937.00,MMT=6937.00,6937.00,6937.00,6937.00,0.00,0.00,0.00,BLR,CCU,2026-10-22,Economy Standard,True,2,True,6937.00,PRICED,2026-09-05 14:30,ANCHOR_TIMESTAMP,INR,DECLARED_PROTOTYPE_CONSTANT,,phase8-v1
CELL::BLR|CCU|2026-10-22|Economy Standard|T45(40-50)::ROUND::2026-09-05T20:15,BLR,CCU,2026-10-22,Economy Standard,T45(40-50),ROUND::2026-09-05T20:15,2026-09-05 20:15,ANCHORED,0,6517.00,CONSOLIDATED,True,3,AirlineSite;Cleartrip;MMT,4,PARTIAL_COVERAGE,0.7500,Goibibo,3,3,6377.00;6517.00;6571.00,4,4,OBS01325;OBS01336;OBS01349;OBS01350,0,0,6377.00,6649.00,AirlineSite=6649.00;Cleartrip=6447.00;MMT=6493.00,6447.00,6649.00,6493.00,156.00,0.00,194.00,BLR,CCU,2026-10-22,Economy Standard,True,2,True,6517.00,PRICED,2026-09-05 20:15,ANCHOR_TIMESTAMP,INR,DECLARED_PROTOTYPE_CONSTANT,,phase8-v1
CELL::BLR|CCU|2026-10-22|Economy Standard|T45(40-50)::ROUND::2026-09-06T09:00,BLR,CCU,2026-10-22,Economy Standard,T45(40-50),ROUND::2026-09-06T09:00,2026-09-06 09:00,ANCHORED,0,6660.00,CONSOLIDATED,True,1,Goibibo,4,SINGLE_SOURCE,0.2500,AirlineSite;Cleartrip;MMT,1,1,6660.00,1,1,OBS01858,0,0,6660.00,6660.00,Goibibo=6660.00,6660.00,6660.00,6660.00,0.00,0.00,0.00,BLR,CCU,2026-10-22,Economy Standard,True,2,True,6660.00,PRICED,2026-09-06 09:00,ANCHOR_TIMESTAMP,INR,DECLARED_PROTOTYPE_CONSTANT,,phase8-v1
CELL::BLR|CCU|2026-10-22|Economy Standard|T45(40-50)::ROUND::2026-09-06T14:30,BLR,CCU,2026-10-22,Economy Standard,T45(40-50),ROUND::2026-09-06T14:30,2026-09-06 14:30,ANCHORED,0,6692.75,CONSOLIDATED,False,3,AirlineSite;Cleartrip;Goibibo,4,PARTIAL_COVERAGE,0.7500,MMT,2,2,6655.00;6730.50,3,3,OBS02354;OBS02375;OBS02376,0,0,6655.00,6778.00,AirlineSite=6655.00;Cleartrip=6683.00;Goibibo=6778.00,6655.00,6778.00,6683.00,95.00,47.50,75.50,BLR,CCU,2026-10-22,Economy Standard,True,2,True,6692.75,PRICED,2026-09-06 14:30,ANCHOR_TIMESTAMP,INR,DECLARED_PROTOTYPE_CONSTANT,,phase8-v1
CELL::BLR|CCU|2026-10-22|Economy Standard|T45(40-50)::ROUND::2026-09-06T20:15,BLR,CCU,2026-10-22,Economy Standard,T45(40-50),ROUND::2026-09-06T20:15,2026-09-06 20:15,ANCHORED,0,6834.00,CONSOLIDATED,False,2,EaseMyTrip;Goibibo,4,PARTIAL_COVERAGE,0.5000,AirlineSite;Cleartrip;MMT,1,1,6834.00,2,2,OBS02882;OBS02883,0,0,6764.00,6904.00,EaseMyTrip=6904.00;Goibibo=6764.00,6764.00,6904.00,6834.00,140.00,140.00,0.00,BLR,CCU,2026-10-22,Economy Standard,True,2,True,6834.00,PRICED,2026-09-06 20:15,ANCHOR_TIMESTAMP,INR,DECLARED_PROTOTYPE_CONSTANT,,phase8-v1
CELL::BLR|COK|2026-09-07|Economy Flexi|T1(0-2)::ROUND::2026-09-05T09:00,BLR,COK,2026-09-07,Economy Flexi,T1(0-2),ROUND::2026-09-05T09:00,2026-09-05 09:00,ANCHORED,0,11327.75,CONSOLIDATED,False,3,AirlineSite;Cleartrip;Goibibo,4,PARTIAL_COVERAGE,0.7500,MMT,2,2,11227.50;11428.00,4,4,OBS00458;OBS00459;OBS00470;OBS00471,0,0,11049.00,11517.00,AirlineSite=11406.00;Cleartrip=11517.00;Goibibo=11194.00,11194.00,11517.00,11406.00,357.00,267.50,200.50,BLR,COK,2026-09-07,Economy Flexi,True,3,True,11327.75,PRICED,2026-09-05 09:00,ANCHOR_TIMESTAMP,INR,DECLARED_PROTOTYPE_CONSTANT,,phase8-v1
CELL::BLR|COK|2026-09-07|Economy Flexi|T1(0-2)::ROUND::2026-09-05T14:30,BLR,COK,2026-09-07,Economy Flexi,T1(0-2),ROUND::2026-09-05T14:30,2026-09-05 14:30,ANCHORED,0,11574.75,CONSOLIDATED,False,4,Cleartrip;EaseMyTrip;Goibibo;MMT,4,FULL_COVERAGE,1.0000,AirlineSite,2,2,11516.50;11633.00,4,4,OBS00948;OBS00949;OBS00964;OBS00965,0,0,11410.00,11809.00,Cleartrip=11623.00;EaseMyTrip=11410.00;Goibibo=11457.00;MMT=11809.00,11410.00,11809.00,11540.00,352.00,282.50,116.50,BLR,COK,2026-09-07,Economy Flexi,True,3,True,11574.75,PRICED,2026-09-05 14:30,ANCHOR_TIMESTAMP,INR,DECLARED_PROTOTYPE_CONSTANT,,phase8-v1
CELL::BLR|COK|2026-09-07|Economy Flexi|T1(0-2)::ROUND::2026-09-06T09:00,BLR,COK,2026-09-07,Economy Flexi,T1(0-2),ROUND::2026-09-06T09:00,2026-09-06 09:00,ANCHORED,0,11731.00,CONSOLIDATED,True,4,AirlineSite;EaseMyTrip;Goibibo;MMT,4,FULL_COVERAGE,1.0000,Cleartrip,3,3,11303.00;11731.00;12056.00,5,5,OBS01978;OBS01979;OBS01987;OBS01997;OBS01998,0,0,11228.00,12095.00,AirlineSite=12095.00;EaseMyTrip=12017.00;Goibibo=11378.00;MMT=11479.50,11378.00,12095.00,11748.25,150.00,78.00,753.00,BLR,COK,2026-09-07,Economy Flexi,True,3,True,11731.00,PRICED,2026-09-06 09:00,ANCHOR_TIMESTAMP,INR,DECLARED_PROTOTYPE_CONSTANT,,phase8-v1
CELL::BLR|COK|2026-09-07|Economy Saver|T1(0-2)::ROUND::2026-09-05T09:00,BLR,COK,2026-09-07,Economy Saver,T1(0-2),ROUND::2026-09-05T09:00,2026-09-05 09:00,ANCHORED,0,7566.00,CONSOLIDATED,False,2,Goibibo;MMT,4,PARTIAL_COVERAGE,0.5000,AirlineSite;Cleartrip,1,1,7566.00,2,2,OBS00451;OBS00452,0,0,7376.00,7756.00,Goibibo=7376.00;MMT=7756.00,7376.00,7756.00,7566.00,380.00,380.00,0.00,BLR,COK,2026-09-07,Economy Saver,True,1,True,7566.00,PRICED,2026-09-05 09:00,ANCHOR_TIMESTAMP,INR,DECLARED_PROTOTYPE_CONSTANT,,phase8-v1
CELL::BLR|COK|2026-09-07|Economy Saver|T1(0-2)::ROUND::2026-09-05T14:30,BLR,COK,2026-09-07,Economy Saver,T1(0-2),ROUND::2026-09-05T14:30,2026-09-05 14:30,ANCHORED,0,7514.50,CONSOLIDATED,False,2,AirlineSite;EaseMyTrip,4,PARTIAL_COVERAGE,0.5000,Cleartrip;Goibibo;MMT,1,1,7514.50,2,2,OBS00950;OBS00951,0,0,7466.00,7563.00,AirlineSite=7563.00;EaseMyTrip=7466.00,7466.00,7563.00,7514.50,97.00,97.00,0.00,BLR,COK,2026-09-07,Economy Saver,True,1,True,7514.50,PRICED,2026-09-05 14:30,ANCHOR_TIMESTAMP,INR,DECLARED_PROTOTYPE_CONSTANT,,phase8-v1
CELL::BLR|COK|2026-09-07|Economy Saver|T1(0-2)::ROUND::2026-09-05T20:15,BLR,COK,2026-09-07,Economy Saver,T1(0-2),ROUND::2026-09-05T20:15,2026-09-05 20:15,ANCHORED,0,7379.75,CONSOLIDATED,False,2,Cleartrip;MMT,4,PARTIAL_COVERAGE,0.5000,AirlineSite;Goibibo,2,2,7328.50;7431.00,3,3,OBS01456;OBS01485;OBS01486,0,0,7135.00,7522.00,Cleartrip=7283.00;MMT=7522.00,7283.00,7522.00,7402.50,387.00,193.50,102.50,BLR,COK,2026-09-07,Economy Saver,True,1,True,7379.75,PRICED,2026-09-05 20:15,ANCHOR_TIMESTAMP,INR,DECLARED_PROTOTYPE_CONSTANT,,phase8-v1
CELL::BLR|COK|2026-09-07|Economy Saver|T1(0-2)::ROUND::2026-09-06T09:00,BLR,COK,2026-09-07,Economy Saver,T1(0-2),ROUND::2026-09-06T09:00,2026-09-06 09:00,ANCHORED,0,7580.00,CONSOLIDATED,True,1,Goibibo,4,SINGLE_SOURCE,0.2500,AirlineSite;Cleartrip;MMT,1,1,7580.00,1,1,OBS01986,0,0,7580.00,7580.00,Goibibo=7580.00,7580.00,7580.00,7580.00,0.00,0.00,0.00,BLR,COK,2026-09-07,Economy Saver,True,1,True,7580.00,PRICED,2026-09-06 09:00,ANCHOR_TIMESTAMP,INR,DECLARED_PROTOTYPE_CONSTANT,,phase8-v1
CELL::BLR|COK|2026-09-07|Economy Saver|T1(0-2)::ROUND::2026-09-06T14:30,BLR,COK,2026-09-07,Economy Saver,T1(0-2),ROUND::2026-09-06T14:30,2026-09-06 14:30,ANCHORED,0,7788.00,CONSOLIDATED,True,1,EaseMyTrip,4,SINGLE_SOURCE,0.2500,AirlineSite;Cleartrip;Goibibo;MMT,1,1,7788.00,1,1,OBS02469,0,0,7788.00,7788.00,EaseMyTrip=7788.00,7788.00,7788.00,7788.00,0.00,0.00,0.00,BLR,COK,2026-09-07,Economy Saver,True,1,True,7788.00,PRICED,2026-09-06 14:30,ANCHOR_TIMESTAMP,INR,DECLARED_PROTOTYPE_CONSTANT,,phase8-v1
CELL::BLR|COK|2026-09-07|Economy Standard|T1(0-2)::ROUND::2026-09-05T09:00,BLR,COK,2026-09-07,Economy Standard,T1(0-2),ROUND::2026-09-05T09:00,2026-09-05 09:00,ANCHORED,0,9479.50,CONSOLIDATED,False,2,Goibibo;MMT,4,PARTIAL_COVERAGE,0.5000,AirlineSite;Cleartrip,1,1,9479.50,2,2,OBS00449;OBS00450,0,0,9212.00,9747.00,Goibibo=9747.00;MMT=9212.00,9212.00,9747.00,9479.50,535.00,535.00,0.00,BLR,COK,2026-09-07,Economy Standard,True,2,True,9479.50,PRICED,2026-09-05 09:00,ANCHOR_TIMESTAMP,INR,DECLARED_PROTOTYPE_CONSTANT,,phase8-v1
CELL::BLR|COK|2026-09-07|Economy Standard|T1(0-2)::ROUND::2026-09-05T14:30,BLR,COK,2026-09-07,Economy Standard,T1(0-2),ROUND::2026-09-05T14:30,2026-09-05 14:30,ANCHORED,0,9652.25,CONSOLIDATED,False,2,AirlineSite;Cleartrip,4,PARTIAL_COVERAGE,0.5000,Goibibo;MMT,2,2,9433.50;9871.00,3,3,OBS00936;OBS00937;OBS00966,0,0,9199.00,9871.00,AirlineSite=9199.00;Cleartrip=9769.50,9199.00,9769.50,9484.25,469.00,234.50,437.50,BLR,COK,2026-09-07,Economy Standard,True,2,True,9652.25,PRICED,2026-09-05 14:30,ANCHOR_TIMESTAMP,INR,DECLARED_PROTOTYPE_CONSTANT,,phase8-v1
CELL::BLR|COK|2026-09-07|Economy Standard|T1(0-2)::ROUND::2026-09-05T20:15,BLR,COK,2026-09-07,Economy Standard,T1(0-2),ROUND::2026-09-05T20:15,2026-09-05 20:15,ANCHORED,0,9560.00,CONSOLIDATED,False,2,AirlineSite;Cleartrip,4,PARTIAL_COVERAGE,0.5000,Goibibo;MMT,1,1,9560.00,2,2,OBS01470;OBS01471,0,0,9265.00,9855.00,AirlineSite=9265.00;Cleartrip=9855.00,9265.00,9855.00,9560.00,590.00,590.00,0.00,BLR,COK,2026-09-07,Economy Standard,True,2,True,9560.00,PRICED,2026-09-05 20:15,ANCHOR_TIMESTAMP,INR,DECLARED_PROTOTYPE_CONSTANT,,phase8-v1
CELL::BLR|COK|2026-09-07|Economy Standard|T1(0-2)::ROUND::2026-09-06T09:00,BLR,COK,2026-09-07,Economy Standard,T1(0-2),ROUND::2026-09-06T09:00,2026-09-06 09:00,ANCHORED,0,10136.00,CONSOLIDATED,True,1,Cleartrip,4,SINGLE_SOURCE,0.2500,AirlineSite;Goibibo;MMT,1,1,10136.00,1,1,OBS01999,0,0,10136.00,10136.00,Cleartrip=10136.00,10136.00,10136.00,10136.00,0.00,0.00,0.00,BLR,COK,2026-09-07,Economy Standard,True,2,True,10136.00,PRICED,2026-09-06 09:00,ANCHOR_TIMESTAMP,INR,DECLARED_PROTOTYPE_CONSTANT,,phase8-v1
CELL::BLR|COK|2026-09-07|Economy Standard|T1(0-2)::ROUND::2026-09-06T14:30,BLR,COK,2026-09-07,Economy Standard,T1(0-2),ROUND::2026-09-06T14:30,2026-09-06 14:30,ANCHORED,0,9629.50,CONSOLIDATED,False,2,AirlineSite;EaseMyTrip,4,PARTIAL_COVERAGE,0.5000,Cleartrip;Goibibo;MMT,2,2,9507.00;9752.00,3,3,OBS02480;OBS02481;OBS02492,0,0,9507.00,9811.00,AirlineSite=9811.00;EaseMyTrip=9600.00,9600.00,9811.00,9705.50,118.00,59.00,245.00,BLR,COK,2026-09-07,Economy Standard,True,2,True,9629.50,PRICED,2026-09-06 14:30,ANCHOR_TIMESTAMP,INR,DECLARED_PROTOTYPE_CONSTANT,,phase8-v1
CELL::BLR|COK|2026-09-13|Economy Flexi|T7(5-9)::ROUND::2026-09-05T09:00,BLR,COK,2026-09-13,Economy Flexi,T7(5-9),ROUND::2026-09-05T09:00,2026-09-05 09:00,ANCHORED,0,10722.00,CONSOLIDATED,True,1,EaseMyTrip,4,SINGLE_SOURCE,0.2500,AirlineSite;Cleartrip;Goibibo;MMT,1,1,10722.00,1,1,OBS00472,0,0,10722.00,10722.00,EaseMyTrip=10722.00,10722.00,10722.00,10722.00,0.00,0.00,0.00,BLR,COK,2026-09-13,Economy Flexi,True,3,True,10722.00,PRICED,2026-09-05 09:00,ANCHOR_TIMESTAMP,INR,DECLARED_PROTOTYPE_CONSTANT,,phase8-v1
CELL::BLR|COK|2026-09-13|Economy Flexi|T7(5-9)::ROUND::2026-09-05T14:30,BLR,COK,2026-09-13,Economy Flexi,T7(5-9),ROUND::2026-09-05T14:30,2026-09-05 14:30,ANCHORED,0,10278.00,CONSOLIDATED,True,2,Cleartrip;EaseMyTrip,4,PARTIAL_COVERAGE,0.5000,AirlineSite;Goibibo;MMT,3,3,10135.00;10278.00;10842.00,3,3,OBS00938;OBS00952;OBS00967,0,0,10135.00,10842.00,Cleartrip=10278.00;EaseMyTrip=10488.50,10278.00,10488.50,10383.25,0.00,0.00,707.00,BLR,COK,2026-09-13,Economy Flexi,True,3,True,10278.00,PRICED,2026-09-05 14:30,ANCHOR_TIMESTAMP,INR,DECLARED_PROTOTYPE_CONSTANT,,phase8-v1
CELL::BLR|COK|2026-09-13|Economy Flexi|T7(5-9)::ROUND::2026-09-05T20:15,BLR,COK,2026-09-13,Economy Flexi,T7(5-9),ROUND::2026-09-05T20:15,2026-09-05 20:15,ANCHORED,0,10693.00,CONSOLIDATED,False,2,AirlineSite;Cleartrip,4,PARTIAL_COVERAGE,0.5000,Goibibo;MMT,2,2,10576.00;10810.00,3,3,OBS01472;OBS01473;OBS01487,0,0,10376.00,10810.00,AirlineSite=10793.00;Cleartrip=10376.00,10376.00,10793.00,10584.50,400.00,200.00,234.00,BLR,COK,2026-09-13,Economy Flexi,True,3,True,10693.00,PRICED,2026-09-05 20:15,ANCHOR_TIMESTAMP,INR,DECLARED_PROTOTYPE_CONSTANT,,phase8-v1
CELL::BLR|COK|2026-09-13|Economy Flexi|T7(5-9)::ROUND::2026-09-06T09:00,BLR,COK,2026-09-13,Economy Flexi,T7(5-9),ROUND::2026-09-06T09:00,2026-09-06 09:00,ANCHORED,0,10410.50,CONSOLIDATED,False,3,Cleartrip;EaseMyTrip;MMT,4,PARTIAL_COVERAGE,0.7500,AirlineSite;Goibibo,2,2,10205.50;10615.50,4,4,OBS01988;OBS01989;OBS02000;OBS02001,0,0,10191.00,10870.00,Cleartrip=10530.50;EaseMyTrip=10220.00;MMT=10361.00,10220.00,10530.50,10361.00,509.00,269.00,410.00,BLR,COK,2026-09-13,Economy Flexi,True,3,True,10410.50,PRICED,2026-09-06 09:00,ANCHOR_TIMESTAMP,INR,DECLARED_PROTOTYPE_CONSTANT,,phase8-v1
CELL::BLR|COK|2026-09-13|Economy Flexi|T7(5-9)::ROUND::2026-09-06T14:30,BLR,COK,2026-09-13,Economy Flexi,T7(5-9),ROUND::2026-09-06T14:30,2026-09-06 14:30,ANCHORED,0,10628.50,CONSOLIDATED,False,4,AirlineSite;Cleartrip;EaseMyTrip;Goibibo,4,FULL_COVERAGE,1.0000,MMT,2,2,10380.50;10876.50,4,4,OBS02471;OBS02472;OBS02494;OBS02495,0,0,10333.00,10974.00,AirlineSite=10974.00;Cleartrip=10333.00;EaseMyTrip=10779.00;Goibibo=10428.00,10333.00,10974.00,10603.50,195.00,145.00,496.00,BLR,COK,2026-09-13,Economy Flexi,True,3,True,10628.50,PRICED,2026-09-06 14:30,ANCHOR_TIMESTAMP,INR,DECLARED_PROTOTYPE_CONSTANT,,phase8-v1
CELL::BLR|COK|2026-09-13|Economy Saver|T7(5-9)::ROUND::2026-09-05T09:00,BLR,COK,2026-09-13,Economy Saver,T7(5-9),ROUND::2026-09-05T09:00,2026-09-05 09:00,ANCHORED,0,6553.00,CONSOLIDATED,True,1,AirlineSite,4,SINGLE_SOURCE,0.2500,Cleartrip;Goibibo;MMT,1,1,6553.00,1,1,OBS00462,0,0,6553.00,6553.00,AirlineSite=6553.00,6553.00,6553.00,6553.00,0.00,0.00,0.00,BLR,COK,2026-09-13,Economy Saver,True,1,True,6553.00,PRICED,2026-09-05 09:00,ANCHOR_TIMESTAMP,INR,DECLARED_PROTOTYPE_CONSTANT,,phase8-v1
CELL::BLR|COK|2026-09-13|Economy Saver|T7(5-9)::ROUND::2026-09-05T20:15,BLR,COK,2026-09-13,Economy Saver,T7(5-9),ROUND::2026-09-05T20:15,2026-09-05 20:15,ANCHORED,0,6636.00,CONSOLIDATED,False,2,AirlineSite;Goibibo,4,PARTIAL_COVERAGE,0.5000,Cleartrip;MMT,1,1,6636.00,2,2,OBS01459;OBS01460,0,0,6439.00,6833.00,AirlineSite=6833.00;Goibibo=6439.00,6439.00,6833.00,6636.00,394.00,394.00,0.00,BLR,COK,2026-09-13,Economy Saver,True,1,True,6636.00,PRICED,2026-09-05 20:15,ANCHOR_TIMESTAMP,INR,DECLARED_PROTOTYPE_CONSTANT,,phase8-v1
CELL::BLR|COK|2026-09-13|Economy Saver|T7(5-9)::ROUND::2026-09-06T09:00,BLR,COK,2026-09-13,Economy Saver,T7(5-9),ROUND::2026-09-06T09:00,2026-09-06 09:00,ANCHORED,0,6867.00,CONSOLIDATED,True,1,MMT,4,SINGLE_SOURCE,0.2500,AirlineSite;Cleartrip;Goibibo,1,1,6867.00,1,1,OBS01980,0,0,6867.00,6867.00,MMT=6867.00,6867.00,6867.00,6867.00,0.00,0.00,0.00,BLR,COK,2026-09-13,Economy Saver,True,1,True,6867.00,PRICED,2026-09-06 09:00,ANCHOR_TIMESTAMP,INR,DECLARED_PROTOTYPE_CONSTANT,,phase8-v1
CELL::BLR|COK|2026-09-13|Economy Saver|T7(5-9)::ROUND::2026-09-06T14:30,BLR,COK,2026-09-13,Economy Saver,T7(5-9),ROUND::2026-09-06T14:30,2026-09-06 14:30,ANCHORED,0,7095.00,CONSOLIDATED,False,2,AirlineSite;EaseMyTrip,4,PARTIAL_COVERAGE,0.5000,Cleartrip;Goibibo;MMT,1,1,7095.00,2,2,OBS02482;OBS02483,0,0,7051.00,7139.00,AirlineSite=7051.00;EaseMyTrip=7139.00,7051.00,7139.00,7095.00,88.00,88.00,0.00,BLR,COK,2026-09-13,Economy Saver,True,1,True,7095.00,PRICED,2026-09-06 14:30,ANCHOR_TIMESTAMP,INR,DECLARED_PROTOTYPE_CONSTANT,,phase8-v1
CELL::BLR|COK|2026-09-13|Economy Standard|T7(5-9)::ROUND::2026-09-05T09:00,BLR,COK,2026-09-13,Economy Standard,T7(5-9),ROUND::2026-09-05T09:00,2026-09-05 09:00,ANCHORED,0,8274.50,CONSOLIDATED,False,3,AirlineSite;Cleartrip;MMT,4,PARTIAL_COVERAGE,0.7500,Goibibo,3,3,8221.00;8274.50;8913.00,4,4,OBS00453;OBS00460;OBS00461;OBS00473,0,0,8110.00,8913.00,AirlineSite=8913.00;Cleartrip=8330.00;MMT=8110.00,8110.00,8913.00,8330.00,329.00,0.00,692.00,BLR,COK,2026-09-13,Economy Standard,True,2,True,8274.50,PRICED,2026-09-05 09:00,ANCHOR_TIMESTAMP,INR,DECLARED_PROTOTYPE_CONSTANT,,phase8-v1
CELL::BLR|COK|2026-09-13|Economy Standard|T7(5-9)::ROUND::2026-09-05T14:30,BLR,COK,2026-09-13,Economy Standard,T7(5-9),ROUND::2026-09-05T14:30,2026-09-05 14:30,ANCHORED,0,8496.50,CONSOLIDATED,False,3,Cleartrip;EaseMyTrip;MMT,4,PARTIAL_COVERAGE,0.7500,AirlineSite;Goibibo,2,2,8459.50;8533.50,4,4,OBS00939;OBS00940;OBS00953;OBS00954,0,0,8224.00,8843.00,Cleartrip=8663.50;EaseMyTrip=8435.00;MMT=8224.00,8224.00,8663.50,8435.00,619.00,334.00,74.00,BLR,COK,2026-09-13,Economy Standard,True,2,True,8496.50,PRICED,2026-09-05 14:30,ANCHOR_TIMESTAMP,INR,DECLARED_PROTOTYPE_CONSTANT,,phase8-v1
CELL::BLR|COK|2026-09-13|Economy Standard|T7(5-9)::ROUND::2026-09-05T20:15,BLR,COK,2026-09-13,Economy Standard,T7(5-9),ROUND::2026-09-05T20:15,2026-09-05 20:15,ANCHORED,0,8653.50,CONSOLIDATED,False,4,AirlineSite;EaseMyTrip;Goibibo;MMT,4,FULL_COVERAGE,1.0000,Cleartrip,3,3,8585.00;8653.50;8728.00,5,5,OBS01457;OBS01458;OBS01474;OBS01475;OBS01488,0,0,8245.00,8925.00,AirlineSite=8625.00;EaseMyTrip=8925.00;Goibibo=8785.00;MMT=8245.00,8245.00,8925.00,8705.00,680.00,263.00,143.00,BLR,COK,2026-09-13,Economy Standard,True,2,True,8653.50,PRICED,2026-09-05 20:15,ANCHOR_TIMESTAMP,INR,DECLARED_PROTOTYPE_CONSTANT,,phase8-v1
CELL::BLR|COK|2026-09-13|Economy Standard|T7(5-9)::ROUND::2026-09-06T09:00,BLR,COK,2026-09-13,Economy Standard,T7(5-9),ROUND::2026-09-06T09:00,2026-09-06 09:00,ANCHORED,0,8690.00,CONSOLIDATED,True,1,EaseMyTrip,4,SINGLE_SOURCE,0.2500,AirlineSite;Cleartrip;Goibibo;MMT,1,1,8690.00,1,1,OBS01990,0,0,8690.00,8690.00,EaseMyTrip=8690.00,8690.00,8690.00,8690.00,0.00,0.00,0.00,BLR,COK,2026-09-13,Economy Standard,True,2,True,8690.00,PRICED,2026-09-06 09:00,ANCHOR_TIMESTAMP,INR,DECLARED_PROTOTYPE_CONSTANT,,phase8-v1
CELL::BLR|COK|2026-09-13|Economy Standard|T7(5-9)::ROUND::2026-09-06T14:30,BLR,COK,2026-09-13,Economy Standard,T7(5-9),ROUND::2026-09-06T14:30,2026-09-06 14:30,ANCHORED,0,8759.00,CONSOLIDATED,True,3,Cleartrip;Goibibo;MMT,4,PARTIAL_COVERAGE,0.7500,AirlineSite,3,3,8598.00;8759.00;8912.50,4,4,OBS02470;OBS02484;OBS02485;OBS02493,0,0,8598.00,8938.00,Cleartrip=8598.00;Goibibo=8887.00;MMT=8848.50,8598.00,8887.00,8848.50,51.00,0.00,314.50,BLR,COK,2026-09-13,Economy Standard,True,2,True,8759.00,PRICED,2026-09-06 14:30,ANCHOR_TIMESTAMP,INR,DECLARED_PROTOTYPE_CONSTANT,,phase8-v1
CELL::BLR|COK|2026-09-21|Economy Flexi|T15(12-18)::ROUND::2026-09-05T14:30,BLR,COK,2026-09-21,Economy Flexi,T15(12-18),ROUND::2026-09-05T14:30,2026-09-05 14:30,ANCHORED,0,8930.00,CONSOLIDATED,True,2,Goibibo;MMT,4,PARTIAL_COVERAGE,0.5000,AirlineSite;Cleartrip,3,3,8773.00;8930.00;9092.00,4,4,OBS00941;OBS00957;OBS00958;OBS00968,0,0,8469.00,9092.00,Goibibo=8699.50;MMT=9084.50,8699.50,9084.50,8892.00,608.00,0.00,319.00,BLR,COK,2026-09-21,Economy Flexi,True,3,True,8930.00,PRICED,2026-09-05 14:30,ANCHOR_TIMESTAMP,INR,DECLARED_PROTOTYPE_CONSTANT,,phase8-v1
CELL::BLR|COK|2026-09-21|Economy Flexi|T15(12-18)::ROUND::2026-09-05T20:15,BLR,COK,2026-09-21,Economy Flexi,T15(12-18),ROUND::2026-09-05T20:15,2026-09-05 20:15,ANCHORED,0,8888.50,CONSOLIDATED,False,4,AirlineSite;EaseMyTrip;Goibibo;MMT,4,FULL_COVERAGE,1.0000,Cleartrip,3,3,8511.00;8888.50;8956.00,4,4,OBS01461;OBS01476;OBS01477;OBS01489,0,0,8511.00,8956.00,AirlineSite=8893.00;EaseMyTrip=8884.00;Goibibo=8511.00;MMT=8956.00,8511.00,8956.00,8888.50,9.00,0.00,445.00,BLR,COK,2026-09-21,Economy Flexi,True,3,True,8888.50,PRICED,2026-09-05 20:15,ANCHOR_TIMESTAMP,INR,DECLARED_PROTOTYPE_CONSTANT,,phase8-v1
CELL::BLR|COK|2026-09-21|Economy Flexi|T15(12-18)::ROUND::2026-09-06T09:00,BLR,COK,2026-09-21,Economy Flexi,T15(12-18),ROUND::2026-09-06T09:00,2026-09-06 09:00,ANCHORED,0,9198.00,CONSOLIDATED,False,2,Cleartrip;Goibibo,4,PARTIAL_COVERAGE,0.5000,AirlineSite;MMT,1,1,9198.00,2,2,OBS01981;OBS01982,0,0,8998.00,9398.00,Cleartrip=9398.00;Goibibo=8998.00,8998.00,9398.00,9198.00,400.00,400.00,0.00,BLR,COK,2026-09-21,Economy Flexi,True,3,True,9198.00,PRICED,2026-09-06 09:00,ANCHOR_TIMESTAMP,INR,DECLARED_PROTOTYPE_CONSTANT,,phase8-v1
CELL::BLR|COK|2026-09-21|Economy Flexi|T15(12-18)::ROUND::2026-09-06T14:30,BLR,COK,2026-09-21,Economy Flexi,T15(12-18),ROUND::2026-09-06T14:30,2026-09-06 14:30,ANCHORED,0,8910.50,CONSOLIDATED,False,2,AirlineSite;Goibibo,4,PARTIAL_COVERAGE,0.5000,Cleartrip;MMT,2,2,8752.00;9069.00,2,2,OBS02487;OBS02496,0,0,8752.00,9069.00,AirlineSite=8752.00;Goibibo=9069.00,8752.00,9069.00,8910.50,0.00,0.00,317.00,BLR,COK,2026-09-21,Economy Flexi,True,3,True,8910.50,PRICED,2026-09-06 14:30,ANCHOR_TIMESTAMP,INR,DECLARED_PROTOTYPE_CONSTANT,,phase8-v1
CELL::BLR|COK|2026-09-21|Economy Saver|T15(12-18)::ROUND::2026-09-05T09:00,BLR,COK,2026-09-21,Economy Saver,T15(12-18),ROUND::2026-09-05T09:00,2026-09-05 09:00,ANCHORED,0,5670.00,CONSOLIDATED,True,3,AirlineSite;EaseMyTrip;Goibibo,4,PARTIAL_COVERAGE,0.7500,Cleartrip;MMT,3,3,5536.00;5670.00;5684.00,3,3,OBS00455;OBS00464;OBS00474,0,0,5536.00,5684.00,AirlineSite=5536.00;EaseMyTrip=5670.00;Goibibo=5684.00,5536.00,5684.00,5670.00,0.00,0.00,148.00,BLR,COK,2026-09-21,Economy Saver,True,1,True,5670.00,PRICED,2026-09-05 09:00,ANCHOR_TIMESTAMP,INR,DECLARED_PROTOTYPE_CONSTANT,,phase8-v1
CELL::BLR|COK|2026-09-21|Economy Saver|T15(12-18)::ROUND::2026-09-05T14:30,BLR,COK,2026-09-21,Economy Saver,T15(12-18),ROUND::2026-09-05T14:30,2026-09-05 14:30,ANCHORED,0,5889.00,CONSOLIDATED,True,1,MMT,4,SINGLE_SOURCE,0.2500,AirlineSite;Cleartrip;Goibibo,1,1,5889.00,1,1,OBS00942,0,0,5889.00,5889.00,MMT=5889.00,5889.00,5889.00,5889.00,0.00,0.00,0.00,BLR,COK,2026-09-21,Economy Saver,True,1,True,5889.00,PRICED,2026-09-05 14:30,ANCHOR_TIMESTAMP,INR,DECLARED_PROTOTYPE_CONSTANT,,phase8-v1
CELL::BLR|COK|2026-09-21|Economy Saver|T15(12-18)::ROUND::2026-09-06T09:00,BLR,COK,2026-09-21,Economy Saver,T15(12-18),ROUND::2026-09-06T09:00,2026-09-06 09:00,ANCHORED,0,5883.00,CONSOLIDATED,False,2,Goibibo;MMT,4,PARTIAL_COVERAGE,0.5000,AirlineSite;Cleartrip,2,2,5738.00;6028.00,2,2,OBS01993;OBS02002,0,0,5738.00,6028.00,Goibibo=5738.00;MMT=6028.00,5738.00,6028.00,5883.00,0.00,0.00,290.00,BLR,COK,2026-09-21,Economy Saver,True,1,True,5883.00,PRICED,2026-09-06 09:00,ANCHOR_TIMESTAMP,INR,DECLARED_PROTOTYPE_CONSTANT,,phase8-v1
CELL::BLR|COK|2026-09-21|Economy Saver|T15(12-18)::ROUND::2026-09-06T14:30,BLR,COK,2026-09-21,Economy Saver,T15(12-18),ROUND::2026-09-06T14:30,2026-09-06 14:30,ANCHORED,0,5766.50,CONSOLIDATED,False,3,AirlineSite;Goibibo;MMT,4,PARTIAL_COVERAGE,0.7500,Cleartrip,3,3,5499.00;5766.50;5867.50,5,5,OBS02473;OBS02474;OBS02486;OBS02497;OBS02498,0,0,5499.00,5890.00,AirlineSite=5644.00;Goibibo=5890.00;MMT=5845.00,5644.00,5890.00,5845.00,245.00,45.00,368.50,BLR,COK,2026-09-21,Economy Saver,True,1,True,5766.50,PRICED,2026-09-06 14:30,ANCHOR_TIMESTAMP,INR,DECLARED_PROTOTYPE_CONSTANT,,phase8-v1
CELL::BLR|COK|2026-09-21|Economy Standard|T15(12-18)::ROUND::2026-09-05T09:00,BLR,COK,2026-09-21,Economy Standard,T15(12-18),ROUND::2026-09-05T09:00,2026-09-05 09:00,ANCHORED,0,7103.50,CONSOLIDATED,False,2,AirlineSite;Cleartrip,4,PARTIAL_COVERAGE,0.5000,Goibibo;MMT,2,2,7090.00;7117.00,2,2,OBS00454;OBS00463,0,0,7090.00,7117.00,AirlineSite=7117.00;Cleartrip=7090.00,7090.00,7117.00,7103.50,0.00,0.00,27.00,BLR,COK,2026-09-21,Economy Standard,True,2,True,7103.50,PRICED,2026-09-05 09:00,ANCHOR_TIMESTAMP,INR,DECLARED_PROTOTYPE_CONSTANT,,phase8-v1
CELL::BLR|COK|2026-09-21|Economy Standard|T15(12-18)::ROUND::2026-09-05T14:30,BLR,COK,2026-09-21,Economy Standard,T15(12-18),ROUND::2026-09-05T14:30,2026-09-05 14:30,ANCHORED,0,7324.00,CONSOLIDATED,False,2,Goibibo;MMT,4,PARTIAL_COVERAGE,0.5000,AirlineSite;Cleartrip,2,2,7320.00;7328.00,3,3,OBS00955;OBS00956;OBS00969,0,0,7310.00,7330.00,Goibibo=7330.00;MMT=7319.00,7319.00,7330.00,7324.50,20.00,10.00,8.00,BLR,COK,2026-09-21,Economy Standard,True,2,True,7324.00,PRICED,2026-09-05 14:30,ANCHOR_TIMESTAMP,INR,DECLARED_PROTOTYPE_CONSTANT,,phase8-v1
CELL::BLR|COK|2026-09-21|Economy Standard|T15(12-18)::ROUND::2026-09-05T20:15,BLR,COK,2026-09-21,Economy Standard,T15(12-18),ROUND::2026-09-05T20:15,2026-09-05 20:15,ANCHORED,0,7352.50,CONSOLIDATED,False,3,Cleartrip;Goibibo;MMT,4,PARTIAL_COVERAGE,0.7500,AirlineSite,3,3,7019.00;7352.50;7589.00,4,4,OBS01462;OBS01478;OBS01490;OBS01491,0,0,7019.00,7589.00,Cleartrip=7176.00;Goibibo=7274.00;MMT=7589.00,7176.00,7589.00,7274.00,353.00,0.00,570.00,BLR,COK,2026-09-21,Economy Standard,True,2,True,7352.50,PRICED,2026-09-05 20:15,ANCHOR_TIMESTAMP,INR,DECLARED_PROTOTYPE_CONSTANT,,phase8-v1
CELL::BLR|COK|2026-09-21|Economy Standard|T15(12-18)::ROUND::2026-09-06T09:00,BLR,COK,2026-09-21,Economy Standard,T15(12-18),ROUND::2026-09-06T09:00,2026-09-06 09:00,ANCHORED,0,7195.50,CONSOLIDATED,False,3,AirlineSite;Cleartrip;Goibibo,4,PARTIAL_COVERAGE,0.7500,MMT,2,2,7132.00;7259.00,3,3,OBS01991;OBS01992;OBS02003,0,0,7104.00,7414.00,AirlineSite=7414.00;Cleartrip=7104.00;Goibibo=7132.00,7104.00,7414.00,7132.00,310.00,155.00,127.00,BLR,COK,2026-09-21,Economy Standard,True,2,True,7195.50,PRICED,2026-09-06 09:00,ANCHOR_TIMESTAMP,INR,DECLARED_PROTOTYPE_CONSTANT,,phase8-v1
CELL::BLR|COK|2026-10-06|Economy Flexi|T30(25-35)::ROUND::2026-09-05T09:00,BLR,COK,2026-10-06,Economy Flexi,T30(25-35),ROUND::2026-09-05T09:00,2026-09-05 09:00,ANCHORED,0,7602.00,CONSOLIDATED,True,1,EaseMyTrip,4,SINGLE_SOURCE,0.2500,AirlineSite;Cleartrip;Goibibo;MMT,1,1,7602.00,1,1,OBS00467,0,0,7602.00,7602.00,EaseMyTrip=7602.00,7602.00,7602.00,7602.00,0.00,0.00,0.00,BLR,COK,2026-10-06,Economy Flexi,True,3,True,7602.00,PRICED,2026-09-05 09:00,ANCHOR_TIMESTAMP,INR,DECLARED_PROTOTYPE_CONSTANT,,phase8-v1
CELL::BLR|COK|2026-10-06|Economy Flexi|T30(25-35)::ROUND::2026-09-05T14:30,BLR,COK,2026-10-06,Economy Flexi,T30(25-35),ROUND::2026-09-05T14:30,2026-09-05 14:30,ANCHORED,0,7863.50,CONSOLIDATED,False,3,AirlineSite;Cleartrip;EaseMyTrip,4,PARTIAL_COVERAGE,0.7500,Goibibo;MMT,3,3,7723.00;7863.50;8402.00,4,4,OBS00944;OBS00961;OBS00962;OBS00970,0,0,7613.00,8402.00,AirlineSite=7723.00;Cleartrip=8114.00;EaseMyTrip=8007.50,7723.00,8114.00,8007.50,501.00,0.00,679.00,BLR,COK,2026-10-06,Economy Flexi,True,3,True,7863.50,PRICED,2026-09-05 14:30,ANCHOR_TIMESTAMP,INR,DECLARED_PROTOTYPE_CONSTANT,,phase8-v1
CELL::BLR|COK|2026-10-06|Economy Flexi|T30(25-35)::ROUND::2026-09-05T20:15,BLR,COK,2026-10-06,Economy Flexi,T30(25-35),ROUND::2026-09-05T20:15,2026-09-05 20:15,ANCHORED,0,7791.00,CONSOLIDATED,True,1,MMT,4,SINGLE_SOURCE,0.2500,AirlineSite;Cleartrip;Goibibo,1,1,7791.00,1,1,OBS01479,0,0,7791.00,7791.00,MMT=7791.00,7791.00,7791.00,7791.00,0.00,0.00,0.00,BLR,COK,2026-10-06,Economy Flexi,True,3,True,7791.00,PRICED,2026-09-05 20:15,ANCHOR_TIMESTAMP,INR,DECLARED_PROTOTYPE_CONSTANT,,phase8-v1
CELL::BLR|COK|2026-10-06|Economy Flexi|T30(25-35)::ROUND::2026-09-06T14:30,BLR,COK,2026-10-06,Economy Flexi,T30(25-35),ROUND::2026-09-06T14:30,2026-09-06 14:30,ANCHORED,0,7969.50,CONSOLIDATED,False,2,Cleartrip;MMT,4,PARTIAL_COVERAGE,0.5000,AirlineSite;Goibibo,1,1,7969.50,2,2,OBS02475;OBS02476,0,0,7646.00,8293.00,Cleartrip=7646.00;MMT=8293.00,7646.00,8293.00,7969.50,647.00,647.00,0.00,BLR,COK,2026-10-06,Economy Flexi,True,3,True,7969.50,PRICED,2026-09-06 14:30,ANCHOR_TIMESTAMP,INR,DECLARED_PROTOTYPE_CONSTANT,,phase8-v1
CELL::BLR|COK|2026-10-06|Economy Saver|T30(25-35)::ROUND::2026-09-05T09:00,BLR,COK,2026-10-06,Economy Saver,T30(25-35),ROUND::2026-09-05T09:00,2026-09-05 09:00,ANCHORED,0,5138.00,CONSOLIDATED,True,1,AirlineSite,4,SINGLE_SOURCE,0.2500,Cleartrip;Goibibo;MMT,1,1,5138.00,1,1,OBS00477,0,0,5138.00,5138.00,AirlineSite=5138.00,5138.00,5138.00,5138.00,0.00,0.00,0.00,BLR,COK,2026-10-06,Economy Saver,True,1,True,5138.00,PRICED,2026-09-05 09:00,ANCHOR_TIMESTAMP,INR,DECLARED_PROTOTYPE_CONSTANT,,phase8-v1
CELL::BLR|COK|2026-10-06|Economy Saver|T30(25-35)::ROUND::2026-09-05T14:30,BLR,COK,2026-10-06,Economy Saver,T30(25-35),ROUND::2026-09-05T14:30,2026-09-05 14:30,ANCHORED,0,5292.25,CONSOLIDATED,False,3,AirlineSite;Goibibo;MMT,4,PARTIAL_COVERAGE,0.7500,Cleartrip,2,2,5273.00;5311.50,3,3,OBS00943;OBS00959;OBS00960,0,0,5172.00,5451.00,AirlineSite=5273.00;Goibibo=5451.00;MMT=5172.00,5172.00,5451.00,5273.00,279.00,139.50,38.50,BLR,COK,2026-10-06,Economy Saver,True,1,True,5292.25,PRICED,2026-09-05 14:30,ANCHOR_TIMESTAMP,INR,DECLARED_PROTOTYPE_CONSTANT,,phase8-v1
CELL::BLR|COK|2026-10-06|Economy Saver|T30(25-35)::ROUND::2026-09-05T20:15,BLR,COK,2026-10-06,Economy Saver,T30(25-35),ROUND::2026-09-05T20:15,2026-09-05 20:15,ANCHORED,0,5150.25,CONSOLIDATED,False,3,Cleartrip;Goibibo;MMT,4,PARTIAL_COVERAGE,0.7500,AirlineSite,2,2,5100.50;5200.00,4,4,OBS01465;OBS01466;OBS01480;OBS01481,0,0,5086.00,5313.00,Cleartrip=5101.00;Goibibo=5086.00;MMT=5313.00,5086.00,5313.00,5101.00,226.00,127.50,99.50,BLR,COK,2026-10-06,Economy Saver,True,1,True,5150.25,PRICED,2026-09-05 20:15,ANCHOR_TIMESTAMP,INR,DECLARED_PROTOTYPE_CONSTANT,,phase8-v1
CELL::BLR|COK|2026-10-06|Economy Saver|T30(25-35)::ROUND::2026-09-06T09:00,BLR,COK,2026-10-06,Economy Saver,T30(25-35),ROUND::2026-09-06T09:00,2026-09-06 09:00,ANCHORED,0,5156.25,CONSOLIDATED,False,3,Cleartrip;Goibibo;MMT,4,PARTIAL_COVERAGE,0.7500,AirlineSite,2,2,5132.50;5180.00,3,3,OBS01983;OBS02004;OBS02005,0,0,4888.00,5377.00,Cleartrip=5377.00;Goibibo=5180.00;MMT=4888.00,4888.00,5377.00,5180.00,489.00,244.50,47.50,BLR,COK,2026-10-06,Economy Saver,True,1,True,5156.25,PRICED,2026-09-06 09:00,ANCHOR_TIMESTAMP,INR,DECLARED_PROTOTYPE_CONSTANT,,phase8-v1
CELL::BLR|COK|2026-10-06|Economy Saver|T30(25-35)::ROUND::2026-09-06T14:30,BLR,COK,2026-10-06,Economy Saver,T30(25-35),ROUND::2026-09-06T14:30,2026-09-06 14:30,ANCHORED,0,5152.00,CONSOLIDATED,False,3,Cleartrip;EaseMyTrip;MMT,4,PARTIAL_COVERAGE,0.7500,AirlineSite;Goibibo,2,2,5030.00;5274.00,3,3,OBS02488;OBS02499;OBS02500,0,0,4977.00,5274.00,Cleartrip=5083.00;EaseMyTrip=5274.00;MMT=4977.00,4977.00,5274.00,5083.00,106.00,53.00,244.00,BLR,COK,2026-10-06,Economy Saver,True,1,True,5152.00,PRICED,2026-09-06 14:30,ANCHOR_TIMESTAMP,INR,DECLARED_PROTOTYPE_CONSTANT,,phase8-v1
CELL::BLR|COK|2026-10-06|Economy Standard|T30(25-35)::ROUND::2026-09-05T09:00,BLR,COK,2026-10-06,Economy Standard,T30(25-35),ROUND::2026-09-05T09:00,2026-09-05 09:00,ANCHORED,0,6502.50,CONSOLIDATED,False,4,Cleartrip;EaseMyTrip;Goibibo;MMT,4,FULL_COVERAGE,1.0000,AirlineSite,3,3,6411.00;6502.50;6527.00,5,5,OBS00456;OBS00465;OBS00466;OBS00475;OBS00476,0,0,6408.00,6629.00,Cleartrip=6520.00;EaseMyTrip=6408.00;Goibibo=6597.00;MMT=6425.00,6408.00,6597.00,6472.50,204.00,189.00,116.00,BLR,COK,2026-10-06,Economy Standard,True,2,True,6502.50,PRICED,2026-09-05 09:00,ANCHOR_TIMESTAMP,INR,DECLARED_PROTOTYPE_CONSTANT,,phase8-v1
CELL::BLR|COK|2026-10-06|Economy Standard|T30(25-35)::ROUND::2026-09-05T14:30,BLR,COK,2026-10-06,Economy Standard,T30(25-35),ROUND::2026-09-05T14:30,2026-09-05 14:30,ANCHORED,0,6724.00,CONSOLIDATED,False,2,Cleartrip;EaseMyTrip,4,PARTIAL_COVERAGE,0.5000,AirlineSite;Goibibo;MMT,1,1,6724.00,2,2,OBS00971;OBS00972,0,0,6678.00,6770.00,Cleartrip=6770.00;EaseMyTrip=6678.00,6678.00,6770.00,6724.00,92.00,92.00,0.00,BLR,COK,2026-10-06,Economy Standard,True,2,True,6724.00,PRICED,2026-09-05 14:30,ANCHOR_TIMESTAMP,INR,DECLARED_PROTOTYPE_CONSTANT,,phase8-v1
CELL::BLR|COK|2026-10-06|Economy Standard|T30(25-35)::ROUND::2026-09-05T20:15,BLR,COK,2026-10-06,Economy Standard,T30(25-35),ROUND::2026-09-05T20:15,2026-09-05 20:15,ANCHORED,0,6466.50,CONSOLIDATED,False,3,Cleartrip;EaseMyTrip;Goibibo,4,PARTIAL_COVERAGE,0.7500,AirlineSite;MMT,2,2,6352.00;6581.00,3,3,OBS01463;OBS01464;OBS01492,0,0,6352.00,6663.00,Cleartrip=6499.00;EaseMyTrip=6663.00;Goibibo=6352.00,6352.00,6663.00,6499.00,164.00,82.00,229.00,BLR,COK,2026-10-06,Economy Standard,True,2,True,6466.50,PRICED,2026-09-05 20:15,ANCHOR_TIMESTAMP,INR,DECLARED_PROTOTYPE_CONSTANT,,phase8-v1
CELL::BLR|COK|2026-10-06|Economy Standard|T30(25-35)::ROUND::2026-09-06T09:00,BLR,COK,2026-10-06,Economy Standard,T30(25-35),ROUND::2026-09-06T09:00,2026-09-06 09:00,ANCHORED,0,6867.00,CONSOLIDATED,True,1,MMT,4,SINGLE_SOURCE,0.2500,AirlineSite;Cleartrip;Goibibo,1,1,6867.00,1,1,OBS01994,0,0,6867.00,6867.00,MMT=6867.00,6867.00,6867.00,6867.00,0.00,0.00,0.00,BLR,COK,2026-10-06,Economy Standard,True,2,True,6867.00,PRICED,2026-09-06 09:00,ANCHOR_TIMESTAMP,INR,DECLARED_PROTOTYPE_CONSTANT,,phase8-v1
CELL::BLR|COK|2026-10-06|Economy Standard|T30(25-35)::ROUND::2026-09-06T14:30,BLR,COK,2026-10-06,Economy Standard,T30(25-35),ROUND::2026-09-06T14:30,2026-09-06 14:30,ANCHORED,0,6678.00,CONSOLIDATED,False,3,Cleartrip;EaseMyTrip;MMT,4,PARTIAL_COVERAGE,0.7500,AirlineSite;Goibibo,2,2,6554.50;6801.50,4,4,OBS02489;OBS02490;OBS02501;OBS02502,0,0,6483.00,6891.00,Cleartrip=6483.00;EaseMyTrip=6712.00;MMT=6758.50,6483.00,6758.50,6712.00,179.00,161.00,247.00,BLR,COK,2026-10-06,Economy Standard,True,2,True,6678.00,PRICED,2026-09-06 14:30,ANCHOR_TIMESTAMP,INR,DECLARED_PROTOTYPE_CONSTANT,,phase8-v1
CELL::BLR|COK|2026-10-22|Economy Flexi|T45(40-50)::ROUND::2026-09-05T09:00,BLR,COK,2026-10-22,Economy Flexi,T45(40-50),ROUND::2026-09-05T09:00,2026-09-05 09:00,ANCHORED,0,8065.00,CONSOLIDATED,False,2,AirlineSite;EaseMyTrip,4,PARTIAL_COVERAGE,0.5000,Cleartrip;Goibibo;MMT,1,1,8065.00,2,2,OBS00479;OBS00480,0,0,7856.00,8274.00,AirlineSite=7856.00;EaseMyTrip=8274.00,7856.00,8274.00,8065.00,418.00,418.00,0.00,BLR,COK,2026-10-22,Economy Flexi,True,3,True,8065.00,PRICED,2026-09-05 09:00,ANCHOR_TIMESTAMP,INR,DECLARED_PROTOTYPE_CONSTANT,,phase8-v1
CELL::BLR|COK|2026-10-22|Economy Flexi|T45(40-50)::ROUND::2026-09-05T14:30,BLR,COK,2026-10-22,Economy Flexi,T45(40-50),ROUND::2026-09-05T14:30,2026-09-05 14:30,ANCHORED,0,7821.50,CONSOLIDATED,False,3,Cleartrip;EaseMyTrip;MMT,4,PARTIAL_COVERAGE,0.7500,AirlineSite;Goibibo,2,2,7706.00;7937.00,3,3,OBS00945;OBS00946;OBS00975,0,0,7706.00,8059.00,Cleartrip=7815.00;EaseMyTrip=8059.00;MMT=7706.00,7706.00,8059.00,7815.00,244.00,122.00,231.00,BLR,COK,2026-10-22,Economy Flexi,True,3,True,7821.50,PRICED,2026-09-05 14:30,ANCHOR_TIMESTAMP,INR,DECLARED_PROTOTYPE_CONSTANT,,phase8-v1
CELL::BLR|COK|2026-10-22|Economy Flexi|T45(40-50)::ROUND::2026-09-05T20:15,BLR,COK,2026-10-22,Economy Flexi,T45(40-50),ROUND::2026-09-05T20:15,2026-09-05 20:15,ANCHORED,0,8168.50,CONSOLIDATED,False,2,AirlineSite;Cleartrip,4,PARTIAL_COVERAGE,0.5000,Goibibo;MMT,1,1,8168.50,2,2,OBS01468;OBS01469,0,0,8013.00,8324.00,AirlineSite=8324.00;Cleartrip=8013.00,8013.00,8324.00,8168.50,311.00,311.00,0.00,BLR,COK,2026-10-22,Economy Flexi,True,3,True,8168.50,PRICED,2026-09-05 20:15,ANCHOR_TIMESTAMP,INR,DECLARED_PROTOTYPE_CONSTANT,,phase8-v1
CELL::BLR|COK|2026-10-22|Economy Flexi|T45(40-50)::ROUND::2026-09-06T09:00,BLR,COK,2026-10-22,Economy Flexi,T45(40-50),ROUND::2026-09-06T09:00,2026-09-06 09:00,ANCHORED,0,8063.00,CONSOLIDATED,True,1,MMT,4,SINGLE_SOURCE,0.2500,AirlineSite;Cleartrip;Goibibo,1,1,8063.00,1,1,OBS01985,0,0,8063.00,8063.00,MMT=8063.00,8063.00,8063.00,8063.00,0.00,0.00,0.00,BLR,COK,2026-10-22,Economy Flexi,True,3,True,8063.00,PRICED,2026-09-06 09:00,ANCHOR_TIMESTAMP,INR,DECLARED_PROTOTYPE_CONSTANT,,phase8-v1
CELL::BLR|COK|2026-10-22|Economy Flexi|T45(40-50)::ROUND::2026-09-06T14:30,BLR,COK,2026-10-22,Economy Flexi,T45(40-50),ROUND::2026-09-06T14:30,2026-09-06 14:30,ANCHORED,0,8083.00,CONSOLIDATED,True,1,AirlineSite,4,SINGLE_SOURCE,0.2500,Cleartrip;Goibibo;MMT,1,1,8083.00,1,1,OBS02479,0,0,8083.00,8083.00,AirlineSite=8083.00,8083.00,8083.00,8083.00,0.00,0.00,0.00,BLR,COK,2026-10-22,Economy Flexi,True,3,True,8083.00,PRICED,2026-09-06 14:30,ANCHOR_TIMESTAMP,INR,DECLARED_PROTOTYPE_CONSTANT,,phase8-v1
CELL::BLR|COK|2026-10-22|Economy Saver|T45(40-50)::ROUND::2026-09-05T09:00,BLR,COK,2026-10-22,Economy Saver,T45(40-50),ROUND::2026-09-05T09:00,2026-09-05 09:00,ANCHORED,0,5186.00,CONSOLIDATED,True,4,AirlineSite;EaseMyTrip;Goibibo;MMT,4,FULL_COVERAGE,1.0000,Cleartrip,3,3,4937.00;5186.00;5411.00,4,4,OBS00457;OBS00468;OBS00469;OBS00478,0,0,4912.00,5411.00,AirlineSite=5186.00;EaseMyTrip=4962.00;Goibibo=5411.00;MMT=4912.00,4912.00,5411.00,5074.00,50.00,0.00,474.00,BLR,COK,2026-10-22,Economy Saver,True,1,True,5186.00,PRICED,2026-09-05 09:00,ANCHOR_TIMESTAMP,INR,DECLARED_PROTOTYPE_CONSTANT,,phase8-v1
CELL::BLR|COK|2026-10-22|Economy Saver|T45(40-50)::ROUND::2026-09-05T14:30,BLR,COK,2026-10-22,Economy Saver,T45(40-50),ROUND::2026-09-05T14:30,2026-09-05 14:30,ANCHORED,0,5094.00,CONSOLIDATED,True,1,Cleartrip,4,SINGLE_SOURCE,0.2500,AirlineSite;Goibibo;MMT,1,1,5094.00,1,1,OBS00963,0,0,5094.00,5094.00,Cleartrip=5094.00,5094.00,5094.00,5094.00,0.00,0.00,0.00,BLR,COK,2026-10-22,Economy Saver,True,1,True,5094.00,PRICED,2026-09-05 14:30,ANCHOR_TIMESTAMP,INR,DECLARED_PROTOTYPE_CONSTANT,,phase8-v1
CELL::BLR|COK|2026-10-22|Economy Saver|T45(40-50)::ROUND::2026-09-05T20:15,BLR,COK,2026-10-22,Economy Saver,T45(40-50),ROUND::2026-09-05T20:15,2026-09-05 20:15,ANCHORED,0,5102.50,CONSOLIDATED,False,2,EaseMyTrip;MMT,4,PARTIAL_COVERAGE,0.5000,AirlineSite;Cleartrip;Goibibo,2,2,5063.00;5142.00,3,3,OBS01467;OBS01483;OBS01484,0,0,4868.00,5416.00,EaseMyTrip=4868.00;MMT=5239.50,4868.00,5239.50,5053.75,548.00,274.00,79.00,BLR,COK,2026-10-22,Economy Saver,True,1,True,5102.50,PRICED,2026-09-05 20:15,ANCHOR_TIMESTAMP,INR,DECLARED_PROTOTYPE_CONSTANT,,phase8-v1
CELL::BLR|COK|2026-10-22|Economy Saver|T45(40-50)::ROUND::2026-09-06T09:00,BLR,COK,2026-10-22,Economy Saver,T45(40-50),ROUND::2026-09-06T09:00,2026-09-06 09:00,ANCHORED,0,5106.25,CONSOLIDATED,False,3,AirlineSite;Cleartrip;EaseMyTrip,4,PARTIAL_COVERAGE,0.7500,Goibibo;MMT,2,2,5063.50;5149.00,3,3,OBS01995;OBS01996;OBS02006,0,0,5009.00,5149.00,AirlineSite=5149.00;Cleartrip=5009.00;EaseMyTrip=5118.00,5009.00,5149.00,5118.00,109.00,54.50,85.50,BLR,COK,2026-10-22,Economy Saver,True,1,True,5106.25,PRICED,2026-09-06 09:00,ANCHOR_TIMESTAMP,INR,DECLARED_PROTOTYPE_CONSTANT,,phase8-v1
CELL::BLR|COK|2026-10-22|Economy Saver|T45(40-50)::ROUND::2026-09-06T14:30,BLR,COK,2026-10-22,Economy Saver,T45(40-50),ROUND::2026-09-06T14:30,2026-09-06 14:30,ANCHORED,0,5070.75,CONSOLIDATED,False,2,Cleartrip;MMT,4,PARTIAL_COVERAGE,0.5000,AirlineSite;Goibibo,2,2,4979.00;5162.50,3,3,OBS02477;OBS02478;OBS02491,0,0,4979.00,5320.00,Cleartrip=5149.50;MMT=5005.00,5005.00,5149.50,5077.25,315.00,157.50,183.50,BLR,COK,2026-10-22,Economy Saver,True,1,True,5070.75,PRICED,2026-09-06 14:30,ANCHOR_TIMESTAMP,INR,DECLARED_PROTOTYPE_CONSTANT,,phase8-v1
CELL::BLR|COK|2026-10-22|Economy Standard|T45(40-50)::ROUND::2026-09-05T14:30,BLR,COK,2026-10-22,Economy Standard,T45(40-50),ROUND::2026-09-05T14:30,2026-09-05 14:30,ANCHORED,0,6694.00,CONSOLIDATED,False,3,AirlineSite;EaseMyTrip;MMT,4,PARTIAL_COVERAGE,0.7500,Cleartrip;Goibibo,2,2,6632.00;6756.00,3,3,OBS00947;OBS00973;OBS00974,0,0,6632.00,6781.00,AirlineSite=6632.00;EaseMyTrip=6731.00;MMT=6781.00,6632.00,6781.00,6731.00,50.00,25.00,124.00,BLR,COK,2026-10-22,Economy Standard,True,2,True,6694.00,PRICED,2026-09-05 14:30,ANCHOR_TIMESTAMP,INR,DECLARED_PROTOTYPE_CONSTANT,,phase8-v1
CELL::BLR|COK|2026-10-22|Economy Standard|T45(40-50)::ROUND::2026-09-05T20:15,BLR,COK,2026-10-22,Economy Standard,T45(40-50),ROUND::2026-09-05T20:15,2026-09-05 20:15,ANCHORED,0,6644.50,CONSOLIDATED,False,2,Goibibo;MMT,4,PARTIAL_COVERAGE,0.5000,AirlineSite;Cleartrip,2,2,6532.00;6757.00,3,3,OBS01482;OBS01493;OBS01494,0,0,6532.00,6845.00,Goibibo=6600.50;MMT=6845.00,6600.50,6845.00,6722.75,176.00,88.00,225.00,BLR,COK,2026-10-22,Economy Standard,True,2,True,6644.50,PRICED,2026-09-05 20:15,ANCHOR_TIMESTAMP,INR,DECLARED_PROTOTYPE_CONSTANT,,phase8-v1
CELL::BLR|COK|2026-10-22|Economy Standard|T45(40-50)::ROUND::2026-09-06T09:00,BLR,COK,2026-10-22,Economy Standard,T45(40-50),ROUND::2026-09-06T09:00,2026-09-06 09:00,ANCHORED,0,6341.00,CONSOLIDATED,True,1,Goibibo,4,SINGLE_SOURCE,0.2500,AirlineSite;Cleartrip;MMT,1,1,6341.00,1,1,OBS01984,0,0,6341.00,6341.00,Goibibo=6341.00,6341.00,6341.00,6341.00,0.00,0.00,0.00,BLR,COK,2026-10-22,Economy Standard,True,2,True,6341.00,PRICED,2026-09-06 09:00,ANCHOR_TIMESTAMP,INR,DECLARED_PROTOTYPE_CONSTANT,,phase8-v1
CELL::BLR|COK|2026-10-22|Economy Standard|T45(40-50)::ROUND::2026-09-06T14:30,BLR,COK,2026-10-22,Economy Standard,T45(40-50),ROUND::2026-09-06T14:30,2026-09-06 14:30,ANCHORED,0,6531.50,CONSOLIDATED,False,2,Cleartrip;EaseMyTrip,4,PARTIAL_COVERAGE,0.5000,AirlineSite;Goibibo;MMT,1,1,6531.50,2,2,OBS02503;OBS02504,0,0,6524.00,6539.00,Cleartrip=6524.00;EaseMyTrip=6539.00,6524.00,6539.00,6531.50,15.00,15.00,0.00,BLR,COK,2026-10-22,Economy Standard,True,2,True,6531.50,PRICED,2026-09-06 14:30,ANCHOR_TIMESTAMP,INR,DECLARED_PROTOTYPE_CONSTANT,,phase8-v1
CELL::BLR|COK|2026-10-22|Economy Standard|T45(40-50)::ROUND::2026-09-07T14:30,BLR,COK,2026-10-22,Economy Standard,T45(40-50),ROUND::2026-09-07T14:30,2026-09-07 14:30,ANCHORED,0,6279.00,CONSOLIDATED,True,1,Goibibo,4,SINGLE_SOURCE,0.2500,AirlineSite;Cleartrip;MMT,1,1,6279.00,1,1,OBS02991,0,0,6279.00,6279.00,Goibibo=6279.00,6279.00,6279.00,6279.00,0.00,0.00,0.00,BLR,COK,2026-10-22,Economy Standard,True,2,True,6279.00,PRICED,2026-09-07 14:30,ANCHOR_TIMESTAMP,INR,DECLARED_PROTOTYPE_CONSTANT,,phase8-v1
CELL::BLR|DEL|2026-09-07|Economy Flexi|T1(0-2)::ROUND::2026-09-05T09:00,BLR,DEL,2026-09-07,Economy Flexi,T1(0-2),ROUND::2026-09-05T09:00,2026-09-05 09:00,ANCHORED,0,11441.00,CONSOLIDATED,True,1,Cleartrip,4,SINGLE_SOURCE,0.2500,AirlineSite;Goibibo;MMT,1,1,11441.00,1,1,OBS00031,0,0,11441.00,11441.00,Cleartrip=11441.00,11441.00,11441.00,11441.00,0.00,0.00,0.00,BLR,DEL,2026-09-07,Economy Flexi,True,3,True,11441.00,PRICED,2026-09-05 09:00,ANCHOR_TIMESTAMP,INR,DECLARED_PROTOTYPE_CONSTANT,,phase8-v1
CELL::BLR|DEL|2026-09-07|Economy Flexi|T1(0-2)::ROUND::2026-09-05T14:30,BLR,DEL,2026-09-07,Economy Flexi,T1(0-2),ROUND::2026-09-05T14:30,2026-09-05 14:30,ANCHORED,0,11156.00,CONSOLIDATED,True,1,MMT,4,SINGLE_SOURCE,0.2500,AirlineSite;Cleartrip;Goibibo,1,1,11156.00,1,1,OBS00556,0,0,11156.00,11156.00,MMT=11156.00,11156.00,11156.00,11156.00,0.00,0.00,0.00,BLR,DEL,2026-09-07,Economy Flexi,True,3,True,11156.00,PRICED,2026-09-05 14:30,ANCHOR_TIMESTAMP,INR,DECLARED_PROTOTYPE_CONSTANT,,phase8-v1
CELL::BLR|DEL|2026-09-07|Economy Flexi|T1(0-2)::ROUND::2026-09-05T20:15,BLR,DEL,2026-09-07,Economy Flexi,T1(0-2),ROUND::2026-09-05T20:15,2026-09-05 20:15,ANCHORED,0,11571.00,CONSOLIDATED,True,2,Cleartrip;Goibibo,4,PARTIAL_COVERAGE,0.5000,AirlineSite;MMT,3,3,11470.00;11571.00;11856.00,3,3,OBS01046;OBS01060;OBS01069,0,0,11470.00,11856.00,Cleartrip=11571.00;Goibibo=11663.00,11571.00,11663.00,11617.00,0.00,0.00,386.00,BLR,DEL,2026-09-07,Economy Flexi,True,3,True,11571.00,PRICED,2026-09-05 20:15,ANCHOR_TIMESTAMP,INR,DECLARED_PROTOTYPE_CONSTANT,,phase8-v1
CELL::BLR|DEL|2026-09-07|Economy Flexi|T1(0-2)::ROUND::2026-09-06T09:00,BLR,DEL,2026-09-07,Economy Flexi,T1(0-2),ROUND::2026-09-06T09:00,2026-09-06 09:00,ANCHORED,0,11615.00,CONSOLIDATED,False,3,EaseMyTrip;Goibibo;MMT,4,PARTIAL_COVERAGE,0.7500,AirlineSite;Cleartrip,3,3,11294.00;11615.00;11662.50,5,5,OBS01568;OBS01569;OBS01579;OBS01580;OBS01590,0,0,11294.00,11970.00,EaseMyTrip=11355.00;Goibibo=11970.00;MMT=11457.00,11355.00,11970.00,11457.00,615.00,316.00,368.50,BLR,DEL,2026-09-07,Economy Flexi,True,3,True,11615.00,PRICED,2026-09-06 09:00,ANCHOR_TIMESTAMP,INR,DECLARED_PROTOTYPE_CONSTANT,,phase8-v1
CELL::BLR|DEL|2026-09-07|Economy Flexi|T1(0-2)::ROUND::2026-09-06T14:30,BLR,DEL,2026-09-07,Economy Flexi,T1(0-2),ROUND::2026-09-06T14:30,2026-09-06 14:30,ANCHORED,0,11547.00,CONSOLIDATED,False,4,AirlineSite;EaseMyTrip;Goibibo;MMT,4,FULL_COVERAGE,1.0000,Cleartrip,2,2,11451.00;11643.00,4,4,OBS02070;OBS02071;OBS02092;OBS02093,0,0,11339.00,11947.00,AirlineSite=11538.00;EaseMyTrip=11947.00;Goibibo=11364.00;MMT=11339.00,11339.00,11947.00,11451.00,608.00,391.00,192.00,BLR,DEL,2026-09-07,Economy Flexi,True,3,True,11547.00,PRICED,2026-09-06 14:30,ANCHOR_TIMESTAMP,INR,DECLARED_PROTOTYPE_CONSTANT,,phase8-v1
CELL::BLR|DEL|2026-09-07|Economy Flexi|T1(0-2)::ROUND::2026-09-06T20:15,BLR,DEL,2026-09-07,Economy Flexi,T1(0-2),ROUND::2026-09-06T20:15,2026-09-06 20:15,ANCHORED,0,11853.50,CONSOLIDATED,False,2,Cleartrip;EaseMyTrip,4,PARTIAL_COVERAGE,0.5000,AirlineSite;Goibibo;MMT,1,1,11853.50,2,2,OBS02582;OBS02583,0,0,11805.00,11902.00,Cleartrip=11902.00;EaseMyTrip=11805.00,11805.00,11902.00,11853.50,97.00,97.00,0.00,BLR,DEL,2026-09-07,Economy Flexi,True,3,True,11853.50,PRICED,2026-09-06 20:15,ANCHOR_TIMESTAMP,INR,DECLARED_PROTOTYPE_CONSTANT,,phase8-v1
CELL::BLR|DEL|2026-09-07|Economy Saver|T1(0-2)::ROUND::2026-09-05T09:00,BLR,DEL,2026-09-07,Economy Saver,T1(0-2),ROUND::2026-09-05T09:00,2026-09-05 09:00,ANCHORED,0,7389.00,CONSOLIDATED,False,2,AirlineSite;MMT,4,PARTIAL_COVERAGE,0.5000,Cleartrip;Goibibo,2,2,7293.00;7485.00,3,3,OBS00041;OBS00042;OBS00055,0,0,7169.00,7485.00,AirlineSite=7327.00;MMT=7417.00,7327.00,7417.00,7372.00,248.00,124.00,192.00,BLR,DEL,2026-09-07,Economy Saver,True,1,True,7389.00,PRICED,2026-09-05 09:00,ANCHOR_TIMESTAMP,INR,DECLARED_PROTOTYPE_CONSTANT,,phase8-v1
CELL::BLR|DEL|2026-09-07|Economy Saver|T1(0-2)::ROUND::2026-09-05T14:30,BLR,DEL,2026-09-07,Economy Saver,T1(0-2),ROUND::2026-09-05T14:30,2026-09-05 14:30,ANCHORED,0,7229.00,CONSOLIDATED,True,1,Cleartrip,4,SINGLE_SOURCE,0.2500,AirlineSite;Goibibo;MMT,1,1,7229.00,1,1,OBS00570,0,0,7229.00,7229.00,Cleartrip=7229.00,7229.00,7229.00,7229.00,0.00,0.00,0.00,BLR,DEL,2026-09-07,Economy Saver,True,1,True,7229.00,PRICED,2026-09-05 14:30,ANCHOR_TIMESTAMP,INR,DECLARED_PROTOTYPE_CONSTANT,,phase8-v1
CELL::BLR|DEL|2026-09-07|Economy Saver|T1(0-2)::ROUND::2026-09-05T20:15,BLR,DEL,2026-09-07,Economy Saver,T1(0-2),ROUND::2026-09-05T20:15,2026-09-05 20:15,ANCHORED,0,7191.50,CONSOLIDATED,False,2,Cleartrip;Goibibo,4,PARTIAL_COVERAGE,0.5000,AirlineSite;MMT,2,2,7137.00;7246.00,2,2,OBS01059;OBS01070,0,0,7137.00,7246.00,Cleartrip=7246.00;Goibibo=7137.00,7137.00,7246.00,7191.50,0.00,0.00,109.00,BLR,DEL,2026-09-07,Economy Saver,True,1,True,7191.50,PRICED,2026-09-05 20:15,ANCHOR_TIMESTAMP,INR,DECLARED_PROTOTYPE_CONSTANT,,phase8-v1
CELL::BLR|DEL|2026-09-07|Economy Saver|T1(0-2)::ROUND::2026-09-06T14:30,BLR,DEL,2026-09-07,Economy Saver,T1(0-2),ROUND::2026-09-06T14:30,2026-09-06 14:30,ANCHORED,0,7505.00,CONSOLIDATED,False,1,Cleartrip,4,SINGLE_SOURCE,0.2500,AirlineSite;Goibibo;MMT,2,2,7492.00;7518.00,2,2,OBS02069;OBS02080,0,0,7492.00,7518.00,Cleartrip=7505.00,7505.00,7505.00,7505.00,0.00,0.00,26.00,BLR,DEL,2026-09-07,Economy Saver,True,1,True,7505.00,PRICED,2026-09-06 14:30,ANCHOR_TIMESTAMP,INR,DECLARED_PROTOTYPE_CONSTANT,,phase8-v1
CELL::BLR|DEL|2026-09-07|Economy Saver|T1(0-2)::ROUND::2026-09-06T20:15,BLR,DEL,2026-09-07,Economy Saver,T1(0-2),ROUND::2026-09-06T20:15,2026-09-06 20:15,ANCHORED,0,7459.00,CONSOLIDATED,False,4,Cleartrip;EaseMyTrip;Goibibo;MMT,4,FULL_COVERAGE,1.0000,AirlineSite,3,3,7334.50;7459.00;7542.50,6,6,OBS02567;OBS02568;OBS02580;OBS02581;OBS02593;OBS02594,0,0,7266.00,7647.00,Cleartrip=7266.00;EaseMyTrip=7521.00;Goibibo=7480.50;MMT=7403.00,7266.00,7521.00,7441.75,209.00,137.00,208.00,BLR,DEL,2026-09-07,Economy Saver,True,1,True,7459.00,PRICED,2026-09-06 20:15,ANCHOR_TIMESTAMP,INR,DECLARED_PROTOTYPE_CONSTANT,,phase8-v1
CELL::BLR|DEL|2026-09-07|Economy Standard|T1(0-2)::ROUND::2026-09-05T09:00,BLR,DEL,2026-09-07,Economy Standard,T1(0-2),ROUND::2026-09-05T09:00,2026-09-05 09:00,ANCHORED,0,9745.00,CONSOLIDATED,False,2,AirlineSite;Goibibo,4,PARTIAL_COVERAGE,0.5000,Cleartrip;MMT,2,2,9644.00;9846.00,2,2,OBS00043;OBS00054,0,0,9644.00,9846.00,AirlineSite=9846.00;Goibibo=9644.00,9644.00,9846.00,9745.00,0.00,0.00,202.00,BLR,DEL,2026-09-07,Economy Standard,True,2,True,9745.00,PRICED,2026-09-05 09:00,ANCHOR_TIMESTAMP,INR,DECLARED_PROTOTYPE_CONSTANT,,phase8-v1
CELL::BLR|DEL|2026-09-07|Economy Standard|T1(0-2)::ROUND::2026-09-05T14:30,BLR,DEL,2026-09-07,Economy Standard,T1(0-2),ROUND::2026-09-05T14:30,2026-09-05 14:30,ANCHORED,0,9577.00,CONSOLIDATED,False,3,AirlineSite;EaseMyTrip;MMT,4,PARTIAL_COVERAGE,0.7500,Cleartrip;Goibibo,2,2,9500.50;9653.50,4,4,OBS00546;OBS00547;OBS00568;OBS00569,0,0,9166.00,9835.00,AirlineSite=9555.00;EaseMyTrip=9459.00;MMT=9835.00,9459.00,9835.00,9555.00,669.00,433.00,153.00,BLR,DEL,2026-09-07,Economy Standard,True,2,True,9577.00,PRICED,2026-09-05 14:30,ANCHOR_TIMESTAMP,INR,DECLARED_PROTOTYPE_CONSTANT,,phase8-v1
CELL::BLR|DEL|2026-09-07|Economy Standard|T1(0-2)::ROUND::2026-09-05T20:15,BLR,DEL,2026-09-07,Economy Standard,T1(0-2),ROUND::2026-09-05T20:15,2026-09-05 20:15,ANCHORED,0,9707.50,CONSOLIDATED,False,2,EaseMyTrip;Goibibo,4,PARTIAL_COVERAGE,0.5000,AirlineSite;Cleartrip;MMT,1,1,9707.50,2,2,OBS01044;OBS01045,0,0,9632.00,9783.00,EaseMyTrip=9632.00;Goibibo=9783.00,9632.00,9783.00,9707.50,151.00,151.00,0.00,BLR,DEL,2026-09-07,Economy Standard,True,2,True,9707.50,PRICED,2026-09-05 20:15,ANCHOR_TIMESTAMP,INR,DECLARED_PROTOTYPE_CONSTANT,,phase8-v1
CELL::BLR|DEL|2026-09-07|Economy Standard|T1(0-2)::ROUND::2026-09-06T14:30,BLR,DEL,2026-09-07,Economy Standard,T1(0-2),ROUND::2026-09-06T14:30,2026-09-06 14:30,ANCHORED,0,9494.00,CONSOLIDATED,True,1,Goibibo,4,SINGLE_SOURCE,0.2500,AirlineSite;Cleartrip;MMT,1,1,9494.00,1,1,OBS02094,0,0,9494.00,9494.00,Goibibo=9494.00,9494.00,9494.00,9494.00,0.00,0.00,0.00,BLR,DEL,2026-09-07,Economy Standard,True,2,True,9494.00,PRICED,2026-09-06 14:30,ANCHOR_TIMESTAMP,INR,DECLARED_PROTOTYPE_CONSTANT,,phase8-v1
CELL::BLR|DEL|2026-09-13|Economy Flexi|T7(5-9)::ROUND::2026-09-05T09:00,BLR,DEL,2026-09-13,Economy Flexi,T7(5-9),ROUND::2026-09-05T09:00,2026-09-05 09:00,ANCHORED,0,10097.00,CONSOLIDATED,True,1,MMT,4,SINGLE_SOURCE,0.2500,AirlineSite;Cleartrip;Goibibo,1,1,10097.00,1,1,OBS00032,0,0,10097.00,10097.00,MMT=10097.00,10097.00,10097.00,10097.00,0.00,0.00,0.00,BLR,DEL,2026-09-13,Economy Flexi,True,3,True,10097.00,PRICED,2026-09-05 09:00,ANCHOR_TIMESTAMP,INR,DECLARED_PROTOTYPE_CONSTANT,,phase8-v1
CELL::BLR|DEL|2026-09-13|Economy Flexi|T7(5-9)::ROUND::2026-09-05T14:30,BLR,DEL,2026-09-13,Economy Flexi,T7(5-9),ROUND::2026-09-05T14:30,2026-09-05 14:30,ANCHORED,0,10599.75,CONSOLIDATED,False,3,Cleartrip;Goibibo;MMT,4,PARTIAL_COVERAGE,0.7500,AirlineSite,2,2,10494.50;10705.00,3,3,OBS00548;OBS00557;OBS00558,0,0,10454.00,10705.00,Cleartrip=10705.00;Goibibo=10454.00;MMT=10535.00,10454.00,10705.00,10535.00,81.00,40.50,210.50,BLR,DEL,2026-09-13,Economy Flexi,True,3,True,10599.75,PRICED,2026-09-05 14:30,ANCHOR_TIMESTAMP,INR,DECLARED_PROTOTYPE_CONSTANT,,phase8-v1
CELL::BLR|DEL|2026-09-13|Economy Flexi|T7(5-9)::ROUND::2026-09-05T20:15,BLR,DEL,2026-09-13,Economy Flexi,T7(5-9),ROUND::2026-09-05T20:15,2026-09-05 20:15,ANCHORED,0,10671.50,CONSOLIDATED,False,2,AirlineSite;Cleartrip,4,PARTIAL_COVERAGE,0.5000,Goibibo;MMT,2,2,10582.00;10761.00,3,3,OBS01049;OBS01050;OBS01061,0,0,10582.00,10836.00,AirlineSite=10709.00;Cleartrip=10686.00,10686.00,10709.00,10697.50,150.00,75.00,179.00,BLR,DEL,2026-09-13,Economy Flexi,True,3,True,10671.50,PRICED,2026-09-05 20:15,ANCHOR_TIMESTAMP,INR,DECLARED_PROTOTYPE_CONSTANT,,phase8-v1
CELL::BLR|DEL|2026-09-13|Economy Flexi|T7(5-9)::ROUND::2026-09-06T09:00,BLR,DEL,2026-09-13,Economy Flexi,T7(5-9),ROUND::2026-09-06T09:00,2026-09-06 09:00,ANCHORED,0,10472.50,CONSOLIDATED,False,1,Goibibo,4,SINGLE_SOURCE,0.2500,AirlineSite;Cleartrip;MMT,2,2,10459.00;10486.00,2,2,OBS01582;OBS01593,0,0,10459.00,10486.00,Goibibo=10472.50,10472.50,10472.50,10472.50,0.00,0.00,27.00,BLR,DEL,2026-09-13,Economy Flexi,True,3,True,10472.50,PRICED,2026-09-06 09:00,ANCHOR_TIMESTAMP,INR,DECLARED_PROTOTYPE_CONSTANT,,phase8-v1
CELL::BLR|DEL|2026-09-13|Economy Flexi|T7(5-9)::ROUND::2026-09-06T14:30,BLR,DEL,2026-09-13,Economy Flexi,T7(5-9),ROUND::2026-09-06T14:30,2026-09-06 14:30,ANCHORED,0,10193.00,CONSOLIDATED,True,1,AirlineSite,4,SINGLE_SOURCE,0.2500,Cleartrip;Goibibo;MMT,1,1,10193.00,1,1,OBS02083,0,0,10193.00,10193.00,AirlineSite=10193.00,10193.00,10193.00,10193.00,0.00,0.00,0.00,BLR,DEL,2026-09-13,Economy Flexi,True,3,True,10193.00,PRICED,2026-09-06 14:30,ANCHOR_TIMESTAMP,INR,DECLARED_PROTOTYPE_CONSTANT,,phase8-v1
CELL::BLR|DEL|2026-09-13|Economy Flexi|T7(5-9)::ROUND::2026-09-06T20:15,BLR,DEL,2026-09-13,Economy Flexi,T7(5-9),ROUND::2026-09-06T20:15,2026-09-06 20:15,ANCHORED,0,10343.50,CONSOLIDATED,False,2,Cleartrip;EaseMyTrip,4,PARTIAL_COVERAGE,0.5000,AirlineSite;Goibibo;MMT,1,1,10343.50,2,2,OBS02569;OBS02570,0,0,10243.00,10444.00,Cleartrip=10444.00;EaseMyTrip=10243.00,10243.00,10444.00,10343.50,201.00,201.00,0.00,BLR,DEL,2026-09-13,Economy Flexi,True,3,True,10343.50,PRICED,2026-09-06 20:15,ANCHOR_TIMESTAMP,INR,DECLARED_PROTOTYPE_CONSTANT,,phase8-v1
CELL::BLR|DEL|2026-09-13|Economy Saver|T7(5-9)::ROUND::2026-09-05T09:00,BLR,DEL,2026-09-13,Economy Saver,T7(5-9),ROUND::2026-09-05T09:00,2026-09-05 09:00,ANCHORED,0,6543.00,CONSOLIDATED,True,1,MMT,4,SINGLE_SOURCE,0.2500,AirlineSite;Cleartrip;Goibibo,1,1,6543.00,1,1,OBS00056,0,0,6543.00,6543.00,MMT=6543.00,6543.00,6543.00,6543.00,0.00,0.00,0.00,BLR,DEL,2026-09-13,Economy Saver,True,1,True,6543.00,PRICED,2026-09-05 09:00,ANCHOR_TIMESTAMP,INR,DECLARED_PROTOTYPE_CONSTANT,,phase8-v1
CELL::BLR|DEL|2026-09-13|Economy Saver|T7(5-9)::ROUND::2026-09-05T14:30,BLR,DEL,2026-09-13,Economy Saver,T7(5-9),ROUND::2026-09-05T14:30,2026-09-05 14:30,ANCHORED,0,6650.50,CONSOLIDATED,False,2,Cleartrip;MMT,4,PARTIAL_COVERAGE,0.5000,AirlineSite;Goibibo,1,1,6650.50,2,2,OBS00571;OBS00572,0,0,6562.00,6739.00,Cleartrip=6562.00;MMT=6739.00,6562.00,6739.00,6650.50,177.00,177.00,0.00,BLR,DEL,2026-09-13,Economy Saver,True,1,True,6650.50,PRICED,2026-09-05 14:30,ANCHOR_TIMESTAMP,INR,DECLARED_PROTOTYPE_CONSTANT,,phase8-v1
CELL::BLR|DEL|2026-09-13|Economy Saver|T7(5-9)::ROUND::2026-09-05T20:15,BLR,DEL,2026-09-13,Economy Saver,T7(5-9),ROUND::2026-09-05T20:15,2026-09-05 20:15,ANCHORED,0,6585.75,CONSOLIDATED,False,3,AirlineSite;EaseMyTrip;MMT,4,PARTIAL_COVERAGE,0.7500,Cleartrip;Goibibo,2,2,6526.50;6645.00,4,4,OBS01062;OBS01063;OBS01071;OBS01072,0,0,6464.00,6812.00,AirlineSite=6812.00;EaseMyTrip=6533.50;MMT=6464.00,6464.00,6812.00,6533.50,334.00,229.50,118.50,BLR,DEL,2026-09-13,Economy Saver,True,1,True,6585.75,PRICED,2026-09-05 20:15,ANCHOR_TIMESTAMP,INR,DECLARED_PROTOTYPE_CONSTANT,,phase8-v1
CELL::BLR|DEL|2026-09-13|Economy Saver|T7(5-9)::ROUND::2026-09-06T09:00,BLR,DEL,2026-09-13,Economy Saver,T7(5-9),ROUND::2026-09-06T09:00,2026-09-06 09:00,ANCHORED,0,6999.50,CONSOLIDATED,False,3,Cleartrip;EaseMyTrip;Goibibo,4,PARTIAL_COVERAGE,0.7500,AirlineSite;MMT,2,2,6958.00;7041.00,3,3,OBS01571;OBS01572;OBS01581,0,0,6868.00,7048.00,Cleartrip=6868.00;EaseMyTrip=7048.00;Goibibo=7041.00,6868.00,7048.00,7041.00,180.00,90.00,83.00,BLR,DEL,2026-09-13,Economy Saver,True,1,True,6999.50,PRICED,2026-09-06 09:00,ANCHOR_TIMESTAMP,INR,DECLARED_PROTOTYPE_CONSTANT,,phase8-v1
CELL::BLR|DEL|2026-09-13|Economy Saver|T7(5-9)::ROUND::2026-09-06T14:30,BLR,DEL,2026-09-13,Economy Saver,T7(5-9),ROUND::2026-09-06T14:30,2026-09-06 14:30,ANCHORED,0,6918.00,CONSOLIDATED,False,4,AirlineSite;Cleartrip;EaseMyTrip;Goibibo,4,FULL_COVERAGE,1.0000,MMT,3,3,6810.00;6918.00;6927.00,6,6,OBS02073;OBS02074;OBS02081;OBS02082;OBS02095;OBS02096,0,0,6714.00,7118.00,AirlineSite=6906.00;Cleartrip=6851.00;EaseMyTrip=7118.00;Goibibo=6736.00,6736.00,7118.00,6878.50,382.00,192.00,117.00,BLR,DEL,2026-09-13,Economy Saver,True,1,True,6918.00,PRICED,2026-09-06 14:30,ANCHOR_TIMESTAMP,INR,DECLARED_PROTOTYPE_CONSTANT,,phase8-v1
CELL::BLR|DEL|2026-09-13|Economy Saver|T7(5-9)::ROUND::2026-09-06T20:15,BLR,DEL,2026-09-13,Economy Saver,T7(5-9),ROUND::2026-09-06T20:15,2026-09-06 20:15,ANCHORED,0,6776.50,CONSOLIDATED,False,3,Cleartrip;EaseMyTrip;Goibibo,4,PARTIAL_COVERAGE,0.7500,AirlineSite;MMT,3,3,6727.00;6776.50;6943.00,4,4,OBS02571;OBS02584;OBS02585;OBS02595,0,0,6527.00,7026.00,Cleartrip=6527.00;EaseMyTrip=6835.00;Goibibo=7026.00,6527.00,7026.00,6835.00,499.00,0.00,216.00,BLR,DEL,2026-09-13,Economy Saver,True,1,True,6776.50,PRICED,2026-09-06 20:15,ANCHOR_TIMESTAMP,INR,DECLARED_PROTOTYPE_CONSTANT,,phase8-v1
CELL::BLR|DEL|2026-09-13|Economy Standard|T7(5-9)::ROUND::2026-09-05T09:00,BLR,DEL,2026-09-13,Economy Standard,T7(5-9),ROUND::2026-09-05T09:00,2026-09-05 09:00,ANCHORED,0,8478.50,CONSOLIDATED,False,4,Cleartrip;EaseMyTrip;Goibibo;MMT,4,FULL_COVERAGE,1.0000,AirlineSite,3,3,8409.00;8478.50;8611.00,5,5,OBS00033;OBS00044;OBS00045;OBS00057;OBS00058,0,0,8159.00,8768.00,Cleartrip=8159.00;EaseMyTrip=8635.00;Goibibo=8768.00;MMT=8189.00,8159.00,8768.00,8412.00,579.00,500.00,202.00,BLR,DEL,2026-09-13,Economy Standard,True,2,True,8478.50,PRICED,2026-09-05 09:00,ANCHOR_TIMESTAMP,INR,DECLARED_PROTOTYPE_CONSTANT,,phase8-v1
CELL::BLR|DEL|2026-09-13|Economy Standard|T7(5-9)::ROUND::2026-09-05T20:15,BLR,DEL,2026-09-13,Economy Standard,T7(5-9),ROUND::2026-09-05T20:15,2026-09-05 20:15,ANCHORED,0,8335.50,CONSOLIDATED,False,2,AirlineSite;EaseMyTrip,4,PARTIAL_COVERAGE,0.5000,Cleartrip;Goibibo;MMT,2,2,8145.00;8526.00,3,3,OBS01047;OBS01048;OBS01073,0,0,8086.00,8966.00,AirlineSite=8555.50;EaseMyTrip=8086.00,8086.00,8555.50,8320.75,880.00,440.00,381.00,BLR,DEL,2026-09-13,Economy Standard,True,2,True,8335.50,PRICED,2026-09-05 20:15,ANCHOR_TIMESTAMP,INR,DECLARED_PROTOTYPE_CONSTANT,,phase8-v1
CELL::BLR|DEL|2026-09-13|Economy Standard|T7(5-9)::ROUND::2026-09-06T09:00,BLR,DEL,2026-09-13,Economy Standard,T7(5-9),ROUND::2026-09-06T09:00,2026-09-06 09:00,ANCHORED,0,8453.50,CONSOLIDATED,False,2,Cleartrip;EaseMyTrip,4,PARTIAL_COVERAGE,0.5000,AirlineSite;Goibibo;MMT,2,2,8244.00;8663.00,3,3,OBS01570;OBS01591;OBS01592,0,0,8244.00,9065.00,Cleartrip=8261.00;EaseMyTrip=8654.50,8261.00,8654.50,8457.75,804.00,402.00,419.00,BLR,DEL,2026-09-13,Economy Standard,True,2,True,8453.50,PRICED,2026-09-06 09:00,ANCHOR_TIMESTAMP,INR,DECLARED_PROTOTYPE_CONSTANT,,phase8-v1
CELL::BLR|DEL|2026-09-13|Economy Standard|T7(5-9)::ROUND::2026-09-06T14:30,BLR,DEL,2026-09-13,Economy Standard,T7(5-9),ROUND::2026-09-06T14:30,2026-09-06 14:30,ANCHORED,0,8885.00,CONSOLIDATED,True,1,MMT,4,SINGLE_SOURCE,0.2500,AirlineSite;Cleartrip;Goibibo,1,1,8885.00,1,1,OBS02072,0,0,8885.00,8885.00,MMT=8885.00,8885.00,8885.00,8885.00,0.00,0.00,0.00,BLR,DEL,2026-09-13,Economy Standard,True,2,True,8885.00,PRICED,2026-09-06 14:30,ANCHOR_TIMESTAMP,INR,DECLARED_PROTOTYPE_CONSTANT,,phase8-v1
CELL::BLR|DEL|2026-09-13|Economy Standard|T7(5-9)::ROUND::2026-09-06T20:15,BLR,DEL,2026-09-13,Economy Standard,T7(5-9),ROUND::2026-09-06T20:15,2026-09-06 20:15,ANCHORED,0,8787.50,CONSOLIDATED,False,2,AirlineSite;Cleartrip,4,PARTIAL_COVERAGE,0.5000,Goibibo;MMT,1,1,8787.50,2,2,OBS02586;OBS02587,0,0,8705.00,8870.00,AirlineSite=8870.00;Cleartrip=8705.00,8705.00,8870.00,8787.50,165.00,165.00,0.00,BLR,DEL,2026-09-13,Economy Standard,True,2,True,8787.50,PRICED,2026-09-06 20:15,ANCHOR_TIMESTAMP,INR,DECLARED_PROTOTYPE_CONSTANT,,phase8-v1
CELL::BLR|DEL|2026-09-21|Economy Flexi|T15(12-18)::ROUND::2026-09-05T09:00,BLR,DEL,2026-09-21,Economy Flexi,T15(12-18),ROUND::2026-09-05T09:00,2026-09-05 09:00,ANCHORED,0,8448.00,CONSOLIDATED,False,1,Cleartrip,4,SINGLE_SOURCE,0.2500,AirlineSite;Goibibo;MMT,2,2,8423.00;8473.00,2,2,OBS00048;OBS00059,0,0,8423.00,8473.00,Cleartrip=8448.00,8448.00,8448.00,8448.00,0.00,0.00,50.00,BLR,DEL,2026-09-21,Economy Flexi,True,3,True,8448.00,PRICED,2026-09-05 09:00,ANCHOR_TIMESTAMP,INR,DECLARED_PROTOTYPE_CONSTANT,,phase8-v1
CELL::BLR|DEL|2026-09-21|Economy Flexi|T15(12-18)::ROUND::2026-09-05T14:30,BLR,DEL,2026-09-21,Economy Flexi,T15(12-18),ROUND::2026-09-05T14:30,2026-09-05 14:30,ANCHORED,0,9083.50,CONSOLIDATED,False,3,AirlineSite;EaseMyTrip;MMT,4,PARTIAL_COVERAGE,0.7500,Cleartrip;Goibibo,2,2,9049.00;9118.00,3,3,OBS00550;OBS00561;OBS00562,0,0,9030.00,9118.00,AirlineSite=9030.00;EaseMyTrip=9068.00;MMT=9118.00,9030.00,9118.00,9068.00,38.00,19.00,69.00,BLR,DEL,2026-09-21,Economy Flexi,True,3,True,9083.50,PRICED,2026-09-05 14:30,ANCHOR_TIMESTAMP,INR,DECLARED_PROTOTYPE_CONSTANT,,phase8-v1
CELL::BLR|DEL|2026-09-21|Economy Flexi|T15(12-18)::ROUND::2026-09-05T20:15,BLR,DEL,2026-09-21,Economy Flexi,T15(12-18),ROUND::2026-09-05T20:15,2026-09-05 20:15,ANCHORED,0,8537.50,CONSOLIDATED,False,2,AirlineSite;Cleartrip,4,PARTIAL_COVERAGE,0.5000,Goibibo;MMT,2,2,8336.00;8739.00,2,2,OBS01051;OBS01074,0,0,8336.00,8739.00,AirlineSite=8739.00;Cleartrip=8336.00,8336.00,8739.00,8537.50,0.00,0.00,403.00,BLR,DEL,2026-09-21,Economy Flexi,True,3,True,8537.50,PRICED,2026-09-05 20:15,ANCHOR_TIMESTAMP,INR,DECLARED_PROTOTYPE_CONSTANT,,phase8-v1
CELL::BLR|DEL|2026-09-21|Economy Flexi|T15(12-18)::ROUND::2026-09-06T09:00,BLR,DEL,2026-09-21,Economy Flexi,T15(12-18),ROUND::2026-09-06T09:00,2026-09-06 09:00,ANCHORED,0,8754.50,CONSOLIDATED,False,2,Cleartrip;MMT,4,PARTIAL_COVERAGE,0.5000,AirlineSite;Goibibo,1,1,8754.50,2,2,OBS01594;OBS01595,0,0,8685.00,8824.00,Cleartrip=8824.00;MMT=8685.00,8685.00,8824.00,8754.50,139.00,139.00,0.00,BLR,DEL,2026-09-21,Economy Flexi,True,3,True,8754.50,PRICED,2026-09-06 09:00,ANCHOR_TIMESTAMP,INR,DECLARED_PROTOTYPE_CONSTANT,,phase8-v1
CELL::BLR|DEL|2026-09-21|Economy Flexi|T15(12-18)::ROUND::2026-09-06T14:30,BLR,DEL,2026-09-21,Economy Flexi,T15(12-18),ROUND::2026-09-06T14:30,2026-09-06 14:30,ANCHORED,0,9227.00,CONSOLIDATED,False,3,AirlineSite;Cleartrip;EaseMyTrip,4,PARTIAL_COVERAGE,0.7500,Goibibo;MMT,2,2,9157.00;9297.00,3,3,OBS02075;OBS02076;OBS02097,0,0,8970.00,9344.00,AirlineSite=9344.00;Cleartrip=8970.00;EaseMyTrip=9297.00,8970.00,9344.00,9297.00,374.00,187.00,140.00,BLR,DEL,2026-09-21,Economy Flexi,True,3,True,9227.00,PRICED,2026-09-06 14:30,ANCHOR_TIMESTAMP,INR,DECLARED_PROTOTYPE_CONSTANT,,phase8-v1
CELL::BLR|DEL|2026-09-21|Economy Flexi|T15(12-18)::ROUND::2026-09-06T20:15,BLR,DEL,2026-09-21,Economy Flexi,T15(12-18),ROUND::2026-09-06T20:15,2026-09-06 20:15,ANCHORED,0,9144.00,CONSOLIDATED,True,1,Goibibo,4,SINGLE_SOURCE,0.2500,AirlineSite;Cleartrip;MMT,1,1,9144.00,1,1,OBS02598,0,0,9144.00,9144.00,Goibibo=9144.00,9144.00,9144.00,9144.00,0.00,0.00,0.00,BLR,DEL,2026-09-21,Economy Flexi,True,3,True,9144.00,PRICED,2026-09-06 20:15,ANCHOR_TIMESTAMP,INR,DECLARED_PROTOTYPE_CONSTANT,,phase8-v1
CELL::BLR|DEL|2026-09-21|Economy Saver|T15(12-18)::ROUND::2026-09-05T09:00,BLR,DEL,2026-09-21,Economy Saver,T15(12-18),ROUND::2026-09-05T09:00,2026-09-05 09:00,ANCHORED,0,5482.50,CONSOLIDATED,False,2,AirlineSite;Cleartrip,4,PARTIAL_COVERAGE,0.5000,Goibibo;MMT,2,2,5458.00;5507.00,2,2,OBS00034;OBS00060,0,0,5458.00,5507.00,AirlineSite=5458.00;Cleartrip=5507.00,5458.00,5507.00,5482.50,0.00,0.00,49.00,BLR,DEL,2026-09-21,Economy Saver,True,1,True,5482.50,PRICED,2026-09-05 09:00,ANCHOR_TIMESTAMP,INR,DECLARED_PROTOTYPE_CONSTANT,,phase8-v1
CELL::BLR|DEL|2026-09-21|Economy Saver|T15(12-18)::ROUND::2026-09-05T14:30,BLR,DEL,2026-09-21,Economy Saver,T15(12-18),ROUND::2026-09-05T14:30,2026-09-05 14:30,ANCHORED,0,5711.50,CONSOLIDATED,False,2,Cleartrip;EaseMyTrip,4,PARTIAL_COVERAGE,0.5000,AirlineSite;Goibibo;MMT,1,1,5711.50,2,2,OBS00559;OBS00560,0,0,5661.00,5762.00,Cleartrip=5661.00;EaseMyTrip=5762.00,5661.00,5762.00,5711.50,101.00,101.00,0.00,BLR,DEL,2026-09-21,Economy Saver,True,1,True,5711.50,PRICED,2026-09-05 14:30,ANCHOR_TIMESTAMP,INR,DECLARED_PROTOTYPE_CONSTANT,,phase8-v1
CELL::BLR|DEL|2026-09-21|Economy Saver|T15(12-18)::ROUND::2026-09-05T20:15,BLR,DEL,2026-09-21,Economy Saver,T15(12-18),ROUND::2026-09-05T20:15,2026-09-05 20:15,ANCHORED,0,5634.00,CONSOLIDATED,True,1,Cleartrip,4,SINGLE_SOURCE,0.2500,AirlineSite;Goibibo;MMT,1,1,5634.00,1,1,OBS01052,0,0,5634.00,5634.00,Cleartrip=5634.00,5634.00,5634.00,5634.00,0.00,0.00,0.00,BLR,DEL,2026-09-21,Economy Saver,True,1,True,5634.00,PRICED,2026-09-05 20:15,ANCHOR_TIMESTAMP,INR,DECLARED_PROTOTYPE_CONSTANT,,phase8-v1
CELL::BLR|DEL|2026-09-21|Economy Saver|T15(12-18)::ROUND::2026-09-06T09:00,BLR,DEL,2026-09-21,Economy Saver,T15(12-18),ROUND::2026-09-06T09:00,2026-09-06 09:00,ANCHORED,0,5738.25,CONSOLIDATED,False,3,AirlineSite;Cleartrip;Goibibo,4,PARTIAL_COVERAGE,0.7500,MMT,2,2,5655.00;5821.50,4,4,OBS01573;OBS01574;OBS01583;OBS01584,0,0,5637.00,5846.00,AirlineSite=5846.00;Cleartrip=5673.00;Goibibo=5717.00,5673.00,5846.00,5717.00,49.00,42.50,166.50,BLR,DEL,2026-09-21,Economy Saver,True,1,True,5738.25,PRICED,2026-09-06 09:00,ANCHOR_TIMESTAMP,INR,DECLARED_PROTOTYPE_CONSTANT,,phase8-v1
CELL::BLR|DEL|2026-09-21|Economy Saver|T15(12-18)::ROUND::2026-09-06T14:30,BLR,DEL,2026-09-21,Economy Saver,T15(12-18),ROUND::2026-09-06T14:30,2026-09-06 14:30,ANCHORED,0,5806.00,CONSOLIDATED,True,1,Cleartrip,4,SINGLE_SOURCE,0.2500,AirlineSite;Goibibo;MMT,1,1,5806.00,1,1,OBS02086,0,0,5806.00,5806.00,Cleartrip=5806.00,5806.00,5806.00,5806.00,0.00,0.00,0.00,BLR,DEL,2026-09-21,Economy Saver,True,1,True,5806.00,PRICED,2026-09-06 14:30,ANCHOR_TIMESTAMP,INR,DECLARED_PROTOTYPE_CONSTANT,,phase8-v1
CELL::BLR|DEL|2026-09-21|Economy Saver|T15(12-18)::ROUND::2026-09-06T20:15,BLR,DEL,2026-09-21,Economy Saver,T15(12-18),ROUND::2026-09-06T20:15,2026-09-06 20:15,ANCHORED,0,5962.00,CONSOLIDATED,False,3,AirlineSite;EaseMyTrip;MMT,4,PARTIAL_COVERAGE,0.7500,Cleartrip;Goibibo,2,2,5955.00;5969.00,3,3,OBS02573;OBS02596;OBS02597,0,0,5951.00,5969.00,AirlineSite=5959.00;EaseMyTrip=5951.00;MMT=5969.00,5951.00,5969.00,5959.00,8.00,4.00,14.00,BLR,DEL,2026-09-21,Economy Saver,True,1,True,5962.00,PRICED,2026-09-06 20:15,ANCHOR_TIMESTAMP,INR,DECLARED_PROTOTYPE_CONSTANT,,phase8-v1
CELL::BLR|DEL|2026-09-21|Economy Standard|T15(12-18)::ROUND::2026-09-05T09:00,BLR,DEL,2026-09-21,Economy Standard,T15(12-18),ROUND::2026-09-05T09:00,2026-09-05 09:00,ANCHORED,0,6984.50,CONSOLIDATED,False,2,EaseMyTrip;Goibibo,4,PARTIAL_COVERAGE,0.5000,AirlineSite;Cleartrip;MMT,1,1,6984.50,2,2,OBS00046;OBS00047,0,0,6982.00,6987.00,EaseMyTrip=6982.00;Goibibo=6987.00,6982.00,6987.00,6984.50,5.00,5.00,0.00,BLR,DEL,2026-09-21,Economy Standard,True,2,True,6984.50,PRICED,2026-09-05 09:00,ANCHOR_TIMESTAMP,INR,DECLARED_PROTOTYPE_CONSTANT,,phase8-v1
CELL::BLR|DEL|2026-09-21|Economy Standard|T15(12-18)::ROUND::2026-09-05T14:30,BLR,DEL,2026-09-21,Economy Standard,T15(12-18),ROUND::2026-09-05T14:30,2026-09-05 14:30,ANCHORED,0,7390.00,CONSOLIDATED,False,2,Goibibo;MMT,4,PARTIAL_COVERAGE,0.5000,AirlineSite;Cleartrip,2,2,7345.00;7435.00,2,2,OBS00549;OBS00573,0,0,7345.00,7435.00,Goibibo=7435.00;MMT=7345.00,7345.00,7435.00,7390.00,0.00,0.00,90.00,BLR,DEL,2026-09-21,Economy Standard,True,2,True,7390.00,PRICED,2026-09-05 14:30,ANCHOR_TIMESTAMP,INR,DECLARED_PROTOTYPE_CONSTANT,,phase8-v1
CELL::BLR|DEL|2026-09-21|Economy Standard|T15(12-18)::ROUND::2026-09-05T20:15,BLR,DEL,2026-09-21,Economy Standard,T15(12-18),ROUND::2026-09-05T20:15,2026-09-05 20:15,ANCHORED,0,7230.00,CONSOLIDATED,True,1,Goibibo,4,SINGLE_SOURCE,0.2500,AirlineSite;Cleartrip;MMT,1,1,7230.00,1,1,OBS01064,0,0,7230.00,7230.00,Goibibo=7230.00,7230.00,7230.00,7230.00,0.00,0.00,0.00,BLR,DEL,2026-09-21,Economy Standard,True,2,True,7230.00,PRICED,2026-09-05 20:15,ANCHOR_TIMESTAMP,INR,DECLARED_PROTOTYPE_CONSTANT,,phase8-v1
CELL::BLR|DEL|2026-09-21|Economy Standard|T15(12-18)::ROUND::2026-09-06T09:00,BLR,DEL,2026-09-21,Economy Standard,T15(12-18),ROUND::2026-09-06T09:00,2026-09-06 09:00,ANCHORED,0,7387.50,CONSOLIDATED,False,2,AirlineSite;MMT,4,PARTIAL_COVERAGE,0.5000,Cleartrip;Goibibo,1,1,7387.50,2,2,OBS01596;OBS01597,0,0,7376.00,7399.00,AirlineSite=7376.00;MMT=7399.00,7376.00,7399.00,7387.50,23.00,23.00,0.00,BLR,DEL,2026-09-21,Economy Standard,True,2,True,7387.50,PRICED,2026-09-06 09:00,ANCHOR_TIMESTAMP,INR,DECLARED_PROTOTYPE_CONSTANT,,phase8-v1
CELL::BLR|DEL|2026-09-21|Economy Standard|T15(12-18)::ROUND::2026-09-06T14:30,BLR,DEL,2026-09-21,Economy Standard,T15(12-18),ROUND::2026-09-06T14:30,2026-09-06 14:30,ANCHORED,0,7479.75,CONSOLIDATED,False,2,AirlineSite;Cleartrip,4,PARTIAL_COVERAGE,0.5000,Goibibo;MMT,2,2,7359.50;7600.00,3,3,OBS02084;OBS02085;OBS02098,0,0,7309.00,7600.00,AirlineSite=7505.00;Cleartrip=7309.00,7309.00,7505.00,7407.00,101.00,50.50,240.50,BLR,DEL,2026-09-21,Economy Standard,True,2,True,7479.75,PRICED,2026-09-06 14:30,ANCHOR_TIMESTAMP,INR,DECLARED_PROTOTYPE_CONSTANT,,phase8-v1
CELL::BLR|DEL|2026-09-21|Economy Standard|T15(12-18)::ROUND::2026-09-06T20:15,BLR,DEL,2026-09-21,Economy Standard,T15(12-18),ROUND::2026-09-06T20:15,2026-09-06 20:15,ANCHORED,0,7357.50,CONSOLIDATED,False,2,EaseMyTrip;Goibibo,4,PARTIAL_COVERAGE,0.5000,AirlineSite;Cleartrip;MMT,2,2,7281.00;7434.00,3,3,OBS02572;OBS02588;OBS02589,0,0,7117.00,7445.00,EaseMyTrip=7445.00;Goibibo=7275.50,7275.50,7445.00,7360.25,328.00,164.00,153.00,BLR,DEL,2026-09-21,Economy Standard,True,2,True,7357.50,PRICED,2026-09-06 20:15,ANCHOR_TIMESTAMP,INR,DECLARED_PROTOTYPE_CONSTANT,,phase8-v1
CELL::BLR|DEL|2026-10-06|Economy Flexi|T30(25-35)::ROUND::2026-09-05T09:00,BLR,DEL,2026-10-06,Economy Flexi,T30(25-35),ROUND::2026-09-05T09:00,2026-09-05 09:00,ANCHORED,0,7745.25,CONSOLIDATED,False,3,EaseMyTrip;Goibibo;MMT,4,PARTIAL_COVERAGE,0.7500,AirlineSite;Cleartrip,2,2,7659.00;7831.50,3,3,OBS00037;OBS00038;OBS00049,0,0,7659.00,7933.00,EaseMyTrip=7659.00;Goibibo=7730.00;MMT=7933.00,7659.00,7933.00,7730.00,203.00,101.50,172.50,BLR,DEL,2026-10-06,Economy Flexi,True,3,True,7745.25,PRICED,2026-09-05 09:00,ANCHOR_TIMESTAMP,INR,DECLARED_PROTOTYPE_CONSTANT,,phase8-v1
CELL::BLR|DEL|2026-10-06|Economy Flexi|T30(25-35)::ROUND::2026-09-05T14:30,BLR,DEL,2026-10-06,Economy Flexi,T30(25-35),ROUND::2026-09-05T14:30,2026-09-05 14:30,ANCHORED,0,7706.00,CONSOLIDATED,False,2,AirlineSite;EaseMyTrip,4,PARTIAL_COVERAGE,0.5000,Cleartrip;Goibibo;MMT,2,2,7705.00;7707.00,2,2,OBS00551;OBS00576,0,0,7705.00,7707.00,AirlineSite=7707.00;EaseMyTrip=7705.00,7705.00,7707.00,7706.00,0.00,0.00,2.00,BLR,DEL,2026-10-06,Economy Flexi,True,3,True,7706.00,PRICED,2026-09-05 14:30,ANCHOR_TIMESTAMP,INR,DECLARED_PROTOTYPE_CONSTANT,,phase8-v1
CELL::BLR|DEL|2026-10-06|Economy Flexi|T30(25-35)::ROUND::2026-09-05T20:15,BLR,DEL,2026-10-06,Economy Flexi,T30(25-35),ROUND::2026-09-05T20:15,2026-09-05 20:15,ANCHORED,0,8052.00,CONSOLIDATED,True,1,MMT,4,SINGLE_SOURCE,0.2500,AirlineSite;Cleartrip;Goibibo,1,1,8052.00,1,1,OBS01076,0,0,8052.00,8052.00,MMT=8052.00,8052.00,8052.00,8052.00,0.00,0.00,0.00,BLR,DEL,2026-10-06,Economy Flexi,True,3,True,8052.00,PRICED,2026-09-05 20:15,ANCHOR_TIMESTAMP,INR,DECLARED_PROTOTYPE_CONSTANT,,phase8-v1
CELL::BLR|DEL|2026-10-06|Economy Flexi|T30(25-35)::ROUND::2026-09-06T09:00,BLR,DEL,2026-10-06,Economy Flexi,T30(25-35),ROUND::2026-09-06T09:00,2026-09-06 09:00,ANCHORED,0,8034.50,CONSOLIDATED,False,2,AirlineSite;Goibibo,4,PARTIAL_COVERAGE,0.5000,Cleartrip;MMT,2,2,7690.00;8379.00,2,2,OBS01576;OBS01587,0,0,7690.00,8379.00,AirlineSite=8379.00;Goibibo=7690.00,7690.00,8379.00,8034.50,0.00,0.00,689.00,BLR,DEL,2026-10-06,Economy Flexi,True,3,True,8034.50,PRICED,2026-09-06 09:00,ANCHOR_TIMESTAMP,INR,DECLARED_PROTOTYPE_CONSTANT,,phase8-v1
CELL::BLR|DEL|2026-10-06|Economy Flexi|T30(25-35)::ROUND::2026-09-06T14:30,BLR,DEL,2026-10-06,Economy Flexi,T30(25-35),ROUND::2026-09-06T14:30,2026-09-06 14:30,ANCHORED,0,8108.00,CONSOLIDATED,True,1,Goibibo,4,SINGLE_SOURCE,0.2500,AirlineSite;Cleartrip;MMT,1,1,8108.00,1,1,OBS02981,0,0,8108.00,8108.00,Goibibo=8108.00,8108.00,8108.00,8108.00,0.00,0.00,0.00,BLR,DEL,2026-10-06,Economy Flexi,True,3,True,8108.00,PRICED,2026-09-06 14:30,ANCHOR_TIMESTAMP,INR,DECLARED_PROTOTYPE_CONSTANT,,phase8-v1
CELL::BLR|DEL|2026-10-06|Economy Flexi|T30(25-35)::ROUND::2026-09-06T20:15,BLR,DEL,2026-10-06,Economy Flexi,T30(25-35),ROUND::2026-09-06T20:15,2026-09-06 20:15,ANCHORED,0,8085.50,CONSOLIDATED,False,4,AirlineSite;Cleartrip;EaseMyTrip;Goibibo,4,FULL_COVERAGE,1.0000,MMT,3,3,8056.00;8085.50;8331.00,5,5,OBS02576;OBS02577;OBS02590;OBS02591;OBS02599,0,0,7900.00,8331.00,AirlineSite=8071.00;Cleartrip=8100.00;EaseMyTrip=7900.00;Goibibo=8271.50,7900.00,8271.50,8085.50,312.00,29.00,275.00,BLR,DEL,2026-10-06,Economy Flexi,True,3,True,8085.50,PRICED,2026-09-06 20:15,ANCHOR_TIMESTAMP,INR,DECLARED_PROTOTYPE_CONSTANT,,phase8-v1
CELL::BLR|DEL|2026-10-06|Economy Saver|T30(25-35)::ROUND::2026-09-05T09:00,BLR,DEL,2026-10-06,Economy Saver,T30(25-35),ROUND::2026-09-05T09:00,2026-09-05 09:00,ANCHORED,0,5126.00,CONSOLIDATED,False,5,AirlineSite;Cleartrip;EaseMyTrip;Goibibo;MMT,4,FULL_COVERAGE,1.2500,,3,3,4912.00;5126.00;5194.00,5,5,OBS00035;OBS00036;OBS00050;OBS00061;OBS00062,0,0,4912.00,5268.00,AirlineSite=5268.00;Cleartrip=4984.00;EaseMyTrip=4912.00;Goibibo=5225.00;MMT=5163.00,4912.00,5268.00,5163.00,284.00,62.00,282.00,BLR,DEL,2026-10-06,Economy Saver,True,1,True,5126.00,PRICED,2026-09-05 09:00,ANCHOR_TIMESTAMP,INR,DECLARED_PROTOTYPE_CONSTANT,,phase8-v1
CELL::BLR|DEL|2026-10-06|Economy Saver|T30(25-35)::ROUND::2026-09-05T14:30,BLR,DEL,2026-10-06,Economy Saver,T30(25-35),ROUND::2026-09-05T14:30,2026-09-05 14:30,ANCHORED,0,5236.50,CONSOLIDATED,False,2,AirlineSite;Goibibo,4,PARTIAL_COVERAGE,0.5000,Cleartrip;MMT,2,2,5127.00;5346.00,3,3,OBS00563;OBS00574;OBS00575,0,0,4973.00,5346.00,AirlineSite=5281.00;Goibibo=5159.50,5159.50,5281.00,5220.25,308.00,154.00,219.00,BLR,DEL,2026-10-06,Economy Saver,True,1,True,5236.50,PRICED,2026-09-05 14:30,ANCHOR_TIMESTAMP,INR,DECLARED_PROTOTYPE_CONSTANT,,phase8-v1
CELL::BLR|DEL|2026-10-06|Economy Saver|T30(25-35)::ROUND::2026-09-05T20:15,BLR,DEL,2026-10-06,Economy Saver,T30(25-35),ROUND::2026-09-05T20:15,2026-09-05 20:15,ANCHORED,0,5215.50,CONSOLIDATED,False,3,AirlineSite;Cleartrip;Goibibo,4,PARTIAL_COVERAGE,0.7500,MMT,2,2,5154.00;5277.00,3,3,OBS01053;OBS01054;OBS01067,0,0,5154.00,5313.00,AirlineSite=5313.00;Cleartrip=5241.00;Goibibo=5154.00,5154.00,5313.00,5241.00,72.00,36.00,123.00,BLR,DEL,2026-10-06,Economy Saver,True,1,True,5215.50,PRICED,2026-09-05 20:15,ANCHOR_TIMESTAMP,INR,DECLARED_PROTOTYPE_CONSTANT,,phase8-v1
CELL::BLR|DEL|2026-10-06|Economy Saver|T30(25-35)::ROUND::2026-09-06T09:00,BLR,DEL,2026-10-06,Economy Saver,T30(25-35),ROUND::2026-09-06T09:00,2026-09-06 09:00,ANCHORED,0,5233.75,CONSOLIDATED,False,4,Cleartrip;EaseMyTrip;Goibibo;MMT,4,FULL_COVERAGE,1.0000,AirlineSite,2,2,5115.00;5352.50,4,4,OBS01585;OBS01586;OBS01598;OBS01599,0,0,4912.00,5403.00,Cleartrip=4912.00;EaseMyTrip=5302.00;Goibibo=5403.00;MMT=5318.00,4912.00,5403.00,5310.00,406.00,253.50,237.50,BLR,DEL,2026-10-06,Economy Saver,True,1,True,5233.75,PRICED,2026-09-06 09:00,ANCHOR_TIMESTAMP,INR,DECLARED_PROTOTYPE_CONSTANT,,phase8-v1
CELL::BLR|DEL|2026-10-06|Economy Standard|T30(25-35)::ROUND::2026-09-05T09:00,BLR,DEL,2026-10-06,Economy Standard,T30(25-35),ROUND::2026-09-05T09:00,2026-09-05 09:00,ANCHORED,0,6758.00,CONSOLIDATED,True,1,Cleartrip,4,SINGLE_SOURCE,0.2500,AirlineSite;Goibibo;MMT,1,1,6758.00,1,1,OBS00063,0,0,6758.00,6758.00,Cleartrip=6758.00,6758.00,6758.00,6758.00,0.00,0.00,0.00,BLR,DEL,2026-10-06,Economy Standard,True,2,True,6758.00,PRICED,2026-09-05 09:00,ANCHOR_TIMESTAMP,INR,DECLARED_PROTOTYPE_CONSTANT,,phase8-v1
CELL::BLR|DEL|2026-10-06|Economy Standard|T30(25-35)::ROUND::2026-09-05T14:30,BLR,DEL,2026-10-06,Economy Standard,T30(25-35),ROUND::2026-09-05T14:30,2026-09-05 14:30,ANCHORED,0,6568.75,CONSOLIDATED,False,3,AirlineSite;Cleartrip;EaseMyTrip,4,PARTIAL_COVERAGE,0.7500,Goibibo;MMT,2,2,6456.50;6681.00,3,3,OBS00552;OBS00564;OBS00565,0,0,6381.00,6681.00,AirlineSite=6681.00;Cleartrip=6532.00;EaseMyTrip=6381.00,6381.00,6681.00,6532.00,151.00,75.50,224.50,BLR,DEL,2026-10-06,Economy Standard,True,2,True,6568.75,PRICED,2026-09-05 14:30,ANCHOR_TIMESTAMP,INR,DECLARED_PROTOTYPE_CONSTANT,,phase8-v1
CELL::BLR|DEL|2026-10-06|Economy Standard|T30(25-35)::ROUND::2026-09-05T20:15,BLR,DEL,2026-10-06,Economy Standard,T30(25-35),ROUND::2026-09-05T20:15,2026-09-05 20:15,ANCHORED,0,6603.00,CONSOLIDATED,False,3,Cleartrip;EaseMyTrip;Goibibo,4,PARTIAL_COVERAGE,0.7500,AirlineSite;MMT,2,2,6450.00;6756.00,3,3,OBS01065;OBS01066;OBS01075,0,0,6450.00,6782.00,Cleartrip=6450.00;EaseMyTrip=6730.00;Goibibo=6782.00,6450.00,6782.00,6730.00,52.00,26.00,306.00,BLR,DEL,2026-10-06,Economy Standard,True,2,True,6603.00,PRICED,2026-09-05 20:15,ANCHOR_TIMESTAMP,INR,DECLARED_PROTOTYPE_CONSTANT,,phase8-v1
CELL::BLR|DEL|2026-10-06|Economy Standard|T30(25-35)::ROUND::2026-09-06T09:00,BLR,DEL,2026-10-06,Economy Standard,T30(25-35),ROUND::2026-09-06T09:00,2026-09-06 09:00,ANCHORED,0,6407.00,CONSOLIDATED,True,1,EaseMyTrip,4,SINGLE_SOURCE,0.2500,AirlineSite;Cleartrip;Goibibo;MMT,1,1,6407.00,1,1,OBS01575,0,0,6407.00,6407.00,EaseMyTrip=6407.00,6407.00,6407.00,6407.00,0.00,0.00,0.00,BLR,DEL,2026-10-06,Economy Standard,True,2,True,6407.00,PRICED,2026-09-06 09:00,ANCHOR_TIMESTAMP,INR,DECLARED_PROTOTYPE_CONSTANT,,phase8-v1
CELL::BLR|DEL|2026-10-06|Economy Standard|T30(25-35)::ROUND::2026-09-06T14:30,BLR,DEL,2026-10-06,Economy Standard,T30(25-35),ROUND::2026-09-06T14:30,2026-09-06 14:30,ANCHORED,0,6562.00,CONSOLIDATED,False,4,AirlineSite;Cleartrip;EaseMyTrip;MMT,4,FULL_COVERAGE,1.0000,Goibibo,3,3,6421.00;6562.00;6697.00,5,5,OBS02077;OBS02078;OBS02087;OBS02099;OBS02100,0,0,6421.00,6808.00,AirlineSite=6808.00;Cleartrip=6589.00;EaseMyTrip=6535.00;MMT=6503.50,6503.50,6808.00,6562.00,222.00,54.00,276.00,BLR,DEL,2026-10-06,Economy Standard,True,2,True,6562.00,PRICED,2026-09-06 14:30,ANCHOR_TIMESTAMP,INR,DECLARED_PROTOTYPE_CONSTANT,,phase8-v1
CELL::BLR|DEL|2026-10-06|Economy Standard|T30(25-35)::ROUND::2026-09-06T20:15,BLR,DEL,2026-10-06,Economy Standard,T30(25-35),ROUND::2026-09-06T20:15,2026-09-06 20:15,ANCHORED,0,6513.00,CONSOLIDATED,False,2,EaseMyTrip;Goibibo,4,PARTIAL_COVERAGE,0.5000,AirlineSite;Cleartrip;MMT,1,1,6513.00,2,2,OBS02574;OBS02575,0,0,6336.00,6690.00,EaseMyTrip=6690.00;Goibibo=6336.00,6336.00,6690.00,6513.00,354.00,354.00,0.00,BLR,DEL,2026-10-06,Economy Standard,True,2,True,6513.00,PRICED,2026-09-06 20:15,ANCHOR_TIMESTAMP,INR,DECLARED_PROTOTYPE_CONSTANT,,phase8-v1
CELL::BLR|DEL|2026-10-22|Economy Flexi|T45(40-50)::ROUND::2026-09-05T09:00,BLR,DEL,2026-10-22,Economy Flexi,T45(40-50),ROUND::2026-09-05T09:00,2026-09-05 09:00,ANCHORED,0,7940.00,CONSOLIDATED,True,5,AirlineSite;Cleartrip;EaseMyTrip;Goibibo;MMT,4,FULL_COVERAGE,1.2500,,3,3,7834.00;7940.00;7995.50,5,5,OBS00039;OBS00052;OBS00053;OBS00064;OBS00065,0,0,7655.00,8148.00,AirlineSite=7940.00;Cleartrip=8148.00;EaseMyTrip=8013.00;Goibibo=7655.00;MMT=7843.00,7655.00,8148.00,7940.00,358.00,305.00,161.50,BLR,DEL,2026-10-22,Economy Flexi,True,3,True,7940.00,PRICED,2026-09-05 09:00,ANCHOR_TIMESTAMP,INR,DECLARED_PROTOTYPE_CONSTANT,,phase8-v1
CELL::BLR|DEL|2026-10-22|Economy Flexi|T45(40-50)::ROUND::2026-09-05T14:30,BLR,DEL,2026-10-22,Economy Flexi,T45(40-50),ROUND::2026-09-05T14:30,2026-09-05 14:30,ANCHORED,0,8188.75,CONSOLIDATED,False,3,AirlineSite;Cleartrip;EaseMyTrip,4,PARTIAL_COVERAGE,0.7500,Goibibo;MMT,2,2,8144.00;8233.50,3,3,OBS00553;OBS00554;OBS00566,0,0,8123.00,8344.00,AirlineSite=8144.00;Cleartrip=8123.00;EaseMyTrip=8344.00,8123.00,8344.00,8144.00,221.00,110.50,89.50,BLR,DEL,2026-10-22,Economy Flexi,True,3,True,8188.75,PRICED,2026-09-05 14:30,ANCHOR_TIMESTAMP,INR,DECLARED_PROTOTYPE_CONSTANT,,phase8-v1
CELL::BLR|DEL|2026-10-22|Economy Flexi|T45(40-50)::ROUND::2026-09-05T20:15,BLR,DEL,2026-10-22,Economy Flexi,T45(40-50),ROUND::2026-09-05T20:15,2026-09-05 20:15,ANCHORED,0,7921.50,CONSOLIDATED,False,2,Goibibo;MMT,4,PARTIAL_COVERAGE,0.5000,AirlineSite;Cleartrip,2,2,7712.00;8131.00,2,2,OBS01068;OBS01077,0,0,7712.00,8131.00,Goibibo=8131.00;MMT=7712.00,7712.00,8131.00,7921.50,0.00,0.00,419.00,BLR,DEL,2026-10-22,Economy Flexi,True,3,True,7921.50,PRICED,2026-09-05 20:15,ANCHOR_TIMESTAMP,INR,DECLARED_PROTOTYPE_CONSTANT,,phase8-v1
CELL::BLR|DEL|2026-10-22|Economy Flexi|T45(40-50)::ROUND::2026-09-06T09:00,BLR,DEL,2026-10-22,Economy Flexi,T45(40-50),ROUND::2026-09-06T09:00,2026-09-06 09:00,ANCHORED,0,8215.75,CONSOLIDATED,False,2,AirlineSite;Cleartrip,4,PARTIAL_COVERAGE,0.5000,Goibibo;MMT,2,2,8126.50;8305.00,3,3,OBS01578;OBS01601;OBS01602,0,0,7949.00,8305.00,AirlineSite=8304.50;Cleartrip=7949.00,7949.00,8304.50,8126.75,355.00,177.50,178.50,BLR,DEL,2026-10-22,Economy Flexi,True,3,True,8215.75,PRICED,2026-09-06 09:00,ANCHOR_TIMESTAMP,INR,DECLARED_PROTOTYPE_CONSTANT,,phase8-v1
CELL::BLR|DEL|2026-10-22|Economy Flexi|T45(40-50)::ROUND::2026-09-06T14:30,BLR,DEL,2026-10-22,Economy Flexi,T45(40-50),ROUND::2026-09-06T14:30,2026-09-06 14:30,ANCHORED,0,8245.25,CONSOLIDATED,False,3,AirlineSite;Cleartrip;MMT,4,PARTIAL_COVERAGE,0.7500,Goibibo,2,2,8222.00;8268.50,3,3,OBS02079;OBS02101;OBS02102,0,0,8171.00,8366.00,AirlineSite=8171.00;Cleartrip=8366.00;MMT=8222.00,8171.00,8366.00,8222.00,195.00,97.50,46.50,BLR,DEL,2026-10-22,Economy Flexi,True,3,True,8245.25,PRICED,2026-09-06 14:30,ANCHOR_TIMESTAMP,INR,DECLARED_PROTOTYPE_CONSTANT,,phase8-v1
CELL::BLR|DEL|2026-10-22|Economy Saver|T45(40-50)::ROUND::2026-09-05T09:00,BLR,DEL,2026-10-22,Economy Saver,T45(40-50),ROUND::2026-09-05T09:00,2026-09-05 09:00,ANCHORED,0,5025.00,CONSOLIDATED,False,2,EaseMyTrip;MMT,4,PARTIAL_COVERAGE,0.5000,AirlineSite;Cleartrip;Goibibo,2,2,4998.00;5052.00,2,2,OBS00040;OBS00051,0,0,4998.00,5052.00,EaseMyTrip=4998.00;MMT=5052.00,4998.00,5052.00,5025.00,0.00,0.00,54.00,BLR,DEL,2026-10-22,Economy Saver,True,1,True,5025.00,PRICED,2026-09-05 09:00,ANCHOR_TIMESTAMP,INR,DECLARED_PROTOTYPE_CONSTANT,,phase8-v1
CELL::BLR|DEL|2026-10-22|Economy Saver|T45(40-50)::ROUND::2026-09-05T14:30,BLR,DEL,2026-10-22,Economy Saver,T45(40-50),ROUND::2026-09-05T14:30,2026-09-05 14:30,ANCHORED,0,5338.00,CONSOLIDATED,True,3,AirlineSite;Goibibo;MMT,4,PARTIAL_COVERAGE,0.7500,Cleartrip,3,3,4992.00;5338.00;5363.00,3,3,OBS00555;OBS00567;OBS00577,0,0,4992.00,5363.00,AirlineSite=5338.00;Goibibo=5363.00;MMT=4992.00,4992.00,5363.00,5338.00,0.00,0.00,371.00,BLR,DEL,2026-10-22,Economy Saver,True,1,True,5338.00,PRICED,2026-09-05 14:30,ANCHOR_TIMESTAMP,INR,DECLARED_PROTOTYPE_CONSTANT,,phase8-v1
CELL::BLR|DEL|2026-10-22|Economy Saver|T45(40-50)::ROUND::2026-09-05T20:15,BLR,DEL,2026-10-22,Economy Saver,T45(40-50),ROUND::2026-09-05T20:15,2026-09-05 20:15,ANCHORED,0,5115.00,CONSOLIDATED,False,3,AirlineSite;Cleartrip;EaseMyTrip,4,PARTIAL_COVERAGE,0.7500,Goibibo;MMT,2,2,4993.00;5237.00,3,3,OBS01057;OBS01058;OBS01078,0,0,4993.00,5364.00,AirlineSite=5364.00;Cleartrip=4993.00;EaseMyTrip=5110.00,4993.00,5364.00,5110.00,254.00,127.00,244.00,BLR,DEL,2026-10-22,Economy Saver,True,1,True,5115.00,PRICED,2026-09-05 20:15,ANCHOR_TIMESTAMP,INR,DECLARED_PROTOTYPE_CONSTANT,,phase8-v1
CELL::BLR|DEL|2026-10-22|Economy Saver|T45(40-50)::ROUND::2026-09-06T09:00,BLR,DEL,2026-10-22,Economy Saver,T45(40-50),ROUND::2026-09-06T09:00,2026-09-06 09:00,ANCHORED,0,5068.75,CONSOLIDATED,False,3,Cleartrip;EaseMyTrip;Goibibo,4,PARTIAL_COVERAGE,0.7500,AirlineSite;MMT,2,2,4879.00;5258.50,3,3,OBS01577;OBS01588;OBS01589,0,0,4879.00,5364.00,Cleartrip=5364.00;EaseMyTrip=4879.00;Goibibo=5153.00,4879.00,5364.00,5153.00,211.00,105.50,379.50,BLR,DEL,2026-10-22,Economy Saver,True,1,True,5068.75,PRICED,2026-09-06 09:00,ANCHOR_TIMESTAMP,INR,DECLARED_PROTOTYPE_CONSTANT,,phase8-v1
CELL::BLR|DEL|2026-10-22|Economy Saver|T45(40-50)::ROUND::2026-09-06T14:30,BLR,DEL,2026-10-22,Economy Saver,T45(40-50),ROUND::2026-09-06T14:30,2026-09-06 14:30,ANCHORED,0,5147.50,CONSOLIDATED,False,2,Goibibo;MMT,4,PARTIAL_COVERAGE,0.5000,AirlineSite;Cleartrip,1,1,5147.50,2,2,OBS02088;OBS02089,0,0,4885.00,5410.00,Goibibo=4885.00;MMT=5410.00,4885.00,5410.00,5147.50,525.00,525.00,0.00,BLR,DEL,2026-10-22,Economy Saver,True,1,True,5147.50,PRICED,2026-09-06 14:30,ANCHOR_TIMESTAMP,INR,DECLARED_PROTOTYPE_CONSTANT,,phase8-v1
CELL::BLR|DEL|2026-10-22|Economy Saver|T45(40-50)::ROUND::2026-09-06T20:15,BLR,DEL,2026-10-22,Economy Saver,T45(40-50),ROUND::2026-09-06T20:15,2026-09-06 20:15,ANCHORED,0,5227.50,CONSOLIDATED,False,3,AirlineSite;EaseMyTrip;Goibibo,4,PARTIAL_COVERAGE,0.7500,Cleartrip;MMT,2,2,5159.00;5296.00,3,3,OBS02578;OBS02600;OBS02601,0,0,5159.00,5313.00,AirlineSite=5279.00;EaseMyTrip=5313.00;Goibibo=5159.00,5159.00,5313.00,5279.00,34.00,17.00,137.00,BLR,DEL,2026-10-22,Economy Saver,True,1,True,5227.50,PRICED,2026-09-06 20:15,ANCHOR_TIMESTAMP,INR,DECLARED_PROTOTYPE_CONSTANT,,phase8-v1
CELL::BLR|DEL|2026-10-22|Economy Standard|T45(40-50)::ROUND::2026-09-05T14:30,BLR,DEL,2026-10-22,Economy Standard,T45(40-50),ROUND::2026-09-05T14:30,2026-09-05 14:30,ANCHORED,0,6711.00,CONSOLIDATED,True,1,EaseMyTrip,4,SINGLE_SOURCE,0.2500,AirlineSite;Cleartrip;Goibibo;MMT,1,1,6711.00,1,1,OBS00578,0,0,6711.00,6711.00,EaseMyTrip=6711.00,6711.00,6711.00,6711.00,0.00,0.00,0.00,BLR,DEL,2026-10-22,Economy Standard,True,2,True,6711.00,PRICED,2026-09-05 14:30,ANCHOR_TIMESTAMP,INR,DECLARED_PROTOTYPE_CONSTANT,,phase8-v1
CELL::BLR|DEL|2026-10-22|Economy Standard|T45(40-50)::ROUND::2026-09-05T20:15,BLR,DEL,2026-10-22,Economy Standard,T45(40-50),ROUND::2026-09-05T20:15,2026-09-05 20:15,ANCHORED,0,6493.50,CONSOLIDATED,False,2,AirlineSite;EaseMyTrip,4,PARTIAL_COVERAGE,0.5000,Cleartrip;Goibibo;MMT,1,1,6493.50,2,2,OBS01055;OBS01056,0,0,6341.00,6646.00,AirlineSite=6341.00;EaseMyTrip=6646.00,6341.00,6646.00,6493.50,305.00,305.00,0.00,BLR,DEL,2026-10-22,Economy Standard,True,2,True,6493.50,PRICED,2026-09-05 20:15,ANCHOR_TIMESTAMP,INR,DECLARED_PROTOTYPE_CONSTANT,,phase8-v1
CELL::BLR|DEL|2026-10-22|Economy Standard|T45(40-50)::ROUND::2026-09-06T09:00,BLR,DEL,2026-10-22,Economy Standard,T45(40-50),ROUND::2026-09-06T09:00,2026-09-06 09:00,ANCHORED,0,6700.00,CONSOLIDATED,True,1,AirlineSite,4,SINGLE_SOURCE,0.2500,Cleartrip;Goibibo;MMT,1,1,6700.00,1,1,OBS01600,0,0,6700.00,6700.00,AirlineSite=6700.00,6700.00,6700.00,6700.00,0.00,0.00,0.00,BLR,DEL,2026-10-22,Economy Standard,True,2,True,6700.00,PRICED,2026-09-06 09:00,ANCHOR_TIMESTAMP,INR,DECLARED_PROTOTYPE_CONSTANT,,phase8-v1
CELL::BLR|DEL|2026-10-22|Economy Standard|T45(40-50)::ROUND::2026-09-06T14:30,BLR,DEL,2026-10-22,Economy Standard,T45(40-50),ROUND::2026-09-06T14:30,2026-09-06 14:30,ANCHORED,0,6331.00,CONSOLIDATED,False,2,Cleartrip;MMT,4,PARTIAL_COVERAGE,0.5000,AirlineSite;Goibibo,1,1,6331.00,2,2,OBS02090;OBS02091,0,0,6270.00,6392.00,Cleartrip=6270.00;MMT=6392.00,6270.00,6392.00,6331.00,122.00,122.00,0.00,BLR,DEL,2026-10-22,Economy Standard,True,2,True,6331.00,PRICED,2026-09-06 14:30,ANCHOR_TIMESTAMP,INR,DECLARED_PROTOTYPE_CONSTANT,,phase8-v1
CELL::BLR|DEL|2026-10-22|Economy Standard|T45(40-50)::ROUND::2026-09-06T20:15,BLR,DEL,2026-10-22,Economy Standard,T45(40-50),ROUND::2026-09-06T20:15,2026-09-06 20:15,ANCHORED,0,6524.00,CONSOLIDATED,True,2,EaseMyTrip;Goibibo,4,PARTIAL_COVERAGE,0.5000,AirlineSite;Cleartrip;MMT,3,3,6356.00;6524.00;6860.00,3,3,OBS02579;OBS02592;OBS02602,0,0,6356.00,6860.00,EaseMyTrip=6860.00;Goibibo=6440.00,6440.00,6860.00,6650.00,0.00,0.00,504.00,BLR,DEL,2026-10-22,Economy Standard,True,2,True,6524.00,PRICED,2026-09-06 20:15,ANCHOR_TIMESTAMP,INR,DECLARED_PROTOTYPE_CONSTANT,,phase8-v1
CELL::BOM|DEL|2026-09-07|Economy Flexi|T1(0-2)::ROUND::2026-09-05T09:00,BOM,DEL,2026-09-07,Economy Flexi,T1(0-2),ROUND::2026-09-05T09:00,2026-09-05 09:00,ANCHORED,0,11434.00,CONSOLIDATED,False,2,EaseMyTrip;Goibibo,4,PARTIAL_COVERAGE,0.5000,AirlineSite;Cleartrip;MMT,2,2,11417.00;11451.00,2,2,OBS00002;OBS00021,0,0,11417.00,11451.00,EaseMyTrip=11417.00;Goibibo=11451.00,11417.00,11451.00,11434.00,0.00,0.00,34.00,BOM,DEL,2026-09-07,Economy Flexi,True,3,True,11434.00,PRICED,2026-09-05 09:00,ANCHOR_TIMESTAMP,INR,DECLARED_PROTOTYPE_CONSTANT,,phase8-v1
CELL::BOM|DEL|2026-09-07|Economy Flexi|T1(0-2)::ROUND::2026-09-05T14:30,BOM,DEL,2026-09-07,Economy Flexi,T1(0-2),ROUND::2026-09-05T14:30,2026-09-05 14:30,ANCHORED,0,11708.00,CONSOLIDATED,False,2,Goibibo;MMT,4,PARTIAL_COVERAGE,0.5000,AirlineSite;Cleartrip,1,1,11708.00,2,2,OBS00526;OBS00527,0,0,11672.00,11744.00,Goibibo=11744.00;MMT=11672.00,11672.00,11744.00,11708.00,72.00,72.00,0.00,BOM,DEL,2026-09-07,Economy Flexi,True,3,True,11708.00,PRICED,2026-09-05 14:30,ANCHOR_TIMESTAMP,INR,DECLARED_PROTOTYPE_CONSTANT,,phase8-v1
CELL::BOM|DEL|2026-09-07|Economy Flexi|T1(0-2)::ROUND::2026-09-05T20:15,BOM,DEL,2026-09-07,Economy Flexi,T1(0-2),ROUND::2026-09-05T20:15,2026-09-05 20:15,ANCHORED,0,11367.25,CONSOLIDATED,False,3,Cleartrip;EaseMyTrip;Goibibo,4,PARTIAL_COVERAGE,0.7500,AirlineSite;MMT,2,2,11320.50;11414.00,3,3,OBS01022;OBS01032;OBS01033,0,0,11016.00,11625.00,Cleartrip=11625.00;EaseMyTrip=11414.00;Goibibo=11016.00,11016.00,11625.00,11414.00,609.00,304.50,93.50,BOM,DEL,2026-09-07,Economy Flexi,True,3,True,11367.25,PRICED,2026-09-05 20:15,ANCHOR_TIMESTAMP,INR,DECLARED_PROTOTYPE_CONSTANT,,phase8-v1
CELL::BOM|DEL|2026-09-07|Economy Flexi|T1(0-2)::ROUND::2026-09-06T09:00,BOM,DEL,2026-09-07,Economy Flexi,T1(0-2),ROUND::2026-09-06T09:00,2026-09-06 09:00,ANCHORED,0,11703.25,CONSOLIDATED,False,2,AirlineSite;Goibibo,4,PARTIAL_COVERAGE,0.5000,Cleartrip;MMT,2,2,11661.50;11745.00,4,4,OBS01531;OBS01532;OBS01545;OBS01546,0,0,11224.00,12266.00,AirlineSite=12004.00;Goibibo=11402.50,11402.50,12004.00,11703.25,1042.00,601.50,83.50,BOM,DEL,2026-09-07,Economy Flexi,True,3,True,11703.25,PRICED,2026-09-06 09:00,ANCHOR_TIMESTAMP,INR,DECLARED_PROTOTYPE_CONSTANT,,phase8-v1
CELL::BOM|DEL|2026-09-07|Economy Flexi|T1(0-2)::ROUND::2026-09-06T14:30,BOM,DEL,2026-09-07,Economy Flexi,T1(0-2),ROUND::2026-09-06T14:30,2026-09-06 14:30,ANCHORED,0,11787.50,CONSOLIDATED,False,3,Cleartrip;Goibibo;MMT,4,PARTIAL_COVERAGE,0.7500,AirlineSite,2,2,11547.00;12028.00,3,3,OBS02040;OBS02050;OBS02051,0,0,11547.00,12098.00,Cleartrip=12098.00;Goibibo=11958.00;MMT=11547.00,11547.00,12098.00,11958.00,140.00,70.00,481.00,BOM,DEL,2026-09-07,Economy Flexi,True,3,True,11787.50,PRICED,2026-09-06 14:30,ANCHOR_TIMESTAMP,INR,DECLARED_PROTOTYPE_CONSTANT,,phase8-v1
CELL::BOM|DEL|2026-09-07|Economy Flexi|T1(0-2)::ROUND::2026-09-06T20:15,BOM,DEL,2026-09-07,Economy Flexi,T1(0-2),ROUND::2026-09-06T20:15,2026-09-06 20:15,ANCHORED,0,11939.00,CONSOLIDATED,False,2,Cleartrip;Goibibo,4,PARTIAL_COVERAGE,0.5000,AirlineSite;MMT,1,1,11939.00,2,2,OBS02558;OBS02559,0,0,11608.00,12270.00,Cleartrip=11608.00;Goibibo=12270.00,11608.00,12270.00,11939.00,662.00,662.00,0.00,BOM,DEL,2026-09-07,Economy Flexi,True,3,True,11939.00,PRICED,2026-09-06 20:15,ANCHOR_TIMESTAMP,INR,DECLARED_PROTOTYPE_CONSTANT,,phase8-v1
CELL::BOM|DEL|2026-09-07|Economy Saver|T1(0-2)::ROUND::2026-09-05T09:00,BOM,DEL,2026-09-07,Economy Saver,T1(0-2),ROUND::2026-09-05T09:00,2026-09-05 09:00,ANCHORED,0,7586.00,CONSOLIDATED,True,3,AirlineSite;Cleartrip;EaseMyTrip,4,PARTIAL_COVERAGE,0.7500,Goibibo;MMT,3,3,7584.00;7586.00;7726.00,4,4,OBS00001;OBS00010;OBS00019;OBS00020,0,0,7530.00,7726.00,AirlineSite=7612.00;Cleartrip=7726.00;EaseMyTrip=7530.00,7530.00,7726.00,7612.00,108.00,0.00,142.00,BOM,DEL,2026-09-07,Economy Saver,True,1,True,7586.00,PRICED,2026-09-05 09:00,ANCHOR_TIMESTAMP,INR,DECLARED_PROTOTYPE_CONSTANT,,phase8-v1
CELL::BOM|DEL|2026-09-07|Economy Saver|T1(0-2)::ROUND::2026-09-05T14:30,BOM,DEL,2026-09-07,Economy Saver,T1(0-2),ROUND::2026-09-05T14:30,2026-09-05 14:30,ANCHORED,0,7405.00,CONSOLIDATED,False,2,Goibibo;MMT,4,PARTIAL_COVERAGE,0.5000,AirlineSite;Cleartrip,1,1,7405.00,2,2,OBS00536;OBS00537,0,0,7319.00,7491.00,Goibibo=7491.00;MMT=7319.00,7319.00,7491.00,7405.00,172.00,172.00,0.00,BOM,DEL,2026-09-07,Economy Saver,True,1,True,7405.00,PRICED,2026-09-05 14:30,ANCHOR_TIMESTAMP,INR,DECLARED_PROTOTYPE_CONSTANT,,phase8-v1
CELL::BOM|DEL|2026-09-07|Economy Saver|T1(0-2)::ROUND::2026-09-05T20:15,BOM,DEL,2026-09-07,Economy Saver,T1(0-2),ROUND::2026-09-05T20:15,2026-09-05 20:15,ANCHORED,0,7333.50,CONSOLIDATED,False,2,AirlineSite;Cleartrip,4,PARTIAL_COVERAGE,0.5000,Goibibo;MMT,1,1,7333.50,2,2,OBS01013;OBS01014,0,0,7169.00,7498.00,AirlineSite=7498.00;Cleartrip=7169.00,7169.00,7498.00,7333.50,329.00,329.00,0.00,BOM,DEL,2026-09-07,Economy Saver,True,1,True,7333.50,PRICED,2026-09-05 20:15,ANCHOR_TIMESTAMP,INR,DECLARED_PROTOTYPE_CONSTANT,,phase8-v1
CELL::BOM|DEL|2026-09-07|Economy Saver|T1(0-2)::ROUND::2026-09-06T09:00,BOM,DEL,2026-09-07,Economy Saver,T1(0-2),ROUND::2026-09-06T09:00,2026-09-06 09:00,ANCHORED,0,7603.00,CONSOLIDATED,True,3,AirlineSite;Cleartrip;Goibibo,4,PARTIAL_COVERAGE,0.7500,MMT,3,3,7203.00;7603.00;7764.00,3,3,OBS01533;OBS01544;OBS01557,0,0,7203.00,7764.00,AirlineSite=7764.00;Cleartrip=7203.00;Goibibo=7603.00,7203.00,7764.00,7603.00,0.00,0.00,561.00,BOM,DEL,2026-09-07,Economy Saver,True,1,True,7603.00,PRICED,2026-09-06 09:00,ANCHOR_TIMESTAMP,INR,DECLARED_PROTOTYPE_CONSTANT,,phase8-v1
CELL::BOM|DEL|2026-09-07|Economy Saver|T1(0-2)::ROUND::2026-09-06T14:30,BOM,DEL,2026-09-07,Economy Saver,T1(0-2),ROUND::2026-09-06T14:30,2026-09-06 14:30,ANCHORED,0,7739.00,CONSOLIDATED,False,2,EaseMyTrip;Goibibo,4,PARTIAL_COVERAGE,0.5000,AirlineSite;Cleartrip;MMT,2,2,7728.00;7750.00,2,2,OBS02039;OBS02061,0,0,7728.00,7750.00,EaseMyTrip=7728.00;Goibibo=7750.00,7728.00,7750.00,7739.00,0.00,0.00,22.00,BOM,DEL,2026-09-07,Economy Saver,True,1,True,7739.00,PRICED,2026-09-06 14:30,ANCHOR_TIMESTAMP,INR,DECLARED_PROTOTYPE_CONSTANT,,phase8-v1
CELL::BOM|DEL|2026-09-07|Economy Saver|T1(0-2)::ROUND::2026-09-06T20:15,BOM,DEL,2026-09-07,Economy Saver,T1(0-2),ROUND::2026-09-06T20:15,2026-09-06 20:15,ANCHORED,0,7311.00,CONSOLIDATED,False,2,AirlineSite;Cleartrip,4,PARTIAL_COVERAGE,0.5000,Goibibo;MMT,1,1,7311.00,2,2,OBS02556;OBS02557,0,0,7225.00,7397.00,AirlineSite=7397.00;Cleartrip=7225.00,7225.00,7397.00,7311.00,172.00,172.00,0.00,BOM,DEL,2026-09-07,Economy Saver,True,1,True,7311.00,PRICED,2026-09-06 20:15,ANCHOR_TIMESTAMP,INR,DECLARED_PROTOTYPE_CONSTANT,,phase8-v1
CELL::BOM|DEL|2026-09-07|Economy Standard|T1(0-2)::ROUND::2026-09-05T14:30,BOM,DEL,2026-09-07,Economy Standard,T1(0-2),ROUND::2026-09-05T14:30,2026-09-05 14:30,ANCHORED,0,9277.00,CONSOLIDATED,False,3,AirlineSite;Goibibo;MMT,4,PARTIAL_COVERAGE,0.7500,Cleartrip,2,2,9147.00;9407.00,3,3,OBS00520;OBS00528;OBS00529,0,0,9147.00,9465.00,AirlineSite=9465.00;Goibibo=9147.00;MMT=9349.00,9147.00,9465.00,9349.00,116.00,58.00,260.00,BOM,DEL,2026-09-07,Economy Standard,True,2,True,9277.00,PRICED,2026-09-05 14:30,ANCHOR_TIMESTAMP,INR,DECLARED_PROTOTYPE_CONSTANT,,phase8-v1
CELL::BOM|DEL|2026-09-07|Economy Standard|T1(0-2)::ROUND::2026-09-06T09:00,BOM,DEL,2026-09-07,Economy Standard,T1(0-2),ROUND::2026-09-06T09:00,2026-09-06 09:00,ANCHORED,0,9697.00,CONSOLIDATED,False,2,EaseMyTrip;MMT,4,PARTIAL_COVERAGE,0.5000,AirlineSite;Cleartrip;Goibibo,1,1,9697.00,2,2,OBS01555;OBS01556,0,0,9412.00,9982.00,EaseMyTrip=9412.00;MMT=9982.00,9412.00,9982.00,9697.00,570.00,570.00,0.00,BOM,DEL,2026-09-07,Economy Standard,True,2,True,9697.00,PRICED,2026-09-06 09:00,ANCHOR_TIMESTAMP,INR,DECLARED_PROTOTYPE_CONSTANT,,phase8-v1
CELL::BOM|DEL|2026-09-07|Economy Standard|T1(0-2)::ROUND::2026-09-06T14:30,BOM,DEL,2026-09-07,Economy Standard,T1(0-2),ROUND::2026-09-06T14:30,2026-09-06 14:30,ANCHORED,0,9786.00,CONSOLIDATED,False,2,Cleartrip;Goibibo,4,PARTIAL_COVERAGE,0.5000,AirlineSite;MMT,1,1,9786.00,2,2,OBS02059;OBS02060,0,0,9534.00,10038.00,Cleartrip=9534.00;Goibibo=10038.00,9534.00,10038.00,9786.00,504.00,504.00,0.00,BOM,DEL,2026-09-07,Economy Standard,True,2,True,9786.00,PRICED,2026-09-06 14:30,ANCHOR_TIMESTAMP,INR,DECLARED_PROTOTYPE_CONSTANT,,phase8-v1
CELL::BOM|DEL|2026-09-07|Economy Standard|T1(0-2)::ROUND::2026-09-06T20:15,BOM,DEL,2026-09-07,Economy Standard,T1(0-2),ROUND::2026-09-06T20:15,2026-09-06 20:15,ANCHORED,0,9520.50,CONSOLIDATED,False,2,AirlineSite;Goibibo,4,PARTIAL_COVERAGE,0.5000,Cleartrip;MMT,2,2,9402.00;9639.00,3,3,OBS02533;OBS02540;OBS02541,0,0,9402.00,9820.00,AirlineSite=9611.00;Goibibo=9458.00,9458.00,9611.00,9534.50,362.00,181.00,237.00,BOM,DEL,2026-09-07,Economy Standard,True,2,True,9520.50,PRICED,2026-09-06 20:15,ANCHOR_TIMESTAMP,INR,DECLARED_PROTOTYPE_CONSTANT,,phase8-v1
CELL::BOM|DEL|2026-09-13|Economy Flexi|T7(5-9)::ROUND::2026-09-05T09:00,BOM,DEL,2026-09-13,Economy Flexi,T7(5-9),ROUND::2026-09-05T09:00,2026-09-05 09:00,ANCHORED,0,10630.00,CONSOLIDATED,True,1,EaseMyTrip,4,SINGLE_SOURCE,0.2500,AirlineSite;Cleartrip;Goibibo;MMT,1,1,10630.00,1,1,OBS00022,0,0,10630.00,10630.00,EaseMyTrip=10630.00,10630.00,10630.00,10630.00,0.00,0.00,0.00,BOM,DEL,2026-09-13,Economy Flexi,True,3,True,10630.00,PRICED,2026-09-05 09:00,ANCHOR_TIMESTAMP,INR,DECLARED_PROTOTYPE_CONSTANT,,phase8-v1
CELL::BOM|DEL|2026-09-13|Economy Flexi|T7(5-9)::ROUND::2026-09-05T20:15,BOM,DEL,2026-09-13,Economy Flexi,T7(5-9),ROUND::2026-09-05T20:15,2026-09-05 20:15,ANCHORED,0,10027.00,CONSOLIDATED,True,1,EaseMyTrip,4,SINGLE_SOURCE,0.2500,AirlineSite;Cleartrip;Goibibo;MMT,1,1,10027.00,1,1,OBS01023,0,0,10027.00,10027.00,EaseMyTrip=10027.00,10027.00,10027.00,10027.00,0.00,0.00,0.00,BOM,DEL,2026-09-13,Economy Flexi,True,3,True,10027.00,PRICED,2026-09-05 20:15,ANCHOR_TIMESTAMP,INR,DECLARED_PROTOTYPE_CONSTANT,,phase8-v1
CELL::BOM|DEL|2026-09-13|Economy Flexi|T7(5-9)::ROUND::2026-09-06T09:00,BOM,DEL,2026-09-13,Economy Flexi,T7(5-9),ROUND::2026-09-06T09:00,2026-09-06 09:00,ANCHORED,0,10785.00,CONSOLIDATED,False,4,AirlineSite;EaseMyTrip;Goibibo;MMT,4,FULL_COVERAGE,1.0000,Cleartrip,2,2,10666.00;10904.00,4,4,OBS01547;OBS01548;OBS01559;OBS01560,0,0,10631.00,11003.00,AirlineSite=10701.00;EaseMyTrip=10805.00;Goibibo=11003.00;MMT=10631.00,10631.00,11003.00,10753.00,198.00,134.00,238.00,BOM,DEL,2026-09-13,Economy Flexi,True,3,True,10785.00,PRICED,2026-09-06 09:00,ANCHOR_TIMESTAMP,INR,DECLARED_PROTOTYPE_CONSTANT,,phase8-v1
CELL::BOM|DEL|2026-09-13|Economy Flexi|T7(5-9)::ROUND::2026-09-06T14:30,BOM,DEL,2026-09-13,Economy Flexi,T7(5-9),ROUND::2026-09-06T14:30,2026-09-06 14:30,ANCHORED,0,10518.50,CONSOLIDATED,False,2,AirlineSite;Goibibo,4,PARTIAL_COVERAGE,0.5000,Cleartrip;MMT,1,1,10518.50,2,2,OBS02062;OBS02063,0,0,10326.00,10711.00,AirlineSite=10711.00;Goibibo=10326.00,10326.00,10711.00,10518.50,385.00,385.00,0.00,BOM,DEL,2026-09-13,Economy Flexi,True,3,True,10518.50,PRICED,2026-09-06 14:30,ANCHOR_TIMESTAMP,INR,DECLARED_PROTOTYPE_CONSTANT,,phase8-v1
CELL::BOM|DEL|2026-09-13|Economy Flexi|T7(5-9)::ROUND::2026-09-06T20:15,BOM,DEL,2026-09-13,Economy Flexi,T7(5-9),ROUND::2026-09-06T20:15,2026-09-06 20:15,ANCHORED,0,10630.50,CONSOLIDATED,False,2,Cleartrip;EaseMyTrip,4,PARTIAL_COVERAGE,0.5000,AirlineSite;Goibibo;MMT,1,1,10630.50,2,2,OBS02542;OBS02543,0,0,10142.00,11119.00,Cleartrip=10142.00;EaseMyTrip=11119.00,10142.00,11119.00,10630.50,977.00,977.00,0.00,BOM,DEL,2026-09-13,Economy Flexi,True,3,True,10630.50,PRICED,2026-09-06 20:15,ANCHOR_TIMESTAMP,INR,DECLARED_PROTOTYPE_CONSTANT,,phase8-v1
CELL::BOM|DEL|2026-09-13|Economy Saver|T7(5-9)::ROUND::2026-09-05T09:00,BOM,DEL,2026-09-13,Economy Saver,T7(5-9),ROUND::2026-09-05T09:00,2026-09-05 09:00,ANCHORED,0,6709.00,CONSOLIDATED,False,2,Cleartrip;EaseMyTrip,4,PARTIAL_COVERAGE,0.5000,AirlineSite;Goibibo;MMT,2,2,6645.00;6773.00,2,2,OBS00003;OBS00023,0,0,6645.00,6773.00,Cleartrip=6645.00;EaseMyTrip=6773.00,6645.00,6773.00,6709.00,0.00,0.00,128.00,BOM,DEL,2026-09-13,Economy Saver,True,1,True,6709.00,PRICED,2026-09-05 09:00,ANCHOR_TIMESTAMP,INR,DECLARED_PROTOTYPE_CONSTANT,,phase8-v1
CELL::BOM|DEL|2026-09-13|Economy Saver|T7(5-9)::ROUND::2026-09-05T14:30,BOM,DEL,2026-09-13,Economy Saver,T7(5-9),ROUND::2026-09-05T14:30,2026-09-05 14:30,ANCHORED,0,6566.00,CONSOLIDATED,True,1,Cleartrip,4,SINGLE_SOURCE,0.2500,AirlineSite;Goibibo;MMT,1,1,6566.00,1,1,OBS00521,0,0,6566.00,6566.00,Cleartrip=6566.00,6566.00,6566.00,6566.00,0.00,0.00,0.00,BOM,DEL,2026-09-13,Economy Saver,True,1,True,6566.00,PRICED,2026-09-05 14:30,ANCHOR_TIMESTAMP,INR,DECLARED_PROTOTYPE_CONSTANT,,phase8-v1
CELL::BOM|DEL|2026-09-13|Economy Saver|T7(5-9)::ROUND::2026-09-05T20:15,BOM,DEL,2026-09-13,Economy Saver,T7(5-9),ROUND::2026-09-05T20:15,2026-09-05 20:15,ANCHORED,0,6699.50,CONSOLIDATED,False,4,AirlineSite;Cleartrip;EaseMyTrip;Goibibo,4,FULL_COVERAGE,1.0000,MMT,3,3,6614.00;6699.50;6869.00,5,5,OBS01015;OBS01024;OBS01025;OBS01034;OBS01035,0,0,6550.00,6869.00,AirlineSite=6801.00;Cleartrip=6550.00;EaseMyTrip=6773.50;Goibibo=6598.00,6550.00,6801.00,6685.75,203.00,128.00,255.00,BOM,DEL,2026-09-13,Economy Saver,True,1,True,6699.50,PRICED,2026-09-05 20:15,ANCHOR_TIMESTAMP,INR,DECLARED_PROTOTYPE_CONSTANT,,phase8-v1
CELL::BOM|DEL|2026-09-13|Economy Saver|T7(5-9)::ROUND::2026-09-06T14:30,BOM,DEL,2026-09-13,Economy Saver,T7(5-9),ROUND::2026-09-06T14:30,2026-09-06 14:30,ANCHORED,0,7030.00,CONSOLIDATED,True,1,EaseMyTrip,4,SINGLE_SOURCE,0.2500,AirlineSite;Cleartrip;Goibibo;MMT,1,1,7030.00,1,1,OBS02041,0,0,7030.00,7030.00,EaseMyTrip=7030.00,7030.00,7030.00,7030.00,0.00,0.00,0.00,BOM,DEL,2026-09-13,Economy Saver,True,1,True,7030.00,PRICED,2026-09-06 14:30,ANCHOR_TIMESTAMP,INR,DECLARED_PROTOTYPE_CONSTANT,,phase8-v1
CELL::BOM|DEL|2026-09-13|Economy Saver|T7(5-9)::ROUND::2026-09-08T09:00,BOM,DEL,2026-09-13,Economy Saver,T7(5-9),ROUND::2026-09-08T09:00,2026-09-08 09:00,ANCHORED,0,7179.00,CONSOLIDATED,True,1,MMT,4,SINGLE_SOURCE,0.2500,AirlineSite;Cleartrip;Goibibo,1,1,7179.00,1,1,OBS02990,0,0,7179.00,7179.00,MMT=7179.00,7179.00,7179.00,7179.00,0.00,0.00,0.00,BOM,DEL,2026-09-13,Economy Saver,True,1,True,7179.00,PRICED,2026-09-08 09:00,ANCHOR_TIMESTAMP,INR,DECLARED_PROTOTYPE_CONSTANT,,phase8-v1
CELL::BOM|DEL|2026-09-13|Economy Standard|T7(5-9)::ROUND::2026-09-05T09:00,BOM,DEL,2026-09-13,Economy Standard,T7(5-9),ROUND::2026-09-05T09:00,2026-09-05 09:00,ANCHORED,0,8256.50,CONSOLIDATED,False,2,Cleartrip;Goibibo,4,PARTIAL_COVERAGE,0.5000,AirlineSite;MMT,1,1,8256.50,2,2,OBS00011;OBS00012,0,0,8237.00,8276.00,Cleartrip=8276.00;Goibibo=8237.00,8237.00,8276.00,8256.50,39.00,39.00,0.00,BOM,DEL,2026-09-13,Economy Standard,True,2,True,8256.50,PRICED,2026-09-05 09:00,ANCHOR_TIMESTAMP,INR,DECLARED_PROTOTYPE_CONSTANT,,phase8-v1
CELL::BOM|DEL|2026-09-13|Economy Standard|T7(5-9)::ROUND::2026-09-05T14:30,BOM,DEL,2026-09-13,Economy Standard,T7(5-9),ROUND::2026-09-05T14:30,2026-09-05 14:30,ANCHORED,0,8238.50,CONSOLIDATED,False,1,EaseMyTrip,4,SINGLE_SOURCE,0.2500,AirlineSite;Cleartrip;Goibibo;MMT,2,2,8237.00;8240.00,2,2,OBS00530;OBS00538,0,0,8237.00,8240.00,EaseMyTrip=8238.50,8238.50,8238.50,8238.50,0.00,0.00,3.00,BOM,DEL,2026-09-13,Economy Standard,True,2,True,8238.50,PRICED,2026-09-05 14:30,ANCHOR_TIMESTAMP,INR,DECLARED_PROTOTYPE_CONSTANT,,phase8-v1
CELL::BOM|DEL|2026-09-13|Economy Standard|T7(5-9)::ROUND::2026-09-06T09:00,BOM,DEL,2026-09-13,Economy Standard,T7(5-9),ROUND::2026-09-06T09:00,2026-09-06 09:00,ANCHORED,0,8704.00,CONSOLIDATED,False,2,AirlineSite;Goibibo,4,PARTIAL_COVERAGE,0.5000,Cleartrip;MMT,2,2,8643.00;8765.00,3,3,OBS01534;OBS01535;OBS01558,0,0,8479.00,9051.00,AirlineSite=8479.00;Goibibo=8847.00,8479.00,8847.00,8663.00,572.00,286.00,122.00,BOM,DEL,2026-09-13,Economy Standard,True,2,True,8704.00,PRICED,2026-09-06 09:00,ANCHOR_TIMESTAMP,INR,DECLARED_PROTOTYPE_CONSTANT,,phase8-v1
CELL::BOM|DEL|2026-09-13|Economy Standard|T7(5-9)::ROUND::2026-09-06T14:30,BOM,DEL,2026-09-13,Economy Standard,T7(5-9),ROUND::2026-09-06T14:30,2026-09-06 14:30,ANCHORED,0,8428.50,CONSOLIDATED,False,2,Cleartrip;MMT,4,PARTIAL_COVERAGE,0.5000,AirlineSite;Goibibo,1,1,8428.50,2,2,OBS02052;OBS02053,0,0,8296.00,8561.00,Cleartrip=8561.00;MMT=8296.00,8296.00,8561.00,8428.50,265.00,265.00,0.00,BOM,DEL,2026-09-13,Economy Standard,True,2,True,8428.50,PRICED,2026-09-06 14:30,ANCHOR_TIMESTAMP,INR,DECLARED_PROTOTYPE_CONSTANT,,phase8-v1
CELL::BOM|DEL|2026-09-13|Economy Standard|T7(5-9)::ROUND::2026-09-06T20:15,BOM,DEL,2026-09-13,Economy Standard,T7(5-9),ROUND::2026-09-06T20:15,2026-09-06 20:15,ANCHORED,0,8497.50,CONSOLIDATED,False,3,AirlineSite;Goibibo;MMT,4,PARTIAL_COVERAGE,0.7500,Cleartrip,3,3,8417.00;8497.50;8737.00,5,5,OBS02534;OBS02535;OBS02544;OBS02545;OBS02560,0,0,8311.00,8737.00,AirlineSite=8311.00;Goibibo=8612.00;MMT=8523.00,8311.00,8612.00,8523.00,229.00,212.00,320.00,BOM,DEL,2026-09-13,Economy Standard,True,2,True,8497.50,PRICED,2026-09-06 20:15,ANCHOR_TIMESTAMP,INR,DECLARED_PROTOTYPE_CONSTANT,,phase8-v1
CELL::BOM|DEL|2026-09-21|Economy Flexi|T15(12-18)::ROUND::2026-09-05T09:00,BOM,DEL,2026-09-21,Economy Flexi,T15(12-18),ROUND::2026-09-05T09:00,2026-09-05 09:00,ANCHORED,0,8939.50,CONSOLIDATED,False,3,EaseMyTrip;Goibibo;MMT,4,PARTIAL_COVERAGE,0.7500,AirlineSite;Cleartrip,3,3,8911.50;8939.50;8969.00,5,5,OBS00004;OBS00005;OBS00013;OBS00024;OBS00025,0,0,8759.00,9120.00,EaseMyTrip=8864.00;Goibibo=8994.00;MMT=8974.50,8864.00,8994.00,8974.50,361.00,165.00,57.50,BOM,DEL,2026-09-21,Economy Flexi,True,3,True,8939.50,PRICED,2026-09-05 09:00,ANCHOR_TIMESTAMP,INR,DECLARED_PROTOTYPE_CONSTANT,,phase8-v1
CELL::BOM|DEL|2026-09-21|Economy Flexi|T15(12-18)::ROUND::2026-09-05T14:30,BOM,DEL,2026-09-21,Economy Flexi,T15(12-18),ROUND::2026-09-05T14:30,2026-09-05 14:30,ANCHORED,0,8567.00,CONSOLIDATED,False,2,Cleartrip;Goibibo,4,PARTIAL_COVERAGE,0.5000,AirlineSite;MMT,1,1,8567.00,2,2,OBS00522;OBS00523,0,0,8487.00,8647.00,Cleartrip=8487.00;Goibibo=8647.00,8487.00,8647.00,8567.00,160.00,160.00,0.00,BOM,DEL,2026-09-21,Economy Flexi,True,3,True,8567.00,PRICED,2026-09-05 14:30,ANCHOR_TIMESTAMP,INR,DECLARED_PROTOTYPE_CONSTANT,,phase8-v1
CELL::BOM|DEL|2026-09-21|Economy Flexi|T15(12-18)::ROUND::2026-09-05T20:15,BOM,DEL,2026-09-21,Economy Flexi,T15(12-18),ROUND::2026-09-05T20:15,2026-09-05 20:15,ANCHORED,0,8750.25,CONSOLIDATED,False,3,AirlineSite;EaseMyTrip;MMT,4,PARTIAL_COVERAGE,0.7500,Cleartrip;Goibibo,2,2,8707.00;8793.50,4,4,OBS01026;OBS01027;OBS01036;OBS01037,0,0,8411.00,9003.00,AirlineSite=8411.00;EaseMyTrip=8800.50;MMT=8989.00,8411.00,8989.00,8800.50,592.00,491.50,86.50,BOM,DEL,2026-09-21,Economy Flexi,True,3,True,8750.25,PRICED,2026-09-05 20:15,ANCHOR_TIMESTAMP,INR,DECLARED_PROTOTYPE_CONSTANT,,phase8-v1
CELL::BOM|DEL|2026-09-21|Economy Flexi|T15(12-18)::ROUND::2026-09-06T09:00,BOM,DEL,2026-09-21,Economy Flexi,T15(12-18),ROUND::2026-09-06T09:00,2026-09-06 09:00,ANCHORED,0,8629.00,CONSOLIDATED,False,2,AirlineSite;MMT,4,PARTIAL_COVERAGE,0.5000,Cleartrip;Goibibo,1,1,8629.00,2,2,OBS01549;OBS01550,0,0,8609.00,8649.00,AirlineSite=8649.00;MMT=8609.00,8609.00,8649.00,8629.00,40.00,40.00,0.00,BOM,DEL,2026-09-21,Economy Flexi,True,3,True,8629.00,PRICED,2026-09-06 09:00,ANCHOR_TIMESTAMP,INR,DECLARED_PROTOTYPE_CONSTANT,,phase8-v1
CELL::BOM|DEL|2026-09-21|Economy Flexi|T15(12-18)::ROUND::2026-09-06T14:30,BOM,DEL,2026-09-21,Economy Flexi,T15(12-18),ROUND::2026-09-06T14:30,2026-09-06 14:30,ANCHORED,0,9239.00,CONSOLIDATED,True,1,MMT,4,SINGLE_SOURCE,0.2500,AirlineSite;Cleartrip;Goibibo,1,1,9239.00,1,1,OBS02064,0,0,9239.00,9239.00,MMT=9239.00,9239.00,9239.00,9239.00,0.00,0.00,0.00,BOM,DEL,2026-09-21,Economy Flexi,True,3,True,9239.00,PRICED,2026-09-06 14:30,ANCHOR_TIMESTAMP,INR,DECLARED_PROTOTYPE_CONSTANT,,phase8-v1
CELL::BOM|DEL|2026-09-21|Economy Flexi|T15(12-18)::ROUND::2026-09-06T20:15,BOM,DEL,2026-09-21,Economy Flexi,T15(12-18),ROUND::2026-09-06T20:15,2026-09-06 20:15,ANCHORED,0,9034.00,CONSOLIDATED,True,1,Cleartrip,4,SINGLE_SOURCE,0.2500,AirlineSite;Goibibo;MMT,1,1,9034.00,1,1,OBS02561,0,0,9034.00,9034.00,Cleartrip=9034.00,9034.00,9034.00,9034.00,0.00,0.00,0.00,BOM,DEL,2026-09-21,Economy Flexi,True,3,True,9034.00,PRICED,2026-09-06 20:15,ANCHOR_TIMESTAMP,INR,DECLARED_PROTOTYPE_CONSTANT,,phase8-v1
CELL::BOM|DEL|2026-09-21|Economy Saver|T15(12-18)::ROUND::2026-09-05T09:00,BOM,DEL,2026-09-21,Economy Saver,T15(12-18),ROUND::2026-09-05T09:00,2026-09-05 09:00,ANCHORED,0,5106.00,CONSOLIDATED,True,1,AirlineSite,4,SINGLE_SOURCE,0.2500,Cleartrip;Goibibo;MMT,2,1,5106.00,2,1,OBS02976,1,0,5106.00,5106.00,AirlineSite=5106.00,5106.00,5106.00,5106.00,0.00,0.00,0.00,BOM,DEL,2026-09-21,Economy Saver,True,1,True,5106.00,PRICED,2026-09-05 09:00,ANCHOR_TIMESTAMP,INR,DECLARED_PROTOTYPE_CONSTANT,,phase8-v1
CELL::BOM|DEL|2026-09-21|Economy Saver|T15(12-18)::ROUND::2026-09-05T14:30,BOM,DEL,2026-09-21,Economy Saver,T15(12-18),ROUND::2026-09-05T14:30,2026-09-05 14:30,ANCHORED,0,5711.50,CONSOLIDATED,False,2,AirlineSite;Goibibo,4,PARTIAL_COVERAGE,0.5000,Cleartrip;MMT,1,1,5711.50,2,2,OBS00539;OBS00540,0,0,5618.00,5805.00,AirlineSite=5618.00;Goibibo=5805.00,5618.00,5805.00,5711.50,187.00,187.00,0.00,BOM,DEL,2026-09-21,Economy Saver,True,1,True,5711.50,PRICED,2026-09-05 14:30,ANCHOR_TIMESTAMP,INR,DECLARED_PROTOTYPE_CONSTANT,,phase8-v1
CELL::BOM|DEL|2026-09-21|Economy Saver|T15(12-18)::ROUND::2026-09-05T20:15,BOM,DEL,2026-09-21,Economy Saver,T15(12-18),ROUND::2026-09-05T20:15,2026-09-05 20:15,ANCHORED,0,5829.00,CONSOLIDATED,True,1,AirlineSite,4,SINGLE_SOURCE,0.2500,Cleartrip;Goibibo;MMT,1,1,5829.00,1,1,OBS01038,0,0,5829.00,5829.00,AirlineSite=5829.00,5829.00,5829.00,5829.00,0.00,0.00,0.00,BOM,DEL,2026-09-21,Economy Saver,True,1,True,5829.00,PRICED,2026-09-05 20:15,ANCHOR_TIMESTAMP,INR,DECLARED_PROTOTYPE_CONSTANT,,phase8-v1
CELL::BOM|DEL|2026-09-21|Economy Saver|T15(12-18)::ROUND::2026-09-06T09:00,BOM,DEL,2026-09-21,Economy Saver,T15(12-18),ROUND::2026-09-06T09:00,2026-09-06 09:00,ANCHORED,0,5799.00,CONSOLIDATED,False,2,AirlineSite;EaseMyTrip,4,PARTIAL_COVERAGE,0.5000,Cleartrip;Goibibo;MMT,1,1,5799.00,2,2,OBS01536;OBS01537,0,0,5759.00,5839.00,AirlineSite=5839.00;EaseMyTrip=5759.00,5759.00,5839.00,5799.00,80.00,80.00,0.00,BOM,DEL,2026-09-21,Economy Saver,True,1,True,5799.00,PRICED,2026-09-06 09:00,ANCHOR_TIMESTAMP,INR,DECLARED_PROTOTYPE_CONSTANT,,phase8-v1
CELL::BOM|DEL|2026-09-21|Economy Saver|T15(12-18)::ROUND::2026-09-06T14:30,BOM,DEL,2026-09-21,Economy Saver,T15(12-18),ROUND::2026-09-06T14:30,2026-09-06 14:30,ANCHORED,0,5640.25,CONSOLIDATED,False,3,AirlineSite;Cleartrip;MMT,4,PARTIAL_COVERAGE,0.7500,Goibibo,2,2,5548.50;5732.00,4,4,OBS02042;OBS02043;OBS02054;OBS02055,0,0,5508.00,5764.00,AirlineSite=5508.00;Cleartrip=5700.00;MMT=5676.50,5508.00,5700.00,5676.50,81.00,72.50,183.50,BOM,DEL,2026-09-21,Economy Saver,True,1,True,5640.25,PRICED,2026-09-06 14:30,ANCHOR_TIMESTAMP,INR,DECLARED_PROTOTYPE_CONSTANT,,phase8-v1
CELL::BOM|DEL|2026-09-21|Economy Saver|T15(12-18)::ROUND::2026-09-06T20:15,BOM,DEL,2026-09-21,Economy Saver,T15(12-18),ROUND::2026-09-06T20:15,2026-09-06 20:15,ANCHORED,0,5785.00,CONSOLIDATED,False,2,Cleartrip;Goibibo,4,PARTIAL_COVERAGE,0.5000,AirlineSite;MMT,1,1,5785.00,2,2,OBS02548;OBS02549,0,0,5690.00,5880.00,Cleartrip=5690.00;Goibibo=5880.00,5690.00,5880.00,5785.00,190.00,190.00,0.00,BOM,DEL,2026-09-21,Economy Saver,True,1,True,5785.00,PRICED,2026-09-06 20:15,ANCHOR_TIMESTAMP,INR,DECLARED_PROTOTYPE_CONSTANT,,phase8-v1
CELL::BOM|DEL|2026-09-21|Economy Standard|T15(12-18)::ROUND::2026-09-05T14:30,BOM,DEL,2026-09-21,Economy Standard,T15(12-18),ROUND::2026-09-05T14:30,2026-09-05 14:30,ANCHORED,0,7119.00,CONSOLIDATED,False,2,Goibibo;MMT,4,PARTIAL_COVERAGE,0.5000,AirlineSite;Cleartrip,1,1,7119.00,2,2,OBS00531;OBS00532,0,0,6989.00,7249.00,Goibibo=7249.00;MMT=6989.00,6989.00,7249.00,7119.00,260.00,260.00,0.00,BOM,DEL,2026-09-21,Economy Standard,True,2,True,7119.00,PRICED,2026-09-05 14:30,ANCHOR_TIMESTAMP,INR,DECLARED_PROTOTYPE_CONSTANT,,phase8-v1
CELL::BOM|DEL|2026-09-21|Economy Standard|T15(12-18)::ROUND::2026-09-05T20:15,BOM,DEL,2026-09-21,Economy Standard,T15(12-18),ROUND::2026-09-05T20:15,2026-09-05 20:15,ANCHORED,0,6939.00,CONSOLIDATED,True,1,MMT,4,SINGLE_SOURCE,0.2500,AirlineSite;Cleartrip;Goibibo,1,1,6939.00,1,1,OBS01016,0,0,6939.00,6939.00,MMT=6939.00,6939.00,6939.00,6939.00,0.00,0.00,0.00,BOM,DEL,2026-09-21,Economy Standard,True,2,True,6939.00,PRICED,2026-09-05 20:15,ANCHOR_TIMESTAMP,INR,DECLARED_PROTOTYPE_CONSTANT,,phase8-v1
CELL::BOM|DEL|2026-09-21|Economy Standard|T15(12-18)::ROUND::2026-09-06T09:00,BOM,DEL,2026-09-21,Economy Standard,T15(12-18),ROUND::2026-09-06T09:00,2026-09-06 09:00,ANCHORED,0,7385.00,CONSOLIDATED,False,2,AirlineSite;Goibibo,4,PARTIAL_COVERAGE,0.5000,Cleartrip;MMT,3,3,7152.00;7385.00;7515.00,5,5,OBS01538;OBS01539;OBS01551;OBS01561;OBS01562,0,0,7152.00,7615.00,AirlineSite=7383.00;Goibibo=7401.00,7383.00,7401.00,7392.00,200.00,4.00,363.00,BOM,DEL,2026-09-21,Economy Standard,True,2,True,7385.00,PRICED,2026-09-06 09:00,ANCHOR_TIMESTAMP,INR,DECLARED_PROTOTYPE_CONSTANT,,phase8-v1
CELL::BOM|DEL|2026-09-21|Economy Standard|T15(12-18)::ROUND::2026-09-06T20:15,BOM,DEL,2026-09-21,Economy Standard,T15(12-18),ROUND::2026-09-06T20:15,2026-09-06 20:15,ANCHORED,0,7372.00,CONSOLIDATED,False,4,AirlineSite;Cleartrip;EaseMyTrip;MMT,4,FULL_COVERAGE,1.0000,Goibibo,2,2,7230.50;7513.50,4,4,OBS02536;OBS02537;OBS02546;OBS02547,0,0,7149.00,7660.00,AirlineSite=7312.00;Cleartrip=7149.00;EaseMyTrip=7660.00;MMT=7367.00,7149.00,7660.00,7339.50,293.00,228.00,283.00,BOM,DEL,2026-09-21,Economy Standard,True,2,True,7372.00,PRICED,2026-09-06 20:15,ANCHOR_TIMESTAMP,INR,DECLARED_PROTOTYPE_CONSTANT,,phase8-v1
CELL::BOM|DEL|2026-10-06|Economy Flexi|T30(25-35)::ROUND::2026-09-05T09:00,BOM,DEL,2026-10-06,Economy Flexi,T30(25-35),ROUND::2026-09-05T09:00,2026-09-05 09:00,ANCHORED,0,8103.00,CONSOLIDATED,False,1,AirlineSite,4,SINGLE_SOURCE,0.2500,Cleartrip;Goibibo;MMT,2,2,7923.00;8283.00,2,2,OBS00007;OBS00015,0,0,7923.00,8283.00,AirlineSite=8103.00,8103.00,8103.00,8103.00,0.00,0.00,360.00,BOM,DEL,2026-10-06,Economy Flexi,True,3,True,8103.00,PRICED,2026-09-05 09:00,ANCHOR_TIMESTAMP,INR,DECLARED_PROTOTYPE_CONSTANT,,phase8-v1
CELL::BOM|DEL|2026-10-06|Economy Flexi|T30(25-35)::ROUND::2026-09-05T14:30,BOM,DEL,2026-10-06,Economy Flexi,T30(25-35),ROUND::2026-09-05T14:30,2026-09-05 14:30,ANCHORED,0,8084.00,CONSOLIDATED,False,4,AirlineSite;Cleartrip;EaseMyTrip;Goibibo,4,FULL_COVERAGE,1.0000,MMT,3,3,7930.00;8084.00;8237.00,4,4,OBS00524;OBS00533;OBS00541;OBS00542,0,0,7930.00,8237.00,AirlineSite=8237.00;Cleartrip=7930.00;EaseMyTrip=7958.00;Goibibo=8210.00,7930.00,8237.00,8084.00,252.00,0.00,307.00,BOM,DEL,2026-10-06,Economy Flexi,True,3,True,8084.00,PRICED,2026-09-05 14:30,ANCHOR_TIMESTAMP,INR,DECLARED_PROTOTYPE_CONSTANT,,phase8-v1
CELL::BOM|DEL|2026-10-06|Economy Flexi|T30(25-35)::ROUND::2026-09-05T20:15,BOM,DEL,2026-10-06,Economy Flexi,T30(25-35),ROUND::2026-09-05T20:15,2026-09-05 20:15,ANCHORED,0,8205.50,CONSOLIDATED,False,2,AirlineSite;Cleartrip,4,PARTIAL_COVERAGE,0.5000,Goibibo;MMT,2,2,8178.00;8233.00,3,3,OBS01017;OBS01040;OBS01041,0,0,8178.00,8284.00,AirlineSite=8182.00;Cleartrip=8231.00,8182.00,8231.00,8206.50,102.00,51.00,55.00,BOM,DEL,2026-10-06,Economy Flexi,True,3,True,8205.50,PRICED,2026-09-05 20:15,ANCHOR_TIMESTAMP,INR,DECLARED_PROTOTYPE_CONSTANT,,phase8-v1
CELL::BOM|DEL|2026-10-06|Economy Flexi|T30(25-35)::ROUND::2026-09-06T09:00,BOM,DEL,2026-10-06,Economy Flexi,T30(25-35),ROUND::2026-09-06T09:00,2026-09-06 09:00,ANCHORED,0,8233.00,CONSOLIDATED,True,1,AirlineSite,4,SINGLE_SOURCE,0.2500,Cleartrip;Goibibo;MMT,1,1,8233.00,1,1,OBS01540,0,0,8233.00,8233.00,AirlineSite=8233.00,8233.00,8233.00,8233.00,0.00,0.00,0.00,BOM,DEL,2026-10-06,Economy Flexi,True,3,True,8233.00,PRICED,2026-09-06 09:00,ANCHOR_TIMESTAMP,INR,DECLARED_PROTOTYPE_CONSTANT,,phase8-v1
CELL::BOM|DEL|2026-10-06|Economy Flexi|T30(25-35)::ROUND::2026-09-06T14:30,BOM,DEL,2026-10-06,Economy Flexi,T30(25-35),ROUND::2026-09-06T14:30,2026-09-06 14:30,ANCHORED,0,7966.00,CONSOLIDATED,True,3,AirlineSite;Goibibo;MMT,4,PARTIAL_COVERAGE,0.7500,Cleartrip,3,3,7764.00;7966.00;8016.50,4,4,OBS02045;OBS02056;OBS02065;OBS02066,0,0,7764.00,8142.00,AirlineSite=7865.00;Goibibo=7891.00;MMT=8142.00,7865.00,8142.00,7891.00,251.00,0.00,252.50,BOM,DEL,2026-10-06,Economy Flexi,True,3,True,7966.00,PRICED,2026-09-06 14:30,ANCHOR_TIMESTAMP,INR,DECLARED_PROTOTYPE_CONSTANT,,phase8-v1
CELL::BOM|DEL|2026-10-06|Economy Saver|T30(25-35)::ROUND::2026-09-05T09:00,BOM,DEL,2026-10-06,Economy Saver,T30(25-35),ROUND::2026-09-05T09:00,2026-09-05 09:00,ANCHORED,0,5076.00,CONSOLIDATED,False,2,AirlineSite;MMT,4,PARTIAL_COVERAGE,0.5000,Cleartrip;Goibibo,1,1,5076.00,2,2,OBS00026;OBS00027,0,0,4917.00,5235.00,AirlineSite=4917.00;MMT=5235.00,4917.00,5235.00,5076.00,318.00,318.00,0.00,BOM,DEL,2026-10-06,Economy Saver,True,1,True,5076.00,PRICED,2026-09-05 09:00,ANCHOR_TIMESTAMP,INR,DECLARED_PROTOTYPE_CONSTANT,,phase8-v1
CELL::BOM|DEL|2026-10-06|Economy Saver|T30(25-35)::ROUND::2026-09-05T20:15,BOM,DEL,2026-10-06,Economy Saver,T30(25-35),ROUND::2026-09-05T20:15,2026-09-05 20:15,ANCHORED,0,5150.00,CONSOLIDATED,True,2,EaseMyTrip;MMT,4,PARTIAL_COVERAGE,0.5000,AirlineSite;Cleartrip;Goibibo,3,3,5078.00;5150.00;5188.00,3,3,OBS01018;OBS01028;OBS01039,0,0,5078.00,5188.00,EaseMyTrip=5133.00;MMT=5150.00,5133.00,5150.00,5141.50,0.00,0.00,110.00,BOM,DEL,2026-10-06,Economy Saver,True,1,True,5150.00,PRICED,2026-09-05 20:15,ANCHOR_TIMESTAMP,INR,DECLARED_PROTOTYPE_CONSTANT,,phase8-v1
CELL::BOM|DEL|2026-10-06|Economy Saver|T30(25-35)::ROUND::2026-09-06T09:00,BOM,DEL,2026-10-06,Economy Saver,T30(25-35),ROUND::2026-09-06T09:00,2026-09-06 09:00,ANCHORED,0,5201.75,CONSOLIDATED,False,2,Goibibo;MMT,4,PARTIAL_COVERAGE,0.5000,AirlineSite;Cleartrip,2,2,5128.50;5275.00,3,3,OBS01541;OBS01563;OBS01564,0,0,5048.00,5275.00,Goibibo=5209.00;MMT=5161.50,5161.50,5209.00,5185.25,161.00,80.50,146.50,BOM,DEL,2026-10-06,Economy Saver,True,1,True,5201.75,PRICED,2026-09-06 09:00,ANCHOR_TIMESTAMP,INR,DECLARED_PROTOTYPE_CONSTANT,,phase8-v1
CELL::BOM|DEL|2026-10-06|Economy Saver|T30(25-35)::ROUND::2026-09-06T14:30,BOM,DEL,2026-10-06,Economy Saver,T30(25-35),ROUND::2026-09-06T14:30,2026-09-06 14:30,ANCHORED,0,5177.00,CONSOLIDATED,True,1,AirlineSite,4,SINGLE_SOURCE,0.2500,Cleartrip;Goibibo;MMT,1,1,5177.00,1,1,OBS02044,0,0,5177.00,5177.00,AirlineSite=5177.00,5177.00,5177.00,5177.00,0.00,0.00,0.00,BOM,DEL,2026-10-06,Economy Saver,True,1,True,5177.00,PRICED,2026-09-06 14:30,ANCHOR_TIMESTAMP,INR,DECLARED_PROTOTYPE_CONSTANT,,phase8-v1
CELL::BOM|DEL|2026-10-06|Economy Saver|T30(25-35)::ROUND::2026-09-06T20:15,BOM,DEL,2026-10-06,Economy Saver,T30(25-35),ROUND::2026-09-06T20:15,2026-09-06 20:15,ANCHORED,0,5120.75,CONSOLIDATED,False,2,AirlineSite;Goibibo,4,PARTIAL_COVERAGE,0.5000,Cleartrip;MMT,2,2,5040.00;5201.50,3,3,OBS02550;OBS02551;OBS02564,0,0,5040.00,5273.00,AirlineSite=5273.00;Goibibo=5085.00,5085.00,5273.00,5179.00,143.00,71.50,161.50,BOM,DEL,2026-10-06,Economy Saver,True,1,True,5120.75,PRICED,2026-09-06 20:15,ANCHOR_TIMESTAMP,INR,DECLARED_PROTOTYPE_CONSTANT,,phase8-v1
CELL::BOM|DEL|2026-10-06|Economy Standard|T30(25-35)::ROUND::2026-09-05T09:00,BOM,DEL,2026-10-06,Economy Standard,T30(25-35),ROUND::2026-09-05T09:00,2026-09-05 09:00,ANCHORED,0,6815.50,CONSOLIDATED,False,2,Cleartrip;MMT,4,PARTIAL_COVERAGE,0.5000,AirlineSite;Goibibo,2,2,6754.00;6877.00,2,2,OBS00006;OBS00014,0,0,6754.00,6877.00,Cleartrip=6754.00;MMT=6877.00,6754.00,6877.00,6815.50,0.00,0.00,123.00,BOM,DEL,2026-10-06,Economy Standard,True,2,True,6815.50,PRICED,2026-09-05 09:00,ANCHOR_TIMESTAMP,INR,DECLARED_PROTOTYPE_CONSTANT,,phase8-v1
CELL::BOM|DEL|2026-10-06|Economy Standard|T30(25-35)::ROUND::2026-09-05T14:30,BOM,DEL,2026-10-06,Economy Standard,T30(25-35),ROUND::2026-09-05T14:30,2026-09-05 14:30,ANCHORED,0,6678.00,CONSOLIDATED,False,2,Cleartrip;MMT,4,PARTIAL_COVERAGE,0.5000,AirlineSite;Goibibo,2,2,6454.00;6902.00,2,2,OBS00534;OBS00543,0,0,6454.00,6902.00,Cleartrip=6902.00;MMT=6454.00,6454.00,6902.00,6678.00,0.00,0.00,448.00,BOM,DEL,2026-10-06,Economy Standard,True,2,True,6678.00,PRICED,2026-09-05 14:30,ANCHOR_TIMESTAMP,INR,DECLARED_PROTOTYPE_CONSTANT,,phase8-v1
CELL::BOM|DEL|2026-10-06|Economy Standard|T30(25-35)::ROUND::2026-09-05T20:15,BOM,DEL,2026-10-06,Economy Standard,T30(25-35),ROUND::2026-09-05T20:15,2026-09-05 20:15,ANCHORED,0,6408.00,CONSOLIDATED,False,2,AirlineSite;EaseMyTrip,4,PARTIAL_COVERAGE,0.5000,Cleartrip;Goibibo;MMT,1,1,6408.00,2,2,OBS01029;OBS01030,0,0,6265.00,6551.00,AirlineSite=6551.00;EaseMyTrip=6265.00,6265.00,6551.00,6408.00,286.00,286.00,0.00,BOM,DEL,2026-10-06,Economy Standard,True,2,True,6408.00,PRICED,2026-09-05 20:15,ANCHOR_TIMESTAMP,INR,DECLARED_PROTOTYPE_CONSTANT,,phase8-v1
CELL::BOM|DEL|2026-10-06|Economy Standard|T30(25-35)::ROUND::2026-09-06T09:00,BOM,DEL,2026-10-06,Economy Standard,T30(25-35),ROUND::2026-09-06T09:00,2026-09-06 09:00,ANCHORED,0,6488.00,CONSOLIDATED,True,1,AirlineSite,4,SINGLE_SOURCE,0.2500,Cleartrip;Goibibo;MMT,1,1,6488.00,1,1,OBS01552,0,0,6488.00,6488.00,AirlineSite=6488.00,6488.00,6488.00,6488.00,0.00,0.00,0.00,BOM,DEL,2026-10-06,Economy Standard,True,2,True,6488.00,PRICED,2026-09-06 09:00,ANCHOR_TIMESTAMP,INR,DECLARED_PROTOTYPE_CONSTANT,,phase8-v1
CELL::BOM|DEL|2026-10-06|Economy Standard|T30(25-35)::ROUND::2026-09-06T20:15,BOM,DEL,2026-10-06,Economy Standard,T30(25-35),ROUND::2026-09-06T20:15,2026-09-06 20:15,ANCHORED,0,6729.00,CONSOLIDATED,True,4,AirlineSite;Cleartrip;EaseMyTrip;Goibibo,4,FULL_COVERAGE,1.0000,MMT,3,3,6660.50;6729.00;6783.00,4,4,OBS02538;OBS02552;OBS02562;OBS02563,0,0,6622.00,6783.00,AirlineSite=6699.00;Cleartrip=6783.00;EaseMyTrip=6622.00;Goibibo=6729.00,6622.00,6783.00,6714.00,77.00,0.00,122.50,BOM,DEL,2026-10-06,Economy Standard,True,2,True,6729.00,PRICED,2026-09-06 20:15,ANCHOR_TIMESTAMP,INR,DECLARED_PROTOTYPE_CONSTANT,,phase8-v1
CELL::BOM|DEL|2026-10-22|Economy Flexi|T45(40-50)::ROUND::2026-09-05T09:00,BOM,DEL,2026-10-22,Economy Flexi,T45(40-50),ROUND::2026-09-05T09:00,2026-09-05 09:00,ANCHORED,0,8074.00,CONSOLIDATED,True,4,AirlineSite;EaseMyTrip;Goibibo;MMT,4,FULL_COVERAGE,1.0000,Cleartrip,3,3,8045.50;8074.00;8097.00,4,4,OBS00008;OBS00018;OBS00029;OBS00030,0,0,7757.00,8334.00,AirlineSite=7757.00;EaseMyTrip=8097.00;Goibibo=8074.00;MMT=8334.00,7757.00,8334.00,8085.50,577.00,0.00,51.50,BOM,DEL,2026-10-22,Economy Flexi,True,3,True,8074.00,PRICED,2026-09-05 09:00,ANCHOR_TIMESTAMP,INR,DECLARED_PROTOTYPE_CONSTANT,,phase8-v1
CELL::BOM|DEL|2026-10-22|Economy Flexi|T45(40-50)::ROUND::2026-09-05T14:30,BOM,DEL,2026-10-22,Economy Flexi,T45(40-50),ROUND::2026-09-05T14:30,2026-09-05 14:30,ANCHORED,0,7732.00,CONSOLIDATED,True,4,Cleartrip;EaseMyTrip;Goibibo;MMT,4,FULL_COVERAGE,1.0000,AirlineSite,3,3,7718.00;7732.00;8051.00,4,4,OBS00525;OBS00535;OBS00544;OBS00545,0,0,7718.00,8097.00,Cleartrip=7718.00;EaseMyTrip=7732.00;Goibibo=8005.00;MMT=8097.00,7718.00,8097.00,7868.50,92.00,0.00,333.00,BOM,DEL,2026-10-22,Economy Flexi,True,3,True,7732.00,PRICED,2026-09-05 14:30,ANCHOR_TIMESTAMP,INR,DECLARED_PROTOTYPE_CONSTANT,,phase8-v1
CELL::BOM|DEL|2026-10-22|Economy Flexi|T45(40-50)::ROUND::2026-09-05T20:15,BOM,DEL,2026-10-22,Economy Flexi,T45(40-50),ROUND::2026-09-05T20:15,2026-09-05 20:15,ANCHORED,0,8311.50,CONSOLIDATED,False,2,Cleartrip;EaseMyTrip,4,PARTIAL_COVERAGE,0.5000,AirlineSite;Goibibo;MMT,1,1,8311.50,2,2,OBS01042;OBS01043,0,0,8189.00,8434.00,Cleartrip=8434.00;EaseMyTrip=8189.00,8189.00,8434.00,8311.50,245.00,245.00,0.00,BOM,DEL,2026-10-22,Economy Flexi,True,3,True,8311.50,PRICED,2026-09-05 20:15,ANCHOR_TIMESTAMP,INR,DECLARED_PROTOTYPE_CONSTANT,,phase8-v1
CELL::BOM|DEL|2026-10-22|Economy Flexi|T45(40-50)::ROUND::2026-09-06T09:00,BOM,DEL,2026-10-22,Economy Flexi,T45(40-50),ROUND::2026-09-06T09:00,2026-09-06 09:00,ANCHORED,0,8219.00,CONSOLIDATED,True,1,Cleartrip,4,SINGLE_SOURCE,0.2500,AirlineSite;Goibibo;MMT,1,1,8219.00,1,1,OBS01565,0,0,8219.00,8219.00,Cleartrip=8219.00,8219.00,8219.00,8219.00,0.00,0.00,0.00,BOM,DEL,2026-10-22,Economy Flexi,True,3,True,8219.00,PRICED,2026-09-06 09:00,ANCHOR_TIMESTAMP,INR,DECLARED_PROTOTYPE_CONSTANT,,phase8-v1
CELL::BOM|DEL|2026-10-22|Economy Flexi|T45(40-50)::ROUND::2026-09-06T14:30,BOM,DEL,2026-10-22,Economy Flexi,T45(40-50),ROUND::2026-09-06T14:30,2026-09-06 14:30,ANCHORED,0,8053.50,CONSOLIDATED,False,4,AirlineSite;EaseMyTrip;Goibibo;MMT,4,FULL_COVERAGE,1.0000,Cleartrip,3,3,7752.50;8053.50;8393.00,6,6,OBS02046;OBS02047;OBS02057;OBS02058;OBS02067;OBS02068,0,0,7633.00,8453.00,AirlineSite=7872.00;EaseMyTrip=7643.50;Goibibo=8434.00;MMT=8402.50,7643.50,8434.00,8137.25,799.00,239.00,640.50,BOM,DEL,2026-10-22,Economy Flexi,True,3,True,8053.50,PRICED,2026-09-06 14:30,ANCHOR_TIMESTAMP,INR,DECLARED_PROTOTYPE_CONSTANT,,phase8-v1
CELL::BOM|DEL|2026-10-22|Economy Flexi|T45(40-50)::ROUND::2026-09-06T20:15,BOM,DEL,2026-10-22,Economy Flexi,T45(40-50),ROUND::2026-09-06T20:15,2026-09-06 20:15,ANCHORED,0,8029.50,CONSOLIDATED,False,2,Cleartrip;Goibibo,4,PARTIAL_COVERAGE,0.5000,AirlineSite;MMT,1,1,8029.50,2,2,OBS02554;OBS02555,0,0,7926.00,8133.00,Cleartrip=8133.00;Goibibo=7926.00,7926.00,8133.00,8029.50,207.00,207.00,0.00,BOM,DEL,2026-10-22,Economy Flexi,True,3,True,8029.50,PRICED,2026-09-06 20:15,ANCHOR_TIMESTAMP,INR,DECLARED_PROTOTYPE_CONSTANT,,phase8-v1
CELL::BOM|DEL|2026-10-22|Economy Saver|T45(40-50)::ROUND::2026-09-05T09:00,BOM,DEL,2026-10-22,Economy Saver,T45(40-50),ROUND::2026-09-05T09:00,2026-09-05 09:00,ANCHORED,0,5184.25,CONSOLIDATED,False,3,EaseMyTrip;Goibibo;MMT,4,PARTIAL_COVERAGE,0.7500,AirlineSite;Cleartrip,2,2,5041.50;5327.00,3,3,OBS00016;OBS00017;OBS00028,0,0,4949.00,5327.00,EaseMyTrip=5327.00;Goibibo=4949.00;MMT=5134.00,4949.00,5327.00,5134.00,185.00,92.50,285.50,BOM,DEL,2026-10-22,Economy Saver,True,1,True,5184.25,PRICED,2026-09-05 09:00,ANCHOR_TIMESTAMP,INR,DECLARED_PROTOTYPE_CONSTANT,,phase8-v1
CELL::BOM|DEL|2026-10-22|Economy Saver|T45(40-50)::ROUND::2026-09-05T20:15,BOM,DEL,2026-10-22,Economy Saver,T45(40-50),ROUND::2026-09-05T20:15,2026-09-05 20:15,ANCHORED,0,5147.00,CONSOLIDATED,False,2,AirlineSite;Goibibo,4,PARTIAL_COVERAGE,0.5000,Cleartrip;MMT,2,2,5098.00;5196.00,3,3,OBS01020;OBS01021;OBS01031,0,0,5084.00,5308.00,AirlineSite=5203.00;Goibibo=5084.00,5084.00,5203.00,5143.50,224.00,112.00,98.00,BOM,DEL,2026-10-22,Economy Saver,True,1,True,5147.00,PRICED,2026-09-05 20:15,ANCHOR_TIMESTAMP,INR,DECLARED_PROTOTYPE_CONSTANT,,phase8-v1
CELL::BOM|DEL|2026-10-22|Economy Saver|T45(40-50)::ROUND::2026-09-06T20:15,BOM,DEL,2026-10-22,Economy Saver,T45(40-50),ROUND::2026-09-06T20:15,2026-09-06 20:15,ANCHORED,0,4925.00,CONSOLIDATED,True,1,EaseMyTrip,4,SINGLE_SOURCE,0.2500,AirlineSite;Cleartrip;Goibibo;MMT,1,1,4925.00,1,1,OBS02553,0,0,4925.00,4925.00,EaseMyTrip=4925.00,4925.00,4925.00,4925.00,0.00,0.00,0.00,BOM,DEL,2026-10-22,Economy Saver,True,1,True,4925.00,PRICED,2026-09-06 20:15,ANCHOR_TIMESTAMP,INR,DECLARED_PROTOTYPE_CONSTANT,,phase8-v1
CELL::BOM|DEL|2026-10-22|Economy Saver|T45(40-50)::ROUND::2026-09-09T14:30,BOM,DEL,2026-10-22,Economy Saver,T45(40-50),ROUND::2026-09-09T14:30,2026-09-09 14:30,ANCHORED,0,4993.00,CONSOLIDATED,True,1,MMT,4,SINGLE_SOURCE,0.2500,AirlineSite;Cleartrip;Goibibo,1,1,4993.00,1,1,OBS02997,0,0,4993.00,4993.00,MMT=4993.00,4993.00,4993.00,4993.00,0.00,0.00,0.00,BOM,DEL,2026-10-22,Economy Saver,True,1,True,4993.00,PRICED,2026-09-09 14:30,ANCHOR_TIMESTAMP,INR,DECLARED_PROTOTYPE_CONSTANT,,phase8-v1
CELL::BOM|DEL|2026-10-22|Economy Standard|T45(40-50)::ROUND::2026-09-05T09:00,BOM,DEL,2026-10-22,Economy Standard,T45(40-50),ROUND::2026-09-05T09:00,2026-09-05 09:00,ANCHORED,0,6504.00,CONSOLIDATED,True,1,EaseMyTrip,4,SINGLE_SOURCE,0.2500,AirlineSite;Cleartrip;Goibibo;MMT,1,1,6504.00,1,1,OBS00009,0,0,6504.00,6504.00,EaseMyTrip=6504.00,6504.00,6504.00,6504.00,0.00,0.00,0.00,BOM,DEL,2026-10-22,Economy Standard,True,2,True,6504.00,PRICED,2026-09-05 09:00,ANCHOR_TIMESTAMP,INR,DECLARED_PROTOTYPE_CONSTANT,,phase8-v1
CELL::BOM|DEL|2026-10-22|Economy Standard|T45(40-50)::ROUND::2026-09-05T20:15,BOM,DEL,2026-10-22,Economy Standard,T45(40-50),ROUND::2026-09-05T20:15,2026-09-05 20:15,ANCHORED,0,6465.00,CONSOLIDATED,True,1,Goibibo,4,SINGLE_SOURCE,0.2500,AirlineSite;Cleartrip;MMT,1,1,6465.00,1,1,OBS01019,0,0,6465.00,6465.00,Goibibo=6465.00,6465.00,6465.00,6465.00,0.00,0.00,0.00,BOM,DEL,2026-10-22,Economy Standard,True,2,True,6465.00,PRICED,2026-09-05 20:15,ANCHOR_TIMESTAMP,INR,DECLARED_PROTOTYPE_CONSTANT,,phase8-v1
CELL::BOM|DEL|2026-10-22|Economy Standard|T45(40-50)::ROUND::2026-09-06T09:00,BOM,DEL,2026-10-22,Economy Standard,T45(40-50),ROUND::2026-09-06T09:00,2026-09-06 09:00,ANCHORED,0,6705.50,CONSOLIDATED,False,4,AirlineSite;Cleartrip;EaseMyTrip;Goibibo,4,FULL_COVERAGE,1.0000,MMT,3,3,6555.50;6705.50;6722.50,6,6,OBS01542;OBS01543;OBS01553;OBS01554;OBS01566;OBS01567,0,0,6343.00,6780.00,AirlineSite=6343.00;Cleartrip=6763.50;EaseMyTrip=6768.00;Goibibo=6664.50,6343.00,6768.00,6714.00,425.00,115.00,167.00,BOM,DEL,2026-10-22,Economy Standard,True,2,True,6705.50,PRICED,2026-09-06 09:00,ANCHOR_TIMESTAMP,INR,DECLARED_PROTOTYPE_CONSTANT,,phase8-v1
CELL::BOM|DEL|2026-10-22|Economy Standard|T45(40-50)::ROUND::2026-09-06T14:30,BOM,DEL,2026-10-22,Economy Standard,T45(40-50),ROUND::2026-09-06T14:30,2026-09-06 14:30,ANCHORED,0,6424.00,CONSOLIDATED,False,2,EaseMyTrip;MMT,4,PARTIAL_COVERAGE,0.5000,AirlineSite;Cleartrip;Goibibo,1,1,6424.00,2,2,OBS02048;OBS02049,0,0,6376.00,6472.00,EaseMyTrip=6376.00;MMT=6472.00,6376.00,6472.00,6424.00,96.00,96.00,0.00,BOM,DEL,2026-10-22,Economy Standard,True,2,True,6424.00,PRICED,2026-09-06 14:30,ANCHOR_TIMESTAMP,INR,DECLARED_PROTOTYPE_CONSTANT,,phase8-v1
CELL::BOM|DEL|2026-10-22|Economy Standard|T45(40-50)::ROUND::2026-09-06T20:15,BOM,DEL,2026-10-22,Economy Standard,T45(40-50),ROUND::2026-09-06T20:15,2026-09-06 20:15,ANCHORED,0,6454.50,CONSOLIDATED,False,3,Cleartrip;EaseMyTrip;Goibibo,4,PARTIAL_COVERAGE,0.7500,AirlineSite;MMT,2,2,6289.00;6620.00,3,3,OBS02539;OBS02565;OBS02566,0,0,6279.00,6620.00,Cleartrip=6279.00;EaseMyTrip=6620.00;Goibibo=6299.00,6279.00,6620.00,6299.00,20.00,10.00,331.00,BOM,DEL,2026-10-22,Economy Standard,True,2,True,6454.50,PRICED,2026-09-06 20:15,ANCHOR_TIMESTAMP,INR,DECLARED_PROTOTYPE_CONSTANT,,phase8-v1
CELL::BOM|HYD|2026-09-07|Economy Flexi|T1(0-2)::ROUND::2026-09-05T09:00,BOM,HYD,2026-09-07,Economy Flexi,T1(0-2),ROUND::2026-09-05T09:00,2026-09-05 09:00,ANCHORED,0,11622.00,CONSOLIDATED,True,1,Cleartrip,4,SINGLE_SOURCE,0.2500,AirlineSite;Goibibo;MMT,1,1,11622.00,1,1,OBS00283,0,0,11622.00,11622.00,Cleartrip=11622.00,11622.00,11622.00,11622.00,0.00,0.00,0.00,BOM,HYD,2026-09-07,Economy Flexi,True,3,True,11622.00,PRICED,2026-09-05 09:00,ANCHOR_TIMESTAMP,INR,DECLARED_PROTOTYPE_CONSTANT,,phase8-v1
CELL::BOM|HYD|2026-09-07|Economy Flexi|T1(0-2)::ROUND::2026-09-05T14:30,BOM,HYD,2026-09-07,Economy Flexi,T1(0-2),ROUND::2026-09-05T14:30,2026-09-05 14:30,ANCHORED,0,11662.50,CONSOLIDATED,False,3,AirlineSite;Cleartrip;EaseMyTrip,4,PARTIAL_COVERAGE,0.7500,Goibibo;MMT,3,3,11507.00;11662.50;11918.50,6,6,OBS00772;OBS00773;OBS00786;OBS00787;OBS00796;OBS00797,0,0,11449.00,11944.00,AirlineSite=11565.00;Cleartrip=11679.50;EaseMyTrip=11859.00,11565.00,11859.00,11679.50,393.00,116.00,411.50,BOM,HYD,2026-09-07,Economy Flexi,True,3,True,11662.50,PRICED,2026-09-05 14:30,ANCHOR_TIMESTAMP,INR,DECLARED_PROTOTYPE_CONSTANT,,phase8-v1
CELL::BOM|HYD|2026-09-07|Economy Flexi|T1(0-2)::ROUND::2026-09-05T20:15,BOM,HYD,2026-09-07,Economy Flexi,T1(0-2),ROUND::2026-09-05T20:15,2026-09-05 20:15,ANCHORED,0,11086.50,CONSOLIDATED,False,2,Goibibo;MMT,4,PARTIAL_COVERAGE,0.5000,AirlineSite;Cleartrip,1,1,11086.50,2,2,OBS01289;OBS01290,0,0,11052.00,11121.00,Goibibo=11121.00;MMT=11052.00,11052.00,11121.00,11086.50,69.00,69.00,0.00,BOM,HYD,2026-09-07,Economy Flexi,True,3,True,11086.50,PRICED,2026-09-05 20:15,ANCHOR_TIMESTAMP,INR,DECLARED_PROTOTYPE_CONSTANT,,phase8-v1
CELL::BOM|HYD|2026-09-07|Economy Flexi|T1(0-2)::ROUND::2026-09-06T09:00,BOM,HYD,2026-09-07,Economy Flexi,T1(0-2),ROUND::2026-09-06T09:00,2026-09-06 09:00,ANCHORED,0,11476.50,CONSOLIDATED,False,2,EaseMyTrip;MMT,4,PARTIAL_COVERAGE,0.5000,AirlineSite;Cleartrip;Goibibo,1,1,11476.50,2,2,OBS01835;OBS01836,0,0,11375.00,11578.00,EaseMyTrip=11375.00;MMT=11578.00,11375.00,11578.00,11476.50,203.00,203.00,0.00,BOM,HYD,2026-09-07,Economy Flexi,True,3,True,11476.50,PRICED,2026-09-06 09:00,ANCHOR_TIMESTAMP,INR,DECLARED_PROTOTYPE_CONSTANT,,phase8-v1
CELL::BOM|HYD|2026-09-07|Economy Flexi|T1(0-2)::ROUND::2026-09-06T20:15,BOM,HYD,2026-09-07,Economy Flexi,T1(0-2),ROUND::2026-09-06T20:15,2026-09-06 20:15,ANCHORED,0,11336.00,CONSOLIDATED,False,2,AirlineSite;EaseMyTrip,4,PARTIAL_COVERAGE,0.5000,Cleartrip;Goibibo;MMT,2,2,11246.00;11426.00,3,3,OBS02815;OBS02836;OBS02837,0,0,11232.00,11620.00,AirlineSite=11232.00;EaseMyTrip=11433.00,11232.00,11433.00,11332.50,388.00,194.00,180.00,BOM,HYD,2026-09-07,Economy Flexi,True,3,True,11336.00,PRICED,2026-09-06 20:15,ANCHOR_TIMESTAMP,INR,DECLARED_PROTOTYPE_CONSTANT,,phase8-v1
CELL::BOM|HYD|2026-09-07|Economy Saver|T1(0-2)::ROUND::2026-09-05T09:00,BOM,HYD,2026-09-07,Economy Saver,T1(0-2),ROUND::2026-09-05T09:00,2026-09-05 09:00,ANCHORED,0,7469.50,CONSOLIDATED,False,2,AirlineSite;EaseMyTrip,4,PARTIAL_COVERAGE,0.5000,Cleartrip;Goibibo;MMT,1,1,7469.50,2,2,OBS00274;OBS00275,0,0,7422.00,7517.00,AirlineSite=7517.00;EaseMyTrip=7422.00,7422.00,7517.00,7469.50,95.00,95.00,0.00,BOM,HYD,2026-09-07,Economy Saver,True,1,True,7469.50,PRICED,2026-09-05 09:00,ANCHOR_TIMESTAMP,INR,DECLARED_PROTOTYPE_CONSTANT,,phase8-v1
CELL::BOM|HYD|2026-09-07|Economy Saver|T1(0-2)::ROUND::2026-09-05T14:30,BOM,HYD,2026-09-07,Economy Saver,T1(0-2),ROUND::2026-09-05T14:30,2026-09-05 14:30,ANCHORED,0,7372.50,CONSOLIDATED,False,3,AirlineSite;Cleartrip;Goibibo,4,PARTIAL_COVERAGE,0.7500,MMT,2,2,7076.00;7669.00,3,3,OBS00771;OBS00798;OBS00799,0,0,7051.00,7669.00,AirlineSite=7669.00;Cleartrip=7101.00;Goibibo=7051.00,7051.00,7669.00,7101.00,50.00,25.00,593.00,BOM,HYD,2026-09-07,Economy Saver,True,1,True,7372.50,PRICED,2026-09-05 14:30,ANCHOR_TIMESTAMP,INR,DECLARED_PROTOTYPE_CONSTANT,,phase8-v1
CELL::BOM|HYD|2026-09-07|Economy Saver|T1(0-2)::ROUND::2026-09-06T09:00,BOM,HYD,2026-09-07,Economy Saver,T1(0-2),ROUND::2026-09-06T09:00,2026-09-06 09:00,ANCHORED,0,7389.00,CONSOLIDATED,True,1,MMT,4,SINGLE_SOURCE,0.2500,AirlineSite;Cleartrip;Goibibo,1,1,7389.00,1,1,OBS01826,0,0,7389.00,7389.00,MMT=7389.00,7389.00,7389.00,7389.00,0.00,0.00,0.00,BOM,HYD,2026-09-07,Economy Saver,True,1,True,7389.00,PRICED,2026-09-06 09:00,ANCHOR_TIMESTAMP,INR,DECLARED_PROTOTYPE_CONSTANT,,phase8-v1
CELL::BOM|HYD|2026-09-07|Economy Saver|T1(0-2)::ROUND::2026-09-06T14:30,BOM,HYD,2026-09-07,Economy Saver,T1(0-2),ROUND::2026-09-06T14:30,2026-09-06 14:30,ANCHORED,0,7690.50,CONSOLIDATED,False,2,AirlineSite;Cleartrip,4,PARTIAL_COVERAGE,0.5000,Goibibo;MMT,1,1,7690.50,2,2,OBS02333;OBS02334,0,0,7433.00,7948.00,AirlineSite=7433.00;Cleartrip=7948.00,7433.00,7948.00,7690.50,515.00,515.00,0.00,BOM,HYD,2026-09-07,Economy Saver,True,1,True,7690.50,PRICED,2026-09-06 14:30,ANCHOR_TIMESTAMP,INR,DECLARED_PROTOTYPE_CONSTANT,,phase8-v1
CELL::BOM|HYD|2026-09-07|Economy Saver|T1(0-2)::ROUND::2026-09-06T20:15,BOM,HYD,2026-09-07,Economy Saver,T1(0-2),ROUND::2026-09-06T20:15,2026-09-06 20:15,ANCHORED,0,7404.75,CONSOLIDATED,False,3,AirlineSite;Cleartrip;Goibibo,4,PARTIAL_COVERAGE,0.7500,MMT,2,2,7335.00;7474.50,3,3,OBS02813;OBS02814;OBS02826,0,0,7335.00,7501.00,AirlineSite=7448.00;Cleartrip=7501.00;Goibibo=7335.00,7335.00,7501.00,7448.00,53.00,26.50,139.50,BOM,HYD,2026-09-07,Economy Saver,True,1,True,7404.75,PRICED,2026-09-06 20:15,ANCHOR_TIMESTAMP,INR,DECLARED_PROTOTYPE_CONSTANT,,phase8-v1
CELL::BOM|HYD|2026-09-07|Economy Standard|T1(0-2)::ROUND::2026-09-05T09:00,BOM,HYD,2026-09-07,Economy Standard,T1(0-2),ROUND::2026-09-05T09:00,2026-09-05 09:00,ANCHORED,0,9504.50,CONSOLIDATED,False,3,EaseMyTrip;Goibibo;MMT,4,PARTIAL_COVERAGE,0.7500,AirlineSite;Cleartrip,2,2,9410.00;9599.00,3,3,OBS00273;OBS00290;OBS00291,0,0,9206.00,9614.00,EaseMyTrip=9599.00;Goibibo=9206.00;MMT=9614.00,9206.00,9614.00,9599.00,408.00,204.00,189.00,BOM,HYD,2026-09-07,Economy Standard,True,2,True,9504.50,PRICED,2026-09-05 09:00,ANCHOR_TIMESTAMP,INR,DECLARED_PROTOTYPE_CONSTANT,,phase8-v1
CELL::BOM|HYD|2026-09-07|Economy Standard|T1(0-2)::ROUND::2026-09-05T20:15,BOM,HYD,2026-09-07,Economy Standard,T1(0-2),ROUND::2026-09-05T20:15,2026-09-05 20:15,ANCHORED,0,9887.00,CONSOLIDATED,False,3,AirlineSite;Goibibo;MMT,4,PARTIAL_COVERAGE,0.7500,Cleartrip,2,2,9788.00;9986.00,3,3,OBS01299;OBS01300;OBS01309,0,0,9684.00,9986.00,AirlineSite=9986.00;Goibibo=9892.00;MMT=9684.00,9684.00,9986.00,9892.00,208.00,104.00,198.00,BOM,HYD,2026-09-07,Economy Standard,True,2,True,9887.00,PRICED,2026-09-05 20:15,ANCHOR_TIMESTAMP,INR,DECLARED_PROTOTYPE_CONSTANT,,phase8-v1
CELL::BOM|HYD|2026-09-07|Economy Standard|T1(0-2)::ROUND::2026-09-06T09:00,BOM,HYD,2026-09-07,Economy Standard,T1(0-2),ROUND::2026-09-06T09:00,2026-09-06 09:00,ANCHORED,0,9581.00,CONSOLIDATED,False,3,AirlineSite;Cleartrip;Goibibo,4,PARTIAL_COVERAGE,0.7500,MMT,3,3,9455.00;9581.00;9676.00,4,4,OBS01812;OBS01813;OBS01827;OBS01837,0,0,9455.00,9676.00,AirlineSite=9517.00;Cleartrip=9550.00;Goibibo=9676.00,9517.00,9676.00,9550.00,128.00,0.00,221.00,BOM,HYD,2026-09-07,Economy Standard,True,2,True,9581.00,PRICED,2026-09-06 09:00,ANCHOR_TIMESTAMP,INR,DECLARED_PROTOTYPE_CONSTANT,,phase8-v1
CELL::BOM|HYD|2026-09-07|Economy Standard|T1(0-2)::ROUND::2026-09-06T14:30,BOM,HYD,2026-09-07,Economy Standard,T1(0-2),ROUND::2026-09-06T14:30,2026-09-06 14:30,ANCHORED,0,10024.00,CONSOLIDATED,False,3,AirlineSite;EaseMyTrip;MMT,4,PARTIAL_COVERAGE,0.7500,Cleartrip;Goibibo,2,2,9926.00;10122.00,3,3,OBS02312;OBS02313;OBS02321,0,0,9772.00,10122.00,AirlineSite=10122.00;EaseMyTrip=10080.00;MMT=9772.00,9772.00,10122.00,10080.00,308.00,154.00,196.00,BOM,HYD,2026-09-07,Economy Standard,True,2,True,10024.00,PRICED,2026-09-06 14:30,ANCHOR_TIMESTAMP,INR,DECLARED_PROTOTYPE_CONSTANT,,phase8-v1
CELL::BOM|HYD|2026-09-07|Economy Standard|T1(0-2)::ROUND::2026-09-06T20:15,BOM,HYD,2026-09-07,Economy Standard,T1(0-2),ROUND::2026-09-06T20:15,2026-09-06 20:15,ANCHORED,0,9375.00,CONSOLIDATED,True,1,Cleartrip,4,SINGLE_SOURCE,0.2500,AirlineSite;Goibibo;MMT,1,1,9375.00,1,1,OBS02825,0,0,9375.00,9375.00,Cleartrip=9375.00,9375.00,9375.00,9375.00,0.00,0.00,0.00,BOM,HYD,2026-09-07,Economy Standard,True,2,True,9375.00,PRICED,2026-09-06 20:15,ANCHOR_TIMESTAMP,INR,DECLARED_PROTOTYPE_CONSTANT,,phase8-v1
CELL::BOM|HYD|2026-09-13|Economy Flexi|T7(5-9)::ROUND::2026-09-05T09:00,BOM,HYD,2026-09-13,Economy Flexi,T7(5-9),ROUND::2026-09-05T09:00,2026-09-05 09:00,ANCHORED,0,10154.50,CONSOLIDATED,False,1,Goibibo,4,SINGLE_SOURCE,0.2500,AirlineSite;Cleartrip;MMT,2,2,9975.00;10334.00,2,2,OBS00276;OBS00284,0,0,9975.00,10334.00,Goibibo=10154.50,10154.50,10154.50,10154.50,0.00,0.00,359.00,BOM,HYD,2026-09-13,Economy Flexi,True,3,True,10154.50,PRICED,2026-09-05 09:00,ANCHOR_TIMESTAMP,INR,DECLARED_PROTOTYPE_CONSTANT,,phase8-v1
CELL::BOM|HYD|2026-09-13|Economy Flexi|T7(5-9)::ROUND::2026-09-05T14:30,BOM,HYD,2026-09-13,Economy Flexi,T7(5-9),ROUND::2026-09-05T14:30,2026-09-05 14:30,ANCHORED,0,10491.00,CONSOLIDATED,True,2,AirlineSite;Cleartrip,4,PARTIAL_COVERAGE,0.5000,Goibibo;MMT,3,3,10262.00;10491.00;10807.00,3,3,OBS00776;OBS00788;OBS00800,0,0,10262.00,10807.00,AirlineSite=10649.00;Cleartrip=10262.00,10262.00,10649.00,10455.50,0.00,0.00,545.00,BOM,HYD,2026-09-13,Economy Flexi,True,3,True,10491.00,PRICED,2026-09-05 14:30,ANCHOR_TIMESTAMP,INR,DECLARED_PROTOTYPE_CONSTANT,,phase8-v1
CELL::BOM|HYD|2026-09-13|Economy Flexi|T7(5-9)::ROUND::2026-09-05T20:15,BOM,HYD,2026-09-13,Economy Flexi,T7(5-9),ROUND::2026-09-05T20:15,2026-09-05 20:15,ANCHORED,0,10713.00,CONSOLIDATED,False,2,Goibibo;MMT,4,PARTIAL_COVERAGE,0.5000,AirlineSite;Cleartrip,1,1,10713.00,2,2,OBS01302;OBS01303,0,0,10609.00,10817.00,Goibibo=10609.00;MMT=10817.00,10609.00,10817.00,10713.00,208.00,208.00,0.00,BOM,HYD,2026-09-13,Economy Flexi,True,3,True,10713.00,PRICED,2026-09-05 20:15,ANCHOR_TIMESTAMP,INR,DECLARED_PROTOTYPE_CONSTANT,,phase8-v1
CELL::BOM|HYD|2026-09-13|Economy Flexi|T7(5-9)::ROUND::2026-09-06T14:30,BOM,HYD,2026-09-13,Economy Flexi,T7(5-9),ROUND::2026-09-06T14:30,2026-09-06 14:30,ANCHORED,0,10667.00,CONSOLIDATED,False,2,AirlineSite;Cleartrip,4,PARTIAL_COVERAGE,0.5000,Goibibo;MMT,2,2,10365.00;10969.00,2,2,OBS02314;OBS02324,0,0,10365.00,10969.00,AirlineSite=10365.00;Cleartrip=10969.00,10365.00,10969.00,10667.00,0.00,0.00,604.00,BOM,HYD,2026-09-13,Economy Flexi,True,3,True,10667.00,PRICED,2026-09-06 14:30,ANCHOR_TIMESTAMP,INR,DECLARED_PROTOTYPE_CONSTANT,,phase8-v1
CELL::BOM|HYD|2026-09-13|Economy Flexi|T7(5-9)::ROUND::2026-09-06T20:15,BOM,HYD,2026-09-13,Economy Flexi,T7(5-9),ROUND::2026-09-06T20:15,2026-09-06 20:15,ANCHORED,0,10738.50,CONSOLIDATED,False,2,EaseMyTrip;MMT,4,PARTIAL_COVERAGE,0.5000,AirlineSite;Cleartrip;Goibibo,1,1,10738.50,2,2,OBS02838;OBS02839,0,0,10531.00,10946.00,EaseMyTrip=10531.00;MMT=10946.00,10531.00,10946.00,10738.50,415.00,415.00,0.00,BOM,HYD,2026-09-13,Economy Flexi,True,3,True,10738.50,PRICED,2026-09-06 20:15,ANCHOR_TIMESTAMP,INR,DECLARED_PROTOTYPE_CONSTANT,,phase8-v1
CELL::BOM|HYD|2026-09-13|Economy Saver|T7(5-9)::ROUND::2026-09-05T09:00,BOM,HYD,2026-09-13,Economy Saver,T7(5-9),ROUND::2026-09-05T09:00,2026-09-05 09:00,ANCHORED,0,6767.50,CONSOLIDATED,False,2,EaseMyTrip;MMT,4,PARTIAL_COVERAGE,0.5000,AirlineSite;Cleartrip;Goibibo,2,2,6701.00;6834.00,3,3,OBS00277;OBS00294;OBS00295,0,0,6701.00,6847.00,EaseMyTrip=6774.00;MMT=6821.00,6774.00,6821.00,6797.50,26.00,13.00,133.00,BOM,HYD,2026-09-13,Economy Saver,True,1,True,6767.50,PRICED,2026-09-05 09:00,ANCHOR_TIMESTAMP,INR,DECLARED_PROTOTYPE_CONSTANT,,phase8-v1
CELL::BOM|HYD|2026-09-13|Economy Saver|T7(5-9)::ROUND::2026-09-05T20:15,BOM,HYD,2026-09-13,Economy Saver,T7(5-9),ROUND::2026-09-05T20:15,2026-09-05 20:15,ANCHORED,0,6530.00,CONSOLIDATED,False,2,Cleartrip;Goibibo,4,PARTIAL_COVERAGE,0.5000,AirlineSite;MMT,2,2,6453.00;6607.00,3,3,OBS01291;OBS01292;OBS01301,0,0,6313.00,6901.00,Cleartrip=6383.00;Goibibo=6901.00,6383.00,6901.00,6642.00,588.00,294.00,154.00,BOM,HYD,2026-09-13,Economy Saver,True,1,True,6530.00,PRICED,2026-09-05 20:15,ANCHOR_TIMESTAMP,INR,DECLARED_PROTOTYPE_CONSTANT,,phase8-v1
CELL::BOM|HYD|2026-09-13|Economy Saver|T7(5-9)::ROUND::2026-09-06T09:00,BOM,HYD,2026-09-13,Economy Saver,T7(5-9),ROUND::2026-09-06T09:00,2026-09-06 09:00,ANCHORED,0,6907.00,CONSOLIDATED,True,3,AirlineSite;Goibibo;MMT,4,PARTIAL_COVERAGE,0.7500,Cleartrip,3,3,6684.00;6907.00;6956.00,3,3,OBS01814;OBS01828;OBS01838,0,0,6684.00,6956.00,AirlineSite=6907.00;Goibibo=6684.00;MMT=6956.00,6684.00,6956.00,6907.00,0.00,0.00,272.00,BOM,HYD,2026-09-13,Economy Saver,True,1,True,6907.00,PRICED,2026-09-06 09:00,ANCHOR_TIMESTAMP,INR,DECLARED_PROTOTYPE_CONSTANT,,phase8-v1
CELL::BOM|HYD|2026-09-13|Economy Saver|T7(5-9)::ROUND::2026-09-06T14:30,BOM,HYD,2026-09-13,Economy Saver,T7(5-9),ROUND::2026-09-06T14:30,2026-09-06 14:30,ANCHORED,0,6687.00,CONSOLIDATED,False,3,AirlineSite;Cleartrip;EaseMyTrip,4,PARTIAL_COVERAGE,0.7500,Goibibo;MMT,2,2,6634.00;6740.00,4,4,OBS02322;OBS02323;OBS02335;OBS02336,0,0,6462.00,7018.00,AirlineSite=6666.00;Cleartrip=6810.00;EaseMyTrip=6462.00,6462.00,6810.00,6666.00,556.00,310.00,106.00,BOM,HYD,2026-09-13,Economy Saver,True,1,True,6687.00,PRICED,2026-09-06 14:30,ANCHOR_TIMESTAMP,INR,DECLARED_PROTOTYPE_CONSTANT,,phase8-v1
CELL::BOM|HYD|2026-09-13|Economy Saver|T7(5-9)::ROUND::2026-09-06T20:15,BOM,HYD,2026-09-13,Economy Saver,T7(5-9),ROUND::2026-09-06T20:15,2026-09-06 20:15,ANCHORED,0,6462.00,CONSOLIDATED,True,1,EaseMyTrip,4,SINGLE_SOURCE,0.2500,AirlineSite;Cleartrip;Goibibo;MMT,1,1,6462.00,1,1,OBS02816,0,0,6462.00,6462.00,EaseMyTrip=6462.00,6462.00,6462.00,6462.00,0.00,0.00,0.00,BOM,HYD,2026-09-13,Economy Saver,True,1,True,6462.00,PRICED,2026-09-06 20:15,ANCHOR_TIMESTAMP,INR,DECLARED_PROTOTYPE_CONSTANT,,phase8-v1
CELL::BOM|HYD|2026-09-13|Economy Standard|T7(5-9)::ROUND::2026-09-05T09:00,BOM,HYD,2026-09-13,Economy Standard,T7(5-9),ROUND::2026-09-05T09:00,2026-09-05 09:00,ANCHORED,0,8640.00,CONSOLIDATED,False,2,EaseMyTrip;Goibibo,4,PARTIAL_COVERAGE,0.5000,AirlineSite;Cleartrip;MMT,1,1,8640.00,2,2,OBS00292;OBS00293,0,0,8484.00,8796.00,EaseMyTrip=8484.00;Goibibo=8796.00,8484.00,8796.00,8640.00,312.00,312.00,0.00,BOM,HYD,2026-09-13,Economy Standard,True,2,True,8640.00,PRICED,2026-09-05 09:00,ANCHOR_TIMESTAMP,INR,DECLARED_PROTOTYPE_CONSTANT,,phase8-v1
CELL::BOM|HYD|2026-09-13|Economy Standard|T7(5-9)::ROUND::2026-09-05T14:30,BOM,HYD,2026-09-13,Economy Standard,T7(5-9),ROUND::2026-09-05T14:30,2026-09-05 14:30,ANCHORED,0,8330.00,CONSOLIDATED,False,3,AirlineSite;EaseMyTrip;Goibibo,4,PARTIAL_COVERAGE,0.7500,Cleartrip;MMT,2,2,8241.00;8419.00,3,3,OBS00774;OBS00775;OBS00801,0,0,8080.00,8758.00,AirlineSite=8758.00;EaseMyTrip=8080.00;Goibibo=8241.00,8080.00,8758.00,8241.00,678.00,339.00,178.00,BOM,HYD,2026-09-13,Economy Standard,True,2,True,8330.00,PRICED,2026-09-05 14:30,ANCHOR_TIMESTAMP,INR,DECLARED_PROTOTYPE_CONSTANT,,phase8-v1
CELL::BOM|HYD|2026-09-13|Economy Standard|T7(5-9)::ROUND::2026-09-05T20:15,BOM,HYD,2026-09-13,Economy Standard,T7(5-9),ROUND::2026-09-05T20:15,2026-09-05 20:15,ANCHORED,0,8369.25,CONSOLIDATED,False,2,AirlineSite;Goibibo,4,PARTIAL_COVERAGE,0.5000,Cleartrip;MMT,2,2,8284.50;8454.00,3,3,OBS01293;OBS01310;OBS01311,0,0,8122.00,8454.00,AirlineSite=8288.00;Goibibo=8447.00,8288.00,8447.00,8367.50,325.00,162.50,169.50,BOM,HYD,2026-09-13,Economy Standard,True,2,True,8369.25,PRICED,2026-09-05 20:15,ANCHOR_TIMESTAMP,INR,DECLARED_PROTOTYPE_CONSTANT,,phase8-v1
CELL::BOM|HYD|2026-09-13|Economy Standard|T7(5-9)::ROUND::2026-09-06T09:00,BOM,HYD,2026-09-13,Economy Standard,T7(5-9),ROUND::2026-09-06T09:00,2026-09-06 09:00,ANCHORED,0,8597.50,CONSOLIDATED,False,2,EaseMyTrip;MMT,4,PARTIAL_COVERAGE,0.5000,AirlineSite;Cleartrip;Goibibo,1,1,8597.50,2,2,OBS01815;OBS01816,0,0,8503.00,8692.00,EaseMyTrip=8692.00;MMT=8503.00,8503.00,8692.00,8597.50,189.00,189.00,0.00,BOM,HYD,2026-09-13,Economy Standard,True,2,True,8597.50,PRICED,2026-09-06 09:00,ANCHOR_TIMESTAMP,INR,DECLARED_PROTOTYPE_CONSTANT,,phase8-v1
CELL::BOM|HYD|2026-09-13|Economy Standard|T7(5-9)::ROUND::2026-09-06T14:30,BOM,HYD,2026-09-13,Economy Standard,T7(5-9),ROUND::2026-09-06T14:30,2026-09-06 14:30,ANCHORED,0,8618.50,CONSOLIDATED,False,2,Cleartrip;MMT,4,PARTIAL_COVERAGE,0.5000,AirlineSite;Goibibo,1,1,8618.50,2,2,OBS02337;OBS02338,0,0,8580.00,8657.00,Cleartrip=8580.00;MMT=8657.00,8580.00,8657.00,8618.50,77.00,77.00,0.00,BOM,HYD,2026-09-13,Economy Standard,True,2,True,8618.50,PRICED,2026-09-06 14:30,ANCHOR_TIMESTAMP,INR,DECLARED_PROTOTYPE_CONSTANT,,phase8-v1
CELL::BOM|HYD|2026-09-13|Economy Standard|T7(5-9)::ROUND::2026-09-06T20:15,BOM,HYD,2026-09-13,Economy Standard,T7(5-9),ROUND::2026-09-06T20:15,2026-09-06 20:15,ANCHORED,0,8990.00,CONSOLIDATED,True,1,Goibibo,4,SINGLE_SOURCE,0.2500,AirlineSite;Cleartrip;MMT,1,1,8990.00,1,1,OBS02827,0,0,8990.00,8990.00,Goibibo=8990.00,8990.00,8990.00,8990.00,0.00,0.00,0.00,BOM,HYD,2026-09-13,Economy Standard,True,2,True,8990.00,PRICED,2026-09-06 20:15,ANCHOR_TIMESTAMP,INR,DECLARED_PROTOTYPE_CONSTANT,,phase8-v1
CELL::BOM|HYD|2026-09-21|Economy Flexi|T15(12-18)::ROUND::2026-09-05T09:00,BOM,HYD,2026-09-21,Economy Flexi,T15(12-18),ROUND::2026-09-05T09:00,2026-09-05 09:00,ANCHORED,0,8696.00,CONSOLIDATED,False,2,Goibibo;MMT,4,PARTIAL_COVERAGE,0.5000,AirlineSite;Cleartrip,1,1,8696.00,2,2,OBS00278;OBS00279,0,0,8686.00,8706.00,Goibibo=8686.00;MMT=8706.00,8686.00,8706.00,8696.00,20.00,20.00,0.00,BOM,HYD,2026-09-21,Economy Flexi,True,3,True,8696.00,PRICED,2026-09-05 09:00,ANCHOR_TIMESTAMP,INR,DECLARED_PROTOTYPE_CONSTANT,,phase8-v1
CELL::BOM|HYD|2026-09-21|Economy Flexi|T15(12-18)::ROUND::2026-09-05T14:30,BOM,HYD,2026-09-21,Economy Flexi,T15(12-18),ROUND::2026-09-05T14:30,2026-09-05 14:30,ANCHORED,0,8849.50,CONSOLIDATED,False,2,Cleartrip;MMT,4,PARTIAL_COVERAGE,0.5000,AirlineSite;Goibibo,1,1,8849.50,2,2,OBS00777;OBS00778,0,0,8501.00,9198.00,Cleartrip=8501.00;MMT=9198.00,8501.00,9198.00,8849.50,697.00,697.00,0.00,BOM,HYD,2026-09-21,Economy Flexi,True,3,True,8849.50,PRICED,2026-09-05 14:30,ANCHOR_TIMESTAMP,INR,DECLARED_PROTOTYPE_CONSTANT,,phase8-v1
CELL::BOM|HYD|2026-09-21|Economy Flexi|T15(12-18)::ROUND::2026-09-05T20:15,BOM,HYD,2026-09-21,Economy Flexi,T15(12-18),ROUND::2026-09-05T20:15,2026-09-05 20:15,ANCHORED,0,9167.00,CONSOLIDATED,False,2,EaseMyTrip;Goibibo,4,PARTIAL_COVERAGE,0.5000,AirlineSite;Cleartrip;MMT,2,2,9159.00;9175.00,2,2,OBS01304;OBS01314,0,0,9159.00,9175.00,EaseMyTrip=9175.00;Goibibo=9159.00,9159.00,9175.00,9167.00,0.00,0.00,16.00,BOM,HYD,2026-09-21,Economy Flexi,True,3,True,9167.00,PRICED,2026-09-05 20:15,ANCHOR_TIMESTAMP,INR,DECLARED_PROTOTYPE_CONSTANT,,phase8-v1
CELL::BOM|HYD|2026-09-21|Economy Flexi|T15(12-18)::ROUND::2026-09-06T09:00,BOM,HYD,2026-09-21,Economy Flexi,T15(12-18),ROUND::2026-09-06T09:00,2026-09-06 09:00,ANCHORED,0,8736.00,CONSOLIDATED,True,4,AirlineSite;Cleartrip;Goibibo;MMT,4,FULL_COVERAGE,1.0000,,3,3,8615.00;8736.00;8836.00,4,4,OBS01819;OBS01829;OBS01840;OBS01841,0,0,8568.00,9104.00,AirlineSite=8568.00;Cleartrip=9104.00;Goibibo=8736.00;MMT=8615.00,8568.00,9104.00,8675.50,536.00,0.00,221.00,BOM,HYD,2026-09-21,Economy Flexi,True,3,True,8736.00,PRICED,2026-09-06 09:00,ANCHOR_TIMESTAMP,INR,DECLARED_PROTOTYPE_CONSTANT,,phase8-v1
CELL::BOM|HYD|2026-09-21|Economy Flexi|T15(12-18)::ROUND::2026-09-06T14:30,BOM,HYD,2026-09-21,Economy Flexi,T15(12-18),ROUND::2026-09-06T14:30,2026-09-06 14:30,ANCHORED,0,9073.00,CONSOLIDATED,True,1,Goibibo,4,SINGLE_SOURCE,0.2500,AirlineSite;Cleartrip;MMT,1,1,9073.00,1,1,OBS02984,0,0,9073.00,9073.00,Goibibo=9073.00,9073.00,9073.00,9073.00,0.00,0.00,0.00,BOM,HYD,2026-09-21,Economy Flexi,True,3,True,9073.00,PRICED,2026-09-06 14:30,ANCHOR_TIMESTAMP,INR,DECLARED_PROTOTYPE_CONSTANT,,phase8-v1
CELL::BOM|HYD|2026-09-21|Economy Flexi|T15(12-18)::ROUND::2026-09-06T20:15,BOM,HYD,2026-09-21,Economy Flexi,T15(12-18),ROUND::2026-09-06T20:15,2026-09-06 20:15,ANCHORED,0,9051.00,CONSOLIDATED,False,2,Cleartrip;Goibibo,4,PARTIAL_COVERAGE,0.5000,AirlineSite;MMT,2,2,8692.00;9410.00,2,2,OBS02828;OBS02842,0,0,8692.00,9410.00,Cleartrip=9410.00;Goibibo=8692.00,8692.00,9410.00,9051.00,0.00,0.00,718.00,BOM,HYD,2026-09-21,Economy Flexi,True,3,True,9051.00,PRICED,2026-09-06 20:15,ANCHOR_TIMESTAMP,INR,DECLARED_PROTOTYPE_CONSTANT,,phase8-v1
CELL::BOM|HYD|2026-09-21|Economy Saver|T15(12-18)::ROUND::2026-09-05T09:00,BOM,HYD,2026-09-21,Economy Saver,T15(12-18),ROUND::2026-09-05T09:00,2026-09-05 09:00,ANCHORED,0,5862.75,CONSOLIDATED,False,2,Goibibo;MMT,4,PARTIAL_COVERAGE,0.5000,AirlineSite;Cleartrip,2,2,5827.50;5898.00,3,3,OBS00286;OBS00297;OBS00298,0,0,5786.00,5898.00,Goibibo=5786.00;MMT=5883.50,5786.00,5883.50,5834.75,83.00,41.50,70.50,BOM,HYD,2026-09-21,Economy Saver,True,1,True,5862.75,PRICED,2026-09-05 09:00,ANCHOR_TIMESTAMP,INR,DECLARED_PROTOTYPE_CONSTANT,,phase8-v1
CELL::BOM|HYD|2026-09-21|Economy Saver|T15(12-18)::ROUND::2026-09-05T14:30,BOM,HYD,2026-09-21,Economy Saver,T15(12-18),ROUND::2026-09-05T14:30,2026-09-05 14:30,ANCHORED,0,5551.00,CONSOLIDATED,False,4,AirlineSite;EaseMyTrip;Goibibo;MMT,4,FULL_COVERAGE,1.0000,Cleartrip,3,3,5471.00;5551.00;5644.00,5,5,OBS00779;OBS00780;OBS00790;OBS00791;OBS00802,0,0,5395.00,5714.00,AirlineSite=5714.00;EaseMyTrip=5395.00;Goibibo=5589.00;MMT=5574.00,5395.00,5714.00,5581.50,312.00,140.00,173.00,BOM,HYD,2026-09-21,Economy Saver,True,1,True,5551.00,PRICED,2026-09-05 14:30,ANCHOR_TIMESTAMP,INR,DECLARED_PROTOTYPE_CONSTANT,,phase8-v1
CELL::BOM|HYD|2026-09-21|Economy Saver|T15(12-18)::ROUND::2026-09-05T20:15,BOM,HYD,2026-09-21,Economy Saver,T15(12-18),ROUND::2026-09-05T20:15,2026-09-05 20:15,ANCHORED,0,5537.25,CONSOLIDATED,False,3,Cleartrip;EaseMyTrip;MMT,4,PARTIAL_COVERAGE,0.7500,AirlineSite;Goibibo,2,2,5535.00;5539.50,4,4,OBS01294;OBS01295;OBS01312;OBS01313,0,0,5393.00,5686.00,Cleartrip=5572.00;EaseMyTrip=5612.00;MMT=5393.00,5393.00,5612.00,5572.00,293.00,223.50,4.50,BOM,HYD,2026-09-21,Economy Saver,True,1,True,5537.25,PRICED,2026-09-05 20:15,ANCHOR_TIMESTAMP,INR,DECLARED_PROTOTYPE_CONSTANT,,phase8-v1
CELL::BOM|HYD|2026-09-21|Economy Saver|T15(12-18)::ROUND::2026-09-06T09:00,BOM,HYD,2026-09-21,Economy Saver,T15(12-18),ROUND::2026-09-06T09:00,2026-09-06 09:00,ANCHORED,0,5865.50,CONSOLIDATED,False,2,Cleartrip;Goibibo,4,PARTIAL_COVERAGE,0.5000,AirlineSite;MMT,1,1,5865.50,2,2,OBS01830;OBS01831,0,0,5859.00,5872.00,Cleartrip=5859.00;Goibibo=5872.00,5859.00,5872.00,5865.50,13.00,13.00,0.00,BOM,HYD,2026-09-21,Economy Saver,True,1,True,5865.50,PRICED,2026-09-06 09:00,ANCHOR_TIMESTAMP,INR,DECLARED_PROTOTYPE_CONSTANT,,phase8-v1
CELL::BOM|HYD|2026-09-21|Economy Saver|T15(12-18)::ROUND::2026-09-06T14:30,BOM,HYD,2026-09-21,Economy Saver,T15(12-18),ROUND::2026-09-06T14:30,2026-09-06 14:30,ANCHORED,0,5646.50,CONSOLIDATED,False,2,AirlineSite;Goibibo,4,PARTIAL_COVERAGE,0.5000,Cleartrip;MMT,1,1,5646.50,2,2,OBS02325;OBS02326,0,0,5635.00,5658.00,AirlineSite=5635.00;Goibibo=5658.00,5635.00,5658.00,5646.50,23.00,23.00,0.00,BOM,HYD,2026-09-21,Economy Saver,True,1,True,5646.50,PRICED,2026-09-06 14:30,ANCHOR_TIMESTAMP,INR,DECLARED_PROTOTYPE_CONSTANT,,phase8-v1
CELL::BOM|HYD|2026-09-21|Economy Saver|T15(12-18)::ROUND::2026-09-06T20:15,BOM,HYD,2026-09-21,Economy Saver,T15(12-18),ROUND::2026-09-06T20:15,2026-09-06 20:15,ANCHORED,0,5673.25,CONSOLIDATED,False,3,AirlineSite;Cleartrip;MMT,4,PARTIAL_COVERAGE,0.7500,Goibibo,2,2,5527.00;5819.50,3,3,OBS02819;OBS02840;OBS02841,0,0,5527.00,5829.00,AirlineSite=5829.00;Cleartrip=5527.00;MMT=5810.00,5527.00,5829.00,5810.00,19.00,9.50,292.50,BOM,HYD,2026-09-21,Economy Saver,True,1,True,5673.25,PRICED,2026-09-06 20:15,ANCHOR_TIMESTAMP,INR,DECLARED_PROTOTYPE_CONSTANT,,phase8-v1
CELL::BOM|HYD|2026-09-21|Economy Standard|T15(12-18)::ROUND::2026-09-05T09:00,BOM,HYD,2026-09-21,Economy Standard,T15(12-18),ROUND::2026-09-05T09:00,2026-09-05 09:00,ANCHORED,0,7240.00,CONSOLIDATED,False,1,Cleartrip,4,SINGLE_SOURCE,0.2500,AirlineSite;Goibibo;MMT,2,2,6907.00;7573.00,2,2,OBS00285;OBS00296,0,0,6907.00,7573.00,Cleartrip=7240.00,7240.00,7240.00,7240.00,0.00,0.00,666.00,BOM,HYD,2026-09-21,Economy Standard,True,2,True,7240.00,PRICED,2026-09-05 09:00,ANCHOR_TIMESTAMP,INR,DECLARED_PROTOTYPE_CONSTANT,,phase8-v1
CELL::BOM|HYD|2026-09-21|Economy Standard|T15(12-18)::ROUND::2026-09-05T14:30,BOM,HYD,2026-09-21,Economy Standard,T15(12-18),ROUND::2026-09-05T14:30,2026-09-05 14:30,ANCHORED,0,7104.00,CONSOLIDATED,True,1,Goibibo,4,SINGLE_SOURCE,0.2500,AirlineSite;Cleartrip;MMT,1,1,7104.00,1,1,OBS00789,0,0,7104.00,7104.00,Goibibo=7104.00,7104.00,7104.00,7104.00,0.00,0.00,0.00,BOM,HYD,2026-09-21,Economy Standard,True,2,True,7104.00,PRICED,2026-09-05 14:30,ANCHOR_TIMESTAMP,INR,DECLARED_PROTOTYPE_CONSTANT,,phase8-v1
CELL::BOM|HYD|2026-09-21|Economy Standard|T15(12-18)::ROUND::2026-09-06T09:00,BOM,HYD,2026-09-21,Economy Standard,T15(12-18),ROUND::2026-09-06T09:00,2026-09-06 09:00,ANCHORED,0,7161.00,CONSOLIDATED,False,3,EaseMyTrip;Goibibo;MMT,4,PARTIAL_COVERAGE,0.7500,AirlineSite;Cleartrip,2,2,7038.00;7284.00,3,3,OBS01817;OBS01818;OBS01839,0,0,7038.00,7514.00,EaseMyTrip=7054.00;Goibibo=7514.00;MMT=7038.00,7038.00,7514.00,7054.00,460.00,230.00,246.00,BOM,HYD,2026-09-21,Economy Standard,True,2,True,7161.00,PRICED,2026-09-06 09:00,ANCHOR_TIMESTAMP,INR,DECLARED_PROTOTYPE_CONSTANT,,phase8-v1
CELL::BOM|HYD|2026-09-21|Economy Standard|T15(12-18)::ROUND::2026-09-06T14:30,BOM,HYD,2026-09-21,Economy Standard,T15(12-18),ROUND::2026-09-06T14:30,2026-09-06 14:30,ANCHORED,0,7539.00,CONSOLIDATED,False,4,Cleartrip;EaseMyTrip;Goibibo;MMT,4,FULL_COVERAGE,1.0000,AirlineSite,3,3,7054.00;7539.00;7567.00,5,5,OBS02315;OBS02316;OBS02327;OBS02339;OBS02340,0,0,7054.00,7704.00,Cleartrip=7054.00;EaseMyTrip=7374.00;Goibibo=7591.00;MMT=7623.50,7054.00,7623.50,7482.50,330.00,48.00,513.00,BOM,HYD,2026-09-21,Economy Standard,True,2,True,7539.00,PRICED,2026-09-06 14:30,ANCHOR_TIMESTAMP,INR,DECLARED_PROTOTYPE_CONSTANT,,phase8-v1
CELL::BOM|HYD|2026-09-21|Economy Standard|T15(12-18)::ROUND::2026-09-06T20:15,BOM,HYD,2026-09-21,Economy Standard,T15(12-18),ROUND::2026-09-06T20:15,2026-09-06 20:15,ANCHORED,0,7328.00,CONSOLIDATED,False,2,AirlineSite;MMT,4,PARTIAL_COVERAGE,0.5000,Cleartrip;Goibibo,1,1,7328.00,2,2,OBS02817;OBS02818,0,0,7217.00,7439.00,AirlineSite=7217.00;MMT=7439.00,7217.00,7439.00,7328.00,222.00,222.00,0.00,BOM,HYD,2026-09-21,Economy Standard,True,2,True,7328.00,PRICED,2026-09-06 20:15,ANCHOR_TIMESTAMP,INR,DECLARED_PROTOTYPE_CONSTANT,,phase8-v1
CELL::BOM|HYD|2026-10-06|Economy Flexi|T30(25-35)::ROUND::2026-09-05T09:00,BOM,HYD,2026-10-06,Economy Flexi,T30(25-35),ROUND::2026-09-05T09:00,2026-09-05 09:00,ANCHORED,0,7814.00,CONSOLIDATED,False,2,AirlineSite;Cleartrip,4,PARTIAL_COVERAGE,0.5000,Goibibo;MMT,1,1,7814.00,2,2,OBS00280;OBS00281,0,0,7730.00,7898.00,AirlineSite=7730.00;Cleartrip=7898.00,7730.00,7898.00,7814.00,168.00,168.00,0.00,BOM,HYD,2026-10-06,Economy Flexi,True,3,True,7814.00,PRICED,2026-09-05 09:00,ANCHOR_TIMESTAMP,INR,DECLARED_PROTOTYPE_CONSTANT,,phase8-v1
CELL::BOM|HYD|2026-10-06|Economy Flexi|T30(25-35)::ROUND::2026-09-05T20:15,BOM,HYD,2026-10-06,Economy Flexi,T30(25-35),ROUND::2026-09-05T20:15,2026-09-05 20:15,ANCHORED,0,8023.00,CONSOLIDATED,True,1,AirlineSite,4,SINGLE_SOURCE,0.2500,Cleartrip;Goibibo;MMT,1,1,8023.00,1,1,OBS01297,0,0,8023.00,8023.00,AirlineSite=8023.00,8023.00,8023.00,8023.00,0.00,0.00,0.00,BOM,HYD,2026-10-06,Economy Flexi,True,3,True,8023.00,PRICED,2026-09-05 20:15,ANCHOR_TIMESTAMP,INR,DECLARED_PROTOTYPE_CONSTANT,,phase8-v1
CELL::BOM|HYD|2026-10-06|Economy Flexi|T30(25-35)::ROUND::2026-09-06T09:00,BOM,HYD,2026-10-06,Economy Flexi,T30(25-35),ROUND::2026-09-06T09:00,2026-09-06 09:00,ANCHORED,0,8223.00,CONSOLIDATED,False,4,AirlineSite;Cleartrip;Goibibo;MMT,4,FULL_COVERAGE,1.0000,,4,4,7784.00;8180.00;8266.00;8389.00,5,5,OBS01822;OBS01832;OBS01833;OBS01842;OBS02994,0,0,7784.00,8389.00,AirlineSite=8086.50;Cleartrip=8121.00;Goibibo=8266.00;MMT=8239.00,8086.50,8266.00,8180.00,118.00,0.00,605.00,BOM,HYD,2026-10-06,Economy Flexi,True,3,True,8223.00,PRICED,2026-09-06 09:00,ANCHOR_TIMESTAMP,INR,DECLARED_PROTOTYPE_CONSTANT,,phase8-v1
CELL::BOM|HYD|2026-10-06|Economy Flexi|T30(25-35)::ROUND::2026-09-06T14:30,BOM,HYD,2026-10-06,Economy Flexi,T30(25-35),ROUND::2026-09-06T14:30,2026-09-06 14:30,ANCHORED,0,8095.75,CONSOLIDATED,False,3,AirlineSite;Cleartrip;MMT,4,PARTIAL_COVERAGE,0.7500,Goibibo,2,2,7962.50;8229.00,4,4,OBS02317;OBS02318;OBS02328;OBS02329,0,0,7699.00,8242.00,AirlineSite=8226.00;Cleartrip=7957.50;MMT=8242.00,7957.50,8242.00,8226.00,527.00,276.50,266.50,BOM,HYD,2026-10-06,Economy Flexi,True,3,True,8095.75,PRICED,2026-09-06 14:30,ANCHOR_TIMESTAMP,INR,DECLARED_PROTOTYPE_CONSTANT,,phase8-v1
CELL::BOM|HYD|2026-10-06|Economy Flexi|T30(25-35)::ROUND::2026-09-06T20:15,BOM,HYD,2026-10-06,Economy Flexi,T30(25-35),ROUND::2026-09-06T20:15,2026-09-06 20:15,ANCHORED,0,7915.00,CONSOLIDATED,False,3,Cleartrip;EaseMyTrip;MMT,4,PARTIAL_COVERAGE,0.7500,AirlineSite;Goibibo,3,3,7707.00;7915.00;7945.00,5,5,OBS02820;OBS02821;OBS02829;OBS02830;OBS02845,0,0,7600.00,8290.00,Cleartrip=7946.00;EaseMyTrip=7600.00;MMT=7884.00,7600.00,7946.00,7884.00,690.00,62.00,238.00,BOM,HYD,2026-10-06,Economy Flexi,True,3,True,7915.00,PRICED,2026-09-06 20:15,ANCHOR_TIMESTAMP,INR,DECLARED_PROTOTYPE_CONSTANT,,phase8-v1
CELL::BOM|HYD|2026-10-06|Economy Saver|T30(25-35)::ROUND::2026-09-05T09:00,BOM,HYD,2026-10-06,Economy Saver,T30(25-35),ROUND::2026-09-05T09:00,2026-09-05 09:00,ANCHORED,0,5169.50,CONSOLIDATED,False,2,AirlineSite;MMT,4,PARTIAL_COVERAGE,0.5000,Cleartrip;Goibibo,1,1,5169.50,2,2,OBS00301;OBS00302,0,0,5016.00,5323.00,AirlineSite=5323.00;MMT=5016.00,5016.00,5323.00,5169.50,307.00,307.00,0.00,BOM,HYD,2026-10-06,Economy Saver,True,1,True,5169.50,PRICED,2026-09-05 09:00,ANCHOR_TIMESTAMP,INR,DECLARED_PROTOTYPE_CONSTANT,,phase8-v1
CELL::BOM|HYD|2026-10-06|Economy Saver|T30(25-35)::ROUND::2026-09-05T14:30,BOM,HYD,2026-10-06,Economy Saver,T30(25-35),ROUND::2026-09-05T14:30,2026-09-05 14:30,ANCHORED,0,5090.00,CONSOLIDATED,False,2,EaseMyTrip;Goibibo,4,PARTIAL_COVERAGE,0.5000,AirlineSite;Cleartrip;MMT,2,2,4999.00;5181.00,3,3,OBS00781;OBS00782;OBS00803,0,0,4999.00,5335.00,EaseMyTrip=5167.00;Goibibo=5027.00,5027.00,5167.00,5097.00,308.00,154.00,182.00,BOM,HYD,2026-10-06,Economy Saver,True,1,True,5090.00,PRICED,2026-09-05 14:30,ANCHOR_TIMESTAMP,INR,DECLARED_PROTOTYPE_CONSTANT,,phase8-v1
CELL::BOM|HYD|2026-10-06|Economy Saver|T30(25-35)::ROUND::2026-09-05T20:15,BOM,HYD,2026-10-06,Economy Saver,T30(25-35),ROUND::2026-09-05T20:15,2026-09-05 20:15,ANCHORED,0,5369.00,CONSOLIDATED,True,1,Goibibo,4,SINGLE_SOURCE,0.2500,AirlineSite;Cleartrip;MMT,1,1,5369.00,1,1,OBS01296,0,0,5369.00,5369.00,Goibibo=5369.00,5369.00,5369.00,5369.00,0.00,0.00,0.00,BOM,HYD,2026-10-06,Economy Saver,True,1,True,5369.00,PRICED,2026-09-05 20:15,ANCHOR_TIMESTAMP,INR,DECLARED_PROTOTYPE_CONSTANT,,phase8-v1
CELL::BOM|HYD|2026-10-06|Economy Saver|T30(25-35)::ROUND::2026-09-06T09:00,BOM,HYD,2026-10-06,Economy Saver,T30(25-35),ROUND::2026-09-06T09:00,2026-09-06 09:00,ANCHORED,0,4963.00,CONSOLIDATED,True,1,AirlineSite,4,SINGLE_SOURCE,0.2500,Cleartrip;Goibibo;MMT,1,1,4963.00,1,1,OBS01843,0,0,4963.00,4963.00,AirlineSite=4963.00,4963.00,4963.00,4963.00,0.00,0.00,0.00,BOM,HYD,2026-10-06,Economy Saver,True,1,True,4963.00,PRICED,2026-09-06 09:00,ANCHOR_TIMESTAMP,INR,DECLARED_PROTOTYPE_CONSTANT,,phase8-v1
CELL::BOM|HYD|2026-10-06|Economy Saver|T30(25-35)::ROUND::2026-09-06T14:30,BOM,HYD,2026-10-06,Economy Saver,T30(25-35),ROUND::2026-09-06T14:30,2026-09-06 14:30,ANCHORED,0,5288.00,CONSOLIDATED,True,1,Cleartrip,4,SINGLE_SOURCE,0.2500,AirlineSite;Goibibo;MMT,1,1,5288.00,1,1,OBS02341,0,0,5288.00,5288.00,Cleartrip=5288.00,5288.00,5288.00,5288.00,0.00,0.00,0.00,BOM,HYD,2026-10-06,Economy Saver,True,1,True,5288.00,PRICED,2026-09-06 14:30,ANCHOR_TIMESTAMP,INR,DECLARED_PROTOTYPE_CONSTANT,,phase8-v1
CELL::BOM|HYD|2026-10-06|Economy Saver|T30(25-35)::ROUND::2026-09-06T20:15,BOM,HYD,2026-10-06,Economy Saver,T30(25-35),ROUND::2026-09-06T20:15,2026-09-06 20:15,ANCHORED,0,5321.00,CONSOLIDATED,True,4,Cleartrip;EaseMyTrip;Goibibo;MMT,4,FULL_COVERAGE,1.0000,AirlineSite,3,3,5025.00;5321.00;5354.50,5,5,OBS02822;OBS02831;OBS02832;OBS02843;OBS02844,0,0,4899.00,5392.00,Cleartrip=5321.00;EaseMyTrip=5151.00;Goibibo=5145.50;MMT=5317.00,5145.50,5321.00,5234.00,252.00,75.00,329.50,BOM,HYD,2026-10-06,Economy Saver,True,1,True,5321.00,PRICED,2026-09-06 20:15,ANCHOR_TIMESTAMP,INR,DECLARED_PROTOTYPE_CONSTANT,,phase8-v1
CELL::BOM|HYD|2026-10-06|Economy Standard|T30(25-35)::ROUND::2026-09-05T09:00,BOM,HYD,2026-10-06,Economy Standard,T30(25-35),ROUND::2026-09-05T09:00,2026-09-05 09:00,ANCHORED,0,6659.25,CONSOLIDATED,False,3,AirlineSite;EaseMyTrip;Goibibo,4,PARTIAL_COVERAGE,0.7500,Cleartrip;MMT,2,2,6510.50;6808.00,3,3,OBS00287;OBS00299;OBS00300,0,0,6464.00,6808.00,AirlineSite=6557.00;EaseMyTrip=6808.00;Goibibo=6464.00,6464.00,6808.00,6557.00,93.00,46.50,297.50,BOM,HYD,2026-10-06,Economy Standard,True,2,True,6659.25,PRICED,2026-09-05 09:00,ANCHOR_TIMESTAMP,INR,DECLARED_PROTOTYPE_CONSTANT,,phase8-v1
CELL::BOM|HYD|2026-10-06|Economy Standard|T30(25-35)::ROUND::2026-09-05T14:30,BOM,HYD,2026-10-06,Economy Standard,T30(25-35),ROUND::2026-09-05T14:30,2026-09-05 14:30,ANCHORED,0,6560.50,CONSOLIDATED,False,3,EaseMyTrip;Goibibo;MMT,4,PARTIAL_COVERAGE,0.7500,AirlineSite;Cleartrip,2,2,6428.00;6693.00,4,4,OBS00792;OBS00793;OBS00804;OBS00805,0,0,6354.00,6831.00,EaseMyTrip=6592.50;Goibibo=6502.00;MMT=6555.00,6502.00,6592.50,6555.00,276.00,212.00,265.00,BOM,HYD,2026-10-06,Economy Standard,True,2,True,6560.50,PRICED,2026-09-05 14:30,ANCHOR_TIMESTAMP,INR,DECLARED_PROTOTYPE_CONSTANT,,phase8-v1
CELL::BOM|HYD|2026-10-06|Economy Standard|T30(25-35)::ROUND::2026-09-05T20:15,BOM,HYD,2026-10-06,Economy Standard,T30(25-35),ROUND::2026-09-05T20:15,2026-09-05 20:15,ANCHORED,0,6527.00,CONSOLIDATED,False,2,Goibibo;MMT,4,PARTIAL_COVERAGE,0.5000,AirlineSite;Cleartrip,2,2,6500.50;6553.50,4,4,OBS01305;OBS01306;OBS01315;OBS01316,0,0,6307.00,6800.00,Goibibo=6461.50;MMT=6592.50,6461.50,6592.50,6527.00,493.00,362.00,53.00,BOM,HYD,2026-10-06,Economy Standard,True,2,True,6527.00,PRICED,2026-09-05 20:15,ANCHOR_TIMESTAMP,INR,DECLARED_PROTOTYPE_CONSTANT,,phase8-v1
CELL::BOM|HYD|2026-10-06|Economy Standard|T30(25-35)::ROUND::2026-09-06T09:00,BOM,HYD,2026-10-06,Economy Standard,T30(25-35),ROUND::2026-09-06T09:00,2026-09-06 09:00,ANCHORED,0,6618.00,CONSOLIDATED,False,2,Cleartrip;Goibibo,4,PARTIAL_COVERAGE,0.5000,AirlineSite;MMT,1,1,6618.00,2,2,OBS01820;OBS01821,0,0,6511.00,6725.00,Cleartrip=6725.00;Goibibo=6511.00,6511.00,6725.00,6618.00,214.00,214.00,0.00,BOM,HYD,2026-10-06,Economy Standard,True,2,True,6618.00,PRICED,2026-09-06 09:00,ANCHOR_TIMESTAMP,INR,DECLARED_PROTOTYPE_CONSTANT,,phase8-v1
CELL::BOM|HYD|2026-10-06|Economy Standard|T30(25-35)::ROUND::2026-09-06T14:30,BOM,HYD,2026-10-06,Economy Standard,T30(25-35),ROUND::2026-09-06T14:30,2026-09-06 14:30,ANCHORED,0,6396.00,CONSOLIDATED,False,2,Goibibo;MMT,4,PARTIAL_COVERAGE,0.5000,AirlineSite;Cleartrip,1,1,6396.00,2,2,OBS02342;OBS02343,0,0,6382.00,6410.00,Goibibo=6382.00;MMT=6410.00,6382.00,6410.00,6396.00,28.00,28.00,0.00,BOM,HYD,2026-10-06,Economy Standard,True,2,True,6396.00,PRICED,2026-09-06 14:30,ANCHOR_TIMESTAMP,INR,DECLARED_PROTOTYPE_CONSTANT,,phase8-v1
CELL::BOM|HYD|2026-10-22|Economy Flexi|T45(40-50)::ROUND::2026-09-05T09:00,BOM,HYD,2026-10-22,Economy Flexi,T45(40-50),ROUND::2026-09-05T09:00,2026-09-05 09:00,ANCHORED,0,7932.00,CONSOLIDATED,False,2,EaseMyTrip;MMT,4,PARTIAL_COVERAGE,0.5000,AirlineSite;Cleartrip;Goibibo,1,1,7932.00,2,2,OBS00288;OBS00289,0,0,7803.00,8061.00,EaseMyTrip=8061.00;MMT=7803.00,7803.00,8061.00,7932.00,258.00,258.00,0.00,BOM,HYD,2026-10-22,Economy Flexi,True,3,True,7932.00,PRICED,2026-09-05 09:00,ANCHOR_TIMESTAMP,INR,DECLARED_PROTOTYPE_CONSTANT,,phase8-v1
CELL::BOM|HYD|2026-10-22|Economy Flexi|T45(40-50)::ROUND::2026-09-05T14:30,BOM,HYD,2026-10-22,Economy Flexi,T45(40-50),ROUND::2026-09-05T14:30,2026-09-05 14:30,ANCHORED,0,7997.00,CONSOLIDATED,True,2,EaseMyTrip;Goibibo,4,PARTIAL_COVERAGE,0.5000,AirlineSite;Cleartrip;MMT,3,3,7732.00;7997.00;8293.00,3,3,OBS00783;OBS00794;OBS00806,0,0,7732.00,8293.00,EaseMyTrip=7732.00;Goibibo=8145.00,7732.00,8145.00,7938.50,0.00,0.00,561.00,BOM,HYD,2026-10-22,Economy Flexi,True,3,True,7997.00,PRICED,2026-09-05 14:30,ANCHOR_TIMESTAMP,INR,DECLARED_PROTOTYPE_CONSTANT,,phase8-v1
CELL::BOM|HYD|2026-10-22|Economy Flexi|T45(40-50)::ROUND::2026-09-06T09:00,BOM,HYD,2026-10-22,Economy Flexi,T45(40-50),ROUND::2026-09-06T09:00,2026-09-06 09:00,ANCHORED,0,8189.25,CONSOLIDATED,False,2,Cleartrip;Goibibo,4,PARTIAL_COVERAGE,0.5000,AirlineSite;MMT,2,2,8006.50;8372.00,3,3,OBS01823;OBS01844;OBS01845,0,0,7916.00,8372.00,Cleartrip=7916.00;Goibibo=8234.50,7916.00,8234.50,8075.25,181.00,90.50,365.50,BOM,HYD,2026-10-22,Economy Flexi,True,3,True,8189.25,PRICED,2026-09-06 09:00,ANCHOR_TIMESTAMP,INR,DECLARED_PROTOTYPE_CONSTANT,,phase8-v1
CELL::BOM|HYD|2026-10-22|Economy Flexi|T45(40-50)::ROUND::2026-09-06T20:15,BOM,HYD,2026-10-22,Economy Flexi,T45(40-50),ROUND::2026-09-06T20:15,2026-09-06 20:15,ANCHORED,0,8064.00,CONSOLIDATED,True,4,AirlineSite;Cleartrip;EaseMyTrip;Goibibo,4,FULL_COVERAGE,1.0000,MMT,3,3,8053.50;8064.00;8082.00,5,5,OBS02823;OBS02833;OBS02834;OBS02847;OBS02848,0,0,7814.00,8293.00,AirlineSite=8064.00;Cleartrip=7987.00;EaseMyTrip=8293.00;Goibibo=7995.50,7987.00,8293.00,8029.75,479.00,190.00,28.50,BOM,HYD,2026-10-22,Economy Flexi,True,3,True,8064.00,PRICED,2026-09-06 20:15,ANCHOR_TIMESTAMP,INR,DECLARED_PROTOTYPE_CONSTANT,,phase8-v1
CELL::BOM|HYD|2026-10-22|Economy Saver|T45(40-50)::ROUND::2026-09-05T09:00,BOM,HYD,2026-10-22,Economy Saver,T45(40-50),ROUND::2026-09-05T09:00,2026-09-05 09:00,ANCHORED,0,5392.00,CONSOLIDATED,True,1,Cleartrip,4,SINGLE_SOURCE,0.2500,AirlineSite;Goibibo;MMT,1,1,5392.00,1,1,OBS00303,0,0,5392.00,5392.00,Cleartrip=5392.00,5392.00,5392.00,5392.00,0.00,0.00,0.00,BOM,HYD,2026-10-22,Economy Saver,True,1,True,5392.00,PRICED,2026-09-05 09:00,ANCHOR_TIMESTAMP,INR,DECLARED_PROTOTYPE_CONSTANT,,phase8-v1
CELL::BOM|HYD|2026-10-22|Economy Saver|T45(40-50)::ROUND::2026-09-05T14:30,BOM,HYD,2026-10-22,Economy Saver,T45(40-50),ROUND::2026-09-05T14:30,2026-09-05 14:30,ANCHORED,0,5151.50,CONSOLIDATED,False,2,AirlineSite;Goibibo,4,PARTIAL_COVERAGE,0.5000,Cleartrip;MMT,2,2,4952.00;5351.00,3,3,OBS00784;OBS00785;OBS00795,0,0,4940.00,5351.00,AirlineSite=5157.50;Goibibo=4940.00,4940.00,5157.50,5048.75,24.00,12.00,399.00,BOM,HYD,2026-10-22,Economy Saver,True,1,True,5151.50,PRICED,2026-09-05 14:30,ANCHOR_TIMESTAMP,INR,DECLARED_PROTOTYPE_CONSTANT,,phase8-v1
CELL::BOM|HYD|2026-10-22|Economy Saver|T45(40-50)::ROUND::2026-09-05T20:15,BOM,HYD,2026-10-22,Economy Saver,T45(40-50),ROUND::2026-09-05T20:15,2026-09-05 20:15,ANCHORED,0,5413.00,CONSOLIDATED,False,2,Goibibo;MMT,4,PARTIAL_COVERAGE,0.5000,AirlineSite;Cleartrip,1,1,5413.00,2,2,OBS01307;OBS01308,0,0,5400.00,5426.00,Goibibo=5400.00;MMT=5426.00,5400.00,5426.00,5413.00,26.00,26.00,0.00,BOM,HYD,2026-10-22,Economy Saver,True,1,True,5413.00,PRICED,2026-09-05 20:15,ANCHOR_TIMESTAMP,INR,DECLARED_PROTOTYPE_CONSTANT,,phase8-v1
CELL::BOM|HYD|2026-10-22|Economy Saver|T45(40-50)::ROUND::2026-09-06T09:00,BOM,HYD,2026-10-22,Economy Saver,T45(40-50),ROUND::2026-09-06T09:00,2026-09-06 09:00,ANCHORED,0,5251.00,CONSOLIDATED,False,2,AirlineSite;Cleartrip,4,PARTIAL_COVERAGE,0.5000,Goibibo;MMT,1,1,5251.00,2,2,OBS01824;OBS01825,0,0,5242.00,5260.00,AirlineSite=5242.00;Cleartrip=5260.00,5242.00,5260.00,5251.00,18.00,18.00,0.00,BOM,HYD,2026-10-22,Economy Saver,True,1,True,5251.00,PRICED,2026-09-06 09:00,ANCHOR_TIMESTAMP,INR,DECLARED_PROTOTYPE_CONSTANT,,phase8-v1
CELL::BOM|HYD|2026-10-22|Economy Saver|T45(40-50)::ROUND::2026-09-06T14:30,BOM,HYD,2026-10-22,Economy Saver,T45(40-50),ROUND::2026-09-06T14:30,2026-09-06 14:30,ANCHORED,0,5063.50,CONSOLIDATED,False,3,AirlineSite;Cleartrip;Goibibo,4,PARTIAL_COVERAGE,0.7500,MMT,3,3,5049.00;5063.50;5246.00,4,4,OBS02320;OBS02331;OBS02332;OBS02344,0,0,5018.00,5246.00,AirlineSite=5049.00;Cleartrip=5177.50;Goibibo=5018.00,5018.00,5177.50,5049.00,91.00,0.00,197.00,BOM,HYD,2026-10-22,Economy Saver,True,1,True,5063.50,PRICED,2026-09-06 14:30,ANCHOR_TIMESTAMP,INR,DECLARED_PROTOTYPE_CONSTANT,,phase8-v1
CELL::BOM|HYD|2026-10-22|Economy Saver|T45(40-50)::ROUND::2026-09-06T20:15,BOM,HYD,2026-10-22,Economy Saver,T45(40-50),ROUND::2026-09-06T20:15,2026-09-06 20:15,ANCHORED,0,5393.00,CONSOLIDATED,True,1,EaseMyTrip,4,SINGLE_SOURCE,0.2500,AirlineSite;Cleartrip;Goibibo;MMT,1,1,5393.00,1,1,OBS02824,0,0,5393.00,5393.00,EaseMyTrip=5393.00,5393.00,5393.00,5393.00,0.00,0.00,0.00,BOM,HYD,2026-10-22,Economy Saver,True,1,True,5393.00,PRICED,2026-09-06 20:15,ANCHOR_TIMESTAMP,INR,DECLARED_PROTOTYPE_CONSTANT,,phase8-v1
CELL::BOM|HYD|2026-10-22|Economy Standard|T45(40-50)::ROUND::2026-09-05T09:00,BOM,HYD,2026-10-22,Economy Standard,T45(40-50),ROUND::2026-09-05T09:00,2026-09-05 09:00,ANCHORED,0,6690.00,CONSOLIDATED,True,1,EaseMyTrip,4,SINGLE_SOURCE,0.2500,AirlineSite;Cleartrip;Goibibo;MMT,1,1,6690.00,1,1,OBS00282,0,0,6690.00,6690.00,EaseMyTrip=6690.00,6690.00,6690.00,6690.00,0.00,0.00,0.00,BOM,HYD,2026-10-22,Economy Standard,True,2,True,6690.00,PRICED,2026-09-05 09:00,ANCHOR_TIMESTAMP,INR,DECLARED_PROTOTYPE_CONSTANT,,phase8-v1
CELL::BOM|HYD|2026-10-22|Economy Standard|T45(40-50)::ROUND::2026-09-05T14:30,BOM,HYD,2026-10-22,Economy Standard,T45(40-50),ROUND::2026-09-05T14:30,2026-09-05 14:30,ANCHORED,0,6736.00,CONSOLIDATED,True,1,Goibibo,4,SINGLE_SOURCE,0.2500,AirlineSite;Cleartrip;MMT,1,1,6736.00,1,1,OBS00807,0,0,6736.00,6736.00,Goibibo=6736.00,6736.00,6736.00,6736.00,0.00,0.00,0.00,BOM,HYD,2026-10-22,Economy Standard,True,2,True,6736.00,PRICED,2026-09-05 14:30,ANCHOR_TIMESTAMP,INR,DECLARED_PROTOTYPE_CONSTANT,,phase8-v1
CELL::BOM|HYD|2026-10-22|Economy Standard|T45(40-50)::ROUND::2026-09-05T20:15,BOM,HYD,2026-10-22,Economy Standard,T45(40-50),ROUND::2026-09-05T20:15,2026-09-05 20:15,ANCHORED,0,6748.50,CONSOLIDATED,False,3,AirlineSite;EaseMyTrip;MMT,4,PARTIAL_COVERAGE,0.7500,Cleartrip;Goibibo,2,2,6609.00;6888.00,3,3,OBS01298;OBS01317;OBS01318,0,0,6456.00,6888.00,AirlineSite=6762.00;EaseMyTrip=6456.00;MMT=6888.00,6456.00,6888.00,6762.00,306.00,153.00,279.00,BOM,HYD,2026-10-22,Economy Standard,True,2,True,6748.50,PRICED,2026-09-05 20:15,ANCHOR_TIMESTAMP,INR,DECLARED_PROTOTYPE_CONSTANT,,phase8-v1
CELL::BOM|HYD|2026-10-22|Economy Standard|T45(40-50)::ROUND::2026-09-06T09:00,BOM,HYD,2026-10-22,Economy Standard,T45(40-50),ROUND::2026-09-06T09:00,2026-09-06 09:00,ANCHORED,0,6515.25,CONSOLIDATED,False,3,AirlineSite;Cleartrip;MMT,4,PARTIAL_COVERAGE,0.7500,Goibibo,2,2,6342.00;6688.50,3,3,OBS01834;OBS01846;OBS01847,0,0,6342.00,6721.00,AirlineSite=6342.00;Cleartrip=6656.00;MMT=6721.00,6342.00,6721.00,6656.00,65.00,32.50,346.50,BOM,HYD,2026-10-22,Economy Standard,True,2,True,6515.25,PRICED,2026-09-06 09:00,ANCHOR_TIMESTAMP,INR,DECLARED_PROTOTYPE_CONSTANT,,phase8-v1
CELL::BOM|HYD|2026-10-22|Economy Standard|T45(40-50)::ROUND::2026-09-06T14:30,BOM,HYD,2026-10-22,Economy Standard,T45(40-50),ROUND::2026-09-06T14:30,2026-09-06 14:30,ANCHORED,0,6684.00,CONSOLIDATED,False,2,EaseMyTrip;MMT,4,PARTIAL_COVERAGE,0.5000,AirlineSite;Cleartrip;Goibibo,2,2,6515.00;6853.00,2,2,OBS02319;OBS02330,0,0,6515.00,6853.00,EaseMyTrip=6515.00;MMT=6853.00,6515.00,6853.00,6684.00,0.00,0.00,338.00,BOM,HYD,2026-10-22,Economy Standard,True,2,True,6684.00,PRICED,2026-09-06 14:30,ANCHOR_TIMESTAMP,INR,DECLARED_PROTOTYPE_CONSTANT,,phase8-v1
CELL::BOM|HYD|2026-10-22|Economy Standard|T45(40-50)::ROUND::2026-09-06T20:15,BOM,HYD,2026-10-22,Economy Standard,T45(40-50),ROUND::2026-09-06T20:15,2026-09-06 20:15,ANCHORED,0,6495.50,CONSOLIDATED,False,2,AirlineSite;Cleartrip,4,PARTIAL_COVERAGE,0.5000,Goibibo;MMT,2,2,6478.00;6513.00,2,2,OBS02835;OBS02846,0,0,6478.00,6513.00,AirlineSite=6513.00;Cleartrip=6478.00,6478.00,6513.00,6495.50,0.00,0.00,35.00,BOM,HYD,2026-10-22,Economy Standard,True,2,True,6495.50,PRICED,2026-09-06 20:15,ANCHOR_TIMESTAMP,INR,DECLARED_PROTOTYPE_CONSTANT,,phase8-v1
CELL::CCU|DEL|2026-09-07|Economy Flexi|T1(0-2)::ROUND::2026-09-05T09:00,CCU,DEL,2026-09-07,Economy Flexi,T1(0-2),ROUND::2026-09-05T09:00,2026-09-05 09:00,ANCHORED,0,11779.00,CONSOLIDATED,False,2,Cleartrip;EaseMyTrip,4,PARTIAL_COVERAGE,0.5000,AirlineSite;Goibibo;MMT,1,1,11779.00,2,2,OBS00170;OBS00171,0,0,11490.00,12068.00,Cleartrip=11490.00;EaseMyTrip=12068.00,11490.00,12068.00,11779.00,578.00,578.00,0.00,CCU,DEL,2026-09-07,Economy Flexi,True,3,True,11779.00,PRICED,2026-09-05 09:00,ANCHOR_TIMESTAMP,INR,DECLARED_PROTOTYPE_CONSTANT,,phase8-v1
CELL::CCU|DEL|2026-09-07|Economy Flexi|T1(0-2)::ROUND::2026-09-05T14:30,CCU,DEL,2026-09-07,Economy Flexi,T1(0-2),ROUND::2026-09-05T14:30,2026-09-05 14:30,ANCHORED,0,11944.00,CONSOLIDATED,True,1,Goibibo,4,SINGLE_SOURCE,0.2500,AirlineSite;Cleartrip;MMT,1,1,11944.00,1,1,OBS00685,0,0,11944.00,11944.00,Goibibo=11944.00,11944.00,11944.00,11944.00,0.00,0.00,0.00,CCU,DEL,2026-09-07,Economy Flexi,True,3,True,11944.00,PRICED,2026-09-05 14:30,ANCHOR_TIMESTAMP,INR,DECLARED_PROTOTYPE_CONSTANT,,phase8-v1
CELL::CCU|DEL|2026-09-07|Economy Flexi|T1(0-2)::ROUND::2026-09-05T20:15,CCU,DEL,2026-09-07,Economy Flexi,T1(0-2),ROUND::2026-09-05T20:15,2026-09-05 20:15,ANCHORED,0,11929.50,CONSOLIDATED,False,2,Cleartrip;EaseMyTrip,4,PARTIAL_COVERAGE,0.5000,AirlineSite;Goibibo;MMT,1,1,11929.50,2,2,OBS01197;OBS01198,0,0,11801.00,12058.00,Cleartrip=11801.00;EaseMyTrip=12058.00,11801.00,12058.00,11929.50,257.00,257.00,0.00,CCU,DEL,2026-09-07,Economy Flexi,True,3,True,11929.50,PRICED,2026-09-05 20:15,ANCHOR_TIMESTAMP,INR,DECLARED_PROTOTYPE_CONSTANT,,phase8-v1
CELL::CCU|DEL|2026-09-07|Economy Flexi|T1(0-2)::ROUND::2026-09-06T09:00,CCU,DEL,2026-09-07,Economy Flexi,T1(0-2),ROUND::2026-09-06T09:00,2026-09-06 09:00,ANCHORED,0,11870.25,CONSOLIDATED,False,3,AirlineSite;Cleartrip;EaseMyTrip,4,PARTIAL_COVERAGE,0.7500,Goibibo;MMT,2,2,11636.50;12104.00,3,3,OBS01713;OBS01727;OBS01728,0,0,11587.00,12104.00,AirlineSite=12104.00;Cleartrip=11587.00;EaseMyTrip=11686.00,11587.00,12104.00,11686.00,99.00,49.50,467.50,CCU,DEL,2026-09-07,Economy Flexi,True,3,True,11870.25,PRICED,2026-09-06 09:00,ANCHOR_TIMESTAMP,INR,DECLARED_PROTOTYPE_CONSTANT,,phase8-v1
CELL::CCU|DEL|2026-09-07|Economy Flexi|T1(0-2)::ROUND::2026-09-06T14:30,CCU,DEL,2026-09-07,Economy Flexi,T1(0-2),ROUND::2026-09-06T14:30,2026-09-06 14:30,ANCHORED,0,11806.00,CONSOLIDATED,True,1,MMT,4,SINGLE_SOURCE,0.2500,AirlineSite;Cleartrip;Goibibo,1,1,11806.00,1,1,OBS02206,0,0,11806.00,11806.00,MMT=11806.00,11806.00,11806.00,11806.00,0.00,0.00,0.00,CCU,DEL,2026-09-07,Economy Flexi,True,3,True,11806.00,PRICED,2026-09-06 14:30,ANCHOR_TIMESTAMP,INR,DECLARED_PROTOTYPE_CONSTANT,,phase8-v1
CELL::CCU|DEL|2026-09-07|Economy Flexi|T1(0-2)::ROUND::2026-09-06T20:15,CCU,DEL,2026-09-07,Economy Flexi,T1(0-2),ROUND::2026-09-06T20:15,2026-09-06 20:15,ANCHORED,0,12177.00,CONSOLIDATED,True,1,MMT,4,SINGLE_SOURCE,0.2500,AirlineSite;Cleartrip;Goibibo,1,1,12177.00,1,1,OBS02710,0,0,12177.00,12177.00,MMT=12177.00,12177.00,12177.00,12177.00,0.00,0.00,0.00,CCU,DEL,2026-09-07,Economy Flexi,True,3,True,12177.00,PRICED,2026-09-06 20:15,ANCHOR_TIMESTAMP,INR,DECLARED_PROTOTYPE_CONSTANT,,phase8-v1
CELL::CCU|DEL|2026-09-07|Economy Saver|T1(0-2)::ROUND::2026-09-05T09:00,CCU,DEL,2026-09-07,Economy Saver,T1(0-2),ROUND::2026-09-05T09:00,2026-09-05 09:00,ANCHORED,0,7610.25,CONSOLIDATED,False,3,Cleartrip;EaseMyTrip;Goibibo,4,PARTIAL_COVERAGE,0.7500,AirlineSite;MMT,2,2,7521.50;7699.00,3,3,OBS00169;OBS00183;OBS00184,0,0,7516.00,7699.00,Cleartrip=7527.00;EaseMyTrip=7516.00;Goibibo=7699.00,7516.00,7699.00,7527.00,11.00,5.50,177.50,CCU,DEL,2026-09-07,Economy Saver,True,1,True,7610.25,PRICED,2026-09-05 09:00,ANCHOR_TIMESTAMP,INR,DECLARED_PROTOTYPE_CONSTANT,,phase8-v1
CELL::CCU|DEL|2026-09-07|Economy Saver|T1(0-2)::ROUND::2026-09-05T14:30,CCU,DEL,2026-09-07,Economy Saver,T1(0-2),ROUND::2026-09-05T14:30,2026-09-05 14:30,ANCHORED,0,7171.00,CONSOLIDATED,True,3,EaseMyTrip;Goibibo;MMT,4,PARTIAL_COVERAGE,0.7500,AirlineSite;Cleartrip,3,3,7169.00;7171.00;7604.50,4,4,OBS00671;OBS00672;OBS00684;OBS00695,0,0,7169.00,7776.00,EaseMyTrip=7433.00;Goibibo=7776.00;MMT=7170.00,7170.00,7776.00,7433.00,343.00,0.00,435.50,CCU,DEL,2026-09-07,Economy Saver,True,1,True,7171.00,PRICED,2026-09-05 14:30,ANCHOR_TIMESTAMP,INR,DECLARED_PROTOTYPE_CONSTANT,,phase8-v1
CELL::CCU|DEL|2026-09-07|Economy Saver|T1(0-2)::ROUND::2026-09-05T20:15,CCU,DEL,2026-09-07,Economy Saver,T1(0-2),ROUND::2026-09-05T20:15,2026-09-05 20:15,ANCHORED,0,7007.00,CONSOLIDATED,True,1,MMT,4,SINGLE_SOURCE,0.2500,AirlineSite;Cleartrip;Goibibo,1,1,7007.00,1,1,OBS01206,0,0,7007.00,7007.00,MMT=7007.00,7007.00,7007.00,7007.00,0.00,0.00,0.00,CCU,DEL,2026-09-07,Economy Saver,True,1,True,7007.00,PRICED,2026-09-05 20:15,ANCHOR_TIMESTAMP,INR,DECLARED_PROTOTYPE_CONSTANT,,phase8-v1
CELL::CCU|DEL|2026-09-07|Economy Saver|T1(0-2)::ROUND::2026-09-06T09:00,CCU,DEL,2026-09-07,Economy Saver,T1(0-2),ROUND::2026-09-06T09:00,2026-09-06 09:00,ANCHORED,0,7496.50,CONSOLIDATED,False,2,Cleartrip;EaseMyTrip,4,PARTIAL_COVERAGE,0.5000,AirlineSite;Goibibo;MMT,1,1,7496.50,2,2,OBS01725;OBS01726,0,0,7484.00,7509.00,Cleartrip=7484.00;EaseMyTrip=7509.00,7484.00,7509.00,7496.50,25.00,25.00,0.00,CCU,DEL,2026-09-07,Economy Saver,True,1,True,7496.50,PRICED,2026-09-06 09:00,ANCHOR_TIMESTAMP,INR,DECLARED_PROTOTYPE_CONSTANT,,phase8-v1
CELL::CCU|DEL|2026-09-07|Economy Saver|T1(0-2)::ROUND::2026-09-06T14:30,CCU,DEL,2026-09-07,Economy Saver,T1(0-2),ROUND::2026-09-06T14:30,2026-09-06 14:30,ANCHORED,0,7284.25,CONSOLIDATED,False,3,AirlineSite;Cleartrip;MMT,4,PARTIAL_COVERAGE,0.7500,Goibibo,2,2,7265.50;7303.00,4,4,OBS02207;OBS02208;OBS02231;OBS02232,0,0,7174.00,7432.00,AirlineSite=7174.00;Cleartrip=7337.00;MMT=7289.00,7174.00,7337.00,7289.00,258.00,152.50,37.50,CCU,DEL,2026-09-07,Economy Saver,True,1,True,7284.25,PRICED,2026-09-06 14:30,ANCHOR_TIMESTAMP,INR,DECLARED_PROTOTYPE_CONSTANT,,phase8-v1
CELL::CCU|DEL|2026-09-07|Economy Saver|T1(0-2)::ROUND::2026-09-06T20:15,CCU,DEL,2026-09-07,Economy Saver,T1(0-2),ROUND::2026-09-06T20:15,2026-09-06 20:15,ANCHORED,0,7513.50,CONSOLIDATED,False,2,Cleartrip;Goibibo,4,PARTIAL_COVERAGE,0.5000,AirlineSite;MMT,2,2,7303.00;7724.00,2,2,OBS02719;OBS02732,0,0,7303.00,7724.00,Cleartrip=7303.00;Goibibo=7724.00,7303.00,7724.00,7513.50,0.00,0.00,421.00,CCU,DEL,2026-09-07,Economy Saver,True,1,True,7513.50,PRICED,2026-09-06 20:15,ANCHOR_TIMESTAMP,INR,DECLARED_PROTOTYPE_CONSTANT,,phase8-v1
CELL::CCU|DEL|2026-09-07|Economy Standard|T1(0-2)::ROUND::2026-09-05T09:00,CCU,DEL,2026-09-07,Economy Standard,T1(0-2),ROUND::2026-09-05T09:00,2026-09-05 09:00,ANCHORED,0,9510.00,CONSOLIDATED,False,2,EaseMyTrip;MMT,4,PARTIAL_COVERAGE,0.5000,AirlineSite;Cleartrip;Goibibo,1,1,9510.00,2,2,OBS00192;OBS00193,0,0,9088.00,9932.00,EaseMyTrip=9088.00;MMT=9932.00,9088.00,9932.00,9510.00,844.00,844.00,0.00,CCU,DEL,2026-09-07,Economy Standard,True,2,True,9510.00,PRICED,2026-09-05 09:00,ANCHOR_TIMESTAMP,INR,DECLARED_PROTOTYPE_CONSTANT,,phase8-v1
CELL::CCU|DEL|2026-09-07|Economy Standard|T1(0-2)::ROUND::2026-09-05T20:15,CCU,DEL,2026-09-07,Economy Standard,T1(0-2),ROUND::2026-09-05T20:15,2026-09-05 20:15,ANCHORED,0,9622.50,CONSOLIDATED,False,3,EaseMyTrip;Goibibo;MMT,4,PARTIAL_COVERAGE,0.7500,AirlineSite;Cleartrip,3,3,9598.00;9622.50;9649.00,4,4,OBS01184;OBS01185;OBS01196;OBS01207,0,0,9520.00,9725.00,EaseMyTrip=9520.00;Goibibo=9598.00;MMT=9687.00,9520.00,9687.00,9598.00,205.00,0.00,51.00,CCU,DEL,2026-09-07,Economy Standard,True,2,True,9622.50,PRICED,2026-09-05 20:15,ANCHOR_TIMESTAMP,INR,DECLARED_PROTOTYPE_CONSTANT,,phase8-v1
CELL::CCU|DEL|2026-09-07|Economy Standard|T1(0-2)::ROUND::2026-09-06T09:00,CCU,DEL,2026-09-07,Economy Standard,T1(0-2),ROUND::2026-09-06T09:00,2026-09-06 09:00,ANCHORED,0,9450.50,CONSOLIDATED,False,3,EaseMyTrip;Goibibo;MMT,4,PARTIAL_COVERAGE,0.7500,AirlineSite;Cleartrip,2,2,9420.00;9481.00,3,3,OBS01702;OBS01703;OBS01714,0,0,9420.00,9499.00,EaseMyTrip=9420.00;Goibibo=9499.00;MMT=9463.00,9420.00,9499.00,9463.00,36.00,18.00,61.00,CCU,DEL,2026-09-07,Economy Standard,True,2,True,9450.50,PRICED,2026-09-06 09:00,ANCHOR_TIMESTAMP,INR,DECLARED_PROTOTYPE_CONSTANT,,phase8-v1
CELL::CCU|DEL|2026-09-07|Economy Standard|T1(0-2)::ROUND::2026-09-06T14:30,CCU,DEL,2026-09-07,Economy Standard,T1(0-2),ROUND::2026-09-06T14:30,2026-09-06 14:30,ANCHORED,0,9603.00,CONSOLIDATED,False,2,AirlineSite;MMT,4,PARTIAL_COVERAGE,0.5000,Cleartrip;Goibibo,1,1,9603.00,2,2,OBS02219;OBS02220,0,0,9461.00,9745.00,AirlineSite=9745.00;MMT=9461.00,9461.00,9745.00,9603.00,284.00,284.00,0.00,CCU,DEL,2026-09-07,Economy Standard,True,2,True,9603.00,PRICED,2026-09-06 14:30,ANCHOR_TIMESTAMP,INR,DECLARED_PROTOTYPE_CONSTANT,,phase8-v1
CELL::CCU|DEL|2026-09-07|Economy Standard|T1(0-2)::ROUND::2026-09-06T20:15,CCU,DEL,2026-09-07,Economy Standard,T1(0-2),ROUND::2026-09-06T20:15,2026-09-06 20:15,ANCHORED,0,9332.00,CONSOLIDATED,False,2,Cleartrip;EaseMyTrip,4,PARTIAL_COVERAGE,0.5000,AirlineSite;Goibibo;MMT,1,1,9332.00,2,2,OBS02708;OBS02709,0,0,9149.00,9515.00,Cleartrip=9515.00;EaseMyTrip=9149.00,9149.00,9515.00,9332.00,366.00,366.00,0.00,CCU,DEL,2026-09-07,Economy Standard,True,2,True,9332.00,PRICED,2026-09-06 20:15,ANCHOR_TIMESTAMP,INR,DECLARED_PROTOTYPE_CONSTANT,,phase8-v1
CELL::CCU|DEL|2026-09-13|Economy Flexi|T7(5-9)::ROUND::2026-09-05T09:00,CCU,DEL,2026-09-13,Economy Flexi,T7(5-9),ROUND::2026-09-05T09:00,2026-09-05 09:00,ANCHORED,0,10459.00,CONSOLIDATED,False,4,AirlineSite;Cleartrip;EaseMyTrip;MMT,4,FULL_COVERAGE,1.0000,Goibibo,3,3,10259.00;10459.00;10713.00,5,5,OBS00172;OBS00173;OBS00186;OBS00194;OBS00195,0,0,10007.00,10911.00,AirlineSite=10259.00;Cleartrip=10911.00;EaseMyTrip=10682.00;MMT=10375.50,10259.00,10911.00,10528.75,904.00,62.00,454.00,CCU,DEL,2026-09-13,Economy Flexi,True,3,True,10459.00,PRICED,2026-09-05 09:00,ANCHOR_TIMESTAMP,INR,DECLARED_PROTOTYPE_CONSTANT,,phase8-v1
CELL::CCU|DEL|2026-09-13|Economy Flexi|T7(5-9)::ROUND::2026-09-05T14:30,CCU,DEL,2026-09-13,Economy Flexi,T7(5-9),ROUND::2026-09-05T14:30,2026-09-05 14:30,ANCHORED,0,10428.00,CONSOLIDATED,False,4,Cleartrip;EaseMyTrip;Goibibo;MMT,4,FULL_COVERAGE,1.0000,AirlineSite,3,3,10315.00;10428.00;10718.00,4,4,OBS00673;OBS00688;OBS00696;OBS00697,0,0,10143.00,10718.00,Cleartrip=10315.00;EaseMyTrip=10143.00;Goibibo=10718.00;MMT=10713.00,10143.00,10718.00,10514.00,570.00,0.00,403.00,CCU,DEL,2026-09-13,Economy Flexi,True,3,True,10428.00,PRICED,2026-09-05 14:30,ANCHOR_TIMESTAMP,INR,DECLARED_PROTOTYPE_CONSTANT,,phase8-v1
CELL::CCU|DEL|2026-09-13|Economy Flexi|T7(5-9)::ROUND::2026-09-05T20:15,CCU,DEL,2026-09-13,Economy Flexi,T7(5-9),ROUND::2026-09-05T20:15,2026-09-05 20:15,ANCHORED,0,10545.50,CONSOLIDATED,False,2,EaseMyTrip;Goibibo,4,PARTIAL_COVERAGE,0.5000,AirlineSite;Cleartrip;MMT,2,2,10193.00;10898.00,3,3,OBS01186;OBS01187;OBS01199,0,0,10080.00,10898.00,EaseMyTrip=10602.00;Goibibo=10080.00,10080.00,10602.00,10341.00,226.00,113.00,705.00,CCU,DEL,2026-09-13,Economy Flexi,True,3,True,10545.50,PRICED,2026-09-05 20:15,ANCHOR_TIMESTAMP,INR,DECLARED_PROTOTYPE_CONSTANT,,phase8-v1
CELL::CCU|DEL|2026-09-13|Economy Flexi|T7(5-9)::ROUND::2026-09-06T09:00,CCU,DEL,2026-09-13,Economy Flexi,T7(5-9),ROUND::2026-09-06T09:00,2026-09-06 09:00,ANCHORED,0,10439.75,CONSOLIDATED,False,3,AirlineSite;EaseMyTrip;MMT,4,PARTIAL_COVERAGE,0.7500,Cleartrip;Goibibo,2,2,10248.50;10631.00,3,3,OBS01705;OBS01706;OBS01717,0,0,10236.00,10631.00,AirlineSite=10261.00;EaseMyTrip=10236.00;MMT=10631.00,10236.00,10631.00,10261.00,25.00,12.50,382.50,CCU,DEL,2026-09-13,Economy Flexi,True,3,True,10439.75,PRICED,2026-09-06 09:00,ANCHOR_TIMESTAMP,INR,DECLARED_PROTOTYPE_CONSTANT,,phase8-v1
CELL::CCU|DEL|2026-09-13|Economy Flexi|T7(5-9)::ROUND::2026-09-06T14:30,CCU,DEL,2026-09-13,Economy Flexi,T7(5-9),ROUND::2026-09-06T14:30,2026-09-06 14:30,ANCHORED,0,10450.00,CONSOLIDATED,True,1,EaseMyTrip,4,SINGLE_SOURCE,0.2500,AirlineSite;Cleartrip;Goibibo;MMT,1,1,10450.00,1,1,OBS02211,0,0,10450.00,10450.00,EaseMyTrip=10450.00,10450.00,10450.00,10450.00,0.00,0.00,0.00,CCU,DEL,2026-09-13,Economy Flexi,True,3,True,10450.00,PRICED,2026-09-06 14:30,ANCHOR_TIMESTAMP,INR,DECLARED_PROTOTYPE_CONSTANT,,phase8-v1
CELL::CCU|DEL|2026-09-13|Economy Flexi|T7(5-9)::ROUND::2026-09-06T20:15,CCU,DEL,2026-09-13,Economy Flexi,T7(5-9),ROUND::2026-09-06T20:15,2026-09-06 20:15,ANCHORED,0,10287.00,CONSOLIDATED,False,3,AirlineSite;Cleartrip;MMT,4,PARTIAL_COVERAGE,0.7500,Goibibo,2,2,10041.00;10533.00,3,3,OBS02711;OBS02720;OBS02721,0,0,10041.00,10604.00,AirlineSite=10041.00;Cleartrip=10604.00;MMT=10462.00,10041.00,10604.00,10462.00,142.00,71.00,492.00,CCU,DEL,2026-09-13,Economy Flexi,True,3,True,10287.00,PRICED,2026-09-06 20:15,ANCHOR_TIMESTAMP,INR,DECLARED_PROTOTYPE_CONSTANT,,phase8-v1
CELL::CCU|DEL|2026-09-13|Economy Saver|T7(5-9)::ROUND::2026-09-05T09:00,CCU,DEL,2026-09-13,Economy Saver,T7(5-9),ROUND::2026-09-05T09:00,2026-09-05 09:00,ANCHORED,0,6858.50,CONSOLIDATED,False,2,Cleartrip;EaseMyTrip,4,PARTIAL_COVERAGE,0.5000,AirlineSite;Goibibo;MMT,1,1,6858.50,2,2,OBS00174;OBS00175,0,0,6853.00,6864.00,Cleartrip=6853.00;EaseMyTrip=6864.00,6853.00,6864.00,6858.50,11.00,11.00,0.00,CCU,DEL,2026-09-13,Economy Saver,True,1,True,6858.50,PRICED,2026-09-05 09:00,ANCHOR_TIMESTAMP,INR,DECLARED_PROTOTYPE_CONSTANT,,phase8-v1
CELL::CCU|DEL|2026-09-13|Economy Saver|T7(5-9)::ROUND::2026-09-05T20:15,CCU,DEL,2026-09-13,Economy Saver,T7(5-9),ROUND::2026-09-05T20:15,2026-09-05 20:15,ANCHORED,0,6661.25,CONSOLIDATED,False,2,EaseMyTrip;Goibibo,4,PARTIAL_COVERAGE,0.5000,AirlineSite;Cleartrip;MMT,2,2,6582.00;6740.50,3,3,OBS01188;OBS01208;OBS01209,0,0,6582.00,6767.00,EaseMyTrip=6714.00;Goibibo=6674.50,6674.50,6714.00,6694.25,53.00,26.50,158.50,CCU,DEL,2026-09-13,Economy Saver,True,1,True,6661.25,PRICED,2026-09-05 20:15,ANCHOR_TIMESTAMP,INR,DECLARED_PROTOTYPE_CONSTANT,,phase8-v1
CELL::CCU|DEL|2026-09-13|Economy Saver|T7(5-9)::ROUND::2026-09-06T09:00,CCU,DEL,2026-09-13,Economy Saver,T7(5-9),ROUND::2026-09-06T09:00,2026-09-06 09:00,ANCHORED,0,6786.75,CONSOLIDATED,False,3,Cleartrip;Goibibo;MMT,4,PARTIAL_COVERAGE,0.7500,AirlineSite,2,2,6780.50;6793.00,3,3,OBS01704;OBS01715;OBS01716,0,0,6542.00,7019.00,Cleartrip=6793.00;Goibibo=7019.00;MMT=6542.00,6542.00,7019.00,6793.00,477.00,238.50,12.50,CCU,DEL,2026-09-13,Economy Saver,True,1,True,6786.75,PRICED,2026-09-06 09:00,ANCHOR_TIMESTAMP,INR,DECLARED_PROTOTYPE_CONSTANT,,phase8-v1
CELL::CCU|DEL|2026-09-13|Economy Saver|T7(5-9)::ROUND::2026-09-06T14:30,CCU,DEL,2026-09-13,Economy Saver,T7(5-9),ROUND::2026-09-06T14:30,2026-09-06 14:30,ANCHORED,0,6707.75,CONSOLIDATED,False,4,AirlineSite;Cleartrip;EaseMyTrip;Goibibo,4,FULL_COVERAGE,1.0000,MMT,2,2,6680.00;6735.50,4,4,OBS02209;OBS02210;OBS02234;OBS02235,0,0,6468.00,7003.00,AirlineSite=6765.00;Cleartrip=7003.00;EaseMyTrip=6595.00;Goibibo=6468.00,6468.00,7003.00,6680.00,535.00,352.50,55.50,CCU,DEL,2026-09-13,Economy Saver,True,1,True,6707.75,PRICED,2026-09-06 14:30,ANCHOR_TIMESTAMP,INR,DECLARED_PROTOTYPE_CONSTANT,,phase8-v1
CELL::CCU|DEL|2026-09-13|Economy Saver|T7(5-9)::ROUND::2026-09-06T20:15,CCU,DEL,2026-09-13,Economy Saver,T7(5-9),ROUND::2026-09-06T20:15,2026-09-06 20:15,ANCHORED,0,7002.75,CONSOLIDATED,False,2,EaseMyTrip;Goibibo,4,PARTIAL_COVERAGE,0.5000,AirlineSite;Cleartrip;MMT,2,2,6952.50;7053.00,3,3,OBS02712;OBS02733;OBS02734,0,0,6767.00,7138.00,EaseMyTrip=7138.00;Goibibo=6910.00,6910.00,7138.00,7024.00,371.00,185.50,100.50,CCU,DEL,2026-09-13,Economy Saver,True,1,True,7002.75,PRICED,2026-09-06 20:15,ANCHOR_TIMESTAMP,INR,DECLARED_PROTOTYPE_CONSTANT,,phase8-v1
CELL::CCU|DEL|2026-09-13|Economy Standard|T7(5-9)::ROUND::2026-09-05T09:00,CCU,DEL,2026-09-13,Economy Standard,T7(5-9),ROUND::2026-09-05T09:00,2026-09-05 09:00,ANCHORED,0,8348.25,CONSOLIDATED,False,2,Cleartrip;EaseMyTrip,4,PARTIAL_COVERAGE,0.5000,AirlineSite;Goibibo;MMT,2,2,8159.00;8537.50,3,3,OBS00185;OBS00196;OBS00197,0,0,8151.00,8924.00,Cleartrip=8151.00;EaseMyTrip=8541.50,8151.00,8541.50,8346.25,773.00,386.50,378.50,CCU,DEL,2026-09-13,Economy Standard,True,2,True,8348.25,PRICED,2026-09-05 09:00,ANCHOR_TIMESTAMP,INR,DECLARED_PROTOTYPE_CONSTANT,,phase8-v1
CELL::CCU|DEL|2026-09-13|Economy Standard|T7(5-9)::ROUND::2026-09-05T14:30,CCU,DEL,2026-09-13,Economy Standard,T7(5-9),ROUND::2026-09-05T14:30,2026-09-05 14:30,ANCHORED,0,8394.00,CONSOLIDATED,False,3,AirlineSite;Goibibo;MMT,4,PARTIAL_COVERAGE,0.7500,Cleartrip,2,2,8362.00;8426.00,3,3,OBS00674;OBS00686;OBS00687,0,0,8285.00,8439.00,AirlineSite=8285.00;Goibibo=8439.00;MMT=8426.00,8285.00,8439.00,8426.00,154.00,77.00,64.00,CCU,DEL,2026-09-13,Economy Standard,True,2,True,8394.00,PRICED,2026-09-05 14:30,ANCHOR_TIMESTAMP,INR,DECLARED_PROTOTYPE_CONSTANT,,phase8-v1
CELL::CCU|DEL|2026-09-13|Economy Standard|T7(5-9)::ROUND::2026-09-06T09:00,CCU,DEL,2026-09-13,Economy Standard,T7(5-9),ROUND::2026-09-06T09:00,2026-09-06 09:00,ANCHORED,0,9017.00,CONSOLIDATED,True,1,Cleartrip,4,SINGLE_SOURCE,0.2500,AirlineSite;Goibibo;MMT,1,1,9017.00,1,1,OBS01729,0,0,9017.00,9017.00,Cleartrip=9017.00,9017.00,9017.00,9017.00,0.00,0.00,0.00,CCU,DEL,2026-09-13,Economy Standard,True,2,True,9017.00,PRICED,2026-09-06 09:00,ANCHOR_TIMESTAMP,INR,DECLARED_PROTOTYPE_CONSTANT,,phase8-v1
CELL::CCU|DEL|2026-09-13|Economy Standard|T7(5-9)::ROUND::2026-09-06T14:30,CCU,DEL,2026-09-13,Economy Standard,T7(5-9),ROUND::2026-09-06T14:30,2026-09-06 14:30,ANCHORED,0,8695.50,CONSOLIDATED,False,1,Cleartrip,4,SINGLE_SOURCE,0.2500,AirlineSite;Goibibo;MMT,2,2,8346.00;9045.00,2,2,OBS02221;OBS02233,0,0,8346.00,9045.00,Cleartrip=8695.50,8695.50,8695.50,8695.50,0.00,0.00,699.00,CCU,DEL,2026-09-13,Economy Standard,True,2,True,8695.50,PRICED,2026-09-06 14:30,ANCHOR_TIMESTAMP,INR,DECLARED_PROTOTYPE_CONSTANT,,phase8-v1
CELL::CCU|DEL|2026-09-13|Economy Standard|T7(5-9)::ROUND::2026-09-06T20:15,CCU,DEL,2026-09-13,Economy Standard,T7(5-9),ROUND::2026-09-06T20:15,2026-09-06 20:15,ANCHORED,0,8838.75,CONSOLIDATED,False,3,AirlineSite;Goibibo;MMT,4,PARTIAL_COVERAGE,0.7500,Cleartrip,2,2,8679.50;8998.00,3,3,OBS02722;OBS02723;OBS02735,0,0,8326.00,9033.00,AirlineSite=9033.00;Goibibo=8998.00;MMT=8326.00,8326.00,9033.00,8998.00,707.00,353.50,318.50,CCU,DEL,2026-09-13,Economy Standard,True,2,True,8838.75,PRICED,2026-09-06 20:15,ANCHOR_TIMESTAMP,INR,DECLARED_PROTOTYPE_CONSTANT,,phase8-v1
CELL::CCU|DEL|2026-09-21|Economy Flexi|T15(12-18)::ROUND::2026-09-05T09:00,CCU,DEL,2026-09-21,Economy Flexi,T15(12-18),ROUND::2026-09-05T09:00,2026-09-05 09:00,ANCHORED,0,8883.50,CONSOLIDATED,False,2,AirlineSite;MMT,4,PARTIAL_COVERAGE,0.5000,Cleartrip;Goibibo,1,1,8883.50,2,2,OBS00200;OBS00201,0,0,8669.00,9098.00,AirlineSite=8669.00;MMT=9098.00,8669.00,9098.00,8883.50,429.00,429.00,0.00,CCU,DEL,2026-09-21,Economy Flexi,True,3,True,8883.50,PRICED,2026-09-05 09:00,ANCHOR_TIMESTAMP,INR,DECLARED_PROTOTYPE_CONSTANT,,phase8-v1
CELL::CCU|DEL|2026-09-21|Economy Flexi|T15(12-18)::ROUND::2026-09-05T20:15,CCU,DEL,2026-09-21,Economy Flexi,T15(12-18),ROUND::2026-09-05T20:15,2026-09-05 20:15,ANCHORED,0,8719.25,CONSOLIDATED,False,3,Cleartrip;Goibibo;MMT,4,PARTIAL_COVERAGE,0.7500,AirlineSite,2,2,8641.50;8797.00,4,4,OBS01189;OBS01190;OBS01211;OBS01212,0,0,8472.00,8818.00,Cleartrip=8645.00;Goibibo=8811.00;MMT=8776.00,8645.00,8811.00,8776.00,339.00,190.50,155.50,CCU,DEL,2026-09-21,Economy Flexi,True,3,True,8719.25,PRICED,2026-09-05 20:15,ANCHOR_TIMESTAMP,INR,DECLARED_PROTOTYPE_CONSTANT,,phase8-v1
CELL::CCU|DEL|2026-09-21|Economy Flexi|T15(12-18)::ROUND::2026-09-06T09:00,CCU,DEL,2026-09-21,Economy Flexi,T15(12-18),ROUND::2026-09-06T09:00,2026-09-06 09:00,ANCHORED,0,8998.00,CONSOLIDATED,False,2,EaseMyTrip;Goibibo,4,PARTIAL_COVERAGE,0.5000,AirlineSite;Cleartrip;MMT,1,1,8998.00,2,2,OBS01719;OBS01720,0,0,8826.00,9170.00,EaseMyTrip=9170.00;Goibibo=8826.00,8826.00,9170.00,8998.00,344.00,344.00,0.00,CCU,DEL,2026-09-21,Economy Flexi,True,3,True,8998.00,PRICED,2026-09-06 09:00,ANCHOR_TIMESTAMP,INR,DECLARED_PROTOTYPE_CONSTANT,,phase8-v1
CELL::CCU|DEL|2026-09-21|Economy Flexi|T15(12-18)::ROUND::2026-09-06T14:30,CCU,DEL,2026-09-21,Economy Flexi,T15(12-18),ROUND::2026-09-06T14:30,2026-09-06 14:30,ANCHORED,0,9255.75,CONSOLIDATED,False,3,Cleartrip;EaseMyTrip;Goibibo,4,PARTIAL_COVERAGE,0.7500,AirlineSite;MMT,2,2,9161.00;9350.50,4,4,OBS02222;OBS02223;OBS02236;OBS02237,0,0,8933.00,9389.00,Cleartrip=8933.00;EaseMyTrip=9366.00;Goibibo=9358.00,8933.00,9366.00,9358.00,456.00,235.50,189.50,CCU,DEL,2026-09-21,Economy Flexi,True,3,True,9255.75,PRICED,2026-09-06 14:30,ANCHOR_TIMESTAMP,INR,DECLARED_PROTOTYPE_CONSTANT,,phase8-v1
CELL::CCU|DEL|2026-09-21|Economy Flexi|T15(12-18)::ROUND::2026-09-06T20:15,CCU,DEL,2026-09-21,Economy Flexi,T15(12-18),ROUND::2026-09-06T20:15,2026-09-06 20:15,ANCHORED,0,9136.00,CONSOLIDATED,True,1,Cleartrip,4,SINGLE_SOURCE,0.2500,AirlineSite;Goibibo;MMT,1,1,9136.00,1,1,OBS02715,0,0,9136.00,9136.00,Cleartrip=9136.00,9136.00,9136.00,9136.00,0.00,0.00,0.00,CCU,DEL,2026-09-21,Economy Flexi,True,3,True,9136.00,PRICED,2026-09-06 20:15,ANCHOR_TIMESTAMP,INR,DECLARED_PROTOTYPE_CONSTANT,,phase8-v1
CELL::CCU|DEL|2026-09-21|Economy Saver|T15(12-18)::ROUND::2026-09-05T09:00,CCU,DEL,2026-09-21,Economy Saver,T15(12-18),ROUND::2026-09-05T09:00,2026-09-05 09:00,ANCHORED,0,5627.75,CONSOLIDATED,False,3,Cleartrip;EaseMyTrip;MMT,4,PARTIAL_COVERAGE,0.7500,AirlineSite;Goibibo,2,2,5594.00;5661.50,4,4,OBS00176;OBS00177;OBS00198;OBS00199,0,0,5473.00,5734.00,Cleartrip=5724.50;EaseMyTrip=5589.00;MMT=5473.00,5473.00,5724.50,5589.00,242.00,193.50,67.50,CCU,DEL,2026-09-21,Economy Saver,True,1,True,5627.75,PRICED,2026-09-05 09:00,ANCHOR_TIMESTAMP,INR,DECLARED_PROTOTYPE_CONSTANT,,phase8-v1
CELL::CCU|DEL|2026-09-21|Economy Saver|T15(12-18)::ROUND::2026-09-05T14:30,CCU,DEL,2026-09-21,Economy Saver,T15(12-18),ROUND::2026-09-05T14:30,2026-09-05 14:30,ANCHORED,0,5511.00,CONSOLIDATED,False,2,AirlineSite;EaseMyTrip,4,PARTIAL_COVERAGE,0.5000,Cleartrip;Goibibo;MMT,1,1,5511.00,2,2,OBS00675;OBS00676,0,0,5422.00,5600.00,AirlineSite=5600.00;EaseMyTrip=5422.00,5422.00,5600.00,5511.00,178.00,178.00,0.00,CCU,DEL,2026-09-21,Economy Saver,True,1,True,5511.00,PRICED,2026-09-05 14:30,ANCHOR_TIMESTAMP,INR,DECLARED_PROTOTYPE_CONSTANT,,phase8-v1
CELL::CCU|DEL|2026-09-21|Economy Saver|T15(12-18)::ROUND::2026-09-06T14:30,CCU,DEL,2026-09-21,Economy Saver,T15(12-18),ROUND::2026-09-06T14:30,2026-09-06 14:30,ANCHORED,0,5871.50,CONSOLIDATED,False,2,AirlineSite;MMT,4,PARTIAL_COVERAGE,0.5000,Cleartrip;Goibibo,1,1,5871.50,2,2,OBS02224;OBS02225,0,0,5826.00,5917.00,AirlineSite=5917.00;MMT=5826.00,5826.00,5917.00,5871.50,91.00,91.00,0.00,CCU,DEL,2026-09-21,Economy Saver,True,1,True,5871.50,PRICED,2026-09-06 14:30,ANCHOR_TIMESTAMP,INR,DECLARED_PROTOTYPE_CONSTANT,,phase8-v1
CELL::CCU|DEL|2026-09-21|Economy Saver|T15(12-18)::ROUND::2026-09-06T20:15,CCU,DEL,2026-09-21,Economy Saver,T15(12-18),ROUND::2026-09-06T20:15,2026-09-06 20:15,ANCHORED,0,5756.75,CONSOLIDATED,False,2,AirlineSite;Cleartrip,4,PARTIAL_COVERAGE,0.5000,Goibibo;MMT,2,2,5613.00;5900.50,3,3,OBS02724;OBS02725;OBS02736,0,0,5613.00,5950.00,AirlineSite=5781.50;Cleartrip=5851.00,5781.50,5851.00,5816.25,99.00,49.50,287.50,CCU,DEL,2026-09-21,Economy Saver,True,1,True,5756.75,PRICED,2026-09-06 20:15,ANCHOR_TIMESTAMP,INR,DECLARED_PROTOTYPE_CONSTANT,,phase8-v1
CELL::CCU|DEL|2026-09-21|Economy Standard|T15(12-18)::ROUND::2026-09-05T09:00,CCU,DEL,2026-09-21,Economy Standard,T15(12-18),ROUND::2026-09-05T09:00,2026-09-05 09:00,ANCHORED,0,7356.00,CONSOLIDATED,False,2,Cleartrip;MMT,4,PARTIAL_COVERAGE,0.5000,AirlineSite;Goibibo,2,2,7250.00;7462.00,2,2,OBS00178;OBS00187,0,0,7250.00,7462.00,Cleartrip=7462.00;MMT=7250.00,7250.00,7462.00,7356.00,0.00,0.00,212.00,CCU,DEL,2026-09-21,Economy Standard,True,2,True,7356.00,PRICED,2026-09-05 09:00,ANCHOR_TIMESTAMP,INR,DECLARED_PROTOTYPE_CONSTANT,,phase8-v1
CELL::CCU|DEL|2026-09-21|Economy Standard|T15(12-18)::ROUND::2026-09-05T14:30,CCU,DEL,2026-09-21,Economy Standard,T15(12-18),ROUND::2026-09-05T14:30,2026-09-05 14:30,ANCHORED,0,7345.00,CONSOLIDATED,True,3,Cleartrip;EaseMyTrip;MMT,4,PARTIAL_COVERAGE,0.7500,AirlineSite;Goibibo,3,3,7339.50;7345.00;7356.00,4,4,OBS00677;OBS00689;OBS00698;OBS00699,0,0,7150.00,7529.00,Cleartrip=7247.50;EaseMyTrip=7529.00;MMT=7356.00,7247.50,7529.00,7356.00,379.00,0.00,16.50,CCU,DEL,2026-09-21,Economy Standard,True,2,True,7345.00,PRICED,2026-09-05 14:30,ANCHOR_TIMESTAMP,INR,DECLARED_PROTOTYPE_CONSTANT,,phase8-v1
CELL::CCU|DEL|2026-09-21|Economy Standard|T15(12-18)::ROUND::2026-09-05T20:15,CCU,DEL,2026-09-21,Economy Standard,T15(12-18),ROUND::2026-09-05T20:15,2026-09-05 20:15,ANCHORED,0,7294.00,CONSOLIDATED,False,2,Cleartrip;MMT,4,PARTIAL_COVERAGE,0.5000,AirlineSite;Goibibo,2,2,7127.00;7461.00,2,2,OBS01200;OBS01210,0,0,7127.00,7461.00,Cleartrip=7461.00;MMT=7127.00,7127.00,7461.00,7294.00,0.00,0.00,334.00,CCU,DEL,2026-09-21,Economy Standard,True,2,True,7294.00,PRICED,2026-09-05 20:15,ANCHOR_TIMESTAMP,INR,DECLARED_PROTOTYPE_CONSTANT,,phase8-v1
CELL::CCU|DEL|2026-09-21|Economy Standard|T15(12-18)::ROUND::2026-09-06T09:00,CCU,DEL,2026-09-21,Economy Standard,T15(12-18),ROUND::2026-09-06T09:00,2026-09-06 09:00,ANCHORED,0,7142.00,CONSOLIDATED,True,3,AirlineSite;Cleartrip;MMT,4,PARTIAL_COVERAGE,0.7500,Goibibo,3,3,7117.00;7142.00;7593.00,3,3,OBS01707;OBS01718;OBS01730,0,0,7117.00,7593.00,AirlineSite=7117.00;Cleartrip=7593.00;MMT=7142.00,7117.00,7593.00,7142.00,0.00,0.00,476.00,CCU,DEL,2026-09-21,Economy Standard,True,2,True,7142.00,PRICED,2026-09-06 09:00,ANCHOR_TIMESTAMP,INR,DECLARED_PROTOTYPE_CONSTANT,,phase8-v1
CELL::CCU|DEL|2026-09-21|Economy Standard|T15(12-18)::ROUND::2026-09-06T14:30,CCU,DEL,2026-09-21,Economy Standard,T15(12-18),ROUND::2026-09-06T14:30,2026-09-06 14:30,ANCHORED,0,7060.00,CONSOLIDATED,True,1,Goibibo,4,SINGLE_SOURCE,0.2500,AirlineSite;Cleartrip;MMT,1,1,7060.00,1,1,OBS02212,0,0,7060.00,7060.00,Goibibo=7060.00,7060.00,7060.00,7060.00,0.00,0.00,0.00,CCU,DEL,2026-09-21,Economy Standard,True,2,True,7060.00,PRICED,2026-09-06 14:30,ANCHOR_TIMESTAMP,INR,DECLARED_PROTOTYPE_CONSTANT,,phase8-v1
CELL::CCU|DEL|2026-09-21|Economy Standard|T15(12-18)::ROUND::2026-09-06T20:15,CCU,DEL,2026-09-21,Economy Standard,T15(12-18),ROUND::2026-09-06T20:15,2026-09-06 20:15,ANCHORED,0,7480.50,CONSOLIDATED,False,2,AirlineSite;MMT,4,PARTIAL_COVERAGE,0.5000,Cleartrip;Goibibo,1,1,7480.50,2,2,OBS02713;OBS02714,0,0,7285.00,7676.00,AirlineSite=7676.00;MMT=7285.00,7285.00,7676.00,7480.50,391.00,391.00,0.00,CCU,DEL,2026-09-21,Economy Standard,True,2,True,7480.50,PRICED,2026-09-06 20:15,ANCHOR_TIMESTAMP,INR,DECLARED_PROTOTYPE_CONSTANT,,phase8-v1
CELL::CCU|DEL|2026-10-06|Economy Flexi|T30(25-35)::ROUND::2026-09-05T09:00,CCU,DEL,2026-10-06,Economy Flexi,T30(25-35),ROUND::2026-09-05T09:00,2026-09-05 09:00,ANCHORED,0,8256.50,CONSOLIDATED,False,2,AirlineSite;MMT,4,PARTIAL_COVERAGE,0.5000,Cleartrip;Goibibo,1,1,8256.50,2,2,OBS00202;OBS00203,0,0,8178.00,8335.00,AirlineSite=8178.00;MMT=8335.00,8178.00,8335.00,8256.50,157.00,157.00,0.00,CCU,DEL,2026-10-06,Economy Flexi,True,3,True,8256.50,PRICED,2026-09-05 09:00,ANCHOR_TIMESTAMP,INR,DECLARED_PROTOTYPE_CONSTANT,,phase8-v1
CELL::CCU|DEL|2026-10-06|Economy Flexi|T30(25-35)::ROUND::2026-09-05T14:30,CCU,DEL,2026-10-06,Economy Flexi,T30(25-35),ROUND::2026-09-05T14:30,2026-09-05 14:30,ANCHORED,0,7935.25,CONSOLIDATED,False,3,EaseMyTrip;Goibibo;MMT,4,PARTIAL_COVERAGE,0.7500,AirlineSite;Cleartrip,2,2,7777.00;8093.50,4,4,OBS00678;OBS00679;OBS00690;OBS00691,0,0,7699.00,8433.00,EaseMyTrip=8433.00;Goibibo=7804.50;MMT=7699.00,7699.00,8433.00,7804.50,679.00,417.50,316.50,CCU,DEL,2026-10-06,Economy Flexi,True,3,True,7935.25,PRICED,2026-09-05 14:30,ANCHOR_TIMESTAMP,INR,DECLARED_PROTOTYPE_CONSTANT,,phase8-v1
CELL::CCU|DEL|2026-10-06|Economy Flexi|T30(25-35)::ROUND::2026-09-05T20:15,CCU,DEL,2026-10-06,Economy Flexi,T30(25-35),ROUND::2026-09-05T20:15,2026-09-05 20:15,ANCHORED,0,8024.50,CONSOLIDATED,False,2,AirlineSite;Cleartrip,4,PARTIAL_COVERAGE,0.5000,Goibibo;MMT,2,2,7907.50;8141.50,4,4,OBS01201;OBS01202;OBS01213;OBS01214,0,0,7787.00,8270.00,AirlineSite=8028.50;Cleartrip=8020.50,8020.50,8028.50,8024.50,257.00,249.00,234.00,CCU,DEL,2026-10-06,Economy Flexi,True,3,True,8024.50,PRICED,2026-09-05 20:15,ANCHOR_TIMESTAMP,INR,DECLARED_PROTOTYPE_CONSTANT,,phase8-v1
CELL::CCU|DEL|2026-10-06|Economy Flexi|T30(25-35)::ROUND::2026-09-06T09:00,CCU,DEL,2026-10-06,Economy Flexi,T30(25-35),ROUND::2026-09-06T09:00,2026-09-06 09:00,ANCHORED,0,7942.25,CONSOLIDATED,False,2,Cleartrip;MMT,4,PARTIAL_COVERAGE,0.5000,AirlineSite;Goibibo,2,2,7780.00;8104.50,3,3,OBS01709;OBS01710;OBS01731,0,0,7780.00,8227.00,Cleartrip=8003.50;MMT=7982.00,7982.00,8003.50,7992.75,245.00,122.50,324.50,CCU,DEL,2026-10-06,Economy Flexi,True,3,True,7942.25,PRICED,2026-09-06 09:00,ANCHOR_TIMESTAMP,INR,DECLARED_PROTOTYPE_CONSTANT,,phase8-v1
CELL::CCU|DEL|2026-10-06|Economy Flexi|T30(25-35)::ROUND::2026-09-06T14:30,CCU,DEL,2026-10-06,Economy Flexi,T30(25-35),ROUND::2026-09-06T14:30,2026-09-06 14:30,ANCHORED,0,8020.00,CONSOLIDATED,False,4,Cleartrip;EaseMyTrip;Goibibo;MMT,4,FULL_COVERAGE,1.0000,AirlineSite,2,2,7770.00;8270.00,4,4,OBS02214;OBS02215;OBS02228;OBS02229,0,0,7677.00,8397.00,Cleartrip=8143.00;EaseMyTrip=7863.00;Goibibo=8397.00;MMT=7677.00,7677.00,8397.00,8003.00,254.00,220.00,500.00,CCU,DEL,2026-10-06,Economy Flexi,True,3,True,8020.00,PRICED,2026-09-06 14:30,ANCHOR_TIMESTAMP,INR,DECLARED_PROTOTYPE_CONSTANT,,phase8-v1
CELL::CCU|DEL|2026-10-06|Economy Flexi|T30(25-35)::ROUND::2026-09-06T20:15,CCU,DEL,2026-10-06,Economy Flexi,T30(25-35),ROUND::2026-09-06T20:15,2026-09-06 20:15,ANCHORED,0,7879.00,CONSOLIDATED,True,1,EaseMyTrip,4,SINGLE_SOURCE,0.2500,AirlineSite;Cleartrip;Goibibo;MMT,1,1,7879.00,1,1,OBS02737,0,0,7879.00,7879.00,EaseMyTrip=7879.00,7879.00,7879.00,7879.00,0.00,0.00,0.00,CCU,DEL,2026-10-06,Economy Flexi,True,3,True,7879.00,PRICED,2026-09-06 20:15,ANCHOR_TIMESTAMP,INR,DECLARED_PROTOTYPE_CONSTANT,,phase8-v1
CELL::CCU|DEL|2026-10-06|Economy Saver|T30(25-35)::ROUND::2026-09-05T09:00,CCU,DEL,2026-10-06,Economy Saver,T30(25-35),ROUND::2026-09-05T09:00,2026-09-05 09:00,ANCHORED,0,5145.50,CONSOLIDATED,False,3,Cleartrip;EaseMyTrip;Goibibo,4,PARTIAL_COVERAGE,0.7500,AirlineSite;MMT,2,2,5056.00;5235.00,4,4,OBS00179;OBS00180;OBS00188;OBS00189,0,0,5030.00,5367.00,Cleartrip=5030.00;EaseMyTrip=5103.00;Goibibo=5224.50,5030.00,5224.50,5103.00,264.00,158.00,179.00,CCU,DEL,2026-10-06,Economy Saver,True,1,True,5145.50,PRICED,2026-09-05 09:00,ANCHOR_TIMESTAMP,INR,DECLARED_PROTOTYPE_CONSTANT,,phase8-v1
CELL::CCU|DEL|2026-10-06|Economy Saver|T30(25-35)::ROUND::2026-09-05T14:30,CCU,DEL,2026-10-06,Economy Saver,T30(25-35),ROUND::2026-09-05T14:30,2026-09-05 14:30,ANCHORED,0,5172.25,CONSOLIDATED,False,3,Cleartrip;EaseMyTrip;MMT,4,PARTIAL_COVERAGE,0.7500,AirlineSite;Goibibo,2,2,5105.50;5239.00,3,3,OBS00680;OBS00681;OBS00700,0,0,4976.00,5239.00,Cleartrip=4976.00;EaseMyTrip=5235.00;MMT=5239.00,4976.00,5239.00,5235.00,259.00,129.50,133.50,CCU,DEL,2026-10-06,Economy Saver,True,1,True,5172.25,PRICED,2026-09-05 14:30,ANCHOR_TIMESTAMP,INR,DECLARED_PROTOTYPE_CONSTANT,,phase8-v1
CELL::CCU|DEL|2026-10-06|Economy Saver|T30(25-35)::ROUND::2026-09-05T20:15,CCU,DEL,2026-10-06,Economy Saver,T30(25-35),ROUND::2026-09-05T20:15,2026-09-05 20:15,ANCHORED,0,5187.50,CONSOLIDATED,False,2,AirlineSite;EaseMyTrip,4,PARTIAL_COVERAGE,0.5000,Cleartrip;Goibibo;MMT,1,1,5187.50,2,2,OBS01191;OBS01192,0,0,5090.00,5285.00,AirlineSite=5090.00;EaseMyTrip=5285.00,5090.00,5285.00,5187.50,195.00,195.00,0.00,CCU,DEL,2026-10-06,Economy Saver,True,1,True,5187.50,PRICED,2026-09-05 20:15,ANCHOR_TIMESTAMP,INR,DECLARED_PROTOTYPE_CONSTANT,,phase8-v1
CELL::CCU|DEL|2026-10-06|Economy Saver|T30(25-35)::ROUND::2026-09-06T09:00,CCU,DEL,2026-10-06,Economy Saver,T30(25-35),ROUND::2026-09-06T09:00,2026-09-06 09:00,ANCHORED,0,5142.00,CONSOLIDATED,False,2,Goibibo;MMT,4,PARTIAL_COVERAGE,0.5000,AirlineSite;Cleartrip,2,2,5102.00;5182.00,2,2,OBS01708;OBS01721,0,0,5102.00,5182.00,Goibibo=5182.00;MMT=5102.00,5102.00,5182.00,5142.00,0.00,0.00,80.00,CCU,DEL,2026-10-06,Economy Saver,True,1,True,5142.00,PRICED,2026-09-06 09:00,ANCHOR_TIMESTAMP,INR,DECLARED_PROTOTYPE_CONSTANT,,phase8-v1
CELL::CCU|DEL|2026-10-06|Economy Saver|T30(25-35)::ROUND::2026-09-06T14:30,CCU,DEL,2026-10-06,Economy Saver,T30(25-35),ROUND::2026-09-06T14:30,2026-09-06 14:30,ANCHORED,0,5048.00,CONSOLIDATED,False,3,AirlineSite;EaseMyTrip;MMT,4,PARTIAL_COVERAGE,0.7500,Cleartrip;Goibibo,2,2,4957.00;5139.00,3,3,OBS02213;OBS02238;OBS02239,0,0,4957.00,5216.00,AirlineSite=4957.00;EaseMyTrip=5216.00;MMT=5062.00,4957.00,5216.00,5062.00,154.00,77.00,182.00,CCU,DEL,2026-10-06,Economy Saver,True,1,True,5048.00,PRICED,2026-09-06 14:30,ANCHOR_TIMESTAMP,INR,DECLARED_PROTOTYPE_CONSTANT,,phase8-v1
CELL::CCU|DEL|2026-10-06|Economy Saver|T30(25-35)::ROUND::2026-09-06T20:15,CCU,DEL,2026-10-06,Economy Saver,T30(25-35),ROUND::2026-09-06T20:15,2026-09-06 20:15,ANCHORED,0,5192.00,CONSOLIDATED,False,2,Cleartrip;MMT,4,PARTIAL_COVERAGE,0.5000,AirlineSite;Goibibo,1,1,5192.00,2,2,OBS02728;OBS02729,0,0,5064.00,5320.00,Cleartrip=5064.00;MMT=5320.00,5064.00,5320.00,5192.00,256.00,256.00,0.00,CCU,DEL,2026-10-06,Economy Saver,True,1,True,5192.00,PRICED,2026-09-06 20:15,ANCHOR_TIMESTAMP,INR,DECLARED_PROTOTYPE_CONSTANT,,phase8-v1
CELL::CCU|DEL|2026-10-06|Economy Standard|T30(25-35)::ROUND::2026-09-05T09:00,CCU,DEL,2026-10-06,Economy Standard,T30(25-35),ROUND::2026-09-05T09:00,2026-09-05 09:00,ANCHORED,0,6615.00,CONSOLIDATED,False,2,EaseMyTrip;MMT,4,PARTIAL_COVERAGE,0.5000,AirlineSite;Cleartrip;Goibibo,2,2,6348.00;6882.00,2,2,OBS00181;OBS00190,0,0,6348.00,6882.00,EaseMyTrip=6882.00;MMT=6348.00,6348.00,6882.00,6615.00,0.00,0.00,534.00,CCU,DEL,2026-10-06,Economy Standard,True,2,True,6615.00,PRICED,2026-09-05 09:00,ANCHOR_TIMESTAMP,INR,DECLARED_PROTOTYPE_CONSTANT,,phase8-v1
CELL::CCU|DEL|2026-10-06|Economy Standard|T30(25-35)::ROUND::2026-09-05T14:30,CCU,DEL,2026-10-06,Economy Standard,T30(25-35),ROUND::2026-09-05T14:30,2026-09-05 14:30,ANCHORED,0,6576.00,CONSOLIDATED,True,1,AirlineSite,4,SINGLE_SOURCE,0.2500,Cleartrip;Goibibo;MMT,1,1,6576.00,1,1,OBS00701,0,0,6576.00,6576.00,AirlineSite=6576.00,6576.00,6576.00,6576.00,0.00,0.00,0.00,CCU,DEL,2026-10-06,Economy Standard,True,2,True,6576.00,PRICED,2026-09-05 14:30,ANCHOR_TIMESTAMP,INR,DECLARED_PROTOTYPE_CONSTANT,,phase8-v1
CELL::CCU|DEL|2026-10-06|Economy Standard|T30(25-35)::ROUND::2026-09-05T20:15,CCU,DEL,2026-10-06,Economy Standard,T30(25-35),ROUND::2026-09-05T20:15,2026-09-05 20:15,ANCHORED,0,6387.00,CONSOLIDATED,True,1,EaseMyTrip,4,SINGLE_SOURCE,0.2500,AirlineSite;Cleartrip;Goibibo;MMT,1,1,6387.00,1,1,OBS01193,0,0,6387.00,6387.00,EaseMyTrip=6387.00,6387.00,6387.00,6387.00,0.00,0.00,0.00,CCU,DEL,2026-10-06,Economy Standard,True,2,True,6387.00,PRICED,2026-09-05 20:15,ANCHOR_TIMESTAMP,INR,DECLARED_PROTOTYPE_CONSTANT,,phase8-v1
CELL::CCU|DEL|2026-10-06|Economy Standard|T30(25-35)::ROUND::2026-09-06T14:30,CCU,DEL,2026-10-06,Economy Standard,T30(25-35),ROUND::2026-09-06T14:30,2026-09-06 14:30,ANCHORED,0,6503.25,CONSOLIDATED,False,3,AirlineSite;Cleartrip;EaseMyTrip,4,PARTIAL_COVERAGE,0.7500,Goibibo;MMT,2,2,6462.00;6544.50,3,3,OBS02226;OBS02227;OBS02240,0,0,6462.00,6555.00,AirlineSite=6555.00;Cleartrip=6462.00;EaseMyTrip=6534.00,6462.00,6555.00,6534.00,21.00,10.50,82.50,CCU,DEL,2026-10-06,Economy Standard,True,2,True,6503.25,PRICED,2026-09-06 14:30,ANCHOR_TIMESTAMP,INR,DECLARED_PROTOTYPE_CONSTANT,,phase8-v1
CELL::CCU|DEL|2026-10-06|Economy Standard|T30(25-35)::ROUND::2026-09-06T20:15,CCU,DEL,2026-10-06,Economy Standard,T30(25-35),ROUND::2026-09-06T20:15,2026-09-06 20:15,ANCHORED,0,6518.50,CONSOLIDATED,False,3,Cleartrip;EaseMyTrip;MMT,4,PARTIAL_COVERAGE,0.7500,AirlineSite;Goibibo,2,2,6358.50;6678.50,4,4,OBS02716;OBS02717;OBS02726;OBS02727,0,0,6320.00,6792.00,Cleartrip=6792.00;EaseMyTrip=6481.00;MMT=6320.00,6320.00,6792.00,6481.00,227.00,152.00,320.00,CCU,DEL,2026-10-06,Economy Standard,True,2,True,6518.50,PRICED,2026-09-06 20:15,ANCHOR_TIMESTAMP,INR,DECLARED_PROTOTYPE_CONSTANT,,phase8-v1
CELL::CCU|DEL|2026-10-22|Economy Flexi|T45(40-50)::ROUND::2026-09-05T14:30,CCU,DEL,2026-10-22,Economy Flexi,T45(40-50),ROUND::2026-09-05T14:30,2026-09-05 14:30,ANCHORED,0,7937.00,CONSOLIDATED,True,5,AirlineSite;Cleartrip;EaseMyTrip;Goibibo;MMT,4,FULL_COVERAGE,1.2500,,3,3,7915.50;7937.00;8118.50,5,5,OBS00682;OBS00692;OBS00693;OBS00702;OBS00703,0,0,7884.00,8186.00,AirlineSite=7937.00;Cleartrip=8186.00;EaseMyTrip=7947.00;Goibibo=8051.00;MMT=7884.00,7884.00,8186.00,7947.00,135.00,63.00,203.00,CCU,DEL,2026-10-22,Economy Flexi,True,3,True,7937.00,PRICED,2026-09-05 14:30,ANCHOR_TIMESTAMP,INR,DECLARED_PROTOTYPE_CONSTANT,,phase8-v1
CELL::CCU|DEL|2026-10-22|Economy Flexi|T45(40-50)::ROUND::2026-09-05T20:15,CCU,DEL,2026-10-22,Economy Flexi,T45(40-50),ROUND::2026-09-05T20:15,2026-09-05 20:15,ANCHORED,0,8112.25,CONSOLIDATED,False,3,EaseMyTrip;Goibibo;MMT,4,PARTIAL_COVERAGE,0.7500,AirlineSite;Cleartrip,2,2,8053.50;8171.00,3,3,OBS01195;OBS01203;OBS01204,0,0,7935.00,8172.00,EaseMyTrip=8172.00;Goibibo=7935.00;MMT=8171.00,7935.00,8172.00,8171.00,237.00,118.50,117.50,CCU,DEL,2026-10-22,Economy Flexi,True,3,True,8112.25,PRICED,2026-09-05 20:15,ANCHOR_TIMESTAMP,INR,DECLARED_PROTOTYPE_CONSTANT,,phase8-v1
CELL::CCU|DEL|2026-10-22|Economy Flexi|T45(40-50)::ROUND::2026-09-06T09:00,CCU,DEL,2026-10-22,Economy Flexi,T45(40-50),ROUND::2026-09-06T09:00,2026-09-06 09:00,ANCHORED,0,8170.25,CONSOLIDATED,False,3,AirlineSite;Cleartrip;MMT,4,PARTIAL_COVERAGE,0.7500,Goibibo,2,2,8056.50;8284.00,3,3,OBS01711;OBS01733;OBS01734,0,0,7846.00,8284.00,AirlineSite=7846.00;Cleartrip=8267.00;MMT=8284.00,7846.00,8284.00,8267.00,421.00,210.50,227.50,CCU,DEL,2026-10-22,Economy Flexi,True,3,True,8170.25,PRICED,2026-09-06 09:00,ANCHOR_TIMESTAMP,INR,DECLARED_PROTOTYPE_CONSTANT,,phase8-v1
CELL::CCU|DEL|2026-10-22|Economy Flexi|T45(40-50)::ROUND::2026-09-06T14:30,CCU,DEL,2026-10-22,Economy Flexi,T45(40-50),ROUND::2026-09-06T14:30,2026-09-06 14:30,ANCHORED,0,7990.50,CONSOLIDATED,False,2,AirlineSite;Goibibo,4,PARTIAL_COVERAGE,0.5000,Cleartrip;MMT,1,1,7990.50,2,2,OBS02241;OBS02242,0,0,7764.00,8217.00,AirlineSite=8217.00;Goibibo=7764.00,7764.00,8217.00,7990.50,453.00,453.00,0.00,CCU,DEL,2026-10-22,Economy Flexi,True,3,True,7990.50,PRICED,2026-09-06 14:30,ANCHOR_TIMESTAMP,INR,DECLARED_PROTOTYPE_CONSTANT,,phase8-v1
CELL::CCU|DEL|2026-10-22|Economy Flexi|T45(40-50)::ROUND::2026-09-06T20:15,CCU,DEL,2026-10-22,Economy Flexi,T45(40-50),ROUND::2026-09-06T20:15,2026-09-06 20:15,ANCHORED,0,7988.50,CONSOLIDATED,False,3,AirlineSite;Cleartrip;EaseMyTrip,4,PARTIAL_COVERAGE,0.7500,Goibibo;MMT,2,2,7792.00;8185.00,3,3,OBS02718;OBS02730;OBS02731,0,0,7676.00,8185.00,AirlineSite=8185.00;Cleartrip=7908.00;EaseMyTrip=7676.00,7676.00,8185.00,7908.00,232.00,116.00,393.00,CCU,DEL,2026-10-22,Economy Flexi,True,3,True,7988.50,PRICED,2026-09-06 20:15,ANCHOR_TIMESTAMP,INR,DECLARED_PROTOTYPE_CONSTANT,,phase8-v1
CELL::CCU|DEL|2026-10-22|Economy Saver|T45(40-50)::ROUND::2026-09-05T09:00,CCU,DEL,2026-10-22,Economy Saver,T45(40-50),ROUND::2026-09-05T09:00,2026-09-05 09:00,ANCHORED,0,5355.50,CONSOLIDATED,False,2,Cleartrip;EaseMyTrip,4,PARTIAL_COVERAGE,0.5000,AirlineSite;Goibibo;MMT,1,1,5355.50,2,2,OBS00204;OBS00205,0,0,5320.00,5391.00,Cleartrip=5391.00;EaseMyTrip=5320.00,5320.00,5391.00,5355.50,71.00,71.00,0.00,CCU,DEL,2026-10-22,Economy Saver,True,1,True,5355.50,PRICED,2026-09-05 09:00,ANCHOR_TIMESTAMP,INR,DECLARED_PROTOTYPE_CONSTANT,,phase8-v1
CELL::CCU|DEL|2026-10-22|Economy Saver|T45(40-50)::ROUND::2026-09-05T20:15,CCU,DEL,2026-10-22,Economy Saver,T45(40-50),ROUND::2026-09-05T20:15,2026-09-05 20:15,ANCHORED,0,5365.00,CONSOLIDATED,False,2,AirlineSite;EaseMyTrip,4,PARTIAL_COVERAGE,0.5000,Cleartrip;Goibibo;MMT,1,1,5365.00,2,2,OBS01216;OBS01217,0,0,5324.00,5406.00,AirlineSite=5324.00;EaseMyTrip=5406.00,5324.00,5406.00,5365.00,82.00,82.00,0.00,CCU,DEL,2026-10-22,Economy Saver,True,1,True,5365.00,PRICED,2026-09-05 20:15,ANCHOR_TIMESTAMP,INR,DECLARED_PROTOTYPE_CONSTANT,,phase8-v1
CELL::CCU|DEL|2026-10-22|Economy Saver|T45(40-50)::ROUND::2026-09-06T09:00,CCU,DEL,2026-10-22,Economy Saver,T45(40-50),ROUND::2026-09-06T09:00,2026-09-06 09:00,ANCHORED,0,5174.75,CONSOLIDATED,False,2,Goibibo;MMT,4,PARTIAL_COVERAGE,0.5000,AirlineSite;Cleartrip,2,2,5172.00;5177.50,3,3,OBS01712;OBS01722;OBS01723,0,0,4984.00,5371.00,Goibibo=5371.00;MMT=5078.00,5078.00,5371.00,5224.50,387.00,193.50,5.50,CCU,DEL,2026-10-22,Economy Saver,True,1,True,5174.75,PRICED,2026-09-06 09:00,ANCHOR_TIMESTAMP,INR,DECLARED_PROTOTYPE_CONSTANT,,phase8-v1
CELL::CCU|DEL|2026-10-22|Economy Saver|T45(40-50)::ROUND::2026-09-06T14:30,CCU,DEL,2026-10-22,Economy Saver,T45(40-50),ROUND::2026-09-06T14:30,2026-09-06 14:30,ANCHORED,0,5322.50,CONSOLIDATED,False,3,Cleartrip;Goibibo;MMT,4,PARTIAL_COVERAGE,0.7500,AirlineSite,2,2,5282.00;5363.00,3,3,OBS02218;OBS02243;OBS02244,0,0,5150.00,5414.00,Cleartrip=5414.00;Goibibo=5150.00;MMT=5363.00,5150.00,5414.00,5363.00,264.00,132.00,81.00,CCU,DEL,2026-10-22,Economy Saver,True,1,True,5322.50,PRICED,2026-09-06 14:30,ANCHOR_TIMESTAMP,INR,DECLARED_PROTOTYPE_CONSTANT,,phase8-v1
CELL::CCU|DEL|2026-10-22|Economy Standard|T45(40-50)::ROUND::2026-09-05T09:00,CCU,DEL,2026-10-22,Economy Standard,T45(40-50),ROUND::2026-09-05T09:00,2026-09-05 09:00,ANCHORED,0,6679.50,CONSOLIDATED,False,2,EaseMyTrip;MMT,4,PARTIAL_COVERAGE,0.5000,AirlineSite;Cleartrip;Goibibo,2,2,6561.00;6798.00,2,2,OBS00182;OBS00191,0,0,6561.00,6798.00,EaseMyTrip=6798.00;MMT=6561.00,6561.00,6798.00,6679.50,0.00,0.00,237.00,CCU,DEL,2026-10-22,Economy Standard,True,2,True,6679.50,PRICED,2026-09-05 09:00,ANCHOR_TIMESTAMP,INR,DECLARED_PROTOTYPE_CONSTANT,,phase8-v1
CELL::CCU|DEL|2026-10-22|Economy Standard|T45(40-50)::ROUND::2026-09-05T14:30,CCU,DEL,2026-10-22,Economy Standard,T45(40-50),ROUND::2026-09-05T14:30,2026-09-05 14:30,ANCHORED,0,6842.00,CONSOLIDATED,True,2,AirlineSite;Cleartrip,4,PARTIAL_COVERAGE,0.5000,Goibibo;MMT,3,3,6574.00;6842.00;6902.00,3,3,OBS00683;OBS00694;OBS00704,0,0,6574.00,6902.00,AirlineSite=6902.00;Cleartrip=6708.00,6708.00,6902.00,6805.00,0.00,0.00,328.00,CCU,DEL,2026-10-22,Economy Standard,True,2,True,6842.00,PRICED,2026-09-05 14:30,ANCHOR_TIMESTAMP,INR,DECLARED_PROTOTYPE_CONSTANT,,phase8-v1
CELL::CCU|DEL|2026-10-22|Economy Standard|T45(40-50)::ROUND::2026-09-05T20:15,CCU,DEL,2026-10-22,Economy Standard,T45(40-50),ROUND::2026-09-05T20:15,2026-09-05 20:15,ANCHORED,0,6518.00,CONSOLIDATED,True,2,AirlineSite;MMT,4,PARTIAL_COVERAGE,0.5000,Cleartrip;Goibibo,3,3,6376.00;6518.00;6621.00,3,3,OBS01194;OBS01205;OBS01215,0,0,6376.00,6621.00,AirlineSite=6376.00;MMT=6569.50,6376.00,6569.50,6472.75,0.00,0.00,245.00,CCU,DEL,2026-10-22,Economy Standard,True,2,True,6518.00,PRICED,2026-09-05 20:15,ANCHOR_TIMESTAMP,INR,DECLARED_PROTOTYPE_CONSTANT,,phase8-v1
CELL::CCU|DEL|2026-10-22|Economy Standard|T45(40-50)::ROUND::2026-09-06T09:00,CCU,DEL,2026-10-22,Economy Standard,T45(40-50),ROUND::2026-09-06T09:00,2026-09-06 09:00,ANCHORED,0,6729.00,CONSOLIDATED,False,2,AirlineSite;EaseMyTrip,4,PARTIAL_COVERAGE,0.5000,Cleartrip;Goibibo;MMT,2,2,6505.00;6953.00,2,2,OBS01724;OBS01732,0,0,6505.00,6953.00,AirlineSite=6505.00;EaseMyTrip=6953.00,6505.00,6953.00,6729.00,0.00,0.00,448.00,CCU,DEL,2026-10-22,Economy Standard,True,2,True,6729.00,PRICED,2026-09-06 09:00,ANCHOR_TIMESTAMP,INR,DECLARED_PROTOTYPE_CONSTANT,,phase8-v1
CELL::CCU|DEL|2026-10-22|Economy Standard|T45(40-50)::ROUND::2026-09-06T14:30,CCU,DEL,2026-10-22,Economy Standard,T45(40-50),ROUND::2026-09-06T14:30,2026-09-06 14:30,ANCHORED,0,6614.25,CONSOLIDATED,False,3,Cleartrip;EaseMyTrip;MMT,4,PARTIAL_COVERAGE,0.7500,AirlineSite;Goibibo,2,2,6498.00;6730.50,3,3,OBS02216;OBS02217;OBS02230,0,0,6498.00,6885.00,Cleartrip=6885.00;EaseMyTrip=6576.00;MMT=6498.00,6498.00,6885.00,6576.00,309.00,154.50,232.50,CCU,DEL,2026-10-22,Economy Standard,True,2,True,6614.25,PRICED,2026-09-06 14:30,ANCHOR_TIMESTAMP,INR,DECLARED_PROTOTYPE_CONSTANT,,phase8-v1
CELL::CCU|DEL|2026-10-22|Economy Standard|T45(40-50)::ROUND::2026-09-06T20:15,CCU,DEL,2026-10-22,Economy Standard,T45(40-50),ROUND::2026-09-06T20:15,2026-09-06 20:15,ANCHORED,0,6750.00,CONSOLIDATED,True,1,AirlineSite,4,SINGLE_SOURCE,0.2500,Cleartrip;Goibibo;MMT,1,1,6750.00,1,1,OBS02738,0,0,6750.00,6750.00,AirlineSite=6750.00,6750.00,6750.00,6750.00,0.00,0.00,0.00,CCU,DEL,2026-10-22,Economy Standard,True,2,True,6750.00,PRICED,2026-09-06 20:15,ANCHOR_TIMESTAMP,INR,DECLARED_PROTOTYPE_CONSTANT,,phase8-v1
CELL::DEL|GAU|2026-09-07|Economy Flexi|T1(0-2)::ROUND::2026-09-05T09:00,DEL,GAU,2026-09-07,Economy Flexi,T1(0-2),ROUND::2026-09-05T09:00,2026-09-05 09:00,ANCHORED,0,11453.50,CONSOLIDATED,False,1,AirlineSite,4,SINGLE_SOURCE,0.2500,Cleartrip;Goibibo;MMT,2,2,11420.00;11487.00,2,2,OBS00419;OBS00432,0,0,11420.00,11487.00,AirlineSite=11453.50,11453.50,11453.50,11453.50,0.00,0.00,67.00,DEL,GAU,2026-09-07,Economy Flexi,True,3,True,11453.50,PRICED,2026-09-05 09:00,ANCHOR_TIMESTAMP,INR,DECLARED_PROTOTYPE_CONSTANT,,phase8-v1
CELL::DEL|GAU|2026-09-07|Economy Flexi|T1(0-2)::ROUND::2026-09-05T14:30,DEL,GAU,2026-09-07,Economy Flexi,T1(0-2),ROUND::2026-09-05T14:30,2026-09-05 14:30,ANCHORED,0,11866.00,CONSOLIDATED,True,1,AirlineSite,4,SINGLE_SOURCE,0.2500,Cleartrip;Goibibo;MMT,1,1,11866.00,1,1,OBS00913,0,0,11866.00,11866.00,AirlineSite=11866.00,11866.00,11866.00,11866.00,0.00,0.00,0.00,DEL,GAU,2026-09-07,Economy Flexi,True,3,True,11866.00,PRICED,2026-09-05 14:30,ANCHOR_TIMESTAMP,INR,DECLARED_PROTOTYPE_CONSTANT,,phase8-v1
CELL::DEL|GAU|2026-09-07|Economy Flexi|T1(0-2)::ROUND::2026-09-05T20:15,DEL,GAU,2026-09-07,Economy Flexi,T1(0-2),ROUND::2026-09-05T20:15,2026-09-05 20:15,ANCHORED,0,11551.50,CONSOLIDATED,False,2,AirlineSite;Goibibo,4,PARTIAL_COVERAGE,0.5000,Cleartrip;MMT,1,1,11551.50,2,2,OBS01433;OBS01434,0,0,11448.00,11655.00,AirlineSite=11655.00;Goibibo=11448.00,11448.00,11655.00,11551.50,207.00,207.00,0.00,DEL,GAU,2026-09-07,Economy Flexi,True,3,True,11551.50,PRICED,2026-09-05 20:15,ANCHOR_TIMESTAMP,INR,DECLARED_PROTOTYPE_CONSTANT,,phase8-v1
CELL::DEL|GAU|2026-09-07|Economy Flexi|T1(0-2)::ROUND::2026-09-06T14:30,DEL,GAU,2026-09-07,Economy Flexi,T1(0-2),ROUND::2026-09-06T14:30,2026-09-06 14:30,ANCHORED,0,12202.00,CONSOLIDATED,True,1,MMT,4,SINGLE_SOURCE,0.2500,AirlineSite;Cleartrip;Goibibo,1,1,12202.00,1,1,OBS02438,0,0,12202.00,12202.00,MMT=12202.00,12202.00,12202.00,12202.00,0.00,0.00,0.00,DEL,GAU,2026-09-07,Economy Flexi,True,3,True,12202.00,PRICED,2026-09-06 14:30,ANCHOR_TIMESTAMP,INR,DECLARED_PROTOTYPE_CONSTANT,,phase8-v1
CELL::DEL|GAU|2026-09-07|Economy Flexi|T1(0-2)::ROUND::2026-09-06T20:15,DEL,GAU,2026-09-07,Economy Flexi,T1(0-2),ROUND::2026-09-06T20:15,2026-09-06 20:15,ANCHORED,0,11907.00,CONSOLIDATED,False,2,AirlineSite;Goibibo,4,PARTIAL_COVERAGE,0.5000,Cleartrip;MMT,1,1,11907.00,2,2,OBS02959;OBS02960,0,0,11567.00,12247.00,AirlineSite=11567.00;Goibibo=12247.00,11567.00,12247.00,11907.00,680.00,680.00,0.00,DEL,GAU,2026-09-07,Economy Flexi,True,3,True,11907.00,PRICED,2026-09-06 20:15,ANCHOR_TIMESTAMP,INR,DECLARED_PROTOTYPE_CONSTANT,,phase8-v1
CELL::DEL|GAU|2026-09-07|Economy Saver|T1(0-2)::ROUND::2026-09-05T09:00,DEL,GAU,2026-09-07,Economy Saver,T1(0-2),ROUND::2026-09-05T09:00,2026-09-05 09:00,ANCHORED,0,7421.00,CONSOLIDATED,False,3,Cleartrip;EaseMyTrip;Goibibo,4,PARTIAL_COVERAGE,0.7500,AirlineSite;MMT,2,2,7414.00;7428.00,3,3,OBS00420;OBS00421;OBS00442,0,0,7283.00,7545.00,Cleartrip=7283.00;EaseMyTrip=7545.00;Goibibo=7428.00,7283.00,7545.00,7428.00,262.00,131.00,14.00,DEL,GAU,2026-09-07,Economy Saver,True,1,True,7421.00,PRICED,2026-09-05 09:00,ANCHOR_TIMESTAMP,INR,DECLARED_PROTOTYPE_CONSTANT,,phase8-v1
CELL::DEL|GAU|2026-09-07|Economy Saver|T1(0-2)::ROUND::2026-09-05T14:30,DEL,GAU,2026-09-07,Economy Saver,T1(0-2),ROUND::2026-09-05T14:30,2026-09-05 14:30,ANCHORED,0,7540.00,CONSOLIDATED,False,2,Cleartrip;Goibibo,4,PARTIAL_COVERAGE,0.5000,AirlineSite;MMT,1,1,7540.00,2,2,OBS00924;OBS00925,0,0,7520.00,7560.00,Cleartrip=7520.00;Goibibo=7560.00,7520.00,7560.00,7540.00,40.00,40.00,0.00,DEL,GAU,2026-09-07,Economy Saver,True,1,True,7540.00,PRICED,2026-09-05 14:30,ANCHOR_TIMESTAMP,INR,DECLARED_PROTOTYPE_CONSTANT,,phase8-v1
CELL::DEL|GAU|2026-09-07|Economy Saver|T1(0-2)::ROUND::2026-09-05T20:15,DEL,GAU,2026-09-07,Economy Saver,T1(0-2),ROUND::2026-09-05T20:15,2026-09-05 20:15,ANCHORED,0,7574.00,CONSOLIDATED,False,2,AirlineSite;EaseMyTrip,4,PARTIAL_COVERAGE,0.5000,Cleartrip;Goibibo;MMT,2,2,7437.00;7711.00,2,2,OBS01419;OBS01446,0,0,7437.00,7711.00,AirlineSite=7711.00;EaseMyTrip=7437.00,7437.00,7711.00,7574.00,0.00,0.00,274.00,DEL,GAU,2026-09-07,Economy Saver,True,1,True,7574.00,PRICED,2026-09-05 20:15,ANCHOR_TIMESTAMP,INR,DECLARED_PROTOTYPE_CONSTANT,,phase8-v1
CELL::DEL|GAU|2026-09-07|Economy Saver|T1(0-2)::ROUND::2026-09-06T09:00,DEL,GAU,2026-09-07,Economy Saver,T1(0-2),ROUND::2026-09-06T09:00,2026-09-06 09:00,ANCHORED,0,7422.25,CONSOLIDATED,False,3,AirlineSite;EaseMyTrip;Goibibo,4,PARTIAL_COVERAGE,0.7500,Cleartrip;MMT,2,2,7404.50;7440.00,4,4,OBS01960;OBS01961;OBS01968;OBS01969,0,0,7242.00,7638.00,AirlineSite=7324.00;EaseMyTrip=7638.00;Goibibo=7363.50,7324.00,7638.00,7363.50,396.00,278.50,35.50,DEL,GAU,2026-09-07,Economy Saver,True,1,True,7422.25,PRICED,2026-09-06 09:00,ANCHOR_TIMESTAMP,INR,DECLARED_PROTOTYPE_CONSTANT,,phase8-v1
CELL::DEL|GAU|2026-09-07|Economy Saver|T1(0-2)::ROUND::2026-09-06T14:30,DEL,GAU,2026-09-07,Economy Saver,T1(0-2),ROUND::2026-09-06T14:30,2026-09-06 14:30,ANCHORED,0,7601.00,CONSOLIDATED,False,3,AirlineSite;EaseMyTrip;MMT,4,PARTIAL_COVERAGE,0.7500,Cleartrip;Goibibo,2,2,7594.00;7608.00,4,4,OBS02447;OBS02448;OBS02459;OBS02460,0,0,7343.00,7846.00,AirlineSite=7845.00;EaseMyTrip=7356.50;MMT=7846.00,7356.50,7846.00,7845.00,502.00,489.00,14.00,DEL,GAU,2026-09-07,Economy Saver,True,1,True,7601.00,PRICED,2026-09-06 14:30,ANCHOR_TIMESTAMP,INR,DECLARED_PROTOTYPE_CONSTANT,,phase8-v1
CELL::DEL|GAU|2026-09-07|Economy Saver|T1(0-2)::ROUND::2026-09-06T20:15,DEL,GAU,2026-09-07,Economy Saver,T1(0-2),ROUND::2026-09-06T20:15,2026-09-06 20:15,ANCHORED,0,7533.00,CONSOLIDATED,False,3,Cleartrip;EaseMyTrip;Goibibo,4,PARTIAL_COVERAGE,0.7500,AirlineSite;MMT,2,2,7491.50;7574.50,4,4,OBS02957;OBS02958;OBS02969;OBS02970,0,0,7247.00,7828.00,Cleartrip=7782.00;EaseMyTrip=7247.00;Goibibo=7321.00,7247.00,7782.00,7321.00,507.00,498.00,83.00,DEL,GAU,2026-09-07,Economy Saver,True,1,True,7533.00,PRICED,2026-09-06 20:15,ANCHOR_TIMESTAMP,INR,DECLARED_PROTOTYPE_CONSTANT,,phase8-v1
CELL::DEL|GAU|2026-09-07|Economy Standard|T1(0-2)::ROUND::2026-09-05T14:30,DEL,GAU,2026-09-07,Economy Standard,T1(0-2),ROUND::2026-09-05T14:30,2026-09-05 14:30,ANCHORED,0,9339.00,CONSOLIDATED,False,2,AirlineSite;Cleartrip,4,PARTIAL_COVERAGE,0.5000,Goibibo;MMT,2,2,9248.00;9430.00,2,2,OBS00905;OBS00914,0,0,9248.00,9430.00,AirlineSite=9248.00;Cleartrip=9430.00,9248.00,9430.00,9339.00,0.00,0.00,182.00,DEL,GAU,2026-09-07,Economy Standard,True,2,True,9339.00,PRICED,2026-09-05 14:30,ANCHOR_TIMESTAMP,INR,DECLARED_PROTOTYPE_CONSTANT,,phase8-v1
CELL::DEL|GAU|2026-09-07|Economy Standard|T1(0-2)::ROUND::2026-09-05T20:15,DEL,GAU,2026-09-07,Economy Standard,T1(0-2),ROUND::2026-09-05T20:15,2026-09-05 20:15,ANCHORED,0,9567.00,CONSOLIDATED,False,3,AirlineSite;EaseMyTrip;Goibibo,4,PARTIAL_COVERAGE,0.7500,Cleartrip;MMT,2,2,9461.50;9672.50,4,4,OBS01417;OBS01418;OBS01435;OBS01436,0,0,9387.00,9717.00,AirlineSite=9628.00;EaseMyTrip=9552.00;Goibibo=9536.00,9536.00,9628.00,9552.00,149.00,119.00,211.00,DEL,GAU,2026-09-07,Economy Standard,True,2,True,9567.00,PRICED,2026-09-05 20:15,ANCHOR_TIMESTAMP,INR,DECLARED_PROTOTYPE_CONSTANT,,phase8-v1
CELL::DEL|GAU|2026-09-07|Economy Standard|T1(0-2)::ROUND::2026-09-06T09:00,DEL,GAU,2026-09-07,Economy Standard,T1(0-2),ROUND::2026-09-06T09:00,2026-09-06 09:00,ANCHORED,0,9581.50,CONSOLIDATED,False,2,Cleartrip;EaseMyTrip,4,PARTIAL_COVERAGE,0.5000,AirlineSite;Goibibo;MMT,1,1,9581.50,2,2,OBS01950;OBS01951,0,0,9486.00,9677.00,Cleartrip=9486.00;EaseMyTrip=9677.00,9486.00,9677.00,9581.50,191.00,191.00,0.00,DEL,GAU,2026-09-07,Economy Standard,True,2,True,9581.50,PRICED,2026-09-06 09:00,ANCHOR_TIMESTAMP,INR,DECLARED_PROTOTYPE_CONSTANT,,phase8-v1
CELL::DEL|GAU|2026-09-07|Economy Standard|T1(0-2)::ROUND::2026-09-06T20:15,DEL,GAU,2026-09-07,Economy Standard,T1(0-2),ROUND::2026-09-06T20:15,2026-09-06 20:15,ANCHORED,0,9920.00,CONSOLIDATED,True,1,Cleartrip,4,SINGLE_SOURCE,0.2500,AirlineSite;Goibibo;MMT,1,1,9920.00,1,1,OBS02971,0,0,9920.00,9920.00,Cleartrip=9920.00,9920.00,9920.00,9920.00,0.00,0.00,0.00,DEL,GAU,2026-09-07,Economy Standard,True,2,True,9920.00,PRICED,2026-09-06 20:15,ANCHOR_TIMESTAMP,INR,DECLARED_PROTOTYPE_CONSTANT,,phase8-v1
CELL::DEL|GAU|2026-09-13|Economy Flexi|T7(5-9)::ROUND::2026-09-05T09:00,DEL,GAU,2026-09-13,Economy Flexi,T7(5-9),ROUND::2026-09-05T09:00,2026-09-05 09:00,ANCHORED,0,10363.00,CONSOLIDATED,True,1,Goibibo,4,SINGLE_SOURCE,0.2500,AirlineSite;Cleartrip;MMT,1,1,10363.00,1,1,OBS00443,0,0,10363.00,10363.00,Goibibo=10363.00,10363.00,10363.00,10363.00,0.00,0.00,0.00,DEL,GAU,2026-09-13,Economy Flexi,True,3,True,10363.00,PRICED,2026-09-05 09:00,ANCHOR_TIMESTAMP,INR,DECLARED_PROTOTYPE_CONSTANT,,phase8-v1
CELL::DEL|GAU|2026-09-13|Economy Flexi|T7(5-9)::ROUND::2026-09-05T14:30,DEL,GAU,2026-09-13,Economy Flexi,T7(5-9),ROUND::2026-09-05T14:30,2026-09-05 14:30,ANCHORED,0,10636.00,CONSOLIDATED,False,2,AirlineSite;Goibibo,4,PARTIAL_COVERAGE,0.5000,Cleartrip;MMT,2,2,10476.00;10796.00,2,2,OBS00915;OBS00926,0,0,10476.00,10796.00,AirlineSite=10476.00;Goibibo=10796.00,10476.00,10796.00,10636.00,0.00,0.00,320.00,DEL,GAU,2026-09-13,Economy Flexi,True,3,True,10636.00,PRICED,2026-09-05 14:30,ANCHOR_TIMESTAMP,INR,DECLARED_PROTOTYPE_CONSTANT,,phase8-v1
CELL::DEL|GAU|2026-09-13|Economy Flexi|T7(5-9)::ROUND::2026-09-05T20:15,DEL,GAU,2026-09-13,Economy Flexi,T7(5-9),ROUND::2026-09-05T20:15,2026-09-05 20:15,ANCHORED,0,10305.00,CONSOLIDATED,True,2,EaseMyTrip;Goibibo,4,PARTIAL_COVERAGE,0.5000,AirlineSite;Cleartrip;MMT,3,3,10103.00;10305.00;10463.00,3,3,OBS01422;OBS01438;OBS01447,0,0,10103.00,10463.00,EaseMyTrip=10103.00;Goibibo=10384.00,10103.00,10384.00,10243.50,0.00,0.00,360.00,DEL,GAU,2026-09-13,Economy Flexi,True,3,True,10305.00,PRICED,2026-09-05 20:15,ANCHOR_TIMESTAMP,INR,DECLARED_PROTOTYPE_CONSTANT,,phase8-v1
CELL::DEL|GAU|2026-09-13|Economy Flexi|T7(5-9)::ROUND::2026-09-06T09:00,DEL,GAU,2026-09-13,Economy Flexi,T7(5-9),ROUND::2026-09-06T09:00,2026-09-06 09:00,ANCHORED,0,10520.50,CONSOLIDATED,False,2,Goibibo;MMT,4,PARTIAL_COVERAGE,0.5000,AirlineSite;Cleartrip,1,1,10520.50,2,2,OBS01963;OBS01964,0,0,10211.00,10830.00,Goibibo=10830.00;MMT=10211.00,10211.00,10830.00,10520.50,619.00,619.00,0.00,DEL,GAU,2026-09-13,Economy Flexi,True,3,True,10520.50,PRICED,2026-09-06 09:00,ANCHOR_TIMESTAMP,INR,DECLARED_PROTOTYPE_CONSTANT,,phase8-v1
CELL::DEL|GAU|2026-09-13|Economy Flexi|T7(5-9)::ROUND::2026-09-06T14:30,DEL,GAU,2026-09-13,Economy Flexi,T7(5-9),ROUND::2026-09-06T14:30,2026-09-06 14:30,ANCHORED,0,10183.00,CONSOLIDATED,True,1,EaseMyTrip,4,SINGLE_SOURCE,0.2500,AirlineSite;Cleartrip;Goibibo;MMT,1,1,10183.00,1,1,OBS02463,0,0,10183.00,10183.00,EaseMyTrip=10183.00,10183.00,10183.00,10183.00,0.00,0.00,0.00,DEL,GAU,2026-09-13,Economy Flexi,True,3,True,10183.00,PRICED,2026-09-06 14:30,ANCHOR_TIMESTAMP,INR,DECLARED_PROTOTYPE_CONSTANT,,phase8-v1
CELL::DEL|GAU|2026-09-13|Economy Flexi|T7(5-9)::ROUND::2026-09-06T20:15,DEL,GAU,2026-09-13,Economy Flexi,T7(5-9),ROUND::2026-09-06T20:15,2026-09-06 20:15,ANCHORED,0,10710.50,CONSOLIDATED,False,3,Cleartrip;EaseMyTrip;MMT,4,PARTIAL_COVERAGE,0.7500,AirlineSite;Goibibo,3,3,10348.00;10710.50;10886.00,4,4,OBS02961;OBS02973;OBS02974;OBS02998,0,0,10348.00,10886.00,Cleartrip=10886.00;EaseMyTrip=10606.50;MMT=10556.00,10556.00,10886.00,10606.50,309.00,0.00,538.00,DEL,GAU,2026-09-13,Economy Flexi,True,3,True,10710.50,PRICED,2026-09-06 20:15,ANCHOR_TIMESTAMP,INR,DECLARED_PROTOTYPE_CONSTANT,,phase8-v1
CELL::DEL|GAU|2026-09-13|Economy Saver|T7(5-9)::ROUND::2026-09-05T09:00,DEL,GAU,2026-09-13,Economy Saver,T7(5-9),ROUND::2026-09-05T09:00,2026-09-05 09:00,ANCHORED,0,6730.25,CONSOLIDATED,False,4,AirlineSite;Cleartrip;Goibibo;MMT,4,FULL_COVERAGE,1.0000,,2,2,6714.00;6746.50,4,4,OBS00422;OBS00423;OBS00433;OBS00434,0,0,6569.00,6867.00,AirlineSite=6569.00;Cleartrip=6859.00;Goibibo=6626.00;MMT=6867.00,6569.00,6867.00,6742.50,290.00,265.50,32.50,DEL,GAU,2026-09-13,Economy Saver,True,1,True,6730.25,PRICED,2026-09-05 09:00,ANCHOR_TIMESTAMP,INR,DECLARED_PROTOTYPE_CONSTANT,,phase8-v1
CELL::DEL|GAU|2026-09-13|Economy Saver|T7(5-9)::ROUND::2026-09-05T14:30,DEL,GAU,2026-09-13,Economy Saver,T7(5-9),ROUND::2026-09-05T14:30,2026-09-05 14:30,ANCHORED,0,6689.00,CONSOLIDATED,True,1,MMT,4,SINGLE_SOURCE,0.2500,AirlineSite;Cleartrip;Goibibo,1,1,6689.00,1,1,OBS00916,0,0,6689.00,6689.00,MMT=6689.00,6689.00,6689.00,6689.00,0.00,0.00,0.00,DEL,GAU,2026-09-13,Economy Saver,True,1,True,6689.00,PRICED,2026-09-05 14:30,ANCHOR_TIMESTAMP,INR,DECLARED_PROTOTYPE_CONSTANT,,phase8-v1
CELL::DEL|GAU|2026-09-13|Economy Saver|T7(5-9)::ROUND::2026-09-06T09:00,DEL,GAU,2026-09-13,Economy Saver,T7(5-9),ROUND::2026-09-06T09:00,2026-09-06 09:00,ANCHORED,0,6589.00,CONSOLIDATED,True,1,MMT,4,SINGLE_SOURCE,0.2500,AirlineSite;Cleartrip;Goibibo,1,1,6589.00,1,1,OBS01962,0,0,6589.00,6589.00,MMT=6589.00,6589.00,6589.00,6589.00,0.00,0.00,0.00,DEL,GAU,2026-09-13,Economy Saver,True,1,True,6589.00,PRICED,2026-09-06 09:00,ANCHOR_TIMESTAMP,INR,DECLARED_PROTOTYPE_CONSTANT,,phase8-v1
CELL::DEL|GAU|2026-09-13|Economy Saver|T7(5-9)::ROUND::2026-09-06T14:30,DEL,GAU,2026-09-13,Economy Saver,T7(5-9),ROUND::2026-09-06T14:30,2026-09-06 14:30,ANCHORED,0,6808.50,CONSOLIDATED,False,3,AirlineSite;Cleartrip;Goibibo,4,PARTIAL_COVERAGE,0.7500,MMT,2,2,6729.00;6888.00,3,3,OBS02439;OBS02449;OBS02450,0,0,6531.00,6927.00,AirlineSite=6531.00;Cleartrip=6927.00;Goibibo=6888.00,6531.00,6927.00,6888.00,396.00,198.00,159.00,DEL,GAU,2026-09-13,Economy Saver,True,1,True,6808.50,PRICED,2026-09-06 14:30,ANCHOR_TIMESTAMP,INR,DECLARED_PROTOTYPE_CONSTANT,,phase8-v1
CELL::DEL|GAU|2026-09-13|Economy Saver|T7(5-9)::ROUND::2026-09-06T20:15,DEL,GAU,2026-09-13,Economy Saver,T7(5-9),ROUND::2026-09-06T20:15,2026-09-06 20:15,ANCHORED,0,6796.50,CONSOLIDATED,False,1,Cleartrip,4,SINGLE_SOURCE,0.2500,AirlineSite;Goibibo;MMT,2,2,6738.00;6855.00,2,2,OBS02962;OBS02972,0,0,6738.00,6855.00,Cleartrip=6796.50,6796.50,6796.50,6796.50,0.00,0.00,117.00,DEL,GAU,2026-09-13,Economy Saver,True,1,True,6796.50,PRICED,2026-09-06 20:15,ANCHOR_TIMESTAMP,INR,DECLARED_PROTOTYPE_CONSTANT,,phase8-v1
CELL::DEL|GAU|2026-09-13|Economy Standard|T7(5-9)::ROUND::2026-09-05T14:30,DEL,GAU,2026-09-13,Economy Standard,T7(5-9),ROUND::2026-09-05T14:30,2026-09-05 14:30,ANCHORED,0,8294.00,CONSOLIDATED,False,2,Cleartrip;MMT,4,PARTIAL_COVERAGE,0.5000,AirlineSite;Goibibo,1,1,8294.00,2,2,OBS00906;OBS00907,0,0,8057.00,8531.00,Cleartrip=8057.00;MMT=8531.00,8057.00,8531.00,8294.00,474.00,474.00,0.00,DEL,GAU,2026-09-13,Economy Standard,True,2,True,8294.00,PRICED,2026-09-05 14:30,ANCHOR_TIMESTAMP,INR,DECLARED_PROTOTYPE_CONSTANT,,phase8-v1
CELL::DEL|GAU|2026-09-13|Economy Standard|T7(5-9)::ROUND::2026-09-05T20:15,DEL,GAU,2026-09-13,Economy Standard,T7(5-9),ROUND::2026-09-05T20:15,2026-09-05 20:15,ANCHORED,0,8332.50,CONSOLIDATED,False,3,EaseMyTrip;Goibibo;MMT,4,PARTIAL_COVERAGE,0.7500,AirlineSite;Cleartrip,3,3,8227.00;8332.50;8380.00,4,4,OBS01420;OBS01421;OBS01437;OBS01448,0,0,8102.00,8563.00,EaseMyTrip=8471.50;Goibibo=8102.00;MMT=8227.00,8102.00,8471.50,8227.00,461.00,0.00,153.00,DEL,GAU,2026-09-13,Economy Standard,True,2,True,8332.50,PRICED,2026-09-05 20:15,ANCHOR_TIMESTAMP,INR,DECLARED_PROTOTYPE_CONSTANT,,phase8-v1
CELL::DEL|GAU|2026-09-13|Economy Standard|T7(5-9)::ROUND::2026-09-06T09:00,DEL,GAU,2026-09-13,Economy Standard,T7(5-9),ROUND::2026-09-06T09:00,2026-09-06 09:00,ANCHORED,0,8529.00,CONSOLIDATED,False,3,Cleartrip;EaseMyTrip;MMT,4,PARTIAL_COVERAGE,0.7500,AirlineSite;Goibibo,2,2,8407.00;8651.00,4,4,OBS01952;OBS01953;OBS01970;OBS01971,0,0,8230.00,8826.00,Cleartrip=8826.00;EaseMyTrip=8353.00;MMT=8584.00,8353.00,8826.00,8584.00,354.00,352.00,244.00,DEL,GAU,2026-09-13,Economy Standard,True,2,True,8529.00,PRICED,2026-09-06 09:00,ANCHOR_TIMESTAMP,INR,DECLARED_PROTOTYPE_CONSTANT,,phase8-v1
CELL::DEL|GAU|2026-09-13|Economy Standard|T7(5-9)::ROUND::2026-09-06T14:30,DEL,GAU,2026-09-13,Economy Standard,T7(5-9),ROUND::2026-09-06T14:30,2026-09-06 14:30,ANCHORED,0,8725.50,CONSOLIDATED,False,3,Cleartrip;EaseMyTrip;Goibibo,4,PARTIAL_COVERAGE,0.7500,AirlineSite;MMT,2,2,8563.00;8888.00,4,4,OBS02451;OBS02452;OBS02461;OBS02462,0,0,8425.00,9094.00,Cleartrip=8425.00;EaseMyTrip=8897.50;Goibibo=8682.00,8425.00,8897.50,8682.00,412.00,344.00,325.00,DEL,GAU,2026-09-13,Economy Standard,True,2,True,8725.50,PRICED,2026-09-06 14:30,ANCHOR_TIMESTAMP,INR,DECLARED_PROTOTYPE_CONSTANT,,phase8-v1
CELL::DEL|GAU|2026-09-21|Economy Flexi|T15(12-18)::ROUND::2026-09-05T09:00,DEL,GAU,2026-09-21,Economy Flexi,T15(12-18),ROUND::2026-09-05T09:00,2026-09-05 09:00,ANCHORED,0,9163.00,CONSOLIDATED,False,2,EaseMyTrip;MMT,4,PARTIAL_COVERAGE,0.5000,AirlineSite;Cleartrip;Goibibo,2,2,9072.00;9254.00,2,2,OBS00424;OBS00437,0,0,9072.00,9254.00,EaseMyTrip=9072.00;MMT=9254.00,9072.00,9254.00,9163.00,0.00,0.00,182.00,DEL,GAU,2026-09-21,Economy Flexi,True,3,True,9163.00,PRICED,2026-09-05 09:00,ANCHOR_TIMESTAMP,INR,DECLARED_PROTOTYPE_CONSTANT,,phase8-v1
CELL::DEL|GAU|2026-09-21|Economy Flexi|T15(12-18)::ROUND::2026-09-05T14:30,DEL,GAU,2026-09-21,Economy Flexi,T15(12-18),ROUND::2026-09-05T14:30,2026-09-05 14:30,ANCHORED,0,8898.00,CONSOLIDATED,False,2,AirlineSite;EaseMyTrip,4,PARTIAL_COVERAGE,0.5000,Cleartrip;Goibibo;MMT,2,2,8743.00;9053.00,4,4,OBS00919;OBS00920;OBS00928;OBS00929,0,0,8628.00,9154.00,AirlineSite=8905.00;EaseMyTrip=8891.00,8891.00,8905.00,8898.00,230.00,216.00,310.00,DEL,GAU,2026-09-21,Economy Flexi,True,3,True,8898.00,PRICED,2026-09-05 14:30,ANCHOR_TIMESTAMP,INR,DECLARED_PROTOTYPE_CONSTANT,,phase8-v1
CELL::DEL|GAU|2026-09-21|Economy Flexi|T15(12-18)::ROUND::2026-09-05T20:15,DEL,GAU,2026-09-21,Economy Flexi,T15(12-18),ROUND::2026-09-05T20:15,2026-09-05 20:15,ANCHORED,0,8802.00,CONSOLIDATED,False,2,Cleartrip;MMT,4,PARTIAL_COVERAGE,0.5000,AirlineSite;Goibibo,1,1,8802.00,2,2,OBS01450;OBS01451,0,0,8672.00,8932.00,Cleartrip=8672.00;MMT=8932.00,8672.00,8932.00,8802.00,260.00,260.00,0.00,DEL,GAU,2026-09-21,Economy Flexi,True,3,True,8802.00,PRICED,2026-09-05 20:15,ANCHOR_TIMESTAMP,INR,DECLARED_PROTOTYPE_CONSTANT,,phase8-v1
CELL::DEL|GAU|2026-09-21|Economy Flexi|T15(12-18)::ROUND::2026-09-06T14:30,DEL,GAU,2026-09-21,Economy Flexi,T15(12-18),ROUND::2026-09-06T14:30,2026-09-06 14:30,ANCHORED,0,9148.00,CONSOLIDATED,False,2,Cleartrip;EaseMyTrip,4,PARTIAL_COVERAGE,0.5000,AirlineSite;Goibibo;MMT,1,1,9148.00,2,2,OBS02453;OBS02454,0,0,8945.00,9351.00,Cleartrip=9351.00;EaseMyTrip=8945.00,8945.00,9351.00,9148.00,406.00,406.00,0.00,DEL,GAU,2026-09-21,Economy Flexi,True,3,True,9148.00,PRICED,2026-09-06 14:30,ANCHOR_TIMESTAMP,INR,DECLARED_PROTOTYPE_CONSTANT,,phase8-v1
CELL::DEL|GAU|2026-09-21|Economy Flexi|T15(12-18)::ROUND::2026-09-06T20:15,DEL,GAU,2026-09-21,Economy Flexi,T15(12-18),ROUND::2026-09-06T20:15,2026-09-06 20:15,ANCHORED,0,9091.00,CONSOLIDATED,True,1,EaseMyTrip,4,SINGLE_SOURCE,0.2500,AirlineSite;Cleartrip;Goibibo;MMT,1,1,9091.00,1,1,OBS02975,0,0,9091.00,9091.00,EaseMyTrip=9091.00,9091.00,9091.00,9091.00,0.00,0.00,0.00,DEL,GAU,2026-09-21,Economy Flexi,True,3,True,9091.00,PRICED,2026-09-06 20:15,ANCHOR_TIMESTAMP,INR,DECLARED_PROTOTYPE_CONSTANT,,phase8-v1
CELL::DEL|GAU|2026-09-21|Economy Saver|T15(12-18)::ROUND::2026-09-05T09:00,DEL,GAU,2026-09-21,Economy Saver,T15(12-18),ROUND::2026-09-05T09:00,2026-09-05 09:00,ANCHORED,0,5690.25,CONSOLIDATED,False,2,Cleartrip;EaseMyTrip,4,PARTIAL_COVERAGE,0.5000,AirlineSite;Goibibo;MMT,2,2,5485.50;5895.00,3,3,OBS00425;OBS00426;OBS00444,0,0,5476.00,5895.00,Cleartrip=5495.00;EaseMyTrip=5685.50,5495.00,5685.50,5590.25,19.00,9.50,409.50,DEL,GAU,2026-09-21,Economy Saver,True,1,True,5690.25,PRICED,2026-09-05 09:00,ANCHOR_TIMESTAMP,INR,DECLARED_PROTOTYPE_CONSTANT,,phase8-v1
CELL::DEL|GAU|2026-09-21|Economy Saver|T15(12-18)::ROUND::2026-09-05T14:30,DEL,GAU,2026-09-21,Economy Saver,T15(12-18),ROUND::2026-09-05T14:30,2026-09-05 14:30,ANCHORED,0,5593.00,CONSOLIDATED,False,2,Cleartrip;MMT,4,PARTIAL_COVERAGE,0.5000,AirlineSite;Goibibo,1,1,5593.00,2,2,OBS00917;OBS00918,0,0,5377.00,5809.00,Cleartrip=5809.00;MMT=5377.00,5377.00,5809.00,5593.00,432.00,432.00,0.00,DEL,GAU,2026-09-21,Economy Saver,True,1,True,5593.00,PRICED,2026-09-05 14:30,ANCHOR_TIMESTAMP,INR,DECLARED_PROTOTYPE_CONSTANT,,phase8-v1
CELL::DEL|GAU|2026-09-21|Economy Saver|T15(12-18)::ROUND::2026-09-05T20:15,DEL,GAU,2026-09-21,Economy Saver,T15(12-18),ROUND::2026-09-05T20:15,2026-09-05 20:15,ANCHORED,0,5760.50,CONSOLIDATED,False,2,EaseMyTrip;Goibibo,4,PARTIAL_COVERAGE,0.5000,AirlineSite;Cleartrip;MMT,1,1,5760.50,2,2,OBS01425;OBS01426,0,0,5720.00,5801.00,EaseMyTrip=5801.00;Goibibo=5720.00,5720.00,5801.00,5760.50,81.00,81.00,0.00,DEL,GAU,2026-09-21,Economy Saver,True,1,True,5760.50,PRICED,2026-09-05 20:15,ANCHOR_TIMESTAMP,INR,DECLARED_PROTOTYPE_CONSTANT,,phase8-v1
CELL::DEL|GAU|2026-09-21|Economy Saver|T15(12-18)::ROUND::2026-09-06T09:00,DEL,GAU,2026-09-21,Economy Saver,T15(12-18),ROUND::2026-09-06T09:00,2026-09-06 09:00,ANCHORED,0,5848.50,CONSOLIDATED,False,2,AirlineSite;MMT,4,PARTIAL_COVERAGE,0.5000,Cleartrip;Goibibo,3,3,5600.00;5848.50;5871.00,4,4,OBS01954;OBS01955;OBS01965;OBS01972,0,0,5600.00,5975.00,AirlineSite=5796.50;MMT=5787.50,5787.50,5796.50,5792.00,253.00,0.00,271.00,DEL,GAU,2026-09-21,Economy Saver,True,1,True,5848.50,PRICED,2026-09-06 09:00,ANCHOR_TIMESTAMP,INR,DECLARED_PROTOTYPE_CONSTANT,,phase8-v1
CELL::DEL|GAU|2026-09-21|Economy Saver|T15(12-18)::ROUND::2026-09-06T14:30,DEL,GAU,2026-09-21,Economy Saver,T15(12-18),ROUND::2026-09-06T14:30,2026-09-06 14:30,ANCHORED,0,5896.75,CONSOLIDATED,False,3,Cleartrip;Goibibo;MMT,4,PARTIAL_COVERAGE,0.7500,AirlineSite,2,2,5796.50;5997.00,3,3,OBS02440;OBS02441;OBS02464,0,0,5676.00,5997.00,Cleartrip=5676.00;Goibibo=5917.00;MMT=5997.00,5676.00,5997.00,5917.00,241.00,120.50,200.50,DEL,GAU,2026-09-21,Economy Saver,True,1,True,5896.75,PRICED,2026-09-06 14:30,ANCHOR_TIMESTAMP,INR,DECLARED_PROTOTYPE_CONSTANT,,phase8-v1
CELL::DEL|GAU|2026-09-21|Economy Saver|T15(12-18)::ROUND::2026-09-06T20:15,DEL,GAU,2026-09-21,Economy Saver,T15(12-18),ROUND::2026-09-06T20:15,2026-09-06 20:15,ANCHORED,0,5762.50,CONSOLIDATED,False,2,Cleartrip;Goibibo,4,PARTIAL_COVERAGE,0.5000,AirlineSite;MMT,1,1,5762.50,2,2,OBS02963;OBS02964,0,0,5639.00,5886.00,Cleartrip=5639.00;Goibibo=5886.00,5639.00,5886.00,5762.50,247.00,247.00,0.00,DEL,GAU,2026-09-21,Economy Saver,True,1,True,5762.50,PRICED,2026-09-06 20:15,ANCHOR_TIMESTAMP,INR,DECLARED_PROTOTYPE_CONSTANT,,phase8-v1
CELL::DEL|GAU|2026-09-21|Economy Standard|T15(12-18)::ROUND::2026-09-05T09:00,DEL,GAU,2026-09-21,Economy Standard,T15(12-18),ROUND::2026-09-05T09:00,2026-09-05 09:00,ANCHORED,0,7189.50,CONSOLIDATED,False,2,AirlineSite;Goibibo,4,PARTIAL_COVERAGE,0.5000,Cleartrip;MMT,1,1,7189.50,2,2,OBS00435;OBS00436,0,0,6972.00,7407.00,AirlineSite=6972.00;Goibibo=7407.00,6972.00,7407.00,7189.50,435.00,435.00,0.00,DEL,GAU,2026-09-21,Economy Standard,True,2,True,7189.50,PRICED,2026-09-05 09:00,ANCHOR_TIMESTAMP,INR,DECLARED_PROTOTYPE_CONSTANT,,phase8-v1
CELL::DEL|GAU|2026-09-21|Economy Standard|T15(12-18)::ROUND::2026-09-05T14:30,DEL,GAU,2026-09-21,Economy Standard,T15(12-18),ROUND::2026-09-05T14:30,2026-09-05 14:30,ANCHORED,0,7349.00,CONSOLIDATED,False,2,Cleartrip;EaseMyTrip,4,PARTIAL_COVERAGE,0.5000,AirlineSite;Goibibo;MMT,2,2,7115.00;7583.00,2,2,OBS00908;OBS00927,0,0,7115.00,7583.00,Cleartrip=7115.00;EaseMyTrip=7583.00,7115.00,7583.00,7349.00,0.00,0.00,468.00,DEL,GAU,2026-09-21,Economy Standard,True,2,True,7349.00,PRICED,2026-09-05 14:30,ANCHOR_TIMESTAMP,INR,DECLARED_PROTOTYPE_CONSTANT,,phase8-v1
CELL::DEL|GAU|2026-09-21|Economy Standard|T15(12-18)::ROUND::2026-09-05T20:15,DEL,GAU,2026-09-21,Economy Standard,T15(12-18),ROUND::2026-09-05T20:15,2026-09-05 20:15,ANCHORED,0,7472.00,CONSOLIDATED,True,5,AirlineSite;Cleartrip;EaseMyTrip;Goibibo;MMT,4,FULL_COVERAGE,1.2500,,3,3,7223.00;7472.00;7549.50,5,5,OBS01423;OBS01424;OBS01439;OBS01440;OBS01449,0,0,7182.00,7607.00,AirlineSite=7607.00;Cleartrip=7492.00;EaseMyTrip=7182.00;Goibibo=7264.00;MMT=7472.00,7182.00,7607.00,7472.00,115.00,82.00,326.50,DEL,GAU,2026-09-21,Economy Standard,True,2,True,7472.00,PRICED,2026-09-05 20:15,ANCHOR_TIMESTAMP,INR,DECLARED_PROTOTYPE_CONSTANT,,phase8-v1
CELL::DEL|GAU|2026-09-21|Economy Standard|T15(12-18)::ROUND::2026-09-06T14:30,DEL,GAU,2026-09-21,Economy Standard,T15(12-18),ROUND::2026-09-06T14:30,2026-09-06 14:30,ANCHORED,0,7657.50,CONSOLIDATED,False,2,Cleartrip;EaseMyTrip,4,PARTIAL_COVERAGE,0.5000,AirlineSite;Goibibo;MMT,1,1,7657.50,2,2,OBS02465;OBS02466,0,0,7541.00,7774.00,Cleartrip=7774.00;EaseMyTrip=7541.00,7541.00,7774.00,7657.50,233.00,233.00,0.00,DEL,GAU,2026-09-21,Economy Standard,True,2,True,7657.50,PRICED,2026-09-06 14:30,ANCHOR_TIMESTAMP,INR,DECLARED_PROTOTYPE_CONSTANT,,phase8-v1
CELL::DEL|GAU|2026-10-06|Economy Flexi|T30(25-35)::ROUND::2026-09-05T09:00,DEL,GAU,2026-10-06,Economy Flexi,T30(25-35),ROUND::2026-09-05T09:00,2026-09-05 09:00,ANCHORED,0,8215.00,CONSOLIDATED,True,3,AirlineSite;Cleartrip;MMT,4,PARTIAL_COVERAGE,0.7500,Goibibo,3,3,7932.00;8215.00;8359.00,3,3,OBS00427;OBS00438;OBS00445,0,0,7932.00,8359.00,AirlineSite=8215.00;Cleartrip=8359.00;MMT=7932.00,7932.00,8359.00,8215.00,0.00,0.00,427.00,DEL,GAU,2026-10-06,Economy Flexi,True,3,True,8215.00,PRICED,2026-09-05 09:00,ANCHOR_TIMESTAMP,INR,DECLARED_PROTOTYPE_CONSTANT,,phase8-v1
CELL::DEL|GAU|2026-10-06|Economy Flexi|T30(25-35)::ROUND::2026-09-05T14:30,DEL,GAU,2026-10-06,Economy Flexi,T30(25-35),ROUND::2026-09-05T14:30,2026-09-05 14:30,ANCHORED,0,8305.50,CONSOLIDATED,False,2,AirlineSite;Cleartrip,4,PARTIAL_COVERAGE,0.5000,Goibibo;MMT,1,1,8305.50,2,2,OBS00930;OBS00931,0,0,8252.00,8359.00,AirlineSite=8359.00;Cleartrip=8252.00,8252.00,8359.00,8305.50,107.00,107.00,0.00,DEL,GAU,2026-10-06,Economy Flexi,True,3,True,8305.50,PRICED,2026-09-05 14:30,ANCHOR_TIMESTAMP,INR,DECLARED_PROTOTYPE_CONSTANT,,phase8-v1
CELL::DEL|GAU|2026-10-06|Economy Flexi|T30(25-35)::ROUND::2026-09-05T20:15,DEL,GAU,2026-10-06,Economy Flexi,T30(25-35),ROUND::2026-09-05T20:15,2026-09-05 20:15,ANCHORED,0,7895.50,CONSOLIDATED,False,2,Cleartrip;EaseMyTrip,4,PARTIAL_COVERAGE,0.5000,AirlineSite;Goibibo;MMT,2,2,7838.00;7953.00,2,2,OBS01428;OBS01441,0,0,7838.00,7953.00,Cleartrip=7953.00;EaseMyTrip=7838.00,7838.00,7953.00,7895.50,0.00,0.00,115.00,DEL,GAU,2026-10-06,Economy Flexi,True,3,True,7895.50,PRICED,2026-09-05 20:15,ANCHOR_TIMESTAMP,INR,DECLARED_PROTOTYPE_CONSTANT,,phase8-v1
CELL::DEL|GAU|2026-10-06|Economy Flexi|T30(25-35)::ROUND::2026-09-06T14:30,DEL,GAU,2026-10-06,Economy Flexi,T30(25-35),ROUND::2026-09-06T14:30,2026-09-06 14:30,ANCHORED,0,8073.00,CONSOLIDATED,False,2,AirlineSite;Cleartrip,4,PARTIAL_COVERAGE,0.5000,Goibibo;MMT,2,2,7932.00;8214.00,3,3,OBS02442;OBS02455;OBS02456,0,0,7921.00,8214.00,AirlineSite=7921.00;Cleartrip=8078.50,7921.00,8078.50,7999.75,22.00,11.00,282.00,DEL,GAU,2026-10-06,Economy Flexi,True,3,True,8073.00,PRICED,2026-09-06 14:30,ANCHOR_TIMESTAMP,INR,DECLARED_PROTOTYPE_CONSTANT,,phase8-v1
CELL::DEL|GAU|2026-10-06|Economy Flexi|T30(25-35)::ROUND::2026-09-06T20:15,DEL,GAU,2026-10-06,Economy Flexi,T30(25-35),ROUND::2026-09-06T20:15,2026-09-06 20:15,ANCHORED,0,8037.00,CONSOLIDATED,True,1,MMT,4,SINGLE_SOURCE,0.2500,AirlineSite;Cleartrip;Goibibo,1,1,8037.00,1,1,OBS02967,0,0,8037.00,8037.00,MMT=8037.00,8037.00,8037.00,8037.00,0.00,0.00,0.00,DEL,GAU,2026-10-06,Economy Flexi,True,3,True,8037.00,PRICED,2026-09-06 20:15,ANCHOR_TIMESTAMP,INR,DECLARED_PROTOTYPE_CONSTANT,,phase8-v1
CELL::DEL|GAU|2026-10-06|Economy Saver|T30(25-35)::ROUND::2026-09-05T14:30,DEL,GAU,2026-10-06,Economy Saver,T30(25-35),ROUND::2026-09-05T14:30,2026-09-05 14:30,ANCHORED,0,5240.00,CONSOLIDATED,False,2,AirlineSite;MMT,4,PARTIAL_COVERAGE,0.5000,Cleartrip;Goibibo,1,1,5240.00,2,2,OBS00921;OBS00922,0,0,5134.00,5346.00,AirlineSite=5134.00;MMT=5346.00,5134.00,5346.00,5240.00,212.00,212.00,0.00,DEL,GAU,2026-10-06,Economy Saver,True,1,True,5240.00,PRICED,2026-09-05 14:30,ANCHOR_TIMESTAMP,INR,DECLARED_PROTOTYPE_CONSTANT,,phase8-v1
CELL::DEL|GAU|2026-10-06|Economy Saver|T30(25-35)::ROUND::2026-09-05T20:15,DEL,GAU,2026-10-06,Economy Saver,T30(25-35),ROUND::2026-09-05T20:15,2026-09-05 20:15,ANCHORED,0,5313.00,CONSOLIDATED,False,1,MMT,4,SINGLE_SOURCE,0.2500,AirlineSite;Cleartrip;Goibibo,2,2,5303.00;5323.00,2,2,OBS01427;OBS01452,0,0,5303.00,5323.00,MMT=5313.00,5313.00,5313.00,5313.00,0.00,0.00,20.00,DEL,GAU,2026-10-06,Economy Saver,True,1,True,5313.00,PRICED,2026-09-05 20:15,ANCHOR_TIMESTAMP,INR,DECLARED_PROTOTYPE_CONSTANT,,phase8-v1
CELL::DEL|GAU|2026-10-06|Economy Saver|T30(25-35)::ROUND::2026-09-06T14:30,DEL,GAU,2026-10-06,Economy Saver,T30(25-35),ROUND::2026-09-06T14:30,2026-09-06 14:30,ANCHORED,0,5348.00,CONSOLIDATED,True,1,MMT,4,SINGLE_SOURCE,0.2500,AirlineSite;Cleartrip;Goibibo,1,1,5348.00,1,1,OBS02467,0,0,5348.00,5348.00,MMT=5348.00,5348.00,5348.00,5348.00,0.00,0.00,0.00,DEL,GAU,2026-10-06,Economy Saver,True,1,True,5348.00,PRICED,2026-09-06 14:30,ANCHOR_TIMESTAMP,INR,DECLARED_PROTOTYPE_CONSTANT,,phase8-v1
CELL::DEL|GAU|2026-10-06|Economy Saver|T30(25-35)::ROUND::2026-09-08T20:15,DEL,GAU,2026-10-06,Economy Saver,T30(25-35),ROUND::2026-09-08T20:15,2026-09-08 20:15,ANCHORED,0,5144.00,CONSOLIDATED,True,1,EaseMyTrip,4,SINGLE_SOURCE,0.2500,AirlineSite;Cleartrip;Goibibo;MMT,1,1,5144.00,1,1,OBS02988,0,0,5144.00,5144.00,EaseMyTrip=5144.00,5144.00,5144.00,5144.00,0.00,0.00,0.00,DEL,GAU,2026-10-06,Economy Saver,True,1,True,5144.00,PRICED,2026-09-08 20:15,ANCHOR_TIMESTAMP,INR,DECLARED_PROTOTYPE_CONSTANT,,phase8-v1
CELL::DEL|GAU|2026-10-06|Economy Standard|T30(25-35)::ROUND::2026-09-05T09:00,DEL,GAU,2026-10-06,Economy Standard,T30(25-35),ROUND::2026-09-05T09:00,2026-09-05 09:00,ANCHORED,0,6408.00,CONSOLIDATED,True,1,Goibibo,4,SINGLE_SOURCE,0.2500,AirlineSite;Cleartrip;MMT,1,1,6408.00,1,1,OBS00446,0,0,6408.00,6408.00,Goibibo=6408.00,6408.00,6408.00,6408.00,0.00,0.00,0.00,DEL,GAU,2026-10-06,Economy Standard,True,2,True,6408.00,PRICED,2026-09-05 09:00,ANCHOR_TIMESTAMP,INR,DECLARED_PROTOTYPE_CONSTANT,,phase8-v1
CELL::DEL|GAU|2026-10-06|Economy Standard|T30(25-35)::ROUND::2026-09-05T14:30,DEL,GAU,2026-10-06,Economy Standard,T30(25-35),ROUND::2026-09-05T14:30,2026-09-05 14:30,ANCHORED,0,6575.00,CONSOLIDATED,False,2,Cleartrip;Goibibo,4,PARTIAL_COVERAGE,0.5000,AirlineSite;MMT,1,1,6575.00,2,2,OBS00909;OBS00910,0,0,6473.00,6677.00,Cleartrip=6677.00;Goibibo=6473.00,6473.00,6677.00,6575.00,204.00,204.00,0.00,DEL,GAU,2026-10-06,Economy Standard,True,2,True,6575.00,PRICED,2026-09-05 14:30,ANCHOR_TIMESTAMP,INR,DECLARED_PROTOTYPE_CONSTANT,,phase8-v1
CELL::DEL|GAU|2026-10-06|Economy Standard|T30(25-35)::ROUND::2026-09-06T09:00,DEL,GAU,2026-10-06,Economy Standard,T30(25-35),ROUND::2026-09-06T09:00,2026-09-06 09:00,ANCHORED,0,6678.00,CONSOLIDATED,False,4,AirlineSite;Cleartrip;Goibibo;MMT,4,FULL_COVERAGE,1.0000,,3,3,6589.00;6678.00;6706.50,5,5,OBS01956;OBS01957;OBS01966;OBS01973;OBS01974,0,0,6542.00,6871.00,AirlineSite=6740.00;Cleartrip=6542.00;Goibibo=6747.00;MMT=6589.00,6542.00,6747.00,6664.50,329.00,138.00,117.50,DEL,GAU,2026-10-06,Economy Standard,True,2,True,6678.00,PRICED,2026-09-06 09:00,ANCHOR_TIMESTAMP,INR,DECLARED_PROTOTYPE_CONSTANT,,phase8-v1
CELL::DEL|GAU|2026-10-06|Economy Standard|T30(25-35)::ROUND::2026-09-06T14:30,DEL,GAU,2026-10-06,Economy Standard,T30(25-35),ROUND::2026-09-06T14:30,2026-09-06 14:30,ANCHORED,0,6469.50,CONSOLIDATED,False,2,EaseMyTrip;Goibibo,4,PARTIAL_COVERAGE,0.5000,AirlineSite;Cleartrip;MMT,1,1,6469.50,2,2,OBS02443;OBS02444,0,0,6437.00,6502.00,EaseMyTrip=6437.00;Goibibo=6502.00,6437.00,6502.00,6469.50,65.00,65.00,0.00,DEL,GAU,2026-10-06,Economy Standard,True,2,True,6469.50,PRICED,2026-09-06 14:30,ANCHOR_TIMESTAMP,INR,DECLARED_PROTOTYPE_CONSTANT,,phase8-v1
CELL::DEL|GAU|2026-10-06|Economy Standard|T30(25-35)::ROUND::2026-09-06T20:15,DEL,GAU,2026-10-06,Economy Standard,T30(25-35),ROUND::2026-09-06T20:15,2026-09-06 20:15,ANCHORED,0,6894.00,CONSOLIDATED,False,2,EaseMyTrip;MMT,4,PARTIAL_COVERAGE,0.5000,AirlineSite;Cleartrip;Goibibo,1,1,6894.00,2,2,OBS02965;OBS02966,0,0,6856.00,6932.00,EaseMyTrip=6856.00;MMT=6932.00,6856.00,6932.00,6894.00,76.00,76.00,0.00,DEL,GAU,2026-10-06,Economy Standard,True,2,True,6894.00,PRICED,2026-09-06 20:15,ANCHOR_TIMESTAMP,INR,DECLARED_PROTOTYPE_CONSTANT,,phase8-v1
CELL::DEL|GAU|2026-10-22|Economy Flexi|T45(40-50)::ROUND::2026-09-05T09:00,DEL,GAU,2026-10-22,Economy Flexi,T45(40-50),ROUND::2026-09-05T09:00,2026-09-05 09:00,ANCHORED,0,8026.00,CONSOLIDATED,False,4,AirlineSite;EaseMyTrip;Goibibo;MMT,4,FULL_COVERAGE,1.0000,Cleartrip,3,3,7873.00;8026.00;8140.50,6,6,OBS00430;OBS00431;OBS00439;OBS00440;OBS00447;OBS00448,0,0,7663.00,8389.00,AirlineSite=8219.00;EaseMyTrip=7791.00;Goibibo=8389.00;MMT=7955.00,7791.00,8389.00,8087.00,726.00,164.00,267.50,DEL,GAU,2026-10-22,Economy Flexi,True,3,True,8026.00,PRICED,2026-09-05 09:00,ANCHOR_TIMESTAMP,INR,DECLARED_PROTOTYPE_CONSTANT,,phase8-v1
CELL::DEL|GAU|2026-10-22|Economy Flexi|T45(40-50)::ROUND::2026-09-05T14:30,DEL,GAU,2026-10-22,Economy Flexi,T45(40-50),ROUND::2026-09-05T14:30,2026-09-05 14:30,ANCHORED,0,8039.25,CONSOLIDATED,False,3,Cleartrip;EaseMyTrip;Goibibo,4,PARTIAL_COVERAGE,0.7500,AirlineSite;MMT,2,2,7763.00;8315.50,3,3,OBS00923;OBS00932;OBS00933,0,0,7763.00,8405.00,Cleartrip=7763.00;EaseMyTrip=8226.00;Goibibo=8405.00,7763.00,8405.00,8226.00,179.00,89.50,552.50,DEL,GAU,2026-10-22,Economy Flexi,True,3,True,8039.25,PRICED,2026-09-05 14:30,ANCHOR_TIMESTAMP,INR,DECLARED_PROTOTYPE_CONSTANT,,phase8-v1
CELL::DEL|GAU|2026-10-22|Economy Flexi|T45(40-50)::ROUND::2026-09-05T20:15,DEL,GAU,2026-10-22,Economy Flexi,T45(40-50),ROUND::2026-09-05T20:15,2026-09-05 20:15,ANCHORED,0,8133.25,CONSOLIDATED,False,2,AirlineSite;Cleartrip,4,PARTIAL_COVERAGE,0.5000,Goibibo;MMT,2,2,7859.50;8407.00,3,3,OBS01431;OBS01432;OBS01455,0,0,7809.00,8407.00,AirlineSite=8108.00;Cleartrip=7910.00,7910.00,8108.00,8009.00,101.00,50.50,547.50,DEL,GAU,2026-10-22,Economy Flexi,True,3,True,8133.25,PRICED,2026-09-05 20:15,ANCHOR_TIMESTAMP,INR,DECLARED_PROTOTYPE_CONSTANT,,phase8-v1
CELL::DEL|GAU|2026-10-22|Economy Flexi|T45(40-50)::ROUND::2026-09-06T09:00,DEL,GAU,2026-10-22,Economy Flexi,T45(40-50),ROUND::2026-09-06T09:00,2026-09-06 09:00,ANCHORED,0,7844.00,CONSOLIDATED,True,1,MMT,4,SINGLE_SOURCE,0.2500,AirlineSite;Cleartrip;Goibibo,1,1,7844.00,1,1,OBS01959,0,0,7844.00,7844.00,MMT=7844.00,7844.00,7844.00,7844.00,0.00,0.00,0.00,DEL,GAU,2026-10-22,Economy Flexi,True,3,True,7844.00,PRICED,2026-09-06 09:00,ANCHOR_TIMESTAMP,INR,DECLARED_PROTOTYPE_CONSTANT,,phase8-v1
CELL::DEL|GAU|2026-10-22|Economy Flexi|T45(40-50)::ROUND::2026-09-06T14:30,DEL,GAU,2026-10-22,Economy Flexi,T45(40-50),ROUND::2026-09-06T14:30,2026-09-06 14:30,ANCHORED,0,8045.00,CONSOLIDATED,True,1,AirlineSite,4,SINGLE_SOURCE,0.2500,Cleartrip;Goibibo;MMT,1,1,8045.00,1,1,OBS02457,0,0,8045.00,8045.00,AirlineSite=8045.00,8045.00,8045.00,8045.00,0.00,0.00,0.00,DEL,GAU,2026-10-22,Economy Flexi,True,3,True,8045.00,PRICED,2026-09-06 14:30,ANCHOR_TIMESTAMP,INR,DECLARED_PROTOTYPE_CONSTANT,,phase8-v1
CELL::DEL|GAU|2026-10-22|Economy Saver|T45(40-50)::ROUND::2026-09-05T09:00,DEL,GAU,2026-10-22,Economy Saver,T45(40-50),ROUND::2026-09-05T09:00,2026-09-05 09:00,ANCHORED,0,5171.00,CONSOLIDATED,False,2,AirlineSite;Goibibo,4,PARTIAL_COVERAGE,0.5000,Cleartrip;MMT,1,1,5171.00,2,2,OBS00428;OBS00429,0,0,5003.00,5339.00,AirlineSite=5339.00;Goibibo=5003.00,5003.00,5339.00,5171.00,336.00,336.00,0.00,DEL,GAU,2026-10-22,Economy Saver,True,1,True,5171.00,PRICED,2026-09-05 09:00,ANCHOR_TIMESTAMP,INR,DECLARED_PROTOTYPE_CONSTANT,,phase8-v1
CELL::DEL|GAU|2026-10-22|Economy Saver|T45(40-50)::ROUND::2026-09-05T20:15,DEL,GAU,2026-10-22,Economy Saver,T45(40-50),ROUND::2026-09-05T20:15,2026-09-05 20:15,ANCHORED,0,5185.00,CONSOLIDATED,False,2,Goibibo;MMT,4,PARTIAL_COVERAGE,0.5000,AirlineSite;Cleartrip,1,1,5185.00,2,2,OBS01444;OBS01445,0,0,5157.00,5213.00,Goibibo=5213.00;MMT=5157.00,5157.00,5213.00,5185.00,56.00,56.00,0.00,DEL,GAU,2026-10-22,Economy Saver,True,1,True,5185.00,PRICED,2026-09-05 20:15,ANCHOR_TIMESTAMP,INR,DECLARED_PROTOTYPE_CONSTANT,,phase8-v1
CELL::DEL|GAU|2026-10-22|Economy Saver|T45(40-50)::ROUND::2026-09-06T09:00,DEL,GAU,2026-10-22,Economy Saver,T45(40-50),ROUND::2026-09-06T09:00,2026-09-06 09:00,ANCHORED,0,5179.00,CONSOLIDATED,False,3,Cleartrip;EaseMyTrip;Goibibo,4,PARTIAL_COVERAGE,0.7500,AirlineSite;MMT,2,2,5110.00;5248.00,3,3,OBS01967;OBS01976;OBS01977,0,0,5110.00,5326.00,Cleartrip=5326.00;EaseMyTrip=5170.00;Goibibo=5110.00,5110.00,5326.00,5170.00,156.00,78.00,138.00,DEL,GAU,2026-10-22,Economy Saver,True,1,True,5179.00,PRICED,2026-09-06 09:00,ANCHOR_TIMESTAMP,INR,DECLARED_PROTOTYPE_CONSTANT,,phase8-v1
CELL::DEL|GAU|2026-10-22|Economy Saver|T45(40-50)::ROUND::2026-09-06T14:30,DEL,GAU,2026-10-22,Economy Saver,T45(40-50),ROUND::2026-09-06T14:30,2026-09-06 14:30,ANCHORED,0,5267.00,CONSOLIDATED,True,2,AirlineSite;Goibibo,4,PARTIAL_COVERAGE,0.5000,Cleartrip;MMT,3,3,4929.00;5267.00;5341.00,4,4,OBS02445;OBS02446;OBS02458;OBS02468,0,0,4920.00,5341.00,AirlineSite=5093.50;Goibibo=5139.50,5093.50,5139.50,5116.50,18.00,0.00,412.00,DEL,GAU,2026-10-22,Economy Saver,True,1,True,5267.00,PRICED,2026-09-06 14:30,ANCHOR_TIMESTAMP,INR,DECLARED_PROTOTYPE_CONSTANT,,phase8-v1
CELL::DEL|GAU|2026-10-22|Economy Standard|T45(40-50)::ROUND::2026-09-05T09:00,DEL,GAU,2026-10-22,Economy Standard,T45(40-50),ROUND::2026-09-05T09:00,2026-09-05 09:00,ANCHORED,0,6609.00,CONSOLIDATED,True,1,Goibibo,4,SINGLE_SOURCE,0.2500,AirlineSite;Cleartrip;MMT,1,1,6609.00,1,1,OBS00441,0,0,6609.00,6609.00,Goibibo=6609.00,6609.00,6609.00,6609.00,0.00,0.00,0.00,DEL,GAU,2026-10-22,Economy Standard,True,2,True,6609.00,PRICED,2026-09-05 09:00,ANCHOR_TIMESTAMP,INR,DECLARED_PROTOTYPE_CONSTANT,,phase8-v1
CELL::DEL|GAU|2026-10-22|Economy Standard|T45(40-50)::ROUND::2026-09-05T14:30,DEL,GAU,2026-10-22,Economy Standard,T45(40-50),ROUND::2026-09-05T14:30,2026-09-05 14:30,ANCHORED,0,6484.00,CONSOLIDATED,False,4,AirlineSite;Cleartrip;EaseMyTrip;MMT,4,FULL_COVERAGE,1.0000,Goibibo,2,2,6427.00;6541.00,4,4,OBS00911;OBS00912;OBS00934;OBS00935,0,0,6280.00,6653.00,AirlineSite=6280.00;Cleartrip=6429.00;EaseMyTrip=6574.00;MMT=6653.00,6280.00,6653.00,6501.50,294.00,259.00,114.00,DEL,GAU,2026-10-22,Economy Standard,True,2,True,6484.00,PRICED,2026-09-05 14:30,ANCHOR_TIMESTAMP,INR,DECLARED_PROTOTYPE_CONSTANT,,phase8-v1
CELL::DEL|GAU|2026-10-22|Economy Standard|T45(40-50)::ROUND::2026-09-05T20:15,DEL,GAU,2026-10-22,Economy Standard,T45(40-50),ROUND::2026-09-05T20:15,2026-09-05 20:15,ANCHORED,0,6510.00,CONSOLIDATED,False,3,AirlineSite;Cleartrip;MMT,4,PARTIAL_COVERAGE,0.7500,Goibibo,3,3,6312.50;6510.00;6591.00,6,6,OBS01429;OBS01430;OBS01442;OBS01443;OBS01453;OBS01454,0,0,6286.00,6595.00,AirlineSite=6425.00;Cleartrip=6593.00;MMT=6440.50,6425.00,6593.00,6440.50,170.00,53.00,278.50,DEL,GAU,2026-10-22,Economy Standard,True,2,True,6510.00,PRICED,2026-09-05 20:15,ANCHOR_TIMESTAMP,INR,DECLARED_PROTOTYPE_CONSTANT,,phase8-v1
CELL::DEL|GAU|2026-10-22|Economy Standard|T45(40-50)::ROUND::2026-09-06T09:00,DEL,GAU,2026-10-22,Economy Standard,T45(40-50),ROUND::2026-09-06T09:00,2026-09-06 09:00,ANCHORED,0,6750.00,CONSOLIDATED,False,1,AirlineSite,4,SINGLE_SOURCE,0.2500,Cleartrip;Goibibo;MMT,2,2,6673.00;6827.00,2,2,OBS01958;OBS01975,0,0,6673.00,6827.00,AirlineSite=6750.00,6750.00,6750.00,6750.00,0.00,0.00,154.00,DEL,GAU,2026-10-22,Economy Standard,True,2,True,6750.00,PRICED,2026-09-06 09:00,ANCHOR_TIMESTAMP,INR,DECLARED_PROTOTYPE_CONSTANT,,phase8-v1
CELL::DEL|GAU|2026-10-22|Economy Standard|T45(40-50)::ROUND::2026-09-06T20:15,DEL,GAU,2026-10-22,Economy Standard,T45(40-50),ROUND::2026-09-06T20:15,2026-09-06 20:15,ANCHORED,0,6795.00,CONSOLIDATED,True,1,Goibibo,4,SINGLE_SOURCE,0.2500,AirlineSite;Cleartrip;MMT,1,1,6795.00,1,1,OBS02968,0,0,6795.00,6795.00,Goibibo=6795.00,6795.00,6795.00,6795.00,0.00,0.00,0.00,DEL,GAU,2026-10-22,Economy Standard,True,2,True,6795.00,PRICED,2026-09-06 20:15,ANCHOR_TIMESTAMP,INR,DECLARED_PROTOTYPE_CONSTANT,,phase8-v1
CELL::DEL|GOI|2026-09-07|Economy Flexi|T1(0-2)::ROUND::2026-09-05T09:00,DEL,GOI,2026-09-07,Economy Flexi,T1(0-2),ROUND::2026-09-05T09:00,2026-09-05 09:00,ANCHORED,0,11809.75,CONSOLIDATED,False,3,EaseMyTrip;Goibibo;MMT,4,PARTIAL_COVERAGE,0.7500,AirlineSite;Cleartrip,2,2,11634.50;11985.00,4,4,OBS00380;OBS00381;OBS00398;OBS00399,0,0,11478.00,12044.00,EaseMyTrip=11917.50;Goibibo=11478.00;MMT=11926.00,11478.00,11926.00,11917.50,313.00,215.50,350.50,DEL,GOI,2026-09-07,Economy Flexi,True,3,True,11809.75,PRICED,2026-09-05 09:00,ANCHOR_TIMESTAMP,INR,DECLARED_PROTOTYPE_CONSTANT,,phase8-v1
CELL::DEL|GOI|2026-09-07|Economy Flexi|T1(0-2)::ROUND::2026-09-05T14:30,DEL,GOI,2026-09-07,Economy Flexi,T1(0-2),ROUND::2026-09-05T14:30,2026-09-05 14:30,ANCHORED,0,11567.25,CONSOLIDATED,False,3,AirlineSite;Cleartrip;MMT,4,PARTIAL_COVERAGE,0.7500,Goibibo,2,2,11400.50;11734.00,4,4,OBS00882;OBS00883;OBS00893;OBS00894,0,0,11354.00,11940.00,AirlineSite=11528.00;Cleartrip=11447.00;MMT=11647.00,11447.00,11647.00,11528.00,412.00,252.50,333.50,DEL,GOI,2026-09-07,Economy Flexi,True,3,True,11567.25,PRICED,2026-09-05 14:30,ANCHOR_TIMESTAMP,INR,DECLARED_PROTOTYPE_CONSTANT,,phase8-v1
CELL::DEL|GOI|2026-09-07|Economy Flexi|T1(0-2)::ROUND::2026-09-05T20:15,DEL,GOI,2026-09-07,Economy Flexi,T1(0-2),ROUND::2026-09-05T20:15,2026-09-05 20:15,ANCHORED,0,11371.00,CONSOLIDATED,True,3,AirlineSite;Goibibo;MMT,4,PARTIAL_COVERAGE,0.7500,Cleartrip,3,3,11125.00;11371.00;11741.50,4,4,OBS01389;OBS01397;OBS01398;OBS01408,0,0,11125.00,11963.00,AirlineSite=11667.00;Goibibo=11125.00;MMT=11520.00,11125.00,11667.00,11520.00,443.00,0.00,616.50,DEL,GOI,2026-09-07,Economy Flexi,True,3,True,11371.00,PRICED,2026-09-05 20:15,ANCHOR_TIMESTAMP,INR,DECLARED_PROTOTYPE_CONSTANT,,phase8-v1
CELL::DEL|GOI|2026-09-07|Economy Flexi|T1(0-2)::ROUND::2026-09-06T09:00,DEL,GOI,2026-09-07,Economy Flexi,T1(0-2),ROUND::2026-09-06T09:00,2026-09-06 09:00,ANCHORED,0,11743.50,CONSOLIDATED,False,2,EaseMyTrip;MMT,4,PARTIAL_COVERAGE,0.5000,AirlineSite;Cleartrip;Goibibo,2,2,11573.00;11914.00,2,2,OBS01923;OBS01936,0,0,11573.00,11914.00,EaseMyTrip=11914.00;MMT=11573.00,11573.00,11914.00,11743.50,0.00,0.00,341.00,DEL,GOI,2026-09-07,Economy Flexi,True,3,True,11743.50,PRICED,2026-09-06 09:00,ANCHOR_TIMESTAMP,INR,DECLARED_PROTOTYPE_CONSTANT,,phase8-v1
CELL::DEL|GOI|2026-09-07|Economy Flexi|T1(0-2)::ROUND::2026-09-06T14:30,DEL,GOI,2026-09-07,Economy Flexi,T1(0-2),ROUND::2026-09-06T14:30,2026-09-06 14:30,ANCHORED,0,11724.50,CONSOLIDATED,False,3,AirlineSite;Cleartrip;EaseMyTrip,4,PARTIAL_COVERAGE,0.7500,Goibibo;MMT,3,3,11560.00;11724.50;12081.00,5,5,OBS02405;OBS02406;OBS02418;OBS02419;OBS02427,0,0,11430.00,12081.00,AirlineSite=11690.00;Cleartrip=11430.00;EaseMyTrip=11980.00,11430.00,11980.00,11690.00,511.00,260.00,521.00,DEL,GOI,2026-09-07,Economy Flexi,True,3,True,11724.50,PRICED,2026-09-06 14:30,ANCHOR_TIMESTAMP,INR,DECLARED_PROTOTYPE_CONSTANT,,phase8-v1
CELL::DEL|GOI|2026-09-07|Economy Flexi|T1(0-2)::ROUND::2026-09-06T20:15,DEL,GOI,2026-09-07,Economy Flexi,T1(0-2),ROUND::2026-09-06T20:15,2026-09-06 20:15,ANCHORED,0,11611.00,CONSOLIDATED,False,2,Cleartrip;Goibibo,4,PARTIAL_COVERAGE,0.5000,AirlineSite;MMT,1,1,11611.00,2,2,OBS02943;OBS02944,0,0,11603.00,11619.00,Cleartrip=11619.00;Goibibo=11603.00,11603.00,11619.00,11611.00,16.00,16.00,0.00,DEL,GOI,2026-09-07,Economy Flexi,True,3,True,11611.00,PRICED,2026-09-06 20:15,ANCHOR_TIMESTAMP,INR,DECLARED_PROTOTYPE_CONSTANT,,phase8-v1
CELL::DEL|GOI|2026-09-07|Economy Saver|T1(0-2)::ROUND::2026-09-05T09:00,DEL,GOI,2026-09-07,Economy Saver,T1(0-2),ROUND::2026-09-05T09:00,2026-09-05 09:00,ANCHORED,0,7675.00,CONSOLIDATED,False,2,Goibibo;MMT,4,PARTIAL_COVERAGE,0.5000,AirlineSite;Cleartrip,1,1,7675.00,2,2,OBS00407;OBS00408,0,0,7628.00,7722.00,Goibibo=7722.00;MMT=7628.00,7628.00,7722.00,7675.00,94.00,94.00,0.00,DEL,GOI,2026-09-07,Economy Saver,True,1,True,7675.00,PRICED,2026-09-05 09:00,ANCHOR_TIMESTAMP,INR,DECLARED_PROTOTYPE_CONSTANT,,phase8-v1
CELL::DEL|GOI|2026-09-07|Economy Saver|T1(0-2)::ROUND::2026-09-05T14:30,DEL,GOI,2026-09-07,Economy Saver,T1(0-2),ROUND::2026-09-05T14:30,2026-09-05 14:30,ANCHORED,0,7457.50,CONSOLIDATED,False,2,EaseMyTrip;Goibibo,4,PARTIAL_COVERAGE,0.5000,AirlineSite;Cleartrip;MMT,2,2,7385.00;7530.00,3,3,OBS00872;OBS00873;OBS00895,0,0,7281.00,7530.00,EaseMyTrip=7489.00;Goibibo=7405.50,7405.50,7489.00,7447.25,208.00,104.00,145.00,DEL,GOI,2026-09-07,Economy Saver,True,1,True,7457.50,PRICED,2026-09-05 14:30,ANCHOR_TIMESTAMP,INR,DECLARED_PROTOTYPE_CONSTANT,,phase8-v1
CELL::DEL|GOI|2026-09-07|Economy Saver|T1(0-2)::ROUND::2026-09-05T20:15,DEL,GOI,2026-09-07,Economy Saver,T1(0-2),ROUND::2026-09-05T20:15,2026-09-05 20:15,ANCHORED,0,7399.00,CONSOLIDATED,False,2,AirlineSite;Goibibo,4,PARTIAL_COVERAGE,0.5000,Cleartrip;MMT,2,2,7130.00;7668.00,2,2,OBS01388;OBS01399,0,0,7130.00,7668.00,AirlineSite=7668.00;Goibibo=7130.00,7130.00,7668.00,7399.00,0.00,0.00,538.00,DEL,GOI,2026-09-07,Economy Saver,True,1,True,7399.00,PRICED,2026-09-05 20:15,ANCHOR_TIMESTAMP,INR,DECLARED_PROTOTYPE_CONSTANT,,phase8-v1
CELL::DEL|GOI|2026-09-07|Economy Saver|T1(0-2)::ROUND::2026-09-06T09:00,DEL,GOI,2026-09-07,Economy Saver,T1(0-2),ROUND::2026-09-06T09:00,2026-09-06 09:00,ANCHORED,0,7687.75,CONSOLIDATED,False,3,Cleartrip;Goibibo;MMT,4,PARTIAL_COVERAGE,0.7500,AirlineSite,2,2,7568.50;7807.00,3,3,OBS01912;OBS01913;OBS01924,0,0,7509.00,7807.00,Cleartrip=7807.00;Goibibo=7509.00;MMT=7628.00,7509.00,7807.00,7628.00,119.00,59.50,238.50,DEL,GOI,2026-09-07,Economy Saver,True,1,True,7687.75,PRICED,2026-09-06 09:00,ANCHOR_TIMESTAMP,INR,DECLARED_PROTOTYPE_CONSTANT,,phase8-v1
CELL::DEL|GOI|2026-09-07|Economy Saver|T1(0-2)::ROUND::2026-09-06T14:30,DEL,GOI,2026-09-07,Economy Saver,T1(0-2),ROUND::2026-09-06T14:30,2026-09-06 14:30,ANCHORED,0,7480.00,CONSOLIDATED,False,2,EaseMyTrip;Goibibo,4,PARTIAL_COVERAGE,0.5000,AirlineSite;Cleartrip;MMT,2,2,7234.00;7726.00,2,2,OBS02417;OBS02426,0,0,7234.00,7726.00,EaseMyTrip=7726.00;Goibibo=7234.00,7234.00,7726.00,7480.00,0.00,0.00,492.00,DEL,GOI,2026-09-07,Economy Saver,True,1,True,7480.00,PRICED,2026-09-06 14:30,ANCHOR_TIMESTAMP,INR,DECLARED_PROTOTYPE_CONSTANT,,phase8-v1
CELL::DEL|GOI|2026-09-07|Economy Saver|T1(0-2)::ROUND::2026-09-06T20:15,DEL,GOI,2026-09-07,Economy Saver,T1(0-2),ROUND::2026-09-06T20:15,2026-09-06 20:15,ANCHORED,0,7316.00,CONSOLIDATED,True,1,AirlineSite,4,SINGLE_SOURCE,0.2500,Cleartrip;Goibibo;MMT,1,1,7316.00,1,1,OBS02925,0,0,7316.00,7316.00,AirlineSite=7316.00,7316.00,7316.00,7316.00,0.00,0.00,0.00,DEL,GOI,2026-09-07,Economy Saver,True,1,True,7316.00,PRICED,2026-09-06 20:15,ANCHOR_TIMESTAMP,INR,DECLARED_PROTOTYPE_CONSTANT,,phase8-v1
CELL::DEL|GOI|2026-09-07|Economy Standard|T1(0-2)::ROUND::2026-09-05T09:00,DEL,GOI,2026-09-07,Economy Standard,T1(0-2),ROUND::2026-09-05T09:00,2026-09-05 09:00,ANCHORED,0,9626.75,CONSOLIDATED,False,2,AirlineSite;Cleartrip,4,PARTIAL_COVERAGE,0.5000,Goibibo;MMT,2,2,9614.50;9639.00,3,3,OBS00382;OBS00383;OBS00400,0,0,9254.00,9975.00,AirlineSite=9446.50;Cleartrip=9975.00,9446.50,9975.00,9710.75,721.00,360.50,24.50,DEL,GOI,2026-09-07,Economy Standard,True,2,True,9626.75,PRICED,2026-09-05 09:00,ANCHOR_TIMESTAMP,INR,DECLARED_PROTOTYPE_CONSTANT,,phase8-v1
CELL::DEL|GOI|2026-09-07|Economy Standard|T1(0-2)::ROUND::2026-09-06T09:00,DEL,GOI,2026-09-07,Economy Standard,T1(0-2),ROUND::2026-09-06T09:00,2026-09-06 09:00,ANCHORED,0,9559.00,CONSOLIDATED,False,4,AirlineSite;Cleartrip;EaseMyTrip;MMT,4,FULL_COVERAGE,1.0000,Goibibo,2,2,9443.50;9674.50,4,4,OBS01910;OBS01911;OBS01937;OBS01938,0,0,9337.00,10012.00,AirlineSite=9388.00;Cleartrip=9499.00;EaseMyTrip=10012.00;MMT=9337.00,9337.00,10012.00,9443.50,675.00,393.00,231.00,DEL,GOI,2026-09-07,Economy Standard,True,2,True,9559.00,PRICED,2026-09-06 09:00,ANCHOR_TIMESTAMP,INR,DECLARED_PROTOTYPE_CONSTANT,,phase8-v1
CELL::DEL|GOI|2026-09-07|Economy Standard|T1(0-2)::ROUND::2026-09-06T14:30,DEL,GOI,2026-09-07,Economy Standard,T1(0-2),ROUND::2026-09-06T14:30,2026-09-06 14:30,ANCHORED,0,9666.50,CONSOLIDATED,False,2,Goibibo;MMT,4,PARTIAL_COVERAGE,0.5000,AirlineSite;Cleartrip,1,1,9666.50,2,2,OBS02407;OBS02408,0,0,9312.00,10021.00,Goibibo=10021.00;MMT=9312.00,9312.00,10021.00,9666.50,709.00,709.00,0.00,DEL,GOI,2026-09-07,Economy Standard,True,2,True,9666.50,PRICED,2026-09-06 14:30,ANCHOR_TIMESTAMP,INR,DECLARED_PROTOTYPE_CONSTANT,,phase8-v1
CELL::DEL|GOI|2026-09-07|Economy Standard|T1(0-2)::ROUND::2026-09-06T20:15,DEL,GOI,2026-09-07,Economy Standard,T1(0-2),ROUND::2026-09-06T20:15,2026-09-06 20:15,ANCHORED,0,9712.00,CONSOLIDATED,True,1,Goibibo,4,SINGLE_SOURCE,0.2500,AirlineSite;Cleartrip;MMT,1,1,9712.00,1,1,OBS02932,0,0,9712.00,9712.00,Goibibo=9712.00,9712.00,9712.00,9712.00,0.00,0.00,0.00,DEL,GOI,2026-09-07,Economy Standard,True,2,True,9712.00,PRICED,2026-09-06 20:15,ANCHOR_TIMESTAMP,INR,DECLARED_PROTOTYPE_CONSTANT,,phase8-v1
CELL::DEL|GOI|2026-09-13|Economy Flexi|T7(5-9)::ROUND::2026-09-05T09:00,DEL,GOI,2026-09-13,Economy Flexi,T7(5-9),ROUND::2026-09-05T09:00,2026-09-05 09:00,ANCHORED,0,10645.50,CONSOLIDATED,False,2,Cleartrip;Goibibo,4,PARTIAL_COVERAGE,0.5000,AirlineSite;MMT,1,1,10645.50,2,2,OBS00409;OBS00410,0,0,10371.00,10920.00,Cleartrip=10920.00;Goibibo=10371.00,10371.00,10920.00,10645.50,549.00,549.00,0.00,DEL,GOI,2026-09-13,Economy Flexi,True,3,True,10645.50,PRICED,2026-09-05 09:00,ANCHOR_TIMESTAMP,INR,DECLARED_PROTOTYPE_CONSTANT,,phase8-v1
CELL::DEL|GOI|2026-09-13|Economy Flexi|T7(5-9)::ROUND::2026-09-05T14:30,DEL,GOI,2026-09-13,Economy Flexi,T7(5-9),ROUND::2026-09-05T14:30,2026-09-05 14:30,ANCHORED,0,10645.50,CONSOLIDATED,False,2,Cleartrip;MMT,4,PARTIAL_COVERAGE,0.5000,AirlineSite;Goibibo,1,1,10645.50,2,2,OBS00896;OBS00897,0,0,10438.00,10853.00,Cleartrip=10438.00;MMT=10853.00,10438.00,10853.00,10645.50,415.00,415.00,0.00,DEL,GOI,2026-09-13,Economy Flexi,True,3,True,10645.50,PRICED,2026-09-05 14:30,ANCHOR_TIMESTAMP,INR,DECLARED_PROTOTYPE_CONSTANT,,phase8-v1
CELL::DEL|GOI|2026-09-13|Economy Flexi|T7(5-9)::ROUND::2026-09-06T09:00,DEL,GOI,2026-09-13,Economy Flexi,T7(5-9),ROUND::2026-09-06T09:00,2026-09-06 09:00,ANCHORED,0,10436.00,CONSOLIDATED,False,2,EaseMyTrip;MMT,4,PARTIAL_COVERAGE,0.5000,AirlineSite;Cleartrip;Goibibo,1,1,10436.00,2,2,OBS01914;OBS01915,0,0,10413.00,10459.00,EaseMyTrip=10459.00;MMT=10413.00,10413.00,10459.00,10436.00,46.00,46.00,0.00,DEL,GOI,2026-09-13,Economy Flexi,True,3,True,10436.00,PRICED,2026-09-06 09:00,ANCHOR_TIMESTAMP,INR,DECLARED_PROTOTYPE_CONSTANT,,phase8-v1
CELL::DEL|GOI|2026-09-13|Economy Flexi|T7(5-9)::ROUND::2026-09-06T14:30,DEL,GOI,2026-09-13,Economy Flexi,T7(5-9),ROUND::2026-09-06T14:30,2026-09-06 14:30,ANCHORED,0,10953.00,CONSOLIDATED,True,1,Goibibo,4,SINGLE_SOURCE,0.2500,AirlineSite;Cleartrip;MMT,1,1,10953.00,1,1,OBS02409,0,0,10953.00,10953.00,Goibibo=10953.00,10953.00,10953.00,10953.00,0.00,0.00,0.00,DEL,GOI,2026-09-13,Economy Flexi,True,3,True,10953.00,PRICED,2026-09-06 14:30,ANCHOR_TIMESTAMP,INR,DECLARED_PROTOTYPE_CONSTANT,,phase8-v1
CELL::DEL|GOI|2026-09-13|Economy Flexi|T7(5-9)::ROUND::2026-09-06T20:15,DEL,GOI,2026-09-13,Economy Flexi,T7(5-9),ROUND::2026-09-06T20:15,2026-09-06 20:15,ANCHORED,0,11004.00,CONSOLIDATED,True,1,Cleartrip,4,SINGLE_SOURCE,0.2500,AirlineSite;Goibibo;MMT,1,1,11004.00,1,1,OBS02927,0,0,11004.00,11004.00,Cleartrip=11004.00,11004.00,11004.00,11004.00,0.00,0.00,0.00,DEL,GOI,2026-09-13,Economy Flexi,True,3,True,11004.00,PRICED,2026-09-06 20:15,ANCHOR_TIMESTAMP,INR,DECLARED_PROTOTYPE_CONSTANT,,phase8-v1
CELL::DEL|GOI|2026-09-13|Economy Saver|T7(5-9)::ROUND::2026-09-05T09:00,DEL,GOI,2026-09-13,Economy Saver,T7(5-9),ROUND::2026-09-05T09:00,2026-09-05 09:00,ANCHORED,0,6451.00,CONSOLIDATED,True,3,Cleartrip;EaseMyTrip;MMT,4,PARTIAL_COVERAGE,0.7500,AirlineSite;Goibibo,3,3,6397.00;6451.00;6662.50,5,5,OBS00385;OBS00386;OBS00401;OBS00411;OBS00412,0,0,6306.00,6856.00,Cleartrip=6856.00;EaseMyTrip=6469.50;MMT=6387.50,6387.50,6856.00,6469.50,387.00,182.00,265.50,DEL,GOI,2026-09-13,Economy Saver,True,1,True,6451.00,PRICED,2026-09-05 09:00,ANCHOR_TIMESTAMP,INR,DECLARED_PROTOTYPE_CONSTANT,,phase8-v1
CELL::DEL|GOI|2026-09-13|Economy Saver|T7(5-9)::ROUND::2026-09-05T14:30,DEL,GOI,2026-09-13,Economy Saver,T7(5-9),ROUND::2026-09-05T14:30,2026-09-05 14:30,ANCHORED,0,6455.50,CONSOLIDATED,False,1,Goibibo,4,SINGLE_SOURCE,0.2500,AirlineSite;Cleartrip;MMT,2,2,6392.00;6519.00,2,2,OBS00874;OBS00886,0,0,6392.00,6519.00,Goibibo=6455.50,6455.50,6455.50,6455.50,0.00,0.00,127.00,DEL,GOI,2026-09-13,Economy Saver,True,1,True,6455.50,PRICED,2026-09-05 14:30,ANCHOR_TIMESTAMP,INR,DECLARED_PROTOTYPE_CONSTANT,,phase8-v1
CELL::DEL|GOI|2026-09-13|Economy Saver|T7(5-9)::ROUND::2026-09-05T20:15,DEL,GOI,2026-09-13,Economy Saver,T7(5-9),ROUND::2026-09-05T20:15,2026-09-05 20:15,ANCHORED,0,6784.25,CONSOLIDATED,False,3,AirlineSite;EaseMyTrip;MMT,4,PARTIAL_COVERAGE,0.7500,Cleartrip;Goibibo,2,2,6663.50;6905.00,3,3,OBS01390;OBS01391;OBS01409,0,0,6438.00,6905.00,AirlineSite=6889.00;EaseMyTrip=6438.00;MMT=6905.00,6438.00,6905.00,6889.00,451.00,225.50,241.50,DEL,GOI,2026-09-13,Economy Saver,True,1,True,6784.25,PRICED,2026-09-05 20:15,ANCHOR_TIMESTAMP,INR,DECLARED_PROTOTYPE_CONSTANT,,phase8-v1
CELL::DEL|GOI|2026-09-13|Economy Saver|T7(5-9)::ROUND::2026-09-06T09:00,DEL,GOI,2026-09-13,Economy Saver,T7(5-9),ROUND::2026-09-06T09:00,2026-09-06 09:00,ANCHORED,0,6768.00,CONSOLIDATED,False,3,Cleartrip;Goibibo;MMT,4,PARTIAL_COVERAGE,0.7500,AirlineSite,2,2,6647.00;6889.00,3,3,OBS01927;OBS01939;OBS01940,0,0,6645.00,6889.00,Cleartrip=6889.00;Goibibo=6649.00;MMT=6645.00,6645.00,6889.00,6649.00,4.00,2.00,242.00,DEL,GOI,2026-09-13,Economy Saver,True,1,True,6768.00,PRICED,2026-09-06 09:00,ANCHOR_TIMESTAMP,INR,DECLARED_PROTOTYPE_CONSTANT,,phase8-v1
CELL::DEL|GOI|2026-09-13|Economy Saver|T7(5-9)::ROUND::2026-09-06T14:30,DEL,GOI,2026-09-13,Economy Saver,T7(5-9),ROUND::2026-09-06T14:30,2026-09-06 14:30,ANCHORED,0,6840.50,CONSOLIDATED,False,2,Cleartrip;MMT,4,PARTIAL_COVERAGE,0.5000,AirlineSite;Goibibo,2,2,6811.00;6870.00,4,4,OBS02420;OBS02421;OBS02428;OBS02429,0,0,6642.00,6999.00,Cleartrip=6691.50;MMT=6989.50,6691.50,6989.50,6840.50,338.00,298.00,59.00,DEL,GOI,2026-09-13,Economy Saver,True,1,True,6840.50,PRICED,2026-09-06 14:30,ANCHOR_TIMESTAMP,INR,DECLARED_PROTOTYPE_CONSTANT,,phase8-v1
CELL::DEL|GOI|2026-09-13|Economy Saver|T7(5-9)::ROUND::2026-09-06T20:15,DEL,GOI,2026-09-13,Economy Saver,T7(5-9),ROUND::2026-09-06T20:15,2026-09-06 20:15,ANCHORED,0,6866.00,CONSOLIDATED,True,3,AirlineSite;EaseMyTrip;Goibibo,4,PARTIAL_COVERAGE,0.7500,Cleartrip;MMT,3,3,6742.50;6866.00;6971.00,4,4,OBS02926;OBS02935;OBS02946;OBS02947,0,0,6697.00,6971.00,AirlineSite=6918.50;EaseMyTrip=6788.00;Goibibo=6697.00,6697.00,6918.50,6788.00,91.00,0.00,228.50,DEL,GOI,2026-09-13,Economy Saver,True,1,True,6866.00,PRICED,2026-09-06 20:15,ANCHOR_TIMESTAMP,INR,DECLARED_PROTOTYPE_CONSTANT,,phase8-v1
CELL::DEL|GOI|2026-09-13|Economy Saver|T7(5-9)::ROUND::2026-09-08T09:00,DEL,GOI,2026-09-13,Economy Saver,T7(5-9),ROUND::2026-09-08T09:00,2026-09-08 09:00,ANCHORED,0,6846.00,CONSOLIDATED,True,1,MMT,4,SINGLE_SOURCE,0.2500,AirlineSite;Cleartrip;Goibibo,1,1,6846.00,1,1,OBS02986,0,0,6846.00,6846.00,MMT=6846.00,6846.00,6846.00,6846.00,0.00,0.00,0.00,DEL,GOI,2026-09-13,Economy Saver,True,1,True,6846.00,PRICED,2026-09-08 09:00,ANCHOR_TIMESTAMP,INR,DECLARED_PROTOTYPE_CONSTANT,,phase8-v1
CELL::DEL|GOI|2026-09-13|Economy Standard|OUT_OF_BAND::ROUND::2026-09-09T20:15,DEL,GOI,2026-09-13,Economy Standard,OUT_OF_BAND,ROUND::2026-09-09T20:15,2026-09-09 20:15,ANCHORED,0,9449.00,CONSOLIDATED,True,1,MMT,4,SINGLE_SOURCE,0.2500,AirlineSite;Cleartrip;Goibibo,1,1,9449.00,1,1,OBS02979,0,0,9449.00,9449.00,MMT=9449.00,9449.00,9449.00,9449.00,0.00,0.00,0.00,DEL,GOI,2026-09-13,Economy Standard,True,2,False,9449.00,PRICED,2026-09-09 20:15,ANCHOR_TIMESTAMP,INR,DECLARED_PROTOTYPE_CONSTANT,UNKNOWN_ADVANCE_PURCHASE_WINDOW,phase8-v1
CELL::DEL|GOI|2026-09-13|Economy Standard|T7(5-9)::ROUND::2026-09-05T09:00,DEL,GOI,2026-09-13,Economy Standard,T7(5-9),ROUND::2026-09-05T09:00,2026-09-05 09:00,ANCHORED,0,8550.00,CONSOLIDATED,True,1,EaseMyTrip,4,SINGLE_SOURCE,0.2500,AirlineSite;Cleartrip;Goibibo;MMT,1,1,8550.00,1,1,OBS00384,0,0,8550.00,8550.00,EaseMyTrip=8550.00,8550.00,8550.00,8550.00,0.00,0.00,0.00,DEL,GOI,2026-09-13,Economy Standard,True,2,True,8550.00,PRICED,2026-09-05 09:00,ANCHOR_TIMESTAMP,INR,DECLARED_PROTOTYPE_CONSTANT,,phase8-v1
CELL::DEL|GOI|2026-09-13|Economy Standard|T7(5-9)::ROUND::2026-09-05T14:30,DEL,GOI,2026-09-13,Economy Standard,T7(5-9),ROUND::2026-09-05T14:30,2026-09-05 14:30,ANCHORED,0,8690.25,CONSOLIDATED,False,2,Cleartrip;EaseMyTrip,4,PARTIAL_COVERAGE,0.5000,AirlineSite;Goibibo;MMT,2,2,8661.50;8719.00,3,3,OBS00875;OBS00884;OBS00885,0,0,8536.00,8787.00,Cleartrip=8536.00;EaseMyTrip=8753.00,8536.00,8753.00,8644.50,251.00,125.50,57.50,DEL,GOI,2026-09-13,Economy Standard,True,2,True,8690.25,PRICED,2026-09-05 14:30,ANCHOR_TIMESTAMP,INR,DECLARED_PROTOTYPE_CONSTANT,,phase8-v1
CELL::DEL|GOI|2026-09-13|Economy Standard|T7(5-9)::ROUND::2026-09-05T20:15,DEL,GOI,2026-09-13,Economy Standard,T7(5-9),ROUND::2026-09-05T20:15,2026-09-05 20:15,ANCHORED,0,8409.00,CONSOLIDATED,False,2,Cleartrip;EaseMyTrip,4,PARTIAL_COVERAGE,0.5000,AirlineSite;Goibibo;MMT,2,2,8215.00;8603.00,3,3,OBS01400;OBS01410;OBS01411,0,0,8215.00,8759.00,Cleartrip=8447.00;EaseMyTrip=8487.00,8447.00,8487.00,8467.00,312.00,156.00,388.00,DEL,GOI,2026-09-13,Economy Standard,True,2,True,8409.00,PRICED,2026-09-05 20:15,ANCHOR_TIMESTAMP,INR,DECLARED_PROTOTYPE_CONSTANT,,phase8-v1
CELL::DEL|GOI|2026-09-13|Economy Standard|T7(5-9)::ROUND::2026-09-06T09:00,DEL,GOI,2026-09-13,Economy Standard,T7(5-9),ROUND::2026-09-06T09:00,2026-09-06 09:00,ANCHORED,0,8592.75,CONSOLIDATED,False,3,AirlineSite;Cleartrip;MMT,4,PARTIAL_COVERAGE,0.7500,Goibibo,2,2,8508.00;8677.50,3,3,OBS01925;OBS01926;OBS01941,0,0,8508.00,8780.00,AirlineSite=8780.00;Cleartrip=8508.00;MMT=8575.00,8508.00,8780.00,8575.00,205.00,102.50,169.50,DEL,GOI,2026-09-13,Economy Standard,True,2,True,8592.75,PRICED,2026-09-06 09:00,ANCHOR_TIMESTAMP,INR,DECLARED_PROTOTYPE_CONSTANT,,phase8-v1
CELL::DEL|GOI|2026-09-13|Economy Standard|T7(5-9)::ROUND::2026-09-06T14:30,DEL,GOI,2026-09-13,Economy Standard,T7(5-9),ROUND::2026-09-06T14:30,2026-09-06 14:30,ANCHORED,0,8509.00,CONSOLIDATED,False,2,AirlineSite;MMT,4,PARTIAL_COVERAGE,0.5000,Cleartrip;Goibibo,1,1,8509.00,2,2,OBS02410;OBS02411,0,0,8467.00,8551.00,AirlineSite=8467.00;MMT=8551.00,8467.00,8551.00,8509.00,84.00,84.00,0.00,DEL,GOI,2026-09-13,Economy Standard,True,2,True,8509.00,PRICED,2026-09-06 14:30,ANCHOR_TIMESTAMP,INR,DECLARED_PROTOTYPE_CONSTANT,,phase8-v1
CELL::DEL|GOI|2026-09-13|Economy Standard|T7(5-9)::ROUND::2026-09-06T20:15,DEL,GOI,2026-09-13,Economy Standard,T7(5-9),ROUND::2026-09-06T20:15,2026-09-06 20:15,ANCHORED,0,8404.50,CONSOLIDATED,False,3,AirlineSite;EaseMyTrip;MMT,4,PARTIAL_COVERAGE,0.7500,Cleartrip;Goibibo,2,2,8399.00;8410.00,3,3,OBS02933;OBS02934;OBS02945,0,0,8293.00,8527.00,AirlineSite=8527.00;EaseMyTrip=8399.00;MMT=8293.00,8293.00,8527.00,8399.00,234.00,117.00,11.00,DEL,GOI,2026-09-13,Economy Standard,True,2,True,8404.50,PRICED,2026-09-06 20:15,ANCHOR_TIMESTAMP,INR,DECLARED_PROTOTYPE_CONSTANT,,phase8-v1
CELL::DEL|GOI|2026-09-21|Economy Flexi|T15(12-18)::ROUND::2026-09-05T09:00,DEL,GOI,2026-09-21,Economy Flexi,T15(12-18),ROUND::2026-09-05T09:00,2026-09-05 09:00,ANCHORED,0,9102.00,CONSOLIDATED,True,1,Cleartrip,4,SINGLE_SOURCE,0.2500,AirlineSite;Goibibo;MMT,1,1,9102.00,1,1,OBS00413,0,0,9102.00,9102.00,Cleartrip=9102.00,9102.00,9102.00,9102.00,0.00,0.00,0.00,DEL,GOI,2026-09-21,Economy Flexi,True,3,True,9102.00,PRICED,2026-09-05 09:00,ANCHOR_TIMESTAMP,INR,DECLARED_PROTOTYPE_CONSTANT,,phase8-v1
CELL::DEL|GOI|2026-09-21|Economy Flexi|T15(12-18)::ROUND::2026-09-05T14:30,DEL,GOI,2026-09-21,Economy Flexi,T15(12-18),ROUND::2026-09-05T14:30,2026-09-05 14:30,ANCHORED,0,9020.00,CONSOLIDATED,True,1,Goibibo,4,SINGLE_SOURCE,0.2500,AirlineSite;Cleartrip;MMT,1,1,9020.00,1,1,OBS00888,0,0,9020.00,9020.00,Goibibo=9020.00,9020.00,9020.00,9020.00,0.00,0.00,0.00,DEL,GOI,2026-09-21,Economy Flexi,True,3,True,9020.00,PRICED,2026-09-05 14:30,ANCHOR_TIMESTAMP,INR,DECLARED_PROTOTYPE_CONSTANT,,phase8-v1
CELL::DEL|GOI|2026-09-21|Economy Flexi|T15(12-18)::ROUND::2026-09-05T20:15,DEL,GOI,2026-09-21,Economy Flexi,T15(12-18),ROUND::2026-09-05T20:15,2026-09-05 20:15,ANCHORED,0,8827.00,CONSOLIDATED,True,5,AirlineSite;Cleartrip;EaseMyTrip;Goibibo;MMT,4,FULL_COVERAGE,1.2500,,3,3,8616.00;8827.00;8843.00,5,5,OBS01392;OBS01393;OBS01401;OBS01413;OBS01414,0,0,8349.00,9187.00,AirlineSite=8499.00;Cleartrip=8827.00;EaseMyTrip=9187.00;Goibibo=8883.00;MMT=8349.00,8349.00,9187.00,8827.00,688.00,534.00,227.00,DEL,GOI,2026-09-21,Economy Flexi,True,3,True,8827.00,PRICED,2026-09-05 20:15,ANCHOR_TIMESTAMP,INR,DECLARED_PROTOTYPE_CONSTANT,,phase8-v1
CELL::DEL|GOI|2026-09-21|Economy Flexi|T15(12-18)::ROUND::2026-09-06T09:00,DEL,GOI,2026-09-21,Economy Flexi,T15(12-18),ROUND::2026-09-06T09:00,2026-09-06 09:00,ANCHORED,0,9240.00,CONSOLIDATED,False,4,AirlineSite;Cleartrip;EaseMyTrip;Goibibo,4,FULL_COVERAGE,1.0000,MMT,3,3,8831.00;9240.00;9455.00,5,5,OBS01917;OBS01918;OBS01928;OBS01944;OBS01945,0,0,8562.00,9455.00,AirlineSite=9122.00;Cleartrip=9358.00;EaseMyTrip=8562.00;Goibibo=9277.50,8562.00,9358.00,9199.75,538.00,236.00,624.00,DEL,GOI,2026-09-21,Economy Flexi,True,3,True,9240.00,PRICED,2026-09-06 09:00,ANCHOR_TIMESTAMP,INR,DECLARED_PROTOTYPE_CONSTANT,,phase8-v1
CELL::DEL|GOI|2026-09-21|Economy Flexi|T15(12-18)::ROUND::2026-09-06T14:30,DEL,GOI,2026-09-21,Economy Flexi,T15(12-18),ROUND::2026-09-06T14:30,2026-09-06 14:30,ANCHORED,0,9062.50,CONSOLIDATED,False,3,Cleartrip;EaseMyTrip;Goibibo,4,PARTIAL_COVERAGE,0.7500,AirlineSite;MMT,2,2,8942.50;9182.50,4,4,OBS02412;OBS02413;OBS02431;OBS02432,0,0,8907.00,9458.00,Cleartrip=9204.50;EaseMyTrip=8934.00;Goibibo=8907.00,8907.00,9204.50,8934.00,551.00,284.00,240.00,DEL,GOI,2026-09-21,Economy Flexi,True,3,True,9062.50,PRICED,2026-09-06 14:30,ANCHOR_TIMESTAMP,INR,DECLARED_PROTOTYPE_CONSTANT,,phase8-v1
CELL::DEL|GOI|2026-09-21|Economy Flexi|T15(12-18)::ROUND::2026-09-06T20:15,DEL,GOI,2026-09-21,Economy Flexi,T15(12-18),ROUND::2026-09-06T20:15,2026-09-06 20:15,ANCHORED,0,8787.50,CONSOLIDATED,False,2,AirlineSite;Cleartrip,4,PARTIAL_COVERAGE,0.5000,Goibibo;MMT,1,1,8787.50,2,2,OBS02950;OBS02951,0,0,8663.00,8912.00,AirlineSite=8663.00;Cleartrip=8912.00,8663.00,8912.00,8787.50,249.00,249.00,0.00,DEL,GOI,2026-09-21,Economy Flexi,True,3,True,8787.50,PRICED,2026-09-06 20:15,ANCHOR_TIMESTAMP,INR,DECLARED_PROTOTYPE_CONSTANT,,phase8-v1
CELL::DEL|GOI|2026-09-21|Economy Saver|T15(12-18)::ROUND::2026-09-05T09:00,DEL,GOI,2026-09-21,Economy Saver,T15(12-18),ROUND::2026-09-05T09:00,2026-09-05 09:00,ANCHORED,0,5497.00,CONSOLIDATED,True,4,Cleartrip;EaseMyTrip;Goibibo;MMT,4,FULL_COVERAGE,1.0000,AirlineSite,3,3,5423.00;5497.00;5746.00,4,4,OBS00389;OBS00402;OBS00403;OBS00414,0,0,5409.00,5746.00,Cleartrip=5409.00;EaseMyTrip=5497.00;Goibibo=5437.00;MMT=5746.00,5409.00,5746.00,5467.00,28.00,0.00,323.00,DEL,GOI,2026-09-21,Economy Saver,True,1,True,5497.00,PRICED,2026-09-05 09:00,ANCHOR_TIMESTAMP,INR,DECLARED_PROTOTYPE_CONSTANT,,phase8-v1
CELL::DEL|GOI|2026-09-21|Economy Saver|T15(12-18)::ROUND::2026-09-05T14:30,DEL,GOI,2026-09-21,Economy Saver,T15(12-18),ROUND::2026-09-05T14:30,2026-09-05 14:30,ANCHORED,0,5588.00,CONSOLIDATED,False,2,AirlineSite;MMT,4,PARTIAL_COVERAGE,0.5000,Cleartrip;Goibibo,2,2,5531.00;5645.00,3,3,OBS00887;OBS00899;OBS00900,0,0,5530.00,5760.00,AirlineSite=5760.00;MMT=5530.50,5530.50,5760.00,5645.25,230.00,115.00,114.00,DEL,GOI,2026-09-21,Economy Saver,True,1,True,5588.00,PRICED,2026-09-05 14:30,ANCHOR_TIMESTAMP,INR,DECLARED_PROTOTYPE_CONSTANT,,phase8-v1
CELL::DEL|GOI|2026-09-21|Economy Saver|T15(12-18)::ROUND::2026-09-05T20:15,DEL,GOI,2026-09-21,Economy Saver,T15(12-18),ROUND::2026-09-05T20:15,2026-09-05 20:15,ANCHORED,0,5662.50,CONSOLIDATED,False,2,Cleartrip;Goibibo,4,PARTIAL_COVERAGE,0.5000,AirlineSite;MMT,1,1,5662.50,2,2,OBS01402;OBS01403,0,0,5537.00,5788.00,Cleartrip=5537.00;Goibibo=5788.00,5537.00,5788.00,5662.50,251.00,251.00,0.00,DEL,GOI,2026-09-21,Economy Saver,True,1,True,5662.50,PRICED,2026-09-05 20:15,ANCHOR_TIMESTAMP,INR,DECLARED_PROTOTYPE_CONSTANT,,phase8-v1
CELL::DEL|GOI|2026-09-21|Economy Saver|T15(12-18)::ROUND::2026-09-06T09:00,DEL,GOI,2026-09-21,Economy Saver,T15(12-18),ROUND::2026-09-06T09:00,2026-09-06 09:00,ANCHORED,0,5757.00,CONSOLIDATED,False,2,Cleartrip;MMT,4,PARTIAL_COVERAGE,0.5000,AirlineSite;Goibibo,2,2,5522.00;5992.00,3,3,OBS01916;OBS01942;OBS01943,0,0,5522.00,6071.00,Cleartrip=5717.50;MMT=6071.00,5717.50,6071.00,5894.25,158.00,79.00,470.00,DEL,GOI,2026-09-21,Economy Saver,True,1,True,5757.00,PRICED,2026-09-06 09:00,ANCHOR_TIMESTAMP,INR,DECLARED_PROTOTYPE_CONSTANT,,phase8-v1
CELL::DEL|GOI|2026-09-21|Economy Saver|T15(12-18)::ROUND::2026-09-06T14:30,DEL,GOI,2026-09-21,Economy Saver,T15(12-18),ROUND::2026-09-06T14:30,2026-09-06 14:30,ANCHORED,0,5974.00,CONSOLIDATED,True,1,AirlineSite,4,SINGLE_SOURCE,0.2500,Cleartrip;Goibibo;MMT,1,1,5974.00,1,1,OBS02422,0,0,5974.00,5974.00,AirlineSite=5974.00,5974.00,5974.00,5974.00,0.00,0.00,0.00,DEL,GOI,2026-09-21,Economy Saver,True,1,True,5974.00,PRICED,2026-09-06 14:30,ANCHOR_TIMESTAMP,INR,DECLARED_PROTOTYPE_CONSTANT,,phase8-v1
CELL::DEL|GOI|2026-09-21|Economy Saver|T15(12-18)::ROUND::2026-09-06T20:15,DEL,GOI,2026-09-21,Economy Saver,T15(12-18),ROUND::2026-09-06T20:15,2026-09-06 20:15,ANCHORED,0,5829.50,CONSOLIDATED,False,5,AirlineSite;Cleartrip;EaseMyTrip;Goibibo;MMT,4,FULL_COVERAGE,1.2500,,3,3,5735.00;5829.50;5837.50,6,6,OBS02928;OBS02929;OBS02936;OBS02937;OBS02948;OBS02949,0,0,5685.00,5990.00,AirlineSite=5775.00;Cleartrip=5794.00;EaseMyTrip=5698.00;Goibibo=5990.00;MMT=5772.00,5698.00,5990.00,5775.00,305.00,74.00,102.50,DEL,GOI,2026-09-21,Economy Saver,True,1,True,5829.50,PRICED,2026-09-06 20:15,ANCHOR_TIMESTAMP,INR,DECLARED_PROTOTYPE_CONSTANT,,phase8-v1
CELL::DEL|GOI|2026-09-21|Economy Saver|T15(12-18)::ROUND::2026-09-07T09:00,DEL,GOI,2026-09-21,Economy Saver,T15(12-18),ROUND::2026-09-07T09:00,2026-09-07 09:00,ANCHORED,0,5666.00,CONSOLIDATED,True,1,Cleartrip,4,SINGLE_SOURCE,0.2500,AirlineSite;Goibibo;MMT,1,1,5666.00,1,1,OBS02980,0,0,5666.00,5666.00,Cleartrip=5666.00,5666.00,5666.00,5666.00,0.00,0.00,0.00,DEL,GOI,2026-09-21,Economy Saver,True,1,True,5666.00,PRICED,2026-09-07 09:00,ANCHOR_TIMESTAMP,INR,DECLARED_PROTOTYPE_CONSTANT,,phase8-v1
CELL::DEL|GOI|2026-09-21|Economy Standard|T15(12-18)::ROUND::2026-09-05T09:00,DEL,GOI,2026-09-21,Economy Standard,T15(12-18),ROUND::2026-09-05T09:00,2026-09-05 09:00,ANCHORED,0,7377.00,CONSOLIDATED,False,2,Goibibo;MMT,4,PARTIAL_COVERAGE,0.5000,AirlineSite;Cleartrip,1,1,7377.00,2,2,OBS00387;OBS00388,0,0,7280.00,7474.00,Goibibo=7474.00;MMT=7280.00,7280.00,7474.00,7377.00,194.00,194.00,0.00,DEL,GOI,2026-09-21,Economy Standard,True,2,True,7377.00,PRICED,2026-09-05 09:00,ANCHOR_TIMESTAMP,INR,DECLARED_PROTOTYPE_CONSTANT,,phase8-v1
CELL::DEL|GOI|2026-09-21|Economy Standard|T15(12-18)::ROUND::2026-09-05T14:30,DEL,GOI,2026-09-21,Economy Standard,T15(12-18),ROUND::2026-09-05T14:30,2026-09-05 14:30,ANCHORED,0,7198.50,CONSOLIDATED,False,2,AirlineSite;MMT,4,PARTIAL_COVERAGE,0.5000,Cleartrip;Goibibo,2,2,7071.00;7326.00,2,2,OBS00876;OBS00898,0,0,7071.00,7326.00,AirlineSite=7071.00;MMT=7326.00,7071.00,7326.00,7198.50,0.00,0.00,255.00,DEL,GOI,2026-09-21,Economy Standard,True,2,True,7198.50,PRICED,2026-09-05 14:30,ANCHOR_TIMESTAMP,INR,DECLARED_PROTOTYPE_CONSTANT,,phase8-v1
CELL::DEL|GOI|2026-09-21|Economy Standard|T15(12-18)::ROUND::2026-09-05T20:15,DEL,GOI,2026-09-21,Economy Standard,T15(12-18),ROUND::2026-09-05T20:15,2026-09-05 20:15,ANCHORED,0,6955.00,CONSOLIDATED,True,1,Goibibo,4,SINGLE_SOURCE,0.2500,AirlineSite;Cleartrip;MMT,1,1,6955.00,1,1,OBS01412,0,0,6955.00,6955.00,Goibibo=6955.00,6955.00,6955.00,6955.00,0.00,0.00,0.00,DEL,GOI,2026-09-21,Economy Standard,True,2,True,6955.00,PRICED,2026-09-05 20:15,ANCHOR_TIMESTAMP,INR,DECLARED_PROTOTYPE_CONSTANT,,phase8-v1
CELL::DEL|GOI|2026-09-21|Economy Standard|T15(12-18)::ROUND::2026-09-06T09:00,DEL,GOI,2026-09-21,Economy Standard,T15(12-18),ROUND::2026-09-06T09:00,2026-09-06 09:00,ANCHORED,0,7287.50,CONSOLIDATED,False,2,Cleartrip;Goibibo,4,PARTIAL_COVERAGE,0.5000,AirlineSite;MMT,1,1,7287.50,2,2,OBS01929;OBS01930,0,0,7200.00,7375.00,Cleartrip=7375.00;Goibibo=7200.00,7200.00,7375.00,7287.50,175.00,175.00,0.00,DEL,GOI,2026-09-21,Economy Standard,True,2,True,7287.50,PRICED,2026-09-06 09:00,ANCHOR_TIMESTAMP,INR,DECLARED_PROTOTYPE_CONSTANT,,phase8-v1
CELL::DEL|GOI|2026-09-21|Economy Standard|T15(12-18)::ROUND::2026-09-06T14:30,DEL,GOI,2026-09-21,Economy Standard,T15(12-18),ROUND::2026-09-06T14:30,2026-09-06 14:30,ANCHORED,0,7272.00,CONSOLIDATED,True,1,AirlineSite,4,SINGLE_SOURCE,0.2500,Cleartrip;Goibibo;MMT,1,1,7272.00,1,1,OBS02430,0,0,7272.00,7272.00,AirlineSite=7272.00,7272.00,7272.00,7272.00,0.00,0.00,0.00,DEL,GOI,2026-09-21,Economy Standard,True,2,True,7272.00,PRICED,2026-09-06 14:30,ANCHOR_TIMESTAMP,INR,DECLARED_PROTOTYPE_CONSTANT,,phase8-v1
CELL::DEL|GOI|2026-10-06|Economy Flexi|T30(25-35)::ROUND::2026-09-05T09:00,DEL,GOI,2026-10-06,Economy Flexi,T30(25-35),ROUND::2026-09-05T09:00,2026-09-05 09:00,ANCHORED,0,8156.25,CONSOLIDATED,False,2,Goibibo;MMT,4,PARTIAL_COVERAGE,0.5000,AirlineSite;Cleartrip,2,2,8118.00;8194.50,3,3,OBS00390;OBS00391;OBS00415,0,0,8052.00,8337.00,Goibibo=8085.00;MMT=8337.00,8085.00,8337.00,8211.00,285.00,142.50,76.50,DEL,GOI,2026-10-06,Economy Flexi,True,3,True,8156.25,PRICED,2026-09-05 09:00,ANCHOR_TIMESTAMP,INR,DECLARED_PROTOTYPE_CONSTANT,,phase8-v1
CELL::DEL|GOI|2026-10-06|Economy Flexi|T30(25-35)::ROUND::2026-09-05T14:30,DEL,GOI,2026-10-06,Economy Flexi,T30(25-35),ROUND::2026-09-05T14:30,2026-09-05 14:30,ANCHORED,0,7846.75,CONSOLIDATED,False,4,AirlineSite;Cleartrip;EaseMyTrip;MMT,4,FULL_COVERAGE,1.0000,Goibibo,2,2,7816.50;7877.00,4,4,OBS00877;OBS00878;OBS00889;OBS00890,0,0,7594.00,8160.00,AirlineSite=7807.00;Cleartrip=7826.00;EaseMyTrip=7594.00;MMT=8160.00,7594.00,8160.00,7816.50,566.00,292.50,60.50,DEL,GOI,2026-10-06,Economy Flexi,True,3,True,7846.75,PRICED,2026-09-05 14:30,ANCHOR_TIMESTAMP,INR,DECLARED_PROTOTYPE_CONSTANT,,phase8-v1
CELL::DEL|GOI|2026-10-06|Economy Flexi|T30(25-35)::ROUND::2026-09-05T20:15,DEL,GOI,2026-10-06,Economy Flexi,T30(25-35),ROUND::2026-09-05T20:15,2026-09-05 20:15,ANCHORED,0,8347.00,CONSOLIDATED,True,1,MMT,4,SINGLE_SOURCE,0.2500,AirlineSite;Cleartrip;Goibibo,1,1,8347.00,1,1,OBS01395,0,0,8347.00,8347.00,MMT=8347.00,8347.00,8347.00,8347.00,0.00,0.00,0.00,DEL,GOI,2026-10-06,Economy Flexi,True,3,True,8347.00,PRICED,2026-09-05 20:15,ANCHOR_TIMESTAMP,INR,DECLARED_PROTOTYPE_CONSTANT,,phase8-v1
CELL::DEL|GOI|2026-10-06|Economy Flexi|T30(25-35)::ROUND::2026-09-06T09:00,DEL,GOI,2026-10-06,Economy Flexi,T30(25-35),ROUND::2026-09-06T09:00,2026-09-06 09:00,ANCHORED,0,8025.00,CONSOLIDATED,True,1,MMT,4,SINGLE_SOURCE,0.2500,AirlineSite;Cleartrip;Goibibo,1,1,8025.00,1,1,OBS01932,0,0,8025.00,8025.00,MMT=8025.00,8025.00,8025.00,8025.00,0.00,0.00,0.00,DEL,GOI,2026-10-06,Economy Flexi,True,3,True,8025.00,PRICED,2026-09-06 09:00,ANCHOR_TIMESTAMP,INR,DECLARED_PROTOTYPE_CONSTANT,,phase8-v1
CELL::DEL|GOI|2026-10-06|Economy Flexi|T30(25-35)::ROUND::2026-09-06T14:30,DEL,GOI,2026-10-06,Economy Flexi,T30(25-35),ROUND::2026-09-06T14:30,2026-09-06 14:30,ANCHORED,0,7952.00,CONSOLIDATED,False,3,AirlineSite;Cleartrip;Goibibo,4,PARTIAL_COVERAGE,0.7500,MMT,2,2,7682.00;8222.00,4,4,OBS02423;OBS02424;OBS02434;OBS02435,0,0,7615.00,8416.00,AirlineSite=8015.50;Cleartrip=8028.00;Goibibo=7749.00,7749.00,8028.00,8015.50,388.00,261.00,540.00,DEL,GOI,2026-10-06,Economy Flexi,True,3,True,7952.00,PRICED,2026-09-06 14:30,ANCHOR_TIMESTAMP,INR,DECLARED_PROTOTYPE_CONSTANT,,phase8-v1
CELL::DEL|GOI|2026-10-06|Economy Saver|T30(25-35)::ROUND::2026-09-05T14:30,DEL,GOI,2026-10-06,Economy Saver,T30(25-35),ROUND::2026-09-05T14:30,2026-09-05 14:30,ANCHORED,0,5274.50,CONSOLIDATED,False,2,AirlineSite;MMT,4,PARTIAL_COVERAGE,0.5000,Cleartrip;Goibibo,1,1,5274.50,2,2,OBS00901;OBS00902,0,0,5166.00,5383.00,AirlineSite=5166.00;MMT=5383.00,5166.00,5383.00,5274.50,217.00,217.00,0.00,DEL,GOI,2026-10-06,Economy Saver,True,1,True,5274.50,PRICED,2026-09-05 14:30,ANCHOR_TIMESTAMP,INR,DECLARED_PROTOTYPE_CONSTANT,,phase8-v1
CELL::DEL|GOI|2026-10-06|Economy Saver|T30(25-35)::ROUND::2026-09-05T20:15,DEL,GOI,2026-10-06,Economy Saver,T30(25-35),ROUND::2026-09-05T20:15,2026-09-05 20:15,ANCHORED,0,5348.00,CONSOLIDATED,False,1,AirlineSite,4,SINGLE_SOURCE,0.2500,Cleartrip;Goibibo;MMT,2,2,5264.00;5432.00,2,2,OBS01394;OBS01405,0,0,5264.00,5432.00,AirlineSite=5348.00,5348.00,5348.00,5348.00,0.00,0.00,168.00,DEL,GOI,2026-10-06,Economy Saver,True,1,True,5348.00,PRICED,2026-09-05 20:15,ANCHOR_TIMESTAMP,INR,DECLARED_PROTOTYPE_CONSTANT,,phase8-v1
CELL::DEL|GOI|2026-10-06|Economy Saver|T30(25-35)::ROUND::2026-09-06T09:00,DEL,GOI,2026-10-06,Economy Saver,T30(25-35),ROUND::2026-09-06T09:00,2026-09-06 09:00,ANCHORED,0,5038.25,CONSOLIDATED,False,3,AirlineSite;Cleartrip;EaseMyTrip,4,PARTIAL_COVERAGE,0.7500,Goibibo;MMT,2,2,5022.00;5054.50,4,4,OBS01919;OBS01920;OBS01947;OBS01948,0,0,4988.00,5064.00,AirlineSite=5060.00;Cleartrip=4988.00;EaseMyTrip=5045.00,4988.00,5060.00,5045.00,68.00,43.50,32.50,DEL,GOI,2026-10-06,Economy Saver,True,1,True,5038.25,PRICED,2026-09-06 09:00,ANCHOR_TIMESTAMP,INR,DECLARED_PROTOTYPE_CONSTANT,,phase8-v1
CELL::DEL|GOI|2026-10-06|Economy Saver|T30(25-35)::ROUND::2026-09-06T20:15,DEL,GOI,2026-10-06,Economy Saver,T30(25-35),ROUND::2026-09-06T20:15,2026-09-06 20:15,ANCHORED,0,5094.00,CONSOLIDATED,False,4,AirlineSite;Cleartrip;Goibibo;MMT,4,FULL_COVERAGE,1.0000,,3,3,4880.00;5094.00;5141.00,4,4,OBS02930;OBS02938;OBS02939;OBS02952,0,0,4880.00,5171.00,AirlineSite=4880.00;Cleartrip=5171.00;Goibibo=5141.00;MMT=5017.00,4880.00,5171.00,5079.00,154.00,0.00,261.00,DEL,GOI,2026-10-06,Economy Saver,True,1,True,5094.00,PRICED,2026-09-06 20:15,ANCHOR_TIMESTAMP,INR,DECLARED_PROTOTYPE_CONSTANT,,phase8-v1
CELL::DEL|GOI|2026-10-06|Economy Standard|T30(25-35)::ROUND::2026-09-05T09:00,DEL,GOI,2026-10-06,Economy Standard,T30(25-35),ROUND::2026-09-05T09:00,2026-09-05 09:00,ANCHORED,0,6444.00,CONSOLIDATED,True,3,EaseMyTrip;Goibibo;MMT,4,PARTIAL_COVERAGE,0.7500,AirlineSite;Cleartrip,3,3,6427.50;6444.00;6585.00,5,5,OBS00392;OBS00393;OBS00404;OBS00405;OBS00416,0,0,6410.00,6749.00,EaseMyTrip=6410.00;Goibibo=6596.50;MMT=6433.00,6410.00,6596.50,6433.00,328.00,35.00,157.50,DEL,GOI,2026-10-06,Economy Standard,True,2,True,6444.00,PRICED,2026-09-05 09:00,ANCHOR_TIMESTAMP,INR,DECLARED_PROTOTYPE_CONSTANT,,phase8-v1
CELL::DEL|GOI|2026-10-06|Economy Standard|T30(25-35)::ROUND::2026-09-05T14:30,DEL,GOI,2026-10-06,Economy Standard,T30(25-35),ROUND::2026-09-05T14:30,2026-09-05 14:30,ANCHORED,0,6615.00,CONSOLIDATED,True,1,EaseMyTrip,4,SINGLE_SOURCE,0.2500,AirlineSite;Cleartrip;Goibibo;MMT,1,1,6615.00,1,1,OBS00891,0,0,6615.00,6615.00,EaseMyTrip=6615.00,6615.00,6615.00,6615.00,0.00,0.00,0.00,DEL,GOI,2026-10-06,Economy Standard,True,2,True,6615.00,PRICED,2026-09-05 14:30,ANCHOR_TIMESTAMP,INR,DECLARED_PROTOTYPE_CONSTANT,,phase8-v1
CELL::DEL|GOI|2026-10-06|Economy Standard|T30(25-35)::ROUND::2026-09-05T20:15,DEL,GOI,2026-10-06,Economy Standard,T30(25-35),ROUND::2026-09-05T20:15,2026-09-05 20:15,ANCHORED,0,6688.00,CONSOLIDATED,False,2,Goibibo;MMT,4,PARTIAL_COVERAGE,0.5000,AirlineSite;Cleartrip,2,2,6511.00;6865.00,2,2,OBS01404;OBS01415,0,0,6511.00,6865.00,Goibibo=6865.00;MMT=6511.00,6511.00,6865.00,6688.00,0.00,0.00,354.00,DEL,GOI,2026-10-06,Economy Standard,True,2,True,6688.00,PRICED,2026-09-05 20:15,ANCHOR_TIMESTAMP,INR,DECLARED_PROTOTYPE_CONSTANT,,phase8-v1
CELL::DEL|GOI|2026-10-06|Economy Standard|T30(25-35)::ROUND::2026-09-06T09:00,DEL,GOI,2026-10-06,Economy Standard,T30(25-35),ROUND::2026-09-06T09:00,2026-09-06 09:00,ANCHORED,0,6545.50,CONSOLIDATED,False,2,AirlineSite;Cleartrip,4,PARTIAL_COVERAGE,0.5000,Goibibo;MMT,2,2,6286.00;6805.00,2,2,OBS01931;OBS01946,0,0,6286.00,6805.00,AirlineSite=6286.00;Cleartrip=6805.00,6286.00,6805.00,6545.50,0.00,0.00,519.00,DEL,GOI,2026-10-06,Economy Standard,True,2,True,6545.50,PRICED,2026-09-06 09:00,ANCHOR_TIMESTAMP,INR,DECLARED_PROTOTYPE_CONSTANT,,phase8-v1
CELL::DEL|GOI|2026-10-06|Economy Standard|T30(25-35)::ROUND::2026-09-06T14:30,DEL,GOI,2026-10-06,Economy Standard,T30(25-35),ROUND::2026-09-06T14:30,2026-09-06 14:30,ANCHORED,0,6433.25,CONSOLIDATED,False,3,Cleartrip;Goibibo;MMT,4,PARTIAL_COVERAGE,0.7500,AirlineSite,2,2,6308.00;6558.50,3,3,OBS02414;OBS02415;OBS02433,0,0,6308.00,6623.00,Cleartrip=6494.00;Goibibo=6308.00;MMT=6623.00,6308.00,6623.00,6494.00,129.00,64.50,250.50,DEL,GOI,2026-10-06,Economy Standard,True,2,True,6433.25,PRICED,2026-09-06 14:30,ANCHOR_TIMESTAMP,INR,DECLARED_PROTOTYPE_CONSTANT,,phase8-v1
CELL::DEL|GOI|2026-10-06|Economy Standard|T30(25-35)::ROUND::2026-09-06T20:15,DEL,GOI,2026-10-06,Economy Standard,T30(25-35),ROUND::2026-09-06T20:15,2026-09-06 20:15,ANCHORED,0,6307.00,CONSOLIDATED,True,1,AirlineSite,4,SINGLE_SOURCE,0.2500,Cleartrip;Goibibo;MMT,1,1,6307.00,1,1,OBS02940,0,0,6307.00,6307.00,AirlineSite=6307.00,6307.00,6307.00,6307.00,0.00,0.00,0.00,DEL,GOI,2026-10-06,Economy Standard,True,2,True,6307.00,PRICED,2026-09-06 20:15,ANCHOR_TIMESTAMP,INR,DECLARED_PROTOTYPE_CONSTANT,,phase8-v1
CELL::DEL|GOI|2026-10-22|Economy Flexi|T45(40-50)::ROUND::2026-09-05T09:00,DEL,GOI,2026-10-22,Economy Flexi,T45(40-50),ROUND::2026-09-05T09:00,2026-09-05 09:00,ANCHORED,0,8025.75,CONSOLIDATED,False,3,Cleartrip;EaseMyTrip;Goibibo,4,PARTIAL_COVERAGE,0.7500,AirlineSite;MMT,2,2,7899.50;8152.00,3,3,OBS00394;OBS00395;OBS00406,0,0,7898.00,8152.00,Cleartrip=7898.00;EaseMyTrip=8152.00;Goibibo=7901.00,7898.00,8152.00,7901.00,3.00,1.50,252.50,DEL,GOI,2026-10-22,Economy Flexi,True,3,True,8025.75,PRICED,2026-09-05 09:00,ANCHOR_TIMESTAMP,INR,DECLARED_PROTOTYPE_CONSTANT,,phase8-v1
CELL::DEL|GOI|2026-10-22|Economy Flexi|T45(40-50)::ROUND::2026-09-05T14:30,DEL,GOI,2026-10-22,Economy Flexi,T45(40-50),ROUND::2026-09-05T14:30,2026-09-05 14:30,ANCHORED,0,8110.00,CONSOLIDATED,False,4,AirlineSite;EaseMyTrip;Goibibo;MMT,4,FULL_COVERAGE,1.0000,Cleartrip,3,3,7726.00;8110.00;8326.50,5,5,OBS00880;OBS00881;OBS00892;OBS00903;OBS00904,0,0,7726.00,8390.00,AirlineSite=7726.00;EaseMyTrip=8390.00;Goibibo=8106.00;MMT=8271.00,7726.00,8390.00,8188.50,322.00,127.00,600.50,DEL,GOI,2026-10-22,Economy Flexi,True,3,True,8110.00,PRICED,2026-09-05 14:30,ANCHOR_TIMESTAMP,INR,DECLARED_PROTOTYPE_CONSTANT,,phase8-v1
CELL::DEL|GOI|2026-10-22|Economy Flexi|T45(40-50)::ROUND::2026-09-05T20:15,DEL,GOI,2026-10-22,Economy Flexi,T45(40-50),ROUND::2026-09-05T20:15,2026-09-05 20:15,ANCHORED,0,8374.00,CONSOLIDATED,True,1,MMT,4,SINGLE_SOURCE,0.2500,AirlineSite;Cleartrip;Goibibo,1,1,8374.00,1,1,OBS01396,0,0,8374.00,8374.00,MMT=8374.00,8374.00,8374.00,8374.00,0.00,0.00,0.00,DEL,GOI,2026-10-22,Economy Flexi,True,3,True,8374.00,PRICED,2026-09-05 20:15,ANCHOR_TIMESTAMP,INR,DECLARED_PROTOTYPE_CONSTANT,,phase8-v1
CELL::DEL|GOI|2026-10-22|Economy Flexi|T45(40-50)::ROUND::2026-09-06T09:00,DEL,GOI,2026-10-22,Economy Flexi,T45(40-50),ROUND::2026-09-06T09:00,2026-09-06 09:00,ANCHORED,0,8124.00,CONSOLIDATED,True,1,Goibibo,4,SINGLE_SOURCE,0.2500,AirlineSite;Cleartrip;MMT,1,1,8124.00,1,1,OBS01933,0,0,8124.00,8124.00,Goibibo=8124.00,8124.00,8124.00,8124.00,0.00,0.00,0.00,DEL,GOI,2026-10-22,Economy Flexi,True,3,True,8124.00,PRICED,2026-09-06 09:00,ANCHOR_TIMESTAMP,INR,DECLARED_PROTOTYPE_CONSTANT,,phase8-v1
CELL::DEL|GOI|2026-10-22|Economy Flexi|T45(40-50)::ROUND::2026-09-06T14:30,DEL,GOI,2026-10-22,Economy Flexi,T45(40-50),ROUND::2026-09-06T14:30,2026-09-06 14:30,ANCHORED,0,7737.00,CONSOLIDATED,True,1,EaseMyTrip,4,SINGLE_SOURCE,0.2500,AirlineSite;Cleartrip;Goibibo;MMT,1,1,7737.00,1,1,OBS02416,0,0,7737.00,7737.00,EaseMyTrip=7737.00,7737.00,7737.00,7737.00,0.00,0.00,0.00,DEL,GOI,2026-10-22,Economy Flexi,True,3,True,7737.00,PRICED,2026-09-06 14:30,ANCHOR_TIMESTAMP,INR,DECLARED_PROTOTYPE_CONSTANT,,phase8-v1
CELL::DEL|GOI|2026-10-22|Economy Flexi|T45(40-50)::ROUND::2026-09-06T20:15,DEL,GOI,2026-10-22,Economy Flexi,T45(40-50),ROUND::2026-09-06T20:15,2026-09-06 20:15,ANCHORED,0,7837.50,CONSOLIDATED,False,3,AirlineSite;EaseMyTrip;Goibibo,4,PARTIAL_COVERAGE,0.7500,Cleartrip;MMT,2,2,7730.00;7945.00,4,4,OBS02941;OBS02942;OBS02955;OBS02956,0,0,7586.00,7956.00,AirlineSite=7586.00;EaseMyTrip=7934.00;Goibibo=7915.00,7586.00,7934.00,7915.00,288.00,155.00,215.00,DEL,GOI,2026-10-22,Economy Flexi,True,3,True,7837.50,PRICED,2026-09-06 20:15,ANCHOR_TIMESTAMP,INR,DECLARED_PROTOTYPE_CONSTANT,,phase8-v1
CELL::DEL|GOI|2026-10-22|Economy Saver|T45(40-50)::ROUND::2026-09-05T09:00,DEL,GOI,2026-10-22,Economy Saver,T45(40-50),ROUND::2026-09-05T09:00,2026-09-05 09:00,ANCHORED,0,5201.50,CONSOLIDATED,False,2,Cleartrip;Goibibo,4,PARTIAL_COVERAGE,0.5000,AirlineSite;MMT,1,1,5201.50,2,2,OBS00396;OBS00397,0,0,5052.00,5351.00,Cleartrip=5052.00;Goibibo=5351.00,5052.00,5351.00,5201.50,299.00,299.00,0.00,DEL,GOI,2026-10-22,Economy Saver,True,1,True,5201.50,PRICED,2026-09-05 09:00,ANCHOR_TIMESTAMP,INR,DECLARED_PROTOTYPE_CONSTANT,,phase8-v1
CELL::DEL|GOI|2026-10-22|Economy Saver|T45(40-50)::ROUND::2026-09-05T14:30,DEL,GOI,2026-10-22,Economy Saver,T45(40-50),ROUND::2026-09-05T14:30,2026-09-05 14:30,ANCHORED,0,5357.00,CONSOLIDATED,True,1,EaseMyTrip,4,SINGLE_SOURCE,0.2500,AirlineSite;Cleartrip;Goibibo;MMT,1,1,5357.00,1,1,OBS00879,0,0,5357.00,5357.00,EaseMyTrip=5357.00,5357.00,5357.00,5357.00,0.00,0.00,0.00,DEL,GOI,2026-10-22,Economy Saver,True,1,True,5357.00,PRICED,2026-09-05 14:30,ANCHOR_TIMESTAMP,INR,DECLARED_PROTOTYPE_CONSTANT,,phase8-v1
CELL::DEL|GOI|2026-10-22|Economy Saver|T45(40-50)::ROUND::2026-09-06T09:00,DEL,GOI,2026-10-22,Economy Saver,T45(40-50),ROUND::2026-09-06T09:00,2026-09-06 09:00,ANCHORED,0,5105.00,CONSOLIDATED,False,2,EaseMyTrip;Goibibo,4,PARTIAL_COVERAGE,0.5000,AirlineSite;Cleartrip;MMT,1,1,5105.00,2,2,OBS01921;OBS01922,0,0,4955.00,5255.00,EaseMyTrip=4955.00;Goibibo=5255.00,4955.00,5255.00,5105.00,300.00,300.00,0.00,DEL,GOI,2026-10-22,Economy Saver,True,1,True,5105.00,PRICED,2026-09-06 09:00,ANCHOR_TIMESTAMP,INR,DECLARED_PROTOTYPE_CONSTANT,,phase8-v1
CELL::DEL|GOI|2026-10-22|Economy Saver|T45(40-50)::ROUND::2026-09-06T20:15,DEL,GOI,2026-10-22,Economy Saver,T45(40-50),ROUND::2026-09-06T20:15,2026-09-06 20:15,ANCHORED,0,5089.50,CONSOLIDATED,False,2,Goibibo;MMT,4,PARTIAL_COVERAGE,0.5000,AirlineSite;Cleartrip,2,2,5062.00;5117.00,3,3,OBS02931;OBS02953;OBS02954,0,0,5016.00,5117.00,Goibibo=5112.50;MMT=5016.00,5016.00,5112.50,5064.25,92.00,46.00,55.00,DEL,GOI,2026-10-22,Economy Saver,True,1,True,5089.50,PRICED,2026-09-06 20:15,ANCHOR_TIMESTAMP,INR,DECLARED_PROTOTYPE_CONSTANT,,phase8-v1
CELL::DEL|GOI|2026-10-22|Economy Standard|T45(40-50)::ROUND::2026-09-05T09:00,DEL,GOI,2026-10-22,Economy Standard,T45(40-50),ROUND::2026-09-05T09:00,2026-09-05 09:00,ANCHORED,0,6484.00,CONSOLIDATED,False,2,Goibibo;MMT,4,PARTIAL_COVERAGE,0.5000,AirlineSite;Cleartrip,2,2,6340.00;6628.00,3,3,OBS00417;OBS00418;OBS02989,0,0,6340.00,6747.00,Goibibo=6509.00;MMT=6543.50,6509.00,6543.50,6526.25,238.00,119.00,288.00,DEL,GOI,2026-10-22,Economy Standard,True,2,True,6484.00,PRICED,2026-09-05 09:00,ANCHOR_TIMESTAMP,INR,DECLARED_PROTOTYPE_CONSTANT,,phase8-v1
CELL::DEL|GOI|2026-10-22|Economy Standard|T45(40-50)::ROUND::2026-09-05T20:15,DEL,GOI,2026-10-22,Economy Standard,T45(40-50),ROUND::2026-09-05T20:15,2026-09-05 20:15,ANCHORED,0,6605.25,CONSOLIDATED,False,2,AirlineSite;EaseMyTrip,4,PARTIAL_COVERAGE,0.5000,Cleartrip;Goibibo;MMT,2,2,6472.50;6738.00,3,3,OBS01406;OBS01407;OBS01416,0,0,6373.00,6738.00,AirlineSite=6655.00;EaseMyTrip=6373.00,6373.00,6655.00,6514.00,199.00,99.50,265.50,DEL,GOI,2026-10-22,Economy Standard,True,2,True,6605.25,PRICED,2026-09-05 20:15,ANCHOR_TIMESTAMP,INR,DECLARED_PROTOTYPE_CONSTANT,,phase8-v1
CELL::DEL|GOI|2026-10-22|Economy Standard|T45(40-50)::ROUND::2026-09-06T09:00,DEL,GOI,2026-10-22,Economy Standard,T45(40-50),ROUND::2026-09-06T09:00,2026-09-06 09:00,ANCHORED,0,6364.75,CONSOLIDATED,False,2,AirlineSite;Goibibo,4,PARTIAL_COVERAGE,0.5000,Cleartrip;MMT,2,2,6272.00;6457.50,3,3,OBS01934;OBS01935;OBS01949,0,0,6272.00,6576.00,AirlineSite=6339.00;Goibibo=6424.00,6339.00,6424.00,6381.50,237.00,118.50,185.50,DEL,GOI,2026-10-22,Economy Standard,True,2,True,6364.75,PRICED,2026-09-06 09:00,ANCHOR_TIMESTAMP,INR,DECLARED_PROTOTYPE_CONSTANT,,phase8-v1
CELL::DEL|GOI|2026-10-22|Economy Standard|T45(40-50)::ROUND::2026-09-06T14:30,DEL,GOI,2026-10-22,Economy Standard,T45(40-50),ROUND::2026-09-06T14:30,2026-09-06 14:30,ANCHORED,0,6574.00,CONSOLIDATED,False,2,AirlineSite;Goibibo,4,PARTIAL_COVERAGE,0.5000,Cleartrip;MMT,2,2,6493.00;6655.00,3,3,OBS02425;OBS02436;OBS02437,0,0,6309.00,6677.00,AirlineSite=6309.00;Goibibo=6666.00,6309.00,6666.00,6487.50,368.00,184.00,162.00,DEL,GOI,2026-10-22,Economy Standard,True,2,True,6574.00,PRICED,2026-09-06 14:30,ANCHOR_TIMESTAMP,INR,DECLARED_PROTOTYPE_CONSTANT,,phase8-v1
CELL::DEL|HYD|2026-09-07|Economy Flexi|T1(0-2)::ROUND::2026-09-05T14:30,DEL,HYD,2026-09-07,Economy Flexi,T1(0-2),ROUND::2026-09-05T14:30,2026-09-05 14:30,ANCHORED,0,11359.00,CONSOLIDATED,False,2,AirlineSite;EaseMyTrip,4,PARTIAL_COVERAGE,0.5000,Cleartrip;Goibibo;MMT,1,1,11359.00,2,2,OBS00619;OBS00620,0,0,11126.00,11592.00,AirlineSite=11592.00;EaseMyTrip=11126.00,11126.00,11592.00,11359.00,466.00,466.00,0.00,DEL,HYD,2026-09-07,Economy Flexi,True,3,True,11359.00,PRICED,2026-09-05 14:30,ANCHOR_TIMESTAMP,INR,DECLARED_PROTOTYPE_CONSTANT,,phase8-v1
CELL::DEL|HYD|2026-09-07|Economy Flexi|T1(0-2)::ROUND::2026-09-05T20:15,DEL,HYD,2026-09-07,Economy Flexi,T1(0-2),ROUND::2026-09-05T20:15,2026-09-05 20:15,ANCHORED,0,11679.25,CONSOLIDATED,False,2,AirlineSite;Goibibo,4,PARTIAL_COVERAGE,0.5000,Cleartrip;MMT,2,2,11500.50;11858.00,3,3,OBS01114;OBS01115;OBS01138,0,0,11244.00,11858.00,AirlineSite=11244.00;Goibibo=11807.50,11244.00,11807.50,11525.75,513.00,256.50,357.50,DEL,HYD,2026-09-07,Economy Flexi,True,3,True,11679.25,PRICED,2026-09-05 20:15,ANCHOR_TIMESTAMP,INR,DECLARED_PROTOTYPE_CONSTANT,,phase8-v1
CELL::DEL|HYD|2026-09-07|Economy Flexi|T1(0-2)::ROUND::2026-09-06T09:00,DEL,HYD,2026-09-07,Economy Flexi,T1(0-2),ROUND::2026-09-06T09:00,2026-09-06 09:00,ANCHORED,0,12233.50,CONSOLIDATED,False,2,Cleartrip;EaseMyTrip,4,PARTIAL_COVERAGE,0.5000,AirlineSite;Goibibo;MMT,1,1,12233.50,2,2,OBS01649;OBS01650,0,0,12172.00,12295.00,Cleartrip=12295.00;EaseMyTrip=12172.00,12172.00,12295.00,12233.50,123.00,123.00,0.00,DEL,HYD,2026-09-07,Economy Flexi,True,3,True,12233.50,PRICED,2026-09-06 09:00,ANCHOR_TIMESTAMP,INR,DECLARED_PROTOTYPE_CONSTANT,,phase8-v1
CELL::DEL|HYD|2026-09-07|Economy Flexi|T1(0-2)::ROUND::2026-09-06T14:30,DEL,HYD,2026-09-07,Economy Flexi,T1(0-2),ROUND::2026-09-06T14:30,2026-09-06 14:30,ANCHORED,0,11973.50,CONSOLIDATED,False,2,EaseMyTrip;Goibibo,4,PARTIAL_COVERAGE,0.5000,AirlineSite;Cleartrip;MMT,1,1,11973.50,2,2,OBS02146;OBS02147,0,0,11709.00,12238.00,EaseMyTrip=12238.00;Goibibo=11709.00,11709.00,12238.00,11973.50,529.00,529.00,0.00,DEL,HYD,2026-09-07,Economy Flexi,True,3,True,11973.50,PRICED,2026-09-06 14:30,ANCHOR_TIMESTAMP,INR,DECLARED_PROTOTYPE_CONSTANT,,phase8-v1
CELL::DEL|HYD|2026-09-07|Economy Flexi|T1(0-2)::ROUND::2026-09-06T20:15,DEL,HYD,2026-09-07,Economy Flexi,T1(0-2),ROUND::2026-09-06T20:15,2026-09-06 20:15,ANCHORED,0,11972.00,CONSOLIDATED,False,2,AirlineSite;Goibibo,4,PARTIAL_COVERAGE,0.5000,Cleartrip;MMT,1,1,11972.00,2,2,OBS02635;OBS02636,0,0,11904.00,12040.00,AirlineSite=12040.00;Goibibo=11904.00,11904.00,12040.00,11972.00,136.00,136.00,0.00,DEL,HYD,2026-09-07,Economy Flexi,True,3,True,11972.00,PRICED,2026-09-06 20:15,ANCHOR_TIMESTAMP,INR,DECLARED_PROTOTYPE_CONSTANT,,phase8-v1
CELL::DEL|HYD|2026-09-07|Economy Saver|T1(0-2)::ROUND::2026-09-05T09:00,DEL,HYD,2026-09-07,Economy Saver,T1(0-2),ROUND::2026-09-05T09:00,2026-09-05 09:00,ANCHORED,0,7452.00,CONSOLIDATED,False,4,AirlineSite;EaseMyTrip;Goibibo;MMT,4,FULL_COVERAGE,1.0000,Cleartrip,3,3,7089.00;7452.00;7493.00,5,5,OBS00100;OBS00101;OBS00112;OBS00121;OBS00122,0,0,7089.00,7714.00,AirlineSite=7272.00;EaseMyTrip=7212.00;Goibibo=7703.00;MMT=7089.00,7089.00,7703.00,7242.00,480.00,442.00,404.00,DEL,HYD,2026-09-07,Economy Saver,True,1,True,7452.00,PRICED,2026-09-05 09:00,ANCHOR_TIMESTAMP,INR,DECLARED_PROTOTYPE_CONSTANT,,phase8-v1
CELL::DEL|HYD|2026-09-07|Economy Saver|T1(0-2)::ROUND::2026-09-05T14:30,DEL,HYD,2026-09-07,Economy Saver,T1(0-2),ROUND::2026-09-05T14:30,2026-09-05 14:30,ANCHORED,0,7421.50,CONSOLIDATED,False,2,AirlineSite;MMT,4,PARTIAL_COVERAGE,0.5000,Cleartrip;Goibibo,1,1,7421.50,2,2,OBS00628;OBS00629,0,0,7284.00,7559.00,AirlineSite=7284.00;MMT=7559.00,7284.00,7559.00,7421.50,275.00,275.00,0.00,DEL,HYD,2026-09-07,Economy Saver,True,1,True,7421.50,PRICED,2026-09-05 14:30,ANCHOR_TIMESTAMP,INR,DECLARED_PROTOTYPE_CONSTANT,,phase8-v1
CELL::DEL|HYD|2026-09-07|Economy Saver|T1(0-2)::ROUND::2026-09-06T09:00,DEL,HYD,2026-09-07,Economy Saver,T1(0-2),ROUND::2026-09-06T09:00,2026-09-06 09:00,ANCHORED,0,7407.00,CONSOLIDATED,False,5,AirlineSite;Cleartrip;EaseMyTrip;Goibibo;MMT,4,FULL_COVERAGE,1.2500,,3,3,7231.00;7407.00;7688.00,6,6,OBS01635;OBS01636;OBS01647;OBS01648;OBS01661;OBS01662,0,0,7199.00,7711.00,AirlineSite=7711.00;Cleartrip=7199.00;EaseMyTrip=7615.00;Goibibo=7211.00;MMT=7458.00,7199.00,7711.00,7458.00,416.00,46.00,457.00,DEL,HYD,2026-09-07,Economy Saver,True,1,True,7407.00,PRICED,2026-09-06 09:00,ANCHOR_TIMESTAMP,INR,DECLARED_PROTOTYPE_CONSTANT,,phase8-v1
CELL::DEL|HYD|2026-09-07|Economy Saver|T1(0-2)::ROUND::2026-09-06T14:30,DEL,HYD,2026-09-07,Economy Saver,T1(0-2),ROUND::2026-09-06T14:30,2026-09-06 14:30,ANCHORED,0,7513.50,CONSOLIDATED,False,3,AirlineSite;Cleartrip;MMT,4,PARTIAL_COVERAGE,0.7500,Goibibo,2,2,7396.00;7631.00,4,4,OBS02136;OBS02137;OBS02159;OBS02160,0,0,7293.00,7779.00,AirlineSite=7293.00;Cleartrip=7483.00;MMT=7639.00,7293.00,7639.00,7483.00,296.00,251.00,235.00,DEL,HYD,2026-09-07,Economy Saver,True,1,True,7513.50,PRICED,2026-09-06 14:30,ANCHOR_TIMESTAMP,INR,DECLARED_PROTOTYPE_CONSTANT,,phase8-v1
CELL::DEL|HYD|2026-09-07|Economy Saver|T1(0-2)::ROUND::2026-09-06T20:15,DEL,HYD,2026-09-07,Economy Saver,T1(0-2),ROUND::2026-09-06T20:15,2026-09-06 20:15,ANCHORED,0,7781.50,CONSOLIDATED,False,2,Cleartrip;MMT,4,PARTIAL_COVERAGE,0.5000,AirlineSite;Goibibo,2,2,7666.00;7897.00,3,3,OBS02648;OBS02660;OBS02661,0,0,7392.00,7940.00,Cleartrip=7644.50;MMT=7940.00,7644.50,7940.00,7792.25,548.00,274.00,231.00,DEL,HYD,2026-09-07,Economy Saver,True,1,True,7781.50,PRICED,2026-09-06 20:15,ANCHOR_TIMESTAMP,INR,DECLARED_PROTOTYPE_CONSTANT,,phase8-v1
CELL::DEL|HYD|2026-09-07|Economy Saver|T1(0-2)::ROUND::2026-09-07T09:00,DEL,HYD,2026-09-07,Economy Saver,T1(0-2),ROUND::2026-09-07T09:00,2026-09-07 09:00,ANCHORED,0,7896.00,CONSOLIDATED,True,1,MMT,4,SINGLE_SOURCE,0.2500,AirlineSite;Cleartrip;Goibibo,1,1,7896.00,1,1,OBS03000,0,0,7896.00,7896.00,MMT=7896.00,7896.00,7896.00,7896.00,0.00,0.00,0.00,DEL,HYD,2026-09-07,Economy Saver,True,1,True,7896.00,PRICED,2026-09-07 09:00,ANCHOR_TIMESTAMP,INR,DECLARED_PROTOTYPE_CONSTANT,,phase8-v1
CELL::DEL|HYD|2026-09-07|Economy Standard|T1(0-2)::ROUND::2026-09-05T09:00,DEL,HYD,2026-09-07,Economy Standard,T1(0-2),ROUND::2026-09-05T09:00,2026-09-05 09:00,ANCHORED,0,9804.00,CONSOLIDATED,True,1,Cleartrip,4,SINGLE_SOURCE,0.2500,AirlineSite;Goibibo;MMT,1,1,9804.00,1,1,OBS00123,0,0,9804.00,9804.00,Cleartrip=9804.00,9804.00,9804.00,9804.00,0.00,0.00,0.00,DEL,HYD,2026-09-07,Economy Standard,True,2,True,9804.00,PRICED,2026-09-05 09:00,ANCHOR_TIMESTAMP,INR,DECLARED_PROTOTYPE_CONSTANT,,phase8-v1
CELL::DEL|HYD|2026-09-07|Economy Standard|T1(0-2)::ROUND::2026-09-05T14:30,DEL,HYD,2026-09-07,Economy Standard,T1(0-2),ROUND::2026-09-05T14:30,2026-09-05 14:30,ANCHORED,0,9733.50,CONSOLIDATED,False,1,Goibibo,4,SINGLE_SOURCE,0.2500,AirlineSite;Cleartrip;MMT,2,2,9601.00;9866.00,2,2,OBS00607;OBS00621,0,0,9601.00,9866.00,Goibibo=9733.50,9733.50,9733.50,9733.50,0.00,0.00,265.00,DEL,HYD,2026-09-07,Economy Standard,True,2,True,9733.50,PRICED,2026-09-05 14:30,ANCHOR_TIMESTAMP,INR,DECLARED_PROTOTYPE_CONSTANT,,phase8-v1
CELL::DEL|HYD|2026-09-07|Economy Standard|T1(0-2)::ROUND::2026-09-05T20:15,DEL,HYD,2026-09-07,Economy Standard,T1(0-2),ROUND::2026-09-05T20:15,2026-09-05 20:15,ANCHORED,0,9451.00,CONSOLIDATED,False,3,AirlineSite;Goibibo;MMT,4,PARTIAL_COVERAGE,0.7500,Cleartrip,3,3,9434.50;9451.00;9535.00,5,5,OBS01112;OBS01113;OBS01126;OBS01127;OBS01137,0,0,9242.00,9627.00,AirlineSite=9290.00;Goibibo=9619.50;MMT=9388.50,9290.00,9619.50,9388.50,385.00,322.00,100.50,DEL,HYD,2026-09-07,Economy Standard,True,2,True,9451.00,PRICED,2026-09-05 20:15,ANCHOR_TIMESTAMP,INR,DECLARED_PROTOTYPE_CONSTANT,,phase8-v1
CELL::DEL|HYD|2026-09-07|Economy Standard|T1(0-2)::ROUND::2026-09-06T09:00,DEL,HYD,2026-09-07,Economy Standard,T1(0-2),ROUND::2026-09-06T09:00,2026-09-06 09:00,ANCHORED,0,9578.00,CONSOLIDATED,True,1,AirlineSite,4,SINGLE_SOURCE,0.2500,Cleartrip;Goibibo;MMT,1,1,9578.00,1,1,OBS01660,0,0,9578.00,9578.00,AirlineSite=9578.00,9578.00,9578.00,9578.00,0.00,0.00,0.00,DEL,HYD,2026-09-07,Economy Standard,True,2,True,9578.00,PRICED,2026-09-06 09:00,ANCHOR_TIMESTAMP,INR,DECLARED_PROTOTYPE_CONSTANT,,phase8-v1
CELL::DEL|HYD|2026-09-07|Economy Standard|T1(0-2)::ROUND::2026-09-06T14:30,DEL,HYD,2026-09-07,Economy Standard,T1(0-2),ROUND::2026-09-06T14:30,2026-09-06 14:30,ANCHORED,0,9517.00,CONSOLIDATED,False,2,AirlineSite;EaseMyTrip,4,PARTIAL_COVERAGE,0.5000,Cleartrip;Goibibo;MMT,2,2,9484.00;9550.00,2,2,OBS02145;OBS02161,0,0,9484.00,9550.00,AirlineSite=9550.00;EaseMyTrip=9484.00,9484.00,9550.00,9517.00,0.00,0.00,66.00,DEL,HYD,2026-09-07,Economy Standard,True,2,True,9517.00,PRICED,2026-09-06 14:30,ANCHOR_TIMESTAMP,INR,DECLARED_PROTOTYPE_CONSTANT,,phase8-v1
CELL::DEL|HYD|2026-09-07|Economy Standard|T1(0-2)::ROUND::2026-09-06T20:15,DEL,HYD,2026-09-07,Economy Standard,T1(0-2),ROUND::2026-09-06T20:15,2026-09-06 20:15,ANCHORED,0,9432.00,CONSOLIDATED,True,1,Cleartrip,4,SINGLE_SOURCE,0.2500,AirlineSite;Goibibo;MMT,1,1,9432.00,1,1,OBS02662,0,0,9432.00,9432.00,Cleartrip=9432.00,9432.00,9432.00,9432.00,0.00,0.00,0.00,DEL,HYD,2026-09-07,Economy Standard,True,2,True,9432.00,PRICED,2026-09-06 20:15,ANCHOR_TIMESTAMP,INR,DECLARED_PROTOTYPE_CONSTANT,,phase8-v1
CELL::DEL|HYD|2026-09-13|Economy Flexi|T7(5-9)::ROUND::2026-09-05T09:00,DEL,HYD,2026-09-13,Economy Flexi,T7(5-9),ROUND::2026-09-05T09:00,2026-09-05 09:00,ANCHORED,0,10636.75,CONSOLIDATED,False,3,AirlineSite;Cleartrip;Goibibo,4,PARTIAL_COVERAGE,0.7500,MMT,2,2,10532.00;10741.50,4,4,OBS00104;OBS00105;OBS00124;OBS00125,0,0,10363.00,10851.00,AirlineSite=10701.00;Cleartrip=10632.00;Goibibo=10607.00,10607.00,10701.00,10632.00,338.00,278.50,209.50,DEL,HYD,2026-09-13,Economy Flexi,True,3,True,10636.75,PRICED,2026-09-05 09:00,ANCHOR_TIMESTAMP,INR,DECLARED_PROTOTYPE_CONSTANT,,phase8-v1
CELL::DEL|HYD|2026-09-13|Economy Flexi|T7(5-9)::ROUND::2026-09-05T20:15,DEL,HYD,2026-09-13,Economy Flexi,T7(5-9),ROUND::2026-09-05T20:15,2026-09-05 20:15,ANCHORED,0,10325.75,CONSOLIDATED,False,3,AirlineSite;Goibibo;MMT,4,PARTIAL_COVERAGE,0.7500,Cleartrip,2,2,10006.00;10645.50,3,3,OBS01130;OBS01141;OBS01142,0,0,10006.00,10734.00,AirlineSite=10006.00;Goibibo=10734.00;MMT=10557.00,10006.00,10734.00,10557.00,177.00,88.50,639.50,DEL,HYD,2026-09-13,Economy Flexi,True,3,True,10325.75,PRICED,2026-09-05 20:15,ANCHOR_TIMESTAMP,INR,DECLARED_PROTOTYPE_CONSTANT,,phase8-v1
CELL::DEL|HYD|2026-09-13|Economy Flexi|T7(5-9)::ROUND::2026-09-06T09:00,DEL,HYD,2026-09-13,Economy Flexi,T7(5-9),ROUND::2026-09-06T09:00,2026-09-06 09:00,ANCHORED,0,11117.00,CONSOLIDATED,True,1,EaseMyTrip,4,SINGLE_SOURCE,0.2500,AirlineSite;Cleartrip;Goibibo;MMT,1,1,11117.00,1,1,OBS01652,0,0,11117.00,11117.00,EaseMyTrip=11117.00,11117.00,11117.00,11117.00,0.00,0.00,0.00,DEL,HYD,2026-09-13,Economy Flexi,True,3,True,11117.00,PRICED,2026-09-06 09:00,ANCHOR_TIMESTAMP,INR,DECLARED_PROTOTYPE_CONSTANT,,phase8-v1
CELL::DEL|HYD|2026-09-13|Economy Flexi|T7(5-9)::ROUND::2026-09-06T14:30,DEL,HYD,2026-09-13,Economy Flexi,T7(5-9),ROUND::2026-09-06T14:30,2026-09-06 14:30,ANCHORED,0,10578.00,CONSOLIDATED,False,2,Cleartrip;Goibibo,4,PARTIAL_COVERAGE,0.5000,AirlineSite;MMT,1,1,10578.00,2,2,OBS02162;OBS02163,0,0,10290.00,10866.00,Cleartrip=10290.00;Goibibo=10866.00,10290.00,10866.00,10578.00,576.00,576.00,0.00,DEL,HYD,2026-09-13,Economy Flexi,True,3,True,10578.00,PRICED,2026-09-06 14:30,ANCHOR_TIMESTAMP,INR,DECLARED_PROTOTYPE_CONSTANT,,phase8-v1
CELL::DEL|HYD|2026-09-13|Economy Flexi|T7(5-9)::ROUND::2026-09-06T20:15,DEL,HYD,2026-09-13,Economy Flexi,T7(5-9),ROUND::2026-09-06T20:15,2026-09-06 20:15,ANCHORED,0,10543.00,CONSOLIDATED,True,1,Cleartrip,4,SINGLE_SOURCE,0.2500,AirlineSite;Goibibo;MMT,1,1,10543.00,1,1,OBS02649,0,0,10543.00,10543.00,Cleartrip=10543.00,10543.00,10543.00,10543.00,0.00,0.00,0.00,DEL,HYD,2026-09-13,Economy Flexi,True,3,True,10543.00,PRICED,2026-09-06 20:15,ANCHOR_TIMESTAMP,INR,DECLARED_PROTOTYPE_CONSTANT,,phase8-v1
CELL::DEL|HYD|2026-09-13|Economy Saver|T7(5-9)::ROUND::2026-09-05T14:30,DEL,HYD,2026-09-13,Economy Saver,T7(5-9),ROUND::2026-09-05T14:30,2026-09-05 14:30,ANCHORED,0,6661.00,CONSOLIDATED,False,2,AirlineSite;EaseMyTrip,4,PARTIAL_COVERAGE,0.5000,Cleartrip;Goibibo;MMT,2,2,6603.00;6719.00,2,2,OBS00608;OBS00631,0,0,6603.00,6719.00,AirlineSite=6603.00;EaseMyTrip=6719.00,6603.00,6719.00,6661.00,0.00,0.00,116.00,DEL,HYD,2026-09-13,Economy Saver,True,1,True,6661.00,PRICED,2026-09-05 14:30,ANCHOR_TIMESTAMP,INR,DECLARED_PROTOTYPE_CONSTANT,,phase8-v1
CELL::DEL|HYD|2026-09-13|Economy Saver|T7(5-9)::ROUND::2026-09-06T09:00,DEL,HYD,2026-09-13,Economy Saver,T7(5-9),ROUND::2026-09-06T09:00,2026-09-06 09:00,ANCHORED,0,6662.00,CONSOLIDATED,True,3,Cleartrip;EaseMyTrip;MMT,4,PARTIAL_COVERAGE,0.7500,AirlineSite;Goibibo,3,3,6463.00;6662.00;6803.00,4,4,OBS01639;OBS01651;OBS01663;OBS01664,0,0,6463.00,7098.00,Cleartrip=6463.00;EaseMyTrip=6508.00;MMT=6880.00,6463.00,6880.00,6508.00,590.00,0.00,340.00,DEL,HYD,2026-09-13,Economy Saver,True,1,True,6662.00,PRICED,2026-09-06 09:00,ANCHOR_TIMESTAMP,INR,DECLARED_PROTOTYPE_CONSTANT,,phase8-v1
CELL::DEL|HYD|2026-09-13|Economy Saver|T7(5-9)::ROUND::2026-09-06T14:30,DEL,HYD,2026-09-13,Economy Saver,T7(5-9),ROUND::2026-09-06T14:30,2026-09-06 14:30,ANCHORED,0,6758.00,CONSOLIDATED,False,2,AirlineSite;Goibibo,4,PARTIAL_COVERAGE,0.5000,Cleartrip;MMT,1,1,6758.00,2,2,OBS02148;OBS02149,0,0,6629.00,6887.00,AirlineSite=6629.00;Goibibo=6887.00,6629.00,6887.00,6758.00,258.00,258.00,0.00,DEL,HYD,2026-09-13,Economy Saver,True,1,True,6758.00,PRICED,2026-09-06 14:30,ANCHOR_TIMESTAMP,INR,DECLARED_PROTOTYPE_CONSTANT,,phase8-v1
CELL::DEL|HYD|2026-09-13|Economy Saver|T7(5-9)::ROUND::2026-09-06T20:15,DEL,HYD,2026-09-13,Economy Saver,T7(5-9),ROUND::2026-09-06T20:15,2026-09-06 20:15,ANCHORED,0,6741.50,CONSOLIDATED,False,3,Cleartrip;EaseMyTrip;MMT,4,PARTIAL_COVERAGE,0.7500,AirlineSite;Goibibo,2,2,6724.00;6759.00,4,4,OBS02637;OBS02638;OBS02665;OBS02666,0,0,6665.00,6853.00,Cleartrip=6700.00;EaseMyTrip=6800.50;MMT=6665.00,6665.00,6800.50,6700.00,188.00,118.00,35.00,DEL,HYD,2026-09-13,Economy Saver,True,1,True,6741.50,PRICED,2026-09-06 20:15,ANCHOR_TIMESTAMP,INR,DECLARED_PROTOTYPE_CONSTANT,,phase8-v1
CELL::DEL|HYD|2026-09-13|Economy Standard|T7(5-9)::ROUND::2026-09-05T09:00,DEL,HYD,2026-09-13,Economy Standard,T7(5-9),ROUND::2026-09-05T09:00,2026-09-05 09:00,ANCHORED,0,8635.50,CONSOLIDATED,False,3,Cleartrip;EaseMyTrip;MMT,4,PARTIAL_COVERAGE,0.7500,AirlineSite;Goibibo,3,3,8460.00;8635.50;8721.50,6,6,OBS00102;OBS00103;OBS00113;OBS00114;OBS00126;OBS00127,0,0,8413.00,8831.00,Cleartrip=8693.00;EaseMyTrip=8559.50;MMT=8564.50,8559.50,8693.00,8564.50,219.00,161.00,261.50,DEL,HYD,2026-09-13,Economy Standard,True,2,True,8635.50,PRICED,2026-09-05 09:00,ANCHOR_TIMESTAMP,INR,DECLARED_PROTOTYPE_CONSTANT,,phase8-v1
CELL::DEL|HYD|2026-09-13|Economy Standard|T7(5-9)::ROUND::2026-09-05T14:30,DEL,HYD,2026-09-13,Economy Standard,T7(5-9),ROUND::2026-09-05T14:30,2026-09-05 14:30,ANCHORED,0,8719.00,CONSOLIDATED,True,3,Cleartrip;Goibibo;MMT,4,PARTIAL_COVERAGE,0.7500,AirlineSite,3,3,8524.00;8719.00;8860.00,4,4,OBS00609;OBS00622;OBS00623;OBS00630,0,0,8365.00,8860.00,Cleartrip=8683.00;Goibibo=8612.50;MMT=8719.00,8612.50,8719.00,8683.00,318.00,0.00,336.00,DEL,HYD,2026-09-13,Economy Standard,True,2,True,8719.00,PRICED,2026-09-05 14:30,ANCHOR_TIMESTAMP,INR,DECLARED_PROTOTYPE_CONSTANT,,phase8-v1
CELL::DEL|HYD|2026-09-13|Economy Standard|T7(5-9)::ROUND::2026-09-05T20:15,DEL,HYD,2026-09-13,Economy Standard,T7(5-9),ROUND::2026-09-05T20:15,2026-09-05 20:15,ANCHORED,0,8368.50,CONSOLIDATED,False,4,AirlineSite;Cleartrip;EaseMyTrip;Goibibo,4,FULL_COVERAGE,1.0000,MMT,3,3,8357.50;8368.50;8769.00,6,6,OBS01116;OBS01117;OBS01128;OBS01129;OBS01139;OBS01140,0,0,8153.00,8920.00,AirlineSite=8355.00;Cleartrip=8385.50;EaseMyTrip=8651.00;Goibibo=8562.00,8355.00,8651.00,8473.75,409.00,302.00,411.50,DEL,HYD,2026-09-13,Economy Standard,True,2,True,8368.50,PRICED,2026-09-05 20:15,ANCHOR_TIMESTAMP,INR,DECLARED_PROTOTYPE_CONSTANT,,phase8-v1
CELL::DEL|HYD|2026-09-13|Economy Standard|T7(5-9)::ROUND::2026-09-06T09:00,DEL,HYD,2026-09-13,Economy Standard,T7(5-9),ROUND::2026-09-06T09:00,2026-09-06 09:00,ANCHORED,0,8765.50,CONSOLIDATED,False,2,Goibibo;MMT,4,PARTIAL_COVERAGE,0.5000,AirlineSite;Cleartrip,1,1,8765.50,2,2,OBS01637;OBS01638,0,0,8522.00,9009.00,Goibibo=8522.00;MMT=9009.00,8522.00,9009.00,8765.50,487.00,487.00,0.00,DEL,HYD,2026-09-13,Economy Standard,True,2,True,8765.50,PRICED,2026-09-06 09:00,ANCHOR_TIMESTAMP,INR,DECLARED_PROTOTYPE_CONSTANT,,phase8-v1
CELL::DEL|HYD|2026-09-13|Economy Standard|T7(5-9)::ROUND::2026-09-06T14:30,DEL,HYD,2026-09-13,Economy Standard,T7(5-9),ROUND::2026-09-06T14:30,2026-09-06 14:30,ANCHORED,0,8866.00,CONSOLIDATED,True,1,MMT,4,SINGLE_SOURCE,0.2500,AirlineSite;Cleartrip;Goibibo,1,1,8866.00,1,1,OBS02138,0,0,8866.00,8866.00,MMT=8866.00,8866.00,8866.00,8866.00,0.00,0.00,0.00,DEL,HYD,2026-09-13,Economy Standard,True,2,True,8866.00,PRICED,2026-09-06 14:30,ANCHOR_TIMESTAMP,INR,DECLARED_PROTOTYPE_CONSTANT,,phase8-v1
CELL::DEL|HYD|2026-09-13|Economy Standard|T7(5-9)::ROUND::2026-09-06T20:15,DEL,HYD,2026-09-13,Economy Standard,T7(5-9),ROUND::2026-09-06T20:15,2026-09-06 20:15,ANCHORED,0,8746.00,CONSOLIDATED,False,4,AirlineSite;Cleartrip;EaseMyTrip;MMT,4,FULL_COVERAGE,1.0000,Goibibo,3,3,8740.50;8746.00;8775.00,6,6,OBS02639;OBS02640;OBS02650;OBS02651;OBS02663;OBS02664,0,0,8537.00,8957.00,AirlineSite=8922.00;Cleartrip=8956.00;EaseMyTrip=8593.00;MMT=8548.00,8548.00,8956.00,8757.50,418.00,364.00,34.50,DEL,HYD,2026-09-13,Economy Standard,True,2,True,8746.00,PRICED,2026-09-06 20:15,ANCHOR_TIMESTAMP,INR,DECLARED_PROTOTYPE_CONSTANT,,phase8-v1
CELL::DEL|HYD|2026-09-21|Economy Flexi|T15(12-18)::ROUND::2026-09-05T09:00,DEL,HYD,2026-09-21,Economy Flexi,T15(12-18),ROUND::2026-09-05T09:00,2026-09-05 09:00,ANCHORED,0,9153.00,CONSOLIDATED,True,1,Cleartrip,4,SINGLE_SOURCE,0.2500,AirlineSite;Goibibo;MMT,1,1,9153.00,1,1,OBS00117,0,0,9153.00,9153.00,Cleartrip=9153.00,9153.00,9153.00,9153.00,0.00,0.00,0.00,DEL,HYD,2026-09-21,Economy Flexi,True,3,True,9153.00,PRICED,2026-09-05 09:00,ANCHOR_TIMESTAMP,INR,DECLARED_PROTOTYPE_CONSTANT,,phase8-v1
CELL::DEL|HYD|2026-09-21|Economy Flexi|T15(12-18)::ROUND::2026-09-05T20:15,DEL,HYD,2026-09-21,Economy Flexi,T15(12-18),ROUND::2026-09-05T20:15,2026-09-05 20:15,ANCHORED,0,8475.50,CONSOLIDATED,False,2,AirlineSite;EaseMyTrip,4,PARTIAL_COVERAGE,0.5000,Cleartrip;Goibibo;MMT,1,1,8475.50,2,2,OBS01132;OBS01133,0,0,8438.00,8513.00,AirlineSite=8438.00;EaseMyTrip=8513.00,8438.00,8513.00,8475.50,75.00,75.00,0.00,DEL,HYD,2026-09-21,Economy Flexi,True,3,True,8475.50,PRICED,2026-09-05 20:15,ANCHOR_TIMESTAMP,INR,DECLARED_PROTOTYPE_CONSTANT,,phase8-v1
CELL::DEL|HYD|2026-09-21|Economy Flexi|T15(12-18)::ROUND::2026-09-06T09:00,DEL,HYD,2026-09-21,Economy Flexi,T15(12-18),ROUND::2026-09-06T09:00,2026-09-06 09:00,ANCHORED,0,9125.00,CONSOLIDATED,False,2,Cleartrip;EaseMyTrip,4,PARTIAL_COVERAGE,0.5000,AirlineSite;Goibibo;MMT,1,1,9125.00,2,2,OBS01653;OBS01654,0,0,8801.00,9449.00,Cleartrip=9449.00;EaseMyTrip=8801.00,8801.00,9449.00,9125.00,648.00,648.00,0.00,DEL,HYD,2026-09-21,Economy Flexi,True,3,True,9125.00,PRICED,2026-09-06 09:00,ANCHOR_TIMESTAMP,INR,DECLARED_PROTOTYPE_CONSTANT,,phase8-v1
CELL::DEL|HYD|2026-09-21|Economy Flexi|T15(12-18)::ROUND::2026-09-06T14:30,DEL,HYD,2026-09-21,Economy Flexi,T15(12-18),ROUND::2026-09-06T14:30,2026-09-06 14:30,ANCHORED,0,8832.50,CONSOLIDATED,False,2,Cleartrip;MMT,4,PARTIAL_COVERAGE,0.5000,AirlineSite;Goibibo,2,2,8793.00;8872.00,3,3,OBS02139;OBS02152;OBS02153,0,0,8793.00,8905.00,Cleartrip=8905.00;MMT=8816.00,8816.00,8905.00,8860.50,66.00,33.00,79.00,DEL,HYD,2026-09-21,Economy Flexi,True,3,True,8832.50,PRICED,2026-09-06 14:30,ANCHOR_TIMESTAMP,INR,DECLARED_PROTOTYPE_CONSTANT,,phase8-v1
CELL::DEL|HYD|2026-09-21|Economy Flexi|T15(12-18)::ROUND::2026-09-06T20:15,DEL,HYD,2026-09-21,Economy Flexi,T15(12-18),ROUND::2026-09-06T20:15,2026-09-06 20:15,ANCHORED,0,9187.00,CONSOLIDATED,True,2,Goibibo;MMT,4,PARTIAL_COVERAGE,0.5000,AirlineSite;Cleartrip,3,3,8988.00;9187.00;9216.00,4,4,OBS02641;OBS02654;OBS02655;OBS02667,0,0,8988.00,9248.00,Goibibo=9248.00;MMT=9184.00,9184.00,9248.00,9216.00,64.00,0.00,228.00,DEL,HYD,2026-09-21,Economy Flexi,True,3,True,9187.00,PRICED,2026-09-06 20:15,ANCHOR_TIMESTAMP,INR,DECLARED_PROTOTYPE_CONSTANT,,phase8-v1
CELL::DEL|HYD|2026-09-21|Economy Saver|T15(12-18)::ROUND::2026-09-05T09:00,DEL,HYD,2026-09-21,Economy Saver,T15(12-18),ROUND::2026-09-05T09:00,2026-09-05 09:00,ANCHORED,0,5551.00,CONSOLIDATED,False,2,EaseMyTrip;Goibibo,4,PARTIAL_COVERAGE,0.5000,AirlineSite;Cleartrip;MMT,2,2,5482.00;5620.00,3,3,OBS00115;OBS00116;OBS00128,0,0,5395.00,5620.00,EaseMyTrip=5569.00;Goibibo=5507.50,5507.50,5569.00,5538.25,174.00,87.00,138.00,DEL,HYD,2026-09-21,Economy Saver,True,1,True,5551.00,PRICED,2026-09-05 09:00,ANCHOR_TIMESTAMP,INR,DECLARED_PROTOTYPE_CONSTANT,,phase8-v1
CELL::DEL|HYD|2026-09-21|Economy Saver|T15(12-18)::ROUND::2026-09-05T14:30,DEL,HYD,2026-09-21,Economy Saver,T15(12-18),ROUND::2026-09-05T14:30,2026-09-05 14:30,ANCHORED,0,5485.00,CONSOLIDATED,True,3,Cleartrip;EaseMyTrip;MMT,4,PARTIAL_COVERAGE,0.7500,AirlineSite;Goibibo,3,3,5409.50;5485.00;5859.00,4,4,OBS00610;OBS00611;OBS00624;OBS00632,0,0,5358.00,5859.00,Cleartrip=5461.00;EaseMyTrip=5358.00;MMT=5672.00,5358.00,5672.00,5461.00,103.00,0.00,449.50,DEL,HYD,2026-09-21,Economy Saver,True,1,True,5485.00,PRICED,2026-09-05 14:30,ANCHOR_TIMESTAMP,INR,DECLARED_PROTOTYPE_CONSTANT,,phase8-v1
CELL::DEL|HYD|2026-09-21|Economy Saver|T15(12-18)::ROUND::2026-09-05T20:15,DEL,HYD,2026-09-21,Economy Saver,T15(12-18),ROUND::2026-09-05T20:15,2026-09-05 20:15,ANCHORED,0,5674.00,CONSOLIDATED,True,4,AirlineSite;EaseMyTrip;Goibibo;MMT,4,FULL_COVERAGE,1.0000,Cleartrip,3,3,5571.00;5674.00;5840.00,4,4,OBS01118;OBS01119;OBS01131;OBS01143,0,0,5463.00,5840.00,AirlineSite=5679.00;EaseMyTrip=5840.00;Goibibo=5674.00;MMT=5463.00,5463.00,5840.00,5676.50,216.00,0.00,269.00,DEL,HYD,2026-09-21,Economy Saver,True,1,True,5674.00,PRICED,2026-09-05 20:15,ANCHOR_TIMESTAMP,INR,DECLARED_PROTOTYPE_CONSTANT,,phase8-v1
CELL::DEL|HYD|2026-09-21|Economy Saver|T15(12-18)::ROUND::2026-09-06T09:00,DEL,HYD,2026-09-21,Economy Saver,T15(12-18),ROUND::2026-09-06T09:00,2026-09-06 09:00,ANCHORED,0,5564.00,CONSOLIDATED,True,1,Goibibo,4,SINGLE_SOURCE,0.2500,AirlineSite;Cleartrip;MMT,1,1,5564.00,1,1,OBS01665,0,0,5564.00,5564.00,Goibibo=5564.00,5564.00,5564.00,5564.00,0.00,0.00,0.00,DEL,HYD,2026-09-21,Economy Saver,True,1,True,5564.00,PRICED,2026-09-06 09:00,ANCHOR_TIMESTAMP,INR,DECLARED_PROTOTYPE_CONSTANT,,phase8-v1
CELL::DEL|HYD|2026-09-21|Economy Saver|T15(12-18)::ROUND::2026-09-06T14:30,DEL,HYD,2026-09-21,Economy Saver,T15(12-18),ROUND::2026-09-06T14:30,2026-09-06 14:30,ANCHORED,0,5759.50,CONSOLIDATED,False,2,AirlineSite;EaseMyTrip,4,PARTIAL_COVERAGE,0.5000,Cleartrip;Goibibo;MMT,1,1,5759.50,2,2,OBS02164;OBS02165,0,0,5714.00,5805.00,AirlineSite=5805.00;EaseMyTrip=5714.00,5714.00,5805.00,5759.50,91.00,91.00,0.00,DEL,HYD,2026-09-21,Economy Saver,True,1,True,5759.50,PRICED,2026-09-06 14:30,ANCHOR_TIMESTAMP,INR,DECLARED_PROTOTYPE_CONSTANT,,phase8-v1
CELL::DEL|HYD|2026-09-21|Economy Standard|T15(12-18)::ROUND::2026-09-05T09:00,DEL,HYD,2026-09-21,Economy Standard,T15(12-18),ROUND::2026-09-05T09:00,2026-09-05 09:00,ANCHORED,0,7299.00,CONSOLIDATED,True,1,AirlineSite,4,SINGLE_SOURCE,0.2500,Cleartrip;Goibibo;MMT,1,1,7299.00,1,1,OBS00106,0,0,7299.00,7299.00,AirlineSite=7299.00,7299.00,7299.00,7299.00,0.00,0.00,0.00,DEL,HYD,2026-09-21,Economy Standard,True,2,True,7299.00,PRICED,2026-09-05 09:00,ANCHOR_TIMESTAMP,INR,DECLARED_PROTOTYPE_CONSTANT,,phase8-v1
CELL::DEL|HYD|2026-09-21|Economy Standard|T15(12-18)::ROUND::2026-09-05T14:30,DEL,HYD,2026-09-21,Economy Standard,T15(12-18),ROUND::2026-09-05T14:30,2026-09-05 14:30,ANCHORED,0,7311.00,CONSOLIDATED,False,2,Cleartrip;EaseMyTrip,4,PARTIAL_COVERAGE,0.5000,AirlineSite;Goibibo;MMT,1,1,7311.00,2,2,OBS00612;OBS00613,0,0,7254.00,7368.00,Cleartrip=7254.00;EaseMyTrip=7368.00,7254.00,7368.00,7311.00,114.00,114.00,0.00,DEL,HYD,2026-09-21,Economy Standard,True,2,True,7311.00,PRICED,2026-09-05 14:30,ANCHOR_TIMESTAMP,INR,DECLARED_PROTOTYPE_CONSTANT,,phase8-v1
CELL::DEL|HYD|2026-09-21|Economy Standard|T15(12-18)::ROUND::2026-09-05T20:15,DEL,HYD,2026-09-21,Economy Standard,T15(12-18),ROUND::2026-09-05T20:15,2026-09-05 20:15,ANCHORED,0,7026.50,CONSOLIDATED,False,2,EaseMyTrip;MMT,4,PARTIAL_COVERAGE,0.5000,AirlineSite;Cleartrip;Goibibo,1,1,7026.50,2,2,OBS01120;OBS01121,0,0,6879.00,7174.00,EaseMyTrip=7174.00;MMT=6879.00,6879.00,7174.00,7026.50,295.00,295.00,0.00,DEL,HYD,2026-09-21,Economy Standard,True,2,True,7026.50,PRICED,2026-09-05 20:15,ANCHOR_TIMESTAMP,INR,DECLARED_PROTOTYPE_CONSTANT,,phase8-v1
CELL::DEL|HYD|2026-09-21|Economy Standard|T15(12-18)::ROUND::2026-09-06T09:00,DEL,HYD,2026-09-21,Economy Standard,T15(12-18),ROUND::2026-09-06T09:00,2026-09-06 09:00,ANCHORED,0,7241.50,CONSOLIDATED,False,2,AirlineSite;Cleartrip,4,PARTIAL_COVERAGE,0.5000,Goibibo;MMT,1,1,7241.50,2,2,OBS01640;OBS01641,0,0,7105.00,7378.00,AirlineSite=7105.00;Cleartrip=7378.00,7105.00,7378.00,7241.50,273.00,273.00,0.00,DEL,HYD,2026-09-21,Economy Standard,True,2,True,7241.50,PRICED,2026-09-06 09:00,ANCHOR_TIMESTAMP,INR,DECLARED_PROTOTYPE_CONSTANT,,phase8-v1
CELL::DEL|HYD|2026-09-21|Economy Standard|T15(12-18)::ROUND::2026-09-06T14:30,DEL,HYD,2026-09-21,Economy Standard,T15(12-18),ROUND::2026-09-06T14:30,2026-09-06 14:30,ANCHORED,0,7403.00,CONSOLIDATED,False,3,AirlineSite;Cleartrip;EaseMyTrip,4,PARTIAL_COVERAGE,0.7500,Goibibo;MMT,3,3,6997.00;7403.00;7731.00,4,4,OBS02140;OBS02150;OBS02151;OBS02166,0,0,6997.00,7731.00,AirlineSite=7731.00;Cleartrip=7139.00;EaseMyTrip=7332.00,7139.00,7731.00,7332.00,528.00,0.00,734.00,DEL,HYD,2026-09-21,Economy Standard,True,2,True,7403.00,PRICED,2026-09-06 14:30,ANCHOR_TIMESTAMP,INR,DECLARED_PROTOTYPE_CONSTANT,,phase8-v1
CELL::DEL|HYD|2026-09-21|Economy Standard|T15(12-18)::ROUND::2026-09-06T20:15,DEL,HYD,2026-09-21,Economy Standard,T15(12-18),ROUND::2026-09-06T20:15,2026-09-06 20:15,ANCHORED,0,7355.00,CONSOLIDATED,False,4,AirlineSite;Cleartrip;Goibibo;MMT,4,FULL_COVERAGE,1.0000,,3,3,7327.00;7355.00;7365.50,6,6,OBS02642;OBS02643;OBS02652;OBS02653;OBS02668;OBS02669,0,0,7102.00,7608.00,AirlineSite=7102.00;Cleartrip=7537.00;Goibibo=7194.00;MMT=7464.00,7102.00,7537.00,7329.00,506.00,343.00,38.50,DEL,HYD,2026-09-21,Economy Standard,True,2,True,7355.00,PRICED,2026-09-06 20:15,ANCHOR_TIMESTAMP,INR,DECLARED_PROTOTYPE_CONSTANT,,phase8-v1
CELL::DEL|HYD|2026-10-06|Economy Flexi|T30(25-35)::ROUND::2026-09-05T09:00,DEL,HYD,2026-10-06,Economy Flexi,T30(25-35),ROUND::2026-09-05T09:00,2026-09-05 09:00,ANCHORED,0,8025.50,CONSOLIDATED,False,4,AirlineSite;Cleartrip;EaseMyTrip;Goibibo,4,FULL_COVERAGE,1.0000,MMT,3,3,7999.50;8025.50;8042.00,5,5,OBS00109;OBS00110;OBS00118;OBS00129;OBS00130,0,0,7692.00,8307.00,AirlineSite=7885.00;Cleartrip=7867.00;EaseMyTrip=8166.00;Goibibo=8307.00,7867.00,8307.00,8025.50,615.00,281.00,42.50,DEL,HYD,2026-10-06,Economy Flexi,True,3,True,8025.50,PRICED,2026-09-05 09:00,ANCHOR_TIMESTAMP,INR,DECLARED_PROTOTYPE_CONSTANT,,phase8-v1
CELL::DEL|HYD|2026-10-06|Economy Flexi|T30(25-35)::ROUND::2026-09-05T14:30,DEL,HYD,2026-10-06,Economy Flexi,T30(25-35),ROUND::2026-09-05T14:30,2026-09-05 14:30,ANCHORED,0,8080.00,CONSOLIDATED,True,2,AirlineSite;EaseMyTrip,4,PARTIAL_COVERAGE,0.5000,Cleartrip;Goibibo;MMT,3,3,7847.00;8080.00;8366.50,4,4,OBS00615;OBS00633;OBS00634;OBS02993,0,0,7847.00,8373.00,AirlineSite=8226.50;EaseMyTrip=8103.50,8103.50,8226.50,8165.00,13.00,0.00,519.50,DEL,HYD,2026-10-06,Economy Flexi,True,3,True,8080.00,PRICED,2026-09-05 14:30,ANCHOR_TIMESTAMP,INR,DECLARED_PROTOTYPE_CONSTANT,,phase8-v1
CELL::DEL|HYD|2026-10-06|Economy Flexi|T30(25-35)::ROUND::2026-09-05T20:15,DEL,HYD,2026-10-06,Economy Flexi,T30(25-35),ROUND::2026-09-05T20:15,2026-09-05 20:15,ANCHORED,0,7898.00,CONSOLIDATED,False,3,AirlineSite;Goibibo;MMT,4,PARTIAL_COVERAGE,0.7500,Cleartrip,2,2,7716.00;8080.00,3,3,OBS01122;OBS01144;OBS01145,0,0,7716.00,8224.00,AirlineSite=8224.00;Goibibo=7936.00;MMT=7716.00,7716.00,8224.00,7936.00,288.00,144.00,364.00,DEL,HYD,2026-10-06,Economy Flexi,True,3,True,7898.00,PRICED,2026-09-05 20:15,ANCHOR_TIMESTAMP,INR,DECLARED_PROTOTYPE_CONSTANT,,phase8-v1
CELL::DEL|HYD|2026-10-06|Economy Flexi|T30(25-35)::ROUND::2026-09-06T09:00,DEL,HYD,2026-10-06,Economy Flexi,T30(25-35),ROUND::2026-09-06T09:00,2026-09-06 09:00,ANCHORED,0,8323.00,CONSOLIDATED,True,1,Cleartrip,4,SINGLE_SOURCE,0.2500,AirlineSite;Goibibo;MMT,1,1,8323.00,1,1,OBS01667,0,0,8323.00,8323.00,Cleartrip=8323.00,8323.00,8323.00,8323.00,0.00,0.00,0.00,DEL,HYD,2026-10-06,Economy Flexi,True,3,True,8323.00,PRICED,2026-09-06 09:00,ANCHOR_TIMESTAMP,INR,DECLARED_PROTOTYPE_CONSTANT,,phase8-v1
CELL::DEL|HYD|2026-10-06|Economy Flexi|T30(25-35)::ROUND::2026-09-06T14:30,DEL,HYD,2026-10-06,Economy Flexi,T30(25-35),ROUND::2026-09-06T14:30,2026-09-06 14:30,ANCHORED,0,7991.00,CONSOLIDATED,False,2,Cleartrip;EaseMyTrip,4,PARTIAL_COVERAGE,0.5000,AirlineSite;Goibibo;MMT,2,2,7827.00;8155.00,3,3,OBS02141;OBS02154;OBS02155,0,0,7767.00,8155.00,Cleartrip=7767.00;EaseMyTrip=8021.00,7767.00,8021.00,7894.00,120.00,60.00,328.00,DEL,HYD,2026-10-06,Economy Flexi,True,3,True,7991.00,PRICED,2026-09-06 14:30,ANCHOR_TIMESTAMP,INR,DECLARED_PROTOTYPE_CONSTANT,,phase8-v1
CELL::DEL|HYD|2026-10-06|Economy Flexi|T30(25-35)::ROUND::2026-09-06T20:15,DEL,HYD,2026-10-06,Economy Flexi,T30(25-35),ROUND::2026-09-06T20:15,2026-09-06 20:15,ANCHORED,0,7958.50,CONSOLIDATED,False,2,Cleartrip;EaseMyTrip,4,PARTIAL_COVERAGE,0.5000,AirlineSite;Goibibo;MMT,1,1,7958.50,2,2,OBS02656;OBS02657,0,0,7675.00,8242.00,Cleartrip=7675.00;EaseMyTrip=8242.00,7675.00,8242.00,7958.50,567.00,567.00,0.00,DEL,HYD,2026-10-06,Economy Flexi,True,3,True,7958.50,PRICED,2026-09-06 20:15,ANCHOR_TIMESTAMP,INR,DECLARED_PROTOTYPE_CONSTANT,,phase8-v1
CELL::DEL|HYD|2026-10-06|Economy Saver|T30(25-35)::ROUND::2026-09-05T09:00,DEL,HYD,2026-10-06,Economy Saver,T30(25-35),ROUND::2026-09-05T09:00,2026-09-05 09:00,ANCHORED,0,5059.00,CONSOLIDATED,False,2,Cleartrip;Goibibo,4,PARTIAL_COVERAGE,0.5000,AirlineSite;MMT,1,1,5059.00,2,2,OBS00107;OBS00108,0,0,5013.00,5105.00,Cleartrip=5105.00;Goibibo=5013.00,5013.00,5105.00,5059.00,92.00,92.00,0.00,DEL,HYD,2026-10-06,Economy Saver,True,1,True,5059.00,PRICED,2026-09-05 09:00,ANCHOR_TIMESTAMP,INR,DECLARED_PROTOTYPE_CONSTANT,,phase8-v1
CELL::DEL|HYD|2026-10-06|Economy Saver|T30(25-35)::ROUND::2026-09-05T14:30,DEL,HYD,2026-10-06,Economy Saver,T30(25-35),ROUND::2026-09-05T14:30,2026-09-05 14:30,ANCHORED,0,5320.00,CONSOLIDATED,True,2,AirlineSite;MMT,4,PARTIAL_COVERAGE,0.5000,Cleartrip;Goibibo,3,3,5131.00;5320.00;5356.00,3,3,OBS00614;OBS00625;OBS00635,0,0,5131.00,5356.00,AirlineSite=5338.00;MMT=5131.00,5131.00,5338.00,5234.50,0.00,0.00,225.00,DEL,HYD,2026-10-06,Economy Saver,True,1,True,5320.00,PRICED,2026-09-05 14:30,ANCHOR_TIMESTAMP,INR,DECLARED_PROTOTYPE_CONSTANT,,phase8-v1
CELL::DEL|HYD|2026-10-06|Economy Saver|T30(25-35)::ROUND::2026-09-05T20:15,DEL,HYD,2026-10-06,Economy Saver,T30(25-35),ROUND::2026-09-05T20:15,2026-09-05 20:15,ANCHORED,0,5160.50,CONSOLIDATED,False,2,Cleartrip;EaseMyTrip,4,PARTIAL_COVERAGE,0.5000,AirlineSite;Goibibo;MMT,1,1,5160.50,2,2,OBS01123;OBS01124,0,0,5021.00,5300.00,Cleartrip=5300.00;EaseMyTrip=5021.00,5021.00,5300.00,5160.50,279.00,279.00,0.00,DEL,HYD,2026-10-06,Economy Saver,True,1,True,5160.50,PRICED,2026-09-05 20:15,ANCHOR_TIMESTAMP,INR,DECLARED_PROTOTYPE_CONSTANT,,phase8-v1
CELL::DEL|HYD|2026-10-06|Economy Saver|T30(25-35)::ROUND::2026-09-06T09:00,DEL,HYD,2026-10-06,Economy Saver,T30(25-35),ROUND::2026-09-06T09:00,2026-09-06 09:00,ANCHORED,0,5149.00,CONSOLIDATED,True,2,AirlineSite;MMT,4,PARTIAL_COVERAGE,0.5000,Cleartrip;Goibibo,3,3,5091.00;5149.00;5169.50,4,4,OBS01642;OBS01655;OBS01656;OBS01666,0,0,5091.00,5179.00,AirlineSite=5149.00;MMT=5160.00,5149.00,5160.00,5154.50,19.00,0.00,78.50,DEL,HYD,2026-10-06,Economy Saver,True,1,True,5149.00,PRICED,2026-09-06 09:00,ANCHOR_TIMESTAMP,INR,DECLARED_PROTOTYPE_CONSTANT,,phase8-v1
CELL::DEL|HYD|2026-10-06|Economy Saver|T30(25-35)::ROUND::2026-09-06T14:30,DEL,HYD,2026-10-06,Economy Saver,T30(25-35),ROUND::2026-09-06T14:30,2026-09-06 14:30,ANCHORED,0,4872.00,CONSOLIDATED,True,1,EaseMyTrip,4,SINGLE_SOURCE,0.2500,AirlineSite;Cleartrip;Goibibo;MMT,1,1,4872.00,1,1,OBS02142,0,0,4872.00,4872.00,EaseMyTrip=4872.00,4872.00,4872.00,4872.00,0.00,0.00,0.00,DEL,HYD,2026-10-06,Economy Saver,True,1,True,4872.00,PRICED,2026-09-06 14:30,ANCHOR_TIMESTAMP,INR,DECLARED_PROTOTYPE_CONSTANT,,phase8-v1
CELL::DEL|HYD|2026-10-06|Economy Saver|T30(25-35)::ROUND::2026-09-06T20:15,DEL,HYD,2026-10-06,Economy Saver,T30(25-35),ROUND::2026-09-06T20:15,2026-09-06 20:15,ANCHORED,0,5128.50,CONSOLIDATED,False,2,Cleartrip;EaseMyTrip,4,PARTIAL_COVERAGE,0.5000,AirlineSite;Goibibo;MMT,1,1,5128.50,2,2,OBS02645;OBS02646,0,0,5116.00,5141.00,Cleartrip=5141.00;EaseMyTrip=5116.00,5116.00,5141.00,5128.50,25.00,25.00,0.00,DEL,HYD,2026-10-06,Economy Saver,True,1,True,5128.50,PRICED,2026-09-06 20:15,ANCHOR_TIMESTAMP,INR,DECLARED_PROTOTYPE_CONSTANT,,phase8-v1
CELL::DEL|HYD|2026-10-06|Economy Standard|T30(25-35)::ROUND::2026-09-05T09:00,DEL,HYD,2026-10-06,Economy Standard,T30(25-35),ROUND::2026-09-05T09:00,2026-09-05 09:00,ANCHORED,0,6548.00,CONSOLIDATED,False,2,Cleartrip;Goibibo,4,PARTIAL_COVERAGE,0.5000,AirlineSite;MMT,1,1,6548.00,2,2,OBS00131;OBS00132,0,0,6508.00,6588.00,Cleartrip=6508.00;Goibibo=6588.00,6508.00,6588.00,6548.00,80.00,80.00,0.00,DEL,HYD,2026-10-06,Economy Standard,True,2,True,6548.00,PRICED,2026-09-05 09:00,ANCHOR_TIMESTAMP,INR,DECLARED_PROTOTYPE_CONSTANT,,phase8-v1
CELL::DEL|HYD|2026-10-06|Economy Standard|T30(25-35)::ROUND::2026-09-05T20:15,DEL,HYD,2026-10-06,Economy Standard,T30(25-35),ROUND::2026-09-05T20:15,2026-09-05 20:15,ANCHORED,0,6644.50,CONSOLIDATED,False,2,AirlineSite;EaseMyTrip,4,PARTIAL_COVERAGE,0.5000,Cleartrip;Goibibo;MMT,1,1,6644.50,2,2,OBS01134;OBS01135,0,0,6532.00,6757.00,AirlineSite=6757.00;EaseMyTrip=6532.00,6532.00,6757.00,6644.50,225.00,225.00,0.00,DEL,HYD,2026-10-06,Economy Standard,True,2,True,6644.50,PRICED,2026-09-05 20:15,ANCHOR_TIMESTAMP,INR,DECLARED_PROTOTYPE_CONSTANT,,phase8-v1
CELL::DEL|HYD|2026-10-06|Economy Standard|T30(25-35)::ROUND::2026-09-06T09:00,DEL,HYD,2026-10-06,Economy Standard,T30(25-35),ROUND::2026-09-06T09:00,2026-09-06 09:00,ANCHORED,0,6641.50,CONSOLIDATED,False,1,MMT,4,SINGLE_SOURCE,0.2500,AirlineSite;Cleartrip;Goibibo,2,2,6560.00;6723.00,2,2,OBS01643;OBS01657,0,0,6560.00,6723.00,MMT=6641.50,6641.50,6641.50,6641.50,0.00,0.00,163.00,DEL,HYD,2026-10-06,Economy Standard,True,2,True,6641.50,PRICED,2026-09-06 09:00,ANCHOR_TIMESTAMP,INR,DECLARED_PROTOTYPE_CONSTANT,,phase8-v1
CELL::DEL|HYD|2026-10-06|Economy Standard|T30(25-35)::ROUND::2026-09-06T14:30,DEL,HYD,2026-10-06,Economy Standard,T30(25-35),ROUND::2026-09-06T14:30,2026-09-06 14:30,ANCHORED,0,6555.50,CONSOLIDATED,False,3,Cleartrip;Goibibo;MMT,4,PARTIAL_COVERAGE,0.7500,AirlineSite,2,2,6539.50;6571.50,4,4,OBS02156;OBS02157;OBS02167;OBS02168,0,0,6341.00,6802.00,Cleartrip=6686.00;Goibibo=6802.00;MMT=6367.00,6367.00,6802.00,6686.00,461.00,377.00,32.00,DEL,HYD,2026-10-06,Economy Standard,True,2,True,6555.50,PRICED,2026-09-06 14:30,ANCHOR_TIMESTAMP,INR,DECLARED_PROTOTYPE_CONSTANT,,phase8-v1
CELL::DEL|HYD|2026-10-06|Economy Standard|T30(25-35)::ROUND::2026-09-06T20:15,DEL,HYD,2026-10-06,Economy Standard,T30(25-35),ROUND::2026-09-06T20:15,2026-09-06 20:15,ANCHORED,0,6631.25,CONSOLIDATED,False,3,AirlineSite;Cleartrip;MMT,4,PARTIAL_COVERAGE,0.7500,Goibibo,2,2,6539.50;6723.00,3,3,OBS02644;OBS02670;OBS02671,0,0,6380.00,6723.00,AirlineSite=6723.00;Cleartrip=6699.00;MMT=6380.00,6380.00,6723.00,6699.00,319.00,159.50,183.50,DEL,HYD,2026-10-06,Economy Standard,True,2,True,6631.25,PRICED,2026-09-06 20:15,ANCHOR_TIMESTAMP,INR,DECLARED_PROTOTYPE_CONSTANT,,phase8-v1
CELL::DEL|HYD|2026-10-22|Economy Flexi|T45(40-50)::ROUND::2026-09-05T09:00,DEL,HYD,2026-10-22,Economy Flexi,T45(40-50),ROUND::2026-09-05T09:00,2026-09-05 09:00,ANCHORED,0,8213.75,CONSOLIDATED,False,3,AirlineSite;EaseMyTrip;Goibibo,4,PARTIAL_COVERAGE,0.7500,Cleartrip;MMT,2,2,8090.50;8337.00,3,3,OBS00119;OBS00120;OBS00134,0,0,7964.00,8337.00,AirlineSite=8217.00;EaseMyTrip=8337.00;Goibibo=7964.00,7964.00,8337.00,8217.00,253.00,126.50,246.50,DEL,HYD,2026-10-22,Economy Flexi,True,3,True,8213.75,PRICED,2026-09-05 09:00,ANCHOR_TIMESTAMP,INR,DECLARED_PROTOTYPE_CONSTANT,,phase8-v1
CELL::DEL|HYD|2026-10-22|Economy Flexi|T45(40-50)::ROUND::2026-09-05T20:15,DEL,HYD,2026-10-22,Economy Flexi,T45(40-50),ROUND::2026-09-05T20:15,2026-09-05 20:15,ANCHORED,0,7775.00,CONSOLIDATED,True,1,Cleartrip,4,SINGLE_SOURCE,0.2500,AirlineSite;Goibibo;MMT,1,1,7775.00,1,1,OBS01146,0,0,7775.00,7775.00,Cleartrip=7775.00,7775.00,7775.00,7775.00,0.00,0.00,0.00,DEL,HYD,2026-10-22,Economy Flexi,True,3,True,7775.00,PRICED,2026-09-05 20:15,ANCHOR_TIMESTAMP,INR,DECLARED_PROTOTYPE_CONSTANT,,phase8-v1
CELL::DEL|HYD|2026-10-22|Economy Flexi|T45(40-50)::ROUND::2026-09-06T09:00,DEL,HYD,2026-10-22,Economy Flexi,T45(40-50),ROUND::2026-09-06T09:00,2026-09-06 09:00,ANCHORED,0,7940.00,CONSOLIDATED,False,4,AirlineSite;EaseMyTrip;Goibibo;MMT,4,FULL_COVERAGE,1.0000,Cleartrip,3,3,7680.00;7940.00;8046.50,5,5,OBS01644;OBS01645;OBS01658;OBS01670;OBS01671,0,0,7680.00,8206.00,AirlineSite=8206.00;EaseMyTrip=7835.00;Goibibo=7890.00;MMT=7887.00,7835.00,8206.00,7888.50,319.00,100.00,366.50,DEL,HYD,2026-10-22,Economy Flexi,True,3,True,7940.00,PRICED,2026-09-06 09:00,ANCHOR_TIMESTAMP,INR,DECLARED_PROTOTYPE_CONSTANT,,phase8-v1
CELL::DEL|HYD|2026-10-22|Economy Flexi|T45(40-50)::ROUND::2026-09-06T14:30,DEL,HYD,2026-10-22,Economy Flexi,T45(40-50),ROUND::2026-09-06T14:30,2026-09-06 14:30,ANCHORED,0,7731.00,CONSOLIDATED,True,1,Goibibo,4,SINGLE_SOURCE,0.2500,AirlineSite;Cleartrip;MMT,1,1,7731.00,1,1,OBS02169,0,0,7731.00,7731.00,Goibibo=7731.00,7731.00,7731.00,7731.00,0.00,0.00,0.00,DEL,HYD,2026-10-22,Economy Flexi,True,3,True,7731.00,PRICED,2026-09-06 14:30,ANCHOR_TIMESTAMP,INR,DECLARED_PROTOTYPE_CONSTANT,,phase8-v1
CELL::DEL|HYD|2026-10-22|Economy Flexi|T45(40-50)::ROUND::2026-09-06T20:15,DEL,HYD,2026-10-22,Economy Flexi,T45(40-50),ROUND::2026-09-06T20:15,2026-09-06 20:15,ANCHORED,0,7778.00,CONSOLIDATED,True,1,Cleartrip,4,SINGLE_SOURCE,0.2500,AirlineSite;Goibibo;MMT,1,1,7778.00,1,1,OBS02647,0,0,7778.00,7778.00,Cleartrip=7778.00,7778.00,7778.00,7778.00,0.00,0.00,0.00,DEL,HYD,2026-10-22,Economy Flexi,True,3,True,7778.00,PRICED,2026-09-06 20:15,ANCHOR_TIMESTAMP,INR,DECLARED_PROTOTYPE_CONSTANT,,phase8-v1
CELL::DEL|HYD|2026-10-22|Economy Saver|T45(40-50)::ROUND::2026-09-05T14:30,DEL,HYD,2026-10-22,Economy Saver,T45(40-50),ROUND::2026-09-05T14:30,2026-09-05 14:30,ANCHORED,0,5103.00,CONSOLIDATED,False,3,AirlineSite;Goibibo;MMT,4,PARTIAL_COVERAGE,0.7500,Cleartrip,3,3,5060.00;5103.00;5370.50,5,5,OBS00616;OBS00617;OBS00626;OBS00636;OBS00637,0,0,5060.00,5396.00,AirlineSite=5268.50;Goibibo=5060.00;MMT=5205.00,5060.00,5268.50,5205.00,76.00,51.00,310.50,DEL,HYD,2026-10-22,Economy Saver,True,1,True,5103.00,PRICED,2026-09-05 14:30,ANCHOR_TIMESTAMP,INR,DECLARED_PROTOTYPE_CONSTANT,,phase8-v1
CELL::DEL|HYD|2026-10-22|Economy Saver|T45(40-50)::ROUND::2026-09-05T20:15,DEL,HYD,2026-10-22,Economy Saver,T45(40-50),ROUND::2026-09-05T20:15,2026-09-05 20:15,ANCHORED,0,5216.00,CONSOLIDATED,True,1,AirlineSite,4,SINGLE_SOURCE,0.2500,Cleartrip;Goibibo;MMT,1,1,5216.00,1,1,OBS01125,0,0,5216.00,5216.00,AirlineSite=5216.00,5216.00,5216.00,5216.00,0.00,0.00,0.00,DEL,HYD,2026-10-22,Economy Saver,True,1,True,5216.00,PRICED,2026-09-05 20:15,ANCHOR_TIMESTAMP,INR,DECLARED_PROTOTYPE_CONSTANT,,phase8-v1
CELL::DEL|HYD|2026-10-22|Economy Saver|T45(40-50)::ROUND::2026-09-06T09:00,DEL,HYD,2026-10-22,Economy Saver,T45(40-50),ROUND::2026-09-06T09:00,2026-09-06 09:00,ANCHORED,0,5238.00,CONSOLIDATED,False,3,Cleartrip;EaseMyTrip;Goibibo,4,PARTIAL_COVERAGE,0.7500,AirlineSite;MMT,2,2,5057.00;5419.00,3,3,OBS01659;OBS01668;OBS01669,0,0,4939.00,5419.00,Cleartrip=5419.00;EaseMyTrip=4939.00;Goibibo=5175.00,4939.00,5419.00,5175.00,236.00,118.00,362.00,DEL,HYD,2026-10-22,Economy Saver,True,1,True,5238.00,PRICED,2026-09-06 09:00,ANCHOR_TIMESTAMP,INR,DECLARED_PROTOTYPE_CONSTANT,,phase8-v1
CELL::DEL|HYD|2026-10-22|Economy Saver|T45(40-50)::ROUND::2026-09-06T14:30,DEL,HYD,2026-10-22,Economy Saver,T45(40-50),ROUND::2026-09-06T14:30,2026-09-06 14:30,ANCHORED,0,5034.50,CONSOLIDATED,False,4,AirlineSite;Cleartrip;EaseMyTrip;MMT,4,FULL_COVERAGE,1.0000,Goibibo,2,2,4939.00;5130.00,4,4,OBS02143;OBS02144;OBS02170;OBS02171,0,0,4892.00,5312.00,AirlineSite=4892.00;Cleartrip=5312.00;EaseMyTrip=4948.00;MMT=4986.00,4892.00,5312.00,4967.00,364.00,229.00,191.00,DEL,HYD,2026-10-22,Economy Saver,True,1,True,5034.50,PRICED,2026-09-06 14:30,ANCHOR_TIMESTAMP,INR,DECLARED_PROTOTYPE_CONSTANT,,phase8-v1
CELL::DEL|HYD|2026-10-22|Economy Saver|T45(40-50)::ROUND::2026-09-06T20:15,DEL,HYD,2026-10-22,Economy Saver,T45(40-50),ROUND::2026-09-06T20:15,2026-09-06 20:15,ANCHORED,0,5135.25,CONSOLIDATED,False,4,AirlineSite;Cleartrip;EaseMyTrip;Goibibo,4,FULL_COVERAGE,1.0000,MMT,2,2,5006.50;5264.00,4,4,OBS02658;OBS02659;OBS02672;OBS02673,0,0,4914.00,5270.00,AirlineSite=5099.00;Cleartrip=4914.00;EaseMyTrip=5270.00;Goibibo=5258.00,4914.00,5270.00,5178.50,185.00,98.50,257.50,DEL,HYD,2026-10-22,Economy Saver,True,1,True,5135.25,PRICED,2026-09-06 20:15,ANCHOR_TIMESTAMP,INR,DECLARED_PROTOTYPE_CONSTANT,,phase8-v1
CELL::DEL|HYD|2026-10-22|Economy Standard|T45(40-50)::ROUND::2026-09-05T09:00,DEL,HYD,2026-10-22,Economy Standard,T45(40-50),ROUND::2026-09-05T09:00,2026-09-05 09:00,ANCHORED,0,6720.50,CONSOLIDATED,False,1,AirlineSite,4,SINGLE_SOURCE,0.2500,Cleartrip;Goibibo;MMT,2,2,6715.00;6726.00,2,2,OBS00111;OBS00133,0,0,6715.00,6726.00,AirlineSite=6720.50,6720.50,6720.50,6720.50,0.00,0.00,11.00,DEL,HYD,2026-10-22,Economy Standard,True,2,True,6720.50,PRICED,2026-09-05 09:00,ANCHOR_TIMESTAMP,INR,DECLARED_PROTOTYPE_CONSTANT,,phase8-v1
CELL::DEL|HYD|2026-10-22|Economy Standard|T45(40-50)::ROUND::2026-09-05T14:30,DEL,HYD,2026-10-22,Economy Standard,T45(40-50),ROUND::2026-09-05T14:30,2026-09-05 14:30,ANCHORED,0,6331.50,CONSOLIDATED,False,2,AirlineSite;Cleartrip,4,PARTIAL_COVERAGE,0.5000,Goibibo;MMT,2,2,6296.00;6367.00,2,2,OBS00618;OBS00627,0,0,6296.00,6367.00,AirlineSite=6367.00;Cleartrip=6296.00,6296.00,6367.00,6331.50,0.00,0.00,71.00,DEL,HYD,2026-10-22,Economy Standard,True,2,True,6331.50,PRICED,2026-09-05 14:30,ANCHOR_TIMESTAMP,INR,DECLARED_PROTOTYPE_CONSTANT,,phase8-v1
CELL::DEL|HYD|2026-10-22|Economy Standard|T45(40-50)::ROUND::2026-09-05T20:15,DEL,HYD,2026-10-22,Economy Standard,T45(40-50),ROUND::2026-09-05T20:15,2026-09-05 20:15,ANCHORED,0,6517.00,CONSOLIDATED,True,1,Cleartrip,4,SINGLE_SOURCE,0.2500,AirlineSite;Goibibo;MMT,1,1,6517.00,1,1,OBS01136,0,0,6517.00,6517.00,Cleartrip=6517.00,6517.00,6517.00,6517.00,0.00,0.00,0.00,DEL,HYD,2026-10-22,Economy Standard,True,2,True,6517.00,PRICED,2026-09-05 20:15,ANCHOR_TIMESTAMP,INR,DECLARED_PROTOTYPE_CONSTANT,,phase8-v1
CELL::DEL|HYD|2026-10-22|Economy Standard|T45(40-50)::ROUND::2026-09-06T09:00,DEL,HYD,2026-10-22,Economy Standard,T45(40-50),ROUND::2026-09-06T09:00,2026-09-06 09:00,ANCHORED,0,6924.00,CONSOLIDATED,True,1,EaseMyTrip,4,SINGLE_SOURCE,0.2500,AirlineSite;Cleartrip;Goibibo;MMT,1,1,6924.00,1,1,OBS01646,0,0,6924.00,6924.00,EaseMyTrip=6924.00,6924.00,6924.00,6924.00,0.00,0.00,0.00,DEL,HYD,2026-10-22,Economy Standard,True,2,True,6924.00,PRICED,2026-09-06 09:00,ANCHOR_TIMESTAMP,INR,DECLARED_PROTOTYPE_CONSTANT,,phase8-v1
CELL::DEL|HYD|2026-10-22|Economy Standard|T45(40-50)::ROUND::2026-09-06T14:30,DEL,HYD,2026-10-22,Economy Standard,T45(40-50),ROUND::2026-09-06T14:30,2026-09-06 14:30,ANCHORED,0,6420.00,CONSOLIDATED,True,1,AirlineSite,4,SINGLE_SOURCE,0.2500,Cleartrip;Goibibo;MMT,1,1,6420.00,1,1,OBS02158,0,0,6420.00,6420.00,AirlineSite=6420.00,6420.00,6420.00,6420.00,0.00,0.00,0.00,DEL,HYD,2026-10-22,Economy Standard,True,2,True,6420.00,PRICED,2026-09-06 14:30,ANCHOR_TIMESTAMP,INR,DECLARED_PROTOTYPE_CONSTANT,,phase8-v1
CELL::DEL|IDR|2026-09-07|Economy Flexi|T1(0-2)::ROUND::2026-09-05T14:30,DEL,IDR,2026-09-07,Economy Flexi,T1(0-2),ROUND::2026-09-05T14:30,2026-09-05 14:30,ANCHORED,0,11932.50,CONSOLIDATED,False,2,EaseMyTrip;MMT,4,PARTIAL_COVERAGE,0.5000,AirlineSite;Cleartrip;Goibibo,1,1,11932.50,2,2,OBS01005;OBS01006,0,0,11863.00,12002.00,EaseMyTrip=11863.00;MMT=12002.00,11863.00,12002.00,11932.50,139.00,139.00,0.00,DEL,IDR,2026-09-07,Economy Flexi,True,3,True,11932.50,PRICED,2026-09-05 14:30,ANCHOR_TIMESTAMP,INR,DECLARED_PROTOTYPE_CONSTANT,,phase8-v1
CELL::DEL|IDR|2026-09-07|Economy Flexi|T1(0-2)::ROUND::2026-09-05T20:15,DEL,IDR,2026-09-07,Economy Flexi,T1(0-2),ROUND::2026-09-05T20:15,2026-09-05 20:15,ANCHORED,0,11114.00,CONSOLIDATED,True,1,Cleartrip,4,SINGLE_SOURCE,0.2500,AirlineSite;Goibibo;MMT,1,1,11114.00,1,1,OBS01518,0,0,11114.00,11114.00,Cleartrip=11114.00,11114.00,11114.00,11114.00,0.00,0.00,0.00,DEL,IDR,2026-09-07,Economy Flexi,True,3,True,11114.00,PRICED,2026-09-05 20:15,ANCHOR_TIMESTAMP,INR,DECLARED_PROTOTYPE_CONSTANT,,phase8-v1
CELL::DEL|IDR|2026-09-07|Economy Flexi|T1(0-2)::ROUND::2026-09-06T09:00,DEL,IDR,2026-09-07,Economy Flexi,T1(0-2),ROUND::2026-09-06T09:00,2026-09-06 09:00,ANCHORED,0,11929.25,CONSOLIDATED,False,3,AirlineSite;Cleartrip;Goibibo,4,PARTIAL_COVERAGE,0.7500,MMT,2,2,11781.50;12077.00,3,3,OBS02008;OBS02028;OBS02029,0,0,11694.00,12077.00,AirlineSite=12077.00;Cleartrip=11694.00;Goibibo=11869.00,11694.00,12077.00,11869.00,175.00,87.50,295.50,DEL,IDR,2026-09-07,Economy Flexi,True,3,True,11929.25,PRICED,2026-09-06 09:00,ANCHOR_TIMESTAMP,INR,DECLARED_PROTOTYPE_CONSTANT,,phase8-v1
CELL::DEL|IDR|2026-09-07|Economy Flexi|T1(0-2)::ROUND::2026-09-06T14:30,DEL,IDR,2026-09-07,Economy Flexi,T1(0-2),ROUND::2026-09-06T14:30,2026-09-06 14:30,ANCHORED,0,11963.25,CONSOLIDATED,False,2,EaseMyTrip;MMT,4,PARTIAL_COVERAGE,0.5000,AirlineSite;Cleartrip;Goibibo,2,2,11962.50;11964.00,3,3,OBS02505;OBS02506;OBS02524,0,0,11576.00,12349.00,EaseMyTrip=11576.00;MMT=12156.50,11576.00,12156.50,11866.25,773.00,386.50,1.50,DEL,IDR,2026-09-07,Economy Flexi,True,3,True,11963.25,PRICED,2026-09-06 14:30,ANCHOR_TIMESTAMP,INR,DECLARED_PROTOTYPE_CONSTANT,,phase8-v1
CELL::DEL|IDR|2026-09-07|Economy Saver|T1(0-2)::ROUND::2026-09-05T09:00,DEL,IDR,2026-09-07,Economy Saver,T1(0-2),ROUND::2026-09-05T09:00,2026-09-05 09:00,ANCHORED,0,7409.00,CONSOLIDATED,True,5,AirlineSite;Cleartrip;EaseMyTrip;Goibibo;MMT,4,FULL_COVERAGE,1.2500,,3,3,7104.00;7409.00;7498.50,5,5,OBS00481;OBS00482;OBS00494;OBS00506;OBS00507,0,0,7030.00,7714.00,AirlineSite=7030.00;Cleartrip=7714.00;EaseMyTrip=7178.00;Goibibo=7283.00;MMT=7409.00,7030.00,7714.00,7283.00,431.00,148.00,394.50,DEL,IDR,2026-09-07,Economy Saver,True,1,True,7409.00,PRICED,2026-09-05 09:00,ANCHOR_TIMESTAMP,INR,DECLARED_PROTOTYPE_CONSTANT,,phase8-v1
CELL::DEL|IDR|2026-09-07|Economy Saver|T1(0-2)::ROUND::2026-09-05T14:30,DEL,IDR,2026-09-07,Economy Saver,T1(0-2),ROUND::2026-09-05T14:30,2026-09-05 14:30,ANCHORED,0,7509.50,CONSOLIDATED,False,4,AirlineSite;Cleartrip;EaseMyTrip;MMT,4,FULL_COVERAGE,1.0000,Goibibo,3,3,7236.50;7509.50;7556.00,5,5,OBS00976;OBS00977;OBS00990;OBS00991;OBS01004,0,0,7097.00,7672.00,AirlineSite=7376.00;Cleartrip=7556.00;EaseMyTrip=7384.50;MMT=7347.00,7347.00,7556.00,7380.25,325.00,279.00,319.50,DEL,IDR,2026-09-07,Economy Saver,True,1,True,7509.50,PRICED,2026-09-05 14:30,ANCHOR_TIMESTAMP,INR,DECLARED_PROTOTYPE_CONSTANT,,phase8-v1
CELL::DEL|IDR|2026-09-07|Economy Saver|T1(0-2)::ROUND::2026-09-05T20:15,DEL,IDR,2026-09-07,Economy Saver,T1(0-2),ROUND::2026-09-05T20:15,2026-09-05 20:15,ANCHORED,0,7437.75,CONSOLIDATED,False,3,AirlineSite;Cleartrip;MMT,4,PARTIAL_COVERAGE,0.7500,Goibibo,2,2,7199.50;7676.00,4,4,OBS01495;OBS01496;OBS01516;OBS01517,0,0,7017.00,7779.00,AirlineSite=7017.00;Cleartrip=7477.50;MMT=7779.00,7017.00,7779.00,7477.50,365.00,285.50,476.50,DEL,IDR,2026-09-07,Economy Saver,True,1,True,7437.75,PRICED,2026-09-05 20:15,ANCHOR_TIMESTAMP,INR,DECLARED_PROTOTYPE_CONSTANT,,phase8-v1
CELL::DEL|IDR|2026-09-07|Economy Saver|T1(0-2)::ROUND::2026-09-06T09:00,DEL,IDR,2026-09-07,Economy Saver,T1(0-2),ROUND::2026-09-06T09:00,2026-09-06 09:00,ANCHORED,0,7271.00,CONSOLIDATED,True,4,AirlineSite;Cleartrip;EaseMyTrip;MMT,4,FULL_COVERAGE,1.0000,Goibibo,3,3,7267.50;7271.00;7516.00,4,4,OBS02007;OBS02014;OBS02026;OBS02027,0,0,7204.00,7516.00,AirlineSite=7516.00;Cleartrip=7204.00;EaseMyTrip=7271.00;MMT=7331.00,7204.00,7516.00,7301.00,127.00,0.00,248.50,DEL,IDR,2026-09-07,Economy Saver,True,1,True,7271.00,PRICED,2026-09-06 09:00,ANCHOR_TIMESTAMP,INR,DECLARED_PROTOTYPE_CONSTANT,,phase8-v1
CELL::DEL|IDR|2026-09-07|Economy Standard|T1(0-2)::ROUND::2026-09-05T09:00,DEL,IDR,2026-09-07,Economy Standard,T1(0-2),ROUND::2026-09-05T09:00,2026-09-05 09:00,ANCHORED,0,9734.00,CONSOLIDATED,False,2,AirlineSite;Cleartrip,4,PARTIAL_COVERAGE,0.5000,Goibibo;MMT,1,1,9734.00,2,2,OBS00508;OBS00509,0,0,9617.00,9851.00,AirlineSite=9617.00;Cleartrip=9851.00,9617.00,9851.00,9734.00,234.00,234.00,0.00,DEL,IDR,2026-09-07,Economy Standard,True,2,True,9734.00,PRICED,2026-09-05 09:00,ANCHOR_TIMESTAMP,INR,DECLARED_PROTOTYPE_CONSTANT,,phase8-v1
CELL::DEL|IDR|2026-09-07|Economy Standard|T1(0-2)::ROUND::2026-09-05T14:30,DEL,IDR,2026-09-07,Economy Standard,T1(0-2),ROUND::2026-09-05T14:30,2026-09-05 14:30,ANCHORED,0,9478.00,CONSOLIDATED,False,2,Goibibo;MMT,4,PARTIAL_COVERAGE,0.5000,AirlineSite;Cleartrip,1,1,9478.00,2,2,OBS00992;OBS00993,0,0,9201.00,9755.00,Goibibo=9201.00;MMT=9755.00,9201.00,9755.00,9478.00,554.00,554.00,0.00,DEL,IDR,2026-09-07,Economy Standard,True,2,True,9478.00,PRICED,2026-09-05 14:30,ANCHOR_TIMESTAMP,INR,DECLARED_PROTOTYPE_CONSTANT,,phase8-v1
CELL::DEL|IDR|2026-09-07|Economy Standard|T1(0-2)::ROUND::2026-09-05T20:15,DEL,IDR,2026-09-07,Economy Standard,T1(0-2),ROUND::2026-09-05T20:15,2026-09-05 20:15,ANCHORED,0,9433.50,CONSOLIDATED,False,2,Cleartrip;Goibibo,4,PARTIAL_COVERAGE,0.5000,AirlineSite;MMT,1,1,9433.50,2,2,OBS01505;OBS01506,0,0,9281.00,9586.00,Cleartrip=9281.00;Goibibo=9586.00,9281.00,9586.00,9433.50,305.00,305.00,0.00,DEL,IDR,2026-09-07,Economy Standard,True,2,True,9433.50,PRICED,2026-09-05 20:15,ANCHOR_TIMESTAMP,INR,DECLARED_PROTOTYPE_CONSTANT,,phase8-v1
CELL::DEL|IDR|2026-09-07|Economy Standard|T1(0-2)::ROUND::2026-09-06T14:30,DEL,IDR,2026-09-07,Economy Standard,T1(0-2),ROUND::2026-09-06T14:30,2026-09-06 14:30,ANCHORED,0,9540.50,CONSOLIDATED,False,2,Cleartrip;EaseMyTrip,4,PARTIAL_COVERAGE,0.5000,AirlineSite;Goibibo;MMT,1,1,9540.50,2,2,OBS02516;OBS02517,0,0,9424.00,9657.00,Cleartrip=9424.00;EaseMyTrip=9657.00,9424.00,9657.00,9540.50,233.00,233.00,0.00,DEL,IDR,2026-09-07,Economy Standard,True,2,True,9540.50,PRICED,2026-09-06 14:30,ANCHOR_TIMESTAMP,INR,DECLARED_PROTOTYPE_CONSTANT,,phase8-v1
CELL::DEL|IDR|2026-09-13|Economy Flexi|T7(5-9)::ROUND::2026-09-05T09:00,DEL,IDR,2026-09-13,Economy Flexi,T7(5-9),ROUND::2026-09-05T09:00,2026-09-05 09:00,ANCHORED,0,10451.50,CONSOLIDATED,False,3,AirlineSite;Cleartrip;Goibibo,4,PARTIAL_COVERAGE,0.7500,MMT,3,3,10238.50;10451.50;10794.00,5,5,OBS00483;OBS00484;OBS00496;OBS00497;OBS00510,0,0,10004.00,10794.00,AirlineSite=10356.00;Cleartrip=10473.00;Goibibo=10494.50,10356.00,10494.50,10473.00,513.00,469.00,555.50,DEL,IDR,2026-09-13,Economy Flexi,True,3,True,10451.50,PRICED,2026-09-05 09:00,ANCHOR_TIMESTAMP,INR,DECLARED_PROTOTYPE_CONSTANT,,phase8-v1
CELL::DEL|IDR|2026-09-13|Economy Flexi|T7(5-9)::ROUND::2026-09-05T14:30,DEL,IDR,2026-09-13,Economy Flexi,T7(5-9),ROUND::2026-09-05T14:30,2026-09-05 14:30,ANCHORED,0,10681.00,CONSOLIDATED,True,1,Goibibo,4,SINGLE_SOURCE,0.2500,AirlineSite;Cleartrip;MMT,1,1,10681.00,1,1,OBS01007,0,0,10681.00,10681.00,Goibibo=10681.00,10681.00,10681.00,10681.00,0.00,0.00,0.00,DEL,IDR,2026-09-13,Economy Flexi,True,3,True,10681.00,PRICED,2026-09-05 14:30,ANCHOR_TIMESTAMP,INR,DECLARED_PROTOTYPE_CONSTANT,,phase8-v1
CELL::DEL|IDR|2026-09-13|Economy Flexi|T7(5-9)::ROUND::2026-09-05T20:15,DEL,IDR,2026-09-13,Economy Flexi,T7(5-9),ROUND::2026-09-05T20:15,2026-09-05 20:15,ANCHORED,0,10371.25,CONSOLIDATED,False,2,AirlineSite;Cleartrip,4,PARTIAL_COVERAGE,0.5000,Goibibo;MMT,2,2,10358.50;10384.00,3,3,OBS01497;OBS01519;OBS01520,0,0,10153.00,10564.00,AirlineSite=10474.00;Cleartrip=10153.00,10153.00,10474.00,10313.50,411.00,205.50,25.50,DEL,IDR,2026-09-13,Economy Flexi,True,3,True,10371.25,PRICED,2026-09-05 20:15,ANCHOR_TIMESTAMP,INR,DECLARED_PROTOTYPE_CONSTANT,,phase8-v1
CELL::DEL|IDR|2026-09-13|Economy Flexi|T7(5-9)::ROUND::2026-09-06T09:00,DEL,IDR,2026-09-13,Economy Flexi,T7(5-9),ROUND::2026-09-06T09:00,2026-09-06 09:00,ANCHORED,0,10610.00,CONSOLIDATED,False,2,Cleartrip;Goibibo,4,PARTIAL_COVERAGE,0.5000,AirlineSite;MMT,2,2,10518.00;10702.00,2,2,OBS02016;OBS02030,0,0,10518.00,10702.00,Cleartrip=10702.00;Goibibo=10518.00,10518.00,10702.00,10610.00,0.00,0.00,184.00,DEL,IDR,2026-09-13,Economy Flexi,True,3,True,10610.00,PRICED,2026-09-06 09:00,ANCHOR_TIMESTAMP,INR,DECLARED_PROTOTYPE_CONSTANT,,phase8-v1
CELL::DEL|IDR|2026-09-13|Economy Saver|T7(5-9)::ROUND::2026-09-05T09:00,DEL,IDR,2026-09-13,Economy Saver,T7(5-9),ROUND::2026-09-05T09:00,2026-09-05 09:00,ANCHORED,0,6742.00,CONSOLIDATED,True,1,Cleartrip,4,SINGLE_SOURCE,0.2500,AirlineSite;Goibibo;MMT,1,1,6742.00,1,1,OBS00495,0,0,6742.00,6742.00,Cleartrip=6742.00,6742.00,6742.00,6742.00,0.00,0.00,0.00,DEL,IDR,2026-09-13,Economy Saver,True,1,True,6742.00,PRICED,2026-09-05 09:00,ANCHOR_TIMESTAMP,INR,DECLARED_PROTOTYPE_CONSTANT,,phase8-v1
CELL::DEL|IDR|2026-09-13|Economy Saver|T7(5-9)::ROUND::2026-09-05T14:30,DEL,IDR,2026-09-13,Economy Saver,T7(5-9),ROUND::2026-09-05T14:30,2026-09-05 14:30,ANCHORED,0,6878.00,CONSOLIDATED,True,1,EaseMyTrip,4,SINGLE_SOURCE,0.2500,AirlineSite;Cleartrip;Goibibo;MMT,1,1,6878.00,1,1,OBS00994,0,0,6878.00,6878.00,EaseMyTrip=6878.00,6878.00,6878.00,6878.00,0.00,0.00,0.00,DEL,IDR,2026-09-13,Economy Saver,True,1,True,6878.00,PRICED,2026-09-05 14:30,ANCHOR_TIMESTAMP,INR,DECLARED_PROTOTYPE_CONSTANT,,phase8-v1
CELL::DEL|IDR|2026-09-13|Economy Saver|T7(5-9)::ROUND::2026-09-05T20:15,DEL,IDR,2026-09-13,Economy Saver,T7(5-9),ROUND::2026-09-05T20:15,2026-09-05 20:15,ANCHORED,0,6483.00,CONSOLIDATED,True,1,MMT,4,SINGLE_SOURCE,0.2500,AirlineSite;Cleartrip;Goibibo,1,1,6483.00,1,1,OBS01509,0,0,6483.00,6483.00,MMT=6483.00,6483.00,6483.00,6483.00,0.00,0.00,0.00,DEL,IDR,2026-09-13,Economy Saver,True,1,True,6483.00,PRICED,2026-09-05 20:15,ANCHOR_TIMESTAMP,INR,DECLARED_PROTOTYPE_CONSTANT,,phase8-v1
CELL::DEL|IDR|2026-09-13|Economy Saver|T7(5-9)::ROUND::2026-09-06T09:00,DEL,IDR,2026-09-13,Economy Saver,T7(5-9),ROUND::2026-09-06T09:00,2026-09-06 09:00,ANCHORED,0,6615.50,CONSOLIDATED,False,2,AirlineSite;Cleartrip,4,PARTIAL_COVERAGE,0.5000,Goibibo;MMT,2,2,6598.00;6633.00,2,2,OBS02009;OBS02015,0,0,6598.00,6633.00,AirlineSite=6633.00;Cleartrip=6598.00,6598.00,6633.00,6615.50,0.00,0.00,35.00,DEL,IDR,2026-09-13,Economy Saver,True,1,True,6615.50,PRICED,2026-09-06 09:00,ANCHOR_TIMESTAMP,INR,DECLARED_PROTOTYPE_CONSTANT,,phase8-v1
CELL::DEL|IDR|2026-09-13|Economy Standard|T7(5-9)::ROUND::2026-09-05T14:30,DEL,IDR,2026-09-13,Economy Standard,T7(5-9),ROUND::2026-09-05T14:30,2026-09-05 14:30,ANCHORED,0,8499.25,CONSOLIDATED,False,3,AirlineSite;Cleartrip;EaseMyTrip,4,PARTIAL_COVERAGE,0.7500,Goibibo;MMT,2,2,8323.50;8675.00,3,3,OBS00978;OBS00995;OBS00996,0,0,8253.00,8675.00,AirlineSite=8675.00;Cleartrip=8394.00;EaseMyTrip=8253.00,8253.00,8675.00,8394.00,141.00,70.50,351.50,DEL,IDR,2026-09-13,Economy Standard,True,2,True,8499.25,PRICED,2026-09-05 14:30,ANCHOR_TIMESTAMP,INR,DECLARED_PROTOTYPE_CONSTANT,,phase8-v1
CELL::DEL|IDR|2026-09-13|Economy Standard|T7(5-9)::ROUND::2026-09-05T20:15,DEL,IDR,2026-09-13,Economy Standard,T7(5-9),ROUND::2026-09-05T20:15,2026-09-05 20:15,ANCHORED,0,8497.00,CONSOLIDATED,False,3,EaseMyTrip;Goibibo;MMT,4,PARTIAL_COVERAGE,0.7500,AirlineSite;Cleartrip,3,3,8354.50;8497.00;8918.00,6,6,OBS01498;OBS01499;OBS01507;OBS01508;OBS01521;OBS01522,0,0,8117.00,8931.00,EaseMyTrip=8228.00;Goibibo=8761.50;MMT=8766.00,8228.00,8766.00,8761.50,538.00,475.00,563.50,DEL,IDR,2026-09-13,Economy Standard,True,2,True,8497.00,PRICED,2026-09-05 20:15,ANCHOR_TIMESTAMP,INR,DECLARED_PROTOTYPE_CONSTANT,,phase8-v1
CELL::DEL|IDR|2026-09-13|Economy Standard|T7(5-9)::ROUND::2026-09-06T14:30,DEL,IDR,2026-09-13,Economy Standard,T7(5-9),ROUND::2026-09-06T14:30,2026-09-06 14:30,ANCHORED,0,8464.50,CONSOLIDATED,False,4,AirlineSite;Cleartrip;Goibibo;MMT,4,FULL_COVERAGE,1.0000,,3,3,8389.00;8464.50;8706.50,5,5,OBS02507;OBS02508;OBS02518;OBS02519;OBS02525,0,0,8389.00,8726.00,AirlineSite=8504.00;Cleartrip=8557.50;Goibibo=8687.00;MMT=8425.00,8425.00,8687.00,8530.75,79.00,39.00,317.50,DEL,IDR,2026-09-13,Economy Standard,True,2,True,8464.50,PRICED,2026-09-06 14:30,ANCHOR_TIMESTAMP,INR,DECLARED_PROTOTYPE_CONSTANT,,phase8-v1
CELL::DEL|IDR|2026-09-21|Economy Flexi|T15(12-18)::ROUND::2026-09-05T09:00,DEL,IDR,2026-09-21,Economy Flexi,T15(12-18),ROUND::2026-09-05T09:00,2026-09-05 09:00,ANCHORED,0,8520.00,CONSOLIDATED,True,1,Goibibo,4,SINGLE_SOURCE,0.2500,AirlineSite;Cleartrip;MMT,1,1,8520.00,1,1,OBS00498,0,0,8520.00,8520.00,Goibibo=8520.00,8520.00,8520.00,8520.00,0.00,0.00,0.00,DEL,IDR,2026-09-21,Economy Flexi,True,3,True,8520.00,PRICED,2026-09-05 09:00,ANCHOR_TIMESTAMP,INR,DECLARED_PROTOTYPE_CONSTANT,,phase8-v1
CELL::DEL|IDR|2026-09-21|Economy Flexi|T15(12-18)::ROUND::2026-09-05T14:30,DEL,IDR,2026-09-21,Economy Flexi,T15(12-18),ROUND::2026-09-05T14:30,2026-09-05 14:30,ANCHORED,0,8726.50,CONSOLIDATED,False,3,EaseMyTrip;Goibibo;MMT,4,PARTIAL_COVERAGE,0.7500,AirlineSite;Cleartrip,3,3,8719.00;8726.50;9242.00,5,5,OBS00981;OBS00982;OBS00997;OBS00998;OBS01008,0,0,8657.00,9259.00,EaseMyTrip=8941.00;Goibibo=9027.50;MMT=8719.00,8719.00,9027.50,8941.00,139.00,34.00,523.00,DEL,IDR,2026-09-21,Economy Flexi,True,3,True,8726.50,PRICED,2026-09-05 14:30,ANCHOR_TIMESTAMP,INR,DECLARED_PROTOTYPE_CONSTANT,,phase8-v1
CELL::DEL|IDR|2026-09-21|Economy Flexi|T15(12-18)::ROUND::2026-09-05T20:15,DEL,IDR,2026-09-21,Economy Flexi,T15(12-18),ROUND::2026-09-05T20:15,2026-09-05 20:15,ANCHORED,0,9074.00,CONSOLIDATED,True,1,AirlineSite,4,SINGLE_SOURCE,0.2500,Cleartrip;Goibibo;MMT,1,1,9074.00,1,1,OBS01525,0,0,9074.00,9074.00,AirlineSite=9074.00,9074.00,9074.00,9074.00,0.00,0.00,0.00,DEL,IDR,2026-09-21,Economy Flexi,True,3,True,9074.00,PRICED,2026-09-05 20:15,ANCHOR_TIMESTAMP,INR,DECLARED_PROTOTYPE_CONSTANT,,phase8-v1
CELL::DEL|IDR|2026-09-21|Economy Flexi|T15(12-18)::ROUND::2026-09-06T09:00,DEL,IDR,2026-09-21,Economy Flexi,T15(12-18),ROUND::2026-09-06T09:00,2026-09-06 09:00,ANCHORED,0,8955.25,CONSOLIDATED,False,3,AirlineSite;Goibibo;MMT,4,PARTIAL_COVERAGE,0.7500,Cleartrip,2,2,8841.00;9069.50,4,4,OBS02017;OBS02018;OBS02031;OBS02032,0,0,8758.00,9147.00,AirlineSite=8958.00;Goibibo=9147.00;MMT=8758.00,8758.00,9147.00,8958.00,166.00,160.50,228.50,DEL,IDR,2026-09-21,Economy Flexi,True,3,True,8955.25,PRICED,2026-09-06 09:00,ANCHOR_TIMESTAMP,INR,DECLARED_PROTOTYPE_CONSTANT,,phase8-v1
CELL::DEL|IDR|2026-09-21|Economy Flexi|T15(12-18)::ROUND::2026-09-06T14:30,DEL,IDR,2026-09-21,Economy Flexi,T15(12-18),ROUND::2026-09-06T14:30,2026-09-06 14:30,ANCHORED,0,9054.00,CONSOLIDATED,False,3,EaseMyTrip;Goibibo;MMT,4,PARTIAL_COVERAGE,0.7500,AirlineSite;Cleartrip,2,2,9015.00;9093.00,3,3,OBS02520;OBS02526;OBS02527,0,0,8901.00,9129.00,EaseMyTrip=8901.00;Goibibo=9129.00;MMT=9093.00,8901.00,9129.00,9093.00,228.00,114.00,78.00,DEL,IDR,2026-09-21,Economy Flexi,True,3,True,9054.00,PRICED,2026-09-06 14:30,ANCHOR_TIMESTAMP,INR,DECLARED_PROTOTYPE_CONSTANT,,phase8-v1
CELL::DEL|IDR|2026-09-21|Economy Saver|T15(12-18)::ROUND::2026-09-05T09:00,DEL,IDR,2026-09-21,Economy Saver,T15(12-18),ROUND::2026-09-05T09:00,2026-09-05 09:00,ANCHORED,0,5624.50,CONSOLIDATED,False,2,AirlineSite;Goibibo,4,PARTIAL_COVERAGE,0.5000,Cleartrip;MMT,2,2,5572.00;5677.00,3,3,OBS00486;OBS00513;OBS00514,0,0,5572.00,5679.00,AirlineSite=5623.50;Goibibo=5679.00,5623.50,5679.00,5651.25,4.00,2.00,105.00,DEL,IDR,2026-09-21,Economy Saver,True,1,True,5624.50,PRICED,2026-09-05 09:00,ANCHOR_TIMESTAMP,INR,DECLARED_PROTOTYPE_CONSTANT,,phase8-v1
CELL::DEL|IDR|2026-09-21|Economy Saver|T15(12-18)::ROUND::2026-09-05T14:30,DEL,IDR,2026-09-21,Economy Saver,T15(12-18),ROUND::2026-09-05T14:30,2026-09-05 14:30,ANCHORED,0,5412.00,CONSOLIDATED,False,2,Goibibo;MMT,4,PARTIAL_COVERAGE,0.5000,AirlineSite;Cleartrip,1,1,5412.00,2,2,OBS00979;OBS00980,0,0,5399.00,5425.00,Goibibo=5425.00;MMT=5399.00,5399.00,5425.00,5412.00,26.00,26.00,0.00,DEL,IDR,2026-09-21,Economy Saver,True,1,True,5412.00,PRICED,2026-09-05 14:30,ANCHOR_TIMESTAMP,INR,DECLARED_PROTOTYPE_CONSTANT,,phase8-v1
CELL::DEL|IDR|2026-09-21|Economy Saver|T15(12-18)::ROUND::2026-09-05T20:15,DEL,IDR,2026-09-21,Economy Saver,T15(12-18),ROUND::2026-09-05T20:15,2026-09-05 20:15,ANCHORED,0,5689.50,CONSOLIDATED,False,3,AirlineSite;EaseMyTrip;Goibibo,4,PARTIAL_COVERAGE,0.7500,Cleartrip;MMT,3,3,5648.50;5689.50;5716.50,6,6,OBS01500;OBS01501;OBS01510;OBS01511;OBS01523;OBS01524,0,0,5406.00,5973.00,AirlineSite=5449.50;EaseMyTrip=5578.00;Goibibo=5940.00,5449.50,5940.00,5578.00,567.00,447.00,68.00,DEL,IDR,2026-09-21,Economy Saver,True,1,True,5689.50,PRICED,2026-09-05 20:15,ANCHOR_TIMESTAMP,INR,DECLARED_PROTOTYPE_CONSTANT,,phase8-v1
CELL::DEL|IDR|2026-09-21|Economy Saver|T15(12-18)::ROUND::2026-09-06T09:00,DEL,IDR,2026-09-21,Economy Saver,T15(12-18),ROUND::2026-09-06T09:00,2026-09-06 09:00,ANCHORED,0,5913.00,CONSOLIDATED,True,4,AirlineSite;Cleartrip;EaseMyTrip;MMT,4,FULL_COVERAGE,1.0000,Goibibo,3,3,5870.50;5913.00;6009.50,5,5,OBS02010;OBS02019;OBS02020;OBS02033;OBS02034,0,0,5734.00,6052.00,AirlineSite=5987.00;Cleartrip=6052.00;EaseMyTrip=5913.00;MMT=5734.00,5734.00,6052.00,5950.00,273.00,85.00,139.00,DEL,IDR,2026-09-21,Economy Saver,True,1,True,5913.00,PRICED,2026-09-06 09:00,ANCHOR_TIMESTAMP,INR,DECLARED_PROTOTYPE_CONSTANT,,phase8-v1
CELL::DEL|IDR|2026-09-21|Economy Saver|T15(12-18)::ROUND::2026-09-06T14:30,DEL,IDR,2026-09-21,Economy Saver,T15(12-18),ROUND::2026-09-06T14:30,2026-09-06 14:30,ANCHORED,0,5933.00,CONSOLIDATED,True,1,Goibibo,4,SINGLE_SOURCE,0.2500,AirlineSite;Cleartrip;MMT,1,1,5933.00,1,1,OBS02528,0,0,5933.00,5933.00,Goibibo=5933.00,5933.00,5933.00,5933.00,0.00,0.00,0.00,DEL,IDR,2026-09-21,Economy Saver,True,1,True,5933.00,PRICED,2026-09-06 14:30,ANCHOR_TIMESTAMP,INR,DECLARED_PROTOTYPE_CONSTANT,,phase8-v1
CELL::DEL|IDR|2026-09-21|Economy Saver|T15(12-18)::ROUND::2026-09-07T14:30,DEL,IDR,2026-09-21,Economy Saver,T15(12-18),ROUND::2026-09-07T14:30,2026-09-07 14:30,ANCHORED,0,5945.00,CONSOLIDATED,True,1,MMT,4,SINGLE_SOURCE,0.2500,AirlineSite;Cleartrip;Goibibo,1,1,5945.00,1,1,OBS02999,0,0,5945.00,5945.00,MMT=5945.00,5945.00,5945.00,5945.00,0.00,0.00,0.00,DEL,IDR,2026-09-21,Economy Saver,True,1,True,5945.00,PRICED,2026-09-07 14:30,ANCHOR_TIMESTAMP,INR,DECLARED_PROTOTYPE_CONSTANT,,phase8-v1
CELL::DEL|IDR|2026-09-21|Economy Standard|T15(12-18)::ROUND::2026-09-05T09:00,DEL,IDR,2026-09-21,Economy Standard,T15(12-18),ROUND::2026-09-05T09:00,2026-09-05 09:00,ANCHORED,0,7280.00,CONSOLIDATED,False,3,EaseMyTrip;Goibibo;MMT,4,PARTIAL_COVERAGE,0.7500,AirlineSite;Cleartrip,2,2,7159.00;7401.00,3,3,OBS00485;OBS00511;OBS00512,0,0,7025.00,7401.00,EaseMyTrip=7401.00;Goibibo=7293.00;MMT=7025.00,7025.00,7401.00,7293.00,268.00,134.00,242.00,DEL,IDR,2026-09-21,Economy Standard,True,2,True,7280.00,PRICED,2026-09-05 09:00,ANCHOR_TIMESTAMP,INR,DECLARED_PROTOTYPE_CONSTANT,,phase8-v1
CELL::DEL|IDR|2026-09-21|Economy Standard|T15(12-18)::ROUND::2026-09-05T20:15,DEL,IDR,2026-09-21,Economy Standard,T15(12-18),ROUND::2026-09-05T20:15,2026-09-05 20:15,ANCHORED,0,6921.50,CONSOLIDATED,False,2,EaseMyTrip;Goibibo,4,PARTIAL_COVERAGE,0.5000,AirlineSite;Cleartrip;MMT,1,1,6921.50,2,2,OBS01512;OBS01513,0,0,6916.00,6927.00,EaseMyTrip=6916.00;Goibibo=6927.00,6916.00,6927.00,6921.50,11.00,11.00,0.00,DEL,IDR,2026-09-21,Economy Standard,True,2,True,6921.50,PRICED,2026-09-05 20:15,ANCHOR_TIMESTAMP,INR,DECLARED_PROTOTYPE_CONSTANT,,phase8-v1
CELL::DEL|IDR|2026-09-21|Economy Standard|T15(12-18)::ROUND::2026-09-06T14:30,DEL,IDR,2026-09-21,Economy Standard,T15(12-18),ROUND::2026-09-06T14:30,2026-09-06 14:30,ANCHORED,0,7452.00,CONSOLIDATED,True,1,Goibibo,4,SINGLE_SOURCE,0.2500,AirlineSite;Cleartrip;MMT,1,1,7452.00,1,1,OBS02509,0,0,7452.00,7452.00,Goibibo=7452.00,7452.00,7452.00,7452.00,0.00,0.00,0.00,DEL,IDR,2026-09-21,Economy Standard,True,2,True,7452.00,PRICED,2026-09-06 14:30,ANCHOR_TIMESTAMP,INR,DECLARED_PROTOTYPE_CONSTANT,,phase8-v1
CELL::DEL|IDR|2026-10-06|Economy Flexi|T30(25-35)::ROUND::2026-09-05T09:00,DEL,IDR,2026-10-06,Economy Flexi,T30(25-35),ROUND::2026-09-05T09:00,2026-09-05 09:00,ANCHORED,0,8014.00,CONSOLIDATED,False,4,AirlineSite;Cleartrip;EaseMyTrip;Goibibo,4,FULL_COVERAGE,1.0000,MMT,3,3,7910.00;8014.00;8138.00,6,6,OBS00487;OBS00488;OBS00500;OBS00501;OBS00515;OBS00516,0,0,7681.00,8267.00,AirlineSite=8203.00;Cleartrip=8122.50;EaseMyTrip=7681.00;Goibibo=7792.00,7681.00,8203.00,7957.25,458.00,444.00,228.00,DEL,IDR,2026-10-06,Economy Flexi,True,3,True,8014.00,PRICED,2026-09-05 09:00,ANCHOR_TIMESTAMP,INR,DECLARED_PROTOTYPE_CONSTANT,,phase8-v1
CELL::DEL|IDR|2026-10-06|Economy Flexi|T30(25-35)::ROUND::2026-09-05T14:30,DEL,IDR,2026-10-06,Economy Flexi,T30(25-35),ROUND::2026-09-05T14:30,2026-09-05 14:30,ANCHORED,0,8089.50,CONSOLIDATED,False,2,EaseMyTrip;MMT,4,PARTIAL_COVERAGE,0.5000,AirlineSite;Cleartrip;Goibibo,1,1,8089.50,2,2,OBS00985;OBS00986,0,0,7896.00,8283.00,EaseMyTrip=8283.00;MMT=7896.00,7896.00,8283.00,8089.50,387.00,387.00,0.00,DEL,IDR,2026-10-06,Economy Flexi,True,3,True,8089.50,PRICED,2026-09-05 14:30,ANCHOR_TIMESTAMP,INR,DECLARED_PROTOTYPE_CONSTANT,,phase8-v1
CELL::DEL|IDR|2026-10-06|Economy Flexi|T30(25-35)::ROUND::2026-09-05T20:15,DEL,IDR,2026-10-06,Economy Flexi,T30(25-35),ROUND::2026-09-05T20:15,2026-09-05 20:15,ANCHORED,0,7939.50,CONSOLIDATED,False,3,Cleartrip;EaseMyTrip;MMT,4,PARTIAL_COVERAGE,0.7500,AirlineSite;Goibibo,2,2,7789.00;8090.00,3,3,OBS01502;OBS01527;OBS01528,0,0,7789.00,8324.00,Cleartrip=7789.00;EaseMyTrip=7856.00;MMT=8324.00,7789.00,8324.00,7856.00,468.00,234.00,301.00,DEL,IDR,2026-10-06,Economy Flexi,True,3,True,7939.50,PRICED,2026-09-05 20:15,ANCHOR_TIMESTAMP,INR,DECLARED_PROTOTYPE_CONSTANT,,phase8-v1
CELL::DEL|IDR|2026-10-06|Economy Flexi|T30(25-35)::ROUND::2026-09-06T14:30,DEL,IDR,2026-10-06,Economy Flexi,T30(25-35),ROUND::2026-09-06T14:30,2026-09-06 14:30,ANCHORED,0,8036.50,CONSOLIDATED,False,2,AirlineSite;Cleartrip,4,PARTIAL_COVERAGE,0.5000,Goibibo;MMT,2,2,8017.00;8056.00,3,3,OBS02510;OBS02511;OBS02529,0,0,7780.00,8254.00,AirlineSite=8254.00;Cleartrip=7918.00,7918.00,8254.00,8086.00,474.00,237.00,39.00,DEL,IDR,2026-10-06,Economy Flexi,True,3,True,8036.50,PRICED,2026-09-06 14:30,ANCHOR_TIMESTAMP,INR,DECLARED_PROTOTYPE_CONSTANT,,phase8-v1
CELL::DEL|IDR|2026-10-06|Economy Saver|T30(25-35)::ROUND::2026-09-05T09:00,DEL,IDR,2026-10-06,Economy Saver,T30(25-35),ROUND::2026-09-05T09:00,2026-09-05 09:00,ANCHORED,0,4960.00,CONSOLIDATED,True,1,EaseMyTrip,4,SINGLE_SOURCE,0.2500,AirlineSite;Cleartrip;Goibibo;MMT,1,1,4960.00,1,1,OBS00517,0,0,4960.00,4960.00,EaseMyTrip=4960.00,4960.00,4960.00,4960.00,0.00,0.00,0.00,DEL,IDR,2026-10-06,Economy Saver,True,1,True,4960.00,PRICED,2026-09-05 09:00,ANCHOR_TIMESTAMP,INR,DECLARED_PROTOTYPE_CONSTANT,,phase8-v1
CELL::DEL|IDR|2026-10-06|Economy Saver|T30(25-35)::ROUND::2026-09-05T14:30,DEL,IDR,2026-10-06,Economy Saver,T30(25-35),ROUND::2026-09-05T14:30,2026-09-05 14:30,ANCHORED,0,5003.50,CONSOLIDATED,False,2,EaseMyTrip;Goibibo,4,PARTIAL_COVERAGE,0.5000,AirlineSite;Cleartrip;MMT,2,2,4868.00;5139.00,3,3,OBS00983;OBS00984;OBS00999,0,0,4868.00,5217.00,EaseMyTrip=5042.50;Goibibo=5061.00,5042.50,5061.00,5051.75,156.00,78.00,271.00,DEL,IDR,2026-10-06,Economy Saver,True,1,True,5003.50,PRICED,2026-09-05 14:30,ANCHOR_TIMESTAMP,INR,DECLARED_PROTOTYPE_CONSTANT,,phase8-v1
CELL::DEL|IDR|2026-10-06|Economy Saver|T30(25-35)::ROUND::2026-09-06T09:00,DEL,IDR,2026-10-06,Economy Saver,T30(25-35),ROUND::2026-09-06T09:00,2026-09-06 09:00,ANCHORED,0,5108.50,CONSOLIDATED,False,3,Cleartrip;EaseMyTrip;Goibibo,4,PARTIAL_COVERAGE,0.7500,AirlineSite;MMT,3,3,5057.00;5108.50;5314.00,4,4,OBS02011;OBS02021;OBS02022;OBS02035,0,0,4982.00,5314.00,Cleartrip=5019.50;EaseMyTrip=5235.00;Goibibo=5314.00,5019.50,5314.00,5235.00,253.00,0.00,257.00,DEL,IDR,2026-10-06,Economy Saver,True,1,True,5108.50,PRICED,2026-09-06 09:00,ANCHOR_TIMESTAMP,INR,DECLARED_PROTOTYPE_CONSTANT,,phase8-v1
CELL::DEL|IDR|2026-10-06|Economy Saver|T30(25-35)::ROUND::2026-09-06T14:30,DEL,IDR,2026-10-06,Economy Saver,T30(25-35),ROUND::2026-09-06T14:30,2026-09-06 14:30,ANCHORED,0,5045.50,CONSOLIDATED,False,2,AirlineSite;Cleartrip,4,PARTIAL_COVERAGE,0.5000,Goibibo;MMT,1,1,5045.50,2,2,OBS02512;OBS02513,0,0,5001.00,5090.00,AirlineSite=5090.00;Cleartrip=5001.00,5001.00,5090.00,5045.50,89.00,89.00,0.00,DEL,IDR,2026-10-06,Economy Saver,True,1,True,5045.50,PRICED,2026-09-06 14:30,ANCHOR_TIMESTAMP,INR,DECLARED_PROTOTYPE_CONSTANT,,phase8-v1
CELL::DEL|IDR|2026-10-06|Economy Standard|T30(25-35)::ROUND::2026-09-05T09:00,DEL,IDR,2026-10-06,Economy Standard,T30(25-35),ROUND::2026-09-05T09:00,2026-09-05 09:00,ANCHORED,0,6461.75,CONSOLIDATED,False,3,AirlineSite;Goibibo;MMT,4,PARTIAL_COVERAGE,0.7500,Cleartrip,2,2,6373.00;6550.50,3,3,OBS00489;OBS00490;OBS00499,0,0,6371.00,6730.00,AirlineSite=6373.00;Goibibo=6730.00;MMT=6371.00,6371.00,6730.00,6373.00,359.00,179.50,177.50,DEL,IDR,2026-10-06,Economy Standard,True,2,True,6461.75,PRICED,2026-09-05 09:00,ANCHOR_TIMESTAMP,INR,DECLARED_PROTOTYPE_CONSTANT,,phase8-v1
CELL::DEL|IDR|2026-10-06|Economy Standard|T30(25-35)::ROUND::2026-09-05T14:30,DEL,IDR,2026-10-06,Economy Standard,T30(25-35),ROUND::2026-09-05T14:30,2026-09-05 14:30,ANCHORED,0,6555.50,CONSOLIDATED,False,2,Cleartrip;EaseMyTrip,4,PARTIAL_COVERAGE,0.5000,AirlineSite;Goibibo;MMT,1,1,6555.50,2,2,OBS01009;OBS01010,0,0,6319.00,6792.00,Cleartrip=6319.00;EaseMyTrip=6792.00,6319.00,6792.00,6555.50,473.00,473.00,0.00,DEL,IDR,2026-10-06,Economy Standard,True,2,True,6555.50,PRICED,2026-09-05 14:30,ANCHOR_TIMESTAMP,INR,DECLARED_PROTOTYPE_CONSTANT,,phase8-v1
CELL::DEL|IDR|2026-10-06|Economy Standard|T30(25-35)::ROUND::2026-09-05T20:15,DEL,IDR,2026-10-06,Economy Standard,T30(25-35),ROUND::2026-09-05T20:15,2026-09-05 20:15,ANCHORED,0,6616.00,CONSOLIDATED,False,2,AirlineSite;MMT,4,PARTIAL_COVERAGE,0.5000,Cleartrip;Goibibo,2,2,6487.00;6745.00,2,2,OBS01514;OBS01526,0,0,6487.00,6745.00,AirlineSite=6487.00;MMT=6745.00,6487.00,6745.00,6616.00,0.00,0.00,258.00,DEL,IDR,2026-10-06,Economy Standard,True,2,True,6616.00,PRICED,2026-09-05 20:15,ANCHOR_TIMESTAMP,INR,DECLARED_PROTOTYPE_CONSTANT,,phase8-v1
CELL::DEL|IDR|2026-10-06|Economy Standard|T30(25-35)::ROUND::2026-09-06T14:30,DEL,IDR,2026-10-06,Economy Standard,T30(25-35),ROUND::2026-09-06T14:30,2026-09-06 14:30,ANCHORED,0,6665.50,CONSOLIDATED,False,2,Cleartrip;MMT,4,PARTIAL_COVERAGE,0.5000,AirlineSite;Goibibo,2,2,6530.00;6801.00,2,2,OBS02521;OBS02530,0,0,6530.00,6801.00,Cleartrip=6530.00;MMT=6801.00,6530.00,6801.00,6665.50,0.00,0.00,271.00,DEL,IDR,2026-10-06,Economy Standard,True,2,True,6665.50,PRICED,2026-09-06 14:30,ANCHOR_TIMESTAMP,INR,DECLARED_PROTOTYPE_CONSTANT,,phase8-v1
CELL::DEL|IDR|2026-10-22|Economy Flexi|T45(40-50)::ROUND::2026-09-05T09:00,DEL,IDR,2026-10-22,Economy Flexi,T45(40-50),ROUND::2026-09-05T09:00,2026-09-05 09:00,ANCHORED,0,7969.75,CONSOLIDATED,False,4,AirlineSite;Cleartrip;EaseMyTrip;MMT,4,FULL_COVERAGE,1.0000,Goibibo,2,2,7914.50;8025.00,4,4,OBS00492;OBS00493;OBS00502;OBS00503,0,0,7659.00,8391.00,AirlineSite=7894.00;Cleartrip=7659.00;EaseMyTrip=8391.00;MMT=7935.00,7659.00,8391.00,7914.50,732.00,386.50,110.50,DEL,IDR,2026-10-22,Economy Flexi,True,3,True,7969.75,PRICED,2026-09-05 09:00,ANCHOR_TIMESTAMP,INR,DECLARED_PROTOTYPE_CONSTANT,,phase8-v1
CELL::DEL|IDR|2026-10-22|Economy Flexi|T45(40-50)::ROUND::2026-09-05T20:15,DEL,IDR,2026-10-22,Economy Flexi,T45(40-50),ROUND::2026-09-05T20:15,2026-09-05 20:15,ANCHORED,0,8194.00,CONSOLIDATED,True,1,EaseMyTrip,4,SINGLE_SOURCE,0.2500,AirlineSite;Cleartrip;Goibibo;MMT,1,1,8194.00,1,1,OBS01515,0,0,8194.00,8194.00,EaseMyTrip=8194.00,8194.00,8194.00,8194.00,0.00,0.00,0.00,DEL,IDR,2026-10-22,Economy Flexi,True,3,True,8194.00,PRICED,2026-09-05 20:15,ANCHOR_TIMESTAMP,INR,DECLARED_PROTOTYPE_CONSTANT,,phase8-v1
CELL::DEL|IDR|2026-10-22|Economy Flexi|T45(40-50)::ROUND::2026-09-06T14:30,DEL,IDR,2026-10-22,Economy Flexi,T45(40-50),ROUND::2026-09-06T14:30,2026-09-06 14:30,ANCHORED,0,8324.00,CONSOLIDATED,True,1,MMT,4,SINGLE_SOURCE,0.2500,AirlineSite;Cleartrip;Goibibo,1,1,8324.00,1,1,OBS02523,0,0,8324.00,8324.00,MMT=8324.00,8324.00,8324.00,8324.00,0.00,0.00,0.00,DEL,IDR,2026-10-22,Economy Flexi,True,3,True,8324.00,PRICED,2026-09-06 14:30,ANCHOR_TIMESTAMP,INR,DECLARED_PROTOTYPE_CONSTANT,,phase8-v1
CELL::DEL|IDR|2026-10-22|Economy Saver|T45(40-50)::ROUND::2026-09-05T09:00,DEL,IDR,2026-10-22,Economy Saver,T45(40-50),ROUND::2026-09-05T09:00,2026-09-05 09:00,ANCHORED,0,5049.50,CONSOLIDATED,False,2,Cleartrip;Goibibo,4,PARTIAL_COVERAGE,0.5000,AirlineSite;MMT,3,3,4954.00;5049.50;5123.00,4,4,OBS00491;OBS00504;OBS00505;OBS00519,0,0,4954.00,5124.00,Cleartrip=5039.00;Goibibo=5049.00,5039.00,5049.00,5044.00,149.00,0.00,169.00,DEL,IDR,2026-10-22,Economy Saver,True,1,True,5049.50,PRICED,2026-09-05 09:00,ANCHOR_TIMESTAMP,INR,DECLARED_PROTOTYPE_CONSTANT,,phase8-v1
CELL::DEL|IDR|2026-10-22|Economy Saver|T45(40-50)::ROUND::2026-09-05T14:30,DEL,IDR,2026-10-22,Economy Saver,T45(40-50),ROUND::2026-09-05T14:30,2026-09-05 14:30,ANCHORED,0,5227.25,CONSOLIDATED,False,3,AirlineSite;Cleartrip;Goibibo,4,PARTIAL_COVERAGE,0.7500,MMT,2,2,5137.00;5317.50,3,3,OBS00987;OBS01002;OBS01003,0,0,5137.00,5432.00,AirlineSite=5137.00;Cleartrip=5432.00;Goibibo=5203.00,5137.00,5432.00,5203.00,229.00,114.50,180.50,DEL,IDR,2026-10-22,Economy Saver,True,1,True,5227.25,PRICED,2026-09-05 14:30,ANCHOR_TIMESTAMP,INR,DECLARED_PROTOTYPE_CONSTANT,,phase8-v1
CELL::DEL|IDR|2026-10-22|Economy Saver|T45(40-50)::ROUND::2026-09-05T20:15,DEL,IDR,2026-10-22,Economy Saver,T45(40-50),ROUND::2026-09-05T20:15,2026-09-05 20:15,ANCHORED,0,4916.00,CONSOLIDATED,True,1,Cleartrip,4,SINGLE_SOURCE,0.2500,AirlineSite;Goibibo;MMT,1,1,4916.00,1,1,OBS01504,0,0,4916.00,4916.00,Cleartrip=4916.00,4916.00,4916.00,4916.00,0.00,0.00,0.00,DEL,IDR,2026-10-22,Economy Saver,True,1,True,4916.00,PRICED,2026-09-05 20:15,ANCHOR_TIMESTAMP,INR,DECLARED_PROTOTYPE_CONSTANT,,phase8-v1
CELL::DEL|IDR|2026-10-22|Economy Saver|T45(40-50)::ROUND::2026-09-06T09:00,DEL,IDR,2026-10-22,Economy Saver,T45(40-50),ROUND::2026-09-06T09:00,2026-09-06 09:00,ANCHORED,0,5156.00,CONSOLIDATED,False,2,Cleartrip;Goibibo,4,PARTIAL_COVERAGE,0.5000,AirlineSite;MMT,2,2,5011.00;5301.00,2,2,OBS02025;OBS02038,0,0,5011.00,5301.00,Cleartrip=5011.00;Goibibo=5301.00,5011.00,5301.00,5156.00,0.00,0.00,290.00,DEL,IDR,2026-10-22,Economy Saver,True,1,True,5156.00,PRICED,2026-09-06 09:00,ANCHOR_TIMESTAMP,INR,DECLARED_PROTOTYPE_CONSTANT,,phase8-v1
CELL::DEL|IDR|2026-10-22|Economy Saver|T45(40-50)::ROUND::2026-09-06T14:30,DEL,IDR,2026-10-22,Economy Saver,T45(40-50),ROUND::2026-09-06T14:30,2026-09-06 14:30,ANCHORED,0,5137.00,CONSOLIDATED,False,3,EaseMyTrip;Goibibo;MMT,4,PARTIAL_COVERAGE,0.7500,AirlineSite;Cleartrip,2,2,5008.00;5266.00,3,3,OBS02514;OBS02515;OBS02522,0,0,5008.00,5300.00,EaseMyTrip=5232.00;Goibibo=5300.00;MMT=5008.00,5008.00,5300.00,5232.00,68.00,34.00,258.00,DEL,IDR,2026-10-22,Economy Saver,True,1,True,5137.00,PRICED,2026-09-06 14:30,ANCHOR_TIMESTAMP,INR,DECLARED_PROTOTYPE_CONSTANT,,phase8-v1
CELL::DEL|IDR|2026-10-22|Economy Standard|T45(40-50)::ROUND::2026-09-05T09:00,DEL,IDR,2026-10-22,Economy Standard,T45(40-50),ROUND::2026-09-05T09:00,2026-09-05 09:00,ANCHORED,0,6482.00,CONSOLIDATED,True,1,AirlineSite,4,SINGLE_SOURCE,0.2500,Cleartrip;Goibibo;MMT,1,1,6482.00,1,1,OBS00518,0,0,6482.00,6482.00,AirlineSite=6482.00,6482.00,6482.00,6482.00,0.00,0.00,0.00,DEL,IDR,2026-10-22,Economy Standard,True,2,True,6482.00,PRICED,2026-09-05 09:00,ANCHOR_TIMESTAMP,INR,DECLARED_PROTOTYPE_CONSTANT,,phase8-v1
CELL::DEL|IDR|2026-10-22|Economy Standard|T45(40-50)::ROUND::2026-09-05T14:30,DEL,IDR,2026-10-22,Economy Standard,T45(40-50),ROUND::2026-09-05T14:30,2026-09-05 14:30,ANCHORED,0,6617.00,CONSOLIDATED,False,4,AirlineSite;Cleartrip;Goibibo;MMT,4,FULL_COVERAGE,1.0000,,3,3,6428.50;6617.00;6769.00,6,6,OBS00988;OBS00989;OBS01000;OBS01001;OBS01011;OBS01012,0,0,6275.00,6900.00,AirlineSite=6275.00;Cleartrip=6542.50;Goibibo=6900.00;MMT=6684.50,6275.00,6900.00,6613.50,340.00,307.00,340.50,DEL,IDR,2026-10-22,Economy Standard,True,2,True,6617.00,PRICED,2026-09-05 14:30,ANCHOR_TIMESTAMP,INR,DECLARED_PROTOTYPE_CONSTANT,,phase8-v1
CELL::DEL|IDR|2026-10-22|Economy Standard|T45(40-50)::ROUND::2026-09-05T20:15,DEL,IDR,2026-10-22,Economy Standard,T45(40-50),ROUND::2026-09-05T20:15,2026-09-05 20:15,ANCHORED,0,6638.50,CONSOLIDATED,False,3,Cleartrip;EaseMyTrip;Goibibo,4,PARTIAL_COVERAGE,0.7500,AirlineSite;MMT,2,2,6527.00;6750.00,3,3,OBS01503;OBS01529;OBS01530,0,0,6488.00,6750.00,Cleartrip=6750.00;EaseMyTrip=6566.00;Goibibo=6488.00,6488.00,6750.00,6566.00,78.00,39.00,223.00,DEL,IDR,2026-10-22,Economy Standard,True,2,True,6638.50,PRICED,2026-09-05 20:15,ANCHOR_TIMESTAMP,INR,DECLARED_PROTOTYPE_CONSTANT,,phase8-v1
CELL::DEL|IDR|2026-10-22|Economy Standard|T45(40-50)::ROUND::2026-09-06T09:00,DEL,IDR,2026-10-22,Economy Standard,T45(40-50),ROUND::2026-09-06T09:00,2026-09-06 09:00,ANCHORED,0,6719.00,CONSOLIDATED,False,4,Cleartrip;EaseMyTrip;Goibibo;MMT,4,FULL_COVERAGE,1.0000,AirlineSite,3,3,6615.50;6719.00;6776.00,6,6,OBS02012;OBS02013;OBS02023;OBS02024;OBS02036;OBS02037,0,0,6473.00,6812.00,Cleartrip=6740.00;EaseMyTrip=6693.00;Goibibo=6642.50;MMT=6751.50,6642.50,6751.50,6716.50,285.00,72.00,160.50,DEL,IDR,2026-10-22,Economy Standard,True,2,True,6719.00,PRICED,2026-09-06 09:00,ANCHOR_TIMESTAMP,INR,DECLARED_PROTOTYPE_CONSTANT,,phase8-v1
CELL::DEL|IDR|2026-10-22|Economy Standard|T45(40-50)::ROUND::2026-09-06T14:30,DEL,IDR,2026-10-22,Economy Standard,T45(40-50),ROUND::2026-09-06T14:30,2026-09-06 14:30,ANCHORED,0,6753.00,CONSOLIDATED,False,2,AirlineSite;Cleartrip,4,PARTIAL_COVERAGE,0.5000,Goibibo;MMT,1,1,6753.00,2,2,OBS02531;OBS02532,0,0,6686.00,6820.00,AirlineSite=6820.00;Cleartrip=6686.00,6686.00,6820.00,6753.00,134.00,134.00,0.00,DEL,IDR,2026-10-22,Economy Standard,True,2,True,6753.00,PRICED,2026-09-06 14:30,ANCHOR_TIMESTAMP,INR,DECLARED_PROTOTYPE_CONSTANT,,phase8-v1
CELL::DEL|MAA|2026-09-07|Economy Flexi|T1(0-2)::ROUND::2026-09-05T09:00,DEL,MAA,2026-09-07,Economy Flexi,T1(0-2),ROUND::2026-09-05T09:00,2026-09-05 09:00,ANCHORED,0,11375.00,CONSOLIDATED,False,2,AirlineSite;Cleartrip,4,PARTIAL_COVERAGE,0.5000,Goibibo;MMT,1,1,11375.00,2,2,OBS00262;OBS00263,0,0,11316.00,11434.00,AirlineSite=11316.00;Cleartrip=11434.00,11316.00,11434.00,11375.00,118.00,118.00,0.00,DEL,MAA,2026-09-07,Economy Flexi,True,3,True,11375.00,PRICED,2026-09-05 09:00,ANCHOR_TIMESTAMP,INR,DECLARED_PROTOTYPE_CONSTANT,,phase8-v1
CELL::DEL|MAA|2026-09-07|Economy Flexi|T1(0-2)::ROUND::2026-09-05T14:30,DEL,MAA,2026-09-07,Economy Flexi,T1(0-2),ROUND::2026-09-05T14:30,2026-09-05 14:30,ANCHORED,0,11293.00,CONSOLIDATED,False,2,EaseMyTrip;Goibibo,4,PARTIAL_COVERAGE,0.5000,AirlineSite;Cleartrip;MMT,2,2,11146.00;11440.00,3,3,OBS00735;OBS00748;OBS00749,0,0,11146.00,11506.00,EaseMyTrip=11260.00;Goibibo=11506.00,11260.00,11506.00,11383.00,132.00,66.00,294.00,DEL,MAA,2026-09-07,Economy Flexi,True,3,True,11293.00,PRICED,2026-09-05 14:30,ANCHOR_TIMESTAMP,INR,DECLARED_PROTOTYPE_CONSTANT,,phase8-v1
CELL::DEL|MAA|2026-09-07|Economy Flexi|T1(0-2)::ROUND::2026-09-05T20:15,DEL,MAA,2026-09-07,Economy Flexi,T1(0-2),ROUND::2026-09-05T20:15,2026-09-05 20:15,ANCHORED,0,11154.00,CONSOLIDATED,True,3,AirlineSite;Cleartrip;MMT,4,PARTIAL_COVERAGE,0.7500,Goibibo,3,3,11002.00;11154.00;11750.50,4,4,OBS01256;OBS01257;OBS01269;OBS01279,0,0,11002.00,11811.00,AirlineSite=11002.00;Cleartrip=11811.00;MMT=11422.00,11002.00,11811.00,11422.00,121.00,0.00,748.50,DEL,MAA,2026-09-07,Economy Flexi,True,3,True,11154.00,PRICED,2026-09-05 20:15,ANCHOR_TIMESTAMP,INR,DECLARED_PROTOTYPE_CONSTANT,,phase8-v1
CELL::DEL|MAA|2026-09-07|Economy Flexi|T1(0-2)::ROUND::2026-09-06T14:30,DEL,MAA,2026-09-07,Economy Flexi,T1(0-2),ROUND::2026-09-06T14:30,2026-09-06 14:30,ANCHORED,0,11528.50,CONSOLIDATED,False,3,Cleartrip;EaseMyTrip;Goibibo,4,PARTIAL_COVERAGE,0.7500,AirlineSite;MMT,2,2,11324.00;11733.00,4,4,OBS02292;OBS02293;OBS02302;OBS02303,0,0,11152.00,12240.00,Cleartrip=12240.00;EaseMyTrip=11152.00;Goibibo=11361.00,11152.00,12240.00,11361.00,1014.00,679.00,409.00,DEL,MAA,2026-09-07,Economy Flexi,True,3,True,11528.50,PRICED,2026-09-06 14:30,ANCHOR_TIMESTAMP,INR,DECLARED_PROTOTYPE_CONSTANT,,phase8-v1
CELL::DEL|MAA|2026-09-07|Economy Flexi|T1(0-2)::ROUND::2026-09-06T20:15,DEL,MAA,2026-09-07,Economy Flexi,T1(0-2),ROUND::2026-09-06T20:15,2026-09-06 20:15,ANCHORED,0,11470.50,CONSOLIDATED,False,2,EaseMyTrip;MMT,4,PARTIAL_COVERAGE,0.5000,AirlineSite;Cleartrip;Goibibo,1,1,11470.50,2,2,OBS02781;OBS02782,0,0,11356.00,11585.00,EaseMyTrip=11585.00;MMT=11356.00,11356.00,11585.00,11470.50,229.00,229.00,0.00,DEL,MAA,2026-09-07,Economy Flexi,True,3,True,11470.50,PRICED,2026-09-06 20:15,ANCHOR_TIMESTAMP,INR,DECLARED_PROTOTYPE_CONSTANT,,phase8-v1
CELL::DEL|MAA|2026-09-07|Economy Saver|T1(0-2)::ROUND::2026-09-05T09:00,DEL,MAA,2026-09-07,Economy Saver,T1(0-2),ROUND::2026-09-05T09:00,2026-09-05 09:00,ANCHORED,0,7274.00,CONSOLIDATED,True,1,AirlineSite,4,SINGLE_SOURCE,0.2500,Cleartrip;Goibibo;MMT,1,1,7274.00,1,1,OBS00251,0,0,7274.00,7274.00,AirlineSite=7274.00,7274.00,7274.00,7274.00,0.00,0.00,0.00,DEL,MAA,2026-09-07,Economy Saver,True,1,True,7274.00,PRICED,2026-09-05 09:00,ANCHOR_TIMESTAMP,INR,DECLARED_PROTOTYPE_CONSTANT,,phase8-v1
CELL::DEL|MAA|2026-09-07|Economy Saver|T1(0-2)::ROUND::2026-09-05T14:30,DEL,MAA,2026-09-07,Economy Saver,T1(0-2),ROUND::2026-09-05T14:30,2026-09-05 14:30,ANCHORED,0,7362.00,CONSOLIDATED,True,1,EaseMyTrip,4,SINGLE_SOURCE,0.2500,AirlineSite;Cleartrip;Goibibo;MMT,1,1,7362.00,1,1,OBS00758,0,0,7362.00,7362.00,EaseMyTrip=7362.00,7362.00,7362.00,7362.00,0.00,0.00,0.00,DEL,MAA,2026-09-07,Economy Saver,True,1,True,7362.00,PRICED,2026-09-05 14:30,ANCHOR_TIMESTAMP,INR,DECLARED_PROTOTYPE_CONSTANT,,phase8-v1
CELL::DEL|MAA|2026-09-07|Economy Saver|T1(0-2)::ROUND::2026-09-05T20:15,DEL,MAA,2026-09-07,Economy Saver,T1(0-2),ROUND::2026-09-05T20:15,2026-09-05 20:15,ANCHORED,0,7401.00,CONSOLIDATED,False,2,AirlineSite;Goibibo,4,PARTIAL_COVERAGE,0.5000,Cleartrip;MMT,1,1,7401.00,2,2,OBS01270;OBS01271,0,0,7051.00,7751.00,AirlineSite=7751.00;Goibibo=7051.00,7051.00,7751.00,7401.00,700.00,700.00,0.00,DEL,MAA,2026-09-07,Economy Saver,True,1,True,7401.00,PRICED,2026-09-05 20:15,ANCHOR_TIMESTAMP,INR,DECLARED_PROTOTYPE_CONSTANT,,phase8-v1
CELL::DEL|MAA|2026-09-07|Economy Saver|T1(0-2)::ROUND::2026-09-06T09:00,DEL,MAA,2026-09-07,Economy Saver,T1(0-2),ROUND::2026-09-06T09:00,2026-09-06 09:00,ANCHORED,0,7432.00,CONSOLIDATED,True,3,AirlineSite;Goibibo;MMT,4,PARTIAL_COVERAGE,0.7500,Cleartrip,3,3,7324.00;7432.00;7664.00,4,4,OBS01777;OBS01788;OBS01802;OBS01803,0,0,7324.00,7686.00,AirlineSite=7642.00;Goibibo=7686.00;MMT=7378.00,7378.00,7686.00,7642.00,44.00,0.00,340.00,DEL,MAA,2026-09-07,Economy Saver,True,1,True,7432.00,PRICED,2026-09-06 09:00,ANCHOR_TIMESTAMP,INR,DECLARED_PROTOTYPE_CONSTANT,,phase8-v1
CELL::DEL|MAA|2026-09-07|Economy Saver|T1(0-2)::ROUND::2026-09-06T14:30,DEL,MAA,2026-09-07,Economy Saver,T1(0-2),ROUND::2026-09-06T14:30,2026-09-06 14:30,ANCHORED,0,7457.75,CONSOLIDATED,False,3,AirlineSite;Goibibo;MMT,4,PARTIAL_COVERAGE,0.7500,Cleartrip,2,2,7396.00;7519.50,4,4,OBS02280;OBS02281;OBS02290;OBS02291,0,0,7184.00,7608.00,AirlineSite=7339.00;Goibibo=7545.00;MMT=7608.00,7339.00,7608.00,7545.00,424.00,237.50,123.50,DEL,MAA,2026-09-07,Economy Saver,True,1,True,7457.75,PRICED,2026-09-06 14:30,ANCHOR_TIMESTAMP,INR,DECLARED_PROTOTYPE_CONSTANT,,phase8-v1
CELL::DEL|MAA|2026-09-07|Economy Saver|T1(0-2)::ROUND::2026-09-06T20:15,DEL,MAA,2026-09-07,Economy Saver,T1(0-2),ROUND::2026-09-06T20:15,2026-09-06 20:15,ANCHORED,0,7655.50,CONSOLIDATED,False,2,AirlineSite;Goibibo,4,PARTIAL_COVERAGE,0.5000,Cleartrip;MMT,1,1,7655.50,2,2,OBS02800;OBS02801,0,0,7453.00,7858.00,AirlineSite=7453.00;Goibibo=7858.00,7453.00,7858.00,7655.50,405.00,405.00,0.00,DEL,MAA,2026-09-07,Economy Saver,True,1,True,7655.50,PRICED,2026-09-06 20:15,ANCHOR_TIMESTAMP,INR,DECLARED_PROTOTYPE_CONSTANT,,phase8-v1
CELL::DEL|MAA|2026-09-07|Economy Standard|T1(0-2)::ROUND::2026-09-05T09:00,DEL,MAA,2026-09-07,Economy Standard,T1(0-2),ROUND::2026-09-05T09:00,2026-09-05 09:00,ANCHORED,0,9611.50,CONSOLIDATED,False,2,AirlineSite;Goibibo,4,PARTIAL_COVERAGE,0.5000,Cleartrip;MMT,1,1,9611.50,2,2,OBS00241;OBS00242,0,0,9258.00,9965.00,AirlineSite=9258.00;Goibibo=9965.00,9258.00,9965.00,9611.50,707.00,707.00,0.00,DEL,MAA,2026-09-07,Economy Standard,True,2,True,9611.50,PRICED,2026-09-05 09:00,ANCHOR_TIMESTAMP,INR,DECLARED_PROTOTYPE_CONSTANT,,phase8-v1
CELL::DEL|MAA|2026-09-07|Economy Standard|T1(0-2)::ROUND::2026-09-05T14:30,DEL,MAA,2026-09-07,Economy Standard,T1(0-2),ROUND::2026-09-05T14:30,2026-09-05 14:30,ANCHORED,0,9717.50,CONSOLIDATED,False,2,Cleartrip;MMT,4,PARTIAL_COVERAGE,0.5000,AirlineSite;Goibibo,1,1,9717.50,2,2,OBS00736;OBS00737,0,0,9695.00,9740.00,Cleartrip=9695.00;MMT=9740.00,9695.00,9740.00,9717.50,45.00,45.00,0.00,DEL,MAA,2026-09-07,Economy Standard,True,2,True,9717.50,PRICED,2026-09-05 14:30,ANCHOR_TIMESTAMP,INR,DECLARED_PROTOTYPE_CONSTANT,,phase8-v1
CELL::DEL|MAA|2026-09-07|Economy Standard|T1(0-2)::ROUND::2026-09-06T09:00,DEL,MAA,2026-09-07,Economy Standard,T1(0-2),ROUND::2026-09-06T09:00,2026-09-06 09:00,ANCHORED,0,9614.75,CONSOLIDATED,False,3,Cleartrip;EaseMyTrip;MMT,4,PARTIAL_COVERAGE,0.7500,AirlineSite;Goibibo,2,2,9574.00;9655.50,3,3,OBS01787;OBS01804;OBS01805,0,0,9316.00,9995.00,Cleartrip=9316.00;EaseMyTrip=9574.00;MMT=9995.00,9316.00,9995.00,9574.00,679.00,339.50,81.50,DEL,MAA,2026-09-07,Economy Standard,True,2,True,9614.75,PRICED,2026-09-06 09:00,ANCHOR_TIMESTAMP,INR,DECLARED_PROTOTYPE_CONSTANT,,phase8-v1
CELL::DEL|MAA|2026-09-07|Economy Standard|T1(0-2)::ROUND::2026-09-06T20:15,DEL,MAA,2026-09-07,Economy Standard,T1(0-2),ROUND::2026-09-06T20:15,2026-09-06 20:15,ANCHORED,0,9389.00,CONSOLIDATED,False,3,Cleartrip;EaseMyTrip;MMT,4,PARTIAL_COVERAGE,0.7500,AirlineSite;Goibibo,3,3,9235.00;9389.00;9769.00,4,4,OBS02779;OBS02780;OBS02790;OBS02799,0,0,9235.00,9769.00,Cleartrip=9235.00;EaseMyTrip=9560.50;MMT=9426.00,9235.00,9560.50,9426.00,74.00,0.00,534.00,DEL,MAA,2026-09-07,Economy Standard,True,2,True,9389.00,PRICED,2026-09-06 20:15,ANCHOR_TIMESTAMP,INR,DECLARED_PROTOTYPE_CONSTANT,,phase8-v1
CELL::DEL|MAA|2026-09-07|Economy Standard|T1(0-2)::ROUND::2026-09-07T14:30,DEL,MAA,2026-09-07,Economy Standard,T1(0-2),ROUND::2026-09-07T14:30,2026-09-07 14:30,ANCHORED,0,10031.00,CONSOLIDATED,True,1,MMT,4,SINGLE_SOURCE,0.2500,AirlineSite;Cleartrip;Goibibo,1,1,10031.00,1,1,OBS02982,0,0,10031.00,10031.00,MMT=10031.00,10031.00,10031.00,10031.00,0.00,0.00,0.00,DEL,MAA,2026-09-07,Economy Standard,True,2,True,10031.00,PRICED,2026-09-07 14:30,ANCHOR_TIMESTAMP,INR,DECLARED_PROTOTYPE_CONSTANT,,phase8-v1
CELL::DEL|MAA|2026-09-13|Economy Flexi|T7(5-9)::ROUND::2026-09-05T09:00,DEL,MAA,2026-09-13,Economy Flexi,T7(5-9),ROUND::2026-09-05T09:00,2026-09-05 09:00,ANCHORED,0,10178.25,CONSOLIDATED,False,3,Cleartrip;EaseMyTrip;MMT,4,PARTIAL_COVERAGE,0.7500,AirlineSite;Goibibo,2,2,9980.00;10376.50,4,4,OBS00252;OBS00253;OBS00264;OBS00265,0,0,9896.00,10584.00,Cleartrip=10324.00;EaseMyTrip=9896.00;MMT=10169.00,9896.00,10324.00,10169.00,415.00,291.50,396.50,DEL,MAA,2026-09-13,Economy Flexi,True,3,True,10178.25,PRICED,2026-09-05 09:00,ANCHOR_TIMESTAMP,INR,DECLARED_PROTOTYPE_CONSTANT,,phase8-v1
CELL::DEL|MAA|2026-09-13|Economy Flexi|T7(5-9)::ROUND::2026-09-05T14:30,DEL,MAA,2026-09-13,Economy Flexi,T7(5-9),ROUND::2026-09-05T14:30,2026-09-05 14:30,ANCHORED,0,10349.00,CONSOLIDATED,False,2,AirlineSite;Cleartrip,4,PARTIAL_COVERAGE,0.5000,Goibibo;MMT,3,3,10095.00;10349.00;10455.00,5,5,OBS00738;OBS00750;OBS00751;OBS00759;OBS00760,0,0,10012.00,10686.00,AirlineSite=10588.00;Cleartrip=10095.00,10095.00,10588.00,10341.50,674.00,70.00,360.00,DEL,MAA,2026-09-13,Economy Flexi,True,3,True,10349.00,PRICED,2026-09-05 14:30,ANCHOR_TIMESTAMP,INR,DECLARED_PROTOTYPE_CONSTANT,,phase8-v1
CELL::DEL|MAA|2026-09-13|Economy Flexi|T7(5-9)::ROUND::2026-09-05T20:15,DEL,MAA,2026-09-13,Economy Flexi,T7(5-9),ROUND::2026-09-05T20:15,2026-09-05 20:15,ANCHORED,0,10255.00,CONSOLIDATED,False,3,Cleartrip;EaseMyTrip;Goibibo,4,PARTIAL_COVERAGE,0.7500,AirlineSite;MMT,2,2,10232.00;10278.00,4,4,OBS01260;OBS01261;OBS01282;OBS01283,0,0,10015.00,10541.00,Cleartrip=10225.00;EaseMyTrip=10127.00;Goibibo=10541.00,10127.00,10541.00,10225.00,526.00,270.00,46.00,DEL,MAA,2026-09-13,Economy Flexi,True,3,True,10255.00,PRICED,2026-09-05 20:15,ANCHOR_TIMESTAMP,INR,DECLARED_PROTOTYPE_CONSTANT,,phase8-v1
CELL::DEL|MAA|2026-09-13|Economy Flexi|T7(5-9)::ROUND::2026-09-06T09:00,DEL,MAA,2026-09-13,Economy Flexi,T7(5-9),ROUND::2026-09-06T09:00,2026-09-06 09:00,ANCHORED,0,10709.50,CONSOLIDATED,False,4,AirlineSite;Cleartrip;EaseMyTrip;MMT,4,FULL_COVERAGE,1.0000,Goibibo,3,3,10174.50;10709.50;10844.00,5,5,OBS01779;OBS01791;OBS01792;OBS01806;OBS01807,0,0,10153.00,11001.00,AirlineSite=11001.00;Cleartrip=10153.00;EaseMyTrip=10307.00;MMT=10844.00,10153.00,11001.00,10575.50,583.00,43.00,669.50,DEL,MAA,2026-09-13,Economy Flexi,True,3,True,10709.50,PRICED,2026-09-06 09:00,ANCHOR_TIMESTAMP,INR,DECLARED_PROTOTYPE_CONSTANT,,phase8-v1
CELL::DEL|MAA|2026-09-13|Economy Flexi|T7(5-9)::ROUND::2026-09-06T14:30,DEL,MAA,2026-09-13,Economy Flexi,T7(5-9),ROUND::2026-09-06T14:30,2026-09-06 14:30,ANCHORED,0,10322.50,CONSOLIDATED,False,3,AirlineSite;EaseMyTrip;Goibibo,4,PARTIAL_COVERAGE,0.7500,Cleartrip;MMT,2,2,10031.00;10614.00,3,3,OBS02284;OBS02294;OBS02295,0,0,10031.00,10658.00,AirlineSite=10658.00;EaseMyTrip=10031.00;Goibibo=10570.00,10031.00,10658.00,10570.00,88.00,44.00,583.00,DEL,MAA,2026-09-13,Economy Flexi,True,3,True,10322.50,PRICED,2026-09-06 14:30,ANCHOR_TIMESTAMP,INR,DECLARED_PROTOTYPE_CONSTANT,,phase8-v1
CELL::DEL|MAA|2026-09-13|Economy Flexi|T7(5-9)::ROUND::2026-09-06T20:15,DEL,MAA,2026-09-13,Economy Flexi,T7(5-9),ROUND::2026-09-06T20:15,2026-09-06 20:15,ANCHORED,0,10549.75,CONSOLIDATED,False,4,AirlineSite;Cleartrip;EaseMyTrip;Goibibo,4,FULL_COVERAGE,1.0000,MMT,2,2,10397.50;10702.00,4,4,OBS02791;OBS02792;OBS02804;OBS02805,0,0,10387.00,10791.00,AirlineSite=10791.00;Cleartrip=10408.00;EaseMyTrip=10613.00;Goibibo=10387.00,10387.00,10791.00,10510.50,178.00,99.50,304.50,DEL,MAA,2026-09-13,Economy Flexi,True,3,True,10549.75,PRICED,2026-09-06 20:15,ANCHOR_TIMESTAMP,INR,DECLARED_PROTOTYPE_CONSTANT,,phase8-v1
CELL::DEL|MAA|2026-09-13|Economy Saver|T7(5-9)::ROUND::2026-09-05T09:00,DEL,MAA,2026-09-13,Economy Saver,T7(5-9),ROUND::2026-09-05T09:00,2026-09-05 09:00,ANCHORED,0,6561.25,CONSOLIDATED,False,3,AirlineSite;Cleartrip;MMT,4,PARTIAL_COVERAGE,0.7500,Goibibo,2,2,6531.00;6591.50,3,3,OBS00243;OBS00244;OBS00266,0,0,6531.00,6611.00,AirlineSite=6572.00;Cleartrip=6531.00;MMT=6611.00,6531.00,6611.00,6572.00,39.00,19.50,60.50,DEL,MAA,2026-09-13,Economy Saver,True,1,True,6561.25,PRICED,2026-09-05 09:00,ANCHOR_TIMESTAMP,INR,DECLARED_PROTOTYPE_CONSTANT,,phase8-v1
CELL::DEL|MAA|2026-09-13|Economy Saver|T7(5-9)::ROUND::2026-09-05T14:30,DEL,MAA,2026-09-13,Economy Saver,T7(5-9),ROUND::2026-09-05T14:30,2026-09-05 14:30,ANCHORED,0,6588.25,CONSOLIDATED,False,3,AirlineSite;Cleartrip;EaseMyTrip,4,PARTIAL_COVERAGE,0.7500,Goibibo;MMT,2,2,6543.50;6633.00,3,3,OBS00739;OBS00740;OBS00761,0,0,6503.00,6633.00,AirlineSite=6633.00;Cleartrip=6503.00;EaseMyTrip=6584.00,6503.00,6633.00,6584.00,81.00,40.50,89.50,DEL,MAA,2026-09-13,Economy Saver,True,1,True,6588.25,PRICED,2026-09-05 14:30,ANCHOR_TIMESTAMP,INR,DECLARED_PROTOTYPE_CONSTANT,,phase8-v1
CELL::DEL|MAA|2026-09-13|Economy Saver|T7(5-9)::ROUND::2026-09-05T20:15,DEL,MAA,2026-09-13,Economy Saver,T7(5-9),ROUND::2026-09-05T20:15,2026-09-05 20:15,ANCHORED,0,6689.50,CONSOLIDATED,False,3,AirlineSite;Cleartrip;EaseMyTrip,4,PARTIAL_COVERAGE,0.7500,Goibibo;MMT,2,2,6565.00;6814.00,3,3,OBS01272;OBS01280;OBS01281,0,0,6290.00,6840.00,AirlineSite=6290.00;Cleartrip=6814.00;EaseMyTrip=6840.00,6290.00,6840.00,6814.00,550.00,275.00,249.00,DEL,MAA,2026-09-13,Economy Saver,True,1,True,6689.50,PRICED,2026-09-05 20:15,ANCHOR_TIMESTAMP,INR,DECLARED_PROTOTYPE_CONSTANT,,phase8-v1
CELL::DEL|MAA|2026-09-13|Economy Saver|T7(5-9)::ROUND::2026-09-06T09:00,DEL,MAA,2026-09-13,Economy Saver,T7(5-9),ROUND::2026-09-06T09:00,2026-09-06 09:00,ANCHORED,0,6612.25,CONSOLIDATED,False,2,AirlineSite;Cleartrip,4,PARTIAL_COVERAGE,0.5000,Goibibo;MMT,2,2,6555.00;6669.50,3,3,OBS01778;OBS01789;OBS01790,0,0,6555.00,6740.00,AirlineSite=6599.00;Cleartrip=6647.50,6599.00,6647.50,6623.25,141.00,70.50,114.50,DEL,MAA,2026-09-13,Economy Saver,True,1,True,6612.25,PRICED,2026-09-06 09:00,ANCHOR_TIMESTAMP,INR,DECLARED_PROTOTYPE_CONSTANT,,phase8-v1
CELL::DEL|MAA|2026-09-13|Economy Saver|T7(5-9)::ROUND::2026-09-06T14:30,DEL,MAA,2026-09-13,Economy Saver,T7(5-9),ROUND::2026-09-06T14:30,2026-09-06 14:30,ANCHORED,0,6729.00,CONSOLIDATED,False,2,AirlineSite;Goibibo,4,PARTIAL_COVERAGE,0.5000,Cleartrip;MMT,1,1,6729.00,2,2,OBS02304;OBS02305,0,0,6518.00,6940.00,AirlineSite=6518.00;Goibibo=6940.00,6518.00,6940.00,6729.00,422.00,422.00,0.00,DEL,MAA,2026-09-13,Economy Saver,True,1,True,6729.00,PRICED,2026-09-06 14:30,ANCHOR_TIMESTAMP,INR,DECLARED_PROTOTYPE_CONSTANT,,phase8-v1
CELL::DEL|MAA|2026-09-13|Economy Saver|T7(5-9)::ROUND::2026-09-06T20:15,DEL,MAA,2026-09-13,Economy Saver,T7(5-9),ROUND::2026-09-06T20:15,2026-09-06 20:15,ANCHORED,0,7141.00,CONSOLIDATED,True,1,Cleartrip,4,SINGLE_SOURCE,0.2500,AirlineSite;Goibibo;MMT,1,1,7141.00,1,1,OBS02785,0,0,7141.00,7141.00,Cleartrip=7141.00,7141.00,7141.00,7141.00,0.00,0.00,0.00,DEL,MAA,2026-09-13,Economy Saver,True,1,True,7141.00,PRICED,2026-09-06 20:15,ANCHOR_TIMESTAMP,INR,DECLARED_PROTOTYPE_CONSTANT,,phase8-v1
CELL::DEL|MAA|2026-09-13|Economy Standard|T7(5-9)::ROUND::2026-09-05T09:00,DEL,MAA,2026-09-13,Economy Standard,T7(5-9),ROUND::2026-09-05T09:00,2026-09-05 09:00,ANCHORED,0,8354.50,CONSOLIDATED,False,2,EaseMyTrip;Goibibo,4,PARTIAL_COVERAGE,0.5000,AirlineSite;Cleartrip;MMT,1,1,8354.50,2,2,OBS00254;OBS00255,0,0,8170.00,8539.00,EaseMyTrip=8539.00;Goibibo=8170.00,8170.00,8539.00,8354.50,369.00,369.00,0.00,DEL,MAA,2026-09-13,Economy Standard,True,2,True,8354.50,PRICED,2026-09-05 09:00,ANCHOR_TIMESTAMP,INR,DECLARED_PROTOTYPE_CONSTANT,,phase8-v1
CELL::DEL|MAA|2026-09-13|Economy Standard|T7(5-9)::ROUND::2026-09-05T20:15,DEL,MAA,2026-09-13,Economy Standard,T7(5-9),ROUND::2026-09-05T20:15,2026-09-05 20:15,ANCHORED,0,8193.50,CONSOLIDATED,False,2,AirlineSite;MMT,4,PARTIAL_COVERAGE,0.5000,Cleartrip;Goibibo,1,1,8193.50,2,2,OBS01258;OBS01259,0,0,8135.00,8252.00,AirlineSite=8135.00;MMT=8252.00,8135.00,8252.00,8193.50,117.00,117.00,0.00,DEL,MAA,2026-09-13,Economy Standard,True,2,True,8193.50,PRICED,2026-09-05 20:15,ANCHOR_TIMESTAMP,INR,DECLARED_PROTOTYPE_CONSTANT,,phase8-v1
CELL::DEL|MAA|2026-09-13|Economy Standard|T7(5-9)::ROUND::2026-09-06T14:30,DEL,MAA,2026-09-13,Economy Standard,T7(5-9),ROUND::2026-09-06T14:30,2026-09-06 14:30,ANCHORED,0,8912.00,CONSOLIDATED,True,2,EaseMyTrip;MMT,4,PARTIAL_COVERAGE,0.5000,AirlineSite;Cleartrip;Goibibo,1,1,8912.00,2,2,OBS02282;OBS02283,0,0,8912.00,8912.00,EaseMyTrip=8912.00;MMT=8912.00,8912.00,8912.00,8912.00,0.00,0.00,0.00,DEL,MAA,2026-09-13,Economy Standard,True,2,True,8912.00,PRICED,2026-09-06 14:30,ANCHOR_TIMESTAMP,INR,DECLARED_PROTOTYPE_CONSTANT,,phase8-v1
CELL::DEL|MAA|2026-09-13|Economy Standard|T7(5-9)::ROUND::2026-09-06T20:15,DEL,MAA,2026-09-13,Economy Standard,T7(5-9),ROUND::2026-09-06T20:15,2026-09-06 20:15,ANCHORED,0,8497.00,CONSOLIDATED,True,4,Cleartrip;EaseMyTrip;Goibibo;MMT,4,FULL_COVERAGE,1.0000,AirlineSite,3,3,8481.50;8497.00;8780.00,5,5,OBS02783;OBS02784;OBS02793;OBS02802;OBS02803,0,0,8343.00,9133.00,Cleartrip=8343.00;EaseMyTrip=8620.00;Goibibo=9133.00;MMT=8462.00,8343.00,9133.00,8541.00,706.00,277.00,298.50,DEL,MAA,2026-09-13,Economy Standard,True,2,True,8497.00,PRICED,2026-09-06 20:15,ANCHOR_TIMESTAMP,INR,DECLARED_PROTOTYPE_CONSTANT,,phase8-v1
CELL::DEL|MAA|2026-09-21|Economy Flexi|T15(12-18)::ROUND::2026-09-05T14:30,DEL,MAA,2026-09-21,Economy Flexi,T15(12-18),ROUND::2026-09-05T14:30,2026-09-05 14:30,ANCHORED,0,8501.00,CONSOLIDATED,False,2,Goibibo;MMT,4,PARTIAL_COVERAGE,0.5000,AirlineSite;Cleartrip,2,2,8461.00;8541.00,3,3,OBS00743;OBS00762;OBS00763,0,0,8461.00,8582.00,Goibibo=8500.00;MMT=8521.50,8500.00,8521.50,8510.75,82.00,41.00,80.00,DEL,MAA,2026-09-21,Economy Flexi,True,3,True,8501.00,PRICED,2026-09-05 14:30,ANCHOR_TIMESTAMP,INR,DECLARED_PROTOTYPE_CONSTANT,,phase8-v1
CELL::DEL|MAA|2026-09-21|Economy Flexi|T15(12-18)::ROUND::2026-09-05T20:15,DEL,MAA,2026-09-21,Economy Flexi,T15(12-18),ROUND::2026-09-05T20:15,2026-09-05 20:15,ANCHORED,0,8521.00,CONSOLIDATED,True,1,AirlineSite,4,SINGLE_SOURCE,0.2500,Cleartrip;Goibibo;MMT,1,1,8521.00,1,1,OBS01273,0,0,8521.00,8521.00,AirlineSite=8521.00,8521.00,8521.00,8521.00,0.00,0.00,0.00,DEL,MAA,2026-09-21,Economy Flexi,True,3,True,8521.00,PRICED,2026-09-05 20:15,ANCHOR_TIMESTAMP,INR,DECLARED_PROTOTYPE_CONSTANT,,phase8-v1
CELL::DEL|MAA|2026-09-21|Economy Flexi|T15(12-18)::ROUND::2026-09-06T09:00,DEL,MAA,2026-09-21,Economy Flexi,T15(12-18),ROUND::2026-09-06T09:00,2026-09-06 09:00,ANCHORED,0,9009.00,CONSOLIDATED,False,2,Cleartrip;MMT,4,PARTIAL_COVERAGE,0.5000,AirlineSite;Goibibo,1,1,9009.00,2,2,OBS01795;OBS01796,0,0,8570.00,9448.00,Cleartrip=8570.00;MMT=9448.00,8570.00,9448.00,9009.00,878.00,878.00,0.00,DEL,MAA,2026-09-21,Economy Flexi,True,3,True,9009.00,PRICED,2026-09-06 09:00,ANCHOR_TIMESTAMP,INR,DECLARED_PROTOTYPE_CONSTANT,,phase8-v1
CELL::DEL|MAA|2026-09-21|Economy Flexi|T15(12-18)::ROUND::2026-09-06T14:30,DEL,MAA,2026-09-21,Economy Flexi,T15(12-18),ROUND::2026-09-06T14:30,2026-09-06 14:30,ANCHORED,0,8715.00,CONSOLIDATED,True,1,Goibibo,4,SINGLE_SOURCE,0.2500,AirlineSite;Cleartrip;MMT,1,1,8715.00,1,1,OBS02306,0,0,8715.00,8715.00,Goibibo=8715.00,8715.00,8715.00,8715.00,0.00,0.00,0.00,DEL,MAA,2026-09-21,Economy Flexi,True,3,True,8715.00,PRICED,2026-09-06 14:30,ANCHOR_TIMESTAMP,INR,DECLARED_PROTOTYPE_CONSTANT,,phase8-v1
CELL::DEL|MAA|2026-09-21|Economy Flexi|T15(12-18)::ROUND::2026-09-06T20:15,DEL,MAA,2026-09-21,Economy Flexi,T15(12-18),ROUND::2026-09-06T20:15,2026-09-06 20:15,ANCHORED,0,9018.50,CONSOLIDATED,False,2,EaseMyTrip;MMT,4,PARTIAL_COVERAGE,0.5000,AirlineSite;Cleartrip;Goibibo,1,1,9018.50,2,2,OBS02806;OBS02807,0,0,8829.00,9208.00,EaseMyTrip=9208.00;MMT=8829.00,8829.00,9208.00,9018.50,379.00,379.00,0.00,DEL,MAA,2026-09-21,Economy Flexi,True,3,True,9018.50,PRICED,2026-09-06 20:15,ANCHOR_TIMESTAMP,INR,DECLARED_PROTOTYPE_CONSTANT,,phase8-v1
CELL::DEL|MAA|2026-09-21|Economy Saver|T15(12-18)::ROUND::2026-09-05T09:00,DEL,MAA,2026-09-21,Economy Saver,T15(12-18),ROUND::2026-09-05T09:00,2026-09-05 09:00,ANCHORED,0,5705.00,CONSOLIDATED,False,1,Cleartrip,4,SINGLE_SOURCE,0.2500,AirlineSite;Goibibo;MMT,2,2,5541.00;5869.00,2,2,OBS00256;OBS00267,0,0,5541.00,5869.00,Cleartrip=5705.00,5705.00,5705.00,5705.00,0.00,0.00,328.00,DEL,MAA,2026-09-21,Economy Saver,True,1,True,5705.00,PRICED,2026-09-05 09:00,ANCHOR_TIMESTAMP,INR,DECLARED_PROTOTYPE_CONSTANT,,phase8-v1
CELL::DEL|MAA|2026-09-21|Economy Saver|T15(12-18)::ROUND::2026-09-05T14:30,DEL,MAA,2026-09-21,Economy Saver,T15(12-18),ROUND::2026-09-05T14:30,2026-09-05 14:30,ANCHORED,0,5688.00,CONSOLIDATED,False,3,AirlineSite;Cleartrip;MMT,4,PARTIAL_COVERAGE,0.7500,Goibibo,2,2,5582.00;5794.00,4,4,OBS00741;OBS00742;OBS00752;OBS00753,0,0,5490.00,5886.00,AirlineSite=5702.00;Cleartrip=5490.00;MMT=5780.00,5490.00,5780.00,5702.00,184.00,184.00,212.00,DEL,MAA,2026-09-21,Economy Saver,True,1,True,5688.00,PRICED,2026-09-05 14:30,ANCHOR_TIMESTAMP,INR,DECLARED_PROTOTYPE_CONSTANT,,phase8-v1
CELL::DEL|MAA|2026-09-21|Economy Saver|T15(12-18)::ROUND::2026-09-05T20:15,DEL,MAA,2026-09-21,Economy Saver,T15(12-18),ROUND::2026-09-05T20:15,2026-09-05 20:15,ANCHORED,0,5759.50,CONSOLIDATED,False,2,AirlineSite;Goibibo,4,PARTIAL_COVERAGE,0.5000,Cleartrip;MMT,2,2,5667.00;5852.00,2,2,OBS01274;OBS01285,0,0,5667.00,5852.00,AirlineSite=5852.00;Goibibo=5667.00,5667.00,5852.00,5759.50,0.00,0.00,185.00,DEL,MAA,2026-09-21,Economy Saver,True,1,True,5759.50,PRICED,2026-09-05 20:15,ANCHOR_TIMESTAMP,INR,DECLARED_PROTOTYPE_CONSTANT,,phase8-v1
CELL::DEL|MAA|2026-09-21|Economy Saver|T15(12-18)::ROUND::2026-09-06T09:00,DEL,MAA,2026-09-21,Economy Saver,T15(12-18),ROUND::2026-09-06T09:00,2026-09-06 09:00,ANCHORED,0,5980.00,CONSOLIDATED,False,3,AirlineSite;Cleartrip;MMT,4,PARTIAL_COVERAGE,0.7500,Goibibo,2,2,5965.00;5995.00,3,3,OBS01793;OBS01794;OBS01808,0,0,5850.00,6080.00,AirlineSite=6080.00;Cleartrip=5850.00;MMT=5995.00,5850.00,6080.00,5995.00,230.00,115.00,30.00,DEL,MAA,2026-09-21,Economy Saver,True,1,True,5980.00,PRICED,2026-09-06 09:00,ANCHOR_TIMESTAMP,INR,DECLARED_PROTOTYPE_CONSTANT,,phase8-v1
CELL::DEL|MAA|2026-09-21|Economy Saver|T15(12-18)::ROUND::2026-09-06T14:30,DEL,MAA,2026-09-21,Economy Saver,T15(12-18),ROUND::2026-09-06T14:30,2026-09-06 14:30,ANCHORED,0,5615.00,CONSOLIDATED,False,4,AirlineSite;Cleartrip;Goibibo;MMT,4,FULL_COVERAGE,1.0000,,3,3,5597.50;5615.00;5733.00,5,5,OBS02285;OBS02296;OBS02297;OBS02307;OBS02308,0,0,5565.00,5733.00,AirlineSite=5733.00;Cleartrip=5637.00;Goibibo=5565.00;MMT=5586.00,5565.00,5733.00,5611.50,65.00,58.00,135.50,DEL,MAA,2026-09-21,Economy Saver,True,1,True,5615.00,PRICED,2026-09-06 14:30,ANCHOR_TIMESTAMP,INR,DECLARED_PROTOTYPE_CONSTANT,,phase8-v1
CELL::DEL|MAA|2026-09-21|Economy Saver|T15(12-18)::ROUND::2026-09-06T20:15,DEL,MAA,2026-09-21,Economy Saver,T15(12-18),ROUND::2026-09-06T20:15,2026-09-06 20:15,ANCHORED,0,5553.75,CONSOLIDATED,False,2,Cleartrip;EaseMyTrip,4,PARTIAL_COVERAGE,0.5000,AirlineSite;Goibibo;MMT,2,2,5487.00;5620.50,3,3,OBS02786;OBS02794;OBS02795,0,0,5487.00,5630.00,Cleartrip=5558.50;EaseMyTrip=5611.00,5558.50,5611.00,5584.75,19.00,9.50,133.50,DEL,MAA,2026-09-21,Economy Saver,True,1,True,5553.75,PRICED,2026-09-06 20:15,ANCHOR_TIMESTAMP,INR,DECLARED_PROTOTYPE_CONSTANT,,phase8-v1
CELL::DEL|MAA|2026-09-21|Economy Standard|T15(12-18)::ROUND::2026-09-05T09:00,DEL,MAA,2026-09-21,Economy Standard,T15(12-18),ROUND::2026-09-05T09:00,2026-09-05 09:00,ANCHORED,0,7530.00,CONSOLIDATED,True,1,EaseMyTrip,4,SINGLE_SOURCE,0.2500,AirlineSite;Cleartrip;Goibibo;MMT,1,1,7530.00,1,1,OBS00245,0,0,7530.00,7530.00,EaseMyTrip=7530.00,7530.00,7530.00,7530.00,0.00,0.00,0.00,DEL,MAA,2026-09-21,Economy Standard,True,2,True,7530.00,PRICED,2026-09-05 09:00,ANCHOR_TIMESTAMP,INR,DECLARED_PROTOTYPE_CONSTANT,,phase8-v1
CELL::DEL|MAA|2026-09-21|Economy Standard|T15(12-18)::ROUND::2026-09-05T20:15,DEL,MAA,2026-09-21,Economy Standard,T15(12-18),ROUND::2026-09-05T20:15,2026-09-05 20:15,ANCHORED,0,7366.50,CONSOLIDATED,False,2,EaseMyTrip;MMT,4,PARTIAL_COVERAGE,0.5000,AirlineSite;Cleartrip;Goibibo,2,2,7320.00;7413.00,3,3,OBS01262;OBS01263;OBS01284,0,0,7298.00,7413.00,EaseMyTrip=7377.50;MMT=7298.00,7298.00,7377.50,7337.75,44.00,22.00,93.00,DEL,MAA,2026-09-21,Economy Standard,True,2,True,7366.50,PRICED,2026-09-05 20:15,ANCHOR_TIMESTAMP,INR,DECLARED_PROTOTYPE_CONSTANT,,phase8-v1
CELL::DEL|MAA|2026-09-21|Economy Standard|T15(12-18)::ROUND::2026-09-06T09:00,DEL,MAA,2026-09-21,Economy Standard,T15(12-18),ROUND::2026-09-06T09:00,2026-09-06 09:00,ANCHORED,0,7441.00,CONSOLIDATED,True,1,EaseMyTrip,4,SINGLE_SOURCE,0.2500,AirlineSite;Cleartrip;Goibibo;MMT,1,1,7441.00,1,1,OBS01780,0,0,7441.00,7441.00,EaseMyTrip=7441.00,7441.00,7441.00,7441.00,0.00,0.00,0.00,DEL,MAA,2026-09-21,Economy Standard,True,2,True,7441.00,PRICED,2026-09-06 09:00,ANCHOR_TIMESTAMP,INR,DECLARED_PROTOTYPE_CONSTANT,,phase8-v1
CELL::DEL|MAA|2026-10-06|Economy Flexi|T30(25-35)::ROUND::2026-09-05T09:00,DEL,MAA,2026-10-06,Economy Flexi,T30(25-35),ROUND::2026-09-05T09:00,2026-09-05 09:00,ANCHORED,0,8145.00,CONSOLIDATED,False,1,MMT,4,SINGLE_SOURCE,0.2500,AirlineSite;Cleartrip;Goibibo,2,2,7893.00;8397.00,2,2,OBS00258;OBS00268,0,0,7893.00,8397.00,MMT=8145.00,8145.00,8145.00,8145.00,0.00,0.00,504.00,DEL,MAA,2026-10-06,Economy Flexi,True,3,True,8145.00,PRICED,2026-09-05 09:00,ANCHOR_TIMESTAMP,INR,DECLARED_PROTOTYPE_CONSTANT,,phase8-v1
CELL::DEL|MAA|2026-10-06|Economy Flexi|T30(25-35)::ROUND::2026-09-05T14:30,DEL,MAA,2026-10-06,Economy Flexi,T30(25-35),ROUND::2026-09-05T14:30,2026-09-05 14:30,ANCHORED,0,7893.50,CONSOLIDATED,False,3,AirlineSite;EaseMyTrip;Goibibo,4,PARTIAL_COVERAGE,0.7500,Cleartrip;MMT,2,2,7856.00;7931.00,3,3,OBS00745;OBS00764;OBS00765,0,0,7797.00,8065.00,AirlineSite=7797.00;EaseMyTrip=8065.00;Goibibo=7856.00,7797.00,8065.00,7856.00,268.00,134.00,75.00,DEL,MAA,2026-10-06,Economy Flexi,True,3,True,7893.50,PRICED,2026-09-05 14:30,ANCHOR_TIMESTAMP,INR,DECLARED_PROTOTYPE_CONSTANT,,phase8-v1
CELL::DEL|MAA|2026-10-06|Economy Flexi|T30(25-35)::ROUND::2026-09-05T20:15,DEL,MAA,2026-10-06,Economy Flexi,T30(25-35),ROUND::2026-09-05T20:15,2026-09-05 20:15,ANCHORED,0,8008.50,CONSOLIDATED,False,3,AirlineSite;EaseMyTrip;MMT,4,PARTIAL_COVERAGE,0.7500,Cleartrip;Goibibo,2,2,7958.00;8059.00,3,3,OBS01275;OBS01276;OBS01287,0,0,7847.00,8271.00,AirlineSite=7847.00;EaseMyTrip=7958.00;MMT=8271.00,7847.00,8271.00,7958.00,424.00,212.00,101.00,DEL,MAA,2026-10-06,Economy Flexi,True,3,True,8008.50,PRICED,2026-09-05 20:15,ANCHOR_TIMESTAMP,INR,DECLARED_PROTOTYPE_CONSTANT,,phase8-v1
CELL::DEL|MAA|2026-10-06|Economy Flexi|T30(25-35)::ROUND::2026-09-06T09:00,DEL,MAA,2026-10-06,Economy Flexi,T30(25-35),ROUND::2026-09-06T09:00,2026-09-06 09:00,ANCHORED,0,7944.00,CONSOLIDATED,False,2,AirlineSite;EaseMyTrip,4,PARTIAL_COVERAGE,0.5000,Cleartrip;Goibibo;MMT,1,1,7944.00,2,2,OBS01781;OBS01782,0,0,7694.00,8194.00,AirlineSite=7694.00;EaseMyTrip=8194.00,7694.00,8194.00,7944.00,500.00,500.00,0.00,DEL,MAA,2026-10-06,Economy Flexi,True,3,True,7944.00,PRICED,2026-09-06 09:00,ANCHOR_TIMESTAMP,INR,DECLARED_PROTOTYPE_CONSTANT,,phase8-v1
CELL::DEL|MAA|2026-10-06|Economy Flexi|T30(25-35)::ROUND::2026-09-06T14:30,DEL,MAA,2026-10-06,Economy Flexi,T30(25-35),ROUND::2026-09-06T14:30,2026-09-06 14:30,ANCHORED,0,7733.00,CONSOLIDATED,True,1,Goibibo,4,SINGLE_SOURCE,0.2500,AirlineSite;Cleartrip;MMT,1,1,7733.00,1,1,OBS02298,0,0,7733.00,7733.00,Goibibo=7733.00,7733.00,7733.00,7733.00,0.00,0.00,0.00,DEL,MAA,2026-10-06,Economy Flexi,True,3,True,7733.00,PRICED,2026-09-06 14:30,ANCHOR_TIMESTAMP,INR,DECLARED_PROTOTYPE_CONSTANT,,phase8-v1
CELL::DEL|MAA|2026-10-06|Economy Saver|T30(25-35)::ROUND::2026-09-05T09:00,DEL,MAA,2026-10-06,Economy Saver,T30(25-35),ROUND::2026-09-05T09:00,2026-09-05 09:00,ANCHORED,0,5220.00,CONSOLIDATED,False,2,Cleartrip;EaseMyTrip,4,PARTIAL_COVERAGE,0.5000,AirlineSite;Goibibo;MMT,1,1,5220.00,2,2,OBS00246;OBS00247,0,0,5051.00,5389.00,Cleartrip=5051.00;EaseMyTrip=5389.00,5051.00,5389.00,5220.00,338.00,338.00,0.00,DEL,MAA,2026-10-06,Economy Saver,True,1,True,5220.00,PRICED,2026-09-05 09:00,ANCHOR_TIMESTAMP,INR,DECLARED_PROTOTYPE_CONSTANT,,phase8-v1
CELL::DEL|MAA|2026-10-06|Economy Saver|T30(25-35)::ROUND::2026-09-05T14:30,DEL,MAA,2026-10-06,Economy Saver,T30(25-35),ROUND::2026-09-05T14:30,2026-09-05 14:30,ANCHORED,0,5274.00,CONSOLIDATED,False,2,Cleartrip;Goibibo,4,PARTIAL_COVERAGE,0.5000,AirlineSite;MMT,2,2,5258.00;5290.00,3,3,OBS00754;OBS00755;OBS00766,0,0,5197.00,5319.00,Cleartrip=5304.50;Goibibo=5197.00,5197.00,5304.50,5250.75,122.00,61.00,32.00,DEL,MAA,2026-10-06,Economy Saver,True,1,True,5274.00,PRICED,2026-09-05 14:30,ANCHOR_TIMESTAMP,INR,DECLARED_PROTOTYPE_CONSTANT,,phase8-v1
CELL::DEL|MAA|2026-10-06|Economy Saver|T30(25-35)::ROUND::2026-09-05T20:15,DEL,MAA,2026-10-06,Economy Saver,T30(25-35),ROUND::2026-09-05T20:15,2026-09-05 20:15,ANCHORED,0,5058.50,CONSOLIDATED,False,2,AirlineSite;Goibibo,4,PARTIAL_COVERAGE,0.5000,Cleartrip;MMT,1,1,5058.50,2,2,OBS01264;OBS01265,0,0,4875.00,5242.00,AirlineSite=5242.00;Goibibo=4875.00,4875.00,5242.00,5058.50,367.00,367.00,0.00,DEL,MAA,2026-10-06,Economy Saver,True,1,True,5058.50,PRICED,2026-09-05 20:15,ANCHOR_TIMESTAMP,INR,DECLARED_PROTOTYPE_CONSTANT,,phase8-v1
CELL::DEL|MAA|2026-10-06|Economy Saver|T30(25-35)::ROUND::2026-09-06T09:00,DEL,MAA,2026-10-06,Economy Saver,T30(25-35),ROUND::2026-09-06T09:00,2026-09-06 09:00,ANCHORED,0,5157.00,CONSOLIDATED,False,2,Goibibo;MMT,4,PARTIAL_COVERAGE,0.5000,AirlineSite;Cleartrip,2,2,5125.00;5189.00,3,3,OBS01798;OBS01799;OBS01809,0,0,4917.00,5333.00,Goibibo=4917.00;MMT=5261.00,4917.00,5261.00,5089.00,416.00,208.00,64.00,DEL,MAA,2026-10-06,Economy Saver,True,1,True,5157.00,PRICED,2026-09-06 09:00,ANCHOR_TIMESTAMP,INR,DECLARED_PROTOTYPE_CONSTANT,,phase8-v1
CELL::DEL|MAA|2026-10-06|Economy Saver|T30(25-35)::ROUND::2026-09-06T14:30,DEL,MAA,2026-10-06,Economy Saver,T30(25-35),ROUND::2026-09-06T14:30,2026-09-06 14:30,ANCHORED,0,5377.00,CONSOLIDATED,False,3,AirlineSite;Cleartrip;EaseMyTrip,4,PARTIAL_COVERAGE,0.7500,Goibibo;MMT,2,2,5330.00;5424.00,3,3,OBS02299;OBS02309;OBS02310,0,0,5311.00,5424.00,AirlineSite=5311.00;Cleartrip=5424.00;EaseMyTrip=5349.00,5311.00,5424.00,5349.00,38.00,19.00,94.00,DEL,MAA,2026-10-06,Economy Saver,True,1,True,5377.00,PRICED,2026-09-06 14:30,ANCHOR_TIMESTAMP,INR,DECLARED_PROTOTYPE_CONSTANT,,phase8-v1
CELL::DEL|MAA|2026-10-06|Economy Saver|T30(25-35)::ROUND::2026-09-06T20:15,DEL,MAA,2026-10-06,Economy Saver,T30(25-35),ROUND::2026-09-06T20:15,2026-09-06 20:15,ANCHORED,0,5150.25,CONSOLIDATED,False,3,AirlineSite;Cleartrip;Goibibo,4,PARTIAL_COVERAGE,0.7500,MMT,2,2,5101.50;5199.00,3,3,OBS02787;OBS02808;OBS02809,0,0,4981.00,5222.00,AirlineSite=4981.00;Cleartrip=5222.00;Goibibo=5199.00,4981.00,5222.00,5199.00,241.00,120.50,97.50,DEL,MAA,2026-10-06,Economy Saver,True,1,True,5150.25,PRICED,2026-09-06 20:15,ANCHOR_TIMESTAMP,INR,DECLARED_PROTOTYPE_CONSTANT,,phase8-v1
CELL::DEL|MAA|2026-10-06|Economy Saver|T30(25-35)::ROUND::2026-09-09T09:00,DEL,MAA,2026-10-06,Economy Saver,T30(25-35),ROUND::2026-09-09T09:00,2026-09-09 09:00,ANCHORED,0,5170.00,CONSOLIDATED,True,1,MMT,4,SINGLE_SOURCE,0.2500,AirlineSite;Cleartrip;Goibibo,1,1,5170.00,1,1,OBS02992,0,0,5170.00,5170.00,MMT=5170.00,5170.00,5170.00,5170.00,0.00,0.00,0.00,DEL,MAA,2026-10-06,Economy Saver,True,1,True,5170.00,PRICED,2026-09-09 09:00,ANCHOR_TIMESTAMP,INR,DECLARED_PROTOTYPE_CONSTANT,,phase8-v1
CELL::DEL|MAA|2026-10-06|Economy Standard|T30(25-35)::ROUND::2026-09-05T09:00,DEL,MAA,2026-10-06,Economy Standard,T30(25-35),ROUND::2026-09-05T09:00,2026-09-05 09:00,ANCHORED,0,6614.00,CONSOLIDATED,True,1,AirlineSite,4,SINGLE_SOURCE,0.2500,Cleartrip;Goibibo;MMT,1,1,6614.00,1,1,OBS00257,0,0,6614.00,6614.00,AirlineSite=6614.00,6614.00,6614.00,6614.00,0.00,0.00,0.00,DEL,MAA,2026-10-06,Economy Standard,True,2,True,6614.00,PRICED,2026-09-05 09:00,ANCHOR_TIMESTAMP,INR,DECLARED_PROTOTYPE_CONSTANT,,phase8-v1
CELL::DEL|MAA|2026-10-06|Economy Standard|T30(25-35)::ROUND::2026-09-05T14:30,DEL,MAA,2026-10-06,Economy Standard,T30(25-35),ROUND::2026-09-05T14:30,2026-09-05 14:30,ANCHORED,0,6787.00,CONSOLIDATED,True,1,Cleartrip,4,SINGLE_SOURCE,0.2500,AirlineSite;Goibibo;MMT,1,1,6787.00,1,1,OBS00744,0,0,6787.00,6787.00,Cleartrip=6787.00,6787.00,6787.00,6787.00,0.00,0.00,0.00,DEL,MAA,2026-10-06,Economy Standard,True,2,True,6787.00,PRICED,2026-09-05 14:30,ANCHOR_TIMESTAMP,INR,DECLARED_PROTOTYPE_CONSTANT,,phase8-v1
CELL::DEL|MAA|2026-10-06|Economy Standard|T30(25-35)::ROUND::2026-09-05T20:15,DEL,MAA,2026-10-06,Economy Standard,T30(25-35),ROUND::2026-09-05T20:15,2026-09-05 20:15,ANCHORED,0,6367.00,CONSOLIDATED,True,3,Cleartrip;EaseMyTrip;Goibibo,4,PARTIAL_COVERAGE,0.7500,AirlineSite;MMT,3,3,6307.00;6367.00;6565.00,3,3,OBS01266;OBS01277;OBS01286,0,0,6307.00,6565.00,Cleartrip=6307.00;EaseMyTrip=6367.00;Goibibo=6565.00,6307.00,6565.00,6367.00,0.00,0.00,258.00,DEL,MAA,2026-10-06,Economy Standard,True,2,True,6367.00,PRICED,2026-09-05 20:15,ANCHOR_TIMESTAMP,INR,DECLARED_PROTOTYPE_CONSTANT,,phase8-v1
CELL::DEL|MAA|2026-10-06|Economy Standard|T30(25-35)::ROUND::2026-09-06T09:00,DEL,MAA,2026-10-06,Economy Standard,T30(25-35),ROUND::2026-09-06T09:00,2026-09-06 09:00,ANCHORED,0,6262.50,CONSOLIDATED,False,2,EaseMyTrip;MMT,4,PARTIAL_COVERAGE,0.5000,AirlineSite;Cleartrip;Goibibo,2,2,6230.00;6295.00,3,3,OBS01783;OBS01784;OBS01797,0,0,6230.00,6355.00,EaseMyTrip=6235.00;MMT=6292.50,6235.00,6292.50,6263.75,120.00,60.00,65.00,DEL,MAA,2026-10-06,Economy Standard,True,2,True,6262.50,PRICED,2026-09-06 09:00,ANCHOR_TIMESTAMP,INR,DECLARED_PROTOTYPE_CONSTANT,,phase8-v1
CELL::DEL|MAA|2026-10-06|Economy Standard|T30(25-35)::ROUND::2026-09-06T14:30,DEL,MAA,2026-10-06,Economy Standard,T30(25-35),ROUND::2026-09-06T14:30,2026-09-06 14:30,ANCHORED,0,6553.00,CONSOLIDATED,True,1,EaseMyTrip,4,SINGLE_SOURCE,0.2500,AirlineSite;Cleartrip;Goibibo;MMT,1,1,6553.00,1,1,OBS02286,0,0,6553.00,6553.00,EaseMyTrip=6553.00,6553.00,6553.00,6553.00,0.00,0.00,0.00,DEL,MAA,2026-10-06,Economy Standard,True,2,True,6553.00,PRICED,2026-09-06 14:30,ANCHOR_TIMESTAMP,INR,DECLARED_PROTOTYPE_CONSTANT,,phase8-v1
CELL::DEL|MAA|2026-10-06|Economy Standard|T30(25-35)::ROUND::2026-09-06T20:15,DEL,MAA,2026-10-06,Economy Standard,T30(25-35),ROUND::2026-09-06T20:15,2026-09-06 20:15,ANCHORED,0,6602.00,CONSOLIDATED,False,2,AirlineSite;EaseMyTrip,4,PARTIAL_COVERAGE,0.5000,Cleartrip;Goibibo;MMT,1,1,6602.00,2,2,OBS02796;OBS02797,0,0,6591.00,6613.00,AirlineSite=6613.00;EaseMyTrip=6591.00,6591.00,6613.00,6602.00,22.00,22.00,0.00,DEL,MAA,2026-10-06,Economy Standard,True,2,True,6602.00,PRICED,2026-09-06 20:15,ANCHOR_TIMESTAMP,INR,DECLARED_PROTOTYPE_CONSTANT,,phase8-v1
CELL::DEL|MAA|2026-10-22|Economy Flexi|T45(40-50)::ROUND::2026-09-05T09:00,DEL,MAA,2026-10-22,Economy Flexi,T45(40-50),ROUND::2026-09-05T09:00,2026-09-05 09:00,ANCHORED,0,7933.00,CONSOLIDATED,False,4,Cleartrip;EaseMyTrip;Goibibo;MMT,4,FULL_COVERAGE,1.0000,AirlineSite,2,2,7881.00;7985.00,4,4,OBS00249;OBS00250;OBS00269;OBS00270,0,0,7870.00,7999.00,Cleartrip=7999.00;EaseMyTrip=7870.00;Goibibo=7892.00;MMT=7971.00,7870.00,7999.00,7931.50,28.00,25.00,104.00,DEL,MAA,2026-10-22,Economy Flexi,True,3,True,7933.00,PRICED,2026-09-05 09:00,ANCHOR_TIMESTAMP,INR,DECLARED_PROTOTYPE_CONSTANT,,phase8-v1
CELL::DEL|MAA|2026-10-22|Economy Flexi|T45(40-50)::ROUND::2026-09-05T14:30,DEL,MAA,2026-10-22,Economy Flexi,T45(40-50),ROUND::2026-09-05T14:30,2026-09-05 14:30,ANCHORED,0,7959.00,CONSOLIDATED,False,3,AirlineSite;Goibibo;MMT,4,PARTIAL_COVERAGE,0.7500,Cleartrip,2,2,7810.00;8108.00,3,3,OBS00746;OBS00767;OBS00768,0,0,7810.00,8192.00,AirlineSite=8192.00;Goibibo=7810.00;MMT=8024.00,7810.00,8192.00,8024.00,168.00,84.00,298.00,DEL,MAA,2026-10-22,Economy Flexi,True,3,True,7959.00,PRICED,2026-09-05 14:30,ANCHOR_TIMESTAMP,INR,DECLARED_PROTOTYPE_CONSTANT,,phase8-v1
CELL::DEL|MAA|2026-10-22|Economy Flexi|T45(40-50)::ROUND::2026-09-05T20:15,DEL,MAA,2026-10-22,Economy Flexi,T45(40-50),ROUND::2026-09-05T20:15,2026-09-05 20:15,ANCHORED,0,7769.00,CONSOLIDATED,True,1,Goibibo,4,SINGLE_SOURCE,0.2500,AirlineSite;Cleartrip;MMT,1,1,7769.00,1,1,OBS01268,0,0,7769.00,7769.00,Goibibo=7769.00,7769.00,7769.00,7769.00,0.00,0.00,0.00,DEL,MAA,2026-10-22,Economy Flexi,True,3,True,7769.00,PRICED,2026-09-05 20:15,ANCHOR_TIMESTAMP,INR,DECLARED_PROTOTYPE_CONSTANT,,phase8-v1
CELL::DEL|MAA|2026-10-22|Economy Flexi|T45(40-50)::ROUND::2026-09-06T09:00,DEL,MAA,2026-10-22,Economy Flexi,T45(40-50),ROUND::2026-09-06T09:00,2026-09-06 09:00,ANCHORED,0,8163.00,CONSOLIDATED,False,2,AirlineSite;EaseMyTrip,4,PARTIAL_COVERAGE,0.5000,Cleartrip;Goibibo;MMT,2,2,7900.00;8426.00,2,2,OBS01786;OBS01801,0,0,7900.00,8426.00,AirlineSite=7900.00;EaseMyTrip=8426.00,7900.00,8426.00,8163.00,0.00,0.00,526.00,DEL,MAA,2026-10-22,Economy Flexi,True,3,True,8163.00,PRICED,2026-09-06 09:00,ANCHOR_TIMESTAMP,INR,DECLARED_PROTOTYPE_CONSTANT,,phase8-v1
CELL::DEL|MAA|2026-10-22|Economy Flexi|T45(40-50)::ROUND::2026-09-06T14:30,DEL,MAA,2026-10-22,Economy Flexi,T45(40-50),ROUND::2026-09-06T14:30,2026-09-06 14:30,ANCHORED,0,8028.25,CONSOLIDATED,False,3,Cleartrip;EaseMyTrip;MMT,4,PARTIAL_COVERAGE,0.7500,AirlineSite;Goibibo,2,2,7921.50;8135.00,4,4,OBS02287;OBS02288;OBS02300;OBS02301,0,0,7704.00,8281.00,Cleartrip=7704.00;EaseMyTrip=8281.00;MMT=8064.00,7704.00,8281.00,8064.00,435.00,363.50,213.50,DEL,MAA,2026-10-22,Economy Flexi,True,3,True,8028.25,PRICED,2026-09-06 14:30,ANCHOR_TIMESTAMP,INR,DECLARED_PROTOTYPE_CONSTANT,,phase8-v1
CELL::DEL|MAA|2026-10-22|Economy Flexi|T45(40-50)::ROUND::2026-09-06T20:15,DEL,MAA,2026-10-22,Economy Flexi,T45(40-50),ROUND::2026-09-06T20:15,2026-09-06 20:15,ANCHORED,0,8019.00,CONSOLIDATED,False,2,Goibibo;MMT,4,PARTIAL_COVERAGE,0.5000,AirlineSite;Cleartrip,1,1,8019.00,2,2,OBS02811;OBS02812,0,0,7697.00,8341.00,Goibibo=7697.00;MMT=8341.00,7697.00,8341.00,8019.00,644.00,644.00,0.00,DEL,MAA,2026-10-22,Economy Flexi,True,3,True,8019.00,PRICED,2026-09-06 20:15,ANCHOR_TIMESTAMP,INR,DECLARED_PROTOTYPE_CONSTANT,,phase8-v1
CELL::DEL|MAA|2026-10-22|Economy Saver|T45(40-50)::ROUND::2026-09-05T09:00,DEL,MAA,2026-10-22,Economy Saver,T45(40-50),ROUND::2026-09-05T09:00,2026-09-05 09:00,ANCHORED,0,5057.00,CONSOLIDATED,False,2,AirlineSite;Goibibo,4,PARTIAL_COVERAGE,0.5000,Cleartrip;MMT,2,2,4867.00;5247.00,2,2,OBS00248;OBS00259,0,0,4867.00,5247.00,AirlineSite=5247.00;Goibibo=4867.00,4867.00,5247.00,5057.00,0.00,0.00,380.00,DEL,MAA,2026-10-22,Economy Saver,True,1,True,5057.00,PRICED,2026-09-05 09:00,ANCHOR_TIMESTAMP,INR,DECLARED_PROTOTYPE_CONSTANT,,phase8-v1
CELL::DEL|MAA|2026-10-22|Economy Saver|T45(40-50)::ROUND::2026-09-05T14:30,DEL,MAA,2026-10-22,Economy Saver,T45(40-50),ROUND::2026-09-05T14:30,2026-09-05 14:30,ANCHORED,0,5247.00,CONSOLIDATED,True,1,Goibibo,4,SINGLE_SOURCE,0.2500,AirlineSite;Cleartrip;MMT,1,1,5247.00,1,1,OBS00747,0,0,5247.00,5247.00,Goibibo=5247.00,5247.00,5247.00,5247.00,0.00,0.00,0.00,DEL,MAA,2026-10-22,Economy Saver,True,1,True,5247.00,PRICED,2026-09-05 14:30,ANCHOR_TIMESTAMP,INR,DECLARED_PROTOTYPE_CONSTANT,,phase8-v1
CELL::DEL|MAA|2026-10-22|Economy Saver|T45(40-50)::ROUND::2026-09-06T09:00,DEL,MAA,2026-10-22,Economy Saver,T45(40-50),ROUND::2026-09-06T09:00,2026-09-06 09:00,ANCHORED,0,5176.00,CONSOLIDATED,False,2,AirlineSite;Cleartrip,4,PARTIAL_COVERAGE,0.5000,Goibibo;MMT,2,2,5079.00;5273.00,2,2,OBS01785;OBS01811,0,0,5079.00,5273.00,AirlineSite=5273.00;Cleartrip=5079.00,5079.00,5273.00,5176.00,0.00,0.00,194.00,DEL,MAA,2026-10-22,Economy Saver,True,1,True,5176.00,PRICED,2026-09-06 09:00,ANCHOR_TIMESTAMP,INR,DECLARED_PROTOTYPE_CONSTANT,,phase8-v1
CELL::DEL|MAA|2026-10-22|Economy Saver|T45(40-50)::ROUND::2026-09-06T14:30,DEL,MAA,2026-10-22,Economy Saver,T45(40-50),ROUND::2026-09-06T14:30,2026-09-06 14:30,ANCHORED,0,5125.00,CONSOLIDATED,True,1,MMT,4,SINGLE_SOURCE,0.2500,AirlineSite;Cleartrip;Goibibo,1,1,5125.00,1,1,OBS02311,0,0,5125.00,5125.00,MMT=5125.00,5125.00,5125.00,5125.00,0.00,0.00,0.00,DEL,MAA,2026-10-22,Economy Saver,True,1,True,5125.00,PRICED,2026-09-06 14:30,ANCHOR_TIMESTAMP,INR,DECLARED_PROTOTYPE_CONSTANT,,phase8-v1
CELL::DEL|MAA|2026-10-22|Economy Saver|T45(40-50)::ROUND::2026-09-06T20:15,DEL,MAA,2026-10-22,Economy Saver,T45(40-50),ROUND::2026-09-06T20:15,2026-09-06 20:15,ANCHORED,0,5219.00,CONSOLIDATED,False,3,AirlineSite;EaseMyTrip;MMT,4,PARTIAL_COVERAGE,0.7500,Cleartrip;Goibibo,2,2,5080.00;5358.00,3,3,OBS02788;OBS02789;OBS02798,0,0,5080.00,5363.00,AirlineSite=5353.00;EaseMyTrip=5080.00;MMT=5363.00,5080.00,5363.00,5353.00,10.00,5.00,278.00,DEL,MAA,2026-10-22,Economy Saver,True,1,True,5219.00,PRICED,2026-09-06 20:15,ANCHOR_TIMESTAMP,INR,DECLARED_PROTOTYPE_CONSTANT,,phase8-v1
CELL::DEL|MAA|2026-10-22|Economy Standard|T45(40-50)::ROUND::2026-09-05T09:00,DEL,MAA,2026-10-22,Economy Standard,T45(40-50),ROUND::2026-09-05T09:00,2026-09-05 09:00,ANCHORED,0,6520.00,CONSOLIDATED,False,3,AirlineSite;EaseMyTrip;Goibibo,4,PARTIAL_COVERAGE,0.7500,Cleartrip;MMT,2,2,6468.00;6572.00,4,4,OBS00260;OBS00261;OBS00271;OBS00272,0,0,6441.00,6663.00,AirlineSite=6495.00;EaseMyTrip=6552.00;Goibibo=6481.00,6481.00,6552.00,6495.00,182.00,118.00,104.00,DEL,MAA,2026-10-22,Economy Standard,True,2,True,6520.00,PRICED,2026-09-05 09:00,ANCHOR_TIMESTAMP,INR,DECLARED_PROTOTYPE_CONSTANT,,phase8-v1
CELL::DEL|MAA|2026-10-22|Economy Standard|T45(40-50)::ROUND::2026-09-05T14:30,DEL,MAA,2026-10-22,Economy Standard,T45(40-50),ROUND::2026-09-05T14:30,2026-09-05 14:30,ANCHORED,0,6442.75,CONSOLIDATED,False,3,AirlineSite;Cleartrip;MMT,4,PARTIAL_COVERAGE,0.7500,Goibibo,2,2,6325.50;6560.00,4,4,OBS00756;OBS00757;OBS00769;OBS00770,0,0,6225.00,6895.00,AirlineSite=6895.00;Cleartrip=6402.00;MMT=6237.00,6237.00,6895.00,6402.00,670.00,411.50,234.50,DEL,MAA,2026-10-22,Economy Standard,True,2,True,6442.75,PRICED,2026-09-05 14:30,ANCHOR_TIMESTAMP,INR,DECLARED_PROTOTYPE_CONSTANT,,phase8-v1
CELL::DEL|MAA|2026-10-22|Economy Standard|T45(40-50)::ROUND::2026-09-05T20:15,DEL,MAA,2026-10-22,Economy Standard,T45(40-50),ROUND::2026-09-05T20:15,2026-09-05 20:15,ANCHORED,0,6483.00,CONSOLIDATED,True,2,AirlineSite;Cleartrip,4,PARTIAL_COVERAGE,0.5000,Goibibo;MMT,3,3,6251.00;6483.00;6650.00,3,3,OBS01267;OBS01278;OBS01288,0,0,6251.00,6650.00,AirlineSite=6483.00;Cleartrip=6450.50,6450.50,6483.00,6466.75,0.00,0.00,399.00,DEL,MAA,2026-10-22,Economy Standard,True,2,True,6483.00,PRICED,2026-09-05 20:15,ANCHOR_TIMESTAMP,INR,DECLARED_PROTOTYPE_CONSTANT,,phase8-v1
CELL::DEL|MAA|2026-10-22|Economy Standard|T45(40-50)::ROUND::2026-09-06T09:00,DEL,MAA,2026-10-22,Economy Standard,T45(40-50),ROUND::2026-09-06T09:00,2026-09-06 09:00,ANCHORED,0,6522.00,CONSOLIDATED,False,1,MMT,4,SINGLE_SOURCE,0.2500,AirlineSite;Cleartrip;Goibibo,2,2,6457.00;6587.00,2,2,OBS01800;OBS01810,0,0,6457.00,6587.00,MMT=6522.00,6522.00,6522.00,6522.00,0.00,0.00,130.00,DEL,MAA,2026-10-22,Economy Standard,True,2,True,6522.00,PRICED,2026-09-06 09:00,ANCHOR_TIMESTAMP,INR,DECLARED_PROTOTYPE_CONSTANT,,phase8-v1
CELL::DEL|MAA|2026-10-22|Economy Standard|T45(40-50)::ROUND::2026-09-06T14:30,DEL,MAA,2026-10-22,Economy Standard,T45(40-50),ROUND::2026-09-06T14:30,2026-09-06 14:30,ANCHORED,0,6367.00,CONSOLIDATED,True,1,EaseMyTrip,4,SINGLE_SOURCE,0.2500,AirlineSite;Cleartrip;Goibibo;MMT,1,1,6367.00,1,1,OBS02289,0,0,6367.00,6367.00,EaseMyTrip=6367.00,6367.00,6367.00,6367.00,0.00,0.00,0.00,DEL,MAA,2026-10-22,Economy Standard,True,2,True,6367.00,PRICED,2026-09-06 14:30,ANCHOR_TIMESTAMP,INR,DECLARED_PROTOTYPE_CONSTANT,,phase8-v1
CELL::DEL|MAA|2026-10-22|Economy Standard|T45(40-50)::ROUND::2026-09-06T20:15,DEL,MAA,2026-10-22,Economy Standard,T45(40-50),ROUND::2026-09-06T20:15,2026-09-06 20:15,ANCHORED,0,6384.00,CONSOLIDATED,True,1,Cleartrip,4,SINGLE_SOURCE,0.2500,AirlineSite;Goibibo;MMT,1,1,6384.00,1,1,OBS02810,0,0,6384.00,6384.00,Cleartrip=6384.00,6384.00,6384.00,6384.00,0.00,0.00,0.00,DEL,MAA,2026-10-22,Economy Standard,True,2,True,6384.00,PRICED,2026-09-06 20:15,ANCHOR_TIMESTAMP,INR,DECLARED_PROTOTYPE_CONSTANT,,phase8-v1
CELL::DEL|PNQ|2026-09-07|Economy Flexi|T1(0-2)::ROUND::2026-09-05T09:00,DEL,PNQ,2026-09-07,Economy Flexi,T1(0-2),ROUND::2026-09-05T09:00,2026-09-05 09:00,ANCHORED,0,11612.00,CONSOLIDATED,True,1,Cleartrip,4,SINGLE_SOURCE,0.2500,AirlineSite;Goibibo;MMT,3,3,11057.00;11612.00;11706.00,3,3,OBS00136;OBS00146;OBS00156,0,0,11057.00,11706.00,Cleartrip=11612.00,11612.00,11612.00,11612.00,0.00,0.00,649.00,DEL,PNQ,2026-09-07,Economy Flexi,True,3,True,11612.00,PRICED,2026-09-05 09:00,ANCHOR_TIMESTAMP,INR,DECLARED_PROTOTYPE_CONSTANT,,phase8-v1
CELL::DEL|PNQ|2026-09-07|Economy Flexi|T1(0-2)::ROUND::2026-09-05T14:30,DEL,PNQ,2026-09-07,Economy Flexi,T1(0-2),ROUND::2026-09-05T14:30,2026-09-05 14:30,ANCHORED,0,11977.00,CONSOLIDATED,True,1,EaseMyTrip,4,SINGLE_SOURCE,0.2500,AirlineSite;Cleartrip;Goibibo;MMT,1,1,11977.00,1,1,OBS00650,0,0,11977.00,11977.00,EaseMyTrip=11977.00,11977.00,11977.00,11977.00,0.00,0.00,0.00,DEL,PNQ,2026-09-07,Economy Flexi,True,3,True,11977.00,PRICED,2026-09-05 14:30,ANCHOR_TIMESTAMP,INR,DECLARED_PROTOTYPE_CONSTANT,,phase8-v1
CELL::DEL|PNQ|2026-09-07|Economy Flexi|T1(0-2)::ROUND::2026-09-05T20:15,DEL,PNQ,2026-09-07,Economy Flexi,T1(0-2),ROUND::2026-09-05T20:15,2026-09-05 20:15,ANCHORED,0,11632.50,CONSOLIDATED,False,2,AirlineSite;EaseMyTrip,4,PARTIAL_COVERAGE,0.5000,Cleartrip;Goibibo;MMT,1,1,11632.50,2,2,OBS01148;OBS01149,0,0,11365.00,11900.00,AirlineSite=11365.00;EaseMyTrip=11900.00,11365.00,11900.00,11632.50,535.00,535.00,0.00,DEL,PNQ,2026-09-07,Economy Flexi,True,3,True,11632.50,PRICED,2026-09-05 20:15,ANCHOR_TIMESTAMP,INR,DECLARED_PROTOTYPE_CONSTANT,,phase8-v1
CELL::DEL|PNQ|2026-09-07|Economy Flexi|T1(0-2)::ROUND::2026-09-06T09:00,DEL,PNQ,2026-09-07,Economy Flexi,T1(0-2),ROUND::2026-09-06T09:00,2026-09-06 09:00,ANCHORED,0,11406.50,CONSOLIDATED,False,2,AirlineSite;MMT,4,PARTIAL_COVERAGE,0.5000,Cleartrip;Goibibo,2,2,11286.00;11527.00,2,2,OBS01672;OBS01690,0,0,11286.00,11527.00,AirlineSite=11527.00;MMT=11286.00,11286.00,11527.00,11406.50,0.00,0.00,241.00,DEL,PNQ,2026-09-07,Economy Flexi,True,3,True,11406.50,PRICED,2026-09-06 09:00,ANCHOR_TIMESTAMP,INR,DECLARED_PROTOTYPE_CONSTANT,,phase8-v1
CELL::DEL|PNQ|2026-09-07|Economy Flexi|T1(0-2)::ROUND::2026-09-06T14:30,DEL,PNQ,2026-09-07,Economy Flexi,T1(0-2),ROUND::2026-09-06T14:30,2026-09-06 14:30,ANCHORED,0,11833.75,CONSOLIDATED,False,2,Cleartrip;Goibibo,4,PARTIAL_COVERAGE,0.5000,AirlineSite;MMT,2,2,11722.00;11945.50,4,4,OBS02172;OBS02173;OBS02183;OBS02184,0,0,11437.00,12196.00,Cleartrip=11566.00;Goibibo=12101.50,11566.00,12101.50,11833.75,570.00,535.50,223.50,DEL,PNQ,2026-09-07,Economy Flexi,True,3,True,11833.75,PRICED,2026-09-06 14:30,ANCHOR_TIMESTAMP,INR,DECLARED_PROTOTYPE_CONSTANT,,phase8-v1
CELL::DEL|PNQ|2026-09-07|Economy Flexi|T1(0-2)::ROUND::2026-09-06T20:15,DEL,PNQ,2026-09-07,Economy Flexi,T1(0-2),ROUND::2026-09-06T20:15,2026-09-06 20:15,ANCHORED,0,12026.00,CONSOLIDATED,False,2,AirlineSite;Cleartrip,4,PARTIAL_COVERAGE,0.5000,Goibibo;MMT,1,1,12026.00,2,2,OBS02687;OBS02688,0,0,11904.00,12148.00,AirlineSite=12148.00;Cleartrip=11904.00,11904.00,12148.00,12026.00,244.00,244.00,0.00,DEL,PNQ,2026-09-07,Economy Flexi,True,3,True,12026.00,PRICED,2026-09-06 20:15,ANCHOR_TIMESTAMP,INR,DECLARED_PROTOTYPE_CONSTANT,,phase8-v1
CELL::DEL|PNQ|2026-09-07|Economy Saver|T1(0-2)::ROUND::2026-09-05T09:00,DEL,PNQ,2026-09-07,Economy Saver,T1(0-2),ROUND::2026-09-05T09:00,2026-09-05 09:00,ANCHORED,0,7413.50,CONSOLIDATED,False,2,Cleartrip;EaseMyTrip,4,PARTIAL_COVERAGE,0.5000,AirlineSite;Goibibo;MMT,1,1,7413.50,2,2,OBS00154;OBS00155,0,0,7037.00,7790.00,Cleartrip=7037.00;EaseMyTrip=7790.00,7037.00,7790.00,7413.50,753.00,753.00,0.00,DEL,PNQ,2026-09-07,Economy Saver,True,1,True,7413.50,PRICED,2026-09-05 09:00,ANCHOR_TIMESTAMP,INR,DECLARED_PROTOTYPE_CONSTANT,,phase8-v1
CELL::DEL|PNQ|2026-09-07|Economy Saver|T1(0-2)::ROUND::2026-09-05T14:30,DEL,PNQ,2026-09-07,Economy Saver,T1(0-2),ROUND::2026-09-05T14:30,2026-09-05 14:30,ANCHORED,0,7423.00,CONSOLIDATED,False,3,Cleartrip;EaseMyTrip;MMT,4,PARTIAL_COVERAGE,0.7500,AirlineSite;Goibibo,3,3,7224.50;7423.00;7461.50,6,6,OBS00638;OBS00639;OBS00651;OBS00652;OBS00662;OBS00663,0,0,7173.00,7664.00,Cleartrip=7470.00;EaseMyTrip=7628.00;MMT=7218.00,7218.00,7628.00,7470.00,410.00,405.00,237.00,DEL,PNQ,2026-09-07,Economy Saver,True,1,True,7423.00,PRICED,2026-09-05 14:30,ANCHOR_TIMESTAMP,INR,DECLARED_PROTOTYPE_CONSTANT,,phase8-v1
CELL::DEL|PNQ|2026-09-07|Economy Saver|T1(0-2)::ROUND::2026-09-05T20:15,DEL,PNQ,2026-09-07,Economy Saver,T1(0-2),ROUND::2026-09-05T20:15,2026-09-05 20:15,ANCHORED,0,7231.75,CONSOLIDATED,False,3,AirlineSite;EaseMyTrip;MMT,4,PARTIAL_COVERAGE,0.7500,Cleartrip;Goibibo,2,2,7047.50;7416.00,4,4,OBS01160;OBS01161;OBS01174;OBS01175,0,0,7020.00,7673.00,AirlineSite=7089.50;EaseMyTrip=7673.00;MMT=7075.00,7075.00,7673.00,7089.50,514.00,284.50,368.50,DEL,PNQ,2026-09-07,Economy Saver,True,1,True,7231.75,PRICED,2026-09-05 20:15,ANCHOR_TIMESTAMP,INR,DECLARED_PROTOTYPE_CONSTANT,,phase8-v1
CELL::DEL|PNQ|2026-09-07|Economy Saver|T1(0-2)::ROUND::2026-09-06T09:00,DEL,PNQ,2026-09-07,Economy Saver,T1(0-2),ROUND::2026-09-06T09:00,2026-09-06 09:00,ANCHORED,0,7236.00,CONSOLIDATED,True,1,EaseMyTrip,4,SINGLE_SOURCE,0.2500,AirlineSite;Cleartrip;Goibibo;MMT,1,1,7236.00,1,1,OBS01684,0,0,7236.00,7236.00,EaseMyTrip=7236.00,7236.00,7236.00,7236.00,0.00,0.00,0.00,DEL,PNQ,2026-09-07,Economy Saver,True,1,True,7236.00,PRICED,2026-09-06 09:00,ANCHOR_TIMESTAMP,INR,DECLARED_PROTOTYPE_CONSTANT,,phase8-v1
CELL::DEL|PNQ|2026-09-07|Economy Saver|T1(0-2)::ROUND::2026-09-06T14:30,DEL,PNQ,2026-09-07,Economy Saver,T1(0-2),ROUND::2026-09-06T14:30,2026-09-06 14:30,ANCHORED,0,7281.50,CONSOLIDATED,False,3,AirlineSite;Cleartrip;EaseMyTrip,4,PARTIAL_COVERAGE,0.7500,Goibibo;MMT,2,2,7281.00;7282.00,3,3,OBS02174;OBS02194;OBS02195,0,0,7259.00,7305.00,AirlineSite=7281.00;Cleartrip=7305.00;EaseMyTrip=7259.00,7259.00,7305.00,7281.00,46.00,23.00,1.00,DEL,PNQ,2026-09-07,Economy Saver,True,1,True,7281.50,PRICED,2026-09-06 14:30,ANCHOR_TIMESTAMP,INR,DECLARED_PROTOTYPE_CONSTANT,,phase8-v1
CELL::DEL|PNQ|2026-09-07|Economy Saver|T1(0-2)::ROUND::2026-09-06T20:15,DEL,PNQ,2026-09-07,Economy Saver,T1(0-2),ROUND::2026-09-06T20:15,2026-09-06 20:15,ANCHORED,0,7739.50,CONSOLIDATED,False,2,AirlineSite;EaseMyTrip,4,PARTIAL_COVERAGE,0.5000,Cleartrip;Goibibo;MMT,2,2,7673.00;7806.00,2,2,OBS02674;OBS02701,0,0,7673.00,7806.00,AirlineSite=7673.00;EaseMyTrip=7806.00,7673.00,7806.00,7739.50,0.00,0.00,133.00,DEL,PNQ,2026-09-07,Economy Saver,True,1,True,7739.50,PRICED,2026-09-06 20:15,ANCHOR_TIMESTAMP,INR,DECLARED_PROTOTYPE_CONSTANT,,phase8-v1
CELL::DEL|PNQ|2026-09-07|Economy Standard|T1(0-2)::ROUND::2026-09-05T09:00,DEL,PNQ,2026-09-07,Economy Standard,T1(0-2),ROUND::2026-09-05T09:00,2026-09-05 09:00,ANCHORED,0,9294.00,CONSOLIDATED,True,1,MMT,4,SINGLE_SOURCE,0.2500,AirlineSite;Cleartrip;Goibibo,1,1,9294.00,1,1,OBS00135,0,0,9294.00,9294.00,MMT=9294.00,9294.00,9294.00,9294.00,0.00,0.00,0.00,DEL,PNQ,2026-09-07,Economy Standard,True,2,True,9294.00,PRICED,2026-09-05 09:00,ANCHOR_TIMESTAMP,INR,DECLARED_PROTOTYPE_CONSTANT,,phase8-v1
CELL::DEL|PNQ|2026-09-07|Economy Standard|T1(0-2)::ROUND::2026-09-05T14:30,DEL,PNQ,2026-09-07,Economy Standard,T1(0-2),ROUND::2026-09-05T14:30,2026-09-05 14:30,ANCHORED,0,9710.00,CONSOLIDATED,False,2,AirlineSite;Goibibo,4,PARTIAL_COVERAGE,0.5000,Cleartrip;MMT,2,2,9638.00;9782.00,2,2,OBS00640;OBS00661,0,0,9638.00,9782.00,AirlineSite=9638.00;Goibibo=9782.00,9638.00,9782.00,9710.00,0.00,0.00,144.00,DEL,PNQ,2026-09-07,Economy Standard,True,2,True,9710.00,PRICED,2026-09-05 14:30,ANCHOR_TIMESTAMP,INR,DECLARED_PROTOTYPE_CONSTANT,,phase8-v1
CELL::DEL|PNQ|2026-09-07|Economy Standard|T1(0-2)::ROUND::2026-09-05T20:15,DEL,PNQ,2026-09-07,Economy Standard,T1(0-2),ROUND::2026-09-05T20:15,2026-09-05 20:15,ANCHORED,0,9518.00,CONSOLIDATED,False,3,AirlineSite;EaseMyTrip;MMT,4,PARTIAL_COVERAGE,0.7500,Cleartrip;Goibibo,2,2,9382.00;9654.00,3,3,OBS01147;OBS01172;OBS01173,0,0,9178.00,9654.00,AirlineSite=9654.00;EaseMyTrip=9178.00;MMT=9586.00,9178.00,9654.00,9586.00,408.00,204.00,272.00,DEL,PNQ,2026-09-07,Economy Standard,True,2,True,9518.00,PRICED,2026-09-05 20:15,ANCHOR_TIMESTAMP,INR,DECLARED_PROTOTYPE_CONSTANT,,phase8-v1
CELL::DEL|PNQ|2026-09-07|Economy Standard|T1(0-2)::ROUND::2026-09-06T09:00,DEL,PNQ,2026-09-07,Economy Standard,T1(0-2),ROUND::2026-09-06T09:00,2026-09-06 09:00,ANCHORED,0,9496.00,CONSOLIDATED,True,1,MMT,4,SINGLE_SOURCE,0.2500,AirlineSite;Cleartrip;Goibibo,1,1,9496.00,1,1,OBS01691,0,0,9496.00,9496.00,MMT=9496.00,9496.00,9496.00,9496.00,0.00,0.00,0.00,DEL,PNQ,2026-09-07,Economy Standard,True,2,True,9496.00,PRICED,2026-09-06 09:00,ANCHOR_TIMESTAMP,INR,DECLARED_PROTOTYPE_CONSTANT,,phase8-v1
CELL::DEL|PNQ|2026-09-07|Economy Standard|T1(0-2)::ROUND::2026-09-06T14:30,DEL,PNQ,2026-09-07,Economy Standard,T1(0-2),ROUND::2026-09-06T14:30,2026-09-06 14:30,ANCHORED,0,9672.75,CONSOLIDATED,False,2,EaseMyTrip;MMT,4,PARTIAL_COVERAGE,0.5000,AirlineSite;Cleartrip;Goibibo,2,2,9576.00;9769.50,3,3,OBS02185;OBS02186;OBS02196,0,0,9576.00,9776.00,EaseMyTrip=9763.00;MMT=9676.00,9676.00,9763.00,9719.50,13.00,6.50,193.50,DEL,PNQ,2026-09-07,Economy Standard,True,2,True,9672.75,PRICED,2026-09-06 14:30,ANCHOR_TIMESTAMP,INR,DECLARED_PROTOTYPE_CONSTANT,,phase8-v1
CELL::DEL|PNQ|2026-09-07|Economy Standard|T1(0-2)::ROUND::2026-09-06T20:15,DEL,PNQ,2026-09-07,Economy Standard,T1(0-2),ROUND::2026-09-06T20:15,2026-09-06 20:15,ANCHORED,0,9881.00,CONSOLIDATED,False,2,Cleartrip;EaseMyTrip,4,PARTIAL_COVERAGE,0.5000,AirlineSite;Goibibo;MMT,2,2,9736.50;10025.50,4,4,OBS02675;OBS02676;OBS02699;OBS02700,0,0,9719.00,10062.00,Cleartrip=9854.00;EaseMyTrip=9908.00,9854.00,9908.00,9881.00,73.00,54.00,289.00,DEL,PNQ,2026-09-07,Economy Standard,True,2,True,9881.00,PRICED,2026-09-06 20:15,ANCHOR_TIMESTAMP,INR,DECLARED_PROTOTYPE_CONSTANT,,phase8-v1
CELL::DEL|PNQ|2026-09-13|Economy Flexi|T7(5-9)::ROUND::2026-09-05T09:00,DEL,PNQ,2026-09-13,Economy Flexi,T7(5-9),ROUND::2026-09-05T09:00,2026-09-05 09:00,ANCHORED,0,10711.00,CONSOLIDATED,False,2,Goibibo;MMT,4,PARTIAL_COVERAGE,0.5000,AirlineSite;Cleartrip,1,1,10711.00,2,2,OBS00157;OBS00158,0,0,10542.00,10880.00,Goibibo=10880.00;MMT=10542.00,10542.00,10880.00,10711.00,338.00,338.00,0.00,DEL,PNQ,2026-09-13,Economy Flexi,True,3,True,10711.00,PRICED,2026-09-05 09:00,ANCHOR_TIMESTAMP,INR,DECLARED_PROTOTYPE_CONSTANT,,phase8-v1
CELL::DEL|PNQ|2026-09-13|Economy Flexi|T7(5-9)::ROUND::2026-09-05T14:30,DEL,PNQ,2026-09-13,Economy Flexi,T7(5-9),ROUND::2026-09-05T14:30,2026-09-05 14:30,ANCHORED,0,10578.50,CONSOLIDATED,False,3,EaseMyTrip;Goibibo;MMT,4,PARTIAL_COVERAGE,0.7500,AirlineSite;Cleartrip,3,3,10362.00;10578.50;10657.00,5,5,OBS00641;OBS00642;OBS00653;OBS00654;OBS00664,0,0,9931.00,10793.00,EaseMyTrip=10170.50;Goibibo=10793.00;MMT=10702.00,10170.50,10793.00,10702.00,862.00,337.00,295.00,DEL,PNQ,2026-09-13,Economy Flexi,True,3,True,10578.50,PRICED,2026-09-05 14:30,ANCHOR_TIMESTAMP,INR,DECLARED_PROTOTYPE_CONSTANT,,phase8-v1
CELL::DEL|PNQ|2026-09-13|Economy Flexi|T7(5-9)::ROUND::2026-09-05T20:15,DEL,PNQ,2026-09-13,Economy Flexi,T7(5-9),ROUND::2026-09-05T20:15,2026-09-05 20:15,ANCHORED,0,10638.00,CONSOLIDATED,False,2,AirlineSite;MMT,4,PARTIAL_COVERAGE,0.5000,Cleartrip;Goibibo,1,1,10638.00,2,2,OBS01162;OBS01163,0,0,10524.00,10752.00,AirlineSite=10524.00;MMT=10752.00,10524.00,10752.00,10638.00,228.00,228.00,0.00,DEL,PNQ,2026-09-13,Economy Flexi,True,3,True,10638.00,PRICED,2026-09-05 20:15,ANCHOR_TIMESTAMP,INR,DECLARED_PROTOTYPE_CONSTANT,,phase8-v1
CELL::DEL|PNQ|2026-09-13|Economy Flexi|T7(5-9)::ROUND::2026-09-06T14:30,DEL,PNQ,2026-09-13,Economy Flexi,T7(5-9),ROUND::2026-09-06T14:30,2026-09-06 14:30,ANCHORED,0,10135.00,CONSOLIDATED,True,1,Goibibo,4,SINGLE_SOURCE,0.2500,AirlineSite;Cleartrip;MMT,1,1,10135.00,1,1,OBS02188,0,0,10135.00,10135.00,Goibibo=10135.00,10135.00,10135.00,10135.00,0.00,0.00,0.00,DEL,PNQ,2026-09-13,Economy Flexi,True,3,True,10135.00,PRICED,2026-09-06 14:30,ANCHOR_TIMESTAMP,INR,DECLARED_PROTOTYPE_CONSTANT,,phase8-v1
CELL::DEL|PNQ|2026-09-13|Economy Flexi|T7(5-9)::ROUND::2026-09-06T20:15,DEL,PNQ,2026-09-13,Economy Flexi,T7(5-9),ROUND::2026-09-06T20:15,2026-09-06 20:15,ANCHORED,0,10879.00,CONSOLIDATED,True,1,EaseMyTrip,4,SINGLE_SOURCE,0.2500,AirlineSite;Cleartrip;Goibibo;MMT,1,1,10879.00,1,1,OBS02677,0,0,10879.00,10879.00,EaseMyTrip=10879.00,10879.00,10879.00,10879.00,0.00,0.00,0.00,DEL,PNQ,2026-09-13,Economy Flexi,True,3,True,10879.00,PRICED,2026-09-06 20:15,ANCHOR_TIMESTAMP,INR,DECLARED_PROTOTYPE_CONSTANT,,phase8-v1
CELL::DEL|PNQ|2026-09-13|Economy Saver|T7(5-9)::ROUND::2026-09-05T09:00,DEL,PNQ,2026-09-13,Economy Saver,T7(5-9),ROUND::2026-09-05T09:00,2026-09-05 09:00,ANCHORED,0,6367.00,CONSOLIDATED,True,1,MMT,4,SINGLE_SOURCE,0.2500,AirlineSite;Cleartrip;Goibibo,1,1,6367.00,1,1,OBS00147,0,0,6367.00,6367.00,MMT=6367.00,6367.00,6367.00,6367.00,0.00,0.00,0.00,DEL,PNQ,2026-09-13,Economy Saver,True,1,True,6367.00,PRICED,2026-09-05 09:00,ANCHOR_TIMESTAMP,INR,DECLARED_PROTOTYPE_CONSTANT,,phase8-v1
CELL::DEL|PNQ|2026-09-13|Economy Saver|T7(5-9)::ROUND::2026-09-05T20:15,DEL,PNQ,2026-09-13,Economy Saver,T7(5-9),ROUND::2026-09-05T20:15,2026-09-05 20:15,ANCHORED,0,6878.50,CONSOLIDATED,False,2,EaseMyTrip;Goibibo,4,PARTIAL_COVERAGE,0.5000,AirlineSite;Cleartrip;MMT,1,1,6878.50,2,2,OBS01151;OBS01152,0,0,6874.00,6883.00,EaseMyTrip=6874.00;Goibibo=6883.00,6874.00,6883.00,6878.50,9.00,9.00,0.00,DEL,PNQ,2026-09-13,Economy Saver,True,1,True,6878.50,PRICED,2026-09-05 20:15,ANCHOR_TIMESTAMP,INR,DECLARED_PROTOTYPE_CONSTANT,,phase8-v1
CELL::DEL|PNQ|2026-09-13|Economy Saver|T7(5-9)::ROUND::2026-09-06T09:00,DEL,PNQ,2026-09-13,Economy Saver,T7(5-9),ROUND::2026-09-06T09:00,2026-09-06 09:00,ANCHORED,0,6652.00,CONSOLIDATED,False,4,AirlineSite;Cleartrip;EaseMyTrip;MMT,4,FULL_COVERAGE,1.0000,Goibibo,3,3,6595.50;6652.00;7022.00,5,5,OBS01675;OBS01676;OBS01685;OBS01693;OBS01694,0,0,6541.00,7022.00,AirlineSite=6562.00;Cleartrip=6763.00;EaseMyTrip=7022.00;MMT=6608.00,6562.00,7022.00,6685.50,222.00,25.00,426.50,DEL,PNQ,2026-09-13,Economy Saver,True,1,True,6652.00,PRICED,2026-09-06 09:00,ANCHOR_TIMESTAMP,INR,DECLARED_PROTOTYPE_CONSTANT,,phase8-v1
CELL::DEL|PNQ|2026-09-13|Economy Saver|T7(5-9)::ROUND::2026-09-06T14:30,DEL,PNQ,2026-09-13,Economy Saver,T7(5-9),ROUND::2026-09-06T14:30,2026-09-06 14:30,ANCHORED,0,6741.00,CONSOLIDATED,False,4,AirlineSite;Cleartrip;Goibibo;MMT,4,FULL_COVERAGE,1.0000,,3,3,6732.50;6741.00;6792.00,5,5,OBS02175;OBS02176;OBS02187;OBS02197;OBS02198,0,0,6517.00,6965.00,AirlineSite=6965.00;Cleartrip=6517.00;Goibibo=6536.00;MMT=6860.50,6517.00,6965.00,6698.25,448.00,393.00,59.50,DEL,PNQ,2026-09-13,Economy Saver,True,1,True,6741.00,PRICED,2026-09-06 14:30,ANCHOR_TIMESTAMP,INR,DECLARED_PROTOTYPE_CONSTANT,,phase8-v1
CELL::DEL|PNQ|2026-09-13|Economy Saver|T7(5-9)::ROUND::2026-09-06T20:15,DEL,PNQ,2026-09-13,Economy Saver,T7(5-9),ROUND::2026-09-06T20:15,2026-09-06 20:15,ANCHORED,0,6815.25,CONSOLIDATED,False,3,AirlineSite;EaseMyTrip;MMT,4,PARTIAL_COVERAGE,0.7500,Cleartrip;Goibibo,2,2,6742.50;6888.00,4,4,OBS02689;OBS02690;OBS02702;OBS02703,0,0,6574.00,6981.00,AirlineSite=6981.00;EaseMyTrip=6574.00;MMT=6853.00,6574.00,6981.00,6853.00,337.00,261.50,145.50,DEL,PNQ,2026-09-13,Economy Saver,True,1,True,6815.25,PRICED,2026-09-06 20:15,ANCHOR_TIMESTAMP,INR,DECLARED_PROTOTYPE_CONSTANT,,phase8-v1
CELL::DEL|PNQ|2026-09-13|Economy Standard|T7(5-9)::ROUND::2026-09-05T09:00,DEL,PNQ,2026-09-13,Economy Standard,T7(5-9),ROUND::2026-09-05T09:00,2026-09-05 09:00,ANCHORED,0,8548.25,CONSOLIDATED,False,3,AirlineSite;Cleartrip;Goibibo,4,PARTIAL_COVERAGE,0.7500,MMT,2,2,8531.00;8565.50,3,3,OBS00137;OBS00159;OBS00160,0,0,8319.00,8812.00,AirlineSite=8531.00;Cleartrip=8812.00;Goibibo=8319.00,8319.00,8812.00,8531.00,493.00,246.50,34.50,DEL,PNQ,2026-09-13,Economy Standard,True,2,True,8548.25,PRICED,2026-09-05 09:00,ANCHOR_TIMESTAMP,INR,DECLARED_PROTOTYPE_CONSTANT,,phase8-v1
CELL::DEL|PNQ|2026-09-13|Economy Standard|T7(5-9)::ROUND::2026-09-05T14:30,DEL,PNQ,2026-09-13,Economy Standard,T7(5-9),ROUND::2026-09-05T14:30,2026-09-05 14:30,ANCHORED,0,8584.00,CONSOLIDATED,False,2,AirlineSite;EaseMyTrip,4,PARTIAL_COVERAGE,0.5000,Cleartrip;Goibibo;MMT,1,1,8584.00,2,2,OBS00665;OBS00666,0,0,8253.00,8915.00,AirlineSite=8915.00;EaseMyTrip=8253.00,8253.00,8915.00,8584.00,662.00,662.00,0.00,DEL,PNQ,2026-09-13,Economy Standard,True,2,True,8584.00,PRICED,2026-09-05 14:30,ANCHOR_TIMESTAMP,INR,DECLARED_PROTOTYPE_CONSTANT,,phase8-v1
CELL::DEL|PNQ|2026-09-13|Economy Standard|T7(5-9)::ROUND::2026-09-05T20:15,DEL,PNQ,2026-09-13,Economy Standard,T7(5-9),ROUND::2026-09-05T20:15,2026-09-05 20:15,ANCHORED,0,8480.00,CONSOLIDATED,False,3,AirlineSite;Goibibo;MMT,4,PARTIAL_COVERAGE,0.7500,Cleartrip,3,3,8261.00;8480.00;8533.00,4,4,OBS01150;OBS01164;OBS01176;OBS01177,0,0,8261.00,8613.00,AirlineSite=8533.00;Goibibo=8304.00;MMT=8613.00,8304.00,8613.00,8533.00,266.00,0.00,272.00,DEL,PNQ,2026-09-13,Economy Standard,True,2,True,8480.00,PRICED,2026-09-05 20:15,ANCHOR_TIMESTAMP,INR,DECLARED_PROTOTYPE_CONSTANT,,phase8-v1
CELL::DEL|PNQ|2026-09-13|Economy Standard|T7(5-9)::ROUND::2026-09-06T09:00,DEL,PNQ,2026-09-13,Economy Standard,T7(5-9),ROUND::2026-09-06T09:00,2026-09-06 09:00,ANCHORED,0,8609.00,CONSOLIDATED,True,3,Cleartrip;Goibibo;MMT,4,PARTIAL_COVERAGE,0.7500,AirlineSite,3,3,8516.00;8609.00;8640.50,4,4,OBS01673;OBS01674;OBS01686;OBS01692,0,0,8374.00,8907.00,Cleartrip=8907.00;Goibibo=8562.50;MMT=8374.00,8374.00,8907.00,8562.50,533.00,0.00,124.50,DEL,PNQ,2026-09-13,Economy Standard,True,2,True,8609.00,PRICED,2026-09-06 09:00,ANCHOR_TIMESTAMP,INR,DECLARED_PROTOTYPE_CONSTANT,,phase8-v1
CELL::DEL|PNQ|2026-09-13|Economy Standard|T7(5-9)::ROUND::2026-09-06T14:30,DEL,PNQ,2026-09-13,Economy Standard,T7(5-9),ROUND::2026-09-06T14:30,2026-09-06 14:30,ANCHORED,0,8385.00,CONSOLIDATED,True,1,Cleartrip,4,SINGLE_SOURCE,0.2500,AirlineSite;Goibibo;MMT,1,1,8385.00,1,1,OBS02199,0,0,8385.00,8385.00,Cleartrip=8385.00,8385.00,8385.00,8385.00,0.00,0.00,0.00,DEL,PNQ,2026-09-13,Economy Standard,True,2,True,8385.00,PRICED,2026-09-06 14:30,ANCHOR_TIMESTAMP,INR,DECLARED_PROTOTYPE_CONSTANT,,phase8-v1
CELL::DEL|PNQ|2026-09-13|Economy Standard|T7(5-9)::ROUND::2026-09-06T20:15,DEL,PNQ,2026-09-13,Economy Standard,T7(5-9),ROUND::2026-09-06T20:15,2026-09-06 20:15,ANCHORED,0,8519.50,CONSOLIDATED,False,2,Goibibo;MMT,4,PARTIAL_COVERAGE,0.5000,AirlineSite;Cleartrip,2,2,8247.00;8792.00,2,2,OBS02691;OBS02704,0,0,8247.00,8792.00,Goibibo=8247.00;MMT=8792.00,8247.00,8792.00,8519.50,0.00,0.00,545.00,DEL,PNQ,2026-09-13,Economy Standard,True,2,True,8519.50,PRICED,2026-09-06 20:15,ANCHOR_TIMESTAMP,INR,DECLARED_PROTOTYPE_CONSTANT,,phase8-v1
CELL::DEL|PNQ|2026-09-13|Economy Standard|T7(5-9)::ROUND::2026-09-07T14:30,DEL,PNQ,2026-09-13,Economy Standard,T7(5-9),ROUND::2026-09-07T14:30,2026-09-07 14:30,ANCHORED,0,8998.00,CONSOLIDATED,True,1,AirlineSite,4,SINGLE_SOURCE,0.2500,Cleartrip;Goibibo;MMT,1,1,8998.00,1,1,OBS02996,0,0,8998.00,8998.00,AirlineSite=8998.00,8998.00,8998.00,8998.00,0.00,0.00,0.00,DEL,PNQ,2026-09-13,Economy Standard,True,2,True,8998.00,PRICED,2026-09-07 14:30,ANCHOR_TIMESTAMP,INR,DECLARED_PROTOTYPE_CONSTANT,,phase8-v1
CELL::DEL|PNQ|2026-09-21|Economy Flexi|T15(12-18)::ROUND::2026-09-05T09:00,DEL,PNQ,2026-09-21,Economy Flexi,T15(12-18),ROUND::2026-09-05T09:00,2026-09-05 09:00,ANCHORED,0,8698.00,CONSOLIDATED,False,3,AirlineSite;EaseMyTrip;Goibibo,4,PARTIAL_COVERAGE,0.7500,Cleartrip;MMT,2,2,8652.50;8743.50,4,4,OBS00140;OBS00141;OBS00161;OBS00162,0,0,8541.00,8819.00,AirlineSite=8604.50;EaseMyTrip=8819.00;Goibibo=8764.00,8604.50,8819.00,8764.00,223.00,187.00,91.00,DEL,PNQ,2026-09-21,Economy Flexi,True,3,True,8698.00,PRICED,2026-09-05 09:00,ANCHOR_TIMESTAMP,INR,DECLARED_PROTOTYPE_CONSTANT,,phase8-v1
CELL::DEL|PNQ|2026-09-21|Economy Flexi|T15(12-18)::ROUND::2026-09-05T14:30,DEL,PNQ,2026-09-21,Economy Flexi,T15(12-18),ROUND::2026-09-05T14:30,2026-09-05 14:30,ANCHORED,0,8445.00,CONSOLIDATED,True,1,Goibibo,4,SINGLE_SOURCE,0.2500,AirlineSite;Cleartrip;MMT,1,1,8445.00,1,1,OBS00667,0,0,8445.00,8445.00,Goibibo=8445.00,8445.00,8445.00,8445.00,0.00,0.00,0.00,DEL,PNQ,2026-09-21,Economy Flexi,True,3,True,8445.00,PRICED,2026-09-05 14:30,ANCHOR_TIMESTAMP,INR,DECLARED_PROTOTYPE_CONSTANT,,phase8-v1
CELL::DEL|PNQ|2026-09-21|Economy Flexi|T15(12-18)::ROUND::2026-09-05T20:15,DEL,PNQ,2026-09-21,Economy Flexi,T15(12-18),ROUND::2026-09-05T20:15,2026-09-05 20:15,ANCHORED,0,8961.00,CONSOLIDATED,True,1,EaseMyTrip,4,SINGLE_SOURCE,0.2500,AirlineSite;Cleartrip;Goibibo;MMT,1,1,8961.00,1,1,OBS01153,0,0,8961.00,8961.00,EaseMyTrip=8961.00,8961.00,8961.00,8961.00,0.00,0.00,0.00,DEL,PNQ,2026-09-21,Economy Flexi,True,3,True,8961.00,PRICED,2026-09-05 20:15,ANCHOR_TIMESTAMP,INR,DECLARED_PROTOTYPE_CONSTANT,,phase8-v1
CELL::DEL|PNQ|2026-09-21|Economy Flexi|T15(12-18)::ROUND::2026-09-06T14:30,DEL,PNQ,2026-09-21,Economy Flexi,T15(12-18),ROUND::2026-09-06T14:30,2026-09-06 14:30,ANCHORED,0,8929.00,CONSOLIDATED,True,3,AirlineSite;Cleartrip;EaseMyTrip,4,PARTIAL_COVERAGE,0.7500,Goibibo;MMT,3,3,8890.00;8929.00;9285.00,4,4,OBS02177;OBS02190;OBS02200;OBS02201,0,0,8703.00,9285.00,AirlineSite=9077.00;Cleartrip=9107.00;EaseMyTrip=8703.00,8703.00,9107.00,9077.00,374.00,0.00,395.00,DEL,PNQ,2026-09-21,Economy Flexi,True,3,True,8929.00,PRICED,2026-09-06 14:30,ANCHOR_TIMESTAMP,INR,DECLARED_PROTOTYPE_CONSTANT,,phase8-v1
CELL::DEL|PNQ|2026-09-21|Economy Flexi|T15(12-18)::ROUND::2026-09-06T20:15,DEL,PNQ,2026-09-21,Economy Flexi,T15(12-18),ROUND::2026-09-06T20:15,2026-09-06 20:15,ANCHORED,0,9112.00,CONSOLIDATED,False,2,Cleartrip;Goibibo,4,PARTIAL_COVERAGE,0.5000,AirlineSite;MMT,2,2,8917.00;9307.00,2,2,OBS02678;OBS02705,0,0,8917.00,9307.00,Cleartrip=8917.00;Goibibo=9307.00,8917.00,9307.00,9112.00,0.00,0.00,390.00,DEL,PNQ,2026-09-21,Economy Flexi,True,3,True,9112.00,PRICED,2026-09-06 20:15,ANCHOR_TIMESTAMP,INR,DECLARED_PROTOTYPE_CONSTANT,,phase8-v1
CELL::DEL|PNQ|2026-09-21|Economy Saver|T15(12-18)::ROUND::2026-09-05T09:00,DEL,PNQ,2026-09-21,Economy Saver,T15(12-18),ROUND::2026-09-05T09:00,2026-09-05 09:00,ANCHORED,0,5844.50,CONSOLIDATED,False,3,EaseMyTrip;Goibibo;MMT,4,PARTIAL_COVERAGE,0.7500,AirlineSite;Cleartrip,2,2,5752.00;5937.00,3,3,OBS00138;OBS00139;OBS00149,0,0,5594.00,5937.00,EaseMyTrip=5910.00;Goibibo=5594.00;MMT=5937.00,5594.00,5937.00,5910.00,316.00,158.00,185.00,DEL,PNQ,2026-09-21,Economy Saver,True,1,True,5844.50,PRICED,2026-09-05 09:00,ANCHOR_TIMESTAMP,INR,DECLARED_PROTOTYPE_CONSTANT,,phase8-v1
CELL::DEL|PNQ|2026-09-21|Economy Saver|T15(12-18)::ROUND::2026-09-05T14:30,DEL,PNQ,2026-09-21,Economy Saver,T15(12-18),ROUND::2026-09-05T14:30,2026-09-05 14:30,ANCHORED,0,5516.50,CONSOLIDATED,False,2,AirlineSite;EaseMyTrip,4,PARTIAL_COVERAGE,0.5000,Cleartrip;Goibibo;MMT,2,2,5464.00;5569.00,2,2,OBS00643;OBS00655,0,0,5464.00,5569.00,AirlineSite=5464.00;EaseMyTrip=5569.00,5464.00,5569.00,5516.50,0.00,0.00,105.00,DEL,PNQ,2026-09-21,Economy Saver,True,1,True,5516.50,PRICED,2026-09-05 14:30,ANCHOR_TIMESTAMP,INR,DECLARED_PROTOTYPE_CONSTANT,,phase8-v1
CELL::DEL|PNQ|2026-09-21|Economy Saver|T15(12-18)::ROUND::2026-09-05T20:15,DEL,PNQ,2026-09-21,Economy Saver,T15(12-18),ROUND::2026-09-05T20:15,2026-09-05 20:15,ANCHORED,0,5482.25,CONSOLIDATED,False,3,AirlineSite;EaseMyTrip;MMT,4,PARTIAL_COVERAGE,0.7500,Cleartrip;Goibibo,2,2,5477.50;5487.00,3,3,OBS01154;OBS01165;OBS01166,0,0,5440.00,5515.00,AirlineSite=5515.00;EaseMyTrip=5440.00;MMT=5487.00,5440.00,5515.00,5487.00,75.00,37.50,9.50,DEL,PNQ,2026-09-21,Economy Saver,True,1,True,5482.25,PRICED,2026-09-05 20:15,ANCHOR_TIMESTAMP,INR,DECLARED_PROTOTYPE_CONSTANT,,phase8-v1
CELL::DEL|PNQ|2026-09-21|Economy Saver|T15(12-18)::ROUND::2026-09-06T20:15,DEL,PNQ,2026-09-21,Economy Saver,T15(12-18),ROUND::2026-09-06T20:15,2026-09-06 20:15,ANCHORED,0,5691.25,CONSOLIDATED,False,3,Cleartrip;Goibibo;MMT,4,PARTIAL_COVERAGE,0.7500,AirlineSite,2,2,5668.00;5714.50,4,4,OBS02679;OBS02680;OBS02692;OBS02693,0,0,5594.00,5782.00,Cleartrip=5742.00;Goibibo=5647.00;MMT=5688.00,5647.00,5742.00,5688.00,148.00,141.50,46.50,DEL,PNQ,2026-09-21,Economy Saver,True,1,True,5691.25,PRICED,2026-09-06 20:15,ANCHOR_TIMESTAMP,INR,DECLARED_PROTOTYPE_CONSTANT,,phase8-v1
CELL::DEL|PNQ|2026-09-21|Economy Standard|T15(12-18)::ROUND::2026-09-05T09:00,DEL,PNQ,2026-09-21,Economy Standard,T15(12-18),ROUND::2026-09-05T09:00,2026-09-05 09:00,ANCHORED,0,7337.75,CONSOLIDATED,False,3,AirlineSite;Cleartrip;EaseMyTrip,4,PARTIAL_COVERAGE,0.7500,Goibibo;MMT,2,2,7271.50;7404.00,3,3,OBS00148;OBS00163;OBS00164,0,0,7153.00,7404.00,AirlineSite=7153.00;Cleartrip=7404.00;EaseMyTrip=7390.00,7153.00,7404.00,7390.00,237.00,118.50,132.50,DEL,PNQ,2026-09-21,Economy Standard,True,2,True,7337.75,PRICED,2026-09-05 09:00,ANCHOR_TIMESTAMP,INR,DECLARED_PROTOTYPE_CONSTANT,,phase8-v1
CELL::DEL|PNQ|2026-09-21|Economy Standard|T15(12-18)::ROUND::2026-09-05T14:30,DEL,PNQ,2026-09-21,Economy Standard,T15(12-18),ROUND::2026-09-05T14:30,2026-09-05 14:30,ANCHORED,0,7312.50,CONSOLIDATED,False,2,AirlineSite;Goibibo,4,PARTIAL_COVERAGE,0.5000,Cleartrip;MMT,2,2,7198.00;7427.00,2,2,OBS00644;OBS00656,0,0,7198.00,7427.00,AirlineSite=7198.00;Goibibo=7427.00,7198.00,7427.00,7312.50,0.00,0.00,229.00,DEL,PNQ,2026-09-21,Economy Standard,True,2,True,7312.50,PRICED,2026-09-05 14:30,ANCHOR_TIMESTAMP,INR,DECLARED_PROTOTYPE_CONSTANT,,phase8-v1
CELL::DEL|PNQ|2026-09-21|Economy Standard|T15(12-18)::ROUND::2026-09-05T20:15,DEL,PNQ,2026-09-21,Economy Standard,T15(12-18),ROUND::2026-09-05T20:15,2026-09-05 20:15,ANCHORED,0,7478.00,CONSOLIDATED,True,1,AirlineSite,4,SINGLE_SOURCE,0.2500,Cleartrip;Goibibo;MMT,1,1,7478.00,1,1,OBS01178,0,0,7478.00,7478.00,AirlineSite=7478.00,7478.00,7478.00,7478.00,0.00,0.00,0.00,DEL,PNQ,2026-09-21,Economy Standard,True,2,True,7478.00,PRICED,2026-09-05 20:15,ANCHOR_TIMESTAMP,INR,DECLARED_PROTOTYPE_CONSTANT,,phase8-v1
CELL::DEL|PNQ|2026-09-21|Economy Standard|T15(12-18)::ROUND::2026-09-06T09:00,DEL,PNQ,2026-09-21,Economy Standard,T15(12-18),ROUND::2026-09-06T09:00,2026-09-06 09:00,ANCHORED,0,7452.00,CONSOLIDATED,True,5,AirlineSite;Cleartrip;EaseMyTrip;Goibibo;MMT,4,FULL_COVERAGE,1.2500,,3,3,7342.50;7452.00;7528.00,5,5,OBS01677;OBS01678;OBS01687;OBS01695;OBS01696,0,0,7080.00,7605.00,AirlineSite=7605.00;Cleartrip=7080.00;EaseMyTrip=7595.00;Goibibo=7452.00;MMT=7461.00,7080.00,7605.00,7461.00,525.00,134.00,185.50,DEL,PNQ,2026-09-21,Economy Standard,True,2,True,7452.00,PRICED,2026-09-06 09:00,ANCHOR_TIMESTAMP,INR,DECLARED_PROTOTYPE_CONSTANT,,phase8-v1
CELL::DEL|PNQ|2026-09-21|Economy Standard|T15(12-18)::ROUND::2026-09-06T14:30,DEL,PNQ,2026-09-21,Economy Standard,T15(12-18),ROUND::2026-09-06T14:30,2026-09-06 14:30,ANCHORED,0,7125.00,CONSOLIDATED,False,1,EaseMyTrip,4,SINGLE_SOURCE,0.2500,AirlineSite;Cleartrip;Goibibo;MMT,2,2,7077.00;7173.00,2,2,OBS02189;OBS02202,0,0,7077.00,7173.00,EaseMyTrip=7125.00,7125.00,7125.00,7125.00,0.00,0.00,96.00,DEL,PNQ,2026-09-21,Economy Standard,True,2,True,7125.00,PRICED,2026-09-06 14:30,ANCHOR_TIMESTAMP,INR,DECLARED_PROTOTYPE_CONSTANT,,phase8-v1
CELL::DEL|PNQ|2026-09-21|Economy Standard|T15(12-18)::ROUND::2026-09-06T20:15,DEL,PNQ,2026-09-21,Economy Standard,T15(12-18),ROUND::2026-09-06T20:15,2026-09-06 20:15,ANCHORED,0,7445.00,CONSOLIDATED,True,1,MMT,4,SINGLE_SOURCE,0.2500,AirlineSite;Cleartrip;Goibibo,1,1,7445.00,1,1,OBS02694,0,0,7445.00,7445.00,MMT=7445.00,7445.00,7445.00,7445.00,0.00,0.00,0.00,DEL,PNQ,2026-09-21,Economy Standard,True,2,True,7445.00,PRICED,2026-09-06 20:15,ANCHOR_TIMESTAMP,INR,DECLARED_PROTOTYPE_CONSTANT,,phase8-v1
CELL::DEL|PNQ|2026-10-06|Economy Flexi|T30(25-35)::ROUND::2026-09-05T09:00,DEL,PNQ,2026-10-06,Economy Flexi,T30(25-35),ROUND::2026-09-05T09:00,2026-09-05 09:00,ANCHORED,0,7949.50,CONSOLIDATED,False,2,EaseMyTrip;Goibibo,4,PARTIAL_COVERAGE,0.5000,AirlineSite;Cleartrip;MMT,1,1,7949.50,2,2,OBS00165;OBS00166,0,0,7835.00,8064.00,EaseMyTrip=8064.00;Goibibo=7835.00,7835.00,8064.00,7949.50,229.00,229.00,0.00,DEL,PNQ,2026-10-06,Economy Flexi,True,3,True,7949.50,PRICED,2026-09-05 09:00,ANCHOR_TIMESTAMP,INR,DECLARED_PROTOTYPE_CONSTANT,,phase8-v1
CELL::DEL|PNQ|2026-10-06|Economy Flexi|T30(25-35)::ROUND::2026-09-05T14:30,DEL,PNQ,2026-10-06,Economy Flexi,T30(25-35),ROUND::2026-09-05T14:30,2026-09-05 14:30,ANCHORED,0,7991.50,CONSOLIDATED,False,2,Cleartrip;EaseMyTrip,4,PARTIAL_COVERAGE,0.5000,AirlineSite;Goibibo;MMT,2,2,7798.00;8185.00,3,3,OBS00645;OBS00646;OBS00657,0,0,7697.00,8185.00,Cleartrip=7941.00;EaseMyTrip=7899.00,7899.00,7941.00,7920.00,202.00,101.00,387.00,DEL,PNQ,2026-10-06,Economy Flexi,True,3,True,7991.50,PRICED,2026-09-05 14:30,ANCHOR_TIMESTAMP,INR,DECLARED_PROTOTYPE_CONSTANT,,phase8-v1
CELL::DEL|PNQ|2026-10-06|Economy Flexi|T30(25-35)::ROUND::2026-09-05T20:15,DEL,PNQ,2026-10-06,Economy Flexi,T30(25-35),ROUND::2026-09-05T20:15,2026-09-05 20:15,ANCHORED,0,7812.00,CONSOLIDATED,False,2,Cleartrip;MMT,4,PARTIAL_COVERAGE,0.5000,AirlineSite;Goibibo,1,1,7812.00,2,2,OBS01167;OBS01168,0,0,7782.00,7842.00,Cleartrip=7842.00;MMT=7782.00,7782.00,7842.00,7812.00,60.00,60.00,0.00,DEL,PNQ,2026-10-06,Economy Flexi,True,3,True,7812.00,PRICED,2026-09-05 20:15,ANCHOR_TIMESTAMP,INR,DECLARED_PROTOTYPE_CONSTANT,,phase8-v1
CELL::DEL|PNQ|2026-10-06|Economy Flexi|T30(25-35)::ROUND::2026-09-06T09:00,DEL,PNQ,2026-10-06,Economy Flexi,T30(25-35),ROUND::2026-09-06T09:00,2026-09-06 09:00,ANCHORED,0,8383.50,CONSOLIDATED,False,2,Cleartrip;Goibibo,4,PARTIAL_COVERAGE,0.5000,AirlineSite;MMT,1,1,8383.50,2,2,OBS01697;OBS01698,0,0,8340.00,8427.00,Cleartrip=8427.00;Goibibo=8340.00,8340.00,8427.00,8383.50,87.00,87.00,0.00,DEL,PNQ,2026-10-06,Economy Flexi,True,3,True,8383.50,PRICED,2026-09-06 09:00,ANCHOR_TIMESTAMP,INR,DECLARED_PROTOTYPE_CONSTANT,,phase8-v1
CELL::DEL|PNQ|2026-10-06|Economy Saver|T30(25-35)::ROUND::2026-09-05T09:00,DEL,PNQ,2026-10-06,Economy Saver,T30(25-35),ROUND::2026-09-05T09:00,2026-09-05 09:00,ANCHORED,0,5128.00,CONSOLIDATED,False,2,AirlineSite;MMT,4,PARTIAL_COVERAGE,0.5000,Cleartrip;Goibibo,1,1,5128.00,2,2,OBS00142;OBS00143,0,0,4997.00,5259.00,AirlineSite=4997.00;MMT=5259.00,4997.00,5259.00,5128.00,262.00,262.00,0.00,DEL,PNQ,2026-10-06,Economy Saver,True,1,True,5128.00,PRICED,2026-09-05 09:00,ANCHOR_TIMESTAMP,INR,DECLARED_PROTOTYPE_CONSTANT,,phase8-v1
CELL::DEL|PNQ|2026-10-06|Economy Saver|T30(25-35)::ROUND::2026-09-05T14:30,DEL,PNQ,2026-10-06,Economy Saver,T30(25-35),ROUND::2026-09-05T14:30,2026-09-05 14:30,ANCHORED,0,4951.00,CONSOLIDATED,True,1,AirlineSite,4,SINGLE_SOURCE,0.2500,Cleartrip;Goibibo;MMT,1,1,4951.00,1,1,OBS00658,0,0,4951.00,4951.00,AirlineSite=4951.00,4951.00,4951.00,4951.00,0.00,0.00,0.00,DEL,PNQ,2026-10-06,Economy Saver,True,1,True,4951.00,PRICED,2026-09-05 14:30,ANCHOR_TIMESTAMP,INR,DECLARED_PROTOTYPE_CONSTANT,,phase8-v1
CELL::DEL|PNQ|2026-10-06|Economy Saver|T30(25-35)::ROUND::2026-09-05T20:15,DEL,PNQ,2026-10-06,Economy Saver,T30(25-35),ROUND::2026-09-05T20:15,2026-09-05 20:15,ANCHORED,0,5143.00,CONSOLIDATED,True,1,Cleartrip,4,SINGLE_SOURCE,0.2500,AirlineSite;Goibibo;MMT,1,1,5143.00,1,1,OBS01157,0,0,5143.00,5143.00,Cleartrip=5143.00,5143.00,5143.00,5143.00,0.00,0.00,0.00,DEL,PNQ,2026-10-06,Economy Saver,True,1,True,5143.00,PRICED,2026-09-05 20:15,ANCHOR_TIMESTAMP,INR,DECLARED_PROTOTYPE_CONSTANT,,phase8-v1
CELL::DEL|PNQ|2026-10-06|Economy Saver|T30(25-35)::ROUND::2026-09-06T09:00,DEL,PNQ,2026-10-06,Economy Saver,T30(25-35),ROUND::2026-09-06T09:00,2026-09-06 09:00,ANCHORED,0,5247.50,CONSOLIDATED,False,1,AirlineSite,4,SINGLE_SOURCE,0.2500,Cleartrip;Goibibo;MMT,2,2,5153.00;5342.00,2,2,OBS01679;OBS01688,0,0,5153.00,5342.00,AirlineSite=5247.50,5247.50,5247.50,5247.50,0.00,0.00,189.00,DEL,PNQ,2026-10-06,Economy Saver,True,1,True,5247.50,PRICED,2026-09-06 09:00,ANCHOR_TIMESTAMP,INR,DECLARED_PROTOTYPE_CONSTANT,,phase8-v1
CELL::DEL|PNQ|2026-10-06|Economy Saver|T30(25-35)::ROUND::2026-09-06T14:30,DEL,PNQ,2026-10-06,Economy Saver,T30(25-35),ROUND::2026-09-06T14:30,2026-09-06 14:30,ANCHORED,0,5225.50,CONSOLIDATED,False,2,AirlineSite;Cleartrip,4,PARTIAL_COVERAGE,0.5000,Goibibo;MMT,1,1,5225.50,2,2,OBS02178;OBS02179,0,0,5121.00,5330.00,AirlineSite=5121.00;Cleartrip=5330.00,5121.00,5330.00,5225.50,209.00,209.00,0.00,DEL,PNQ,2026-10-06,Economy Saver,True,1,True,5225.50,PRICED,2026-09-06 14:30,ANCHOR_TIMESTAMP,INR,DECLARED_PROTOTYPE_CONSTANT,,phase8-v1
CELL::DEL|PNQ|2026-10-06|Economy Saver|T30(25-35)::ROUND::2026-09-06T20:15,DEL,PNQ,2026-10-06,Economy Saver,T30(25-35),ROUND::2026-09-06T20:15,2026-09-06 20:15,ANCHORED,0,5193.00,CONSOLIDATED,False,2,AirlineSite;Goibibo,4,PARTIAL_COVERAGE,0.5000,Cleartrip;MMT,2,2,4962.00;5424.00,3,3,OBS02681;OBS02682;OBS02695,0,0,4887.00,5424.00,AirlineSite=5155.50;Goibibo=5037.00,5037.00,5155.50,5096.25,150.00,75.00,462.00,DEL,PNQ,2026-10-06,Economy Saver,True,1,True,5193.00,PRICED,2026-09-06 20:15,ANCHOR_TIMESTAMP,INR,DECLARED_PROTOTYPE_CONSTANT,,phase8-v1
CELL::DEL|PNQ|2026-10-06|Economy Standard|T30(25-35)::ROUND::2026-09-05T09:00,DEL,PNQ,2026-10-06,Economy Standard,T30(25-35),ROUND::2026-09-05T09:00,2026-09-05 09:00,ANCHORED,0,6380.00,CONSOLIDATED,True,1,EaseMyTrip,4,SINGLE_SOURCE,0.2500,AirlineSite;Cleartrip;Goibibo;MMT,1,1,6380.00,1,1,OBS00150,0,0,6380.00,6380.00,EaseMyTrip=6380.00,6380.00,6380.00,6380.00,0.00,0.00,0.00,DEL,PNQ,2026-10-06,Economy Standard,True,2,True,6380.00,PRICED,2026-09-05 09:00,ANCHOR_TIMESTAMP,INR,DECLARED_PROTOTYPE_CONSTANT,,phase8-v1
CELL::DEL|PNQ|2026-10-06|Economy Standard|T30(25-35)::ROUND::2026-09-05T14:30,DEL,PNQ,2026-10-06,Economy Standard,T30(25-35),ROUND::2026-09-05T14:30,2026-09-05 14:30,ANCHORED,0,6754.75,CONSOLIDATED,False,2,AirlineSite;MMT,4,PARTIAL_COVERAGE,0.5000,Cleartrip;Goibibo,2,2,6671.50;6838.00,3,3,OBS00647;OBS00668;OBS00669,0,0,6552.00,6838.00,AirlineSite=6695.00;MMT=6791.00,6695.00,6791.00,6743.00,239.00,119.50,166.50,DEL,PNQ,2026-10-06,Economy Standard,True,2,True,6754.75,PRICED,2026-09-05 14:30,ANCHOR_TIMESTAMP,INR,DECLARED_PROTOTYPE_CONSTANT,,phase8-v1
CELL::DEL|PNQ|2026-10-06|Economy Standard|T30(25-35)::ROUND::2026-09-05T20:15,DEL,PNQ,2026-10-06,Economy Standard,T30(25-35),ROUND::2026-09-05T20:15,2026-09-05 20:15,ANCHORED,0,6582.25,CONSOLIDATED,False,4,AirlineSite;EaseMyTrip;Goibibo;MMT,4,FULL_COVERAGE,1.0000,Cleartrip,2,2,6397.00;6767.50,4,4,OBS01155;OBS01156;OBS01179;OBS01180,0,0,6385.00,6818.00,AirlineSite=6717.00;EaseMyTrip=6409.00;Goibibo=6385.00;MMT=6818.00,6385.00,6818.00,6563.00,101.00,62.50,370.50,DEL,PNQ,2026-10-06,Economy Standard,True,2,True,6582.25,PRICED,2026-09-05 20:15,ANCHOR_TIMESTAMP,INR,DECLARED_PROTOTYPE_CONSTANT,,phase8-v1
CELL::DEL|PNQ|2026-10-06|Economy Standard|T30(25-35)::ROUND::2026-09-06T09:00,DEL,PNQ,2026-10-06,Economy Standard,T30(25-35),ROUND::2026-09-06T09:00,2026-09-06 09:00,ANCHORED,0,6712.00,CONSOLIDATED,False,2,AirlineSite;Goibibo,4,PARTIAL_COVERAGE,0.5000,Cleartrip;MMT,1,1,6712.00,2,2,OBS01680;OBS01681,0,0,6586.00,6838.00,AirlineSite=6586.00;Goibibo=6838.00,6586.00,6838.00,6712.00,252.00,252.00,0.00,DEL,PNQ,2026-10-06,Economy Standard,True,2,True,6712.00,PRICED,2026-09-06 09:00,ANCHOR_TIMESTAMP,INR,DECLARED_PROTOTYPE_CONSTANT,,phase8-v1
CELL::DEL|PNQ|2026-10-06|Economy Standard|T30(25-35)::ROUND::2026-09-06T14:30,DEL,PNQ,2026-10-06,Economy Standard,T30(25-35),ROUND::2026-09-06T14:30,2026-09-06 14:30,ANCHORED,0,6578.50,CONSOLIDATED,False,2,AirlineSite;EaseMyTrip,4,PARTIAL_COVERAGE,0.5000,Cleartrip;Goibibo;MMT,2,2,6414.00;6743.00,2,2,OBS02191;OBS02203,0,0,6414.00,6743.00,AirlineSite=6414.00;EaseMyTrip=6743.00,6414.00,6743.00,6578.50,0.00,0.00,329.00,DEL,PNQ,2026-10-06,Economy Standard,True,2,True,6578.50,PRICED,2026-09-06 14:30,ANCHOR_TIMESTAMP,INR,DECLARED_PROTOTYPE_CONSTANT,,phase8-v1
CELL::DEL|PNQ|2026-10-06|Economy Standard|T30(25-35)::ROUND::2026-09-06T20:15,DEL,PNQ,2026-10-06,Economy Standard,T30(25-35),ROUND::2026-09-06T20:15,2026-09-06 20:15,ANCHORED,0,6763.00,CONSOLIDATED,False,2,Cleartrip;MMT,4,PARTIAL_COVERAGE,0.5000,AirlineSite;Goibibo,2,2,6692.00;6834.00,3,3,OBS02683;OBS02684;OBS02706,0,0,6576.00,6834.00,Cleartrip=6808.00;MMT=6705.00,6705.00,6808.00,6756.50,232.00,116.00,142.00,DEL,PNQ,2026-10-06,Economy Standard,True,2,True,6763.00,PRICED,2026-09-06 20:15,ANCHOR_TIMESTAMP,INR,DECLARED_PROTOTYPE_CONSTANT,,phase8-v1
CELL::DEL|PNQ|2026-10-22|Economy Flexi|T45(40-50)::ROUND::2026-09-05T09:00,DEL,PNQ,2026-10-22,Economy Flexi,T45(40-50),ROUND::2026-09-05T09:00,2026-09-05 09:00,ANCHORED,0,8117.00,CONSOLIDATED,False,3,AirlineSite;EaseMyTrip;Goibibo,4,PARTIAL_COVERAGE,0.7500,Cleartrip;MMT,2,2,8081.50;8152.50,4,4,OBS00144;OBS00145;OBS00152;OBS00153,0,0,7908.00,8397.00,AirlineSite=8172.00;EaseMyTrip=8397.00;Goibibo=7949.50,7949.50,8397.00,8172.00,489.00,335.00,71.00,DEL,PNQ,2026-10-22,Economy Flexi,True,3,True,8117.00,PRICED,2026-09-05 09:00,ANCHOR_TIMESTAMP,INR,DECLARED_PROTOTYPE_CONSTANT,,phase8-v1
CELL::DEL|PNQ|2026-10-22|Economy Flexi|T45(40-50)::ROUND::2026-09-05T14:30,DEL,PNQ,2026-10-22,Economy Flexi,T45(40-50),ROUND::2026-09-05T14:30,2026-09-05 14:30,ANCHORED,0,8144.00,CONSOLIDATED,False,2,AirlineSite;Cleartrip,4,PARTIAL_COVERAGE,0.5000,Goibibo;MMT,1,1,8144.00,2,2,OBS00659;OBS00660,0,0,8083.00,8205.00,AirlineSite=8205.00;Cleartrip=8083.00,8083.00,8205.00,8144.00,122.00,122.00,0.00,DEL,PNQ,2026-10-22,Economy Flexi,True,3,True,8144.00,PRICED,2026-09-05 14:30,ANCHOR_TIMESTAMP,INR,DECLARED_PROTOTYPE_CONSTANT,,phase8-v1
CELL::DEL|PNQ|2026-10-22|Economy Flexi|T45(40-50)::ROUND::2026-09-05T20:15,DEL,PNQ,2026-10-22,Economy Flexi,T45(40-50),ROUND::2026-09-05T20:15,2026-09-05 20:15,ANCHORED,0,7942.25,CONSOLIDATED,False,4,AirlineSite;EaseMyTrip;Goibibo;MMT,4,FULL_COVERAGE,1.0000,Cleartrip,2,2,7778.50;8106.00,4,4,OBS01169;OBS01170;OBS01182;OBS01183,0,0,7627.00,8422.00,AirlineSite=7930.00;EaseMyTrip=8422.00;Goibibo=7627.00;MMT=7790.00,7627.00,8422.00,7860.00,632.00,467.50,327.50,DEL,PNQ,2026-10-22,Economy Flexi,True,3,True,7942.25,PRICED,2026-09-05 20:15,ANCHOR_TIMESTAMP,INR,DECLARED_PROTOTYPE_CONSTANT,,phase8-v1
CELL::DEL|PNQ|2026-10-22|Economy Flexi|T45(40-50)::ROUND::2026-09-06T09:00,DEL,PNQ,2026-10-22,Economy Flexi,T45(40-50),ROUND::2026-09-06T09:00,2026-09-06 09:00,ANCHORED,0,7941.50,CONSOLIDATED,False,3,AirlineSite;EaseMyTrip;MMT,4,PARTIAL_COVERAGE,0.7500,Cleartrip;Goibibo,2,2,7856.00;8027.00,3,3,OBS01689;OBS01700;OBS01701,0,0,7856.00,8094.00,AirlineSite=7960.00;EaseMyTrip=7856.00;MMT=8094.00,7856.00,8094.00,7960.00,134.00,67.00,171.00,DEL,PNQ,2026-10-22,Economy Flexi,True,3,True,7941.50,PRICED,2026-09-06 09:00,ANCHOR_TIMESTAMP,INR,DECLARED_PROTOTYPE_CONSTANT,,phase8-v1
CELL::DEL|PNQ|2026-10-22|Economy Flexi|T45(40-50)::ROUND::2026-09-06T14:30,DEL,PNQ,2026-10-22,Economy Flexi,T45(40-50),ROUND::2026-09-06T14:30,2026-09-06 14:30,ANCHORED,0,8107.00,CONSOLIDATED,False,2,EaseMyTrip;Goibibo,4,PARTIAL_COVERAGE,0.5000,AirlineSite;Cleartrip;MMT,2,2,7955.00;8259.00,2,2,OBS02180;OBS02192,0,0,7955.00,8259.00,EaseMyTrip=7955.00;Goibibo=8259.00,7955.00,8259.00,8107.00,0.00,0.00,304.00,DEL,PNQ,2026-10-22,Economy Flexi,True,3,True,8107.00,PRICED,2026-09-06 14:30,ANCHOR_TIMESTAMP,INR,DECLARED_PROTOTYPE_CONSTANT,,phase8-v1
CELL::DEL|PNQ|2026-10-22|Economy Flexi|T45(40-50)::ROUND::2026-09-06T20:15,DEL,PNQ,2026-10-22,Economy Flexi,T45(40-50),ROUND::2026-09-06T20:15,2026-09-06 20:15,ANCHORED,0,7966.25,CONSOLIDATED,False,2,EaseMyTrip;MMT,4,PARTIAL_COVERAGE,0.5000,AirlineSite;Cleartrip;Goibibo,2,2,7757.00;8175.50,3,3,OBS02685;OBS02696;OBS02697,0,0,7757.00,8444.00,EaseMyTrip=7907.00;MMT=8100.50,7907.00,8100.50,8003.75,537.00,268.50,418.50,DEL,PNQ,2026-10-22,Economy Flexi,True,3,True,7966.25,PRICED,2026-09-06 20:15,ANCHOR_TIMESTAMP,INR,DECLARED_PROTOTYPE_CONSTANT,,phase8-v1
CELL::DEL|PNQ|2026-10-22|Economy Saver|T45(40-50)::ROUND::2026-09-05T09:00,DEL,PNQ,2026-10-22,Economy Saver,T45(40-50),ROUND::2026-09-05T09:00,2026-09-05 09:00,ANCHORED,0,5351.00,CONSOLIDATED,True,1,MMT,4,SINGLE_SOURCE,0.2500,AirlineSite;Cleartrip;Goibibo,1,1,5351.00,1,1,OBS00151,0,0,5351.00,5351.00,MMT=5351.00,5351.00,5351.00,5351.00,0.00,0.00,0.00,DEL,PNQ,2026-10-22,Economy Saver,True,1,True,5351.00,PRICED,2026-09-05 09:00,ANCHOR_TIMESTAMP,INR,DECLARED_PROTOTYPE_CONSTANT,,phase8-v1
CELL::DEL|PNQ|2026-10-22|Economy Saver|T45(40-50)::ROUND::2026-09-05T14:30,DEL,PNQ,2026-10-22,Economy Saver,T45(40-50),ROUND::2026-09-05T14:30,2026-09-05 14:30,ANCHORED,0,4985.00,CONSOLIDATED,True,1,Cleartrip,4,SINGLE_SOURCE,0.2500,AirlineSite;Goibibo;MMT,1,1,4985.00,1,1,OBS00670,0,0,4985.00,4985.00,Cleartrip=4985.00,4985.00,4985.00,4985.00,0.00,0.00,0.00,DEL,PNQ,2026-10-22,Economy Saver,True,1,True,4985.00,PRICED,2026-09-05 14:30,ANCHOR_TIMESTAMP,INR,DECLARED_PROTOTYPE_CONSTANT,,phase8-v1
CELL::DEL|PNQ|2026-10-22|Economy Saver|T45(40-50)::ROUND::2026-09-05T20:15,DEL,PNQ,2026-10-22,Economy Saver,T45(40-50),ROUND::2026-09-05T20:15,2026-09-05 20:15,ANCHORED,0,5227.00,CONSOLIDATED,True,1,MMT,4,SINGLE_SOURCE,0.2500,AirlineSite;Cleartrip;Goibibo,1,1,5227.00,1,1,OBS01171,0,0,5227.00,5227.00,MMT=5227.00,5227.00,5227.00,5227.00,0.00,0.00,0.00,DEL,PNQ,2026-10-22,Economy Saver,True,1,True,5227.00,PRICED,2026-09-05 20:15,ANCHOR_TIMESTAMP,INR,DECLARED_PROTOTYPE_CONSTANT,,phase8-v1
CELL::DEL|PNQ|2026-10-22|Economy Saver|T45(40-50)::ROUND::2026-09-06T09:00,DEL,PNQ,2026-10-22,Economy Saver,T45(40-50),ROUND::2026-09-06T09:00,2026-09-06 09:00,ANCHORED,0,5241.00,CONSOLIDATED,True,1,Cleartrip,4,SINGLE_SOURCE,0.2500,AirlineSite;Goibibo;MMT,1,1,5241.00,1,1,OBS01683,0,0,5241.00,5241.00,Cleartrip=5241.00,5241.00,5241.00,5241.00,0.00,0.00,0.00,DEL,PNQ,2026-10-22,Economy Saver,True,1,True,5241.00,PRICED,2026-09-06 09:00,ANCHOR_TIMESTAMP,INR,DECLARED_PROTOTYPE_CONSTANT,,phase8-v1
CELL::DEL|PNQ|2026-10-22|Economy Saver|T45(40-50)::ROUND::2026-09-06T14:30,DEL,PNQ,2026-10-22,Economy Saver,T45(40-50),ROUND::2026-09-06T14:30,2026-09-06 14:30,ANCHORED,0,5213.75,CONSOLIDATED,False,4,AirlineSite;Cleartrip;Goibibo;MMT,4,FULL_COVERAGE,1.0000,,4,4,4934.00;5154.50;5273.00;5321.00,5,5,OBS02181;OBS02182;OBS02193;OBS02205;OBS02983,0,0,4934.00,5321.00,AirlineSite=5127.50;Cleartrip=5273.00;Goibibo=5136.00;MMT=5173.00,5127.50,5273.00,5154.50,37.00,0.00,387.00,DEL,PNQ,2026-10-22,Economy Saver,True,1,True,5213.75,PRICED,2026-09-06 14:30,ANCHOR_TIMESTAMP,INR,DECLARED_PROTOTYPE_CONSTANT,,phase8-v1
CELL::DEL|PNQ|2026-10-22|Economy Saver|T45(40-50)::ROUND::2026-09-06T20:15,DEL,PNQ,2026-10-22,Economy Saver,T45(40-50),ROUND::2026-09-06T20:15,2026-09-06 20:15,ANCHORED,0,5122.00,CONSOLIDATED,True,1,AirlineSite,4,SINGLE_SOURCE,0.2500,Cleartrip;Goibibo;MMT,1,1,5122.00,1,1,OBS02686,0,0,5122.00,5122.00,AirlineSite=5122.00,5122.00,5122.00,5122.00,0.00,0.00,0.00,DEL,PNQ,2026-10-22,Economy Saver,True,1,True,5122.00,PRICED,2026-09-06 20:15,ANCHOR_TIMESTAMP,INR,DECLARED_PROTOTYPE_CONSTANT,,phase8-v1
CELL::DEL|PNQ|2026-10-22|Economy Standard|T45(40-50)::ROUND::2026-09-05T09:00,DEL,PNQ,2026-10-22,Economy Standard,T45(40-50),ROUND::2026-09-05T09:00,2026-09-05 09:00,ANCHORED,0,6541.50,CONSOLIDATED,False,2,AirlineSite;Goibibo,4,PARTIAL_COVERAGE,0.5000,Cleartrip;MMT,1,1,6541.50,2,2,OBS00167;OBS00168,0,0,6336.00,6747.00,AirlineSite=6747.00;Goibibo=6336.00,6336.00,6747.00,6541.50,411.00,411.00,0.00,DEL,PNQ,2026-10-22,Economy Standard,True,2,True,6541.50,PRICED,2026-09-05 09:00,ANCHOR_TIMESTAMP,INR,DECLARED_PROTOTYPE_CONSTANT,,phase8-v1
CELL::DEL|PNQ|2026-10-22|Economy Standard|T45(40-50)::ROUND::2026-09-05T14:30,DEL,PNQ,2026-10-22,Economy Standard,T45(40-50),ROUND::2026-09-05T14:30,2026-09-05 14:30,ANCHORED,0,6616.50,CONSOLIDATED,False,2,EaseMyTrip;MMT,4,PARTIAL_COVERAGE,0.5000,AirlineSite;Cleartrip;Goibibo,1,1,6616.50,2,2,OBS00648;OBS00649,0,0,6395.00,6838.00,EaseMyTrip=6838.00;MMT=6395.00,6395.00,6838.00,6616.50,443.00,443.00,0.00,DEL,PNQ,2026-10-22,Economy Standard,True,2,True,6616.50,PRICED,2026-09-05 14:30,ANCHOR_TIMESTAMP,INR,DECLARED_PROTOTYPE_CONSTANT,,phase8-v1
CELL::DEL|PNQ|2026-10-22|Economy Standard|T45(40-50)::ROUND::2026-09-05T20:15,DEL,PNQ,2026-10-22,Economy Standard,T45(40-50),ROUND::2026-09-05T20:15,2026-09-05 20:15,ANCHORED,0,6600.25,CONSOLIDATED,False,2,Cleartrip;MMT,4,PARTIAL_COVERAGE,0.5000,AirlineSite;Goibibo,2,2,6430.50;6770.00,3,3,OBS01158;OBS01159;OBS01181,0,0,6289.00,6770.00,Cleartrip=6671.00;MMT=6289.00,6289.00,6671.00,6480.00,283.00,141.50,339.50,DEL,PNQ,2026-10-22,Economy Standard,True,2,True,6600.25,PRICED,2026-09-05 20:15,ANCHOR_TIMESTAMP,INR,DECLARED_PROTOTYPE_CONSTANT,,phase8-v1
CELL::DEL|PNQ|2026-10-22|Economy Standard|T45(40-50)::ROUND::2026-09-06T09:00,DEL,PNQ,2026-10-22,Economy Standard,T45(40-50),ROUND::2026-09-06T09:00,2026-09-06 09:00,ANCHORED,0,6694.00,CONSOLIDATED,False,1,AirlineSite,4,SINGLE_SOURCE,0.2500,Cleartrip;Goibibo;MMT,2,2,6506.00;6882.00,2,2,OBS01682;OBS01699,0,0,6506.00,6882.00,AirlineSite=6694.00,6694.00,6694.00,6694.00,0.00,0.00,376.00,DEL,PNQ,2026-10-22,Economy Standard,True,2,True,6694.00,PRICED,2026-09-06 09:00,ANCHOR_TIMESTAMP,INR,DECLARED_PROTOTYPE_CONSTANT,,phase8-v1
CELL::DEL|PNQ|2026-10-22|Economy Standard|T45(40-50)::ROUND::2026-09-06T14:30,DEL,PNQ,2026-10-22,Economy Standard,T45(40-50),ROUND::2026-09-06T14:30,2026-09-06 14:30,ANCHORED,0,6552.00,CONSOLIDATED,True,1,Cleartrip,4,SINGLE_SOURCE,0.2500,AirlineSite;Goibibo;MMT,1,1,6552.00,1,1,OBS02204,0,0,6552.00,6552.00,Cleartrip=6552.00,6552.00,6552.00,6552.00,0.00,0.00,0.00,DEL,PNQ,2026-10-22,Economy Standard,True,2,True,6552.00,PRICED,2026-09-06 14:30,ANCHOR_TIMESTAMP,INR,DECLARED_PROTOTYPE_CONSTANT,,phase8-v1
CELL::DEL|PNQ|2026-10-22|Economy Standard|T45(40-50)::ROUND::2026-09-06T20:15,DEL,PNQ,2026-10-22,Economy Standard,T45(40-50),ROUND::2026-09-06T20:15,2026-09-06 20:15,ANCHORED,0,6282.00,CONSOLIDATED,False,2,Goibibo;MMT,4,PARTIAL_COVERAGE,0.5000,AirlineSite;Cleartrip,2,2,6256.00;6308.00,2,2,OBS02698;OBS02707,0,0,6256.00,6308.00,Goibibo=6308.00;MMT=6256.00,6256.00,6308.00,6282.00,0.00,0.00,52.00,DEL,PNQ,2026-10-22,Economy Standard,True,2,True,6282.00,PRICED,2026-09-06 20:15,ANCHOR_TIMESTAMP,INR,DECLARED_PROTOTYPE_CONSTANT,,phase8-v1
CELL::DEL|PNQ|2026-10-22|Economy Standard|T45(40-50)::ROUND::2026-09-07T20:15,DEL,PNQ,2026-10-22,Economy Standard,T45(40-50),ROUND::2026-09-07T20:15,2026-09-07 20:15,ANCHORED,0,6849.00,CONSOLIDATED,True,1,MMT,4,SINGLE_SOURCE,0.2500,AirlineSite;Cleartrip;Goibibo,1,1,6849.00,1,1,OBS02995,0,0,6849.00,6849.00,MMT=6849.00,6849.00,6849.00,6849.00,0.00,0.00,0.00,DEL,PNQ,2026-10-22,Economy Standard,True,2,True,6849.00,PRICED,2026-09-07 20:15,ANCHOR_TIMESTAMP,INR,DECLARED_PROTOTYPE_CONSTANT,,phase8-v1
CELL::DEL|SXR|2026-09-07|Economy Flexi|T1(0-2)::ROUND::2026-09-05T14:30,DEL,SXR,2026-09-07,Economy Flexi,T1(0-2),ROUND::2026-09-05T14:30,2026-09-05 14:30,ANCHORED,0,11718.00,CONSOLIDATED,True,3,AirlineSite;Cleartrip;MMT,4,PARTIAL_COVERAGE,0.7500,Goibibo,3,3,11346.50;11718.00;11886.00,4,4,OBS00842;OBS00850;OBS00859;OBS00860,0,0,11152.00,11886.00,AirlineSite=11152.00;Cleartrip=11713.50;MMT=11718.00,11152.00,11718.00,11713.50,389.00,0.00,539.50,DEL,SXR,2026-09-07,Economy Flexi,True,3,True,11718.00,PRICED,2026-09-05 14:30,ANCHOR_TIMESTAMP,INR,DECLARED_PROTOTYPE_CONSTANT,,phase8-v1
CELL::DEL|SXR|2026-09-07|Economy Flexi|T1(0-2)::ROUND::2026-09-05T20:15,DEL,SXR,2026-09-07,Economy Flexi,T1(0-2),ROUND::2026-09-05T20:15,2026-09-05 20:15,ANCHORED,0,11580.50,CONSOLIDATED,False,2,EaseMyTrip;MMT,4,PARTIAL_COVERAGE,0.5000,AirlineSite;Cleartrip;Goibibo,2,2,11576.00;11585.00,2,2,OBS01352;OBS01379,0,0,11576.00,11585.00,EaseMyTrip=11585.00;MMT=11576.00,11576.00,11585.00,11580.50,0.00,0.00,9.00,DEL,SXR,2026-09-07,Economy Flexi,True,3,True,11580.50,PRICED,2026-09-05 20:15,ANCHOR_TIMESTAMP,INR,DECLARED_PROTOTYPE_CONSTANT,,phase8-v1
CELL::DEL|SXR|2026-09-07|Economy Flexi|T1(0-2)::ROUND::2026-09-06T09:00,DEL,SXR,2026-09-07,Economy Flexi,T1(0-2),ROUND::2026-09-06T09:00,2026-09-06 09:00,ANCHORED,0,11750.00,CONSOLIDATED,False,2,AirlineSite;MMT,4,PARTIAL_COVERAGE,0.5000,Cleartrip;Goibibo,1,1,11750.00,2,2,OBS01879;OBS01880,0,0,11693.00,11807.00,AirlineSite=11693.00;MMT=11807.00,11693.00,11807.00,11750.00,114.00,114.00,0.00,DEL,SXR,2026-09-07,Economy Flexi,True,3,True,11750.00,PRICED,2026-09-06 09:00,ANCHOR_TIMESTAMP,INR,DECLARED_PROTOTYPE_CONSTANT,,phase8-v1
CELL::DEL|SXR|2026-09-07|Economy Flexi|T1(0-2)::ROUND::2026-09-06T14:30,DEL,SXR,2026-09-07,Economy Flexi,T1(0-2),ROUND::2026-09-06T14:30,2026-09-06 14:30,ANCHORED,0,11593.75,CONSOLIDATED,False,2,Cleartrip;Goibibo,4,PARTIAL_COVERAGE,0.5000,AirlineSite;MMT,2,2,11439.50;11748.00,3,3,OBS02378;OBS02379;OBS02398,0,0,11431.00,11748.00,Cleartrip=11589.50;Goibibo=11448.00,11448.00,11589.50,11518.75,17.00,8.50,308.50,DEL,SXR,2026-09-07,Economy Flexi,True,3,True,11593.75,PRICED,2026-09-06 14:30,ANCHOR_TIMESTAMP,INR,DECLARED_PROTOTYPE_CONSTANT,,phase8-v1
CELL::DEL|SXR|2026-09-07|Economy Flexi|T1(0-2)::ROUND::2026-09-06T20:15,DEL,SXR,2026-09-07,Economy Flexi,T1(0-2),ROUND::2026-09-06T20:15,2026-09-06 20:15,ANCHORED,0,11481.00,CONSOLIDATED,True,3,EaseMyTrip;Goibibo;MMT,4,PARTIAL_COVERAGE,0.7500,AirlineSite;Cleartrip,3,3,11436.50;11481.00;11500.50,5,5,OBS02886;OBS02887;OBS02898;OBS02911;OBS02912,0,0,11246.00,11627.00,EaseMyTrip=11319.50;Goibibo=11617.50;MMT=11481.00,11319.50,11617.50,11481.00,381.00,215.00,64.00,DEL,SXR,2026-09-07,Economy Flexi,True,3,True,11481.00,PRICED,2026-09-06 20:15,ANCHOR_TIMESTAMP,INR,DECLARED_PROTOTYPE_CONSTANT,,phase8-v1
CELL::DEL|SXR|2026-09-07|Economy Saver|T1(0-2)::ROUND::2026-09-05T09:00,DEL,SXR,2026-09-07,Economy Saver,T1(0-2),ROUND::2026-09-05T09:00,2026-09-05 09:00,ANCHORED,0,7404.50,CONSOLIDATED,False,2,EaseMyTrip;MMT,4,PARTIAL_COVERAGE,0.5000,AirlineSite;Cleartrip;Goibibo,2,2,7249.00;7560.00,2,2,OBS00342;OBS00352,0,0,7249.00,7560.00,EaseMyTrip=7560.00;MMT=7249.00,7249.00,7560.00,7404.50,0.00,0.00,311.00,DEL,SXR,2026-09-07,Economy Saver,True,1,True,7404.50,PRICED,2026-09-05 09:00,ANCHOR_TIMESTAMP,INR,DECLARED_PROTOTYPE_CONSTANT,,phase8-v1
CELL::DEL|SXR|2026-09-07|Economy Saver|T1(0-2)::ROUND::2026-09-05T14:30,DEL,SXR,2026-09-07,Economy Saver,T1(0-2),ROUND::2026-09-05T14:30,2026-09-05 14:30,ANCHORED,0,7119.50,CONSOLIDATED,False,2,EaseMyTrip;MMT,4,PARTIAL_COVERAGE,0.5000,AirlineSite;Cleartrip;Goibibo,1,1,7119.50,2,2,OBS00861;OBS00862,0,0,7069.00,7170.00,EaseMyTrip=7069.00;MMT=7170.00,7069.00,7170.00,7119.50,101.00,101.00,0.00,DEL,SXR,2026-09-07,Economy Saver,True,1,True,7119.50,PRICED,2026-09-05 14:30,ANCHOR_TIMESTAMP,INR,DECLARED_PROTOTYPE_CONSTANT,,phase8-v1
CELL::DEL|SXR|2026-09-07|Economy Saver|T1(0-2)::ROUND::2026-09-05T20:15,DEL,SXR,2026-09-07,Economy Saver,T1(0-2),ROUND::2026-09-05T20:15,2026-09-05 20:15,ANCHORED,0,7343.00,CONSOLIDATED,True,1,AirlineSite,4,SINGLE_SOURCE,0.2500,Cleartrip;Goibibo;MMT,1,1,7343.00,1,1,OBS01361,0,0,7343.00,7343.00,AirlineSite=7343.00,7343.00,7343.00,7343.00,0.00,0.00,0.00,DEL,SXR,2026-09-07,Economy Saver,True,1,True,7343.00,PRICED,2026-09-05 20:15,ANCHOR_TIMESTAMP,INR,DECLARED_PROTOTYPE_CONSTANT,,phase8-v1
CELL::DEL|SXR|2026-09-07|Economy Saver|T1(0-2)::ROUND::2026-09-06T09:00,DEL,SXR,2026-09-07,Economy Saver,T1(0-2),ROUND::2026-09-06T09:00,2026-09-06 09:00,ANCHORED,0,7286.50,CONSOLIDATED,False,2,AirlineSite;EaseMyTrip,4,PARTIAL_COVERAGE,0.5000,Cleartrip;Goibibo;MMT,2,2,7285.00;7288.00,2,2,OBS01890;OBS01902,0,0,7285.00,7288.00,AirlineSite=7285.00;EaseMyTrip=7288.00,7285.00,7288.00,7286.50,0.00,0.00,3.00,DEL,SXR,2026-09-07,Economy Saver,True,1,True,7286.50,PRICED,2026-09-06 09:00,ANCHOR_TIMESTAMP,INR,DECLARED_PROTOTYPE_CONSTANT,,phase8-v1
CELL::DEL|SXR|2026-09-07|Economy Saver|T1(0-2)::ROUND::2026-09-06T20:15,DEL,SXR,2026-09-07,Economy Saver,T1(0-2),ROUND::2026-09-06T20:15,2026-09-06 20:15,ANCHORED,0,7685.50,CONSOLIDATED,False,2,Cleartrip;MMT,4,PARTIAL_COVERAGE,0.5000,AirlineSite;Goibibo,1,1,7685.50,2,2,OBS02913;OBS02914,0,0,7593.00,7778.00,Cleartrip=7593.00;MMT=7778.00,7593.00,7778.00,7685.50,185.00,185.00,0.00,DEL,SXR,2026-09-07,Economy Saver,True,1,True,7685.50,PRICED,2026-09-06 20:15,ANCHOR_TIMESTAMP,INR,DECLARED_PROTOTYPE_CONSTANT,,phase8-v1
CELL::DEL|SXR|2026-09-07|Economy Standard|T1(0-2)::ROUND::2026-09-05T09:00,DEL,SXR,2026-09-07,Economy Standard,T1(0-2),ROUND::2026-09-05T09:00,2026-09-05 09:00,ANCHORED,0,9682.50,CONSOLIDATED,False,3,Cleartrip;Goibibo;MMT,4,PARTIAL_COVERAGE,0.7500,AirlineSite,2,2,9679.00;9686.00,3,3,OBS00353;OBS00366;OBS00367,0,0,9429.00,9943.00,Cleartrip=9943.00;Goibibo=9429.00;MMT=9679.00,9429.00,9943.00,9679.00,514.00,257.00,7.00,DEL,SXR,2026-09-07,Economy Standard,True,2,True,9682.50,PRICED,2026-09-05 09:00,ANCHOR_TIMESTAMP,INR,DECLARED_PROTOTYPE_CONSTANT,,phase8-v1
CELL::DEL|SXR|2026-09-07|Economy Standard|T1(0-2)::ROUND::2026-09-05T14:30,DEL,SXR,2026-09-07,Economy Standard,T1(0-2),ROUND::2026-09-05T14:30,2026-09-05 14:30,ANCHORED,0,9380.50,CONSOLIDATED,False,2,AirlineSite;Goibibo,4,PARTIAL_COVERAGE,0.5000,Cleartrip;MMT,1,1,9380.50,2,2,OBS00851;OBS00852,0,0,9253.00,9508.00,AirlineSite=9253.00;Goibibo=9508.00,9253.00,9508.00,9380.50,255.00,255.00,0.00,DEL,SXR,2026-09-07,Economy Standard,True,2,True,9380.50,PRICED,2026-09-05 14:30,ANCHOR_TIMESTAMP,INR,DECLARED_PROTOTYPE_CONSTANT,,phase8-v1
CELL::DEL|SXR|2026-09-07|Economy Standard|T1(0-2)::ROUND::2026-09-05T20:15,DEL,SXR,2026-09-07,Economy Standard,T1(0-2),ROUND::2026-09-05T20:15,2026-09-05 20:15,ANCHORED,0,9483.00,CONSOLIDATED,False,3,EaseMyTrip;Goibibo;MMT,4,PARTIAL_COVERAGE,0.7500,AirlineSite;Cleartrip,2,2,9440.00;9526.00,3,3,OBS01362;OBS01363;OBS01378,0,0,9234.00,9646.00,EaseMyTrip=9526.00;Goibibo=9234.00;MMT=9646.00,9234.00,9646.00,9526.00,412.00,206.00,86.00,DEL,SXR,2026-09-07,Economy Standard,True,2,True,9483.00,PRICED,2026-09-05 20:15,ANCHOR_TIMESTAMP,INR,DECLARED_PROTOTYPE_CONSTANT,,phase8-v1
CELL::DEL|SXR|2026-09-07|Economy Standard|T1(0-2)::ROUND::2026-09-06T09:00,DEL,SXR,2026-09-07,Economy Standard,T1(0-2),ROUND::2026-09-06T09:00,2026-09-06 09:00,ANCHORED,0,9579.25,CONSOLIDATED,False,4,Cleartrip;EaseMyTrip;Goibibo;MMT,4,FULL_COVERAGE,1.0000,AirlineSite,2,2,9324.50;9834.00,4,4,OBS01881;OBS01882;OBS01891;OBS01892,0,0,9241.00,9852.00,Cleartrip=9816.00;EaseMyTrip=9408.00;Goibibo=9241.00;MMT=9852.00,9241.00,9852.00,9612.00,167.00,101.50,509.50,DEL,SXR,2026-09-07,Economy Standard,True,2,True,9579.25,PRICED,2026-09-06 09:00,ANCHOR_TIMESTAMP,INR,DECLARED_PROTOTYPE_CONSTANT,,phase8-v1
CELL::DEL|SXR|2026-09-07|Economy Standard|T1(0-2)::ROUND::2026-09-06T14:30,DEL,SXR,2026-09-07,Economy Standard,T1(0-2),ROUND::2026-09-06T14:30,2026-09-06 14:30,ANCHORED,0,9594.50,CONSOLIDATED,False,3,AirlineSite;Cleartrip;EaseMyTrip,4,PARTIAL_COVERAGE,0.7500,Goibibo;MMT,2,2,9586.00;9603.00,3,3,OBS02380;OBS02391;OBS02392,0,0,9586.00,9620.00,AirlineSite=9620.00;Cleartrip=9586.00;EaseMyTrip=9586.00,9586.00,9620.00,9586.00,34.00,17.00,17.00,DEL,SXR,2026-09-07,Economy Standard,True,2,True,9594.50,PRICED,2026-09-06 14:30,ANCHOR_TIMESTAMP,INR,DECLARED_PROTOTYPE_CONSTANT,,phase8-v1
CELL::DEL|SXR|2026-09-07|Economy Standard|T1(0-2)::ROUND::2026-09-06T20:15,DEL,SXR,2026-09-07,Economy Standard,T1(0-2),ROUND::2026-09-06T20:15,2026-09-06 20:15,ANCHORED,0,9565.50,CONSOLIDATED,False,2,EaseMyTrip;MMT,4,PARTIAL_COVERAGE,0.5000,AirlineSite;Cleartrip;Goibibo,1,1,9565.50,2,2,OBS02884;OBS02885,0,0,9374.00,9757.00,EaseMyTrip=9757.00;MMT=9374.00,9374.00,9757.00,9565.50,383.00,383.00,0.00,DEL,SXR,2026-09-07,Economy Standard,True,2,True,9565.50,PRICED,2026-09-06 20:15,ANCHOR_TIMESTAMP,INR,DECLARED_PROTOTYPE_CONSTANT,,phase8-v1
CELL::DEL|SXR|2026-09-13|Economy Flexi|T7(5-9)::ROUND::2026-09-05T09:00,DEL,SXR,2026-09-13,Economy Flexi,T7(5-9),ROUND::2026-09-05T09:00,2026-09-05 09:00,ANCHORED,0,10173.50,CONSOLIDATED,False,2,AirlineSite;EaseMyTrip,4,PARTIAL_COVERAGE,0.5000,Cleartrip;Goibibo;MMT,2,2,9966.00;10381.00,3,3,OBS00354;OBS00370;OBS00371,0,0,9966.00,10757.00,AirlineSite=9985.50;EaseMyTrip=10757.00,9985.50,10757.00,10371.25,752.00,376.00,415.00,DEL,SXR,2026-09-13,Economy Flexi,True,3,True,10173.50,PRICED,2026-09-05 09:00,ANCHOR_TIMESTAMP,INR,DECLARED_PROTOTYPE_CONSTANT,,phase8-v1
CELL::DEL|SXR|2026-09-13|Economy Flexi|T7(5-9)::ROUND::2026-09-05T14:30,DEL,SXR,2026-09-13,Economy Flexi,T7(5-9),ROUND::2026-09-05T14:30,2026-09-05 14:30,ANCHORED,0,10269.50,CONSOLIDATED,False,4,AirlineSite;Cleartrip;Goibibo;MMT,4,FULL_COVERAGE,1.0000,,3,3,10221.00;10269.50;10723.00,5,5,OBS00845;OBS00853;OBS00854;OBS00865;OBS00866,0,0,9844.00,10723.00,AirlineSite=9962.00;Cleartrip=10480.00;Goibibo=9844.00;MMT=10709.00,9844.00,10709.00,10221.00,851.00,518.00,502.00,DEL,SXR,2026-09-13,Economy Flexi,True,3,True,10269.50,PRICED,2026-09-05 14:30,ANCHOR_TIMESTAMP,INR,DECLARED_PROTOTYPE_CONSTANT,,phase8-v1
CELL::DEL|SXR|2026-09-13|Economy Flexi|T7(5-9)::ROUND::2026-09-05T20:15,DEL,SXR,2026-09-13,Economy Flexi,T7(5-9),ROUND::2026-09-05T20:15,2026-09-05 20:15,ANCHORED,0,10719.50,CONSOLIDATED,False,2,Cleartrip;MMT,4,PARTIAL_COVERAGE,0.5000,AirlineSite;Goibibo,2,2,10715.00;10724.00,2,2,OBS01364;OBS01381,0,0,10715.00,10724.00,Cleartrip=10715.00;MMT=10724.00,10715.00,10724.00,10719.50,0.00,0.00,9.00,DEL,SXR,2026-09-13,Economy Flexi,True,3,True,10719.50,PRICED,2026-09-05 20:15,ANCHOR_TIMESTAMP,INR,DECLARED_PROTOTYPE_CONSTANT,,phase8-v1
CELL::DEL|SXR|2026-09-13|Economy Flexi|T7(5-9)::ROUND::2026-09-06T09:00,DEL,SXR,2026-09-13,Economy Flexi,T7(5-9),ROUND::2026-09-06T09:00,2026-09-06 09:00,ANCHORED,0,10765.50,CONSOLIDATED,False,4,AirlineSite;Cleartrip;EaseMyTrip;Goibibo,4,FULL_COVERAGE,1.0000,MMT,3,3,10094.50;10765.50;10775.00,5,5,OBS01885;OBS01893;OBS01894;OBS01903;OBS01904,0,0,10018.00,11117.00,AirlineSite=11117.00;Cleartrip=10171.00;EaseMyTrip=10414.00;Goibibo=10396.50,10171.00,11117.00,10405.25,703.00,153.00,680.50,DEL,SXR,2026-09-13,Economy Flexi,True,3,True,10765.50,PRICED,2026-09-06 09:00,ANCHOR_TIMESTAMP,INR,DECLARED_PROTOTYPE_CONSTANT,,phase8-v1
CELL::DEL|SXR|2026-09-13|Economy Flexi|T7(5-9)::ROUND::2026-09-06T14:30,DEL,SXR,2026-09-13,Economy Flexi,T7(5-9),ROUND::2026-09-06T14:30,2026-09-06 14:30,ANCHORED,0,10575.00,CONSOLIDATED,False,3,Cleartrip;EaseMyTrip;MMT,4,PARTIAL_COVERAGE,0.7500,AirlineSite;Goibibo,2,2,10540.50;10609.50,4,4,OBS02383;OBS02384;OBS02399;OBS02400,0,0,10211.00,11008.00,Cleartrip=10296.00;EaseMyTrip=10700.00;MMT=11008.00,10296.00,11008.00,10700.00,797.00,558.00,69.00,DEL,SXR,2026-09-13,Economy Flexi,True,3,True,10575.00,PRICED,2026-09-06 14:30,ANCHOR_TIMESTAMP,INR,DECLARED_PROTOTYPE_CONSTANT,,phase8-v1
CELL::DEL|SXR|2026-09-13|Economy Flexi|T7(5-9)::ROUND::2026-09-06T20:15,DEL,SXR,2026-09-13,Economy Flexi,T7(5-9),ROUND::2026-09-06T20:15,2026-09-06 20:15,ANCHORED,0,10601.00,CONSOLIDATED,False,2,Cleartrip;Goibibo,4,PARTIAL_COVERAGE,0.5000,AirlineSite;MMT,1,1,10601.00,2,2,OBS02899;OBS02900,0,0,10419.00,10783.00,Cleartrip=10419.00;Goibibo=10783.00,10419.00,10783.00,10601.00,364.00,364.00,0.00,DEL,SXR,2026-09-13,Economy Flexi,True,3,True,10601.00,PRICED,2026-09-06 20:15,ANCHOR_TIMESTAMP,INR,DECLARED_PROTOTYPE_CONSTANT,,phase8-v1
CELL::DEL|SXR|2026-09-13|Economy Saver|T7(5-9)::ROUND::2026-09-05T09:00,DEL,SXR,2026-09-13,Economy Saver,T7(5-9),ROUND::2026-09-05T09:00,2026-09-05 09:00,ANCHORED,0,6722.00,CONSOLIDATED,False,4,AirlineSite;EaseMyTrip;Goibibo;MMT,4,FULL_COVERAGE,1.0000,Cleartrip,2,2,6694.50;6749.50,4,4,OBS00355;OBS00356;OBS00368;OBS00369,0,0,6566.00,6933.00,AirlineSite=6566.00;EaseMyTrip=6933.00;Goibibo=6706.00;MMT=6683.00,6566.00,6933.00,6694.50,367.00,195.00,55.00,DEL,SXR,2026-09-13,Economy Saver,True,1,True,6722.00,PRICED,2026-09-05 09:00,ANCHOR_TIMESTAMP,INR,DECLARED_PROTOTYPE_CONSTANT,,phase8-v1
CELL::DEL|SXR|2026-09-13|Economy Saver|T7(5-9)::ROUND::2026-09-05T14:30,DEL,SXR,2026-09-13,Economy Saver,T7(5-9),ROUND::2026-09-05T14:30,2026-09-05 14:30,ANCHORED,0,6549.50,CONSOLIDATED,False,3,AirlineSite;EaseMyTrip;MMT,4,PARTIAL_COVERAGE,0.7500,Cleartrip;Goibibo,2,2,6330.00;6769.00,3,3,OBS00843;OBS00844;OBS00855,0,0,6309.00,6769.00,AirlineSite=6351.00;EaseMyTrip=6769.00;MMT=6309.00,6309.00,6769.00,6351.00,42.00,21.00,439.00,DEL,SXR,2026-09-13,Economy Saver,True,1,True,6549.50,PRICED,2026-09-05 14:30,ANCHOR_TIMESTAMP,INR,DECLARED_PROTOTYPE_CONSTANT,,phase8-v1
CELL::DEL|SXR|2026-09-13|Economy Saver|T7(5-9)::ROUND::2026-09-05T20:15,DEL,SXR,2026-09-13,Economy Saver,T7(5-9),ROUND::2026-09-05T20:15,2026-09-05 20:15,ANCHORED,0,6832.00,CONSOLIDATED,True,1,EaseMyTrip,4,SINGLE_SOURCE,0.2500,AirlineSite;Cleartrip;Goibibo;MMT,1,1,6832.00,1,1,OBS01353,0,0,6832.00,6832.00,EaseMyTrip=6832.00,6832.00,6832.00,6832.00,0.00,0.00,0.00,DEL,SXR,2026-09-13,Economy Saver,True,1,True,6832.00,PRICED,2026-09-05 20:15,ANCHOR_TIMESTAMP,INR,DECLARED_PROTOTYPE_CONSTANT,,phase8-v1
CELL::DEL|SXR|2026-09-13|Economy Saver|T7(5-9)::ROUND::2026-09-06T09:00,DEL,SXR,2026-09-13,Economy Saver,T7(5-9),ROUND::2026-09-06T09:00,2026-09-06 09:00,ANCHORED,0,6868.00,CONSOLIDATED,False,2,AirlineSite;EaseMyTrip,4,PARTIAL_COVERAGE,0.5000,Cleartrip;Goibibo;MMT,1,1,6868.00,2,2,OBS01883;OBS01884,0,0,6724.00,7012.00,AirlineSite=6724.00;EaseMyTrip=7012.00,6724.00,7012.00,6868.00,288.00,288.00,0.00,DEL,SXR,2026-09-13,Economy Saver,True,1,True,6868.00,PRICED,2026-09-06 09:00,ANCHOR_TIMESTAMP,INR,DECLARED_PROTOTYPE_CONSTANT,,phase8-v1
CELL::DEL|SXR|2026-09-13|Economy Saver|T7(5-9)::ROUND::2026-09-06T20:15,DEL,SXR,2026-09-13,Economy Saver,T7(5-9),ROUND::2026-09-06T20:15,2026-09-06 20:15,ANCHORED,0,6625.25,CONSOLIDATED,False,3,Cleartrip;EaseMyTrip;Goibibo,4,PARTIAL_COVERAGE,0.7500,AirlineSite;MMT,2,2,6551.50;6699.00,4,4,OBS02888;OBS02889;OBS02916;OBS02917,0,0,6458.00,6887.00,Cleartrip=6887.00;EaseMyTrip=6458.00;Goibibo=6578.00,6458.00,6887.00,6578.00,376.00,281.50,147.50,DEL,SXR,2026-09-13,Economy Saver,True,1,True,6625.25,PRICED,2026-09-06 20:15,ANCHOR_TIMESTAMP,INR,DECLARED_PROTOTYPE_CONSTANT,,phase8-v1
CELL::DEL|SXR|2026-09-13|Economy Standard|T7(5-9)::ROUND::2026-09-05T09:00,DEL,SXR,2026-09-13,Economy Standard,T7(5-9),ROUND::2026-09-05T09:00,2026-09-05 09:00,ANCHORED,0,8372.50,CONSOLIDATED,False,2,Goibibo;MMT,4,PARTIAL_COVERAGE,0.5000,AirlineSite;Cleartrip,1,1,8372.50,2,2,OBS00343;OBS00344,0,0,8186.00,8559.00,Goibibo=8559.00;MMT=8186.00,8186.00,8559.00,8372.50,373.00,373.00,0.00,DEL,SXR,2026-09-13,Economy Standard,True,2,True,8372.50,PRICED,2026-09-05 09:00,ANCHOR_TIMESTAMP,INR,DECLARED_PROTOTYPE_CONSTANT,,phase8-v1
CELL::DEL|SXR|2026-09-13|Economy Standard|T7(5-9)::ROUND::2026-09-05T14:30,DEL,SXR,2026-09-13,Economy Standard,T7(5-9),ROUND::2026-09-05T14:30,2026-09-05 14:30,ANCHORED,0,8609.00,CONSOLIDATED,False,2,Cleartrip;EaseMyTrip,4,PARTIAL_COVERAGE,0.5000,AirlineSite;Goibibo;MMT,1,1,8609.00,2,2,OBS00863;OBS00864,0,0,8571.00,8647.00,Cleartrip=8571.00;EaseMyTrip=8647.00,8571.00,8647.00,8609.00,76.00,76.00,0.00,DEL,SXR,2026-09-13,Economy Standard,True,2,True,8609.00,PRICED,2026-09-05 14:30,ANCHOR_TIMESTAMP,INR,DECLARED_PROTOTYPE_CONSTANT,,phase8-v1
CELL::DEL|SXR|2026-09-13|Economy Standard|T7(5-9)::ROUND::2026-09-05T20:15,DEL,SXR,2026-09-13,Economy Standard,T7(5-9),ROUND::2026-09-05T20:15,2026-09-05 20:15,ANCHORED,0,8283.50,CONSOLIDATED,False,3,AirlineSite;EaseMyTrip;Goibibo,4,PARTIAL_COVERAGE,0.7500,Cleartrip;MMT,2,2,8234.00;8333.00,3,3,OBS01365;OBS01366;OBS01380,0,0,8230.00,8333.00,AirlineSite=8333.00;EaseMyTrip=8238.00;Goibibo=8230.00,8230.00,8333.00,8238.00,8.00,4.00,99.00,DEL,SXR,2026-09-13,Economy Standard,True,2,True,8283.50,PRICED,2026-09-05 20:15,ANCHOR_TIMESTAMP,INR,DECLARED_PROTOTYPE_CONSTANT,,phase8-v1
CELL::DEL|SXR|2026-09-13|Economy Standard|T7(5-9)::ROUND::2026-09-06T09:00,DEL,SXR,2026-09-13,Economy Standard,T7(5-9),ROUND::2026-09-06T09:00,2026-09-06 09:00,ANCHORED,0,8801.00,CONSOLIDATED,True,1,AirlineSite,4,SINGLE_SOURCE,0.2500,Cleartrip;Goibibo;MMT,1,1,8801.00,1,1,OBS01895,0,0,8801.00,8801.00,AirlineSite=8801.00,8801.00,8801.00,8801.00,0.00,0.00,0.00,DEL,SXR,2026-09-13,Economy Standard,True,2,True,8801.00,PRICED,2026-09-06 09:00,ANCHOR_TIMESTAMP,INR,DECLARED_PROTOTYPE_CONSTANT,,phase8-v1
CELL::DEL|SXR|2026-09-13|Economy Standard|T7(5-9)::ROUND::2026-09-06T14:30,DEL,SXR,2026-09-13,Economy Standard,T7(5-9),ROUND::2026-09-06T14:30,2026-09-06 14:30,ANCHORED,0,8932.50,CONSOLIDATED,False,2,Cleartrip;MMT,4,PARTIAL_COVERAGE,0.5000,AirlineSite;Goibibo,2,2,8904.00;8961.00,3,3,OBS02381;OBS02382;OBS02393,0,0,8904.00,9010.00,Cleartrip=8957.00;MMT=8912.00,8912.00,8957.00,8934.50,98.00,49.00,57.00,DEL,SXR,2026-09-13,Economy Standard,True,2,True,8932.50,PRICED,2026-09-06 14:30,ANCHOR_TIMESTAMP,INR,DECLARED_PROTOTYPE_CONSTANT,,phase8-v1
CELL::DEL|SXR|2026-09-13|Economy Standard|T7(5-9)::ROUND::2026-09-06T20:15,DEL,SXR,2026-09-13,Economy Standard,T7(5-9),ROUND::2026-09-06T20:15,2026-09-06 20:15,ANCHORED,0,8343.00,CONSOLIDATED,True,3,EaseMyTrip;Goibibo;MMT,4,PARTIAL_COVERAGE,0.7500,AirlineSite;Cleartrip,3,3,8341.50;8343.00;8847.00,4,4,OBS02890;OBS02891;OBS02901;OBS02915,0,0,8245.00,8847.00,EaseMyTrip=8438.00;Goibibo=8245.00;MMT=8595.00,8245.00,8595.00,8438.00,193.00,0.00,505.50,DEL,SXR,2026-09-13,Economy Standard,True,2,True,8343.00,PRICED,2026-09-06 20:15,ANCHOR_TIMESTAMP,INR,DECLARED_PROTOTYPE_CONSTANT,,phase8-v1
CELL::DEL|SXR|2026-09-21|Economy Flexi|T15(12-18)::ROUND::2026-09-05T09:00,DEL,SXR,2026-09-21,Economy Flexi,T15(12-18),ROUND::2026-09-05T09:00,2026-09-05 09:00,ANCHORED,0,8757.00,CONSOLIDATED,False,5,AirlineSite;Cleartrip;EaseMyTrip;Goibibo;MMT,4,FULL_COVERAGE,1.2500,,3,3,8718.00;8757.00;8798.00,5,5,OBS00345;OBS00346;OBS00357;OBS00358;OBS00373,0,0,8482.00,8954.00,AirlineSite=8954.00;Cleartrip=8798.00;EaseMyTrip=8482.00;Goibibo=8935.00;MMT=8579.00,8482.00,8954.00,8798.00,472.00,356.00,80.00,DEL,SXR,2026-09-21,Economy Flexi,True,3,True,8757.00,PRICED,2026-09-05 09:00,ANCHOR_TIMESTAMP,INR,DECLARED_PROTOTYPE_CONSTANT,,phase8-v1
CELL::DEL|SXR|2026-09-21|Economy Flexi|T15(12-18)::ROUND::2026-09-05T14:30,DEL,SXR,2026-09-21,Economy Flexi,T15(12-18),ROUND::2026-09-05T14:30,2026-09-05 14:30,ANCHORED,0,8754.00,CONSOLIDATED,True,1,Cleartrip,4,SINGLE_SOURCE,0.2500,AirlineSite;Goibibo;MMT,1,1,8754.00,1,1,OBS00846,0,0,8754.00,8754.00,Cleartrip=8754.00,8754.00,8754.00,8754.00,0.00,0.00,0.00,DEL,SXR,2026-09-21,Economy Flexi,True,3,True,8754.00,PRICED,2026-09-05 14:30,ANCHOR_TIMESTAMP,INR,DECLARED_PROTOTYPE_CONSTANT,,phase8-v1
CELL::DEL|SXR|2026-09-21|Economy Flexi|T15(12-18)::ROUND::2026-09-06T14:30,DEL,SXR,2026-09-21,Economy Flexi,T15(12-18),ROUND::2026-09-06T14:30,2026-09-06 14:30,ANCHORED,0,9115.00,CONSOLIDATED,True,1,MMT,4,SINGLE_SOURCE,0.2500,AirlineSite;Cleartrip;Goibibo,1,1,9115.00,1,1,OBS02387,0,0,9115.00,9115.00,MMT=9115.00,9115.00,9115.00,9115.00,0.00,0.00,0.00,DEL,SXR,2026-09-21,Economy Flexi,True,3,True,9115.00,PRICED,2026-09-06 14:30,ANCHOR_TIMESTAMP,INR,DECLARED_PROTOTYPE_CONSTANT,,phase8-v1
CELL::DEL|SXR|2026-09-21|Economy Flexi|T15(12-18)::ROUND::2026-09-06T20:15,DEL,SXR,2026-09-21,Economy Flexi,T15(12-18),ROUND::2026-09-06T20:15,2026-09-06 20:15,ANCHORED,0,9195.00,CONSOLIDATED,False,2,EaseMyTrip;MMT,4,PARTIAL_COVERAGE,0.5000,AirlineSite;Cleartrip;Goibibo,1,1,9195.00,2,2,OBS02892;OBS02893,0,0,9173.00,9217.00,EaseMyTrip=9173.00;MMT=9217.00,9173.00,9217.00,9195.00,44.00,44.00,0.00,DEL,SXR,2026-09-21,Economy Flexi,True,3,True,9195.00,PRICED,2026-09-06 20:15,ANCHOR_TIMESTAMP,INR,DECLARED_PROTOTYPE_CONSTANT,,phase8-v1
CELL::DEL|SXR|2026-09-21|Economy Saver|T15(12-18)::ROUND::2026-09-05T14:30,DEL,SXR,2026-09-21,Economy Saver,T15(12-18),ROUND::2026-09-05T14:30,2026-09-05 14:30,ANCHORED,0,5428.00,CONSOLIDATED,True,1,EaseMyTrip,4,SINGLE_SOURCE,0.2500,AirlineSite;Cleartrip;Goibibo;MMT,1,1,5428.00,1,1,OBS00869,0,0,5428.00,5428.00,EaseMyTrip=5428.00,5428.00,5428.00,5428.00,0.00,0.00,0.00,DEL,SXR,2026-09-21,Economy Saver,True,1,True,5428.00,PRICED,2026-09-05 14:30,ANCHOR_TIMESTAMP,INR,DECLARED_PROTOTYPE_CONSTANT,,phase8-v1
CELL::DEL|SXR|2026-09-21|Economy Saver|T15(12-18)::ROUND::2026-09-05T20:15,DEL,SXR,2026-09-21,Economy Saver,T15(12-18),ROUND::2026-09-05T20:15,2026-09-05 20:15,ANCHORED,0,5689.00,CONSOLIDATED,False,4,AirlineSite;EaseMyTrip;Goibibo;MMT,4,FULL_COVERAGE,1.0000,Cleartrip,2,2,5623.50;5754.50,4,4,OBS01354;OBS01355;OBS01367;OBS01368,0,0,5399.00,5879.00,AirlineSite=5630.00;EaseMyTrip=5879.00;Goibibo=5399.00;MMT=5848.00,5399.00,5879.00,5739.00,449.00,349.00,131.00,DEL,SXR,2026-09-21,Economy Saver,True,1,True,5689.00,PRICED,2026-09-05 20:15,ANCHOR_TIMESTAMP,INR,DECLARED_PROTOTYPE_CONSTANT,,phase8-v1
CELL::DEL|SXR|2026-09-21|Economy Saver|T15(12-18)::ROUND::2026-09-06T09:00,DEL,SXR,2026-09-21,Economy Saver,T15(12-18),ROUND::2026-09-06T09:00,2026-09-06 09:00,ANCHORED,0,5795.50,CONSOLIDATED,False,2,EaseMyTrip;MMT,4,PARTIAL_COVERAGE,0.5000,AirlineSite;Cleartrip;Goibibo,2,2,5729.00;5862.00,3,3,OBS01886;OBS01897;OBS01898,0,0,5508.00,5950.00,EaseMyTrip=5508.00;MMT=5906.00,5508.00,5906.00,5707.00,442.00,221.00,133.00,DEL,SXR,2026-09-21,Economy Saver,True,1,True,5795.50,PRICED,2026-09-06 09:00,ANCHOR_TIMESTAMP,INR,DECLARED_PROTOTYPE_CONSTANT,,phase8-v1
CELL::DEL|SXR|2026-09-21|Economy Saver|T15(12-18)::ROUND::2026-09-06T14:30,DEL,SXR,2026-09-21,Economy Saver,T15(12-18),ROUND::2026-09-06T14:30,2026-09-06 14:30,ANCHORED,0,5690.00,CONSOLIDATED,False,2,Cleartrip;Goibibo,4,PARTIAL_COVERAGE,0.5000,AirlineSite;MMT,1,1,5690.00,2,2,OBS02385;OBS02386,0,0,5663.00,5717.00,Cleartrip=5717.00;Goibibo=5663.00,5663.00,5717.00,5690.00,54.00,54.00,0.00,DEL,SXR,2026-09-21,Economy Saver,True,1,True,5690.00,PRICED,2026-09-06 14:30,ANCHOR_TIMESTAMP,INR,DECLARED_PROTOTYPE_CONSTANT,,phase8-v1
CELL::DEL|SXR|2026-09-21|Economy Saver|T15(12-18)::ROUND::2026-09-06T20:15,DEL,SXR,2026-09-21,Economy Saver,T15(12-18),ROUND::2026-09-06T20:15,2026-09-06 20:15,ANCHORED,0,5649.00,CONSOLIDATED,True,4,AirlineSite;EaseMyTrip;Goibibo;MMT,4,FULL_COVERAGE,1.0000,Cleartrip,3,3,5543.00;5649.00;5901.50,4,4,OBS02894;OBS02902;OBS02903;OBS02918,0,0,5543.00,5960.00,AirlineSite=5960.00;EaseMyTrip=5543.00;Goibibo=5649.00;MMT=5843.00,5543.00,5960.00,5746.00,117.00,0.00,358.50,DEL,SXR,2026-09-21,Economy Saver,True,1,True,5649.00,PRICED,2026-09-06 20:15,ANCHOR_TIMESTAMP,INR,DECLARED_PROTOTYPE_CONSTANT,,phase8-v1
CELL::DEL|SXR|2026-09-21|Economy Standard|T15(12-18)::ROUND::2026-09-05T09:00,DEL,SXR,2026-09-21,Economy Standard,T15(12-18),ROUND::2026-09-05T09:00,2026-09-05 09:00,ANCHORED,0,7158.00,CONSOLIDATED,False,3,Cleartrip;EaseMyTrip;Goibibo,4,PARTIAL_COVERAGE,0.7500,AirlineSite;MMT,3,3,6965.00;7158.00;7254.00,5,5,OBS00347;OBS00348;OBS00359;OBS00360;OBS00372,0,0,6965.00,7304.00,Cleartrip=7297.00;EaseMyTrip=7161.50;Goibibo=7084.50,7084.50,7297.00,7161.50,278.00,100.00,289.00,DEL,SXR,2026-09-21,Economy Standard,True,2,True,7158.00,PRICED,2026-09-05 09:00,ANCHOR_TIMESTAMP,INR,DECLARED_PROTOTYPE_CONSTANT,,phase8-v1
CELL::DEL|SXR|2026-09-21|Economy Standard|T15(12-18)::ROUND::2026-09-05T14:30,DEL,SXR,2026-09-21,Economy Standard,T15(12-18),ROUND::2026-09-05T14:30,2026-09-05 14:30,ANCHORED,0,7128.75,CONSOLIDATED,False,3,Cleartrip;EaseMyTrip;Goibibo,4,PARTIAL_COVERAGE,0.7500,AirlineSite;MMT,2,2,7077.00;7180.50,3,3,OBS00856;OBS00867;OBS00868,0,0,7077.00,7191.00,Cleartrip=7077.00;EaseMyTrip=7170.00;Goibibo=7191.00,7077.00,7191.00,7170.00,21.00,10.50,103.50,DEL,SXR,2026-09-21,Economy Standard,True,2,True,7128.75,PRICED,2026-09-05 14:30,ANCHOR_TIMESTAMP,INR,DECLARED_PROTOTYPE_CONSTANT,,phase8-v1
CELL::DEL|SXR|2026-09-21|Economy Standard|T15(12-18)::ROUND::2026-09-05T20:15,DEL,SXR,2026-09-21,Economy Standard,T15(12-18),ROUND::2026-09-05T20:15,2026-09-05 20:15,ANCHORED,0,7260.50,CONSOLIDATED,False,4,AirlineSite;Cleartrip;EaseMyTrip;Goibibo,4,FULL_COVERAGE,1.0000,MMT,3,3,7021.50;7260.50;7309.00,6,6,OBS01356;OBS01357;OBS01369;OBS01370;OBS01382;OBS01383,0,0,6888.00,7403.00,AirlineSite=7370.00;Cleartrip=7169.50;EaseMyTrip=7215.00;Goibibo=6888.00,6888.00,7370.00,7192.25,267.00,188.00,287.50,DEL,SXR,2026-09-21,Economy Standard,True,2,True,7260.50,PRICED,2026-09-05 20:15,ANCHOR_TIMESTAMP,INR,DECLARED_PROTOTYPE_CONSTANT,,phase8-v1
CELL::DEL|SXR|2026-09-21|Economy Standard|T15(12-18)::ROUND::2026-09-06T09:00,DEL,SXR,2026-09-21,Economy Standard,T15(12-18),ROUND::2026-09-06T09:00,2026-09-06 09:00,ANCHORED,0,7353.50,CONSOLIDATED,False,2,Goibibo;MMT,4,PARTIAL_COVERAGE,0.5000,AirlineSite;Cleartrip,2,2,7298.00;7409.00,2,2,OBS01896;OBS01905,0,0,7298.00,7409.00,Goibibo=7409.00;MMT=7298.00,7298.00,7409.00,7353.50,0.00,0.00,111.00,DEL,SXR,2026-09-21,Economy Standard,True,2,True,7353.50,PRICED,2026-09-06 09:00,ANCHOR_TIMESTAMP,INR,DECLARED_PROTOTYPE_CONSTANT,,phase8-v1
CELL::DEL|SXR|2026-09-21|Economy Standard|T15(12-18)::ROUND::2026-09-06T14:30,DEL,SXR,2026-09-21,Economy Standard,T15(12-18),ROUND::2026-09-06T14:30,2026-09-06 14:30,ANCHORED,0,7352.00,CONSOLIDATED,False,2,EaseMyTrip;Goibibo,4,PARTIAL_COVERAGE,0.5000,AirlineSite;Cleartrip;MMT,2,2,7302.00;7402.00,2,2,OBS02394;OBS02401,0,0,7302.00,7402.00,EaseMyTrip=7302.00;Goibibo=7402.00,7302.00,7402.00,7352.00,0.00,0.00,100.00,DEL,SXR,2026-09-21,Economy Standard,True,2,True,7352.00,PRICED,2026-09-06 14:30,ANCHOR_TIMESTAMP,INR,DECLARED_PROTOTYPE_CONSTANT,,phase8-v1
CELL::DEL|SXR|2026-09-21|Economy Standard|T15(12-18)::ROUND::2026-09-06T20:15,DEL,SXR,2026-09-21,Economy Standard,T15(12-18),ROUND::2026-09-06T20:15,2026-09-06 20:15,ANCHORED,0,7693.00,CONSOLIDATED,True,1,MMT,4,SINGLE_SOURCE,0.2500,AirlineSite;Cleartrip;Goibibo,1,1,7693.00,1,1,OBS02904,0,0,7693.00,7693.00,MMT=7693.00,7693.00,7693.00,7693.00,0.00,0.00,0.00,DEL,SXR,2026-09-21,Economy Standard,True,2,True,7693.00,PRICED,2026-09-06 20:15,ANCHOR_TIMESTAMP,INR,DECLARED_PROTOTYPE_CONSTANT,,phase8-v1
CELL::DEL|SXR|2026-10-06|Economy Flexi|T30(25-35)::ROUND::2026-09-05T09:00,DEL,SXR,2026-10-06,Economy Flexi,T30(25-35),ROUND::2026-09-05T09:00,2026-09-05 09:00,ANCHORED,0,7873.25,CONSOLIDATED,False,4,AirlineSite;Cleartrip;EaseMyTrip;MMT,4,FULL_COVERAGE,1.0000,Goibibo,2,2,7805.00;7941.50,4,4,OBS00361;OBS00362;OBS00374;OBS00375,0,0,7677.00,7978.00,AirlineSite=7933.00;Cleartrip=7905.00;EaseMyTrip=7677.00;MMT=7978.00,7677.00,7978.00,7919.00,256.00,164.50,136.50,DEL,SXR,2026-10-06,Economy Flexi,True,3,True,7873.25,PRICED,2026-09-05 09:00,ANCHOR_TIMESTAMP,INR,DECLARED_PROTOTYPE_CONSTANT,,phase8-v1
CELL::DEL|SXR|2026-10-06|Economy Flexi|T30(25-35)::ROUND::2026-09-05T14:30,DEL,SXR,2026-10-06,Economy Flexi,T30(25-35),ROUND::2026-09-05T14:30,2026-09-05 14:30,ANCHORED,0,7937.00,CONSOLIDATED,False,2,Cleartrip;EaseMyTrip,4,PARTIAL_COVERAGE,0.5000,AirlineSite;Goibibo;MMT,2,2,7726.00;8148.00,2,2,OBS00848;OBS00870,0,0,7726.00,8148.00,Cleartrip=8148.00;EaseMyTrip=7726.00,7726.00,8148.00,7937.00,0.00,0.00,422.00,DEL,SXR,2026-10-06,Economy Flexi,True,3,True,7937.00,PRICED,2026-09-05 14:30,ANCHOR_TIMESTAMP,INR,DECLARED_PROTOTYPE_CONSTANT,,phase8-v1
CELL::DEL|SXR|2026-10-06|Economy Flexi|T30(25-35)::ROUND::2026-09-05T20:15,DEL,SXR,2026-10-06,Economy Flexi,T30(25-35),ROUND::2026-09-05T20:15,2026-09-05 20:15,ANCHORED,0,8152.50,CONSOLIDATED,False,2,AirlineSite;EaseMyTrip,4,PARTIAL_COVERAGE,0.5000,Cleartrip;Goibibo;MMT,1,1,8152.50,2,2,OBS01371;OBS01372,0,0,8050.00,8255.00,AirlineSite=8050.00;EaseMyTrip=8255.00,8050.00,8255.00,8152.50,205.00,205.00,0.00,DEL,SXR,2026-10-06,Economy Flexi,True,3,True,8152.50,PRICED,2026-09-05 20:15,ANCHOR_TIMESTAMP,INR,DECLARED_PROTOTYPE_CONSTANT,,phase8-v1
CELL::DEL|SXR|2026-10-06|Economy Flexi|T30(25-35)::ROUND::2026-09-06T09:00,DEL,SXR,2026-10-06,Economy Flexi,T30(25-35),ROUND::2026-09-06T09:00,2026-09-06 09:00,ANCHORED,0,8202.50,CONSOLIDATED,False,2,EaseMyTrip;Goibibo,4,PARTIAL_COVERAGE,0.5000,AirlineSite;Cleartrip;MMT,2,2,8009.00;8396.00,2,2,OBS01887;OBS01906,0,0,8009.00,8396.00,EaseMyTrip=8009.00;Goibibo=8396.00,8009.00,8396.00,8202.50,0.00,0.00,387.00,DEL,SXR,2026-10-06,Economy Flexi,True,3,True,8202.50,PRICED,2026-09-06 09:00,ANCHOR_TIMESTAMP,INR,DECLARED_PROTOTYPE_CONSTANT,,phase8-v1
CELL::DEL|SXR|2026-10-06|Economy Flexi|T30(25-35)::ROUND::2026-09-06T14:30,DEL,SXR,2026-10-06,Economy Flexi,T30(25-35),ROUND::2026-09-06T14:30,2026-09-06 14:30,ANCHORED,0,7983.50,CONSOLIDATED,False,2,AirlineSite;Goibibo,4,PARTIAL_COVERAGE,0.5000,Cleartrip;MMT,2,2,7839.00;8128.00,3,3,OBS02395;OBS02396;OBS02985,0,0,7754.00,8128.00,AirlineSite=7941.00;Goibibo=7924.00,7924.00,7941.00,7932.50,170.00,85.00,289.00,DEL,SXR,2026-10-06,Economy Flexi,True,3,True,7983.50,PRICED,2026-09-06 14:30,ANCHOR_TIMESTAMP,INR,DECLARED_PROTOTYPE_CONSTANT,,phase8-v1
CELL::DEL|SXR|2026-10-06|Economy Saver|T30(25-35)::ROUND::2026-09-05T14:30,DEL,SXR,2026-10-06,Economy Saver,T30(25-35),ROUND::2026-09-05T14:30,2026-09-05 14:30,ANCHORED,0,5213.00,CONSOLIDATED,True,1,MMT,4,SINGLE_SOURCE,0.2500,AirlineSite;Cleartrip;Goibibo,1,1,5213.00,1,1,OBS00857,0,0,5213.00,5213.00,MMT=5213.00,5213.00,5213.00,5213.00,0.00,0.00,0.00,DEL,SXR,2026-10-06,Economy Saver,True,1,True,5213.00,PRICED,2026-09-05 14:30,ANCHOR_TIMESTAMP,INR,DECLARED_PROTOTYPE_CONSTANT,,phase8-v1
CELL::DEL|SXR|2026-10-06|Economy Saver|T30(25-35)::ROUND::2026-09-05T20:15,DEL,SXR,2026-10-06,Economy Saver,T30(25-35),ROUND::2026-09-05T20:15,2026-09-05 20:15,ANCHORED,0,5054.00,CONSOLIDATED,False,4,Cleartrip;EaseMyTrip;Goibibo;MMT,4,FULL_COVERAGE,1.0000,AirlineSite,3,3,4930.00;5054.00;5190.00,6,6,OBS01358;OBS01359;OBS01373;OBS01374;OBS01384;OBS01385,0,0,4872.00,5299.00,Cleartrip=4988.00;EaseMyTrip=5299.00;Goibibo=5058.00;MMT=4972.50,4972.50,5299.00,5023.00,218.00,116.00,260.00,DEL,SXR,2026-10-06,Economy Saver,True,1,True,5054.00,PRICED,2026-09-05 20:15,ANCHOR_TIMESTAMP,INR,DECLARED_PROTOTYPE_CONSTANT,,phase8-v1
CELL::DEL|SXR|2026-10-06|Economy Saver|T30(25-35)::ROUND::2026-09-06T09:00,DEL,SXR,2026-10-06,Economy Saver,T30(25-35),ROUND::2026-09-06T09:00,2026-09-06 09:00,ANCHORED,0,4985.00,CONSOLIDATED,True,1,AirlineSite,4,SINGLE_SOURCE,0.2500,Cleartrip;Goibibo;MMT,1,1,4985.00,1,1,OBS01888,0,0,4985.00,4985.00,AirlineSite=4985.00,4985.00,4985.00,4985.00,0.00,0.00,0.00,DEL,SXR,2026-10-06,Economy Saver,True,1,True,4985.00,PRICED,2026-09-06 09:00,ANCHOR_TIMESTAMP,INR,DECLARED_PROTOTYPE_CONSTANT,,phase8-v1
CELL::DEL|SXR|2026-10-06|Economy Saver|T30(25-35)::ROUND::2026-09-06T14:30,DEL,SXR,2026-10-06,Economy Saver,T30(25-35),ROUND::2026-09-06T14:30,2026-09-06 14:30,ANCHORED,0,5188.00,CONSOLIDATED,False,3,AirlineSite;Cleartrip;Goibibo,4,PARTIAL_COVERAGE,0.7500,MMT,2,2,5154.00;5222.00,3,3,OBS02388;OBS02402;OBS02403,0,0,5154.00,5254.00,AirlineSite=5154.00;Cleartrip=5190.00;Goibibo=5254.00,5154.00,5254.00,5190.00,64.00,32.00,68.00,DEL,SXR,2026-10-06,Economy Saver,True,1,True,5188.00,PRICED,2026-09-06 14:30,ANCHOR_TIMESTAMP,INR,DECLARED_PROTOTYPE_CONSTANT,,phase8-v1
CELL::DEL|SXR|2026-10-06|Economy Saver|T30(25-35)::ROUND::2026-09-06T20:15,DEL,SXR,2026-10-06,Economy Saver,T30(25-35),ROUND::2026-09-06T20:15,2026-09-06 20:15,ANCHORED,0,5259.50,CONSOLIDATED,False,2,EaseMyTrip;MMT,4,PARTIAL_COVERAGE,0.5000,AirlineSite;Cleartrip;Goibibo,1,1,5259.50,2,2,OBS02906;OBS02907,0,0,5080.00,5439.00,EaseMyTrip=5080.00;MMT=5439.00,5080.00,5439.00,5259.50,359.00,359.00,0.00,DEL,SXR,2026-10-06,Economy Saver,True,1,True,5259.50,PRICED,2026-09-06 20:15,ANCHOR_TIMESTAMP,INR,DECLARED_PROTOTYPE_CONSTANT,,phase8-v1
CELL::DEL|SXR|2026-10-06|Economy Standard|T30(25-35)::ROUND::2026-09-05T09:00,DEL,SXR,2026-10-06,Economy Standard,T30(25-35),ROUND::2026-09-05T09:00,2026-09-05 09:00,ANCHORED,0,6597.00,CONSOLIDATED,True,4,AirlineSite;Cleartrip;EaseMyTrip;MMT,4,FULL_COVERAGE,1.0000,Goibibo,3,3,6524.00;6597.00;6608.50,4,4,OBS00349;OBS00363;OBS00376;OBS00377,0,0,6524.00,6681.00,AirlineSite=6597.00;Cleartrip=6524.00;EaseMyTrip=6536.00;MMT=6681.00,6524.00,6681.00,6566.50,145.00,0.00,84.50,DEL,SXR,2026-10-06,Economy Standard,True,2,True,6597.00,PRICED,2026-09-05 09:00,ANCHOR_TIMESTAMP,INR,DECLARED_PROTOTYPE_CONSTANT,,phase8-v1
CELL::DEL|SXR|2026-10-06|Economy Standard|T30(25-35)::ROUND::2026-09-05T14:30,DEL,SXR,2026-10-06,Economy Standard,T30(25-35),ROUND::2026-09-05T14:30,2026-09-05 14:30,ANCHORED,0,6747.00,CONSOLIDATED,True,1,Goibibo,4,SINGLE_SOURCE,0.2500,AirlineSite;Cleartrip;MMT,1,1,6747.00,1,1,OBS00847,0,0,6747.00,6747.00,Goibibo=6747.00,6747.00,6747.00,6747.00,0.00,0.00,0.00,DEL,SXR,2026-10-06,Economy Standard,True,2,True,6747.00,PRICED,2026-09-05 14:30,ANCHOR_TIMESTAMP,INR,DECLARED_PROTOTYPE_CONSTANT,,phase8-v1
CELL::DEL|SXR|2026-10-06|Economy Standard|T30(25-35)::ROUND::2026-09-05T20:15,DEL,SXR,2026-10-06,Economy Standard,T30(25-35),ROUND::2026-09-05T20:15,2026-09-05 20:15,ANCHORED,0,6317.00,CONSOLIDATED,True,1,Cleartrip,4,SINGLE_SOURCE,0.2500,AirlineSite;Goibibo;MMT,1,1,6317.00,1,1,OBS01386,0,0,6317.00,6317.00,Cleartrip=6317.00,6317.00,6317.00,6317.00,0.00,0.00,0.00,DEL,SXR,2026-10-06,Economy Standard,True,2,True,6317.00,PRICED,2026-09-05 20:15,ANCHOR_TIMESTAMP,INR,DECLARED_PROTOTYPE_CONSTANT,,phase8-v1
CELL::DEL|SXR|2026-10-06|Economy Standard|T30(25-35)::ROUND::2026-09-06T09:00,DEL,SXR,2026-10-06,Economy Standard,T30(25-35),ROUND::2026-09-06T09:00,2026-09-06 09:00,ANCHORED,0,6596.25,CONSOLIDATED,False,3,EaseMyTrip;Goibibo;MMT,4,PARTIAL_COVERAGE,0.7500,AirlineSite;Cleartrip,2,2,6521.50;6671.00,3,3,OBS01899;OBS01907;OBS01908,0,0,6388.00,6671.00,EaseMyTrip=6655.00;Goibibo=6671.00;MMT=6388.00,6388.00,6671.00,6655.00,267.00,133.50,149.50,DEL,SXR,2026-10-06,Economy Standard,True,2,True,6596.25,PRICED,2026-09-06 09:00,ANCHOR_TIMESTAMP,INR,DECLARED_PROTOTYPE_CONSTANT,,phase8-v1
CELL::DEL|SXR|2026-10-06|Economy Standard|T30(25-35)::ROUND::2026-09-06T20:15,DEL,SXR,2026-10-06,Economy Standard,T30(25-35),ROUND::2026-09-06T20:15,2026-09-06 20:15,ANCHORED,0,6706.00,CONSOLIDATED,True,3,AirlineSite;EaseMyTrip;Goibibo,4,PARTIAL_COVERAGE,0.7500,Cleartrip;MMT,3,3,6459.50;6706.00;6710.50,5,5,OBS02895;OBS02896;OBS02905;OBS02919;OBS02920,0,0,6271.00,6711.00,AirlineSite=6491.00;EaseMyTrip=6677.00;Goibibo=6710.00,6491.00,6710.00,6677.00,377.00,1.00,251.00,DEL,SXR,2026-10-06,Economy Standard,True,2,True,6706.00,PRICED,2026-09-06 20:15,ANCHOR_TIMESTAMP,INR,DECLARED_PROTOTYPE_CONSTANT,,phase8-v1
CELL::DEL|SXR|2026-10-22|Economy Flexi|T45(40-50)::ROUND::2026-09-05T14:30,DEL,SXR,2026-10-22,Economy Flexi,T45(40-50),ROUND::2026-09-05T14:30,2026-09-05 14:30,ANCHORED,0,8300.00,CONSOLIDATED,True,1,Cleartrip,4,SINGLE_SOURCE,0.2500,AirlineSite;Goibibo;MMT,1,1,8300.00,1,1,OBS00849,0,0,8300.00,8300.00,Cleartrip=8300.00,8300.00,8300.00,8300.00,0.00,0.00,0.00,DEL,SXR,2026-10-22,Economy Flexi,True,3,True,8300.00,PRICED,2026-09-05 14:30,ANCHOR_TIMESTAMP,INR,DECLARED_PROTOTYPE_CONSTANT,,phase8-v1
CELL::DEL|SXR|2026-10-22|Economy Flexi|T45(40-50)::ROUND::2026-09-05T20:15,DEL,SXR,2026-10-22,Economy Flexi,T45(40-50),ROUND::2026-09-05T20:15,2026-09-05 20:15,ANCHORED,0,7818.00,CONSOLIDATED,True,1,MMT,4,SINGLE_SOURCE,0.2500,AirlineSite;Cleartrip;Goibibo,1,1,7818.00,1,1,OBS01360,0,0,7818.00,7818.00,MMT=7818.00,7818.00,7818.00,7818.00,0.00,0.00,0.00,DEL,SXR,2026-10-22,Economy Flexi,True,3,True,7818.00,PRICED,2026-09-05 20:15,ANCHOR_TIMESTAMP,INR,DECLARED_PROTOTYPE_CONSTANT,,phase8-v1
CELL::DEL|SXR|2026-10-22|Economy Flexi|T45(40-50)::ROUND::2026-09-06T09:00,DEL,SXR,2026-10-22,Economy Flexi,T45(40-50),ROUND::2026-09-06T09:00,2026-09-06 09:00,ANCHORED,0,8058.00,CONSOLIDATED,True,1,AirlineSite,4,SINGLE_SOURCE,0.2500,Cleartrip;Goibibo;MMT,1,1,8058.00,1,1,OBS01901,0,0,8058.00,8058.00,AirlineSite=8058.00,8058.00,8058.00,8058.00,0.00,0.00,0.00,DEL,SXR,2026-10-22,Economy Flexi,True,3,True,8058.00,PRICED,2026-09-06 09:00,ANCHOR_TIMESTAMP,INR,DECLARED_PROTOTYPE_CONSTANT,,phase8-v1
CELL::DEL|SXR|2026-10-22|Economy Flexi|T45(40-50)::ROUND::2026-09-06T14:30,DEL,SXR,2026-10-22,Economy Flexi,T45(40-50),ROUND::2026-09-06T14:30,2026-09-06 14:30,ANCHORED,0,7763.00,CONSOLIDATED,True,1,MMT,4,SINGLE_SOURCE,0.2500,AirlineSite;Cleartrip;Goibibo,1,1,7763.00,1,1,OBS02397,0,0,7763.00,7763.00,MMT=7763.00,7763.00,7763.00,7763.00,0.00,0.00,0.00,DEL,SXR,2026-10-22,Economy Flexi,True,3,True,7763.00,PRICED,2026-09-06 14:30,ANCHOR_TIMESTAMP,INR,DECLARED_PROTOTYPE_CONSTANT,,phase8-v1
CELL::DEL|SXR|2026-10-22|Economy Flexi|T45(40-50)::ROUND::2026-09-06T20:15,DEL,SXR,2026-10-22,Economy Flexi,T45(40-50),ROUND::2026-09-06T20:15,2026-09-06 20:15,ANCHORED,0,8223.50,CONSOLIDATED,False,2,Cleartrip;MMT,4,PARTIAL_COVERAGE,0.5000,AirlineSite;Goibibo,1,1,8223.50,2,2,OBS02921;OBS02922,0,0,8087.00,8360.00,Cleartrip=8360.00;MMT=8087.00,8087.00,8360.00,8223.50,273.00,273.00,0.00,DEL,SXR,2026-10-22,Economy Flexi,True,3,True,8223.50,PRICED,2026-09-06 20:15,ANCHOR_TIMESTAMP,INR,DECLARED_PROTOTYPE_CONSTANT,,phase8-v1
CELL::DEL|SXR|2026-10-22|Economy Saver|T45(40-50)::ROUND::2026-09-05T09:00,DEL,SXR,2026-10-22,Economy Saver,T45(40-50),ROUND::2026-09-05T09:00,2026-09-05 09:00,ANCHORED,0,5181.00,CONSOLIDATED,False,4,Cleartrip;EaseMyTrip;Goibibo;MMT,4,FULL_COVERAGE,1.0000,AirlineSite,3,3,5029.50;5181.00;5364.00,6,6,OBS00350;OBS00351;OBS00364;OBS00365;OBS00378;OBS00379,0,0,5001.00,5427.00,Cleartrip=5301.00;EaseMyTrip=5194.00;Goibibo=5016.50;MMT=5427.00,5016.50,5427.00,5247.50,360.00,126.00,334.50,DEL,SXR,2026-10-22,Economy Saver,True,1,True,5181.00,PRICED,2026-09-05 09:00,ANCHOR_TIMESTAMP,INR,DECLARED_PROTOTYPE_CONSTANT,,phase8-v1
CELL::DEL|SXR|2026-10-22|Economy Saver|T45(40-50)::ROUND::2026-09-05T14:30,DEL,SXR,2026-10-22,Economy Saver,T45(40-50),ROUND::2026-09-05T14:30,2026-09-05 14:30,ANCHORED,0,5312.50,CONSOLIDATED,False,1,EaseMyTrip,4,SINGLE_SOURCE,0.2500,AirlineSite;Cleartrip;Goibibo;MMT,2,2,5245.00;5380.00,2,2,OBS00858;OBS00871,0,0,5245.00,5380.00,EaseMyTrip=5312.50,5312.50,5312.50,5312.50,0.00,0.00,135.00,DEL,SXR,2026-10-22,Economy Saver,True,1,True,5312.50,PRICED,2026-09-05 14:30,ANCHOR_TIMESTAMP,INR,DECLARED_PROTOTYPE_CONSTANT,,phase8-v1
CELL::DEL|SXR|2026-10-22|Economy Saver|T45(40-50)::ROUND::2026-09-05T20:15,DEL,SXR,2026-10-22,Economy Saver,T45(40-50),ROUND::2026-09-05T20:15,2026-09-05 20:15,ANCHORED,0,5235.00,CONSOLIDATED,False,2,AirlineSite;EaseMyTrip,4,PARTIAL_COVERAGE,0.5000,Cleartrip;Goibibo;MMT,1,1,5235.00,2,2,OBS01375;OBS01376,0,0,5133.00,5337.00,AirlineSite=5337.00;EaseMyTrip=5133.00,5133.00,5337.00,5235.00,204.00,204.00,0.00,DEL,SXR,2026-10-22,Economy Saver,True,1,True,5235.00,PRICED,2026-09-05 20:15,ANCHOR_TIMESTAMP,INR,DECLARED_PROTOTYPE_CONSTANT,,phase8-v1
CELL::DEL|SXR|2026-10-22|Economy Saver|T45(40-50)::ROUND::2026-09-06T09:00,DEL,SXR,2026-10-22,Economy Saver,T45(40-50),ROUND::2026-09-06T09:00,2026-09-06 09:00,ANCHORED,0,5163.50,CONSOLIDATED,False,2,AirlineSite;EaseMyTrip,4,PARTIAL_COVERAGE,0.5000,Cleartrip;Goibibo;MMT,2,2,5047.00;5280.00,2,2,OBS01889;OBS01900,0,0,5047.00,5280.00,AirlineSite=5047.00;EaseMyTrip=5280.00,5047.00,5280.00,5163.50,0.00,0.00,233.00,DEL,SXR,2026-10-22,Economy Saver,True,1,True,5163.50,PRICED,2026-09-06 09:00,ANCHOR_TIMESTAMP,INR,DECLARED_PROTOTYPE_CONSTANT,,phase8-v1
CELL::DEL|SXR|2026-10-22|Economy Saver|T45(40-50)::ROUND::2026-09-06T14:30,DEL,SXR,2026-10-22,Economy Saver,T45(40-50),ROUND::2026-09-06T14:30,2026-09-06 14:30,ANCHORED,0,5103.50,CONSOLIDATED,False,2,AirlineSite;Cleartrip,4,PARTIAL_COVERAGE,0.5000,Goibibo;MMT,1,1,5103.50,2,2,OBS02389;OBS02390,0,0,5058.00,5149.00,AirlineSite=5058.00;Cleartrip=5149.00,5058.00,5149.00,5103.50,91.00,91.00,0.00,DEL,SXR,2026-10-22,Economy Saver,True,1,True,5103.50,PRICED,2026-09-06 14:30,ANCHOR_TIMESTAMP,INR,DECLARED_PROTOTYPE_CONSTANT,,phase8-v1
CELL::DEL|SXR|2026-10-22|Economy Saver|T45(40-50)::ROUND::2026-09-06T20:15,DEL,SXR,2026-10-22,Economy Saver,T45(40-50),ROUND::2026-09-06T20:15,2026-09-06 20:15,ANCHORED,0,5384.00,CONSOLIDATED,True,1,MMT,4,SINGLE_SOURCE,0.2500,AirlineSite;Cleartrip;Goibibo,1,1,5384.00,1,1,OBS02910,0,0,5384.00,5384.00,MMT=5384.00,5384.00,5384.00,5384.00,0.00,0.00,0.00,DEL,SXR,2026-10-22,Economy Saver,True,1,True,5384.00,PRICED,2026-09-06 20:15,ANCHOR_TIMESTAMP,INR,DECLARED_PROTOTYPE_CONSTANT,,phase8-v1
CELL::DEL|SXR|2026-10-22|Economy Standard|T45(40-50)::ROUND::2026-09-05T20:15,DEL,SXR,2026-10-22,Economy Standard,T45(40-50),ROUND::2026-09-05T20:15,2026-09-05 20:15,ANCHORED,0,6390.50,CONSOLIDATED,False,2,AirlineSite;EaseMyTrip,4,PARTIAL_COVERAGE,0.5000,Cleartrip;Goibibo;MMT,2,2,6309.00;6472.00,2,2,OBS01377;OBS01387,0,0,6309.00,6472.00,AirlineSite=6309.00;EaseMyTrip=6472.00,6309.00,6472.00,6390.50,0.00,0.00,163.00,DEL,SXR,2026-10-22,Economy Standard,True,2,True,6390.50,PRICED,2026-09-05 20:15,ANCHOR_TIMESTAMP,INR,DECLARED_PROTOTYPE_CONSTANT,,phase8-v1
CELL::DEL|SXR|2026-10-22|Economy Standard|T45(40-50)::ROUND::2026-09-06T09:00,DEL,SXR,2026-10-22,Economy Standard,T45(40-50),ROUND::2026-09-06T09:00,2026-09-06 09:00,ANCHORED,0,6621.00,CONSOLIDATED,True,1,MMT,4,SINGLE_SOURCE,0.2500,AirlineSite;Cleartrip;Goibibo,1,1,6621.00,1,1,OBS01909,0,0,6621.00,6621.00,MMT=6621.00,6621.00,6621.00,6621.00,0.00,0.00,0.00,DEL,SXR,2026-10-22,Economy Standard,True,2,True,6621.00,PRICED,2026-09-06 09:00,ANCHOR_TIMESTAMP,INR,DECLARED_PROTOTYPE_CONSTANT,,phase8-v1
CELL::DEL|SXR|2026-10-22|Economy Standard|T45(40-50)::ROUND::2026-09-06T14:30,DEL,SXR,2026-10-22,Economy Standard,T45(40-50),ROUND::2026-09-06T14:30,2026-09-06 14:30,ANCHORED,0,6723.00,CONSOLIDATED,True,1,Cleartrip,4,SINGLE_SOURCE,0.2500,AirlineSite;Goibibo;MMT,1,1,6723.00,1,1,OBS02404,0,0,6723.00,6723.00,Cleartrip=6723.00,6723.00,6723.00,6723.00,0.00,0.00,0.00,DEL,SXR,2026-10-22,Economy Standard,True,2,True,6723.00,PRICED,2026-09-06 14:30,ANCHOR_TIMESTAMP,INR,DECLARED_PROTOTYPE_CONSTANT,,phase8-v1
CELL::DEL|SXR|2026-10-22|Economy Standard|T45(40-50)::ROUND::2026-09-06T20:15,DEL,SXR,2026-10-22,Economy Standard,T45(40-50),ROUND::2026-09-06T20:15,2026-09-06 20:15,ANCHORED,0,6789.50,CONSOLIDATED,False,3,AirlineSite;Cleartrip;MMT,4,PARTIAL_COVERAGE,0.7500,Goibibo,3,3,6511.00;6789.50;6861.00,5,5,OBS02897;OBS02908;OBS02909;OBS02923;OBS02924,0,0,6353.00,6861.00,AirlineSite=6566.50;Cleartrip=6830.00;MMT=6669.00,6566.50,6830.00,6669.00,316.00,19.00,350.00,DEL,SXR,2026-10-22,Economy Standard,True,2,True,6789.50,PRICED,2026-09-06 20:15,ANCHOR_TIMESTAMP,INR,DECLARED_PROTOTYPE_CONSTANT,,phase8-v1
