entity_type,entity_id,field,action,original_value,normalized_value,detail
CONSOLIDATION_CELL,CELL::DEL|GOI|2026-09-13|Economy Standard|OUT_OF_BAND::ROUND::2026-09-09T20:15,advance_purchase_window,UNKNOWN_VALUE_FLAGGED,OUT_OF_BAND,OUT_OF_BAND,
FLIGHT_CELL,CELL::AMD|DEL|2026-09-07|Economy Flexi|T1(0-2)::ROUND::2026-09-05T09:00::FLT::IX|IX-340|06:30,carrier,UNKNOWN_VALUE_FLAGGED,IX,IX,
FLIGHT_CELL,CELL::AMD|DEL|2026-09-07|Economy Flexi|T1(0-2)::ROUND::2026-09-05T20:15::FLT::IX|IX-340|06:30,carrier,UNKNOWN_VALUE_FLAGGED,IX,IX,
FLIGHT_CELL,CELL::AMD|DEL|2026-09-07|Economy Flexi|T1(0-2)::ROUND::2026-09-06T09:00::FLT::IX|IX-340|06:30,carrier,UNKNOWN_VALUE_FLAGGED,IX,IX,
FLIGHT_CELL,CELL::AMD|DEL|2026-09-07|Economy Saver|T1(0-2)::ROUND::2026-09-05T09:00::FLT::IX|IX-340|06:30,carrier,UNKNOWN_VALUE_FLAGGED,IX,IX,
FLIGHT_CELL,CELL::AMD|DEL|2026-09-07|Economy Saver|T1(0-2)::ROUND::2026-09-05T14:30::FLT::IX|IX-340|06:30,carrier,UNKNOWN_VALUE_FLAGGED,IX,IX,
FLIGHT_CELL,CELL::AMD|DEL|2026-09-07|Economy Saver|T1(0-2)::ROUND::2026-09-06T09:00::FLT::IX|IX-340|06:30,carrier,UNKNOWN_VALUE_FLAGGED,IX,IX,
FLIGHT_CELL,CELL::AMD|DEL|2026-09-07|Economy Saver|T1(0-2)::ROUND::2026-09-06T14:30::FLT::IX|IX-340|06:30,carrier,UNKNOWN_VALUE_FLAGGED,IX,IX,
FLIGHT_CELL,CELL::AMD|DEL|2026-09-07|Economy Saver|T1(0-2)::ROUND::2026-09-06T20:15::FLT::IX|IX-340|06:30,carrier,UNKNOWN_VALUE_FLAGGED,IX,IX,
FLIGHT_CELL,CELL::AMD|DEL|2026-09-07|Economy Standard|T1(0-2)::ROUND::2026-09-06T14:30::FLT::IX|IX-340|06:30,carrier,UNKNOWN_VALUE_FLAGGED,IX,IX,
FLIGHT_CELL,CELL::AMD|DEL|2026-09-07|Economy Standard|T1(0-2)::ROUND::2026-09-06T20:15::FLT::IX|IX-340|06:30,carrier,UNKNOWN_VALUE_FLAGGED,IX,IX,
FLIGHT_CELL,CELL::AMD|DEL|2026-09-13|Economy Flexi|T7(5-9)::ROUND::2026-09-05T14:30::FLT::IX|IX-340|06:30,carrier,UNKNOWN_VALUE_FLAGGED,IX,IX,
FLIGHT_CELL,CELL::AMD|DEL|2026-09-13|Economy Flexi|T7(5-9)::ROUND::2026-09-06T14:30::FLT::IX|IX-340|06:30,carrier,UNKNOWN_VALUE_FLAGGED,IX,IX,
FLIGHT_CELL,CELL::AMD|DEL|2026-09-13|Economy Saver|T7(5-9)::ROUND::2026-09-05T09:00::FLT::IX|IX-340|06:30,carrier,UNKNOWN_VALUE_FLAGGED,IX,IX,
FLIGHT_CELL,CELL::AMD|DEL|2026-09-13|Economy Saver|T7(5-9)::ROUND::2026-09-05T20:15::FLT::IX|IX-340|06:30,carrier,UNKNOWN_VALUE_FLAGGED,IX,IX,
FLIGHT_CELL,CELL::AMD|DEL|2026-09-13|Economy Saver|T7(5-9)::ROUND::2026-09-06T14:30::FLT::IX|IX-340|06:30,carrier,UNKNOWN_VALUE_FLAGGED,IX,IX,
FLIGHT_CELL,CELL::AMD|DEL|2026-09-13|Economy Standard|T7(5-9)::ROUND::2026-09-05T14:30::FLT::IX|IX-340|06:30,carrier,UNKNOWN_VALUE_FLAGGED,IX,IX,
FLIGHT_CELL,CELL::AMD|DEL|2026-09-13|Economy Standard|T7(5-9)::ROUND::2026-09-06T09:00::FLT::IX|IX-340|06:30,carrier,UNKNOWN_VALUE_FLAGGED,IX,IX,
FLIGHT_CELL,CELL::AMD|DEL|2026-09-13|Economy Standard|T7(5-9)::ROUND::2026-09-06T20:15::FLT::IX|IX-340|06:30,carrier,UNKNOWN_VALUE_FLAGGED,IX,IX,
FLIGHT_CELL,CELL::AMD|DEL|2026-09-21|Economy Flexi|T15(12-18)::ROUND::2026-09-05T09:00::FLT::IX|IX-340|06:30,carrier,UNKNOWN_VALUE_FLAGGED,IX,IX,
FLIGHT_CELL,CELL::AMD|DEL|2026-09-21|Economy Flexi|T15(12-18)::ROUND::2026-09-05T20:15::FLT::IX|IX-340|06:30,carrier,UNKNOWN_VALUE_FLAGGED,IX,IX,
FLIGHT_CELL,CELL::AMD|DEL|2026-09-21|Economy Flexi|T15(12-18)::ROUND::2026-09-06T14:30::FLT::IX|IX-340|06:30,carrier,UNKNOWN_VALUE_FLAGGED,IX,IX,
FLIGHT_CELL,CELL::AMD|DEL|2026-09-21|Economy Saver|T15(12-18)::ROUND::2026-09-05T14:30::FLT::IX|IX-340|06:30,carrier,UNKNOWN_VALUE_FLAGGED,IX,IX,
FLIGHT_CELL,CELL::AMD|DEL|2026-09-21|Economy Saver|T15(12-18)::ROUND::2026-09-06T09:00::FLT::IX|IX-340|06:30,carrier,UNKNOWN_VALUE_FLAGGED,IX,IX,
FLIGHT_CELL,CELL::AMD|DEL|2026-09-21|Economy Saver|T15(12-18)::ROUND::2026-09-06T20:15::FLT::IX|IX-340|06:30,carrier,UNKNOWN_VALUE_FLAGGED,IX,IX,
FLIGHT_CELL,CELL::AMD|DEL|2026-09-21|Economy Standard|T15(12-18)::ROUND::2026-09-05T09:00::FLT::IX|IX-340|06:30,carrier,UNKNOWN_VALUE_FLAGGED,IX,IX,
FLIGHT_CELL,CELL::AMD|DEL|2026-09-21|Economy Standard|T15(12-18)::ROUND::2026-09-05T14:30::FLT::IX|IX-340|06:30,carrier,UNKNOWN_VALUE_FLAGGED,IX,IX,
FLIGHT_CELL,CELL::AMD|DEL|2026-09-21|Economy Standard|T15(12-18)::ROUND::2026-09-05T20:15::FLT::IX|IX-340|06:30,carrier,UNKNOWN_VALUE_FLAGGED,IX,IX,
FLIGHT_CELL,CELL::AMD|DEL|2026-09-21|Economy Standard|T15(12-18)::ROUND::2026-09-06T09:00::FLT::IX|IX-340|06:30,carrier,UNKNOWN_VALUE_FLAGGED,IX,IX,
FLIGHT_CELL,CELL::AMD|DEL|2026-09-21|Economy Standard|T15(12-18)::ROUND::2026-09-06T14:30::FLT::IX|IX-340|06:30,carrier,UNKNOWN_VALUE_FLAGGED,IX,IX,
FLIGHT_CELL,CELL::AMD|DEL|2026-09-21|Economy Standard|T15(12-18)::ROUND::2026-09-06T20:15::FLT::IX|IX-340|06:30,carrier,UNKNOWN_VALUE_FLAGGED,IX,IX,
FLIGHT_CELL,CELL::AMD|DEL|2026-10-06|Economy Flexi|T30(25-35)::ROUND::2026-09-05T09:00::FLT::IX|IX-340|06:30,carrier,UNKNOWN_VALUE_FLAGGED,IX,IX,
FLIGHT_CELL,CELL::AMD|DEL|2026-10-06|Economy Flexi|T30(25-35)::ROUND::2026-09-05T14:30::FLT::IX|IX-340|06:30,carrier,UNKNOWN_VALUE_FLAGGED,IX,IX,
FLIGHT_CELL,CELL::AMD|DEL|2026-10-06|Economy Flexi|T30(25-35)::ROUND::2026-09-06T09:00::FLT::IX|IX-340|06:30,carrier,UNKNOWN_VALUE_FLAGGED,IX,IX,
FLIGHT_CELL,CELL::AMD|DEL|2026-10-06|Economy Flexi|T30(25-35)::ROUND::2026-09-06T14:30::FLT::IX|IX-340|06:30,carrier,UNKNOWN_VALUE_FLAGGED,IX,IX,
FLIGHT_CELL,CELL::AMD|DEL|2026-10-06|Economy Flexi|T30(25-35)::ROUND::2026-09-06T20:15::FLT::IX|IX-340|06:30,carrier,UNKNOWN_VALUE_FLAGGED,IX,IX,
FLIGHT_CELL,CELL::AMD|DEL|2026-10-06|Economy Saver|T30(25-35)::ROUND::2026-09-05T20:15::FLT::IX|IX-340|06:30,carrier,UNKNOWN_VALUE_FLAGGED,IX,IX,
FLIGHT_CELL,CELL::AMD|DEL|2026-10-06|Economy Saver|T30(25-35)::ROUND::2026-09-06T14:30::FLT::IX|IX-340|06:30,carrier,UNKNOWN_VALUE_FLAGGED,IX,IX,
FLIGHT_CELL,CELL::AMD|DEL|2026-10-06|Economy Standard|T30(25-35)::ROUND::2026-09-05T09:00::FLT::IX|IX-340|06:30,carrier,UNKNOWN_VALUE_FLAGGED,IX,IX,
FLIGHT_CELL,CELL::AMD|DEL|2026-10-06|Economy Standard|T30(25-35)::ROUND::2026-09-05T14:30::FLT::IX|IX-340|06:30,carrier,UNKNOWN_VALUE_FLAGGED,IX,IX,
FLIGHT_CELL,CELL::AMD|DEL|2026-10-06|Economy Standard|T30(25-35)::ROUND::2026-09-05T20:15::FLT::IX|IX-340|06:30,carrier,UNKNOWN_VALUE_FLAGGED,IX,IX,
FLIGHT_CELL,CELL::AMD|DEL|2026-10-06|Economy Standard|T30(25-35)::ROUND::2026-09-06T20:15::FLT::IX|IX-340|06:30,carrier,UNKNOWN_VALUE_FLAGGED,IX,IX,
FLIGHT_CELL,CELL::AMD|DEL|2026-10-22|Economy Flexi|T45(40-50)::ROUND::2026-09-05T20:15::FLT::IX|IX-340|06:30,carrier,UNKNOWN_VALUE_FLAGGED,IX,IX,
FLIGHT_CELL,CELL::AMD|DEL|2026-10-22|Economy Flexi|T45(40-50)::ROUND::2026-09-06T20:15::FLT::IX|IX-340|06:30,carrier,UNKNOWN_VALUE_FLAGGED,IX,IX,
FLIGHT_CELL,CELL::AMD|DEL|2026-10-22|Economy Saver|T45(40-50)::ROUND::2026-09-06T09:00::FLT::IX|IX-340|06:30,carrier,UNKNOWN_VALUE_FLAGGED,IX,IX,
FLIGHT_CELL,CELL::AMD|DEL|2026-10-22|Economy Saver|T45(40-50)::ROUND::2026-09-06T14:30::FLT::IX|IX-340|06:30,carrier,UNKNOWN_VALUE_FLAGGED,IX,IX,
FLIGHT_CELL,CELL::AMD|DEL|2026-10-22|Economy Standard|T45(40-50)::ROUND::2026-09-05T09:00::FLT::IX|IX-340|06:30,carrier,UNKNOWN_VALUE_FLAGGED,IX,IX,
FLIGHT_CELL,CELL::AMD|DEL|2026-10-22|Economy Standard|T45(40-50)::ROUND::2026-09-05T14:30::FLT::IX|IX-340|06:30,carrier,UNKNOWN_VALUE_FLAGGED,IX,IX,
FLIGHT_CELL,CELL::AMD|DEL|2026-10-22|Economy Standard|T45(40-50)::ROUND::2026-09-06T09:00::FLT::IX|IX-340|06:30,carrier,UNKNOWN_VALUE_FLAGGED,IX,IX,
FLIGHT_CELL,CELL::AMD|DEL|2026-10-22|Economy Standard|T45(40-50)::ROUND::2026-09-06T14:30::FLT::IX|IX-340|06:30,carrier,UNKNOWN_VALUE_FLAGGED,IX,IX,
FLIGHT_CELL,CELL::BLR|COK|2026-09-07|Economy Flexi|T1(0-2)::ROUND::2026-09-05T09:00::FLT::IX|IX-431|19:30,carrier,UNKNOWN_VALUE_FLAGGED,IX,IX,
FLIGHT_CELL,CELL::BLR|COK|2026-09-07|Economy Flexi|T1(0-2)::ROUND::2026-09-05T14:30::FLT::IX|IX-431|19:30,carrier,UNKNOWN_VALUE_FLAGGED,IX,IX,
FLIGHT_CELL,CELL::BLR|COK|2026-09-07|Economy Flexi|T1(0-2)::ROUND::2026-09-06T09:00::FLT::IX|IX-431|19:30,carrier,UNKNOWN_VALUE_FLAGGED,IX,IX,
FLIGHT_CELL,CELL::BLR|COK|2026-09-07|Economy Saver|T1(0-2)::ROUND::2026-09-05T20:15::FLT::IX|IX-431|19:30,carrier,UNKNOWN_VALUE_FLAGGED,IX,IX,
FLIGHT_CELL,CELL::BLR|COK|2026-09-07|Economy Standard|T1(0-2)::ROUND::2026-09-05T14:30::FLT::IX|IX-431|19:30,carrier,UNKNOWN_VALUE_FLAGGED,IX,IX,
FLIGHT_CELL,CELL::BLR|COK|2026-09-07|Economy Standard|T1(0-2)::ROUND::2026-09-06T09:00::FLT::IX|IX-431|19:30,carrier,UNKNOWN_VALUE_FLAGGED,IX,IX,
FLIGHT_CELL,CELL::BLR|COK|2026-09-07|Economy Standard|T1(0-2)::ROUND::2026-09-06T14:30::FLT::IX|IX-431|19:30,carrier,UNKNOWN_VALUE_FLAGGED,IX,IX,
FLIGHT_CELL,CELL::BLR|COK|2026-09-13|Economy Flexi|T7(5-9)::ROUND::2026-09-05T09:00::FLT::IX|IX-431|19:30,carrier,UNKNOWN_VALUE_FLAGGED,IX,IX,
FLIGHT_CELL,CELL::BLR|COK|2026-09-13|Economy Flexi|T7(5-9)::ROUND::2026-09-05T14:30::FLT::IX|IX-431|19:30,carrier,UNKNOWN_VALUE_FLAGGED,IX,IX,
FLIGHT_CELL,CELL::BLR|COK|2026-09-13|Economy Flexi|T7(5-9)::ROUND::2026-09-05T20:15::FLT::IX|IX-431|19:30,carrier,UNKNOWN_VALUE_FLAGGED,IX,IX,
FLIGHT_CELL,CELL::BLR|COK|2026-09-13|Economy Flexi|T7(5-9)::ROUND::2026-09-06T09:00::FLT::IX|IX-431|19:30,carrier,UNKNOWN_VALUE_FLAGGED,IX,IX,
FLIGHT_CELL,CELL::BLR|COK|2026-09-13|Economy Flexi|T7(5-9)::ROUND::2026-09-06T14:30::FLT::IX|IX-431|19:30,carrier,UNKNOWN_VALUE_FLAGGED,IX,IX,
FLIGHT_CELL,CELL::BLR|COK|2026-09-13|Economy Standard|T7(5-9)::ROUND::2026-09-05T09:00::FLT::IX|IX-431|19:30,carrier,UNKNOWN_VALUE_FLAGGED,IX,IX,
FLIGHT_CELL,CELL::BLR|COK|2026-09-13|Economy Standard|T7(5-9)::ROUND::2026-09-05T20:15::FLT::IX|IX-431|19:30,carrier,UNKNOWN_VALUE_FLAGGED,IX,IX,
FLIGHT_CELL,CELL::BLR|COK|2026-09-13|Economy Standard|T7(5-9)::ROUND::2026-09-06T14:30::FLT::IX|IX-431|19:30,carrier,UNKNOWN_VALUE_FLAGGED,IX,IX,
FLIGHT_CELL,CELL::BLR|COK|2026-09-21|Economy Flexi|T15(12-18)::ROUND::2026-09-05T14:30::FLT::IX|IX-431|19:30,carrier,UNKNOWN_VALUE_FLAGGED,IX,IX,
FLIGHT_CELL,CELL::BLR|COK|2026-09-21|Economy Flexi|T15(12-18)::ROUND::2026-09-05T20:15::FLT::IX|IX-431|19:30,carrier,UNKNOWN_VALUE_FLAGGED,IX,IX,
FLIGHT_CELL,CELL::BLR|COK|2026-09-21|Economy Flexi|T15(12-18)::ROUND::2026-09-06T14:30::FLT::IX|IX-431|19:30,carrier,UNKNOWN_VALUE_FLAGGED,IX,IX,
FLIGHT_CELL,CELL::BLR|COK|2026-09-21|Economy Saver|T15(12-18)::ROUND::2026-09-05T09:00::FLT::IX|IX-431|19:30,carrier,UNKNOWN_VALUE_FLAGGED,IX,IX,
FLIGHT_CELL,CELL::BLR|COK|2026-09-21|Economy Saver|T15(12-18)::ROUND::2026-09-06T09:00::FLT::IX|IX-431|19:30,carrier,UNKNOWN_VALUE_FLAGGED,IX,IX,
FLIGHT_CELL,CELL::BLR|COK|2026-09-21|Economy Saver|T15(12-18)::ROUND::2026-09-06T14:30::FLT::IX|IX-431|19:30,carrier,UNKNOWN_VALUE_FLAGGED,IX,IX,
FLIGHT_CELL,CELL::BLR|COK|2026-09-21|Economy Standard|T15(12-18)::ROUND::2026-09-05T14:30::FLT::IX|IX-431|19:30,carrier,UNKNOWN_VALUE_FLAGGED,IX,IX,
FLIGHT_CELL,CELL::BLR|COK|2026-09-21|Economy Standard|T15(12-18)::ROUND::2026-09-05T20:15::FLT::IX|IX-431|19:30,carrier,UNKNOWN_VALUE_FLAGGED,IX,IX,
FLIGHT_CELL,CELL::BLR|COK|2026-09-21|Economy Standard|T15(12-18)::ROUND::2026-09-06T09:00::FLT::IX|IX-431|19:30,carrier,UNKNOWN_VALUE_FLAGGED,IX,IX,
FLIGHT_CELL,CELL::BLR|COK|2026-10-06|Economy Flexi|T30(25-35)::ROUND::2026-09-05T14:30::FLT::IX|IX-431|19:30,carrier,UNKNOWN_VALUE_FLAGGED,IX,IX,
FLIGHT_CELL,CELL::BLR|COK|2026-10-06|Economy Saver|T30(25-35)::ROUND::2026-09-05T09:00::FLT::IX|IX-431|19:30,carrier,UNKNOWN_VALUE_FLAGGED,IX,IX,
FLIGHT_CELL,CELL::BLR|COK|2026-10-06|Economy Saver|T30(25-35)::ROUND::2026-09-06T09:00::FLT::IX|IX-431|19:30,carrier,UNKNOWN_VALUE_FLAGGED,IX,IX,
FLIGHT_CELL,CELL::BLR|COK|2026-10-06|Economy Saver|T30(25-35)::ROUND::2026-09-06T14:30::FLT::IX|IX-431|19:30,carrier,UNKNOWN_VALUE_FLAGGED,IX,IX,
FLIGHT_CELL,CELL::BLR|COK|2026-10-06|Economy Standard|T30(25-35)::ROUND::2026-09-05T09:00::FLT::IX|IX-431|19:30,carrier,UNKNOWN_VALUE_FLAGGED,IX,IX,
FLIGHT_CELL,CELL::BLR|COK|2026-10-06|Economy Standard|T30(25-35)::ROUND::2026-09-05T14:30::FLT::IX|IX-431|19:30,carrier,UNKNOWN_VALUE_FLAGGED,IX,IX,
FLIGHT_CELL,CELL::BLR|COK|2026-10-06|Economy Standard|T30(25-35)::ROUND::2026-09-05T20:15::FLT::IX|IX-431|19:30,carrier,UNKNOWN_VALUE_FLAGGED,IX,IX,
FLIGHT_CELL,CELL::BLR|COK|2026-10-06|Economy Standard|T30(25-35)::ROUND::2026-09-06T14:30::FLT::IX|IX-431|19:30,carrier,UNKNOWN_VALUE_FLAGGED,IX,IX,
FLIGHT_CELL,CELL::BLR|COK|2026-10-22|Economy Flexi|T45(40-50)::ROUND::2026-09-05T09:00::FLT::IX|IX-431|19:30,carrier,UNKNOWN_VALUE_FLAGGED,IX,IX,
FLIGHT_CELL,CELL::BLR|COK|2026-10-22|Economy Flexi|T45(40-50)::ROUND::2026-09-05T14:30::FLT::IX|IX-431|19:30,carrier,UNKNOWN_VALUE_FLAGGED,IX,IX,
FLIGHT_CELL,CELL::BLR|COK|2026-10-22|Economy Saver|T45(40-50)::ROUND::2026-09-05T09:00::FLT::IX|IX-431|19:30,carrier,UNKNOWN_VALUE_FLAGGED,IX,IX,
FLIGHT_CELL,CELL::BLR|COK|2026-10-22|Economy Saver|T45(40-50)::ROUND::2026-09-06T09:00::FLT::IX|IX-431|19:30,carrier,UNKNOWN_VALUE_FLAGGED,IX,IX,
FLIGHT_CELL,CELL::BLR|COK|2026-10-22|Economy Standard|T45(40-50)::ROUND::2026-09-05T14:30::FLT::IX|IX-431|19:30,carrier,UNKNOWN_VALUE_FLAGGED,IX,IX,
FLIGHT_CELL,CELL::BLR|COK|2026-10-22|Economy Standard|T45(40-50)::ROUND::2026-09-05T20:15::FLT::IX|IX-431|19:30,carrier,UNKNOWN_VALUE_FLAGGED,IX,IX,
FLIGHT_CELL,CELL::BLR|COK|2026-10-22|Economy Standard|T45(40-50)::ROUND::2026-09-06T14:30::FLT::IX|IX-431|19:30,carrier,UNKNOWN_VALUE_FLAGGED,IX,IX,
FLIGHT_CELL,CELL::BLR|DEL|2026-09-07|Economy Flexi|T1(0-2)::ROUND::2026-09-05T20:15::FLT::IX|IX-782|09:30,carrier,UNKNOWN_VALUE_FLAGGED,IX,IX,
FLIGHT_CELL,CELL::BLR|DEL|2026-09-07|Economy Flexi|T1(0-2)::ROUND::2026-09-06T09:00::FLT::IX|IX-782|09:30,carrier,UNKNOWN_VALUE_FLAGGED,IX,IX,
FLIGHT_CELL,CELL::BLR|DEL|2026-09-07|Economy Flexi|T1(0-2)::ROUND::2026-09-06T14:30::FLT::IX|IX-782|09:30,carrier,UNKNOWN_VALUE_FLAGGED,IX,IX,
FLIGHT_CELL,CELL::BLR|DEL|2026-09-07|Economy Saver|T1(0-2)::ROUND::2026-09-05T09:00::FLT::IX|IX-782|09:30,carrier,UNKNOWN_VALUE_FLAGGED,IX,IX,
FLIGHT_CELL,CELL::BLR|DEL|2026-09-07|Economy Saver|T1(0-2)::ROUND::2026-09-05T14:30::FLT::IX|IX-782|09:30,carrier,UNKNOWN_VALUE_FLAGGED,IX,IX,
FLIGHT_CELL,CELL::BLR|DEL|2026-09-07|Economy Saver|T1(0-2)::ROUND::2026-09-05T20:15::FLT::IX|IX-782|09:30,carrier,UNKNOWN_VALUE_FLAGGED,IX,IX,
FLIGHT_CELL,CELL::BLR|DEL|2026-09-07|Economy Saver|T1(0-2)::ROUND::2026-09-06T20:15::FLT::IX|IX-782|09:30,carrier,UNKNOWN_VALUE_FLAGGED,IX,IX,
FLIGHT_CELL,CELL::BLR|DEL|2026-09-07|Economy Standard|T1(0-2)::ROUND::2026-09-05T09:00::FLT::IX|IX-782|09:30,carrier,UNKNOWN_VALUE_FLAGGED,IX,IX,
FLIGHT_CELL,CELL::BLR|DEL|2026-09-07|Economy Standard|T1(0-2)::ROUND::2026-09-05T14:30::FLT::IX|IX-782|09:30,carrier,UNKNOWN_VALUE_FLAGGED,IX,IX,
FLIGHT_CELL,CELL::BLR|DEL|2026-09-07|Economy Standard|T1(0-2)::ROUND::2026-09-06T14:30::FLT::IX|IX-782|09:30,carrier,UNKNOWN_VALUE_FLAGGED,IX,IX,
FLIGHT_CELL,CELL::BLR|DEL|2026-09-13|Economy Flexi|T7(5-9)::ROUND::2026-09-06T09:00::FLT::IX|IX-782|09:30,carrier,UNKNOWN_VALUE_FLAGGED,IX,IX,
FLIGHT_CELL,CELL::BLR|DEL|2026-09-13|Economy Saver|T7(5-9)::ROUND::2026-09-05T09:00::FLT::IX|IX-782|09:30,carrier,UNKNOWN_VALUE_FLAGGED,IX,IX,
FLIGHT_CELL,CELL::BLR|DEL|2026-09-13|Economy Saver|T7(5-9)::ROUND::2026-09-05T14:30::FLT::IX|IX-782|09:30,carrier,UNKNOWN_VALUE_FLAGGED,IX,IX,
FLIGHT_CELL,CELL::BLR|DEL|2026-09-13|Economy Saver|T7(5-9)::ROUND::2026-09-05T20:15::FLT::IX|IX-782|09:30,carrier,UNKNOWN_VALUE_FLAGGED,IX,IX,
FLIGHT_CELL,CELL::BLR|DEL|2026-09-13|Economy Saver|T7(5-9)::ROUND::2026-09-06T14:30::FLT::IX|IX-782|09:30,carrier,UNKNOWN_VALUE_FLAGGED,IX,IX,
FLIGHT_CELL,CELL::BLR|DEL|2026-09-13|Economy Saver|T7(5-9)::ROUND::2026-09-06T20:15::FLT::IX|IX-782|09:30,carrier,UNKNOWN_VALUE_FLAGGED,IX,IX,
FLIGHT_CELL,CELL::BLR|DEL|2026-09-13|Economy Standard|T7(5-9)::ROUND::2026-09-05T09:00::FLT::IX|IX-782|09:30,carrier,UNKNOWN_VALUE_FLAGGED,IX,IX,
FLIGHT_CELL,CELL::BLR|DEL|2026-09-13|Economy Standard|T7(5-9)::ROUND::2026-09-05T20:15::FLT::IX|IX-782|09:30,carrier,UNKNOWN_VALUE_FLAGGED,IX,IX,
FLIGHT_CELL,CELL::BLR|DEL|2026-09-13|Economy Standard|T7(5-9)::ROUND::2026-09-06T09:00::FLT::IX|IX-782|09:30,carrier,UNKNOWN_VALUE_FLAGGED,IX,IX,
FLIGHT_CELL,CELL::BLR|DEL|2026-09-21|Economy Flexi|T15(12-18)::ROUND::2026-09-05T09:00::FLT::IX|IX-782|09:30,carrier,UNKNOWN_VALUE_FLAGGED,IX,IX,
FLIGHT_CELL,CELL::BLR|DEL|2026-09-21|Economy Flexi|T15(12-18)::ROUND::2026-09-05T20:15::FLT::IX|IX-782|09:30,carrier,UNKNOWN_VALUE_FLAGGED,IX,IX,
FLIGHT_CELL,CELL::BLR|DEL|2026-09-21|Economy Flexi|T15(12-18)::ROUND::2026-09-06T09:00::FLT::IX|IX-782|09:30,carrier,UNKNOWN_VALUE_FLAGGED,IX,IX,
FLIGHT_CELL,CELL::BLR|DEL|2026-09-21|Economy Flexi|T15(12-18)::ROUND::2026-09-06T14:30::FLT::IX|IX-782|09:30,carrier,UNKNOWN_VALUE_FLAGGED,IX,IX,
FLIGHT_CELL,CELL::BLR|DEL|2026-09-21|Economy Flexi|T15(12-18)::ROUND::2026-09-06T20:15::FLT::IX|IX-782|09:30,carrier,UNKNOWN_VALUE_FLAGGED,IX,IX,
FLIGHT_CELL,CELL::BLR|DEL|2026-09-21|Economy Saver|T15(12-18)::ROUND::2026-09-05T09:00::FLT::IX|IX-782|09:30,carrier,UNKNOWN_VALUE_FLAGGED,IX,IX,
FLIGHT_CELL,CELL::BLR|DEL|2026-09-21|Economy Saver|T15(12-18)::ROUND::2026-09-06T20:15::FLT::IX|IX-782|09:30,carrier,UNKNOWN_VALUE_FLAGGED,IX,IX,
FLIGHT_CELL,CELL::BLR|DEL|2026-09-21|Economy Standard|T15(12-18)::ROUND::2026-09-05T14:30::FLT::IX|IX-782|09:30,carrier,UNKNOWN_VALUE_FLAGGED,IX,IX,
FLIGHT_CELL,CELL::BLR|DEL|2026-09-21|Economy Standard|T15(12-18)::ROUND::2026-09-06T09:00::FLT::IX|IX-782|09:30,carrier,UNKNOWN_VALUE_FLAGGED,IX,IX,
FLIGHT_CELL,CELL::BLR|DEL|2026-09-21|Economy Standard|T15(12-18)::ROUND::2026-09-06T14:30::FLT::IX|IX-782|09:30,carrier,UNKNOWN_VALUE_FLAGGED,IX,IX,
FLIGHT_CELL,CELL::BLR|DEL|2026-10-06|Economy Flexi|T30(25-35)::ROUND::2026-09-05T14:30::FLT::IX|IX-782|09:30,carrier,UNKNOWN_VALUE_FLAGGED,IX,IX,
FLIGHT_CELL,CELL::BLR|DEL|2026-10-06|Economy Flexi|T30(25-35)::ROUND::2026-09-05T20:15::FLT::IX|IX-782|09:30,carrier,UNKNOWN_VALUE_FLAGGED,IX,IX,
FLIGHT_CELL,CELL::BLR|DEL|2026-10-06|Economy Flexi|T30(25-35)::ROUND::2026-09-06T20:15::FLT::IX|IX-782|09:30,carrier,UNKNOWN_VALUE_FLAGGED,IX,IX,
FLIGHT_CELL,CELL::BLR|DEL|2026-10-06|Economy Saver|T30(25-35)::ROUND::2026-09-05T09:00::FLT::IX|IX-782|09:30,carrier,UNKNOWN_VALUE_FLAGGED,IX,IX,
FLIGHT_CELL,CELL::BLR|DEL|2026-10-06|Economy Saver|T30(25-35)::ROUND::2026-09-05T14:30::FLT::IX|IX-782|09:30,carrier,UNKNOWN_VALUE_FLAGGED,IX,IX,
FLIGHT_CELL,CELL::BLR|DEL|2026-10-06|Economy Saver|T30(25-35)::ROUND::2026-09-06T09:00::FLT::IX|IX-782|09:30,carrier,UNKNOWN_VALUE_FLAGGED,IX,IX,
FLIGHT_CELL,CELL::BLR|DEL|2026-10-06|Economy Standard|T30(25-35)::ROUND::2026-09-05T09:00::FLT::IX|IX-782|09:30,carrier,UNKNOWN_VALUE_FLAGGED,IX,IX,
FLIGHT_CELL,CELL::BLR|DEL|2026-10-06|Economy Standard|T30(25-35)::ROUND::2026-09-05T20:15::FLT::IX|IX-782|09:30,carrier,UNKNOWN_VALUE_FLAGGED,IX,IX,
FLIGHT_CELL,CELL::BLR|DEL|2026-10-06|Economy Standard|T30(25-35)::ROUND::2026-09-06T14:30::FLT::IX|IX-782|09:30,carrier,UNKNOWN_VALUE_FLAGGED,IX,IX,
FLIGHT_CELL,CELL::BLR|DEL|2026-10-22|Economy Flexi|T45(40-50)::ROUND::2026-09-05T09:00::FLT::IX|IX-782|09:30,carrier,UNKNOWN_VALUE_FLAGGED,IX,IX,
FLIGHT_CELL,CELL::BLR|DEL|2026-10-22|Economy Flexi|T45(40-50)::ROUND::2026-09-05T20:15::FLT::IX|IX-782|09:30,carrier,UNKNOWN_VALUE_FLAGGED,IX,IX,
FLIGHT_CELL,CELL::BLR|DEL|2026-10-22|Economy Flexi|T45(40-50)::ROUND::2026-09-06T09:00::FLT::IX|IX-782|09:30,carrier,UNKNOWN_VALUE_FLAGGED,IX,IX,
FLIGHT_CELL,CELL::BLR|DEL|2026-10-22|Economy Flexi|T45(40-50)::ROUND::2026-09-06T14:30::FLT::IX|IX-782|09:30,carrier,UNKNOWN_VALUE_FLAGGED,IX,IX,
FLIGHT_CELL,CELL::BLR|DEL|2026-10-22|Economy Saver|T45(40-50)::ROUND::2026-09-05T14:30::FLT::IX|IX-782|09:30,carrier,UNKNOWN_VALUE_FLAGGED,IX,IX,
FLIGHT_CELL,CELL::BLR|DEL|2026-10-22|Economy Saver|T45(40-50)::ROUND::2026-09-05T20:15::FLT::IX|IX-782|09:30,carrier,UNKNOWN_VALUE_FLAGGED,IX,IX,
FLIGHT_CELL,CELL::BLR|DEL|2026-10-22|Economy Saver|T45(40-50)::ROUND::2026-09-06T20:15::FLT::IX|IX-782|09:30,carrier,UNKNOWN_VALUE_FLAGGED,IX,IX,
FLIGHT_CELL,CELL::BLR|DEL|2026-10-22|Economy Standard|T45(40-50)::ROUND::2026-09-05T14:30::FLT::IX|IX-782|09:30,carrier,UNKNOWN_VALUE_FLAGGED,IX,IX,
FLIGHT_CELL,CELL::BLR|DEL|2026-10-22|Economy Standard|T45(40-50)::ROUND::2026-09-06T09:00::FLT::IX|IX-782|09:30,carrier,UNKNOWN_VALUE_FLAGGED,IX,IX,
FLIGHT_CELL,CELL::BLR|DEL|2026-10-22|Economy Standard|T45(40-50)::ROUND::2026-09-06T20:15::FLT::IX|IX-782|09:30,carrier,UNKNOWN_VALUE_FLAGGED,IX,IX,
FLIGHT_CELL,CELL::DEL|GOI|2026-09-13|Economy Standard|OUT_OF_BAND::ROUND::2026-09-09T20:15::FLT::6E|6E-334|12:00,advance_purchase_window,UNKNOWN_VALUE_FLAGGED,OUT_OF_BAND,OUT_OF_BAND,
FLIGHT_CELL,CELL::DEL|IDR|2026-09-07|Economy Flexi|T1(0-2)::ROUND::2026-09-05T14:30::FLT::IX|IX-221|11:45,carrier,UNKNOWN_VALUE_FLAGGED,IX,IX,
FLIGHT_CELL,CELL::DEL|IDR|2026-09-07|Economy Flexi|T1(0-2)::ROUND::2026-09-05T20:15::FLT::IX|IX-221|11:45,carrier,UNKNOWN_VALUE_FLAGGED,IX,IX,
FLIGHT_CELL,CELL::DEL|IDR|2026-09-07|Economy Flexi|T1(0-2)::ROUND::2026-09-06T09:00::FLT::IX|IX-221|11:45,carrier,UNKNOWN_VALUE_FLAGGED,IX,IX,
FLIGHT_CELL,CELL::DEL|IDR|2026-09-07|Economy Flexi|T1(0-2)::ROUND::2026-09-06T14:30::FLT::IX|IX-221|11:45,carrier,UNKNOWN_VALUE_FLAGGED,IX,IX,
FLIGHT_CELL,CELL::DEL|IDR|2026-09-07|Economy Saver|T1(0-2)::ROUND::2026-09-05T09:00::FLT::IX|IX-221|11:45,carrier,UNKNOWN_VALUE_FLAGGED,IX,IX,
FLIGHT_CELL,CELL::DEL|IDR|2026-09-07|Economy Saver|T1(0-2)::ROUND::2026-09-05T14:30::FLT::IX|IX-221|11:45,carrier,UNKNOWN_VALUE_FLAGGED,IX,IX,
FLIGHT_CELL,CELL::DEL|IDR|2026-09-07|Economy Saver|T1(0-2)::ROUND::2026-09-05T20:15::FLT::IX|IX-221|11:45,carrier,UNKNOWN_VALUE_FLAGGED,IX,IX,
FLIGHT_CELL,CELL::DEL|IDR|2026-09-07|Economy Saver|T1(0-2)::ROUND::2026-09-06T09:00::FLT::IX|IX-221|11:45,carrier,UNKNOWN_VALUE_FLAGGED,IX,IX,
FLIGHT_CELL,CELL::DEL|IDR|2026-09-07|Economy Standard|T1(0-2)::ROUND::2026-09-05T09:00::FLT::IX|IX-221|11:45,carrier,UNKNOWN_VALUE_FLAGGED,IX,IX,
FLIGHT_CELL,CELL::DEL|IDR|2026-09-13|Economy Flexi|T7(5-9)::ROUND::2026-09-05T09:00::FLT::IX|IX-221|11:45,carrier,UNKNOWN_VALUE_FLAGGED,IX,IX,
FLIGHT_CELL,CELL::DEL|IDR|2026-09-13|Economy Flexi|T7(5-9)::ROUND::2026-09-05T14:30::FLT::IX|IX-221|11:45,carrier,UNKNOWN_VALUE_FLAGGED,IX,IX,
FLIGHT_CELL,CELL::DEL|IDR|2026-09-13|Economy Flexi|T7(5-9)::ROUND::2026-09-05T20:15::FLT::IX|IX-221|11:45,carrier,UNKNOWN_VALUE_FLAGGED,IX,IX,
FLIGHT_CELL,CELL::DEL|IDR|2026-09-13|Economy Flexi|T7(5-9)::ROUND::2026-09-06T09:00::FLT::IX|IX-221|11:45,carrier,UNKNOWN_VALUE_FLAGGED,IX,IX,
FLIGHT_CELL,CELL::DEL|IDR|2026-09-13|Economy Standard|T7(5-9)::ROUND::2026-09-05T20:15::FLT::IX|IX-221|11:45,carrier,UNKNOWN_VALUE_FLAGGED,IX,IX,
FLIGHT_CELL,CELL::DEL|IDR|2026-09-13|Economy Standard|T7(5-9)::ROUND::2026-09-06T14:30::FLT::IX|IX-221|11:45,carrier,UNKNOWN_VALUE_FLAGGED,IX,IX,
FLIGHT_CELL,CELL::DEL|IDR|2026-09-21|Economy Flexi|T15(12-18)::ROUND::2026-09-05T14:30::FLT::IX|IX-221|11:45,carrier,UNKNOWN_VALUE_FLAGGED,IX,IX,
FLIGHT_CELL,CELL::DEL|IDR|2026-09-21|Economy Flexi|T15(12-18)::ROUND::2026-09-05T20:15::FLT::IX|IX-221|11:45,carrier,UNKNOWN_VALUE_FLAGGED,IX,IX,
FLIGHT_CELL,CELL::DEL|IDR|2026-09-21|Economy Flexi|T15(12-18)::ROUND::2026-09-06T09:00::FLT::IX|IX-221|11:45,carrier,UNKNOWN_VALUE_FLAGGED,IX,IX,
FLIGHT_CELL,CELL::DEL|IDR|2026-09-21|Economy Flexi|T15(12-18)::ROUND::2026-09-06T14:30::FLT::IX|IX-221|11:45,carrier,UNKNOWN_VALUE_FLAGGED,IX,IX,
FLIGHT_CELL,CELL::DEL|IDR|2026-09-21|Economy Saver|T15(12-18)::ROUND::2026-09-05T09:00::FLT::IX|IX-221|11:45,carrier,UNKNOWN_VALUE_FLAGGED,IX,IX,
FLIGHT_CELL,CELL::DEL|IDR|2026-09-21|Economy Saver|T15(12-18)::ROUND::2026-09-05T20:15::FLT::IX|IX-221|11:45,carrier,UNKNOWN_VALUE_FLAGGED,IX,IX,
FLIGHT_CELL,CELL::DEL|IDR|2026-09-21|Economy Saver|T15(12-18)::ROUND::2026-09-06T09:00::FLT::IX|IX-221|11:45,carrier,UNKNOWN_VALUE_FLAGGED,IX,IX,
FLIGHT_CELL,CELL::DEL|IDR|2026-09-21|Economy Saver|T15(12-18)::ROUND::2026-09-06T14:30::FLT::IX|IX-221|11:45,carrier,UNKNOWN_VALUE_FLAGGED,IX,IX,
FLIGHT_CELL,CELL::DEL|IDR|2026-09-21|Economy Saver|T15(12-18)::ROUND::2026-09-07T14:30::FLT::IX|IX-221|12:00,carrier,UNKNOWN_VALUE_FLAGGED,IX,IX,
FLIGHT_CELL,CELL::DEL|IDR|2026-09-21|Economy Standard|T15(12-18)::ROUND::2026-09-05T09:00::FLT::IX|IX-221|11:45,carrier,UNKNOWN_VALUE_FLAGGED,IX,IX,
FLIGHT_CELL,CELL::DEL|IDR|2026-10-06|Economy Flexi|T30(25-35)::ROUND::2026-09-05T09:00::FLT::IX|IX-221|11:45,carrier,UNKNOWN_VALUE_FLAGGED,IX,IX,
FLIGHT_CELL,CELL::DEL|IDR|2026-10-06|Economy Flexi|T30(25-35)::ROUND::2026-09-05T20:15::FLT::IX|IX-221|11:45,carrier,UNKNOWN_VALUE_FLAGGED,IX,IX,
FLIGHT_CELL,CELL::DEL|IDR|2026-10-06|Economy Flexi|T30(25-35)::ROUND::2026-09-06T14:30::FLT::IX|IX-221|11:45,carrier,UNKNOWN_VALUE_FLAGGED,IX,IX,
FLIGHT_CELL,CELL::DEL|IDR|2026-10-06|Economy Saver|T30(25-35)::ROUND::2026-09-05T09:00::FLT::IX|IX-221|11:45,carrier,UNKNOWN_VALUE_FLAGGED,IX,IX,
FLIGHT_CELL,CELL::DEL|IDR|2026-10-06|Economy Saver|T30(25-35)::ROUND::2026-09-06T09:00::FLT::IX|IX-221|11:45,carrier,UNKNOWN_VALUE_FLAGGED,IX,IX,
FLIGHT_CELL,CELL::DEL|IDR|2026-10-06|Economy Standard|T30(25-35)::ROUND::2026-09-05T14:30::FLT::IX|IX-221|11:45,carrier,UNKNOWN_VALUE_FLAGGED,IX,IX,
FLIGHT_CELL,CELL::DEL|IDR|2026-10-06|Economy Standard|T30(25-35)::ROUND::2026-09-05T20:15::FLT::IX|IX-221|11:45,carrier,UNKNOWN_VALUE_FLAGGED,IX,IX,
FLIGHT_CELL,CELL::DEL|IDR|2026-10-06|Economy Standard|T30(25-35)::ROUND::2026-09-06T14:30::FLT::IX|IX-221|11:45,carrier,UNKNOWN_VALUE_FLAGGED,IX,IX,
FLIGHT_CELL,CELL::DEL|IDR|2026-10-22|Economy Saver|T45(40-50)::ROUND::2026-09-05T09:00::FLT::IX|IX-221|11:45,carrier,UNKNOWN_VALUE_FLAGGED,IX,IX,
FLIGHT_CELL,CELL::DEL|IDR|2026-10-22|Economy Saver|T45(40-50)::ROUND::2026-09-06T09:00::FLT::IX|IX-221|11:45,carrier,UNKNOWN_VALUE_FLAGGED,IX,IX,
FLIGHT_CELL,CELL::DEL|IDR|2026-10-22|Economy Standard|T45(40-50)::ROUND::2026-09-05T09:00::FLT::IX|IX-221|11:45,carrier,UNKNOWN_VALUE_FLAGGED,IX,IX,
FLIGHT_CELL,CELL::DEL|IDR|2026-10-22|Economy Standard|T45(40-50)::ROUND::2026-09-05T14:30::FLT::IX|IX-221|11:45,carrier,UNKNOWN_VALUE_FLAGGED,IX,IX,
FLIGHT_CELL,CELL::DEL|IDR|2026-10-22|Economy Standard|T45(40-50)::ROUND::2026-09-05T20:15::FLT::IX|IX-221|11:45,carrier,UNKNOWN_VALUE_FLAGGED,IX,IX,
FLIGHT_CELL,CELL::DEL|IDR|2026-10-22|Economy Standard|T45(40-50)::ROUND::2026-09-06T09:00::FLT::IX|IX-221|11:45,carrier,UNKNOWN_VALUE_FLAGGED,IX,IX,
FLIGHT_CELL,CELL::DEL|IDR|2026-10-22|Economy Standard|T45(40-50)::ROUND::2026-09-06T14:30::FLT::IX|IX-221|11:45,carrier,UNKNOWN_VALUE_FLAGGED,IX,IX,
FLIGHT_CELL,CELL::DEL|MAA|2026-09-07|Economy Flexi|T1(0-2)::ROUND::2026-09-05T09:00::FLT::IX|IX-621|05:30,carrier,UNKNOWN_VALUE_FLAGGED,IX,IX,
FLIGHT_CELL,CELL::DEL|MAA|2026-09-07|Economy Flexi|T1(0-2)::ROUND::2026-09-05T20:15::FLT::IX|IX-621|05:30,carrier,UNKNOWN_VALUE_FLAGGED,IX,IX,
FLIGHT_CELL,CELL::DEL|MAA|2026-09-07|Economy Flexi|T1(0-2)::ROUND::2026-09-06T14:30::FLT::IX|IX-621|05:30,carrier,UNKNOWN_VALUE_FLAGGED,IX,IX,
FLIGHT_CELL,CELL::DEL|MAA|2026-09-07|Economy Saver|T1(0-2)::ROUND::2026-09-05T14:30::FLT::IX|IX-621|05:30,carrier,UNKNOWN_VALUE_FLAGGED,IX,IX,
FLIGHT_CELL,CELL::DEL|MAA|2026-09-07|Economy Saver|T1(0-2)::ROUND::2026-09-06T09:00::FLT::IX|IX-621|05:30,carrier,UNKNOWN_VALUE_FLAGGED,IX,IX,
FLIGHT_CELL,CELL::DEL|MAA|2026-09-07|Economy Saver|T1(0-2)::ROUND::2026-09-06T20:15::FLT::IX|IX-621|05:30,carrier,UNKNOWN_VALUE_FLAGGED,IX,IX,
FLIGHT_CELL,CELL::DEL|MAA|2026-09-07|Economy Standard|T1(0-2)::ROUND::2026-09-06T09:00::FLT::IX|IX-621|05:30,carrier,UNKNOWN_VALUE_FLAGGED,IX,IX,
FLIGHT_CELL,CELL::DEL|MAA|2026-09-07|Economy Standard|T1(0-2)::ROUND::2026-09-06T20:15::FLT::IX|IX-621|05:30,carrier,UNKNOWN_VALUE_FLAGGED,IX,IX,
FLIGHT_CELL,CELL::DEL|MAA|2026-09-13|Economy Flexi|T7(5-9)::ROUND::2026-09-05T09:00::FLT::IX|IX-621|05:30,carrier,UNKNOWN_VALUE_FLAGGED,IX,IX,
FLIGHT_CELL,CELL::DEL|MAA|2026-09-13|Economy Flexi|T7(5-9)::ROUND::2026-09-05T14:30::FLT::IX|IX-621|05:30,carrier,UNKNOWN_VALUE_FLAGGED,IX,IX,
FLIGHT_CELL,CELL::DEL|MAA|2026-09-13|Economy Flexi|T7(5-9)::ROUND::2026-09-05T20:15::FLT::IX|IX-621|05:30,carrier,UNKNOWN_VALUE_FLAGGED,IX,IX,
FLIGHT_CELL,CELL::DEL|MAA|2026-09-13|Economy Flexi|T7(5-9)::ROUND::2026-09-06T09:00::FLT::IX|IX-621|05:30,carrier,UNKNOWN_VALUE_FLAGGED,IX,IX,
FLIGHT_CELL,CELL::DEL|MAA|2026-09-13|Economy Flexi|T7(5-9)::ROUND::2026-09-06T20:15::FLT::IX|IX-621|05:30,carrier,UNKNOWN_VALUE_FLAGGED,IX,IX,
FLIGHT_CELL,CELL::DEL|MAA|2026-09-13|Economy Saver|T7(5-9)::ROUND::2026-09-05T09:00::FLT::IX|IX-621|05:30,carrier,UNKNOWN_VALUE_FLAGGED,IX,IX,
FLIGHT_CELL,CELL::DEL|MAA|2026-09-13|Economy Saver|T7(5-9)::ROUND::2026-09-05T14:30::FLT::IX|IX-621|05:30,carrier,UNKNOWN_VALUE_FLAGGED,IX,IX,
FLIGHT_CELL,CELL::DEL|MAA|2026-09-13|Economy Saver|T7(5-9)::ROUND::2026-09-05T20:15::FLT::IX|IX-621|05:30,carrier,UNKNOWN_VALUE_FLAGGED,IX,IX,
FLIGHT_CELL,CELL::DEL|MAA|2026-09-13|Economy Saver|T7(5-9)::ROUND::2026-09-06T14:30::FLT::IX|IX-621|05:30,carrier,UNKNOWN_VALUE_FLAGGED,IX,IX,
FLIGHT_CELL,CELL::DEL|MAA|2026-09-13|Economy Standard|T7(5-9)::ROUND::2026-09-06T20:15::FLT::IX|IX-621|05:30,carrier,UNKNOWN_VALUE_FLAGGED,IX,IX,
FLIGHT_CELL,CELL::DEL|MAA|2026-09-21|Economy Flexi|T15(12-18)::ROUND::2026-09-05T14:30::FLT::IX|IX-621|05:30,carrier,UNKNOWN_VALUE_FLAGGED,IX,IX,
FLIGHT_CELL,CELL::DEL|MAA|2026-09-21|Economy Flexi|T15(12-18)::ROUND::2026-09-06T14:30::FLT::IX|IX-621|05:30,carrier,UNKNOWN_VALUE_FLAGGED,IX,IX,
FLIGHT_CELL,CELL::DEL|MAA|2026-09-21|Economy Flexi|T15(12-18)::ROUND::2026-09-06T20:15::FLT::IX|IX-621|05:30,carrier,UNKNOWN_VALUE_FLAGGED,IX,IX,
FLIGHT_CELL,CELL::DEL|MAA|2026-09-21|Economy Saver|T15(12-18)::ROUND::2026-09-05T09:00::FLT::IX|IX-621|05:30,carrier,UNKNOWN_VALUE_FLAGGED,IX,IX,
FLIGHT_CELL,CELL::DEL|MAA|2026-09-21|Economy Saver|T15(12-18)::ROUND::2026-09-05T20:15::FLT::IX|IX-621|05:30,carrier,UNKNOWN_VALUE_FLAGGED,IX,IX,
FLIGHT_CELL,CELL::DEL|MAA|2026-09-21|Economy Saver|T15(12-18)::ROUND::2026-09-06T09:00::FLT::IX|IX-621|05:30,carrier,UNKNOWN_VALUE_FLAGGED,IX,IX,
FLIGHT_CELL,CELL::DEL|MAA|2026-09-21|Economy Saver|T15(12-18)::ROUND::2026-09-06T14:30::FLT::IX|IX-621|05:30,carrier,UNKNOWN_VALUE_FLAGGED,IX,IX,
FLIGHT_CELL,CELL::DEL|MAA|2026-09-21|Economy Standard|T15(12-18)::ROUND::2026-09-05T20:15::FLT::IX|IX-621|05:30,carrier,UNKNOWN_VALUE_FLAGGED,IX,IX,
FLIGHT_CELL,CELL::DEL|MAA|2026-10-06|Economy Flexi|T30(25-35)::ROUND::2026-09-05T09:00::FLT::IX|IX-621|05:30,carrier,UNKNOWN_VALUE_FLAGGED,IX,IX,
FLIGHT_CELL,CELL::DEL|MAA|2026-10-06|Economy Flexi|T30(25-35)::ROUND::2026-09-05T14:30::FLT::IX|IX-621|05:30,carrier,UNKNOWN_VALUE_FLAGGED,IX,IX,
FLIGHT_CELL,CELL::DEL|MAA|2026-10-06|Economy Flexi|T30(25-35)::ROUND::2026-09-05T20:15::FLT::IX|IX-621|05:30,carrier,UNKNOWN_VALUE_FLAGGED,IX,IX,
FLIGHT_CELL,CELL::DEL|MAA|2026-10-06|Economy Saver|T30(25-35)::ROUND::2026-09-05T14:30::FLT::IX|IX-621|05:30,carrier,UNKNOWN_VALUE_FLAGGED,IX,IX,
FLIGHT_CELL,CELL::DEL|MAA|2026-10-06|Economy Saver|T30(25-35)::ROUND::2026-09-06T09:00::FLT::IX|IX-621|05:30,carrier,UNKNOWN_VALUE_FLAGGED,IX,IX,
FLIGHT_CELL,CELL::DEL|MAA|2026-10-06|Economy Saver|T30(25-35)::ROUND::2026-09-06T14:30::FLT::IX|IX-621|05:30,carrier,UNKNOWN_VALUE_FLAGGED,IX,IX,
FLIGHT_CELL,CELL::DEL|MAA|2026-10-06|Economy Saver|T30(25-35)::ROUND::2026-09-06T20:15::FLT::IX|IX-621|05:30,carrier,UNKNOWN_VALUE_FLAGGED,IX,IX,
FLIGHT_CELL,CELL::DEL|MAA|2026-10-06|Economy Standard|T30(25-35)::ROUND::2026-09-05T20:15::FLT::IX|IX-621|05:30,carrier,UNKNOWN_VALUE_FLAGGED,IX,IX,
FLIGHT_CELL,CELL::DEL|MAA|2026-10-22|Economy Flexi|T45(40-50)::ROUND::2026-09-05T09:00::FLT::IX|IX-621|05:30,carrier,UNKNOWN_VALUE_FLAGGED,IX,IX,
FLIGHT_CELL,CELL::DEL|MAA|2026-10-22|Economy Flexi|T45(40-50)::ROUND::2026-09-05T14:30::FLT::IX|IX-621|05:30,carrier,UNKNOWN_VALUE_FLAGGED,IX,IX,
FLIGHT_CELL,CELL::DEL|MAA|2026-10-22|Economy Flexi|T45(40-50)::ROUND::2026-09-06T20:15::FLT::IX|IX-621|05:30,carrier,UNKNOWN_VALUE_FLAGGED,IX,IX,
FLIGHT_CELL,CELL::DEL|MAA|2026-10-22|Economy Saver|T45(40-50)::ROUND::2026-09-06T09:00::FLT::IX|IX-621|05:30,carrier,UNKNOWN_VALUE_FLAGGED,IX,IX,
FLIGHT_CELL,CELL::DEL|MAA|2026-10-22|Economy Saver|T45(40-50)::ROUND::2026-09-06T14:30::FLT::IX|IX-621|05:30,carrier,UNKNOWN_VALUE_FLAGGED,IX,IX,
FLIGHT_CELL,CELL::DEL|MAA|2026-10-22|Economy Standard|T45(40-50)::ROUND::2026-09-05T09:00::FLT::IX|IX-621|05:30,carrier,UNKNOWN_VALUE_FLAGGED,IX,IX,
FLIGHT_CELL,CELL::DEL|MAA|2026-10-22|Economy Standard|T45(40-50)::ROUND::2026-09-05T14:30::FLT::IX|IX-621|05:30,carrier,UNKNOWN_VALUE_FLAGGED,IX,IX,
FLIGHT_CELL,CELL::DEL|MAA|2026-10-22|Economy Standard|T45(40-50)::ROUND::2026-09-05T20:15::FLT::IX|IX-621|05:30,carrier,UNKNOWN_VALUE_FLAGGED,IX,IX,
FLIGHT_CELL,CELL::DEL|MAA|2026-10-22|Economy Standard|T45(40-50)::ROUND::2026-09-06T09:00::FLT::IX|IX-621|05:30,carrier,UNKNOWN_VALUE_FLAGGED,IX,IX,
FLIGHT_CELL,CELL::DEL|MAA|2026-10-22|Economy Standard|T45(40-50)::ROUND::2026-09-06T20:15::FLT::IX|IX-621|05:30,carrier,UNKNOWN_VALUE_FLAGGED,IX,IX,
OBSERVATION,OBS00001,total_fare,MONEY_QUANTIZED,7586,7586.00,
OBSERVATION,OBS00002,source,UNKNOWN_VALUE_FLAGGED,EaseMyTrip,EaseMyTrip,
OBSERVATION,OBS00002,total_fare,MONEY_QUANTIZED,11417,11417.00,
OBSERVATION,OBS00003,source,UNKNOWN_VALUE_FLAGGED,EaseMyTrip,EaseMyTrip,
OBSERVATION,OBS00003,total_fare,MONEY_QUANTIZED,6773,6773.00,
OBSERVATION,OBS00004,total_fare,MONEY_QUANTIZED,8829,8829.00,
OBSERVATION,OBS00005,total_fare,MONEY_QUANTIZED,8994,8994.00,
OBSERVATION,OBS00006,total_fare,MONEY_QUANTIZED,6877,6877.00,
OBSERVATION,OBS00007,total_fare,MONEY_QUANTIZED,7923,7923.00,
OBSERVATION,OBS00008,total_fare,MONEY_QUANTIZED,8074,8074.00,
OBSERVATION,OBS00009,source,UNKNOWN_VALUE_FLAGGED,EaseMyTrip,EaseMyTrip,
OBSERVATION,OBS00009,total_fare,MONEY_QUANTIZED,6504,6504.00,
OBSERVATION,OBS00010,total_fare,MONEY_QUANTIZED,7726,7726.00,
OBSERVATION,OBS00011,total_fare,MONEY_QUANTIZED,8237,8237.00,
OBSERVATION,OBS00012,total_fare,MONEY_QUANTIZED,8276,8276.00,
OBSERVATION,OBS00013,source,UNKNOWN_VALUE_FLAGGED,EaseMyTrip,EaseMyTrip,
OBSERVATION,OBS00013,total_fare,MONEY_QUANTIZED,8969,8969.00,
OBSERVATION,OBS00014,total_fare,MONEY_QUANTIZED,6754,6754.00,
OBSERVATION,OBS00015,total_fare,MONEY_QUANTIZED,8283,8283.00,
OBSERVATION,OBS00016,total_fare,MONEY_QUANTIZED,5134,5134.00,
OBSERVATION,OBS00017,total_fare,MONEY_QUANTIZED,4949,4949.00,
OBSERVATION,OBS00018,source,UNKNOWN_VALUE_FLAGGED,EaseMyTrip,EaseMyTrip,
OBSERVATION,OBS00018,total_fare,MONEY_QUANTIZED,8097,8097.00,
OBSERVATION,OBS00019,total_fare,MONEY_QUANTIZED,7638,7638.00,
OBSERVATION,OBS00020,source,UNKNOWN_VALUE_FLAGGED,EaseMyTrip,EaseMyTrip,
OBSERVATION,OBS00020,total_fare,MONEY_QUANTIZED,7530,7530.00,
OBSERVATION,OBS00021,total_fare,MONEY_QUANTIZED,11451,11451.00,
OBSERVATION,OBS00022,source,UNKNOWN_VALUE_FLAGGED,EaseMyTrip,EaseMyTrip,
OBSERVATION,OBS00022,total_fare,MONEY_QUANTIZED,10630,10630.00,
OBSERVATION,OBS00023,total_fare,MONEY_QUANTIZED,6645,6645.00,
OBSERVATION,OBS00024,source,UNKNOWN_VALUE_FLAGGED,EaseMyTrip,EaseMyTrip,
OBSERVATION,OBS00024,total_fare,MONEY_QUANTIZED,8759,8759.00,
OBSERVATION,OBS00025,total_fare,MONEY_QUANTIZED,9120,9120.00,
OBSERVATION,OBS00026,total_fare,MONEY_QUANTIZED,5235,5235.00,
OBSERVATION,OBS00027,total_fare,MONEY_QUANTIZED,4917,4917.00,
OBSERVATION,OBS00028,source,UNKNOWN_VALUE_FLAGGED,EaseMyTrip,EaseMyTrip,
OBSERVATION,OBS00028,total_fare,MONEY_QUANTIZED,5327,5327.00,
OBSERVATION,OBS00029,total_fare,MONEY_QUANTIZED,7757,7757.00,
OBSERVATION,OBS00030,total_fare,MONEY_QUANTIZED,8334,8334.00,
OBSERVATION,OBS00031,total_fare,MONEY_QUANTIZED,11441,11441.00,
OBSERVATION,OBS00032,total_fare,MONEY_QUANTIZED,10097,10097.00,
OBSERVATION,OBS00033,source,UNKNOWN_VALUE_FLAGGED,EaseMyTrip,EaseMyTrip,
OBSERVATION,OBS00033,total_fare,MONEY_QUANTIZED,8611,8611.00,
OBSERVATION,OBS00034,total_fare,MONEY_QUANTIZED,5458,5458.00,
OBSERVATION,OBS00035,total_fare,MONEY_QUANTIZED,5225,5225.00,
OBSERVATION,OBS00036,total_fare,MONEY_QUANTIZED,5163,5163.00,
OBSERVATION,OBS00037,total_fare,MONEY_QUANTIZED,7730,7730.00,
OBSERVATION,OBS00038,total_fare,MONEY_QUANTIZED,7933,7933.00,
OBSERVATION,OBS00039,total_fare,MONEY_QUANTIZED,7940,7940.00,
OBSERVATION,OBS00040,total_fare,MONEY_QUANTIZED,5052,5052.00,
OBSERVATION,OBS00041,total_fare,MONEY_QUANTIZED,7417,7417.00,
OBSERVATION,OBS00042,total_fare,MONEY_QUANTIZED,7169,7169.00,
OBSERVATION,OBS00043,total_fare,MONEY_QUANTIZED,9846,9846.00,
OBSERVATION,OBS00044,total_fare,MONEY_QUANTIZED,8768,8768.00,
OBSERVATION,OBS00045,total_fare,MONEY_QUANTIZED,8189,8189.00,
OBSERVATION,OBS00046,total_fare,MONEY_QUANTIZED,6987,6987.00,
OBSERVATION,OBS00047,source,UNKNOWN_VALUE_FLAGGED,EaseMyTrip,EaseMyTrip,
OBSERVATION,OBS00047,total_fare,MONEY_QUANTIZED,6982,6982.00,
OBSERVATION,OBS00048,total_fare,MONEY_QUANTIZED,8473,8473.00,
OBSERVATION,OBS00049,source,UNKNOWN_VALUE_FLAGGED,EaseMyTrip,EaseMyTrip,
OBSERVATION,OBS00049,total_fare,MONEY_QUANTIZED,7659,7659.00,
OBSERVATION,OBS00050,source,UNKNOWN_VALUE_FLAGGED,EaseMyTrip,EaseMyTrip,
OBSERVATION,OBS00050,total_fare,MONEY_QUANTIZED,4912,4912.00,
OBSERVATION,OBS00051,source,UNKNOWN_VALUE_FLAGGED,EaseMyTrip,EaseMyTrip,
OBSERVATION,OBS00051,total_fare,MONEY_QUANTIZED,4998,4998.00,
OBSERVATION,OBS00052,total_fare,MONEY_QUANTIZED,8148,8148.00,
OBSERVATION,OBS00053,total_fare,MONEY_QUANTIZED,7843,7843.00,
OBSERVATION,OBS00054,carrier,UNKNOWN_VALUE_FLAGGED,IX,IX,
OBSERVATION,OBS00054,total_fare,MONEY_QUANTIZED,9644,9644.00,
OBSERVATION,OBS00055,carrier,UNKNOWN_VALUE_FLAGGED,IX,IX,
OBSERVATION,OBS00055,total_fare,MONEY_QUANTIZED,7485,7485.00,
OBSERVATION,OBS00056,carrier,UNKNOWN_VALUE_FLAGGED,IX,IX,
OBSERVATION,OBS00056,total_fare,MONEY_QUANTIZED,6543,6543.00,
OBSERVATION,OBS00057,carrier,UNKNOWN_VALUE_FLAGGED,IX,IX,
OBSERVATION,OBS00057,source,UNKNOWN_VALUE_FLAGGED,EaseMyTrip,EaseMyTrip,
OBSERVATION,OBS00057,total_fare,MONEY_QUANTIZED,8659,8659.00,
OBSERVATION,OBS00058,carrier,UNKNOWN_VALUE_FLAGGED,IX,IX,
OBSERVATION,OBS00058,total_fare,MONEY_QUANTIZED,8159,8159.00,
OBSERVATION,OBS00059,carrier,UNKNOWN_VALUE_FLAGGED,IX,IX,
OBSERVATION,OBS00059,total_fare,MONEY_QUANTIZED,8423,8423.00,
OBSERVATION,OBS00060,carrier,UNKNOWN_VALUE_FLAGGED,IX,IX,
OBSERVATION,OBS00060,total_fare,MONEY_QUANTIZED,5507,5507.00,
OBSERVATION,OBS00061,carrier,UNKNOWN_VALUE_FLAGGED,IX,IX,
OBSERVATION,OBS00061,total_fare,MONEY_QUANTIZED,4984,4984.00,
OBSERVATION,OBS00062,carrier,UNKNOWN_VALUE_FLAGGED,IX,IX,
OBSERVATION,OBS00062,total_fare,MONEY_QUANTIZED,5268,5268.00,
OBSERVATION,OBS00063,carrier,UNKNOWN_VALUE_FLAGGED,IX,IX,
OBSERVATION,OBS00063,total_fare,MONEY_QUANTIZED,6758,6758.00,
OBSERVATION,OBS00064,carrier,UNKNOWN_VALUE_FLAGGED,IX,IX,
OBSERVATION,OBS00064,source,UNKNOWN_VALUE_FLAGGED,EaseMyTrip,EaseMyTrip,
OBSERVATION,OBS00064,total_fare,MONEY_QUANTIZED,8013,8013.00,
OBSERVATION,OBS00065,carrier,UNKNOWN_VALUE_FLAGGED,IX,IX,
OBSERVATION,OBS00065,total_fare,MONEY_QUANTIZED,7655,7655.00,
OBSERVATION,OBS00066,total_fare,MONEY_QUANTIZED,9254,9254.00,
OBSERVATION,OBS00067,total_fare,MONEY_QUANTIZED,6868,6868.00,
OBSERVATION,OBS00068,total_fare,MONEY_QUANTIZED,10715,10715.00,
OBSERVATION,OBS00069,total_fare,MONEY_QUANTIZED,5479,5479.00,
OBSERVATION,OBS00070,total_fare,MONEY_QUANTIZED,5542,5542.00,
OBSERVATION,OBS00071,total_fare,MONEY_QUANTIZED,9103,9103.00,
OBSERVATION,OBS00072,source,UNKNOWN_VALUE_FLAGGED,EaseMyTrip,EaseMyTrip,
OBSERVATION,OBS00072,total_fare,MONEY_QUANTIZED,8643,8643.00,
OBSERVATION,OBS00073,total_fare,MONEY_QUANTIZED,5021,5021.00,
OBSERVATION,OBS00074,total_fare,MONEY_QUANTIZED,6826,6826.00,
OBSERVATION,OBS00075,source,UNKNOWN_VALUE_FLAGGED,EaseMyTrip,EaseMyTrip,
OBSERVATION,OBS00075,total_fare,MONEY_QUANTIZED,6380,6380.00,
OBSERVATION,OBS00076,total_fare,MONEY_QUANTIZED,8091,8091.00,
OBSERVATION,OBS00077,total_fare,MONEY_QUANTIZED,9091,9091.00,
OBSERVATION,OBS00078,total_fare,MONEY_QUANTIZED,10306,10306.00,
OBSERVATION,OBS00079,source,UNKNOWN_VALUE_FLAGGED,EaseMyTrip,EaseMyTrip,
OBSERVATION,OBS00079,total_fare,MONEY_QUANTIZED,8946,8946.00,
OBSERVATION,OBS00080,total_fare,MONEY_QUANTIZED,8719,8719.00,
OBSERVATION,OBS00081,total_fare,MONEY_QUANTIZED,5642,5642.00,
OBSERVATION,OBS00082,total_fare,MONEY_QUANTIZED,7834,7834.00,
OBSERVATION,OBS00083,total_fare,MONEY_QUANTIZED,8012,8012.00,
OBSERVATION,OBS00084,total_fare,MONEY_QUANTIZED,6743,6743.00,
OBSERVATION,OBS00085,total_fare,MONEY_QUANTIZED,6687,6687.00,
OBSERVATION,OBS00086,total_fare,MONEY_QUANTIZED,8120,8120.00,
OBSERVATION,OBS00087,total_fare,MONEY_QUANTIZED,8224,8224.00,
OBSERVATION,OBS00088,total_fare,MONEY_QUANTIZED,9452,9452.00,
OBSERVATION,OBS00089,total_fare,MONEY_QUANTIZED,10066,10066.00,
OBSERVATION,OBS00090,source,UNKNOWN_VALUE_FLAGGED,EaseMyTrip,EaseMyTrip,
OBSERVATION,OBS00090,total_fare,MONEY_QUANTIZED,10723,10723.00,
OBSERVATION,OBS00091,total_fare,MONEY_QUANTIZED,5834,5834.00,
OBSERVATION,OBS00092,total_fare,MONEY_QUANTIZED,5662,5662.00,
OBSERVATION,OBS00093,total_fare,MONEY_QUANTIZED,9136,9136.00,
OBSERVATION,OBS00094,source,UNKNOWN_VALUE_FLAGGED,EaseMyTrip,EaseMyTrip,
OBSERVATION,OBS00094,total_fare,MONEY_QUANTIZED,8726,8726.00,
OBSERVATION,OBS00095,total_fare,MONEY_QUANTIZED,6806,6806.00,
OBSERVATION,OBS00096,total_fare,MONEY_QUANTIZED,7969,7969.00,
OBSERVATION,OBS00097,total_fare,MONEY_QUANTIZED,7809,7809.00,
OBSERVATION,OBS00098,total_fare,MONEY_QUANTIZED,7777,7777.00,
OBSERVATION,OBS00099,total_fare,MONEY_QUANTIZED,5113,5113.00,
OBSERVATION,OBS00100,total_fare,MONEY_QUANTIZED,7714,7714.00,
OBSERVATION,OBS00101,total_fare,MONEY_QUANTIZED,7272,7272.00,
OBSERVATION,OBS00102,source,UNKNOWN_VALUE_FLAGGED,EaseMyTrip,EaseMyTrip,
OBSERVATION,OBS00102,total_fare,MONEY_QUANTIZED,8507,8507.00,
OBSERVATION,OBS00103,total_fare,MONEY_QUANTIZED,8413,8413.00,
OBSERVATION,OBS00104,total_fare,MONEY_QUANTIZED,10632,10632.00,
OBSERVATION,OBS00105,total_fare,MONEY_QUANTIZED,10851,10851.00,
OBSERVATION,OBS00106,total_fare,MONEY_QUANTIZED,7299,7299.00,
OBSERVATION,OBS00107,total_fare,MONEY_QUANTIZED,5013,5013.00,
OBSERVATION,OBS00108,total_fare,MONEY_QUANTIZED,5105,5105.00,
OBSERVATION,OBS00109,total_fare,MONEY_QUANTIZED,8307,8307.00,
OBSERVATION,OBS00110,total_fare,MONEY_QUANTIZED,7692,7692.00,
OBSERVATION,OBS00111,total_fare,MONEY_QUANTIZED,6715,6715.00,
OBSERVATION,OBS00112,total_fare,MONEY_QUANTIZED,7089,7089.00,
OBSERVATION,OBS00113,total_fare,MONEY_QUANTIZED,8555,8555.00,
OBSERVATION,OBS00114,total_fare,MONEY_QUANTIZED,8716,8716.00,
OBSERVATION,OBS00115,source,UNKNOWN_VALUE_FLAGGED,EaseMyTrip,EaseMyTrip,
OBSERVATION,OBS00115,total_fare,MONEY_QUANTIZED,5569,5569.00,
OBSERVATION,OBS00116,total_fare,MONEY_QUANTIZED,5395,5395.00,
OBSERVATION,OBS00117,total_fare,MONEY_QUANTIZED,9153,9153.00,
OBSERVATION,OBS00118,total_fare,MONEY_QUANTIZED,8042,8042.00,
OBSERVATION,OBS00119,total_fare,MONEY_QUANTIZED,8217,8217.00,
OBSERVATION,OBS00120,total_fare,MONEY_QUANTIZED,7964,7964.00,
OBSERVATION,OBS00121,total_fare,MONEY_QUANTIZED,7692,7692.00,
OBSERVATION,OBS00122,source,UNKNOWN_VALUE_FLAGGED,EaseMyTrip,EaseMyTrip,
OBSERVATION,OBS00122,total_fare,MONEY_QUANTIZED,7212,7212.00,
OBSERVATION,OBS00123,total_fare,MONEY_QUANTIZED,9804,9804.00,
OBSERVATION,OBS00124,total_fare,MONEY_QUANTIZED,10701,10701.00,
OBSERVATION,OBS00125,total_fare,MONEY_QUANTIZED,10363,10363.00,
OBSERVATION,OBS00126,total_fare,MONEY_QUANTIZED,8831,8831.00,
OBSERVATION,OBS00127,source,UNKNOWN_VALUE_FLAGGED,EaseMyTrip,EaseMyTrip,
OBSERVATION,OBS00127,total_fare,MONEY_QUANTIZED,8612,8612.00,
OBSERVATION,OBS00128,total_fare,MONEY_QUANTIZED,5620,5620.00,
OBSERVATION,OBS00129,total_fare,MONEY_QUANTIZED,7885,7885.00,
OBSERVATION,OBS00130,source,UNKNOWN_VALUE_FLAGGED,EaseMyTrip,EaseMyTrip,
OBSERVATION,OBS00130,total_fare,MONEY_QUANTIZED,8166,8166.00,
OBSERVATION,OBS00131,total_fare,MONEY_QUANTIZED,6588,6588.00,
OBSERVATION,OBS00132,total_fare,MONEY_QUANTIZED,6508,6508.00,
OBSERVATION,OBS00133,total_fare,MONEY_QUANTIZED,6726,6726.00,
OBSERVATION,OBS00134,source,UNKNOWN_VALUE_FLAGGED,EaseMyTrip,EaseMyTrip,
OBSERVATION,OBS00134,total_fare,MONEY_QUANTIZED,8337,8337.00,
OBSERVATION,OBS00135,total_fare,MONEY_QUANTIZED,9294,9294.00,
OBSERVATION,OBS00136,total_fare,MONEY_QUANTIZED,11057,11057.00,
OBSERVATION,OBS00137,total_fare,MONEY_QUANTIZED,8531,8531.00,
OBSERVATION,OBS00138,total_fare,MONEY_QUANTIZED,5594,5594.00,
OBSERVATION,OBS00139,source,UNKNOWN_VALUE_FLAGGED,EaseMyTrip,EaseMyTrip,
OBSERVATION,OBS00139,total_fare,MONEY_QUANTIZED,5910,5910.00,
OBSERVATION,OBS00140,total_fare,MONEY_QUANTIZED,8668,8668.00,
OBSERVATION,OBS00141,source,UNKNOWN_VALUE_FLAGGED,EaseMyTrip,EaseMyTrip,
OBSERVATION,OBS00141,total_fare,MONEY_QUANTIZED,8819,8819.00,
OBSERVATION,OBS00142,total_fare,MONEY_QUANTIZED,4997,4997.00,
OBSERVATION,OBS00143,total_fare,MONEY_QUANTIZED,5259,5259.00,
OBSERVATION,OBS00144,total_fare,MONEY_QUANTIZED,7908,7908.00,
OBSERVATION,OBS00145,source,UNKNOWN_VALUE_FLAGGED,EaseMyTrip,EaseMyTrip,
OBSERVATION,OBS00145,total_fare,MONEY_QUANTIZED,8397,8397.00,
OBSERVATION,OBS00146,total_fare,MONEY_QUANTIZED,11706,11706.00,
OBSERVATION,OBS00147,total_fare,MONEY_QUANTIZED,6367,6367.00,
OBSERVATION,OBS00148,total_fare,MONEY_QUANTIZED,7404,7404.00,
OBSERVATION,OBS00149,total_fare,MONEY_QUANTIZED,5937,5937.00,
OBSERVATION,OBS00150,source,UNKNOWN_VALUE_FLAGGED,EaseMyTrip,EaseMyTrip,
OBSERVATION,OBS00150,total_fare,MONEY_QUANTIZED,6380,6380.00,
OBSERVATION,OBS00151,total_fare,MONEY_QUANTIZED,5351,5351.00,
OBSERVATION,OBS00152,total_fare,MONEY_QUANTIZED,7991,7991.00,
OBSERVATION,OBS00153,total_fare,MONEY_QUANTIZED,8172,8172.00,
OBSERVATION,OBS00154,total_fare,MONEY_QUANTIZED,7037,7037.00,
OBSERVATION,OBS00155,source,UNKNOWN_VALUE_FLAGGED,EaseMyTrip,EaseMyTrip,
OBSERVATION,OBS00155,total_fare,MONEY_QUANTIZED,7790,7790.00,
OBSERVATION,OBS00156,total_fare,MONEY_QUANTIZED,11612,11612.00,
OBSERVATION,OBS00157,total_fare,MONEY_QUANTIZED,10542,10542.00,
OBSERVATION,OBS00158,total_fare,MONEY_QUANTIZED,10880,10880.00,
OBSERVATION,OBS00159,total_fare,MONEY_QUANTIZED,8319,8319.00,
OBSERVATION,OBS00160,total_fare,MONEY_QUANTIZED,8812,8812.00,
OBSERVATION,OBS00161,total_fare,MONEY_QUANTIZED,8764,8764.00,
OBSERVATION,OBS00162,total_fare,MONEY_QUANTIZED,8541,8541.00,
OBSERVATION,OBS00163,source,UNKNOWN_VALUE_FLAGGED,EaseMyTrip,EaseMyTrip,
OBSERVATION,OBS00163,total_fare,MONEY_QUANTIZED,7390,7390.00,
OBSERVATION,OBS00164,total_fare,MONEY_QUANTIZED,7153,7153.00,
OBSERVATION,OBS00165,source,UNKNOWN_VALUE_FLAGGED,EaseMyTrip,EaseMyTrip,
OBSERVATION,OBS00165,total_fare,MONEY_QUANTIZED,8064,8064.00,
OBSERVATION,OBS00166,total_fare,MONEY_QUANTIZED,7835,7835.00,
OBSERVATION,OBS00167,total_fare,MONEY_QUANTIZED,6336,6336.00,
OBSERVATION,OBS00168,total_fare,MONEY_QUANTIZED,6747,6747.00,
OBSERVATION,OBS00169,total_fare,MONEY_QUANTIZED,7699,7699.00,
OBSERVATION,OBS00170,total_fare,MONEY_QUANTIZED,11490,11490.00,
OBSERVATION,OBS00171,source,UNKNOWN_VALUE_FLAGGED,EaseMyTrip,EaseMyTrip,
OBSERVATION,OBS00171,total_fare,MONEY_QUANTIZED,12068,12068.00,
OBSERVATION,OBS00172,total_fare,MONEY_QUANTIZED,10744,10744.00,
OBSERVATION,OBS00173,source,UNKNOWN_VALUE_FLAGGED,EaseMyTrip,EaseMyTrip,
OBSERVATION,OBS00173,total_fare,MONEY_QUANTIZED,10682,10682.00,
OBSERVATION,OBS00174,source,UNKNOWN_VALUE_FLAGGED,EaseMyTrip,EaseMyTrip,
OBSERVATION,OBS00174,total_fare,MONEY_QUANTIZED,6864,6864.00,
OBSERVATION,OBS00175,total_fare,MONEY_QUANTIZED,6853,6853.00,
OBSERVATION,OBS00176,total_fare,MONEY_QUANTIZED,5734,5734.00,
OBSERVATION,OBS00177,source,UNKNOWN_VALUE_FLAGGED,EaseMyTrip,EaseMyTrip,
OBSERVATION,OBS00177,total_fare,MONEY_QUANTIZED,5589,5589.00,
OBSERVATION,OBS00178,total_fare,MONEY_QUANTIZED,7250,7250.00,
OBSERVATION,OBS00179,total_fare,MONEY_QUANTIZED,5367,5367.00,
OBSERVATION,OBS00180,source,UNKNOWN_VALUE_FLAGGED,EaseMyTrip,EaseMyTrip,
OBSERVATION,OBS00180,total_fare,MONEY_QUANTIZED,5103,5103.00,
OBSERVATION,OBS00181,source,UNKNOWN_VALUE_FLAGGED,EaseMyTrip,EaseMyTrip,
OBSERVATION,OBS00181,total_fare,MONEY_QUANTIZED,6882,6882.00,
OBSERVATION,OBS00182,source,UNKNOWN_VALUE_FLAGGED,EaseMyTrip,EaseMyTrip,
OBSERVATION,OBS00182,total_fare,MONEY_QUANTIZED,6798,6798.00,
OBSERVATION,OBS00183,total_fare,MONEY_QUANTIZED,7527,7527.00,
OBSERVATION,OBS00184,source,UNKNOWN_VALUE_FLAGGED,EaseMyTrip,EaseMyTrip,
OBSERVATION,OBS00184,total_fare,MONEY_QUANTIZED,7516,7516.00,
OBSERVATION,OBS00185,source,UNKNOWN_VALUE_FLAGGED,EaseMyTrip,EaseMyTrip,
OBSERVATION,OBS00185,total_fare,MONEY_QUANTIZED,8159,8159.00,
OBSERVATION,OBS00186,total_fare,MONEY_QUANTIZED,10259,10259.00,
OBSERVATION,OBS00187,total_fare,MONEY_QUANTIZED,7462,7462.00,
OBSERVATION,OBS00188,total_fare,MONEY_QUANTIZED,5030,5030.00,
OBSERVATION,OBS00189,total_fare,MONEY_QUANTIZED,5082,5082.00,
OBSERVATION,OBS00190,total_fare,MONEY_QUANTIZED,6348,6348.00,
OBSERVATION,OBS00191,total_fare,MONEY_QUANTIZED,6561,6561.00,
OBSERVATION,OBS00192,source,UNKNOWN_VALUE_FLAGGED,EaseMyTrip,EaseMyTrip,
OBSERVATION,OBS00192,total_fare,MONEY_QUANTIZED,9088,9088.00,
OBSERVATION,OBS00193,total_fare,MONEY_QUANTIZED,9932,9932.00,
OBSERVATION,OBS00194,total_fare,MONEY_QUANTIZED,10911,10911.00,
OBSERVATION,OBS00195,total_fare,MONEY_QUANTIZED,10007,10007.00,
OBSERVATION,OBS00196,source,UNKNOWN_VALUE_FLAGGED,EaseMyTrip,EaseMyTrip,
OBSERVATION,OBS00196,total_fare,MONEY_QUANTIZED,8924,8924.00,
OBSERVATION,OBS00197,total_fare,MONEY_QUANTIZED,8151,8151.00,
OBSERVATION,OBS00198,total_fare,MONEY_QUANTIZED,5715,5715.00,
OBSERVATION,OBS00199,total_fare,MONEY_QUANTIZED,5473,5473.00,
OBSERVATION,OBS00200,total_fare,MONEY_QUANTIZED,9098,9098.00,
OBSERVATION,OBS00201,total_fare,MONEY_QUANTIZED,8669,8669.00,
OBSERVATION,OBS00202,total_fare,MONEY_QUANTIZED,8335,8335.00,
OBSERVATION,OBS00203,total_fare,MONEY_QUANTIZED,8178,8178.00,
OBSERVATION,OBS00204,source,UNKNOWN_VALUE_FLAGGED,EaseMyTrip,EaseMyTrip,
OBSERVATION,OBS00204,total_fare,MONEY_QUANTIZED,5320,5320.00,
OBSERVATION,OBS00205,total_fare,MONEY_QUANTIZED,5391,5391.00,
OBSERVATION,OBS00206,total_fare,MONEY_QUANTIZED,9686,9686.00,
OBSERVATION,OBS00207,total_fare,MONEY_QUANTIZED,9934,9934.00,
OBSERVATION,OBS00208,total_fare,MONEY_QUANTIZED,8408,8408.00,
OBSERVATION,OBS00209,total_fare,MONEY_QUANTIZED,8828,8828.00,
OBSERVATION,OBS00210,source,UNKNOWN_VALUE_FLAGGED,EaseMyTrip,EaseMyTrip,
OBSERVATION,OBS00210,total_fare,MONEY_QUANTIZED,7363,7363.00,
OBSERVATION,OBS00211,total_fare,MONEY_QUANTIZED,7517,7517.00,
OBSERVATION,OBS00212,total_fare,MONEY_QUANTIZED,5089,5089.00,
OBSERVATION,OBS00213,total_fare,MONEY_QUANTIZED,7859,7859.00,
OBSERVATION,OBS00214,total_fare,MONEY_QUANTIZED,6611,6611.00,
OBSERVATION,OBS00215,total_fare,MONEY_QUANTIZED,6781,6781.00,
OBSERVATION,OBS00216,total_fare,MONEY_QUANTIZED,7338,7338.00,
OBSERVATION,OBS00217,total_fare,MONEY_QUANTIZED,9523,9523.00,
OBSERVATION,OBS00218,total_fare,MONEY_QUANTIZED,9076,9076.00,
OBSERVATION,OBS00219,total_fare,MONEY_QUANTIZED,6799,6799.00,
OBSERVATION,OBS00220,total_fare,MONEY_QUANTIZED,6911,6911.00,
OBSERVATION,OBS00221,total_fare,MONEY_QUANTIZED,5886,5886.00,
OBSERVATION,OBS00222,source,UNKNOWN_VALUE_FLAGGED,EaseMyTrip,EaseMyTrip,
OBSERVATION,OBS00222,total_fare,MONEY_QUANTIZED,8529,8529.00,
OBSERVATION,OBS00223,total_fare,MONEY_QUANTIZED,5146,5146.00,
OBSERVATION,OBS00224,source,UNKNOWN_VALUE_FLAGGED,EaseMyTrip,EaseMyTrip,
OBSERVATION,OBS00224,total_fare,MONEY_QUANTIZED,4912,4912.00,
OBSERVATION,OBS00225,total_fare,MONEY_QUANTIZED,7875,7875.00,
OBSERVATION,OBS00226,total_fare,MONEY_QUANTIZED,5326,5326.00,
OBSERVATION,OBS00227,total_fare,MONEY_QUANTIZED,4914,4914.00,
OBSERVATION,OBS00228,total_fare,MONEY_QUANTIZED,7976,7976.00,
OBSERVATION,OBS00229,total_fare,MONEY_QUANTIZED,7948,7948.00,
OBSERVATION,OBS00230,carrier,UNKNOWN_VALUE_FLAGGED,IX,IX,
OBSERVATION,OBS00230,total_fare,MONEY_QUANTIZED,11978,11978.00,
OBSERVATION,OBS00231,carrier,UNKNOWN_VALUE_FLAGGED,IX,IX,
OBSERVATION,OBS00231,total_fare,MONEY_QUANTIZED,7590,7590.00,
OBSERVATION,OBS00232,carrier,UNKNOWN_VALUE_FLAGGED,IX,IX,
OBSERVATION,OBS00232,source,UNKNOWN_VALUE_FLAGGED,EaseMyTrip,EaseMyTrip,
OBSERVATION,OBS00232,total_fare,MONEY_QUANTIZED,6377,6377.00,
OBSERVATION,OBS00233,carrier,UNKNOWN_VALUE_FLAGGED,IX,IX,
OBSERVATION,OBS00233,total_fare,MONEY_QUANTIZED,6787,6787.00,
OBSERVATION,OBS00234,carrier,UNKNOWN_VALUE_FLAGGED,IX,IX,
OBSERVATION,OBS00234,source,UNKNOWN_VALUE_FLAGGED,EaseMyTrip,EaseMyTrip,
OBSERVATION,OBS00234,total_fare,MONEY_QUANTIZED,6898,6898.00,
OBSERVATION,OBS00235,carrier,UNKNOWN_VALUE_FLAGGED,IX,IX,
OBSERVATION,OBS00235,total_fare,MONEY_QUANTIZED,7527,7527.00,
OBSERVATION,OBS00236,carrier,UNKNOWN_VALUE_FLAGGED,IX,IX,
OBSERVATION,OBS00236,total_fare,MONEY_QUANTIZED,8731,8731.00,
OBSERVATION,OBS00237,carrier,UNKNOWN_VALUE_FLAGGED,IX,IX,
OBSERVATION,OBS00237,total_fare,MONEY_QUANTIZED,6466,6466.00,
OBSERVATION,OBS00238,carrier,UNKNOWN_VALUE_FLAGGED,IX,IX,
OBSERVATION,OBS00238,total_fare,MONEY_QUANTIZED,6691,6691.00,
OBSERVATION,OBS00239,carrier,UNKNOWN_VALUE_FLAGGED,IX,IX,
OBSERVATION,OBS00239,total_fare,MONEY_QUANTIZED,7628,7628.00,
OBSERVATION,OBS00240,carrier,UNKNOWN_VALUE_FLAGGED,IX,IX,
OBSERVATION,OBS00240,total_fare,MONEY_QUANTIZED,6834,6834.00,
OBSERVATION,OBS00241,total_fare,MONEY_QUANTIZED,9965,9965.00,
OBSERVATION,OBS00242,total_fare,MONEY_QUANTIZED,9258,9258.00,
OBSERVATION,OBS00243,total_fare,MONEY_QUANTIZED,6611,6611.00,
OBSERVATION,OBS00244,total_fare,MONEY_QUANTIZED,6572,6572.00,
OBSERVATION,OBS00245,source,UNKNOWN_VALUE_FLAGGED,EaseMyTrip,EaseMyTrip,
OBSERVATION,OBS00245,total_fare,MONEY_QUANTIZED,7530,7530.00,
OBSERVATION,OBS00246,total_fare,MONEY_QUANTIZED,5051,5051.00,
OBSERVATION,OBS00247,source,UNKNOWN_VALUE_FLAGGED,EaseMyTrip,EaseMyTrip,
OBSERVATION,OBS00247,total_fare,MONEY_QUANTIZED,5389,5389.00,
OBSERVATION,OBS00248,total_fare,MONEY_QUANTIZED,5247,5247.00,
OBSERVATION,OBS00249,total_fare,MONEY_QUANTIZED,7892,7892.00,
OBSERVATION,OBS00250,source,UNKNOWN_VALUE_FLAGGED,EaseMyTrip,EaseMyTrip,
OBSERVATION,OBS00250,total_fare,MONEY_QUANTIZED,7870,7870.00,
OBSERVATION,OBS00251,total_fare,MONEY_QUANTIZED,7274,7274.00,
OBSERVATION,OBS00252,total_fare,MONEY_QUANTIZED,10584,10584.00,
OBSERVATION,OBS00253,total_fare,MONEY_QUANTIZED,10169,10169.00,
OBSERVATION,OBS00254,source,UNKNOWN_VALUE_FLAGGED,EaseMyTrip,EaseMyTrip,
OBSERVATION,OBS00254,total_fare,MONEY_QUANTIZED,8539,8539.00,
OBSERVATION,OBS00255,total_fare,MONEY_QUANTIZED,8170,8170.00,
OBSERVATION,OBS00256,total_fare,MONEY_QUANTIZED,5869,5869.00,
OBSERVATION,OBS00257,total_fare,MONEY_QUANTIZED,6614,6614.00,
OBSERVATION,OBS00258,total_fare,MONEY_QUANTIZED,7893,7893.00,
OBSERVATION,OBS00259,total_fare,MONEY_QUANTIZED,4867,4867.00,
OBSERVATION,OBS00260,source,UNKNOWN_VALUE_FLAGGED,EaseMyTrip,EaseMyTrip,
OBSERVATION,OBS00260,total_fare,MONEY_QUANTIZED,6663,6663.00,
OBSERVATION,OBS00261,total_fare,MONEY_QUANTIZED,6481,6481.00,
OBSERVATION,OBS00262,carrier,UNKNOWN_VALUE_FLAGGED,IX,IX,
OBSERVATION,OBS00262,total_fare,MONEY_QUANTIZED,11434,11434.00,
OBSERVATION,OBS00263,carrier,UNKNOWN_VALUE_FLAGGED,IX,IX,
OBSERVATION,OBS00263,total_fare,MONEY_QUANTIZED,11316,11316.00,
OBSERVATION,OBS00264,carrier,UNKNOWN_VALUE_FLAGGED,IX,IX,
OBSERVATION,OBS00264,total_fare,MONEY_QUANTIZED,10064,10064.00,
OBSERVATION,OBS00265,carrier,UNKNOWN_VALUE_FLAGGED,IX,IX,
OBSERVATION,OBS00265,source,UNKNOWN_VALUE_FLAGGED,EaseMyTrip,EaseMyTrip,
OBSERVATION,OBS00265,total_fare,MONEY_QUANTIZED,9896,9896.00,
OBSERVATION,OBS00266,carrier,UNKNOWN_VALUE_FLAGGED,IX,IX,
OBSERVATION,OBS00266,total_fare,MONEY_QUANTIZED,6531,6531.00,
OBSERVATION,OBS00267,carrier,UNKNOWN_VALUE_FLAGGED,IX,IX,
OBSERVATION,OBS00267,total_fare,MONEY_QUANTIZED,5541,5541.00,
OBSERVATION,OBS00268,carrier,UNKNOWN_VALUE_FLAGGED,IX,IX,
OBSERVATION,OBS00268,total_fare,MONEY_QUANTIZED,8397,8397.00,
OBSERVATION,OBS00269,carrier,UNKNOWN_VALUE_FLAGGED,IX,IX,
OBSERVATION,OBS00269,total_fare,MONEY_QUANTIZED,7999,7999.00,
OBSERVATION,OBS00270,carrier,UNKNOWN_VALUE_FLAGGED,IX,IX,
OBSERVATION,OBS00270,total_fare,MONEY_QUANTIZED,7971,7971.00,
OBSERVATION,OBS00271,carrier,UNKNOWN_VALUE_FLAGGED,IX,IX,
OBSERVATION,OBS00271,source,UNKNOWN_VALUE_FLAGGED,EaseMyTrip,EaseMyTrip,
OBSERVATION,OBS00271,total_fare,MONEY_QUANTIZED,6441,6441.00,
OBSERVATION,OBS00272,carrier,UNKNOWN_VALUE_FLAGGED,IX,IX,
OBSERVATION,OBS00272,total_fare,MONEY_QUANTIZED,6495,6495.00,
OBSERVATION,OBS00273,source,UNKNOWN_VALUE_FLAGGED,EaseMyTrip,EaseMyTrip,
OBSERVATION,OBS00273,total_fare,MONEY_QUANTIZED,9599,9599.00,
OBSERVATION,OBS00274,source,UNKNOWN_VALUE_FLAGGED,EaseMyTrip,EaseMyTrip,
OBSERVATION,OBS00274,total_fare,MONEY_QUANTIZED,7422,7422.00,
OBSERVATION,OBS00275,total_fare,MONEY_QUANTIZED,7517,7517.00,
OBSERVATION,OBS00276,total_fare,MONEY_QUANTIZED,9975,9975.00,
OBSERVATION,OBS00277,source,UNKNOWN_VALUE_FLAGGED,EaseMyTrip,EaseMyTrip,
OBSERVATION,OBS00277,total_fare,MONEY_QUANTIZED,6701,6701.00,
OBSERVATION,OBS00278,total_fare,MONEY_QUANTIZED,8686,8686.00,
OBSERVATION,OBS00279,total_fare,MONEY_QUANTIZED,8706,8706.00,
OBSERVATION,OBS00280,total_fare,MONEY_QUANTIZED,7730,7730.00,
OBSERVATION,OBS00281,total_fare,MONEY_QUANTIZED,7898,7898.00,
OBSERVATION,OBS00282,source,UNKNOWN_VALUE_FLAGGED,EaseMyTrip,EaseMyTrip,
OBSERVATION,OBS00282,total_fare,MONEY_QUANTIZED,6690,6690.00,
OBSERVATION,OBS00283,total_fare,MONEY_QUANTIZED,11622,11622.00,
OBSERVATION,OBS00284,total_fare,MONEY_QUANTIZED,10334,10334.00,
OBSERVATION,OBS00285,total_fare,MONEY_QUANTIZED,7573,7573.00,
OBSERVATION,OBS00286,total_fare,MONEY_QUANTIZED,5898,5898.00,
OBSERVATION,OBS00287,source,UNKNOWN_VALUE_FLAGGED,EaseMyTrip,EaseMyTrip,
OBSERVATION,OBS00287,total_fare,MONEY_QUANTIZED,6808,6808.00,
OBSERVATION,OBS00288,source,UNKNOWN_VALUE_FLAGGED,EaseMyTrip,EaseMyTrip,
OBSERVATION,OBS00288,total_fare,MONEY_QUANTIZED,8061,8061.00,
OBSERVATION,OBS00289,total_fare,MONEY_QUANTIZED,7803,7803.00,
OBSERVATION,OBS00290,total_fare,MONEY_QUANTIZED,9614,9614.00,
OBSERVATION,OBS00291,total_fare,MONEY_QUANTIZED,9206,9206.00,
OBSERVATION,OBS00292,source,UNKNOWN_VALUE_FLAGGED,EaseMyTrip,EaseMyTrip,
OBSERVATION,OBS00292,total_fare,MONEY_QUANTIZED,8484,8484.00,
OBSERVATION,OBS00293,total_fare,MONEY_QUANTIZED,8796,8796.00,
OBSERVATION,OBS00294,total_fare,MONEY_QUANTIZED,6821,6821.00,
OBSERVATION,OBS00295,source,UNKNOWN_VALUE_FLAGGED,EaseMyTrip,EaseMyTrip,
OBSERVATION,OBS00295,total_fare,MONEY_QUANTIZED,6847,6847.00,
OBSERVATION,OBS00296,total_fare,MONEY_QUANTIZED,6907,6907.00,
OBSERVATION,OBS00297,total_fare,MONEY_QUANTIZED,5786,5786.00,
OBSERVATION,OBS00298,total_fare,MONEY_QUANTIZED,5869,5869.00,
OBSERVATION,OBS00299,total_fare,MONEY_QUANTIZED,6557,6557.00,
OBSERVATION,OBS00300,total_fare,MONEY_QUANTIZED,6464,6464.00,
OBSERVATION,OBS00301,total_fare,MONEY_QUANTIZED,5016,5016.00,
OBSERVATION,OBS00302,total_fare,MONEY_QUANTIZED,5323,5323.00,
OBSERVATION,OBS00303,total_fare,MONEY_QUANTIZED,5392,5392.00,
OBSERVATION,OBS00304,total_fare,MONEY_QUANTIZED,11250,11250.00,
OBSERVATION,OBS00305,total_fare,MONEY_QUANTIZED,7169,7169.00,
OBSERVATION,OBS00306,total_fare,MONEY_QUANTIZED,7113,7113.00,
OBSERVATION,OBS00307,source,UNKNOWN_VALUE_FLAGGED,EaseMyTrip,EaseMyTrip,
OBSERVATION,OBS00307,total_fare,MONEY_QUANTIZED,6793,6793.00,
OBSERVATION,OBS00308,total_fare,MONEY_QUANTIZED,6461,6461.00,
OBSERVATION,OBS00309,total_fare,MONEY_QUANTIZED,10462,10462.00,
OBSERVATION,OBS00310,total_fare,MONEY_QUANTIZED,10417,10417.00,
OBSERVATION,OBS00311,total_fare,MONEY_QUANTIZED,8739,8739.00,
OBSERVATION,OBS00312,source,UNKNOWN_VALUE_FLAGGED,EaseMyTrip,EaseMyTrip,
OBSERVATION,OBS00312,total_fare,MONEY_QUANTIZED,8441,8441.00,
OBSERVATION,OBS00313,total_fare,MONEY_QUANTIZED,6371,6371.00,
OBSERVATION,OBS00314,total_fare,MONEY_QUANTIZED,6759,6759.00,
OBSERVATION,OBS00315,total_fare,MONEY_QUANTIZED,5082,5082.00,
OBSERVATION,OBS00316,total_fare,MONEY_QUANTIZED,8209,8209.00,
OBSERVATION,OBS00317,total_fare,MONEY_QUANTIZED,8215,8215.00,
OBSERVATION,OBS00318,total_fare,MONEY_QUANTIZED,7276,7276.00,
OBSERVATION,OBS00319,total_fare,MONEY_QUANTIZED,10109,10109.00,
OBSERVATION,OBS00320,total_fare,MONEY_QUANTIZED,10746,10746.00,
OBSERVATION,OBS00321,total_fare,MONEY_QUANTIZED,8494,8494.00,
OBSERVATION,OBS00322,total_fare,MONEY_QUANTIZED,8748,8748.00,
OBSERVATION,OBS00323,total_fare,MONEY_QUANTIZED,5850,5850.00,
OBSERVATION,OBS00324,source,UNKNOWN_VALUE_FLAGGED,EaseMyTrip,EaseMyTrip,
OBSERVATION,OBS00324,total_fare,MONEY_QUANTIZED,5477,5477.00,
OBSERVATION,OBS00325,source,UNKNOWN_VALUE_FLAGGED,EaseMyTrip,EaseMyTrip,
OBSERVATION,OBS00325,total_fare,MONEY_QUANTIZED,7035,7035.00,
OBSERVATION,OBS00326,total_fare,MONEY_QUANTIZED,6681,6681.00,
OBSERVATION,OBS00327,total_fare,MONEY_QUANTIZED,6403,6403.00,
OBSERVATION,OBS00328,source,UNKNOWN_VALUE_FLAGGED,EaseMyTrip,EaseMyTrip,
OBSERVATION,OBS00328,total_fare,MONEY_QUANTIZED,6392,6392.00,
OBSERVATION,OBS00329,total_fare,MONEY_QUANTIZED,6345,6345.00,
OBSERVATION,OBS00330,source,UNKNOWN_VALUE_FLAGGED,EaseMyTrip,EaseMyTrip,
OBSERVATION,OBS00330,total_fare,MONEY_QUANTIZED,5350,5350.00,
OBSERVATION,OBS00331,total_fare,MONEY_QUANTIZED,5358,5358.00,
OBSERVATION,OBS00332,total_fare,MONEY_QUANTIZED,7681,7681.00,
OBSERVATION,OBS00333,total_fare,MONEY_QUANTIZED,7514,7514.00,
OBSERVATION,OBS00334,source,UNKNOWN_VALUE_FLAGGED,EaseMyTrip,EaseMyTrip,
OBSERVATION,OBS00334,total_fare,MONEY_QUANTIZED,8216,8216.00,
OBSERVATION,OBS00335,total_fare,MONEY_QUANTIZED,10072,10072.00,
OBSERVATION,OBS00336,source,UNKNOWN_VALUE_FLAGGED,EaseMyTrip,EaseMyTrip,
OBSERVATION,OBS00336,total_fare,MONEY_QUANTIZED,9866,9866.00,
OBSERVATION,OBS00337,total_fare,MONEY_QUANTIZED,9068,9068.00,
OBSERVATION,OBS00338,source,UNKNOWN_VALUE_FLAGGED,EaseMyTrip,EaseMyTrip,
OBSERVATION,OBS00338,total_fare,MONEY_QUANTIZED,7109,7109.00,
OBSERVATION,OBS00339,total_fare,MONEY_QUANTIZED,5162,5162.00,
OBSERVATION,OBS00340,total_fare,MONEY_QUANTIZED,8055,8055.00,
OBSERVATION,OBS00341,total_fare,MONEY_QUANTIZED,8290,8290.00,
OBSERVATION,OBS00342,total_fare,MONEY_QUANTIZED,7249,7249.00,
OBSERVATION,OBS00343,total_fare,MONEY_QUANTIZED,8559,8559.00,
OBSERVATION,OBS00344,total_fare,MONEY_QUANTIZED,8186,8186.00,
OBSERVATION,OBS00345,source,UNKNOWN_VALUE_FLAGGED,EaseMyTrip,EaseMyTrip,
OBSERVATION,OBS00345,total_fare,MONEY_QUANTIZED,8482,8482.00,
OBSERVATION,OBS00346,total_fare,MONEY_QUANTIZED,8954,8954.00,
OBSERVATION,OBS00347,source,UNKNOWN_VALUE_FLAGGED,EaseMyTrip,EaseMyTrip,
OBSERVATION,OBS00347,total_fare,MONEY_QUANTIZED,7019,7019.00,
OBSERVATION,OBS00348,total_fare,MONEY_QUANTIZED,7297,7297.00,
OBSERVATION,OBS00349,total_fare,MONEY_QUANTIZED,6597,6597.00,
OBSERVATION,OBS00350,total_fare,MONEY_QUANTIZED,5427,5427.00,
OBSERVATION,OBS00351,total_fare,MONEY_QUANTIZED,5301,5301.00,
OBSERVATION,OBS00352,source,UNKNOWN_VALUE_FLAGGED,EaseMyTrip,EaseMyTrip,
OBSERVATION,OBS00352,total_fare,MONEY_QUANTIZED,7560,7560.00,
OBSERVATION,OBS00353,total_fare,MONEY_QUANTIZED,9679,9679.00,
OBSERVATION,OBS00354,total_fare,MONEY_QUANTIZED,9966,9966.00,
OBSERVATION,OBS00355,total_fare,MONEY_QUANTIZED,6683,6683.00,
OBSERVATION,OBS00356,total_fare,MONEY_QUANTIZED,6706,6706.00,
OBSERVATION,OBS00357,total_fare,MONEY_QUANTIZED,8579,8579.00,
OBSERVATION,OBS00358,total_fare,MONEY_QUANTIZED,8935,8935.00,
OBSERVATION,OBS00359,total_fare,MONEY_QUANTIZED,7204,7204.00,
OBSERVATION,OBS00360,source,UNKNOWN_VALUE_FLAGGED,EaseMyTrip,EaseMyTrip,
OBSERVATION,OBS00360,total_fare,MONEY_QUANTIZED,7304,7304.00,
OBSERVATION,OBS00361,total_fare,MONEY_QUANTIZED,7978,7978.00,
OBSERVATION,OBS00362,total_fare,MONEY_QUANTIZED,7905,7905.00,
OBSERVATION,OBS00363,total_fare,MONEY_QUANTIZED,6524,6524.00,
OBSERVATION,OBS00364,total_fare,MONEY_QUANTIZED,5001,5001.00,
OBSERVATION,OBS00365,source,UNKNOWN_VALUE_FLAGGED,EaseMyTrip,EaseMyTrip,
OBSERVATION,OBS00365,total_fare,MONEY_QUANTIZED,5361,5361.00,
OBSERVATION,OBS00366,total_fare,MONEY_QUANTIZED,9429,9429.00,
OBSERVATION,OBS00367,total_fare,MONEY_QUANTIZED,9943,9943.00,
OBSERVATION,OBS00368,total_fare,MONEY_QUANTIZED,6566,6566.00,
OBSERVATION,OBS00369,source,UNKNOWN_VALUE_FLAGGED,EaseMyTrip,EaseMyTrip,
OBSERVATION,OBS00369,total_fare,MONEY_QUANTIZED,6933,6933.00,
OBSERVATION,OBS00370,source,UNKNOWN_VALUE_FLAGGED,EaseMyTrip,EaseMyTrip,
OBSERVATION,OBS00370,total_fare,MONEY_QUANTIZED,10757,10757.00,
OBSERVATION,OBS00371,total_fare,MONEY_QUANTIZED,10005,10005.00,
OBSERVATION,OBS00372,total_fare,MONEY_QUANTIZED,6965,6965.00,
OBSERVATION,OBS00373,total_fare,MONEY_QUANTIZED,8798,8798.00,
OBSERVATION,OBS00374,source,UNKNOWN_VALUE_FLAGGED,EaseMyTrip,EaseMyTrip,
OBSERVATION,OBS00374,total_fare,MONEY_QUANTIZED,7677,7677.00,
OBSERVATION,OBS00375,total_fare,MONEY_QUANTIZED,7933,7933.00,
OBSERVATION,OBS00376,total_fare,MONEY_QUANTIZED,6681,6681.00,
OBSERVATION,OBS00377,source,UNKNOWN_VALUE_FLAGGED,EaseMyTrip,EaseMyTrip,
OBSERVATION,OBS00377,total_fare,MONEY_QUANTIZED,6536,6536.00,
OBSERVATION,OBS00378,total_fare,MONEY_QUANTIZED,5032,5032.00,
OBSERVATION,OBS00379,source,UNKNOWN_VALUE_FLAGGED,EaseMyTrip,EaseMyTrip,
OBSERVATION,OBS00379,total_fare,MONEY_QUANTIZED,5027,5027.00,
OBSERVATION,OBS00380,source,UNKNOWN_VALUE_FLAGGED,EaseMyTrip,EaseMyTrip,
OBSERVATION,OBS00380,total_fare,MONEY_QUANTIZED,11791,11791.00,
OBSERVATION,OBS00381,total_fare,MONEY_QUANTIZED,11478,11478.00,
OBSERVATION,OBS00382,total_fare,MONEY_QUANTIZED,9975,9975.00,
OBSERVATION,OBS00383,total_fare,MONEY_QUANTIZED,9254,9254.00,
OBSERVATION,OBS00384,source,UNKNOWN_VALUE_FLAGGED,EaseMyTrip,EaseMyTrip,
OBSERVATION,OBS00384,total_fare,MONEY_QUANTIZED,8550,8550.00,
OBSERVATION,OBS00385,total_fare,MONEY_QUANTIZED,6306,6306.00,
OBSERVATION,OBS00386,source,UNKNOWN_VALUE_FLAGGED,EaseMyTrip,EaseMyTrip,
OBSERVATION,OBS00386,total_fare,MONEY_QUANTIZED,6488,6488.00,
OBSERVATION,OBS00387,total_fare,MONEY_QUANTIZED,7280,7280.00,
OBSERVATION,OBS00388,total_fare,MONEY_QUANTIZED,7474,7474.00,
OBSERVATION,OBS00389,source,UNKNOWN_VALUE_FLAGGED,EaseMyTrip,EaseMyTrip,
OBSERVATION,OBS00389,total_fare,MONEY_QUANTIZED,5497,5497.00,
OBSERVATION,OBS00390,total_fare,MONEY_QUANTIZED,8337,8337.00,
OBSERVATION,OBS00391,total_fare,MONEY_QUANTIZED,8052,8052.00,
OBSERVATION,OBS00392,total_fare,MONEY_QUANTIZED,6445,6445.00,
OBSERVATION,OBS00393,source,UNKNOWN_VALUE_FLAGGED,EaseMyTrip,EaseMyTrip,
OBSERVATION,OBS00393,total_fare,MONEY_QUANTIZED,6410,6410.00,
OBSERVATION,OBS00394,total_fare,MONEY_QUANTIZED,7898,7898.00,
OBSERVATION,OBS00395,total_fare,MONEY_QUANTIZED,7901,7901.00,
OBSERVATION,OBS00396,total_fare,MONEY_QUANTIZED,5351,5351.00,
OBSERVATION,OBS00397,total_fare,MONEY_QUANTIZED,5052,5052.00,
OBSERVATION,OBS00398,total_fare,MONEY_QUANTIZED,11926,11926.00,
OBSERVATION,OBS00399,source,UNKNOWN_VALUE_FLAGGED,EaseMyTrip,EaseMyTrip,
OBSERVATION,OBS00399,total_fare,MONEY_QUANTIZED,12044,12044.00,
OBSERVATION,OBS00400,total_fare,MONEY_QUANTIZED,9639,9639.00,
OBSERVATION,OBS00401,source,UNKNOWN_VALUE_FLAGGED,EaseMyTrip,EaseMyTrip,
OBSERVATION,OBS00401,total_fare,MONEY_QUANTIZED,6451,6451.00,
OBSERVATION,OBS00402,total_fare,MONEY_QUANTIZED,5409,5409.00,
OBSERVATION,OBS00403,total_fare,MONEY_QUANTIZED,5437,5437.00,
OBSERVATION,OBS00404,total_fare,MONEY_QUANTIZED,6749,6749.00,
OBSERVATION,OBS00405,total_fare,MONEY_QUANTIZED,6421,6421.00,
OBSERVATION,OBS00406,source,UNKNOWN_VALUE_FLAGGED,EaseMyTrip,EaseMyTrip,
OBSERVATION,OBS00406,total_fare,MONEY_QUANTIZED,8152,8152.00,
OBSERVATION,OBS00407,total_fare,MONEY_QUANTIZED,7722,7722.00,
OBSERVATION,OBS00408,total_fare,MONEY_QUANTIZED,7628,7628.00,
OBSERVATION,OBS00409,total_fare,MONEY_QUANTIZED,10920,10920.00,
OBSERVATION,OBS00410,total_fare,MONEY_QUANTIZED,10371,10371.00,
OBSERVATION,OBS00411,total_fare,MONEY_QUANTIZED,6856,6856.00,
OBSERVATION,OBS00412,total_fare,MONEY_QUANTIZED,6469,6469.00,
OBSERVATION,OBS00413,total_fare,MONEY_QUANTIZED,9102,9102.00,
OBSERVATION,OBS00414,total_fare,MONEY_QUANTIZED,5746,5746.00,
OBSERVATION,OBS00415,total_fare,MONEY_QUANTIZED,8118,8118.00,
OBSERVATION,OBS00416,total_fare,MONEY_QUANTIZED,6444,6444.00,
OBSERVATION,OBS00417,total_fare,MONEY_QUANTIZED,6747,6747.00,
OBSERVATION,OBS00418,total_fare,MONEY_QUANTIZED,6509,6509.00,
OBSERVATION,OBS00419,total_fare,MONEY_QUANTIZED,11487,11487.00,
OBSERVATION,OBS00420,source,UNKNOWN_VALUE_FLAGGED,EaseMyTrip,EaseMyTrip,
OBSERVATION,OBS00420,total_fare,MONEY_QUANTIZED,7545,7545.00,
OBSERVATION,OBS00421,total_fare,MONEY_QUANTIZED,7283,7283.00,
OBSERVATION,OBS00422,total_fare,MONEY_QUANTIZED,6867,6867.00,
OBSERVATION,OBS00423,total_fare,MONEY_QUANTIZED,6626,6626.00,
OBSERVATION,OBS00424,source,UNKNOWN_VALUE_FLAGGED,EaseMyTrip,EaseMyTrip,
OBSERVATION,OBS00424,total_fare,MONEY_QUANTIZED,9072,9072.00,
OBSERVATION,OBS00425,source,UNKNOWN_VALUE_FLAGGED,EaseMyTrip,EaseMyTrip,
OBSERVATION,OBS00425,total_fare,MONEY_QUANTIZED,5476,5476.00,
OBSERVATION,OBS00426,total_fare,MONEY_QUANTIZED,5495,5495.00,
OBSERVATION,OBS00427,total_fare,MONEY_QUANTIZED,7932,7932.00,
OBSERVATION,OBS00428,total_fare,MONEY_QUANTIZED,5339,5339.00,
OBSERVATION,OBS00429,total_fare,MONEY_QUANTIZED,5003,5003.00,
OBSERVATION,OBS00430,source,UNKNOWN_VALUE_FLAGGED,EaseMyTrip,EaseMyTrip,
OBSERVATION,OBS00430,total_fare,MONEY_QUANTIZED,8062,8062.00,
OBSERVATION,OBS00431,total_fare,MONEY_QUANTIZED,8219,8219.00,
OBSERVATION,OBS00432,total_fare,MONEY_QUANTIZED,11420,11420.00,
OBSERVATION,OBS00433,total_fare,MONEY_QUANTIZED,6569,6569.00,
OBSERVATION,OBS00434,total_fare,MONEY_QUANTIZED,6859,6859.00,
OBSERVATION,OBS00435,total_fare,MONEY_QUANTIZED,7407,7407.00,
OBSERVATION,OBS00436,total_fare,MONEY_QUANTIZED,6972,6972.00,
OBSERVATION,OBS00437,total_fare,MONEY_QUANTIZED,9254,9254.00,
OBSERVATION,OBS00438,total_fare,MONEY_QUANTIZED,8215,8215.00,
OBSERVATION,OBS00439,total_fare,MONEY_QUANTIZED,7955,7955.00,
OBSERVATION,OBS00440,source,UNKNOWN_VALUE_FLAGGED,EaseMyTrip,EaseMyTrip,
OBSERVATION,OBS00440,total_fare,MONEY_QUANTIZED,7791,7791.00,
OBSERVATION,OBS00441,total_fare,MONEY_QUANTIZED,6609,6609.00,
OBSERVATION,OBS00442,total_fare,MONEY_QUANTIZED,7428,7428.00,
OBSERVATION,OBS00443,total_fare,MONEY_QUANTIZED,10363,10363.00,
OBSERVATION,OBS00444,source,UNKNOWN_VALUE_FLAGGED,EaseMyTrip,EaseMyTrip,
OBSERVATION,OBS00444,total_fare,MONEY_QUANTIZED,5895,5895.00,
OBSERVATION,OBS00445,total_fare,MONEY_QUANTIZED,8359,8359.00,
OBSERVATION,OBS00446,total_fare,MONEY_QUANTIZED,6408,6408.00,
OBSERVATION,OBS00447,source,UNKNOWN_VALUE_FLAGGED,EaseMyTrip,EaseMyTrip,
OBSERVATION,OBS00447,total_fare,MONEY_QUANTIZED,7663,7663.00,
OBSERVATION,OBS00448,total_fare,MONEY_QUANTIZED,8389,8389.00,
OBSERVATION,OBS00449,total_fare,MONEY_QUANTIZED,9747,9747.00,
OBSERVATION,OBS00450,total_fare,MONEY_QUANTIZED,9212,9212.00,
OBSERVATION,OBS00451,total_fare,MONEY_QUANTIZED,7756,7756.00,
OBSERVATION,OBS00452,total_fare,MONEY_QUANTIZED,7376,7376.00,
OBSERVATION,OBS00453,total_fare,MONEY_QUANTIZED,8221,8221.00,
OBSERVATION,OBS00454,total_fare,MONEY_QUANTIZED,7117,7117.00,
OBSERVATION,OBS00455,total_fare,MONEY_QUANTIZED,5536,5536.00,
OBSERVATION,OBS00456,total_fare,MONEY_QUANTIZED,6411,6411.00,
OBSERVATION,OBS00457,total_fare,MONEY_QUANTIZED,5411,5411.00,
OBSERVATION,OBS00458,total_fare,MONEY_QUANTIZED,11517,11517.00,
OBSERVATION,OBS00459,total_fare,MONEY_QUANTIZED,11339,11339.00,
OBSERVATION,OBS00460,total_fare,MONEY_QUANTIZED,8439,8439.00,
OBSERVATION,OBS00461,total_fare,MONEY_QUANTIZED,8110,8110.00,
OBSERVATION,OBS00462,total_fare,MONEY_QUANTIZED,6553,6553.00,
OBSERVATION,OBS00463,total_fare,MONEY_QUANTIZED,7090,7090.00,
OBSERVATION,OBS00464,total_fare,MONEY_QUANTIZED,5684,5684.00,
OBSERVATION,OBS00465,total_fare,MONEY_QUANTIZED,6425,6425.00,
OBSERVATION,OBS00466,total_fare,MONEY_QUANTIZED,6629,6629.00,
OBSERVATION,OBS00467,source,UNKNOWN_VALUE_FLAGGED,EaseMyTrip,EaseMyTrip,
OBSERVATION,OBS00467,total_fare,MONEY_QUANTIZED,7602,7602.00,
OBSERVATION,OBS00468,total_fare,MONEY_QUANTIZED,4912,4912.00,
OBSERVATION,OBS00469,source,UNKNOWN_VALUE_FLAGGED,EaseMyTrip,EaseMyTrip,
OBSERVATION,OBS00469,total_fare,MONEY_QUANTIZED,4962,4962.00,
OBSERVATION,OBS00470,carrier,UNKNOWN_VALUE_FLAGGED,IX,IX,
OBSERVATION,OBS00470,total_fare,MONEY_QUANTIZED,11049,11049.00,
OBSERVATION,OBS00471,carrier,UNKNOWN_VALUE_FLAGGED,IX,IX,
OBSERVATION,OBS00471,total_fare,MONEY_QUANTIZED,11406,11406.00,
OBSERVATION,OBS00472,carrier,UNKNOWN_VALUE_FLAGGED,IX,IX,
OBSERVATION,OBS00472,source,UNKNOWN_VALUE_FLAGGED,EaseMyTrip,EaseMyTrip,
OBSERVATION,OBS00472,total_fare,MONEY_QUANTIZED,10722,10722.00,
OBSERVATION,OBS00473,carrier,UNKNOWN_VALUE_FLAGGED,IX,IX,
OBSERVATION,OBS00473,total_fare,MONEY_QUANTIZED,8913,8913.00,
OBSERVATION,OBS00474,carrier,UNKNOWN_VALUE_FLAGGED,IX,IX,
OBSERVATION,OBS00474,source,UNKNOWN_VALUE_FLAGGED,EaseMyTrip,EaseMyTrip,
OBSERVATION,OBS00474,total_fare,MONEY_QUANTIZED,5670,5670.00,
OBSERVATION,OBS00475,carrier,UNKNOWN_VALUE_FLAGGED,IX,IX,
OBSERVATION,OBS00475,total_fare,MONEY_QUANTIZED,6597,6597.00,
OBSERVATION,OBS00476,carrier,UNKNOWN_VALUE_FLAGGED,IX,IX,
OBSERVATION,OBS00476,source,UNKNOWN_VALUE_FLAGGED,EaseMyTrip,EaseMyTrip,
OBSERVATION,OBS00476,total_fare,MONEY_QUANTIZED,6408,6408.00,
OBSERVATION,OBS00477,carrier,UNKNOWN_VALUE_FLAGGED,IX,IX,
OBSERVATION,OBS00477,total_fare,MONEY_QUANTIZED,5138,5138.00,
OBSERVATION,OBS00478,carrier,UNKNOWN_VALUE_FLAGGED,IX,IX,
OBSERVATION,OBS00478,total_fare,MONEY_QUANTIZED,5186,5186.00,
OBSERVATION,OBS00479,carrier,UNKNOWN_VALUE_FLAGGED,IX,IX,
OBSERVATION,OBS00479,source,UNKNOWN_VALUE_FLAGGED,EaseMyTrip,EaseMyTrip,
OBSERVATION,OBS00479,total_fare,MONEY_QUANTIZED,8274,8274.00,
OBSERVATION,OBS00480,carrier,UNKNOWN_VALUE_FLAGGED,IX,IX,
OBSERVATION,OBS00480,total_fare,MONEY_QUANTIZED,7856,7856.00,
OBSERVATION,OBS00481,source,UNKNOWN_VALUE_FLAGGED,EaseMyTrip,EaseMyTrip,
OBSERVATION,OBS00481,total_fare,MONEY_QUANTIZED,7178,7178.00,
OBSERVATION,OBS00482,total_fare,MONEY_QUANTIZED,7030,7030.00,
OBSERVATION,OBS00483,total_fare,MONEY_QUANTIZED,10004,10004.00,
OBSERVATION,OBS00484,total_fare,MONEY_QUANTIZED,10473,10473.00,
OBSERVATION,OBS00485,source,UNKNOWN_VALUE_FLAGGED,EaseMyTrip,EaseMyTrip,
OBSERVATION,OBS00485,total_fare,MONEY_QUANTIZED,7401,7401.00,
OBSERVATION,OBS00486,total_fare,MONEY_QUANTIZED,5572,5572.00,
OBSERVATION,OBS00487,total_fare,MONEY_QUANTIZED,8267,8267.00,
OBSERVATION,OBS00488,total_fare,MONEY_QUANTIZED,8009,8009.00,
OBSERVATION,OBS00489,total_fare,MONEY_QUANTIZED,6730,6730.00,
OBSERVATION,OBS00490,total_fare,MONEY_QUANTIZED,6371,6371.00,
OBSERVATION,OBS00491,total_fare,MONEY_QUANTIZED,4954,4954.00,
OBSERVATION,OBS00492,total_fare,MONEY_QUANTIZED,7659,7659.00,
OBSERVATION,OBS00493,source,UNKNOWN_VALUE_FLAGGED,EaseMyTrip,EaseMyTrip,
OBSERVATION,OBS00493,total_fare,MONEY_QUANTIZED,8391,8391.00,
OBSERVATION,OBS00494,total_fare,MONEY_QUANTIZED,7409,7409.00,
OBSERVATION,OBS00495,total_fare,MONEY_QUANTIZED,6742,6742.00,
OBSERVATION,OBS00496,total_fare,MONEY_QUANTIZED,10195,10195.00,
OBSERVATION,OBS00497,total_fare,MONEY_QUANTIZED,10708,10708.00,
OBSERVATION,OBS00498,total_fare,MONEY_QUANTIZED,8520,8520.00,
OBSERVATION,OBS00499,total_fare,MONEY_QUANTIZED,6373,6373.00,
OBSERVATION,OBS00500,total_fare,MONEY_QUANTIZED,8236,8236.00,
OBSERVATION,OBS00501,total_fare,MONEY_QUANTIZED,7792,7792.00,
OBSERVATION,OBS00502,total_fare,MONEY_QUANTIZED,7894,7894.00,
OBSERVATION,OBS00503,total_fare,MONEY_QUANTIZED,7935,7935.00,
OBSERVATION,OBS00504,total_fare,MONEY_QUANTIZED,5124,5124.00,
OBSERVATION,OBS00505,total_fare,MONEY_QUANTIZED,4975,4975.00,
OBSERVATION,OBS00506,carrier,UNKNOWN_VALUE_FLAGGED,IX,IX,
OBSERVATION,OBS00506,total_fare,MONEY_QUANTIZED,7714,7714.00,
OBSERVATION,OBS00507,carrier,UNKNOWN_VALUE_FLAGGED,IX,IX,
OBSERVATION,OBS00507,total_fare,MONEY_QUANTIZED,7283,7283.00,
OBSERVATION,OBS00508,carrier,UNKNOWN_VALUE_FLAGGED,IX,IX,
OBSERVATION,OBS00508,total_fare,MONEY_QUANTIZED,9851,9851.00,
OBSERVATION,OBS00509,carrier,UNKNOWN_VALUE_FLAGGED,IX,IX,
OBSERVATION,OBS00509,total_fare,MONEY_QUANTIZED,9617,9617.00,
OBSERVATION,OBS00510,carrier,UNKNOWN_VALUE_FLAGGED,IX,IX,
OBSERVATION,OBS00510,total_fare,MONEY_QUANTIZED,10794,10794.00,
OBSERVATION,OBS00511,carrier,UNKNOWN_VALUE_FLAGGED,IX,IX,
OBSERVATION,OBS00511,total_fare,MONEY_QUANTIZED,7293,7293.00,
OBSERVATION,OBS00512,carrier,UNKNOWN_VALUE_FLAGGED,IX,IX,
OBSERVATION,OBS00512,total_fare,MONEY_QUANTIZED,7025,7025.00,
OBSERVATION,OBS00513,carrier,UNKNOWN_VALUE_FLAGGED,IX,IX,
OBSERVATION,OBS00513,total_fare,MONEY_QUANTIZED,5679,5679.00,
OBSERVATION,OBS00514,carrier,UNKNOWN_VALUE_FLAGGED,IX,IX,
OBSERVATION,OBS00514,total_fare,MONEY_QUANTIZED,5675,5675.00,
OBSERVATION,OBS00515,carrier,UNKNOWN_VALUE_FLAGGED,IX,IX,
OBSERVATION,OBS00515,source,UNKNOWN_VALUE_FLAGGED,EaseMyTrip,EaseMyTrip,
OBSERVATION,OBS00515,total_fare,MONEY_QUANTIZED,7681,7681.00,
OBSERVATION,OBS00516,carrier,UNKNOWN_VALUE_FLAGGED,IX,IX,
OBSERVATION,OBS00516,total_fare,MONEY_QUANTIZED,8139,8139.00,
OBSERVATION,OBS00517,carrier,UNKNOWN_VALUE_FLAGGED,IX,IX,
OBSERVATION,OBS00517,source,UNKNOWN_VALUE_FLAGGED,EaseMyTrip,EaseMyTrip,
OBSERVATION,OBS00517,total_fare,MONEY_QUANTIZED,4960,4960.00,
OBSERVATION,OBS00518,carrier,UNKNOWN_VALUE_FLAGGED,IX,IX,
OBSERVATION,OBS00518,total_fare,MONEY_QUANTIZED,6482,6482.00,
OBSERVATION,OBS00519,carrier,UNKNOWN_VALUE_FLAGGED,IX,IX,
OBSERVATION,OBS00519,total_fare,MONEY_QUANTIZED,5123,5123.00,
OBSERVATION,OBS00520,total_fare,MONEY_QUANTIZED,9147,9147.00,
OBSERVATION,OBS00521,total_fare,MONEY_QUANTIZED,6566,6566.00,
OBSERVATION,OBS00522,total_fare,MONEY_QUANTIZED,8487,8487.00,
OBSERVATION,OBS00523,total_fare,MONEY_QUANTIZED,8647,8647.00,
OBSERVATION,OBS00524,total_fare,MONEY_QUANTIZED,8237,8237.00,
OBSERVATION,OBS00525,source,UNKNOWN_VALUE_FLAGGED,EaseMyTrip,EaseMyTrip,
OBSERVATION,OBS00525,total_fare,MONEY_QUANTIZED,7732,7732.00,
OBSERVATION,OBS00526,total_fare,MONEY_QUANTIZED,11672,11672.00,
OBSERVATION,OBS00527,total_fare,MONEY_QUANTIZED,11744,11744.00,
OBSERVATION,OBS00528,total_fare,MONEY_QUANTIZED,9465,9465.00,
OBSERVATION,OBS00529,total_fare,MONEY_QUANTIZED,9349,9349.00,
OBSERVATION,OBS00530,source,UNKNOWN_VALUE_FLAGGED,EaseMyTrip,EaseMyTrip,
OBSERVATION,OBS00530,total_fare,MONEY_QUANTIZED,8237,8237.00,
OBSERVATION,OBS00531,total_fare,MONEY_QUANTIZED,6989,6989.00,
OBSERVATION,OBS00532,total_fare,MONEY_QUANTIZED,7249,7249.00,
OBSERVATION,OBS00533,total_fare,MONEY_QUANTIZED,7930,7930.00,
OBSERVATION,OBS00534,total_fare,MONEY_QUANTIZED,6902,6902.00,
OBSERVATION,OBS00535,total_fare,MONEY_QUANTIZED,7718,7718.00,
OBSERVATION,OBS00536,total_fare,MONEY_QUANTIZED,7319,7319.00,
OBSERVATION,OBS00537,total_fare,MONEY_QUANTIZED,7491,7491.00,
OBSERVATION,OBS00538,source,UNKNOWN_VALUE_FLAGGED,EaseMyTrip,EaseMyTrip,
OBSERVATION,OBS00538,total_fare,MONEY_QUANTIZED,8240,8240.00,
OBSERVATION,OBS00539,total_fare,MONEY_QUANTIZED,5805,5805.00,
OBSERVATION,OBS00540,total_fare,MONEY_QUANTIZED,5618,5618.00,
OBSERVATION,OBS00541,total_fare,MONEY_QUANTIZED,8210,8210.00,
OBSERVATION,OBS00542,source,UNKNOWN_VALUE_FLAGGED,EaseMyTrip,EaseMyTrip,
OBSERVATION,OBS00542,total_fare,MONEY_QUANTIZED,7958,7958.00,
OBSERVATION,OBS00543,total_fare,MONEY_QUANTIZED,6454,6454.00,
OBSERVATION,OBS00544,total_fare,MONEY_QUANTIZED,8097,8097.00,
OBSERVATION,OBS00545,total_fare,MONEY_QUANTIZED,8005,8005.00,
OBSERVATION,OBS00546,source,UNKNOWN_VALUE_FLAGGED,EaseMyTrip,EaseMyTrip,
OBSERVATION,OBS00546,total_fare,MONEY_QUANTIZED,9752,9752.00,
OBSERVATION,OBS00547,total_fare,MONEY_QUANTIZED,9555,9555.00,
OBSERVATION,OBS00548,total_fare,MONEY_QUANTIZED,10705,10705.00,
OBSERVATION,OBS00549,total_fare,MONEY_QUANTIZED,7435,7435.00,
OBSERVATION,OBS00550,total_fare,MONEY_QUANTIZED,9118,9118.00,
OBSERVATION,OBS00551,source,UNKNOWN_VALUE_FLAGGED,EaseMyTrip,EaseMyTrip,
OBSERVATION,OBS00551,total_fare,MONEY_QUANTIZED,7705,7705.00,
OBSERVATION,OBS00552,total_fare,MONEY_QUANTIZED,6681,6681.00,
OBSERVATION,OBS00553,total_fare,MONEY_QUANTIZED,8123,8123.00,
OBSERVATION,OBS00554,source,UNKNOWN_VALUE_FLAGGED,EaseMyTrip,EaseMyTrip,
OBSERVATION,OBS00554,total_fare,MONEY_QUANTIZED,8344,8344.00,
OBSERVATION,OBS00555,total_fare,MONEY_QUANTIZED,5363,5363.00,
OBSERVATION,OBS00556,total_fare,MONEY_QUANTIZED,11156,11156.00,
OBSERVATION,OBS00557,total_fare,MONEY_QUANTIZED,10454,10454.00,
OBSERVATION,OBS00558,total_fare,MONEY_QUANTIZED,10535,10535.00,
OBSERVATION,OBS00559,source,UNKNOWN_VALUE_FLAGGED,EaseMyTrip,EaseMyTrip,
OBSERVATION,OBS00559,total_fare,MONEY_QUANTIZED,5762,5762.00,
OBSERVATION,OBS00560,total_fare,MONEY_QUANTIZED,5661,5661.00,
OBSERVATION,OBS00561,source,UNKNOWN_VALUE_FLAGGED,EaseMyTrip,EaseMyTrip,
OBSERVATION,OBS00561,total_fare,MONEY_QUANTIZED,9068,9068.00,
OBSERVATION,OBS00562,total_fare,MONEY_QUANTIZED,9030,9030.00,
OBSERVATION,OBS00563,total_fare,MONEY_QUANTIZED,5346,5346.00,
OBSERVATION,OBS00564,total_fare,MONEY_QUANTIZED,6532,6532.00,
OBSERVATION,OBS00565,source,UNKNOWN_VALUE_FLAGGED,EaseMyTrip,EaseMyTrip,
OBSERVATION,OBS00565,total_fare,MONEY_QUANTIZED,6381,6381.00,
OBSERVATION,OBS00566,total_fare,MONEY_QUANTIZED,8144,8144.00,
OBSERVATION,OBS00567,total_fare,MONEY_QUANTIZED,5338,5338.00,
OBSERVATION,OBS00568,carrier,UNKNOWN_VALUE_FLAGGED,IX,IX,
OBSERVATION,OBS00568,total_fare,MONEY_QUANTIZED,9835,9835.00,
OBSERVATION,OBS00569,carrier,UNKNOWN_VALUE_FLAGGED,IX,IX,
OBSERVATION,OBS00569,source,UNKNOWN_VALUE_FLAGGED,EaseMyTrip,EaseMyTrip,
OBSERVATION,OBS00569,total_fare,MONEY_QUANTIZED,9166,9166.00,
OBSERVATION,OBS00570,carrier,UNKNOWN_VALUE_FLAGGED,IX,IX,
OBSERVATION,OBS00570,total_fare,MONEY_QUANTIZED,7229,7229.00,
OBSERVATION,OBS00571,carrier,UNKNOWN_VALUE_FLAGGED,IX,IX,
OBSERVATION,OBS00571,total_fare,MONEY_QUANTIZED,6562,6562.00,
OBSERVATION,OBS00572,carrier,UNKNOWN_VALUE_FLAGGED,IX,IX,
OBSERVATION,OBS00572,total_fare,MONEY_QUANTIZED,6739,6739.00,
OBSERVATION,OBS00573,carrier,UNKNOWN_VALUE_FLAGGED,IX,IX,
OBSERVATION,OBS00573,total_fare,MONEY_QUANTIZED,7345,7345.00,
OBSERVATION,OBS00574,carrier,UNKNOWN_VALUE_FLAGGED,IX,IX,
OBSERVATION,OBS00574,total_fare,MONEY_QUANTIZED,5281,5281.00,
OBSERVATION,OBS00575,carrier,UNKNOWN_VALUE_FLAGGED,IX,IX,
OBSERVATION,OBS00575,total_fare,MONEY_QUANTIZED,4973,4973.00,
OBSERVATION,OBS00576,carrier,UNKNOWN_VALUE_FLAGGED,IX,IX,
OBSERVATION,OBS00576,total_fare,MONEY_QUANTIZED,7707,7707.00,
OBSERVATION,OBS00577,carrier,UNKNOWN_VALUE_FLAGGED,IX,IX,
OBSERVATION,OBS00577,total_fare,MONEY_QUANTIZED,4992,4992.00,
OBSERVATION,OBS00578,carrier,UNKNOWN_VALUE_FLAGGED,IX,IX,
OBSERVATION,OBS00578,source,UNKNOWN_VALUE_FLAGGED,EaseMyTrip,EaseMyTrip,
OBSERVATION,OBS00578,total_fare,MONEY_QUANTIZED,6711,6711.00,
OBSERVATION,OBS00579,total_fare,MONEY_QUANTIZED,11717,11717.00,
OBSERVATION,OBS00580,total_fare,MONEY_QUANTIZED,7663,7663.00,
OBSERVATION,OBS00581,total_fare,MONEY_QUANTIZED,10158,10158.00,
OBSERVATION,OBS00582,total_fare,MONEY_QUANTIZED,10070,10070.00,
OBSERVATION,OBS00583,total_fare,MONEY_QUANTIZED,8600,8600.00,
OBSERVATION,OBS00584,total_fare,MONEY_QUANTIZED,8841,8841.00,
OBSERVATION,OBS00585,total_fare,MONEY_QUANTIZED,7897,7897.00,
OBSERVATION,OBS00586,source,UNKNOWN_VALUE_FLAGGED,EaseMyTrip,EaseMyTrip,
OBSERVATION,OBS00586,total_fare,MONEY_QUANTIZED,5120,5120.00,
OBSERVATION,OBS00587,total_fare,MONEY_QUANTIZED,5396,5396.00,
OBSERVATION,OBS00588,total_fare,MONEY_QUANTIZED,6703,6703.00,
OBSERVATION,OBS00589,total_fare,MONEY_QUANTIZED,6228,6228.00,
OBSERVATION,OBS00590,total_fare,MONEY_QUANTIZED,9902,9902.00,
OBSERVATION,OBS00591,total_fare,MONEY_QUANTIZED,10568,10568.00,
OBSERVATION,OBS00592,total_fare,MONEY_QUANTIZED,10493,10493.00,
OBSERVATION,OBS00593,total_fare,MONEY_QUANTIZED,8138,8138.00,
OBSERVATION,OBS00594,total_fare,MONEY_QUANTIZED,8670,8670.00,
OBSERVATION,OBS00595,total_fare,MONEY_QUANTIZED,8970,8970.00,
OBSERVATION,OBS00596,total_fare,MONEY_QUANTIZED,5016,5016.00,
OBSERVATION,OBS00597,total_fare,MONEY_QUANTIZED,6245,6245.00,
OBSERVATION,OBS00598,total_fare,MONEY_QUANTIZED,7139,7139.00,
OBSERVATION,OBS00599,source,UNKNOWN_VALUE_FLAGGED,EaseMyTrip,EaseMyTrip,
OBSERVATION,OBS00599,total_fare,MONEY_QUANTIZED,7588,7588.00,
OBSERVATION,OBS00600,total_fare,MONEY_QUANTIZED,6673,6673.00,
OBSERVATION,OBS00601,total_fare,MONEY_QUANTIZED,6844,6844.00,
OBSERVATION,OBS00602,source,UNKNOWN_VALUE_FLAGGED,EaseMyTrip,EaseMyTrip,
OBSERVATION,OBS00602,total_fare,MONEY_QUANTIZED,6967,6967.00,
OBSERVATION,OBS00603,total_fare,MONEY_QUANTIZED,6966,6966.00,
OBSERVATION,OBS00604,source,UNKNOWN_VALUE_FLAGGED,EaseMyTrip,EaseMyTrip,
OBSERVATION,OBS00604,total_fare,MONEY_QUANTIZED,4859,4859.00,
OBSERVATION,OBS00605,total_fare,MONEY_QUANTIZED,8024,8024.00,
OBSERVATION,OBS00606,source,UNKNOWN_VALUE_FLAGGED,EaseMyTrip,EaseMyTrip,
OBSERVATION,OBS00606,total_fare,MONEY_QUANTIZED,5335,5335.00,
OBSERVATION,OBS00607,total_fare,MONEY_QUANTIZED,9866,9866.00,
OBSERVATION,OBS00608,source,UNKNOWN_VALUE_FLAGGED,EaseMyTrip,EaseMyTrip,
OBSERVATION,OBS00608,total_fare,MONEY_QUANTIZED,6719,6719.00,
OBSERVATION,OBS00609,total_fare,MONEY_QUANTIZED,8719,8719.00,
OBSERVATION,OBS00610,total_fare,MONEY_QUANTIZED,5461,5461.00,
OBSERVATION,OBS00611,source,UNKNOWN_VALUE_FLAGGED,EaseMyTrip,EaseMyTrip,
OBSERVATION,OBS00611,total_fare,MONEY_QUANTIZED,5358,5358.00,
OBSERVATION,OBS00612,source,UNKNOWN_VALUE_FLAGGED,EaseMyTrip,EaseMyTrip,
OBSERVATION,OBS00612,total_fare,MONEY_QUANTIZED,7368,7368.00,
OBSERVATION,OBS00613,total_fare,MONEY_QUANTIZED,7254,7254.00,
OBSERVATION,OBS00614,total_fare,MONEY_QUANTIZED,5320,5320.00,
OBSERVATION,OBS00615,source,UNKNOWN_VALUE_FLAGGED,EaseMyTrip,EaseMyTrip,
OBSERVATION,OBS00615,total_fare,MONEY_QUANTIZED,7847,7847.00,
OBSERVATION,OBS00616,total_fare,MONEY_QUANTIZED,5141,5141.00,
OBSERVATION,OBS00617,total_fare,MONEY_QUANTIZED,5065,5065.00,
OBSERVATION,OBS00618,total_fare,MONEY_QUANTIZED,6296,6296.00,
OBSERVATION,OBS00619,total_fare,MONEY_QUANTIZED,11592,11592.00,
OBSERVATION,OBS00620,source,UNKNOWN_VALUE_FLAGGED,EaseMyTrip,EaseMyTrip,
OBSERVATION,OBS00620,total_fare,MONEY_QUANTIZED,11126,11126.00,
OBSERVATION,OBS00621,total_fare,MONEY_QUANTIZED,9601,9601.00,
OBSERVATION,OBS00622,total_fare,MONEY_QUANTIZED,8683,8683.00,
OBSERVATION,OBS00623,total_fare,MONEY_QUANTIZED,8365,8365.00,
OBSERVATION,OBS00624,total_fare,MONEY_QUANTIZED,5859,5859.00,
OBSERVATION,OBS00625,total_fare,MONEY_QUANTIZED,5131,5131.00,
OBSERVATION,OBS00626,total_fare,MONEY_QUANTIZED,5060,5060.00,
OBSERVATION,OBS00627,total_fare,MONEY_QUANTIZED,6367,6367.00,
OBSERVATION,OBS00628,total_fare,MONEY_QUANTIZED,7559,7559.00,
OBSERVATION,OBS00629,total_fare,MONEY_QUANTIZED,7284,7284.00,
OBSERVATION,OBS00630,total_fare,MONEY_QUANTIZED,8860,8860.00,
OBSERVATION,OBS00631,total_fare,MONEY_QUANTIZED,6603,6603.00,
OBSERVATION,OBS00632,total_fare,MONEY_QUANTIZED,5485,5485.00,
OBSERVATION,OBS00633,total_fare,MONEY_QUANTIZED,8373,8373.00,
OBSERVATION,OBS00634,source,UNKNOWN_VALUE_FLAGGED,EaseMyTrip,EaseMyTrip,
OBSERVATION,OBS00634,total_fare,MONEY_QUANTIZED,8360,8360.00,
OBSERVATION,OBS00635,total_fare,MONEY_QUANTIZED,5356,5356.00,
OBSERVATION,OBS00636,total_fare,MONEY_QUANTIZED,5396,5396.00,
OBSERVATION,OBS00637,total_fare,MONEY_QUANTIZED,5345,5345.00,
OBSERVATION,OBS00638,total_fare,MONEY_QUANTIZED,7173,7173.00,
OBSERVATION,OBS00639,total_fare,MONEY_QUANTIZED,7276,7276.00,
OBSERVATION,OBS00640,total_fare,MONEY_QUANTIZED,9638,9638.00,
OBSERVATION,OBS00641,total_fare,MONEY_QUANTIZED,10793,10793.00,
OBSERVATION,OBS00642,source,UNKNOWN_VALUE_FLAGGED,EaseMyTrip,EaseMyTrip,
OBSERVATION,OBS00642,total_fare,MONEY_QUANTIZED,9931,9931.00,
OBSERVATION,OBS00643,source,UNKNOWN_VALUE_FLAGGED,EaseMyTrip,EaseMyTrip,
OBSERVATION,OBS00643,total_fare,MONEY_QUANTIZED,5569,5569.00,
OBSERVATION,OBS00644,total_fare,MONEY_QUANTIZED,7427,7427.00,
OBSERVATION,OBS00645,source,UNKNOWN_VALUE_FLAGGED,EaseMyTrip,EaseMyTrip,
OBSERVATION,OBS00645,total_fare,MONEY_QUANTIZED,7899,7899.00,
OBSERVATION,OBS00646,total_fare,MONEY_QUANTIZED,7697,7697.00,
OBSERVATION,OBS00647,total_fare,MONEY_QUANTIZED,6838,6838.00,
OBSERVATION,OBS00648,source,UNKNOWN_VALUE_FLAGGED,EaseMyTrip,EaseMyTrip,
OBSERVATION,OBS00648,total_fare,MONEY_QUANTIZED,6838,6838.00,
OBSERVATION,OBS00649,total_fare,MONEY_QUANTIZED,6395,6395.00,
OBSERVATION,OBS00650,source,UNKNOWN_VALUE_FLAGGED,EaseMyTrip,EaseMyTrip,
OBSERVATION,OBS00650,total_fare,MONEY_QUANTIZED,11977,11977.00,
OBSERVATION,OBS00651,total_fare,MONEY_QUANTIZED,7218,7218.00,
OBSERVATION,OBS00652,source,UNKNOWN_VALUE_FLAGGED,EaseMyTrip,EaseMyTrip,
OBSERVATION,OBS00652,total_fare,MONEY_QUANTIZED,7628,7628.00,
OBSERVATION,OBS00653,source,UNKNOWN_VALUE_FLAGGED,EaseMyTrip,EaseMyTrip,
OBSERVATION,OBS00653,total_fare,MONEY_QUANTIZED,10410,10410.00,
OBSERVATION,OBS00654,total_fare,MONEY_QUANTIZED,10747,10747.00,
OBSERVATION,OBS00655,total_fare,MONEY_QUANTIZED,5464,5464.00,
OBSERVATION,OBS00656,total_fare,MONEY_QUANTIZED,7198,7198.00,
OBSERVATION,OBS00657,total_fare,MONEY_QUANTIZED,8185,8185.00,
OBSERVATION,OBS00658,total_fare,MONEY_QUANTIZED,4951,4951.00,
OBSERVATION,OBS00659,total_fare,MONEY_QUANTIZED,8205,8205.00,
OBSERVATION,OBS00660,total_fare,MONEY_QUANTIZED,8083,8083.00,
OBSERVATION,OBS00661,total_fare,MONEY_QUANTIZED,9782,9782.00,
OBSERVATION,OBS00662,total_fare,MONEY_QUANTIZED,7259,7259.00,
OBSERVATION,OBS00663,total_fare,MONEY_QUANTIZED,7664,7664.00,
OBSERVATION,OBS00664,total_fare,MONEY_QUANTIZED,10657,10657.00,
OBSERVATION,OBS00665,source,UNKNOWN_VALUE_FLAGGED,EaseMyTrip,EaseMyTrip,
OBSERVATION,OBS00665,total_fare,MONEY_QUANTIZED,8253,8253.00,
OBSERVATION,OBS00666,total_fare,MONEY_QUANTIZED,8915,8915.00,
OBSERVATION,OBS00667,total_fare,MONEY_QUANTIZED,8445,8445.00,
OBSERVATION,OBS00668,total_fare,MONEY_QUANTIZED,6791,6791.00,
OBSERVATION,OBS00669,total_fare,MONEY_QUANTIZED,6552,6552.00,
OBSERVATION,OBS00670,total_fare,MONEY_QUANTIZED,4985,4985.00,
OBSERVATION,OBS00671,total_fare,MONEY_QUANTIZED,7776,7776.00,
OBSERVATION,OBS00672,source,UNKNOWN_VALUE_FLAGGED,EaseMyTrip,EaseMyTrip,
OBSERVATION,OBS00672,total_fare,MONEY_QUANTIZED,7433,7433.00,
OBSERVATION,OBS00673,total_fare,MONEY_QUANTIZED,10718,10718.00,
OBSERVATION,OBS00674,total_fare,MONEY_QUANTIZED,8426,8426.00,
OBSERVATION,OBS00675,total_fare,MONEY_QUANTIZED,5600,5600.00,
OBSERVATION,OBS00676,source,UNKNOWN_VALUE_FLAGGED,EaseMyTrip,EaseMyTrip,
OBSERVATION,OBS00676,total_fare,MONEY_QUANTIZED,5422,5422.00,
OBSERVATION,OBS00677,total_fare,MONEY_QUANTIZED,7345,7345.00,
OBSERVATION,OBS00678,total_fare,MONEY_QUANTIZED,7699,7699.00,
OBSERVATION,OBS00679,total_fare,MONEY_QUANTIZED,7855,7855.00,
OBSERVATION,OBS00680,source,UNKNOWN_VALUE_FLAGGED,EaseMyTrip,EaseMyTrip,
OBSERVATION,OBS00680,total_fare,MONEY_QUANTIZED,5235,5235.00,
OBSERVATION,OBS00681,total_fare,MONEY_QUANTIZED,4976,4976.00,
OBSERVATION,OBS00682,total_fare,MONEY_QUANTIZED,7937,7937.00,
OBSERVATION,OBS00683,total_fare,MONEY_QUANTIZED,6842,6842.00,
OBSERVATION,OBS00684,total_fare,MONEY_QUANTIZED,7171,7171.00,
OBSERVATION,OBS00685,total_fare,MONEY_QUANTIZED,11944,11944.00,
OBSERVATION,OBS00686,total_fare,MONEY_QUANTIZED,8285,8285.00,
OBSERVATION,OBS00687,total_fare,MONEY_QUANTIZED,8439,8439.00,
OBSERVATION,OBS00688,total_fare,MONEY_QUANTIZED,10315,10315.00,
OBSERVATION,OBS00689,total_fare,MONEY_QUANTIZED,7356,7356.00,
OBSERVATION,OBS00690,source,UNKNOWN_VALUE_FLAGGED,EaseMyTrip,EaseMyTrip,
OBSERVATION,OBS00690,total_fare,MONEY_QUANTIZED,8433,8433.00,
OBSERVATION,OBS00691,total_fare,MONEY_QUANTIZED,7754,7754.00,
OBSERVATION,OBS00692,source,UNKNOWN_VALUE_FLAGGED,EaseMyTrip,EaseMyTrip,
OBSERVATION,OBS00692,total_fare,MONEY_QUANTIZED,7947,7947.00,
OBSERVATION,OBS00693,total_fare,MONEY_QUANTIZED,7884,7884.00,
OBSERVATION,OBS00694,total_fare,MONEY_QUANTIZED,6902,6902.00,
OBSERVATION,OBS00695,total_fare,MONEY_QUANTIZED,7169,7169.00,
OBSERVATION,OBS00696,total_fare,MONEY_QUANTIZED,10713,10713.00,
OBSERVATION,OBS00697,source,UNKNOWN_VALUE_FLAGGED,EaseMyTrip,EaseMyTrip,
OBSERVATION,OBS00697,total_fare,MONEY_QUANTIZED,10143,10143.00,
OBSERVATION,OBS00698,source,UNKNOWN_VALUE_FLAGGED,EaseMyTrip,EaseMyTrip,
OBSERVATION,OBS00698,total_fare,MONEY_QUANTIZED,7529,7529.00,
OBSERVATION,OBS00699,total_fare,MONEY_QUANTIZED,7150,7150.00,
OBSERVATION,OBS00700,total_fare,MONEY_QUANTIZED,5239,5239.00,
OBSERVATION,OBS00701,total_fare,MONEY_QUANTIZED,6576,6576.00,
OBSERVATION,OBS00702,total_fare,MONEY_QUANTIZED,8186,8186.00,
OBSERVATION,OBS00703,total_fare,MONEY_QUANTIZED,8051,8051.00,
OBSERVATION,OBS00704,total_fare,MONEY_QUANTIZED,6574,6574.00,
OBSERVATION,OBS00705,total_fare,MONEY_QUANTIZED,7585,7585.00,
OBSERVATION,OBS00706,total_fare,MONEY_QUANTIZED,7644,7644.00,
OBSERVATION,OBS00707,total_fare,MONEY_QUANTIZED,9309,9309.00,
OBSERVATION,OBS00708,source,UNKNOWN_VALUE_FLAGGED,EaseMyTrip,EaseMyTrip,
OBSERVATION,OBS00708,total_fare,MONEY_QUANTIZED,9763,9763.00,
OBSERVATION,OBS00709,total_fare,MONEY_QUANTIZED,6539,6539.00,
OBSERVATION,OBS00710,total_fare,MONEY_QUANTIZED,6675,6675.00,
OBSERVATION,OBS00711,total_fare,MONEY_QUANTIZED,7449,7449.00,
OBSERVATION,OBS00712,total_fare,MONEY_QUANTIZED,5289,5289.00,
OBSERVATION,OBS00713,source,UNKNOWN_VALUE_FLAGGED,EaseMyTrip,EaseMyTrip,
OBSERVATION,OBS00713,total_fare,MONEY_QUANTIZED,8261,8261.00,
OBSERVATION,OBS00714,total_fare,MONEY_QUANTIZED,5062,5062.00,
OBSERVATION,OBS00715,total_fare,MONEY_QUANTIZED,9390,9390.00,
OBSERVATION,OBS00716,total_fare,MONEY_QUANTIZED,10296,10296.00,
OBSERVATION,OBS00717,total_fare,MONEY_QUANTIZED,6713,6713.00,
OBSERVATION,OBS00718,total_fare,MONEY_QUANTIZED,6557,6557.00,
OBSERVATION,OBS00719,total_fare,MONEY_QUANTIZED,6964,6964.00,
OBSERVATION,OBS00720,total_fare,MONEY_QUANTIZED,5071,5071.00,
OBSERVATION,OBS00721,total_fare,MONEY_QUANTIZED,8307,8307.00,
OBSERVATION,OBS00722,carrier,UNKNOWN_VALUE_FLAGGED,IX,IX,
OBSERVATION,OBS00722,source,UNKNOWN_VALUE_FLAGGED,EaseMyTrip,EaseMyTrip,
OBSERVATION,OBS00722,total_fare,MONEY_QUANTIZED,7560,7560.00,
OBSERVATION,OBS00723,carrier,UNKNOWN_VALUE_FLAGGED,IX,IX,
OBSERVATION,OBS00723,total_fare,MONEY_QUANTIZED,7383,7383.00,
OBSERVATION,OBS00724,carrier,UNKNOWN_VALUE_FLAGGED,IX,IX,
OBSERVATION,OBS00724,total_fare,MONEY_QUANTIZED,8402,8402.00,
OBSERVATION,OBS00725,carrier,UNKNOWN_VALUE_FLAGGED,IX,IX,
OBSERVATION,OBS00725,source,UNKNOWN_VALUE_FLAGGED,EaseMyTrip,EaseMyTrip,
OBSERVATION,OBS00725,total_fare,MONEY_QUANTIZED,9877,9877.00,
OBSERVATION,OBS00726,carrier,UNKNOWN_VALUE_FLAGGED,IX,IX,
OBSERVATION,OBS00726,total_fare,MONEY_QUANTIZED,10488,10488.00,
OBSERVATION,OBS00727,carrier,UNKNOWN_VALUE_FLAGGED,IX,IX,
OBSERVATION,OBS00727,total_fare,MONEY_QUANTIZED,7571,7571.00,
OBSERVATION,OBS00728,carrier,UNKNOWN_VALUE_FLAGGED,IX,IX,
OBSERVATION,OBS00728,total_fare,MONEY_QUANTIZED,7483,7483.00,
OBSERVATION,OBS00729,carrier,UNKNOWN_VALUE_FLAGGED,IX,IX,
OBSERVATION,OBS00729,total_fare,MONEY_QUANTIZED,5635,5635.00,
OBSERVATION,OBS00730,carrier,UNKNOWN_VALUE_FLAGGED,IX,IX,
OBSERVATION,OBS00730,source,UNKNOWN_VALUE_FLAGGED,EaseMyTrip,EaseMyTrip,
OBSERVATION,OBS00730,total_fare,MONEY_QUANTIZED,5924,5924.00,
OBSERVATION,OBS00731,carrier,UNKNOWN_VALUE_FLAGGED,IX,IX,
OBSERVATION,OBS00731,total_fare,MONEY_QUANTIZED,8137,8137.00,
OBSERVATION,OBS00732,carrier,UNKNOWN_VALUE_FLAGGED,IX,IX,
OBSERVATION,OBS00732,total_fare,MONEY_QUANTIZED,6465,6465.00,
OBSERVATION,OBS00733,carrier,UNKNOWN_VALUE_FLAGGED,IX,IX,
OBSERVATION,OBS00733,source,UNKNOWN_VALUE_FLAGGED,EaseMyTrip,EaseMyTrip,
OBSERVATION,OBS00733,total_fare,MONEY_QUANTIZED,6689,6689.00,
OBSERVATION,OBS00734,carrier,UNKNOWN_VALUE_FLAGGED,IX,IX,
OBSERVATION,OBS00734,source,UNKNOWN_VALUE_FLAGGED,EaseMyTrip,EaseMyTrip,
OBSERVATION,OBS00734,total_fare,MONEY_QUANTIZED,6704,6704.00,
OBSERVATION,OBS00735,source,UNKNOWN_VALUE_FLAGGED,EaseMyTrip,EaseMyTrip,
OBSERVATION,OBS00735,total_fare,MONEY_QUANTIZED,11146,11146.00,
OBSERVATION,OBS00736,total_fare,MONEY_QUANTIZED,9740,9740.00,
OBSERVATION,OBS00737,total_fare,MONEY_QUANTIZED,9695,9695.00,
OBSERVATION,OBS00738,total_fare,MONEY_QUANTIZED,10095,10095.00,
OBSERVATION,OBS00739,total_fare,MONEY_QUANTIZED,6503,6503.00,
OBSERVATION,OBS00740,source,UNKNOWN_VALUE_FLAGGED,EaseMyTrip,EaseMyTrip,
OBSERVATION,OBS00740,total_fare,MONEY_QUANTIZED,6584,6584.00,
OBSERVATION,OBS00741,total_fare,MONEY_QUANTIZED,5886,5886.00,
OBSERVATION,OBS00742,total_fare,MONEY_QUANTIZED,5702,5702.00,
OBSERVATION,OBS00743,total_fare,MONEY_QUANTIZED,8461,8461.00,
OBSERVATION,OBS00744,total_fare,MONEY_QUANTIZED,6787,6787.00,
OBSERVATION,OBS00745,total_fare,MONEY_QUANTIZED,7856,7856.00,
OBSERVATION,OBS00746,total_fare,MONEY_QUANTIZED,7810,7810.00,
OBSERVATION,OBS00747,total_fare,MONEY_QUANTIZED,5247,5247.00,
OBSERVATION,OBS00748,total_fare,MONEY_QUANTIZED,11506,11506.00,
OBSERVATION,OBS00749,source,UNKNOWN_VALUE_FLAGGED,EaseMyTrip,EaseMyTrip,
OBSERVATION,OBS00749,total_fare,MONEY_QUANTIZED,11374,11374.00,
OBSERVATION,OBS00750,total_fare,MONEY_QUANTIZED,10686,10686.00,
OBSERVATION,OBS00751,total_fare,MONEY_QUANTIZED,10012,10012.00,
OBSERVATION,OBS00752,total_fare,MONEY_QUANTIZED,5490,5490.00,
OBSERVATION,OBS00753,total_fare,MONEY_QUANTIZED,5674,5674.00,
OBSERVATION,OBS00754,total_fare,MONEY_QUANTIZED,5319,5319.00,
OBSERVATION,OBS00755,total_fare,MONEY_QUANTIZED,5197,5197.00,
OBSERVATION,OBS00756,total_fare,MONEY_QUANTIZED,6402,6402.00,
OBSERVATION,OBS00757,total_fare,MONEY_QUANTIZED,6249,6249.00,
OBSERVATION,OBS00758,carrier,UNKNOWN_VALUE_FLAGGED,IX,IX,
OBSERVATION,OBS00758,source,UNKNOWN_VALUE_FLAGGED,EaseMyTrip,EaseMyTrip,
OBSERVATION,OBS00758,total_fare,MONEY_QUANTIZED,7362,7362.00,
OBSERVATION,OBS00759,carrier,UNKNOWN_VALUE_FLAGGED,IX,IX,
OBSERVATION,OBS00759,total_fare,MONEY_QUANTIZED,10420,10420.00,
OBSERVATION,OBS00760,carrier,UNKNOWN_VALUE_FLAGGED,IX,IX,
OBSERVATION,OBS00760,total_fare,MONEY_QUANTIZED,10490,10490.00,
OBSERVATION,OBS00761,carrier,UNKNOWN_VALUE_FLAGGED,IX,IX,
OBSERVATION,OBS00761,total_fare,MONEY_QUANTIZED,6633,6633.00,
OBSERVATION,OBS00762,carrier,UNKNOWN_VALUE_FLAGGED,IX,IX,
OBSERVATION,OBS00762,total_fare,MONEY_QUANTIZED,8500,8500.00,
OBSERVATION,OBS00763,carrier,UNKNOWN_VALUE_FLAGGED,IX,IX,
OBSERVATION,OBS00763,total_fare,MONEY_QUANTIZED,8582,8582.00,
OBSERVATION,OBS00764,carrier,UNKNOWN_VALUE_FLAGGED,IX,IX,
OBSERVATION,OBS00764,total_fare,MONEY_QUANTIZED,7797,7797.00,
OBSERVATION,OBS00765,carrier,UNKNOWN_VALUE_FLAGGED,IX,IX,
OBSERVATION,OBS00765,source,UNKNOWN_VALUE_FLAGGED,EaseMyTrip,EaseMyTrip,
OBSERVATION,OBS00765,total_fare,MONEY_QUANTIZED,8065,8065.00,
OBSERVATION,OBS00766,carrier,UNKNOWN_VALUE_FLAGGED,IX,IX,
OBSERVATION,OBS00766,total_fare,MONEY_QUANTIZED,5290,5290.00,
OBSERVATION,OBS00767,carrier,UNKNOWN_VALUE_FLAGGED,IX,IX,
OBSERVATION,OBS00767,total_fare,MONEY_QUANTIZED,8024,8024.00,
OBSERVATION,OBS00768,carrier,UNKNOWN_VALUE_FLAGGED,IX,IX,
OBSERVATION,OBS00768,total_fare,MONEY_QUANTIZED,8192,8192.00,
OBSERVATION,OBS00769,carrier,UNKNOWN_VALUE_FLAGGED,IX,IX,
OBSERVATION,OBS00769,total_fare,MONEY_QUANTIZED,6225,6225.00,
OBSERVATION,OBS00770,carrier,UNKNOWN_VALUE_FLAGGED,IX,IX,
OBSERVATION,OBS00770,total_fare,MONEY_QUANTIZED,6895,6895.00,
OBSERVATION,OBS00771,total_fare,MONEY_QUANTIZED,7669,7669.00,
OBSERVATION,OBS00772,total_fare,MONEY_QUANTIZED,11466,11466.00,
OBSERVATION,OBS00773,source,UNKNOWN_VALUE_FLAGGED,EaseMyTrip,EaseMyTrip,
OBSERVATION,OBS00773,total_fare,MONEY_QUANTIZED,11859,11859.00,
OBSERVATION,OBS00774,total_fare,MONEY_QUANTIZED,8758,8758.00,
OBSERVATION,OBS00775,source,UNKNOWN_VALUE_FLAGGED,EaseMyTrip,EaseMyTrip,
OBSERVATION,OBS00775,total_fare,MONEY_QUANTIZED,8080,8080.00,
OBSERVATION,OBS00776,total_fare,MONEY_QUANTIZED,10262,10262.00,
OBSERVATION,OBS00777,total_fare,MONEY_QUANTIZED,8501,8501.00,
OBSERVATION,OBS00778,total_fare,MONEY_QUANTIZED,9198,9198.00,
OBSERVATION,OBS00779,total_fare,MONEY_QUANTIZED,5707,5707.00,
OBSERVATION,OBS00780,source,UNKNOWN_VALUE_FLAGGED,EaseMyTrip,EaseMyTrip,
OBSERVATION,OBS00780,total_fare,MONEY_QUANTIZED,5395,5395.00,
OBSERVATION,OBS00781,source,UNKNOWN_VALUE_FLAGGED,EaseMyTrip,EaseMyTrip,
OBSERVATION,OBS00781,total_fare,MONEY_QUANTIZED,5335,5335.00,
OBSERVATION,OBS00782,total_fare,MONEY_QUANTIZED,5027,5027.00,
OBSERVATION,OBS00783,total_fare,MONEY_QUANTIZED,8293,8293.00,
OBSERVATION,OBS00784,total_fare,MONEY_QUANTIZED,4940,4940.00,
OBSERVATION,OBS00785,total_fare,MONEY_QUANTIZED,4964,4964.00,
OBSERVATION,OBS00786,source,UNKNOWN_VALUE_FLAGGED,EaseMyTrip,EaseMyTrip,
OBSERVATION,OBS00786,total_fare,MONEY_QUANTIZED,11449,11449.00,
OBSERVATION,OBS00787,total_fare,MONEY_QUANTIZED,11565,11565.00,
OBSERVATION,OBS00788,total_fare,MONEY_QUANTIZED,10491,10491.00,
OBSERVATION,OBS00789,total_fare,MONEY_QUANTIZED,7104,7104.00,
OBSERVATION,OBS00790,total_fare,MONEY_QUANTIZED,5714,5714.00,
OBSERVATION,OBS00791,total_fare,MONEY_QUANTIZED,5574,5574.00,
OBSERVATION,OBS00792,source,UNKNOWN_VALUE_FLAGGED,EaseMyTrip,EaseMyTrip,
OBSERVATION,OBS00792,total_fare,MONEY_QUANTIZED,6354,6354.00,
OBSERVATION,OBS00793,total_fare,MONEY_QUANTIZED,6502,6502.00,
OBSERVATION,OBS00794,total_fare,MONEY_QUANTIZED,7997,7997.00,
OBSERVATION,OBS00795,total_fare,MONEY_QUANTIZED,5351,5351.00,
OBSERVATION,OBS00796,total_fare,MONEY_QUANTIZED,11893,11893.00,
OBSERVATION,OBS00797,source,UNKNOWN_VALUE_FLAGGED,EaseMyTrip,EaseMyTrip,
OBSERVATION,OBS00797,total_fare,MONEY_QUANTIZED,11944,11944.00,
OBSERVATION,OBS00798,total_fare,MONEY_QUANTIZED,7101,7101.00,
OBSERVATION,OBS00799,total_fare,MONEY_QUANTIZED,7051,7051.00,
OBSERVATION,OBS00800,total_fare,MONEY_QUANTIZED,10807,10807.00,
OBSERVATION,OBS00801,total_fare,MONEY_QUANTIZED,8241,8241.00,
OBSERVATION,OBS00802,total_fare,MONEY_QUANTIZED,5471,5471.00,
OBSERVATION,OBS00803,source,UNKNOWN_VALUE_FLAGGED,EaseMyTrip,EaseMyTrip,
OBSERVATION,OBS00803,total_fare,MONEY_QUANTIZED,4999,4999.00,
OBSERVATION,OBS00804,source,UNKNOWN_VALUE_FLAGGED,EaseMyTrip,EaseMyTrip,
OBSERVATION,OBS00804,total_fare,MONEY_QUANTIZED,6831,6831.00,
OBSERVATION,OBS00805,total_fare,MONEY_QUANTIZED,6555,6555.00,
OBSERVATION,OBS00806,source,UNKNOWN_VALUE_FLAGGED,EaseMyTrip,EaseMyTrip,
OBSERVATION,OBS00806,total_fare,MONEY_QUANTIZED,7732,7732.00,
OBSERVATION,OBS00807,total_fare,MONEY_QUANTIZED,6736,6736.00,
OBSERVATION,OBS00808,source,UNKNOWN_VALUE_FLAGGED,EaseMyTrip,EaseMyTrip,
OBSERVATION,OBS00808,total_fare,MONEY_QUANTIZED,11300,11300.00,
OBSERVATION,OBS00809,total_fare,MONEY_QUANTIZED,12117,12117.00,
OBSERVATION,OBS00810,total_fare,MONEY_QUANTIZED,9451,9451.00,
OBSERVATION,OBS00811,total_fare,MONEY_QUANTIZED,10082,10082.00,
OBSERVATION,OBS00812,total_fare,MONEY_QUANTIZED,8520,8520.00,
OBSERVATION,OBS00813,source,UNKNOWN_VALUE_FLAGGED,EaseMyTrip,EaseMyTrip,
OBSERVATION,OBS00813,total_fare,MONEY_QUANTIZED,8691,8691.00,
OBSERVATION,OBS00814,total_fare,MONEY_QUANTIZED,8772,8772.00,
OBSERVATION,OBS00815,total_fare,MONEY_QUANTIZED,8650,8650.00,
OBSERVATION,OBS00816,total_fare,MONEY_QUANTIZED,7036,7036.00,
OBSERVATION,OBS00817,total_fare,MONEY_QUANTIZED,8165,8165.00,
OBSERVATION,OBS00818,source,UNKNOWN_VALUE_FLAGGED,EaseMyTrip,EaseMyTrip,
OBSERVATION,OBS00818,total_fare,MONEY_QUANTIZED,6317,6317.00,
OBSERVATION,OBS00819,source,UNKNOWN_VALUE_FLAGGED,EaseMyTrip,EaseMyTrip,
OBSERVATION,OBS00819,total_fare,MONEY_QUANTIZED,7980,7980.00,
OBSERVATION,OBS00820,total_fare,MONEY_QUANTIZED,12071,12071.00,
OBSERVATION,OBS00821,source,UNKNOWN_VALUE_FLAGGED,EaseMyTrip,EaseMyTrip,
OBSERVATION,OBS00821,total_fare,MONEY_QUANTIZED,12032,12032.00,
OBSERVATION,OBS00822,total_fare,MONEY_QUANTIZED,7225,7225.00,
OBSERVATION,OBS00823,source,UNKNOWN_VALUE_FLAGGED,EaseMyTrip,EaseMyTrip,
OBSERVATION,OBS00823,total_fare,MONEY_QUANTIZED,10625,10625.00,
OBSERVATION,OBS00824,total_fare,MONEY_QUANTIZED,10137,10137.00,
OBSERVATION,OBS00825,source,UNKNOWN_VALUE_FLAGGED,EaseMyTrip,EaseMyTrip,
OBSERVATION,OBS00825,total_fare,MONEY_QUANTIZED,5398,5398.00,
OBSERVATION,OBS00826,total_fare,MONEY_QUANTIZED,6639,6639.00,
OBSERVATION,OBS00827,total_fare,MONEY_QUANTIZED,7960,7960.00,
OBSERVATION,OBS00828,source,UNKNOWN_VALUE_FLAGGED,EaseMyTrip,EaseMyTrip,
OBSERVATION,OBS00828,total_fare,MONEY_QUANTIZED,5341,5341.00,
OBSERVATION,OBS00829,total_fare,MONEY_QUANTIZED,5326,5326.00,
OBSERVATION,OBS00830,total_fare,MONEY_QUANTIZED,11554,11554.00,
OBSERVATION,OBS00831,source,UNKNOWN_VALUE_FLAGGED,EaseMyTrip,EaseMyTrip,
OBSERVATION,OBS00831,total_fare,MONEY_QUANTIZED,9217,9217.00,
OBSERVATION,OBS00832,total_fare,MONEY_QUANTIZED,6763,6763.00,
OBSERVATION,OBS00833,total_fare,MONEY_QUANTIZED,8939,8939.00,
OBSERVATION,OBS00834,total_fare,MONEY_QUANTIZED,8592,8592.00,
OBSERVATION,OBS00835,total_fare,MONEY_QUANTIZED,5927,5927.00,
OBSERVATION,OBS00836,total_fare,MONEY_QUANTIZED,5855,5855.00,
OBSERVATION,OBS00837,total_fare,MONEY_QUANTIZED,7977,7977.00,
OBSERVATION,OBS00838,total_fare,MONEY_QUANTIZED,8140,8140.00,
OBSERVATION,OBS00839,total_fare,MONEY_QUANTIZED,8296,8296.00,
OBSERVATION,OBS00840,total_fare,MONEY_QUANTIZED,7826,7826.00,
OBSERVATION,OBS00841,total_fare,MONEY_QUANTIZED,6937,6937.00,
OBSERVATION,OBS00842,total_fare,MONEY_QUANTIZED,11718,11718.00,
OBSERVATION,OBS00843,total_fare,MONEY_QUANTIZED,6351,6351.00,
OBSERVATION,OBS00844,total_fare,MONEY_QUANTIZED,6309,6309.00,
OBSERVATION,OBS00845,total_fare,MONEY_QUANTIZED,10723,10723.00,
OBSERVATION,OBS00846,total_fare,MONEY_QUANTIZED,8754,8754.00,
OBSERVATION,OBS00847,total_fare,MONEY_QUANTIZED,6747,6747.00,
OBSERVATION,OBS00848,source,UNKNOWN_VALUE_FLAGGED,EaseMyTrip,EaseMyTrip,
OBSERVATION,OBS00848,total_fare,MONEY_QUANTIZED,7726,7726.00,
OBSERVATION,OBS00849,total_fare,MONEY_QUANTIZED,8300,8300.00,
OBSERVATION,OBS00850,total_fare,MONEY_QUANTIZED,11886,11886.00,
OBSERVATION,OBS00851,total_fare,MONEY_QUANTIZED,9508,9508.00,
OBSERVATION,OBS00852,total_fare,MONEY_QUANTIZED,9253,9253.00,
OBSERVATION,OBS00853,total_fare,MONEY_QUANTIZED,10480,10480.00,
OBSERVATION,OBS00854,total_fare,MONEY_QUANTIZED,9962,9962.00,
OBSERVATION,OBS00855,source,UNKNOWN_VALUE_FLAGGED,EaseMyTrip,EaseMyTrip,
OBSERVATION,OBS00855,total_fare,MONEY_QUANTIZED,6769,6769.00,
OBSERVATION,OBS00856,total_fare,MONEY_QUANTIZED,7077,7077.00,
OBSERVATION,OBS00857,total_fare,MONEY_QUANTIZED,5213,5213.00,
OBSERVATION,OBS00858,source,UNKNOWN_VALUE_FLAGGED,EaseMyTrip,EaseMyTrip,
OBSERVATION,OBS00858,total_fare,MONEY_QUANTIZED,5380,5380.00,
OBSERVATION,OBS00859,total_fare,MONEY_QUANTIZED,11152,11152.00,
OBSERVATION,OBS00860,total_fare,MONEY_QUANTIZED,11541,11541.00,
OBSERVATION,OBS00861,total_fare,MONEY_QUANTIZED,7170,7170.00,
OBSERVATION,OBS00862,source,UNKNOWN_VALUE_FLAGGED,EaseMyTrip,EaseMyTrip,
OBSERVATION,OBS00862,total_fare,MONEY_QUANTIZED,7069,7069.00,
OBSERVATION,OBS00863,source,UNKNOWN_VALUE_FLAGGED,EaseMyTrip,EaseMyTrip,
OBSERVATION,OBS00863,total_fare,MONEY_QUANTIZED,8647,8647.00,
OBSERVATION,OBS00864,total_fare,MONEY_QUANTIZED,8571,8571.00,
OBSERVATION,OBS00865,total_fare,MONEY_QUANTIZED,9844,9844.00,
OBSERVATION,OBS00866,total_fare,MONEY_QUANTIZED,10695,10695.00,
OBSERVATION,OBS00867,total_fare,MONEY_QUANTIZED,7191,7191.00,
OBSERVATION,OBS00868,source,UNKNOWN_VALUE_FLAGGED,EaseMyTrip,EaseMyTrip,
OBSERVATION,OBS00868,total_fare,MONEY_QUANTIZED,7170,7170.00,
OBSERVATION,OBS00869,source,UNKNOWN_VALUE_FLAGGED,EaseMyTrip,EaseMyTrip,
OBSERVATION,OBS00869,total_fare,MONEY_QUANTIZED,5428,5428.00,
OBSERVATION,OBS00870,total_fare,MONEY_QUANTIZED,8148,8148.00,
OBSERVATION,OBS00871,source,UNKNOWN_VALUE_FLAGGED,EaseMyTrip,EaseMyTrip,
OBSERVATION,OBS00871,total_fare,MONEY_QUANTIZED,5245,5245.00,
OBSERVATION,OBS00872,source,UNKNOWN_VALUE_FLAGGED,EaseMyTrip,EaseMyTrip,
OBSERVATION,OBS00872,total_fare,MONEY_QUANTIZED,7489,7489.00,
OBSERVATION,OBS00873,total_fare,MONEY_QUANTIZED,7281,7281.00,
OBSERVATION,OBS00874,total_fare,MONEY_QUANTIZED,6519,6519.00,
OBSERVATION,OBS00875,source,UNKNOWN_VALUE_FLAGGED,EaseMyTrip,EaseMyTrip,
OBSERVATION,OBS00875,total_fare,MONEY_QUANTIZED,8719,8719.00,
OBSERVATION,OBS00876,total_fare,MONEY_QUANTIZED,7326,7326.00,
OBSERVATION,OBS00877,total_fare,MONEY_QUANTIZED,7826,7826.00,
OBSERVATION,OBS00878,total_fare,MONEY_QUANTIZED,7807,7807.00,
OBSERVATION,OBS00879,source,UNKNOWN_VALUE_FLAGGED,EaseMyTrip,EaseMyTrip,
OBSERVATION,OBS00879,total_fare,MONEY_QUANTIZED,5357,5357.00,
OBSERVATION,OBS00880,total_fare,MONEY_QUANTIZED,8263,8263.00,
OBSERVATION,OBS00881,source,UNKNOWN_VALUE_FLAGGED,EaseMyTrip,EaseMyTrip,
OBSERVATION,OBS00881,total_fare,MONEY_QUANTIZED,8390,8390.00,
OBSERVATION,OBS00882,total_fare,MONEY_QUANTIZED,11447,11447.00,
OBSERVATION,OBS00883,total_fare,MONEY_QUANTIZED,11354,11354.00,
OBSERVATION,OBS00884,total_fare,MONEY_QUANTIZED,8536,8536.00,
OBSERVATION,OBS00885,source,UNKNOWN_VALUE_FLAGGED,EaseMyTrip,EaseMyTrip,
OBSERVATION,OBS00885,total_fare,MONEY_QUANTIZED,8787,8787.00,
OBSERVATION,OBS00886,total_fare,MONEY_QUANTIZED,6392,6392.00,
OBSERVATION,OBS00887,total_fare,MONEY_QUANTIZED,5531,5531.00,
OBSERVATION,OBS00888,total_fare,MONEY_QUANTIZED,9020,9020.00,
OBSERVATION,OBS00889,total_fare,MONEY_QUANTIZED,8160,8160.00,
OBSERVATION,OBS00890,source,UNKNOWN_VALUE_FLAGGED,EaseMyTrip,EaseMyTrip,
OBSERVATION,OBS00890,total_fare,MONEY_QUANTIZED,7594,7594.00,
OBSERVATION,OBS00891,source,UNKNOWN_VALUE_FLAGGED,EaseMyTrip,EaseMyTrip,
OBSERVATION,OBS00891,total_fare,MONEY_QUANTIZED,6615,6615.00,
OBSERVATION,OBS00892,total_fare,MONEY_QUANTIZED,7726,7726.00,
OBSERVATION,OBS00893,total_fare,MONEY_QUANTIZED,11528,11528.00,
OBSERVATION,OBS00894,total_fare,MONEY_QUANTIZED,11940,11940.00,
OBSERVATION,OBS00895,total_fare,MONEY_QUANTIZED,7530,7530.00,
OBSERVATION,OBS00896,total_fare,MONEY_QUANTIZED,10853,10853.00,
OBSERVATION,OBS00897,total_fare,MONEY_QUANTIZED,10438,10438.00,
OBSERVATION,OBS00898,total_fare,MONEY_QUANTIZED,7071,7071.00,
OBSERVATION,OBS00899,total_fare,MONEY_QUANTIZED,5530,5530.00,
OBSERVATION,OBS00900,total_fare,MONEY_QUANTIZED,5760,5760.00,
OBSERVATION,OBS00901,total_fare,MONEY_QUANTIZED,5383,5383.00,
OBSERVATION,OBS00902,total_fare,MONEY_QUANTIZED,5166,5166.00,
OBSERVATION,OBS00903,total_fare,MONEY_QUANTIZED,8271,8271.00,
OBSERVATION,OBS00904,total_fare,MONEY_QUANTIZED,7949,7949.00,
OBSERVATION,OBS00905,total_fare,MONEY_QUANTIZED,9430,9430.00,
OBSERVATION,OBS00906,total_fare,MONEY_QUANTIZED,8057,8057.00,
OBSERVATION,OBS00907,total_fare,MONEY_QUANTIZED,8531,8531.00,
OBSERVATION,OBS00908,total_fare,MONEY_QUANTIZED,7115,7115.00,
OBSERVATION,OBS00909,total_fare,MONEY_QUANTIZED,6677,6677.00,
OBSERVATION,OBS00910,total_fare,MONEY_QUANTIZED,6473,6473.00,
OBSERVATION,OBS00911,total_fare,MONEY_QUANTIZED,6653,6653.00,
OBSERVATION,OBS00912,total_fare,MONEY_QUANTIZED,6429,6429.00,
OBSERVATION,OBS00913,total_fare,MONEY_QUANTIZED,11866,11866.00,
OBSERVATION,OBS00914,total_fare,MONEY_QUANTIZED,9248,9248.00,
OBSERVATION,OBS00915,total_fare,MONEY_QUANTIZED,10796,10796.00,
OBSERVATION,OBS00916,total_fare,MONEY_QUANTIZED,6689,6689.00,
OBSERVATION,OBS00917,total_fare,MONEY_QUANTIZED,5377,5377.00,
OBSERVATION,OBS00918,total_fare,MONEY_QUANTIZED,5809,5809.00,
OBSERVATION,OBS00919,source,UNKNOWN_VALUE_FLAGGED,EaseMyTrip,EaseMyTrip,
OBSERVATION,OBS00919,total_fare,MONEY_QUANTIZED,9154,9154.00,
OBSERVATION,OBS00920,total_fare,MONEY_QUANTIZED,8952,8952.00,
OBSERVATION,OBS00921,total_fare,MONEY_QUANTIZED,5346,5346.00,
OBSERVATION,OBS00922,total_fare,MONEY_QUANTIZED,5134,5134.00,
OBSERVATION,OBS00923,total_fare,MONEY_QUANTIZED,7763,7763.00,
OBSERVATION,OBS00924,total_fare,MONEY_QUANTIZED,7560,7560.00,
OBSERVATION,OBS00925,total_fare,MONEY_QUANTIZED,7520,7520.00,
OBSERVATION,OBS00926,total_fare,MONEY_QUANTIZED,10476,10476.00,
OBSERVATION,OBS00927,source,UNKNOWN_VALUE_FLAGGED,EaseMyTrip,EaseMyTrip,
OBSERVATION,OBS00927,total_fare,MONEY_QUANTIZED,7583,7583.00,
OBSERVATION,OBS00928,source,UNKNOWN_VALUE_FLAGGED,EaseMyTrip,EaseMyTrip,
OBSERVATION,OBS00928,total_fare,MONEY_QUANTIZED,8628,8628.00,
OBSERVATION,OBS00929,total_fare,MONEY_QUANTIZED,8858,8858.00,
OBSERVATION,OBS00930,total_fare,MONEY_QUANTIZED,8252,8252.00,
OBSERVATION,OBS00931,total_fare,MONEY_QUANTIZED,8359,8359.00,
OBSERVATION,OBS00932,source,UNKNOWN_VALUE_FLAGGED,EaseMyTrip,EaseMyTrip,
OBSERVATION,OBS00932,total_fare,MONEY_QUANTIZED,8226,8226.00,
OBSERVATION,OBS00933,total_fare,MONEY_QUANTIZED,8405,8405.00,
OBSERVATION,OBS00934,source,UNKNOWN_VALUE_FLAGGED,EaseMyTrip,EaseMyTrip,
OBSERVATION,OBS00934,total_fare,MONEY_QUANTIZED,6574,6574.00,
OBSERVATION,OBS00935,total_fare,MONEY_QUANTIZED,6280,6280.00,
OBSERVATION,OBS00936,total_fare,MONEY_QUANTIZED,9668,9668.00,
OBSERVATION,OBS00937,total_fare,MONEY_QUANTIZED,9199,9199.00,
OBSERVATION,OBS00938,source,UNKNOWN_VALUE_FLAGGED,EaseMyTrip,EaseMyTrip,
OBSERVATION,OBS00938,total_fare,MONEY_QUANTIZED,10842,10842.00,
OBSERVATION,OBS00939,total_fare,MONEY_QUANTIZED,8843,8843.00,
OBSERVATION,OBS00940,total_fare,MONEY_QUANTIZED,8224,8224.00,
OBSERVATION,OBS00941,total_fare,MONEY_QUANTIZED,9092,9092.00,
OBSERVATION,OBS00942,total_fare,MONEY_QUANTIZED,5889,5889.00,
OBSERVATION,OBS00943,total_fare,MONEY_QUANTIZED,5273,5273.00,
OBSERVATION,OBS00944,source,UNKNOWN_VALUE_FLAGGED,EaseMyTrip,EaseMyTrip,
OBSERVATION,OBS00944,total_fare,MONEY_QUANTIZED,8402,8402.00,
OBSERVATION,OBS00945,source,UNKNOWN_VALUE_FLAGGED,EaseMyTrip,EaseMyTrip,
OBSERVATION,OBS00945,total_fare,MONEY_QUANTIZED,8059,8059.00,
OBSERVATION,OBS00946,total_fare,MONEY_QUANTIZED,7815,7815.00,
OBSERVATION,OBS00947,total_fare,MONEY_QUANTIZED,6632,6632.00,
OBSERVATION,OBS00948,total_fare,MONEY_QUANTIZED,11457,11457.00,
OBSERVATION,OBS00949,total_fare,MONEY_QUANTIZED,11809,11809.00,
OBSERVATION,OBS00950,total_fare,MONEY_QUANTIZED,7563,7563.00,
OBSERVATION,OBS00951,source,UNKNOWN_VALUE_FLAGGED,EaseMyTrip,EaseMyTrip,
OBSERVATION,OBS00951,total_fare,MONEY_QUANTIZED,7466,7466.00,
OBSERVATION,OBS00952,source,UNKNOWN_VALUE_FLAGGED,EaseMyTrip,EaseMyTrip,
OBSERVATION,OBS00952,total_fare,MONEY_QUANTIZED,10135,10135.00,
OBSERVATION,OBS00953,source,UNKNOWN_VALUE_FLAGGED,EaseMyTrip,EaseMyTrip,
OBSERVATION,OBS00953,total_fare,MONEY_QUANTIZED,8435,8435.00,
OBSERVATION,OBS00954,total_fare,MONEY_QUANTIZED,8484,8484.00,
OBSERVATION,OBS00955,total_fare,MONEY_QUANTIZED,7330,7330.00,
OBSERVATION,OBS00956,total_fare,MONEY_QUANTIZED,7310,7310.00,
OBSERVATION,OBS00957,total_fare,MONEY_QUANTIZED,9077,9077.00,
OBSERVATION,OBS00958,total_fare,MONEY_QUANTIZED,8469,8469.00,
OBSERVATION,OBS00959,total_fare,MONEY_QUANTIZED,5451,5451.00,
OBSERVATION,OBS00960,total_fare,MONEY_QUANTIZED,5172,5172.00,
OBSERVATION,OBS00961,total_fare,MONEY_QUANTIZED,8114,8114.00,
OBSERVATION,OBS00962,source,UNKNOWN_VALUE_FLAGGED,EaseMyTrip,EaseMyTrip,
OBSERVATION,OBS00962,total_fare,MONEY_QUANTIZED,7613,7613.00,
OBSERVATION,OBS00963,total_fare,MONEY_QUANTIZED,5094,5094.00,
OBSERVATION,OBS00964,carrier,UNKNOWN_VALUE_FLAGGED,IX,IX,
OBSERVATION,OBS00964,total_fare,MONEY_QUANTIZED,11623,11623.00,
OBSERVATION,OBS00965,carrier,UNKNOWN_VALUE_FLAGGED,IX,IX,
OBSERVATION,OBS00965,source,UNKNOWN_VALUE_FLAGGED,EaseMyTrip,EaseMyTrip,
OBSERVATION,OBS00965,total_fare,MONEY_QUANTIZED,11410,11410.00,
OBSERVATION,OBS00966,carrier,UNKNOWN_VALUE_FLAGGED,IX,IX,
OBSERVATION,OBS00966,total_fare,MONEY_QUANTIZED,9871,9871.00,
OBSERVATION,OBS00967,carrier,UNKNOWN_VALUE_FLAGGED,IX,IX,
OBSERVATION,OBS00967,total_fare,MONEY_QUANTIZED,10278,10278.00,
OBSERVATION,OBS00968,carrier,UNKNOWN_VALUE_FLAGGED,IX,IX,
OBSERVATION,OBS00968,total_fare,MONEY_QUANTIZED,8930,8930.00,
OBSERVATION,OBS00969,carrier,UNKNOWN_VALUE_FLAGGED,IX,IX,
OBSERVATION,OBS00969,total_fare,MONEY_QUANTIZED,7328,7328.00,
OBSERVATION,OBS00970,carrier,UNKNOWN_VALUE_FLAGGED,IX,IX,
OBSERVATION,OBS00970,total_fare,MONEY_QUANTIZED,7723,7723.00,
OBSERVATION,OBS00971,carrier,UNKNOWN_VALUE_FLAGGED,IX,IX,
OBSERVATION,OBS00971,total_fare,MONEY_QUANTIZED,6770,6770.00,
OBSERVATION,OBS00972,carrier,UNKNOWN_VALUE_FLAGGED,IX,IX,
OBSERVATION,OBS00972,source,UNKNOWN_VALUE_FLAGGED,EaseMyTrip,EaseMyTrip,
OBSERVATION,OBS00972,total_fare,MONEY_QUANTIZED,6678,6678.00,
OBSERVATION,OBS00973,carrier,UNKNOWN_VALUE_FLAGGED,IX,IX,
OBSERVATION,OBS00973,total_fare,MONEY_QUANTIZED,6781,6781.00,
OBSERVATION,OBS00974,carrier,UNKNOWN_VALUE_FLAGGED,IX,IX,
OBSERVATION,OBS00974,source,UNKNOWN_VALUE_FLAGGED,EaseMyTrip,EaseMyTrip,
OBSERVATION,OBS00974,total_fare,MONEY_QUANTIZED,6731,6731.00,
OBSERVATION,OBS00975,carrier,UNKNOWN_VALUE_FLAGGED,IX,IX,
OBSERVATION,OBS00975,total_fare,MONEY_QUANTIZED,7706,7706.00,
OBSERVATION,OBS00976,source,UNKNOWN_VALUE_FLAGGED,EaseMyTrip,EaseMyTrip,
OBSERVATION,OBS00976,total_fare,MONEY_QUANTIZED,7097,7097.00,
OBSERVATION,OBS00977,total_fare,MONEY_QUANTIZED,7376,7376.00,
OBSERVATION,OBS00978,total_fare,MONEY_QUANTIZED,8675,8675.00,
OBSERVATION,OBS00979,total_fare,MONEY_QUANTIZED,5425,5425.00,
OBSERVATION,OBS00980,total_fare,MONEY_QUANTIZED,5399,5399.00,
OBSERVATION,OBS00981,total_fare,MONEY_QUANTIZED,9259,9259.00,
OBSERVATION,OBS00982,source,UNKNOWN_VALUE_FLAGGED,EaseMyTrip,EaseMyTrip,
OBSERVATION,OBS00982,total_fare,MONEY_QUANTIZED,9225,9225.00,
OBSERVATION,OBS00983,source,UNKNOWN_VALUE_FLAGGED,EaseMyTrip,EaseMyTrip,
OBSERVATION,OBS00983,total_fare,MONEY_QUANTIZED,5217,5217.00,
OBSERVATION,OBS00984,total_fare,MONEY_QUANTIZED,5061,5061.00,
OBSERVATION,OBS00985,source,UNKNOWN_VALUE_FLAGGED,EaseMyTrip,EaseMyTrip,
OBSERVATION,OBS00985,total_fare,MONEY_QUANTIZED,8283,8283.00,
OBSERVATION,OBS00986,total_fare,MONEY_QUANTIZED,7896,7896.00,
OBSERVATION,OBS00987,total_fare,MONEY_QUANTIZED,5137,5137.00,
OBSERVATION,OBS00988,total_fare,MONEY_QUANTIZED,6638,6638.00,
OBSERVATION,OBS00989,total_fare,MONEY_QUANTIZED,6900,6900.00,
OBSERVATION,OBS00990,source,UNKNOWN_VALUE_FLAGGED,EaseMyTrip,EaseMyTrip,
OBSERVATION,OBS00990,total_fare,MONEY_QUANTIZED,7672,7672.00,
OBSERVATION,OBS00991,total_fare,MONEY_QUANTIZED,7347,7347.00,
OBSERVATION,OBS00992,total_fare,MONEY_QUANTIZED,9201,9201.00,
OBSERVATION,OBS00993,total_fare,MONEY_QUANTIZED,9755,9755.00,
OBSERVATION,OBS00994,source,UNKNOWN_VALUE_FLAGGED,EaseMyTrip,EaseMyTrip,
OBSERVATION,OBS00994,total_fare,MONEY_QUANTIZED,6878,6878.00,
OBSERVATION,OBS00995,total_fare,MONEY_QUANTIZED,8394,8394.00,
OBSERVATION,OBS00996,source,UNKNOWN_VALUE_FLAGGED,EaseMyTrip,EaseMyTrip,
OBSERVATION,OBS00996,total_fare,MONEY_QUANTIZED,8253,8253.00,
OBSERVATION,OBS00997,source,UNKNOWN_VALUE_FLAGGED,EaseMyTrip,EaseMyTrip,
OBSERVATION,OBS00997,total_fare,MONEY_QUANTIZED,8657,8657.00,
OBSERVATION,OBS00998,total_fare,MONEY_QUANTIZED,8796,8796.00,
OBSERVATION,OBS00999,source,UNKNOWN_VALUE_FLAGGED,EaseMyTrip,EaseMyTrip,
OBSERVATION,OBS00999,total_fare,MONEY_QUANTIZED,4868,4868.00,
OBSERVATION,OBS01000,total_fare,MONEY_QUANTIZED,6275,6275.00,
OBSERVATION,OBS01001,total_fare,MONEY_QUANTIZED,6582,6582.00,
OBSERVATION,OBS01002,total_fare,MONEY_QUANTIZED,5432,5432.00,
OBSERVATION,OBS01003,total_fare,MONEY_QUANTIZED,5203,5203.00,
OBSERVATION,OBS01004,carrier,UNKNOWN_VALUE_FLAGGED,IX,IX,
OBSERVATION,OBS01004,total_fare,MONEY_QUANTIZED,7556,7556.00,
OBSERVATION,OBS01005,carrier,UNKNOWN_VALUE_FLAGGED,IX,IX,
OBSERVATION,OBS01005,total_fare,MONEY_QUANTIZED,12002,12002.00,
OBSERVATION,OBS01006,carrier,UNKNOWN_VALUE_FLAGGED,IX,IX,
OBSERVATION,OBS01006,source,UNKNOWN_VALUE_FLAGGED,EaseMyTrip,EaseMyTrip,
OBSERVATION,OBS01006,total_fare,MONEY_QUANTIZED,11863,11863.00,
OBSERVATION,OBS01007,carrier,UNKNOWN_VALUE_FLAGGED,IX,IX,
OBSERVATION,OBS01007,total_fare,MONEY_QUANTIZED,10681,10681.00,
OBSERVATION,OBS01008,carrier,UNKNOWN_VALUE_FLAGGED,IX,IX,
OBSERVATION,OBS01008,total_fare,MONEY_QUANTIZED,8719,8719.00,
OBSERVATION,OBS01009,carrier,UNKNOWN_VALUE_FLAGGED,IX,IX,
OBSERVATION,OBS01009,total_fare,MONEY_QUANTIZED,6319,6319.00,
OBSERVATION,OBS01010,carrier,UNKNOWN_VALUE_FLAGGED,IX,IX,
OBSERVATION,OBS01010,source,UNKNOWN_VALUE_FLAGGED,EaseMyTrip,EaseMyTrip,
OBSERVATION,OBS01010,total_fare,MONEY_QUANTIZED,6792,6792.00,
OBSERVATION,OBS01011,carrier,UNKNOWN_VALUE_FLAGGED,IX,IX,
OBSERVATION,OBS01011,total_fare,MONEY_QUANTIZED,6447,6447.00,
OBSERVATION,OBS01012,carrier,UNKNOWN_VALUE_FLAGGED,IX,IX,
OBSERVATION,OBS01012,total_fare,MONEY_QUANTIZED,6787,6787.00,
OBSERVATION,OBS01013,total_fare,MONEY_QUANTIZED,7169,7169.00,
OBSERVATION,OBS01014,total_fare,MONEY_QUANTIZED,7498,7498.00,
OBSERVATION,OBS01015,source,UNKNOWN_VALUE_FLAGGED,EaseMyTrip,EaseMyTrip,
OBSERVATION,OBS01015,total_fare,MONEY_QUANTIZED,6869,6869.00,
OBSERVATION,OBS01016,total_fare,MONEY_QUANTIZED,6939,6939.00,
OBSERVATION,OBS01017,total_fare,MONEY_QUANTIZED,8178,8178.00,
OBSERVATION,OBS01018,total_fare,MONEY_QUANTIZED,5150,5150.00,
OBSERVATION,OBS01019,total_fare,MONEY_QUANTIZED,6465,6465.00,
OBSERVATION,OBS01020,total_fare,MONEY_QUANTIZED,5308,5308.00,
OBSERVATION,OBS01021,total_fare,MONEY_QUANTIZED,5084,5084.00,
OBSERVATION,OBS01022,source,UNKNOWN_VALUE_FLAGGED,EaseMyTrip,EaseMyTrip,
OBSERVATION,OBS01022,total_fare,MONEY_QUANTIZED,11414,11414.00,
OBSERVATION,OBS01023,source,UNKNOWN_VALUE_FLAGGED,EaseMyTrip,EaseMyTrip,
OBSERVATION,OBS01023,total_fare,MONEY_QUANTIZED,10027,10027.00,
OBSERVATION,OBS01024,source,UNKNOWN_VALUE_FLAGGED,EaseMyTrip,EaseMyTrip,
OBSERVATION,OBS01024,total_fare,MONEY_QUANTIZED,6678,6678.00,
OBSERVATION,OBS01025,total_fare,MONEY_QUANTIZED,6550,6550.00,
OBSERVATION,OBS01026,source,UNKNOWN_VALUE_FLAGGED,EaseMyTrip,EaseMyTrip,
OBSERVATION,OBS01026,total_fare,MONEY_QUANTIZED,8598,8598.00,
OBSERVATION,OBS01027,total_fare,MONEY_QUANTIZED,8989,8989.00,
OBSERVATION,OBS01028,source,UNKNOWN_VALUE_FLAGGED,EaseMyTrip,EaseMyTrip,
OBSERVATION,OBS01028,total_fare,MONEY_QUANTIZED,5078,5078.00,
OBSERVATION,OBS01029,total_fare,MONEY_QUANTIZED,6551,6551.00,
OBSERVATION,OBS01030,source,UNKNOWN_VALUE_FLAGGED,EaseMyTrip,EaseMyTrip,
OBSERVATION,OBS01030,total_fare,MONEY_QUANTIZED,6265,6265.00,
OBSERVATION,OBS01031,total_fare,MONEY_QUANTIZED,5098,5098.00,
OBSERVATION,OBS01032,total_fare,MONEY_QUANTIZED,11016,11016.00,
OBSERVATION,OBS01033,total_fare,MONEY_QUANTIZED,11625,11625.00,
OBSERVATION,OBS01034,total_fare,MONEY_QUANTIZED,6801,6801.00,
OBSERVATION,OBS01035,total_fare,MONEY_QUANTIZED,6598,6598.00,
OBSERVATION,OBS01036,source,UNKNOWN_VALUE_FLAGGED,EaseMyTrip,EaseMyTrip,
OBSERVATION,OBS01036,total_fare,MONEY_QUANTIZED,9003,9003.00,
OBSERVATION,OBS01037,total_fare,MONEY_QUANTIZED,8411,8411.00,
OBSERVATION,OBS01038,total_fare,MONEY_QUANTIZED,5829,5829.00,
OBSERVATION,OBS01039,source,UNKNOWN_VALUE_FLAGGED,EaseMyTrip,EaseMyTrip,
OBSERVATION,OBS01039,total_fare,MONEY_QUANTIZED,5188,5188.00,
OBSERVATION,OBS01040,total_fare,MONEY_QUANTIZED,8182,8182.00,
OBSERVATION,OBS01041,total_fare,MONEY_QUANTIZED,8284,8284.00,
OBSERVATION,OBS01042,source,UNKNOWN_VALUE_FLAGGED,EaseMyTrip,EaseMyTrip,
OBSERVATION,OBS01042,total_fare,MONEY_QUANTIZED,8189,8189.00,
OBSERVATION,OBS01043,total_fare,MONEY_QUANTIZED,8434,8434.00,
OBSERVATION,OBS01044,total_fare,MONEY_QUANTIZED,9783,9783.00,
OBSERVATION,OBS01045,source,UNKNOWN_VALUE_FLAGGED,EaseMyTrip,EaseMyTrip,
OBSERVATION,OBS01045,total_fare,MONEY_QUANTIZED,9632,9632.00,
OBSERVATION,OBS01046,total_fare,MONEY_QUANTIZED,11856,11856.00,
OBSERVATION,OBS01047,total_fare,MONEY_QUANTIZED,8966,8966.00,
OBSERVATION,OBS01048,source,UNKNOWN_VALUE_FLAGGED,EaseMyTrip,EaseMyTrip,
OBSERVATION,OBS01048,total_fare,MONEY_QUANTIZED,8086,8086.00,
OBSERVATION,OBS01049,total_fare,MONEY_QUANTIZED,10836,10836.00,
OBSERVATION,OBS01050,total_fare,MONEY_QUANTIZED,10686,10686.00,
OBSERVATION,OBS01051,total_fare,MONEY_QUANTIZED,8739,8739.00,
OBSERVATION,OBS01052,total_fare,MONEY_QUANTIZED,5634,5634.00,
OBSERVATION,OBS01053,total_fare,MONEY_QUANTIZED,5241,5241.00,
OBSERVATION,OBS01054,total_fare,MONEY_QUANTIZED,5313,5313.00,
OBSERVATION,OBS01055,source,UNKNOWN_VALUE_FLAGGED,EaseMyTrip,EaseMyTrip,
OBSERVATION,OBS01055,total_fare,MONEY_QUANTIZED,6646,6646.00,
OBSERVATION,OBS01056,total_fare,MONEY_QUANTIZED,6341,6341.00,
OBSERVATION,OBS01057,total_fare,MONEY_QUANTIZED,5364,5364.00,
OBSERVATION,OBS01058,source,UNKNOWN_VALUE_FLAGGED,EaseMyTrip,EaseMyTrip,
OBSERVATION,OBS01058,total_fare,MONEY_QUANTIZED,5110,5110.00,
OBSERVATION,OBS01059,total_fare,MONEY_QUANTIZED,7137,7137.00,
OBSERVATION,OBS01060,total_fare,MONEY_QUANTIZED,11571,11571.00,
OBSERVATION,OBS01061,total_fare,MONEY_QUANTIZED,10582,10582.00,
OBSERVATION,OBS01062,source,UNKNOWN_VALUE_FLAGGED,EaseMyTrip,EaseMyTrip,
OBSERVATION,OBS01062,total_fare,MONEY_QUANTIZED,6478,6478.00,
OBSERVATION,OBS01063,total_fare,MONEY_QUANTIZED,6812,6812.00,
OBSERVATION,OBS01064,total_fare,MONEY_QUANTIZED,7230,7230.00,
OBSERVATION,OBS01065,source,UNKNOWN_VALUE_FLAGGED,EaseMyTrip,EaseMyTrip,
OBSERVATION,OBS01065,total_fare,MONEY_QUANTIZED,6730,6730.00,
OBSERVATION,OBS01066,total_fare,MONEY_QUANTIZED,6782,6782.00,
OBSERVATION,OBS01067,total_fare,MONEY_QUANTIZED,5154,5154.00,
OBSERVATION,OBS01068,total_fare,MONEY_QUANTIZED,7712,7712.00,
OBSERVATION,OBS01069,carrier,UNKNOWN_VALUE_FLAGGED,IX,IX,
OBSERVATION,OBS01069,total_fare,MONEY_QUANTIZED,11470,11470.00,
OBSERVATION,OBS01070,carrier,UNKNOWN_VALUE_FLAGGED,IX,IX,
OBSERVATION,OBS01070,total_fare,MONEY_QUANTIZED,7246,7246.00,
OBSERVATION,OBS01071,carrier,UNKNOWN_VALUE_FLAGGED,IX,IX,
OBSERVATION,OBS01071,source,UNKNOWN_VALUE_FLAGGED,EaseMyTrip,EaseMyTrip,
OBSERVATION,OBS01071,total_fare,MONEY_QUANTIZED,6589,6589.00,
OBSERVATION,OBS01072,carrier,UNKNOWN_VALUE_FLAGGED,IX,IX,
OBSERVATION,OBS01072,total_fare,MONEY_QUANTIZED,6464,6464.00,
OBSERVATION,OBS01073,carrier,UNKNOWN_VALUE_FLAGGED,IX,IX,
OBSERVATION,OBS01073,total_fare,MONEY_QUANTIZED,8145,8145.00,
OBSERVATION,OBS01074,carrier,UNKNOWN_VALUE_FLAGGED,IX,IX,
OBSERVATION,OBS01074,total_fare,MONEY_QUANTIZED,8336,8336.00,
OBSERVATION,OBS01075,carrier,UNKNOWN_VALUE_FLAGGED,IX,IX,
OBSERVATION,OBS01075,total_fare,MONEY_QUANTIZED,6450,6450.00,
OBSERVATION,OBS01076,carrier,UNKNOWN_VALUE_FLAGGED,IX,IX,
OBSERVATION,OBS01076,total_fare,MONEY_QUANTIZED,8052,8052.00,
OBSERVATION,OBS01077,carrier,UNKNOWN_VALUE_FLAGGED,IX,IX,
OBSERVATION,OBS01077,total_fare,MONEY_QUANTIZED,8131,8131.00,
OBSERVATION,OBS01078,carrier,UNKNOWN_VALUE_FLAGGED,IX,IX,
OBSERVATION,OBS01078,total_fare,MONEY_QUANTIZED,4993,4993.00,
OBSERVATION,OBS01079,total_fare,MONEY_QUANTIZED,11680,11680.00,
OBSERVATION,OBS01080,total_fare,MONEY_QUANTIZED,11066,11066.00,
OBSERVATION,OBS01081,total_fare,MONEY_QUANTIZED,7017,7017.00,
OBSERVATION,OBS01082,total_fare,MONEY_QUANTIZED,6914,6914.00,
OBSERVATION,OBS01083,total_fare,MONEY_QUANTIZED,10108,10108.00,
OBSERVATION,OBS01084,total_fare,MONEY_QUANTIZED,10898,10898.00,
OBSERVATION,OBS01085,source,UNKNOWN_VALUE_FLAGGED,EaseMyTrip,EaseMyTrip,
OBSERVATION,OBS01085,total_fare,MONEY_QUANTIZED,5580,5580.00,
OBSERVATION,OBS01086,total_fare,MONEY_QUANTIZED,8160,8160.00,
OBSERVATION,OBS01087,total_fare,MONEY_QUANTIZED,5310,5310.00,
OBSERVATION,OBS01088,total_fare,MONEY_QUANTIZED,5293,5293.00,
OBSERVATION,OBS01089,total_fare,MONEY_QUANTIZED,4981,4981.00,
OBSERVATION,OBS01090,total_fare,MONEY_QUANTIZED,5216,5216.00,
OBSERVATION,OBS01091,total_fare,MONEY_QUANTIZED,7784,7784.00,
OBSERVATION,OBS01092,source,UNKNOWN_VALUE_FLAGGED,EaseMyTrip,EaseMyTrip,
OBSERVATION,OBS01092,total_fare,MONEY_QUANTIZED,9181,9181.00,
OBSERVATION,OBS01093,total_fare,MONEY_QUANTIZED,9527,9527.00,
OBSERVATION,OBS01094,total_fare,MONEY_QUANTIZED,11818,11818.00,
OBSERVATION,OBS01095,source,UNKNOWN_VALUE_FLAGGED,EaseMyTrip,EaseMyTrip,
OBSERVATION,OBS01095,total_fare,MONEY_QUANTIZED,8862,8862.00,
OBSERVATION,OBS01096,total_fare,MONEY_QUANTIZED,8616,8616.00,
OBSERVATION,OBS01097,total_fare,MONEY_QUANTIZED,6549,6549.00,
OBSERVATION,OBS01098,total_fare,MONEY_QUANTIZED,6334,6334.00,
OBSERVATION,OBS01099,total_fare,MONEY_QUANTIZED,5335,5335.00,
OBSERVATION,OBS01100,total_fare,MONEY_QUANTIZED,11767,11767.00,
OBSERVATION,OBS01101,total_fare,MONEY_QUANTIZED,7195,7195.00,
OBSERVATION,OBS01102,total_fare,MONEY_QUANTIZED,10337,10337.00,
OBSERVATION,OBS01103,total_fare,MONEY_QUANTIZED,8320,8320.00,
OBSERVATION,OBS01104,total_fare,MONEY_QUANTIZED,7360,7360.00,
OBSERVATION,OBS01105,source,UNKNOWN_VALUE_FLAGGED,EaseMyTrip,EaseMyTrip,
OBSERVATION,OBS01105,total_fare,MONEY_QUANTIZED,7033,7033.00,
OBSERVATION,OBS01106,total_fare,MONEY_QUANTIZED,7892,7892.00,
OBSERVATION,OBS01107,total_fare,MONEY_QUANTIZED,8130,8130.00,
OBSERVATION,OBS01108,total_fare,MONEY_QUANTIZED,6629,6629.00,
OBSERVATION,OBS01109,total_fare,MONEY_QUANTIZED,6509,6509.00,
OBSERVATION,OBS01110,total_fare,MONEY_QUANTIZED,7979,7979.00,
OBSERVATION,OBS01111,total_fare,MONEY_QUANTIZED,7804,7804.00,
OBSERVATION,OBS01112,total_fare,MONEY_QUANTIZED,9242,9242.00,
OBSERVATION,OBS01113,total_fare,MONEY_QUANTIZED,9627,9627.00,
OBSERVATION,OBS01114,total_fare,MONEY_QUANTIZED,11757,11757.00,
OBSERVATION,OBS01115,total_fare,MONEY_QUANTIZED,11244,11244.00,
OBSERVATION,OBS01116,total_fare,MONEY_QUANTIZED,8153,8153.00,
OBSERVATION,OBS01117,total_fare,MONEY_QUANTIZED,8562,8562.00,
OBSERVATION,OBS01118,total_fare,MONEY_QUANTIZED,5463,5463.00,
OBSERVATION,OBS01119,total_fare,MONEY_QUANTIZED,5679,5679.00,
OBSERVATION,OBS01120,source,UNKNOWN_VALUE_FLAGGED,EaseMyTrip,EaseMyTrip,
OBSERVATION,OBS01120,total_fare,MONEY_QUANTIZED,7174,7174.00,
OBSERVATION,OBS01121,total_fare,MONEY_QUANTIZED,6879,6879.00,
OBSERVATION,OBS01122,total_fare,MONEY_QUANTIZED,7716,7716.00,
OBSERVATION,OBS01123,total_fare,MONEY_QUANTIZED,5300,5300.00,
OBSERVATION,OBS01124,source,UNKNOWN_VALUE_FLAGGED,EaseMyTrip,EaseMyTrip,
OBSERVATION,OBS01124,total_fare,MONEY_QUANTIZED,5021,5021.00,
OBSERVATION,OBS01125,total_fare,MONEY_QUANTIZED,5216,5216.00,
OBSERVATION,OBS01126,total_fare,MONEY_QUANTIZED,9612,9612.00,
OBSERVATION,OBS01127,total_fare,MONEY_QUANTIZED,9290,9290.00,
OBSERVATION,OBS01128,total_fare,MONEY_QUANTIZED,8355,8355.00,
OBSERVATION,OBS01129,source,UNKNOWN_VALUE_FLAGGED,EaseMyTrip,EaseMyTrip,
OBSERVATION,OBS01129,total_fare,MONEY_QUANTIZED,8382,8382.00,
OBSERVATION,OBS01130,total_fare,MONEY_QUANTIZED,10006,10006.00,
OBSERVATION,OBS01131,source,UNKNOWN_VALUE_FLAGGED,EaseMyTrip,EaseMyTrip,
OBSERVATION,OBS01131,total_fare,MONEY_QUANTIZED,5840,5840.00,
OBSERVATION,OBS01132,total_fare,MONEY_QUANTIZED,8438,8438.00,
OBSERVATION,OBS01133,source,UNKNOWN_VALUE_FLAGGED,EaseMyTrip,EaseMyTrip,
OBSERVATION,OBS01133,total_fare,MONEY_QUANTIZED,8513,8513.00,
OBSERVATION,OBS01134,total_fare,MONEY_QUANTIZED,6757,6757.00,
OBSERVATION,OBS01135,source,UNKNOWN_VALUE_FLAGGED,EaseMyTrip,EaseMyTrip,
OBSERVATION,OBS01135,total_fare,MONEY_QUANTIZED,6532,6532.00,
OBSERVATION,OBS01136,total_fare,MONEY_QUANTIZED,6517,6517.00,
OBSERVATION,OBS01137,total_fare,MONEY_QUANTIZED,9535,9535.00,
OBSERVATION,OBS01138,total_fare,MONEY_QUANTIZED,11858,11858.00,
OBSERVATION,OBS01139,source,UNKNOWN_VALUE_FLAGGED,EaseMyTrip,EaseMyTrip,
OBSERVATION,OBS01139,total_fare,MONEY_QUANTIZED,8920,8920.00,
OBSERVATION,OBS01140,total_fare,MONEY_QUANTIZED,8618,8618.00,
OBSERVATION,OBS01141,total_fare,MONEY_QUANTIZED,10734,10734.00,
OBSERVATION,OBS01142,total_fare,MONEY_QUANTIZED,10557,10557.00,
OBSERVATION,OBS01143,total_fare,MONEY_QUANTIZED,5674,5674.00,
OBSERVATION,OBS01144,total_fare,MONEY_QUANTIZED,7936,7936.00,
OBSERVATION,OBS01145,total_fare,MONEY_QUANTIZED,8224,8224.00,
OBSERVATION,OBS01146,total_fare,MONEY_QUANTIZED,7775,7775.00,
OBSERVATION,OBS01147,total_fare,MONEY_QUANTIZED,9654,9654.00,
OBSERVATION,OBS01148,source,UNKNOWN_VALUE_FLAGGED,EaseMyTrip,EaseMyTrip,
OBSERVATION,OBS01148,total_fare,MONEY_QUANTIZED,11900,11900.00,
OBSERVATION,OBS01149,total_fare,MONEY_QUANTIZED,11365,11365.00,
OBSERVATION,OBS01150,total_fare,MONEY_QUANTIZED,8261,8261.00,
OBSERVATION,OBS01151,total_fare,MONEY_QUANTIZED,6883,6883.00,
OBSERVATION,OBS01152,source,UNKNOWN_VALUE_FLAGGED,EaseMyTrip,EaseMyTrip,
OBSERVATION,OBS01152,total_fare,MONEY_QUANTIZED,6874,6874.00,
OBSERVATION,OBS01153,source,UNKNOWN_VALUE_FLAGGED,EaseMyTrip,EaseMyTrip,
OBSERVATION,OBS01153,total_fare,MONEY_QUANTIZED,8961,8961.00,
OBSERVATION,OBS01154,total_fare,MONEY_QUANTIZED,5487,5487.00,
OBSERVATION,OBS01155,total_fare,MONEY_QUANTIZED,6818,6818.00,
OBSERVATION,OBS01156,total_fare,MONEY_QUANTIZED,6717,6717.00,
OBSERVATION,OBS01157,total_fare,MONEY_QUANTIZED,5143,5143.00,
OBSERVATION,OBS01158,total_fare,MONEY_QUANTIZED,6572,6572.00,
OBSERVATION,OBS01159,total_fare,MONEY_QUANTIZED,6289,6289.00,
OBSERVATION,OBS01160,source,UNKNOWN_VALUE_FLAGGED,EaseMyTrip,EaseMyTrip,
OBSERVATION,OBS01160,total_fare,MONEY_QUANTIZED,7673,7673.00,
OBSERVATION,OBS01161,total_fare,MONEY_QUANTIZED,7159,7159.00,
OBSERVATION,OBS01162,total_fare,MONEY_QUANTIZED,10752,10752.00,
OBSERVATION,OBS01163,total_fare,MONEY_QUANTIZED,10524,10524.00,
OBSERVATION,OBS01164,total_fare,MONEY_QUANTIZED,8533,8533.00,
OBSERVATION,OBS01165,total_fare,MONEY_QUANTIZED,5515,5515.00,
OBSERVATION,OBS01166,source,UNKNOWN_VALUE_FLAGGED,EaseMyTrip,EaseMyTrip,
OBSERVATION,OBS01166,total_fare,MONEY_QUANTIZED,5440,5440.00,
OBSERVATION,OBS01167,total_fare,MONEY_QUANTIZED,7782,7782.00,
OBSERVATION,OBS01168,total_fare,MONEY_QUANTIZED,7842,7842.00,
OBSERVATION,OBS01169,total_fare,MONEY_QUANTIZED,7790,7790.00,
OBSERVATION,OBS01170,source,UNKNOWN_VALUE_FLAGGED,EaseMyTrip,EaseMyTrip,
OBSERVATION,OBS01170,total_fare,MONEY_QUANTIZED,8422,8422.00,
OBSERVATION,OBS01171,total_fare,MONEY_QUANTIZED,5227,5227.00,
OBSERVATION,OBS01172,source,UNKNOWN_VALUE_FLAGGED,EaseMyTrip,EaseMyTrip,
OBSERVATION,OBS01172,total_fare,MONEY_QUANTIZED,9178,9178.00,
OBSERVATION,OBS01173,total_fare,MONEY_QUANTIZED,9586,9586.00,
OBSERVATION,OBS01174,total_fare,MONEY_QUANTIZED,7020,7020.00,
OBSERVATION,OBS01175,total_fare,MONEY_QUANTIZED,7075,7075.00,
OBSERVATION,OBS01176,total_fare,MONEY_QUANTIZED,8613,8613.00,
OBSERVATION,OBS01177,total_fare,MONEY_QUANTIZED,8347,8347.00,
OBSERVATION,OBS01178,total_fare,MONEY_QUANTIZED,7478,7478.00,
OBSERVATION,OBS01179,total_fare,MONEY_QUANTIZED,6385,6385.00,
OBSERVATION,OBS01180,source,UNKNOWN_VALUE_FLAGGED,EaseMyTrip,EaseMyTrip,
OBSERVATION,OBS01180,total_fare,MONEY_QUANTIZED,6409,6409.00,
OBSERVATION,OBS01181,total_fare,MONEY_QUANTIZED,6770,6770.00,
OBSERVATION,OBS01182,total_fare,MONEY_QUANTIZED,7627,7627.00,
OBSERVATION,OBS01183,total_fare,MONEY_QUANTIZED,7930,7930.00,
OBSERVATION,OBS01184,source,UNKNOWN_VALUE_FLAGGED,EaseMyTrip,EaseMyTrip,
OBSERVATION,OBS01184,total_fare,MONEY_QUANTIZED,9520,9520.00,
OBSERVATION,OBS01185,total_fare,MONEY_QUANTIZED,9725,9725.00,
OBSERVATION,OBS01186,source,UNKNOWN_VALUE_FLAGGED,EaseMyTrip,EaseMyTrip,
OBSERVATION,OBS01186,total_fare,MONEY_QUANTIZED,10306,10306.00,
OBSERVATION,OBS01187,total_fare,MONEY_QUANTIZED,10080,10080.00,
OBSERVATION,OBS01188,total_fare,MONEY_QUANTIZED,6582,6582.00,
OBSERVATION,OBS01189,total_fare,MONEY_QUANTIZED,8811,8811.00,
OBSERVATION,OBS01190,total_fare,MONEY_QUANTIZED,8472,8472.00,
OBSERVATION,OBS01191,source,UNKNOWN_VALUE_FLAGGED,EaseMyTrip,EaseMyTrip,
OBSERVATION,OBS01191,total_fare,MONEY_QUANTIZED,5285,5285.00,
OBSERVATION,OBS01192,total_fare,MONEY_QUANTIZED,5090,5090.00,
OBSERVATION,OBS01193,source,UNKNOWN_VALUE_FLAGGED,EaseMyTrip,EaseMyTrip,
OBSERVATION,OBS01193,total_fare,MONEY_QUANTIZED,6387,6387.00,
OBSERVATION,OBS01194,total_fare,MONEY_QUANTIZED,6376,6376.00,
OBSERVATION,OBS01195,total_fare,MONEY_QUANTIZED,8171,8171.00,
OBSERVATION,OBS01196,total_fare,MONEY_QUANTIZED,9649,9649.00,
OBSERVATION,OBS01197,source,UNKNOWN_VALUE_FLAGGED,EaseMyTrip,EaseMyTrip,
OBSERVATION,OBS01197,total_fare,MONEY_QUANTIZED,12058,12058.00,
OBSERVATION,OBS01198,total_fare,MONEY_QUANTIZED,11801,11801.00,
OBSERVATION,OBS01199,source,UNKNOWN_VALUE_FLAGGED,EaseMyTrip,EaseMyTrip,
OBSERVATION,OBS01199,total_fare,MONEY_QUANTIZED,10898,10898.00,
OBSERVATION,OBS01200,total_fare,MONEY_QUANTIZED,7461,7461.00,
OBSERVATION,OBS01201,total_fare,MONEY_QUANTIZED,8270,8270.00,
OBSERVATION,OBS01202,total_fare,MONEY_QUANTIZED,8013,8013.00,
OBSERVATION,OBS01203,total_fare,MONEY_QUANTIZED,7935,7935.00,
OBSERVATION,OBS01204,source,UNKNOWN_VALUE_FLAGGED,EaseMyTrip,EaseMyTrip,
OBSERVATION,OBS01204,total_fare,MONEY_QUANTIZED,8172,8172.00,
OBSERVATION,OBS01205,total_fare,MONEY_QUANTIZED,6621,6621.00,
OBSERVATION,OBS01206,total_fare,MONEY_QUANTIZED,7007,7007.00,
OBSERVATION,OBS01207,total_fare,MONEY_QUANTIZED,9598,9598.00,
OBSERVATION,OBS01208,total_fare,MONEY_QUANTIZED,6767,6767.00,
OBSERVATION,OBS01209,source,UNKNOWN_VALUE_FLAGGED,EaseMyTrip,EaseMyTrip,
OBSERVATION,OBS01209,total_fare,MONEY_QUANTIZED,6714,6714.00,
OBSERVATION,OBS01210,total_fare,MONEY_QUANTIZED,7127,7127.00,
OBSERVATION,OBS01211,total_fare,MONEY_QUANTIZED,8776,8776.00,
OBSERVATION,OBS01212,total_fare,MONEY_QUANTIZED,8818,8818.00,
OBSERVATION,OBS01213,total_fare,MONEY_QUANTIZED,8028,8028.00,
OBSERVATION,OBS01214,total_fare,MONEY_QUANTIZED,7787,7787.00,
OBSERVATION,OBS01215,total_fare,MONEY_QUANTIZED,6518,6518.00,
OBSERVATION,OBS01216,source,UNKNOWN_VALUE_FLAGGED,EaseMyTrip,EaseMyTrip,
OBSERVATION,OBS01216,total_fare,MONEY_QUANTIZED,5406,5406.00,
OBSERVATION,OBS01217,total_fare,MONEY_QUANTIZED,5324,5324.00,
OBSERVATION,OBS01218,total_fare,MONEY_QUANTIZED,12075,12075.00,
OBSERVATION,OBS01219,total_fare,MONEY_QUANTIZED,11268,11268.00,
OBSERVATION,OBS01220,source,UNKNOWN_VALUE_FLAGGED,EaseMyTrip,EaseMyTrip,
OBSERVATION,OBS01220,total_fare,MONEY_QUANTIZED,9107,9107.00,
OBSERVATION,OBS01221,total_fare,MONEY_QUANTIZED,9604,9604.00,
OBSERVATION,OBS01222,source,UNKNOWN_VALUE_FLAGGED,EaseMyTrip,EaseMyTrip,
OBSERVATION,OBS01222,total_fare,MONEY_QUANTIZED,10110,10110.00,
OBSERVATION,OBS01223,total_fare,MONEY_QUANTIZED,9948,9948.00,
OBSERVATION,OBS01224,total_fare,MONEY_QUANTIZED,6839,6839.00,
OBSERVATION,OBS01225,source,UNKNOWN_VALUE_FLAGGED,EaseMyTrip,EaseMyTrip,
OBSERVATION,OBS01225,total_fare,MONEY_QUANTIZED,7352,7352.00,
OBSERVATION,OBS01226,total_fare,MONEY_QUANTIZED,5555,5555.00,
OBSERVATION,OBS01227,total_fare,MONEY_QUANTIZED,7843,7843.00,
OBSERVATION,OBS01228,total_fare,MONEY_QUANTIZED,8429,8429.00,
OBSERVATION,OBS01229,total_fare,MONEY_QUANTIZED,5311,5311.00,
OBSERVATION,OBS01230,total_fare,MONEY_QUANTIZED,5194,5194.00,
OBSERVATION,OBS01231,total_fare,MONEY_QUANTIZED,6699,6699.00,
OBSERVATION,OBS01232,total_fare,MONEY_QUANTIZED,7315,7315.00,
OBSERVATION,OBS01233,source,UNKNOWN_VALUE_FLAGGED,EaseMyTrip,EaseMyTrip,
OBSERVATION,OBS01233,total_fare,MONEY_QUANTIZED,7247,7247.00,
OBSERVATION,OBS01234,total_fare,MONEY_QUANTIZED,8900,8900.00,
OBSERVATION,OBS01235,total_fare,MONEY_QUANTIZED,8418,8418.00,
OBSERVATION,OBS01236,total_fare,MONEY_QUANTIZED,6927,6927.00,
OBSERVATION,OBS01237,total_fare,MONEY_QUANTIZED,9061,9061.00,
OBSERVATION,OBS01238,source,UNKNOWN_VALUE_FLAGGED,EaseMyTrip,EaseMyTrip,
OBSERVATION,OBS01238,total_fare,MONEY_QUANTIZED,8965,8965.00,
OBSERVATION,OBS01239,total_fare,MONEY_QUANTIZED,7213,7213.00,
OBSERVATION,OBS01240,source,UNKNOWN_VALUE_FLAGGED,EaseMyTrip,EaseMyTrip,
OBSERVATION,OBS01240,total_fare,MONEY_QUANTIZED,7048,7048.00,
OBSERVATION,OBS01241,total_fare,MONEY_QUANTIZED,4906,4906.00,
OBSERVATION,OBS01242,total_fare,MONEY_QUANTIZED,6338,6338.00,
OBSERVATION,OBS01243,total_fare,MONEY_QUANTIZED,6376,6376.00,
OBSERVATION,OBS01244,source,UNKNOWN_VALUE_FLAGGED,EaseMyTrip,EaseMyTrip,
OBSERVATION,OBS01244,total_fare,MONEY_QUANTIZED,5174,5174.00,
OBSERVATION,OBS01245,carrier,UNKNOWN_VALUE_FLAGGED,IX,IX,
OBSERVATION,OBS01245,total_fare,MONEY_QUANTIZED,11782,11782.00,
OBSERVATION,OBS01246,carrier,UNKNOWN_VALUE_FLAGGED,IX,IX,
OBSERVATION,OBS01246,total_fare,MONEY_QUANTIZED,6474,6474.00,
OBSERVATION,OBS01247,carrier,UNKNOWN_VALUE_FLAGGED,IX,IX,
OBSERVATION,OBS01247,total_fare,MONEY_QUANTIZED,7426,7426.00,
OBSERVATION,OBS01248,carrier,UNKNOWN_VALUE_FLAGGED,IX,IX,
OBSERVATION,OBS01248,total_fare,MONEY_QUANTIZED,7454,7454.00,
OBSERVATION,OBS01249,carrier,UNKNOWN_VALUE_FLAGGED,IX,IX,
OBSERVATION,OBS01249,total_fare,MONEY_QUANTIZED,8595,8595.00,
OBSERVATION,OBS01250,carrier,UNKNOWN_VALUE_FLAGGED,IX,IX,
OBSERVATION,OBS01250,total_fare,MONEY_QUANTIZED,8477,8477.00,
OBSERVATION,OBS01251,carrier,UNKNOWN_VALUE_FLAGGED,IX,IX,
OBSERVATION,OBS01251,total_fare,MONEY_QUANTIZED,5012,5012.00,
OBSERVATION,OBS01252,carrier,UNKNOWN_VALUE_FLAGGED,IX,IX,
OBSERVATION,OBS01252,total_fare,MONEY_QUANTIZED,6849,6849.00,
OBSERVATION,OBS01253,carrier,UNKNOWN_VALUE_FLAGGED,IX,IX,
OBSERVATION,OBS01253,total_fare,MONEY_QUANTIZED,6283,6283.00,
OBSERVATION,OBS01254,carrier,UNKNOWN_VALUE_FLAGGED,IX,IX,
OBSERVATION,OBS01254,total_fare,MONEY_QUANTIZED,8295,8295.00,
OBSERVATION,OBS01255,carrier,UNKNOWN_VALUE_FLAGGED,IX,IX,
OBSERVATION,OBS01255,total_fare,MONEY_QUANTIZED,8085,8085.00,
OBSERVATION,OBS01256,total_fare,MONEY_QUANTIZED,11811,11811.00,
OBSERVATION,OBS01257,total_fare,MONEY_QUANTIZED,11690,11690.00,
OBSERVATION,OBS01258,total_fare,MONEY_QUANTIZED,8135,8135.00,
OBSERVATION,OBS01259,total_fare,MONEY_QUANTIZED,8252,8252.00,
OBSERVATION,OBS01260,total_fare,MONEY_QUANTIZED,10225,10225.00,
OBSERVATION,OBS01261,source,UNKNOWN_VALUE_FLAGGED,EaseMyTrip,EaseMyTrip,
OBSERVATION,OBS01261,total_fare,MONEY_QUANTIZED,10239,10239.00,
OBSERVATION,OBS01262,total_fare,MONEY_QUANTIZED,7298,7298.00,
OBSERVATION,OBS01263,source,UNKNOWN_VALUE_FLAGGED,EaseMyTrip,EaseMyTrip,
OBSERVATION,OBS01263,total_fare,MONEY_QUANTIZED,7342,7342.00,
OBSERVATION,OBS01264,total_fare,MONEY_QUANTIZED,5242,5242.00,
OBSERVATION,OBS01265,total_fare,MONEY_QUANTIZED,4875,4875.00,
OBSERVATION,OBS01266,total_fare,MONEY_QUANTIZED,6565,6565.00,
OBSERVATION,OBS01267,total_fare,MONEY_QUANTIZED,6483,6483.00,
OBSERVATION,OBS01268,total_fare,MONEY_QUANTIZED,7769,7769.00,
OBSERVATION,OBS01269,total_fare,MONEY_QUANTIZED,11002,11002.00,
OBSERVATION,OBS01270,total_fare,MONEY_QUANTIZED,7751,7751.00,
OBSERVATION,OBS01271,total_fare,MONEY_QUANTIZED,7051,7051.00,
OBSERVATION,OBS01272,total_fare,MONEY_QUANTIZED,6814,6814.00,
OBSERVATION,OBS01273,total_fare,MONEY_QUANTIZED,8521,8521.00,
OBSERVATION,OBS01274,total_fare,MONEY_QUANTIZED,5852,5852.00,
OBSERVATION,OBS01275,total_fare,MONEY_QUANTIZED,7847,7847.00,
OBSERVATION,OBS01276,total_fare,MONEY_QUANTIZED,8271,8271.00,
OBSERVATION,OBS01277,total_fare,MONEY_QUANTIZED,6307,6307.00,
OBSERVATION,OBS01278,total_fare,MONEY_QUANTIZED,6650,6650.00,
OBSERVATION,OBS01279,carrier,UNKNOWN_VALUE_FLAGGED,IX,IX,
OBSERVATION,OBS01279,total_fare,MONEY_QUANTIZED,11154,11154.00,
OBSERVATION,OBS01280,carrier,UNKNOWN_VALUE_FLAGGED,IX,IX,
OBSERVATION,OBS01280,total_fare,MONEY_QUANTIZED,6290,6290.00,
OBSERVATION,OBS01281,carrier,UNKNOWN_VALUE_FLAGGED,IX,IX,
OBSERVATION,OBS01281,source,UNKNOWN_VALUE_FLAGGED,EaseMyTrip,EaseMyTrip,
OBSERVATION,OBS01281,total_fare,MONEY_QUANTIZED,6840,6840.00,
OBSERVATION,OBS01282,carrier,UNKNOWN_VALUE_FLAGGED,IX,IX,
OBSERVATION,OBS01282,total_fare,MONEY_QUANTIZED,10541,10541.00,
OBSERVATION,OBS01283,carrier,UNKNOWN_VALUE_FLAGGED,IX,IX,
OBSERVATION,OBS01283,source,UNKNOWN_VALUE_FLAGGED,EaseMyTrip,EaseMyTrip,
OBSERVATION,OBS01283,total_fare,MONEY_QUANTIZED,10015,10015.00,
OBSERVATION,OBS01284,carrier,UNKNOWN_VALUE_FLAGGED,IX,IX,
OBSERVATION,OBS01284,source,UNKNOWN_VALUE_FLAGGED,EaseMyTrip,EaseMyTrip,
OBSERVATION,OBS01284,total_fare,MONEY_QUANTIZED,7413,7413.00,
OBSERVATION,OBS01285,carrier,UNKNOWN_VALUE_FLAGGED,IX,IX,
OBSERVATION,OBS01285,total_fare,MONEY_QUANTIZED,5667,5667.00,
OBSERVATION,OBS01286,carrier,UNKNOWN_VALUE_FLAGGED,IX,IX,
OBSERVATION,OBS01286,source,UNKNOWN_VALUE_FLAGGED,EaseMyTrip,EaseMyTrip,
OBSERVATION,OBS01286,total_fare,MONEY_QUANTIZED,6367,6367.00,
OBSERVATION,OBS01287,carrier,UNKNOWN_VALUE_FLAGGED,IX,IX,
OBSERVATION,OBS01287,source,UNKNOWN_VALUE_FLAGGED,EaseMyTrip,EaseMyTrip,
OBSERVATION,OBS01287,total_fare,MONEY_QUANTIZED,7958,7958.00,
OBSERVATION,OBS01288,carrier,UNKNOWN_VALUE_FLAGGED,IX,IX,
OBSERVATION,OBS01288,total_fare,MONEY_QUANTIZED,6251,6251.00,
OBSERVATION,OBS01289,total_fare,MONEY_QUANTIZED,11121,11121.00,
OBSERVATION,OBS01290,total_fare,MONEY_QUANTIZED,11052,11052.00,
OBSERVATION,OBS01291,total_fare,MONEY_QUANTIZED,6313,6313.00,
OBSERVATION,OBS01292,total_fare,MONEY_QUANTIZED,6901,6901.00,
OBSERVATION,OBS01293,total_fare,MONEY_QUANTIZED,8454,8454.00,
OBSERVATION,OBS01294,source,UNKNOWN_VALUE_FLAGGED,EaseMyTrip,EaseMyTrip,
OBSERVATION,OBS01294,total_fare,MONEY_QUANTIZED,5612,5612.00,
OBSERVATION,OBS01295,total_fare,MONEY_QUANTIZED,5458,5458.00,
OBSERVATION,OBS01296,total_fare,MONEY_QUANTIZED,5369,5369.00,
OBSERVATION,OBS01297,total_fare,MONEY_QUANTIZED,8023,8023.00,
OBSERVATION,OBS01298,total_fare,MONEY_QUANTIZED,6888,6888.00,
OBSERVATION,OBS01299,total_fare,MONEY_QUANTIZED,9684,9684.00,
OBSERVATION,OBS01300,total_fare,MONEY_QUANTIZED,9892,9892.00,
OBSERVATION,OBS01301,total_fare,MONEY_QUANTIZED,6453,6453.00,
OBSERVATION,OBS01302,total_fare,MONEY_QUANTIZED,10609,10609.00,
OBSERVATION,OBS01303,total_fare,MONEY_QUANTIZED,10817,10817.00,
OBSERVATION,OBS01304,source,UNKNOWN_VALUE_FLAGGED,EaseMyTrip,EaseMyTrip,
OBSERVATION,OBS01304,total_fare,MONEY_QUANTIZED,9175,9175.00,
OBSERVATION,OBS01305,total_fare,MONEY_QUANTIZED,6800,6800.00,
OBSERVATION,OBS01306,total_fare,MONEY_QUANTIZED,6307,6307.00,
OBSERVATION,OBS01307,total_fare,MONEY_QUANTIZED,5400,5400.00,
OBSERVATION,OBS01308,total_fare,MONEY_QUANTIZED,5426,5426.00,
OBSERVATION,OBS01309,total_fare,MONEY_QUANTIZED,9986,9986.00,
OBSERVATION,OBS01310,total_fare,MONEY_QUANTIZED,8447,8447.00,
OBSERVATION,OBS01311,total_fare,MONEY_QUANTIZED,8122,8122.00,
OBSERVATION,OBS01312,total_fare,MONEY_QUANTIZED,5686,5686.00,
OBSERVATION,OBS01313,total_fare,MONEY_QUANTIZED,5393,5393.00,
OBSERVATION,OBS01314,total_fare,MONEY_QUANTIZED,9159,9159.00,
OBSERVATION,OBS01315,total_fare,MONEY_QUANTIZED,6385,6385.00,
OBSERVATION,OBS01316,total_fare,MONEY_QUANTIZED,6616,6616.00,
OBSERVATION,OBS01317,source,UNKNOWN_VALUE_FLAGGED,EaseMyTrip,EaseMyTrip,
OBSERVATION,OBS01317,total_fare,MONEY_QUANTIZED,6456,6456.00,
OBSERVATION,OBS01318,total_fare,MONEY_QUANTIZED,6762,6762.00,
OBSERVATION,OBS01319,source,UNKNOWN_VALUE_FLAGGED,EaseMyTrip,EaseMyTrip,
OBSERVATION,OBS01319,total_fare,MONEY_QUANTIZED,11935,11935.00,
OBSERVATION,OBS01320,total_fare,MONEY_QUANTIZED,6734,6734.00,
OBSERVATION,OBS01321,total_fare,MONEY_QUANTIZED,6622,6622.00,
OBSERVATION,OBS01322,source,UNKNOWN_VALUE_FLAGGED,EaseMyTrip,EaseMyTrip,
OBSERVATION,OBS01322,total_fare,MONEY_QUANTIZED,10557,10557.00,
OBSERVATION,OBS01323,source,UNKNOWN_VALUE_FLAGGED,EaseMyTrip,EaseMyTrip,
OBSERVATION,OBS01323,total_fare,MONEY_QUANTIZED,6989,6989.00,
OBSERVATION,OBS01324,total_fare,MONEY_QUANTIZED,7901,7901.00,
OBSERVATION,OBS01325,total_fare,MONEY_QUANTIZED,6517,6517.00,
OBSERVATION,OBS01326,total_fare,MONEY_QUANTIZED,5309,5309.00,
OBSERVATION,OBS01327,total_fare,MONEY_QUANTIZED,9874,9874.00,
OBSERVATION,OBS01328,total_fare,MONEY_QUANTIZED,11402,11402.00,
OBSERVATION,OBS01329,total_fare,MONEY_QUANTIZED,6377,6377.00,
OBSERVATION,OBS01330,total_fare,MONEY_QUANTIZED,10347,10347.00,
OBSERVATION,OBS01331,source,UNKNOWN_VALUE_FLAGGED,EaseMyTrip,EaseMyTrip,
OBSERVATION,OBS01331,total_fare,MONEY_QUANTIZED,10216,10216.00,
OBSERVATION,OBS01332,total_fare,MONEY_QUANTIZED,7346,7346.00,
OBSERVATION,OBS01333,source,UNKNOWN_VALUE_FLAGGED,EaseMyTrip,EaseMyTrip,
OBSERVATION,OBS01333,total_fare,MONEY_QUANTIZED,7034,7034.00,
OBSERVATION,OBS01334,total_fare,MONEY_QUANTIZED,5232,5232.00,
OBSERVATION,OBS01335,total_fare,MONEY_QUANTIZED,5199,5199.00,
OBSERVATION,OBS01336,total_fare,MONEY_QUANTIZED,6377,6377.00,
OBSERVATION,OBS01337,total_fare,MONEY_QUANTIZED,7916,7916.00,
OBSERVATION,OBS01338,total_fare,MONEY_QUANTIZED,7786,7786.00,
OBSERVATION,OBS01339,total_fare,MONEY_QUANTIZED,7763,7763.00,
OBSERVATION,OBS01340,total_fare,MONEY_QUANTIZED,6438,6438.00,
OBSERVATION,OBS01341,source,UNKNOWN_VALUE_FLAGGED,EaseMyTrip,EaseMyTrip,
OBSERVATION,OBS01341,total_fare,MONEY_QUANTIZED,10316,10316.00,
OBSERVATION,OBS01342,total_fare,MONEY_QUANTIZED,10106,10106.00,
OBSERVATION,OBS01343,total_fare,MONEY_QUANTIZED,8743,8743.00,
OBSERVATION,OBS01344,total_fare,MONEY_QUANTIZED,9260,9260.00,
OBSERVATION,OBS01345,total_fare,MONEY_QUANTIZED,5377,5377.00,
OBSERVATION,OBS01346,total_fare,MONEY_QUANTIZED,5036,5036.00,
OBSERVATION,OBS01347,total_fare,MONEY_QUANTIZED,8374,8374.00,
OBSERVATION,OBS01348,total_fare,MONEY_QUANTIZED,8196,8196.00,
OBSERVATION,OBS01349,total_fare,MONEY_QUANTIZED,6649,6649.00,
OBSERVATION,OBS01350,total_fare,MONEY_QUANTIZED,6493,6493.00,
OBSERVATION,OBS01351,total_fare,MONEY_QUANTIZED,5085,5085.00,
OBSERVATION,OBS01352,source,UNKNOWN_VALUE_FLAGGED,EaseMyTrip,EaseMyTrip,
OBSERVATION,OBS01352,total_fare,MONEY_QUANTIZED,11585,11585.00,
OBSERVATION,OBS01353,source,UNKNOWN_VALUE_FLAGGED,EaseMyTrip,EaseMyTrip,
OBSERVATION,OBS01353,total_fare,MONEY_QUANTIZED,6832,6832.00,
OBSERVATION,OBS01354,source,UNKNOWN_VALUE_FLAGGED,EaseMyTrip,EaseMyTrip,
OBSERVATION,OBS01354,total_fare,MONEY_QUANTIZED,5879,5879.00,
OBSERVATION,OBS01355,total_fare,MONEY_QUANTIZED,5630,5630.00,
OBSERVATION,OBS01356,total_fare,MONEY_QUANTIZED,6888,6888.00,
OBSERVATION,OBS01357,total_fare,MONEY_QUANTIZED,7155,7155.00,
OBSERVATION,OBS01358,total_fare,MONEY_QUANTIZED,5081,5081.00,
OBSERVATION,OBS01359,source,UNKNOWN_VALUE_FLAGGED,EaseMyTrip,EaseMyTrip,
OBSERVATION,OBS01359,total_fare,MONEY_QUANTIZED,5299,5299.00,
OBSERVATION,OBS01360,total_fare,MONEY_QUANTIZED,7818,7818.00,
OBSERVATION,OBS01361,total_fare,MONEY_QUANTIZED,7343,7343.00,
OBSERVATION,OBS01362,total_fare,MONEY_QUANTIZED,9646,9646.00,
OBSERVATION,OBS01363,total_fare,MONEY_QUANTIZED,9234,9234.00,
OBSERVATION,OBS01364,total_fare,MONEY_QUANTIZED,10715,10715.00,
OBSERVATION,OBS01365,source,UNKNOWN_VALUE_FLAGGED,EaseMyTrip,EaseMyTrip,
OBSERVATION,OBS01365,total_fare,MONEY_QUANTIZED,8238,8238.00,
OBSERVATION,OBS01366,total_fare,MONEY_QUANTIZED,8230,8230.00,
OBSERVATION,OBS01367,total_fare,MONEY_QUANTIZED,5848,5848.00,
OBSERVATION,OBS01368,total_fare,MONEY_QUANTIZED,5399,5399.00,
OBSERVATION,OBS01369,total_fare,MONEY_QUANTIZED,7337,7337.00,
OBSERVATION,OBS01370,total_fare,MONEY_QUANTIZED,7184,7184.00,
OBSERVATION,OBS01371,source,UNKNOWN_VALUE_FLAGGED,EaseMyTrip,EaseMyTrip,
OBSERVATION,OBS01371,total_fare,MONEY_QUANTIZED,8255,8255.00,
OBSERVATION,OBS01372,total_fare,MONEY_QUANTIZED,8050,8050.00,
OBSERVATION,OBS01373,total_fare,MONEY_QUANTIZED,5035,5035.00,
OBSERVATION,OBS01374,total_fare,MONEY_QUANTIZED,5073,5073.00,
OBSERVATION,OBS01375,source,UNKNOWN_VALUE_FLAGGED,EaseMyTrip,EaseMyTrip,
OBSERVATION,OBS01375,total_fare,MONEY_QUANTIZED,5133,5133.00,
OBSERVATION,OBS01376,total_fare,MONEY_QUANTIZED,5337,5337.00,
OBSERVATION,OBS01377,source,UNKNOWN_VALUE_FLAGGED,EaseMyTrip,EaseMyTrip,
OBSERVATION,OBS01377,total_fare,MONEY_QUANTIZED,6472,6472.00,
OBSERVATION,OBS01378,source,UNKNOWN_VALUE_FLAGGED,EaseMyTrip,EaseMyTrip,
OBSERVATION,OBS01378,total_fare,MONEY_QUANTIZED,9526,9526.00,
OBSERVATION,OBS01379,total_fare,MONEY_QUANTIZED,11576,11576.00,
OBSERVATION,OBS01380,total_fare,MONEY_QUANTIZED,8333,8333.00,
OBSERVATION,OBS01381,total_fare,MONEY_QUANTIZED,10724,10724.00,
OBSERVATION,OBS01382,total_fare,MONEY_QUANTIZED,7403,7403.00,
OBSERVATION,OBS01383,source,UNKNOWN_VALUE_FLAGGED,EaseMyTrip,EaseMyTrip,
OBSERVATION,OBS01383,total_fare,MONEY_QUANTIZED,7215,7215.00,
OBSERVATION,OBS01384,total_fare,MONEY_QUANTIZED,4872,4872.00,
OBSERVATION,OBS01385,total_fare,MONEY_QUANTIZED,4988,4988.00,
OBSERVATION,OBS01386,total_fare,MONEY_QUANTIZED,6317,6317.00,
OBSERVATION,OBS01387,total_fare,MONEY_QUANTIZED,6309,6309.00,
OBSERVATION,OBS01388,total_fare,MONEY_QUANTIZED,7668,7668.00,
OBSERVATION,OBS01389,total_fare,MONEY_QUANTIZED,11125,11125.00,
OBSERVATION,OBS01390,total_fare,MONEY_QUANTIZED,6889,6889.00,
OBSERVATION,OBS01391,source,UNKNOWN_VALUE_FLAGGED,EaseMyTrip,EaseMyTrip,
OBSERVATION,OBS01391,total_fare,MONEY_QUANTIZED,6438,6438.00,
OBSERVATION,OBS01392,total_fare,MONEY_QUANTIZED,8499,8499.00,
OBSERVATION,OBS01393,source,UNKNOWN_VALUE_FLAGGED,EaseMyTrip,EaseMyTrip,
OBSERVATION,OBS01393,total_fare,MONEY_QUANTIZED,9187,9187.00,
OBSERVATION,OBS01394,total_fare,MONEY_QUANTIZED,5264,5264.00,
OBSERVATION,OBS01395,total_fare,MONEY_QUANTIZED,8347,8347.00,
OBSERVATION,OBS01396,total_fare,MONEY_QUANTIZED,8374,8374.00,
OBSERVATION,OBS01397,total_fare,MONEY_QUANTIZED,11963,11963.00,
OBSERVATION,OBS01398,total_fare,MONEY_QUANTIZED,11520,11520.00,
OBSERVATION,OBS01399,total_fare,MONEY_QUANTIZED,7130,7130.00,
OBSERVATION,OBS01400,source,UNKNOWN_VALUE_FLAGGED,EaseMyTrip,EaseMyTrip,
OBSERVATION,OBS01400,total_fare,MONEY_QUANTIZED,8215,8215.00,
OBSERVATION,OBS01401,total_fare,MONEY_QUANTIZED,8827,8827.00,
OBSERVATION,OBS01402,total_fare,MONEY_QUANTIZED,5788,5788.00,
OBSERVATION,OBS01403,total_fare,MONEY_QUANTIZED,5537,5537.00,
OBSERVATION,OBS01404,total_fare,MONEY_QUANTIZED,6865,6865.00,
OBSERVATION,OBS01405,total_fare,MONEY_QUANTIZED,5432,5432.00,
OBSERVATION,OBS01406,source,UNKNOWN_VALUE_FLAGGED,EaseMyTrip,EaseMyTrip,
OBSERVATION,OBS01406,total_fare,MONEY_QUANTIZED,6373,6373.00,
OBSERVATION,OBS01407,total_fare,MONEY_QUANTIZED,6572,6572.00,
OBSERVATION,OBS01408,total_fare,MONEY_QUANTIZED,11371,11371.00,
OBSERVATION,OBS01409,total_fare,MONEY_QUANTIZED,6905,6905.00,
OBSERVATION,OBS01410,source,UNKNOWN_VALUE_FLAGGED,EaseMyTrip,EaseMyTrip,
OBSERVATION,OBS01410,total_fare,MONEY_QUANTIZED,8759,8759.00,
OBSERVATION,OBS01411,total_fare,MONEY_QUANTIZED,8447,8447.00,
OBSERVATION,OBS01412,total_fare,MONEY_QUANTIZED,6955,6955.00,
OBSERVATION,OBS01413,total_fare,MONEY_QUANTIZED,8883,8883.00,
OBSERVATION,OBS01414,total_fare,MONEY_QUANTIZED,8349,8349.00,
OBSERVATION,OBS01415,total_fare,MONEY_QUANTIZED,6511,6511.00,
OBSERVATION,OBS01416,total_fare,MONEY_QUANTIZED,6738,6738.00,
OBSERVATION,OBS01417,total_fare,MONEY_QUANTIZED,9536,9536.00,
OBSERVATION,OBS01418,source,UNKNOWN_VALUE_FLAGGED,EaseMyTrip,EaseMyTrip,
OBSERVATION,OBS01418,total_fare,MONEY_QUANTIZED,9387,9387.00,
OBSERVATION,OBS01419,total_fare,MONEY_QUANTIZED,7711,7711.00,
OBSERVATION,OBS01420,total_fare,MONEY_QUANTIZED,8102,8102.00,
OBSERVATION,OBS01421,source,UNKNOWN_VALUE_FLAGGED,EaseMyTrip,EaseMyTrip,
OBSERVATION,OBS01421,total_fare,MONEY_QUANTIZED,8563,8563.00,
OBSERVATION,OBS01422,total_fare,MONEY_QUANTIZED,10305,10305.00,
OBSERVATION,OBS01423,source,UNKNOWN_VALUE_FLAGGED,EaseMyTrip,EaseMyTrip,
OBSERVATION,OBS01423,total_fare,MONEY_QUANTIZED,7182,7182.00,
OBSERVATION,OBS01424,total_fare,MONEY_QUANTIZED,7264,7264.00,
OBSERVATION,OBS01425,total_fare,MONEY_QUANTIZED,5720,5720.00,
OBSERVATION,OBS01426,source,UNKNOWN_VALUE_FLAGGED,EaseMyTrip,EaseMyTrip,
OBSERVATION,OBS01426,total_fare,MONEY_QUANTIZED,5801,5801.00,
OBSERVATION,OBS01427,total_fare,MONEY_QUANTIZED,5323,5323.00,
OBSERVATION,OBS01428,total_fare,MONEY_QUANTIZED,7953,7953.00,
OBSERVATION,OBS01429,total_fare,MONEY_QUANTIZED,6425,6425.00,
OBSERVATION,OBS01430,total_fare,MONEY_QUANTIZED,6595,6595.00,
OBSERVATION,OBS01431,total_fare,MONEY_QUANTIZED,7809,7809.00,
OBSERVATION,OBS01432,total_fare,MONEY_QUANTIZED,7910,7910.00,
OBSERVATION,OBS01433,total_fare,MONEY_QUANTIZED,11655,11655.00,
OBSERVATION,OBS01434,total_fare,MONEY_QUANTIZED,11448,11448.00,
OBSERVATION,OBS01435,source,UNKNOWN_VALUE_FLAGGED,EaseMyTrip,EaseMyTrip,
OBSERVATION,OBS01435,total_fare,MONEY_QUANTIZED,9717,9717.00,
OBSERVATION,OBS01436,total_fare,MONEY_QUANTIZED,9628,9628.00,
OBSERVATION,OBS01437,source,UNKNOWN_VALUE_FLAGGED,EaseMyTrip,EaseMyTrip,
OBSERVATION,OBS01437,total_fare,MONEY_QUANTIZED,8380,8380.00,
OBSERVATION,OBS01438,total_fare,MONEY_QUANTIZED,10463,10463.00,
OBSERVATION,OBS01439,total_fare,MONEY_QUANTIZED,7607,7607.00,
OBSERVATION,OBS01440,total_fare,MONEY_QUANTIZED,7492,7492.00,
OBSERVATION,OBS01441,source,UNKNOWN_VALUE_FLAGGED,EaseMyTrip,EaseMyTrip,
OBSERVATION,OBS01441,total_fare,MONEY_QUANTIZED,7838,7838.00,
OBSERVATION,OBS01442,total_fare,MONEY_QUANTIZED,6589,6589.00,
OBSERVATION,OBS01443,total_fare,MONEY_QUANTIZED,6593,6593.00,
OBSERVATION,OBS01444,total_fare,MONEY_QUANTIZED,5157,5157.00,
OBSERVATION,OBS01445,total_fare,MONEY_QUANTIZED,5213,5213.00,
OBSERVATION,OBS01446,source,UNKNOWN_VALUE_FLAGGED,EaseMyTrip,EaseMyTrip,
OBSERVATION,OBS01446,total_fare,MONEY_QUANTIZED,7437,7437.00,
OBSERVATION,OBS01447,source,UNKNOWN_VALUE_FLAGGED,EaseMyTrip,EaseMyTrip,
OBSERVATION,OBS01447,total_fare,MONEY_QUANTIZED,10103,10103.00,
OBSERVATION,OBS01448,total_fare,MONEY_QUANTIZED,8227,8227.00,
OBSERVATION,OBS01449,total_fare,MONEY_QUANTIZED,7472,7472.00,
OBSERVATION,OBS01450,total_fare,MONEY_QUANTIZED,8932,8932.00,
OBSERVATION,OBS01451,total_fare,MONEY_QUANTIZED,8672,8672.00,
OBSERVATION,OBS01452,total_fare,MONEY_QUANTIZED,5303,5303.00,
OBSERVATION,OBS01453,total_fare,MONEY_QUANTIZED,6339,6339.00,
OBSERVATION,OBS01454,total_fare,MONEY_QUANTIZED,6286,6286.00,
OBSERVATION,OBS01455,total_fare,MONEY_QUANTIZED,8407,8407.00,
OBSERVATION,OBS01456,total_fare,MONEY_QUANTIZED,7431,7431.00,
OBSERVATION,OBS01457,total_fare,MONEY_QUANTIZED,8245,8245.00,
OBSERVATION,OBS01458,source,UNKNOWN_VALUE_FLAGGED,EaseMyTrip,EaseMyTrip,
OBSERVATION,OBS01458,total_fare,MONEY_QUANTIZED,8925,8925.00,
OBSERVATION,OBS01459,total_fare,MONEY_QUANTIZED,6439,6439.00,
OBSERVATION,OBS01460,total_fare,MONEY_QUANTIZED,6833,6833.00,
OBSERVATION,OBS01461,total_fare,MONEY_QUANTIZED,8511,8511.00,
OBSERVATION,OBS01462,total_fare,MONEY_QUANTIZED,7589,7589.00,
OBSERVATION,OBS01463,source,UNKNOWN_VALUE_FLAGGED,EaseMyTrip,EaseMyTrip,
OBSERVATION,OBS01463,total_fare,MONEY_QUANTIZED,6663,6663.00,
OBSERVATION,OBS01464,total_fare,MONEY_QUANTIZED,6499,6499.00,
OBSERVATION,OBS01465,total_fare,MONEY_QUANTIZED,5313,5313.00,
OBSERVATION,OBS01466,total_fare,MONEY_QUANTIZED,5087,5087.00,
OBSERVATION,OBS01467,total_fare,MONEY_QUANTIZED,5063,5063.00,
OBSERVATION,OBS01468,total_fare,MONEY_QUANTIZED,8013,8013.00,
OBSERVATION,OBS01469,total_fare,MONEY_QUANTIZED,8324,8324.00,
OBSERVATION,OBS01470,total_fare,MONEY_QUANTIZED,9855,9855.00,
OBSERVATION,OBS01471,total_fare,MONEY_QUANTIZED,9265,9265.00,
OBSERVATION,OBS01472,total_fare,MONEY_QUANTIZED,10776,10776.00,
OBSERVATION,OBS01473,total_fare,MONEY_QUANTIZED,10376,10376.00,
OBSERVATION,OBS01474,total_fare,MONEY_QUANTIZED,8785,8785.00,
OBSERVATION,OBS01475,total_fare,MONEY_QUANTIZED,8522,8522.00,
OBSERVATION,OBS01476,total_fare,MONEY_QUANTIZED,8893,8893.00,
OBSERVATION,OBS01477,source,UNKNOWN_VALUE_FLAGGED,EaseMyTrip,EaseMyTrip,
OBSERVATION,OBS01477,total_fare,MONEY_QUANTIZED,8884,8884.00,
OBSERVATION,OBS01478,total_fare,MONEY_QUANTIZED,7019,7019.00,
OBSERVATION,OBS01479,total_fare,MONEY_QUANTIZED,7791,7791.00,
OBSERVATION,OBS01480,total_fare,MONEY_QUANTIZED,5115,5115.00,
OBSERVATION,OBS01481,total_fare,MONEY_QUANTIZED,5086,5086.00,
OBSERVATION,OBS01482,total_fare,MONEY_QUANTIZED,6532,6532.00,
OBSERVATION,OBS01483,source,UNKNOWN_VALUE_FLAGGED,EaseMyTrip,EaseMyTrip,
OBSERVATION,OBS01483,total_fare,MONEY_QUANTIZED,4868,4868.00,
OBSERVATION,OBS01484,total_fare,MONEY_QUANTIZED,5416,5416.00,
OBSERVATION,OBS01485,carrier,UNKNOWN_VALUE_FLAGGED,IX,IX,
OBSERVATION,OBS01485,total_fare,MONEY_QUANTIZED,7522,7522.00,
OBSERVATION,OBS01486,carrier,UNKNOWN_VALUE_FLAGGED,IX,IX,
OBSERVATION,OBS01486,total_fare,MONEY_QUANTIZED,7135,7135.00,
OBSERVATION,OBS01487,carrier,UNKNOWN_VALUE_FLAGGED,IX,IX,
OBSERVATION,OBS01487,total_fare,MONEY_QUANTIZED,10810,10810.00,
OBSERVATION,OBS01488,carrier,UNKNOWN_VALUE_FLAGGED,IX,IX,
OBSERVATION,OBS01488,total_fare,MONEY_QUANTIZED,8728,8728.00,
OBSERVATION,OBS01489,carrier,UNKNOWN_VALUE_FLAGGED,IX,IX,
OBSERVATION,OBS01489,total_fare,MONEY_QUANTIZED,8956,8956.00,
OBSERVATION,OBS01490,carrier,UNKNOWN_VALUE_FLAGGED,IX,IX,
OBSERVATION,OBS01490,total_fare,MONEY_QUANTIZED,7176,7176.00,
OBSERVATION,OBS01491,carrier,UNKNOWN_VALUE_FLAGGED,IX,IX,
OBSERVATION,OBS01491,total_fare,MONEY_QUANTIZED,7529,7529.00,
OBSERVATION,OBS01492,carrier,UNKNOWN_VALUE_FLAGGED,IX,IX,
OBSERVATION,OBS01492,total_fare,MONEY_QUANTIZED,6352,6352.00,
OBSERVATION,OBS01493,carrier,UNKNOWN_VALUE_FLAGGED,IX,IX,
OBSERVATION,OBS01493,total_fare,MONEY_QUANTIZED,6845,6845.00,
OBSERVATION,OBS01494,carrier,UNKNOWN_VALUE_FLAGGED,IX,IX,
OBSERVATION,OBS01494,total_fare,MONEY_QUANTIZED,6669,6669.00,
OBSERVATION,OBS01495,total_fare,MONEY_QUANTIZED,7779,7779.00,
OBSERVATION,OBS01496,total_fare,MONEY_QUANTIZED,7573,7573.00,
OBSERVATION,OBS01497,total_fare,MONEY_QUANTIZED,10384,10384.00,
OBSERVATION,OBS01498,total_fare,MONEY_QUANTIZED,8905,8905.00,
OBSERVATION,OBS01499,total_fare,MONEY_QUANTIZED,8931,8931.00,
OBSERVATION,OBS01500,source,UNKNOWN_VALUE_FLAGGED,EaseMyTrip,EaseMyTrip,
OBSERVATION,OBS01500,total_fare,MONEY_QUANTIZED,5578,5578.00,
OBSERVATION,OBS01501,total_fare,MONEY_QUANTIZED,5719,5719.00,
OBSERVATION,OBS01502,total_fare,MONEY_QUANTIZED,7789,7789.00,
OBSERVATION,OBS01503,total_fare,MONEY_QUANTIZED,6750,6750.00,
OBSERVATION,OBS01504,total_fare,MONEY_QUANTIZED,4916,4916.00,
OBSERVATION,OBS01505,total_fare,MONEY_QUANTIZED,9281,9281.00,
OBSERVATION,OBS01506,total_fare,MONEY_QUANTIZED,9586,9586.00,
OBSERVATION,OBS01507,total_fare,MONEY_QUANTIZED,8592,8592.00,
OBSERVATION,OBS01508,total_fare,MONEY_QUANTIZED,8117,8117.00,
OBSERVATION,OBS01509,total_fare,MONEY_QUANTIZED,6483,6483.00,
OBSERVATION,OBS01510,total_fare,MONEY_QUANTIZED,5406,5406.00,
OBSERVATION,OBS01511,total_fare,MONEY_QUANTIZED,5973,5973.00,
OBSERVATION,OBS01512,total_fare,MONEY_QUANTIZED,6927,6927.00,
OBSERVATION,OBS01513,source,UNKNOWN_VALUE_FLAGGED,EaseMyTrip,EaseMyTrip,
OBSERVATION,OBS01513,total_fare,MONEY_QUANTIZED,6916,6916.00,
OBSERVATION,OBS01514,total_fare,MONEY_QUANTIZED,6745,6745.00,
OBSERVATION,OBS01515,source,UNKNOWN_VALUE_FLAGGED,EaseMyTrip,EaseMyTrip,
OBSERVATION,OBS01515,total_fare,MONEY_QUANTIZED,8194,8194.00,
OBSERVATION,OBS01516,carrier,UNKNOWN_VALUE_FLAGGED,IX,IX,
OBSERVATION,OBS01516,total_fare,MONEY_QUANTIZED,7017,7017.00,
OBSERVATION,OBS01517,carrier,UNKNOWN_VALUE_FLAGGED,IX,IX,
OBSERVATION,OBS01517,total_fare,MONEY_QUANTIZED,7382,7382.00,
OBSERVATION,OBS01518,carrier,UNKNOWN_VALUE_FLAGGED,IX,IX,
OBSERVATION,OBS01518,total_fare,MONEY_QUANTIZED,11114,11114.00,
OBSERVATION,OBS01519,carrier,UNKNOWN_VALUE_FLAGGED,IX,IX,
OBSERVATION,OBS01519,total_fare,MONEY_QUANTIZED,10153,10153.00,
OBSERVATION,OBS01520,carrier,UNKNOWN_VALUE_FLAGGED,IX,IX,
OBSERVATION,OBS01520,total_fare,MONEY_QUANTIZED,10564,10564.00,
OBSERVATION,OBS01521,carrier,UNKNOWN_VALUE_FLAGGED,IX,IX,
OBSERVATION,OBS01521,source,UNKNOWN_VALUE_FLAGGED,EaseMyTrip,EaseMyTrip,
OBSERVATION,OBS01521,total_fare,MONEY_QUANTIZED,8228,8228.00,
OBSERVATION,OBS01522,carrier,UNKNOWN_VALUE_FLAGGED,IX,IX,
OBSERVATION,OBS01522,total_fare,MONEY_QUANTIZED,8766,8766.00,
OBSERVATION,OBS01523,carrier,UNKNOWN_VALUE_FLAGGED,IX,IX,
OBSERVATION,OBS01523,total_fare,MONEY_QUANTIZED,5493,5493.00,
OBSERVATION,OBS01524,carrier,UNKNOWN_VALUE_FLAGGED,IX,IX,
OBSERVATION,OBS01524,total_fare,MONEY_QUANTIZED,5940,5940.00,
OBSERVATION,OBS01525,carrier,UNKNOWN_VALUE_FLAGGED,IX,IX,
OBSERVATION,OBS01525,total_fare,MONEY_QUANTIZED,9074,9074.00,
OBSERVATION,OBS01526,carrier,UNKNOWN_VALUE_FLAGGED,IX,IX,
OBSERVATION,OBS01526,total_fare,MONEY_QUANTIZED,6487,6487.00,
OBSERVATION,OBS01527,carrier,UNKNOWN_VALUE_FLAGGED,IX,IX,
OBSERVATION,OBS01527,source,UNKNOWN_VALUE_FLAGGED,EaseMyTrip,EaseMyTrip,
OBSERVATION,OBS01527,total_fare,MONEY_QUANTIZED,7856,7856.00,
OBSERVATION,OBS01528,carrier,UNKNOWN_VALUE_FLAGGED,IX,IX,
OBSERVATION,OBS01528,total_fare,MONEY_QUANTIZED,8324,8324.00,
OBSERVATION,OBS01529,carrier,UNKNOWN_VALUE_FLAGGED,IX,IX,
OBSERVATION,OBS01529,total_fare,MONEY_QUANTIZED,6488,6488.00,
OBSERVATION,OBS01530,carrier,UNKNOWN_VALUE_FLAGGED,IX,IX,
OBSERVATION,OBS01530,source,UNKNOWN_VALUE_FLAGGED,EaseMyTrip,EaseMyTrip,
OBSERVATION,OBS01530,total_fare,MONEY_QUANTIZED,6566,6566.00,
OBSERVATION,OBS01531,total_fare,MONEY_QUANTIZED,11224,11224.00,
OBSERVATION,OBS01532,total_fare,MONEY_QUANTIZED,12266,12266.00,
OBSERVATION,OBS01533,total_fare,MONEY_QUANTIZED,7603,7603.00,
OBSERVATION,OBS01534,total_fare,MONEY_QUANTIZED,9051,9051.00,
OBSERVATION,OBS01535,total_fare,MONEY_QUANTIZED,8479,8479.00,
OBSERVATION,OBS01536,source,UNKNOWN_VALUE_FLAGGED,EaseMyTrip,EaseMyTrip,
OBSERVATION,OBS01536,total_fare,MONEY_QUANTIZED,5759,5759.00,
OBSERVATION,OBS01537,total_fare,MONEY_QUANTIZED,5839,5839.00,
OBSERVATION,OBS01538,total_fare,MONEY_QUANTIZED,7415,7415.00,
OBSERVATION,OBS01539,total_fare,MONEY_QUANTIZED,7615,7615.00,
OBSERVATION,OBS01540,total_fare,MONEY_QUANTIZED,8233,8233.00,
OBSERVATION,OBS01541,total_fare,MONEY_QUANTIZED,5275,5275.00,
OBSERVATION,OBS01542,total_fare,MONEY_QUANTIZED,6780,6780.00,
OBSERVATION,OBS01543,total_fare,MONEY_QUANTIZED,6665,6665.00,
OBSERVATION,OBS01544,total_fare,MONEY_QUANTIZED,7764,7764.00,
OBSERVATION,OBS01545,total_fare,MONEY_QUANTIZED,11742,11742.00,
OBSERVATION,OBS01546,total_fare,MONEY_QUANTIZED,11581,11581.00,
OBSERVATION,OBS01547,total_fare,MONEY_QUANTIZED,11003,11003.00,
OBSERVATION,OBS01548,source,UNKNOWN_VALUE_FLAGGED,EaseMyTrip,EaseMyTrip,
OBSERVATION,OBS01548,total_fare,MONEY_QUANTIZED,10805,10805.00,
OBSERVATION,OBS01549,total_fare,MONEY_QUANTIZED,8649,8649.00,
OBSERVATION,OBS01550,total_fare,MONEY_QUANTIZED,8609,8609.00,
OBSERVATION,OBS01551,total_fare,MONEY_QUANTIZED,7152,7152.00,
OBSERVATION,OBS01552,total_fare,MONEY_QUANTIZED,6488,6488.00,
OBSERVATION,OBS01553,total_fare,MONEY_QUANTIZED,6343,6343.00,
OBSERVATION,OBS01554,source,UNKNOWN_VALUE_FLAGGED,EaseMyTrip,EaseMyTrip,
OBSERVATION,OBS01554,total_fare,MONEY_QUANTIZED,6768,6768.00,
OBSERVATION,OBS01555,source,UNKNOWN_VALUE_FLAGGED,EaseMyTrip,EaseMyTrip,
OBSERVATION,OBS01555,total_fare,MONEY_QUANTIZED,9412,9412.00,
OBSERVATION,OBS01556,total_fare,MONEY_QUANTIZED,9982,9982.00,
OBSERVATION,OBS01557,total_fare,MONEY_QUANTIZED,7203,7203.00,
OBSERVATION,OBS01558,total_fare,MONEY_QUANTIZED,8643,8643.00,
OBSERVATION,OBS01559,total_fare,MONEY_QUANTIZED,10631,10631.00,
OBSERVATION,OBS01560,total_fare,MONEY_QUANTIZED,10701,10701.00,
OBSERVATION,OBS01561,total_fare,MONEY_QUANTIZED,7387,7387.00,
OBSERVATION,OBS01562,total_fare,MONEY_QUANTIZED,7383,7383.00,
OBSERVATION,OBS01563,total_fare,MONEY_QUANTIZED,5048,5048.00,
OBSERVATION,OBS01564,total_fare,MONEY_QUANTIZED,5209,5209.00,
OBSERVATION,OBS01565,total_fare,MONEY_QUANTIZED,8219,8219.00,
OBSERVATION,OBS01566,total_fare,MONEY_QUANTIZED,6747,6747.00,
OBSERVATION,OBS01567,total_fare,MONEY_QUANTIZED,6664,6664.00,
OBSERVATION,OBS01568,total_fare,MONEY_QUANTIZED,11457,11457.00,
OBSERVATION,OBS01569,source,UNKNOWN_VALUE_FLAGGED,EaseMyTrip,EaseMyTrip,
OBSERVATION,OBS01569,total_fare,MONEY_QUANTIZED,11773,11773.00,
OBSERVATION,OBS01570,source,UNKNOWN_VALUE_FLAGGED,EaseMyTrip,EaseMyTrip,
OBSERVATION,OBS01570,total_fare,MONEY_QUANTIZED,8244,8244.00,
OBSERVATION,OBS01571,total_fare,MONEY_QUANTIZED,6868,6868.00,
OBSERVATION,OBS01572,source,UNKNOWN_VALUE_FLAGGED,EaseMyTrip,EaseMyTrip,
OBSERVATION,OBS01572,total_fare,MONEY_QUANTIZED,7048,7048.00,
OBSERVATION,OBS01573,total_fare,MONEY_QUANTIZED,5797,5797.00,
OBSERVATION,OBS01574,total_fare,MONEY_QUANTIZED,5846,5846.00,
OBSERVATION,OBS01575,source,UNKNOWN_VALUE_FLAGGED,EaseMyTrip,EaseMyTrip,
OBSERVATION,OBS01575,total_fare,MONEY_QUANTIZED,6407,6407.00,
OBSERVATION,OBS01576,total_fare,MONEY_QUANTIZED,8379,8379.00,
OBSERVATION,OBS01577,source,UNKNOWN_VALUE_FLAGGED,EaseMyTrip,EaseMyTrip,
OBSERVATION,OBS01577,total_fare,MONEY_QUANTIZED,4879,4879.00,
OBSERVATION,OBS01578,total_fare,MONEY_QUANTIZED,8305,8305.00,
OBSERVATION,OBS01579,total_fare,MONEY_QUANTIZED,11970,11970.00,
OBSERVATION,OBS01580,source,UNKNOWN_VALUE_FLAGGED,EaseMyTrip,EaseMyTrip,
OBSERVATION,OBS01580,total_fare,MONEY_QUANTIZED,11355,11355.00,
OBSERVATION,OBS01581,total_fare,MONEY_QUANTIZED,7041,7041.00,
OBSERVATION,OBS01582,total_fare,MONEY_QUANTIZED,10459,10459.00,
OBSERVATION,OBS01583,total_fare,MONEY_QUANTIZED,5673,5673.00,
OBSERVATION,OBS01584,total_fare,MONEY_QUANTIZED,5637,5637.00,
OBSERVATION,OBS01585,total_fare,MONEY_QUANTIZED,5403,5403.00,
OBSERVATION,OBS01586,source,UNKNOWN_VALUE_FLAGGED,EaseMyTrip,EaseMyTrip,
OBSERVATION,OBS01586,total_fare,MONEY_QUANTIZED,5302,5302.00,
OBSERVATION,OBS01587,total_fare,MONEY_QUANTIZED,7690,7690.00,
OBSERVATION,OBS01588,total_fare,MONEY_QUANTIZED,5364,5364.00,
OBSERVATION,OBS01589,total_fare,MONEY_QUANTIZED,5153,5153.00,
OBSERVATION,OBS01590,carrier,UNKNOWN_VALUE_FLAGGED,IX,IX,
OBSERVATION,OBS01590,source,UNKNOWN_VALUE_FLAGGED,EaseMyTrip,EaseMyTrip,
OBSERVATION,OBS01590,total_fare,MONEY_QUANTIZED,11294,11294.00,
OBSERVATION,OBS01591,carrier,UNKNOWN_VALUE_FLAGGED,IX,IX,
OBSERVATION,OBS01591,total_fare,MONEY_QUANTIZED,8261,8261.00,
OBSERVATION,OBS01592,carrier,UNKNOWN_VALUE_FLAGGED,IX,IX,
OBSERVATION,OBS01592,source,UNKNOWN_VALUE_FLAGGED,EaseMyTrip,EaseMyTrip,
OBSERVATION,OBS01592,total_fare,MONEY_QUANTIZED,9065,9065.00,
OBSERVATION,OBS01593,carrier,UNKNOWN_VALUE_FLAGGED,IX,IX,
OBSERVATION,OBS01593,total_fare,MONEY_QUANTIZED,10486,10486.00,
OBSERVATION,OBS01594,carrier,UNKNOWN_VALUE_FLAGGED,IX,IX,
OBSERVATION,OBS01594,total_fare,MONEY_QUANTIZED,8685,8685.00,
OBSERVATION,OBS01595,carrier,UNKNOWN_VALUE_FLAGGED,IX,IX,
OBSERVATION,OBS01595,total_fare,MONEY_QUANTIZED,8824,8824.00,
OBSERVATION,OBS01596,carrier,UNKNOWN_VALUE_FLAGGED,IX,IX,
OBSERVATION,OBS01596,total_fare,MONEY_QUANTIZED,7399,7399.00,
OBSERVATION,OBS01597,carrier,UNKNOWN_VALUE_FLAGGED,IX,IX,
OBSERVATION,OBS01597,total_fare,MONEY_QUANTIZED,7376,7376.00,
OBSERVATION,OBS01598,carrier,UNKNOWN_VALUE_FLAGGED,IX,IX,
OBSERVATION,OBS01598,total_fare,MONEY_QUANTIZED,5318,5318.00,
OBSERVATION,OBS01599,carrier,UNKNOWN_VALUE_FLAGGED,IX,IX,
OBSERVATION,OBS01599,total_fare,MONEY_QUANTIZED,4912,4912.00,
OBSERVATION,OBS01600,carrier,UNKNOWN_VALUE_FLAGGED,IX,IX,
OBSERVATION,OBS01600,total_fare,MONEY_QUANTIZED,6700,6700.00,
OBSERVATION,OBS01601,carrier,UNKNOWN_VALUE_FLAGGED,IX,IX,
OBSERVATION,OBS01601,total_fare,MONEY_QUANTIZED,7949,7949.00,
OBSERVATION,OBS01602,carrier,UNKNOWN_VALUE_FLAGGED,IX,IX,
OBSERVATION,OBS01602,total_fare,MONEY_QUANTIZED,8304,8304.00,
OBSERVATION,OBS01603,total_fare,MONEY_QUANTIZED,9894,9894.00,
OBSERVATION,OBS01604,total_fare,MONEY_QUANTIZED,9816,9816.00,
OBSERVATION,OBS01605,total_fare,MONEY_QUANTIZED,10237,10237.00,
OBSERVATION,OBS01606,total_fare,MONEY_QUANTIZED,10862,10862.00,
OBSERVATION,OBS01607,total_fare,MONEY_QUANTIZED,6703,6703.00,
OBSERVATION,OBS01608,total_fare,MONEY_QUANTIZED,5910,5910.00,
OBSERVATION,OBS01609,total_fare,MONEY_QUANTIZED,7518,7518.00,
OBSERVATION,OBS01610,total_fare,MONEY_QUANTIZED,7556,7556.00,
OBSERVATION,OBS01611,total_fare,MONEY_QUANTIZED,5231,5231.00,
OBSERVATION,OBS01612,total_fare,MONEY_QUANTIZED,7932,7932.00,
OBSERVATION,OBS01613,total_fare,MONEY_QUANTIZED,7713,7713.00,
OBSERVATION,OBS01614,total_fare,MONEY_QUANTIZED,8021,8021.00,
OBSERVATION,OBS01615,total_fare,MONEY_QUANTIZED,7419,7419.00,
OBSERVATION,OBS01616,source,UNKNOWN_VALUE_FLAGGED,EaseMyTrip,EaseMyTrip,
OBSERVATION,OBS01616,total_fare,MONEY_QUANTIZED,7159,7159.00,
OBSERVATION,OBS01617,total_fare,MONEY_QUANTIZED,10944,10944.00,
OBSERVATION,OBS01618,total_fare,MONEY_QUANTIZED,10275,10275.00,
OBSERVATION,OBS01619,total_fare,MONEY_QUANTIZED,5785,5785.00,
OBSERVATION,OBS01620,source,UNKNOWN_VALUE_FLAGGED,EaseMyTrip,EaseMyTrip,
OBSERVATION,OBS01620,total_fare,MONEY_QUANTIZED,5705,5705.00,
OBSERVATION,OBS01621,total_fare,MONEY_QUANTIZED,6619,6619.00,
OBSERVATION,OBS01622,total_fare,MONEY_QUANTIZED,8301,8301.00,
OBSERVATION,OBS01623,total_fare,MONEY_QUANTIZED,7746,7746.00,
OBSERVATION,OBS01624,total_fare,MONEY_QUANTIZED,6907,6907.00,
OBSERVATION,OBS01625,total_fare,MONEY_QUANTIZED,6686,6686.00,
OBSERVATION,OBS01626,total_fare,MONEY_QUANTIZED,5191,5191.00,
OBSERVATION,OBS01627,total_fare,MONEY_QUANTIZED,12325,12325.00,
OBSERVATION,OBS01628,total_fare,MONEY_QUANTIZED,10525,10525.00,
OBSERVATION,OBS01629,total_fare,MONEY_QUANTIZED,8772,8772.00,
OBSERVATION,OBS01630,total_fare,MONEY_QUANTIZED,7889,7889.00,
OBSERVATION,OBS01631,total_fare,MONEY_QUANTIZED,7959,7959.00,
OBSERVATION,OBS01632,total_fare,MONEY_QUANTIZED,6460,6460.00,
OBSERVATION,OBS01633,total_fare,MONEY_QUANTIZED,6290,6290.00,
OBSERVATION,OBS01634,total_fare,MONEY_QUANTIZED,4979,4979.00,
OBSERVATION,OBS01635,total_fare,MONEY_QUANTIZED,7211,7211.00,
OBSERVATION,OBS01636,total_fare,MONEY_QUANTIZED,7251,7251.00,
OBSERVATION,OBS01637,total_fare,MONEY_QUANTIZED,9009,9009.00,
OBSERVATION,OBS01638,total_fare,MONEY_QUANTIZED,8522,8522.00,
OBSERVATION,OBS01639,total_fare,MONEY_QUANTIZED,6662,6662.00,
OBSERVATION,OBS01640,total_fare,MONEY_QUANTIZED,7105,7105.00,
OBSERVATION,OBS01641,total_fare,MONEY_QUANTIZED,7378,7378.00,
OBSERVATION,OBS01642,total_fare,MONEY_QUANTIZED,5091,5091.00,
OBSERVATION,OBS01643,total_fare,MONEY_QUANTIZED,6723,6723.00,
OBSERVATION,OBS01644,total_fare,MONEY_QUANTIZED,8206,8206.00,
OBSERVATION,OBS01645,total_fare,MONEY_QUANTIZED,7887,7887.00,
OBSERVATION,OBS01646,source,UNKNOWN_VALUE_FLAGGED,EaseMyTrip,EaseMyTrip,
OBSERVATION,OBS01646,total_fare,MONEY_QUANTIZED,6924,6924.00,
OBSERVATION,OBS01647,source,UNKNOWN_VALUE_FLAGGED,EaseMyTrip,EaseMyTrip,
OBSERVATION,OBS01647,total_fare,MONEY_QUANTIZED,7615,7615.00,
OBSERVATION,OBS01648,total_fare,MONEY_QUANTIZED,7199,7199.00,
OBSERVATION,OBS01649,source,UNKNOWN_VALUE_FLAGGED,EaseMyTrip,EaseMyTrip,
OBSERVATION,OBS01649,total_fare,MONEY_QUANTIZED,12172,12172.00,
OBSERVATION,OBS01650,total_fare,MONEY_QUANTIZED,12295,12295.00,
OBSERVATION,OBS01651,total_fare,MONEY_QUANTIZED,6463,6463.00,
OBSERVATION,OBS01652,source,UNKNOWN_VALUE_FLAGGED,EaseMyTrip,EaseMyTrip,
OBSERVATION,OBS01652,total_fare,MONEY_QUANTIZED,11117,11117.00,
OBSERVATION,OBS01653,total_fare,MONEY_QUANTIZED,9449,9449.00,
OBSERVATION,OBS01654,source,UNKNOWN_VALUE_FLAGGED,EaseMyTrip,EaseMyTrip,
OBSERVATION,OBS01654,total_fare,MONEY_QUANTIZED,8801,8801.00,
OBSERVATION,OBS01655,total_fare,MONEY_QUANTIZED,5179,5179.00,
OBSERVATION,OBS01656,total_fare,MONEY_QUANTIZED,5160,5160.00,
OBSERVATION,OBS01657,total_fare,MONEY_QUANTIZED,6560,6560.00,
OBSERVATION,OBS01658,source,UNKNOWN_VALUE_FLAGGED,EaseMyTrip,EaseMyTrip,
OBSERVATION,OBS01658,total_fare,MONEY_QUANTIZED,7680,7680.00,
OBSERVATION,OBS01659,total_fare,MONEY_QUANTIZED,5419,5419.00,
OBSERVATION,OBS01660,total_fare,MONEY_QUANTIZED,9578,9578.00,
OBSERVATION,OBS01661,total_fare,MONEY_QUANTIZED,7711,7711.00,
OBSERVATION,OBS01662,total_fare,MONEY_QUANTIZED,7665,7665.00,
OBSERVATION,OBS01663,total_fare,MONEY_QUANTIZED,7098,7098.00,
OBSERVATION,OBS01664,source,UNKNOWN_VALUE_FLAGGED,EaseMyTrip,EaseMyTrip,
OBSERVATION,OBS01664,total_fare,MONEY_QUANTIZED,6508,6508.00,
OBSERVATION,OBS01665,total_fare,MONEY_QUANTIZED,5564,5564.00,
OBSERVATION,OBS01666,total_fare,MONEY_QUANTIZED,5149,5149.00,
OBSERVATION,OBS01667,total_fare,MONEY_QUANTIZED,8323,8323.00,
OBSERVATION,OBS01668,source,UNKNOWN_VALUE_FLAGGED,EaseMyTrip,EaseMyTrip,
OBSERVATION,OBS01668,total_fare,MONEY_QUANTIZED,4939,4939.00,
OBSERVATION,OBS01669,total_fare,MONEY_QUANTIZED,5175,5175.00,
OBSERVATION,OBS01670,total_fare,MONEY_QUANTIZED,7890,7890.00,
OBSERVATION,OBS01671,source,UNKNOWN_VALUE_FLAGGED,EaseMyTrip,EaseMyTrip,
OBSERVATION,OBS01671,total_fare,MONEY_QUANTIZED,7990,7990.00,
OBSERVATION,OBS01672,total_fare,MONEY_QUANTIZED,11527,11527.00,
OBSERVATION,OBS01673,total_fare,MONEY_QUANTIZED,8374,8374.00,
OBSERVATION,OBS01674,total_fare,MONEY_QUANTIZED,8907,8907.00,
OBSERVATION,OBS01675,total_fare,MONEY_QUANTIZED,6583,6583.00,
OBSERVATION,OBS01676,total_fare,MONEY_QUANTIZED,6608,6608.00,
OBSERVATION,OBS01677,total_fare,MONEY_QUANTIZED,7605,7605.00,
OBSERVATION,OBS01678,total_fare,MONEY_QUANTIZED,7080,7080.00,
OBSERVATION,OBS01679,total_fare,MONEY_QUANTIZED,5342,5342.00,
OBSERVATION,OBS01680,total_fare,MONEY_QUANTIZED,6586,6586.00,
OBSERVATION,OBS01681,total_fare,MONEY_QUANTIZED,6838,6838.00,
OBSERVATION,OBS01682,total_fare,MONEY_QUANTIZED,6882,6882.00,
OBSERVATION,OBS01683,total_fare,MONEY_QUANTIZED,5241,5241.00,
OBSERVATION,OBS01684,source,UNKNOWN_VALUE_FLAGGED,EaseMyTrip,EaseMyTrip,
OBSERVATION,OBS01684,total_fare,MONEY_QUANTIZED,7236,7236.00,
OBSERVATION,OBS01685,source,UNKNOWN_VALUE_FLAGGED,EaseMyTrip,EaseMyTrip,
OBSERVATION,OBS01685,total_fare,MONEY_QUANTIZED,7022,7022.00,
OBSERVATION,OBS01686,total_fare,MONEY_QUANTIZED,8609,8609.00,
OBSERVATION,OBS01687,total_fare,MONEY_QUANTIZED,7452,7452.00,
OBSERVATION,OBS01688,total_fare,MONEY_QUANTIZED,5153,5153.00,
OBSERVATION,OBS01689,source,UNKNOWN_VALUE_FLAGGED,EaseMyTrip,EaseMyTrip,
OBSERVATION,OBS01689,total_fare,MONEY_QUANTIZED,7856,7856.00,
OBSERVATION,OBS01690,total_fare,MONEY_QUANTIZED,11286,11286.00,
OBSERVATION,OBS01691,total_fare,MONEY_QUANTIZED,9496,9496.00,
OBSERVATION,OBS01692,total_fare,MONEY_QUANTIZED,8516,8516.00,
OBSERVATION,OBS01693,total_fare,MONEY_QUANTIZED,6763,6763.00,
OBSERVATION,OBS01694,total_fare,MONEY_QUANTIZED,6541,6541.00,
OBSERVATION,OBS01695,total_fare,MONEY_QUANTIZED,7461,7461.00,
OBSERVATION,OBS01696,source,UNKNOWN_VALUE_FLAGGED,EaseMyTrip,EaseMyTrip,
OBSERVATION,OBS01696,total_fare,MONEY_QUANTIZED,7595,7595.00,
OBSERVATION,OBS01697,total_fare,MONEY_QUANTIZED,8340,8340.00,
OBSERVATION,OBS01698,total_fare,MONEY_QUANTIZED,8427,8427.00,
OBSERVATION,OBS01699,total_fare,MONEY_QUANTIZED,6506,6506.00,
OBSERVATION,OBS01700,total_fare,MONEY_QUANTIZED,8094,8094.00,
OBSERVATION,OBS01701,total_fare,MONEY_QUANTIZED,7960,7960.00,
OBSERVATION,OBS01702,total_fare,MONEY_QUANTIZED,9499,9499.00,
OBSERVATION,OBS01703,total_fare,MONEY_QUANTIZED,9463,9463.00,
OBSERVATION,OBS01704,total_fare,MONEY_QUANTIZED,6793,6793.00,
OBSERVATION,OBS01705,total_fare,MONEY_QUANTIZED,10261,10261.00,
OBSERVATION,OBS01706,source,UNKNOWN_VALUE_FLAGGED,EaseMyTrip,EaseMyTrip,
OBSERVATION,OBS01706,total_fare,MONEY_QUANTIZED,10236,10236.00,
OBSERVATION,OBS01707,total_fare,MONEY_QUANTIZED,7142,7142.00,
OBSERVATION,OBS01708,total_fare,MONEY_QUANTIZED,5182,5182.00,
OBSERVATION,OBS01709,total_fare,MONEY_QUANTIZED,7982,7982.00,
OBSERVATION,OBS01710,total_fare,MONEY_QUANTIZED,8227,8227.00,
OBSERVATION,OBS01711,total_fare,MONEY_QUANTIZED,8284,8284.00,
OBSERVATION,OBS01712,total_fare,MONEY_QUANTIZED,5172,5172.00,
OBSERVATION,OBS01713,total_fare,MONEY_QUANTIZED,12104,12104.00,
OBSERVATION,OBS01714,source,UNKNOWN_VALUE_FLAGGED,EaseMyTrip,EaseMyTrip,
OBSERVATION,OBS01714,total_fare,MONEY_QUANTIZED,9420,9420.00,
OBSERVATION,OBS01715,total_fare,MONEY_QUANTIZED,6542,6542.00,
OBSERVATION,OBS01716,total_fare,MONEY_QUANTIZED,7019,7019.00,
OBSERVATION,OBS01717,total_fare,MONEY_QUANTIZED,10631,10631.00,
OBSERVATION,OBS01718,total_fare,MONEY_QUANTIZED,7593,7593.00,
OBSERVATION,OBS01719,total_fare,MONEY_QUANTIZED,8826,8826.00,
OBSERVATION,OBS01720,source,UNKNOWN_VALUE_FLAGGED,EaseMyTrip,EaseMyTrip,
OBSERVATION,OBS01720,total_fare,MONEY_QUANTIZED,9170,9170.00,
OBSERVATION,OBS01721,total_fare,MONEY_QUANTIZED,5102,5102.00,
OBSERVATION,OBS01722,total_fare,MONEY_QUANTIZED,5371,5371.00,
OBSERVATION,OBS01723,total_fare,MONEY_QUANTIZED,4984,4984.00,
OBSERVATION,OBS01724,total_fare,MONEY_QUANTIZED,6505,6505.00,
OBSERVATION,OBS01725,source,UNKNOWN_VALUE_FLAGGED,EaseMyTrip,EaseMyTrip,
OBSERVATION,OBS01725,total_fare,MONEY_QUANTIZED,7509,7509.00,
OBSERVATION,OBS01726,total_fare,MONEY_QUANTIZED,7484,7484.00,
OBSERVATION,OBS01727,total_fare,MONEY_QUANTIZED,11587,11587.00,
OBSERVATION,OBS01728,source,UNKNOWN_VALUE_FLAGGED,EaseMyTrip,EaseMyTrip,
OBSERVATION,OBS01728,total_fare,MONEY_QUANTIZED,11686,11686.00,
OBSERVATION,OBS01729,total_fare,MONEY_QUANTIZED,9017,9017.00,
OBSERVATION,OBS01730,total_fare,MONEY_QUANTIZED,7117,7117.00,
OBSERVATION,OBS01731,total_fare,MONEY_QUANTIZED,7780,7780.00,
OBSERVATION,OBS01732,source,UNKNOWN_VALUE_FLAGGED,EaseMyTrip,EaseMyTrip,
OBSERVATION,OBS01732,total_fare,MONEY_QUANTIZED,6953,6953.00,
OBSERVATION,OBS01733,total_fare,MONEY_QUANTIZED,7846,7846.00,
OBSERVATION,OBS01734,total_fare,MONEY_QUANTIZED,8267,8267.00,
OBSERVATION,OBS01735,source,UNKNOWN_VALUE_FLAGGED,EaseMyTrip,EaseMyTrip,
OBSERVATION,OBS01735,total_fare,MONEY_QUANTIZED,12142,12142.00,
OBSERVATION,OBS01736,total_fare,MONEY_QUANTIZED,11409,11409.00,
OBSERVATION,OBS01737,total_fare,MONEY_QUANTIZED,7726,7726.00,
OBSERVATION,OBS01738,total_fare,MONEY_QUANTIZED,7366,7366.00,
OBSERVATION,OBS01739,total_fare,MONEY_QUANTIZED,6800,6800.00,
OBSERVATION,OBS01740,total_fare,MONEY_QUANTIZED,6444,6444.00,
OBSERVATION,OBS01741,total_fare,MONEY_QUANTIZED,9002,9002.00,
OBSERVATION,OBS01742,total_fare,MONEY_QUANTIZED,8964,8964.00,
OBSERVATION,OBS01743,total_fare,MONEY_QUANTIZED,9279,9279.00,
OBSERVATION,OBS01744,total_fare,MONEY_QUANTIZED,7389,7389.00,
OBSERVATION,OBS01745,total_fare,MONEY_QUANTIZED,7663,7663.00,
OBSERVATION,OBS01746,total_fare,MONEY_QUANTIZED,7706,7706.00,
OBSERVATION,OBS01747,total_fare,MONEY_QUANTIZED,7723,7723.00,
OBSERVATION,OBS01748,source,UNKNOWN_VALUE_FLAGGED,EaseMyTrip,EaseMyTrip,
OBSERVATION,OBS01748,total_fare,MONEY_QUANTIZED,6674,6674.00,
OBSERVATION,OBS01749,total_fare,MONEY_QUANTIZED,6276,6276.00,
OBSERVATION,OBS01750,total_fare,MONEY_QUANTIZED,5037,5037.00,
OBSERVATION,OBS01751,total_fare,MONEY_QUANTIZED,5018,5018.00,
OBSERVATION,OBS01752,total_fare,MONEY_QUANTIZED,11743,11743.00,
OBSERVATION,OBS01753,total_fare,MONEY_QUANTIZED,11583,11583.00,
OBSERVATION,OBS01754,total_fare,MONEY_QUANTIZED,7292,7292.00,
OBSERVATION,OBS01755,total_fare,MONEY_QUANTIZED,7467,7467.00,
OBSERVATION,OBS01756,total_fare,MONEY_QUANTIZED,6768,6768.00,
OBSERVATION,OBS01757,source,UNKNOWN_VALUE_FLAGGED,EaseMyTrip,EaseMyTrip,
OBSERVATION,OBS01757,total_fare,MONEY_QUANTIZED,10650,10650.00,
OBSERVATION,OBS01758,total_fare,MONEY_QUANTIZED,8538,8538.00,
OBSERVATION,OBS01759,total_fare,MONEY_QUANTIZED,8982,8982.00,
OBSERVATION,OBS01760,source,UNKNOWN_VALUE_FLAGGED,EaseMyTrip,EaseMyTrip,
OBSERVATION,OBS01760,total_fare,MONEY_QUANTIZED,8035,8035.00,
OBSERVATION,OBS01761,total_fare,MONEY_QUANTIZED,7607,7607.00,
OBSERVATION,OBS01762,total_fare,MONEY_QUANTIZED,8074,8074.00,
OBSERVATION,OBS01763,total_fare,MONEY_QUANTIZED,7920,7920.00,
OBSERVATION,OBS01764,total_fare,MONEY_QUANTIZED,6818,6818.00,
OBSERVATION,OBS01765,source,UNKNOWN_VALUE_FLAGGED,EaseMyTrip,EaseMyTrip,
OBSERVATION,OBS01765,total_fare,MONEY_QUANTIZED,6662,6662.00,
OBSERVATION,OBS01766,carrier,UNKNOWN_VALUE_FLAGGED,IX,IX,
OBSERVATION,OBS01766,total_fare,MONEY_QUANTIZED,11542,11542.00,
OBSERVATION,OBS01767,carrier,UNKNOWN_VALUE_FLAGGED,IX,IX,
OBSERVATION,OBS01767,total_fare,MONEY_QUANTIZED,7862,7862.00,
OBSERVATION,OBS01768,carrier,UNKNOWN_VALUE_FLAGGED,IX,IX,
OBSERVATION,OBS01768,total_fare,MONEY_QUANTIZED,7943,7943.00,
OBSERVATION,OBS01769,carrier,UNKNOWN_VALUE_FLAGGED,IX,IX,
OBSERVATION,OBS01769,total_fare,MONEY_QUANTIZED,8681,8681.00,
OBSERVATION,OBS01770,carrier,UNKNOWN_VALUE_FLAGGED,IX,IX,
OBSERVATION,OBS01770,total_fare,MONEY_QUANTIZED,7313,7313.00,
OBSERVATION,OBS01771,carrier,UNKNOWN_VALUE_FLAGGED,IX,IX,
OBSERVATION,OBS01771,total_fare,MONEY_QUANTIZED,7520,7520.00,
OBSERVATION,OBS01772,carrier,UNKNOWN_VALUE_FLAGGED,IX,IX,
OBSERVATION,OBS01772,total_fare,MONEY_QUANTIZED,6009,6009.00,
OBSERVATION,OBS01773,carrier,UNKNOWN_VALUE_FLAGGED,IX,IX,
OBSERVATION,OBS01773,total_fare,MONEY_QUANTIZED,5524,5524.00,
OBSERVATION,OBS01774,carrier,UNKNOWN_VALUE_FLAGGED,IX,IX,
OBSERVATION,OBS01774,total_fare,MONEY_QUANTIZED,8178,8178.00,
OBSERVATION,OBS01775,carrier,UNKNOWN_VALUE_FLAGGED,IX,IX,
OBSERVATION,OBS01775,source,UNKNOWN_VALUE_FLAGGED,EaseMyTrip,EaseMyTrip,
OBSERVATION,OBS01775,total_fare,MONEY_QUANTIZED,6716,6716.00,
OBSERVATION,OBS01776,carrier,UNKNOWN_VALUE_FLAGGED,IX,IX,
OBSERVATION,OBS01776,total_fare,MONEY_QUANTIZED,5285,5285.00,
OBSERVATION,OBS01777,total_fare,MONEY_QUANTIZED,7432,7432.00,
OBSERVATION,OBS01778,total_fare,MONEY_QUANTIZED,6555,6555.00,
OBSERVATION,OBS01779,total_fare,MONEY_QUANTIZED,10844,10844.00,
OBSERVATION,OBS01780,source,UNKNOWN_VALUE_FLAGGED,EaseMyTrip,EaseMyTrip,
OBSERVATION,OBS01780,total_fare,MONEY_QUANTIZED,7441,7441.00,
OBSERVATION,OBS01781,total_fare,MONEY_QUANTIZED,7694,7694.00,
OBSERVATION,OBS01782,source,UNKNOWN_VALUE_FLAGGED,EaseMyTrip,EaseMyTrip,
OBSERVATION,OBS01782,total_fare,MONEY_QUANTIZED,8194,8194.00,
OBSERVATION,OBS01783,total_fare,MONEY_QUANTIZED,6355,6355.00,
OBSERVATION,OBS01784,source,UNKNOWN_VALUE_FLAGGED,EaseMyTrip,EaseMyTrip,
OBSERVATION,OBS01784,total_fare,MONEY_QUANTIZED,6235,6235.00,
OBSERVATION,OBS01785,total_fare,MONEY_QUANTIZED,5273,5273.00,
OBSERVATION,OBS01786,total_fare,MONEY_QUANTIZED,7900,7900.00,
OBSERVATION,OBS01787,source,UNKNOWN_VALUE_FLAGGED,EaseMyTrip,EaseMyTrip,
OBSERVATION,OBS01787,total_fare,MONEY_QUANTIZED,9574,9574.00,
OBSERVATION,OBS01788,total_fare,MONEY_QUANTIZED,7324,7324.00,
OBSERVATION,OBS01789,total_fare,MONEY_QUANTIZED,6740,6740.00,
OBSERVATION,OBS01790,total_fare,MONEY_QUANTIZED,6599,6599.00,
OBSERVATION,OBS01791,total_fare,MONEY_QUANTIZED,11001,11001.00,
OBSERVATION,OBS01792,source,UNKNOWN_VALUE_FLAGGED,EaseMyTrip,EaseMyTrip,
OBSERVATION,OBS01792,total_fare,MONEY_QUANTIZED,10418,10418.00,
OBSERVATION,OBS01793,total_fare,MONEY_QUANTIZED,6080,6080.00,
OBSERVATION,OBS01794,total_fare,MONEY_QUANTIZED,5850,5850.00,
OBSERVATION,OBS01795,total_fare,MONEY_QUANTIZED,9448,9448.00,
OBSERVATION,OBS01796,total_fare,MONEY_QUANTIZED,8570,8570.00,
OBSERVATION,OBS01797,total_fare,MONEY_QUANTIZED,6230,6230.00,
OBSERVATION,OBS01798,total_fare,MONEY_QUANTIZED,5333,5333.00,
OBSERVATION,OBS01799,total_fare,MONEY_QUANTIZED,4917,4917.00,
OBSERVATION,OBS01800,total_fare,MONEY_QUANTIZED,6457,6457.00,
OBSERVATION,OBS01801,source,UNKNOWN_VALUE_FLAGGED,EaseMyTrip,EaseMyTrip,
OBSERVATION,OBS01801,total_fare,MONEY_QUANTIZED,8426,8426.00,
OBSERVATION,OBS01802,carrier,UNKNOWN_VALUE_FLAGGED,IX,IX,
OBSERVATION,OBS01802,total_fare,MONEY_QUANTIZED,7642,7642.00,
OBSERVATION,OBS01803,carrier,UNKNOWN_VALUE_FLAGGED,IX,IX,
OBSERVATION,OBS01803,total_fare,MONEY_QUANTIZED,7686,7686.00,
OBSERVATION,OBS01804,carrier,UNKNOWN_VALUE_FLAGGED,IX,IX,
OBSERVATION,OBS01804,total_fare,MONEY_QUANTIZED,9316,9316.00,
OBSERVATION,OBS01805,carrier,UNKNOWN_VALUE_FLAGGED,IX,IX,
OBSERVATION,OBS01805,total_fare,MONEY_QUANTIZED,9995,9995.00,
OBSERVATION,OBS01806,carrier,UNKNOWN_VALUE_FLAGGED,IX,IX,
OBSERVATION,OBS01806,source,UNKNOWN_VALUE_FLAGGED,EaseMyTrip,EaseMyTrip,
OBSERVATION,OBS01806,total_fare,MONEY_QUANTIZED,10196,10196.00,
OBSERVATION,OBS01807,carrier,UNKNOWN_VALUE_FLAGGED,IX,IX,
OBSERVATION,OBS01807,total_fare,MONEY_QUANTIZED,10153,10153.00,
OBSERVATION,OBS01808,carrier,UNKNOWN_VALUE_FLAGGED,IX,IX,
OBSERVATION,OBS01808,total_fare,MONEY_QUANTIZED,5995,5995.00,
OBSERVATION,OBS01809,carrier,UNKNOWN_VALUE_FLAGGED,IX,IX,
OBSERVATION,OBS01809,total_fare,MONEY_QUANTIZED,5189,5189.00,
OBSERVATION,OBS01810,carrier,UNKNOWN_VALUE_FLAGGED,IX,IX,
OBSERVATION,OBS01810,total_fare,MONEY_QUANTIZED,6587,6587.00,
OBSERVATION,OBS01811,carrier,UNKNOWN_VALUE_FLAGGED,IX,IX,
OBSERVATION,OBS01811,total_fare,MONEY_QUANTIZED,5079,5079.00,
OBSERVATION,OBS01812,total_fare,MONEY_QUANTIZED,9517,9517.00,
OBSERVATION,OBS01813,total_fare,MONEY_QUANTIZED,9645,9645.00,
OBSERVATION,OBS01814,total_fare,MONEY_QUANTIZED,6684,6684.00,
OBSERVATION,OBS01815,source,UNKNOWN_VALUE_FLAGGED,EaseMyTrip,EaseMyTrip,
OBSERVATION,OBS01815,total_fare,MONEY_QUANTIZED,8692,8692.00,
OBSERVATION,OBS01816,total_fare,MONEY_QUANTIZED,8503,8503.00,
OBSERVATION,OBS01817,source,UNKNOWN_VALUE_FLAGGED,EaseMyTrip,EaseMyTrip,
OBSERVATION,OBS01817,total_fare,MONEY_QUANTIZED,7054,7054.00,
OBSERVATION,OBS01818,total_fare,MONEY_QUANTIZED,7514,7514.00,
OBSERVATION,OBS01819,total_fare,MONEY_QUANTIZED,8615,8615.00,
OBSERVATION,OBS01820,total_fare,MONEY_QUANTIZED,6511,6511.00,
OBSERVATION,OBS01821,total_fare,MONEY_QUANTIZED,6725,6725.00,
OBSERVATION,OBS01822,total_fare,MONEY_QUANTIZED,8266,8266.00,
OBSERVATION,OBS01823,total_fare,MONEY_QUANTIZED,8372,8372.00,
OBSERVATION,OBS01824,total_fare,MONEY_QUANTIZED,5260,5260.00,
OBSERVATION,OBS01825,total_fare,MONEY_QUANTIZED,5242,5242.00,
OBSERVATION,OBS01826,total_fare,MONEY_QUANTIZED,7389,7389.00,
OBSERVATION,OBS01827,total_fare,MONEY_QUANTIZED,9455,9455.00,
OBSERVATION,OBS01828,total_fare,MONEY_QUANTIZED,6907,6907.00,
OBSERVATION,OBS01829,total_fare,MONEY_QUANTIZED,8736,8736.00,
OBSERVATION,OBS01830,total_fare,MONEY_QUANTIZED,5859,5859.00,
OBSERVATION,OBS01831,total_fare,MONEY_QUANTIZED,5872,5872.00,
OBSERVATION,OBS01832,total_fare,MONEY_QUANTIZED,8239,8239.00,
OBSERVATION,OBS01833,total_fare,MONEY_QUANTIZED,8121,8121.00,
OBSERVATION,OBS01834,total_fare,MONEY_QUANTIZED,6342,6342.00,
OBSERVATION,OBS01835,total_fare,MONEY_QUANTIZED,11578,11578.00,
OBSERVATION,OBS01836,source,UNKNOWN_VALUE_FLAGGED,EaseMyTrip,EaseMyTrip,
OBSERVATION,OBS01836,total_fare,MONEY_QUANTIZED,11375,11375.00,
OBSERVATION,OBS01837,total_fare,MONEY_QUANTIZED,9676,9676.00,
OBSERVATION,OBS01838,total_fare,MONEY_QUANTIZED,6956,6956.00,
OBSERVATION,OBS01839,total_fare,MONEY_QUANTIZED,7038,7038.00,
OBSERVATION,OBS01840,total_fare,MONEY_QUANTIZED,8568,8568.00,
OBSERVATION,OBS01841,total_fare,MONEY_QUANTIZED,9104,9104.00,
OBSERVATION,OBS01842,total_fare,MONEY_QUANTIZED,7784,7784.00,
OBSERVATION,OBS01843,total_fare,MONEY_QUANTIZED,4963,4963.00,
OBSERVATION,OBS01844,total_fare,MONEY_QUANTIZED,8097,8097.00,
OBSERVATION,OBS01845,total_fare,MONEY_QUANTIZED,7916,7916.00,
OBSERVATION,OBS01846,total_fare,MONEY_QUANTIZED,6721,6721.00,
OBSERVATION,OBS01847,total_fare,MONEY_QUANTIZED,6656,6656.00,
OBSERVATION,OBS01848,total_fare,MONEY_QUANTIZED,7136,7136.00,
OBSERVATION,OBS01849,total_fare,MONEY_QUANTIZED,7803,7803.00,
OBSERVATION,OBS01850,total_fare,MONEY_QUANTIZED,11727,11727.00,
OBSERVATION,OBS01851,total_fare,MONEY_QUANTIZED,10074,10074.00,
OBSERVATION,OBS01852,total_fare,MONEY_QUANTIZED,6870,6870.00,
OBSERVATION,OBS01853,total_fare,MONEY_QUANTIZED,7690,7690.00,
OBSERVATION,OBS01854,source,UNKNOWN_VALUE_FLAGGED,EaseMyTrip,EaseMyTrip,
OBSERVATION,OBS01854,total_fare,MONEY_QUANTIZED,7558,7558.00,
OBSERVATION,OBS01855,total_fare,MONEY_QUANTIZED,6037,6037.00,
OBSERVATION,OBS01856,total_fare,MONEY_QUANTIZED,5371,5371.00,
OBSERVATION,OBS01857,total_fare,MONEY_QUANTIZED,5427,5427.00,
OBSERVATION,OBS01858,total_fare,MONEY_QUANTIZED,6660,6660.00,
OBSERVATION,OBS01859,total_fare,MONEY_QUANTIZED,7195,7195.00,
OBSERVATION,OBS01860,total_fare,MONEY_QUANTIZED,8892,8892.00,
OBSERVATION,OBS01861,total_fare,MONEY_QUANTIZED,9009,9009.00,
OBSERVATION,OBS01862,total_fare,MONEY_QUANTIZED,9375,9375.00,
OBSERVATION,OBS01863,total_fare,MONEY_QUANTIZED,9282,9282.00,
OBSERVATION,OBS01864,total_fare,MONEY_QUANTIZED,8186,8186.00,
OBSERVATION,OBS01865,source,UNKNOWN_VALUE_FLAGGED,EaseMyTrip,EaseMyTrip,
OBSERVATION,OBS01865,total_fare,MONEY_QUANTIZED,8409,8409.00,
OBSERVATION,OBS01866,total_fare,MONEY_QUANTIZED,4901,4901.00,
OBSERVATION,OBS01867,total_fare,MONEY_QUANTIZED,5126,5126.00,
OBSERVATION,OBS01868,source,UNKNOWN_VALUE_FLAGGED,EaseMyTrip,EaseMyTrip,
OBSERVATION,OBS01868,total_fare,MONEY_QUANTIZED,11601,11601.00,
OBSERVATION,OBS01869,total_fare,MONEY_QUANTIZED,10960,10960.00,
OBSERVATION,OBS01870,total_fare,MONEY_QUANTIZED,10386,10386.00,
OBSERVATION,OBS01871,source,UNKNOWN_VALUE_FLAGGED,EaseMyTrip,EaseMyTrip,
OBSERVATION,OBS01871,total_fare,MONEY_QUANTIZED,6940,6940.00,
OBSERVATION,OBS01872,total_fare,MONEY_QUANTIZED,5678,5678.00,
OBSERVATION,OBS01873,total_fare,MONEY_QUANTIZED,6000,6000.00,
OBSERVATION,OBS01874,total_fare,MONEY_QUANTIZED,5205,5205.00,
OBSERVATION,OBS01875,total_fare,MONEY_QUANTIZED,6952,6952.00,
OBSERVATION,OBS01876,total_fare,MONEY_QUANTIZED,7672,7672.00,
OBSERVATION,OBS01877,total_fare,MONEY_QUANTIZED,7716,7716.00,
OBSERVATION,OBS01878,total_fare,MONEY_QUANTIZED,5336,5336.00,
OBSERVATION,OBS01879,total_fare,MONEY_QUANTIZED,11807,11807.00,
OBSERVATION,OBS01880,total_fare,MONEY_QUANTIZED,11693,11693.00,
OBSERVATION,OBS01881,total_fare,MONEY_QUANTIZED,9241,9241.00,
OBSERVATION,OBS01882,source,UNKNOWN_VALUE_FLAGGED,EaseMyTrip,EaseMyTrip,
OBSERVATION,OBS01882,total_fare,MONEY_QUANTIZED,9408,9408.00,
OBSERVATION,OBS01883,source,UNKNOWN_VALUE_FLAGGED,EaseMyTrip,EaseMyTrip,
OBSERVATION,OBS01883,total_fare,MONEY_QUANTIZED,7012,7012.00,
OBSERVATION,OBS01884,total_fare,MONEY_QUANTIZED,6724,6724.00,
OBSERVATION,OBS01885,total_fare,MONEY_QUANTIZED,10775,10775.00,
OBSERVATION,OBS01886,total_fare,MONEY_QUANTIZED,5862,5862.00,
OBSERVATION,OBS01887,total_fare,MONEY_QUANTIZED,8396,8396.00,
OBSERVATION,OBS01888,total_fare,MONEY_QUANTIZED,4985,4985.00,
OBSERVATION,OBS01889,source,UNKNOWN_VALUE_FLAGGED,EaseMyTrip,EaseMyTrip,
OBSERVATION,OBS01889,total_fare,MONEY_QUANTIZED,5280,5280.00,
OBSERVATION,OBS01890,total_fare,MONEY_QUANTIZED,7285,7285.00,
OBSERVATION,OBS01891,total_fare,MONEY_QUANTIZED,9816,9816.00,
OBSERVATION,OBS01892,total_fare,MONEY_QUANTIZED,9852,9852.00,
OBSERVATION,OBS01893,total_fare,MONEY_QUANTIZED,10018,10018.00,
OBSERVATION,OBS01894,total_fare,MONEY_QUANTIZED,10171,10171.00,
OBSERVATION,OBS01895,total_fare,MONEY_QUANTIZED,8801,8801.00,
OBSERVATION,OBS01896,total_fare,MONEY_QUANTIZED,7409,7409.00,
OBSERVATION,OBS01897,source,UNKNOWN_VALUE_FLAGGED,EaseMyTrip,EaseMyTrip,
OBSERVATION,OBS01897,total_fare,MONEY_QUANTIZED,5508,5508.00,
OBSERVATION,OBS01898,total_fare,MONEY_QUANTIZED,5950,5950.00,
OBSERVATION,OBS01899,total_fare,MONEY_QUANTIZED,6671,6671.00,
OBSERVATION,OBS01900,total_fare,MONEY_QUANTIZED,5047,5047.00,
OBSERVATION,OBS01901,total_fare,MONEY_QUANTIZED,8058,8058.00,
OBSERVATION,OBS01902,source,UNKNOWN_VALUE_FLAGGED,EaseMyTrip,EaseMyTrip,
OBSERVATION,OBS01902,total_fare,MONEY_QUANTIZED,7288,7288.00,
OBSERVATION,OBS01903,total_fare,MONEY_QUANTIZED,11117,11117.00,
OBSERVATION,OBS01904,source,UNKNOWN_VALUE_FLAGGED,EaseMyTrip,EaseMyTrip,
OBSERVATION,OBS01904,total_fare,MONEY_QUANTIZED,10414,10414.00,
OBSERVATION,OBS01905,total_fare,MONEY_QUANTIZED,7298,7298.00,
OBSERVATION,OBS01906,source,UNKNOWN_VALUE_FLAGGED,EaseMyTrip,EaseMyTrip,
OBSERVATION,OBS01906,total_fare,MONEY_QUANTIZED,8009,8009.00,
OBSERVATION,OBS01907,source,UNKNOWN_VALUE_FLAGGED,EaseMyTrip,EaseMyTrip,
OBSERVATION,OBS01907,total_fare,MONEY_QUANTIZED,6655,6655.00,
OBSERVATION,OBS01908,total_fare,MONEY_QUANTIZED,6388,6388.00,
OBSERVATION,OBS01909,total_fare,MONEY_QUANTIZED,6621,6621.00,
OBSERVATION,OBS01910,total_fare,MONEY_QUANTIZED,9388,9388.00,
OBSERVATION,OBS01911,total_fare,MONEY_QUANTIZED,9499,9499.00,
OBSERVATION,OBS01912,total_fare,MONEY_QUANTIZED,7509,7509.00,
OBSERVATION,OBS01913,total_fare,MONEY_QUANTIZED,7628,7628.00,
OBSERVATION,OBS01914,source,UNKNOWN_VALUE_FLAGGED,EaseMyTrip,EaseMyTrip,
OBSERVATION,OBS01914,total_fare,MONEY_QUANTIZED,10459,10459.00,
OBSERVATION,OBS01915,total_fare,MONEY_QUANTIZED,10413,10413.00,
OBSERVATION,OBS01916,total_fare,MONEY_QUANTIZED,5522,5522.00,
OBSERVATION,OBS01917,total_fare,MONEY_QUANTIZED,9122,9122.00,
OBSERVATION,OBS01918,total_fare,MONEY_QUANTIZED,9358,9358.00,
OBSERVATION,OBS01919,total_fare,MONEY_QUANTIZED,5064,5064.00,
OBSERVATION,OBS01920,source,UNKNOWN_VALUE_FLAGGED,EaseMyTrip,EaseMyTrip,
OBSERVATION,OBS01920,total_fare,MONEY_QUANTIZED,5045,5045.00,
OBSERVATION,OBS01921,source,UNKNOWN_VALUE_FLAGGED,EaseMyTrip,EaseMyTrip,
OBSERVATION,OBS01921,total_fare,MONEY_QUANTIZED,4955,4955.00,
OBSERVATION,OBS01922,total_fare,MONEY_QUANTIZED,5255,5255.00,
OBSERVATION,OBS01923,total_fare,MONEY_QUANTIZED,11573,11573.00,
OBSERVATION,OBS01924,total_fare,MONEY_QUANTIZED,7807,7807.00,
OBSERVATION,OBS01925,total_fare,MONEY_QUANTIZED,8780,8780.00,
OBSERVATION,OBS01926,total_fare,MONEY_QUANTIZED,8575,8575.00,
OBSERVATION,OBS01927,total_fare,MONEY_QUANTIZED,6889,6889.00,
OBSERVATION,OBS01928,total_fare,MONEY_QUANTIZED,9455,9455.00,
OBSERVATION,OBS01929,total_fare,MONEY_QUANTIZED,7375,7375.00,
OBSERVATION,OBS01930,total_fare,MONEY_QUANTIZED,7200,7200.00,
OBSERVATION,OBS01931,total_fare,MONEY_QUANTIZED,6286,6286.00,
OBSERVATION,OBS01932,total_fare,MONEY_QUANTIZED,8025,8025.00,
OBSERVATION,OBS01933,total_fare,MONEY_QUANTIZED,8124,8124.00,
OBSERVATION,OBS01934,total_fare,MONEY_QUANTIZED,6576,6576.00,
OBSERVATION,OBS01935,total_fare,MONEY_QUANTIZED,6339,6339.00,
OBSERVATION,OBS01936,source,UNKNOWN_VALUE_FLAGGED,EaseMyTrip,EaseMyTrip,
OBSERVATION,OBS01936,total_fare,MONEY_QUANTIZED,11914,11914.00,
OBSERVATION,OBS01937,total_fare,MONEY_QUANTIZED,9337,9337.00,
OBSERVATION,OBS01938,source,UNKNOWN_VALUE_FLAGGED,EaseMyTrip,EaseMyTrip,
OBSERVATION,OBS01938,total_fare,MONEY_QUANTIZED,10012,10012.00,
OBSERVATION,OBS01939,total_fare,MONEY_QUANTIZED,6649,6649.00,
OBSERVATION,OBS01940,total_fare,MONEY_QUANTIZED,6645,6645.00,
OBSERVATION,OBS01941,total_fare,MONEY_QUANTIZED,8508,8508.00,
OBSERVATION,OBS01942,total_fare,MONEY_QUANTIZED,6071,6071.00,
OBSERVATION,OBS01943,total_fare,MONEY_QUANTIZED,5913,5913.00,
OBSERVATION,OBS01944,source,UNKNOWN_VALUE_FLAGGED,EaseMyTrip,EaseMyTrip,
OBSERVATION,OBS01944,total_fare,MONEY_QUANTIZED,8562,8562.00,
OBSERVATION,OBS01945,total_fare,MONEY_QUANTIZED,9100,9100.00,
OBSERVATION,OBS01946,total_fare,MONEY_QUANTIZED,6805,6805.00,
OBSERVATION,OBS01947,total_fare,MONEY_QUANTIZED,4988,4988.00,
OBSERVATION,OBS01948,total_fare,MONEY_QUANTIZED,5056,5056.00,
OBSERVATION,OBS01949,total_fare,MONEY_QUANTIZED,6272,6272.00,
OBSERVATION,OBS01950,total_fare,MONEY_QUANTIZED,9486,9486.00,
OBSERVATION,OBS01951,source,UNKNOWN_VALUE_FLAGGED,EaseMyTrip,EaseMyTrip,
OBSERVATION,OBS01951,total_fare,MONEY_QUANTIZED,9677,9677.00,
OBSERVATION,OBS01952,total_fare,MONEY_QUANTIZED,8584,8584.00,
OBSERVATION,OBS01953,source,UNKNOWN_VALUE_FLAGGED,EaseMyTrip,EaseMyTrip,
OBSERVATION,OBS01953,total_fare,MONEY_QUANTIZED,8230,8230.00,
OBSERVATION,OBS01954,total_fare,MONEY_QUANTIZED,5722,5722.00,
OBSERVATION,OBS01955,total_fare,MONEY_QUANTIZED,5975,5975.00,
OBSERVATION,OBS01956,total_fare,MONEY_QUANTIZED,6609,6609.00,
OBSERVATION,OBS01957,total_fare,MONEY_QUANTIZED,6747,6747.00,
OBSERVATION,OBS01958,total_fare,MONEY_QUANTIZED,6827,6827.00,
OBSERVATION,OBS01959,total_fare,MONEY_QUANTIZED,7844,7844.00,
OBSERVATION,OBS01960,total_fare,MONEY_QUANTIZED,7485,7485.00,
OBSERVATION,OBS01961,total_fare,MONEY_QUANTIZED,7324,7324.00,
OBSERVATION,OBS01962,total_fare,MONEY_QUANTIZED,6589,6589.00,
OBSERVATION,OBS01963,total_fare,MONEY_QUANTIZED,10211,10211.00,
OBSERVATION,OBS01964,total_fare,MONEY_QUANTIZED,10830,10830.00,
OBSERVATION,OBS01965,total_fare,MONEY_QUANTIZED,5600,5600.00,
OBSERVATION,OBS01966,total_fare,MONEY_QUANTIZED,6589,6589.00,
OBSERVATION,OBS01967,total_fare,MONEY_QUANTIZED,5110,5110.00,
OBSERVATION,OBS01968,total_fare,MONEY_QUANTIZED,7242,7242.00,
OBSERVATION,OBS01969,source,UNKNOWN_VALUE_FLAGGED,EaseMyTrip,EaseMyTrip,
OBSERVATION,OBS01969,total_fare,MONEY_QUANTIZED,7638,7638.00,
OBSERVATION,OBS01970,total_fare,MONEY_QUANTIZED,8826,8826.00,
OBSERVATION,OBS01971,source,UNKNOWN_VALUE_FLAGGED,EaseMyTrip,EaseMyTrip,
OBSERVATION,OBS01971,total_fare,MONEY_QUANTIZED,8476,8476.00,
OBSERVATION,OBS01972,total_fare,MONEY_QUANTIZED,5871,5871.00,
OBSERVATION,OBS01973,total_fare,MONEY_QUANTIZED,6542,6542.00,
OBSERVATION,OBS01974,total_fare,MONEY_QUANTIZED,6871,6871.00,
OBSERVATION,OBS01975,total_fare,MONEY_QUANTIZED,6673,6673.00,
OBSERVATION,OBS01976,total_fare,MONEY_QUANTIZED,5326,5326.00,
OBSERVATION,OBS01977,source,UNKNOWN_VALUE_FLAGGED,EaseMyTrip,EaseMyTrip,
OBSERVATION,OBS01977,total_fare,MONEY_QUANTIZED,5170,5170.00,
OBSERVATION,OBS01978,total_fare,MONEY_QUANTIZED,11228,11228.00,
OBSERVATION,OBS01979,total_fare,MONEY_QUANTIZED,11378,11378.00,
OBSERVATION,OBS01980,total_fare,MONEY_QUANTIZED,6867,6867.00,
OBSERVATION,OBS01981,total_fare,MONEY_QUANTIZED,9398,9398.00,
OBSERVATION,OBS01982,total_fare,MONEY_QUANTIZED,8998,8998.00,
OBSERVATION,OBS01983,total_fare,MONEY_QUANTIZED,5180,5180.00,
OBSERVATION,OBS01984,total_fare,MONEY_QUANTIZED,6341,6341.00,
OBSERVATION,OBS01985,total_fare,MONEY_QUANTIZED,8063,8063.00,
OBSERVATION,OBS01986,total_fare,MONEY_QUANTIZED,7580,7580.00,
OBSERVATION,OBS01987,total_fare,MONEY_QUANTIZED,11731,11731.00,
OBSERVATION,OBS01988,source,UNKNOWN_VALUE_FLAGGED,EaseMyTrip,EaseMyTrip,
OBSERVATION,OBS01988,total_fare,MONEY_QUANTIZED,10220,10220.00,
OBSERVATION,OBS01989,total_fare,MONEY_QUANTIZED,10191,10191.00,
OBSERVATION,OBS01990,source,UNKNOWN_VALUE_FLAGGED,EaseMyTrip,EaseMyTrip,
OBSERVATION,OBS01990,total_fare,MONEY_QUANTIZED,8690,8690.00,
OBSERVATION,OBS01991,total_fare,MONEY_QUANTIZED,7104,7104.00,
OBSERVATION,OBS01992,total_fare,MONEY_QUANTIZED,7414,7414.00,
OBSERVATION,OBS01993,total_fare,MONEY_QUANTIZED,6028,6028.00,
OBSERVATION,OBS01994,total_fare,MONEY_QUANTIZED,6867,6867.00,
OBSERVATION,OBS01995,source,UNKNOWN_VALUE_FLAGGED,EaseMyTrip,EaseMyTrip,
OBSERVATION,OBS01995,total_fare,MONEY_QUANTIZED,5118,5118.00,
OBSERVATION,OBS01996,total_fare,MONEY_QUANTIZED,5009,5009.00,
OBSERVATION,OBS01997,carrier,UNKNOWN_VALUE_FLAGGED,IX,IX,
OBSERVATION,OBS01997,total_fare,MONEY_QUANTIZED,12095,12095.00,
OBSERVATION,OBS01998,carrier,UNKNOWN_VALUE_FLAGGED,IX,IX,
OBSERVATION,OBS01998,source,UNKNOWN_VALUE_FLAGGED,EaseMyTrip,EaseMyTrip,
OBSERVATION,OBS01998,total_fare,MONEY_QUANTIZED,12017,12017.00,
OBSERVATION,OBS01999,carrier,UNKNOWN_VALUE_FLAGGED,IX,IX,
OBSERVATION,OBS01999,total_fare,MONEY_QUANTIZED,10136,10136.00,
OBSERVATION,OBS02000,carrier,UNKNOWN_VALUE_FLAGGED,IX,IX,
OBSERVATION,OBS02000,total_fare,MONEY_QUANTIZED,10870,10870.00,
OBSERVATION,OBS02001,carrier,UNKNOWN_VALUE_FLAGGED,IX,IX,
OBSERVATION,OBS02001,total_fare,MONEY_QUANTIZED,10361,10361.00,
OBSERVATION,OBS02002,carrier,UNKNOWN_VALUE_FLAGGED,IX,IX,
OBSERVATION,OBS02002,total_fare,MONEY_QUANTIZED,5738,5738.00,
OBSERVATION,OBS02003,carrier,UNKNOWN_VALUE_FLAGGED,IX,IX,
OBSERVATION,OBS02003,total_fare,MONEY_QUANTIZED,7132,7132.00,
OBSERVATION,OBS02004,carrier,UNKNOWN_VALUE_FLAGGED,IX,IX,
OBSERVATION,OBS02004,total_fare,MONEY_QUANTIZED,4888,4888.00,
OBSERVATION,OBS02005,carrier,UNKNOWN_VALUE_FLAGGED,IX,IX,
OBSERVATION,OBS02005,total_fare,MONEY_QUANTIZED,5377,5377.00,
OBSERVATION,OBS02006,carrier,UNKNOWN_VALUE_FLAGGED,IX,IX,
OBSERVATION,OBS02006,total_fare,MONEY_QUANTIZED,5149,5149.00,
OBSERVATION,OBS02007,source,UNKNOWN_VALUE_FLAGGED,EaseMyTrip,EaseMyTrip,
OBSERVATION,OBS02007,total_fare,MONEY_QUANTIZED,7271,7271.00,
OBSERVATION,OBS02008,total_fare,MONEY_QUANTIZED,12077,12077.00,
OBSERVATION,OBS02009,total_fare,MONEY_QUANTIZED,6598,6598.00,
OBSERVATION,OBS02010,source,UNKNOWN_VALUE_FLAGGED,EaseMyTrip,EaseMyTrip,
OBSERVATION,OBS02010,total_fare,MONEY_QUANTIZED,5913,5913.00,
OBSERVATION,OBS02011,total_fare,MONEY_QUANTIZED,5314,5314.00,
OBSERVATION,OBS02012,total_fare,MONEY_QUANTIZED,6473,6473.00,
OBSERVATION,OBS02013,total_fare,MONEY_QUANTIZED,6758,6758.00,
OBSERVATION,OBS02014,total_fare,MONEY_QUANTIZED,7516,7516.00,
OBSERVATION,OBS02015,total_fare,MONEY_QUANTIZED,6633,6633.00,
OBSERVATION,OBS02016,total_fare,MONEY_QUANTIZED,10702,10702.00,
OBSERVATION,OBS02017,total_fare,MONEY_QUANTIZED,8758,8758.00,
OBSERVATION,OBS02018,total_fare,MONEY_QUANTIZED,8924,8924.00,
OBSERVATION,OBS02019,total_fare,MONEY_QUANTIZED,5967,5967.00,
OBSERVATION,OBS02020,total_fare,MONEY_QUANTIZED,6052,6052.00,
OBSERVATION,OBS02021,source,UNKNOWN_VALUE_FLAGGED,EaseMyTrip,EaseMyTrip,
OBSERVATION,OBS02021,total_fare,MONEY_QUANTIZED,5235,5235.00,
OBSERVATION,OBS02022,total_fare,MONEY_QUANTIZED,4982,4982.00,
OBSERVATION,OBS02023,total_fare,MONEY_QUANTIZED,6812,6812.00,
OBSERVATION,OBS02024,total_fare,MONEY_QUANTIZED,6740,6740.00,
OBSERVATION,OBS02025,total_fare,MONEY_QUANTIZED,5011,5011.00,
OBSERVATION,OBS02026,carrier,UNKNOWN_VALUE_FLAGGED,IX,IX,
OBSERVATION,OBS02026,total_fare,MONEY_QUANTIZED,7204,7204.00,
OBSERVATION,OBS02027,carrier,UNKNOWN_VALUE_FLAGGED,IX,IX,
OBSERVATION,OBS02027,total_fare,MONEY_QUANTIZED,7331,7331.00,
OBSERVATION,OBS02028,carrier,UNKNOWN_VALUE_FLAGGED,IX,IX,
OBSERVATION,OBS02028,total_fare,MONEY_QUANTIZED,11694,11694.00,
OBSERVATION,OBS02029,carrier,UNKNOWN_VALUE_FLAGGED,IX,IX,
OBSERVATION,OBS02029,total_fare,MONEY_QUANTIZED,11869,11869.00,
OBSERVATION,OBS02030,carrier,UNKNOWN_VALUE_FLAGGED,IX,IX,
OBSERVATION,OBS02030,total_fare,MONEY_QUANTIZED,10518,10518.00,
OBSERVATION,OBS02031,carrier,UNKNOWN_VALUE_FLAGGED,IX,IX,
OBSERVATION,OBS02031,total_fare,MONEY_QUANTIZED,8992,8992.00,
OBSERVATION,OBS02032,carrier,UNKNOWN_VALUE_FLAGGED,IX,IX,
OBSERVATION,OBS02032,total_fare,MONEY_QUANTIZED,9147,9147.00,
OBSERVATION,OBS02033,carrier,UNKNOWN_VALUE_FLAGGED,IX,IX,
OBSERVATION,OBS02033,total_fare,MONEY_QUANTIZED,6007,6007.00,
OBSERVATION,OBS02034,carrier,UNKNOWN_VALUE_FLAGGED,IX,IX,
OBSERVATION,OBS02034,total_fare,MONEY_QUANTIZED,5734,5734.00,
OBSERVATION,OBS02035,carrier,UNKNOWN_VALUE_FLAGGED,IX,IX,
OBSERVATION,OBS02035,total_fare,MONEY_QUANTIZED,5057,5057.00,
OBSERVATION,OBS02036,carrier,UNKNOWN_VALUE_FLAGGED,IX,IX,
OBSERVATION,OBS02036,total_fare,MONEY_QUANTIZED,6745,6745.00,
OBSERVATION,OBS02037,carrier,UNKNOWN_VALUE_FLAGGED,IX,IX,
OBSERVATION,OBS02037,source,UNKNOWN_VALUE_FLAGGED,EaseMyTrip,EaseMyTrip,
OBSERVATION,OBS02037,total_fare,MONEY_QUANTIZED,6693,6693.00,
OBSERVATION,OBS02038,carrier,UNKNOWN_VALUE_FLAGGED,IX,IX,
OBSERVATION,OBS02038,total_fare,MONEY_QUANTIZED,5301,5301.00,
OBSERVATION,OBS02039,total_fare,MONEY_QUANTIZED,7750,7750.00,
OBSERVATION,OBS02040,total_fare,MONEY_QUANTIZED,11547,11547.00,
OBSERVATION,OBS02041,source,UNKNOWN_VALUE_FLAGGED,EaseMyTrip,EaseMyTrip,
OBSERVATION,OBS02041,total_fare,MONEY_QUANTIZED,7030,7030.00,
OBSERVATION,OBS02042,total_fare,MONEY_QUANTIZED,5764,5764.00,
OBSERVATION,OBS02043,total_fare,MONEY_QUANTIZED,5700,5700.00,
OBSERVATION,OBS02044,total_fare,MONEY_QUANTIZED,5177,5177.00,
OBSERVATION,OBS02045,total_fare,MONEY_QUANTIZED,7966,7966.00,
OBSERVATION,OBS02046,total_fare,MONEY_QUANTIZED,8352,8352.00,
OBSERVATION,OBS02047,total_fare,MONEY_QUANTIZED,8434,8434.00,
OBSERVATION,OBS02048,total_fare,MONEY_QUANTIZED,6472,6472.00,
OBSERVATION,OBS02049,source,UNKNOWN_VALUE_FLAGGED,EaseMyTrip,EaseMyTrip,
OBSERVATION,OBS02049,total_fare,MONEY_QUANTIZED,6376,6376.00,
OBSERVATION,OBS02050,total_fare,MONEY_QUANTIZED,11958,11958.00,
OBSERVATION,OBS02051,total_fare,MONEY_QUANTIZED,12098,12098.00,
OBSERVATION,OBS02052,total_fare,MONEY_QUANTIZED,8296,8296.00,
OBSERVATION,OBS02053,total_fare,MONEY_QUANTIZED,8561,8561.00,
OBSERVATION,OBS02054,total_fare,MONEY_QUANTIZED,5589,5589.00,
OBSERVATION,OBS02055,total_fare,MONEY_QUANTIZED,5508,5508.00,
OBSERVATION,OBS02056,total_fare,MONEY_QUANTIZED,7764,7764.00,
OBSERVATION,OBS02057,total_fare,MONEY_QUANTIZED,7872,7872.00,
OBSERVATION,OBS02058,source,UNKNOWN_VALUE_FLAGGED,EaseMyTrip,EaseMyTrip,
OBSERVATION,OBS02058,total_fare,MONEY_QUANTIZED,7633,7633.00,
OBSERVATION,OBS02059,total_fare,MONEY_QUANTIZED,10038,10038.00,
OBSERVATION,OBS02060,total_fare,MONEY_QUANTIZED,9534,9534.00,
OBSERVATION,OBS02061,source,UNKNOWN_VALUE_FLAGGED,EaseMyTrip,EaseMyTrip,
OBSERVATION,OBS02061,total_fare,MONEY_QUANTIZED,7728,7728.00,
OBSERVATION,OBS02062,total_fare,MONEY_QUANTIZED,10326,10326.00,
OBSERVATION,OBS02063,total_fare,MONEY_QUANTIZED,10711,10711.00,
OBSERVATION,OBS02064,total_fare,MONEY_QUANTIZED,9239,9239.00,
OBSERVATION,OBS02065,total_fare,MONEY_QUANTIZED,7891,7891.00,
OBSERVATION,OBS02066,total_fare,MONEY_QUANTIZED,8142,8142.00,
OBSERVATION,OBS02067,total_fare,MONEY_QUANTIZED,8453,8453.00,
OBSERVATION,OBS02068,source,UNKNOWN_VALUE_FLAGGED,EaseMyTrip,EaseMyTrip,
OBSERVATION,OBS02068,total_fare,MONEY_QUANTIZED,7654,7654.00,
OBSERVATION,OBS02069,total_fare,MONEY_QUANTIZED,7518,7518.00,
OBSERVATION,OBS02070,total_fare,MONEY_QUANTIZED,11538,11538.00,
OBSERVATION,OBS02071,total_fare,MONEY_QUANTIZED,11364,11364.00,
OBSERVATION,OBS02072,total_fare,MONEY_QUANTIZED,8885,8885.00,
OBSERVATION,OBS02073,total_fare,MONEY_QUANTIZED,6985,6985.00,
OBSERVATION,OBS02074,total_fare,MONEY_QUANTIZED,6851,6851.00,
OBSERVATION,OBS02075,total_fare,MONEY_QUANTIZED,9344,9344.00,
OBSERVATION,OBS02076,total_fare,MONEY_QUANTIZED,8970,8970.00,
OBSERVATION,OBS02077,source,UNKNOWN_VALUE_FLAGGED,EaseMyTrip,EaseMyTrip,
OBSERVATION,OBS02077,total_fare,MONEY_QUANTIZED,6535,6535.00,
OBSERVATION,OBS02078,total_fare,MONEY_QUANTIZED,6589,6589.00,
OBSERVATION,OBS02079,total_fare,MONEY_QUANTIZED,8222,8222.00,
OBSERVATION,OBS02080,total_fare,MONEY_QUANTIZED,7492,7492.00,
OBSERVATION,OBS02081,total_fare,MONEY_QUANTIZED,6714,6714.00,
OBSERVATION,OBS02082,total_fare,MONEY_QUANTIZED,6906,6906.00,
OBSERVATION,OBS02083,total_fare,MONEY_QUANTIZED,10193,10193.00,
OBSERVATION,OBS02084,total_fare,MONEY_QUANTIZED,7309,7309.00,
OBSERVATION,OBS02085,total_fare,MONEY_QUANTIZED,7410,7410.00,
OBSERVATION,OBS02086,total_fare,MONEY_QUANTIZED,5806,5806.00,
OBSERVATION,OBS02087,total_fare,MONEY_QUANTIZED,6421,6421.00,
OBSERVATION,OBS02088,total_fare,MONEY_QUANTIZED,4885,4885.00,
OBSERVATION,OBS02089,total_fare,MONEY_QUANTIZED,5410,5410.00,
OBSERVATION,OBS02090,total_fare,MONEY_QUANTIZED,6270,6270.00,
OBSERVATION,OBS02091,total_fare,MONEY_QUANTIZED,6392,6392.00,
OBSERVATION,OBS02092,carrier,UNKNOWN_VALUE_FLAGGED,IX,IX,
OBSERVATION,OBS02092,source,UNKNOWN_VALUE_FLAGGED,EaseMyTrip,EaseMyTrip,
OBSERVATION,OBS02092,total_fare,MONEY_QUANTIZED,11947,11947.00,
OBSERVATION,OBS02093,carrier,UNKNOWN_VALUE_FLAGGED,IX,IX,
OBSERVATION,OBS02093,total_fare,MONEY_QUANTIZED,11339,11339.00,
OBSERVATION,OBS02094,carrier,UNKNOWN_VALUE_FLAGGED,IX,IX,
OBSERVATION,OBS02094,total_fare,MONEY_QUANTIZED,9494,9494.00,
OBSERVATION,OBS02095,carrier,UNKNOWN_VALUE_FLAGGED,IX,IX,
OBSERVATION,OBS02095,total_fare,MONEY_QUANTIZED,6736,6736.00,
OBSERVATION,OBS02096,carrier,UNKNOWN_VALUE_FLAGGED,IX,IX,
OBSERVATION,OBS02096,source,UNKNOWN_VALUE_FLAGGED,EaseMyTrip,EaseMyTrip,
OBSERVATION,OBS02096,total_fare,MONEY_QUANTIZED,7118,7118.00,
OBSERVATION,OBS02097,carrier,UNKNOWN_VALUE_FLAGGED,IX,IX,
OBSERVATION,OBS02097,source,UNKNOWN_VALUE_FLAGGED,EaseMyTrip,EaseMyTrip,
OBSERVATION,OBS02097,total_fare,MONEY_QUANTIZED,9297,9297.00,
OBSERVATION,OBS02098,carrier,UNKNOWN_VALUE_FLAGGED,IX,IX,
OBSERVATION,OBS02098,total_fare,MONEY_QUANTIZED,7600,7600.00,
OBSERVATION,OBS02099,carrier,UNKNOWN_VALUE_FLAGGED,IX,IX,
OBSERVATION,OBS02099,total_fare,MONEY_QUANTIZED,6808,6808.00,
OBSERVATION,OBS02100,carrier,UNKNOWN_VALUE_FLAGGED,IX,IX,
OBSERVATION,OBS02100,total_fare,MONEY_QUANTIZED,6586,6586.00,
OBSERVATION,OBS02101,carrier,UNKNOWN_VALUE_FLAGGED,IX,IX,
OBSERVATION,OBS02101,total_fare,MONEY_QUANTIZED,8366,8366.00,
OBSERVATION,OBS02102,carrier,UNKNOWN_VALUE_FLAGGED,IX,IX,
OBSERVATION,OBS02102,total_fare,MONEY_QUANTIZED,8171,8171.00,
OBSERVATION,OBS02103,total_fare,MONEY_QUANTIZED,7524,7524.00,
OBSERVATION,OBS02104,total_fare,MONEY_QUANTIZED,10243,10243.00,
OBSERVATION,OBS02105,total_fare,MONEY_QUANTIZED,11109,11109.00,
OBSERVATION,OBS02106,total_fare,MONEY_QUANTIZED,7725,7725.00,
OBSERVATION,OBS02107,total_fare,MONEY_QUANTIZED,7569,7569.00,
OBSERVATION,OBS02108,total_fare,MONEY_QUANTIZED,7950,7950.00,
OBSERVATION,OBS02109,total_fare,MONEY_QUANTIZED,7958,7958.00,
OBSERVATION,OBS02110,total_fare,MONEY_QUANTIZED,6560,6560.00,
OBSERVATION,OBS02111,source,UNKNOWN_VALUE_FLAGGED,EaseMyTrip,EaseMyTrip,
OBSERVATION,OBS02111,total_fare,MONEY_QUANTIZED,7966,7966.00,
OBSERVATION,OBS02112,total_fare,MONEY_QUANTIZED,12053,12053.00,
OBSERVATION,OBS02113,total_fare,MONEY_QUANTIZED,9782,9782.00,
OBSERVATION,OBS02114,total_fare,MONEY_QUANTIZED,8630,8630.00,
OBSERVATION,OBS02115,total_fare,MONEY_QUANTIZED,7377,7377.00,
OBSERVATION,OBS02116,total_fare,MONEY_QUANTIZED,6032,6032.00,
OBSERVATION,OBS02117,total_fare,MONEY_QUANTIZED,6815,6815.00,
OBSERVATION,OBS02118,total_fare,MONEY_QUANTIZED,7896,7896.00,
OBSERVATION,OBS02119,source,UNKNOWN_VALUE_FLAGGED,EaseMyTrip,EaseMyTrip,
OBSERVATION,OBS02119,total_fare,MONEY_QUANTIZED,8100,8100.00,
OBSERVATION,OBS02120,total_fare,MONEY_QUANTIZED,5350,5350.00,
OBSERVATION,OBS02121,total_fare,MONEY_QUANTIZED,8403,8403.00,
OBSERVATION,OBS02122,total_fare,MONEY_QUANTIZED,7845,7845.00,
OBSERVATION,OBS02123,total_fare,MONEY_QUANTIZED,11356,11356.00,
OBSERVATION,OBS02124,total_fare,MONEY_QUANTIZED,12270,12270.00,
OBSERVATION,OBS02125,total_fare,MONEY_QUANTIZED,8825,8825.00,
OBSERVATION,OBS02126,total_fare,MONEY_QUANTIZED,8731,8731.00,
OBSERVATION,OBS02127,total_fare,MONEY_QUANTIZED,7047,7047.00,
OBSERVATION,OBS02128,total_fare,MONEY_QUANTIZED,6465,6465.00,
OBSERVATION,OBS02129,source,UNKNOWN_VALUE_FLAGGED,EaseMyTrip,EaseMyTrip,
OBSERVATION,OBS02129,total_fare,MONEY_QUANTIZED,5847,5847.00,
OBSERVATION,OBS02130,total_fare,MONEY_QUANTIZED,9422,9422.00,
OBSERVATION,OBS02131,total_fare,MONEY_QUANTIZED,8695,8695.00,
OBSERVATION,OBS02132,total_fare,MONEY_QUANTIZED,5014,5014.00,
OBSERVATION,OBS02133,total_fare,MONEY_QUANTIZED,5269,5269.00,
OBSERVATION,OBS02134,total_fare,MONEY_QUANTIZED,8034,8034.00,
OBSERVATION,OBS02135,total_fare,MONEY_QUANTIZED,5008,5008.00,
OBSERVATION,OBS02136,total_fare,MONEY_QUANTIZED,7483,7483.00,
OBSERVATION,OBS02137,total_fare,MONEY_QUANTIZED,7779,7779.00,
OBSERVATION,OBS02138,total_fare,MONEY_QUANTIZED,8866,8866.00,
OBSERVATION,OBS02139,total_fare,MONEY_QUANTIZED,8793,8793.00,
OBSERVATION,OBS02140,total_fare,MONEY_QUANTIZED,7731,7731.00,
OBSERVATION,OBS02141,source,UNKNOWN_VALUE_FLAGGED,EaseMyTrip,EaseMyTrip,
OBSERVATION,OBS02141,total_fare,MONEY_QUANTIZED,8155,8155.00,
OBSERVATION,OBS02142,source,UNKNOWN_VALUE_FLAGGED,EaseMyTrip,EaseMyTrip,
OBSERVATION,OBS02142,total_fare,MONEY_QUANTIZED,4872,4872.00,
OBSERVATION,OBS02143,total_fare,MONEY_QUANTIZED,4892,4892.00,
OBSERVATION,OBS02144,total_fare,MONEY_QUANTIZED,4986,4986.00,
OBSERVATION,OBS02145,total_fare,MONEY_QUANTIZED,9550,9550.00,
OBSERVATION,OBS02146,total_fare,MONEY_QUANTIZED,11709,11709.00,
OBSERVATION,OBS02147,source,UNKNOWN_VALUE_FLAGGED,EaseMyTrip,EaseMyTrip,
OBSERVATION,OBS02147,total_fare,MONEY_QUANTIZED,12238,12238.00,
OBSERVATION,OBS02148,total_fare,MONEY_QUANTIZED,6887,6887.00,
OBSERVATION,OBS02149,total_fare,MONEY_QUANTIZED,6629,6629.00,
OBSERVATION,OBS02150,source,UNKNOWN_VALUE_FLAGGED,EaseMyTrip,EaseMyTrip,
OBSERVATION,OBS02150,total_fare,MONEY_QUANTIZED,7667,7667.00,
OBSERVATION,OBS02151,total_fare,MONEY_QUANTIZED,7139,7139.00,
OBSERVATION,OBS02152,total_fare,MONEY_QUANTIZED,8839,8839.00,
OBSERVATION,OBS02153,total_fare,MONEY_QUANTIZED,8905,8905.00,
OBSERVATION,OBS02154,source,UNKNOWN_VALUE_FLAGGED,EaseMyTrip,EaseMyTrip,
OBSERVATION,OBS02154,total_fare,MONEY_QUANTIZED,7887,7887.00,
OBSERVATION,OBS02155,total_fare,MONEY_QUANTIZED,7767,7767.00,
OBSERVATION,OBS02156,total_fare,MONEY_QUANTIZED,6393,6393.00,
OBSERVATION,OBS02157,total_fare,MONEY_QUANTIZED,6686,6686.00,
OBSERVATION,OBS02158,total_fare,MONEY_QUANTIZED,6420,6420.00,
OBSERVATION,OBS02159,total_fare,MONEY_QUANTIZED,7499,7499.00,
OBSERVATION,OBS02160,total_fare,MONEY_QUANTIZED,7293,7293.00,
OBSERVATION,OBS02161,source,UNKNOWN_VALUE_FLAGGED,EaseMyTrip,EaseMyTrip,
OBSERVATION,OBS02161,total_fare,MONEY_QUANTIZED,9484,9484.00,
OBSERVATION,OBS02162,total_fare,MONEY_QUANTIZED,10866,10866.00,
OBSERVATION,OBS02163,total_fare,MONEY_QUANTIZED,10290,10290.00,
OBSERVATION,OBS02164,total_fare,MONEY_QUANTIZED,5805,5805.00,
OBSERVATION,OBS02165,source,UNKNOWN_VALUE_FLAGGED,EaseMyTrip,EaseMyTrip,
OBSERVATION,OBS02165,total_fare,MONEY_QUANTIZED,5714,5714.00,
OBSERVATION,OBS02166,source,UNKNOWN_VALUE_FLAGGED,EaseMyTrip,EaseMyTrip,
OBSERVATION,OBS02166,total_fare,MONEY_QUANTIZED,6997,6997.00,
OBSERVATION,OBS02167,total_fare,MONEY_QUANTIZED,6341,6341.00,
OBSERVATION,OBS02168,total_fare,MONEY_QUANTIZED,6802,6802.00,
OBSERVATION,OBS02169,total_fare,MONEY_QUANTIZED,7731,7731.00,
OBSERVATION,OBS02170,total_fare,MONEY_QUANTIZED,5312,5312.00,
OBSERVATION,OBS02171,source,UNKNOWN_VALUE_FLAGGED,EaseMyTrip,EaseMyTrip,
OBSERVATION,OBS02171,total_fare,MONEY_QUANTIZED,4948,4948.00,
OBSERVATION,OBS02172,total_fare,MONEY_QUANTIZED,11695,11695.00,
OBSERVATION,OBS02173,total_fare,MONEY_QUANTIZED,12196,12196.00,
OBSERVATION,OBS02174,total_fare,MONEY_QUANTIZED,7281,7281.00,
OBSERVATION,OBS02175,total_fare,MONEY_QUANTIZED,6536,6536.00,
OBSERVATION,OBS02176,total_fare,MONEY_QUANTIZED,6929,6929.00,
OBSERVATION,OBS02177,total_fare,MONEY_QUANTIZED,9285,9285.00,
OBSERVATION,OBS02178,total_fare,MONEY_QUANTIZED,5121,5121.00,
OBSERVATION,OBS02179,total_fare,MONEY_QUANTIZED,5330,5330.00,
OBSERVATION,OBS02180,source,UNKNOWN_VALUE_FLAGGED,EaseMyTrip,EaseMyTrip,
OBSERVATION,OBS02180,total_fare,MONEY_QUANTIZED,7955,7955.00,
OBSERVATION,OBS02181,total_fare,MONEY_QUANTIZED,5173,5173.00,
OBSERVATION,OBS02182,total_fare,MONEY_QUANTIZED,5136,5136.00,
OBSERVATION,OBS02183,total_fare,MONEY_QUANTIZED,11437,11437.00,
OBSERVATION,OBS02184,total_fare,MONEY_QUANTIZED,12007,12007.00,
OBSERVATION,OBS02185,source,UNKNOWN_VALUE_FLAGGED,EaseMyTrip,EaseMyTrip,
OBSERVATION,OBS02185,total_fare,MONEY_QUANTIZED,9763,9763.00,
OBSERVATION,OBS02186,total_fare,MONEY_QUANTIZED,9776,9776.00,
OBSERVATION,OBS02187,total_fare,MONEY_QUANTIZED,6792,6792.00,
OBSERVATION,OBS02188,total_fare,MONEY_QUANTIZED,10135,10135.00,
OBSERVATION,OBS02189,source,UNKNOWN_VALUE_FLAGGED,EaseMyTrip,EaseMyTrip,
OBSERVATION,OBS02189,total_fare,MONEY_QUANTIZED,7077,7077.00,
OBSERVATION,OBS02190,total_fare,MONEY_QUANTIZED,8929,8929.00,
OBSERVATION,OBS02191,total_fare,MONEY_QUANTIZED,6414,6414.00,
OBSERVATION,OBS02192,total_fare,MONEY_QUANTIZED,8259,8259.00,
OBSERVATION,OBS02193,total_fare,MONEY_QUANTIZED,5321,5321.00,
OBSERVATION,OBS02194,total_fare,MONEY_QUANTIZED,7305,7305.00,
OBSERVATION,OBS02195,source,UNKNOWN_VALUE_FLAGGED,EaseMyTrip,EaseMyTrip,
OBSERVATION,OBS02195,total_fare,MONEY_QUANTIZED,7259,7259.00,
OBSERVATION,OBS02196,total_fare,MONEY_QUANTIZED,9576,9576.00,
OBSERVATION,OBS02197,total_fare,MONEY_QUANTIZED,6517,6517.00,
OBSERVATION,OBS02198,total_fare,MONEY_QUANTIZED,6965,6965.00,
OBSERVATION,OBS02199,total_fare,MONEY_QUANTIZED,8385,8385.00,
OBSERVATION,OBS02200,total_fare,MONEY_QUANTIZED,9077,9077.00,
OBSERVATION,OBS02201,source,UNKNOWN_VALUE_FLAGGED,EaseMyTrip,EaseMyTrip,
OBSERVATION,OBS02201,total_fare,MONEY_QUANTIZED,8703,8703.00,
OBSERVATION,OBS02202,source,UNKNOWN_VALUE_FLAGGED,EaseMyTrip,EaseMyTrip,
OBSERVATION,OBS02202,total_fare,MONEY_QUANTIZED,7173,7173.00,
OBSERVATION,OBS02203,source,UNKNOWN_VALUE_FLAGGED,EaseMyTrip,EaseMyTrip,
OBSERVATION,OBS02203,total_fare,MONEY_QUANTIZED,6743,6743.00,
OBSERVATION,OBS02204,total_fare,MONEY_QUANTIZED,6552,6552.00,
OBSERVATION,OBS02205,total_fare,MONEY_QUANTIZED,5273,5273.00,
OBSERVATION,OBS02206,total_fare,MONEY_QUANTIZED,11806,11806.00,
OBSERVATION,OBS02207,total_fare,MONEY_QUANTIZED,7242,7242.00,
OBSERVATION,OBS02208,total_fare,MONEY_QUANTIZED,7289,7289.00,
OBSERVATION,OBS02209,total_fare,MONEY_QUANTIZED,6468,6468.00,
OBSERVATION,OBS02210,total_fare,MONEY_QUANTIZED,7003,7003.00,
OBSERVATION,OBS02211,source,UNKNOWN_VALUE_FLAGGED,EaseMyTrip,EaseMyTrip,
OBSERVATION,OBS02211,total_fare,MONEY_QUANTIZED,10450,10450.00,
OBSERVATION,OBS02212,total_fare,MONEY_QUANTIZED,7060,7060.00,
OBSERVATION,OBS02213,total_fare,MONEY_QUANTIZED,4957,4957.00,
OBSERVATION,OBS02214,total_fare,MONEY_QUANTIZED,8397,8397.00,
OBSERVATION,OBS02215,total_fare,MONEY_QUANTIZED,8143,8143.00,
OBSERVATION,OBS02216,total_fare,MONEY_QUANTIZED,6885,6885.00,
OBSERVATION,OBS02217,source,UNKNOWN_VALUE_FLAGGED,EaseMyTrip,EaseMyTrip,
OBSERVATION,OBS02217,total_fare,MONEY_QUANTIZED,6576,6576.00,
OBSERVATION,OBS02218,total_fare,MONEY_QUANTIZED,5363,5363.00,
OBSERVATION,OBS02219,total_fare,MONEY_QUANTIZED,9745,9745.00,
OBSERVATION,OBS02220,total_fare,MONEY_QUANTIZED,9461,9461.00,
OBSERVATION,OBS02221,total_fare,MONEY_QUANTIZED,9045,9045.00,
OBSERVATION,OBS02222,total_fare,MONEY_QUANTIZED,8933,8933.00,
OBSERVATION,OBS02223,source,UNKNOWN_VALUE_FLAGGED,EaseMyTrip,EaseMyTrip,
OBSERVATION,OBS02223,total_fare,MONEY_QUANTIZED,9389,9389.00,
OBSERVATION,OBS02224,total_fare,MONEY_QUANTIZED,5826,5826.00,
OBSERVATION,OBS02225,total_fare,MONEY_QUANTIZED,5917,5917.00,
OBSERVATION,OBS02226,total_fare,MONEY_QUANTIZED,6555,6555.00,
OBSERVATION,OBS02227,source,UNKNOWN_VALUE_FLAGGED,EaseMyTrip,EaseMyTrip,
OBSERVATION,OBS02227,total_fare,MONEY_QUANTIZED,6534,6534.00,
OBSERVATION,OBS02228,source,UNKNOWN_VALUE_FLAGGED,EaseMyTrip,EaseMyTrip,
OBSERVATION,OBS02228,total_fare,MONEY_QUANTIZED,7863,7863.00,
OBSERVATION,OBS02229,total_fare,MONEY_QUANTIZED,7677,7677.00,
OBSERVATION,OBS02230,total_fare,MONEY_QUANTIZED,6498,6498.00,
OBSERVATION,OBS02231,total_fare,MONEY_QUANTIZED,7432,7432.00,
OBSERVATION,OBS02232,total_fare,MONEY_QUANTIZED,7174,7174.00,
OBSERVATION,OBS02233,total_fare,MONEY_QUANTIZED,8346,8346.00,
OBSERVATION,OBS02234,source,UNKNOWN_VALUE_FLAGGED,EaseMyTrip,EaseMyTrip,
OBSERVATION,OBS02234,total_fare,MONEY_QUANTIZED,6595,6595.00,
OBSERVATION,OBS02235,total_fare,MONEY_QUANTIZED,6765,6765.00,
OBSERVATION,OBS02236,total_fare,MONEY_QUANTIZED,9358,9358.00,
OBSERVATION,OBS02237,source,UNKNOWN_VALUE_FLAGGED,EaseMyTrip,EaseMyTrip,
OBSERVATION,OBS02237,total_fare,MONEY_QUANTIZED,9343,9343.00,
OBSERVATION,OBS02238,source,UNKNOWN_VALUE_FLAGGED,EaseMyTrip,EaseMyTrip,
OBSERVATION,OBS02238,total_fare,MONEY_QUANTIZED,5216,5216.00,
OBSERVATION,OBS02239,total_fare,MONEY_QUANTIZED,5062,5062.00,
OBSERVATION,OBS02240,total_fare,MONEY_QUANTIZED,6462,6462.00,
OBSERVATION,OBS02241,total_fare,MONEY_QUANTIZED,7764,7764.00,
OBSERVATION,OBS02242,total_fare,MONEY_QUANTIZED,8217,8217.00,
OBSERVATION,OBS02243,total_fare,MONEY_QUANTIZED,5150,5150.00,
OBSERVATION,OBS02244,total_fare,MONEY_QUANTIZED,5414,5414.00,
OBSERVATION,OBS02245,total_fare,MONEY_QUANTIZED,11250,11250.00,
OBSERVATION,OBS02246,source,UNKNOWN_VALUE_FLAGGED,EaseMyTrip,EaseMyTrip,
OBSERVATION,OBS02246,total_fare,MONEY_QUANTIZED,6861,6861.00,
OBSERVATION,OBS02247,total_fare,MONEY_QUANTIZED,8312,8312.00,
OBSERVATION,OBS02248,total_fare,MONEY_QUANTIZED,8696,8696.00,
OBSERVATION,OBS02249,total_fare,MONEY_QUANTIZED,5915,5915.00,
OBSERVATION,OBS02250,source,UNKNOWN_VALUE_FLAGGED,EaseMyTrip,EaseMyTrip,
OBSERVATION,OBS02250,total_fare,MONEY_QUANTIZED,9331,9331.00,
OBSERVATION,OBS02251,total_fare,MONEY_QUANTIZED,8982,8982.00,
OBSERVATION,OBS02252,total_fare,MONEY_QUANTIZED,5214,5214.00,
OBSERVATION,OBS02253,total_fare,MONEY_QUANTIZED,5169,5169.00,
OBSERVATION,OBS02254,source,UNKNOWN_VALUE_FLAGGED,EaseMyTrip,EaseMyTrip,
OBSERVATION,OBS02254,total_fare,MONEY_QUANTIZED,7666,7666.00,
OBSERVATION,OBS02255,total_fare,MONEY_QUANTIZED,7696,7696.00,
OBSERVATION,OBS02256,total_fare,MONEY_QUANTIZED,7564,7564.00,
OBSERVATION,OBS02257,total_fare,MONEY_QUANTIZED,8566,8566.00,
OBSERVATION,OBS02258,source,UNKNOWN_VALUE_FLAGGED,EaseMyTrip,EaseMyTrip,
OBSERVATION,OBS02258,total_fare,MONEY_QUANTIZED,6675,6675.00,
OBSERVATION,OBS02259,total_fare,MONEY_QUANTIZED,8693,8693.00,
OBSERVATION,OBS02260,total_fare,MONEY_QUANTIZED,8761,8761.00,
OBSERVATION,OBS02261,total_fare,MONEY_QUANTIZED,5770,5770.00,
OBSERVATION,OBS02262,total_fare,MONEY_QUANTIZED,7881,7881.00,
OBSERVATION,OBS02263,source,UNKNOWN_VALUE_FLAGGED,EaseMyTrip,EaseMyTrip,
OBSERVATION,OBS02263,total_fare,MONEY_QUANTIZED,8018,8018.00,
OBSERVATION,OBS02264,total_fare,MONEY_QUANTIZED,5137,5137.00,
OBSERVATION,OBS02265,total_fare,MONEY_QUANTIZED,5146,5146.00,
OBSERVATION,OBS02266,carrier,UNKNOWN_VALUE_FLAGGED,IX,IX,
OBSERVATION,OBS02266,total_fare,MONEY_QUANTIZED,7843,7843.00,
OBSERVATION,OBS02267,carrier,UNKNOWN_VALUE_FLAGGED,IX,IX,
OBSERVATION,OBS02267,total_fare,MONEY_QUANTIZED,9559,9559.00,
OBSERVATION,OBS02268,carrier,UNKNOWN_VALUE_FLAGGED,IX,IX,
OBSERVATION,OBS02268,total_fare,MONEY_QUANTIZED,9421,9421.00,
OBSERVATION,OBS02269,carrier,UNKNOWN_VALUE_FLAGGED,IX,IX,
OBSERVATION,OBS02269,total_fare,MONEY_QUANTIZED,10470,10470.00,
OBSERVATION,OBS02270,carrier,UNKNOWN_VALUE_FLAGGED,IX,IX,
OBSERVATION,OBS02270,total_fare,MONEY_QUANTIZED,6637,6637.00,
OBSERVATION,OBS02271,carrier,UNKNOWN_VALUE_FLAGGED,IX,IX,
OBSERVATION,OBS02271,total_fare,MONEY_QUANTIZED,7010,7010.00,
OBSERVATION,OBS02272,carrier,UNKNOWN_VALUE_FLAGGED,IX,IX,
OBSERVATION,OBS02272,source,UNKNOWN_VALUE_FLAGGED,EaseMyTrip,EaseMyTrip,
OBSERVATION,OBS02272,total_fare,MONEY_QUANTIZED,7589,7589.00,
OBSERVATION,OBS02273,carrier,UNKNOWN_VALUE_FLAGGED,IX,IX,
OBSERVATION,OBS02273,total_fare,MONEY_QUANTIZED,9127,9127.00,
OBSERVATION,OBS02274,carrier,UNKNOWN_VALUE_FLAGGED,IX,IX,
OBSERVATION,OBS02274,total_fare,MONEY_QUANTIZED,8916,8916.00,
OBSERVATION,OBS02275,carrier,UNKNOWN_VALUE_FLAGGED,IX,IX,
OBSERVATION,OBS02275,total_fare,MONEY_QUANTIZED,4972,4972.00,
OBSERVATION,OBS02276,carrier,UNKNOWN_VALUE_FLAGGED,IX,IX,
OBSERVATION,OBS02276,total_fare,MONEY_QUANTIZED,8189,8189.00,
OBSERVATION,OBS02277,carrier,UNKNOWN_VALUE_FLAGGED,IX,IX,
OBSERVATION,OBS02277,total_fare,MONEY_QUANTIZED,7679,7679.00,
OBSERVATION,OBS02278,carrier,UNKNOWN_VALUE_FLAGGED,IX,IX,
OBSERVATION,OBS02278,source,UNKNOWN_VALUE_FLAGGED,EaseMyTrip,EaseMyTrip,
OBSERVATION,OBS02278,total_fare,MONEY_QUANTIZED,6376,6376.00,
OBSERVATION,OBS02279,carrier,UNKNOWN_VALUE_FLAGGED,IX,IX,
OBSERVATION,OBS02279,total_fare,MONEY_QUANTIZED,5336,5336.00,
OBSERVATION,OBS02280,total_fare,MONEY_QUANTIZED,7494,7494.00,
OBSERVATION,OBS02281,total_fare,MONEY_QUANTIZED,7545,7545.00,
OBSERVATION,OBS02282,total_fare,MONEY_QUANTIZED,8912,8912.00,
OBSERVATION,OBS02283,source,UNKNOWN_VALUE_FLAGGED,EaseMyTrip,EaseMyTrip,
OBSERVATION,OBS02283,total_fare,MONEY_QUANTIZED,8912,8912.00,
OBSERVATION,OBS02284,source,UNKNOWN_VALUE_FLAGGED,EaseMyTrip,EaseMyTrip,
OBSERVATION,OBS02284,total_fare,MONEY_QUANTIZED,10031,10031.00,
OBSERVATION,OBS02285,total_fare,MONEY_QUANTIZED,5733,5733.00,
OBSERVATION,OBS02286,source,UNKNOWN_VALUE_FLAGGED,EaseMyTrip,EaseMyTrip,
OBSERVATION,OBS02286,total_fare,MONEY_QUANTIZED,6553,6553.00,
OBSERVATION,OBS02287,source,UNKNOWN_VALUE_FLAGGED,EaseMyTrip,EaseMyTrip,
OBSERVATION,OBS02287,total_fare,MONEY_QUANTIZED,8281,8281.00,
OBSERVATION,OBS02288,total_fare,MONEY_QUANTIZED,7989,7989.00,
OBSERVATION,OBS02289,source,UNKNOWN_VALUE_FLAGGED,EaseMyTrip,EaseMyTrip,
OBSERVATION,OBS02289,total_fare,MONEY_QUANTIZED,6367,6367.00,
OBSERVATION,OBS02290,total_fare,MONEY_QUANTIZED,7608,7608.00,
OBSERVATION,OBS02291,total_fare,MONEY_QUANTIZED,7184,7184.00,
OBSERVATION,OBS02292,total_fare,MONEY_QUANTIZED,11226,11226.00,
OBSERVATION,OBS02293,total_fare,MONEY_QUANTIZED,12240,12240.00,
OBSERVATION,OBS02294,total_fare,MONEY_QUANTIZED,10570,10570.00,
OBSERVATION,OBS02295,total_fare,MONEY_QUANTIZED,10658,10658.00,
OBSERVATION,OBS02296,total_fare,MONEY_QUANTIZED,5565,5565.00,
OBSERVATION,OBS02297,total_fare,MONEY_QUANTIZED,5630,5630.00,
OBSERVATION,OBS02298,total_fare,MONEY_QUANTIZED,7733,7733.00,
OBSERVATION,OBS02299,total_fare,MONEY_QUANTIZED,5424,5424.00,
OBSERVATION,OBS02300,total_fare,MONEY_QUANTIZED,8139,8139.00,
OBSERVATION,OBS02301,total_fare,MONEY_QUANTIZED,7704,7704.00,
OBSERVATION,OBS02302,carrier,UNKNOWN_VALUE_FLAGGED,IX,IX,
OBSERVATION,OBS02302,total_fare,MONEY_QUANTIZED,11496,11496.00,
OBSERVATION,OBS02303,carrier,UNKNOWN_VALUE_FLAGGED,IX,IX,
OBSERVATION,OBS02303,source,UNKNOWN_VALUE_FLAGGED,EaseMyTrip,EaseMyTrip,
OBSERVATION,OBS02303,total_fare,MONEY_QUANTIZED,11152,11152.00,
OBSERVATION,OBS02304,carrier,UNKNOWN_VALUE_FLAGGED,IX,IX,
OBSERVATION,OBS02304,total_fare,MONEY_QUANTIZED,6518,6518.00,
OBSERVATION,OBS02305,carrier,UNKNOWN_VALUE_FLAGGED,IX,IX,
OBSERVATION,OBS02305,total_fare,MONEY_QUANTIZED,6940,6940.00,
OBSERVATION,OBS02306,carrier,UNKNOWN_VALUE_FLAGGED,IX,IX,
OBSERVATION,OBS02306,total_fare,MONEY_QUANTIZED,8715,8715.00,
OBSERVATION,OBS02307,carrier,UNKNOWN_VALUE_FLAGGED,IX,IX,
OBSERVATION,OBS02307,total_fare,MONEY_QUANTIZED,5644,5644.00,
OBSERVATION,OBS02308,carrier,UNKNOWN_VALUE_FLAGGED,IX,IX,
OBSERVATION,OBS02308,total_fare,MONEY_QUANTIZED,5586,5586.00,
OBSERVATION,OBS02309,carrier,UNKNOWN_VALUE_FLAGGED,IX,IX,
OBSERVATION,OBS02309,source,UNKNOWN_VALUE_FLAGGED,EaseMyTrip,EaseMyTrip,
OBSERVATION,OBS02309,total_fare,MONEY_QUANTIZED,5349,5349.00,
OBSERVATION,OBS02310,carrier,UNKNOWN_VALUE_FLAGGED,IX,IX,
OBSERVATION,OBS02310,total_fare,MONEY_QUANTIZED,5311,5311.00,
OBSERVATION,OBS02311,carrier,UNKNOWN_VALUE_FLAGGED,IX,IX,
OBSERVATION,OBS02311,total_fare,MONEY_QUANTIZED,5125,5125.00,
OBSERVATION,OBS02312,source,UNKNOWN_VALUE_FLAGGED,EaseMyTrip,EaseMyTrip,
OBSERVATION,OBS02312,total_fare,MONEY_QUANTIZED,10080,10080.00,
OBSERVATION,OBS02313,total_fare,MONEY_QUANTIZED,9772,9772.00,
OBSERVATION,OBS02314,total_fare,MONEY_QUANTIZED,10365,10365.00,
OBSERVATION,OBS02315,total_fare,MONEY_QUANTIZED,7543,7543.00,
OBSERVATION,OBS02316,total_fare,MONEY_QUANTIZED,7591,7591.00,
OBSERVATION,OBS02317,total_fare,MONEY_QUANTIZED,7699,7699.00,
OBSERVATION,OBS02318,total_fare,MONEY_QUANTIZED,8226,8226.00,
OBSERVATION,OBS02319,total_fare,MONEY_QUANTIZED,6853,6853.00,
OBSERVATION,OBS02320,total_fare,MONEY_QUANTIZED,5246,5246.00,
OBSERVATION,OBS02321,total_fare,MONEY_QUANTIZED,10122,10122.00,
OBSERVATION,OBS02322,total_fare,MONEY_QUANTIZED,6666,6666.00,
OBSERVATION,OBS02323,total_fare,MONEY_QUANTIZED,6602,6602.00,
OBSERVATION,OBS02324,total_fare,MONEY_QUANTIZED,10969,10969.00,
OBSERVATION,OBS02325,total_fare,MONEY_QUANTIZED,5658,5658.00,
OBSERVATION,OBS02326,total_fare,MONEY_QUANTIZED,5635,5635.00,
OBSERVATION,OBS02327,total_fare,MONEY_QUANTIZED,7054,7054.00,
OBSERVATION,OBS02328,total_fare,MONEY_QUANTIZED,8216,8216.00,
OBSERVATION,OBS02329,total_fare,MONEY_QUANTIZED,8242,8242.00,
OBSERVATION,OBS02330,source,UNKNOWN_VALUE_FLAGGED,EaseMyTrip,EaseMyTrip,
OBSERVATION,OBS02330,total_fare,MONEY_QUANTIZED,6515,6515.00,
OBSERVATION,OBS02331,total_fare,MONEY_QUANTIZED,5018,5018.00,
OBSERVATION,OBS02332,total_fare,MONEY_QUANTIZED,5109,5109.00,
OBSERVATION,OBS02333,total_fare,MONEY_QUANTIZED,7948,7948.00,
OBSERVATION,OBS02334,total_fare,MONEY_QUANTIZED,7433,7433.00,
OBSERVATION,OBS02335,total_fare,MONEY_QUANTIZED,7018,7018.00,
OBSERVATION,OBS02336,source,UNKNOWN_VALUE_FLAGGED,EaseMyTrip,EaseMyTrip,
OBSERVATION,OBS02336,total_fare,MONEY_QUANTIZED,6462,6462.00,
OBSERVATION,OBS02337,total_fare,MONEY_QUANTIZED,8580,8580.00,
OBSERVATION,OBS02338,total_fare,MONEY_QUANTIZED,8657,8657.00,
OBSERVATION,OBS02339,source,UNKNOWN_VALUE_FLAGGED,EaseMyTrip,EaseMyTrip,
OBSERVATION,OBS02339,total_fare,MONEY_QUANTIZED,7374,7374.00,
OBSERVATION,OBS02340,total_fare,MONEY_QUANTIZED,7704,7704.00,
OBSERVATION,OBS02341,total_fare,MONEY_QUANTIZED,5288,5288.00,
OBSERVATION,OBS02342,total_fare,MONEY_QUANTIZED,6382,6382.00,
OBSERVATION,OBS02343,total_fare,MONEY_QUANTIZED,6410,6410.00,
OBSERVATION,OBS02344,total_fare,MONEY_QUANTIZED,5049,5049.00,
OBSERVATION,OBS02345,source,UNKNOWN_VALUE_FLAGGED,EaseMyTrip,EaseMyTrip,
OBSERVATION,OBS02345,total_fare,MONEY_QUANTIZED,11952,11952.00,
OBSERVATION,OBS02346,total_fare,MONEY_QUANTIZED,9811,9811.00,
OBSERVATION,OBS02347,total_fare,MONEY_QUANTIZED,9631,9631.00,
OBSERVATION,OBS02348,total_fare,MONEY_QUANTIZED,8634,8634.00,
OBSERVATION,OBS02349,total_fare,MONEY_QUANTIZED,5850,5850.00,
OBSERVATION,OBS02350,total_fare,MONEY_QUANTIZED,7695,7695.00,
OBSERVATION,OBS02351,total_fare,MONEY_QUANTIZED,8240,8240.00,
OBSERVATION,OBS02352,total_fare,MONEY_QUANTIZED,7702,7702.00,
OBSERVATION,OBS02353,total_fare,MONEY_QUANTIZED,7823,7823.00,
OBSERVATION,OBS02354,total_fare,MONEY_QUANTIZED,6655,6655.00,
OBSERVATION,OBS02355,total_fare,MONEY_QUANTIZED,7396,7396.00,
OBSERVATION,OBS02356,total_fare,MONEY_QUANTIZED,9754,9754.00,
OBSERVATION,OBS02357,source,UNKNOWN_VALUE_FLAGGED,EaseMyTrip,EaseMyTrip,
OBSERVATION,OBS02357,total_fare,MONEY_QUANTIZED,10593,10593.00,
OBSERVATION,OBS02358,total_fare,MONEY_QUANTIZED,6632,6632.00,
OBSERVATION,OBS02359,source,UNKNOWN_VALUE_FLAGGED,EaseMyTrip,EaseMyTrip,
OBSERVATION,OBS02359,total_fare,MONEY_QUANTIZED,6616,6616.00,
OBSERVATION,OBS02360,total_fare,MONEY_QUANTIZED,5628,5628.00,
OBSERVATION,OBS02361,total_fare,MONEY_QUANTIZED,7587,7587.00,
OBSERVATION,OBS02362,total_fare,MONEY_QUANTIZED,5281,5281.00,
OBSERVATION,OBS02363,total_fare,MONEY_QUANTIZED,6739,6739.00,
OBSERVATION,OBS02364,total_fare,MONEY_QUANTIZED,8122,8122.00,
OBSERVATION,OBS02365,total_fare,MONEY_QUANTIZED,9607,9607.00,
OBSERVATION,OBS02366,source,UNKNOWN_VALUE_FLAGGED,EaseMyTrip,EaseMyTrip,
OBSERVATION,OBS02366,total_fare,MONEY_QUANTIZED,10147,10147.00,
OBSERVATION,OBS02367,total_fare,MONEY_QUANTIZED,12135,12135.00,
OBSERVATION,OBS02368,source,UNKNOWN_VALUE_FLAGGED,EaseMyTrip,EaseMyTrip,
OBSERVATION,OBS02368,total_fare,MONEY_QUANTIZED,11399,11399.00,
OBSERVATION,OBS02369,total_fare,MONEY_QUANTIZED,10984,10984.00,
OBSERVATION,OBS02370,total_fare,MONEY_QUANTIZED,9061,9061.00,
OBSERVATION,OBS02371,total_fare,MONEY_QUANTIZED,7501,7501.00,
OBSERVATION,OBS02372,total_fare,MONEY_QUANTIZED,9347,9347.00,
OBSERVATION,OBS02373,total_fare,MONEY_QUANTIZED,9129,9129.00,
OBSERVATION,OBS02374,total_fare,MONEY_QUANTIZED,8202,8202.00,
OBSERVATION,OBS02375,total_fare,MONEY_QUANTIZED,6683,6683.00,
OBSERVATION,OBS02376,total_fare,MONEY_QUANTIZED,6778,6778.00,
OBSERVATION,OBS02377,total_fare,MONEY_QUANTIZED,8374,8374.00,
OBSERVATION,OBS02378,total_fare,MONEY_QUANTIZED,11431,11431.00,
OBSERVATION,OBS02379,total_fare,MONEY_QUANTIZED,11448,11448.00,
OBSERVATION,OBS02380,total_fare,MONEY_QUANTIZED,9586,9586.00,
OBSERVATION,OBS02381,total_fare,MONEY_QUANTIZED,9010,9010.00,
OBSERVATION,OBS02382,total_fare,MONEY_QUANTIZED,8912,8912.00,
OBSERVATION,OBS02383,source,UNKNOWN_VALUE_FLAGGED,EaseMyTrip,EaseMyTrip,
OBSERVATION,OBS02383,total_fare,MONEY_QUANTIZED,10700,10700.00,
OBSERVATION,OBS02384,total_fare,MONEY_QUANTIZED,10381,10381.00,
OBSERVATION,OBS02385,total_fare,MONEY_QUANTIZED,5717,5717.00,
OBSERVATION,OBS02386,total_fare,MONEY_QUANTIZED,5663,5663.00,
OBSERVATION,OBS02387,total_fare,MONEY_QUANTIZED,9115,9115.00,
OBSERVATION,OBS02388,total_fare,MONEY_QUANTIZED,5154,5154.00,
OBSERVATION,OBS02389,total_fare,MONEY_QUANTIZED,5058,5058.00,
OBSERVATION,OBS02390,total_fare,MONEY_QUANTIZED,5149,5149.00,
OBSERVATION,OBS02391,total_fare,MONEY_QUANTIZED,9620,9620.00,
OBSERVATION,OBS02392,source,UNKNOWN_VALUE_FLAGGED,EaseMyTrip,EaseMyTrip,
OBSERVATION,OBS02392,total_fare,MONEY_QUANTIZED,9586,9586.00,
OBSERVATION,OBS02393,total_fare,MONEY_QUANTIZED,8904,8904.00,
OBSERVATION,OBS02394,source,UNKNOWN_VALUE_FLAGGED,EaseMyTrip,EaseMyTrip,
OBSERVATION,OBS02394,total_fare,MONEY_QUANTIZED,7302,7302.00,
OBSERVATION,OBS02395,total_fare,MONEY_QUANTIZED,7754,7754.00,
OBSERVATION,OBS02396,total_fare,MONEY_QUANTIZED,7924,7924.00,
OBSERVATION,OBS02397,total_fare,MONEY_QUANTIZED,7763,7763.00,
OBSERVATION,OBS02398,total_fare,MONEY_QUANTIZED,11748,11748.00,
OBSERVATION,OBS02399,total_fare,MONEY_QUANTIZED,10211,10211.00,
OBSERVATION,OBS02400,total_fare,MONEY_QUANTIZED,11008,11008.00,
OBSERVATION,OBS02401,total_fare,MONEY_QUANTIZED,7402,7402.00,
OBSERVATION,OBS02402,total_fare,MONEY_QUANTIZED,5190,5190.00,
OBSERVATION,OBS02403,total_fare,MONEY_QUANTIZED,5254,5254.00,
OBSERVATION,OBS02404,total_fare,MONEY_QUANTIZED,6723,6723.00,
OBSERVATION,OBS02405,total_fare,MONEY_QUANTIZED,11430,11430.00,
OBSERVATION,OBS02406,total_fare,MONEY_QUANTIZED,11690,11690.00,
OBSERVATION,OBS02407,total_fare,MONEY_QUANTIZED,9312,9312.00,
OBSERVATION,OBS02408,total_fare,MONEY_QUANTIZED,10021,10021.00,
OBSERVATION,OBS02409,total_fare,MONEY_QUANTIZED,10953,10953.00,
OBSERVATION,OBS02410,total_fare,MONEY_QUANTIZED,8551,8551.00,
OBSERVATION,OBS02411,total_fare,MONEY_QUANTIZED,8467,8467.00,
OBSERVATION,OBS02412,total_fare,MONEY_QUANTIZED,8951,8951.00,
OBSERVATION,OBS02413,source,UNKNOWN_VALUE_FLAGGED,EaseMyTrip,EaseMyTrip,
OBSERVATION,OBS02413,total_fare,MONEY_QUANTIZED,8934,8934.00,
OBSERVATION,OBS02414,total_fare,MONEY_QUANTIZED,6623,6623.00,
OBSERVATION,OBS02415,total_fare,MONEY_QUANTIZED,6494,6494.00,
OBSERVATION,OBS02416,source,UNKNOWN_VALUE_FLAGGED,EaseMyTrip,EaseMyTrip,
OBSERVATION,OBS02416,total_fare,MONEY_QUANTIZED,7737,7737.00,
OBSERVATION,OBS02417,total_fare,MONEY_QUANTIZED,7234,7234.00,
OBSERVATION,OBS02418,source,UNKNOWN_VALUE_FLAGGED,EaseMyTrip,EaseMyTrip,
OBSERVATION,OBS02418,total_fare,MONEY_QUANTIZED,11980,11980.00,
OBSERVATION,OBS02419,total_fare,MONEY_QUANTIZED,11469,11469.00,
OBSERVATION,OBS02420,total_fare,MONEY_QUANTIZED,6980,6980.00,
OBSERVATION,OBS02421,total_fare,MONEY_QUANTIZED,6642,6642.00,
OBSERVATION,OBS02422,total_fare,MONEY_QUANTIZED,5974,5974.00,
OBSERVATION,OBS02423,total_fare,MONEY_QUANTIZED,7749,7749.00,
OBSERVATION,OBS02424,total_fare,MONEY_QUANTIZED,7615,7615.00,
OBSERVATION,OBS02425,total_fare,MONEY_QUANTIZED,6655,6655.00,
OBSERVATION,OBS02426,source,UNKNOWN_VALUE_FLAGGED,EaseMyTrip,EaseMyTrip,
OBSERVATION,OBS02426,total_fare,MONEY_QUANTIZED,7726,7726.00,
OBSERVATION,OBS02427,total_fare,MONEY_QUANTIZED,12081,12081.00,
OBSERVATION,OBS02428,total_fare,MONEY_QUANTIZED,6999,6999.00,
OBSERVATION,OBS02429,total_fare,MONEY_QUANTIZED,6741,6741.00,
OBSERVATION,OBS02430,total_fare,MONEY_QUANTIZED,7272,7272.00,
OBSERVATION,OBS02431,total_fare,MONEY_QUANTIZED,8907,8907.00,
OBSERVATION,OBS02432,total_fare,MONEY_QUANTIZED,9458,9458.00,
OBSERVATION,OBS02433,total_fare,MONEY_QUANTIZED,6308,6308.00,
OBSERVATION,OBS02434,total_fare,MONEY_QUANTIZED,8028,8028.00,
OBSERVATION,OBS02435,total_fare,MONEY_QUANTIZED,8416,8416.00,
OBSERVATION,OBS02436,total_fare,MONEY_QUANTIZED,6677,6677.00,
OBSERVATION,OBS02437,total_fare,MONEY_QUANTIZED,6309,6309.00,
OBSERVATION,OBS02438,total_fare,MONEY_QUANTIZED,12202,12202.00,
OBSERVATION,OBS02439,total_fare,MONEY_QUANTIZED,6888,6888.00,
OBSERVATION,OBS02440,total_fare,MONEY_QUANTIZED,5676,5676.00,
OBSERVATION,OBS02441,total_fare,MONEY_QUANTIZED,5917,5917.00,
OBSERVATION,OBS02442,total_fare,MONEY_QUANTIZED,8214,8214.00,
OBSERVATION,OBS02443,source,UNKNOWN_VALUE_FLAGGED,EaseMyTrip,EaseMyTrip,
OBSERVATION,OBS02443,total_fare,MONEY_QUANTIZED,6437,6437.00,
OBSERVATION,OBS02444,total_fare,MONEY_QUANTIZED,6502,6502.00,
OBSERVATION,OBS02445,total_fare,MONEY_QUANTIZED,4920,4920.00,
OBSERVATION,OBS02446,total_fare,MONEY_QUANTIZED,4938,4938.00,
OBSERVATION,OBS02447,total_fare,MONEY_QUANTIZED,7845,7845.00,
OBSERVATION,OBS02448,source,UNKNOWN_VALUE_FLAGGED,EaseMyTrip,EaseMyTrip,
OBSERVATION,OBS02448,total_fare,MONEY_QUANTIZED,7343,7343.00,
OBSERVATION,OBS02449,total_fare,MONEY_QUANTIZED,6531,6531.00,
OBSERVATION,OBS02450,total_fare,MONEY_QUANTIZED,6927,6927.00,
OBSERVATION,OBS02451,source,UNKNOWN_VALUE_FLAGGED,EaseMyTrip,EaseMyTrip,
OBSERVATION,OBS02451,total_fare,MONEY_QUANTIZED,8701,8701.00,
OBSERVATION,OBS02452,total_fare,MONEY_QUANTIZED,8425,8425.00,
OBSERVATION,OBS02453,source,UNKNOWN_VALUE_FLAGGED,EaseMyTrip,EaseMyTrip,
OBSERVATION,OBS02453,total_fare,MONEY_QUANTIZED,8945,8945.00,
OBSERVATION,OBS02454,total_fare,MONEY_QUANTIZED,9351,9351.00,
OBSERVATION,OBS02455,total_fare,MONEY_QUANTIZED,7921,7921.00,
OBSERVATION,OBS02456,total_fare,MONEY_QUANTIZED,7943,7943.00,
OBSERVATION,OBS02457,total_fare,MONEY_QUANTIZED,8045,8045.00,
OBSERVATION,OBS02458,total_fare,MONEY_QUANTIZED,5267,5267.00,
OBSERVATION,OBS02459,source,UNKNOWN_VALUE_FLAGGED,EaseMyTrip,EaseMyTrip,
OBSERVATION,OBS02459,total_fare,MONEY_QUANTIZED,7370,7370.00,
OBSERVATION,OBS02460,total_fare,MONEY_QUANTIZED,7846,7846.00,
OBSERVATION,OBS02461,source,UNKNOWN_VALUE_FLAGGED,EaseMyTrip,EaseMyTrip,
OBSERVATION,OBS02461,total_fare,MONEY_QUANTIZED,9094,9094.00,
OBSERVATION,OBS02462,total_fare,MONEY_QUANTIZED,8682,8682.00,
OBSERVATION,OBS02463,source,UNKNOWN_VALUE_FLAGGED,EaseMyTrip,EaseMyTrip,
OBSERVATION,OBS02463,total_fare,MONEY_QUANTIZED,10183,10183.00,
OBSERVATION,OBS02464,total_fare,MONEY_QUANTIZED,5997,5997.00,
OBSERVATION,OBS02465,total_fare,MONEY_QUANTIZED,7774,7774.00,
OBSERVATION,OBS02466,source,UNKNOWN_VALUE_FLAGGED,EaseMyTrip,EaseMyTrip,
OBSERVATION,OBS02466,total_fare,MONEY_QUANTIZED,7541,7541.00,
OBSERVATION,OBS02467,total_fare,MONEY_QUANTIZED,5348,5348.00,
OBSERVATION,OBS02468,total_fare,MONEY_QUANTIZED,5341,5341.00,
OBSERVATION,OBS02469,source,UNKNOWN_VALUE_FLAGGED,EaseMyTrip,EaseMyTrip,
OBSERVATION,OBS02469,total_fare,MONEY_QUANTIZED,7788,7788.00,
OBSERVATION,OBS02470,total_fare,MONEY_QUANTIZED,8759,8759.00,
OBSERVATION,OBS02471,total_fare,MONEY_QUANTIZED,10428,10428.00,
OBSERVATION,OBS02472,total_fare,MONEY_QUANTIZED,10333,10333.00,
OBSERVATION,OBS02473,total_fare,MONEY_QUANTIZED,5845,5845.00,
OBSERVATION,OBS02474,total_fare,MONEY_QUANTIZED,5890,5890.00,
OBSERVATION,OBS02475,total_fare,MONEY_QUANTIZED,7646,7646.00,
OBSERVATION,OBS02476,total_fare,MONEY_QUANTIZED,8293,8293.00,
OBSERVATION,OBS02477,total_fare,MONEY_QUANTIZED,5320,5320.00,
OBSERVATION,OBS02478,total_fare,MONEY_QUANTIZED,5005,5005.00,
OBSERVATION,OBS02479,total_fare,MONEY_QUANTIZED,8083,8083.00,
OBSERVATION,OBS02480,source,UNKNOWN_VALUE_FLAGGED,EaseMyTrip,EaseMyTrip,
OBSERVATION,OBS02480,total_fare,MONEY_QUANTIZED,9693,9693.00,
OBSERVATION,OBS02481,total_fare,MONEY_QUANTIZED,9811,9811.00,
OBSERVATION,OBS02482,total_fare,MONEY_QUANTIZED,7051,7051.00,
OBSERVATION,OBS02483,source,UNKNOWN_VALUE_FLAGGED,EaseMyTrip,EaseMyTrip,
OBSERVATION,OBS02483,total_fare,MONEY_QUANTIZED,7139,7139.00,
OBSERVATION,OBS02484,total_fare,MONEY_QUANTIZED,8938,8938.00,
OBSERVATION,OBS02485,total_fare,MONEY_QUANTIZED,8887,8887.00,
OBSERVATION,OBS02486,total_fare,MONEY_QUANTIZED,5499,5499.00,
OBSERVATION,OBS02487,total_fare,MONEY_QUANTIZED,9069,9069.00,
OBSERVATION,OBS02488,source,UNKNOWN_VALUE_FLAGGED,EaseMyTrip,EaseMyTrip,
OBSERVATION,OBS02488,total_fare,MONEY_QUANTIZED,5274,5274.00,
OBSERVATION,OBS02489,total_fare,MONEY_QUANTIZED,6626,6626.00,
OBSERVATION,OBS02490,total_fare,MONEY_QUANTIZED,6483,6483.00,
OBSERVATION,OBS02491,total_fare,MONEY_QUANTIZED,4979,4979.00,
OBSERVATION,OBS02492,carrier,UNKNOWN_VALUE_FLAGGED,IX,IX,
OBSERVATION,OBS02492,source,UNKNOWN_VALUE_FLAGGED,EaseMyTrip,EaseMyTrip,
OBSERVATION,OBS02492,total_fare,MONEY_QUANTIZED,9507,9507.00,
OBSERVATION,OBS02493,carrier,UNKNOWN_VALUE_FLAGGED,IX,IX,
OBSERVATION,OBS02493,total_fare,MONEY_QUANTIZED,8598,8598.00,
OBSERVATION,OBS02494,carrier,UNKNOWN_VALUE_FLAGGED,IX,IX,
OBSERVATION,OBS02494,total_fare,MONEY_QUANTIZED,10974,10974.00,
OBSERVATION,OBS02495,carrier,UNKNOWN_VALUE_FLAGGED,IX,IX,
OBSERVATION,OBS02495,source,UNKNOWN_VALUE_FLAGGED,EaseMyTrip,EaseMyTrip,
OBSERVATION,OBS02495,total_fare,MONEY_QUANTIZED,10779,10779.00,
OBSERVATION,OBS02496,carrier,UNKNOWN_VALUE_FLAGGED,IX,IX,
OBSERVATION,OBS02496,total_fare,MONEY_QUANTIZED,8752,8752.00,
OBSERVATION,OBS02497,carrier,UNKNOWN_VALUE_FLAGGED,IX,IX,
OBSERVATION,OBS02497,total_fare,MONEY_QUANTIZED,5644,5644.00,
OBSERVATION,OBS02498,carrier,UNKNOWN_VALUE_FLAGGED,IX,IX,
OBSERVATION,OBS02498,total_fare,MONEY_QUANTIZED,5889,5889.00,
OBSERVATION,OBS02499,carrier,UNKNOWN_VALUE_FLAGGED,IX,IX,
OBSERVATION,OBS02499,total_fare,MONEY_QUANTIZED,4977,4977.00,
OBSERVATION,OBS02500,carrier,UNKNOWN_VALUE_FLAGGED,IX,IX,
OBSERVATION,OBS02500,total_fare,MONEY_QUANTIZED,5083,5083.00,
OBSERVATION,OBS02501,carrier,UNKNOWN_VALUE_FLAGGED,IX,IX,
OBSERVATION,OBS02501,total_fare,MONEY_QUANTIZED,6891,6891.00,
OBSERVATION,OBS02502,carrier,UNKNOWN_VALUE_FLAGGED,IX,IX,
OBSERVATION,OBS02502,source,UNKNOWN_VALUE_FLAGGED,EaseMyTrip,EaseMyTrip,
OBSERVATION,OBS02502,total_fare,MONEY_QUANTIZED,6712,6712.00,
OBSERVATION,OBS02503,carrier,UNKNOWN_VALUE_FLAGGED,IX,IX,
OBSERVATION,OBS02503,source,UNKNOWN_VALUE_FLAGGED,EaseMyTrip,EaseMyTrip,
OBSERVATION,OBS02503,total_fare,MONEY_QUANTIZED,6539,6539.00,
OBSERVATION,OBS02504,carrier,UNKNOWN_VALUE_FLAGGED,IX,IX,
OBSERVATION,OBS02504,total_fare,MONEY_QUANTIZED,6524,6524.00,
OBSERVATION,OBS02505,total_fare,MONEY_QUANTIZED,12349,12349.00,
OBSERVATION,OBS02506,source,UNKNOWN_VALUE_FLAGGED,EaseMyTrip,EaseMyTrip,
OBSERVATION,OBS02506,total_fare,MONEY_QUANTIZED,11576,11576.00,
OBSERVATION,OBS02507,total_fare,MONEY_QUANTIZED,8504,8504.00,
OBSERVATION,OBS02508,total_fare,MONEY_QUANTIZED,8425,8425.00,
OBSERVATION,OBS02509,total_fare,MONEY_QUANTIZED,7452,7452.00,
OBSERVATION,OBS02510,total_fare,MONEY_QUANTIZED,8254,8254.00,
OBSERVATION,OBS02511,total_fare,MONEY_QUANTIZED,7780,7780.00,
OBSERVATION,OBS02512,total_fare,MONEY_QUANTIZED,5001,5001.00,
OBSERVATION,OBS02513,total_fare,MONEY_QUANTIZED,5090,5090.00,
OBSERVATION,OBS02514,source,UNKNOWN_VALUE_FLAGGED,EaseMyTrip,EaseMyTrip,
OBSERVATION,OBS02514,total_fare,MONEY_QUANTIZED,5232,5232.00,
OBSERVATION,OBS02515,total_fare,MONEY_QUANTIZED,5300,5300.00,
OBSERVATION,OBS02516,source,UNKNOWN_VALUE_FLAGGED,EaseMyTrip,EaseMyTrip,
OBSERVATION,OBS02516,total_fare,MONEY_QUANTIZED,9657,9657.00,
OBSERVATION,OBS02517,total_fare,MONEY_QUANTIZED,9424,9424.00,
OBSERVATION,OBS02518,total_fare,MONEY_QUANTIZED,8726,8726.00,
OBSERVATION,OBS02519,total_fare,MONEY_QUANTIZED,8687,8687.00,
OBSERVATION,OBS02520,total_fare,MONEY_QUANTIZED,9093,9093.00,
OBSERVATION,OBS02521,total_fare,MONEY_QUANTIZED,6530,6530.00,
OBSERVATION,OBS02522,total_fare,MONEY_QUANTIZED,5008,5008.00,
OBSERVATION,OBS02523,total_fare,MONEY_QUANTIZED,8324,8324.00,
OBSERVATION,OBS02524,carrier,UNKNOWN_VALUE_FLAGGED,IX,IX,
OBSERVATION,OBS02524,total_fare,MONEY_QUANTIZED,11964,11964.00,
OBSERVATION,OBS02525,carrier,UNKNOWN_VALUE_FLAGGED,IX,IX,
OBSERVATION,OBS02525,total_fare,MONEY_QUANTIZED,8389,8389.00,
OBSERVATION,OBS02526,carrier,UNKNOWN_VALUE_FLAGGED,IX,IX,
OBSERVATION,OBS02526,total_fare,MONEY_QUANTIZED,9129,9129.00,
OBSERVATION,OBS02527,carrier,UNKNOWN_VALUE_FLAGGED,IX,IX,
OBSERVATION,OBS02527,source,UNKNOWN_VALUE_FLAGGED,EaseMyTrip,EaseMyTrip,
OBSERVATION,OBS02527,total_fare,MONEY_QUANTIZED,8901,8901.00,
OBSERVATION,OBS02528,carrier,UNKNOWN_VALUE_FLAGGED,IX,IX,
OBSERVATION,OBS02528,total_fare,MONEY_QUANTIZED,5933,5933.00,
OBSERVATION,OBS02529,carrier,UNKNOWN_VALUE_FLAGGED,IX,IX,
OBSERVATION,OBS02529,total_fare,MONEY_QUANTIZED,8056,8056.00,
OBSERVATION,OBS02530,carrier,UNKNOWN_VALUE_FLAGGED,IX,IX,
OBSERVATION,OBS02530,total_fare,MONEY_QUANTIZED,6801,6801.00,
OBSERVATION,OBS02531,carrier,UNKNOWN_VALUE_FLAGGED,IX,IX,
OBSERVATION,OBS02531,total_fare,MONEY_QUANTIZED,6686,6686.00,
OBSERVATION,OBS02532,carrier,UNKNOWN_VALUE_FLAGGED,IX,IX,
OBSERVATION,OBS02532,total_fare,MONEY_QUANTIZED,6820,6820.00,
OBSERVATION,OBS02533,total_fare,MONEY_QUANTIZED,9402,9402.00,
OBSERVATION,OBS02534,total_fare,MONEY_QUANTIZED,8383,8383.00,
OBSERVATION,OBS02535,total_fare,MONEY_QUANTIZED,8612,8612.00,
OBSERVATION,OBS02536,total_fare,MONEY_QUANTIZED,7367,7367.00,
OBSERVATION,OBS02537,source,UNKNOWN_VALUE_FLAGGED,EaseMyTrip,EaseMyTrip,
OBSERVATION,OBS02537,total_fare,MONEY_QUANTIZED,7660,7660.00,
OBSERVATION,OBS02538,total_fare,MONEY_QUANTIZED,6729,6729.00,
OBSERVATION,OBS02539,source,UNKNOWN_VALUE_FLAGGED,EaseMyTrip,EaseMyTrip,
OBSERVATION,OBS02539,total_fare,MONEY_QUANTIZED,6620,6620.00,
OBSERVATION,OBS02540,total_fare,MONEY_QUANTIZED,9458,9458.00,
OBSERVATION,OBS02541,total_fare,MONEY_QUANTIZED,9820,9820.00,
OBSERVATION,OBS02542,total_fare,MONEY_QUANTIZED,10142,10142.00,
OBSERVATION,OBS02543,source,UNKNOWN_VALUE_FLAGGED,EaseMyTrip,EaseMyTrip,
OBSERVATION,OBS02543,total_fare,MONEY_QUANTIZED,11119,11119.00,
OBSERVATION,OBS02544,total_fare,MONEY_QUANTIZED,8311,8311.00,
OBSERVATION,OBS02545,total_fare,MONEY_QUANTIZED,8523,8523.00,
OBSERVATION,OBS02546,total_fare,MONEY_QUANTIZED,7149,7149.00,
OBSERVATION,OBS02547,total_fare,MONEY_QUANTIZED,7312,7312.00,
OBSERVATION,OBS02548,total_fare,MONEY_QUANTIZED,5690,5690.00,
OBSERVATION,OBS02549,total_fare,MONEY_QUANTIZED,5880,5880.00,
OBSERVATION,OBS02550,total_fare,MONEY_QUANTIZED,5130,5130.00,
OBSERVATION,OBS02551,total_fare,MONEY_QUANTIZED,5273,5273.00,
OBSERVATION,OBS02552,total_fare,MONEY_QUANTIZED,6783,6783.00,
OBSERVATION,OBS02553,source,UNKNOWN_VALUE_FLAGGED,EaseMyTrip,EaseMyTrip,
OBSERVATION,OBS02553,total_fare,MONEY_QUANTIZED,4925,4925.00,
OBSERVATION,OBS02554,total_fare,MONEY_QUANTIZED,7926,7926.00,
OBSERVATION,OBS02555,total_fare,MONEY_QUANTIZED,8133,8133.00,
OBSERVATION,OBS02556,total_fare,MONEY_QUANTIZED,7225,7225.00,
OBSERVATION,OBS02557,total_fare,MONEY_QUANTIZED,7397,7397.00,
OBSERVATION,OBS02558,total_fare,MONEY_QUANTIZED,11608,11608.00,
OBSERVATION,OBS02559,total_fare,MONEY_QUANTIZED,12270,12270.00,
OBSERVATION,OBS02560,total_fare,MONEY_QUANTIZED,8737,8737.00,
OBSERVATION,OBS02561,total_fare,MONEY_QUANTIZED,9034,9034.00,
OBSERVATION,OBS02562,source,UNKNOWN_VALUE_FLAGGED,EaseMyTrip,EaseMyTrip,
OBSERVATION,OBS02562,total_fare,MONEY_QUANTIZED,6622,6622.00,
OBSERVATION,OBS02563,total_fare,MONEY_QUANTIZED,6699,6699.00,
OBSERVATION,OBS02564,total_fare,MONEY_QUANTIZED,5040,5040.00,
OBSERVATION,OBS02565,total_fare,MONEY_QUANTIZED,6299,6299.00,
OBSERVATION,OBS02566,total_fare,MONEY_QUANTIZED,6279,6279.00,
OBSERVATION,OBS02567,source,UNKNOWN_VALUE_FLAGGED,EaseMyTrip,EaseMyTrip,
OBSERVATION,OBS02567,total_fare,MONEY_QUANTIZED,7647,7647.00,
OBSERVATION,OBS02568,total_fare,MONEY_QUANTIZED,7438,7438.00,
OBSERVATION,OBS02569,total_fare,MONEY_QUANTIZED,10444,10444.00,
OBSERVATION,OBS02570,source,UNKNOWN_VALUE_FLAGGED,EaseMyTrip,EaseMyTrip,
OBSERVATION,OBS02570,total_fare,MONEY_QUANTIZED,10243,10243.00,
OBSERVATION,OBS02571,source,UNKNOWN_VALUE_FLAGGED,EaseMyTrip,EaseMyTrip,
OBSERVATION,OBS02571,total_fare,MONEY_QUANTIZED,6943,6943.00,
OBSERVATION,OBS02572,total_fare,MONEY_QUANTIZED,7434,7434.00,
OBSERVATION,OBS02573,total_fare,MONEY_QUANTIZED,5969,5969.00,
OBSERVATION,OBS02574,total_fare,MONEY_QUANTIZED,6336,6336.00,
OBSERVATION,OBS02575,source,UNKNOWN_VALUE_FLAGGED,EaseMyTrip,EaseMyTrip,
OBSERVATION,OBS02575,total_fare,MONEY_QUANTIZED,6690,6690.00,
OBSERVATION,OBS02576,source,UNKNOWN_VALUE_FLAGGED,EaseMyTrip,EaseMyTrip,
OBSERVATION,OBS02576,total_fare,MONEY_QUANTIZED,7900,7900.00,
OBSERVATION,OBS02577,total_fare,MONEY_QUANTIZED,8212,8212.00,
OBSERVATION,OBS02578,total_fare,MONEY_QUANTIZED,5159,5159.00,
OBSERVATION,OBS02579,total_fare,MONEY_QUANTIZED,6356,6356.00,
OBSERVATION,OBS02580,source,UNKNOWN_VALUE_FLAGGED,EaseMyTrip,EaseMyTrip,
OBSERVATION,OBS02580,total_fare,MONEY_QUANTIZED,7395,7395.00,
OBSERVATION,OBS02581,total_fare,MONEY_QUANTIZED,7523,7523.00,
OBSERVATION,OBS02582,total_fare,MONEY_QUANTIZED,11902,11902.00,
OBSERVATION,OBS02583,source,UNKNOWN_VALUE_FLAGGED,EaseMyTrip,EaseMyTrip,
OBSERVATION,OBS02583,total_fare,MONEY_QUANTIZED,11805,11805.00,
OBSERVATION,OBS02584,total_fare,MONEY_QUANTIZED,7026,7026.00,
OBSERVATION,OBS02585,total_fare,MONEY_QUANTIZED,6527,6527.00,
OBSERVATION,OBS02586,total_fare,MONEY_QUANTIZED,8705,8705.00,
OBSERVATION,OBS02587,total_fare,MONEY_QUANTIZED,8870,8870.00,
OBSERVATION,OBS02588,total_fare,MONEY_QUANTIZED,7117,7117.00,
OBSERVATION,OBS02589,source,UNKNOWN_VALUE_FLAGGED,EaseMyTrip,EaseMyTrip,
OBSERVATION,OBS02589,total_fare,MONEY_QUANTIZED,7445,7445.00,
OBSERVATION,OBS02590,total_fare,MONEY_QUANTIZED,8071,8071.00,
OBSERVATION,OBS02591,total_fare,MONEY_QUANTIZED,8100,8100.00,
OBSERVATION,OBS02592,source,UNKNOWN_VALUE_FLAGGED,EaseMyTrip,EaseMyTrip,
OBSERVATION,OBS02592,total_fare,MONEY_QUANTIZED,6860,6860.00,
OBSERVATION,OBS02593,carrier,UNKNOWN_VALUE_FLAGGED,IX,IX,
OBSERVATION,OBS02593,total_fare,MONEY_QUANTIZED,7266,7266.00,
OBSERVATION,OBS02594,carrier,UNKNOWN_VALUE_FLAGGED,IX,IX,
OBSERVATION,OBS02594,total_fare,MONEY_QUANTIZED,7403,7403.00,
OBSERVATION,OBS02595,carrier,UNKNOWN_VALUE_FLAGGED,IX,IX,
OBSERVATION,OBS02595,source,UNKNOWN_VALUE_FLAGGED,EaseMyTrip,EaseMyTrip,
OBSERVATION,OBS02595,total_fare,MONEY_QUANTIZED,6727,6727.00,
OBSERVATION,OBS02596,carrier,UNKNOWN_VALUE_FLAGGED,IX,IX,
OBSERVATION,OBS02596,source,UNKNOWN_VALUE_FLAGGED,EaseMyTrip,EaseMyTrip,
OBSERVATION,OBS02596,total_fare,MONEY_QUANTIZED,5951,5951.00,
OBSERVATION,OBS02597,carrier,UNKNOWN_VALUE_FLAGGED,IX,IX,
OBSERVATION,OBS02597,total_fare,MONEY_QUANTIZED,5959,5959.00,
OBSERVATION,OBS02598,carrier,UNKNOWN_VALUE_FLAGGED,IX,IX,
OBSERVATION,OBS02598,total_fare,MONEY_QUANTIZED,9144,9144.00,
OBSERVATION,OBS02599,carrier,UNKNOWN_VALUE_FLAGGED,IX,IX,
OBSERVATION,OBS02599,total_fare,MONEY_QUANTIZED,8331,8331.00,
OBSERVATION,OBS02600,carrier,UNKNOWN_VALUE_FLAGGED,IX,IX,
OBSERVATION,OBS02600,source,UNKNOWN_VALUE_FLAGGED,EaseMyTrip,EaseMyTrip,
OBSERVATION,OBS02600,total_fare,MONEY_QUANTIZED,5313,5313.00,
OBSERVATION,OBS02601,carrier,UNKNOWN_VALUE_FLAGGED,IX,IX,
OBSERVATION,OBS02601,total_fare,MONEY_QUANTIZED,5279,5279.00,
OBSERVATION,OBS02602,carrier,UNKNOWN_VALUE_FLAGGED,IX,IX,
OBSERVATION,OBS02602,total_fare,MONEY_QUANTIZED,6524,6524.00,
OBSERVATION,OBS02603,total_fare,MONEY_QUANTIZED,9526,9526.00,
OBSERVATION,OBS02604,source,UNKNOWN_VALUE_FLAGGED,EaseMyTrip,EaseMyTrip,
OBSERVATION,OBS02604,total_fare,MONEY_QUANTIZED,9270,9270.00,
OBSERVATION,OBS02605,total_fare,MONEY_QUANTIZED,7435,7435.00,
OBSERVATION,OBS02606,total_fare,MONEY_QUANTIZED,6467,6467.00,
OBSERVATION,OBS02607,total_fare,MONEY_QUANTIZED,6785,6785.00,
OBSERVATION,OBS02608,total_fare,MONEY_QUANTIZED,7299,7299.00,
OBSERVATION,OBS02609,total_fare,MONEY_QUANTIZED,7583,7583.00,
OBSERVATION,OBS02610,total_fare,MONEY_QUANTIZED,7982,7982.00,
OBSERVATION,OBS02611,total_fare,MONEY_QUANTIZED,5187,5187.00,
OBSERVATION,OBS02612,total_fare,MONEY_QUANTIZED,8120,8120.00,
OBSERVATION,OBS02613,source,UNKNOWN_VALUE_FLAGGED,EaseMyTrip,EaseMyTrip,
OBSERVATION,OBS02613,total_fare,MONEY_QUANTIZED,8176,8176.00,
OBSERVATION,OBS02614,source,UNKNOWN_VALUE_FLAGGED,EaseMyTrip,EaseMyTrip,
OBSERVATION,OBS02614,total_fare,MONEY_QUANTIZED,5083,5083.00,
OBSERVATION,OBS02615,total_fare,MONEY_QUANTIZED,11817,11817.00,
OBSERVATION,OBS02616,total_fare,MONEY_QUANTIZED,7484,7484.00,
OBSERVATION,OBS02617,total_fare,MONEY_QUANTIZED,8727,8727.00,
OBSERVATION,OBS02618,total_fare,MONEY_QUANTIZED,9016,9016.00,
OBSERVATION,OBS02619,source,UNKNOWN_VALUE_FLAGGED,EaseMyTrip,EaseMyTrip,
OBSERVATION,OBS02619,total_fare,MONEY_QUANTIZED,6801,6801.00,
OBSERVATION,OBS02620,total_fare,MONEY_QUANTIZED,5588,5588.00,
OBSERVATION,OBS02621,total_fare,MONEY_QUANTIZED,5608,5608.00,
OBSERVATION,OBS02622,total_fare,MONEY_QUANTIZED,9048,9048.00,
OBSERVATION,OBS02623,total_fare,MONEY_QUANTIZED,7860,7860.00,
OBSERVATION,OBS02624,source,UNKNOWN_VALUE_FLAGGED,EaseMyTrip,EaseMyTrip,
OBSERVATION,OBS02624,total_fare,MONEY_QUANTIZED,7888,7888.00,
OBSERVATION,OBS02625,total_fare,MONEY_QUANTIZED,8336,8336.00,
OBSERVATION,OBS02626,total_fare,MONEY_QUANTIZED,5180,5180.00,
OBSERVATION,OBS02627,total_fare,MONEY_QUANTIZED,7365,7365.00,
OBSERVATION,OBS02628,source,UNKNOWN_VALUE_FLAGGED,EaseMyTrip,EaseMyTrip,
OBSERVATION,OBS02628,total_fare,MONEY_QUANTIZED,7347,7347.00,
OBSERVATION,OBS02629,total_fare,MONEY_QUANTIZED,10764,10764.00,
OBSERVATION,OBS02630,source,UNKNOWN_VALUE_FLAGGED,EaseMyTrip,EaseMyTrip,
OBSERVATION,OBS02630,total_fare,MONEY_QUANTIZED,8480,8480.00,
OBSERVATION,OBS02631,total_fare,MONEY_QUANTIZED,5752,5752.00,
OBSERVATION,OBS02632,total_fare,MONEY_QUANTIZED,5631,5631.00,
OBSERVATION,OBS02633,total_fare,MONEY_QUANTIZED,6290,6290.00,
OBSERVATION,OBS02634,source,UNKNOWN_VALUE_FLAGGED,EaseMyTrip,EaseMyTrip,
OBSERVATION,OBS02634,total_fare,MONEY_QUANTIZED,8056,8056.00,
OBSERVATION,OBS02635,total_fare,MONEY_QUANTIZED,12040,12040.00,
OBSERVATION,OBS02636,total_fare,MONEY_QUANTIZED,11904,11904.00,
OBSERVATION,OBS02637,source,UNKNOWN_VALUE_FLAGGED,EaseMyTrip,EaseMyTrip,
OBSERVATION,OBS02637,total_fare,MONEY_QUANTIZED,6748,6748.00,
OBSERVATION,OBS02638,total_fare,MONEY_QUANTIZED,6700,6700.00,
OBSERVATION,OBS02639,total_fare,MONEY_QUANTIZED,8957,8957.00,
OBSERVATION,OBS02640,source,UNKNOWN_VALUE_FLAGGED,EaseMyTrip,EaseMyTrip,
OBSERVATION,OBS02640,total_fare,MONEY_QUANTIZED,8593,8593.00,
OBSERVATION,OBS02641,total_fare,MONEY_QUANTIZED,8988,8988.00,
OBSERVATION,OBS02642,total_fare,MONEY_QUANTIZED,7190,7190.00,
OBSERVATION,OBS02643,total_fare,MONEY_QUANTIZED,7464,7464.00,
OBSERVATION,OBS02644,total_fare,MONEY_QUANTIZED,6723,6723.00,
OBSERVATION,OBS02645,source,UNKNOWN_VALUE_FLAGGED,EaseMyTrip,EaseMyTrip,
OBSERVATION,OBS02645,total_fare,MONEY_QUANTIZED,5116,5116.00,
OBSERVATION,OBS02646,total_fare,MONEY_QUANTIZED,5141,5141.00,
OBSERVATION,OBS02647,total_fare,MONEY_QUANTIZED,7778,7778.00,
OBSERVATION,OBS02648,total_fare,MONEY_QUANTIZED,7897,7897.00,
OBSERVATION,OBS02649,total_fare,MONEY_QUANTIZED,10543,10543.00,
OBSERVATION,OBS02650,total_fare,MONEY_QUANTIZED,8537,8537.00,
OBSERVATION,OBS02651,total_fare,MONEY_QUANTIZED,8955,8955.00,
OBSERVATION,OBS02652,total_fare,MONEY_QUANTIZED,7608,7608.00,
OBSERVATION,OBS02653,total_fare,MONEY_QUANTIZED,7102,7102.00,
OBSERVATION,OBS02654,total_fare,MONEY_QUANTIZED,9184,9184.00,
OBSERVATION,OBS02655,total_fare,MONEY_QUANTIZED,9248,9248.00,
OBSERVATION,OBS02656,total_fare,MONEY_QUANTIZED,7675,7675.00,
OBSERVATION,OBS02657,source,UNKNOWN_VALUE_FLAGGED,EaseMyTrip,EaseMyTrip,
OBSERVATION,OBS02657,total_fare,MONEY_QUANTIZED,8242,8242.00,
OBSERVATION,OBS02658,total_fare,MONEY_QUANTIZED,4914,4914.00,
OBSERVATION,OBS02659,total_fare,MONEY_QUANTIZED,5099,5099.00,
OBSERVATION,OBS02660,total_fare,MONEY_QUANTIZED,7940,7940.00,
OBSERVATION,OBS02661,total_fare,MONEY_QUANTIZED,7392,7392.00,
OBSERVATION,OBS02662,total_fare,MONEY_QUANTIZED,9432,9432.00,
OBSERVATION,OBS02663,total_fare,MONEY_QUANTIZED,8559,8559.00,
OBSERVATION,OBS02664,total_fare,MONEY_QUANTIZED,8922,8922.00,
OBSERVATION,OBS02665,source,UNKNOWN_VALUE_FLAGGED,EaseMyTrip,EaseMyTrip,
OBSERVATION,OBS02665,total_fare,MONEY_QUANTIZED,6853,6853.00,
OBSERVATION,OBS02666,total_fare,MONEY_QUANTIZED,6665,6665.00,
OBSERVATION,OBS02667,total_fare,MONEY_QUANTIZED,9187,9187.00,
OBSERVATION,OBS02668,total_fare,MONEY_QUANTIZED,7537,7537.00,
OBSERVATION,OBS02669,total_fare,MONEY_QUANTIZED,7194,7194.00,
OBSERVATION,OBS02670,total_fare,MONEY_QUANTIZED,6699,6699.00,
OBSERVATION,OBS02671,total_fare,MONEY_QUANTIZED,6380,6380.00,
OBSERVATION,OBS02672,total_fare,MONEY_QUANTIZED,5258,5258.00,
OBSERVATION,OBS02673,source,UNKNOWN_VALUE_FLAGGED,EaseMyTrip,EaseMyTrip,
OBSERVATION,OBS02673,total_fare,MONEY_QUANTIZED,5270,5270.00,
OBSERVATION,OBS02674,source,UNKNOWN_VALUE_FLAGGED,EaseMyTrip,EaseMyTrip,
OBSERVATION,OBS02674,total_fare,MONEY_QUANTIZED,7806,7806.00,
OBSERVATION,OBS02675,total_fare,MONEY_QUANTIZED,9719,9719.00,
OBSERVATION,OBS02676,source,UNKNOWN_VALUE_FLAGGED,EaseMyTrip,EaseMyTrip,
OBSERVATION,OBS02676,total_fare,MONEY_QUANTIZED,9754,9754.00,
OBSERVATION,OBS02677,source,UNKNOWN_VALUE_FLAGGED,EaseMyTrip,EaseMyTrip,
OBSERVATION,OBS02677,total_fare,MONEY_QUANTIZED,10879,10879.00,
OBSERVATION,OBS02678,total_fare,MONEY_QUANTIZED,9307,9307.00,
OBSERVATION,OBS02679,total_fare,MONEY_QUANTIZED,5594,5594.00,
OBSERVATION,OBS02680,total_fare,MONEY_QUANTIZED,5742,5742.00,
OBSERVATION,OBS02681,total_fare,MONEY_QUANTIZED,4887,4887.00,
OBSERVATION,OBS02682,total_fare,MONEY_QUANTIZED,5037,5037.00,
OBSERVATION,OBS02683,total_fare,MONEY_QUANTIZED,6576,6576.00,
OBSERVATION,OBS02684,total_fare,MONEY_QUANTIZED,6808,6808.00,
OBSERVATION,OBS02685,total_fare,MONEY_QUANTIZED,7757,7757.00,
OBSERVATION,OBS02686,total_fare,MONEY_QUANTIZED,5122,5122.00,
OBSERVATION,OBS02687,total_fare,MONEY_QUANTIZED,12148,12148.00,
OBSERVATION,OBS02688,total_fare,MONEY_QUANTIZED,11904,11904.00,
OBSERVATION,OBS02689,total_fare,MONEY_QUANTIZED,6911,6911.00,
OBSERVATION,OBS02690,source,UNKNOWN_VALUE_FLAGGED,EaseMyTrip,EaseMyTrip,
OBSERVATION,OBS02690,total_fare,MONEY_QUANTIZED,6574,6574.00,
OBSERVATION,OBS02691,total_fare,MONEY_QUANTIZED,8247,8247.00,
OBSERVATION,OBS02692,total_fare,MONEY_QUANTIZED,5647,5647.00,
OBSERVATION,OBS02693,total_fare,MONEY_QUANTIZED,5782,5782.00,
OBSERVATION,OBS02694,total_fare,MONEY_QUANTIZED,7445,7445.00,
OBSERVATION,OBS02695,total_fare,MONEY_QUANTIZED,5424,5424.00,
OBSERVATION,OBS02696,total_fare,MONEY_QUANTIZED,8444,8444.00,
OBSERVATION,OBS02697,source,UNKNOWN_VALUE_FLAGGED,EaseMyTrip,EaseMyTrip,
OBSERVATION,OBS02697,total_fare,MONEY_QUANTIZED,7907,7907.00,
OBSERVATION,OBS02698,total_fare,MONEY_QUANTIZED,6308,6308.00,
OBSERVATION,OBS02699,total_fare,MONEY_QUANTIZED,9989,9989.00,
OBSERVATION,OBS02700,source,UNKNOWN_VALUE_FLAGGED,EaseMyTrip,EaseMyTrip,
OBSERVATION,OBS02700,total_fare,MONEY_QUANTIZED,10062,10062.00,
OBSERVATION,OBS02701,total_fare,MONEY_QUANTIZED,7673,7673.00,
OBSERVATION,OBS02702,total_fare,MONEY_QUANTIZED,6981,6981.00,
OBSERVATION,OBS02703,total_fare,MONEY_QUANTIZED,6795,6795.00,
OBSERVATION,OBS02704,total_fare,MONEY_QUANTIZED,8792,8792.00,
OBSERVATION,OBS02705,total_fare,MONEY_QUANTIZED,8917,8917.00,
OBSERVATION,OBS02706,total_fare,MONEY_QUANTIZED,6834,6834.00,
OBSERVATION,OBS02707,total_fare,MONEY_QUANTIZED,6256,6256.00,
OBSERVATION,OBS02708,source,UNKNOWN_VALUE_FLAGGED,EaseMyTrip,EaseMyTrip,
OBSERVATION,OBS02708,total_fare,MONEY_QUANTIZED,9149,9149.00,
OBSERVATION,OBS02709,total_fare,MONEY_QUANTIZED,9515,9515.00,
OBSERVATION,OBS02710,total_fare,MONEY_QUANTIZED,12177,12177.00,
OBSERVATION,OBS02711,total_fare,MONEY_QUANTIZED,10041,10041.00,
OBSERVATION,OBS02712,total_fare,MONEY_QUANTIZED,7053,7053.00,
OBSERVATION,OBS02713,total_fare,MONEY_QUANTIZED,7285,7285.00,
OBSERVATION,OBS02714,total_fare,MONEY_QUANTIZED,7676,7676.00,
OBSERVATION,OBS02715,total_fare,MONEY_QUANTIZED,9136,9136.00,
OBSERVATION,OBS02716,source,UNKNOWN_VALUE_FLAGGED,EaseMyTrip,EaseMyTrip,
OBSERVATION,OBS02716,total_fare,MONEY_QUANTIZED,6397,6397.00,
OBSERVATION,OBS02717,total_fare,MONEY_QUANTIZED,6320,6320.00,
OBSERVATION,OBS02718,total_fare,MONEY_QUANTIZED,8185,8185.00,
OBSERVATION,OBS02719,total_fare,MONEY_QUANTIZED,7303,7303.00,
OBSERVATION,OBS02720,total_fare,MONEY_QUANTIZED,10462,10462.00,
OBSERVATION,OBS02721,total_fare,MONEY_QUANTIZED,10604,10604.00,
OBSERVATION,OBS02722,total_fare,MONEY_QUANTIZED,9033,9033.00,
OBSERVATION,OBS02723,total_fare,MONEY_QUANTIZED,8326,8326.00,
OBSERVATION,OBS02724,total_fare,MONEY_QUANTIZED,5851,5851.00,
OBSERVATION,OBS02725,total_fare,MONEY_QUANTIZED,5950,5950.00,
OBSERVATION,OBS02726,source,UNKNOWN_VALUE_FLAGGED,EaseMyTrip,EaseMyTrip,
OBSERVATION,OBS02726,total_fare,MONEY_QUANTIZED,6565,6565.00,
OBSERVATION,OBS02727,total_fare,MONEY_QUANTIZED,6792,6792.00,
OBSERVATION,OBS02728,total_fare,MONEY_QUANTIZED,5064,5064.00,
OBSERVATION,OBS02729,total_fare,MONEY_QUANTIZED,5320,5320.00,
OBSERVATION,OBS02730,source,UNKNOWN_VALUE_FLAGGED,EaseMyTrip,EaseMyTrip,
OBSERVATION,OBS02730,total_fare,MONEY_QUANTIZED,7676,7676.00,
OBSERVATION,OBS02731,total_fare,MONEY_QUANTIZED,7908,7908.00,
OBSERVATION,OBS02732,total_fare,MONEY_QUANTIZED,7724,7724.00,
OBSERVATION,OBS02733,total_fare,MONEY_QUANTIZED,6767,6767.00,
OBSERVATION,OBS02734,source,UNKNOWN_VALUE_FLAGGED,EaseMyTrip,EaseMyTrip,
OBSERVATION,OBS02734,total_fare,MONEY_QUANTIZED,7138,7138.00,
OBSERVATION,OBS02735,total_fare,MONEY_QUANTIZED,8998,8998.00,
OBSERVATION,OBS02736,total_fare,MONEY_QUANTIZED,5613,5613.00,
OBSERVATION,OBS02737,source,UNKNOWN_VALUE_FLAGGED,EaseMyTrip,EaseMyTrip,
OBSERVATION,OBS02737,total_fare,MONEY_QUANTIZED,7879,7879.00,
OBSERVATION,OBS02738,total_fare,MONEY_QUANTIZED,6750,6750.00,
OBSERVATION,OBS02739,source,UNKNOWN_VALUE_FLAGGED,EaseMyTrip,EaseMyTrip,
OBSERVATION,OBS02739,total_fare,MONEY_QUANTIZED,12310,12310.00,
OBSERVATION,OBS02740,total_fare,MONEY_QUANTIZED,6698,6698.00,
OBSERVATION,OBS02741,total_fare,MONEY_QUANTIZED,8527,8527.00,
OBSERVATION,OBS02742,source,UNKNOWN_VALUE_FLAGGED,EaseMyTrip,EaseMyTrip,
OBSERVATION,OBS02742,total_fare,MONEY_QUANTIZED,8255,8255.00,
OBSERVATION,OBS02743,total_fare,MONEY_QUANTIZED,5610,5610.00,
OBSERVATION,OBS02744,total_fare,MONEY_QUANTIZED,8873,8873.00,
OBSERVATION,OBS02745,total_fare,MONEY_QUANTIZED,6312,6312.00,
OBSERVATION,OBS02746,total_fare,MONEY_QUANTIZED,5019,5019.00,
OBSERVATION,OBS02747,total_fare,MONEY_QUANTIZED,5234,5234.00,
OBSERVATION,OBS02748,total_fare,MONEY_QUANTIZED,5273,5273.00,
OBSERVATION,OBS02749,total_fare,MONEY_QUANTIZED,11472,11472.00,
OBSERVATION,OBS02750,total_fare,MONEY_QUANTIZED,11850,11850.00,
OBSERVATION,OBS02751,total_fare,MONEY_QUANTIZED,7812,7812.00,
OBSERVATION,OBS02752,total_fare,MONEY_QUANTIZED,7757,7757.00,
OBSERVATION,OBS02753,total_fare,MONEY_QUANTIZED,9025,9025.00,
OBSERVATION,OBS02754,total_fare,MONEY_QUANTIZED,8865,8865.00,
OBSERVATION,OBS02755,total_fare,MONEY_QUANTIZED,7160,7160.00,
OBSERVATION,OBS02756,total_fare,MONEY_QUANTIZED,5858,5858.00,
OBSERVATION,OBS02757,total_fare,MONEY_QUANTIZED,5972,5972.00,
OBSERVATION,OBS02758,source,UNKNOWN_VALUE_FLAGGED,EaseMyTrip,EaseMyTrip,
OBSERVATION,OBS02758,total_fare,MONEY_QUANTIZED,7333,7333.00,
OBSERVATION,OBS02759,total_fare,MONEY_QUANTIZED,7686,7686.00,
OBSERVATION,OBS02760,total_fare,MONEY_QUANTIZED,5047,5047.00,
OBSERVATION,OBS02761,total_fare,MONEY_QUANTIZED,5188,5188.00,
OBSERVATION,OBS02762,total_fare,MONEY_QUANTIZED,8037,8037.00,
OBSERVATION,OBS02763,source,UNKNOWN_VALUE_FLAGGED,EaseMyTrip,EaseMyTrip,
OBSERVATION,OBS02763,total_fare,MONEY_QUANTIZED,8025,8025.00,
OBSERVATION,OBS02764,total_fare,MONEY_QUANTIZED,6687,6687.00,
OBSERVATION,OBS02765,carrier,UNKNOWN_VALUE_FLAGGED,IX,IX,
OBSERVATION,OBS02765,total_fare,MONEY_QUANTIZED,9762,9762.00,
OBSERVATION,OBS02766,carrier,UNKNOWN_VALUE_FLAGGED,IX,IX,
OBSERVATION,OBS02766,source,UNKNOWN_VALUE_FLAGGED,EaseMyTrip,EaseMyTrip,
OBSERVATION,OBS02766,total_fare,MONEY_QUANTIZED,9238,9238.00,
OBSERVATION,OBS02767,carrier,UNKNOWN_VALUE_FLAGGED,IX,IX,
OBSERVATION,OBS02767,total_fare,MONEY_QUANTIZED,7532,7532.00,
OBSERVATION,OBS02768,carrier,UNKNOWN_VALUE_FLAGGED,IX,IX,
OBSERVATION,OBS02768,total_fare,MONEY_QUANTIZED,7629,7629.00,
OBSERVATION,OBS02769,carrier,UNKNOWN_VALUE_FLAGGED,IX,IX,
OBSERVATION,OBS02769,total_fare,MONEY_QUANTIZED,8973,8973.00,
OBSERVATION,OBS02770,carrier,UNKNOWN_VALUE_FLAGGED,IX,IX,
OBSERVATION,OBS02770,total_fare,MONEY_QUANTIZED,8558,8558.00,
OBSERVATION,OBS02771,carrier,UNKNOWN_VALUE_FLAGGED,IX,IX,
OBSERVATION,OBS02771,total_fare,MONEY_QUANTIZED,5758,5758.00,
OBSERVATION,OBS02772,carrier,UNKNOWN_VALUE_FLAGGED,IX,IX,
OBSERVATION,OBS02772,total_fare,MONEY_QUANTIZED,5901,5901.00,
OBSERVATION,OBS02773,carrier,UNKNOWN_VALUE_FLAGGED,IX,IX,
OBSERVATION,OBS02773,source,UNKNOWN_VALUE_FLAGGED,EaseMyTrip,EaseMyTrip,
OBSERVATION,OBS02773,total_fare,MONEY_QUANTIZED,7634,7634.00,
OBSERVATION,OBS02774,carrier,UNKNOWN_VALUE_FLAGGED,IX,IX,
OBSERVATION,OBS02774,total_fare,MONEY_QUANTIZED,8293,8293.00,
OBSERVATION,OBS02775,carrier,UNKNOWN_VALUE_FLAGGED,IX,IX,
OBSERVATION,OBS02775,total_fare,MONEY_QUANTIZED,7950,7950.00,
OBSERVATION,OBS02776,carrier,UNKNOWN_VALUE_FLAGGED,IX,IX,
OBSERVATION,OBS02776,total_fare,MONEY_QUANTIZED,6745,6745.00,
OBSERVATION,OBS02777,carrier,UNKNOWN_VALUE_FLAGGED,IX,IX,
OBSERVATION,OBS02777,total_fare,MONEY_QUANTIZED,8154,8154.00,
OBSERVATION,OBS02778,carrier,UNKNOWN_VALUE_FLAGGED,IX,IX,
OBSERVATION,OBS02778,total_fare,MONEY_QUANTIZED,7813,7813.00,
OBSERVATION,OBS02779,total_fare,MONEY_QUANTIZED,9426,9426.00,
OBSERVATION,OBS02780,source,UNKNOWN_VALUE_FLAGGED,EaseMyTrip,EaseMyTrip,
OBSERVATION,OBS02780,total_fare,MONEY_QUANTIZED,9352,9352.00,
OBSERVATION,OBS02781,source,UNKNOWN_VALUE_FLAGGED,EaseMyTrip,EaseMyTrip,
OBSERVATION,OBS02781,total_fare,MONEY_QUANTIZED,11585,11585.00,
OBSERVATION,OBS02782,total_fare,MONEY_QUANTIZED,11356,11356.00,
OBSERVATION,OBS02783,source,UNKNOWN_VALUE_FLAGGED,EaseMyTrip,EaseMyTrip,
OBSERVATION,OBS02783,total_fare,MONEY_QUANTIZED,8620,8620.00,
OBSERVATION,OBS02784,total_fare,MONEY_QUANTIZED,8343,8343.00,
OBSERVATION,OBS02785,total_fare,MONEY_QUANTIZED,7141,7141.00,
OBSERVATION,OBS02786,total_fare,MONEY_QUANTIZED,5487,5487.00,
OBSERVATION,OBS02787,total_fare,MONEY_QUANTIZED,5199,5199.00,
OBSERVATION,OBS02788,total_fare,MONEY_QUANTIZED,5363,5363.00,
OBSERVATION,OBS02789,total_fare,MONEY_QUANTIZED,5353,5353.00,
OBSERVATION,OBS02790,source,UNKNOWN_VALUE_FLAGGED,EaseMyTrip,EaseMyTrip,
OBSERVATION,OBS02790,total_fare,MONEY_QUANTIZED,9769,9769.00,
OBSERVATION,OBS02791,total_fare,MONEY_QUANTIZED,10408,10408.00,
OBSERVATION,OBS02792,total_fare,MONEY_QUANTIZED,10387,10387.00,
OBSERVATION,OBS02793,total_fare,MONEY_QUANTIZED,8497,8497.00,
OBSERVATION,OBS02794,source,UNKNOWN_VALUE_FLAGGED,EaseMyTrip,EaseMyTrip,
OBSERVATION,OBS02794,total_fare,MONEY_QUANTIZED,5611,5611.00,
OBSERVATION,OBS02795,total_fare,MONEY_QUANTIZED,5630,5630.00,
OBSERVATION,OBS02796,source,UNKNOWN_VALUE_FLAGGED,EaseMyTrip,EaseMyTrip,
OBSERVATION,OBS02796,total_fare,MONEY_QUANTIZED,6591,6591.00,
OBSERVATION,OBS02797,total_fare,MONEY_QUANTIZED,6613,6613.00,
OBSERVATION,OBS02798,source,UNKNOWN_VALUE_FLAGGED,EaseMyTrip,EaseMyTrip,
OBSERVATION,OBS02798,total_fare,MONEY_QUANTIZED,5080,5080.00,
OBSERVATION,OBS02799,carrier,UNKNOWN_VALUE_FLAGGED,IX,IX,
OBSERVATION,OBS02799,total_fare,MONEY_QUANTIZED,9235,9235.00,
OBSERVATION,OBS02800,carrier,UNKNOWN_VALUE_FLAGGED,IX,IX,
OBSERVATION,OBS02800,total_fare,MONEY_QUANTIZED,7453,7453.00,
OBSERVATION,OBS02801,carrier,UNKNOWN_VALUE_FLAGGED,IX,IX,
OBSERVATION,OBS02801,total_fare,MONEY_QUANTIZED,7858,7858.00,
OBSERVATION,OBS02802,carrier,UNKNOWN_VALUE_FLAGGED,IX,IX,
OBSERVATION,OBS02802,total_fare,MONEY_QUANTIZED,8427,8427.00,
OBSERVATION,OBS02803,carrier,UNKNOWN_VALUE_FLAGGED,IX,IX,
OBSERVATION,OBS02803,total_fare,MONEY_QUANTIZED,9133,9133.00,
OBSERVATION,OBS02804,carrier,UNKNOWN_VALUE_FLAGGED,IX,IX,
OBSERVATION,OBS02804,total_fare,MONEY_QUANTIZED,10791,10791.00,
OBSERVATION,OBS02805,carrier,UNKNOWN_VALUE_FLAGGED,IX,IX,
OBSERVATION,OBS02805,source,UNKNOWN_VALUE_FLAGGED,EaseMyTrip,EaseMyTrip,
OBSERVATION,OBS02805,total_fare,MONEY_QUANTIZED,10613,10613.00,
OBSERVATION,OBS02806,carrier,UNKNOWN_VALUE_FLAGGED,IX,IX,
OBSERVATION,OBS02806,total_fare,MONEY_QUANTIZED,8829,8829.00,
OBSERVATION,OBS02807,carrier,UNKNOWN_VALUE_FLAGGED,IX,IX,
OBSERVATION,OBS02807,source,UNKNOWN_VALUE_FLAGGED,EaseMyTrip,EaseMyTrip,
OBSERVATION,OBS02807,total_fare,MONEY_QUANTIZED,9208,9208.00,
OBSERVATION,OBS02808,carrier,UNKNOWN_VALUE_FLAGGED,IX,IX,
OBSERVATION,OBS02808,total_fare,MONEY_QUANTIZED,4981,4981.00,
OBSERVATION,OBS02809,carrier,UNKNOWN_VALUE_FLAGGED,IX,IX,
OBSERVATION,OBS02809,total_fare,MONEY_QUANTIZED,5222,5222.00,
OBSERVATION,OBS02810,carrier,UNKNOWN_VALUE_FLAGGED,IX,IX,
OBSERVATION,OBS02810,total_fare,MONEY_QUANTIZED,6384,6384.00,
OBSERVATION,OBS02811,carrier,UNKNOWN_VALUE_FLAGGED,IX,IX,
OBSERVATION,OBS02811,total_fare,MONEY_QUANTIZED,8341,8341.00,
OBSERVATION,OBS02812,carrier,UNKNOWN_VALUE_FLAGGED,IX,IX,
OBSERVATION,OBS02812,total_fare,MONEY_QUANTIZED,7697,7697.00,
OBSERVATION,OBS02813,total_fare,MONEY_QUANTIZED,7448,7448.00,
OBSERVATION,OBS02814,total_fare,MONEY_QUANTIZED,7501,7501.00,
OBSERVATION,OBS02815,source,UNKNOWN_VALUE_FLAGGED,EaseMyTrip,EaseMyTrip,
OBSERVATION,OBS02815,total_fare,MONEY_QUANTIZED,11246,11246.00,
OBSERVATION,OBS02816,source,UNKNOWN_VALUE_FLAGGED,EaseMyTrip,EaseMyTrip,
OBSERVATION,OBS02816,total_fare,MONEY_QUANTIZED,6462,6462.00,
OBSERVATION,OBS02817,total_fare,MONEY_QUANTIZED,7217,7217.00,
OBSERVATION,OBS02818,total_fare,MONEY_QUANTIZED,7439,7439.00,
OBSERVATION,OBS02819,total_fare,MONEY_QUANTIZED,5527,5527.00,
OBSERVATION,OBS02820,total_fare,MONEY_QUANTIZED,8290,8290.00,
OBSERVATION,OBS02821,source,UNKNOWN_VALUE_FLAGGED,EaseMyTrip,EaseMyTrip,
OBSERVATION,OBS02821,total_fare,MONEY_QUANTIZED,7600,7600.00,
OBSERVATION,OBS02822,total_fare,MONEY_QUANTIZED,5321,5321.00,
OBSERVATION,OBS02823,total_fare,MONEY_QUANTIZED,8064,8064.00,
OBSERVATION,OBS02824,source,UNKNOWN_VALUE_FLAGGED,EaseMyTrip,EaseMyTrip,
OBSERVATION,OBS02824,total_fare,MONEY_QUANTIZED,5393,5393.00,
OBSERVATION,OBS02825,total_fare,MONEY_QUANTIZED,9375,9375.00,
OBSERVATION,OBS02826,total_fare,MONEY_QUANTIZED,7335,7335.00,
OBSERVATION,OBS02827,total_fare,MONEY_QUANTIZED,8990,8990.00,
OBSERVATION,OBS02828,total_fare,MONEY_QUANTIZED,9410,9410.00,
OBSERVATION,OBS02829,total_fare,MONEY_QUANTIZED,7946,7946.00,
OBSERVATION,OBS02830,total_fare,MONEY_QUANTIZED,7884,7884.00,
OBSERVATION,OBS02831,total_fare,MONEY_QUANTIZED,4899,4899.00,
OBSERVATION,OBS02832,source,UNKNOWN_VALUE_FLAGGED,EaseMyTrip,EaseMyTrip,
OBSERVATION,OBS02832,total_fare,MONEY_QUANTIZED,5151,5151.00,
OBSERVATION,OBS02833,total_fare,MONEY_QUANTIZED,8177,8177.00,
OBSERVATION,OBS02834,total_fare,MONEY_QUANTIZED,7987,7987.00,
OBSERVATION,OBS02835,total_fare,MONEY_QUANTIZED,6513,6513.00,
OBSERVATION,OBS02836,total_fare,MONEY_QUANTIZED,11232,11232.00,
OBSERVATION,OBS02837,source,UNKNOWN_VALUE_FLAGGED,EaseMyTrip,EaseMyTrip,
OBSERVATION,OBS02837,total_fare,MONEY_QUANTIZED,11620,11620.00,
OBSERVATION,OBS02838,source,UNKNOWN_VALUE_FLAGGED,EaseMyTrip,EaseMyTrip,
OBSERVATION,OBS02838,total_fare,MONEY_QUANTIZED,10531,10531.00,
OBSERVATION,OBS02839,total_fare,MONEY_QUANTIZED,10946,10946.00,
OBSERVATION,OBS02840,total_fare,MONEY_QUANTIZED,5829,5829.00,
OBSERVATION,OBS02841,total_fare,MONEY_QUANTIZED,5810,5810.00,
OBSERVATION,OBS02842,total_fare,MONEY_QUANTIZED,8692,8692.00,
OBSERVATION,OBS02843,total_fare,MONEY_QUANTIZED,5317,5317.00,
OBSERVATION,OBS02844,total_fare,MONEY_QUANTIZED,5392,5392.00,
OBSERVATION,OBS02845,total_fare,MONEY_QUANTIZED,7707,7707.00,
OBSERVATION,OBS02846,total_fare,MONEY_QUANTIZED,6478,6478.00,
OBSERVATION,OBS02847,total_fare,MONEY_QUANTIZED,7814,7814.00,
OBSERVATION,OBS02848,source,UNKNOWN_VALUE_FLAGGED,EaseMyTrip,EaseMyTrip,
OBSERVATION,OBS02848,total_fare,MONEY_QUANTIZED,8293,8293.00,
OBSERVATION,OBS02849,total_fare,MONEY_QUANTIZED,11296,11296.00,
OBSERVATION,OBS02850,total_fare,MONEY_QUANTIZED,11209,11209.00,
OBSERVATION,OBS02851,total_fare,MONEY_QUANTIZED,7857,7857.00,
OBSERVATION,OBS02852,total_fare,MONEY_QUANTIZED,7111,7111.00,
OBSERVATION,OBS02853,total_fare,MONEY_QUANTIZED,6641,6641.00,
OBSERVATION,OBS02854,total_fare,MONEY_QUANTIZED,8877,8877.00,
OBSERVATION,OBS02855,source,UNKNOWN_VALUE_FLAGGED,EaseMyTrip,EaseMyTrip,
OBSERVATION,OBS02855,total_fare,MONEY_QUANTIZED,7608,7608.00,
OBSERVATION,OBS02856,total_fare,MONEY_QUANTIZED,7949,7949.00,
OBSERVATION,OBS02857,total_fare,MONEY_QUANTIZED,5235,5235.00,
OBSERVATION,OBS02858,total_fare,MONEY_QUANTIZED,5078,5078.00,
OBSERVATION,OBS02859,source,UNKNOWN_VALUE_FLAGGED,EaseMyTrip,EaseMyTrip,
OBSERVATION,OBS02859,total_fare,MONEY_QUANTIZED,9845,9845.00,
OBSERVATION,OBS02860,total_fare,MONEY_QUANTIZED,9863,9863.00,
OBSERVATION,OBS02861,total_fare,MONEY_QUANTIZED,7149,7149.00,
OBSERVATION,OBS02862,total_fare,MONEY_QUANTIZED,8595,8595.00,
OBSERVATION,OBS02863,total_fare,MONEY_QUANTIZED,8556,8556.00,
OBSERVATION,OBS02864,total_fare,MONEY_QUANTIZED,9111,9111.00,
OBSERVATION,OBS02865,total_fare,MONEY_QUANTIZED,5511,5511.00,
OBSERVATION,OBS02866,total_fare,MONEY_QUANTIZED,5838,5838.00,
OBSERVATION,OBS02867,total_fare,MONEY_QUANTIZED,5278,5278.00,
OBSERVATION,OBS02868,source,UNKNOWN_VALUE_FLAGGED,EaseMyTrip,EaseMyTrip,
OBSERVATION,OBS02868,total_fare,MONEY_QUANTIZED,5115,5115.00,
OBSERVATION,OBS02869,total_fare,MONEY_QUANTIZED,7689,7689.00,
OBSERVATION,OBS02870,total_fare,MONEY_QUANTIZED,8110,8110.00,
OBSERVATION,OBS02871,source,UNKNOWN_VALUE_FLAGGED,EaseMyTrip,EaseMyTrip,
OBSERVATION,OBS02871,total_fare,MONEY_QUANTIZED,7744,7744.00,
OBSERVATION,OBS02872,total_fare,MONEY_QUANTIZED,7529,7529.00,
OBSERVATION,OBS02873,total_fare,MONEY_QUANTIZED,12284,12284.00,
OBSERVATION,OBS02874,total_fare,MONEY_QUANTIZED,10689,10689.00,
OBSERVATION,OBS02875,total_fare,MONEY_QUANTIZED,11097,11097.00,
OBSERVATION,OBS02876,total_fare,MONEY_QUANTIZED,8708,8708.00,
OBSERVATION,OBS02877,total_fare,MONEY_QUANTIZED,8444,8444.00,
OBSERVATION,OBS02878,total_fare,MONEY_QUANTIZED,7593,7593.00,
OBSERVATION,OBS02879,total_fare,MONEY_QUANTIZED,7579,7579.00,
OBSERVATION,OBS02880,source,UNKNOWN_VALUE_FLAGGED,EaseMyTrip,EaseMyTrip,
OBSERVATION,OBS02880,total_fare,MONEY_QUANTIZED,6866,6866.00,
OBSERVATION,OBS02881,total_fare,MONEY_QUANTIZED,6803,6803.00,
OBSERVATION,OBS02882,total_fare,MONEY_QUANTIZED,6764,6764.00,
OBSERVATION,OBS02883,source,UNKNOWN_VALUE_FLAGGED,EaseMyTrip,EaseMyTrip,
OBSERVATION,OBS02883,total_fare,MONEY_QUANTIZED,6904,6904.00,
OBSERVATION,OBS02884,total_fare,MONEY_QUANTIZED,9374,9374.00,
OBSERVATION,OBS02885,source,UNKNOWN_VALUE_FLAGGED,EaseMyTrip,EaseMyTrip,
OBSERVATION,OBS02885,total_fare,MONEY_QUANTIZED,9757,9757.00,
OBSERVATION,OBS02886,total_fare,MONEY_QUANTIZED,11608,11608.00,
OBSERVATION,OBS02887,source,UNKNOWN_VALUE_FLAGGED,EaseMyTrip,EaseMyTrip,
OBSERVATION,OBS02887,total_fare,MONEY_QUANTIZED,11393,11393.00,
OBSERVATION,OBS02888,source,UNKNOWN_VALUE_FLAGGED,EaseMyTrip,EaseMyTrip,
OBSERVATION,OBS02888,total_fare,MONEY_QUANTIZED,6458,6458.00,
OBSERVATION,OBS02889,total_fare,MONEY_QUANTIZED,6645,6645.00,
OBSERVATION,OBS02890,source,UNKNOWN_VALUE_FLAGGED,EaseMyTrip,EaseMyTrip,
OBSERVATION,OBS02890,total_fare,MONEY_QUANTIZED,8438,8438.00,
OBSERVATION,OBS02891,total_fare,MONEY_QUANTIZED,8245,8245.00,
OBSERVATION,OBS02892,source,UNKNOWN_VALUE_FLAGGED,EaseMyTrip,EaseMyTrip,
OBSERVATION,OBS02892,total_fare,MONEY_QUANTIZED,9173,9173.00,
OBSERVATION,OBS02893,total_fare,MONEY_QUANTIZED,9217,9217.00,
OBSERVATION,OBS02894,total_fare,MONEY_QUANTIZED,5649,5649.00,
OBSERVATION,OBS02895,source,UNKNOWN_VALUE_FLAGGED,EaseMyTrip,EaseMyTrip,
OBSERVATION,OBS02895,total_fare,MONEY_QUANTIZED,6648,6648.00,
OBSERVATION,OBS02896,total_fare,MONEY_QUANTIZED,6271,6271.00,
OBSERVATION,OBS02897,total_fare,MONEY_QUANTIZED,6861,6861.00,
OBSERVATION,OBS02898,total_fare,MONEY_QUANTIZED,11481,11481.00,
OBSERVATION,OBS02899,total_fare,MONEY_QUANTIZED,10783,10783.00,
OBSERVATION,OBS02900,total_fare,MONEY_QUANTIZED,10419,10419.00,
OBSERVATION,OBS02901,total_fare,MONEY_QUANTIZED,8343,8343.00,
OBSERVATION,OBS02902,total_fare,MONEY_QUANTIZED,5843,5843.00,
OBSERVATION,OBS02903,total_fare,MONEY_QUANTIZED,5960,5960.00,
OBSERVATION,OBS02904,total_fare,MONEY_QUANTIZED,7693,7693.00,
OBSERVATION,OBS02905,source,UNKNOWN_VALUE_FLAGGED,EaseMyTrip,EaseMyTrip,
OBSERVATION,OBS02905,total_fare,MONEY_QUANTIZED,6706,6706.00,
OBSERVATION,OBS02906,source,UNKNOWN_VALUE_FLAGGED,EaseMyTrip,EaseMyTrip,
OBSERVATION,OBS02906,total_fare,MONEY_QUANTIZED,5080,5080.00,
OBSERVATION,OBS02907,total_fare,MONEY_QUANTIZED,5439,5439.00,
OBSERVATION,OBS02908,total_fare,MONEY_QUANTIZED,6353,6353.00,
OBSERVATION,OBS02909,total_fare,MONEY_QUANTIZED,6669,6669.00,
OBSERVATION,OBS02910,total_fare,MONEY_QUANTIZED,5384,5384.00,
OBSERVATION,OBS02911,source,UNKNOWN_VALUE_FLAGGED,EaseMyTrip,EaseMyTrip,
OBSERVATION,OBS02911,total_fare,MONEY_QUANTIZED,11246,11246.00,
OBSERVATION,OBS02912,total_fare,MONEY_QUANTIZED,11627,11627.00,
OBSERVATION,OBS02913,total_fare,MONEY_QUANTIZED,7593,7593.00,
OBSERVATION,OBS02914,total_fare,MONEY_QUANTIZED,7778,7778.00,
OBSERVATION,OBS02915,total_fare,MONEY_QUANTIZED,8847,8847.00,
OBSERVATION,OBS02916,total_fare,MONEY_QUANTIZED,6511,6511.00,
OBSERVATION,OBS02917,total_fare,MONEY_QUANTIZED,6887,6887.00,
OBSERVATION,OBS02918,source,UNKNOWN_VALUE_FLAGGED,EaseMyTrip,EaseMyTrip,
OBSERVATION,OBS02918,total_fare,MONEY_QUANTIZED,5543,5543.00,
OBSERVATION,OBS02919,total_fare,MONEY_QUANTIZED,6710,6710.00,
OBSERVATION,OBS02920,total_fare,MONEY_QUANTIZED,6711,6711.00,
OBSERVATION,OBS02921,total_fare,MONEY_QUANTIZED,8360,8360.00,
OBSERVATION,OBS02922,total_fare,MONEY_QUANTIZED,8087,8087.00,
OBSERVATION,OBS02923,total_fare,MONEY_QUANTIZED,6799,6799.00,
OBSERVATION,OBS02924,total_fare,MONEY_QUANTIZED,6780,6780.00,
OBSERVATION,OBS02925,total_fare,MONEY_QUANTIZED,7316,7316.00,
OBSERVATION,OBS02926,total_fare,MONEY_QUANTIZED,6971,6971.00,
OBSERVATION,OBS02927,total_fare,MONEY_QUANTIZED,11004,11004.00,
OBSERVATION,OBS02928,total_fare,MONEY_QUANTIZED,5794,5794.00,
OBSERVATION,OBS02929,total_fare,MONEY_QUANTIZED,5865,5865.00,
OBSERVATION,OBS02930,total_fare,MONEY_QUANTIZED,4880,4880.00,
OBSERVATION,OBS02931,total_fare,MONEY_QUANTIZED,5117,5117.00,
OBSERVATION,OBS02932,total_fare,MONEY_QUANTIZED,9712,9712.00,
OBSERVATION,OBS02933,total_fare,MONEY_QUANTIZED,8293,8293.00,
OBSERVATION,OBS02934,total_fare,MONEY_QUANTIZED,8527,8527.00,
OBSERVATION,OBS02935,total_fare,MONEY_QUANTIZED,6866,6866.00,
OBSERVATION,OBS02936,total_fare,MONEY_QUANTIZED,5772,5772.00,
OBSERVATION,OBS02937,source,UNKNOWN_VALUE_FLAGGED,EaseMyTrip,EaseMyTrip,
OBSERVATION,OBS02937,total_fare,MONEY_QUANTIZED,5698,5698.00,
OBSERVATION,OBS02938,total_fare,MONEY_QUANTIZED,5171,5171.00,
OBSERVATION,OBS02939,total_fare,MONEY_QUANTIZED,5017,5017.00,
OBSERVATION,OBS02940,total_fare,MONEY_QUANTIZED,6307,6307.00,
OBSERVATION,OBS02941,total_fare,MONEY_QUANTIZED,7586,7586.00,
OBSERVATION,OBS02942,total_fare,MONEY_QUANTIZED,7874,7874.00,
OBSERVATION,OBS02943,total_fare,MONEY_QUANTIZED,11619,11619.00,
OBSERVATION,OBS02944,total_fare,MONEY_QUANTIZED,11603,11603.00,
OBSERVATION,OBS02945,source,UNKNOWN_VALUE_FLAGGED,EaseMyTrip,EaseMyTrip,
OBSERVATION,OBS02945,total_fare,MONEY_QUANTIZED,8399,8399.00,
OBSERVATION,OBS02946,total_fare,MONEY_QUANTIZED,6697,6697.00,
OBSERVATION,OBS02947,source,UNKNOWN_VALUE_FLAGGED,EaseMyTrip,EaseMyTrip,
OBSERVATION,OBS02947,total_fare,MONEY_QUANTIZED,6788,6788.00,
OBSERVATION,OBS02948,total_fare,MONEY_QUANTIZED,5990,5990.00,
OBSERVATION,OBS02949,total_fare,MONEY_QUANTIZED,5685,5685.00,
OBSERVATION,OBS02950,total_fare,MONEY_QUANTIZED,8912,8912.00,
OBSERVATION,OBS02951,total_fare,MONEY_QUANTIZED,8663,8663.00,
OBSERVATION,OBS02952,total_fare,MONEY_QUANTIZED,5141,5141.00,
OBSERVATION,OBS02953,total_fare,MONEY_QUANTIZED,5108,5108.00,
OBSERVATION,OBS02954,total_fare,MONEY_QUANTIZED,5016,5016.00,
OBSERVATION,OBS02955,source,UNKNOWN_VALUE_FLAGGED,EaseMyTrip,EaseMyTrip,
OBSERVATION,OBS02955,total_fare,MONEY_QUANTIZED,7934,7934.00,
OBSERVATION,OBS02956,total_fare,MONEY_QUANTIZED,7956,7956.00,
OBSERVATION,OBS02957,total_fare,MONEY_QUANTIZED,7321,7321.00,
OBSERVATION,OBS02958,total_fare,MONEY_QUANTIZED,7828,7828.00,
OBSERVATION,OBS02959,total_fare,MONEY_QUANTIZED,12247,12247.00,
OBSERVATION,OBS02960,total_fare,MONEY_QUANTIZED,11567,11567.00,
OBSERVATION,OBS02961,source,UNKNOWN_VALUE_FLAGGED,EaseMyTrip,EaseMyTrip,
OBSERVATION,OBS02961,total_fare,MONEY_QUANTIZED,10348,10348.00,
OBSERVATION,OBS02962,total_fare,MONEY_QUANTIZED,6855,6855.00,
OBSERVATION,OBS02963,total_fare,MONEY_QUANTIZED,5639,5639.00,
OBSERVATION,OBS02964,total_fare,MONEY_QUANTIZED,5886,5886.00,
OBSERVATION,OBS02965,total_fare,MONEY_QUANTIZED,6932,6932.00,
OBSERVATION,OBS02966,source,UNKNOWN_VALUE_FLAGGED,EaseMyTrip,EaseMyTrip,
OBSERVATION,OBS02966,total_fare,MONEY_QUANTIZED,6856,6856.00,
OBSERVATION,OBS02967,total_fare,MONEY_QUANTIZED,8037,8037.00,
OBSERVATION,OBS02968,total_fare,MONEY_QUANTIZED,6795,6795.00,
OBSERVATION,OBS02969,source,UNKNOWN_VALUE_FLAGGED,EaseMyTrip,EaseMyTrip,
OBSERVATION,OBS02969,total_fare,MONEY_QUANTIZED,7247,7247.00,
OBSERVATION,OBS02970,total_fare,MONEY_QUANTIZED,7736,7736.00,
OBSERVATION,OBS02971,total_fare,MONEY_QUANTIZED,9920,9920.00,
OBSERVATION,OBS02972,total_fare,MONEY_QUANTIZED,6738,6738.00,
OBSERVATION,OBS02973,source,UNKNOWN_VALUE_FLAGGED,EaseMyTrip,EaseMyTrip,
OBSERVATION,OBS02973,total_fare,MONEY_QUANTIZED,10865,10865.00,
OBSERVATION,OBS02974,total_fare,MONEY_QUANTIZED,10556,10556.00,
OBSERVATION,OBS02975,source,UNKNOWN_VALUE_FLAGGED,EaseMyTrip,EaseMyTrip,
OBSERVATION,OBS02975,total_fare,MONEY_QUANTIZED,9091,9091.00,
OBSERVATION,OBS02976,total_fare,MONEY_QUANTIZED,5106,5106.00,
OBSERVATION,OBS02979,advance_purchase_window,UNKNOWN_VALUE_FLAGGED,OUT_OF_BAND,OUT_OF_BAND,
OBSERVATION,OBS02979,total_fare,MONEY_QUANTIZED,9449,9449.00,
OBSERVATION,OBS02980,total_fare,MONEY_QUANTIZED,5666,5666.00,
OBSERVATION,OBS02981,total_fare,MONEY_QUANTIZED,8108,8108.00,
OBSERVATION,OBS02982,total_fare,MONEY_QUANTIZED,10031,10031.00,
OBSERVATION,OBS02983,total_fare,MONEY_QUANTIZED,4934,4934.00,
OBSERVATION,OBS02984,total_fare,MONEY_QUANTIZED,9073,9073.00,
OBSERVATION,OBS02985,total_fare,MONEY_QUANTIZED,8128,8128.00,
OBSERVATION,OBS02986,total_fare,MONEY_QUANTIZED,6846,6846.00,
OBSERVATION,OBS02987,total_fare,MONEY_QUANTIZED,8169,8169.00,
OBSERVATION,OBS02988,source,UNKNOWN_VALUE_FLAGGED,EaseMyTrip,EaseMyTrip,
OBSERVATION,OBS02988,total_fare,MONEY_QUANTIZED,5144,5144.00,
OBSERVATION,OBS02989,total_fare,MONEY_QUANTIZED,6340,6340.00,
OBSERVATION,OBS02990,total_fare,MONEY_QUANTIZED,7179,7179.00,
OBSERVATION,OBS02991,total_fare,MONEY_QUANTIZED,6279,6279.00,
OBSERVATION,OBS02992,total_fare,MONEY_QUANTIZED,5170,5170.00,
OBSERVATION,OBS02993,total_fare,MONEY_QUANTIZED,8080,8080.00,
OBSERVATION,OBS02994,total_fare,MONEY_QUANTIZED,8389,8389.00,
OBSERVATION,OBS02995,total_fare,MONEY_QUANTIZED,6849,6849.00,
OBSERVATION,OBS02996,total_fare,MONEY_QUANTIZED,8998,8998.00,
OBSERVATION,OBS02997,total_fare,MONEY_QUANTIZED,4993,4993.00,
OBSERVATION,OBS02998,total_fare,MONEY_QUANTIZED,10886,10886.00,
OBSERVATION,OBS02999,carrier,UNKNOWN_VALUE_FLAGGED,IX,IX,
OBSERVATION,OBS02999,total_fare,MONEY_QUANTIZED,5945,5945.00,
OBSERVATION,OBS03000,total_fare,MONEY_QUANTIZED,7896,7896.00,
