flight_cell_id,consolidation_cell_id,origin,destination,travel_date,fare_class,advance_purchase_window,collection_round_id,carrier,flight_number,departure_time_normalized,flight_representative_fare,flight_source_count,flight_sources,flight_source_level_fares,flight_min_fare,flight_max_fare,flight_source_spread,flight_source_relative_spread,flight_observation_count,flight_priced_observation_count,flight_sold_out_observation_count,flight_missing_price_observation_count,flight_observation_ids
CELL::AMD|DEL|2026-09-07|Economy Flexi|T1(0-2)::ROUND::2026-09-05T09:00::FLT::IX|IX-340|06:30,CELL::AMD|DEL|2026-09-07|Economy Flexi|T1(0-2)::ROUND::2026-09-05T09:00,AMD,DEL,2026-09-07,Economy Flexi,T1(0-2),ROUND::2026-09-05T09:00,IX,IX-340,06:30,11978.00,1,Goibibo,Goibibo=11978.00,11978.00,11978.00,0.00,0.000000,1,1,0,0,OBS00230
CELL::AMD|DEL|2026-09-07|Economy Flexi|T1(0-2)::ROUND::2026-09-05T20:15::FLT::6E|6E-205|14:30,CELL::AMD|DEL|2026-09-07|Economy Flexi|T1(0-2)::ROUND::2026-09-05T20:15,AMD,DEL,2026-09-07,Economy Flexi,T1(0-2),ROUND::2026-09-05T20:15,6E,6E-205,14:30,11671.50,2,Cleartrip;Goibibo,Cleartrip=11268.00;Goibibo=12075.00,11268.00,12075.00,807.00,0.069143,2,2,0,0,OBS01218;OBS01219
CELL::AMD|DEL|2026-09-07|Economy Flexi|T1(0-2)::ROUND::2026-09-05T20:15::FLT::IX|IX-340|06:30,CELL::AMD|DEL|2026-09-07|Economy Flexi|T1(0-2)::ROUND::2026-09-05T20:15,AMD,DEL,2026-09-07,Economy Flexi,T1(0-2),ROUND::2026-09-05T20:15,IX,IX-340,06:30,11782.00,1,Goibibo,Goibibo=11782.00,11782.00,11782.00,0.00,0.000000,1,1,0,0,OBS01245
CELL::AMD|DEL|2026-09-07|Economy Flexi|T1(0-2)::ROUND::2026-09-06T09:00::FLT::6E|6E-205|14:30,CELL::AMD|DEL|2026-09-07|Economy Flexi|T1(0-2)::ROUND::2026-09-06T09:00,AMD,DEL,2026-09-07,Economy Flexi,T1(0-2),ROUND::2026-09-06T09:00,6E,6E-205,14:30,11775.50,2,EaseMyTrip;MMT,EaseMyTrip=12142.00;MMT=11409.00,11409.00,12142.00,733.00,0.062248,2,2,0,0,OBS01735;OBS01736
CELL::AMD|DEL|2026-09-07|Economy Flexi|T1(0-2)::ROUND::2026-09-06T09:00::FLT::AI|AI-18|20:45,CELL::AMD|DEL|2026-09-07|Economy Flexi|T1(0-2)::ROUND::2026-09-06T09:00,AMD,DEL,2026-09-07,Economy Flexi,T1(0-2),ROUND::2026-09-06T09:00,AI,AI-18,20:45,11663.00,2,AirlineSite;Cleartrip,AirlineSite=11743.00;Cleartrip=11583.00,11583.00,11743.00,160.00,0.013719,2,2,0,0,OBS01752;OBS01753
CELL::AMD|DEL|2026-09-07|Economy Flexi|T1(0-2)::ROUND::2026-09-06T09:00::FLT::IX|IX-340|06:30,CELL::AMD|DEL|2026-09-07|Economy Flexi|T1(0-2)::ROUND::2026-09-06T09:00,AMD,DEL,2026-09-07,Economy Flexi,T1(0-2),ROUND::2026-09-06T09:00,IX,IX-340,06:30,11542.00,1,MMT,MMT=11542.00,11542.00,11542.00,0.00,0.000000,1,1,0,0,OBS01766
CELL::AMD|DEL|2026-09-07|Economy Flexi|T1(0-2)::ROUND::2026-09-06T14:30::FLT::6E|6E-205|14:30,CELL::AMD|DEL|2026-09-07|Economy Flexi|T1(0-2)::ROUND::2026-09-06T14:30,AMD,DEL,2026-09-07,Economy Flexi,T1(0-2),ROUND::2026-09-06T14:30,6E,6E-205,14:30,11250.00,1,Goibibo,Goibibo=11250.00,11250.00,11250.00,0.00,0.000000,1,1,0,0,OBS02245
CELL::AMD|DEL|2026-09-07|Economy Flexi|T1(0-2)::ROUND::2026-09-06T20:15::FLT::6E|6E-205|14:30,CELL::AMD|DEL|2026-09-07|Economy Flexi|T1(0-2)::ROUND::2026-09-06T20:15,AMD,DEL,2026-09-07,Economy Flexi,T1(0-2),ROUND::2026-09-06T20:15,6E,6E-205,14:30,12310.00,1,EaseMyTrip,EaseMyTrip=12310.00,12310.00,12310.00,0.00,0.000000,1,1,0,0,OBS02739
CELL::AMD|DEL|2026-09-07|Economy Flexi|T1(0-2)::ROUND::2026-09-06T20:15::FLT::AI|AI-18|20:45,CELL::AMD|DEL|2026-09-07|Economy Flexi|T1(0-2)::ROUND::2026-09-06T20:15,AMD,DEL,2026-09-07,Economy Flexi,T1(0-2),ROUND::2026-09-06T20:15,AI,AI-18,20:45,11661.00,2,Goibibo;MMT,Goibibo=11850.00;MMT=11472.00,11472.00,11850.00,378.00,0.032416,2,2,0,0,OBS02749;OBS02750
CELL::AMD|DEL|2026-09-07|Economy Saver|T1(0-2)::ROUND::2026-09-05T09:00::FLT::AI|AI-18|20:45,CELL::AMD|DEL|2026-09-07|Economy Saver|T1(0-2)::ROUND::2026-09-05T09:00,AMD,DEL,2026-09-07,Economy Saver,T1(0-2),ROUND::2026-09-05T09:00,AI,AI-18,20:45,7338.00,1,Goibibo,Goibibo=7338.00,7338.00,7338.00,0.00,0.000000,1,1,0,0,OBS00216
CELL::AMD|DEL|2026-09-07|Economy Saver|T1(0-2)::ROUND::2026-09-05T09:00::FLT::IX|IX-340|06:30,CELL::AMD|DEL|2026-09-07|Economy Saver|T1(0-2)::ROUND::2026-09-05T09:00,AMD,DEL,2026-09-07,Economy Saver,T1(0-2),ROUND::2026-09-05T09:00,IX,IX-340,06:30,7590.00,1,Goibibo,Goibibo=7590.00,7590.00,7590.00,0.00,0.000000,1,1,0,0,OBS00231
CELL::AMD|DEL|2026-09-07|Economy Saver|T1(0-2)::ROUND::2026-09-05T14:30::FLT::6E|6E-205|14:30,CELL::AMD|DEL|2026-09-07|Economy Saver|T1(0-2)::ROUND::2026-09-05T14:30,AMD,DEL,2026-09-07,Economy Saver,T1(0-2),ROUND::2026-09-05T14:30,6E,6E-205,14:30,7614.50,2,AirlineSite;MMT,AirlineSite=7644.00;MMT=7585.00,7585.00,7644.00,59.00,0.007748,2,2,0,0,OBS00705;OBS00706
CELL::AMD|DEL|2026-09-07|Economy Saver|T1(0-2)::ROUND::2026-09-05T14:30::FLT::IX|IX-340|06:30,CELL::AMD|DEL|2026-09-07|Economy Saver|T1(0-2)::ROUND::2026-09-05T14:30,AMD,DEL,2026-09-07,Economy Saver,T1(0-2),ROUND::2026-09-05T14:30,IX,IX-340,06:30,7471.50,2,Cleartrip;EaseMyTrip,Cleartrip=7383.00;EaseMyTrip=7560.00,7383.00,7560.00,177.00,0.023690,2,2,0,0,OBS00722;OBS00723
CELL::AMD|DEL|2026-09-07|Economy Saver|T1(0-2)::ROUND::2026-09-05T20:15::FLT::AI|AI-18|20:45,CELL::AMD|DEL|2026-09-07|Economy Saver|T1(0-2)::ROUND::2026-09-05T20:15,AMD,DEL,2026-09-07,Economy Saver,T1(0-2),ROUND::2026-09-05T20:15,AI,AI-18,20:45,7281.00,2,EaseMyTrip;Goibibo,EaseMyTrip=7247.00;Goibibo=7315.00,7247.00,7315.00,68.00,0.009339,2,2,0,0,OBS01232;OBS01233
CELL::AMD|DEL|2026-09-07|Economy Saver|T1(0-2)::ROUND::2026-09-06T09:00::FLT::6E|6E-205|14:30,CELL::AMD|DEL|2026-09-07|Economy Saver|T1(0-2)::ROUND::2026-09-06T09:00,AMD,DEL,2026-09-07,Economy Saver,T1(0-2),ROUND::2026-09-06T09:00,6E,6E-205,14:30,7546.00,2,Goibibo;MMT,Goibibo=7366.00;MMT=7726.00,7366.00,7726.00,360.00,0.047707,2,2,0,0,OBS01737;OBS01738
CELL::AMD|DEL|2026-09-07|Economy Saver|T1(0-2)::ROUND::2026-09-06T09:00::FLT::AI|AI-18|20:45,CELL::AMD|DEL|2026-09-07|Economy Saver|T1(0-2)::ROUND::2026-09-06T09:00,AMD,DEL,2026-09-07,Economy Saver,T1(0-2),ROUND::2026-09-06T09:00,AI,AI-18,20:45,7379.50,2,AirlineSite;MMT,AirlineSite=7467.00;MMT=7292.00,7292.00,7467.00,175.00,0.023714,2,2,0,0,OBS01754;OBS01755
CELL::AMD|DEL|2026-09-07|Economy Saver|T1(0-2)::ROUND::2026-09-06T09:00::FLT::IX|IX-340|06:30,CELL::AMD|DEL|2026-09-07|Economy Saver|T1(0-2)::ROUND::2026-09-06T09:00,AMD,DEL,2026-09-07,Economy Saver,T1(0-2),ROUND::2026-09-06T09:00,IX,IX-340,06:30,7902.50,2,AirlineSite;MMT,AirlineSite=7862.00;MMT=7943.00,7862.00,7943.00,81.00,0.010250,2,2,0,0,OBS01767;OBS01768
CELL::AMD|DEL|2026-09-07|Economy Saver|T1(0-2)::ROUND::2026-09-06T14:30::FLT::AI|AI-18|20:45,CELL::AMD|DEL|2026-09-07|Economy Saver|T1(0-2)::ROUND::2026-09-06T14:30,AMD,DEL,2026-09-07,Economy Saver,T1(0-2),ROUND::2026-09-06T14:30,AI,AI-18,20:45,7564.00,1,AirlineSite,AirlineSite=7564.00,7564.00,7564.00,0.00,0.000000,1,1,0,0,OBS02256
CELL::AMD|DEL|2026-09-07|Economy Saver|T1(0-2)::ROUND::2026-09-06T14:30::FLT::IX|IX-340|06:30,CELL::AMD|DEL|2026-09-07|Economy Saver|T1(0-2)::ROUND::2026-09-06T14:30,AMD,DEL,2026-09-07,Economy Saver,T1(0-2),ROUND::2026-09-06T14:30,IX,IX-340,06:30,7843.00,1,Goibibo,Goibibo=7843.00,7843.00,7843.00,0.00,0.000000,1,1,0,0,OBS02266
CELL::AMD|DEL|2026-09-07|Economy Saver|T1(0-2)::ROUND::2026-09-06T20:15::FLT::AI|AI-18|20:45,CELL::AMD|DEL|2026-09-07|Economy Saver|T1(0-2)::ROUND::2026-09-06T20:15,AMD,DEL,2026-09-07,Economy Saver,T1(0-2),ROUND::2026-09-06T20:15,AI,AI-18,20:45,7784.50,2,AirlineSite;MMT,AirlineSite=7757.00;MMT=7812.00,7757.00,7812.00,55.00,0.007065,2,2,0,0,OBS02751;OBS02752
CELL::AMD|DEL|2026-09-07|Economy Saver|T1(0-2)::ROUND::2026-09-06T20:15::FLT::IX|IX-340|06:30,CELL::AMD|DEL|2026-09-07|Economy Saver|T1(0-2)::ROUND::2026-09-06T20:15,AMD,DEL,2026-09-07,Economy Saver,T1(0-2),ROUND::2026-09-06T20:15,IX,IX-340,06:30,7580.50,2,AirlineSite;MMT,AirlineSite=7532.00;MMT=7629.00,7532.00,7629.00,97.00,0.012796,2,2,0,0,OBS02767;OBS02768
CELL::AMD|DEL|2026-09-07|Economy Standard|T1(0-2)::ROUND::2026-09-05T09:00::FLT::6E|6E-205|14:30,CELL::AMD|DEL|2026-09-07|Economy Standard|T1(0-2)::ROUND::2026-09-05T09:00,AMD,DEL,2026-09-07,Economy Standard,T1(0-2),ROUND::2026-09-05T09:00,6E,6E-205,14:30,9686.00,1,MMT,MMT=9686.00,9686.00,9686.00,0.00,0.000000,1,1,0,0,OBS00206
CELL::AMD|DEL|2026-09-07|Economy Standard|T1(0-2)::ROUND::2026-09-05T09:00::FLT::AI|AI-18|20:45,CELL::AMD|DEL|2026-09-07|Economy Standard|T1(0-2)::ROUND::2026-09-05T09:00,AMD,DEL,2026-09-07,Economy Standard,T1(0-2),ROUND::2026-09-05T09:00,AI,AI-18,20:45,9299.50,2,AirlineSite;Cleartrip,AirlineSite=9523.00;Cleartrip=9076.00,9076.00,9523.00,447.00,0.048067,2,2,0,0,OBS00217;OBS00218
CELL::AMD|DEL|2026-09-07|Economy Standard|T1(0-2)::ROUND::2026-09-05T14:30::FLT::6E|6E-205|14:30,CELL::AMD|DEL|2026-09-07|Economy Standard|T1(0-2)::ROUND::2026-09-05T14:30,AMD,DEL,2026-09-07,Economy Standard,T1(0-2),ROUND::2026-09-05T14:30,6E,6E-205,14:30,9536.00,2,Cleartrip;EaseMyTrip,Cleartrip=9309.00;EaseMyTrip=9763.00,9309.00,9763.00,454.00,0.047609,2,2,0,0,OBS00707;OBS00708
CELL::AMD|DEL|2026-09-07|Economy Standard|T1(0-2)::ROUND::2026-09-05T14:30::FLT::AI|AI-18|20:45,CELL::AMD|DEL|2026-09-07|Economy Standard|T1(0-2)::ROUND::2026-09-05T14:30,AMD,DEL,2026-09-07,Economy Standard,T1(0-2),ROUND::2026-09-05T14:30,AI,AI-18,20:45,9390.00,1,Cleartrip,Cleartrip=9390.00,9390.00,9390.00,0.00,0.000000,1,1,0,0,OBS00715
CELL::AMD|DEL|2026-09-07|Economy Standard|T1(0-2)::ROUND::2026-09-05T20:15::FLT::6E|6E-205|14:30,CELL::AMD|DEL|2026-09-07|Economy Standard|T1(0-2)::ROUND::2026-09-05T20:15,AMD,DEL,2026-09-07,Economy Standard,T1(0-2),ROUND::2026-09-05T20:15,6E,6E-205,14:30,9355.50,2,Cleartrip;EaseMyTrip,Cleartrip=9604.00;EaseMyTrip=9107.00,9107.00,9604.00,497.00,0.053124,2,2,0,0,OBS01220;OBS01221
CELL::AMD|DEL|2026-09-07|Economy Standard|T1(0-2)::ROUND::2026-09-06T14:30::FLT::IX|IX-340|06:30,CELL::AMD|DEL|2026-09-07|Economy Standard|T1(0-2)::ROUND::2026-09-06T14:30,AMD,DEL,2026-09-07,Economy Standard,T1(0-2),ROUND::2026-09-06T14:30,IX,IX-340,06:30,9490.00,2,AirlineSite;MMT,AirlineSite=9559.00;MMT=9421.00,9421.00,9559.00,138.00,0.014542,2,2,0,0,OBS02267;OBS02268
CELL::AMD|DEL|2026-09-07|Economy Standard|T1(0-2)::ROUND::2026-09-06T20:15::FLT::IX|IX-340|06:30,CELL::AMD|DEL|2026-09-07|Economy Standard|T1(0-2)::ROUND::2026-09-06T20:15,AMD,DEL,2026-09-07,Economy Standard,T1(0-2),ROUND::2026-09-06T20:15,IX,IX-340,06:30,9500.00,2,EaseMyTrip;Goibibo,EaseMyTrip=9238.00;Goibibo=9762.00,9238.00,9762.00,524.00,0.055158,2,2,0,0,OBS02765;OBS02766
CELL::AMD|DEL|2026-09-13|Economy Flexi|T7(5-9)::ROUND::2026-09-05T09:00::FLT::6E|6E-205|14:30,CELL::AMD|DEL|2026-09-13|Economy Flexi|T7(5-9)::ROUND::2026-09-05T09:00,AMD,DEL,2026-09-13,Economy Flexi,T7(5-9),ROUND::2026-09-05T09:00,6E,6E-205,14:30,9934.00,1,Goibibo,Goibibo=9934.00,9934.00,9934.00,0.00,0.000000,1,1,0,0,OBS00207
CELL::AMD|DEL|2026-09-13|Economy Flexi|T7(5-9)::ROUND::2026-09-05T14:30::FLT::AI|AI-18|20:45,CELL::AMD|DEL|2026-09-13|Economy Flexi|T7(5-9)::ROUND::2026-09-05T14:30,AMD,DEL,2026-09-13,Economy Flexi,T7(5-9),ROUND::2026-09-05T14:30,AI,AI-18,20:45,10296.00,1,MMT,MMT=10296.00,10296.00,10296.00,0.00,0.000000,1,1,0,0,OBS00716
CELL::AMD|DEL|2026-09-13|Economy Flexi|T7(5-9)::ROUND::2026-09-05T14:30::FLT::IX|IX-340|06:30,CELL::AMD|DEL|2026-09-13|Economy Flexi|T7(5-9)::ROUND::2026-09-05T14:30,AMD,DEL,2026-09-13,Economy Flexi,T7(5-9),ROUND::2026-09-05T14:30,IX,IX-340,06:30,10182.50,2,AirlineSite;EaseMyTrip,AirlineSite=10488.00;EaseMyTrip=9877.00,9877.00,10488.00,611.00,0.060005,2,2,0,0,OBS00725;OBS00726
CELL::AMD|DEL|2026-09-13|Economy Flexi|T7(5-9)::ROUND::2026-09-05T20:15::FLT::6E|6E-205|14:30,CELL::AMD|DEL|2026-09-13|Economy Flexi|T7(5-9)::ROUND::2026-09-05T20:15,AMD,DEL,2026-09-13,Economy Flexi,T7(5-9),ROUND::2026-09-05T20:15,6E,6E-205,14:30,10029.00,2,AirlineSite;EaseMyTrip,AirlineSite=9948.00;EaseMyTrip=10110.00,9948.00,10110.00,162.00,0.016153,2,2,0,0,OBS01222;OBS01223
CELL::AMD|DEL|2026-09-13|Economy Flexi|T7(5-9)::ROUND::2026-09-06T09:00::FLT::AI|AI-18|20:45,CELL::AMD|DEL|2026-09-13|Economy Flexi|T7(5-9)::ROUND::2026-09-06T09:00,AMD,DEL,2026-09-13,Economy Flexi,T7(5-9),ROUND::2026-09-06T09:00,AI,AI-18,20:45,10650.00,1,EaseMyTrip,EaseMyTrip=10650.00,10650.00,10650.00,0.00,0.000000,1,1,0,0,OBS01757
CELL::AMD|DEL|2026-09-13|Economy Flexi|T7(5-9)::ROUND::2026-09-06T14:30::FLT::IX|IX-340|06:30,CELL::AMD|DEL|2026-09-13|Economy Flexi|T7(5-9)::ROUND::2026-09-06T14:30,AMD,DEL,2026-09-13,Economy Flexi,T7(5-9),ROUND::2026-09-06T14:30,IX,IX-340,06:30,10470.00,1,MMT,MMT=10470.00,10470.00,10470.00,0.00,0.000000,1,1,0,0,OBS02269
CELL::AMD|DEL|2026-09-13|Economy Saver|T7(5-9)::ROUND::2026-09-05T09:00::FLT::AI|AI-18|20:45,CELL::AMD|DEL|2026-09-13|Economy Saver|T7(5-9)::ROUND::2026-09-05T09:00,AMD,DEL,2026-09-13,Economy Saver,T7(5-9),ROUND::2026-09-05T09:00,AI,AI-18,20:45,6855.00,2,AirlineSite;MMT,AirlineSite=6799.00;MMT=6911.00,6799.00,6911.00,112.00,0.016338,2,2,0,0,OBS00219;OBS00220
CELL::AMD|DEL|2026-09-13|Economy Saver|T7(5-9)::ROUND::2026-09-05T09:00::FLT::IX|IX-340|06:30,CELL::AMD|DEL|2026-09-13|Economy Saver|T7(5-9)::ROUND::2026-09-05T09:00,AMD,DEL,2026-09-13,Economy Saver,T7(5-9),ROUND::2026-09-05T09:00,IX,IX-340,06:30,6582.00,2,EaseMyTrip;MMT,EaseMyTrip=6377.00;MMT=6787.00,6377.00,6787.00,410.00,0.062291,2,2,0,0,OBS00232;OBS00233
CELL::AMD|DEL|2026-09-13|Economy Saver|T7(5-9)::ROUND::2026-09-05T14:30::FLT::6E|6E-205|14:30,CELL::AMD|DEL|2026-09-13|Economy Saver|T7(5-9)::ROUND::2026-09-05T14:30,AMD,DEL,2026-09-13,Economy Saver,T7(5-9),ROUND::2026-09-05T14:30,6E,6E-205,14:30,6607.00,2,Cleartrip;Goibibo,Cleartrip=6675.00;Goibibo=6539.00,6539.00,6675.00,136.00,0.020584,2,2,0,0,OBS00709;OBS00710
CELL::AMD|DEL|2026-09-13|Economy Saver|T7(5-9)::ROUND::2026-09-05T14:30::FLT::AI|AI-18|20:45,CELL::AMD|DEL|2026-09-13|Economy Saver|T7(5-9)::ROUND::2026-09-05T14:30,AMD,DEL,2026-09-13,Economy Saver,T7(5-9),ROUND::2026-09-05T14:30,AI,AI-18,20:45,6635.00,2,Goibibo;MMT,Goibibo=6557.00;MMT=6713.00,6557.00,6713.00,156.00,0.023512,2,2,0,0,OBS00717;OBS00718
CELL::AMD|DEL|2026-09-13|Economy Saver|T7(5-9)::ROUND::2026-09-05T20:15::FLT::AI|AI-18|20:45,CELL::AMD|DEL|2026-09-13|Economy Saver|T7(5-9)::ROUND::2026-09-05T20:15,AMD,DEL,2026-09-13,Economy Saver,T7(5-9),ROUND::2026-09-05T20:15,AI,AI-18,20:45,6927.00,1,AirlineSite,AirlineSite=6927.00,6927.00,6927.00,0.00,0.000000,1,1,0,0,OBS01236
CELL::AMD|DEL|2026-09-13|Economy Saver|T7(5-9)::ROUND::2026-09-05T20:15::FLT::IX|IX-340|06:30,CELL::AMD|DEL|2026-09-13|Economy Saver|T7(5-9)::ROUND::2026-09-05T20:15,AMD,DEL,2026-09-13,Economy Saver,T7(5-9),ROUND::2026-09-05T20:15,IX,IX-340,06:30,6474.00,1,Cleartrip,Cleartrip=6474.00,6474.00,6474.00,0.00,0.000000,1,1,0,0,OBS01246
CELL::AMD|DEL|2026-09-13|Economy Saver|T7(5-9)::ROUND::2026-09-06T09:00::FLT::6E|6E-205|14:30,CELL::AMD|DEL|2026-09-13|Economy Saver|T7(5-9)::ROUND::2026-09-06T09:00,AMD,DEL,2026-09-13,Economy Saver,T7(5-9),ROUND::2026-09-06T09:00,6E,6E-205,14:30,6622.00,2,Goibibo;MMT,Goibibo=6444.00;MMT=6800.00,6444.00,6800.00,356.00,0.053760,2,2,0,0,OBS01739;OBS01740
CELL::AMD|DEL|2026-09-13|Economy Saver|T7(5-9)::ROUND::2026-09-06T09:00::FLT::AI|AI-18|20:45,CELL::AMD|DEL|2026-09-13|Economy Saver|T7(5-9)::ROUND::2026-09-06T09:00,AMD,DEL,2026-09-13,Economy Saver,T7(5-9),ROUND::2026-09-06T09:00,AI,AI-18,20:45,6768.00,1,Cleartrip,Cleartrip=6768.00,6768.00,6768.00,0.00,0.000000,1,1,0,0,OBS01756
CELL::AMD|DEL|2026-09-13|Economy Saver|T7(5-9)::ROUND::2026-09-06T14:30::FLT::6E|6E-205|14:30,CELL::AMD|DEL|2026-09-13|Economy Saver|T7(5-9)::ROUND::2026-09-06T14:30,AMD,DEL,2026-09-13,Economy Saver,T7(5-9),ROUND::2026-09-06T14:30,6E,6E-205,14:30,6861.00,1,EaseMyTrip,EaseMyTrip=6861.00,6861.00,6861.00,0.00,0.000000,1,1,0,0,OBS02246
CELL::AMD|DEL|2026-09-13|Economy Saver|T7(5-9)::ROUND::2026-09-06T14:30::FLT::AI|AI-18|20:45,CELL::AMD|DEL|2026-09-13|Economy Saver|T7(5-9)::ROUND::2026-09-06T14:30,AMD,DEL,2026-09-13,Economy Saver,T7(5-9),ROUND::2026-09-06T14:30,AI,AI-18,20:45,6675.00,1,EaseMyTrip,EaseMyTrip=6675.00,6675.00,6675.00,0.00,0.000000,1,1,0,0,OBS02258
CELL::AMD|DEL|2026-09-13|Economy Saver|T7(5-9)::ROUND::2026-09-06T14:30::FLT::IX|IX-340|06:30,CELL::AMD|DEL|2026-09-13|Economy Saver|T7(5-9)::ROUND::2026-09-06T14:30,AMD,DEL,2026-09-13,Economy Saver,T7(5-9),ROUND::2026-09-06T14:30,IX,IX-340,06:30,6823.50,2,Goibibo;MMT,Goibibo=6637.00;MMT=7010.00,6637.00,7010.00,373.00,0.054664,2,2,0,0,OBS02270;OBS02271
CELL::AMD|DEL|2026-09-13|Economy Saver|T7(5-9)::ROUND::2026-09-06T20:15::FLT::6E|6E-205|14:30,CELL::AMD|DEL|2026-09-13|Economy Saver|T7(5-9)::ROUND::2026-09-06T20:15,AMD,DEL,2026-09-13,Economy Saver,T7(5-9),ROUND::2026-09-06T20:15,6E,6E-205,14:30,6698.00,1,Goibibo,Goibibo=6698.00,6698.00,6698.00,0.00,0.000000,1,1,0,0,OBS02740
CELL::AMD|DEL|2026-09-13|Economy Saver|T7(5-9)::ROUND::2026-09-06T20:15::FLT::AI|AI-18|20:45,CELL::AMD|DEL|2026-09-13|Economy Saver|T7(5-9)::ROUND::2026-09-06T20:15,AMD,DEL,2026-09-13,Economy Saver,T7(5-9),ROUND::2026-09-06T20:15,AI,AI-18,20:45,7160.00,1,AirlineSite,AirlineSite=7160.00,7160.00,7160.00,0.00,0.000000,1,1,0,0,OBS02755
CELL::AMD|DEL|2026-09-13|Economy Standard|T7(5-9)::ROUND::2026-09-05T09:00::FLT::6E|6E-205|14:30,CELL::AMD|DEL|2026-09-13|Economy Standard|T7(5-9)::ROUND::2026-09-05T09:00,AMD,DEL,2026-09-13,Economy Standard,T7(5-9),ROUND::2026-09-05T09:00,6E,6E-205,14:30,8408.00,1,Goibibo,Goibibo=8408.00,8408.00,8408.00,0.00,0.000000,1,1,0,0,OBS00208
CELL::AMD|DEL|2026-09-13|Economy Standard|T7(5-9)::ROUND::2026-09-05T14:30::FLT::IX|IX-340|06:30,CELL::AMD|DEL|2026-09-13|Economy Standard|T7(5-9)::ROUND::2026-09-05T14:30,AMD,DEL,2026-09-13,Economy Standard,T7(5-9),ROUND::2026-09-05T14:30,IX,IX-340,06:30,8402.00,1,Goibibo,Goibibo=8402.00,8402.00,8402.00,0.00,0.000000,1,1,0,0,OBS00724
CELL::AMD|DEL|2026-09-13|Economy Standard|T7(5-9)::ROUND::2026-09-05T20:15::FLT::AI|AI-18|20:45,CELL::AMD|DEL|2026-09-13|Economy Standard|T7(5-9)::ROUND::2026-09-05T20:15,AMD,DEL,2026-09-13,Economy Standard,T7(5-9),ROUND::2026-09-05T20:15,AI,AI-18,20:45,8659.00,2,AirlineSite;Cleartrip,AirlineSite=8900.00;Cleartrip=8418.00,8418.00,8900.00,482.00,0.055665,2,2,0,0,OBS01234;OBS01235
CELL::AMD|DEL|2026-09-13|Economy Standard|T7(5-9)::ROUND::2026-09-06T09:00::FLT::6E|6E-205|14:30,CELL::AMD|DEL|2026-09-13|Economy Standard|T7(5-9)::ROUND::2026-09-06T09:00,AMD,DEL,2026-09-13,Economy Standard,T7(5-9),ROUND::2026-09-06T09:00,6E,6E-205,14:30,9002.00,1,Cleartrip,Cleartrip=9002.00,9002.00,9002.00,0.00,0.000000,1,1,0,0,OBS01741
CELL::AMD|DEL|2026-09-13|Economy Standard|T7(5-9)::ROUND::2026-09-06T09:00::FLT::IX|IX-340|06:30,CELL::AMD|DEL|2026-09-13|Economy Standard|T7(5-9)::ROUND::2026-09-06T09:00,AMD,DEL,2026-09-13,Economy Standard,T7(5-9),ROUND::2026-09-06T09:00,IX,IX-340,06:30,8681.00,1,AirlineSite,AirlineSite=8681.00,8681.00,8681.00,0.00,0.000000,1,1,0,0,OBS01769
CELL::AMD|DEL|2026-09-13|Economy Standard|T7(5-9)::ROUND::2026-09-06T14:30::FLT::6E|6E-205|14:30,CELL::AMD|DEL|2026-09-13|Economy Standard|T7(5-9)::ROUND::2026-09-06T14:30,AMD,DEL,2026-09-13,Economy Standard,T7(5-9),ROUND::2026-09-06T14:30,6E,6E-205,14:30,8504.00,2,AirlineSite;Goibibo,AirlineSite=8312.00;Goibibo=8696.00,8312.00,8696.00,384.00,0.045155,2,2,0,0,OBS02247;OBS02248
CELL::AMD|DEL|2026-09-13|Economy Standard|T7(5-9)::ROUND::2026-09-06T14:30::FLT::AI|AI-18|20:45,CELL::AMD|DEL|2026-09-13|Economy Standard|T7(5-9)::ROUND::2026-09-06T14:30,AMD,DEL,2026-09-13,Economy Standard,T7(5-9),ROUND::2026-09-06T14:30,AI,AI-18,20:45,8566.00,1,Cleartrip,Cleartrip=8566.00,8566.00,8566.00,0.00,0.000000,1,1,0,0,OBS02257
CELL::AMD|DEL|2026-09-13|Economy Standard|T7(5-9)::ROUND::2026-09-06T20:15::FLT::6E|6E-205|14:30,CELL::AMD|DEL|2026-09-13|Economy Standard|T7(5-9)::ROUND::2026-09-06T20:15,AMD,DEL,2026-09-13,Economy Standard,T7(5-9),ROUND::2026-09-06T20:15,6E,6E-205,14:30,8391.00,2,EaseMyTrip;Goibibo,EaseMyTrip=8255.00;Goibibo=8527.00,8255.00,8527.00,272.00,0.032416,2,2,0,0,OBS02741;OBS02742
CELL::AMD|DEL|2026-09-13|Economy Standard|T7(5-9)::ROUND::2026-09-06T20:15::FLT::AI|AI-18|20:45,CELL::AMD|DEL|2026-09-13|Economy Standard|T7(5-9)::ROUND::2026-09-06T20:15,AMD,DEL,2026-09-13,Economy Standard,T7(5-9),ROUND::2026-09-06T20:15,AI,AI-18,20:45,8945.00,2,Goibibo;MMT,Goibibo=9025.00;MMT=8865.00,8865.00,9025.00,160.00,0.017887,2,2,0,0,OBS02753;OBS02754
CELL::AMD|DEL|2026-09-13|Economy Standard|T7(5-9)::ROUND::2026-09-06T20:15::FLT::IX|IX-340|06:30,CELL::AMD|DEL|2026-09-13|Economy Standard|T7(5-9)::ROUND::2026-09-06T20:15,AMD,DEL,2026-09-13,Economy Standard,T7(5-9),ROUND::2026-09-06T20:15,IX,IX-340,06:30,8765.50,2,AirlineSite;Goibibo,AirlineSite=8973.00;Goibibo=8558.00,8558.00,8973.00,415.00,0.047345,2,2,0,0,OBS02769;OBS02770
CELL::AMD|DEL|2026-09-21|Economy Flexi|T15(12-18)::ROUND::2026-09-05T09:00::FLT::6E|6E-205|14:30,CELL::AMD|DEL|2026-09-21|Economy Flexi|T15(12-18)::ROUND::2026-09-05T09:00,AMD,DEL,2026-09-21,Economy Flexi,T15(12-18),ROUND::2026-09-05T09:00,6E,6E-205,14:30,8828.00,1,MMT,MMT=8828.00,8828.00,8828.00,0.00,0.000000,1,1,0,0,OBS00209
CELL::AMD|DEL|2026-09-21|Economy Flexi|T15(12-18)::ROUND::2026-09-05T09:00::FLT::AI|AI-18|20:45,CELL::AMD|DEL|2026-09-21|Economy Flexi|T15(12-18)::ROUND::2026-09-05T09:00,AMD,DEL,2026-09-21,Economy Flexi,T15(12-18),ROUND::2026-09-05T09:00,AI,AI-18,20:45,8529.00,1,EaseMyTrip,EaseMyTrip=8529.00,8529.00,8529.00,0.00,0.000000,1,1,0,0,OBS00222
CELL::AMD|DEL|2026-09-21|Economy Flexi|T15(12-18)::ROUND::2026-09-05T09:00::FLT::IX|IX-340|06:30,CELL::AMD|DEL|2026-09-21|Economy Flexi|T15(12-18)::ROUND::2026-09-05T09:00,AMD,DEL,2026-09-21,Economy Flexi,T15(12-18),ROUND::2026-09-05T09:00,IX,IX-340,06:30,8731.00,1,Goibibo,Goibibo=8731.00,8731.00,8731.00,0.00,0.000000,1,1,0,0,OBS00236
CELL::AMD|DEL|2026-09-21|Economy Flexi|T15(12-18)::ROUND::2026-09-05T20:15::FLT::AI|AI-18|20:45,CELL::AMD|DEL|2026-09-21|Economy Flexi|T15(12-18)::ROUND::2026-09-05T20:15,AMD,DEL,2026-09-21,Economy Flexi,T15(12-18),ROUND::2026-09-05T20:15,AI,AI-18,20:45,9013.00,2,Cleartrip;EaseMyTrip,Cleartrip=9061.00;EaseMyTrip=8965.00,8965.00,9061.00,96.00,0.010651,2,2,0,0,OBS01237;OBS01238
CELL::AMD|DEL|2026-09-21|Economy Flexi|T15(12-18)::ROUND::2026-09-05T20:15::FLT::IX|IX-340|06:30,CELL::AMD|DEL|2026-09-21|Economy Flexi|T15(12-18)::ROUND::2026-09-05T20:15,AMD,DEL,2026-09-21,Economy Flexi,T15(12-18),ROUND::2026-09-05T20:15,IX,IX-340,06:30,8536.00,2,AirlineSite;Cleartrip,AirlineSite=8477.00;Cleartrip=8595.00,8477.00,8595.00,118.00,0.013824,2,2,0,0,OBS01249;OBS01250
CELL::AMD|DEL|2026-09-21|Economy Flexi|T15(12-18)::ROUND::2026-09-06T09:00::FLT::6E|6E-205|14:30,CELL::AMD|DEL|2026-09-21|Economy Flexi|T15(12-18)::ROUND::2026-09-06T09:00,AMD,DEL,2026-09-21,Economy Flexi,T15(12-18),ROUND::2026-09-06T09:00,6E,6E-205,14:30,9121.50,2,Goibibo;MMT,Goibibo=9279.00;MMT=8964.00,8964.00,9279.00,315.00,0.034534,2,2,0,0,OBS01742;OBS01743
CELL::AMD|DEL|2026-09-21|Economy Flexi|T15(12-18)::ROUND::2026-09-06T09:00::FLT::AI|AI-18|20:45,CELL::AMD|DEL|2026-09-21|Economy Flexi|T15(12-18)::ROUND::2026-09-06T09:00,AMD,DEL,2026-09-21,Economy Flexi,T15(12-18),ROUND::2026-09-06T09:00,AI,AI-18,20:45,8760.00,2,Cleartrip;MMT,Cleartrip=8538.00;MMT=8982.00,8538.00,8982.00,444.00,0.050685,2,2,0,0,OBS01758;OBS01759
CELL::AMD|DEL|2026-09-21|Economy Flexi|T15(12-18)::ROUND::2026-09-06T14:30::FLT::6E|6E-205|14:30,CELL::AMD|DEL|2026-09-21|Economy Flexi|T15(12-18)::ROUND::2026-09-06T14:30,AMD,DEL,2026-09-21,Economy Flexi,T15(12-18),ROUND::2026-09-06T14:30,6E,6E-205,14:30,9156.50,2,AirlineSite;EaseMyTrip,AirlineSite=8982.00;EaseMyTrip=9331.00,8982.00,9331.00,349.00,0.038115,2,2,0,0,OBS02250;OBS02251
CELL::AMD|DEL|2026-09-21|Economy Flexi|T15(12-18)::ROUND::2026-09-06T14:30::FLT::AI|AI-18|20:45,CELL::AMD|DEL|2026-09-21|Economy Flexi|T15(12-18)::ROUND::2026-09-06T14:30,AMD,DEL,2026-09-21,Economy Flexi,T15(12-18),ROUND::2026-09-06T14:30,AI,AI-18,20:45,8727.00,2,AirlineSite;MMT,AirlineSite=8761.00;MMT=8693.00,8693.00,8761.00,68.00,0.007792,2,2,0,0,OBS02259;OBS02260
CELL::AMD|DEL|2026-09-21|Economy Flexi|T15(12-18)::ROUND::2026-09-06T14:30::FLT::IX|IX-340|06:30,CELL::AMD|DEL|2026-09-21|Economy Flexi|T15(12-18)::ROUND::2026-09-06T14:30,AMD,DEL,2026-09-21,Economy Flexi,T15(12-18),ROUND::2026-09-06T14:30,IX,IX-340,06:30,9021.50,2,Cleartrip;MMT,Cleartrip=8916.00;MMT=9127.00,8916.00,9127.00,211.00,0.023389,2,2,0,0,OBS02273;OBS02274
CELL::AMD|DEL|2026-09-21|Economy Flexi|T15(12-18)::ROUND::2026-09-06T20:15::FLT::6E|6E-205|14:30,CELL::AMD|DEL|2026-09-21|Economy Flexi|T15(12-18)::ROUND::2026-09-06T20:15,AMD,DEL,2026-09-21,Economy Flexi,T15(12-18),ROUND::2026-09-06T20:15,6E,6E-205,14:30,8873.00,1,MMT,MMT=8873.00,8873.00,8873.00,0.00,0.000000,1,1,0,0,OBS02744
CELL::AMD|DEL|2026-09-21|Economy Saver|T15(12-18)::ROUND::2026-09-05T09:00::FLT::AI|AI-18|20:45,CELL::AMD|DEL|2026-09-21|Economy Saver|T15(12-18)::ROUND::2026-09-05T09:00,AMD,DEL,2026-09-21,Economy Saver,T15(12-18),ROUND::2026-09-05T09:00,AI,AI-18,20:45,5886.00,1,AirlineSite,AirlineSite=5886.00,5886.00,5886.00,0.00,0.000000,1,1,0,0,OBS00221
CELL::AMD|DEL|2026-09-21|Economy Saver|T15(12-18)::ROUND::2026-09-05T14:30::FLT::IX|IX-340|06:30,CELL::AMD|DEL|2026-09-21|Economy Saver|T15(12-18)::ROUND::2026-09-05T14:30,AMD,DEL,2026-09-21,Economy Saver,T15(12-18),ROUND::2026-09-05T14:30,IX,IX-340,06:30,5779.50,2,EaseMyTrip;MMT,EaseMyTrip=5924.00;MMT=5635.00,5635.00,5924.00,289.00,0.050004,2,2,0,0,OBS00729;OBS00730
CELL::AMD|DEL|2026-09-21|Economy Saver|T15(12-18)::ROUND::2026-09-05T20:15::FLT::6E|6E-205|14:30,CELL::AMD|DEL|2026-09-21|Economy Saver|T15(12-18)::ROUND::2026-09-05T20:15,AMD,DEL,2026-09-21,Economy Saver,T15(12-18),ROUND::2026-09-05T20:15,6E,6E-205,14:30,5555.00,1,Goibibo,Goibibo=5555.00,5555.00,5555.00,0.00,0.000000,1,1,0,0,OBS01226
CELL::AMD|DEL|2026-09-21|Economy Saver|T15(12-18)::ROUND::2026-09-06T09:00::FLT::IX|IX-340|06:30,CELL::AMD|DEL|2026-09-21|Economy Saver|T15(12-18)::ROUND::2026-09-06T09:00,AMD,DEL,2026-09-21,Economy Saver,T15(12-18),ROUND::2026-09-06T09:00,IX,IX-340,06:30,5766.50,2,Cleartrip;Goibibo,Cleartrip=6009.00;Goibibo=5524.00,5524.00,6009.00,485.00,0.084106,2,2,0,0,OBS01772;OBS01773
CELL::AMD|DEL|2026-09-21|Economy Saver|T15(12-18)::ROUND::2026-09-06T14:30::FLT::6E|6E-205|14:30,CELL::AMD|DEL|2026-09-21|Economy Saver|T15(12-18)::ROUND::2026-09-06T14:30,AMD,DEL,2026-09-21,Economy Saver,T15(12-18),ROUND::2026-09-06T14:30,6E,6E-205,14:30,5915.00,1,Cleartrip,Cleartrip=5915.00,5915.00,5915.00,0.00,0.000000,1,1,0,0,OBS02249
CELL::AMD|DEL|2026-09-21|Economy Saver|T15(12-18)::ROUND::2026-09-06T14:30::FLT::AI|AI-18|20:45,CELL::AMD|DEL|2026-09-21|Economy Saver|T15(12-18)::ROUND::2026-09-06T14:30,AMD,DEL,2026-09-21,Economy Saver,T15(12-18),ROUND::2026-09-06T14:30,AI,AI-18,20:45,5770.00,1,Goibibo,Goibibo=5770.00,5770.00,5770.00,0.00,0.000000,1,1,0,0,OBS02261
CELL::AMD|DEL|2026-09-21|Economy Saver|T15(12-18)::ROUND::2026-09-06T20:15::FLT::6E|6E-205|14:30,CELL::AMD|DEL|2026-09-21|Economy Saver|T15(12-18)::ROUND::2026-09-06T20:15,AMD,DEL,2026-09-21,Economy Saver,T15(12-18),ROUND::2026-09-06T20:15,6E,6E-205,14:30,5610.00,1,Goibibo,Goibibo=5610.00,5610.00,5610.00,0.00,0.000000,1,1,0,0,OBS02743
CELL::AMD|DEL|2026-09-21|Economy Saver|T15(12-18)::ROUND::2026-09-06T20:15::FLT::AI|AI-18|20:45,CELL::AMD|DEL|2026-09-21|Economy Saver|T15(12-18)::ROUND::2026-09-06T20:15,AMD,DEL,2026-09-21,Economy Saver,T15(12-18),ROUND::2026-09-06T20:15,AI,AI-18,20:45,5915.00,2,AirlineSite;Goibibo,AirlineSite=5972.00;Goibibo=5858.00,5858.00,5972.00,114.00,0.019273,2,2,0,0,OBS02756;OBS02757
CELL::AMD|DEL|2026-09-21|Economy Saver|T15(12-18)::ROUND::2026-09-06T20:15::FLT::IX|IX-340|06:30,CELL::AMD|DEL|2026-09-21|Economy Saver|T15(12-18)::ROUND::2026-09-06T20:15,AMD,DEL,2026-09-21,Economy Saver,T15(12-18),ROUND::2026-09-06T20:15,IX,IX-340,06:30,5829.50,2,AirlineSite;Cleartrip,AirlineSite=5758.00;Cleartrip=5901.00,5758.00,5901.00,143.00,0.024530,2,2,0,0,OBS02771;OBS02772
CELL::AMD|DEL|2026-09-21|Economy Standard|T15(12-18)::ROUND::2026-09-05T09:00::FLT::6E|6E-205|14:30,CELL::AMD|DEL|2026-09-21|Economy Standard|T15(12-18)::ROUND::2026-09-05T09:00,AMD,DEL,2026-09-21,Economy Standard,T15(12-18),ROUND::2026-09-05T09:00,6E,6E-205,14:30,7440.00,2,EaseMyTrip;MMT,EaseMyTrip=7363.00;MMT=7517.00,7363.00,7517.00,154.00,0.020699,2,2,0,0,OBS00210;OBS00211
CELL::AMD|DEL|2026-09-21|Economy Standard|T15(12-18)::ROUND::2026-09-05T09:00::FLT::IX|IX-340|06:30,CELL::AMD|DEL|2026-09-21|Economy Standard|T15(12-18)::ROUND::2026-09-05T09:00,AMD,DEL,2026-09-21,Economy Standard,T15(12-18),ROUND::2026-09-05T09:00,IX,IX-340,06:30,7212.50,2,EaseMyTrip;Goibibo,EaseMyTrip=6898.00;Goibibo=7527.00,6898.00,7527.00,629.00,0.087210,2,2,0,0,OBS00234;OBS00235
CELL::AMD|DEL|2026-09-21|Economy Standard|T15(12-18)::ROUND::2026-09-05T14:30::FLT::6E|6E-205|14:30,CELL::AMD|DEL|2026-09-21|Economy Standard|T15(12-18)::ROUND::2026-09-05T14:30,AMD,DEL,2026-09-21,Economy Standard,T15(12-18),ROUND::2026-09-05T14:30,6E,6E-205,14:30,7449.00,1,Goibibo,Goibibo=7449.00,7449.00,7449.00,0.00,0.000000,1,1,0,0,OBS00711
CELL::AMD|DEL|2026-09-21|Economy Standard|T15(12-18)::ROUND::2026-09-05T14:30::FLT::AI|AI-18|20:45,CELL::AMD|DEL|2026-09-21|Economy Standard|T15(12-18)::ROUND::2026-09-05T14:30,AMD,DEL,2026-09-21,Economy Standard,T15(12-18),ROUND::2026-09-05T14:30,AI,AI-18,20:45,6964.00,1,Goibibo,Goibibo=6964.00,6964.00,6964.00,0.00,0.000000,1,1,0,0,OBS00719
CELL::AMD|DEL|2026-09-21|Economy Standard|T15(12-18)::ROUND::2026-09-05T14:30::FLT::IX|IX-340|06:30,CELL::AMD|DEL|2026-09-21|Economy Standard|T15(12-18)::ROUND::2026-09-05T14:30,AMD,DEL,2026-09-21,Economy Standard,T15(12-18),ROUND::2026-09-05T14:30,IX,IX-340,06:30,7527.00,2,AirlineSite;Cleartrip,AirlineSite=7571.00;Cleartrip=7483.00,7483.00,7571.00,88.00,0.011691,2,2,0,0,OBS00727;OBS00728
CELL::AMD|DEL|2026-09-21|Economy Standard|T15(12-18)::ROUND::2026-09-05T20:15::FLT::6E|6E-205|14:30,CELL::AMD|DEL|2026-09-21|Economy Standard|T15(12-18)::ROUND::2026-09-05T20:15,AMD,DEL,2026-09-21,Economy Standard,T15(12-18),ROUND::2026-09-05T20:15,6E,6E-205,14:30,7095.50,2,Cleartrip;EaseMyTrip,Cleartrip=6839.00;EaseMyTrip=7352.00,6839.00,7352.00,513.00,0.072299,2,2,0,0,OBS01224;OBS01225
CELL::AMD|DEL|2026-09-21|Economy Standard|T15(12-18)::ROUND::2026-09-05T20:15::FLT::AI|AI-18|20:45,CELL::AMD|DEL|2026-09-21|Economy Standard|T15(12-18)::ROUND::2026-09-05T20:15,AMD,DEL,2026-09-21,Economy Standard,T15(12-18),ROUND::2026-09-05T20:15,AI,AI-18,20:45,7130.50,2,EaseMyTrip;MMT,EaseMyTrip=7048.00;MMT=7213.00,7048.00,7213.00,165.00,0.023140,2,2,0,0,OBS01239;OBS01240
CELL::AMD|DEL|2026-09-21|Economy Standard|T15(12-18)::ROUND::2026-09-05T20:15::FLT::IX|IX-340|06:30,CELL::AMD|DEL|2026-09-21|Economy Standard|T15(12-18)::ROUND::2026-09-05T20:15,AMD,DEL,2026-09-21,Economy Standard,T15(12-18),ROUND::2026-09-05T20:15,IX,IX-340,06:30,7440.00,2,Cleartrip;MMT,Cleartrip=7426.00;MMT=7454.00,7426.00,7454.00,28.00,0.003763,2,2,0,0,OBS01247;OBS01248
CELL::AMD|DEL|2026-09-21|Economy Standard|T15(12-18)::ROUND::2026-09-06T09:00::FLT::6E|6E-205|14:30,CELL::AMD|DEL|2026-09-21|Economy Standard|T15(12-18)::ROUND::2026-09-06T09:00,AMD,DEL,2026-09-21,Economy Standard,T15(12-18),ROUND::2026-09-06T09:00,6E,6E-205,14:30,7526.00,2,AirlineSite;Cleartrip,AirlineSite=7663.00;Cleartrip=7389.00,7389.00,7663.00,274.00,0.036407,2,2,0,0,OBS01744;OBS01745
CELL::AMD|DEL|2026-09-21|Economy Standard|T15(12-18)::ROUND::2026-09-06T09:00::FLT::IX|IX-340|06:30,CELL::AMD|DEL|2026-09-21|Economy Standard|T15(12-18)::ROUND::2026-09-06T09:00,AMD,DEL,2026-09-21,Economy Standard,T15(12-18),ROUND::2026-09-06T09:00,IX,IX-340,06:30,7416.50,2,AirlineSite;MMT,AirlineSite=7520.00;MMT=7313.00,7313.00,7520.00,207.00,0.027911,2,2,0,0,OBS01770;OBS01771
CELL::AMD|DEL|2026-09-21|Economy Standard|T15(12-18)::ROUND::2026-09-06T14:30::FLT::IX|IX-340|06:30,CELL::AMD|DEL|2026-09-21|Economy Standard|T15(12-18)::ROUND::2026-09-06T14:30,AMD,DEL,2026-09-21,Economy Standard,T15(12-18),ROUND::2026-09-06T14:30,IX,IX-340,06:30,7589.00,1,EaseMyTrip,EaseMyTrip=7589.00,7589.00,7589.00,0.00,0.000000,1,1,0,0,OBS02272
CELL::AMD|DEL|2026-09-21|Economy Standard|T15(12-18)::ROUND::2026-09-06T20:15::FLT::AI|AI-18|20:45,CELL::AMD|DEL|2026-09-21|Economy Standard|T15(12-18)::ROUND::2026-09-06T20:15,AMD,DEL,2026-09-21,Economy Standard,T15(12-18),ROUND::2026-09-06T20:15,AI,AI-18,20:45,7509.50,2,Cleartrip;EaseMyTrip,Cleartrip=7686.00;EaseMyTrip=7333.00,7333.00,7686.00,353.00,0.047007,2,2,0,0,OBS02758;OBS02759
CELL::AMD|DEL|2026-09-21|Economy Standard|T15(12-18)::ROUND::2026-09-06T20:15::FLT::IX|IX-340|06:30,CELL::AMD|DEL|2026-09-21|Economy Standard|T15(12-18)::ROUND::2026-09-06T20:15,AMD,DEL,2026-09-21,Economy Standard,T15(12-18),ROUND::2026-09-06T20:15,IX,IX-340,06:30,7634.00,1,EaseMyTrip,EaseMyTrip=7634.00,7634.00,7634.00,0.00,0.000000,1,1,0,0,OBS02773
CELL::AMD|DEL|2026-10-06|Economy Flexi|T30(25-35)::ROUND::2026-09-05T09:00::FLT::6E|6E-205|14:30,CELL::AMD|DEL|2026-10-06|Economy Flexi|T30(25-35)::ROUND::2026-09-05T09:00,AMD,DEL,2026-10-06,Economy Flexi,T30(25-35),ROUND::2026-09-05T09:00,6E,6E-205,14:30,7859.00,1,AirlineSite,AirlineSite=7859.00,7859.00,7859.00,0.00,0.000000,1,1,0,0,OBS00213
CELL::AMD|DEL|2026-10-06|Economy Flexi|T30(25-35)::ROUND::2026-09-05T09:00::FLT::AI|AI-18|20:45,CELL::AMD|DEL|2026-10-06|Economy Flexi|T30(25-35)::ROUND::2026-09-05T09:00,AMD,DEL,2026-10-06,Economy Flexi,T30(25-35),ROUND::2026-09-05T09:00,AI,AI-18,20:45,7875.00,1,AirlineSite,AirlineSite=7875.00,7875.00,7875.00,0.00,0.000000,1,1,0,0,OBS00225
CELL::AMD|DEL|2026-10-06|Economy Flexi|T30(25-35)::ROUND::2026-09-05T09:00::FLT::IX|IX-340|06:30,CELL::AMD|DEL|2026-10-06|Economy Flexi|T30(25-35)::ROUND::2026-09-05T09:00,AMD,DEL,2026-10-06,Economy Flexi,T30(25-35),ROUND::2026-09-05T09:00,IX,IX-340,06:30,7628.00,1,Goibibo,Goibibo=7628.00,7628.00,7628.00,0.00,0.000000,1,1,0,0,OBS00239
CELL::AMD|DEL|2026-10-06|Economy Flexi|T30(25-35)::ROUND::2026-09-05T14:30::FLT::6E|6E-205|14:30,CELL::AMD|DEL|2026-10-06|Economy Flexi|T30(25-35)::ROUND::2026-09-05T14:30,AMD,DEL,2026-10-06,Economy Flexi,T30(25-35),ROUND::2026-09-05T14:30,6E,6E-205,14:30,8261.00,1,EaseMyTrip,EaseMyTrip=8261.00,8261.00,8261.00,0.00,0.000000,1,1,0,0,OBS00713
CELL::AMD|DEL|2026-10-06|Economy Flexi|T30(25-35)::ROUND::2026-09-05T14:30::FLT::IX|IX-340|06:30,CELL::AMD|DEL|2026-10-06|Economy Flexi|T30(25-35)::ROUND::2026-09-05T14:30,AMD,DEL,2026-10-06,Economy Flexi,T30(25-35),ROUND::2026-09-05T14:30,IX,IX-340,06:30,8137.00,1,AirlineSite,AirlineSite=8137.00,8137.00,8137.00,0.00,0.000000,1,1,0,0,OBS00731
CELL::AMD|DEL|2026-10-06|Economy Flexi|T30(25-35)::ROUND::2026-09-05T20:15::FLT::6E|6E-205|14:30,CELL::AMD|DEL|2026-10-06|Economy Flexi|T30(25-35)::ROUND::2026-09-05T20:15,AMD,DEL,2026-10-06,Economy Flexi,T30(25-35),ROUND::2026-09-05T20:15,6E,6E-205,14:30,8136.00,2,AirlineSite;MMT,AirlineSite=8429.00;MMT=7843.00,7843.00,8429.00,586.00,0.072026,2,2,0,0,OBS01227;OBS01228
CELL::AMD|DEL|2026-10-06|Economy Flexi|T30(25-35)::ROUND::2026-09-06T09:00::FLT::6E|6E-205|14:30,CELL::AMD|DEL|2026-10-06|Economy Flexi|T30(25-35)::ROUND::2026-09-06T09:00,AMD,DEL,2026-10-06,Economy Flexi,T30(25-35),ROUND::2026-09-06T09:00,6E,6E-205,14:30,7714.50,2,Goibibo;MMT,Goibibo=7723.00;MMT=7706.00,7706.00,7723.00,17.00,0.002204,2,2,0,0,OBS01746;OBS01747
CELL::AMD|DEL|2026-10-06|Economy Flexi|T30(25-35)::ROUND::2026-09-06T09:00::FLT::AI|AI-18|20:45,CELL::AMD|DEL|2026-10-06|Economy Flexi|T30(25-35)::ROUND::2026-09-06T09:00,AMD,DEL,2026-10-06,Economy Flexi,T30(25-35),ROUND::2026-09-06T09:00,AI,AI-18,20:45,7821.00,2,EaseMyTrip;Goibibo,EaseMyTrip=8035.00;Goibibo=7607.00,7607.00,8035.00,428.00,0.054724,2,2,0,0,OBS01760;OBS01761
CELL::AMD|DEL|2026-10-06|Economy Flexi|T30(25-35)::ROUND::2026-09-06T09:00::FLT::IX|IX-340|06:30,CELL::AMD|DEL|2026-10-06|Economy Flexi|T30(25-35)::ROUND::2026-09-06T09:00,AMD,DEL,2026-10-06,Economy Flexi,T30(25-35),ROUND::2026-09-06T09:00,IX,IX-340,06:30,8178.00,1,Cleartrip,Cleartrip=8178.00,8178.00,8178.00,0.00,0.000000,1,1,0,0,OBS01774
CELL::AMD|DEL|2026-10-06|Economy Flexi|T30(25-35)::ROUND::2026-09-06T14:30::FLT::AI|AI-18|20:45,CELL::AMD|DEL|2026-10-06|Economy Flexi|T30(25-35)::ROUND::2026-09-06T14:30,AMD,DEL,2026-10-06,Economy Flexi,T30(25-35),ROUND::2026-09-06T14:30,AI,AI-18,20:45,7949.50,2,Cleartrip;EaseMyTrip,Cleartrip=7881.00;EaseMyTrip=8018.00,7881.00,8018.00,137.00,0.017234,2,2,0,0,OBS02262;OBS02263
CELL::AMD|DEL|2026-10-06|Economy Flexi|T30(25-35)::ROUND::2026-09-06T14:30::FLT::IX|IX-340|06:30,CELL::AMD|DEL|2026-10-06|Economy Flexi|T30(25-35)::ROUND::2026-09-06T14:30,AMD,DEL,2026-10-06,Economy Flexi,T30(25-35),ROUND::2026-09-06T14:30,IX,IX-340,06:30,7934.00,2,Cleartrip;Goibibo,Cleartrip=7679.00;Goibibo=8189.00,7679.00,8189.00,510.00,0.064280,2,2,0,0,OBS02276;OBS02277
CELL::AMD|DEL|2026-10-06|Economy Flexi|T30(25-35)::ROUND::2026-09-06T20:15::FLT::IX|IX-340|06:30,CELL::AMD|DEL|2026-10-06|Economy Flexi|T30(25-35)::ROUND::2026-09-06T20:15,AMD,DEL,2026-10-06,Economy Flexi,T30(25-35),ROUND::2026-09-06T20:15,IX,IX-340,06:30,8121.50,2,Goibibo;MMT,Goibibo=7950.00;MMT=8293.00,7950.00,8293.00,343.00,0.042234,2,2,0,0,OBS02774;OBS02775
CELL::AMD|DEL|2026-10-06|Economy Saver|T30(25-35)::ROUND::2026-09-05T09:00::FLT::6E|6E-205|14:30,CELL::AMD|DEL|2026-10-06|Economy Saver|T30(25-35)::ROUND::2026-09-05T09:00,AMD,DEL,2026-10-06,Economy Saver,T30(25-35),ROUND::2026-09-05T09:00,6E,6E-205,14:30,5089.00,1,AirlineSite,AirlineSite=5089.00,5089.00,5089.00,0.00,0.000000,1,1,0,0,OBS00212
CELL::AMD|DEL|2026-10-06|Economy Saver|T30(25-35)::ROUND::2026-09-05T09:00::FLT::AI|AI-18|20:45,CELL::AMD|DEL|2026-10-06|Economy Saver|T30(25-35)::ROUND::2026-09-05T09:00,AMD,DEL,2026-10-06,Economy Saver,T30(25-35),ROUND::2026-09-05T09:00,AI,AI-18,20:45,5029.00,2,EaseMyTrip;MMT,EaseMyTrip=4912.00;MMT=5146.00,4912.00,5146.00,234.00,0.046530,2,2,0,0,OBS00223;OBS00224
CELL::AMD|DEL|2026-10-06|Economy Saver|T30(25-35)::ROUND::2026-09-05T14:30::FLT::6E|6E-205|14:30,CELL::AMD|DEL|2026-10-06|Economy Saver|T30(25-35)::ROUND::2026-09-05T14:30,AMD,DEL,2026-10-06,Economy Saver,T30(25-35),ROUND::2026-09-05T14:30,6E,6E-205,14:30,5289.00,1,Cleartrip,Cleartrip=5289.00,5289.00,5289.00,0.00,0.000000,1,1,0,0,OBS00712
CELL::AMD|DEL|2026-10-06|Economy Saver|T30(25-35)::ROUND::2026-09-05T14:30::FLT::AI|AI-18|20:45,CELL::AMD|DEL|2026-10-06|Economy Saver|T30(25-35)::ROUND::2026-09-05T14:30,AMD,DEL,2026-10-06,Economy Saver,T30(25-35),ROUND::2026-09-05T14:30,AI,AI-18,20:45,5071.00,1,MMT,MMT=5071.00,5071.00,5071.00,0.00,0.000000,1,1,0,0,OBS00720
CELL::AMD|DEL|2026-10-06|Economy Saver|T30(25-35)::ROUND::2026-09-05T20:15::FLT::6E|6E-205|14:30,CELL::AMD|DEL|2026-10-06|Economy Saver|T30(25-35)::ROUND::2026-09-05T20:15,AMD,DEL,2026-10-06,Economy Saver,T30(25-35),ROUND::2026-09-05T20:15,6E,6E-205,14:30,5311.00,1,Goibibo,Goibibo=5311.00,5311.00,5311.00,0.00,0.000000,1,1,0,0,OBS01229
CELL::AMD|DEL|2026-10-06|Economy Saver|T30(25-35)::ROUND::2026-09-05T20:15::FLT::AI|AI-18|20:45,CELL::AMD|DEL|2026-10-06|Economy Saver|T30(25-35)::ROUND::2026-09-05T20:15,AMD,DEL,2026-10-06,Economy Saver,T30(25-35),ROUND::2026-09-05T20:15,AI,AI-18,20:45,4906.00,1,Goibibo,Goibibo=4906.00,4906.00,4906.00,0.00,0.000000,1,1,0,0,OBS01241
CELL::AMD|DEL|2026-10-06|Economy Saver|T30(25-35)::ROUND::2026-09-05T20:15::FLT::IX|IX-340|06:30,CELL::AMD|DEL|2026-10-06|Economy Saver|T30(25-35)::ROUND::2026-09-05T20:15,AMD,DEL,2026-10-06,Economy Saver,T30(25-35),ROUND::2026-09-05T20:15,IX,IX-340,06:30,5012.00,1,Goibibo,Goibibo=5012.00,5012.00,5012.00,0.00,0.000000,1,1,0,0,OBS01251
CELL::AMD|DEL|2026-10-06|Economy Saver|T30(25-35)::ROUND::2026-09-06T14:30::FLT::6E|6E-205|14:30,CELL::AMD|DEL|2026-10-06|Economy Saver|T30(25-35)::ROUND::2026-09-06T14:30,AMD,DEL,2026-10-06,Economy Saver,T30(25-35),ROUND::2026-09-06T14:30,6E,6E-205,14:30,5214.00,1,MMT,MMT=5214.00,5214.00,5214.00,0.00,0.000000,1,1,0,0,OBS02252
CELL::AMD|DEL|2026-10-06|Economy Saver|T30(25-35)::ROUND::2026-09-06T14:30::FLT::IX|IX-340|06:30,CELL::AMD|DEL|2026-10-06|Economy Saver|T30(25-35)::ROUND::2026-09-06T14:30,AMD,DEL,2026-10-06,Economy Saver,T30(25-35),ROUND::2026-09-06T14:30,IX,IX-340,06:30,4972.00,1,MMT,MMT=4972.00,4972.00,4972.00,0.00,0.000000,1,1,0,0,OBS02275
CELL::AMD|DEL|2026-10-06|Economy Saver|T30(25-35)::ROUND::2026-09-06T20:15::FLT::6E|6E-205|14:30,CELL::AMD|DEL|2026-10-06|Economy Saver|T30(25-35)::ROUND::2026-09-06T20:15,AMD,DEL,2026-10-06,Economy Saver,T30(25-35),ROUND::2026-09-06T20:15,6E,6E-205,14:30,5019.00,1,Goibibo,Goibibo=5019.00,5019.00,5019.00,0.00,0.000000,1,1,0,0,OBS02746
CELL::AMD|DEL|2026-10-06|Economy Saver|T30(25-35)::ROUND::2026-09-06T20:15::FLT::AI|AI-18|20:45,CELL::AMD|DEL|2026-10-06|Economy Saver|T30(25-35)::ROUND::2026-09-06T20:15,AMD,DEL,2026-10-06,Economy Saver,T30(25-35),ROUND::2026-09-06T20:15,AI,AI-18,20:45,5117.50,2,Goibibo;MMT,Goibibo=5188.00;MMT=5047.00,5047.00,5188.00,141.00,0.027553,2,2,0,0,OBS02760;OBS02761
CELL::AMD|DEL|2026-10-06|Economy Standard|T30(25-35)::ROUND::2026-09-05T09:00::FLT::IX|IX-340|06:30,CELL::AMD|DEL|2026-10-06|Economy Standard|T30(25-35)::ROUND::2026-09-05T09:00,AMD,DEL,2026-10-06,Economy Standard,T30(25-35),ROUND::2026-09-05T09:00,IX,IX-340,06:30,6578.50,2,AirlineSite;Goibibo,AirlineSite=6691.00;Goibibo=6466.00,6466.00,6691.00,225.00,0.034202,2,2,0,0,OBS00237;OBS00238
CELL::AMD|DEL|2026-10-06|Economy Standard|T30(25-35)::ROUND::2026-09-05T14:30::FLT::IX|IX-340|06:30,CELL::AMD|DEL|2026-10-06|Economy Standard|T30(25-35)::ROUND::2026-09-05T14:30,AMD,DEL,2026-10-06,Economy Standard,T30(25-35),ROUND::2026-09-05T14:30,IX,IX-340,06:30,6577.00,2,EaseMyTrip;Goibibo,EaseMyTrip=6689.00;Goibibo=6465.00,6465.00,6689.00,224.00,0.034058,2,2,0,0,OBS00732;OBS00733
CELL::AMD|DEL|2026-10-06|Economy Standard|T30(25-35)::ROUND::2026-09-05T20:15::FLT::IX|IX-340|06:30,CELL::AMD|DEL|2026-10-06|Economy Standard|T30(25-35)::ROUND::2026-09-05T20:15,AMD,DEL,2026-10-06,Economy Standard,T30(25-35),ROUND::2026-09-05T20:15,IX,IX-340,06:30,6566.00,2,AirlineSite;MMT,AirlineSite=6283.00;MMT=6849.00,6283.00,6849.00,566.00,0.086202,2,2,0,0,OBS01252;OBS01253
CELL::AMD|DEL|2026-10-06|Economy Standard|T30(25-35)::ROUND::2026-09-06T09:00::FLT::6E|6E-205|14:30,CELL::AMD|DEL|2026-10-06|Economy Standard|T30(25-35)::ROUND::2026-09-06T09:00,AMD,DEL,2026-10-06,Economy Standard,T30(25-35),ROUND::2026-09-06T09:00,6E,6E-205,14:30,6475.00,2,EaseMyTrip;Goibibo,EaseMyTrip=6674.00;Goibibo=6276.00,6276.00,6674.00,398.00,0.061467,2,2,0,0,OBS01748;OBS01749
CELL::AMD|DEL|2026-10-06|Economy Standard|T30(25-35)::ROUND::2026-09-06T20:15::FLT::6E|6E-205|14:30,CELL::AMD|DEL|2026-10-06|Economy Standard|T30(25-35)::ROUND::2026-09-06T20:15,AMD,DEL,2026-10-06,Economy Standard,T30(25-35),ROUND::2026-09-06T20:15,6E,6E-205,14:30,6312.00,1,Cleartrip,Cleartrip=6312.00,6312.00,6312.00,0.00,0.000000,1,1,0,0,OBS02745
CELL::AMD|DEL|2026-10-06|Economy Standard|T30(25-35)::ROUND::2026-09-06T20:15::FLT::IX|IX-340|06:30,CELL::AMD|DEL|2026-10-06|Economy Standard|T30(25-35)::ROUND::2026-09-06T20:15,AMD,DEL,2026-10-06,Economy Standard,T30(25-35),ROUND::2026-09-06T20:15,IX,IX-340,06:30,6745.00,1,Cleartrip,Cleartrip=6745.00,6745.00,6745.00,0.00,0.000000,1,1,0,0,OBS02776
CELL::AMD|DEL|2026-10-22|Economy Flexi|T45(40-50)::ROUND::2026-09-05T09:00::FLT::AI|AI-18|20:45,CELL::AMD|DEL|2026-10-22|Economy Flexi|T45(40-50)::ROUND::2026-09-05T09:00,AMD,DEL,2026-10-22,Economy Flexi,T45(40-50),ROUND::2026-09-05T09:00,AI,AI-18,20:45,7962.00,2,Cleartrip;Goibibo,Cleartrip=7948.00;Goibibo=7976.00,7948.00,7976.00,28.00,0.003517,2,2,0,0,OBS00228;OBS00229
CELL::AMD|DEL|2026-10-22|Economy Flexi|T45(40-50)::ROUND::2026-09-05T14:30::FLT::AI|AI-18|20:45,CELL::AMD|DEL|2026-10-22|Economy Flexi|T45(40-50)::ROUND::2026-09-05T14:30,AMD,DEL,2026-10-22,Economy Flexi,T45(40-50),ROUND::2026-09-05T14:30,AI,AI-18,20:45,8307.00,1,Goibibo,Goibibo=8307.00,8307.00,8307.00,0.00,0.000000,1,1,0,0,OBS00721
CELL::AMD|DEL|2026-10-22|Economy Flexi|T45(40-50)::ROUND::2026-09-05T20:15::FLT::IX|IX-340|06:30,CELL::AMD|DEL|2026-10-22|Economy Flexi|T45(40-50)::ROUND::2026-09-05T20:15,AMD,DEL,2026-10-22,Economy Flexi,T45(40-50),ROUND::2026-09-05T20:15,IX,IX-340,06:30,8190.00,2,AirlineSite;Goibibo,AirlineSite=8085.00;Goibibo=8295.00,8085.00,8295.00,210.00,0.025641,2,2,0,0,OBS01254;OBS01255
CELL::AMD|DEL|2026-10-22|Economy Flexi|T45(40-50)::ROUND::2026-09-06T09:00::FLT::AI|AI-18|20:45,CELL::AMD|DEL|2026-10-22|Economy Flexi|T45(40-50)::ROUND::2026-09-06T09:00,AMD,DEL,2026-10-22,Economy Flexi,T45(40-50),ROUND::2026-09-06T09:00,AI,AI-18,20:45,7997.00,2,Cleartrip;Goibibo,Cleartrip=8074.00;Goibibo=7920.00,7920.00,8074.00,154.00,0.019257,2,2,0,0,OBS01762;OBS01763
CELL::AMD|DEL|2026-10-22|Economy Flexi|T45(40-50)::ROUND::2026-09-06T14:30::FLT::6E|6E-205|14:30,CELL::AMD|DEL|2026-10-22|Economy Flexi|T45(40-50)::ROUND::2026-09-06T14:30,AMD,DEL,2026-10-22,Economy Flexi,T45(40-50),ROUND::2026-09-06T14:30,6E,6E-205,14:30,7681.00,2,EaseMyTrip;MMT,EaseMyTrip=7666.00;MMT=7696.00,7666.00,7696.00,30.00,0.003906,2,2,0,0,OBS02254;OBS02255
CELL::AMD|DEL|2026-10-22|Economy Flexi|T45(40-50)::ROUND::2026-09-06T20:15::FLT::AI|AI-18|20:45,CELL::AMD|DEL|2026-10-22|Economy Flexi|T45(40-50)::ROUND::2026-09-06T20:15,AMD,DEL,2026-10-22,Economy Flexi,T45(40-50),ROUND::2026-09-06T20:15,AI,AI-18,20:45,8031.00,2,AirlineSite;EaseMyTrip,AirlineSite=8037.00;EaseMyTrip=8025.00,8025.00,8037.00,12.00,0.001494,2,2,0,0,OBS02762;OBS02763
CELL::AMD|DEL|2026-10-22|Economy Flexi|T45(40-50)::ROUND::2026-09-06T20:15::FLT::IX|IX-340|06:30,CELL::AMD|DEL|2026-10-22|Economy Flexi|T45(40-50)::ROUND::2026-09-06T20:15,AMD,DEL,2026-10-22,Economy Flexi,T45(40-50),ROUND::2026-09-06T20:15,IX,IX-340,06:30,7983.50,2,Cleartrip;Goibibo,Cleartrip=8154.00;Goibibo=7813.00,7813.00,8154.00,341.00,0.042713,2,2,0,0,OBS02777;OBS02778
CELL::AMD|DEL|2026-10-22|Economy Saver|T45(40-50)::ROUND::2026-09-05T09:00::FLT::AI|AI-18|20:45,CELL::AMD|DEL|2026-10-22|Economy Saver|T45(40-50)::ROUND::2026-09-05T09:00,AMD,DEL,2026-10-22,Economy Saver,T45(40-50),ROUND::2026-09-05T09:00,AI,AI-18,20:45,5120.00,2,AirlineSite;MMT,AirlineSite=5326.00;MMT=4914.00,4914.00,5326.00,412.00,0.080469,2,2,0,0,OBS00226;OBS00227
CELL::AMD|DEL|2026-10-22|Economy Saver|T45(40-50)::ROUND::2026-09-05T14:30::FLT::6E|6E-205|14:30,CELL::AMD|DEL|2026-10-22|Economy Saver|T45(40-50)::ROUND::2026-09-05T14:30,AMD,DEL,2026-10-22,Economy Saver,T45(40-50),ROUND::2026-09-05T14:30,6E,6E-205,14:30,5062.00,1,AirlineSite,AirlineSite=5062.00,5062.00,5062.00,0.00,0.000000,1,1,0,0,OBS00714
CELL::AMD|DEL|2026-10-22|Economy Saver|T45(40-50)::ROUND::2026-09-05T20:15::FLT::6E|6E-205|14:30,CELL::AMD|DEL|2026-10-22|Economy Saver|T45(40-50)::ROUND::2026-09-05T20:15,AMD,DEL,2026-10-22,Economy Saver,T45(40-50),ROUND::2026-09-05T20:15,6E,6E-205,14:30,5194.00,1,MMT,MMT=5194.00,5194.00,5194.00,0.00,0.000000,1,1,0,0,OBS01230
CELL::AMD|DEL|2026-10-22|Economy Saver|T45(40-50)::ROUND::2026-09-05T20:15::FLT::AI|AI-18|20:45,CELL::AMD|DEL|2026-10-22|Economy Saver|T45(40-50)::ROUND::2026-09-05T20:15,AMD,DEL,2026-10-22,Economy Saver,T45(40-50),ROUND::2026-09-05T20:15,AI,AI-18,20:45,5174.00,1,EaseMyTrip,EaseMyTrip=5174.00,5174.00,5174.00,0.00,0.000000,1,1,0,0,OBS01244
CELL::AMD|DEL|2026-10-22|Economy Saver|T45(40-50)::ROUND::2026-09-06T09:00::FLT::6E|6E-205|14:30,CELL::AMD|DEL|2026-10-22|Economy Saver|T45(40-50)::ROUND::2026-09-06T09:00,AMD,DEL,2026-10-22,Economy Saver,T45(40-50),ROUND::2026-09-06T09:00,6E,6E-205,14:30,5027.50,2,AirlineSite;MMT,AirlineSite=5037.00;MMT=5018.00,5018.00,5037.00,19.00,0.003779,2,2,0,0,OBS01750;OBS01751
CELL::AMD|DEL|2026-10-22|Economy Saver|T45(40-50)::ROUND::2026-09-06T09:00::FLT::IX|IX-340|06:30,CELL::AMD|DEL|2026-10-22|Economy Saver|T45(40-50)::ROUND::2026-09-06T09:00,AMD,DEL,2026-10-22,Economy Saver,T45(40-50),ROUND::2026-09-06T09:00,IX,IX-340,06:30,5285.00,1,Goibibo,Goibibo=5285.00,5285.00,5285.00,0.00,0.000000,1,1,0,0,OBS01776
CELL::AMD|DEL|2026-10-22|Economy Saver|T45(40-50)::ROUND::2026-09-06T14:30::FLT::6E|6E-205|14:30,CELL::AMD|DEL|2026-10-22|Economy Saver|T45(40-50)::ROUND::2026-09-06T14:30,AMD,DEL,2026-10-22,Economy Saver,T45(40-50),ROUND::2026-09-06T14:30,6E,6E-205,14:30,5169.00,1,Cleartrip,Cleartrip=5169.00,5169.00,5169.00,0.00,0.000000,1,1,0,0,OBS02253
CELL::AMD|DEL|2026-10-22|Economy Saver|T45(40-50)::ROUND::2026-09-06T14:30::FLT::AI|AI-18|20:45,CELL::AMD|DEL|2026-10-22|Economy Saver|T45(40-50)::ROUND::2026-09-06T14:30,AMD,DEL,2026-10-22,Economy Saver,T45(40-50),ROUND::2026-09-06T14:30,AI,AI-18,20:45,5141.50,2,AirlineSite;Goibibo,AirlineSite=5146.00;Goibibo=5137.00,5137.00,5146.00,9.00,0.001750,2,2,0,0,OBS02264;OBS02265
CELL::AMD|DEL|2026-10-22|Economy Saver|T45(40-50)::ROUND::2026-09-06T14:30::FLT::IX|IX-340|06:30,CELL::AMD|DEL|2026-10-22|Economy Saver|T45(40-50)::ROUND::2026-09-06T14:30,AMD,DEL,2026-10-22,Economy Saver,T45(40-50),ROUND::2026-09-06T14:30,IX,IX-340,06:30,5336.00,1,Goibibo,Goibibo=5336.00,5336.00,5336.00,0.00,0.000000,1,1,0,0,OBS02279
CELL::AMD|DEL|2026-10-22|Economy Saver|T45(40-50)::ROUND::2026-09-06T20:15::FLT::6E|6E-205|14:30,CELL::AMD|DEL|2026-10-22|Economy Saver|T45(40-50)::ROUND::2026-09-06T20:15,AMD,DEL,2026-10-22,Economy Saver,T45(40-50),ROUND::2026-09-06T20:15,6E,6E-205,14:30,5253.50,2,Cleartrip;MMT,Cleartrip=5273.00;MMT=5234.00,5234.00,5273.00,39.00,0.007424,2,2,0,0,OBS02747;OBS02748
CELL::AMD|DEL|2026-10-22|Economy Standard|T45(40-50)::ROUND::2026-09-05T09:00::FLT::6E|6E-205|14:30,CELL::AMD|DEL|2026-10-22|Economy Standard|T45(40-50)::ROUND::2026-09-05T09:00,AMD,DEL,2026-10-22,Economy Standard,T45(40-50),ROUND::2026-09-05T09:00,6E,6E-205,14:30,6696.00,2,Cleartrip;Goibibo,Cleartrip=6611.00;Goibibo=6781.00,6611.00,6781.00,170.00,0.025388,2,2,0,0,OBS00214;OBS00215
CELL::AMD|DEL|2026-10-22|Economy Standard|T45(40-50)::ROUND::2026-09-05T09:00::FLT::IX|IX-340|06:30,CELL::AMD|DEL|2026-10-22|Economy Standard|T45(40-50)::ROUND::2026-09-05T09:00,AMD,DEL,2026-10-22,Economy Standard,T45(40-50),ROUND::2026-09-05T09:00,IX,IX-340,06:30,6834.00,1,Cleartrip,Cleartrip=6834.00,6834.00,6834.00,0.00,0.000000,1,1,0,0,OBS00240
CELL::AMD|DEL|2026-10-22|Economy Standard|T45(40-50)::ROUND::2026-09-05T14:30::FLT::IX|IX-340|06:30,CELL::AMD|DEL|2026-10-22|Economy Standard|T45(40-50)::ROUND::2026-09-05T14:30,AMD,DEL,2026-10-22,Economy Standard,T45(40-50),ROUND::2026-09-05T14:30,IX,IX-340,06:30,6704.00,1,EaseMyTrip,EaseMyTrip=6704.00,6704.00,6704.00,0.00,0.000000,1,1,0,0,OBS00734
CELL::AMD|DEL|2026-10-22|Economy Standard|T45(40-50)::ROUND::2026-09-05T20:15::FLT::6E|6E-205|14:30,CELL::AMD|DEL|2026-10-22|Economy Standard|T45(40-50)::ROUND::2026-09-05T20:15,AMD,DEL,2026-10-22,Economy Standard,T45(40-50),ROUND::2026-09-05T20:15,6E,6E-205,14:30,6699.00,1,Cleartrip,Cleartrip=6699.00,6699.00,6699.00,0.00,0.000000,1,1,0,0,OBS01231
CELL::AMD|DEL|2026-10-22|Economy Standard|T45(40-50)::ROUND::2026-09-05T20:15::FLT::AI|AI-18|20:45,CELL::AMD|DEL|2026-10-22|Economy Standard|T45(40-50)::ROUND::2026-09-05T20:15,AMD,DEL,2026-10-22,Economy Standard,T45(40-50),ROUND::2026-09-05T20:15,AI,AI-18,20:45,6357.00,2,Cleartrip;MMT,Cleartrip=6338.00;MMT=6376.00,6338.00,6376.00,38.00,0.005978,2,2,0,0,OBS01242;OBS01243
CELL::AMD|DEL|2026-10-22|Economy Standard|T45(40-50)::ROUND::2026-09-06T09:00::FLT::AI|AI-18|20:45,CELL::AMD|DEL|2026-10-22|Economy Standard|T45(40-50)::ROUND::2026-09-06T09:00,AMD,DEL,2026-10-22,Economy Standard,T45(40-50),ROUND::2026-09-06T09:00,AI,AI-18,20:45,6740.00,2,EaseMyTrip;Goibibo,EaseMyTrip=6662.00;Goibibo=6818.00,6662.00,6818.00,156.00,0.023145,2,2,0,0,OBS01764;OBS01765
CELL::AMD|DEL|2026-10-22|Economy Standard|T45(40-50)::ROUND::2026-09-06T09:00::FLT::IX|IX-340|06:30,CELL::AMD|DEL|2026-10-22|Economy Standard|T45(40-50)::ROUND::2026-09-06T09:00,AMD,DEL,2026-10-22,Economy Standard,T45(40-50),ROUND::2026-09-06T09:00,IX,IX-340,06:30,6716.00,1,EaseMyTrip,EaseMyTrip=6716.00,6716.00,6716.00,0.00,0.000000,1,1,0,0,OBS01775
CELL::AMD|DEL|2026-10-22|Economy Standard|T45(40-50)::ROUND::2026-09-06T14:30::FLT::IX|IX-340|06:30,CELL::AMD|DEL|2026-10-22|Economy Standard|T45(40-50)::ROUND::2026-09-06T14:30,AMD,DEL,2026-10-22,Economy Standard,T45(40-50),ROUND::2026-09-06T14:30,IX,IX-340,06:30,6376.00,1,EaseMyTrip,EaseMyTrip=6376.00,6376.00,6376.00,0.00,0.000000,1,1,0,0,OBS02278
CELL::AMD|DEL|2026-10-22|Economy Standard|T45(40-50)::ROUND::2026-09-06T20:15::FLT::AI|AI-18|20:45,CELL::AMD|DEL|2026-10-22|Economy Standard|T45(40-50)::ROUND::2026-09-06T20:15,AMD,DEL,2026-10-22,Economy Standard,T45(40-50),ROUND::2026-09-06T20:15,AI,AI-18,20:45,6687.00,1,Cleartrip,Cleartrip=6687.00,6687.00,6687.00,0.00,0.000000,1,1,0,0,OBS02764
CELL::BLR|BOM|2026-09-07|Economy Flexi|T1(0-2)::ROUND::2026-09-05T14:30::FLT::6E|6E-442|06:30,CELL::BLR|BOM|2026-09-07|Economy Flexi|T1(0-2)::ROUND::2026-09-05T14:30,BLR,BOM,2026-09-07,Economy Flexi,T1(0-2),ROUND::2026-09-05T14:30,6E,6E-442,06:30,11717.00,1,Goibibo,Goibibo=11717.00,11717.00,11717.00,0.00,0.000000,1,1,0,0,OBS00579
CELL::BLR|BOM|2026-09-07|Economy Flexi|T1(0-2)::ROUND::2026-09-05T20:15::FLT::6E|6E-442|06:30,CELL::BLR|BOM|2026-09-07|Economy Flexi|T1(0-2)::ROUND::2026-09-05T20:15,BLR,BOM,2026-09-07,Economy Flexi,T1(0-2),ROUND::2026-09-05T20:15,6E,6E-442,06:30,11373.00,2,AirlineSite;Goibibo,AirlineSite=11680.00;Goibibo=11066.00,11066.00,11680.00,614.00,0.053988,2,2,0,0,OBS01079;OBS01080
CELL::BLR|BOM|2026-09-07|Economy Flexi|T1(0-2)::ROUND::2026-09-05T20:15::FLT::AI|AI-610|15:45,CELL::BLR|BOM|2026-09-07|Economy Flexi|T1(0-2)::ROUND::2026-09-05T20:15,BLR,BOM,2026-09-07,Economy Flexi,T1(0-2),ROUND::2026-09-05T20:15,AI,AI-610,15:45,11818.00,1,Cleartrip,Cleartrip=11818.00,11818.00,11818.00,0.00,0.000000,1,1,0,0,OBS01094
CELL::BLR|BOM|2026-09-07|Economy Flexi|T1(0-2)::ROUND::2026-09-05T20:15::FLT::QP|QP-1304|05:00,CELL::BLR|BOM|2026-09-07|Economy Flexi|T1(0-2)::ROUND::2026-09-05T20:15,BLR,BOM,2026-09-07,Economy Flexi,T1(0-2),ROUND::2026-09-05T20:15,QP,QP-1304,05:00,11767.00,1,MMT,MMT=11767.00,11767.00,11767.00,0.00,0.000000,1,1,0,0,OBS01100
CELL::BLR|BOM|2026-09-07|Economy Flexi|T1(0-2)::ROUND::2026-09-06T09:00::FLT::QP|QP-1304|05:00,CELL::BLR|BOM|2026-09-07|Economy Flexi|T1(0-2)::ROUND::2026-09-06T09:00,BLR,BOM,2026-09-07,Economy Flexi,T1(0-2),ROUND::2026-09-06T09:00,QP,QP-1304,05:00,12325.00,1,MMT,MMT=12325.00,12325.00,12325.00,0.00,0.000000,1,1,0,0,OBS01627
CELL::BLR|BOM|2026-09-07|Economy Flexi|T1(0-2)::ROUND::2026-09-06T14:30::FLT::AI|AI-610|15:45,CELL::BLR|BOM|2026-09-07|Economy Flexi|T1(0-2)::ROUND::2026-09-06T14:30,BLR,BOM,2026-09-07,Economy Flexi,T1(0-2),ROUND::2026-09-06T14:30,AI,AI-610,15:45,12053.00,1,AirlineSite,AirlineSite=12053.00,12053.00,12053.00,0.00,0.000000,1,1,0,0,OBS02112
CELL::BLR|BOM|2026-09-07|Economy Flexi|T1(0-2)::ROUND::2026-09-06T14:30::FLT::QP|QP-1304|05:00,CELL::BLR|BOM|2026-09-07|Economy Flexi|T1(0-2)::ROUND::2026-09-06T14:30,BLR,BOM,2026-09-07,Economy Flexi,T1(0-2),ROUND::2026-09-06T14:30,QP,QP-1304,05:00,11813.00,2,AirlineSite;Goibibo,AirlineSite=11356.00;Goibibo=12270.00,11356.00,12270.00,914.00,0.077372,2,2,0,0,OBS02123;OBS02124
CELL::BLR|BOM|2026-09-07|Economy Flexi|T1(0-2)::ROUND::2026-09-06T20:15::FLT::AI|AI-610|15:45,CELL::BLR|BOM|2026-09-07|Economy Flexi|T1(0-2)::ROUND::2026-09-06T20:15,BLR,BOM,2026-09-07,Economy Flexi,T1(0-2),ROUND::2026-09-06T20:15,AI,AI-610,15:45,11817.00,1,MMT,MMT=11817.00,11817.00,11817.00,0.00,0.000000,1,1,0,0,OBS02615
CELL::BLR|BOM|2026-09-07|Economy Saver|T1(0-2)::ROUND::2026-09-05T14:30::FLT::6E|6E-442|06:30,CELL::BLR|BOM|2026-09-07|Economy Saver|T1(0-2)::ROUND::2026-09-05T14:30,BLR,BOM,2026-09-07,Economy Saver,T1(0-2),ROUND::2026-09-05T14:30,6E,6E-442,06:30,7663.00,1,AirlineSite,AirlineSite=7663.00,7663.00,7663.00,0.00,0.000000,1,1,0,0,OBS00580
CELL::BLR|BOM|2026-09-07|Economy Saver|T1(0-2)::ROUND::2026-09-05T14:30::FLT::QP|QP-1304|05:00,CELL::BLR|BOM|2026-09-07|Economy Saver|T1(0-2)::ROUND::2026-09-05T14:30,BLR,BOM,2026-09-07,Economy Saver,T1(0-2),ROUND::2026-09-05T14:30,QP,QP-1304,05:00,7363.50,2,Cleartrip;EaseMyTrip,Cleartrip=7139.00;EaseMyTrip=7588.00,7139.00,7588.00,449.00,0.060976,2,2,0,0,OBS00598;OBS00599
CELL::BLR|BOM|2026-09-07|Economy Saver|T1(0-2)::ROUND::2026-09-05T20:15::FLT::QP|QP-1304|05:00,CELL::BLR|BOM|2026-09-07|Economy Saver|T1(0-2)::ROUND::2026-09-05T20:15,BLR,BOM,2026-09-07,Economy Saver,T1(0-2),ROUND::2026-09-05T20:15,QP,QP-1304,05:00,7195.00,1,Goibibo,Goibibo=7195.00,7195.00,7195.00,0.00,0.000000,1,1,0,0,OBS01101
CELL::BLR|BOM|2026-09-07|Economy Saver|T1(0-2)::ROUND::2026-09-06T09:00::FLT::AI|AI-610|15:45,CELL::BLR|BOM|2026-09-07|Economy Saver|T1(0-2)::ROUND::2026-09-06T09:00,BLR,BOM,2026-09-07,Economy Saver,T1(0-2),ROUND::2026-09-06T09:00,AI,AI-610,15:45,7289.00,2,Cleartrip;EaseMyTrip,Cleartrip=7419.00;EaseMyTrip=7159.00,7159.00,7419.00,260.00,0.035670,2,2,0,0,OBS01615;OBS01616
CELL::BLR|BOM|2026-09-07|Economy Saver|T1(0-2)::ROUND::2026-09-06T14:30::FLT::6E|6E-442|06:30,CELL::BLR|BOM|2026-09-07|Economy Saver|T1(0-2)::ROUND::2026-09-06T14:30,BLR,BOM,2026-09-07,Economy Saver,T1(0-2),ROUND::2026-09-06T14:30,6E,6E-442,06:30,7524.00,1,MMT,MMT=7524.00,7524.00,7524.00,0.00,0.000000,1,1,0,0,OBS02103
CELL::BLR|BOM|2026-09-07|Economy Saver|T1(0-2)::ROUND::2026-09-06T20:15::FLT::6E|6E-442|06:30,CELL::BLR|BOM|2026-09-07|Economy Saver|T1(0-2)::ROUND::2026-09-06T20:15,BLR,BOM,2026-09-07,Economy Saver,T1(0-2),ROUND::2026-09-06T20:15,6E,6E-442,06:30,7435.00,1,MMT,MMT=7435.00,7435.00,7435.00,0.00,0.000000,1,1,0,0,OBS02605
CELL::BLR|BOM|2026-09-07|Economy Saver|T1(0-2)::ROUND::2026-09-06T20:15::FLT::AI|AI-610|15:45,CELL::BLR|BOM|2026-09-07|Economy Saver|T1(0-2)::ROUND::2026-09-06T20:15,BLR,BOM,2026-09-07,Economy Saver,T1(0-2),ROUND::2026-09-06T20:15,AI,AI-610,15:45,7484.00,1,Cleartrip,Cleartrip=7484.00,7484.00,7484.00,0.00,0.000000,1,1,0,0,OBS02616
CELL::BLR|BOM|2026-09-07|Economy Saver|T1(0-2)::ROUND::2026-09-06T20:15::FLT::QP|QP-1304|05:00,CELL::BLR|BOM|2026-09-07|Economy Saver|T1(0-2)::ROUND::2026-09-06T20:15,BLR,BOM,2026-09-07,Economy Saver,T1(0-2),ROUND::2026-09-06T20:15,QP,QP-1304,05:00,7356.00,2,EaseMyTrip;MMT,EaseMyTrip=7347.00;MMT=7365.00,7347.00,7365.00,18.00,0.002447,2,2,0,0,OBS02627;OBS02628
CELL::BLR|BOM|2026-09-07|Economy Standard|T1(0-2)::ROUND::2026-09-05T09:00::FLT::6E|6E-442|06:30,CELL::BLR|BOM|2026-09-07|Economy Standard|T1(0-2)::ROUND::2026-09-05T09:00,BLR,BOM,2026-09-07,Economy Standard,T1(0-2),ROUND::2026-09-05T09:00,6E,6E-442,06:30,9254.00,1,AirlineSite,AirlineSite=9254.00,9254.00,9254.00,0.00,0.000000,1,1,0,0,OBS00066
CELL::BLR|BOM|2026-09-07|Economy Standard|T1(0-2)::ROUND::2026-09-05T09:00::FLT::AI|AI-610|15:45,CELL::BLR|BOM|2026-09-07|Economy Standard|T1(0-2)::ROUND::2026-09-05T09:00,BLR,BOM,2026-09-07,Economy Standard,T1(0-2),ROUND::2026-09-05T09:00,AI,AI-610,15:45,9091.00,1,Cleartrip,Cleartrip=9091.00,9091.00,9091.00,0.00,0.000000,1,1,0,0,OBS00077
CELL::BLR|BOM|2026-09-07|Economy Standard|T1(0-2)::ROUND::2026-09-05T09:00::FLT::QP|QP-1304|05:00,CELL::BLR|BOM|2026-09-07|Economy Standard|T1(0-2)::ROUND::2026-09-05T09:00,BLR,BOM,2026-09-07,Economy Standard,T1(0-2),ROUND::2026-09-05T09:00,QP,QP-1304,05:00,9452.00,1,Goibibo,Goibibo=9452.00,9452.00,9452.00,0.00,0.000000,1,1,0,0,OBS00088
CELL::BLR|BOM|2026-09-07|Economy Standard|T1(0-2)::ROUND::2026-09-05T14:30::FLT::AI|AI-610|15:45,CELL::BLR|BOM|2026-09-07|Economy Standard|T1(0-2)::ROUND::2026-09-05T14:30,BLR,BOM,2026-09-07,Economy Standard,T1(0-2),ROUND::2026-09-05T14:30,AI,AI-610,15:45,9902.00,1,AirlineSite,AirlineSite=9902.00,9902.00,9902.00,0.00,0.000000,1,1,0,0,OBS00590
CELL::BLR|BOM|2026-09-07|Economy Standard|T1(0-2)::ROUND::2026-09-05T20:15::FLT::AI|AI-610|15:45,CELL::BLR|BOM|2026-09-07|Economy Standard|T1(0-2)::ROUND::2026-09-05T20:15,BLR,BOM,2026-09-07,Economy Standard,T1(0-2),ROUND::2026-09-05T20:15,AI,AI-610,15:45,9354.00,2,EaseMyTrip;MMT,EaseMyTrip=9181.00;MMT=9527.00,9181.00,9527.00,346.00,0.036990,2,2,0,0,OBS01092;OBS01093
CELL::BLR|BOM|2026-09-07|Economy Standard|T1(0-2)::ROUND::2026-09-06T09:00::FLT::6E|6E-442|06:30,CELL::BLR|BOM|2026-09-07|Economy Standard|T1(0-2)::ROUND::2026-09-06T09:00,BLR,BOM,2026-09-07,Economy Standard,T1(0-2),ROUND::2026-09-06T09:00,6E,6E-442,06:30,9855.00,2,Cleartrip;MMT,Cleartrip=9894.00;MMT=9816.00,9816.00,9894.00,78.00,0.007915,2,2,0,0,OBS01603;OBS01604
CELL::BLR|BOM|2026-09-07|Economy Standard|T1(0-2)::ROUND::2026-09-06T14:30::FLT::AI|AI-610|15:45,CELL::BLR|BOM|2026-09-07|Economy Standard|T1(0-2)::ROUND::2026-09-06T14:30,BLR,BOM,2026-09-07,Economy Standard,T1(0-2),ROUND::2026-09-06T14:30,AI,AI-610,15:45,9782.00,1,AirlineSite,AirlineSite=9782.00,9782.00,9782.00,0.00,0.000000,1,1,0,0,OBS02113
CELL::BLR|BOM|2026-09-07|Economy Standard|T1(0-2)::ROUND::2026-09-06T20:15::FLT::6E|6E-442|06:30,CELL::BLR|BOM|2026-09-07|Economy Standard|T1(0-2)::ROUND::2026-09-06T20:15,BLR,BOM,2026-09-07,Economy Standard,T1(0-2),ROUND::2026-09-06T20:15,6E,6E-442,06:30,9398.00,2,EaseMyTrip;Goibibo,EaseMyTrip=9270.00;Goibibo=9526.00,9270.00,9526.00,256.00,0.027240,2,2,0,0,OBS02603;OBS02604
CELL::BLR|BOM|2026-09-13|Economy Flexi|T7(5-9)::ROUND::2026-09-05T09:00::FLT::6E|6E-442|06:30,CELL::BLR|BOM|2026-09-13|Economy Flexi|T7(5-9)::ROUND::2026-09-05T09:00,BLR,BOM,2026-09-13,Economy Flexi,T7(5-9),ROUND::2026-09-05T09:00,6E,6E-442,06:30,10715.00,1,MMT,MMT=10715.00,10715.00,10715.00,0.00,0.000000,1,1,0,0,OBS00068
CELL::BLR|BOM|2026-09-13|Economy Flexi|T7(5-9)::ROUND::2026-09-05T09:00::FLT::AI|AI-610|15:45,CELL::BLR|BOM|2026-09-13|Economy Flexi|T7(5-9)::ROUND::2026-09-05T09:00,BLR,BOM,2026-09-13,Economy Flexi,T7(5-9),ROUND::2026-09-05T09:00,AI,AI-610,15:45,10306.00,1,Cleartrip,Cleartrip=10306.00,10306.00,10306.00,0.00,0.000000,1,1,0,0,OBS00078
CELL::BLR|BOM|2026-09-13|Economy Flexi|T7(5-9)::ROUND::2026-09-05T09:00::FLT::QP|QP-1304|05:00,CELL::BLR|BOM|2026-09-13|Economy Flexi|T7(5-9)::ROUND::2026-09-05T09:00,BLR,BOM,2026-09-13,Economy Flexi,T7(5-9),ROUND::2026-09-05T09:00,QP,QP-1304,05:00,10394.50,2,EaseMyTrip;Goibibo,EaseMyTrip=10723.00;Goibibo=10066.00,10066.00,10723.00,657.00,0.063207,2,2,0,0,OBS00089;OBS00090
CELL::BLR|BOM|2026-09-13|Economy Flexi|T7(5-9)::ROUND::2026-09-05T14:30::FLT::6E|6E-442|06:30,CELL::BLR|BOM|2026-09-13|Economy Flexi|T7(5-9)::ROUND::2026-09-05T14:30,BLR,BOM,2026-09-13,Economy Flexi,T7(5-9),ROUND::2026-09-05T14:30,6E,6E-442,06:30,10114.00,2,Cleartrip;Goibibo,Cleartrip=10158.00;Goibibo=10070.00,10070.00,10158.00,88.00,0.008701,2,2,0,0,OBS00581;OBS00582
CELL::BLR|BOM|2026-09-13|Economy Flexi|T7(5-9)::ROUND::2026-09-05T14:30::FLT::AI|AI-610|15:45,CELL::BLR|BOM|2026-09-13|Economy Flexi|T7(5-9)::ROUND::2026-09-05T14:30,BLR,BOM,2026-09-13,Economy Flexi,T7(5-9),ROUND::2026-09-05T14:30,AI,AI-610,15:45,10530.50,2,AirlineSite;Goibibo,AirlineSite=10493.00;Goibibo=10568.00,10493.00,10568.00,75.00,0.007122,2,2,0,0,OBS00591;OBS00592
CELL::BLR|BOM|2026-09-13|Economy Flexi|T7(5-9)::ROUND::2026-09-05T20:15::FLT::6E|6E-442|06:30,CELL::BLR|BOM|2026-09-13|Economy Flexi|T7(5-9)::ROUND::2026-09-05T20:15,BLR,BOM,2026-09-13,Economy Flexi,T7(5-9),ROUND::2026-09-05T20:15,6E,6E-442,06:30,10503.00,2,AirlineSite;Goibibo,AirlineSite=10898.00;Goibibo=10108.00,10108.00,10898.00,790.00,0.075217,2,2,0,0,OBS01083;OBS01084
CELL::BLR|BOM|2026-09-13|Economy Flexi|T7(5-9)::ROUND::2026-09-05T20:15::FLT::QP|QP-1304|05:00,CELL::BLR|BOM|2026-09-13|Economy Flexi|T7(5-9)::ROUND::2026-09-05T20:15,BLR,BOM,2026-09-13,Economy Flexi,T7(5-9),ROUND::2026-09-05T20:15,QP,QP-1304,05:00,10337.00,1,Goibibo,Goibibo=10337.00,10337.00,10337.00,0.00,0.000000,1,1,0,0,OBS01102
CELL::BLR|BOM|2026-09-13|Economy Flexi|T7(5-9)::ROUND::2026-09-06T09:00::FLT::6E|6E-442|06:30,CELL::BLR|BOM|2026-09-13|Economy Flexi|T7(5-9)::ROUND::2026-09-06T09:00,BLR,BOM,2026-09-13,Economy Flexi,T7(5-9),ROUND::2026-09-06T09:00,6E,6E-442,06:30,10549.50,2,AirlineSite;Goibibo,AirlineSite=10862.00;Goibibo=10237.00,10237.00,10862.00,625.00,0.059245,2,2,0,0,OBS01605;OBS01606
CELL::BLR|BOM|2026-09-13|Economy Flexi|T7(5-9)::ROUND::2026-09-06T09:00::FLT::AI|AI-610|15:45,CELL::BLR|BOM|2026-09-13|Economy Flexi|T7(5-9)::ROUND::2026-09-06T09:00,BLR,BOM,2026-09-13,Economy Flexi,T7(5-9),ROUND::2026-09-06T09:00,AI,AI-610,15:45,10609.50,2,AirlineSite;Cleartrip,AirlineSite=10944.00;Cleartrip=10275.00,10275.00,10944.00,669.00,0.063057,2,2,0,0,OBS01617;OBS01618
CELL::BLR|BOM|2026-09-13|Economy Flexi|T7(5-9)::ROUND::2026-09-06T09:00::FLT::QP|QP-1304|05:00,CELL::BLR|BOM|2026-09-13|Economy Flexi|T7(5-9)::ROUND::2026-09-06T09:00,BLR,BOM,2026-09-13,Economy Flexi,T7(5-9),ROUND::2026-09-06T09:00,QP,QP-1304,05:00,10525.00,1,Goibibo,Goibibo=10525.00,10525.00,10525.00,0.00,0.000000,1,1,0,0,OBS01628
CELL::BLR|BOM|2026-09-13|Economy Flexi|T7(5-9)::ROUND::2026-09-06T14:30::FLT::6E|6E-442|06:30,CELL::BLR|BOM|2026-09-13|Economy Flexi|T7(5-9)::ROUND::2026-09-06T14:30,BLR,BOM,2026-09-13,Economy Flexi,T7(5-9),ROUND::2026-09-06T14:30,6E,6E-442,06:30,10676.00,2,Cleartrip;MMT,Cleartrip=11109.00;MMT=10243.00,10243.00,11109.00,866.00,0.081117,2,2,0,0,OBS02104;OBS02105
CELL::BLR|BOM|2026-09-13|Economy Flexi|T7(5-9)::ROUND::2026-09-06T20:15::FLT::QP|QP-1304|05:00,CELL::BLR|BOM|2026-09-13|Economy Flexi|T7(5-9)::ROUND::2026-09-06T20:15,BLR,BOM,2026-09-13,Economy Flexi,T7(5-9),ROUND::2026-09-06T20:15,QP,QP-1304,05:00,10764.00,1,MMT,MMT=10764.00,10764.00,10764.00,0.00,0.000000,1,1,0,0,OBS02629
CELL::BLR|BOM|2026-09-13|Economy Saver|T7(5-9)::ROUND::2026-09-05T09:00::FLT::6E|6E-442|06:30,CELL::BLR|BOM|2026-09-13|Economy Saver|T7(5-9)::ROUND::2026-09-05T09:00,BLR,BOM,2026-09-13,Economy Saver,T7(5-9),ROUND::2026-09-05T09:00,6E,6E-442,06:30,6868.00,1,Cleartrip,Cleartrip=6868.00,6868.00,6868.00,0.00,0.000000,1,1,0,0,OBS00067
CELL::BLR|BOM|2026-09-13|Economy Saver|T7(5-9)::ROUND::2026-09-05T14:30::FLT::QP|QP-1304|05:00,CELL::BLR|BOM|2026-09-13|Economy Saver|T7(5-9)::ROUND::2026-09-05T14:30,BLR,BOM,2026-09-13,Economy Saver,T7(5-9),ROUND::2026-09-05T14:30,QP,QP-1304,05:00,6758.50,2,Cleartrip;Goibibo,Cleartrip=6844.00;Goibibo=6673.00,6673.00,6844.00,171.00,0.025301,2,2,0,0,OBS00600;OBS00601
CELL::BLR|BOM|2026-09-13|Economy Saver|T7(5-9)::ROUND::2026-09-05T20:15::FLT::6E|6E-442|06:30,CELL::BLR|BOM|2026-09-13|Economy Saver|T7(5-9)::ROUND::2026-09-05T20:15,BLR,BOM,2026-09-13,Economy Saver,T7(5-9),ROUND::2026-09-05T20:15,6E,6E-442,06:30,6965.50,2,Goibibo;MMT,Goibibo=7017.00;MMT=6914.00,6914.00,7017.00,103.00,0.014787,2,2,0,0,OBS01081;OBS01082
CELL::BLR|BOM|2026-09-13|Economy Saver|T7(5-9)::ROUND::2026-09-06T09:00::FLT::6E|6E-442|06:30,CELL::BLR|BOM|2026-09-13|Economy Saver|T7(5-9)::ROUND::2026-09-06T09:00,BLR,BOM,2026-09-13,Economy Saver,T7(5-9),ROUND::2026-09-06T09:00,6E,6E-442,06:30,6703.00,1,AirlineSite,AirlineSite=6703.00,6703.00,6703.00,0.00,0.000000,1,1,0,0,OBS01607
CELL::BLR|BOM|2026-09-13|Economy Saver|T7(5-9)::ROUND::2026-09-06T14:30::FLT::QP|QP-1304|05:00,CELL::BLR|BOM|2026-09-13|Economy Saver|T7(5-9)::ROUND::2026-09-06T14:30,BLR,BOM,2026-09-13,Economy Saver,T7(5-9),ROUND::2026-09-06T14:30,QP,QP-1304,05:00,6756.00,2,Cleartrip;MMT,Cleartrip=7047.00;MMT=6465.00,6465.00,7047.00,582.00,0.086146,2,2,0,0,OBS02127;OBS02128
CELL::BLR|BOM|2026-09-13|Economy Saver|T7(5-9)::ROUND::2026-09-06T20:15::FLT::6E|6E-442|06:30,CELL::BLR|BOM|2026-09-13|Economy Saver|T7(5-9)::ROUND::2026-09-06T20:15,BLR,BOM,2026-09-13,Economy Saver,T7(5-9),ROUND::2026-09-06T20:15,6E,6E-442,06:30,6626.00,2,Cleartrip;MMT,Cleartrip=6785.00;MMT=6467.00,6467.00,6785.00,318.00,0.047993,2,2,0,0,OBS02606;OBS02607
CELL::BLR|BOM|2026-09-13|Economy Saver|T7(5-9)::ROUND::2026-09-06T20:15::FLT::AI|AI-610|15:45,CELL::BLR|BOM|2026-09-13|Economy Saver|T7(5-9)::ROUND::2026-09-06T20:15,BLR,BOM,2026-09-13,Economy Saver,T7(5-9),ROUND::2026-09-06T20:15,AI,AI-610,15:45,6801.00,1,EaseMyTrip,EaseMyTrip=6801.00,6801.00,6801.00,0.00,0.000000,1,1,0,0,OBS02619
CELL::BLR|BOM|2026-09-13|Economy Standard|T7(5-9)::ROUND::2026-09-05T14:30::FLT::AI|AI-610|15:45,CELL::BLR|BOM|2026-09-13|Economy Standard|T7(5-9)::ROUND::2026-09-05T14:30,BLR,BOM,2026-09-13,Economy Standard,T7(5-9),ROUND::2026-09-05T14:30,AI,AI-610,15:45,8138.00,1,Cleartrip,Cleartrip=8138.00,8138.00,8138.00,0.00,0.000000,1,1,0,0,OBS00593
CELL::BLR|BOM|2026-09-13|Economy Standard|T7(5-9)::ROUND::2026-09-05T14:30::FLT::QP|QP-1304|12:00,CELL::BLR|BOM|2026-09-13|Economy Standard|T7(5-9)::ROUND::2026-09-05T14:30,BLR,BOM,2026-09-13,Economy Standard,T7(5-9),ROUND::2026-09-05T14:30,QP,QP-1304,12:00,8169.00,1,Cleartrip,Cleartrip=8169.00,8169.00,8169.00,0.00,0.000000,1,1,0,0,OBS02987
CELL::BLR|BOM|2026-09-13|Economy Standard|T7(5-9)::ROUND::2026-09-05T20:15::FLT::AI|AI-610|15:45,CELL::BLR|BOM|2026-09-13|Economy Standard|T7(5-9)::ROUND::2026-09-05T20:15,BLR,BOM,2026-09-13,Economy Standard,T7(5-9),ROUND::2026-09-05T20:15,AI,AI-610,15:45,8862.00,1,EaseMyTrip,EaseMyTrip=8862.00,8862.00,8862.00,0.00,0.000000,1,1,0,0,OBS01095
CELL::BLR|BOM|2026-09-13|Economy Standard|T7(5-9)::ROUND::2026-09-05T20:15::FLT::QP|QP-1304|05:00,CELL::BLR|BOM|2026-09-13|Economy Standard|T7(5-9)::ROUND::2026-09-05T20:15,BLR,BOM,2026-09-13,Economy Standard,T7(5-9),ROUND::2026-09-05T20:15,QP,QP-1304,05:00,8320.00,1,MMT,MMT=8320.00,8320.00,8320.00,0.00,0.000000,1,1,0,0,OBS01103
CELL::BLR|BOM|2026-09-13|Economy Standard|T7(5-9)::ROUND::2026-09-06T14:30::FLT::AI|AI-610|15:45,CELL::BLR|BOM|2026-09-13|Economy Standard|T7(5-9)::ROUND::2026-09-06T14:30,BLR,BOM,2026-09-13,Economy Standard,T7(5-9),ROUND::2026-09-06T14:30,AI,AI-610,15:45,8630.00,1,Goibibo,Goibibo=8630.00,8630.00,8630.00,0.00,0.000000,1,1,0,0,OBS02114
CELL::BLR|BOM|2026-09-13|Economy Standard|T7(5-9)::ROUND::2026-09-06T14:30::FLT::QP|QP-1304|05:00,CELL::BLR|BOM|2026-09-13|Economy Standard|T7(5-9)::ROUND::2026-09-06T14:30,BLR,BOM,2026-09-13,Economy Standard,T7(5-9),ROUND::2026-09-06T14:30,QP,QP-1304,05:00,8778.00,2,AirlineSite;MMT,AirlineSite=8731.00;MMT=8825.00,8731.00,8825.00,94.00,0.010709,2,2,0,0,OBS02125;OBS02126
CELL::BLR|BOM|2026-09-13|Economy Standard|T7(5-9)::ROUND::2026-09-06T20:15::FLT::AI|AI-610|15:45,CELL::BLR|BOM|2026-09-13|Economy Standard|T7(5-9)::ROUND::2026-09-06T20:15,BLR,BOM,2026-09-13,Economy Standard,T7(5-9),ROUND::2026-09-06T20:15,AI,AI-610,15:45,8871.50,2,Cleartrip;MMT,Cleartrip=9016.00;MMT=8727.00,8727.00,9016.00,289.00,0.032576,2,2,0,0,OBS02617;OBS02618
CELL::BLR|BOM|2026-09-13|Economy Standard|T7(5-9)::ROUND::2026-09-06T20:15::FLT::QP|QP-1304|05:00,CELL::BLR|BOM|2026-09-13|Economy Standard|T7(5-9)::ROUND::2026-09-06T20:15,BLR,BOM,2026-09-13,Economy Standard,T7(5-9),ROUND::2026-09-06T20:15,QP,QP-1304,05:00,8480.00,1,EaseMyTrip,EaseMyTrip=8480.00,8480.00,8480.00,0.00,0.000000,1,1,0,0,OBS02630
CELL::BLR|BOM|2026-09-21|Economy Flexi|T15(12-18)::ROUND::2026-09-05T09:00::FLT::6E|6E-442|06:30,CELL::BLR|BOM|2026-09-21|Economy Flexi|T15(12-18)::ROUND::2026-09-05T09:00,BLR,BOM,2026-09-21,Economy Flexi,T15(12-18),ROUND::2026-09-05T09:00,6E,6E-442,06:30,8873.00,2,EaseMyTrip;MMT,EaseMyTrip=8643.00;MMT=9103.00,8643.00,9103.00,460.00,0.051843,2,2,0,0,OBS00071;OBS00072
CELL::BLR|BOM|2026-09-21|Economy Flexi|T15(12-18)::ROUND::2026-09-05T09:00::FLT::AI|AI-610|15:45,CELL::BLR|BOM|2026-09-21|Economy Flexi|T15(12-18)::ROUND::2026-09-05T09:00,BLR,BOM,2026-09-21,Economy Flexi,T15(12-18),ROUND::2026-09-05T09:00,AI,AI-610,15:45,8832.50,2,Cleartrip;EaseMyTrip,Cleartrip=8719.00;EaseMyTrip=8946.00,8719.00,8946.00,227.00,0.025701,2,2,0,0,OBS00079;OBS00080
CELL::BLR|BOM|2026-09-21|Economy Flexi|T15(12-18)::ROUND::2026-09-05T09:00::FLT::QP|QP-1304|05:00,CELL::BLR|BOM|2026-09-21|Economy Flexi|T15(12-18)::ROUND::2026-09-05T09:00,BLR,BOM,2026-09-21,Economy Flexi,T15(12-18),ROUND::2026-09-05T09:00,QP,QP-1304,05:00,8931.00,2,EaseMyTrip;Goibibo,EaseMyTrip=8726.00;Goibibo=9136.00,8726.00,9136.00,410.00,0.045908,2,2,0,0,OBS00093;OBS00094
CELL::BLR|BOM|2026-09-21|Economy Flexi|T15(12-18)::ROUND::2026-09-05T14:30::FLT::6E|6E-442|06:30,CELL::BLR|BOM|2026-09-21|Economy Flexi|T15(12-18)::ROUND::2026-09-05T14:30,BLR,BOM,2026-09-21,Economy Flexi,T15(12-18),ROUND::2026-09-05T14:30,6E,6E-442,06:30,8720.50,2,AirlineSite;Cleartrip,AirlineSite=8600.00;Cleartrip=8841.00,8600.00,8841.00,241.00,0.027636,2,2,0,0,OBS00583;OBS00584
CELL::BLR|BOM|2026-09-21|Economy Flexi|T15(12-18)::ROUND::2026-09-05T14:30::FLT::AI|AI-610|15:45,CELL::BLR|BOM|2026-09-21|Economy Flexi|T15(12-18)::ROUND::2026-09-05T14:30,BLR,BOM,2026-09-21,Economy Flexi,T15(12-18),ROUND::2026-09-05T14:30,AI,AI-610,15:45,8820.00,2,AirlineSite;Goibibo,AirlineSite=8970.00;Goibibo=8670.00,8670.00,8970.00,300.00,0.034014,2,2,0,0,OBS00594;OBS00595
CELL::BLR|BOM|2026-09-21|Economy Flexi|T15(12-18)::ROUND::2026-09-05T20:15::FLT::AI|AI-610|15:45,CELL::BLR|BOM|2026-09-21|Economy Flexi|T15(12-18)::ROUND::2026-09-05T20:15,BLR,BOM,2026-09-21,Economy Flexi,T15(12-18),ROUND::2026-09-05T20:15,AI,AI-610,15:45,8616.00,1,MMT,MMT=8616.00,8616.00,8616.00,0.00,0.000000,1,1,0,0,OBS01096
CELL::BLR|BOM|2026-09-21|Economy Flexi|T15(12-18)::ROUND::2026-09-06T09:00::FLT::QP|QP-1304|05:00,CELL::BLR|BOM|2026-09-21|Economy Flexi|T15(12-18)::ROUND::2026-09-06T09:00,BLR,BOM,2026-09-21,Economy Flexi,T15(12-18),ROUND::2026-09-06T09:00,QP,QP-1304,05:00,8772.00,1,AirlineSite,AirlineSite=8772.00,8772.00,8772.00,0.00,0.000000,1,1,0,0,OBS01629
CELL::BLR|BOM|2026-09-21|Economy Flexi|T15(12-18)::ROUND::2026-09-06T14:30::FLT::QP|QP-1304|05:00,CELL::BLR|BOM|2026-09-21|Economy Flexi|T15(12-18)::ROUND::2026-09-06T14:30,BLR,BOM,2026-09-21,Economy Flexi,T15(12-18),ROUND::2026-09-06T14:30,QP,QP-1304,05:00,9058.50,2,AirlineSite;MMT,AirlineSite=9422.00;MMT=8695.00,8695.00,9422.00,727.00,0.080256,2,2,0,0,OBS02130;OBS02131
CELL::BLR|BOM|2026-09-21|Economy Flexi|T15(12-18)::ROUND::2026-09-06T20:15::FLT::AI|AI-610|15:45,CELL::BLR|BOM|2026-09-21|Economy Flexi|T15(12-18)::ROUND::2026-09-06T20:15,BLR,BOM,2026-09-21,Economy Flexi,T15(12-18),ROUND::2026-09-06T20:15,AI,AI-610,15:45,9048.00,1,Cleartrip,Cleartrip=9048.00,9048.00,9048.00,0.00,0.000000,1,1,0,0,OBS02622
CELL::BLR|BOM|2026-09-21|Economy Saver|T15(12-18)::ROUND::2026-09-05T09:00::FLT::6E|6E-442|06:30,CELL::BLR|BOM|2026-09-21|Economy Saver|T15(12-18)::ROUND::2026-09-05T09:00,BLR,BOM,2026-09-21,Economy Saver,T15(12-18),ROUND::2026-09-05T09:00,6E,6E-442,06:30,5510.50,2,Goibibo;MMT,Goibibo=5479.00;MMT=5542.00,5479.00,5542.00,63.00,0.011433,2,2,0,0,OBS00069;OBS00070
CELL::BLR|BOM|2026-09-21|Economy Saver|T15(12-18)::ROUND::2026-09-05T09:00::FLT::AI|AI-610|15:45,CELL::BLR|BOM|2026-09-21|Economy Saver|T15(12-18)::ROUND::2026-09-05T09:00,BLR,BOM,2026-09-21,Economy Saver,T15(12-18),ROUND::2026-09-05T09:00,AI,AI-610,15:45,5642.00,1,MMT,MMT=5642.00,5642.00,5642.00,0.00,0.000000,1,1,0,0,OBS00081
CELL::BLR|BOM|2026-09-21|Economy Saver|T15(12-18)::ROUND::2026-09-05T09:00::FLT::QP|QP-1304|05:00,CELL::BLR|BOM|2026-09-21|Economy Saver|T15(12-18)::ROUND::2026-09-05T09:00,BLR,BOM,2026-09-21,Economy Saver,T15(12-18),ROUND::2026-09-05T09:00,QP,QP-1304,05:00,5748.00,2,AirlineSite;MMT,AirlineSite=5834.00;MMT=5662.00,5662.00,5834.00,172.00,0.029923,2,2,0,0,OBS00091;OBS00092
CELL::BLR|BOM|2026-09-21|Economy Saver|T15(12-18)::ROUND::2026-09-05T20:15::FLT::6E|6E-442|06:30,CELL::BLR|BOM|2026-09-21|Economy Saver|T15(12-18)::ROUND::2026-09-05T20:15,BLR,BOM,2026-09-21,Economy Saver,T15(12-18),ROUND::2026-09-05T20:15,6E,6E-442,06:30,5580.00,1,EaseMyTrip,EaseMyTrip=5580.00,5580.00,5580.00,0.00,0.000000,1,1,0,0,OBS01085
CELL::BLR|BOM|2026-09-21|Economy Saver|T15(12-18)::ROUND::2026-09-06T09:00::FLT::6E|6E-442|06:30,CELL::BLR|BOM|2026-09-21|Economy Saver|T15(12-18)::ROUND::2026-09-06T09:00,BLR,BOM,2026-09-21,Economy Saver,T15(12-18),ROUND::2026-09-06T09:00,6E,6E-442,06:30,5910.00,1,Cleartrip,Cleartrip=5910.00,5910.00,5910.00,0.00,0.000000,1,1,0,0,OBS01608
CELL::BLR|BOM|2026-09-21|Economy Saver|T15(12-18)::ROUND::2026-09-06T09:00::FLT::AI|AI-610|15:45,CELL::BLR|BOM|2026-09-21|Economy Saver|T15(12-18)::ROUND::2026-09-06T09:00,BLR,BOM,2026-09-21,Economy Saver,T15(12-18),ROUND::2026-09-06T09:00,AI,AI-610,15:45,5745.00,2,AirlineSite;EaseMyTrip,AirlineSite=5785.00;EaseMyTrip=5705.00,5705.00,5785.00,80.00,0.013925,2,2,0,0,OBS01619;OBS01620
CELL::BLR|BOM|2026-09-21|Economy Saver|T15(12-18)::ROUND::2026-09-06T14:30::FLT::AI|AI-610|15:45,CELL::BLR|BOM|2026-09-21|Economy Saver|T15(12-18)::ROUND::2026-09-06T14:30,BLR,BOM,2026-09-21,Economy Saver,T15(12-18),ROUND::2026-09-06T14:30,AI,AI-610,15:45,6032.00,1,Goibibo,Goibibo=6032.00,6032.00,6032.00,0.00,0.000000,1,1,0,0,OBS02116
CELL::BLR|BOM|2026-09-21|Economy Saver|T15(12-18)::ROUND::2026-09-06T14:30::FLT::QP|QP-1304|05:00,CELL::BLR|BOM|2026-09-21|Economy Saver|T15(12-18)::ROUND::2026-09-06T14:30,BLR,BOM,2026-09-21,Economy Saver,T15(12-18),ROUND::2026-09-06T14:30,QP,QP-1304,05:00,5847.00,1,EaseMyTrip,EaseMyTrip=5847.00,5847.00,5847.00,0.00,0.000000,1,1,0,0,OBS02129
CELL::BLR|BOM|2026-09-21|Economy Saver|T15(12-18)::ROUND::2026-09-06T20:15::FLT::AI|AI-610|15:45,CELL::BLR|BOM|2026-09-21|Economy Saver|T15(12-18)::ROUND::2026-09-06T20:15,BLR,BOM,2026-09-21,Economy Saver,T15(12-18),ROUND::2026-09-06T20:15,AI,AI-610,15:45,5598.00,2,Cleartrip;MMT,Cleartrip=5608.00;MMT=5588.00,5588.00,5608.00,20.00,0.003573,2,2,0,0,OBS02620;OBS02621
CELL::BLR|BOM|2026-09-21|Economy Saver|T15(12-18)::ROUND::2026-09-06T20:15::FLT::QP|QP-1304|05:00,CELL::BLR|BOM|2026-09-21|Economy Saver|T15(12-18)::ROUND::2026-09-06T20:15,BLR,BOM,2026-09-21,Economy Saver,T15(12-18),ROUND::2026-09-06T20:15,QP,QP-1304,05:00,5691.50,2,AirlineSite;Goibibo,AirlineSite=5631.00;Goibibo=5752.00,5631.00,5752.00,121.00,0.021260,2,2,0,0,OBS02631;OBS02632
CELL::BLR|BOM|2026-09-21|Economy Standard|T15(12-18)::ROUND::2026-09-05T14:30::FLT::QP|QP-1304|05:00,CELL::BLR|BOM|2026-09-21|Economy Standard|T15(12-18)::ROUND::2026-09-05T14:30,BLR,BOM,2026-09-21,Economy Standard,T15(12-18),ROUND::2026-09-05T14:30,QP,QP-1304,05:00,6966.50,2,Cleartrip;EaseMyTrip,Cleartrip=6966.00;EaseMyTrip=6967.00,6966.00,6967.00,1.00,0.000144,2,2,0,0,OBS00602;OBS00603
CELL::BLR|BOM|2026-09-21|Economy Standard|T15(12-18)::ROUND::2026-09-05T20:15::FLT::QP|QP-1304|05:00,CELL::BLR|BOM|2026-09-21|Economy Standard|T15(12-18)::ROUND::2026-09-05T20:15,BLR,BOM,2026-09-21,Economy Standard,T15(12-18),ROUND::2026-09-05T20:15,QP,QP-1304,05:00,7196.50,2,EaseMyTrip;MMT,EaseMyTrip=7033.00;MMT=7360.00,7033.00,7360.00,327.00,0.045439,2,2,0,0,OBS01104;OBS01105
CELL::BLR|BOM|2026-09-21|Economy Standard|T15(12-18)::ROUND::2026-09-06T09:00::FLT::6E|6E-442|06:30,CELL::BLR|BOM|2026-09-21|Economy Standard|T15(12-18)::ROUND::2026-09-06T09:00,BLR,BOM,2026-09-21,Economy Standard,T15(12-18),ROUND::2026-09-06T09:00,6E,6E-442,06:30,7537.00,2,Cleartrip;Goibibo,Cleartrip=7518.00;Goibibo=7556.00,7518.00,7556.00,38.00,0.005042,2,2,0,0,OBS01609;OBS01610
CELL::BLR|BOM|2026-09-21|Economy Standard|T15(12-18)::ROUND::2026-09-06T14:30::FLT::6E|6E-442|06:30,CELL::BLR|BOM|2026-09-21|Economy Standard|T15(12-18)::ROUND::2026-09-06T14:30,BLR,BOM,2026-09-21,Economy Standard,T15(12-18),ROUND::2026-09-06T14:30,6E,6E-442,06:30,7647.00,2,AirlineSite;Cleartrip,AirlineSite=7725.00;Cleartrip=7569.00,7569.00,7725.00,156.00,0.020400,2,2,0,0,OBS02106;OBS02107
CELL::BLR|BOM|2026-09-21|Economy Standard|T15(12-18)::ROUND::2026-09-06T14:30::FLT::AI|AI-610|15:45,CELL::BLR|BOM|2026-09-21|Economy Standard|T15(12-18)::ROUND::2026-09-06T14:30,BLR,BOM,2026-09-21,Economy Standard,T15(12-18),ROUND::2026-09-06T14:30,AI,AI-610,15:45,7377.00,1,Goibibo,Goibibo=7377.00,7377.00,7377.00,0.00,0.000000,1,1,0,0,OBS02115
CELL::BLR|BOM|2026-09-21|Economy Standard|T15(12-18)::ROUND::2026-09-06T20:15::FLT::6E|6E-442|06:30,CELL::BLR|BOM|2026-09-21|Economy Standard|T15(12-18)::ROUND::2026-09-06T20:15,BLR,BOM,2026-09-21,Economy Standard,T15(12-18),ROUND::2026-09-06T20:15,6E,6E-442,06:30,7441.00,2,Cleartrip;Goibibo,Cleartrip=7299.00;Goibibo=7583.00,7299.00,7583.00,284.00,0.038167,2,2,0,0,OBS02608;OBS02609
CELL::BLR|BOM|2026-10-06|Economy Flexi|T30(25-35)::ROUND::2026-09-05T09:00::FLT::AI|AI-610|15:45,CELL::BLR|BOM|2026-10-06|Economy Flexi|T30(25-35)::ROUND::2026-09-05T09:00,BLR,BOM,2026-10-06,Economy Flexi,T30(25-35),ROUND::2026-09-05T09:00,AI,AI-610,15:45,7923.00,2,AirlineSite;Goibibo,AirlineSite=8012.00;Goibibo=7834.00,7834.00,8012.00,178.00,0.022466,2,2,0,0,OBS00082;OBS00083
CELL::BLR|BOM|2026-10-06|Economy Flexi|T30(25-35)::ROUND::2026-09-05T09:00::FLT::QP|QP-1304|05:00,CELL::BLR|BOM|2026-10-06|Economy Flexi|T30(25-35)::ROUND::2026-09-05T09:00,BLR,BOM,2026-10-06,Economy Flexi,T30(25-35),ROUND::2026-09-05T09:00,QP,QP-1304,05:00,7889.00,2,Cleartrip;MMT,Cleartrip=7809.00;MMT=7969.00,7809.00,7969.00,160.00,0.020281,2,2,0,0,OBS00096;OBS00097
CELL::BLR|BOM|2026-10-06|Economy Flexi|T30(25-35)::ROUND::2026-09-05T14:30::FLT::6E|6E-442|06:30,CELL::BLR|BOM|2026-10-06|Economy Flexi|T30(25-35)::ROUND::2026-09-05T14:30,BLR,BOM,2026-10-06,Economy Flexi,T30(25-35),ROUND::2026-09-05T14:30,6E,6E-442,06:30,7897.00,1,Goibibo,Goibibo=7897.00,7897.00,7897.00,0.00,0.000000,1,1,0,0,OBS00585
CELL::BLR|BOM|2026-10-06|Economy Flexi|T30(25-35)::ROUND::2026-09-05T14:30::FLT::QP|QP-1304|05:00,CELL::BLR|BOM|2026-10-06|Economy Flexi|T30(25-35)::ROUND::2026-09-05T14:30,BLR,BOM,2026-10-06,Economy Flexi,T30(25-35),ROUND::2026-09-05T14:30,QP,QP-1304,05:00,8024.00,1,AirlineSite,AirlineSite=8024.00,8024.00,8024.00,0.00,0.000000,1,1,0,0,OBS00605
CELL::BLR|BOM|2026-10-06|Economy Flexi|T30(25-35)::ROUND::2026-09-05T20:15::FLT::6E|6E-442|06:30,CELL::BLR|BOM|2026-10-06|Economy Flexi|T30(25-35)::ROUND::2026-09-05T20:15,BLR,BOM,2026-10-06,Economy Flexi,T30(25-35),ROUND::2026-09-05T20:15,6E,6E-442,06:30,8160.00,1,Cleartrip,Cleartrip=8160.00,8160.00,8160.00,0.00,0.000000,1,1,0,0,OBS01086
CELL::BLR|BOM|2026-10-06|Economy Flexi|T30(25-35)::ROUND::2026-09-05T20:15::FLT::QP|QP-1304|05:00,CELL::BLR|BOM|2026-10-06|Economy Flexi|T30(25-35)::ROUND::2026-09-05T20:15,BLR,BOM,2026-10-06,Economy Flexi,T30(25-35),ROUND::2026-09-05T20:15,QP,QP-1304,05:00,8011.00,2,Goibibo;MMT,Goibibo=8130.00;MMT=7892.00,7892.00,8130.00,238.00,0.029709,2,2,0,0,OBS01106;OBS01107
CELL::BLR|BOM|2026-10-06|Economy Flexi|T30(25-35)::ROUND::2026-09-06T09:00::FLT::6E|6E-442|06:30,CELL::BLR|BOM|2026-10-06|Economy Flexi|T30(25-35)::ROUND::2026-09-06T09:00,BLR,BOM,2026-10-06,Economy Flexi,T30(25-35),ROUND::2026-09-06T09:00,6E,6E-442,06:30,7932.00,1,MMT,MMT=7932.00,7932.00,7932.00,0.00,0.000000,1,1,0,0,OBS01612
CELL::BLR|BOM|2026-10-06|Economy Flexi|T30(25-35)::ROUND::2026-09-06T09:00::FLT::AI|AI-610|15:45,CELL::BLR|BOM|2026-10-06|Economy Flexi|T30(25-35)::ROUND::2026-09-06T09:00,BLR,BOM,2026-10-06,Economy Flexi,T30(25-35),ROUND::2026-09-06T09:00,AI,AI-610,15:45,8023.50,2,Goibibo;MMT,Goibibo=8301.00;MMT=7746.00,7746.00,8301.00,555.00,0.069172,2,2,0,0,OBS01622;OBS01623
CELL::BLR|BOM|2026-10-06|Economy Flexi|T30(25-35)::ROUND::2026-09-06T09:00::FLT::QP|QP-1304|05:00,CELL::BLR|BOM|2026-10-06|Economy Flexi|T30(25-35)::ROUND::2026-09-06T09:00,BLR,BOM,2026-10-06,Economy Flexi,T30(25-35),ROUND::2026-09-06T09:00,QP,QP-1304,05:00,7924.00,2,AirlineSite;Cleartrip,AirlineSite=7889.00;Cleartrip=7959.00,7889.00,7959.00,70.00,0.008834,2,2,0,0,OBS01630;OBS01631
CELL::BLR|BOM|2026-10-06|Economy Flexi|T30(25-35)::ROUND::2026-09-06T14:30::FLT::6E|6E-442|06:30,CELL::BLR|BOM|2026-10-06|Economy Flexi|T30(25-35)::ROUND::2026-09-06T14:30,BLR,BOM,2026-10-06,Economy Flexi,T30(25-35),ROUND::2026-09-06T14:30,6E,6E-442,06:30,7954.00,2,Cleartrip;Goibibo,Cleartrip=7958.00;Goibibo=7950.00,7950.00,7958.00,8.00,0.001006,2,2,0,0,OBS02108;OBS02109
CELL::BLR|BOM|2026-10-06|Economy Flexi|T30(25-35)::ROUND::2026-09-06T14:30::FLT::AI|AI-610|15:45,CELL::BLR|BOM|2026-10-06|Economy Flexi|T30(25-35)::ROUND::2026-09-06T14:30,BLR,BOM,2026-10-06,Economy Flexi,T30(25-35),ROUND::2026-09-06T14:30,AI,AI-610,15:45,7998.00,2,Cleartrip;EaseMyTrip,Cleartrip=7896.00;EaseMyTrip=8100.00,7896.00,8100.00,204.00,0.025506,2,2,0,0,OBS02118;OBS02119
CELL::BLR|BOM|2026-10-06|Economy Flexi|T30(25-35)::ROUND::2026-09-06T14:30::FLT::QP|QP-1304|05:00,CELL::BLR|BOM|2026-10-06|Economy Flexi|T30(25-35)::ROUND::2026-09-06T14:30,BLR,BOM,2026-10-06,Economy Flexi,T30(25-35),ROUND::2026-09-06T14:30,QP,QP-1304,05:00,8034.00,1,AirlineSite,AirlineSite=8034.00,8034.00,8034.00,0.00,0.000000,1,1,0,0,OBS02134
CELL::BLR|BOM|2026-10-06|Economy Flexi|T30(25-35)::ROUND::2026-09-06T20:15::FLT::6E|6E-442|06:30,CELL::BLR|BOM|2026-10-06|Economy Flexi|T30(25-35)::ROUND::2026-09-06T20:15,BLR,BOM,2026-10-06,Economy Flexi,T30(25-35),ROUND::2026-09-06T20:15,6E,6E-442,06:30,7982.00,1,MMT,MMT=7982.00,7982.00,7982.00,0.00,0.000000,1,1,0,0,OBS02610
CELL::BLR|BOM|2026-10-06|Economy Flexi|T30(25-35)::ROUND::2026-09-06T20:15::FLT::AI|AI-610|15:45,CELL::BLR|BOM|2026-10-06|Economy Flexi|T30(25-35)::ROUND::2026-09-06T20:15,BLR,BOM,2026-10-06,Economy Flexi,T30(25-35),ROUND::2026-09-06T20:15,AI,AI-610,15:45,7860.00,1,MMT,MMT=7860.00,7860.00,7860.00,0.00,0.000000,1,1,0,0,OBS02623
CELL::BLR|BOM|2026-10-06|Economy Saver|T30(25-35)::ROUND::2026-09-05T09:00::FLT::6E|6E-442|06:30,CELL::BLR|BOM|2026-10-06|Economy Saver|T30(25-35)::ROUND::2026-09-05T09:00,BLR,BOM,2026-10-06,Economy Saver,T30(25-35),ROUND::2026-09-05T09:00,6E,6E-442,06:30,5021.00,1,Goibibo,Goibibo=5021.00,5021.00,5021.00,0.00,0.000000,1,1,0,0,OBS00073
CELL::BLR|BOM|2026-10-06|Economy Saver|T30(25-35)::ROUND::2026-09-05T14:30::FLT::6E|6E-442|06:30,CELL::BLR|BOM|2026-10-06|Economy Saver|T30(25-35)::ROUND::2026-09-05T14:30,BLR,BOM,2026-10-06,Economy Saver,T30(25-35),ROUND::2026-09-05T14:30,6E,6E-442,06:30,5258.00,2,AirlineSite;EaseMyTrip,AirlineSite=5396.00;EaseMyTrip=5120.00,5120.00,5396.00,276.00,0.052491,2,2,0,0,OBS00586;OBS00587
CELL::BLR|BOM|2026-10-06|Economy Saver|T30(25-35)::ROUND::2026-09-05T14:30::FLT::AI|AI-610|15:45,CELL::BLR|BOM|2026-10-06|Economy Saver|T30(25-35)::ROUND::2026-09-05T14:30,BLR,BOM,2026-10-06,Economy Saver,T30(25-35),ROUND::2026-09-05T14:30,AI,AI-610,15:45,5016.00,1,Goibibo,Goibibo=5016.00,5016.00,5016.00,0.00,0.000000,1,1,0,0,OBS00596
CELL::BLR|BOM|2026-10-06|Economy Saver|T30(25-35)::ROUND::2026-09-05T14:30::FLT::QP|QP-1304|05:00,CELL::BLR|BOM|2026-10-06|Economy Saver|T30(25-35)::ROUND::2026-09-05T14:30,BLR,BOM,2026-10-06,Economy Saver,T30(25-35),ROUND::2026-09-05T14:30,QP,QP-1304,05:00,4859.00,1,EaseMyTrip,EaseMyTrip=4859.00,4859.00,4859.00,0.00,0.000000,1,1,0,0,OBS00604
CELL::BLR|BOM|2026-10-06|Economy Saver|T30(25-35)::ROUND::2026-09-05T20:15::FLT::6E|6E-442|06:30,CELL::BLR|BOM|2026-10-06|Economy Saver|T30(25-35)::ROUND::2026-09-05T20:15,BLR,BOM,2026-10-06,Economy Saver,T30(25-35),ROUND::2026-09-05T20:15,6E,6E-442,06:30,5301.50,2,Cleartrip;MMT,Cleartrip=5293.00;MMT=5310.00,5293.00,5310.00,17.00,0.003207,2,2,0,0,OBS01087;OBS01088
CELL::BLR|BOM|2026-10-06|Economy Saver|T30(25-35)::ROUND::2026-09-06T09:00::FLT::6E|6E-442|06:30,CELL::BLR|BOM|2026-10-06|Economy Saver|T30(25-35)::ROUND::2026-09-06T09:00,BLR,BOM,2026-10-06,Economy Saver,T30(25-35),ROUND::2026-09-06T09:00,6E,6E-442,06:30,5231.00,1,Goibibo,Goibibo=5231.00,5231.00,5231.00,0.00,0.000000,1,1,0,0,OBS01611
CELL::BLR|BOM|2026-10-06|Economy Saver|T30(25-35)::ROUND::2026-09-06T14:30::FLT::QP|QP-1304|05:00,CELL::BLR|BOM|2026-10-06|Economy Saver|T30(25-35)::ROUND::2026-09-06T14:30,BLR,BOM,2026-10-06,Economy Saver,T30(25-35),ROUND::2026-09-06T14:30,QP,QP-1304,05:00,5141.50,2,AirlineSite;Cleartrip,AirlineSite=5269.00;Cleartrip=5014.00,5014.00,5269.00,255.00,0.049596,2,2,0,0,OBS02132;OBS02133
CELL::BLR|BOM|2026-10-06|Economy Saver|T30(25-35)::ROUND::2026-09-06T20:15::FLT::6E|6E-442|06:30,CELL::BLR|BOM|2026-10-06|Economy Saver|T30(25-35)::ROUND::2026-09-06T20:15,BLR,BOM,2026-10-06,Economy Saver,T30(25-35),ROUND::2026-09-06T20:15,6E,6E-442,06:30,5187.00,1,Cleartrip,Cleartrip=5187.00,5187.00,5187.00,0.00,0.000000,1,1,0,0,OBS02611
CELL::BLR|BOM|2026-10-06|Economy Standard|T30(25-35)::ROUND::2026-09-05T09:00::FLT::QP|QP-1304|05:00,CELL::BLR|BOM|2026-10-06|Economy Standard|T30(25-35)::ROUND::2026-09-05T09:00,BLR,BOM,2026-10-06,Economy Standard,T30(25-35),ROUND::2026-09-05T09:00,QP,QP-1304,05:00,6806.00,1,Cleartrip,Cleartrip=6806.00,6806.00,6806.00,0.00,0.000000,1,1,0,0,OBS00095
CELL::BLR|BOM|2026-10-06|Economy Standard|T30(25-35)::ROUND::2026-09-05T20:15::FLT::AI|AI-610|15:45,CELL::BLR|BOM|2026-10-06|Economy Standard|T30(25-35)::ROUND::2026-09-05T20:15,BLR,BOM,2026-10-06,Economy Standard,T30(25-35),ROUND::2026-09-05T20:15,AI,AI-610,15:45,6441.50,2,Cleartrip;Goibibo,Cleartrip=6334.00;Goibibo=6549.00,6334.00,6549.00,215.00,0.033377,2,2,0,0,OBS01097;OBS01098
CELL::BLR|BOM|2026-10-06|Economy Standard|T30(25-35)::ROUND::2026-09-05T20:15::FLT::QP|QP-1304|05:00,CELL::BLR|BOM|2026-10-06|Economy Standard|T30(25-35)::ROUND::2026-09-05T20:15,BLR,BOM,2026-10-06,Economy Standard,T30(25-35),ROUND::2026-09-05T20:15,QP,QP-1304,05:00,6569.00,2,AirlineSite;Goibibo,AirlineSite=6509.00;Goibibo=6629.00,6509.00,6629.00,120.00,0.018268,2,2,0,0,OBS01108;OBS01109
CELL::BLR|BOM|2026-10-06|Economy Standard|T30(25-35)::ROUND::2026-09-06T09:00::FLT::AI|AI-610|15:45,CELL::BLR|BOM|2026-10-06|Economy Standard|T30(25-35)::ROUND::2026-09-06T09:00,BLR,BOM,2026-10-06,Economy Standard,T30(25-35),ROUND::2026-09-06T09:00,AI,AI-610,15:45,6619.00,1,MMT,MMT=6619.00,6619.00,6619.00,0.00,0.000000,1,1,0,0,OBS01621
CELL::BLR|BOM|2026-10-06|Economy Standard|T30(25-35)::ROUND::2026-09-06T14:30::FLT::6E|6E-442|06:30,CELL::BLR|BOM|2026-10-06|Economy Standard|T30(25-35)::ROUND::2026-09-06T14:30,BLR,BOM,2026-10-06,Economy Standard,T30(25-35),ROUND::2026-09-06T14:30,6E,6E-442,06:30,6560.00,1,MMT,MMT=6560.00,6560.00,6560.00,0.00,0.000000,1,1,0,0,OBS02110
CELL::BLR|BOM|2026-10-06|Economy Standard|T30(25-35)::ROUND::2026-09-06T14:30::FLT::AI|AI-610|15:45,CELL::BLR|BOM|2026-10-06|Economy Standard|T30(25-35)::ROUND::2026-09-06T14:30,BLR,BOM,2026-10-06,Economy Standard,T30(25-35),ROUND::2026-09-06T14:30,AI,AI-610,15:45,6815.00,1,Cleartrip,Cleartrip=6815.00,6815.00,6815.00,0.00,0.000000,1,1,0,0,OBS02117
CELL::BLR|BOM|2026-10-06|Economy Standard|T30(25-35)::ROUND::2026-09-06T20:15::FLT::QP|QP-1304|05:00,CELL::BLR|BOM|2026-10-06|Economy Standard|T30(25-35)::ROUND::2026-09-06T20:15,BLR,BOM,2026-10-06,Economy Standard,T30(25-35),ROUND::2026-09-06T20:15,QP,QP-1304,05:00,6290.00,1,Goibibo,Goibibo=6290.00,6290.00,6290.00,0.00,0.000000,1,1,0,0,OBS02633
CELL::BLR|BOM|2026-10-22|Economy Flexi|T45(40-50)::ROUND::2026-09-05T09:00::FLT::6E|6E-442|06:30,CELL::BLR|BOM|2026-10-22|Economy Flexi|T45(40-50)::ROUND::2026-09-05T09:00,BLR,BOM,2026-10-22,Economy Flexi,T45(40-50),ROUND::2026-09-05T09:00,6E,6E-442,06:30,8091.00,1,AirlineSite,AirlineSite=8091.00,8091.00,8091.00,0.00,0.000000,1,1,0,0,OBS00076
CELL::BLR|BOM|2026-10-22|Economy Flexi|T45(40-50)::ROUND::2026-09-05T09:00::FLT::AI|AI-610|15:45,CELL::BLR|BOM|2026-10-22|Economy Flexi|T45(40-50)::ROUND::2026-09-05T09:00,BLR,BOM,2026-10-22,Economy Flexi,T45(40-50),ROUND::2026-09-05T09:00,AI,AI-610,15:45,8172.00,2,AirlineSite;MMT,AirlineSite=8120.00;MMT=8224.00,8120.00,8224.00,104.00,0.012726,2,2,0,0,OBS00086;OBS00087
CELL::BLR|BOM|2026-10-22|Economy Flexi|T45(40-50)::ROUND::2026-09-05T09:00::FLT::QP|QP-1304|05:00,CELL::BLR|BOM|2026-10-22|Economy Flexi|T45(40-50)::ROUND::2026-09-05T09:00,BLR,BOM,2026-10-22,Economy Flexi,T45(40-50),ROUND::2026-09-05T09:00,QP,QP-1304,05:00,7777.00,1,MMT,MMT=7777.00,7777.00,7777.00,0.00,0.000000,1,1,0,0,OBS00098
CELL::BLR|BOM|2026-10-22|Economy Flexi|T45(40-50)::ROUND::2026-09-05T20:15::FLT::6E|6E-442|06:30,CELL::BLR|BOM|2026-10-22|Economy Flexi|T45(40-50)::ROUND::2026-09-05T20:15,BLR,BOM,2026-10-22,Economy Flexi,T45(40-50),ROUND::2026-09-05T20:15,6E,6E-442,06:30,7784.00,1,Goibibo,Goibibo=7784.00,7784.00,7784.00,0.00,0.000000,1,1,0,0,OBS01091
CELL::BLR|BOM|2026-10-22|Economy Flexi|T45(40-50)::ROUND::2026-09-05T20:15::FLT::QP|QP-1304|05:00,CELL::BLR|BOM|2026-10-22|Economy Flexi|T45(40-50)::ROUND::2026-09-05T20:15,BLR,BOM,2026-10-22,Economy Flexi,T45(40-50),ROUND::2026-09-05T20:15,QP,QP-1304,05:00,7891.50,2,AirlineSite;Goibibo,AirlineSite=7979.00;Goibibo=7804.00,7804.00,7979.00,175.00,0.022176,2,2,0,0,OBS01110;OBS01111
CELL::BLR|BOM|2026-10-22|Economy Flexi|T45(40-50)::ROUND::2026-09-06T09:00::FLT::6E|6E-442|06:30,CELL::BLR|BOM|2026-10-22|Economy Flexi|T45(40-50)::ROUND::2026-09-06T09:00,BLR,BOM,2026-10-22,Economy Flexi,T45(40-50),ROUND::2026-09-06T09:00,6E,6E-442,06:30,7867.00,2,AirlineSite;Goibibo,AirlineSite=7713.00;Goibibo=8021.00,7713.00,8021.00,308.00,0.039151,2,2,0,0,OBS01613;OBS01614
CELL::BLR|BOM|2026-10-22|Economy Flexi|T45(40-50)::ROUND::2026-09-06T14:30::FLT::6E|6E-442|06:30,CELL::BLR|BOM|2026-10-22|Economy Flexi|T45(40-50)::ROUND::2026-09-06T14:30,BLR,BOM,2026-10-22,Economy Flexi,T45(40-50),ROUND::2026-09-06T14:30,6E,6E-442,06:30,7966.00,1,EaseMyTrip,EaseMyTrip=7966.00,7966.00,7966.00,0.00,0.000000,1,1,0,0,OBS02111
CELL::BLR|BOM|2026-10-22|Economy Flexi|T45(40-50)::ROUND::2026-09-06T14:30::FLT::AI|AI-610|15:45,CELL::BLR|BOM|2026-10-22|Economy Flexi|T45(40-50)::ROUND::2026-09-06T14:30,BLR,BOM,2026-10-22,Economy Flexi,T45(40-50),ROUND::2026-09-06T14:30,AI,AI-610,15:45,8124.00,2,Cleartrip;MMT,Cleartrip=8403.00;MMT=7845.00,7845.00,8403.00,558.00,0.068685,2,2,0,0,OBS02121;OBS02122
CELL::BLR|BOM|2026-10-22|Economy Flexi|T45(40-50)::ROUND::2026-09-06T20:15::FLT::6E|6E-442|06:30,CELL::BLR|BOM|2026-10-22|Economy Flexi|T45(40-50)::ROUND::2026-09-06T20:15,BLR,BOM,2026-10-22,Economy Flexi,T45(40-50),ROUND::2026-09-06T20:15,6E,6E-442,06:30,8148.00,2,EaseMyTrip;Goibibo,EaseMyTrip=8176.00;Goibibo=8120.00,8120.00,8176.00,56.00,0.006873,2,2,0,0,OBS02612;OBS02613
CELL::BLR|BOM|2026-10-22|Economy Flexi|T45(40-50)::ROUND::2026-09-06T20:15::FLT::AI|AI-610|15:45,CELL::BLR|BOM|2026-10-22|Economy Flexi|T45(40-50)::ROUND::2026-09-06T20:15,BLR,BOM,2026-10-22,Economy Flexi,T45(40-50),ROUND::2026-09-06T20:15,AI,AI-610,15:45,8112.00,2,AirlineSite;EaseMyTrip,AirlineSite=8336.00;EaseMyTrip=7888.00,7888.00,8336.00,448.00,0.055227,2,2,0,0,OBS02624;OBS02625
CELL::BLR|BOM|2026-10-22|Economy Flexi|T45(40-50)::ROUND::2026-09-06T20:15::FLT::QP|QP-1304|05:00,CELL::BLR|BOM|2026-10-22|Economy Flexi|T45(40-50)::ROUND::2026-09-06T20:15,BLR,BOM,2026-10-22,Economy Flexi,T45(40-50),ROUND::2026-09-06T20:15,QP,QP-1304,05:00,8056.00,1,EaseMyTrip,EaseMyTrip=8056.00,8056.00,8056.00,0.00,0.000000,1,1,0,0,OBS02634
CELL::BLR|BOM|2026-10-22|Economy Saver|T45(40-50)::ROUND::2026-09-05T09:00::FLT::QP|QP-1304|05:00,CELL::BLR|BOM|2026-10-22|Economy Saver|T45(40-50)::ROUND::2026-09-05T09:00,BLR,BOM,2026-10-22,Economy Saver,T45(40-50),ROUND::2026-09-05T09:00,QP,QP-1304,05:00,5113.00,1,AirlineSite,AirlineSite=5113.00,5113.00,5113.00,0.00,0.000000,1,1,0,0,OBS00099
CELL::BLR|BOM|2026-10-22|Economy Saver|T45(40-50)::ROUND::2026-09-05T14:30::FLT::QP|QP-1304|05:00,CELL::BLR|BOM|2026-10-22|Economy Saver|T45(40-50)::ROUND::2026-09-05T14:30,BLR,BOM,2026-10-22,Economy Saver,T45(40-50),ROUND::2026-09-05T14:30,QP,QP-1304,05:00,5335.00,1,EaseMyTrip,EaseMyTrip=5335.00,5335.00,5335.00,0.00,0.000000,1,1,0,0,OBS00606
CELL::BLR|BOM|2026-10-22|Economy Saver|T45(40-50)::ROUND::2026-09-05T20:15::FLT::6E|6E-442|06:30,CELL::BLR|BOM|2026-10-22|Economy Saver|T45(40-50)::ROUND::2026-09-05T20:15,BLR,BOM,2026-10-22,Economy Saver,T45(40-50),ROUND::2026-09-05T20:15,6E,6E-442,06:30,5098.50,2,Goibibo;MMT,Goibibo=4981.00;MMT=5216.00,4981.00,5216.00,235.00,0.046092,2,2,0,0,OBS01089;OBS01090
CELL::BLR|BOM|2026-10-22|Economy Saver|T45(40-50)::ROUND::2026-09-05T20:15::FLT::AI|AI-610|15:45,CELL::BLR|BOM|2026-10-22|Economy Saver|T45(40-50)::ROUND::2026-09-05T20:15,BLR,BOM,2026-10-22,Economy Saver,T45(40-50),ROUND::2026-09-05T20:15,AI,AI-610,15:45,5335.00,1,AirlineSite,AirlineSite=5335.00,5335.00,5335.00,0.00,0.000000,1,1,0,0,OBS01099
CELL::BLR|BOM|2026-10-22|Economy Saver|T45(40-50)::ROUND::2026-09-06T09:00::FLT::AI|AI-610|15:45,CELL::BLR|BOM|2026-10-22|Economy Saver|T45(40-50)::ROUND::2026-09-06T09:00,BLR,BOM,2026-10-22,Economy Saver,T45(40-50),ROUND::2026-09-06T09:00,AI,AI-610,15:45,5191.00,1,AirlineSite,AirlineSite=5191.00,5191.00,5191.00,0.00,0.000000,1,1,0,0,OBS01626
CELL::BLR|BOM|2026-10-22|Economy Saver|T45(40-50)::ROUND::2026-09-06T09:00::FLT::QP|QP-1304|05:00,CELL::BLR|BOM|2026-10-22|Economy Saver|T45(40-50)::ROUND::2026-09-06T09:00,BLR,BOM,2026-10-22,Economy Saver,T45(40-50),ROUND::2026-09-06T09:00,QP,QP-1304,05:00,4979.00,1,Cleartrip,Cleartrip=4979.00,4979.00,4979.00,0.00,0.000000,1,1,0,0,OBS01634
CELL::BLR|BOM|2026-10-22|Economy Saver|T45(40-50)::ROUND::2026-09-06T14:30::FLT::AI|AI-610|15:45,CELL::BLR|BOM|2026-10-22|Economy Saver|T45(40-50)::ROUND::2026-09-06T14:30,BLR,BOM,2026-10-22,Economy Saver,T45(40-50),ROUND::2026-09-06T14:30,AI,AI-610,15:45,5350.00,1,MMT,MMT=5350.00,5350.00,5350.00,0.00,0.000000,1,1,0,0,OBS02120
CELL::BLR|BOM|2026-10-22|Economy Saver|T45(40-50)::ROUND::2026-09-06T14:30::FLT::QP|QP-1304|05:00,CELL::BLR|BOM|2026-10-22|Economy Saver|T45(40-50)::ROUND::2026-09-06T14:30,BLR,BOM,2026-10-22,Economy Saver,T45(40-50),ROUND::2026-09-06T14:30,QP,QP-1304,05:00,5008.00,1,Cleartrip,Cleartrip=5008.00,5008.00,5008.00,0.00,0.000000,1,1,0,0,OBS02135
CELL::BLR|BOM|2026-10-22|Economy Saver|T45(40-50)::ROUND::2026-09-06T20:15::FLT::6E|6E-442|06:30,CELL::BLR|BOM|2026-10-22|Economy Saver|T45(40-50)::ROUND::2026-09-06T20:15,BLR,BOM,2026-10-22,Economy Saver,T45(40-50),ROUND::2026-09-06T20:15,6E,6E-442,06:30,5083.00,1,EaseMyTrip,EaseMyTrip=5083.00,5083.00,5083.00,0.00,0.000000,1,1,0,0,OBS02614
CELL::BLR|BOM|2026-10-22|Economy Saver|T45(40-50)::ROUND::2026-09-06T20:15::FLT::AI|AI-610|15:45,CELL::BLR|BOM|2026-10-22|Economy Saver|T45(40-50)::ROUND::2026-09-06T20:15,BLR,BOM,2026-10-22,Economy Saver,T45(40-50),ROUND::2026-09-06T20:15,AI,AI-610,15:45,5180.00,1,AirlineSite,AirlineSite=5180.00,5180.00,5180.00,0.00,0.000000,1,1,0,0,OBS02626
CELL::BLR|BOM|2026-10-22|Economy Standard|T45(40-50)::ROUND::2026-09-05T09:00::FLT::6E|6E-442|06:30,CELL::BLR|BOM|2026-10-22|Economy Standard|T45(40-50)::ROUND::2026-09-05T09:00,BLR,BOM,2026-10-22,Economy Standard,T45(40-50),ROUND::2026-09-05T09:00,6E,6E-442,06:30,6603.00,2,AirlineSite;EaseMyTrip,AirlineSite=6826.00;EaseMyTrip=6380.00,6380.00,6826.00,446.00,0.067545,2,2,0,0,OBS00074;OBS00075
CELL::BLR|BOM|2026-10-22|Economy Standard|T45(40-50)::ROUND::2026-09-05T09:00::FLT::AI|AI-610|15:45,CELL::BLR|BOM|2026-10-22|Economy Standard|T45(40-50)::ROUND::2026-09-05T09:00,BLR,BOM,2026-10-22,Economy Standard,T45(40-50),ROUND::2026-09-05T09:00,AI,AI-610,15:45,6715.00,2,Goibibo;MMT,Goibibo=6687.00;MMT=6743.00,6687.00,6743.00,56.00,0.008340,2,2,0,0,OBS00084;OBS00085
CELL::BLR|BOM|2026-10-22|Economy Standard|T45(40-50)::ROUND::2026-09-05T14:30::FLT::6E|6E-442|06:30,CELL::BLR|BOM|2026-10-22|Economy Standard|T45(40-50)::ROUND::2026-09-05T14:30,BLR,BOM,2026-10-22,Economy Standard,T45(40-50),ROUND::2026-09-05T14:30,6E,6E-442,06:30,6465.50,2,Cleartrip;MMT,Cleartrip=6703.00;MMT=6228.00,6228.00,6703.00,475.00,0.073467,2,2,0,0,OBS00588;OBS00589
CELL::BLR|BOM|2026-10-22|Economy Standard|T45(40-50)::ROUND::2026-09-05T14:30::FLT::AI|AI-610|15:45,CELL::BLR|BOM|2026-10-22|Economy Standard|T45(40-50)::ROUND::2026-09-05T14:30,BLR,BOM,2026-10-22,Economy Standard,T45(40-50),ROUND::2026-09-05T14:30,AI,AI-610,15:45,6245.00,1,AirlineSite,AirlineSite=6245.00,6245.00,6245.00,0.00,0.000000,1,1,0,0,OBS00597
CELL::BLR|BOM|2026-10-22|Economy Standard|T45(40-50)::ROUND::2026-09-06T09:00::FLT::AI|AI-610|15:45,CELL::BLR|BOM|2026-10-22|Economy Standard|T45(40-50)::ROUND::2026-09-06T09:00,BLR,BOM,2026-10-22,Economy Standard,T45(40-50),ROUND::2026-09-06T09:00,AI,AI-610,15:45,6796.50,2,AirlineSite;Cleartrip,AirlineSite=6686.00;Cleartrip=6907.00,6686.00,6907.00,221.00,0.032517,2,2,0,0,OBS01624;OBS01625
CELL::BLR|BOM|2026-10-22|Economy Standard|T45(40-50)::ROUND::2026-09-06T09:00::FLT::QP|QP-1304|05:00,CELL::BLR|BOM|2026-10-22|Economy Standard|T45(40-50)::ROUND::2026-09-06T09:00,BLR,BOM,2026-10-22,Economy Standard,T45(40-50),ROUND::2026-09-06T09:00,QP,QP-1304,05:00,6375.00,2,AirlineSite;Cleartrip,AirlineSite=6460.00;Cleartrip=6290.00,6290.00,6460.00,170.00,0.026667,2,2,0,0,OBS01632;OBS01633
CELL::BLR|CCU|2026-09-07|Economy Flexi|T1(0-2)::ROUND::2026-09-05T09:00::FLT::6E|6E-904|09:45,CELL::BLR|CCU|2026-09-07|Economy Flexi|T1(0-2)::ROUND::2026-09-05T09:00,BLR,CCU,2026-09-07,Economy Flexi,T1(0-2),ROUND::2026-09-05T09:00,6E,6E-904,09:45,11250.00,1,AirlineSite,AirlineSite=11250.00,11250.00,11250.00,0.00,0.000000,1,1,0,0,OBS00304
CELL::BLR|CCU|2026-09-07|Economy Flexi|T1(0-2)::ROUND::2026-09-05T14:30::FLT::6E|6E-904|09:45,CELL::BLR|CCU|2026-09-07|Economy Flexi|T1(0-2)::ROUND::2026-09-05T14:30,BLR,CCU,2026-09-07,Economy Flexi,T1(0-2),ROUND::2026-09-05T14:30,6E,6E-904,09:45,11708.50,2,EaseMyTrip;MMT,EaseMyTrip=11300.00;MMT=12117.00,11300.00,12117.00,817.00,0.069778,2,2,0,0,OBS00808;OBS00809
CELL::BLR|CCU|2026-09-07|Economy Flexi|T1(0-2)::ROUND::2026-09-05T14:30::FLT::AI|AI-772|06:30,CELL::BLR|CCU|2026-09-07|Economy Flexi|T1(0-2)::ROUND::2026-09-05T14:30,BLR,CCU,2026-09-07,Economy Flexi,T1(0-2),ROUND::2026-09-05T14:30,AI,AI-772,06:30,12051.50,2,EaseMyTrip;Goibibo,EaseMyTrip=12032.00;Goibibo=12071.00,12032.00,12071.00,39.00,0.003236,2,2,0,0,OBS00820;OBS00821
CELL::BLR|CCU|2026-09-07|Economy Flexi|T1(0-2)::ROUND::2026-09-05T14:30::FLT::SG|SG-321|06:15,CELL::BLR|CCU|2026-09-07|Economy Flexi|T1(0-2)::ROUND::2026-09-05T14:30,BLR,CCU,2026-09-07,Economy Flexi,T1(0-2),ROUND::2026-09-05T14:30,SG,SG-321,06:15,11554.00,1,Cleartrip,Cleartrip=11554.00,11554.00,11554.00,0.00,0.000000,1,1,0,0,OBS00830
CELL::BLR|CCU|2026-09-07|Economy Flexi|T1(0-2)::ROUND::2026-09-05T20:15::FLT::6E|6E-904|09:45,CELL::BLR|CCU|2026-09-07|Economy Flexi|T1(0-2)::ROUND::2026-09-05T20:15,BLR,CCU,2026-09-07,Economy Flexi,T1(0-2),ROUND::2026-09-05T20:15,6E,6E-904,09:45,11935.00,1,EaseMyTrip,EaseMyTrip=11935.00,11935.00,11935.00,0.00,0.000000,1,1,0,0,OBS01319
CELL::BLR|CCU|2026-09-07|Economy Flexi|T1(0-2)::ROUND::2026-09-05T20:15::FLT::AI|AI-772|06:30,CELL::BLR|CCU|2026-09-07|Economy Flexi|T1(0-2)::ROUND::2026-09-05T20:15,BLR,CCU,2026-09-07,Economy Flexi,T1(0-2),ROUND::2026-09-05T20:15,AI,AI-772,06:30,11402.00,1,AirlineSite,AirlineSite=11402.00,11402.00,11402.00,0.00,0.000000,1,1,0,0,OBS01328
CELL::BLR|CCU|2026-09-07|Economy Flexi|T1(0-2)::ROUND::2026-09-06T09:00::FLT::6E|6E-904|09:45,CELL::BLR|CCU|2026-09-07|Economy Flexi|T1(0-2)::ROUND::2026-09-06T09:00,BLR,CCU,2026-09-07,Economy Flexi,T1(0-2),ROUND::2026-09-06T09:00,6E,6E-904,09:45,11727.00,1,Cleartrip,Cleartrip=11727.00,11727.00,11727.00,0.00,0.000000,1,1,0,0,OBS01850
CELL::BLR|CCU|2026-09-07|Economy Flexi|T1(0-2)::ROUND::2026-09-06T09:00::FLT::SG|SG-321|06:15,CELL::BLR|CCU|2026-09-07|Economy Flexi|T1(0-2)::ROUND::2026-09-06T09:00,BLR,CCU,2026-09-07,Economy Flexi,T1(0-2),ROUND::2026-09-06T09:00,SG,SG-321,06:15,11601.00,1,EaseMyTrip,EaseMyTrip=11601.00,11601.00,11601.00,0.00,0.000000,1,1,0,0,OBS01868
CELL::BLR|CCU|2026-09-07|Economy Flexi|T1(0-2)::ROUND::2026-09-06T14:30::FLT::6E|6E-904|09:45,CELL::BLR|CCU|2026-09-07|Economy Flexi|T1(0-2)::ROUND::2026-09-06T14:30,BLR,CCU,2026-09-07,Economy Flexi,T1(0-2),ROUND::2026-09-06T14:30,6E,6E-904,09:45,11952.00,1,EaseMyTrip,EaseMyTrip=11952.00,11952.00,11952.00,0.00,0.000000,1,1,0,0,OBS02345
CELL::BLR|CCU|2026-09-07|Economy Flexi|T1(0-2)::ROUND::2026-09-06T14:30::FLT::SG|SG-321|06:15,CELL::BLR|CCU|2026-09-07|Economy Flexi|T1(0-2)::ROUND::2026-09-06T14:30,BLR,CCU,2026-09-07,Economy Flexi,T1(0-2),ROUND::2026-09-06T14:30,SG,SG-321,06:15,11767.00,2,EaseMyTrip;MMT,EaseMyTrip=11399.00;MMT=12135.00,11399.00,12135.00,736.00,0.062548,2,2,0,0,OBS02367;OBS02368
CELL::BLR|CCU|2026-09-07|Economy Flexi|T1(0-2)::ROUND::2026-09-06T20:15::FLT::6E|6E-904|09:45,CELL::BLR|CCU|2026-09-07|Economy Flexi|T1(0-2)::ROUND::2026-09-06T20:15,BLR,CCU,2026-09-07,Economy Flexi,T1(0-2),ROUND::2026-09-06T20:15,6E,6E-904,09:45,11252.50,2,AirlineSite;Goibibo,AirlineSite=11296.00;Goibibo=11209.00,11209.00,11296.00,87.00,0.007732,2,2,0,0,OBS02849;OBS02850
CELL::BLR|CCU|2026-09-07|Economy Flexi|T1(0-2)::ROUND::2026-09-06T20:15::FLT::SG|SG-321|06:15,CELL::BLR|CCU|2026-09-07|Economy Flexi|T1(0-2)::ROUND::2026-09-06T20:15,BLR,CCU,2026-09-07,Economy Flexi,T1(0-2),ROUND::2026-09-06T20:15,SG,SG-321,06:15,12284.00,1,Goibibo,Goibibo=12284.00,12284.00,12284.00,0.00,0.000000,1,1,0,0,OBS02873
CELL::BLR|CCU|2026-09-07|Economy Saver|T1(0-2)::ROUND::2026-09-05T09:00::FLT::6E|6E-904|09:45,CELL::BLR|CCU|2026-09-07|Economy Saver|T1(0-2)::ROUND::2026-09-05T09:00,BLR,CCU,2026-09-07,Economy Saver,T1(0-2),ROUND::2026-09-05T09:00,6E,6E-904,09:45,7141.00,2,AirlineSite;Cleartrip,AirlineSite=7169.00;Cleartrip=7113.00,7113.00,7169.00,56.00,0.007842,2,2,0,0,OBS00305;OBS00306
CELL::BLR|CCU|2026-09-07|Economy Saver|T1(0-2)::ROUND::2026-09-05T09:00::FLT::AI|AI-772|06:30,CELL::BLR|CCU|2026-09-07|Economy Saver|T1(0-2)::ROUND::2026-09-05T09:00,BLR,CCU,2026-09-07,Economy Saver,T1(0-2),ROUND::2026-09-05T09:00,AI,AI-772,06:30,7276.00,1,AirlineSite,AirlineSite=7276.00,7276.00,7276.00,0.00,0.000000,1,1,0,0,OBS00318
CELL::BLR|CCU|2026-09-07|Economy Saver|T1(0-2)::ROUND::2026-09-05T09:00::FLT::SG|SG-321|06:15,CELL::BLR|CCU|2026-09-07|Economy Saver|T1(0-2)::ROUND::2026-09-05T09:00,BLR,CCU,2026-09-07,Economy Saver,T1(0-2),ROUND::2026-09-05T09:00,SG,SG-321,06:15,7597.50,2,Cleartrip;Goibibo,Cleartrip=7681.00;Goibibo=7514.00,7514.00,7681.00,167.00,0.021981,2,2,0,0,OBS00332;OBS00333
CELL::BLR|CCU|2026-09-07|Economy Saver|T1(0-2)::ROUND::2026-09-05T14:30::FLT::AI|AI-772|06:30,CELL::BLR|CCU|2026-09-07|Economy Saver|T1(0-2)::ROUND::2026-09-05T14:30,BLR,CCU,2026-09-07,Economy Saver,T1(0-2),ROUND::2026-09-05T14:30,AI,AI-772,06:30,7225.00,1,Cleartrip,Cleartrip=7225.00,7225.00,7225.00,0.00,0.000000,1,1,0,0,OBS00822
CELL::BLR|CCU|2026-09-07|Economy Saver|T1(0-2)::ROUND::2026-09-05T20:15::FLT::SG|SG-321|06:15,CELL::BLR|CCU|2026-09-07|Economy Saver|T1(0-2)::ROUND::2026-09-05T20:15,BLR,CCU,2026-09-07,Economy Saver,T1(0-2),ROUND::2026-09-05T20:15,SG,SG-321,06:15,7774.50,2,Cleartrip;Goibibo,Cleartrip=7786.00;Goibibo=7763.00,7763.00,7786.00,23.00,0.002958,2,2,0,0,OBS01338;OBS01339
CELL::BLR|CCU|2026-09-07|Economy Saver|T1(0-2)::ROUND::2026-09-06T09:00::FLT::6E|6E-904|09:45,CELL::BLR|CCU|2026-09-07|Economy Saver|T1(0-2)::ROUND::2026-09-06T09:00,BLR,CCU,2026-09-07,Economy Saver,T1(0-2),ROUND::2026-09-06T09:00,6E,6E-904,09:45,7469.50,2,Goibibo;MMT,Goibibo=7136.00;MMT=7803.00,7136.00,7803.00,667.00,0.089296,2,2,0,0,OBS01848;OBS01849
CELL::BLR|CCU|2026-09-07|Economy Saver|T1(0-2)::ROUND::2026-09-06T09:00::FLT::AI|AI-772|06:30,CELL::BLR|CCU|2026-09-07|Economy Saver|T1(0-2)::ROUND::2026-09-06T09:00,BLR,CCU,2026-09-07,Economy Saver,T1(0-2),ROUND::2026-09-06T09:00,AI,AI-772,06:30,7195.00,1,AirlineSite,AirlineSite=7195.00,7195.00,7195.00,0.00,0.000000,1,1,0,0,OBS01859
CELL::BLR|CCU|2026-09-07|Economy Saver|T1(0-2)::ROUND::2026-09-06T14:30::FLT::AI|AI-772|06:30,CELL::BLR|CCU|2026-09-07|Economy Saver|T1(0-2)::ROUND::2026-09-06T14:30,BLR,CCU,2026-09-07,Economy Saver,T1(0-2),ROUND::2026-09-06T14:30,AI,AI-772,06:30,7396.00,1,MMT,MMT=7396.00,7396.00,7396.00,0.00,0.000000,1,1,0,0,OBS02355
CELL::BLR|CCU|2026-09-07|Economy Saver|T1(0-2)::ROUND::2026-09-06T20:15::FLT::6E|6E-904|09:45,CELL::BLR|CCU|2026-09-07|Economy Saver|T1(0-2)::ROUND::2026-09-06T20:15,BLR,CCU,2026-09-07,Economy Saver,T1(0-2),ROUND::2026-09-06T20:15,6E,6E-904,09:45,7857.00,1,MMT,MMT=7857.00,7857.00,7857.00,0.00,0.000000,1,1,0,0,OBS02851
CELL::BLR|CCU|2026-09-07|Economy Saver|T1(0-2)::ROUND::2026-09-06T20:15::FLT::AI|AI-772|06:30,CELL::BLR|CCU|2026-09-07|Economy Saver|T1(0-2)::ROUND::2026-09-06T20:15,BLR,CCU,2026-09-07,Economy Saver,T1(0-2),ROUND::2026-09-06T20:15,AI,AI-772,06:30,7149.00,1,Cleartrip,Cleartrip=7149.00,7149.00,7149.00,0.00,0.000000,1,1,0,0,OBS02861
CELL::BLR|CCU|2026-09-07|Economy Saver|T1(0-2)::ROUND::2026-09-06T20:15::FLT::SG|SG-321|06:15,CELL::BLR|CCU|2026-09-07|Economy Saver|T1(0-2)::ROUND::2026-09-06T20:15,BLR,CCU,2026-09-07,Economy Saver,T1(0-2),ROUND::2026-09-06T20:15,SG,SG-321,06:15,7636.50,2,AirlineSite;EaseMyTrip,AirlineSite=7529.00;EaseMyTrip=7744.00,7529.00,7744.00,215.00,0.028154,2,2,0,0,OBS02871;OBS02872
CELL::BLR|CCU|2026-09-07|Economy Standard|T1(0-2)::ROUND::2026-09-05T14:30::FLT::6E|6E-904|09:45,CELL::BLR|CCU|2026-09-07|Economy Standard|T1(0-2)::ROUND::2026-09-05T14:30,BLR,CCU,2026-09-07,Economy Standard,T1(0-2),ROUND::2026-09-05T14:30,6E,6E-904,09:45,9451.00,1,MMT,MMT=9451.00,9451.00,9451.00,0.00,0.000000,1,1,0,0,OBS00810
CELL::BLR|CCU|2026-09-07|Economy Standard|T1(0-2)::ROUND::2026-09-05T14:30::FLT::SG|SG-321|06:15,CELL::BLR|CCU|2026-09-07|Economy Standard|T1(0-2)::ROUND::2026-09-05T14:30,BLR,CCU,2026-09-07,Economy Standard,T1(0-2),ROUND::2026-09-05T14:30,SG,SG-321,06:15,9217.00,1,EaseMyTrip,EaseMyTrip=9217.00,9217.00,9217.00,0.00,0.000000,1,1,0,0,OBS00831
CELL::BLR|CCU|2026-09-07|Economy Standard|T1(0-2)::ROUND::2026-09-05T20:15::FLT::AI|AI-772|06:30,CELL::BLR|CCU|2026-09-07|Economy Standard|T1(0-2)::ROUND::2026-09-05T20:15,BLR,CCU,2026-09-07,Economy Standard,T1(0-2),ROUND::2026-09-05T20:15,AI,AI-772,06:30,9874.00,1,MMT,MMT=9874.00,9874.00,9874.00,0.00,0.000000,1,1,0,0,OBS01327
CELL::BLR|CCU|2026-09-07|Economy Standard|T1(0-2)::ROUND::2026-09-06T14:30::FLT::6E|6E-904|09:45,CELL::BLR|CCU|2026-09-07|Economy Standard|T1(0-2)::ROUND::2026-09-06T14:30,BLR,CCU,2026-09-07,Economy Standard,T1(0-2),ROUND::2026-09-06T14:30,6E,6E-904,09:45,9721.00,2,AirlineSite;Cleartrip,AirlineSite=9631.00;Cleartrip=9811.00,9631.00,9811.00,180.00,0.018517,2,2,0,0,OBS02346;OBS02347
CELL::BLR|CCU|2026-09-07|Economy Standard|T1(0-2)::ROUND::2026-09-06T14:30::FLT::AI|AI-772|06:30,CELL::BLR|CCU|2026-09-07|Economy Standard|T1(0-2)::ROUND::2026-09-06T14:30,BLR,CCU,2026-09-07,Economy Standard,T1(0-2),ROUND::2026-09-06T14:30,AI,AI-772,06:30,9754.00,1,MMT,MMT=9754.00,9754.00,9754.00,0.00,0.000000,1,1,0,0,OBS02356
CELL::BLR|CCU|2026-09-07|Economy Standard|T1(0-2)::ROUND::2026-09-06T14:30::FLT::SG|SG-321|06:15,CELL::BLR|CCU|2026-09-07|Economy Standard|T1(0-2)::ROUND::2026-09-06T14:30,BLR,CCU,2026-09-07,Economy Standard,T1(0-2),ROUND::2026-09-06T14:30,SG,SG-321,06:15,9877.00,2,AirlineSite;EaseMyTrip,AirlineSite=9607.00;EaseMyTrip=10147.00,9607.00,10147.00,540.00,0.054672,2,2,0,0,OBS02365;OBS02366
CELL::BLR|CCU|2026-09-07|Economy Standard|T1(0-2)::ROUND::2026-09-06T20:15::FLT::AI|AI-772|06:30,CELL::BLR|CCU|2026-09-07|Economy Standard|T1(0-2)::ROUND::2026-09-06T20:15,BLR,CCU,2026-09-07,Economy Standard,T1(0-2),ROUND::2026-09-06T20:15,AI,AI-772,06:30,9854.00,2,AirlineSite;EaseMyTrip,AirlineSite=9863.00;EaseMyTrip=9845.00,9845.00,9863.00,18.00,0.001827,2,2,0,0,OBS02859;OBS02860
CELL::BLR|CCU|2026-09-13|Economy Flexi|T7(5-9)::ROUND::2026-09-05T09:00::FLT::6E|6E-904|09:45,CELL::BLR|CCU|2026-09-13|Economy Flexi|T7(5-9)::ROUND::2026-09-05T09:00,BLR,CCU,2026-09-13,Economy Flexi,T7(5-9),ROUND::2026-09-05T09:00,6E,6E-904,09:45,10439.50,2,AirlineSite;Goibibo,AirlineSite=10417.00;Goibibo=10462.00,10417.00,10462.00,45.00,0.004311,2,2,0,0,OBS00309;OBS00310
CELL::BLR|CCU|2026-09-13|Economy Flexi|T7(5-9)::ROUND::2026-09-05T09:00::FLT::AI|AI-772|06:30,CELL::BLR|CCU|2026-09-13|Economy Flexi|T7(5-9)::ROUND::2026-09-05T09:00,BLR,CCU,2026-09-13,Economy Flexi,T7(5-9),ROUND::2026-09-05T09:00,AI,AI-772,06:30,10427.50,2,AirlineSite;MMT,AirlineSite=10109.00;MMT=10746.00,10109.00,10746.00,637.00,0.061088,2,2,0,0,OBS00319;OBS00320
CELL::BLR|CCU|2026-09-13|Economy Flexi|T7(5-9)::ROUND::2026-09-05T09:00::FLT::SG|SG-321|06:15,CELL::BLR|CCU|2026-09-13|Economy Flexi|T7(5-9)::ROUND::2026-09-05T09:00,BLR,CCU,2026-09-13,Economy Flexi,T7(5-9),ROUND::2026-09-05T09:00,SG,SG-321,06:15,9969.00,2,Cleartrip;EaseMyTrip,Cleartrip=10072.00;EaseMyTrip=9866.00,9866.00,10072.00,206.00,0.020664,2,2,0,0,OBS00335;OBS00336
CELL::BLR|CCU|2026-09-13|Economy Flexi|T7(5-9)::ROUND::2026-09-05T14:30::FLT::6E|6E-904|09:45,CELL::BLR|CCU|2026-09-13|Economy Flexi|T7(5-9)::ROUND::2026-09-05T14:30,BLR,CCU,2026-09-13,Economy Flexi,T7(5-9),ROUND::2026-09-05T14:30,6E,6E-904,09:45,10082.00,1,MMT,MMT=10082.00,10082.00,10082.00,0.00,0.000000,1,1,0,0,OBS00811
CELL::BLR|CCU|2026-09-13|Economy Flexi|T7(5-9)::ROUND::2026-09-05T14:30::FLT::AI|AI-772|06:30,CELL::BLR|CCU|2026-09-13|Economy Flexi|T7(5-9)::ROUND::2026-09-05T14:30,BLR,CCU,2026-09-13,Economy Flexi,T7(5-9),ROUND::2026-09-05T14:30,AI,AI-772,06:30,10381.00,2,EaseMyTrip;MMT,EaseMyTrip=10625.00;MMT=10137.00,10137.00,10625.00,488.00,0.047009,2,2,0,0,OBS00823;OBS00824
CELL::BLR|CCU|2026-09-13|Economy Flexi|T7(5-9)::ROUND::2026-09-05T20:15::FLT::6E|6E-904|09:45,CELL::BLR|CCU|2026-09-13|Economy Flexi|T7(5-9)::ROUND::2026-09-05T20:15,BLR,CCU,2026-09-13,Economy Flexi,T7(5-9),ROUND::2026-09-05T20:15,6E,6E-904,09:45,10557.00,1,EaseMyTrip,EaseMyTrip=10557.00,10557.00,10557.00,0.00,0.000000,1,1,0,0,OBS01322
CELL::BLR|CCU|2026-09-13|Economy Flexi|T7(5-9)::ROUND::2026-09-05T20:15::FLT::AI|AI-772|06:30,CELL::BLR|CCU|2026-09-13|Economy Flexi|T7(5-9)::ROUND::2026-09-05T20:15,BLR,CCU,2026-09-13,Economy Flexi,T7(5-9),ROUND::2026-09-05T20:15,AI,AI-772,06:30,10281.50,2,EaseMyTrip;MMT,EaseMyTrip=10216.00;MMT=10347.00,10216.00,10347.00,131.00,0.012741,2,2,0,0,OBS01330;OBS01331
CELL::BLR|CCU|2026-09-13|Economy Flexi|T7(5-9)::ROUND::2026-09-05T20:15::FLT::SG|SG-321|06:15,CELL::BLR|CCU|2026-09-13|Economy Flexi|T7(5-9)::ROUND::2026-09-05T20:15,BLR,CCU,2026-09-13,Economy Flexi,T7(5-9),ROUND::2026-09-05T20:15,SG,SG-321,06:15,10211.00,2,EaseMyTrip;MMT,EaseMyTrip=10316.00;MMT=10106.00,10106.00,10316.00,210.00,0.020566,2,2,0,0,OBS01341;OBS01342
CELL::BLR|CCU|2026-09-13|Economy Flexi|T7(5-9)::ROUND::2026-09-06T09:00::FLT::6E|6E-904|09:45,CELL::BLR|CCU|2026-09-13|Economy Flexi|T7(5-9)::ROUND::2026-09-06T09:00,BLR,CCU,2026-09-13,Economy Flexi,T7(5-9),ROUND::2026-09-06T09:00,6E,6E-904,09:45,10074.00,1,Cleartrip,Cleartrip=10074.00,10074.00,10074.00,0.00,0.000000,1,1,0,0,OBS01851
CELL::BLR|CCU|2026-09-13|Economy Flexi|T7(5-9)::ROUND::2026-09-06T09:00::FLT::SG|SG-321|06:15,CELL::BLR|CCU|2026-09-13|Economy Flexi|T7(5-9)::ROUND::2026-09-06T09:00,BLR,CCU,2026-09-13,Economy Flexi,T7(5-9),ROUND::2026-09-06T09:00,SG,SG-321,06:15,10673.00,2,AirlineSite;MMT,AirlineSite=10960.00;MMT=10386.00,10386.00,10960.00,574.00,0.053781,2,2,0,0,OBS01869;OBS01870
CELL::BLR|CCU|2026-09-13|Economy Flexi|T7(5-9)::ROUND::2026-09-06T14:30::FLT::AI|AI-772|06:30,CELL::BLR|CCU|2026-09-13|Economy Flexi|T7(5-9)::ROUND::2026-09-06T14:30,BLR,CCU,2026-09-13,Economy Flexi,T7(5-9),ROUND::2026-09-06T14:30,AI,AI-772,06:30,10593.00,1,EaseMyTrip,EaseMyTrip=10593.00,10593.00,10593.00,0.00,0.000000,1,1,0,0,OBS02357
CELL::BLR|CCU|2026-09-13|Economy Flexi|T7(5-9)::ROUND::2026-09-06T14:30::FLT::SG|SG-321|06:15,CELL::BLR|CCU|2026-09-13|Economy Flexi|T7(5-9)::ROUND::2026-09-06T14:30,BLR,CCU,2026-09-13,Economy Flexi,T7(5-9),ROUND::2026-09-06T14:30,SG,SG-321,06:15,10984.00,1,MMT,MMT=10984.00,10984.00,10984.00,0.00,0.000000,1,1,0,0,OBS02369
CELL::BLR|CCU|2026-09-13|Economy Flexi|T7(5-9)::ROUND::2026-09-06T20:15::FLT::SG|SG-321|06:15,CELL::BLR|CCU|2026-09-13|Economy Flexi|T7(5-9)::ROUND::2026-09-06T20:15,BLR,CCU,2026-09-13,Economy Flexi,T7(5-9),ROUND::2026-09-06T20:15,SG,SG-321,06:15,10893.00,2,Goibibo;MMT,Goibibo=11097.00;MMT=10689.00,10689.00,11097.00,408.00,0.037455,2,2,0,0,OBS02874;OBS02875
CELL::BLR|CCU|2026-09-13|Economy Saver|T7(5-9)::ROUND::2026-09-05T09:00::FLT::6E|6E-904|09:45,CELL::BLR|CCU|2026-09-13|Economy Saver|T7(5-9)::ROUND::2026-09-05T09:00,BLR,CCU,2026-09-13,Economy Saver,T7(5-9),ROUND::2026-09-05T09:00,6E,6E-904,09:45,6627.00,2,AirlineSite;EaseMyTrip,AirlineSite=6461.00;EaseMyTrip=6793.00,6461.00,6793.00,332.00,0.050098,2,2,0,0,OBS00307;OBS00308
CELL::BLR|CCU|2026-09-13|Economy Saver|T7(5-9)::ROUND::2026-09-05T14:30::FLT::SG|SG-321|06:15,CELL::BLR|CCU|2026-09-13|Economy Saver|T7(5-9)::ROUND::2026-09-05T14:30,BLR,CCU,2026-09-13,Economy Saver,T7(5-9),ROUND::2026-09-05T14:30,SG,SG-321,06:15,6763.00,1,MMT,MMT=6763.00,6763.00,6763.00,0.00,0.000000,1,1,0,0,OBS00832
CELL::BLR|CCU|2026-09-13|Economy Saver|T7(5-9)::ROUND::2026-09-05T20:15::FLT::6E|6E-904|09:45,CELL::BLR|CCU|2026-09-13|Economy Saver|T7(5-9)::ROUND::2026-09-05T20:15,BLR,CCU,2026-09-13,Economy Saver,T7(5-9),ROUND::2026-09-05T20:15,6E,6E-904,09:45,6678.00,2,Cleartrip;Goibibo,Cleartrip=6734.00;Goibibo=6622.00,6622.00,6734.00,112.00,0.016771,2,2,0,0,OBS01320;OBS01321
CELL::BLR|CCU|2026-09-13|Economy Saver|T7(5-9)::ROUND::2026-09-05T20:15::FLT::AI|AI-772|06:30,CELL::BLR|CCU|2026-09-13|Economy Saver|T7(5-9)::ROUND::2026-09-05T20:15,BLR,CCU,2026-09-13,Economy Saver,T7(5-9),ROUND::2026-09-05T20:15,AI,AI-772,06:30,6377.00,1,Cleartrip,Cleartrip=6377.00,6377.00,6377.00,0.00,0.000000,1,1,0,0,OBS01329
CELL::BLR|CCU|2026-09-13|Economy Saver|T7(5-9)::ROUND::2026-09-05T20:15::FLT::SG|SG-321|06:15,CELL::BLR|CCU|2026-09-13|Economy Saver|T7(5-9)::ROUND::2026-09-05T20:15,BLR,CCU,2026-09-13,Economy Saver,T7(5-9),ROUND::2026-09-05T20:15,SG,SG-321,06:15,6438.00,1,MMT,MMT=6438.00,6438.00,6438.00,0.00,0.000000,1,1,0,0,OBS01340
CELL::BLR|CCU|2026-09-13|Economy Saver|T7(5-9)::ROUND::2026-09-06T09:00::FLT::6E|6E-904|09:45,CELL::BLR|CCU|2026-09-13|Economy Saver|T7(5-9)::ROUND::2026-09-06T09:00,BLR,CCU,2026-09-13,Economy Saver,T7(5-9),ROUND::2026-09-06T09:00,6E,6E-904,09:45,6870.00,1,Cleartrip,Cleartrip=6870.00,6870.00,6870.00,0.00,0.000000,1,1,0,0,OBS01852
CELL::BLR|CCU|2026-09-13|Economy Saver|T7(5-9)::ROUND::2026-09-06T09:00::FLT::SG|SG-321|06:15,CELL::BLR|CCU|2026-09-13|Economy Saver|T7(5-9)::ROUND::2026-09-06T09:00,BLR,CCU,2026-09-13,Economy Saver,T7(5-9),ROUND::2026-09-06T09:00,SG,SG-321,06:15,6940.00,1,EaseMyTrip,EaseMyTrip=6940.00,6940.00,6940.00,0.00,0.000000,1,1,0,0,OBS01871
CELL::BLR|CCU|2026-09-13|Economy Saver|T7(5-9)::ROUND::2026-09-06T14:30::FLT::AI|AI-772|06:30,CELL::BLR|CCU|2026-09-13|Economy Saver|T7(5-9)::ROUND::2026-09-06T14:30,BLR,CCU,2026-09-13,Economy Saver,T7(5-9),ROUND::2026-09-06T14:30,AI,AI-772,06:30,6624.00,2,Cleartrip;EaseMyTrip,Cleartrip=6632.00;EaseMyTrip=6616.00,6616.00,6632.00,16.00,0.002415,2,2,0,0,OBS02358;OBS02359
CELL::BLR|CCU|2026-09-13|Economy Saver|T7(5-9)::ROUND::2026-09-06T20:15::FLT::6E|6E-904|09:45,CELL::BLR|CCU|2026-09-13|Economy Saver|T7(5-9)::ROUND::2026-09-06T20:15,BLR,CCU,2026-09-13,Economy Saver,T7(5-9),ROUND::2026-09-06T20:15,6E,6E-904,09:45,6876.00,2,Cleartrip;MMT,Cleartrip=6641.00;MMT=7111.00,6641.00,7111.00,470.00,0.068354,2,2,0,0,OBS02852;OBS02853
CELL::BLR|CCU|2026-09-13|Economy Standard|T7(5-9)::ROUND::2026-09-05T09:00::FLT::AI|AI-772|06:30,CELL::BLR|CCU|2026-09-13|Economy Standard|T7(5-9)::ROUND::2026-09-05T09:00,BLR,CCU,2026-09-13,Economy Standard,T7(5-9),ROUND::2026-09-05T09:00,AI,AI-772,06:30,8621.00,2,AirlineSite;Cleartrip,AirlineSite=8494.00;Cleartrip=8748.00,8494.00,8748.00,254.00,0.029463,2,2,0,0,OBS00321;OBS00322
CELL::BLR|CCU|2026-09-13|Economy Standard|T7(5-9)::ROUND::2026-09-05T09:00::FLT::SG|SG-321|06:15,CELL::BLR|CCU|2026-09-13|Economy Standard|T7(5-9)::ROUND::2026-09-05T09:00,BLR,CCU,2026-09-13,Economy Standard,T7(5-9),ROUND::2026-09-05T09:00,SG,SG-321,06:15,8216.00,1,EaseMyTrip,EaseMyTrip=8216.00,8216.00,8216.00,0.00,0.000000,1,1,0,0,OBS00334
CELL::BLR|CCU|2026-09-13|Economy Standard|T7(5-9)::ROUND::2026-09-05T14:30::FLT::6E|6E-904|09:45,CELL::BLR|CCU|2026-09-13|Economy Standard|T7(5-9)::ROUND::2026-09-05T14:30,BLR,CCU,2026-09-13,Economy Standard,T7(5-9),ROUND::2026-09-05T14:30,6E,6E-904,09:45,8605.50,2,EaseMyTrip;MMT,EaseMyTrip=8691.00;MMT=8520.00,8520.00,8691.00,171.00,0.019871,2,2,0,0,OBS00812;OBS00813
CELL::BLR|CCU|2026-09-13|Economy Standard|T7(5-9)::ROUND::2026-09-05T14:30::FLT::SG|SG-321|06:15,CELL::BLR|CCU|2026-09-13|Economy Standard|T7(5-9)::ROUND::2026-09-05T14:30,BLR,CCU,2026-09-13,Economy Standard,T7(5-9),ROUND::2026-09-05T14:30,SG,SG-321,06:15,8765.50,2,Cleartrip;MMT,Cleartrip=8939.00;MMT=8592.00,8592.00,8939.00,347.00,0.039587,2,2,0,0,OBS00833;OBS00834
CELL::BLR|CCU|2026-09-13|Economy Standard|T7(5-9)::ROUND::2026-09-06T09:00::FLT::AI|AI-772|06:30,CELL::BLR|CCU|2026-09-13|Economy Standard|T7(5-9)::ROUND::2026-09-06T09:00,BLR,CCU,2026-09-13,Economy Standard,T7(5-9),ROUND::2026-09-06T09:00,AI,AI-772,06:30,8950.50,2,Cleartrip;MMT,Cleartrip=8892.00;MMT=9009.00,8892.00,9009.00,117.00,0.013072,2,2,0,0,OBS01860;OBS01861
CELL::BLR|CCU|2026-09-13|Economy Standard|T7(5-9)::ROUND::2026-09-06T14:30::FLT::6E|6E-904|09:45,CELL::BLR|CCU|2026-09-13|Economy Standard|T7(5-9)::ROUND::2026-09-06T14:30,BLR,CCU,2026-09-13,Economy Standard,T7(5-9),ROUND::2026-09-06T14:30,6E,6E-904,09:45,8634.00,1,AirlineSite,AirlineSite=8634.00,8634.00,8634.00,0.00,0.000000,1,1,0,0,OBS02348
CELL::BLR|CCU|2026-09-13|Economy Standard|T7(5-9)::ROUND::2026-09-06T14:30::FLT::SG|SG-321|06:15,CELL::BLR|CCU|2026-09-13|Economy Standard|T7(5-9)::ROUND::2026-09-06T14:30,BLR,CCU,2026-09-13,Economy Standard,T7(5-9),ROUND::2026-09-06T14:30,SG,SG-321,06:15,9061.00,1,MMT,MMT=9061.00,9061.00,9061.00,0.00,0.000000,1,1,0,0,OBS02370
CELL::BLR|CCU|2026-09-13|Economy Standard|T7(5-9)::ROUND::2026-09-06T20:15::FLT::AI|AI-772|06:30,CELL::BLR|CCU|2026-09-13|Economy Standard|T7(5-9)::ROUND::2026-09-06T20:15,BLR,CCU,2026-09-13,Economy Standard,T7(5-9),ROUND::2026-09-06T20:15,AI,AI-772,06:30,8575.50,2,Cleartrip;MMT,Cleartrip=8556.00;MMT=8595.00,8556.00,8595.00,39.00,0.004548,2,2,0,0,OBS02862;OBS02863
CELL::BLR|CCU|2026-09-13|Economy Standard|T7(5-9)::ROUND::2026-09-06T20:15::FLT::SG|SG-321|06:15,CELL::BLR|CCU|2026-09-13|Economy Standard|T7(5-9)::ROUND::2026-09-06T20:15,BLR,CCU,2026-09-13,Economy Standard,T7(5-9),ROUND::2026-09-06T20:15,SG,SG-321,06:15,8576.00,2,Goibibo;MMT,Goibibo=8444.00;MMT=8708.00,8444.00,8708.00,264.00,0.030784,2,2,0,0,OBS02876;OBS02877
CELL::BLR|CCU|2026-09-21|Economy Flexi|T15(12-18)::ROUND::2026-09-05T09:00::FLT::6E|6E-904|09:45,CELL::BLR|CCU|2026-09-21|Economy Flexi|T15(12-18)::ROUND::2026-09-05T09:00,BLR,CCU,2026-09-21,Economy Flexi,T15(12-18),ROUND::2026-09-05T09:00,6E,6E-904,09:45,8590.00,2,AirlineSite;EaseMyTrip,AirlineSite=8739.00;EaseMyTrip=8441.00,8441.00,8739.00,298.00,0.034692,2,2,0,0,OBS00311;OBS00312
CELL::BLR|CCU|2026-09-21|Economy Flexi|T15(12-18)::ROUND::2026-09-05T09:00::FLT::SG|SG-321|06:15,CELL::BLR|CCU|2026-09-21|Economy Flexi|T15(12-18)::ROUND::2026-09-05T09:00,BLR,CCU,2026-09-21,Economy Flexi,T15(12-18),ROUND::2026-09-05T09:00,SG,SG-321,06:15,9068.00,1,Cleartrip,Cleartrip=9068.00,9068.00,9068.00,0.00,0.000000,1,1,0,0,OBS00337
CELL::BLR|CCU|2026-09-21|Economy Flexi|T15(12-18)::ROUND::2026-09-05T14:30::FLT::6E|6E-904|09:45,CELL::BLR|CCU|2026-09-21|Economy Flexi|T15(12-18)::ROUND::2026-09-05T14:30,BLR,CCU,2026-09-21,Economy Flexi,T15(12-18),ROUND::2026-09-05T14:30,6E,6E-904,09:45,8711.00,2,AirlineSite;Goibibo,AirlineSite=8650.00;Goibibo=8772.00,8650.00,8772.00,122.00,0.014005,2,2,0,0,OBS00814;OBS00815
CELL::BLR|CCU|2026-09-21|Economy Flexi|T15(12-18)::ROUND::2026-09-05T20:15::FLT::SG|SG-321|06:15,CELL::BLR|CCU|2026-09-21|Economy Flexi|T15(12-18)::ROUND::2026-09-05T20:15,BLR,CCU,2026-09-21,Economy Flexi,T15(12-18),ROUND::2026-09-05T20:15,SG,SG-321,06:15,9001.50,2,Cleartrip;MMT,Cleartrip=8743.00;MMT=9260.00,8743.00,9260.00,517.00,0.057435,2,2,0,0,OBS01343;OBS01344
CELL::BLR|CCU|2026-09-21|Economy Flexi|T15(12-18)::ROUND::2026-09-06T09:00::FLT::AI|AI-772|06:30,CELL::BLR|CCU|2026-09-21|Economy Flexi|T15(12-18)::ROUND::2026-09-06T09:00,BLR,CCU,2026-09-21,Economy Flexi,T15(12-18),ROUND::2026-09-06T09:00,AI,AI-772,06:30,9328.50,2,AirlineSite;Cleartrip,AirlineSite=9375.00;Cleartrip=9282.00,9282.00,9375.00,93.00,0.009969,2,2,0,0,OBS01862;OBS01863
CELL::BLR|CCU|2026-09-21|Economy Flexi|T15(12-18)::ROUND::2026-09-06T14:30::FLT::SG|SG-321|06:15,CELL::BLR|CCU|2026-09-21|Economy Flexi|T15(12-18)::ROUND::2026-09-06T14:30,BLR,CCU,2026-09-21,Economy Flexi,T15(12-18),ROUND::2026-09-06T14:30,SG,SG-321,06:15,9238.00,2,AirlineSite;Cleartrip,AirlineSite=9347.00;Cleartrip=9129.00,9129.00,9347.00,218.00,0.023598,2,2,0,0,OBS02372;OBS02373
CELL::BLR|CCU|2026-09-21|Economy Flexi|T15(12-18)::ROUND::2026-09-06T20:15::FLT::6E|6E-904|09:45,CELL::BLR|CCU|2026-09-21|Economy Flexi|T15(12-18)::ROUND::2026-09-06T20:15,BLR,CCU,2026-09-21,Economy Flexi,T15(12-18),ROUND::2026-09-06T20:15,6E,6E-904,09:45,8877.00,1,AirlineSite,AirlineSite=8877.00,8877.00,8877.00,0.00,0.000000,1,1,0,0,OBS02854
CELL::BLR|CCU|2026-09-21|Economy Flexi|T15(12-18)::ROUND::2026-09-06T20:15::FLT::AI|AI-772|06:30,CELL::BLR|CCU|2026-09-21|Economy Flexi|T15(12-18)::ROUND::2026-09-06T20:15,BLR,CCU,2026-09-21,Economy Flexi,T15(12-18),ROUND::2026-09-06T20:15,AI,AI-772,06:30,9111.00,1,MMT,MMT=9111.00,9111.00,9111.00,0.00,0.000000,1,1,0,0,OBS02864
CELL::BLR|CCU|2026-09-21|Economy Saver|T15(12-18)::ROUND::2026-09-05T09:00::FLT::AI|AI-772|06:30,CELL::BLR|CCU|2026-09-21|Economy Saver|T15(12-18)::ROUND::2026-09-05T09:00,BLR,CCU,2026-09-21,Economy Saver,T15(12-18),ROUND::2026-09-05T09:00,AI,AI-772,06:30,5663.50,2,Cleartrip;EaseMyTrip,Cleartrip=5850.00;EaseMyTrip=5477.00,5477.00,5850.00,373.00,0.065860,2,2,0,0,OBS00323;OBS00324
CELL::BLR|CCU|2026-09-21|Economy Saver|T15(12-18)::ROUND::2026-09-05T14:30::FLT::AI|AI-772|06:30,CELL::BLR|CCU|2026-09-21|Economy Saver|T15(12-18)::ROUND::2026-09-05T14:30,BLR,CCU,2026-09-21,Economy Saver,T15(12-18),ROUND::2026-09-05T14:30,AI,AI-772,06:30,5398.00,1,EaseMyTrip,EaseMyTrip=5398.00,5398.00,5398.00,0.00,0.000000,1,1,0,0,OBS00825
CELL::BLR|CCU|2026-09-21|Economy Saver|T15(12-18)::ROUND::2026-09-05T14:30::FLT::SG|SG-321|06:15,CELL::BLR|CCU|2026-09-21|Economy Saver|T15(12-18)::ROUND::2026-09-05T14:30,BLR,CCU,2026-09-21,Economy Saver,T15(12-18),ROUND::2026-09-05T14:30,SG,SG-321,06:15,5891.00,2,Goibibo;MMT,Goibibo=5927.00;MMT=5855.00,5855.00,5927.00,72.00,0.012222,2,2,0,0,OBS00835;OBS00836
CELL::BLR|CCU|2026-09-21|Economy Saver|T15(12-18)::ROUND::2026-09-06T09:00::FLT::6E|6E-904|09:45,CELL::BLR|CCU|2026-09-21|Economy Saver|T15(12-18)::ROUND::2026-09-06T09:00,BLR,CCU,2026-09-21,Economy Saver,T15(12-18),ROUND::2026-09-06T09:00,6E,6E-904,09:45,6037.00,1,MMT,MMT=6037.00,6037.00,6037.00,0.00,0.000000,1,1,0,0,OBS01855
CELL::BLR|CCU|2026-09-21|Economy Saver|T15(12-18)::ROUND::2026-09-06T09:00::FLT::SG|SG-321|06:15,CELL::BLR|CCU|2026-09-21|Economy Saver|T15(12-18)::ROUND::2026-09-06T09:00,BLR,CCU,2026-09-21,Economy Saver,T15(12-18),ROUND::2026-09-06T09:00,SG,SG-321,06:15,5839.00,2,AirlineSite;Goibibo,AirlineSite=5678.00;Goibibo=6000.00,5678.00,6000.00,322.00,0.055146,2,2,0,0,OBS01872;OBS01873
CELL::BLR|CCU|2026-09-21|Economy Saver|T15(12-18)::ROUND::2026-09-06T14:30::FLT::6E|6E-904|09:45,CELL::BLR|CCU|2026-09-21|Economy Saver|T15(12-18)::ROUND::2026-09-06T14:30,BLR,CCU,2026-09-21,Economy Saver,T15(12-18),ROUND::2026-09-06T14:30,6E,6E-904,09:45,5850.00,1,Cleartrip,Cleartrip=5850.00,5850.00,5850.00,0.00,0.000000,1,1,0,0,OBS02349
CELL::BLR|CCU|2026-09-21|Economy Saver|T15(12-18)::ROUND::2026-09-06T14:30::FLT::AI|AI-772|06:30,CELL::BLR|CCU|2026-09-21|Economy Saver|T15(12-18)::ROUND::2026-09-06T14:30,BLR,CCU,2026-09-21,Economy Saver,T15(12-18),ROUND::2026-09-06T14:30,AI,AI-772,06:30,5628.00,1,Goibibo,Goibibo=5628.00,5628.00,5628.00,0.00,0.000000,1,1,0,0,OBS02360
CELL::BLR|CCU|2026-09-21|Economy Saver|T15(12-18)::ROUND::2026-09-06T20:15::FLT::AI|AI-772|06:30,CELL::BLR|CCU|2026-09-21|Economy Saver|T15(12-18)::ROUND::2026-09-06T20:15,BLR,CCU,2026-09-21,Economy Saver,T15(12-18),ROUND::2026-09-06T20:15,AI,AI-772,06:30,5674.50,2,AirlineSite;Goibibo,AirlineSite=5511.00;Goibibo=5838.00,5511.00,5838.00,327.00,0.057626,2,2,0,0,OBS02865;OBS02866
CELL::BLR|CCU|2026-09-21|Economy Standard|T15(12-18)::ROUND::2026-09-05T09:00::FLT::AI|AI-772|06:30,CELL::BLR|CCU|2026-09-21|Economy Standard|T15(12-18)::ROUND::2026-09-05T09:00,BLR,CCU,2026-09-21,Economy Standard,T15(12-18),ROUND::2026-09-05T09:00,AI,AI-772,06:30,7035.00,1,EaseMyTrip,EaseMyTrip=7035.00,7035.00,7035.00,0.00,0.000000,1,1,0,0,OBS00325
CELL::BLR|CCU|2026-09-21|Economy Standard|T15(12-18)::ROUND::2026-09-05T09:00::FLT::SG|SG-321|06:15,CELL::BLR|CCU|2026-09-21|Economy Standard|T15(12-18)::ROUND::2026-09-05T09:00,BLR,CCU,2026-09-21,Economy Standard,T15(12-18),ROUND::2026-09-05T09:00,SG,SG-321,06:15,7109.00,1,EaseMyTrip,EaseMyTrip=7109.00,7109.00,7109.00,0.00,0.000000,1,1,0,0,OBS00338
CELL::BLR|CCU|2026-09-21|Economy Standard|T15(12-18)::ROUND::2026-09-05T14:30::FLT::6E|6E-904|09:45,CELL::BLR|CCU|2026-09-21|Economy Standard|T15(12-18)::ROUND::2026-09-05T14:30,BLR,CCU,2026-09-21,Economy Standard,T15(12-18),ROUND::2026-09-05T14:30,6E,6E-904,09:45,7036.00,1,MMT,MMT=7036.00,7036.00,7036.00,0.00,0.000000,1,1,0,0,OBS00816
CELL::BLR|CCU|2026-09-21|Economy Standard|T15(12-18)::ROUND::2026-09-05T20:15::FLT::6E|6E-904|09:45,CELL::BLR|CCU|2026-09-21|Economy Standard|T15(12-18)::ROUND::2026-09-05T20:15,BLR,CCU,2026-09-21,Economy Standard,T15(12-18),ROUND::2026-09-05T20:15,6E,6E-904,09:45,6989.00,1,EaseMyTrip,EaseMyTrip=6989.00,6989.00,6989.00,0.00,0.000000,1,1,0,0,OBS01323
CELL::BLR|CCU|2026-09-21|Economy Standard|T15(12-18)::ROUND::2026-09-05T20:15::FLT::AI|AI-772|06:30,CELL::BLR|CCU|2026-09-21|Economy Standard|T15(12-18)::ROUND::2026-09-05T20:15,BLR,CCU,2026-09-21,Economy Standard,T15(12-18),ROUND::2026-09-05T20:15,AI,AI-772,06:30,7190.00,2,EaseMyTrip;Goibibo,EaseMyTrip=7034.00;Goibibo=7346.00,7034.00,7346.00,312.00,0.043394,2,2,0,0,OBS01332;OBS01333
CELL::BLR|CCU|2026-09-21|Economy Standard|T15(12-18)::ROUND::2026-09-06T09:00::FLT::6E|6E-904|09:45,CELL::BLR|CCU|2026-09-21|Economy Standard|T15(12-18)::ROUND::2026-09-06T09:00,BLR,CCU,2026-09-21,Economy Standard,T15(12-18),ROUND::2026-09-06T09:00,6E,6E-904,09:45,7624.00,2,EaseMyTrip;Goibibo,EaseMyTrip=7558.00;Goibibo=7690.00,7558.00,7690.00,132.00,0.017314,2,2,0,0,OBS01853;OBS01854
CELL::BLR|CCU|2026-09-21|Economy Standard|T15(12-18)::ROUND::2026-09-06T14:30::FLT::AI|AI-772|06:30,CELL::BLR|CCU|2026-09-21|Economy Standard|T15(12-18)::ROUND::2026-09-06T14:30,BLR,CCU,2026-09-21,Economy Standard,T15(12-18),ROUND::2026-09-06T14:30,AI,AI-772,06:30,7587.00,1,Goibibo,Goibibo=7587.00,7587.00,7587.00,0.00,0.000000,1,1,0,0,OBS02361
CELL::BLR|CCU|2026-09-21|Economy Standard|T15(12-18)::ROUND::2026-09-06T14:30::FLT::SG|SG-321|06:15,CELL::BLR|CCU|2026-09-21|Economy Standard|T15(12-18)::ROUND::2026-09-06T14:30,BLR,CCU,2026-09-21,Economy Standard,T15(12-18),ROUND::2026-09-06T14:30,SG,SG-321,06:15,7501.00,1,Goibibo,Goibibo=7501.00,7501.00,7501.00,0.00,0.000000,1,1,0,0,OBS02371
CELL::BLR|CCU|2026-09-21|Economy Standard|T15(12-18)::ROUND::2026-09-06T20:15::FLT::6E|6E-904|09:45,CELL::BLR|CCU|2026-09-21|Economy Standard|T15(12-18)::ROUND::2026-09-06T20:15,BLR,CCU,2026-09-21,Economy Standard,T15(12-18),ROUND::2026-09-06T20:15,6E,6E-904,09:45,7608.00,1,EaseMyTrip,EaseMyTrip=7608.00,7608.00,7608.00,0.00,0.000000,1,1,0,0,OBS02855
CELL::BLR|CCU|2026-09-21|Economy Standard|T15(12-18)::ROUND::2026-09-06T20:15::FLT::SG|SG-321|06:15,CELL::BLR|CCU|2026-09-21|Economy Standard|T15(12-18)::ROUND::2026-09-06T20:15,BLR,CCU,2026-09-21,Economy Standard,T15(12-18),ROUND::2026-09-06T20:15,SG,SG-321,06:15,7586.00,2,Cleartrip;MMT,Cleartrip=7579.00;MMT=7593.00,7579.00,7593.00,14.00,0.001846,2,2,0,0,OBS02878;OBS02879
CELL::BLR|CCU|2026-10-06|Economy Flexi|T30(25-35)::ROUND::2026-09-05T14:30::FLT::6E|6E-904|09:45,CELL::BLR|CCU|2026-10-06|Economy Flexi|T30(25-35)::ROUND::2026-09-05T14:30,BLR,CCU,2026-10-06,Economy Flexi,T30(25-35),ROUND::2026-09-05T14:30,6E,6E-904,09:45,8165.00,1,AirlineSite,AirlineSite=8165.00,8165.00,8165.00,0.00,0.000000,1,1,0,0,OBS00817
CELL::BLR|CCU|2026-10-06|Economy Flexi|T30(25-35)::ROUND::2026-09-05T14:30::FLT::AI|AI-772|06:30,CELL::BLR|CCU|2026-10-06|Economy Flexi|T30(25-35)::ROUND::2026-09-05T14:30,BLR,CCU,2026-10-06,Economy Flexi,T30(25-35),ROUND::2026-09-05T14:30,AI,AI-772,06:30,7960.00,1,Cleartrip,Cleartrip=7960.00,7960.00,7960.00,0.00,0.000000,1,1,0,0,OBS00827
CELL::BLR|CCU|2026-10-06|Economy Flexi|T30(25-35)::ROUND::2026-09-05T14:30::FLT::SG|SG-321|06:15,CELL::BLR|CCU|2026-10-06|Economy Flexi|T30(25-35)::ROUND::2026-09-05T14:30,BLR,CCU,2026-10-06,Economy Flexi,T30(25-35),ROUND::2026-09-05T14:30,SG,SG-321,06:15,8058.50,2,AirlineSite;Goibibo,AirlineSite=8140.00;Goibibo=7977.00,7977.00,8140.00,163.00,0.020227,2,2,0,0,OBS00837;OBS00838
CELL::BLR|CCU|2026-10-06|Economy Flexi|T30(25-35)::ROUND::2026-09-05T20:15::FLT::6E|6E-904|09:45,CELL::BLR|CCU|2026-10-06|Economy Flexi|T30(25-35)::ROUND::2026-09-05T20:15,BLR,CCU,2026-10-06,Economy Flexi,T30(25-35),ROUND::2026-09-05T20:15,6E,6E-904,09:45,7901.00,1,Cleartrip,Cleartrip=7901.00,7901.00,7901.00,0.00,0.000000,1,1,0,0,OBS01324
CELL::BLR|CCU|2026-10-06|Economy Flexi|T30(25-35)::ROUND::2026-09-05T20:15::FLT::SG|SG-321|06:15,CELL::BLR|CCU|2026-10-06|Economy Flexi|T30(25-35)::ROUND::2026-09-05T20:15,BLR,CCU,2026-10-06,Economy Flexi,T30(25-35),ROUND::2026-09-05T20:15,SG,SG-321,06:15,8285.00,2,Cleartrip;Goibibo,Cleartrip=8374.00;Goibibo=8196.00,8196.00,8374.00,178.00,0.021485,2,2,0,0,OBS01347;OBS01348
CELL::BLR|CCU|2026-10-06|Economy Flexi|T30(25-35)::ROUND::2026-09-06T09:00::FLT::AI|AI-772|06:30,CELL::BLR|CCU|2026-10-06|Economy Flexi|T30(25-35)::ROUND::2026-09-06T09:00,BLR,CCU,2026-10-06,Economy Flexi,T30(25-35),ROUND::2026-09-06T09:00,AI,AI-772,06:30,8297.50,2,EaseMyTrip;Goibibo,EaseMyTrip=8409.00;Goibibo=8186.00,8186.00,8409.00,223.00,0.026876,2,2,0,0,OBS01864;OBS01865
CELL::BLR|CCU|2026-10-06|Economy Flexi|T30(25-35)::ROUND::2026-09-06T14:30::FLT::6E|6E-904|09:45,CELL::BLR|CCU|2026-10-06|Economy Flexi|T30(25-35)::ROUND::2026-09-06T14:30,BLR,CCU,2026-10-06,Economy Flexi,T30(25-35),ROUND::2026-09-06T14:30,6E,6E-904,09:45,7967.50,2,Cleartrip;MMT,Cleartrip=7695.00;MMT=8240.00,7695.00,8240.00,545.00,0.068403,2,2,0,0,OBS02350;OBS02351
CELL::BLR|CCU|2026-10-06|Economy Flexi|T30(25-35)::ROUND::2026-09-06T14:30::FLT::SG|SG-321|06:15,CELL::BLR|CCU|2026-10-06|Economy Flexi|T30(25-35)::ROUND::2026-09-06T14:30,BLR,CCU,2026-10-06,Economy Flexi,T30(25-35),ROUND::2026-09-06T14:30,SG,SG-321,06:15,8202.00,1,AirlineSite,AirlineSite=8202.00,8202.00,8202.00,0.00,0.000000,1,1,0,0,OBS02374
CELL::BLR|CCU|2026-10-06|Economy Flexi|T30(25-35)::ROUND::2026-09-06T20:15::FLT::6E|6E-904|09:45,CELL::BLR|CCU|2026-10-06|Economy Flexi|T30(25-35)::ROUND::2026-09-06T20:15,BLR,CCU,2026-10-06,Economy Flexi,T30(25-35),ROUND::2026-09-06T20:15,6E,6E-904,09:45,7949.00,1,Goibibo,Goibibo=7949.00,7949.00,7949.00,0.00,0.000000,1,1,0,0,OBS02856
CELL::BLR|CCU|2026-10-06|Economy Saver|T30(25-35)::ROUND::2026-09-05T09:00::FLT::6E|6E-904|09:45,CELL::BLR|CCU|2026-10-06|Economy Saver|T30(25-35)::ROUND::2026-09-05T09:00,BLR,CCU,2026-10-06,Economy Saver,T30(25-35),ROUND::2026-09-05T09:00,6E,6E-904,09:45,5082.00,1,AirlineSite,AirlineSite=5082.00,5082.00,5082.00,0.00,0.000000,1,1,0,0,OBS00315
CELL::BLR|CCU|2026-10-06|Economy Saver|T30(25-35)::ROUND::2026-09-05T09:00::FLT::SG|SG-321|06:15,CELL::BLR|CCU|2026-10-06|Economy Saver|T30(25-35)::ROUND::2026-09-05T09:00,BLR,CCU,2026-10-06,Economy Saver,T30(25-35),ROUND::2026-09-05T09:00,SG,SG-321,06:15,5162.00,1,AirlineSite,AirlineSite=5162.00,5162.00,5162.00,0.00,0.000000,1,1,0,0,OBS00339
CELL::BLR|CCU|2026-10-06|Economy Saver|T30(25-35)::ROUND::2026-09-05T20:15::FLT::AI|AI-772|06:30,CELL::BLR|CCU|2026-10-06|Economy Saver|T30(25-35)::ROUND::2026-09-05T20:15,BLR,CCU,2026-10-06,Economy Saver,T30(25-35),ROUND::2026-09-05T20:15,AI,AI-772,06:30,5215.50,2,Cleartrip;Goibibo,Cleartrip=5199.00;Goibibo=5232.00,5199.00,5232.00,33.00,0.006327,2,2,0,0,OBS01334;OBS01335
CELL::BLR|CCU|2026-10-06|Economy Saver|T30(25-35)::ROUND::2026-09-05T20:15::FLT::SG|SG-321|06:15,CELL::BLR|CCU|2026-10-06|Economy Saver|T30(25-35)::ROUND::2026-09-05T20:15,BLR,CCU,2026-10-06,Economy Saver,T30(25-35),ROUND::2026-09-05T20:15,SG,SG-321,06:15,5206.50,2,Goibibo;MMT,Goibibo=5377.00;MMT=5036.00,5036.00,5377.00,341.00,0.065495,2,2,0,0,OBS01345;OBS01346
CELL::BLR|CCU|2026-10-06|Economy Saver|T30(25-35)::ROUND::2026-09-06T09:00::FLT::6E|6E-904|09:45,CELL::BLR|CCU|2026-10-06|Economy Saver|T30(25-35)::ROUND::2026-09-06T09:00,BLR,CCU,2026-10-06,Economy Saver,T30(25-35),ROUND::2026-09-06T09:00,6E,6E-904,09:45,5399.00,2,AirlineSite;Cleartrip,AirlineSite=5371.00;Cleartrip=5427.00,5371.00,5427.00,56.00,0.010372,2,2,0,0,OBS01856;OBS01857
CELL::BLR|CCU|2026-10-06|Economy Saver|T30(25-35)::ROUND::2026-09-06T09:00::FLT::SG|SG-321|06:15,CELL::BLR|CCU|2026-10-06|Economy Saver|T30(25-35)::ROUND::2026-09-06T09:00,BLR,CCU,2026-10-06,Economy Saver,T30(25-35),ROUND::2026-09-06T09:00,SG,SG-321,06:15,5205.00,1,AirlineSite,AirlineSite=5205.00,5205.00,5205.00,0.00,0.000000,1,1,0,0,OBS01874
CELL::BLR|CCU|2026-10-06|Economy Saver|T30(25-35)::ROUND::2026-09-06T14:30::FLT::AI|AI-772|06:30,CELL::BLR|CCU|2026-10-06|Economy Saver|T30(25-35)::ROUND::2026-09-06T14:30,BLR,CCU,2026-10-06,Economy Saver,T30(25-35),ROUND::2026-09-06T14:30,AI,AI-772,06:30,5281.00,1,Cleartrip,Cleartrip=5281.00,5281.00,5281.00,0.00,0.000000,1,1,0,0,OBS02362
CELL::BLR|CCU|2026-10-06|Economy Saver|T30(25-35)::ROUND::2026-09-06T20:15::FLT::AI|AI-772|06:30,CELL::BLR|CCU|2026-10-06|Economy Saver|T30(25-35)::ROUND::2026-09-06T20:15,BLR,CCU,2026-10-06,Economy Saver,T30(25-35),ROUND::2026-09-06T20:15,AI,AI-772,06:30,5196.50,2,AirlineSite;EaseMyTrip,AirlineSite=5278.00;EaseMyTrip=5115.00,5115.00,5278.00,163.00,0.031367,2,2,0,0,OBS02867;OBS02868
CELL::BLR|CCU|2026-10-06|Economy Standard|T30(25-35)::ROUND::2026-09-05T09:00::FLT::6E|6E-904|09:45,CELL::BLR|CCU|2026-10-06|Economy Standard|T30(25-35)::ROUND::2026-09-05T09:00,BLR,CCU,2026-10-06,Economy Standard,T30(25-35),ROUND::2026-09-05T09:00,6E,6E-904,09:45,6565.00,2,AirlineSite;Cleartrip,AirlineSite=6371.00;Cleartrip=6759.00,6371.00,6759.00,388.00,0.059101,2,2,0,0,OBS00313;OBS00314
CELL::BLR|CCU|2026-10-06|Economy Standard|T30(25-35)::ROUND::2026-09-05T09:00::FLT::AI|AI-772|06:30,CELL::BLR|CCU|2026-10-06|Economy Standard|T30(25-35)::ROUND::2026-09-05T09:00,BLR,CCU,2026-10-06,Economy Standard,T30(25-35),ROUND::2026-09-05T09:00,AI,AI-772,06:30,6542.00,2,Cleartrip;Goibibo,Cleartrip=6681.00;Goibibo=6403.00,6403.00,6681.00,278.00,0.042495,2,2,0,0,OBS00326;OBS00327
CELL::BLR|CCU|2026-10-06|Economy Standard|T30(25-35)::ROUND::2026-09-05T14:30::FLT::6E|6E-904|09:45,CELL::BLR|CCU|2026-10-06|Economy Standard|T30(25-35)::ROUND::2026-09-05T14:30,BLR,CCU,2026-10-06,Economy Standard,T30(25-35),ROUND::2026-09-05T14:30,6E,6E-904,09:45,6317.00,1,EaseMyTrip,EaseMyTrip=6317.00,6317.00,6317.00,0.00,0.000000,1,1,0,0,OBS00818
CELL::BLR|CCU|2026-10-06|Economy Standard|T30(25-35)::ROUND::2026-09-05T14:30::FLT::AI|AI-772|06:30,CELL::BLR|CCU|2026-10-06|Economy Standard|T30(25-35)::ROUND::2026-09-05T14:30,BLR,CCU,2026-10-06,Economy Standard,T30(25-35),ROUND::2026-09-05T14:30,AI,AI-772,06:30,6639.00,1,MMT,MMT=6639.00,6639.00,6639.00,0.00,0.000000,1,1,0,0,OBS00826
CELL::BLR|CCU|2026-10-06|Economy Standard|T30(25-35)::ROUND::2026-09-06T09:00::FLT::SG|SG-321|06:15,CELL::BLR|CCU|2026-10-06|Economy Standard|T30(25-35)::ROUND::2026-09-06T09:00,BLR,CCU,2026-10-06,Economy Standard,T30(25-35),ROUND::2026-09-06T09:00,SG,SG-321,06:15,6952.00,1,Cleartrip,Cleartrip=6952.00,6952.00,6952.00,0.00,0.000000,1,1,0,0,OBS01875
CELL::BLR|CCU|2026-10-06|Economy Standard|T30(25-35)::ROUND::2026-09-06T14:30::FLT::AI|AI-772|06:30,CELL::BLR|CCU|2026-10-06|Economy Standard|T30(25-35)::ROUND::2026-09-06T14:30,BLR,CCU,2026-10-06,Economy Standard,T30(25-35),ROUND::2026-09-06T14:30,AI,AI-772,06:30,6739.00,1,Goibibo,Goibibo=6739.00,6739.00,6739.00,0.00,0.000000,1,1,0,0,OBS02363
CELL::BLR|CCU|2026-10-06|Economy Standard|T30(25-35)::ROUND::2026-09-06T20:15::FLT::SG|SG-321|06:15,CELL::BLR|CCU|2026-10-06|Economy Standard|T30(25-35)::ROUND::2026-09-06T20:15,BLR,CCU,2026-10-06,Economy Standard,T30(25-35),ROUND::2026-09-06T20:15,SG,SG-321,06:15,6834.50,2,EaseMyTrip;MMT,EaseMyTrip=6866.00;MMT=6803.00,6803.00,6866.00,63.00,0.009218,2,2,0,0,OBS02880;OBS02881
CELL::BLR|CCU|2026-10-22|Economy Flexi|T45(40-50)::ROUND::2026-09-05T09:00::FLT::6E|6E-904|09:45,CELL::BLR|CCU|2026-10-22|Economy Flexi|T45(40-50)::ROUND::2026-09-05T09:00,BLR,CCU,2026-10-22,Economy Flexi,T45(40-50),ROUND::2026-09-05T09:00,6E,6E-904,09:45,8212.00,2,Goibibo;MMT,Goibibo=8209.00;MMT=8215.00,8209.00,8215.00,6.00,0.000731,2,2,0,0,OBS00316;OBS00317
CELL::BLR|CCU|2026-10-22|Economy Flexi|T45(40-50)::ROUND::2026-09-05T09:00::FLT::SG|SG-321|06:15,CELL::BLR|CCU|2026-10-22|Economy Flexi|T45(40-50)::ROUND::2026-09-05T09:00,BLR,CCU,2026-10-22,Economy Flexi,T45(40-50),ROUND::2026-09-05T09:00,SG,SG-321,06:15,8172.50,2,AirlineSite;Cleartrip,AirlineSite=8290.00;Cleartrip=8055.00,8055.00,8290.00,235.00,0.028755,2,2,0,0,OBS00340;OBS00341
CELL::BLR|CCU|2026-10-22|Economy Flexi|T45(40-50)::ROUND::2026-09-05T14:30::FLT::6E|6E-904|09:45,CELL::BLR|CCU|2026-10-22|Economy Flexi|T45(40-50)::ROUND::2026-09-05T14:30,BLR,CCU,2026-10-22,Economy Flexi,T45(40-50),ROUND::2026-09-05T14:30,6E,6E-904,09:45,7980.00,1,EaseMyTrip,EaseMyTrip=7980.00,7980.00,7980.00,0.00,0.000000,1,1,0,0,OBS00819
CELL::BLR|CCU|2026-10-22|Economy Flexi|T45(40-50)::ROUND::2026-09-05T14:30::FLT::SG|SG-321|06:15,CELL::BLR|CCU|2026-10-22|Economy Flexi|T45(40-50)::ROUND::2026-09-05T14:30,BLR,CCU,2026-10-22,Economy Flexi,T45(40-50),ROUND::2026-09-05T14:30,SG,SG-321,06:15,8061.00,2,AirlineSite;Cleartrip,AirlineSite=8296.00;Cleartrip=7826.00,7826.00,8296.00,470.00,0.058305,2,2,0,0,OBS00839;OBS00840
CELL::BLR|CCU|2026-10-22|Economy Flexi|T45(40-50)::ROUND::2026-09-05T20:15::FLT::AI|AI-772|06:30,CELL::BLR|CCU|2026-10-22|Economy Flexi|T45(40-50)::ROUND::2026-09-05T20:15,BLR,CCU,2026-10-22,Economy Flexi,T45(40-50),ROUND::2026-09-05T20:15,AI,AI-772,06:30,7916.00,1,Goibibo,Goibibo=7916.00,7916.00,7916.00,0.00,0.000000,1,1,0,0,OBS01337
CELL::BLR|CCU|2026-10-22|Economy Flexi|T45(40-50)::ROUND::2026-09-06T09:00::FLT::SG|SG-321|06:15,CELL::BLR|CCU|2026-10-22|Economy Flexi|T45(40-50)::ROUND::2026-09-06T09:00,BLR,CCU,2026-10-22,Economy Flexi,T45(40-50),ROUND::2026-09-06T09:00,SG,SG-321,06:15,7694.00,2,Cleartrip;Goibibo,Cleartrip=7672.00;Goibibo=7716.00,7672.00,7716.00,44.00,0.005719,2,2,0,0,OBS01876;OBS01877
CELL::BLR|CCU|2026-10-22|Economy Flexi|T45(40-50)::ROUND::2026-09-06T14:30::FLT::6E|6E-904|09:45,CELL::BLR|CCU|2026-10-22|Economy Flexi|T45(40-50)::ROUND::2026-09-06T14:30,BLR,CCU,2026-10-22,Economy Flexi,T45(40-50),ROUND::2026-09-06T14:30,6E,6E-904,09:45,7762.50,2,AirlineSite;Cleartrip,AirlineSite=7823.00;Cleartrip=7702.00,7702.00,7823.00,121.00,0.015588,2,2,0,0,OBS02352;OBS02353
CELL::BLR|CCU|2026-10-22|Economy Flexi|T45(40-50)::ROUND::2026-09-06T14:30::FLT::AI|AI-772|06:30,CELL::BLR|CCU|2026-10-22|Economy Flexi|T45(40-50)::ROUND::2026-09-06T14:30,BLR,CCU,2026-10-22,Economy Flexi,T45(40-50),ROUND::2026-09-06T14:30,AI,AI-772,06:30,8122.00,1,Goibibo,Goibibo=8122.00,8122.00,8122.00,0.00,0.000000,1,1,0,0,OBS02364
CELL::BLR|CCU|2026-10-22|Economy Flexi|T45(40-50)::ROUND::2026-09-06T14:30::FLT::SG|SG-321|06:15,CELL::BLR|CCU|2026-10-22|Economy Flexi|T45(40-50)::ROUND::2026-09-06T14:30,BLR,CCU,2026-10-22,Economy Flexi,T45(40-50),ROUND::2026-09-06T14:30,SG,SG-321,06:15,8374.00,1,MMT,MMT=8374.00,8374.00,8374.00,0.00,0.000000,1,1,0,0,OBS02377
CELL::BLR|CCU|2026-10-22|Economy Flexi|T45(40-50)::ROUND::2026-09-06T20:15::FLT::AI|AI-772|06:30,CELL::BLR|CCU|2026-10-22|Economy Flexi|T45(40-50)::ROUND::2026-09-06T20:15,BLR,CCU,2026-10-22,Economy Flexi,T45(40-50),ROUND::2026-09-06T20:15,AI,AI-772,06:30,7899.50,2,AirlineSite;Cleartrip,AirlineSite=8110.00;Cleartrip=7689.00,7689.00,8110.00,421.00,0.053295,2,2,0,0,OBS02869;OBS02870
CELL::BLR|CCU|2026-10-22|Economy Saver|T45(40-50)::ROUND::2026-09-05T09:00::FLT::AI|AI-772|06:30,CELL::BLR|CCU|2026-10-22|Economy Saver|T45(40-50)::ROUND::2026-09-05T09:00,BLR,CCU,2026-10-22,Economy Saver,T45(40-50),ROUND::2026-09-05T09:00,AI,AI-772,06:30,5354.00,2,EaseMyTrip;MMT,EaseMyTrip=5350.00;MMT=5358.00,5350.00,5358.00,8.00,0.001494,2,2,0,0,OBS00330;OBS00331
CELL::BLR|CCU|2026-10-22|Economy Saver|T45(40-50)::ROUND::2026-09-05T14:30::FLT::AI|AI-772|06:30,CELL::BLR|CCU|2026-10-22|Economy Saver|T45(40-50)::ROUND::2026-09-05T14:30,BLR,CCU,2026-10-22,Economy Saver,T45(40-50),ROUND::2026-09-05T14:30,AI,AI-772,06:30,5333.50,2,AirlineSite;EaseMyTrip,AirlineSite=5326.00;EaseMyTrip=5341.00,5326.00,5341.00,15.00,0.002812,2,2,0,0,OBS00828;OBS00829
CELL::BLR|CCU|2026-10-22|Economy Saver|T45(40-50)::ROUND::2026-09-05T20:15::FLT::6E|6E-904|09:45,CELL::BLR|CCU|2026-10-22|Economy Saver|T45(40-50)::ROUND::2026-09-05T20:15,BLR,CCU,2026-10-22,Economy Saver,T45(40-50),ROUND::2026-09-05T20:15,6E,6E-904,09:45,5309.00,1,Goibibo,Goibibo=5309.00,5309.00,5309.00,0.00,0.000000,1,1,0,0,OBS01326
CELL::BLR|CCU|2026-10-22|Economy Saver|T45(40-50)::ROUND::2026-09-05T20:15::FLT::SG|SG-321|06:15,CELL::BLR|CCU|2026-10-22|Economy Saver|T45(40-50)::ROUND::2026-09-05T20:15,BLR,CCU,2026-10-22,Economy Saver,T45(40-50),ROUND::2026-09-05T20:15,SG,SG-321,06:15,5085.00,1,Goibibo,Goibibo=5085.00,5085.00,5085.00,0.00,0.000000,1,1,0,0,OBS01351
CELL::BLR|CCU|2026-10-22|Economy Saver|T45(40-50)::ROUND::2026-09-06T09:00::FLT::AI|AI-772|06:30,CELL::BLR|CCU|2026-10-22|Economy Saver|T45(40-50)::ROUND::2026-09-06T09:00,BLR,CCU,2026-10-22,Economy Saver,T45(40-50),ROUND::2026-09-06T09:00,AI,AI-772,06:30,5013.50,2,AirlineSite;Cleartrip,AirlineSite=4901.00;Cleartrip=5126.00,4901.00,5126.00,225.00,0.044879,2,2,0,0,OBS01866;OBS01867
CELL::BLR|CCU|2026-10-22|Economy Saver|T45(40-50)::ROUND::2026-09-06T09:00::FLT::SG|SG-321|06:15,CELL::BLR|CCU|2026-10-22|Economy Saver|T45(40-50)::ROUND::2026-09-06T09:00,BLR,CCU,2026-10-22,Economy Saver,T45(40-50),ROUND::2026-09-06T09:00,SG,SG-321,06:15,5336.00,1,AirlineSite,AirlineSite=5336.00,5336.00,5336.00,0.00,0.000000,1,1,0,0,OBS01878
CELL::BLR|CCU|2026-10-22|Economy Saver|T45(40-50)::ROUND::2026-09-06T20:15::FLT::6E|6E-904|09:45,CELL::BLR|CCU|2026-10-22|Economy Saver|T45(40-50)::ROUND::2026-09-06T20:15,BLR,CCU,2026-10-22,Economy Saver,T45(40-50),ROUND::2026-09-06T20:15,6E,6E-904,09:45,5156.50,2,AirlineSite;MMT,AirlineSite=5078.00;MMT=5235.00,5078.00,5235.00,157.00,0.030447,2,2,0,0,OBS02857;OBS02858
CELL::BLR|CCU|2026-10-22|Economy Standard|T45(40-50)::ROUND::2026-09-05T09:00::FLT::AI|AI-772|06:30,CELL::BLR|CCU|2026-10-22|Economy Standard|T45(40-50)::ROUND::2026-09-05T09:00,BLR,CCU,2026-10-22,Economy Standard,T45(40-50),ROUND::2026-09-05T09:00,AI,AI-772,06:30,6368.50,2,EaseMyTrip;Goibibo,EaseMyTrip=6392.00;Goibibo=6345.00,6345.00,6392.00,47.00,0.007380,2,2,0,0,OBS00328;OBS00329
CELL::BLR|CCU|2026-10-22|Economy Standard|T45(40-50)::ROUND::2026-09-05T14:30::FLT::SG|SG-321|06:15,CELL::BLR|CCU|2026-10-22|Economy Standard|T45(40-50)::ROUND::2026-09-05T14:30,BLR,CCU,2026-10-22,Economy Standard,T45(40-50),ROUND::2026-09-05T14:30,SG,SG-321,06:15,6937.00,1,MMT,MMT=6937.00,6937.00,6937.00,0.00,0.000000,1,1,0,0,OBS00841
CELL::BLR|CCU|2026-10-22|Economy Standard|T45(40-50)::ROUND::2026-09-05T20:15::FLT::6E|6E-904|09:45,CELL::BLR|CCU|2026-10-22|Economy Standard|T45(40-50)::ROUND::2026-09-05T20:15,BLR,CCU,2026-10-22,Economy Standard,T45(40-50),ROUND::2026-09-05T20:15,6E,6E-904,09:45,6517.00,1,Cleartrip,Cleartrip=6517.00,6517.00,6517.00,0.00,0.000000,1,1,0,0,OBS01325
CELL::BLR|CCU|2026-10-22|Economy Standard|T45(40-50)::ROUND::2026-09-05T20:15::FLT::AI|AI-772|06:30,CELL::BLR|CCU|2026-10-22|Economy Standard|T45(40-50)::ROUND::2026-09-05T20:15,BLR,CCU,2026-10-22,Economy Standard,T45(40-50),ROUND::2026-09-05T20:15,AI,AI-772,06:30,6377.00,1,Cleartrip,Cleartrip=6377.00,6377.00,6377.00,0.00,0.000000,1,1,0,0,OBS01336
CELL::BLR|CCU|2026-10-22|Economy Standard|T45(40-50)::ROUND::2026-09-05T20:15::FLT::SG|SG-321|06:15,CELL::BLR|CCU|2026-10-22|Economy Standard|T45(40-50)::ROUND::2026-09-05T20:15,BLR,CCU,2026-10-22,Economy Standard,T45(40-50),ROUND::2026-09-05T20:15,SG,SG-321,06:15,6571.00,2,AirlineSite;MMT,AirlineSite=6649.00;MMT=6493.00,6493.00,6649.00,156.00,0.023741,2,2,0,0,OBS01349;OBS01350
CELL::BLR|CCU|2026-10-22|Economy Standard|T45(40-50)::ROUND::2026-09-06T09:00::FLT::6E|6E-904|09:45,CELL::BLR|CCU|2026-10-22|Economy Standard|T45(40-50)::ROUND::2026-09-06T09:00,BLR,CCU,2026-10-22,Economy Standard,T45(40-50),ROUND::2026-09-06T09:00,6E,6E-904,09:45,6660.00,1,Goibibo,Goibibo=6660.00,6660.00,6660.00,0.00,0.000000,1,1,0,0,OBS01858
CELL::BLR|CCU|2026-10-22|Economy Standard|T45(40-50)::ROUND::2026-09-06T14:30::FLT::6E|6E-904|09:45,CELL::BLR|CCU|2026-10-22|Economy Standard|T45(40-50)::ROUND::2026-09-06T14:30,BLR,CCU,2026-10-22,Economy Standard,T45(40-50),ROUND::2026-09-06T14:30,6E,6E-904,09:45,6655.00,1,AirlineSite,AirlineSite=6655.00,6655.00,6655.00,0.00,0.000000,1,1,0,0,OBS02354
CELL::BLR|CCU|2026-10-22|Economy Standard|T45(40-50)::ROUND::2026-09-06T14:30::FLT::SG|SG-321|06:15,CELL::BLR|CCU|2026-10-22|Economy Standard|T45(40-50)::ROUND::2026-09-06T14:30,BLR,CCU,2026-10-22,Economy Standard,T45(40-50),ROUND::2026-09-06T14:30,SG,SG-321,06:15,6730.50,2,Cleartrip;Goibibo,Cleartrip=6683.00;Goibibo=6778.00,6683.00,6778.00,95.00,0.014115,2,2,0,0,OBS02375;OBS02376
CELL::BLR|CCU|2026-10-22|Economy Standard|T45(40-50)::ROUND::2026-09-06T20:15::FLT::SG|SG-321|06:15,CELL::BLR|CCU|2026-10-22|Economy Standard|T45(40-50)::ROUND::2026-09-06T20:15,BLR,CCU,2026-10-22,Economy Standard,T45(40-50),ROUND::2026-09-06T20:15,SG,SG-321,06:15,6834.00,2,EaseMyTrip;Goibibo,EaseMyTrip=6904.00;Goibibo=6764.00,6764.00,6904.00,140.00,0.020486,2,2,0,0,OBS02882;OBS02883
CELL::BLR|COK|2026-09-07|Economy Flexi|T1(0-2)::ROUND::2026-09-05T09:00::FLT::AI|AI-512|11:45,CELL::BLR|COK|2026-09-07|Economy Flexi|T1(0-2)::ROUND::2026-09-05T09:00,BLR,COK,2026-09-07,Economy Flexi,T1(0-2),ROUND::2026-09-05T09:00,AI,AI-512,11:45,11428.00,2,Cleartrip;Goibibo,Cleartrip=11517.00;Goibibo=11339.00,11339.00,11517.00,178.00,0.015576,2,2,0,0,OBS00458;OBS00459
CELL::BLR|COK|2026-09-07|Economy Flexi|T1(0-2)::ROUND::2026-09-05T09:00::FLT::IX|IX-431|19:30,CELL::BLR|COK|2026-09-07|Economy Flexi|T1(0-2)::ROUND::2026-09-05T09:00,BLR,COK,2026-09-07,Economy Flexi,T1(0-2),ROUND::2026-09-05T09:00,IX,IX-431,19:30,11227.50,2,AirlineSite;Goibibo,AirlineSite=11406.00;Goibibo=11049.00,11049.00,11406.00,357.00,0.031797,2,2,0,0,OBS00470;OBS00471
CELL::BLR|COK|2026-09-07|Economy Flexi|T1(0-2)::ROUND::2026-09-05T14:30::FLT::AI|AI-512|11:45,CELL::BLR|COK|2026-09-07|Economy Flexi|T1(0-2)::ROUND::2026-09-05T14:30,BLR,COK,2026-09-07,Economy Flexi,T1(0-2),ROUND::2026-09-05T14:30,AI,AI-512,11:45,11633.00,2,Goibibo;MMT,Goibibo=11457.00;MMT=11809.00,11457.00,11809.00,352.00,0.030259,2,2,0,0,OBS00948;OBS00949
CELL::BLR|COK|2026-09-07|Economy Flexi|T1(0-2)::ROUND::2026-09-05T14:30::FLT::IX|IX-431|19:30,CELL::BLR|COK|2026-09-07|Economy Flexi|T1(0-2)::ROUND::2026-09-05T14:30,BLR,COK,2026-09-07,Economy Flexi,T1(0-2),ROUND::2026-09-05T14:30,IX,IX-431,19:30,11516.50,2,Cleartrip;EaseMyTrip,Cleartrip=11623.00;EaseMyTrip=11410.00,11410.00,11623.00,213.00,0.018495,2,2,0,0,OBS00964;OBS00965
CELL::BLR|COK|2026-09-07|Economy Flexi|T1(0-2)::ROUND::2026-09-06T09:00::FLT::6E|6E-521|21:30,CELL::BLR|COK|2026-09-07|Economy Flexi|T1(0-2)::ROUND::2026-09-06T09:00,BLR,COK,2026-09-07,Economy Flexi,T1(0-2),ROUND::2026-09-06T09:00,6E,6E-521,21:30,11303.00,2,Goibibo;MMT,Goibibo=11378.00;MMT=11228.00,11228.00,11378.00,150.00,0.013271,2,2,0,0,OBS01978;OBS01979
CELL::BLR|COK|2026-09-07|Economy Flexi|T1(0-2)::ROUND::2026-09-06T09:00::FLT::AI|AI-512|11:45,CELL::BLR|COK|2026-09-07|Economy Flexi|T1(0-2)::ROUND::2026-09-06T09:00,BLR,COK,2026-09-07,Economy Flexi,T1(0-2),ROUND::2026-09-06T09:00,AI,AI-512,11:45,11731.00,1,MMT,MMT=11731.00,11731.00,11731.00,0.00,0.000000,1,1,0,0,OBS01987
CELL::BLR|COK|2026-09-07|Economy Flexi|T1(0-2)::ROUND::2026-09-06T09:00::FLT::IX|IX-431|19:30,CELL::BLR|COK|2026-09-07|Economy Flexi|T1(0-2)::ROUND::2026-09-06T09:00,BLR,COK,2026-09-07,Economy Flexi,T1(0-2),ROUND::2026-09-06T09:00,IX,IX-431,19:30,12056.00,2,AirlineSite;EaseMyTrip,AirlineSite=12095.00;EaseMyTrip=12017.00,12017.00,12095.00,78.00,0.006470,2,2,0,0,OBS01997;OBS01998
CELL::BLR|COK|2026-09-07|Economy Saver|T1(0-2)::ROUND::2026-09-05T09:00::FLT::6E|6E-521|21:30,CELL::BLR|COK|2026-09-07|Economy Saver|T1(0-2)::ROUND::2026-09-05T09:00,BLR,COK,2026-09-07,Economy Saver,T1(0-2),ROUND::2026-09-05T09:00,6E,6E-521,21:30,7566.00,2,Goibibo;MMT,Goibibo=7376.00;MMT=7756.00,7376.00,7756.00,380.00,0.050225,2,2,0,0,OBS00451;OBS00452
CELL::BLR|COK|2026-09-07|Economy Saver|T1(0-2)::ROUND::2026-09-05T14:30::FLT::AI|AI-512|11:45,CELL::BLR|COK|2026-09-07|Economy Saver|T1(0-2)::ROUND::2026-09-05T14:30,BLR,COK,2026-09-07,Economy Saver,T1(0-2),ROUND::2026-09-05T14:30,AI,AI-512,11:45,7514.50,2,AirlineSite;EaseMyTrip,AirlineSite=7563.00;EaseMyTrip=7466.00,7466.00,7563.00,97.00,0.012908,2,2,0,0,OBS00950;OBS00951
CELL::BLR|COK|2026-09-07|Economy Saver|T1(0-2)::ROUND::2026-09-05T20:15::FLT::6E|6E-521|21:30,CELL::BLR|COK|2026-09-07|Economy Saver|T1(0-2)::ROUND::2026-09-05T20:15,BLR,COK,2026-09-07,Economy Saver,T1(0-2),ROUND::2026-09-05T20:15,6E,6E-521,21:30,7431.00,1,Cleartrip,Cleartrip=7431.00,7431.00,7431.00,0.00,0.000000,1,1,0,0,OBS01456
CELL::BLR|COK|2026-09-07|Economy Saver|T1(0-2)::ROUND::2026-09-05T20:15::FLT::IX|IX-431|19:30,CELL::BLR|COK|2026-09-07|Economy Saver|T1(0-2)::ROUND::2026-09-05T20:15,BLR,COK,2026-09-07,Economy Saver,T1(0-2),ROUND::2026-09-05T20:15,IX,IX-431,19:30,7328.50,2,Cleartrip;MMT,Cleartrip=7135.00;MMT=7522.00,7135.00,7522.00,387.00,0.052808,2,2,0,0,OBS01485;OBS01486
CELL::BLR|COK|2026-09-07|Economy Saver|T1(0-2)::ROUND::2026-09-06T09:00::FLT::AI|AI-512|11:45,CELL::BLR|COK|2026-09-07|Economy Saver|T1(0-2)::ROUND::2026-09-06T09:00,BLR,COK,2026-09-07,Economy Saver,T1(0-2),ROUND::2026-09-06T09:00,AI,AI-512,11:45,7580.00,1,Goibibo,Goibibo=7580.00,7580.00,7580.00,0.00,0.000000,1,1,0,0,OBS01986
CELL::BLR|COK|2026-09-07|Economy Saver|T1(0-2)::ROUND::2026-09-06T14:30::FLT::6E|6E-521|21:30,CELL::BLR|COK|2026-09-07|Economy Saver|T1(0-2)::ROUND::2026-09-06T14:30,BLR,COK,2026-09-07,Economy Saver,T1(0-2),ROUND::2026-09-06T14:30,6E,6E-521,21:30,7788.00,1,EaseMyTrip,EaseMyTrip=7788.00,7788.00,7788.00,0.00,0.000000,1,1,0,0,OBS02469
CELL::BLR|COK|2026-09-07|Economy Standard|T1(0-2)::ROUND::2026-09-05T09:00::FLT::6E|6E-521|21:30,CELL::BLR|COK|2026-09-07|Economy Standard|T1(0-2)::ROUND::2026-09-05T09:00,BLR,COK,2026-09-07,Economy Standard,T1(0-2),ROUND::2026-09-05T09:00,6E,6E-521,21:30,9479.50,2,Goibibo;MMT,Goibibo=9747.00;MMT=9212.00,9212.00,9747.00,535.00,0.056438,2,2,0,0,OBS00449;OBS00450
CELL::BLR|COK|2026-09-07|Economy Standard|T1(0-2)::ROUND::2026-09-05T14:30::FLT::6E|6E-521|21:30,CELL::BLR|COK|2026-09-07|Economy Standard|T1(0-2)::ROUND::2026-09-05T14:30,BLR,COK,2026-09-07,Economy Standard,T1(0-2),ROUND::2026-09-05T14:30,6E,6E-521,21:30,9433.50,2,AirlineSite;Cleartrip,AirlineSite=9199.00;Cleartrip=9668.00,9199.00,9668.00,469.00,0.049716,2,2,0,0,OBS00936;OBS00937
CELL::BLR|COK|2026-09-07|Economy Standard|T1(0-2)::ROUND::2026-09-05T14:30::FLT::IX|IX-431|19:30,CELL::BLR|COK|2026-09-07|Economy Standard|T1(0-2)::ROUND::2026-09-05T14:30,BLR,COK,2026-09-07,Economy Standard,T1(0-2),ROUND::2026-09-05T14:30,IX,IX-431,19:30,9871.00,1,Cleartrip,Cleartrip=9871.00,9871.00,9871.00,0.00,0.000000,1,1,0,0,OBS00966
CELL::BLR|COK|2026-09-07|Economy Standard|T1(0-2)::ROUND::2026-09-05T20:15::FLT::AI|AI-512|11:45,CELL::BLR|COK|2026-09-07|Economy Standard|T1(0-2)::ROUND::2026-09-05T20:15,BLR,COK,2026-09-07,Economy Standard,T1(0-2),ROUND::2026-09-05T20:15,AI,AI-512,11:45,9560.00,2,AirlineSite;Cleartrip,AirlineSite=9265.00;Cleartrip=9855.00,9265.00,9855.00,590.00,0.061715,2,2,0,0,OBS01470;OBS01471
CELL::BLR|COK|2026-09-07|Economy Standard|T1(0-2)::ROUND::2026-09-06T09:00::FLT::IX|IX-431|19:30,CELL::BLR|COK|2026-09-07|Economy Standard|T1(0-2)::ROUND::2026-09-06T09:00,BLR,COK,2026-09-07,Economy Standard,T1(0-2),ROUND::2026-09-06T09:00,IX,IX-431,19:30,10136.00,1,Cleartrip,Cleartrip=10136.00,10136.00,10136.00,0.00,0.000000,1,1,0,0,OBS01999
CELL::BLR|COK|2026-09-07|Economy Standard|T1(0-2)::ROUND::2026-09-06T14:30::FLT::AI|AI-512|11:45,CELL::BLR|COK|2026-09-07|Economy Standard|T1(0-2)::ROUND::2026-09-06T14:30,BLR,COK,2026-09-07,Economy Standard,T1(0-2),ROUND::2026-09-06T14:30,AI,AI-512,11:45,9752.00,2,AirlineSite;EaseMyTrip,AirlineSite=9811.00;EaseMyTrip=9693.00,9693.00,9811.00,118.00,0.012100,2,2,0,0,OBS02480;OBS02481
CELL::BLR|COK|2026-09-07|Economy Standard|T1(0-2)::ROUND::2026-09-06T14:30::FLT::IX|IX-431|19:30,CELL::BLR|COK|2026-09-07|Economy Standard|T1(0-2)::ROUND::2026-09-06T14:30,BLR,COK,2026-09-07,Economy Standard,T1(0-2),ROUND::2026-09-06T14:30,IX,IX-431,19:30,9507.00,1,EaseMyTrip,EaseMyTrip=9507.00,9507.00,9507.00,0.00,0.000000,1,1,0,0,OBS02492
CELL::BLR|COK|2026-09-13|Economy Flexi|T7(5-9)::ROUND::2026-09-05T09:00::FLT::IX|IX-431|19:30,CELL::BLR|COK|2026-09-13|Economy Flexi|T7(5-9)::ROUND::2026-09-05T09:00,BLR,COK,2026-09-13,Economy Flexi,T7(5-9),ROUND::2026-09-05T09:00,IX,IX-431,19:30,10722.00,1,EaseMyTrip,EaseMyTrip=10722.00,10722.00,10722.00,0.00,0.000000,1,1,0,0,OBS00472
CELL::BLR|COK|2026-09-13|Economy Flexi|T7(5-9)::ROUND::2026-09-05T14:30::FLT::6E|6E-521|21:30,CELL::BLR|COK|2026-09-13|Economy Flexi|T7(5-9)::ROUND::2026-09-05T14:30,BLR,COK,2026-09-13,Economy Flexi,T7(5-9),ROUND::2026-09-05T14:30,6E,6E-521,21:30,10842.00,1,EaseMyTrip,EaseMyTrip=10842.00,10842.00,10842.00,0.00,0.000000,1,1,0,0,OBS00938
CELL::BLR|COK|2026-09-13|Economy Flexi|T7(5-9)::ROUND::2026-09-05T14:30::FLT::AI|AI-512|11:45,CELL::BLR|COK|2026-09-13|Economy Flexi|T7(5-9)::ROUND::2026-09-05T14:30,BLR,COK,2026-09-13,Economy Flexi,T7(5-9),ROUND::2026-09-05T14:30,AI,AI-512,11:45,10135.00,1,EaseMyTrip,EaseMyTrip=10135.00,10135.00,10135.00,0.00,0.000000,1,1,0,0,OBS00952
CELL::BLR|COK|2026-09-13|Economy Flexi|T7(5-9)::ROUND::2026-09-05T14:30::FLT::IX|IX-431|19:30,CELL::BLR|COK|2026-09-13|Economy Flexi|T7(5-9)::ROUND::2026-09-05T14:30,BLR,COK,2026-09-13,Economy Flexi,T7(5-9),ROUND::2026-09-05T14:30,IX,IX-431,19:30,10278.00,1,Cleartrip,Cleartrip=10278.00,10278.00,10278.00,0.00,0.000000,1,1,0,0,OBS00967
CELL::BLR|COK|2026-09-13|Economy Flexi|T7(5-9)::ROUND::2026-09-05T20:15::FLT::AI|AI-512|11:45,CELL::BLR|COK|2026-09-13|Economy Flexi|T7(5-9)::ROUND::2026-09-05T20:15,BLR,COK,2026-09-13,Economy Flexi,T7(5-9),ROUND::2026-09-05T20:15,AI,AI-512,11:45,10576.00,2,AirlineSite;Cleartrip,AirlineSite=10776.00;Cleartrip=10376.00,10376.00,10776.00,400.00,0.037821,2,2,0,0,OBS01472;OBS01473
CELL::BLR|COK|2026-09-13|Economy Flexi|T7(5-9)::ROUND::2026-09-05T20:15::FLT::IX|IX-431|19:30,CELL::BLR|COK|2026-09-13|Economy Flexi|T7(5-9)::ROUND::2026-09-05T20:15,BLR,COK,2026-09-13,Economy Flexi,T7(5-9),ROUND::2026-09-05T20:15,IX,IX-431,19:30,10810.00,1,AirlineSite,AirlineSite=10810.00,10810.00,10810.00,0.00,0.000000,1,1,0,0,OBS01487
CELL::BLR|COK|2026-09-13|Economy Flexi|T7(5-9)::ROUND::2026-09-06T09:00::FLT::AI|AI-512|11:45,CELL::BLR|COK|2026-09-13|Economy Flexi|T7(5-9)::ROUND::2026-09-06T09:00,BLR,COK,2026-09-13,Economy Flexi,T7(5-9),ROUND::2026-09-06T09:00,AI,AI-512,11:45,10205.50,2,Cleartrip;EaseMyTrip,Cleartrip=10191.00;EaseMyTrip=10220.00,10191.00,10220.00,29.00,0.002842,2,2,0,0,OBS01988;OBS01989
CELL::BLR|COK|2026-09-13|Economy Flexi|T7(5-9)::ROUND::2026-09-06T09:00::FLT::IX|IX-431|19:30,CELL::BLR|COK|2026-09-13|Economy Flexi|T7(5-9)::ROUND::2026-09-06T09:00,BLR,COK,2026-09-13,Economy Flexi,T7(5-9),ROUND::2026-09-06T09:00,IX,IX-431,19:30,10615.50,2,Cleartrip;MMT,Cleartrip=10870.00;MMT=10361.00,10361.00,10870.00,509.00,0.047949,2,2,0,0,OBS02000;OBS02001
CELL::BLR|COK|2026-09-13|Economy Flexi|T7(5-9)::ROUND::2026-09-06T14:30::FLT::6E|6E-521|21:30,CELL::BLR|COK|2026-09-13|Economy Flexi|T7(5-9)::ROUND::2026-09-06T14:30,BLR,COK,2026-09-13,Economy Flexi,T7(5-9),ROUND::2026-09-06T14:30,6E,6E-521,21:30,10380.50,2,Cleartrip;Goibibo,Cleartrip=10333.00;Goibibo=10428.00,10333.00,10428.00,95.00,0.009152,2,2,0,0,OBS02471;OBS02472
CELL::BLR|COK|2026-09-13|Economy Flexi|T7(5-9)::ROUND::2026-09-06T14:30::FLT::IX|IX-431|19:30,CELL::BLR|COK|2026-09-13|Economy Flexi|T7(5-9)::ROUND::2026-09-06T14:30,BLR,COK,2026-09-13,Economy Flexi,T7(5-9),ROUND::2026-09-06T14:30,IX,IX-431,19:30,10876.50,2,AirlineSite;EaseMyTrip,AirlineSite=10974.00;EaseMyTrip=10779.00,10779.00,10974.00,195.00,0.017929,2,2,0,0,OBS02494;OBS02495
CELL::BLR|COK|2026-09-13|Economy Saver|T7(5-9)::ROUND::2026-09-05T09:00::FLT::AI|AI-512|11:45,CELL::BLR|COK|2026-09-13|Economy Saver|T7(5-9)::ROUND::2026-09-05T09:00,BLR,COK,2026-09-13,Economy Saver,T7(5-9),ROUND::2026-09-05T09:00,AI,AI-512,11:45,6553.00,1,AirlineSite,AirlineSite=6553.00,6553.00,6553.00,0.00,0.000000,1,1,0,0,OBS00462
CELL::BLR|COK|2026-09-13|Economy Saver|T7(5-9)::ROUND::2026-09-05T20:15::FLT::6E|6E-521|21:30,CELL::BLR|COK|2026-09-13|Economy Saver|T7(5-9)::ROUND::2026-09-05T20:15,BLR,COK,2026-09-13,Economy Saver,T7(5-9),ROUND::2026-09-05T20:15,6E,6E-521,21:30,6636.00,2,AirlineSite;Goibibo,AirlineSite=6833.00;Goibibo=6439.00,6439.00,6833.00,394.00,0.059373,2,2,0,0,OBS01459;OBS01460
CELL::BLR|COK|2026-09-13|Economy Saver|T7(5-9)::ROUND::2026-09-06T09:00::FLT::6E|6E-521|21:30,CELL::BLR|COK|2026-09-13|Economy Saver|T7(5-9)::ROUND::2026-09-06T09:00,BLR,COK,2026-09-13,Economy Saver,T7(5-9),ROUND::2026-09-06T09:00,6E,6E-521,21:30,6867.00,1,MMT,MMT=6867.00,6867.00,6867.00,0.00,0.000000,1,1,0,0,OBS01980
CELL::BLR|COK|2026-09-13|Economy Saver|T7(5-9)::ROUND::2026-09-06T14:30::FLT::AI|AI-512|11:45,CELL::BLR|COK|2026-09-13|Economy Saver|T7(5-9)::ROUND::2026-09-06T14:30,BLR,COK,2026-09-13,Economy Saver,T7(5-9),ROUND::2026-09-06T14:30,AI,AI-512,11:45,7095.00,2,AirlineSite;EaseMyTrip,AirlineSite=7051.00;EaseMyTrip=7139.00,7051.00,7139.00,88.00,0.012403,2,2,0,0,OBS02482;OBS02483
CELL::BLR|COK|2026-09-13|Economy Standard|T7(5-9)::ROUND::2026-09-05T09:00::FLT::6E|6E-521|21:30,CELL::BLR|COK|2026-09-13|Economy Standard|T7(5-9)::ROUND::2026-09-05T09:00,BLR,COK,2026-09-13,Economy Standard,T7(5-9),ROUND::2026-09-05T09:00,6E,6E-521,21:30,8221.00,1,Cleartrip,Cleartrip=8221.00,8221.00,8221.00,0.00,0.000000,1,1,0,0,OBS00453
CELL::BLR|COK|2026-09-13|Economy Standard|T7(5-9)::ROUND::2026-09-05T09:00::FLT::AI|AI-512|11:45,CELL::BLR|COK|2026-09-13|Economy Standard|T7(5-9)::ROUND::2026-09-05T09:00,BLR,COK,2026-09-13,Economy Standard,T7(5-9),ROUND::2026-09-05T09:00,AI,AI-512,11:45,8274.50,2,Cleartrip;MMT,Cleartrip=8439.00;MMT=8110.00,8110.00,8439.00,329.00,0.039761,2,2,0,0,OBS00460;OBS00461
CELL::BLR|COK|2026-09-13|Economy Standard|T7(5-9)::ROUND::2026-09-05T09:00::FLT::IX|IX-431|19:30,CELL::BLR|COK|2026-09-13|Economy Standard|T7(5-9)::ROUND::2026-09-05T09:00,BLR,COK,2026-09-13,Economy Standard,T7(5-9),ROUND::2026-09-05T09:00,IX,IX-431,19:30,8913.00,1,AirlineSite,AirlineSite=8913.00,8913.00,8913.00,0.00,0.000000,1,1,0,0,OBS00473
CELL::BLR|COK|2026-09-13|Economy Standard|T7(5-9)::ROUND::2026-09-05T14:30::FLT::6E|6E-521|21:30,CELL::BLR|COK|2026-09-13|Economy Standard|T7(5-9)::ROUND::2026-09-05T14:30,BLR,COK,2026-09-13,Economy Standard,T7(5-9),ROUND::2026-09-05T14:30,6E,6E-521,21:30,8533.50,2,Cleartrip;MMT,Cleartrip=8843.00;MMT=8224.00,8224.00,8843.00,619.00,0.072538,2,2,0,0,OBS00939;OBS00940
CELL::BLR|COK|2026-09-13|Economy Standard|T7(5-9)::ROUND::2026-09-05T14:30::FLT::AI|AI-512|11:45,CELL::BLR|COK|2026-09-13|Economy Standard|T7(5-9)::ROUND::2026-09-05T14:30,BLR,COK,2026-09-13,Economy Standard,T7(5-9),ROUND::2026-09-05T14:30,AI,AI-512,11:45,8459.50,2,Cleartrip;EaseMyTrip,Cleartrip=8484.00;EaseMyTrip=8435.00,8435.00,8484.00,49.00,0.005792,2,2,0,0,OBS00953;OBS00954
CELL::BLR|COK|2026-09-13|Economy Standard|T7(5-9)::ROUND::2026-09-05T20:15::FLT::6E|6E-521|21:30,CELL::BLR|COK|2026-09-13|Economy Standard|T7(5-9)::ROUND::2026-09-05T20:15,BLR,COK,2026-09-13,Economy Standard,T7(5-9),ROUND::2026-09-05T20:15,6E,6E-521,21:30,8585.00,2,EaseMyTrip;MMT,EaseMyTrip=8925.00;MMT=8245.00,8245.00,8925.00,680.00,0.079208,2,2,0,0,OBS01457;OBS01458
CELL::BLR|COK|2026-09-13|Economy Standard|T7(5-9)::ROUND::2026-09-05T20:15::FLT::AI|AI-512|11:45,CELL::BLR|COK|2026-09-13|Economy Standard|T7(5-9)::ROUND::2026-09-05T20:15,BLR,COK,2026-09-13,Economy Standard,T7(5-9),ROUND::2026-09-05T20:15,AI,AI-512,11:45,8653.50,2,AirlineSite;Goibibo,AirlineSite=8522.00;Goibibo=8785.00,8522.00,8785.00,263.00,0.030392,2,2,0,0,OBS01474;OBS01475
CELL::BLR|COK|2026-09-13|Economy Standard|T7(5-9)::ROUND::2026-09-05T20:15::FLT::IX|IX-431|19:30,CELL::BLR|COK|2026-09-13|Economy Standard|T7(5-9)::ROUND::2026-09-05T20:15,BLR,COK,2026-09-13,Economy Standard,T7(5-9),ROUND::2026-09-05T20:15,IX,IX-431,19:30,8728.00,1,AirlineSite,AirlineSite=8728.00,8728.00,8728.00,0.00,0.000000,1,1,0,0,OBS01488
CELL::BLR|COK|2026-09-13|Economy Standard|T7(5-9)::ROUND::2026-09-06T09:00::FLT::AI|AI-512|11:45,CELL::BLR|COK|2026-09-13|Economy Standard|T7(5-9)::ROUND::2026-09-06T09:00,BLR,COK,2026-09-13,Economy Standard,T7(5-9),ROUND::2026-09-06T09:00,AI,AI-512,11:45,8690.00,1,EaseMyTrip,EaseMyTrip=8690.00,8690.00,8690.00,0.00,0.000000,1,1,0,0,OBS01990
CELL::BLR|COK|2026-09-13|Economy Standard|T7(5-9)::ROUND::2026-09-06T14:30::FLT::6E|6E-521|21:30,CELL::BLR|COK|2026-09-13|Economy Standard|T7(5-9)::ROUND::2026-09-06T14:30,BLR,COK,2026-09-13,Economy Standard,T7(5-9),ROUND::2026-09-06T14:30,6E,6E-521,21:30,8759.00,1,MMT,MMT=8759.00,8759.00,8759.00,0.00,0.000000,1,1,0,0,OBS02470
CELL::BLR|COK|2026-09-13|Economy Standard|T7(5-9)::ROUND::2026-09-06T14:30::FLT::AI|AI-512|11:45,CELL::BLR|COK|2026-09-13|Economy Standard|T7(5-9)::ROUND::2026-09-06T14:30,BLR,COK,2026-09-13,Economy Standard,T7(5-9),ROUND::2026-09-06T14:30,AI,AI-512,11:45,8912.50,2,Goibibo;MMT,Goibibo=8887.00;MMT=8938.00,8887.00,8938.00,51.00,0.005722,2,2,0,0,OBS02484;OBS02485
CELL::BLR|COK|2026-09-13|Economy Standard|T7(5-9)::ROUND::2026-09-06T14:30::FLT::IX|IX-431|19:30,CELL::BLR|COK|2026-09-13|Economy Standard|T7(5-9)::ROUND::2026-09-06T14:30,BLR,COK,2026-09-13,Economy Standard,T7(5-9),ROUND::2026-09-06T14:30,IX,IX-431,19:30,8598.00,1,Cleartrip,Cleartrip=8598.00,8598.00,8598.00,0.00,0.000000,1,1,0,0,OBS02493
CELL::BLR|COK|2026-09-21|Economy Flexi|T15(12-18)::ROUND::2026-09-05T14:30::FLT::6E|6E-521|21:30,CELL::BLR|COK|2026-09-21|Economy Flexi|T15(12-18)::ROUND::2026-09-05T14:30,BLR,COK,2026-09-21,Economy Flexi,T15(12-18),ROUND::2026-09-05T14:30,6E,6E-521,21:30,9092.00,1,MMT,MMT=9092.00,9092.00,9092.00,0.00,0.000000,1,1,0,0,OBS00941
CELL::BLR|COK|2026-09-21|Economy Flexi|T15(12-18)::ROUND::2026-09-05T14:30::FLT::AI|AI-512|11:45,CELL::BLR|COK|2026-09-21|Economy Flexi|T15(12-18)::ROUND::2026-09-05T14:30,BLR,COK,2026-09-21,Economy Flexi,T15(12-18),ROUND::2026-09-05T14:30,AI,AI-512,11:45,8773.00,2,Goibibo;MMT,Goibibo=8469.00;MMT=9077.00,8469.00,9077.00,608.00,0.069304,2,2,0,0,OBS00957;OBS00958
CELL::BLR|COK|2026-09-21|Economy Flexi|T15(12-18)::ROUND::2026-09-05T14:30::FLT::IX|IX-431|19:30,CELL::BLR|COK|2026-09-21|Economy Flexi|T15(12-18)::ROUND::2026-09-05T14:30,BLR,COK,2026-09-21,Economy Flexi,T15(12-18),ROUND::2026-09-05T14:30,IX,IX-431,19:30,8930.00,1,Goibibo,Goibibo=8930.00,8930.00,8930.00,0.00,0.000000,1,1,0,0,OBS00968
CELL::BLR|COK|2026-09-21|Economy Flexi|T15(12-18)::ROUND::2026-09-05T20:15::FLT::6E|6E-521|21:30,CELL::BLR|COK|2026-09-21|Economy Flexi|T15(12-18)::ROUND::2026-09-05T20:15,BLR,COK,2026-09-21,Economy Flexi,T15(12-18),ROUND::2026-09-05T20:15,6E,6E-521,21:30,8511.00,1,Goibibo,Goibibo=8511.00,8511.00,8511.00,0.00,0.000000,1,1,0,0,OBS01461
CELL::BLR|COK|2026-09-21|Economy Flexi|T15(12-18)::ROUND::2026-09-05T20:15::FLT::AI|AI-512|11:45,CELL::BLR|COK|2026-09-21|Economy Flexi|T15(12-18)::ROUND::2026-09-05T20:15,BLR,COK,2026-09-21,Economy Flexi,T15(12-18),ROUND::2026-09-05T20:15,AI,AI-512,11:45,8888.50,2,AirlineSite;EaseMyTrip,AirlineSite=8893.00;EaseMyTrip=8884.00,8884.00,8893.00,9.00,0.001013,2,2,0,0,OBS01476;OBS01477
CELL::BLR|COK|2026-09-21|Economy Flexi|T15(12-18)::ROUND::2026-09-05T20:15::FLT::IX|IX-431|19:30,CELL::BLR|COK|2026-09-21|Economy Flexi|T15(12-18)::ROUND::2026-09-05T20:15,BLR,COK,2026-09-21,Economy Flexi,T15(12-18),ROUND::2026-09-05T20:15,IX,IX-431,19:30,8956.00,1,MMT,MMT=8956.00,8956.00,8956.00,0.00,0.000000,1,1,0,0,OBS01489
CELL::BLR|COK|2026-09-21|Economy Flexi|T15(12-18)::ROUND::2026-09-06T09:00::FLT::6E|6E-521|21:30,CELL::BLR|COK|2026-09-21|Economy Flexi|T15(12-18)::ROUND::2026-09-06T09:00,BLR,COK,2026-09-21,Economy Flexi,T15(12-18),ROUND::2026-09-06T09:00,6E,6E-521,21:30,9198.00,2,Cleartrip;Goibibo,Cleartrip=9398.00;Goibibo=8998.00,8998.00,9398.00,400.00,0.043488,2,2,0,0,OBS01981;OBS01982
CELL::BLR|COK|2026-09-21|Economy Flexi|T15(12-18)::ROUND::2026-09-06T14:30::FLT::AI|AI-512|11:45,CELL::BLR|COK|2026-09-21|Economy Flexi|T15(12-18)::ROUND::2026-09-06T14:30,BLR,COK,2026-09-21,Economy Flexi,T15(12-18),ROUND::2026-09-06T14:30,AI,AI-512,11:45,9069.00,1,Goibibo,Goibibo=9069.00,9069.00,9069.00,0.00,0.000000,1,1,0,0,OBS02487
CELL::BLR|COK|2026-09-21|Economy Flexi|T15(12-18)::ROUND::2026-09-06T14:30::FLT::IX|IX-431|19:30,CELL::BLR|COK|2026-09-21|Economy Flexi|T15(12-18)::ROUND::2026-09-06T14:30,BLR,COK,2026-09-21,Economy Flexi,T15(12-18),ROUND::2026-09-06T14:30,IX,IX-431,19:30,8752.00,1,AirlineSite,AirlineSite=8752.00,8752.00,8752.00,0.00,0.000000,1,1,0,0,OBS02496
CELL::BLR|COK|2026-09-21|Economy Saver|T15(12-18)::ROUND::2026-09-05T09:00::FLT::6E|6E-521|21:30,CELL::BLR|COK|2026-09-21|Economy Saver|T15(12-18)::ROUND::2026-09-05T09:00,BLR,COK,2026-09-21,Economy Saver,T15(12-18),ROUND::2026-09-05T09:00,6E,6E-521,21:30,5536.00,1,AirlineSite,AirlineSite=5536.00,5536.00,5536.00,0.00,0.000000,1,1,0,0,OBS00455
CELL::BLR|COK|2026-09-21|Economy Saver|T15(12-18)::ROUND::2026-09-05T09:00::FLT::AI|AI-512|11:45,CELL::BLR|COK|2026-09-21|Economy Saver|T15(12-18)::ROUND::2026-09-05T09:00,BLR,COK,2026-09-21,Economy Saver,T15(12-18),ROUND::2026-09-05T09:00,AI,AI-512,11:45,5684.00,1,Goibibo,Goibibo=5684.00,5684.00,5684.00,0.00,0.000000,1,1,0,0,OBS00464
CELL::BLR|COK|2026-09-21|Economy Saver|T15(12-18)::ROUND::2026-09-05T09:00::FLT::IX|IX-431|19:30,CELL::BLR|COK|2026-09-21|Economy Saver|T15(12-18)::ROUND::2026-09-05T09:00,BLR,COK,2026-09-21,Economy Saver,T15(12-18),ROUND::2026-09-05T09:00,IX,IX-431,19:30,5670.00,1,EaseMyTrip,EaseMyTrip=5670.00,5670.00,5670.00,0.00,0.000000,1,1,0,0,OBS00474
CELL::BLR|COK|2026-09-21|Economy Saver|T15(12-18)::ROUND::2026-09-05T14:30::FLT::6E|6E-521|21:30,CELL::BLR|COK|2026-09-21|Economy Saver|T15(12-18)::ROUND::2026-09-05T14:30,BLR,COK,2026-09-21,Economy Saver,T15(12-18),ROUND::2026-09-05T14:30,6E,6E-521,21:30,5889.00,1,MMT,MMT=5889.00,5889.00,5889.00,0.00,0.000000,1,1,0,0,OBS00942
CELL::BLR|COK|2026-09-21|Economy Saver|T15(12-18)::ROUND::2026-09-06T09:00::FLT::AI|AI-512|11:45,CELL::BLR|COK|2026-09-21|Economy Saver|T15(12-18)::ROUND::2026-09-06T09:00,BLR,COK,2026-09-21,Economy Saver,T15(12-18),ROUND::2026-09-06T09:00,AI,AI-512,11:45,6028.00,1,MMT,MMT=6028.00,6028.00,6028.00,0.00,0.000000,1,1,0,0,OBS01993
CELL::BLR|COK|2026-09-21|Economy Saver|T15(12-18)::ROUND::2026-09-06T09:00::FLT::IX|IX-431|19:30,CELL::BLR|COK|2026-09-21|Economy Saver|T15(12-18)::ROUND::2026-09-06T09:00,BLR,COK,2026-09-21,Economy Saver,T15(12-18),ROUND::2026-09-06T09:00,IX,IX-431,19:30,5738.00,1,Goibibo,Goibibo=5738.00,5738.00,5738.00,0.00,0.000000,1,1,0,0,OBS02002
CELL::BLR|COK|2026-09-21|Economy Saver|T15(12-18)::ROUND::2026-09-06T14:30::FLT::6E|6E-521|21:30,CELL::BLR|COK|2026-09-21|Economy Saver|T15(12-18)::ROUND::2026-09-06T14:30,BLR,COK,2026-09-21,Economy Saver,T15(12-18),ROUND::2026-09-06T14:30,6E,6E-521,21:30,5867.50,2,Goibibo;MMT,Goibibo=5890.00;MMT=5845.00,5845.00,5890.00,45.00,0.007669,2,2,0,0,OBS02473;OBS02474
CELL::BLR|COK|2026-09-21|Economy Saver|T15(12-18)::ROUND::2026-09-06T14:30::FLT::AI|AI-512|11:45,CELL::BLR|COK|2026-09-21|Economy Saver|T15(12-18)::ROUND::2026-09-06T14:30,BLR,COK,2026-09-21,Economy Saver,T15(12-18),ROUND::2026-09-06T14:30,AI,AI-512,11:45,5499.00,1,MMT,MMT=5499.00,5499.00,5499.00,0.00,0.000000,1,1,0,0,OBS02486
CELL::BLR|COK|2026-09-21|Economy Saver|T15(12-18)::ROUND::2026-09-06T14:30::FLT::IX|IX-431|19:30,CELL::BLR|COK|2026-09-21|Economy Saver|T15(12-18)::ROUND::2026-09-06T14:30,BLR,COK,2026-09-21,Economy Saver,T15(12-18),ROUND::2026-09-06T14:30,IX,IX-431,19:30,5766.50,2,AirlineSite;MMT,AirlineSite=5644.00;MMT=5889.00,5644.00,5889.00,245.00,0.042487,2,2,0,0,OBS02497;OBS02498
CELL::BLR|COK|2026-09-21|Economy Standard|T15(12-18)::ROUND::2026-09-05T09:00::FLT::6E|6E-521|21:30,CELL::BLR|COK|2026-09-21|Economy Standard|T15(12-18)::ROUND::2026-09-05T09:00,BLR,COK,2026-09-21,Economy Standard,T15(12-18),ROUND::2026-09-05T09:00,6E,6E-521,21:30,7117.00,1,AirlineSite,AirlineSite=7117.00,7117.00,7117.00,0.00,0.000000,1,1,0,0,OBS00454
CELL::BLR|COK|2026-09-21|Economy Standard|T15(12-18)::ROUND::2026-09-05T09:00::FLT::AI|AI-512|11:45,CELL::BLR|COK|2026-09-21|Economy Standard|T15(12-18)::ROUND::2026-09-05T09:00,BLR,COK,2026-09-21,Economy Standard,T15(12-18),ROUND::2026-09-05T09:00,AI,AI-512,11:45,7090.00,1,Cleartrip,Cleartrip=7090.00,7090.00,7090.00,0.00,0.000000,1,1,0,0,OBS00463
CELL::BLR|COK|2026-09-21|Economy Standard|T15(12-18)::ROUND::2026-09-05T14:30::FLT::AI|AI-512|11:45,CELL::BLR|COK|2026-09-21|Economy Standard|T15(12-18)::ROUND::2026-09-05T14:30,BLR,COK,2026-09-21,Economy Standard,T15(12-18),ROUND::2026-09-05T14:30,AI,AI-512,11:45,7320.00,2,Goibibo;MMT,Goibibo=7330.00;MMT=7310.00,7310.00,7330.00,20.00,0.002732,2,2,0,0,OBS00955;OBS00956
CELL::BLR|COK|2026-09-21|Economy Standard|T15(12-18)::ROUND::2026-09-05T14:30::FLT::IX|IX-431|19:30,CELL::BLR|COK|2026-09-21|Economy Standard|T15(12-18)::ROUND::2026-09-05T14:30,BLR,COK,2026-09-21,Economy Standard,T15(12-18),ROUND::2026-09-05T14:30,IX,IX-431,19:30,7328.00,1,MMT,MMT=7328.00,7328.00,7328.00,0.00,0.000000,1,1,0,0,OBS00969
CELL::BLR|COK|2026-09-21|Economy Standard|T15(12-18)::ROUND::2026-09-05T20:15::FLT::6E|6E-521|21:30,CELL::BLR|COK|2026-09-21|Economy Standard|T15(12-18)::ROUND::2026-09-05T20:15,BLR,COK,2026-09-21,Economy Standard,T15(12-18),ROUND::2026-09-05T20:15,6E,6E-521,21:30,7589.00,1,MMT,MMT=7589.00,7589.00,7589.00,0.00,0.000000,1,1,0,0,OBS01462
CELL::BLR|COK|2026-09-21|Economy Standard|T15(12-18)::ROUND::2026-09-05T20:15::FLT::AI|AI-512|11:45,CELL::BLR|COK|2026-09-21|Economy Standard|T15(12-18)::ROUND::2026-09-05T20:15,BLR,COK,2026-09-21,Economy Standard,T15(12-18),ROUND::2026-09-05T20:15,AI,AI-512,11:45,7019.00,1,Goibibo,Goibibo=7019.00,7019.00,7019.00,0.00,0.000000,1,1,0,0,OBS01478
CELL::BLR|COK|2026-09-21|Economy Standard|T15(12-18)::ROUND::2026-09-05T20:15::FLT::IX|IX-431|19:30,CELL::BLR|COK|2026-09-21|Economy Standard|T15(12-18)::ROUND::2026-09-05T20:15,BLR,COK,2026-09-21,Economy Standard,T15(12-18),ROUND::2026-09-05T20:15,IX,IX-431,19:30,7352.50,2,Cleartrip;Goibibo,Cleartrip=7176.00;Goibibo=7529.00,7176.00,7529.00,353.00,0.048011,2,2,0,0,OBS01490;OBS01491
CELL::BLR|COK|2026-09-21|Economy Standard|T15(12-18)::ROUND::2026-09-06T09:00::FLT::AI|AI-512|11:45,CELL::BLR|COK|2026-09-21|Economy Standard|T15(12-18)::ROUND::2026-09-06T09:00,BLR,COK,2026-09-21,Economy Standard,T15(12-18),ROUND::2026-09-06T09:00,AI,AI-512,11:45,7259.00,2,AirlineSite;Cleartrip,AirlineSite=7414.00;Cleartrip=7104.00,7104.00,7414.00,310.00,0.042706,2,2,0,0,OBS01991;OBS01992
CELL::BLR|COK|2026-09-21|Economy Standard|T15(12-18)::ROUND::2026-09-06T09:00::FLT::IX|IX-431|19:30,CELL::BLR|COK|2026-09-21|Economy Standard|T15(12-18)::ROUND::2026-09-06T09:00,BLR,COK,2026-09-21,Economy Standard,T15(12-18),ROUND::2026-09-06T09:00,IX,IX-431,19:30,7132.00,1,Goibibo,Goibibo=7132.00,7132.00,7132.00,0.00,0.000000,1,1,0,0,OBS02003
CELL::BLR|COK|2026-10-06|Economy Flexi|T30(25-35)::ROUND::2026-09-05T09:00::FLT::AI|AI-512|11:45,CELL::BLR|COK|2026-10-06|Economy Flexi|T30(25-35)::ROUND::2026-09-05T09:00,BLR,COK,2026-10-06,Economy Flexi,T30(25-35),ROUND::2026-09-05T09:00,AI,AI-512,11:45,7602.00,1,EaseMyTrip,EaseMyTrip=7602.00,7602.00,7602.00,0.00,0.000000,1,1,0,0,OBS00467
CELL::BLR|COK|2026-10-06|Economy Flexi|T30(25-35)::ROUND::2026-09-05T14:30::FLT::6E|6E-521|21:30,CELL::BLR|COK|2026-10-06|Economy Flexi|T30(25-35)::ROUND::2026-09-05T14:30,BLR,COK,2026-10-06,Economy Flexi,T30(25-35),ROUND::2026-09-05T14:30,6E,6E-521,21:30,8402.00,1,EaseMyTrip,EaseMyTrip=8402.00,8402.00,8402.00,0.00,0.000000,1,1,0,0,OBS00944
CELL::BLR|COK|2026-10-06|Economy Flexi|T30(25-35)::ROUND::2026-09-05T14:30::FLT::AI|AI-512|11:45,CELL::BLR|COK|2026-10-06|Economy Flexi|T30(25-35)::ROUND::2026-09-05T14:30,BLR,COK,2026-10-06,Economy Flexi,T30(25-35),ROUND::2026-09-05T14:30,AI,AI-512,11:45,7863.50,2,Cleartrip;EaseMyTrip,Cleartrip=8114.00;EaseMyTrip=7613.00,7613.00,8114.00,501.00,0.063712,2,2,0,0,OBS00961;OBS00962
CELL::BLR|COK|2026-10-06|Economy Flexi|T30(25-35)::ROUND::2026-09-05T14:30::FLT::IX|IX-431|19:30,CELL::BLR|COK|2026-10-06|Economy Flexi|T30(25-35)::ROUND::2026-09-05T14:30,BLR,COK,2026-10-06,Economy Flexi,T30(25-35),ROUND::2026-09-05T14:30,IX,IX-431,19:30,7723.00,1,AirlineSite,AirlineSite=7723.00,7723.00,7723.00,0.00,0.000000,1,1,0,0,OBS00970
CELL::BLR|COK|2026-10-06|Economy Flexi|T30(25-35)::ROUND::2026-09-05T20:15::FLT::AI|AI-512|11:45,CELL::BLR|COK|2026-10-06|Economy Flexi|T30(25-35)::ROUND::2026-09-05T20:15,BLR,COK,2026-10-06,Economy Flexi,T30(25-35),ROUND::2026-09-05T20:15,AI,AI-512,11:45,7791.00,1,MMT,MMT=7791.00,7791.00,7791.00,0.00,0.000000,1,1,0,0,OBS01479
CELL::BLR|COK|2026-10-06|Economy Flexi|T30(25-35)::ROUND::2026-09-06T14:30::FLT::6E|6E-521|21:30,CELL::BLR|COK|2026-10-06|Economy Flexi|T30(25-35)::ROUND::2026-09-06T14:30,BLR,COK,2026-10-06,Economy Flexi,T30(25-35),ROUND::2026-09-06T14:30,6E,6E-521,21:30,7969.50,2,Cleartrip;MMT,Cleartrip=7646.00;MMT=8293.00,7646.00,8293.00,647.00,0.081185,2,2,0,0,OBS02475;OBS02476
CELL::BLR|COK|2026-10-06|Economy Saver|T30(25-35)::ROUND::2026-09-05T09:00::FLT::IX|IX-431|19:30,CELL::BLR|COK|2026-10-06|Economy Saver|T30(25-35)::ROUND::2026-09-05T09:00,BLR,COK,2026-10-06,Economy Saver,T30(25-35),ROUND::2026-09-05T09:00,IX,IX-431,19:30,5138.00,1,AirlineSite,AirlineSite=5138.00,5138.00,5138.00,0.00,0.000000,1,1,0,0,OBS00477
CELL::BLR|COK|2026-10-06|Economy Saver|T30(25-35)::ROUND::2026-09-05T14:30::FLT::6E|6E-521|21:30,CELL::BLR|COK|2026-10-06|Economy Saver|T30(25-35)::ROUND::2026-09-05T14:30,BLR,COK,2026-10-06,Economy Saver,T30(25-35),ROUND::2026-09-05T14:30,6E,6E-521,21:30,5273.00,1,AirlineSite,AirlineSite=5273.00,5273.00,5273.00,0.00,0.000000,1,1,0,0,OBS00943
CELL::BLR|COK|2026-10-06|Economy Saver|T30(25-35)::ROUND::2026-09-05T14:30::FLT::AI|AI-512|11:45,CELL::BLR|COK|2026-10-06|Economy Saver|T30(25-35)::ROUND::2026-09-05T14:30,BLR,COK,2026-10-06,Economy Saver,T30(25-35),ROUND::2026-09-05T14:30,AI,AI-512,11:45,5311.50,2,Goibibo;MMT,Goibibo=5451.00;MMT=5172.00,5172.00,5451.00,279.00,0.052528,2,2,0,0,OBS00959;OBS00960
CELL::BLR|COK|2026-10-06|Economy Saver|T30(25-35)::ROUND::2026-09-05T20:15::FLT::6E|6E-521|21:30,CELL::BLR|COK|2026-10-06|Economy Saver|T30(25-35)::ROUND::2026-09-05T20:15,BLR,COK,2026-10-06,Economy Saver,T30(25-35),ROUND::2026-09-05T20:15,6E,6E-521,21:30,5200.00,2,Cleartrip;MMT,Cleartrip=5087.00;MMT=5313.00,5087.00,5313.00,226.00,0.043462,2,2,0,0,OBS01465;OBS01466
CELL::BLR|COK|2026-10-06|Economy Saver|T30(25-35)::ROUND::2026-09-05T20:15::FLT::AI|AI-512|11:45,CELL::BLR|COK|2026-10-06|Economy Saver|T30(25-35)::ROUND::2026-09-05T20:15,BLR,COK,2026-10-06,Economy Saver,T30(25-35),ROUND::2026-09-05T20:15,AI,AI-512,11:45,5100.50,2,Cleartrip;Goibibo,Cleartrip=5115.00;Goibibo=5086.00,5086.00,5115.00,29.00,0.005686,2,2,0,0,OBS01480;OBS01481
CELL::BLR|COK|2026-10-06|Economy Saver|T30(25-35)::ROUND::2026-09-06T09:00::FLT::6E|6E-521|21:30,CELL::BLR|COK|2026-10-06|Economy Saver|T30(25-35)::ROUND::2026-09-06T09:00,BLR,COK,2026-10-06,Economy Saver,T30(25-35),ROUND::2026-09-06T09:00,6E,6E-521,21:30,5180.00,1,Goibibo,Goibibo=5180.00,5180.00,5180.00,0.00,0.000000,1,1,0,0,OBS01983
CELL::BLR|COK|2026-10-06|Economy Saver|T30(25-35)::ROUND::2026-09-06T09:00::FLT::IX|IX-431|19:30,CELL::BLR|COK|2026-10-06|Economy Saver|T30(25-35)::ROUND::2026-09-06T09:00,BLR,COK,2026-10-06,Economy Saver,T30(25-35),ROUND::2026-09-06T09:00,IX,IX-431,19:30,5132.50,2,Cleartrip;MMT,Cleartrip=5377.00;MMT=4888.00,4888.00,5377.00,489.00,0.095275,2,2,0,0,OBS02004;OBS02005
CELL::BLR|COK|2026-10-06|Economy Saver|T30(25-35)::ROUND::2026-09-06T14:30::FLT::AI|AI-512|11:45,CELL::BLR|COK|2026-10-06|Economy Saver|T30(25-35)::ROUND::2026-09-06T14:30,BLR,COK,2026-10-06,Economy Saver,T30(25-35),ROUND::2026-09-06T14:30,AI,AI-512,11:45,5274.00,1,EaseMyTrip,EaseMyTrip=5274.00,5274.00,5274.00,0.00,0.000000,1,1,0,0,OBS02488
CELL::BLR|COK|2026-10-06|Economy Saver|T30(25-35)::ROUND::2026-09-06T14:30::FLT::IX|IX-431|19:30,CELL::BLR|COK|2026-10-06|Economy Saver|T30(25-35)::ROUND::2026-09-06T14:30,BLR,COK,2026-10-06,Economy Saver,T30(25-35),ROUND::2026-09-06T14:30,IX,IX-431,19:30,5030.00,2,Cleartrip;MMT,Cleartrip=5083.00;MMT=4977.00,4977.00,5083.00,106.00,0.021074,2,2,0,0,OBS02499;OBS02500
CELL::BLR|COK|2026-10-06|Economy Standard|T30(25-35)::ROUND::2026-09-05T09:00::FLT::6E|6E-521|21:30,CELL::BLR|COK|2026-10-06|Economy Standard|T30(25-35)::ROUND::2026-09-05T09:00,BLR,COK,2026-10-06,Economy Standard,T30(25-35),ROUND::2026-09-05T09:00,6E,6E-521,21:30,6411.00,1,Cleartrip,Cleartrip=6411.00,6411.00,6411.00,0.00,0.000000,1,1,0,0,OBS00456
CELL::BLR|COK|2026-10-06|Economy Standard|T30(25-35)::ROUND::2026-09-05T09:00::FLT::AI|AI-512|11:45,CELL::BLR|COK|2026-10-06|Economy Standard|T30(25-35)::ROUND::2026-09-05T09:00,BLR,COK,2026-10-06,Economy Standard,T30(25-35),ROUND::2026-09-05T09:00,AI,AI-512,11:45,6527.00,2,Cleartrip;MMT,Cleartrip=6629.00;MMT=6425.00,6425.00,6629.00,204.00,0.031255,2,2,0,0,OBS00465;OBS00466
CELL::BLR|COK|2026-10-06|Economy Standard|T30(25-35)::ROUND::2026-09-05T09:00::FLT::IX|IX-431|19:30,CELL::BLR|COK|2026-10-06|Economy Standard|T30(25-35)::ROUND::2026-09-05T09:00,BLR,COK,2026-10-06,Economy Standard,T30(25-35),ROUND::2026-09-05T09:00,IX,IX-431,19:30,6502.50,2,EaseMyTrip;Goibibo,EaseMyTrip=6408.00;Goibibo=6597.00,6408.00,6597.00,189.00,0.029066,2,2,0,0,OBS00475;OBS00476
CELL::BLR|COK|2026-10-06|Economy Standard|T30(25-35)::ROUND::2026-09-05T14:30::FLT::IX|IX-431|19:30,CELL::BLR|COK|2026-10-06|Economy Standard|T30(25-35)::ROUND::2026-09-05T14:30,BLR,COK,2026-10-06,Economy Standard,T30(25-35),ROUND::2026-09-05T14:30,IX,IX-431,19:30,6724.00,2,Cleartrip;EaseMyTrip,Cleartrip=6770.00;EaseMyTrip=6678.00,6678.00,6770.00,92.00,0.013682,2,2,0,0,OBS00971;OBS00972
CELL::BLR|COK|2026-10-06|Economy Standard|T30(25-35)::ROUND::2026-09-05T20:15::FLT::6E|6E-521|21:30,CELL::BLR|COK|2026-10-06|Economy Standard|T30(25-35)::ROUND::2026-09-05T20:15,BLR,COK,2026-10-06,Economy Standard,T30(25-35),ROUND::2026-09-05T20:15,6E,6E-521,21:30,6581.00,2,Cleartrip;EaseMyTrip,Cleartrip=6499.00;EaseMyTrip=6663.00,6499.00,6663.00,164.00,0.024920,2,2,0,0,OBS01463;OBS01464
CELL::BLR|COK|2026-10-06|Economy Standard|T30(25-35)::ROUND::2026-09-05T20:15::FLT::IX|IX-431|19:30,CELL::BLR|COK|2026-10-06|Economy Standard|T30(25-35)::ROUND::2026-09-05T20:15,BLR,COK,2026-10-06,Economy Standard,T30(25-35),ROUND::2026-09-05T20:15,IX,IX-431,19:30,6352.00,1,Goibibo,Goibibo=6352.00,6352.00,6352.00,0.00,0.000000,1,1,0,0,OBS01492
CELL::BLR|COK|2026-10-06|Economy Standard|T30(25-35)::ROUND::2026-09-06T09:00::FLT::AI|AI-512|11:45,CELL::BLR|COK|2026-10-06|Economy Standard|T30(25-35)::ROUND::2026-09-06T09:00,BLR,COK,2026-10-06,Economy Standard,T30(25-35),ROUND::2026-09-06T09:00,AI,AI-512,11:45,6867.00,1,MMT,MMT=6867.00,6867.00,6867.00,0.00,0.000000,1,1,0,0,OBS01994
CELL::BLR|COK|2026-10-06|Economy Standard|T30(25-35)::ROUND::2026-09-06T14:30::FLT::AI|AI-512|11:45,CELL::BLR|COK|2026-10-06|Economy Standard|T30(25-35)::ROUND::2026-09-06T14:30,BLR,COK,2026-10-06,Economy Standard,T30(25-35),ROUND::2026-09-06T14:30,AI,AI-512,11:45,6554.50,2,Cleartrip;MMT,Cleartrip=6483.00;MMT=6626.00,6483.00,6626.00,143.00,0.021817,2,2,0,0,OBS02489;OBS02490
CELL::BLR|COK|2026-10-06|Economy Standard|T30(25-35)::ROUND::2026-09-06T14:30::FLT::IX|IX-431|19:30,CELL::BLR|COK|2026-10-06|Economy Standard|T30(25-35)::ROUND::2026-09-06T14:30,BLR,COK,2026-10-06,Economy Standard,T30(25-35),ROUND::2026-09-06T14:30,IX,IX-431,19:30,6801.50,2,EaseMyTrip;MMT,EaseMyTrip=6712.00;MMT=6891.00,6712.00,6891.00,179.00,0.026318,2,2,0,0,OBS02501;OBS02502
CELL::BLR|COK|2026-10-22|Economy Flexi|T45(40-50)::ROUND::2026-09-05T09:00::FLT::IX|IX-431|19:30,CELL::BLR|COK|2026-10-22|Economy Flexi|T45(40-50)::ROUND::2026-09-05T09:00,BLR,COK,2026-10-22,Economy Flexi,T45(40-50),ROUND::2026-09-05T09:00,IX,IX-431,19:30,8065.00,2,AirlineSite;EaseMyTrip,AirlineSite=7856.00;EaseMyTrip=8274.00,7856.00,8274.00,418.00,0.051829,2,2,0,0,OBS00479;OBS00480
CELL::BLR|COK|2026-10-22|Economy Flexi|T45(40-50)::ROUND::2026-09-05T14:30::FLT::6E|6E-521|21:30,CELL::BLR|COK|2026-10-22|Economy Flexi|T45(40-50)::ROUND::2026-09-05T14:30,BLR,COK,2026-10-22,Economy Flexi,T45(40-50),ROUND::2026-09-05T14:30,6E,6E-521,21:30,7937.00,2,Cleartrip;EaseMyTrip,Cleartrip=7815.00;EaseMyTrip=8059.00,7815.00,8059.00,244.00,0.030742,2,2,0,0,OBS00945;OBS00946
CELL::BLR|COK|2026-10-22|Economy Flexi|T45(40-50)::ROUND::2026-09-05T14:30::FLT::IX|IX-431|19:30,CELL::BLR|COK|2026-10-22|Economy Flexi|T45(40-50)::ROUND::2026-09-05T14:30,BLR,COK,2026-10-22,Economy Flexi,T45(40-50),ROUND::2026-09-05T14:30,IX,IX-431,19:30,7706.00,1,MMT,MMT=7706.00,7706.00,7706.00,0.00,0.000000,1,1,0,0,OBS00975
CELL::BLR|COK|2026-10-22|Economy Flexi|T45(40-50)::ROUND::2026-09-05T20:15::FLT::6E|6E-521|21:30,CELL::BLR|COK|2026-10-22|Economy Flexi|T45(40-50)::ROUND::2026-09-05T20:15,BLR,COK,2026-10-22,Economy Flexi,T45(40-50),ROUND::2026-09-05T20:15,6E,6E-521,21:30,8168.50,2,AirlineSite;Cleartrip,AirlineSite=8324.00;Cleartrip=8013.00,8013.00,8324.00,311.00,0.038073,2,2,0,0,OBS01468;OBS01469
CELL::BLR|COK|2026-10-22|Economy Flexi|T45(40-50)::ROUND::2026-09-06T09:00::FLT::6E|6E-521|21:30,CELL::BLR|COK|2026-10-22|Economy Flexi|T45(40-50)::ROUND::2026-09-06T09:00,BLR,COK,2026-10-22,Economy Flexi,T45(40-50),ROUND::2026-09-06T09:00,6E,6E-521,21:30,8063.00,1,MMT,MMT=8063.00,8063.00,8063.00,0.00,0.000000,1,1,0,0,OBS01985
CELL::BLR|COK|2026-10-22|Economy Flexi|T45(40-50)::ROUND::2026-09-06T14:30::FLT::6E|6E-521|21:30,CELL::BLR|COK|2026-10-22|Economy Flexi|T45(40-50)::ROUND::2026-09-06T14:30,BLR,COK,2026-10-22,Economy Flexi,T45(40-50),ROUND::2026-09-06T14:30,6E,6E-521,21:30,8083.00,1,AirlineSite,AirlineSite=8083.00,8083.00,8083.00,0.00,0.000000,1,1,0,0,OBS02479
CELL::BLR|COK|2026-10-22|Economy Saver|T45(40-50)::ROUND::2026-09-05T09:00::FLT::6E|6E-521|21:30,CELL::BLR|COK|2026-10-22|Economy Saver|T45(40-50)::ROUND::2026-09-05T09:00,BLR,COK,2026-10-22,Economy Saver,T45(40-50),ROUND::2026-09-05T09:00,6E,6E-521,21:30,5411.00,1,Goibibo,Goibibo=5411.00,5411.00,5411.00,0.00,0.000000,1,1,0,0,OBS00457
CELL::BLR|COK|2026-10-22|Economy Saver|T45(40-50)::ROUND::2026-09-05T09:00::FLT::AI|AI-512|11:45,CELL::BLR|COK|2026-10-22|Economy Saver|T45(40-50)::ROUND::2026-09-05T09:00,BLR,COK,2026-10-22,Economy Saver,T45(40-50),ROUND::2026-09-05T09:00,AI,AI-512,11:45,4937.00,2,EaseMyTrip;MMT,EaseMyTrip=4962.00;MMT=4912.00,4912.00,4962.00,50.00,0.010128,2,2,0,0,OBS00468;OBS00469
CELL::BLR|COK|2026-10-22|Economy Saver|T45(40-50)::ROUND::2026-09-05T09:00::FLT::IX|IX-431|19:30,CELL::BLR|COK|2026-10-22|Economy Saver|T45(40-50)::ROUND::2026-09-05T09:00,BLR,COK,2026-10-22,Economy Saver,T45(40-50),ROUND::2026-09-05T09:00,IX,IX-431,19:30,5186.00,1,AirlineSite,AirlineSite=5186.00,5186.00,5186.00,0.00,0.000000,1,1,0,0,OBS00478
CELL::BLR|COK|2026-10-22|Economy Saver|T45(40-50)::ROUND::2026-09-05T14:30::FLT::AI|AI-512|11:45,CELL::BLR|COK|2026-10-22|Economy Saver|T45(40-50)::ROUND::2026-09-05T14:30,BLR,COK,2026-10-22,Economy Saver,T45(40-50),ROUND::2026-09-05T14:30,AI,AI-512,11:45,5094.00,1,Cleartrip,Cleartrip=5094.00,5094.00,5094.00,0.00,0.000000,1,1,0,0,OBS00963
CELL::BLR|COK|2026-10-22|Economy Saver|T45(40-50)::ROUND::2026-09-05T20:15::FLT::6E|6E-521|21:30,CELL::BLR|COK|2026-10-22|Economy Saver|T45(40-50)::ROUND::2026-09-05T20:15,BLR,COK,2026-10-22,Economy Saver,T45(40-50),ROUND::2026-09-05T20:15,6E,6E-521,21:30,5063.00,1,MMT,MMT=5063.00,5063.00,5063.00,0.00,0.000000,1,1,0,0,OBS01467
CELL::BLR|COK|2026-10-22|Economy Saver|T45(40-50)::ROUND::2026-09-05T20:15::FLT::AI|AI-512|11:45,CELL::BLR|COK|2026-10-22|Economy Saver|T45(40-50)::ROUND::2026-09-05T20:15,BLR,COK,2026-10-22,Economy Saver,T45(40-50),ROUND::2026-09-05T20:15,AI,AI-512,11:45,5142.00,2,EaseMyTrip;MMT,EaseMyTrip=4868.00;MMT=5416.00,4868.00,5416.00,548.00,0.106573,2,2,0,0,OBS01483;OBS01484
CELL::BLR|COK|2026-10-22|Economy Saver|T45(40-50)::ROUND::2026-09-06T09:00::FLT::AI|AI-512|11:45,CELL::BLR|COK|2026-10-22|Economy Saver|T45(40-50)::ROUND::2026-09-06T09:00,BLR,COK,2026-10-22,Economy Saver,T45(40-50),ROUND::2026-09-06T09:00,AI,AI-512,11:45,5063.50,2,Cleartrip;EaseMyTrip,Cleartrip=5009.00;EaseMyTrip=5118.00,5009.00,5118.00,109.00,0.021527,2,2,0,0,OBS01995;OBS01996
CELL::BLR|COK|2026-10-22|Economy Saver|T45(40-50)::ROUND::2026-09-06T09:00::FLT::IX|IX-431|19:30,CELL::BLR|COK|2026-10-22|Economy Saver|T45(40-50)::ROUND::2026-09-06T09:00,BLR,COK,2026-10-22,Economy Saver,T45(40-50),ROUND::2026-09-06T09:00,IX,IX-431,19:30,5149.00,1,AirlineSite,AirlineSite=5149.00,5149.00,5149.00,0.00,0.000000,1,1,0,0,OBS02006
CELL::BLR|COK|2026-10-22|Economy Saver|T45(40-50)::ROUND::2026-09-06T14:30::FLT::6E|6E-521|21:30,CELL::BLR|COK|2026-10-22|Economy Saver|T45(40-50)::ROUND::2026-09-06T14:30,BLR,COK,2026-10-22,Economy Saver,T45(40-50),ROUND::2026-09-06T14:30,6E,6E-521,21:30,5162.50,2,Cleartrip;MMT,Cleartrip=5320.00;MMT=5005.00,5005.00,5320.00,315.00,0.061017,2,2,0,0,OBS02477;OBS02478
CELL::BLR|COK|2026-10-22|Economy Saver|T45(40-50)::ROUND::2026-09-06T14:30::FLT::AI|AI-512|11:45,CELL::BLR|COK|2026-10-22|Economy Saver|T45(40-50)::ROUND::2026-09-06T14:30,BLR,COK,2026-10-22,Economy Saver,T45(40-50),ROUND::2026-09-06T14:30,AI,AI-512,11:45,4979.00,1,Cleartrip,Cleartrip=4979.00,4979.00,4979.00,0.00,0.000000,1,1,0,0,OBS02491
CELL::BLR|COK|2026-10-22|Economy Standard|T45(40-50)::ROUND::2026-09-05T14:30::FLT::6E|6E-521|21:30,CELL::BLR|COK|2026-10-22|Economy Standard|T45(40-50)::ROUND::2026-09-05T14:30,BLR,COK,2026-10-22,Economy Standard,T45(40-50),ROUND::2026-09-05T14:30,6E,6E-521,21:30,6632.00,1,AirlineSite,AirlineSite=6632.00,6632.00,6632.00,0.00,0.000000,1,1,0,0,OBS00947
CELL::BLR|COK|2026-10-22|Economy Standard|T45(40-50)::ROUND::2026-09-05T14:30::FLT::IX|IX-431|19:30,CELL::BLR|COK|2026-10-22|Economy Standard|T45(40-50)::ROUND::2026-09-05T14:30,BLR,COK,2026-10-22,Economy Standard,T45(40-50),ROUND::2026-09-05T14:30,IX,IX-431,19:30,6756.00,2,EaseMyTrip;MMT,EaseMyTrip=6731.00;MMT=6781.00,6731.00,6781.00,50.00,0.007401,2,2,0,0,OBS00973;OBS00974
CELL::BLR|COK|2026-10-22|Economy Standard|T45(40-50)::ROUND::2026-09-05T20:15::FLT::AI|AI-512|11:45,CELL::BLR|COK|2026-10-22|Economy Standard|T45(40-50)::ROUND::2026-09-05T20:15,BLR,COK,2026-10-22,Economy Standard,T45(40-50),ROUND::2026-09-05T20:15,AI,AI-512,11:45,6532.00,1,Goibibo,Goibibo=6532.00,6532.00,6532.00,0.00,0.000000,1,1,0,0,OBS01482
CELL::BLR|COK|2026-10-22|Economy Standard|T45(40-50)::ROUND::2026-09-05T20:15::FLT::IX|IX-431|19:30,CELL::BLR|COK|2026-10-22|Economy Standard|T45(40-50)::ROUND::2026-09-05T20:15,BLR,COK,2026-10-22,Economy Standard,T45(40-50),ROUND::2026-09-05T20:15,IX,IX-431,19:30,6757.00,2,Goibibo;MMT,Goibibo=6669.00;MMT=6845.00,6669.00,6845.00,176.00,0.026047,2,2,0,0,OBS01493;OBS01494
CELL::BLR|COK|2026-10-22|Economy Standard|T45(40-50)::ROUND::2026-09-06T09:00::FLT::6E|6E-521|21:30,CELL::BLR|COK|2026-10-22|Economy Standard|T45(40-50)::ROUND::2026-09-06T09:00,BLR,COK,2026-10-22,Economy Standard,T45(40-50),ROUND::2026-09-06T09:00,6E,6E-521,21:30,6341.00,1,Goibibo,Goibibo=6341.00,6341.00,6341.00,0.00,0.000000,1,1,0,0,OBS01984
CELL::BLR|COK|2026-10-22|Economy Standard|T45(40-50)::ROUND::2026-09-06T14:30::FLT::IX|IX-431|19:30,CELL::BLR|COK|2026-10-22|Economy Standard|T45(40-50)::ROUND::2026-09-06T14:30,BLR,COK,2026-10-22,Economy Standard,T45(40-50),ROUND::2026-09-06T14:30,IX,IX-431,19:30,6531.50,2,Cleartrip;EaseMyTrip,Cleartrip=6524.00;EaseMyTrip=6539.00,6524.00,6539.00,15.00,0.002297,2,2,0,0,OBS02503;OBS02504
CELL::BLR|COK|2026-10-22|Economy Standard|T45(40-50)::ROUND::2026-09-07T14:30::FLT::6E|6E-521|12:00,CELL::BLR|COK|2026-10-22|Economy Standard|T45(40-50)::ROUND::2026-09-07T14:30,BLR,COK,2026-10-22,Economy Standard,T45(40-50),ROUND::2026-09-07T14:30,6E,6E-521,12:00,6279.00,1,Goibibo,Goibibo=6279.00,6279.00,6279.00,0.00,0.000000,1,1,0,0,OBS02991
CELL::BLR|DEL|2026-09-07|Economy Flexi|T1(0-2)::ROUND::2026-09-05T09:00::FLT::6E|6E-5011|13:45,CELL::BLR|DEL|2026-09-07|Economy Flexi|T1(0-2)::ROUND::2026-09-05T09:00,BLR,DEL,2026-09-07,Economy Flexi,T1(0-2),ROUND::2026-09-05T09:00,6E,6E-5011,13:45,11441.00,1,Cleartrip,Cleartrip=11441.00,11441.00,11441.00,0.00,0.000000,1,1,0,0,OBS00031
CELL::BLR|DEL|2026-09-07|Economy Flexi|T1(0-2)::ROUND::2026-09-05T14:30::FLT::AI|AI-503|19:15,CELL::BLR|DEL|2026-09-07|Economy Flexi|T1(0-2)::ROUND::2026-09-05T14:30,BLR,DEL,2026-09-07,Economy Flexi,T1(0-2),ROUND::2026-09-05T14:30,AI,AI-503,19:15,11156.00,1,MMT,MMT=11156.00,11156.00,11156.00,0.00,0.000000,1,1,0,0,OBS00556
CELL::BLR|DEL|2026-09-07|Economy Flexi|T1(0-2)::ROUND::2026-09-05T20:15::FLT::6E|6E-5011|13:45,CELL::BLR|DEL|2026-09-07|Economy Flexi|T1(0-2)::ROUND::2026-09-05T20:15,BLR,DEL,2026-09-07,Economy Flexi,T1(0-2),ROUND::2026-09-05T20:15,6E,6E-5011,13:45,11856.00,1,Goibibo,Goibibo=11856.00,11856.00,11856.00,0.00,0.000000,1,1,0,0,OBS01046
CELL::BLR|DEL|2026-09-07|Economy Flexi|T1(0-2)::ROUND::2026-09-05T20:15::FLT::AI|AI-503|19:15,CELL::BLR|DEL|2026-09-07|Economy Flexi|T1(0-2)::ROUND::2026-09-05T20:15,BLR,DEL,2026-09-07,Economy Flexi,T1(0-2),ROUND::2026-09-05T20:15,AI,AI-503,19:15,11571.00,1,Cleartrip,Cleartrip=11571.00,11571.00,11571.00,0.00,0.000000,1,1,0,0,OBS01060
CELL::BLR|DEL|2026-09-07|Economy Flexi|T1(0-2)::ROUND::2026-09-05T20:15::FLT::IX|IX-782|09:30,CELL::BLR|DEL|2026-09-07|Economy Flexi|T1(0-2)::ROUND::2026-09-05T20:15,BLR,DEL,2026-09-07,Economy Flexi,T1(0-2),ROUND::2026-09-05T20:15,IX,IX-782,09:30,11470.00,1,Goibibo,Goibibo=11470.00,11470.00,11470.00,0.00,0.000000,1,1,0,0,OBS01069
CELL::BLR|DEL|2026-09-07|Economy Flexi|T1(0-2)::ROUND::2026-09-06T09:00::FLT::6E|6E-5011|13:45,CELL::BLR|DEL|2026-09-07|Economy Flexi|T1(0-2)::ROUND::2026-09-06T09:00,BLR,DEL,2026-09-07,Economy Flexi,T1(0-2),ROUND::2026-09-06T09:00,6E,6E-5011,13:45,11615.00,2,EaseMyTrip;MMT,EaseMyTrip=11773.00;MMT=11457.00,11457.00,11773.00,316.00,0.027206,2,2,0,0,OBS01568;OBS01569
CELL::BLR|DEL|2026-09-07|Economy Flexi|T1(0-2)::ROUND::2026-09-06T09:00::FLT::AI|AI-503|19:15,CELL::BLR|DEL|2026-09-07|Economy Flexi|T1(0-2)::ROUND::2026-09-06T09:00,BLR,DEL,2026-09-07,Economy Flexi,T1(0-2),ROUND::2026-09-06T09:00,AI,AI-503,19:15,11662.50,2,EaseMyTrip;Goibibo,EaseMyTrip=11355.00;Goibibo=11970.00,11355.00,11970.00,615.00,0.052733,2,2,0,0,OBS01579;OBS01580
CELL::BLR|DEL|2026-09-07|Economy Flexi|T1(0-2)::ROUND::2026-09-06T09:00::FLT::IX|IX-782|09:30,CELL::BLR|DEL|2026-09-07|Economy Flexi|T1(0-2)::ROUND::2026-09-06T09:00,BLR,DEL,2026-09-07,Economy Flexi,T1(0-2),ROUND::2026-09-06T09:00,IX,IX-782,09:30,11294.00,1,EaseMyTrip,EaseMyTrip=11294.00,11294.00,11294.00,0.00,0.000000,1,1,0,0,OBS01590
CELL::BLR|DEL|2026-09-07|Economy Flexi|T1(0-2)::ROUND::2026-09-06T14:30::FLT::6E|6E-5011|13:45,CELL::BLR|DEL|2026-09-07|Economy Flexi|T1(0-2)::ROUND::2026-09-06T14:30,BLR,DEL,2026-09-07,Economy Flexi,T1(0-2),ROUND::2026-09-06T14:30,6E,6E-5011,13:45,11451.00,2,AirlineSite;Goibibo,AirlineSite=11538.00;Goibibo=11364.00,11364.00,11538.00,174.00,0.015195,2,2,0,0,OBS02070;OBS02071
CELL::BLR|DEL|2026-09-07|Economy Flexi|T1(0-2)::ROUND::2026-09-06T14:30::FLT::IX|IX-782|09:30,CELL::BLR|DEL|2026-09-07|Economy Flexi|T1(0-2)::ROUND::2026-09-06T14:30,BLR,DEL,2026-09-07,Economy Flexi,T1(0-2),ROUND::2026-09-06T14:30,IX,IX-782,09:30,11643.00,2,EaseMyTrip;MMT,EaseMyTrip=11947.00;MMT=11339.00,11339.00,11947.00,608.00,0.052220,2,2,0,0,OBS02092;OBS02093
CELL::BLR|DEL|2026-09-07|Economy Flexi|T1(0-2)::ROUND::2026-09-06T20:15::FLT::AI|AI-503|19:15,CELL::BLR|DEL|2026-09-07|Economy Flexi|T1(0-2)::ROUND::2026-09-06T20:15,BLR,DEL,2026-09-07,Economy Flexi,T1(0-2),ROUND::2026-09-06T20:15,AI,AI-503,19:15,11853.50,2,Cleartrip;EaseMyTrip,Cleartrip=11902.00;EaseMyTrip=11805.00,11805.00,11902.00,97.00,0.008183,2,2,0,0,OBS02582;OBS02583
CELL::BLR|DEL|2026-09-07|Economy Saver|T1(0-2)::ROUND::2026-09-05T09:00::FLT::AI|AI-503|19:15,CELL::BLR|DEL|2026-09-07|Economy Saver|T1(0-2)::ROUND::2026-09-05T09:00,BLR,DEL,2026-09-07,Economy Saver,T1(0-2),ROUND::2026-09-05T09:00,AI,AI-503,19:15,7293.00,2,AirlineSite;MMT,AirlineSite=7169.00;MMT=7417.00,7169.00,7417.00,248.00,0.034005,2,2,0,0,OBS00041;OBS00042
CELL::BLR|DEL|2026-09-07|Economy Saver|T1(0-2)::ROUND::2026-09-05T09:00::FLT::IX|IX-782|09:30,CELL::BLR|DEL|2026-09-07|Economy Saver|T1(0-2)::ROUND::2026-09-05T09:00,BLR,DEL,2026-09-07,Economy Saver,T1(0-2),ROUND::2026-09-05T09:00,IX,IX-782,09:30,7485.00,1,AirlineSite,AirlineSite=7485.00,7485.00,7485.00,0.00,0.000000,1,1,0,0,OBS00055
CELL::BLR|DEL|2026-09-07|Economy Saver|T1(0-2)::ROUND::2026-09-05T14:30::FLT::IX|IX-782|09:30,CELL::BLR|DEL|2026-09-07|Economy Saver|T1(0-2)::ROUND::2026-09-05T14:30,BLR,DEL,2026-09-07,Economy Saver,T1(0-2),ROUND::2026-09-05T14:30,IX,IX-782,09:30,7229.00,1,Cleartrip,Cleartrip=7229.00,7229.00,7229.00,0.00,0.000000,1,1,0,0,OBS00570
CELL::BLR|DEL|2026-09-07|Economy Saver|T1(0-2)::ROUND::2026-09-05T20:15::FLT::AI|AI-503|19:15,CELL::BLR|DEL|2026-09-07|Economy Saver|T1(0-2)::ROUND::2026-09-05T20:15,BLR,DEL,2026-09-07,Economy Saver,T1(0-2),ROUND::2026-09-05T20:15,AI,AI-503,19:15,7137.00,1,Goibibo,Goibibo=7137.00,7137.00,7137.00,0.00,0.000000,1,1,0,0,OBS01059
CELL::BLR|DEL|2026-09-07|Economy Saver|T1(0-2)::ROUND::2026-09-05T20:15::FLT::IX|IX-782|09:30,CELL::BLR|DEL|2026-09-07|Economy Saver|T1(0-2)::ROUND::2026-09-05T20:15,BLR,DEL,2026-09-07,Economy Saver,T1(0-2),ROUND::2026-09-05T20:15,IX,IX-782,09:30,7246.00,1,Cleartrip,Cleartrip=7246.00,7246.00,7246.00,0.00,0.000000,1,1,0,0,OBS01070
CELL::BLR|DEL|2026-09-07|Economy Saver|T1(0-2)::ROUND::2026-09-06T14:30::FLT::6E|6E-5011|13:45,CELL::BLR|DEL|2026-09-07|Economy Saver|T1(0-2)::ROUND::2026-09-06T14:30,BLR,DEL,2026-09-07,Economy Saver,T1(0-2),ROUND::2026-09-06T14:30,6E,6E-5011,13:45,7518.00,1,Cleartrip,Cleartrip=7518.00,7518.00,7518.00,0.00,0.000000,1,1,0,0,OBS02069
CELL::BLR|DEL|2026-09-07|Economy Saver|T1(0-2)::ROUND::2026-09-06T14:30::FLT::AI|AI-503|19:15,CELL::BLR|DEL|2026-09-07|Economy Saver|T1(0-2)::ROUND::2026-09-06T14:30,BLR,DEL,2026-09-07,Economy Saver,T1(0-2),ROUND::2026-09-06T14:30,AI,AI-503,19:15,7492.00,1,Cleartrip,Cleartrip=7492.00,7492.00,7492.00,0.00,0.000000,1,1,0,0,OBS02080
CELL::BLR|DEL|2026-09-07|Economy Saver|T1(0-2)::ROUND::2026-09-06T20:15::FLT::6E|6E-5011|13:45,CELL::BLR|DEL|2026-09-07|Economy Saver|T1(0-2)::ROUND::2026-09-06T20:15,BLR,DEL,2026-09-07,Economy Saver,T1(0-2),ROUND::2026-09-06T20:15,6E,6E-5011,13:45,7542.50,2,EaseMyTrip;Goibibo,EaseMyTrip=7647.00;Goibibo=7438.00,7438.00,7647.00,209.00,0.027710,2,2,0,0,OBS02567;OBS02568
CELL::BLR|DEL|2026-09-07|Economy Saver|T1(0-2)::ROUND::2026-09-06T20:15::FLT::AI|AI-503|19:15,CELL::BLR|DEL|2026-09-07|Economy Saver|T1(0-2)::ROUND::2026-09-06T20:15,BLR,DEL,2026-09-07,Economy Saver,T1(0-2),ROUND::2026-09-06T20:15,AI,AI-503,19:15,7459.00,2,EaseMyTrip;Goibibo,EaseMyTrip=7395.00;Goibibo=7523.00,7395.00,7523.00,128.00,0.017160,2,2,0,0,OBS02580;OBS02581
CELL::BLR|DEL|2026-09-07|Economy Saver|T1(0-2)::ROUND::2026-09-06T20:15::FLT::IX|IX-782|09:30,CELL::BLR|DEL|2026-09-07|Economy Saver|T1(0-2)::ROUND::2026-09-06T20:15,BLR,DEL,2026-09-07,Economy Saver,T1(0-2),ROUND::2026-09-06T20:15,IX,IX-782,09:30,7334.50,2,Cleartrip;MMT,Cleartrip=7266.00;MMT=7403.00,7266.00,7403.00,137.00,0.018679,2,2,0,0,OBS02593;OBS02594
CELL::BLR|DEL|2026-09-07|Economy Standard|T1(0-2)::ROUND::2026-09-05T09:00::FLT::AI|AI-503|19:15,CELL::BLR|DEL|2026-09-07|Economy Standard|T1(0-2)::ROUND::2026-09-05T09:00,BLR,DEL,2026-09-07,Economy Standard,T1(0-2),ROUND::2026-09-05T09:00,AI,AI-503,19:15,9846.00,1,AirlineSite,AirlineSite=9846.00,9846.00,9846.00,0.00,0.000000,1,1,0,0,OBS00043
CELL::BLR|DEL|2026-09-07|Economy Standard|T1(0-2)::ROUND::2026-09-05T09:00::FLT::IX|IX-782|09:30,CELL::BLR|DEL|2026-09-07|Economy Standard|T1(0-2)::ROUND::2026-09-05T09:00,BLR,DEL,2026-09-07,Economy Standard,T1(0-2),ROUND::2026-09-05T09:00,IX,IX-782,09:30,9644.00,1,Goibibo,Goibibo=9644.00,9644.00,9644.00,0.00,0.000000,1,1,0,0,OBS00054
CELL::BLR|DEL|2026-09-07|Economy Standard|T1(0-2)::ROUND::2026-09-05T14:30::FLT::6E|6E-5011|13:45,CELL::BLR|DEL|2026-09-07|Economy Standard|T1(0-2)::ROUND::2026-09-05T14:30,BLR,DEL,2026-09-07,Economy Standard,T1(0-2),ROUND::2026-09-05T14:30,6E,6E-5011,13:45,9653.50,2,AirlineSite;EaseMyTrip,AirlineSite=9555.00;EaseMyTrip=9752.00,9555.00,9752.00,197.00,0.020407,2,2,0,0,OBS00546;OBS00547
CELL::BLR|DEL|2026-09-07|Economy Standard|T1(0-2)::ROUND::2026-09-05T14:30::FLT::IX|IX-782|09:30,CELL::BLR|DEL|2026-09-07|Economy Standard|T1(0-2)::ROUND::2026-09-05T14:30,BLR,DEL,2026-09-07,Economy Standard,T1(0-2),ROUND::2026-09-05T14:30,IX,IX-782,09:30,9500.50,2,EaseMyTrip;MMT,EaseMyTrip=9166.00;MMT=9835.00,9166.00,9835.00,669.00,0.070417,2,2,0,0,OBS00568;OBS00569
CELL::BLR|DEL|2026-09-07|Economy Standard|T1(0-2)::ROUND::2026-09-05T20:15::FLT::6E|6E-5011|13:45,CELL::BLR|DEL|2026-09-07|Economy Standard|T1(0-2)::ROUND::2026-09-05T20:15,BLR,DEL,2026-09-07,Economy Standard,T1(0-2),ROUND::2026-09-05T20:15,6E,6E-5011,13:45,9707.50,2,EaseMyTrip;Goibibo,EaseMyTrip=9632.00;Goibibo=9783.00,9632.00,9783.00,151.00,0.015555,2,2,0,0,OBS01044;OBS01045
CELL::BLR|DEL|2026-09-07|Economy Standard|T1(0-2)::ROUND::2026-09-06T14:30::FLT::IX|IX-782|09:30,CELL::BLR|DEL|2026-09-07|Economy Standard|T1(0-2)::ROUND::2026-09-06T14:30,BLR,DEL,2026-09-07,Economy Standard,T1(0-2),ROUND::2026-09-06T14:30,IX,IX-782,09:30,9494.00,1,Goibibo,Goibibo=9494.00,9494.00,9494.00,0.00,0.000000,1,1,0,0,OBS02094
CELL::BLR|DEL|2026-09-13|Economy Flexi|T7(5-9)::ROUND::2026-09-05T09:00::FLT::6E|6E-5011|13:45,CELL::BLR|DEL|2026-09-13|Economy Flexi|T7(5-9)::ROUND::2026-09-05T09:00,BLR,DEL,2026-09-13,Economy Flexi,T7(5-9),ROUND::2026-09-05T09:00,6E,6E-5011,13:45,10097.00,1,MMT,MMT=10097.00,10097.00,10097.00,0.00,0.000000,1,1,0,0,OBS00032
CELL::BLR|DEL|2026-09-13|Economy Flexi|T7(5-9)::ROUND::2026-09-05T14:30::FLT::6E|6E-5011|13:45,CELL::BLR|DEL|2026-09-13|Economy Flexi|T7(5-9)::ROUND::2026-09-05T14:30,BLR,DEL,2026-09-13,Economy Flexi,T7(5-9),ROUND::2026-09-05T14:30,6E,6E-5011,13:45,10705.00,1,Cleartrip,Cleartrip=10705.00,10705.00,10705.00,0.00,0.000000,1,1,0,0,OBS00548
CELL::BLR|DEL|2026-09-13|Economy Flexi|T7(5-9)::ROUND::2026-09-05T14:30::FLT::AI|AI-503|19:15,CELL::BLR|DEL|2026-09-13|Economy Flexi|T7(5-9)::ROUND::2026-09-05T14:30,BLR,DEL,2026-09-13,Economy Flexi,T7(5-9),ROUND::2026-09-05T14:30,AI,AI-503,19:15,10494.50,2,Goibibo;MMT,Goibibo=10454.00;MMT=10535.00,10454.00,10535.00,81.00,0.007718,2,2,0,0,OBS00557;OBS00558
CELL::BLR|DEL|2026-09-13|Economy Flexi|T7(5-9)::ROUND::2026-09-05T20:15::FLT::6E|6E-5011|13:45,CELL::BLR|DEL|2026-09-13|Economy Flexi|T7(5-9)::ROUND::2026-09-05T20:15,BLR,DEL,2026-09-13,Economy Flexi,T7(5-9),ROUND::2026-09-05T20:15,6E,6E-5011,13:45,10761.00,2,AirlineSite;Cleartrip,AirlineSite=10836.00;Cleartrip=10686.00,10686.00,10836.00,150.00,0.013939,2,2,0,0,OBS01049;OBS01050
CELL::BLR|DEL|2026-09-13|Economy Flexi|T7(5-9)::ROUND::2026-09-05T20:15::FLT::AI|AI-503|19:15,CELL::BLR|DEL|2026-09-13|Economy Flexi|T7(5-9)::ROUND::2026-09-05T20:15,BLR,DEL,2026-09-13,Economy Flexi,T7(5-9),ROUND::2026-09-05T20:15,AI,AI-503,19:15,10582.00,1,AirlineSite,AirlineSite=10582.00,10582.00,10582.00,0.00,0.000000,1,1,0,0,OBS01061
CELL::BLR|DEL|2026-09-13|Economy Flexi|T7(5-9)::ROUND::2026-09-06T09:00::FLT::AI|AI-503|19:15,CELL::BLR|DEL|2026-09-13|Economy Flexi|T7(5-9)::ROUND::2026-09-06T09:00,BLR,DEL,2026-09-13,Economy Flexi,T7(5-9),ROUND::2026-09-06T09:00,AI,AI-503,19:15,10459.00,1,Goibibo,Goibibo=10459.00,10459.00,10459.00,0.00,0.000000,1,1,0,0,OBS01582
CELL::BLR|DEL|2026-09-13|Economy Flexi|T7(5-9)::ROUND::2026-09-06T09:00::FLT::IX|IX-782|09:30,CELL::BLR|DEL|2026-09-13|Economy Flexi|T7(5-9)::ROUND::2026-09-06T09:00,BLR,DEL,2026-09-13,Economy Flexi,T7(5-9),ROUND::2026-09-06T09:00,IX,IX-782,09:30,10486.00,1,Goibibo,Goibibo=10486.00,10486.00,10486.00,0.00,0.000000,1,1,0,0,OBS01593
CELL::BLR|DEL|2026-09-13|Economy Flexi|T7(5-9)::ROUND::2026-09-06T14:30::FLT::AI|AI-503|19:15,CELL::BLR|DEL|2026-09-13|Economy Flexi|T7(5-9)::ROUND::2026-09-06T14:30,BLR,DEL,2026-09-13,Economy Flexi,T7(5-9),ROUND::2026-09-06T14:30,AI,AI-503,19:15,10193.00,1,AirlineSite,AirlineSite=10193.00,10193.00,10193.00,0.00,0.000000,1,1,0,0,OBS02083
CELL::BLR|DEL|2026-09-13|Economy Flexi|T7(5-9)::ROUND::2026-09-06T20:15::FLT::6E|6E-5011|13:45,CELL::BLR|DEL|2026-09-13|Economy Flexi|T7(5-9)::ROUND::2026-09-06T20:15,BLR,DEL,2026-09-13,Economy Flexi,T7(5-9),ROUND::2026-09-06T20:15,6E,6E-5011,13:45,10343.50,2,Cleartrip;EaseMyTrip,Cleartrip=10444.00;EaseMyTrip=10243.00,10243.00,10444.00,201.00,0.019432,2,2,0,0,OBS02569;OBS02570
CELL::BLR|DEL|2026-09-13|Economy Saver|T7(5-9)::ROUND::2026-09-05T09:00::FLT::IX|IX-782|09:30,CELL::BLR|DEL|2026-09-13|Economy Saver|T7(5-9)::ROUND::2026-09-05T09:00,BLR,DEL,2026-09-13,Economy Saver,T7(5-9),ROUND::2026-09-05T09:00,IX,IX-782,09:30,6543.00,1,MMT,MMT=6543.00,6543.00,6543.00,0.00,0.000000,1,1,0,0,OBS00056
CELL::BLR|DEL|2026-09-13|Economy Saver|T7(5-9)::ROUND::2026-09-05T14:30::FLT::IX|IX-782|09:30,CELL::BLR|DEL|2026-09-13|Economy Saver|T7(5-9)::ROUND::2026-09-05T14:30,BLR,DEL,2026-09-13,Economy Saver,T7(5-9),ROUND::2026-09-05T14:30,IX,IX-782,09:30,6650.50,2,Cleartrip;MMT,Cleartrip=6562.00;MMT=6739.00,6562.00,6739.00,177.00,0.026615,2,2,0,0,OBS00571;OBS00572
CELL::BLR|DEL|2026-09-13|Economy Saver|T7(5-9)::ROUND::2026-09-05T20:15::FLT::AI|AI-503|19:15,CELL::BLR|DEL|2026-09-13|Economy Saver|T7(5-9)::ROUND::2026-09-05T20:15,BLR,DEL,2026-09-13,Economy Saver,T7(5-9),ROUND::2026-09-05T20:15,AI,AI-503,19:15,6645.00,2,AirlineSite;EaseMyTrip,AirlineSite=6812.00;EaseMyTrip=6478.00,6478.00,6812.00,334.00,0.050263,2,2,0,0,OBS01062;OBS01063
CELL::BLR|DEL|2026-09-13|Economy Saver|T7(5-9)::ROUND::2026-09-05T20:15::FLT::IX|IX-782|09:30,CELL::BLR|DEL|2026-09-13|Economy Saver|T7(5-9)::ROUND::2026-09-05T20:15,BLR,DEL,2026-09-13,Economy Saver,T7(5-9),ROUND::2026-09-05T20:15,IX,IX-782,09:30,6526.50,2,EaseMyTrip;MMT,EaseMyTrip=6589.00;MMT=6464.00,6464.00,6589.00,125.00,0.019153,2,2,0,0,OBS01071;OBS01072
CELL::BLR|DEL|2026-09-13|Economy Saver|T7(5-9)::ROUND::2026-09-06T09:00::FLT::6E|6E-5011|13:45,CELL::BLR|DEL|2026-09-13|Economy Saver|T7(5-9)::ROUND::2026-09-06T09:00,BLR,DEL,2026-09-13,Economy Saver,T7(5-9),ROUND::2026-09-06T09:00,6E,6E-5011,13:45,6958.00,2,Cleartrip;EaseMyTrip,Cleartrip=6868.00;EaseMyTrip=7048.00,6868.00,7048.00,180.00,0.025870,2,2,0,0,OBS01571;OBS01572
CELL::BLR|DEL|2026-09-13|Economy Saver|T7(5-9)::ROUND::2026-09-06T09:00::FLT::AI|AI-503|19:15,CELL::BLR|DEL|2026-09-13|Economy Saver|T7(5-9)::ROUND::2026-09-06T09:00,BLR,DEL,2026-09-13,Economy Saver,T7(5-9),ROUND::2026-09-06T09:00,AI,AI-503,19:15,7041.00,1,Goibibo,Goibibo=7041.00,7041.00,7041.00,0.00,0.000000,1,1,0,0,OBS01581
CELL::BLR|DEL|2026-09-13|Economy Saver|T7(5-9)::ROUND::2026-09-06T14:30::FLT::6E|6E-5011|13:45,CELL::BLR|DEL|2026-09-13|Economy Saver|T7(5-9)::ROUND::2026-09-06T14:30,BLR,DEL,2026-09-13,Economy Saver,T7(5-9),ROUND::2026-09-06T14:30,6E,6E-5011,13:45,6918.00,2,Cleartrip;Goibibo,Cleartrip=6851.00;Goibibo=6985.00,6851.00,6985.00,134.00,0.019370,2,2,0,0,OBS02073;OBS02074
CELL::BLR|DEL|2026-09-13|Economy Saver|T7(5-9)::ROUND::2026-09-06T14:30::FLT::AI|AI-503|19:15,CELL::BLR|DEL|2026-09-13|Economy Saver|T7(5-9)::ROUND::2026-09-06T14:30,BLR,DEL,2026-09-13,Economy Saver,T7(5-9),ROUND::2026-09-06T14:30,AI,AI-503,19:15,6810.00,2,AirlineSite;Goibibo,AirlineSite=6906.00;Goibibo=6714.00,6714.00,6906.00,192.00,0.028194,2,2,0,0,OBS02081;OBS02082
CELL::BLR|DEL|2026-09-13|Economy Saver|T7(5-9)::ROUND::2026-09-06T14:30::FLT::IX|IX-782|09:30,CELL::BLR|DEL|2026-09-13|Economy Saver|T7(5-9)::ROUND::2026-09-06T14:30,BLR,DEL,2026-09-13,Economy Saver,T7(5-9),ROUND::2026-09-06T14:30,IX,IX-782,09:30,6927.00,2,EaseMyTrip;Goibibo,EaseMyTrip=7118.00;Goibibo=6736.00,6736.00,7118.00,382.00,0.055147,2,2,0,0,OBS02095;OBS02096
CELL::BLR|DEL|2026-09-13|Economy Saver|T7(5-9)::ROUND::2026-09-06T20:15::FLT::6E|6E-5011|13:45,CELL::BLR|DEL|2026-09-13|Economy Saver|T7(5-9)::ROUND::2026-09-06T20:15,BLR,DEL,2026-09-13,Economy Saver,T7(5-9),ROUND::2026-09-06T20:15,6E,6E-5011,13:45,6943.00,1,EaseMyTrip,EaseMyTrip=6943.00,6943.00,6943.00,0.00,0.000000,1,1,0,0,OBS02571
CELL::BLR|DEL|2026-09-13|Economy Saver|T7(5-9)::ROUND::2026-09-06T20:15::FLT::AI|AI-503|19:15,CELL::BLR|DEL|2026-09-13|Economy Saver|T7(5-9)::ROUND::2026-09-06T20:15,BLR,DEL,2026-09-13,Economy Saver,T7(5-9),ROUND::2026-09-06T20:15,AI,AI-503,19:15,6776.50,2,Cleartrip;Goibibo,Cleartrip=6527.00;Goibibo=7026.00,6527.00,7026.00,499.00,0.073637,2,2,0,0,OBS02584;OBS02585
CELL::BLR|DEL|2026-09-13|Economy Saver|T7(5-9)::ROUND::2026-09-06T20:15::FLT::IX|IX-782|09:30,CELL::BLR|DEL|2026-09-13|Economy Saver|T7(5-9)::ROUND::2026-09-06T20:15,BLR,DEL,2026-09-13,Economy Saver,T7(5-9),ROUND::2026-09-06T20:15,IX,IX-782,09:30,6727.00,1,EaseMyTrip,EaseMyTrip=6727.00,6727.00,6727.00,0.00,0.000000,1,1,0,0,OBS02595
CELL::BLR|DEL|2026-09-13|Economy Standard|T7(5-9)::ROUND::2026-09-05T09:00::FLT::6E|6E-5011|13:45,CELL::BLR|DEL|2026-09-13|Economy Standard|T7(5-9)::ROUND::2026-09-05T09:00,BLR,DEL,2026-09-13,Economy Standard,T7(5-9),ROUND::2026-09-05T09:00,6E,6E-5011,13:45,8611.00,1,EaseMyTrip,EaseMyTrip=8611.00,8611.00,8611.00,0.00,0.000000,1,1,0,0,OBS00033
CELL::BLR|DEL|2026-09-13|Economy Standard|T7(5-9)::ROUND::2026-09-05T09:00::FLT::AI|AI-503|19:15,CELL::BLR|DEL|2026-09-13|Economy Standard|T7(5-9)::ROUND::2026-09-05T09:00,BLR,DEL,2026-09-13,Economy Standard,T7(5-9),ROUND::2026-09-05T09:00,AI,AI-503,19:15,8478.50,2,Goibibo;MMT,Goibibo=8768.00;MMT=8189.00,8189.00,8768.00,579.00,0.068290,2,2,0,0,OBS00044;OBS00045
CELL::BLR|DEL|2026-09-13|Economy Standard|T7(5-9)::ROUND::2026-09-05T09:00::FLT::IX|IX-782|09:30,CELL::BLR|DEL|2026-09-13|Economy Standard|T7(5-9)::ROUND::2026-09-05T09:00,BLR,DEL,2026-09-13,Economy Standard,T7(5-9),ROUND::2026-09-05T09:00,IX,IX-782,09:30,8409.00,2,Cleartrip;EaseMyTrip,Cleartrip=8159.00;EaseMyTrip=8659.00,8159.00,8659.00,500.00,0.059460,2,2,0,0,OBS00057;OBS00058
CELL::BLR|DEL|2026-09-13|Economy Standard|T7(5-9)::ROUND::2026-09-05T20:15::FLT::6E|6E-5011|13:45,CELL::BLR|DEL|2026-09-13|Economy Standard|T7(5-9)::ROUND::2026-09-05T20:15,BLR,DEL,2026-09-13,Economy Standard,T7(5-9),ROUND::2026-09-05T20:15,6E,6E-5011,13:45,8526.00,2,AirlineSite;EaseMyTrip,AirlineSite=8966.00;EaseMyTrip=8086.00,8086.00,8966.00,880.00,0.103214,2,2,0,0,OBS01047;OBS01048
CELL::BLR|DEL|2026-09-13|Economy Standard|T7(5-9)::ROUND::2026-09-05T20:15::FLT::IX|IX-782|09:30,CELL::BLR|DEL|2026-09-13|Economy Standard|T7(5-9)::ROUND::2026-09-05T20:15,BLR,DEL,2026-09-13,Economy Standard,T7(5-9),ROUND::2026-09-05T20:15,IX,IX-782,09:30,8145.00,1,AirlineSite,AirlineSite=8145.00,8145.00,8145.00,0.00,0.000000,1,1,0,0,OBS01073
CELL::BLR|DEL|2026-09-13|Economy Standard|T7(5-9)::ROUND::2026-09-06T09:00::FLT::6E|6E-5011|13:45,CELL::BLR|DEL|2026-09-13|Economy Standard|T7(5-9)::ROUND::2026-09-06T09:00,BLR,DEL,2026-09-13,Economy Standard,T7(5-9),ROUND::2026-09-06T09:00,6E,6E-5011,13:45,8244.00,1,EaseMyTrip,EaseMyTrip=8244.00,8244.00,8244.00,0.00,0.000000,1,1,0,0,OBS01570
CELL::BLR|DEL|2026-09-13|Economy Standard|T7(5-9)::ROUND::2026-09-06T09:00::FLT::IX|IX-782|09:30,CELL::BLR|DEL|2026-09-13|Economy Standard|T7(5-9)::ROUND::2026-09-06T09:00,BLR,DEL,2026-09-13,Economy Standard,T7(5-9),ROUND::2026-09-06T09:00,IX,IX-782,09:30,8663.00,2,Cleartrip;EaseMyTrip,Cleartrip=8261.00;EaseMyTrip=9065.00,8261.00,9065.00,804.00,0.092808,2,2,0,0,OBS01591;OBS01592
CELL::BLR|DEL|2026-09-13|Economy Standard|T7(5-9)::ROUND::2026-09-06T14:30::FLT::6E|6E-5011|13:45,CELL::BLR|DEL|2026-09-13|Economy Standard|T7(5-9)::ROUND::2026-09-06T14:30,BLR,DEL,2026-09-13,Economy Standard,T7(5-9),ROUND::2026-09-06T14:30,6E,6E-5011,13:45,8885.00,1,MMT,MMT=8885.00,8885.00,8885.00,0.00,0.000000,1,1,0,0,OBS02072
CELL::BLR|DEL|2026-09-13|Economy Standard|T7(5-9)::ROUND::2026-09-06T20:15::FLT::AI|AI-503|19:15,CELL::BLR|DEL|2026-09-13|Economy Standard|T7(5-9)::ROUND::2026-09-06T20:15,BLR,DEL,2026-09-13,Economy Standard,T7(5-9),ROUND::2026-09-06T20:15,AI,AI-503,19:15,8787.50,2,AirlineSite;Cleartrip,AirlineSite=8870.00;Cleartrip=8705.00,8705.00,8870.00,165.00,0.018777,2,2,0,0,OBS02586;OBS02587
CELL::BLR|DEL|2026-09-21|Economy Flexi|T15(12-18)::ROUND::2026-09-05T09:00::FLT::AI|AI-503|19:15,CELL::BLR|DEL|2026-09-21|Economy Flexi|T15(12-18)::ROUND::2026-09-05T09:00,BLR,DEL,2026-09-21,Economy Flexi,T15(12-18),ROUND::2026-09-05T09:00,AI,AI-503,19:15,8473.00,1,Cleartrip,Cleartrip=8473.00,8473.00,8473.00,0.00,0.000000,1,1,0,0,OBS00048
CELL::BLR|DEL|2026-09-21|Economy Flexi|T15(12-18)::ROUND::2026-09-05T09:00::FLT::IX|IX-782|09:30,CELL::BLR|DEL|2026-09-21|Economy Flexi|T15(12-18)::ROUND::2026-09-05T09:00,BLR,DEL,2026-09-21,Economy Flexi,T15(12-18),ROUND::2026-09-05T09:00,IX,IX-782,09:30,8423.00,1,Cleartrip,Cleartrip=8423.00,8423.00,8423.00,0.00,0.000000,1,1,0,0,OBS00059
CELL::BLR|DEL|2026-09-21|Economy Flexi|T15(12-18)::ROUND::2026-09-05T14:30::FLT::6E|6E-5011|13:45,CELL::BLR|DEL|2026-09-21|Economy Flexi|T15(12-18)::ROUND::2026-09-05T14:30,BLR,DEL,2026-09-21,Economy Flexi,T15(12-18),ROUND::2026-09-05T14:30,6E,6E-5011,13:45,9118.00,1,MMT,MMT=9118.00,9118.00,9118.00,0.00,0.000000,1,1,0,0,OBS00550
CELL::BLR|DEL|2026-09-21|Economy Flexi|T15(12-18)::ROUND::2026-09-05T14:30::FLT::AI|AI-503|19:15,CELL::BLR|DEL|2026-09-21|Economy Flexi|T15(12-18)::ROUND::2026-09-05T14:30,BLR,DEL,2026-09-21,Economy Flexi,T15(12-18),ROUND::2026-09-05T14:30,AI,AI-503,19:15,9049.00,2,AirlineSite;EaseMyTrip,AirlineSite=9030.00;EaseMyTrip=9068.00,9030.00,9068.00,38.00,0.004199,2,2,0,0,OBS00561;OBS00562
CELL::BLR|DEL|2026-09-21|Economy Flexi|T15(12-18)::ROUND::2026-09-05T20:15::FLT::6E|6E-5011|13:45,CELL::BLR|DEL|2026-09-21|Economy Flexi|T15(12-18)::ROUND::2026-09-05T20:15,BLR,DEL,2026-09-21,Economy Flexi,T15(12-18),ROUND::2026-09-05T20:15,6E,6E-5011,13:45,8739.00,1,AirlineSite,AirlineSite=8739.00,8739.00,8739.00,0.00,0.000000,1,1,0,0,OBS01051
CELL::BLR|DEL|2026-09-21|Economy Flexi|T15(12-18)::ROUND::2026-09-05T20:15::FLT::IX|IX-782|09:30,CELL::BLR|DEL|2026-09-21|Economy Flexi|T15(12-18)::ROUND::2026-09-05T20:15,BLR,DEL,2026-09-21,Economy Flexi,T15(12-18),ROUND::2026-09-05T20:15,IX,IX-782,09:30,8336.00,1,Cleartrip,Cleartrip=8336.00,8336.00,8336.00,0.00,0.000000,1,1,0,0,OBS01074
CELL::BLR|DEL|2026-09-21|Economy Flexi|T15(12-18)::ROUND::2026-09-06T09:00::FLT::IX|IX-782|09:30,CELL::BLR|DEL|2026-09-21|Economy Flexi|T15(12-18)::ROUND::2026-09-06T09:00,BLR,DEL,2026-09-21,Economy Flexi,T15(12-18),ROUND::2026-09-06T09:00,IX,IX-782,09:30,8754.50,2,Cleartrip;MMT,Cleartrip=8824.00;MMT=8685.00,8685.00,8824.00,139.00,0.015878,2,2,0,0,OBS01594;OBS01595
CELL::BLR|DEL|2026-09-21|Economy Flexi|T15(12-18)::ROUND::2026-09-06T14:30::FLT::6E|6E-5011|13:45,CELL::BLR|DEL|2026-09-21|Economy Flexi|T15(12-18)::ROUND::2026-09-06T14:30,BLR,DEL,2026-09-21,Economy Flexi,T15(12-18),ROUND::2026-09-06T14:30,6E,6E-5011,13:45,9157.00,2,AirlineSite;Cleartrip,AirlineSite=9344.00;Cleartrip=8970.00,8970.00,9344.00,374.00,0.040843,2,2,0,0,OBS02075;OBS02076
CELL::BLR|DEL|2026-09-21|Economy Flexi|T15(12-18)::ROUND::2026-09-06T14:30::FLT::IX|IX-782|09:30,CELL::BLR|DEL|2026-09-21|Economy Flexi|T15(12-18)::ROUND::2026-09-06T14:30,BLR,DEL,2026-09-21,Economy Flexi,T15(12-18),ROUND::2026-09-06T14:30,IX,IX-782,09:30,9297.00,1,EaseMyTrip,EaseMyTrip=9297.00,9297.00,9297.00,0.00,0.000000,1,1,0,0,OBS02097
CELL::BLR|DEL|2026-09-21|Economy Flexi|T15(12-18)::ROUND::2026-09-06T20:15::FLT::IX|IX-782|09:30,CELL::BLR|DEL|2026-09-21|Economy Flexi|T15(12-18)::ROUND::2026-09-06T20:15,BLR,DEL,2026-09-21,Economy Flexi,T15(12-18),ROUND::2026-09-06T20:15,IX,IX-782,09:30,9144.00,1,Goibibo,Goibibo=9144.00,9144.00,9144.00,0.00,0.000000,1,1,0,0,OBS02598
CELL::BLR|DEL|2026-09-21|Economy Saver|T15(12-18)::ROUND::2026-09-05T09:00::FLT::6E|6E-5011|13:45,CELL::BLR|DEL|2026-09-21|Economy Saver|T15(12-18)::ROUND::2026-09-05T09:00,BLR,DEL,2026-09-21,Economy Saver,T15(12-18),ROUND::2026-09-05T09:00,6E,6E-5011,13:45,5458.00,1,AirlineSite,AirlineSite=5458.00,5458.00,5458.00,0.00,0.000000,1,1,0,0,OBS00034
CELL::BLR|DEL|2026-09-21|Economy Saver|T15(12-18)::ROUND::2026-09-05T09:00::FLT::IX|IX-782|09:30,CELL::BLR|DEL|2026-09-21|Economy Saver|T15(12-18)::ROUND::2026-09-05T09:00,BLR,DEL,2026-09-21,Economy Saver,T15(12-18),ROUND::2026-09-05T09:00,IX,IX-782,09:30,5507.00,1,Cleartrip,Cleartrip=5507.00,5507.00,5507.00,0.00,0.000000,1,1,0,0,OBS00060
CELL::BLR|DEL|2026-09-21|Economy Saver|T15(12-18)::ROUND::2026-09-05T14:30::FLT::AI|AI-503|19:15,CELL::BLR|DEL|2026-09-21|Economy Saver|T15(12-18)::ROUND::2026-09-05T14:30,BLR,DEL,2026-09-21,Economy Saver,T15(12-18),ROUND::2026-09-05T14:30,AI,AI-503,19:15,5711.50,2,Cleartrip;EaseMyTrip,Cleartrip=5661.00;EaseMyTrip=5762.00,5661.00,5762.00,101.00,0.017684,2,2,0,0,OBS00559;OBS00560
CELL::BLR|DEL|2026-09-21|Economy Saver|T15(12-18)::ROUND::2026-09-05T20:15::FLT::6E|6E-5011|13:45,CELL::BLR|DEL|2026-09-21|Economy Saver|T15(12-18)::ROUND::2026-09-05T20:15,BLR,DEL,2026-09-21,Economy Saver,T15(12-18),ROUND::2026-09-05T20:15,6E,6E-5011,13:45,5634.00,1,Cleartrip,Cleartrip=5634.00,5634.00,5634.00,0.00,0.000000,1,1,0,0,OBS01052
CELL::BLR|DEL|2026-09-21|Economy Saver|T15(12-18)::ROUND::2026-09-06T09:00::FLT::6E|6E-5011|13:45,CELL::BLR|DEL|2026-09-21|Economy Saver|T15(12-18)::ROUND::2026-09-06T09:00,BLR,DEL,2026-09-21,Economy Saver,T15(12-18),ROUND::2026-09-06T09:00,6E,6E-5011,13:45,5821.50,2,AirlineSite;Goibibo,AirlineSite=5846.00;Goibibo=5797.00,5797.00,5846.00,49.00,0.008417,2,2,0,0,OBS01573;OBS01574
CELL::BLR|DEL|2026-09-21|Economy Saver|T15(12-18)::ROUND::2026-09-06T09:00::FLT::AI|AI-503|19:15,CELL::BLR|DEL|2026-09-21|Economy Saver|T15(12-18)::ROUND::2026-09-06T09:00,BLR,DEL,2026-09-21,Economy Saver,T15(12-18),ROUND::2026-09-06T09:00,AI,AI-503,19:15,5655.00,2,Cleartrip;Goibibo,Cleartrip=5673.00;Goibibo=5637.00,5637.00,5673.00,36.00,0.006366,2,2,0,0,OBS01583;OBS01584
CELL::BLR|DEL|2026-09-21|Economy Saver|T15(12-18)::ROUND::2026-09-06T14:30::FLT::AI|AI-503|19:15,CELL::BLR|DEL|2026-09-21|Economy Saver|T15(12-18)::ROUND::2026-09-06T14:30,BLR,DEL,2026-09-21,Economy Saver,T15(12-18),ROUND::2026-09-06T14:30,AI,AI-503,19:15,5806.00,1,Cleartrip,Cleartrip=5806.00,5806.00,5806.00,0.00,0.000000,1,1,0,0,OBS02086
CELL::BLR|DEL|2026-09-21|Economy Saver|T15(12-18)::ROUND::2026-09-06T20:15::FLT::6E|6E-5011|13:45,CELL::BLR|DEL|2026-09-21|Economy Saver|T15(12-18)::ROUND::2026-09-06T20:15,BLR,DEL,2026-09-21,Economy Saver,T15(12-18),ROUND::2026-09-06T20:15,6E,6E-5011,13:45,5969.00,1,MMT,MMT=5969.00,5969.00,5969.00,0.00,0.000000,1,1,0,0,OBS02573
CELL::BLR|DEL|2026-09-21|Economy Saver|T15(12-18)::ROUND::2026-09-06T20:15::FLT::IX|IX-782|09:30,CELL::BLR|DEL|2026-09-21|Economy Saver|T15(12-18)::ROUND::2026-09-06T20:15,BLR,DEL,2026-09-21,Economy Saver,T15(12-18),ROUND::2026-09-06T20:15,IX,IX-782,09:30,5955.00,2,AirlineSite;EaseMyTrip,AirlineSite=5959.00;EaseMyTrip=5951.00,5951.00,5959.00,8.00,0.001343,2,2,0,0,OBS02596;OBS02597
CELL::BLR|DEL|2026-09-21|Economy Standard|T15(12-18)::ROUND::2026-09-05T09:00::FLT::AI|AI-503|19:15,CELL::BLR|DEL|2026-09-21|Economy Standard|T15(12-18)::ROUND::2026-09-05T09:00,BLR,DEL,2026-09-21,Economy Standard,T15(12-18),ROUND::2026-09-05T09:00,AI,AI-503,19:15,6984.50,2,EaseMyTrip;Goibibo,EaseMyTrip=6982.00;Goibibo=6987.00,6982.00,6987.00,5.00,0.000716,2,2,0,0,OBS00046;OBS00047
CELL::BLR|DEL|2026-09-21|Economy Standard|T15(12-18)::ROUND::2026-09-05T14:30::FLT::6E|6E-5011|13:45,CELL::BLR|DEL|2026-09-21|Economy Standard|T15(12-18)::ROUND::2026-09-05T14:30,BLR,DEL,2026-09-21,Economy Standard,T15(12-18),ROUND::2026-09-05T14:30,6E,6E-5011,13:45,7435.00,1,Goibibo,Goibibo=7435.00,7435.00,7435.00,0.00,0.000000,1,1,0,0,OBS00549
CELL::BLR|DEL|2026-09-21|Economy Standard|T15(12-18)::ROUND::2026-09-05T14:30::FLT::IX|IX-782|09:30,CELL::BLR|DEL|2026-09-21|Economy Standard|T15(12-18)::ROUND::2026-09-05T14:30,BLR,DEL,2026-09-21,Economy Standard,T15(12-18),ROUND::2026-09-05T14:30,IX,IX-782,09:30,7345.00,1,MMT,MMT=7345.00,7345.00,7345.00,0.00,0.000000,1,1,0,0,OBS00573
CELL::BLR|DEL|2026-09-21|Economy Standard|T15(12-18)::ROUND::2026-09-05T20:15::FLT::AI|AI-503|19:15,CELL::BLR|DEL|2026-09-21|Economy Standard|T15(12-18)::ROUND::2026-09-05T20:15,BLR,DEL,2026-09-21,Economy Standard,T15(12-18),ROUND::2026-09-05T20:15,AI,AI-503,19:15,7230.00,1,Goibibo,Goibibo=7230.00,7230.00,7230.00,0.00,0.000000,1,1,0,0,OBS01064
CELL::BLR|DEL|2026-09-21|Economy Standard|T15(12-18)::ROUND::2026-09-06T09:00::FLT::IX|IX-782|09:30,CELL::BLR|DEL|2026-09-21|Economy Standard|T15(12-18)::ROUND::2026-09-06T09:00,BLR,DEL,2026-09-21,Economy Standard,T15(12-18),ROUND::2026-09-06T09:00,IX,IX-782,09:30,7387.50,2,AirlineSite;MMT,AirlineSite=7376.00;MMT=7399.00,7376.00,7399.00,23.00,0.003113,2,2,0,0,OBS01596;OBS01597
CELL::BLR|DEL|2026-09-21|Economy Standard|T15(12-18)::ROUND::2026-09-06T14:30::FLT::AI|AI-503|19:15,CELL::BLR|DEL|2026-09-21|Economy Standard|T15(12-18)::ROUND::2026-09-06T14:30,BLR,DEL,2026-09-21,Economy Standard,T15(12-18),ROUND::2026-09-06T14:30,AI,AI-503,19:15,7359.50,2,AirlineSite;Cleartrip,AirlineSite=7410.00;Cleartrip=7309.00,7309.00,7410.00,101.00,0.013724,2,2,0,0,OBS02084;OBS02085
CELL::BLR|DEL|2026-09-21|Economy Standard|T15(12-18)::ROUND::2026-09-06T14:30::FLT::IX|IX-782|09:30,CELL::BLR|DEL|2026-09-21|Economy Standard|T15(12-18)::ROUND::2026-09-06T14:30,BLR,DEL,2026-09-21,Economy Standard,T15(12-18),ROUND::2026-09-06T14:30,IX,IX-782,09:30,7600.00,1,AirlineSite,AirlineSite=7600.00,7600.00,7600.00,0.00,0.000000,1,1,0,0,OBS02098
CELL::BLR|DEL|2026-09-21|Economy Standard|T15(12-18)::ROUND::2026-09-06T20:15::FLT::6E|6E-5011|13:45,CELL::BLR|DEL|2026-09-21|Economy Standard|T15(12-18)::ROUND::2026-09-06T20:15,BLR,DEL,2026-09-21,Economy Standard,T15(12-18),ROUND::2026-09-06T20:15,6E,6E-5011,13:45,7434.00,1,Goibibo,Goibibo=7434.00,7434.00,7434.00,0.00,0.000000,1,1,0,0,OBS02572
CELL::BLR|DEL|2026-09-21|Economy Standard|T15(12-18)::ROUND::2026-09-06T20:15::FLT::AI|AI-503|19:15,CELL::BLR|DEL|2026-09-21|Economy Standard|T15(12-18)::ROUND::2026-09-06T20:15,BLR,DEL,2026-09-21,Economy Standard,T15(12-18),ROUND::2026-09-06T20:15,AI,AI-503,19:15,7281.00,2,EaseMyTrip;Goibibo,EaseMyTrip=7445.00;Goibibo=7117.00,7117.00,7445.00,328.00,0.045049,2,2,0,0,OBS02588;OBS02589
CELL::BLR|DEL|2026-10-06|Economy Flexi|T30(25-35)::ROUND::2026-09-05T09:00::FLT::6E|6E-5011|13:45,CELL::BLR|DEL|2026-10-06|Economy Flexi|T30(25-35)::ROUND::2026-09-05T09:00,BLR,DEL,2026-10-06,Economy Flexi,T30(25-35),ROUND::2026-09-05T09:00,6E,6E-5011,13:45,7831.50,2,Goibibo;MMT,Goibibo=7730.00;MMT=7933.00,7730.00,7933.00,203.00,0.025921,2,2,0,0,OBS00037;OBS00038
CELL::BLR|DEL|2026-10-06|Economy Flexi|T30(25-35)::ROUND::2026-09-05T09:00::FLT::AI|AI-503|19:15,CELL::BLR|DEL|2026-10-06|Economy Flexi|T30(25-35)::ROUND::2026-09-05T09:00,BLR,DEL,2026-10-06,Economy Flexi,T30(25-35),ROUND::2026-09-05T09:00,AI,AI-503,19:15,7659.00,1,EaseMyTrip,EaseMyTrip=7659.00,7659.00,7659.00,0.00,0.000000,1,1,0,0,OBS00049
CELL::BLR|DEL|2026-10-06|Economy Flexi|T30(25-35)::ROUND::2026-09-05T14:30::FLT::6E|6E-5011|13:45,CELL::BLR|DEL|2026-10-06|Economy Flexi|T30(25-35)::ROUND::2026-09-05T14:30,BLR,DEL,2026-10-06,Economy Flexi,T30(25-35),ROUND::2026-09-05T14:30,6E,6E-5011,13:45,7705.00,1,EaseMyTrip,EaseMyTrip=7705.00,7705.00,7705.00,0.00,0.000000,1,1,0,0,OBS00551
CELL::BLR|DEL|2026-10-06|Economy Flexi|T30(25-35)::ROUND::2026-09-05T14:30::FLT::IX|IX-782|09:30,CELL::BLR|DEL|2026-10-06|Economy Flexi|T30(25-35)::ROUND::2026-09-05T14:30,BLR,DEL,2026-10-06,Economy Flexi,T30(25-35),ROUND::2026-09-05T14:30,IX,IX-782,09:30,7707.00,1,AirlineSite,AirlineSite=7707.00,7707.00,7707.00,0.00,0.000000,1,1,0,0,OBS00576
CELL::BLR|DEL|2026-10-06|Economy Flexi|T30(25-35)::ROUND::2026-09-05T20:15::FLT::IX|IX-782|09:30,CELL::BLR|DEL|2026-10-06|Economy Flexi|T30(25-35)::ROUND::2026-09-05T20:15,BLR,DEL,2026-10-06,Economy Flexi,T30(25-35),ROUND::2026-09-05T20:15,IX,IX-782,09:30,8052.00,1,MMT,MMT=8052.00,8052.00,8052.00,0.00,0.000000,1,1,0,0,OBS01076
CELL::BLR|DEL|2026-10-06|Economy Flexi|T30(25-35)::ROUND::2026-09-06T09:00::FLT::6E|6E-5011|13:45,CELL::BLR|DEL|2026-10-06|Economy Flexi|T30(25-35)::ROUND::2026-09-06T09:00,BLR,DEL,2026-10-06,Economy Flexi,T30(25-35),ROUND::2026-09-06T09:00,6E,6E-5011,13:45,8379.00,1,AirlineSite,AirlineSite=8379.00,8379.00,8379.00,0.00,0.000000,1,1,0,0,OBS01576
CELL::BLR|DEL|2026-10-06|Economy Flexi|T30(25-35)::ROUND::2026-09-06T09:00::FLT::AI|AI-503|19:15,CELL::BLR|DEL|2026-10-06|Economy Flexi|T30(25-35)::ROUND::2026-09-06T09:00,BLR,DEL,2026-10-06,Economy Flexi,T30(25-35),ROUND::2026-09-06T09:00,AI,AI-503,19:15,7690.00,1,Goibibo,Goibibo=7690.00,7690.00,7690.00,0.00,0.000000,1,1,0,0,OBS01587
CELL::BLR|DEL|2026-10-06|Economy Flexi|T30(25-35)::ROUND::2026-09-06T14:30::FLT::AI|AI-503|12:00,CELL::BLR|DEL|2026-10-06|Economy Flexi|T30(25-35)::ROUND::2026-09-06T14:30,BLR,DEL,2026-10-06,Economy Flexi,T30(25-35),ROUND::2026-09-06T14:30,AI,AI-503,12:00,8108.00,1,Goibibo,Goibibo=8108.00,8108.00,8108.00,0.00,0.000000,1,1,0,0,OBS02981
CELL::BLR|DEL|2026-10-06|Economy Flexi|T30(25-35)::ROUND::2026-09-06T20:15::FLT::6E|6E-5011|13:45,CELL::BLR|DEL|2026-10-06|Economy Flexi|T30(25-35)::ROUND::2026-09-06T20:15,BLR,DEL,2026-10-06,Economy Flexi,T30(25-35),ROUND::2026-09-06T20:15,6E,6E-5011,13:45,8056.00,2,EaseMyTrip;Goibibo,EaseMyTrip=7900.00;Goibibo=8212.00,7900.00,8212.00,312.00,0.038729,2,2,0,0,OBS02576;OBS02577
CELL::BLR|DEL|2026-10-06|Economy Flexi|T30(25-35)::ROUND::2026-09-06T20:15::FLT::AI|AI-503|19:15,CELL::BLR|DEL|2026-10-06|Economy Flexi|T30(25-35)::ROUND::2026-09-06T20:15,BLR,DEL,2026-10-06,Economy Flexi,T30(25-35),ROUND::2026-09-06T20:15,AI,AI-503,19:15,8085.50,2,AirlineSite;Cleartrip,AirlineSite=8071.00;Cleartrip=8100.00,8071.00,8100.00,29.00,0.003587,2,2,0,0,OBS02590;OBS02591
CELL::BLR|DEL|2026-10-06|Economy Flexi|T30(25-35)::ROUND::2026-09-06T20:15::FLT::IX|IX-782|09:30,CELL::BLR|DEL|2026-10-06|Economy Flexi|T30(25-35)::ROUND::2026-09-06T20:15,BLR,DEL,2026-10-06,Economy Flexi,T30(25-35),ROUND::2026-09-06T20:15,IX,IX-782,09:30,8331.00,1,Goibibo,Goibibo=8331.00,8331.00,8331.00,0.00,0.000000,1,1,0,0,OBS02599
CELL::BLR|DEL|2026-10-06|Economy Saver|T30(25-35)::ROUND::2026-09-05T09:00::FLT::6E|6E-5011|13:45,CELL::BLR|DEL|2026-10-06|Economy Saver|T30(25-35)::ROUND::2026-09-05T09:00,BLR,DEL,2026-10-06,Economy Saver,T30(25-35),ROUND::2026-09-05T09:00,6E,6E-5011,13:45,5194.00,2,Goibibo;MMT,Goibibo=5225.00;MMT=5163.00,5163.00,5225.00,62.00,0.011937,2,2,0,0,OBS00035;OBS00036
CELL::BLR|DEL|2026-10-06|Economy Saver|T30(25-35)::ROUND::2026-09-05T09:00::FLT::AI|AI-503|19:15,CELL::BLR|DEL|2026-10-06|Economy Saver|T30(25-35)::ROUND::2026-09-05T09:00,BLR,DEL,2026-10-06,Economy Saver,T30(25-35),ROUND::2026-09-05T09:00,AI,AI-503,19:15,4912.00,1,EaseMyTrip,EaseMyTrip=4912.00,4912.00,4912.00,0.00,0.000000,1,1,0,0,OBS00050
CELL::BLR|DEL|2026-10-06|Economy Saver|T30(25-35)::ROUND::2026-09-05T09:00::FLT::IX|IX-782|09:30,CELL::BLR|DEL|2026-10-06|Economy Saver|T30(25-35)::ROUND::2026-09-05T09:00,BLR,DEL,2026-10-06,Economy Saver,T30(25-35),ROUND::2026-09-05T09:00,IX,IX-782,09:30,5126.00,2,AirlineSite;Cleartrip,AirlineSite=5268.00;Cleartrip=4984.00,4984.00,5268.00,284.00,0.055404,2,2,0,0,OBS00061;OBS00062
CELL::BLR|DEL|2026-10-06|Economy Saver|T30(25-35)::ROUND::2026-09-05T14:30::FLT::AI|AI-503|19:15,CELL::BLR|DEL|2026-10-06|Economy Saver|T30(25-35)::ROUND::2026-09-05T14:30,BLR,DEL,2026-10-06,Economy Saver,T30(25-35),ROUND::2026-09-05T14:30,AI,AI-503,19:15,5346.00,1,Goibibo,Goibibo=5346.00,5346.00,5346.00,0.00,0.000000,1,1,0,0,OBS00563
CELL::BLR|DEL|2026-10-06|Economy Saver|T30(25-35)::ROUND::2026-09-05T14:30::FLT::IX|IX-782|09:30,CELL::BLR|DEL|2026-10-06|Economy Saver|T30(25-35)::ROUND::2026-09-05T14:30,BLR,DEL,2026-10-06,Economy Saver,T30(25-35),ROUND::2026-09-05T14:30,IX,IX-782,09:30,5127.00,2,AirlineSite;Goibibo,AirlineSite=5281.00;Goibibo=4973.00,4973.00,5281.00,308.00,0.060074,2,2,0,0,OBS00574;OBS00575
CELL::BLR|DEL|2026-10-06|Economy Saver|T30(25-35)::ROUND::2026-09-05T20:15::FLT::6E|6E-5011|13:45,CELL::BLR|DEL|2026-10-06|Economy Saver|T30(25-35)::ROUND::2026-09-05T20:15,BLR,DEL,2026-10-06,Economy Saver,T30(25-35),ROUND::2026-09-05T20:15,6E,6E-5011,13:45,5277.00,2,AirlineSite;Cleartrip,AirlineSite=5313.00;Cleartrip=5241.00,5241.00,5313.00,72.00,0.013644,2,2,0,0,OBS01053;OBS01054
CELL::BLR|DEL|2026-10-06|Economy Saver|T30(25-35)::ROUND::2026-09-05T20:15::FLT::AI|AI-503|19:15,CELL::BLR|DEL|2026-10-06|Economy Saver|T30(25-35)::ROUND::2026-09-05T20:15,BLR,DEL,2026-10-06,Economy Saver,T30(25-35),ROUND::2026-09-05T20:15,AI,AI-503,19:15,5154.00,1,Goibibo,Goibibo=5154.00,5154.00,5154.00,0.00,0.000000,1,1,0,0,OBS01067
CELL::BLR|DEL|2026-10-06|Economy Saver|T30(25-35)::ROUND::2026-09-06T09:00::FLT::AI|AI-503|19:15,CELL::BLR|DEL|2026-10-06|Economy Saver|T30(25-35)::ROUND::2026-09-06T09:00,BLR,DEL,2026-10-06,Economy Saver,T30(25-35),ROUND::2026-09-06T09:00,AI,AI-503,19:15,5352.50,2,EaseMyTrip;Goibibo,EaseMyTrip=5302.00;Goibibo=5403.00,5302.00,5403.00,101.00,0.018870,2,2,0,0,OBS01585;OBS01586
CELL::BLR|DEL|2026-10-06|Economy Saver|T30(25-35)::ROUND::2026-09-06T09:00::FLT::IX|IX-782|09:30,CELL::BLR|DEL|2026-10-06|Economy Saver|T30(25-35)::ROUND::2026-09-06T09:00,BLR,DEL,2026-10-06,Economy Saver,T30(25-35),ROUND::2026-09-06T09:00,IX,IX-782,09:30,5115.00,2,Cleartrip;MMT,Cleartrip=4912.00;MMT=5318.00,4912.00,5318.00,406.00,0.079374,2,2,0,0,OBS01598;OBS01599
CELL::BLR|DEL|2026-10-06|Economy Standard|T30(25-35)::ROUND::2026-09-05T09:00::FLT::IX|IX-782|09:30,CELL::BLR|DEL|2026-10-06|Economy Standard|T30(25-35)::ROUND::2026-09-05T09:00,BLR,DEL,2026-10-06,Economy Standard,T30(25-35),ROUND::2026-09-05T09:00,IX,IX-782,09:30,6758.00,1,Cleartrip,Cleartrip=6758.00,6758.00,6758.00,0.00,0.000000,1,1,0,0,OBS00063
CELL::BLR|DEL|2026-10-06|Economy Standard|T30(25-35)::ROUND::2026-09-05T14:30::FLT::6E|6E-5011|13:45,CELL::BLR|DEL|2026-10-06|Economy Standard|T30(25-35)::ROUND::2026-09-05T14:30,BLR,DEL,2026-10-06,Economy Standard,T30(25-35),ROUND::2026-09-05T14:30,6E,6E-5011,13:45,6681.00,1,AirlineSite,AirlineSite=6681.00,6681.00,6681.00,0.00,0.000000,1,1,0,0,OBS00552
CELL::BLR|DEL|2026-10-06|Economy Standard|T30(25-35)::ROUND::2026-09-05T14:30::FLT::AI|AI-503|19:15,CELL::BLR|DEL|2026-10-06|Economy Standard|T30(25-35)::ROUND::2026-09-05T14:30,BLR,DEL,2026-10-06,Economy Standard,T30(25-35),ROUND::2026-09-05T14:30,AI,AI-503,19:15,6456.50,2,Cleartrip;EaseMyTrip,Cleartrip=6532.00;EaseMyTrip=6381.00,6381.00,6532.00,151.00,0.023387,2,2,0,0,OBS00564;OBS00565
CELL::BLR|DEL|2026-10-06|Economy Standard|T30(25-35)::ROUND::2026-09-05T20:15::FLT::AI|AI-503|19:15,CELL::BLR|DEL|2026-10-06|Economy Standard|T30(25-35)::ROUND::2026-09-05T20:15,BLR,DEL,2026-10-06,Economy Standard,T30(25-35),ROUND::2026-09-05T20:15,AI,AI-503,19:15,6756.00,2,EaseMyTrip;Goibibo,EaseMyTrip=6730.00;Goibibo=6782.00,6730.00,6782.00,52.00,0.007697,2,2,0,0,OBS01065;OBS01066
CELL::BLR|DEL|2026-10-06|Economy Standard|T30(25-35)::ROUND::2026-09-05T20:15::FLT::IX|IX-782|09:30,CELL::BLR|DEL|2026-10-06|Economy Standard|T30(25-35)::ROUND::2026-09-05T20:15,BLR,DEL,2026-10-06,Economy Standard,T30(25-35),ROUND::2026-09-05T20:15,IX,IX-782,09:30,6450.00,1,Cleartrip,Cleartrip=6450.00,6450.00,6450.00,0.00,0.000000,1,1,0,0,OBS01075
CELL::BLR|DEL|2026-10-06|Economy Standard|T30(25-35)::ROUND::2026-09-06T09:00::FLT::6E|6E-5011|13:45,CELL::BLR|DEL|2026-10-06|Economy Standard|T30(25-35)::ROUND::2026-09-06T09:00,BLR,DEL,2026-10-06,Economy Standard,T30(25-35),ROUND::2026-09-06T09:00,6E,6E-5011,13:45,6407.00,1,EaseMyTrip,EaseMyTrip=6407.00,6407.00,6407.00,0.00,0.000000,1,1,0,0,OBS01575
CELL::BLR|DEL|2026-10-06|Economy Standard|T30(25-35)::ROUND::2026-09-06T14:30::FLT::6E|6E-5011|13:45,CELL::BLR|DEL|2026-10-06|Economy Standard|T30(25-35)::ROUND::2026-09-06T14:30,BLR,DEL,2026-10-06,Economy Standard,T30(25-35),ROUND::2026-09-06T14:30,6E,6E-5011,13:45,6562.00,2,Cleartrip;EaseMyTrip,Cleartrip=6589.00;EaseMyTrip=6535.00,6535.00,6589.00,54.00,0.008229,2,2,0,0,OBS02077;OBS02078
CELL::BLR|DEL|2026-10-06|Economy Standard|T30(25-35)::ROUND::2026-09-06T14:30::FLT::AI|AI-503|19:15,CELL::BLR|DEL|2026-10-06|Economy Standard|T30(25-35)::ROUND::2026-09-06T14:30,BLR,DEL,2026-10-06,Economy Standard,T30(25-35),ROUND::2026-09-06T14:30,AI,AI-503,19:15,6421.00,1,MMT,MMT=6421.00,6421.00,6421.00,0.00,0.000000,1,1,0,0,OBS02087
CELL::BLR|DEL|2026-10-06|Economy Standard|T30(25-35)::ROUND::2026-09-06T14:30::FLT::IX|IX-782|09:30,CELL::BLR|DEL|2026-10-06|Economy Standard|T30(25-35)::ROUND::2026-09-06T14:30,BLR,DEL,2026-10-06,Economy Standard,T30(25-35),ROUND::2026-09-06T14:30,IX,IX-782,09:30,6697.00,2,AirlineSite;MMT,AirlineSite=6808.00;MMT=6586.00,6586.00,6808.00,222.00,0.033149,2,2,0,0,OBS02099;OBS02100
CELL::BLR|DEL|2026-10-06|Economy Standard|T30(25-35)::ROUND::2026-09-06T20:15::FLT::6E|6E-5011|13:45,CELL::BLR|DEL|2026-10-06|Economy Standard|T30(25-35)::ROUND::2026-09-06T20:15,BLR,DEL,2026-10-06,Economy Standard,T30(25-35),ROUND::2026-09-06T20:15,6E,6E-5011,13:45,6513.00,2,EaseMyTrip;Goibibo,EaseMyTrip=6690.00;Goibibo=6336.00,6336.00,6690.00,354.00,0.054353,2,2,0,0,OBS02574;OBS02575
CELL::BLR|DEL|2026-10-22|Economy Flexi|T45(40-50)::ROUND::2026-09-05T09:00::FLT::6E|6E-5011|13:45,CELL::BLR|DEL|2026-10-22|Economy Flexi|T45(40-50)::ROUND::2026-09-05T09:00,BLR,DEL,2026-10-22,Economy Flexi,T45(40-50),ROUND::2026-09-05T09:00,6E,6E-5011,13:45,7940.00,1,AirlineSite,AirlineSite=7940.00,7940.00,7940.00,0.00,0.000000,1,1,0,0,OBS00039
CELL::BLR|DEL|2026-10-22|Economy Flexi|T45(40-50)::ROUND::2026-09-05T09:00::FLT::AI|AI-503|19:15,CELL::BLR|DEL|2026-10-22|Economy Flexi|T45(40-50)::ROUND::2026-09-05T09:00,BLR,DEL,2026-10-22,Economy Flexi,T45(40-50),ROUND::2026-09-05T09:00,AI,AI-503,19:15,7995.50,2,Cleartrip;MMT,Cleartrip=8148.00;MMT=7843.00,7843.00,8148.00,305.00,0.038146,2,2,0,0,OBS00052;OBS00053
CELL::BLR|DEL|2026-10-22|Economy Flexi|T45(40-50)::ROUND::2026-09-05T09:00::FLT::IX|IX-782|09:30,CELL::BLR|DEL|2026-10-22|Economy Flexi|T45(40-50)::ROUND::2026-09-05T09:00,BLR,DEL,2026-10-22,Economy Flexi,T45(40-50),ROUND::2026-09-05T09:00,IX,IX-782,09:30,7834.00,2,EaseMyTrip;Goibibo,EaseMyTrip=8013.00;Goibibo=7655.00,7655.00,8013.00,358.00,0.045698,2,2,0,0,OBS00064;OBS00065
CELL::BLR|DEL|2026-10-22|Economy Flexi|T45(40-50)::ROUND::2026-09-05T14:30::FLT::6E|6E-5011|13:45,CELL::BLR|DEL|2026-10-22|Economy Flexi|T45(40-50)::ROUND::2026-09-05T14:30,BLR,DEL,2026-10-22,Economy Flexi,T45(40-50),ROUND::2026-09-05T14:30,6E,6E-5011,13:45,8233.50,2,Cleartrip;EaseMyTrip,Cleartrip=8123.00;EaseMyTrip=8344.00,8123.00,8344.00,221.00,0.026842,2,2,0,0,OBS00553;OBS00554
CELL::BLR|DEL|2026-10-22|Economy Flexi|T45(40-50)::ROUND::2026-09-05T14:30::FLT::AI|AI-503|19:15,CELL::BLR|DEL|2026-10-22|Economy Flexi|T45(40-50)::ROUND::2026-09-05T14:30,BLR,DEL,2026-10-22,Economy Flexi,T45(40-50),ROUND::2026-09-05T14:30,AI,AI-503,19:15,8144.00,1,AirlineSite,AirlineSite=8144.00,8144.00,8144.00,0.00,0.000000,1,1,0,0,OBS00566
CELL::BLR|DEL|2026-10-22|Economy Flexi|T45(40-50)::ROUND::2026-09-05T20:15::FLT::AI|AI-503|19:15,CELL::BLR|DEL|2026-10-22|Economy Flexi|T45(40-50)::ROUND::2026-09-05T20:15,BLR,DEL,2026-10-22,Economy Flexi,T45(40-50),ROUND::2026-09-05T20:15,AI,AI-503,19:15,7712.00,1,MMT,MMT=7712.00,7712.00,7712.00,0.00,0.000000,1,1,0,0,OBS01068
CELL::BLR|DEL|2026-10-22|Economy Flexi|T45(40-50)::ROUND::2026-09-05T20:15::FLT::IX|IX-782|09:30,CELL::BLR|DEL|2026-10-22|Economy Flexi|T45(40-50)::ROUND::2026-09-05T20:15,BLR,DEL,2026-10-22,Economy Flexi,T45(40-50),ROUND::2026-09-05T20:15,IX,IX-782,09:30,8131.00,1,Goibibo,Goibibo=8131.00,8131.00,8131.00,0.00,0.000000,1,1,0,0,OBS01077
CELL::BLR|DEL|2026-10-22|Economy Flexi|T45(40-50)::ROUND::2026-09-06T09:00::FLT::6E|6E-5011|13:45,CELL::BLR|DEL|2026-10-22|Economy Flexi|T45(40-50)::ROUND::2026-09-06T09:00,BLR,DEL,2026-10-22,Economy Flexi,T45(40-50),ROUND::2026-09-06T09:00,6E,6E-5011,13:45,8305.00,1,AirlineSite,AirlineSite=8305.00,8305.00,8305.00,0.00,0.000000,1,1,0,0,OBS01578
CELL::BLR|DEL|2026-10-22|Economy Flexi|T45(40-50)::ROUND::2026-09-06T09:00::FLT::IX|IX-782|09:30,CELL::BLR|DEL|2026-10-22|Economy Flexi|T45(40-50)::ROUND::2026-09-06T09:00,BLR,DEL,2026-10-22,Economy Flexi,T45(40-50),ROUND::2026-09-06T09:00,IX,IX-782,09:30,8126.50,2,AirlineSite;Cleartrip,AirlineSite=8304.00;Cleartrip=7949.00,7949.00,8304.00,355.00,0.043684,2,2,0,0,OBS01601;OBS01602
CELL::BLR|DEL|2026-10-22|Economy Flexi|T45(40-50)::ROUND::2026-09-06T14:30::FLT::6E|6E-5011|13:45,CELL::BLR|DEL|2026-10-22|Economy Flexi|T45(40-50)::ROUND::2026-09-06T14:30,BLR,DEL,2026-10-22,Economy Flexi,T45(40-50),ROUND::2026-09-06T14:30,6E,6E-5011,13:45,8222.00,1,MMT,MMT=8222.00,8222.00,8222.00,0.00,0.000000,1,1,0,0,OBS02079
CELL::BLR|DEL|2026-10-22|Economy Flexi|T45(40-50)::ROUND::2026-09-06T14:30::FLT::IX|IX-782|09:30,CELL::BLR|DEL|2026-10-22|Economy Flexi|T45(40-50)::ROUND::2026-09-06T14:30,BLR,DEL,2026-10-22,Economy Flexi,T45(40-50),ROUND::2026-09-06T14:30,IX,IX-782,09:30,8268.50,2,AirlineSite;Cleartrip,AirlineSite=8171.00;Cleartrip=8366.00,8171.00,8366.00,195.00,0.023583,2,2,0,0,OBS02101;OBS02102
CELL::BLR|DEL|2026-10-22|Economy Saver|T45(40-50)::ROUND::2026-09-05T09:00::FLT::6E|6E-5011|13:45,CELL::BLR|DEL|2026-10-22|Economy Saver|T45(40-50)::ROUND::2026-09-05T09:00,BLR,DEL,2026-10-22,Economy Saver,T45(40-50),ROUND::2026-09-05T09:00,6E,6E-5011,13:45,5052.00,1,MMT,MMT=5052.00,5052.00,5052.00,0.00,0.000000,1,1,0,0,OBS00040
CELL::BLR|DEL|2026-10-22|Economy Saver|T45(40-50)::ROUND::2026-09-05T09:00::FLT::AI|AI-503|19:15,CELL::BLR|DEL|2026-10-22|Economy Saver|T45(40-50)::ROUND::2026-09-05T09:00,BLR,DEL,2026-10-22,Economy Saver,T45(40-50),ROUND::2026-09-05T09:00,AI,AI-503,19:15,4998.00,1,EaseMyTrip,EaseMyTrip=4998.00,4998.00,4998.00,0.00,0.000000,1,1,0,0,OBS00051
CELL::BLR|DEL|2026-10-22|Economy Saver|T45(40-50)::ROUND::2026-09-05T14:30::FLT::6E|6E-5011|13:45,CELL::BLR|DEL|2026-10-22|Economy Saver|T45(40-50)::ROUND::2026-09-05T14:30,BLR,DEL,2026-10-22,Economy Saver,T45(40-50),ROUND::2026-09-05T14:30,6E,6E-5011,13:45,5363.00,1,Goibibo,Goibibo=5363.00,5363.00,5363.00,0.00,0.000000,1,1,0,0,OBS00555
CELL::BLR|DEL|2026-10-22|Economy Saver|T45(40-50)::ROUND::2026-09-05T14:30::FLT::AI|AI-503|19:15,CELL::BLR|DEL|2026-10-22|Economy Saver|T45(40-50)::ROUND::2026-09-05T14:30,BLR,DEL,2026-10-22,Economy Saver,T45(40-50),ROUND::2026-09-05T14:30,AI,AI-503,19:15,5338.00,1,AirlineSite,AirlineSite=5338.00,5338.00,5338.00,0.00,0.000000,1,1,0,0,OBS00567
CELL::BLR|DEL|2026-10-22|Economy Saver|T45(40-50)::ROUND::2026-09-05T14:30::FLT::IX|IX-782|09:30,CELL::BLR|DEL|2026-10-22|Economy Saver|T45(40-50)::ROUND::2026-09-05T14:30,BLR,DEL,2026-10-22,Economy Saver,T45(40-50),ROUND::2026-09-05T14:30,IX,IX-782,09:30,4992.00,1,MMT,MMT=4992.00,4992.00,4992.00,0.00,0.000000,1,1,0,0,OBS00577
CELL::BLR|DEL|2026-10-22|Economy Saver|T45(40-50)::ROUND::2026-09-05T20:15::FLT::6E|6E-5011|13:45,CELL::BLR|DEL|2026-10-22|Economy Saver|T45(40-50)::ROUND::2026-09-05T20:15,BLR,DEL,2026-10-22,Economy Saver,T45(40-50),ROUND::2026-09-05T20:15,6E,6E-5011,13:45,5237.00,2,AirlineSite;EaseMyTrip,AirlineSite=5364.00;EaseMyTrip=5110.00,5110.00,5364.00,254.00,0.048501,2,2,0,0,OBS01057;OBS01058
CELL::BLR|DEL|2026-10-22|Economy Saver|T45(40-50)::ROUND::2026-09-05T20:15::FLT::IX|IX-782|09:30,CELL::BLR|DEL|2026-10-22|Economy Saver|T45(40-50)::ROUND::2026-09-05T20:15,BLR,DEL,2026-10-22,Economy Saver,T45(40-50),ROUND::2026-09-05T20:15,IX,IX-782,09:30,4993.00,1,Cleartrip,Cleartrip=4993.00,4993.00,4993.00,0.00,0.000000,1,1,0,0,OBS01078
CELL::BLR|DEL|2026-10-22|Economy Saver|T45(40-50)::ROUND::2026-09-06T09:00::FLT::6E|6E-5011|13:45,CELL::BLR|DEL|2026-10-22|Economy Saver|T45(40-50)::ROUND::2026-09-06T09:00,BLR,DEL,2026-10-22,Economy Saver,T45(40-50),ROUND::2026-09-06T09:00,6E,6E-5011,13:45,4879.00,1,EaseMyTrip,EaseMyTrip=4879.00,4879.00,4879.00,0.00,0.000000,1,1,0,0,OBS01577
CELL::BLR|DEL|2026-10-22|Economy Saver|T45(40-50)::ROUND::2026-09-06T09:00::FLT::AI|AI-503|19:15,CELL::BLR|DEL|2026-10-22|Economy Saver|T45(40-50)::ROUND::2026-09-06T09:00,BLR,DEL,2026-10-22,Economy Saver,T45(40-50),ROUND::2026-09-06T09:00,AI,AI-503,19:15,5258.50,2,Cleartrip;Goibibo,Cleartrip=5364.00;Goibibo=5153.00,5153.00,5364.00,211.00,0.040126,2,2,0,0,OBS01588;OBS01589
CELL::BLR|DEL|2026-10-22|Economy Saver|T45(40-50)::ROUND::2026-09-06T14:30::FLT::AI|AI-503|19:15,CELL::BLR|DEL|2026-10-22|Economy Saver|T45(40-50)::ROUND::2026-09-06T14:30,BLR,DEL,2026-10-22,Economy Saver,T45(40-50),ROUND::2026-09-06T14:30,AI,AI-503,19:15,5147.50,2,Goibibo;MMT,Goibibo=4885.00;MMT=5410.00,4885.00,5410.00,525.00,0.101991,2,2,0,0,OBS02088;OBS02089
CELL::BLR|DEL|2026-10-22|Economy Saver|T45(40-50)::ROUND::2026-09-06T20:15::FLT::6E|6E-5011|13:45,CELL::BLR|DEL|2026-10-22|Economy Saver|T45(40-50)::ROUND::2026-09-06T20:15,BLR,DEL,2026-10-22,Economy Saver,T45(40-50),ROUND::2026-09-06T20:15,6E,6E-5011,13:45,5159.00,1,Goibibo,Goibibo=5159.00,5159.00,5159.00,0.00,0.000000,1,1,0,0,OBS02578
CELL::BLR|DEL|2026-10-22|Economy Saver|T45(40-50)::ROUND::2026-09-06T20:15::FLT::IX|IX-782|09:30,CELL::BLR|DEL|2026-10-22|Economy Saver|T45(40-50)::ROUND::2026-09-06T20:15,BLR,DEL,2026-10-22,Economy Saver,T45(40-50),ROUND::2026-09-06T20:15,IX,IX-782,09:30,5296.00,2,AirlineSite;EaseMyTrip,AirlineSite=5279.00;EaseMyTrip=5313.00,5279.00,5313.00,34.00,0.006420,2,2,0,0,OBS02600;OBS02601
CELL::BLR|DEL|2026-10-22|Economy Standard|T45(40-50)::ROUND::2026-09-05T14:30::FLT::IX|IX-782|09:30,CELL::BLR|DEL|2026-10-22|Economy Standard|T45(40-50)::ROUND::2026-09-05T14:30,BLR,DEL,2026-10-22,Economy Standard,T45(40-50),ROUND::2026-09-05T14:30,IX,IX-782,09:30,6711.00,1,EaseMyTrip,EaseMyTrip=6711.00,6711.00,6711.00,0.00,0.000000,1,1,0,0,OBS00578
CELL::BLR|DEL|2026-10-22|Economy Standard|T45(40-50)::ROUND::2026-09-05T20:15::FLT::6E|6E-5011|13:45,CELL::BLR|DEL|2026-10-22|Economy Standard|T45(40-50)::ROUND::2026-09-05T20:15,BLR,DEL,2026-10-22,Economy Standard,T45(40-50),ROUND::2026-09-05T20:15,6E,6E-5011,13:45,6493.50,2,AirlineSite;EaseMyTrip,AirlineSite=6341.00;EaseMyTrip=6646.00,6341.00,6646.00,305.00,0.046970,2,2,0,0,OBS01055;OBS01056
CELL::BLR|DEL|2026-10-22|Economy Standard|T45(40-50)::ROUND::2026-09-06T09:00::FLT::IX|IX-782|09:30,CELL::BLR|DEL|2026-10-22|Economy Standard|T45(40-50)::ROUND::2026-09-06T09:00,BLR,DEL,2026-10-22,Economy Standard,T45(40-50),ROUND::2026-09-06T09:00,IX,IX-782,09:30,6700.00,1,AirlineSite,AirlineSite=6700.00,6700.00,6700.00,0.00,0.000000,1,1,0,0,OBS01600
CELL::BLR|DEL|2026-10-22|Economy Standard|T45(40-50)::ROUND::2026-09-06T14:30::FLT::AI|AI-503|19:15,CELL::BLR|DEL|2026-10-22|Economy Standard|T45(40-50)::ROUND::2026-09-06T14:30,BLR,DEL,2026-10-22,Economy Standard,T45(40-50),ROUND::2026-09-06T14:30,AI,AI-503,19:15,6331.00,2,Cleartrip;MMT,Cleartrip=6270.00;MMT=6392.00,6270.00,6392.00,122.00,0.019270,2,2,0,0,OBS02090;OBS02091
CELL::BLR|DEL|2026-10-22|Economy Standard|T45(40-50)::ROUND::2026-09-06T20:15::FLT::6E|6E-5011|13:45,CELL::BLR|DEL|2026-10-22|Economy Standard|T45(40-50)::ROUND::2026-09-06T20:15,BLR,DEL,2026-10-22,Economy Standard,T45(40-50),ROUND::2026-09-06T20:15,6E,6E-5011,13:45,6356.00,1,Goibibo,Goibibo=6356.00,6356.00,6356.00,0.00,0.000000,1,1,0,0,OBS02579
CELL::BLR|DEL|2026-10-22|Economy Standard|T45(40-50)::ROUND::2026-09-06T20:15::FLT::AI|AI-503|19:15,CELL::BLR|DEL|2026-10-22|Economy Standard|T45(40-50)::ROUND::2026-09-06T20:15,BLR,DEL,2026-10-22,Economy Standard,T45(40-50),ROUND::2026-09-06T20:15,AI,AI-503,19:15,6860.00,1,EaseMyTrip,EaseMyTrip=6860.00,6860.00,6860.00,0.00,0.000000,1,1,0,0,OBS02592
CELL::BLR|DEL|2026-10-22|Economy Standard|T45(40-50)::ROUND::2026-09-06T20:15::FLT::IX|IX-782|09:30,CELL::BLR|DEL|2026-10-22|Economy Standard|T45(40-50)::ROUND::2026-09-06T20:15,BLR,DEL,2026-10-22,Economy Standard,T45(40-50),ROUND::2026-09-06T20:15,IX,IX-782,09:30,6524.00,1,Goibibo,Goibibo=6524.00,6524.00,6524.00,0.00,0.000000,1,1,0,0,OBS02602
CELL::BOM|DEL|2026-09-07|Economy Flexi|T1(0-2)::ROUND::2026-09-05T09:00::FLT::6E|6E-2341|08:00,CELL::BOM|DEL|2026-09-07|Economy Flexi|T1(0-2)::ROUND::2026-09-05T09:00,BOM,DEL,2026-09-07,Economy Flexi,T1(0-2),ROUND::2026-09-05T09:00,6E,6E-2341,08:00,11417.00,1,EaseMyTrip,EaseMyTrip=11417.00,11417.00,11417.00,0.00,0.000000,1,1,0,0,OBS00002
CELL::BOM|DEL|2026-09-07|Economy Flexi|T1(0-2)::ROUND::2026-09-05T09:00::FLT::QP|QP-1123|18:45,CELL::BOM|DEL|2026-09-07|Economy Flexi|T1(0-2)::ROUND::2026-09-05T09:00,BOM,DEL,2026-09-07,Economy Flexi,T1(0-2),ROUND::2026-09-05T09:00,QP,QP-1123,18:45,11451.00,1,Goibibo,Goibibo=11451.00,11451.00,11451.00,0.00,0.000000,1,1,0,0,OBS00021
CELL::BOM|DEL|2026-09-07|Economy Flexi|T1(0-2)::ROUND::2026-09-05T14:30::FLT::AI|AI-865|16:15,CELL::BOM|DEL|2026-09-07|Economy Flexi|T1(0-2)::ROUND::2026-09-05T14:30,BOM,DEL,2026-09-07,Economy Flexi,T1(0-2),ROUND::2026-09-05T14:30,AI,AI-865,16:15,11708.00,2,Goibibo;MMT,Goibibo=11744.00;MMT=11672.00,11672.00,11744.00,72.00,0.006150,2,2,0,0,OBS00526;OBS00527
CELL::BOM|DEL|2026-09-07|Economy Flexi|T1(0-2)::ROUND::2026-09-05T20:15::FLT::AI|AI-865|16:15,CELL::BOM|DEL|2026-09-07|Economy Flexi|T1(0-2)::ROUND::2026-09-05T20:15,BOM,DEL,2026-09-07,Economy Flexi,T1(0-2),ROUND::2026-09-05T20:15,AI,AI-865,16:15,11414.00,1,EaseMyTrip,EaseMyTrip=11414.00,11414.00,11414.00,0.00,0.000000,1,1,0,0,OBS01022
CELL::BOM|DEL|2026-09-07|Economy Flexi|T1(0-2)::ROUND::2026-09-05T20:15::FLT::QP|QP-1123|18:45,CELL::BOM|DEL|2026-09-07|Economy Flexi|T1(0-2)::ROUND::2026-09-05T20:15,BOM,DEL,2026-09-07,Economy Flexi,T1(0-2),ROUND::2026-09-05T20:15,QP,QP-1123,18:45,11320.50,2,Cleartrip;Goibibo,Cleartrip=11625.00;Goibibo=11016.00,11016.00,11625.00,609.00,0.053796,2,2,0,0,OBS01032;OBS01033
CELL::BOM|DEL|2026-09-07|Economy Flexi|T1(0-2)::ROUND::2026-09-06T09:00::FLT::6E|6E-2341|08:00,CELL::BOM|DEL|2026-09-07|Economy Flexi|T1(0-2)::ROUND::2026-09-06T09:00,BOM,DEL,2026-09-07,Economy Flexi,T1(0-2),ROUND::2026-09-06T09:00,6E,6E-2341,08:00,11745.00,2,AirlineSite;Goibibo,AirlineSite=12266.00;Goibibo=11224.00,11224.00,12266.00,1042.00,0.088719,2,2,0,0,OBS01531;OBS01532
CELL::BOM|DEL|2026-09-07|Economy Flexi|T1(0-2)::ROUND::2026-09-06T09:00::FLT::AI|AI-865|16:15,CELL::BOM|DEL|2026-09-07|Economy Flexi|T1(0-2)::ROUND::2026-09-06T09:00,BOM,DEL,2026-09-07,Economy Flexi,T1(0-2),ROUND::2026-09-06T09:00,AI,AI-865,16:15,11661.50,2,AirlineSite;Goibibo,AirlineSite=11742.00;Goibibo=11581.00,11581.00,11742.00,161.00,0.013806,2,2,0,0,OBS01545;OBS01546
CELL::BOM|DEL|2026-09-07|Economy Flexi|T1(0-2)::ROUND::2026-09-06T14:30::FLT::6E|6E-2341|08:00,CELL::BOM|DEL|2026-09-07|Economy Flexi|T1(0-2)::ROUND::2026-09-06T14:30,BOM,DEL,2026-09-07,Economy Flexi,T1(0-2),ROUND::2026-09-06T14:30,6E,6E-2341,08:00,11547.00,1,MMT,MMT=11547.00,11547.00,11547.00,0.00,0.000000,1,1,0,0,OBS02040
CELL::BOM|DEL|2026-09-07|Economy Flexi|T1(0-2)::ROUND::2026-09-06T14:30::FLT::AI|AI-865|16:15,CELL::BOM|DEL|2026-09-07|Economy Flexi|T1(0-2)::ROUND::2026-09-06T14:30,BOM,DEL,2026-09-07,Economy Flexi,T1(0-2),ROUND::2026-09-06T14:30,AI,AI-865,16:15,12028.00,2,Cleartrip;Goibibo,Cleartrip=12098.00;Goibibo=11958.00,11958.00,12098.00,140.00,0.011640,2,2,0,0,OBS02050;OBS02051
CELL::BOM|DEL|2026-09-07|Economy Flexi|T1(0-2)::ROUND::2026-09-06T20:15::FLT::QP|QP-1123|18:45,CELL::BOM|DEL|2026-09-07|Economy Flexi|T1(0-2)::ROUND::2026-09-06T20:15,BOM,DEL,2026-09-07,Economy Flexi,T1(0-2),ROUND::2026-09-06T20:15,QP,QP-1123,18:45,11939.00,2,Cleartrip;Goibibo,Cleartrip=11608.00;Goibibo=12270.00,11608.00,12270.00,662.00,0.055449,2,2,0,0,OBS02558;OBS02559
CELL::BOM|DEL|2026-09-07|Economy Saver|T1(0-2)::ROUND::2026-09-05T09:00::FLT::6E|6E-2341|08:00,CELL::BOM|DEL|2026-09-07|Economy Saver|T1(0-2)::ROUND::2026-09-05T09:00,BOM,DEL,2026-09-07,Economy Saver,T1(0-2),ROUND::2026-09-05T09:00,6E,6E-2341,08:00,7586.00,1,AirlineSite,AirlineSite=7586.00,7586.00,7586.00,0.00,0.000000,1,1,0,0,OBS00001
CELL::BOM|DEL|2026-09-07|Economy Saver|T1(0-2)::ROUND::2026-09-05T09:00::FLT::AI|AI-865|16:15,CELL::BOM|DEL|2026-09-07|Economy Saver|T1(0-2)::ROUND::2026-09-05T09:00,BOM,DEL,2026-09-07,Economy Saver,T1(0-2),ROUND::2026-09-05T09:00,AI,AI-865,16:15,7726.00,1,Cleartrip,Cleartrip=7726.00,7726.00,7726.00,0.00,0.000000,1,1,0,0,OBS00010
CELL::BOM|DEL|2026-09-07|Economy Saver|T1(0-2)::ROUND::2026-09-05T09:00::FLT::QP|QP-1123|18:45,CELL::BOM|DEL|2026-09-07|Economy Saver|T1(0-2)::ROUND::2026-09-05T09:00,BOM,DEL,2026-09-07,Economy Saver,T1(0-2),ROUND::2026-09-05T09:00,QP,QP-1123,18:45,7584.00,2,AirlineSite;EaseMyTrip,AirlineSite=7638.00;EaseMyTrip=7530.00,7530.00,7638.00,108.00,0.014241,2,2,0,0,OBS00019;OBS00020
CELL::BOM|DEL|2026-09-07|Economy Saver|T1(0-2)::ROUND::2026-09-05T14:30::FLT::QP|QP-1123|18:45,CELL::BOM|DEL|2026-09-07|Economy Saver|T1(0-2)::ROUND::2026-09-05T14:30,BOM,DEL,2026-09-07,Economy Saver,T1(0-2),ROUND::2026-09-05T14:30,QP,QP-1123,18:45,7405.00,2,Goibibo;MMT,Goibibo=7491.00;MMT=7319.00,7319.00,7491.00,172.00,0.023228,2,2,0,0,OBS00536;OBS00537
CELL::BOM|DEL|2026-09-07|Economy Saver|T1(0-2)::ROUND::2026-09-05T20:15::FLT::6E|6E-2341|08:00,CELL::BOM|DEL|2026-09-07|Economy Saver|T1(0-2)::ROUND::2026-09-05T20:15,BOM,DEL,2026-09-07,Economy Saver,T1(0-2),ROUND::2026-09-05T20:15,6E,6E-2341,08:00,7333.50,2,AirlineSite;Cleartrip,AirlineSite=7498.00;Cleartrip=7169.00,7169.00,7498.00,329.00,0.044863,2,2,0,0,OBS01013;OBS01014
CELL::BOM|DEL|2026-09-07|Economy Saver|T1(0-2)::ROUND::2026-09-06T09:00::FLT::6E|6E-2341|08:00,CELL::BOM|DEL|2026-09-07|Economy Saver|T1(0-2)::ROUND::2026-09-06T09:00,BOM,DEL,2026-09-07,Economy Saver,T1(0-2),ROUND::2026-09-06T09:00,6E,6E-2341,08:00,7603.00,1,Goibibo,Goibibo=7603.00,7603.00,7603.00,0.00,0.000000,1,1,0,0,OBS01533
CELL::BOM|DEL|2026-09-07|Economy Saver|T1(0-2)::ROUND::2026-09-06T09:00::FLT::AI|AI-865|16:15,CELL::BOM|DEL|2026-09-07|Economy Saver|T1(0-2)::ROUND::2026-09-06T09:00,BOM,DEL,2026-09-07,Economy Saver,T1(0-2),ROUND::2026-09-06T09:00,AI,AI-865,16:15,7764.00,1,AirlineSite,AirlineSite=7764.00,7764.00,7764.00,0.00,0.000000,1,1,0,0,OBS01544
CELL::BOM|DEL|2026-09-07|Economy Saver|T1(0-2)::ROUND::2026-09-06T09:00::FLT::QP|QP-1123|18:45,CELL::BOM|DEL|2026-09-07|Economy Saver|T1(0-2)::ROUND::2026-09-06T09:00,BOM,DEL,2026-09-07,Economy Saver,T1(0-2),ROUND::2026-09-06T09:00,QP,QP-1123,18:45,7203.00,1,Cleartrip,Cleartrip=7203.00,7203.00,7203.00,0.00,0.000000,1,1,0,0,OBS01557
CELL::BOM|DEL|2026-09-07|Economy Saver|T1(0-2)::ROUND::2026-09-06T14:30::FLT::6E|6E-2341|08:00,CELL::BOM|DEL|2026-09-07|Economy Saver|T1(0-2)::ROUND::2026-09-06T14:30,BOM,DEL,2026-09-07,Economy Saver,T1(0-2),ROUND::2026-09-06T14:30,6E,6E-2341,08:00,7750.00,1,Goibibo,Goibibo=7750.00,7750.00,7750.00,0.00,0.000000,1,1,0,0,OBS02039
CELL::BOM|DEL|2026-09-07|Economy Saver|T1(0-2)::ROUND::2026-09-06T14:30::FLT::QP|QP-1123|18:45,CELL::BOM|DEL|2026-09-07|Economy Saver|T1(0-2)::ROUND::2026-09-06T14:30,BOM,DEL,2026-09-07,Economy Saver,T1(0-2),ROUND::2026-09-06T14:30,QP,QP-1123,18:45,7728.00,1,EaseMyTrip,EaseMyTrip=7728.00,7728.00,7728.00,0.00,0.000000,1,1,0,0,OBS02061
CELL::BOM|DEL|2026-09-07|Economy Saver|T1(0-2)::ROUND::2026-09-06T20:15::FLT::QP|QP-1123|18:45,CELL::BOM|DEL|2026-09-07|Economy Saver|T1(0-2)::ROUND::2026-09-06T20:15,BOM,DEL,2026-09-07,Economy Saver,T1(0-2),ROUND::2026-09-06T20:15,QP,QP-1123,18:45,7311.00,2,AirlineSite;Cleartrip,AirlineSite=7397.00;Cleartrip=7225.00,7225.00,7397.00,172.00,0.023526,2,2,0,0,OBS02556;OBS02557
CELL::BOM|DEL|2026-09-07|Economy Standard|T1(0-2)::ROUND::2026-09-05T14:30::FLT::6E|6E-2341|08:00,CELL::BOM|DEL|2026-09-07|Economy Standard|T1(0-2)::ROUND::2026-09-05T14:30,BOM,DEL,2026-09-07,Economy Standard,T1(0-2),ROUND::2026-09-05T14:30,6E,6E-2341,08:00,9147.00,1,Goibibo,Goibibo=9147.00,9147.00,9147.00,0.00,0.000000,1,1,0,0,OBS00520
CELL::BOM|DEL|2026-09-07|Economy Standard|T1(0-2)::ROUND::2026-09-05T14:30::FLT::AI|AI-865|16:15,CELL::BOM|DEL|2026-09-07|Economy Standard|T1(0-2)::ROUND::2026-09-05T14:30,BOM,DEL,2026-09-07,Economy Standard,T1(0-2),ROUND::2026-09-05T14:30,AI,AI-865,16:15,9407.00,2,AirlineSite;MMT,AirlineSite=9465.00;MMT=9349.00,9349.00,9465.00,116.00,0.012331,2,2,0,0,OBS00528;OBS00529
CELL::BOM|DEL|2026-09-07|Economy Standard|T1(0-2)::ROUND::2026-09-06T09:00::FLT::QP|QP-1123|18:45,CELL::BOM|DEL|2026-09-07|Economy Standard|T1(0-2)::ROUND::2026-09-06T09:00,BOM,DEL,2026-09-07,Economy Standard,T1(0-2),ROUND::2026-09-06T09:00,QP,QP-1123,18:45,9697.00,2,EaseMyTrip;MMT,EaseMyTrip=9412.00;MMT=9982.00,9412.00,9982.00,570.00,0.058781,2,2,0,0,OBS01555;OBS01556
CELL::BOM|DEL|2026-09-07|Economy Standard|T1(0-2)::ROUND::2026-09-06T14:30::FLT::QP|QP-1123|18:45,CELL::BOM|DEL|2026-09-07|Economy Standard|T1(0-2)::ROUND::2026-09-06T14:30,BOM,DEL,2026-09-07,Economy Standard,T1(0-2),ROUND::2026-09-06T14:30,QP,QP-1123,18:45,9786.00,2,Cleartrip;Goibibo,Cleartrip=9534.00;Goibibo=10038.00,9534.00,10038.00,504.00,0.051502,2,2,0,0,OBS02059;OBS02060
CELL::BOM|DEL|2026-09-07|Economy Standard|T1(0-2)::ROUND::2026-09-06T20:15::FLT::6E|6E-2341|08:00,CELL::BOM|DEL|2026-09-07|Economy Standard|T1(0-2)::ROUND::2026-09-06T20:15,BOM,DEL,2026-09-07,Economy Standard,T1(0-2),ROUND::2026-09-06T20:15,6E,6E-2341,08:00,9402.00,1,AirlineSite,AirlineSite=9402.00,9402.00,9402.00,0.00,0.000000,1,1,0,0,OBS02533
CELL::BOM|DEL|2026-09-07|Economy Standard|T1(0-2)::ROUND::2026-09-06T20:15::FLT::AI|AI-865|16:15,CELL::BOM|DEL|2026-09-07|Economy Standard|T1(0-2)::ROUND::2026-09-06T20:15,BOM,DEL,2026-09-07,Economy Standard,T1(0-2),ROUND::2026-09-06T20:15,AI,AI-865,16:15,9639.00,2,AirlineSite;Goibibo,AirlineSite=9820.00;Goibibo=9458.00,9458.00,9820.00,362.00,0.037556,2,2,0,0,OBS02540;OBS02541
CELL::BOM|DEL|2026-09-13|Economy Flexi|T7(5-9)::ROUND::2026-09-05T09:00::FLT::QP|QP-1123|18:45,CELL::BOM|DEL|2026-09-13|Economy Flexi|T7(5-9)::ROUND::2026-09-05T09:00,BOM,DEL,2026-09-13,Economy Flexi,T7(5-9),ROUND::2026-09-05T09:00,QP,QP-1123,18:45,10630.00,1,EaseMyTrip,EaseMyTrip=10630.00,10630.00,10630.00,0.00,0.000000,1,1,0,0,OBS00022
CELL::BOM|DEL|2026-09-13|Economy Flexi|T7(5-9)::ROUND::2026-09-05T20:15::FLT::AI|AI-865|16:15,CELL::BOM|DEL|2026-09-13|Economy Flexi|T7(5-9)::ROUND::2026-09-05T20:15,BOM,DEL,2026-09-13,Economy Flexi,T7(5-9),ROUND::2026-09-05T20:15,AI,AI-865,16:15,10027.00,1,EaseMyTrip,EaseMyTrip=10027.00,10027.00,10027.00,0.00,0.000000,1,1,0,0,OBS01023
CELL::BOM|DEL|2026-09-13|Economy Flexi|T7(5-9)::ROUND::2026-09-06T09:00::FLT::AI|AI-865|16:15,CELL::BOM|DEL|2026-09-13|Economy Flexi|T7(5-9)::ROUND::2026-09-06T09:00,BOM,DEL,2026-09-13,Economy Flexi,T7(5-9),ROUND::2026-09-06T09:00,AI,AI-865,16:15,10904.00,2,EaseMyTrip;Goibibo,EaseMyTrip=10805.00;Goibibo=11003.00,10805.00,11003.00,198.00,0.018158,2,2,0,0,OBS01547;OBS01548
CELL::BOM|DEL|2026-09-13|Economy Flexi|T7(5-9)::ROUND::2026-09-06T09:00::FLT::QP|QP-1123|18:45,CELL::BOM|DEL|2026-09-13|Economy Flexi|T7(5-9)::ROUND::2026-09-06T09:00,BOM,DEL,2026-09-13,Economy Flexi,T7(5-9),ROUND::2026-09-06T09:00,QP,QP-1123,18:45,10666.00,2,AirlineSite;MMT,AirlineSite=10701.00;MMT=10631.00,10631.00,10701.00,70.00,0.006563,2,2,0,0,OBS01559;OBS01560
CELL::BOM|DEL|2026-09-13|Economy Flexi|T7(5-9)::ROUND::2026-09-06T14:30::FLT::QP|QP-1123|18:45,CELL::BOM|DEL|2026-09-13|Economy Flexi|T7(5-9)::ROUND::2026-09-06T14:30,BOM,DEL,2026-09-13,Economy Flexi,T7(5-9),ROUND::2026-09-06T14:30,QP,QP-1123,18:45,10518.50,2,AirlineSite;Goibibo,AirlineSite=10711.00;Goibibo=10326.00,10326.00,10711.00,385.00,0.036602,2,2,0,0,OBS02062;OBS02063
CELL::BOM|DEL|2026-09-13|Economy Flexi|T7(5-9)::ROUND::2026-09-06T20:15::FLT::AI|AI-865|16:15,CELL::BOM|DEL|2026-09-13|Economy Flexi|T7(5-9)::ROUND::2026-09-06T20:15,BOM,DEL,2026-09-13,Economy Flexi,T7(5-9),ROUND::2026-09-06T20:15,AI,AI-865,16:15,10630.50,2,Cleartrip;EaseMyTrip,Cleartrip=10142.00;EaseMyTrip=11119.00,10142.00,11119.00,977.00,0.091905,2,2,0,0,OBS02542;OBS02543
CELL::BOM|DEL|2026-09-13|Economy Saver|T7(5-9)::ROUND::2026-09-05T09:00::FLT::6E|6E-2341|08:00,CELL::BOM|DEL|2026-09-13|Economy Saver|T7(5-9)::ROUND::2026-09-05T09:00,BOM,DEL,2026-09-13,Economy Saver,T7(5-9),ROUND::2026-09-05T09:00,6E,6E-2341,08:00,6773.00,1,EaseMyTrip,EaseMyTrip=6773.00,6773.00,6773.00,0.00,0.000000,1,1,0,0,OBS00003
CELL::BOM|DEL|2026-09-13|Economy Saver|T7(5-9)::ROUND::2026-09-05T09:00::FLT::QP|QP-1123|18:45,CELL::BOM|DEL|2026-09-13|Economy Saver|T7(5-9)::ROUND::2026-09-05T09:00,BOM,DEL,2026-09-13,Economy Saver,T7(5-9),ROUND::2026-09-05T09:00,QP,QP-1123,18:45,6645.00,1,Cleartrip,Cleartrip=6645.00,6645.00,6645.00,0.00,0.000000,1,1,0,0,OBS00023
CELL::BOM|DEL|2026-09-13|Economy Saver|T7(5-9)::ROUND::2026-09-05T14:30::FLT::6E|6E-2341|08:00,CELL::BOM|DEL|2026-09-13|Economy Saver|T7(5-9)::ROUND::2026-09-05T14:30,BOM,DEL,2026-09-13,Economy Saver,T7(5-9),ROUND::2026-09-05T14:30,6E,6E-2341,08:00,6566.00,1,Cleartrip,Cleartrip=6566.00,6566.00,6566.00,0.00,0.000000,1,1,0,0,OBS00521
CELL::BOM|DEL|2026-09-13|Economy Saver|T7(5-9)::ROUND::2026-09-05T20:15::FLT::6E|6E-2341|08:00,CELL::BOM|DEL|2026-09-13|Economy Saver|T7(5-9)::ROUND::2026-09-05T20:15,BOM,DEL,2026-09-13,Economy Saver,T7(5-9),ROUND::2026-09-05T20:15,6E,6E-2341,08:00,6869.00,1,EaseMyTrip,EaseMyTrip=6869.00,6869.00,6869.00,0.00,0.000000,1,1,0,0,OBS01015
CELL::BOM|DEL|2026-09-13|Economy Saver|T7(5-9)::ROUND::2026-09-05T20:15::FLT::AI|AI-865|16:15,CELL::BOM|DEL|2026-09-13|Economy Saver|T7(5-9)::ROUND::2026-09-05T20:15,BOM,DEL,2026-09-13,Economy Saver,T7(5-9),ROUND::2026-09-05T20:15,AI,AI-865,16:15,6614.00,2,Cleartrip;EaseMyTrip,Cleartrip=6550.00;EaseMyTrip=6678.00,6550.00,6678.00,128.00,0.019353,2,2,0,0,OBS01024;OBS01025
CELL::BOM|DEL|2026-09-13|Economy Saver|T7(5-9)::ROUND::2026-09-05T20:15::FLT::QP|QP-1123|18:45,CELL::BOM|DEL|2026-09-13|Economy Saver|T7(5-9)::ROUND::2026-09-05T20:15,BOM,DEL,2026-09-13,Economy Saver,T7(5-9),ROUND::2026-09-05T20:15,QP,QP-1123,18:45,6699.50,2,AirlineSite;Goibibo,AirlineSite=6801.00;Goibibo=6598.00,6598.00,6801.00,203.00,0.030301,2,2,0,0,OBS01034;OBS01035
CELL::BOM|DEL|2026-09-13|Economy Saver|T7(5-9)::ROUND::2026-09-06T14:30::FLT::6E|6E-2341|08:00,CELL::BOM|DEL|2026-09-13|Economy Saver|T7(5-9)::ROUND::2026-09-06T14:30,BOM,DEL,2026-09-13,Economy Saver,T7(5-9),ROUND::2026-09-06T14:30,6E,6E-2341,08:00,7030.00,1,EaseMyTrip,EaseMyTrip=7030.00,7030.00,7030.00,0.00,0.000000,1,1,0,0,OBS02041
CELL::BOM|DEL|2026-09-13|Economy Saver|T7(5-9)::ROUND::2026-09-08T09:00::FLT::QP|QP-1123|12:00,CELL::BOM|DEL|2026-09-13|Economy Saver|T7(5-9)::ROUND::2026-09-08T09:00,BOM,DEL,2026-09-13,Economy Saver,T7(5-9),ROUND::2026-09-08T09:00,QP,QP-1123,12:00,7179.00,1,MMT,MMT=7179.00,7179.00,7179.00,0.00,0.000000,1,1,0,0,OBS02990
CELL::BOM|DEL|2026-09-13|Economy Standard|T7(5-9)::ROUND::2026-09-05T09:00::FLT::AI|AI-865|16:15,CELL::BOM|DEL|2026-09-13|Economy Standard|T7(5-9)::ROUND::2026-09-05T09:00,BOM,DEL,2026-09-13,Economy Standard,T7(5-9),ROUND::2026-09-05T09:00,AI,AI-865,16:15,8256.50,2,Cleartrip;Goibibo,Cleartrip=8276.00;Goibibo=8237.00,8237.00,8276.00,39.00,0.004724,2,2,0,0,OBS00011;OBS00012
CELL::BOM|DEL|2026-09-13|Economy Standard|T7(5-9)::ROUND::2026-09-05T14:30::FLT::AI|AI-865|16:15,CELL::BOM|DEL|2026-09-13|Economy Standard|T7(5-9)::ROUND::2026-09-05T14:30,BOM,DEL,2026-09-13,Economy Standard,T7(5-9),ROUND::2026-09-05T14:30,AI,AI-865,16:15,8237.00,1,EaseMyTrip,EaseMyTrip=8237.00,8237.00,8237.00,0.00,0.000000,1,1,0,0,OBS00530
CELL::BOM|DEL|2026-09-13|Economy Standard|T7(5-9)::ROUND::2026-09-05T14:30::FLT::QP|QP-1123|18:45,CELL::BOM|DEL|2026-09-13|Economy Standard|T7(5-9)::ROUND::2026-09-05T14:30,BOM,DEL,2026-09-13,Economy Standard,T7(5-9),ROUND::2026-09-05T14:30,QP,QP-1123,18:45,8240.00,1,EaseMyTrip,EaseMyTrip=8240.00,8240.00,8240.00,0.00,0.000000,1,1,0,0,OBS00538
CELL::BOM|DEL|2026-09-13|Economy Standard|T7(5-9)::ROUND::2026-09-06T09:00::FLT::6E|6E-2341|08:00,CELL::BOM|DEL|2026-09-13|Economy Standard|T7(5-9)::ROUND::2026-09-06T09:00,BOM,DEL,2026-09-13,Economy Standard,T7(5-9),ROUND::2026-09-06T09:00,6E,6E-2341,08:00,8765.00,2,AirlineSite;Goibibo,AirlineSite=8479.00;Goibibo=9051.00,8479.00,9051.00,572.00,0.065260,2,2,0,0,OBS01534;OBS01535
CELL::BOM|DEL|2026-09-13|Economy Standard|T7(5-9)::ROUND::2026-09-06T09:00::FLT::QP|QP-1123|18:45,CELL::BOM|DEL|2026-09-13|Economy Standard|T7(5-9)::ROUND::2026-09-06T09:00,BOM,DEL,2026-09-13,Economy Standard,T7(5-9),ROUND::2026-09-06T09:00,QP,QP-1123,18:45,8643.00,1,Goibibo,Goibibo=8643.00,8643.00,8643.00,0.00,0.000000,1,1,0,0,OBS01558
CELL::BOM|DEL|2026-09-13|Economy Standard|T7(5-9)::ROUND::2026-09-06T14:30::FLT::AI|AI-865|16:15,CELL::BOM|DEL|2026-09-13|Economy Standard|T7(5-9)::ROUND::2026-09-06T14:30,BOM,DEL,2026-09-13,Economy Standard,T7(5-9),ROUND::2026-09-06T14:30,AI,AI-865,16:15,8428.50,2,Cleartrip;MMT,Cleartrip=8561.00;MMT=8296.00,8296.00,8561.00,265.00,0.031441,2,2,0,0,OBS02052;OBS02053
CELL::BOM|DEL|2026-09-13|Economy Standard|T7(5-9)::ROUND::2026-09-06T20:15::FLT::6E|6E-2341|08:00,CELL::BOM|DEL|2026-09-13|Economy Standard|T7(5-9)::ROUND::2026-09-06T20:15,BOM,DEL,2026-09-13,Economy Standard,T7(5-9),ROUND::2026-09-06T20:15,6E,6E-2341,08:00,8497.50,2,Goibibo;MMT,Goibibo=8612.00;MMT=8383.00,8383.00,8612.00,229.00,0.026949,2,2,0,0,OBS02534;OBS02535
CELL::BOM|DEL|2026-09-13|Economy Standard|T7(5-9)::ROUND::2026-09-06T20:15::FLT::AI|AI-865|16:15,CELL::BOM|DEL|2026-09-13|Economy Standard|T7(5-9)::ROUND::2026-09-06T20:15,BOM,DEL,2026-09-13,Economy Standard,T7(5-9),ROUND::2026-09-06T20:15,AI,AI-865,16:15,8417.00,2,AirlineSite;MMT,AirlineSite=8311.00;MMT=8523.00,8311.00,8523.00,212.00,0.025187,2,2,0,0,OBS02544;OBS02545
CELL::BOM|DEL|2026-09-13|Economy Standard|T7(5-9)::ROUND::2026-09-06T20:15::FLT::QP|QP-1123|18:45,CELL::BOM|DEL|2026-09-13|Economy Standard|T7(5-9)::ROUND::2026-09-06T20:15,BOM,DEL,2026-09-13,Economy Standard,T7(5-9),ROUND::2026-09-06T20:15,QP,QP-1123,18:45,8737.00,1,MMT,MMT=8737.00,8737.00,8737.00,0.00,0.000000,1,1,0,0,OBS02560
CELL::BOM|DEL|2026-09-21|Economy Flexi|T15(12-18)::ROUND::2026-09-05T09:00::FLT::6E|6E-2341|08:00,CELL::BOM|DEL|2026-09-21|Economy Flexi|T15(12-18)::ROUND::2026-09-05T09:00,BOM,DEL,2026-09-21,Economy Flexi,T15(12-18),ROUND::2026-09-05T09:00,6E,6E-2341,08:00,8911.50,2,Goibibo;MMT,Goibibo=8994.00;MMT=8829.00,8829.00,8994.00,165.00,0.018515,2,2,0,0,OBS00004;OBS00005
CELL::BOM|DEL|2026-09-21|Economy Flexi|T15(12-18)::ROUND::2026-09-05T09:00::FLT::AI|AI-865|16:15,CELL::BOM|DEL|2026-09-21|Economy Flexi|T15(12-18)::ROUND::2026-09-05T09:00,BOM,DEL,2026-09-21,Economy Flexi,T15(12-18),ROUND::2026-09-05T09:00,AI,AI-865,16:15,8969.00,1,EaseMyTrip,EaseMyTrip=8969.00,8969.00,8969.00,0.00,0.000000,1,1,0,0,OBS00013
CELL::BOM|DEL|2026-09-21|Economy Flexi|T15(12-18)::ROUND::2026-09-05T09:00::FLT::QP|QP-1123|18:45,CELL::BOM|DEL|2026-09-21|Economy Flexi|T15(12-18)::ROUND::2026-09-05T09:00,BOM,DEL,2026-09-21,Economy Flexi,T15(12-18),ROUND::2026-09-05T09:00,QP,QP-1123,18:45,8939.50,2,EaseMyTrip;MMT,EaseMyTrip=8759.00;MMT=9120.00,8759.00,9120.00,361.00,0.040383,2,2,0,0,OBS00024;OBS00025
CELL::BOM|DEL|2026-09-21|Economy Flexi|T15(12-18)::ROUND::2026-09-05T14:30::FLT::6E|6E-2341|08:00,CELL::BOM|DEL|2026-09-21|Economy Flexi|T15(12-18)::ROUND::2026-09-05T14:30,BOM,DEL,2026-09-21,Economy Flexi,T15(12-18),ROUND::2026-09-05T14:30,6E,6E-2341,08:00,8567.00,2,Cleartrip;Goibibo,Cleartrip=8487.00;Goibibo=8647.00,8487.00,8647.00,160.00,0.018676,2,2,0,0,OBS00522;OBS00523
CELL::BOM|DEL|2026-09-21|Economy Flexi|T15(12-18)::ROUND::2026-09-05T20:15::FLT::AI|AI-865|16:15,CELL::BOM|DEL|2026-09-21|Economy Flexi|T15(12-18)::ROUND::2026-09-05T20:15,BOM,DEL,2026-09-21,Economy Flexi,T15(12-18),ROUND::2026-09-05T20:15,AI,AI-865,16:15,8793.50,2,EaseMyTrip;MMT,EaseMyTrip=8598.00;MMT=8989.00,8598.00,8989.00,391.00,0.044465,2,2,0,0,OBS01026;OBS01027
CELL::BOM|DEL|2026-09-21|Economy Flexi|T15(12-18)::ROUND::2026-09-05T20:15::FLT::QP|QP-1123|18:45,CELL::BOM|DEL|2026-09-21|Economy Flexi|T15(12-18)::ROUND::2026-09-05T20:15,BOM,DEL,2026-09-21,Economy Flexi,T15(12-18),ROUND::2026-09-05T20:15,QP,QP-1123,18:45,8707.00,2,AirlineSite;EaseMyTrip,AirlineSite=8411.00;EaseMyTrip=9003.00,8411.00,9003.00,592.00,0.067991,2,2,0,0,OBS01036;OBS01037
CELL::BOM|DEL|2026-09-21|Economy Flexi|T15(12-18)::ROUND::2026-09-06T09:00::FLT::AI|AI-865|16:15,CELL::BOM|DEL|2026-09-21|Economy Flexi|T15(12-18)::ROUND::2026-09-06T09:00,BOM,DEL,2026-09-21,Economy Flexi,T15(12-18),ROUND::2026-09-06T09:00,AI,AI-865,16:15,8629.00,2,AirlineSite;MMT,AirlineSite=8649.00;MMT=8609.00,8609.00,8649.00,40.00,0.004636,2,2,0,0,OBS01549;OBS01550
CELL::BOM|DEL|2026-09-21|Economy Flexi|T15(12-18)::ROUND::2026-09-06T14:30::FLT::QP|QP-1123|18:45,CELL::BOM|DEL|2026-09-21|Economy Flexi|T15(12-18)::ROUND::2026-09-06T14:30,BOM,DEL,2026-09-21,Economy Flexi,T15(12-18),ROUND::2026-09-06T14:30,QP,QP-1123,18:45,9239.00,1,MMT,MMT=9239.00,9239.00,9239.00,0.00,0.000000,1,1,0,0,OBS02064
CELL::BOM|DEL|2026-09-21|Economy Flexi|T15(12-18)::ROUND::2026-09-06T20:15::FLT::QP|QP-1123|18:45,CELL::BOM|DEL|2026-09-21|Economy Flexi|T15(12-18)::ROUND::2026-09-06T20:15,BOM,DEL,2026-09-21,Economy Flexi,T15(12-18),ROUND::2026-09-06T20:15,QP,QP-1123,18:45,9034.00,1,Cleartrip,Cleartrip=9034.00,9034.00,9034.00,0.00,0.000000,1,1,0,0,OBS02561
CELL::BOM|DEL|2026-09-21|Economy Saver|T15(12-18)::ROUND::2026-09-05T09:00::FLT::6E|6E-2341|08:10,CELL::BOM|DEL|2026-09-21|Economy Saver|T15(12-18)::ROUND::2026-09-05T09:00,BOM,DEL,2026-09-21,Economy Saver,T15(12-18),ROUND::2026-09-05T09:00,6E,6E-2341,08:10,5106.00,1,AirlineSite,AirlineSite=5106.00,5106.00,5106.00,0.00,0.000000,1,1,0,0,OBS02976
CELL::BOM|DEL|2026-09-21|Economy Saver|T15(12-18)::ROUND::2026-09-05T09:00::FLT::AI|AI-865|10:30,CELL::BOM|DEL|2026-09-21|Economy Saver|T15(12-18)::ROUND::2026-09-05T09:00,BOM,DEL,2026-09-21,Economy Saver,T15(12-18),ROUND::2026-09-05T09:00,AI,AI-865,10:30,,0,,,,,,,1,0,1,0,OBS02978
CELL::BOM|DEL|2026-09-21|Economy Saver|T15(12-18)::ROUND::2026-09-05T14:30::FLT::QP|QP-1123|18:45,CELL::BOM|DEL|2026-09-21|Economy Saver|T15(12-18)::ROUND::2026-09-05T14:30,BOM,DEL,2026-09-21,Economy Saver,T15(12-18),ROUND::2026-09-05T14:30,QP,QP-1123,18:45,5711.50,2,AirlineSite;Goibibo,AirlineSite=5618.00;Goibibo=5805.00,5618.00,5805.00,187.00,0.032741,2,2,0,0,OBS00539;OBS00540
CELL::BOM|DEL|2026-09-21|Economy Saver|T15(12-18)::ROUND::2026-09-05T20:15::FLT::QP|QP-1123|18:45,CELL::BOM|DEL|2026-09-21|Economy Saver|T15(12-18)::ROUND::2026-09-05T20:15,BOM,DEL,2026-09-21,Economy Saver,T15(12-18),ROUND::2026-09-05T20:15,QP,QP-1123,18:45,5829.00,1,AirlineSite,AirlineSite=5829.00,5829.00,5829.00,0.00,0.000000,1,1,0,0,OBS01038
CELL::BOM|DEL|2026-09-21|Economy Saver|T15(12-18)::ROUND::2026-09-06T09:00::FLT::6E|6E-2341|08:00,CELL::BOM|DEL|2026-09-21|Economy Saver|T15(12-18)::ROUND::2026-09-06T09:00,BOM,DEL,2026-09-21,Economy Saver,T15(12-18),ROUND::2026-09-06T09:00,6E,6E-2341,08:00,5799.00,2,AirlineSite;EaseMyTrip,AirlineSite=5839.00;EaseMyTrip=5759.00,5759.00,5839.00,80.00,0.013795,2,2,0,0,OBS01536;OBS01537
CELL::BOM|DEL|2026-09-21|Economy Saver|T15(12-18)::ROUND::2026-09-06T14:30::FLT::6E|6E-2341|08:00,CELL::BOM|DEL|2026-09-21|Economy Saver|T15(12-18)::ROUND::2026-09-06T14:30,BOM,DEL,2026-09-21,Economy Saver,T15(12-18),ROUND::2026-09-06T14:30,6E,6E-2341,08:00,5732.00,2,Cleartrip;MMT,Cleartrip=5700.00;MMT=5764.00,5700.00,5764.00,64.00,0.011165,2,2,0,0,OBS02042;OBS02043
CELL::BOM|DEL|2026-09-21|Economy Saver|T15(12-18)::ROUND::2026-09-06T14:30::FLT::AI|AI-865|16:15,CELL::BOM|DEL|2026-09-21|Economy Saver|T15(12-18)::ROUND::2026-09-06T14:30,BOM,DEL,2026-09-21,Economy Saver,T15(12-18),ROUND::2026-09-06T14:30,AI,AI-865,16:15,5548.50,2,AirlineSite;MMT,AirlineSite=5508.00;MMT=5589.00,5508.00,5589.00,81.00,0.014599,2,2,0,0,OBS02054;OBS02055
CELL::BOM|DEL|2026-09-21|Economy Saver|T15(12-18)::ROUND::2026-09-06T20:15::FLT::AI|AI-865|16:15,CELL::BOM|DEL|2026-09-21|Economy Saver|T15(12-18)::ROUND::2026-09-06T20:15,BOM,DEL,2026-09-21,Economy Saver,T15(12-18),ROUND::2026-09-06T20:15,AI,AI-865,16:15,5785.00,2,Cleartrip;Goibibo,Cleartrip=5690.00;Goibibo=5880.00,5690.00,5880.00,190.00,0.032844,2,2,0,0,OBS02548;OBS02549
CELL::BOM|DEL|2026-09-21|Economy Standard|T15(12-18)::ROUND::2026-09-05T14:30::FLT::AI|AI-865|16:15,CELL::BOM|DEL|2026-09-21|Economy Standard|T15(12-18)::ROUND::2026-09-05T14:30,BOM,DEL,2026-09-21,Economy Standard,T15(12-18),ROUND::2026-09-05T14:30,AI,AI-865,16:15,7119.00,2,Goibibo;MMT,Goibibo=7249.00;MMT=6989.00,6989.00,7249.00,260.00,0.036522,2,2,0,0,OBS00531;OBS00532
CELL::BOM|DEL|2026-09-21|Economy Standard|T15(12-18)::ROUND::2026-09-05T20:15::FLT::6E|6E-2341|08:00,CELL::BOM|DEL|2026-09-21|Economy Standard|T15(12-18)::ROUND::2026-09-05T20:15,BOM,DEL,2026-09-21,Economy Standard,T15(12-18),ROUND::2026-09-05T20:15,6E,6E-2341,08:00,6939.00,1,MMT,MMT=6939.00,6939.00,6939.00,0.00,0.000000,1,1,0,0,OBS01016
CELL::BOM|DEL|2026-09-21|Economy Standard|T15(12-18)::ROUND::2026-09-06T09:00::FLT::6E|6E-2341|08:00,CELL::BOM|DEL|2026-09-21|Economy Standard|T15(12-18)::ROUND::2026-09-06T09:00,BOM,DEL,2026-09-21,Economy Standard,T15(12-18),ROUND::2026-09-06T09:00,6E,6E-2341,08:00,7515.00,2,AirlineSite;Goibibo,AirlineSite=7615.00;Goibibo=7415.00,7415.00,7615.00,200.00,0.026613,2,2,0,0,OBS01538;OBS01539
CELL::BOM|DEL|2026-09-21|Economy Standard|T15(12-18)::ROUND::2026-09-06T09:00::FLT::AI|AI-865|16:15,CELL::BOM|DEL|2026-09-21|Economy Standard|T15(12-18)::ROUND::2026-09-06T09:00,BOM,DEL,2026-09-21,Economy Standard,T15(12-18),ROUND::2026-09-06T09:00,AI,AI-865,16:15,7152.00,1,AirlineSite,AirlineSite=7152.00,7152.00,7152.00,0.00,0.000000,1,1,0,0,OBS01551
CELL::BOM|DEL|2026-09-21|Economy Standard|T15(12-18)::ROUND::2026-09-06T09:00::FLT::QP|QP-1123|18:45,CELL::BOM|DEL|2026-09-21|Economy Standard|T15(12-18)::ROUND::2026-09-06T09:00,BOM,DEL,2026-09-21,Economy Standard,T15(12-18),ROUND::2026-09-06T09:00,QP,QP-1123,18:45,7385.00,2,AirlineSite;Goibibo,AirlineSite=7383.00;Goibibo=7387.00,7383.00,7387.00,4.00,0.000542,2,2,0,0,OBS01561;OBS01562
CELL::BOM|DEL|2026-09-21|Economy Standard|T15(12-18)::ROUND::2026-09-06T20:15::FLT::6E|6E-2341|08:00,CELL::BOM|DEL|2026-09-21|Economy Standard|T15(12-18)::ROUND::2026-09-06T20:15,BOM,DEL,2026-09-21,Economy Standard,T15(12-18),ROUND::2026-09-06T20:15,6E,6E-2341,08:00,7513.50,2,EaseMyTrip;MMT,EaseMyTrip=7660.00;MMT=7367.00,7367.00,7660.00,293.00,0.038996,2,2,0,0,OBS02536;OBS02537
CELL::BOM|DEL|2026-09-21|Economy Standard|T15(12-18)::ROUND::2026-09-06T20:15::FLT::AI|AI-865|16:15,CELL::BOM|DEL|2026-09-21|Economy Standard|T15(12-18)::ROUND::2026-09-06T20:15,BOM,DEL,2026-09-21,Economy Standard,T15(12-18),ROUND::2026-09-06T20:15,AI,AI-865,16:15,7230.50,2,AirlineSite;Cleartrip,AirlineSite=7312.00;Cleartrip=7149.00,7149.00,7312.00,163.00,0.022543,2,2,0,0,OBS02546;OBS02547
CELL::BOM|DEL|2026-10-06|Economy Flexi|T30(25-35)::ROUND::2026-09-05T09:00::FLT::6E|6E-2341|08:00,CELL::BOM|DEL|2026-10-06|Economy Flexi|T30(25-35)::ROUND::2026-09-05T09:00,BOM,DEL,2026-10-06,Economy Flexi,T30(25-35),ROUND::2026-09-05T09:00,6E,6E-2341,08:00,7923.00,1,AirlineSite,AirlineSite=7923.00,7923.00,7923.00,0.00,0.000000,1,1,0,0,OBS00007
CELL::BOM|DEL|2026-10-06|Economy Flexi|T30(25-35)::ROUND::2026-09-05T09:00::FLT::AI|AI-865|16:15,CELL::BOM|DEL|2026-10-06|Economy Flexi|T30(25-35)::ROUND::2026-09-05T09:00,BOM,DEL,2026-10-06,Economy Flexi,T30(25-35),ROUND::2026-09-05T09:00,AI,AI-865,16:15,8283.00,1,AirlineSite,AirlineSite=8283.00,8283.00,8283.00,0.00,0.000000,1,1,0,0,OBS00015
CELL::BOM|DEL|2026-10-06|Economy Flexi|T30(25-35)::ROUND::2026-09-05T14:30::FLT::6E|6E-2341|08:00,CELL::BOM|DEL|2026-10-06|Economy Flexi|T30(25-35)::ROUND::2026-09-05T14:30,BOM,DEL,2026-10-06,Economy Flexi,T30(25-35),ROUND::2026-09-05T14:30,6E,6E-2341,08:00,8237.00,1,AirlineSite,AirlineSite=8237.00,8237.00,8237.00,0.00,0.000000,1,1,0,0,OBS00524
CELL::BOM|DEL|2026-10-06|Economy Flexi|T30(25-35)::ROUND::2026-09-05T14:30::FLT::AI|AI-865|16:15,CELL::BOM|DEL|2026-10-06|Economy Flexi|T30(25-35)::ROUND::2026-09-05T14:30,BOM,DEL,2026-10-06,Economy Flexi,T30(25-35),ROUND::2026-09-05T14:30,AI,AI-865,16:15,7930.00,1,Cleartrip,Cleartrip=7930.00,7930.00,7930.00,0.00,0.000000,1,1,0,0,OBS00533
CELL::BOM|DEL|2026-10-06|Economy Flexi|T30(25-35)::ROUND::2026-09-05T14:30::FLT::QP|QP-1123|18:45,CELL::BOM|DEL|2026-10-06|Economy Flexi|T30(25-35)::ROUND::2026-09-05T14:30,BOM,DEL,2026-10-06,Economy Flexi,T30(25-35),ROUND::2026-09-05T14:30,QP,QP-1123,18:45,8084.00,2,EaseMyTrip;Goibibo,EaseMyTrip=7958.00;Goibibo=8210.00,7958.00,8210.00,252.00,0.031173,2,2,0,0,OBS00541;OBS00542
CELL::BOM|DEL|2026-10-06|Economy Flexi|T30(25-35)::ROUND::2026-09-05T20:15::FLT::6E|6E-2341|08:00,CELL::BOM|DEL|2026-10-06|Economy Flexi|T30(25-35)::ROUND::2026-09-05T20:15,BOM,DEL,2026-10-06,Economy Flexi,T30(25-35),ROUND::2026-09-05T20:15,6E,6E-2341,08:00,8178.00,1,Cleartrip,Cleartrip=8178.00,8178.00,8178.00,0.00,0.000000,1,1,0,0,OBS01017
CELL::BOM|DEL|2026-10-06|Economy Flexi|T30(25-35)::ROUND::2026-09-05T20:15::FLT::QP|QP-1123|18:45,CELL::BOM|DEL|2026-10-06|Economy Flexi|T30(25-35)::ROUND::2026-09-05T20:15,BOM,DEL,2026-10-06,Economy Flexi,T30(25-35),ROUND::2026-09-05T20:15,QP,QP-1123,18:45,8233.00,2,AirlineSite;Cleartrip,AirlineSite=8182.00;Cleartrip=8284.00,8182.00,8284.00,102.00,0.012389,2,2,0,0,OBS01040;OBS01041
CELL::BOM|DEL|2026-10-06|Economy Flexi|T30(25-35)::ROUND::2026-09-06T09:00::FLT::6E|6E-2341|08:00,CELL::BOM|DEL|2026-10-06|Economy Flexi|T30(25-35)::ROUND::2026-09-06T09:00,BOM,DEL,2026-10-06,Economy Flexi,T30(25-35),ROUND::2026-09-06T09:00,6E,6E-2341,08:00,8233.00,1,AirlineSite,AirlineSite=8233.00,8233.00,8233.00,0.00,0.000000,1,1,0,0,OBS01540
CELL::BOM|DEL|2026-10-06|Economy Flexi|T30(25-35)::ROUND::2026-09-06T14:30::FLT::6E|6E-2341|08:00,CELL::BOM|DEL|2026-10-06|Economy Flexi|T30(25-35)::ROUND::2026-09-06T14:30,BOM,DEL,2026-10-06,Economy Flexi,T30(25-35),ROUND::2026-09-06T14:30,6E,6E-2341,08:00,7966.00,1,AirlineSite,AirlineSite=7966.00,7966.00,7966.00,0.00,0.000000,1,1,0,0,OBS02045
CELL::BOM|DEL|2026-10-06|Economy Flexi|T30(25-35)::ROUND::2026-09-06T14:30::FLT::AI|AI-865|16:15,CELL::BOM|DEL|2026-10-06|Economy Flexi|T30(25-35)::ROUND::2026-09-06T14:30,BOM,DEL,2026-10-06,Economy Flexi,T30(25-35),ROUND::2026-09-06T14:30,AI,AI-865,16:15,7764.00,1,AirlineSite,AirlineSite=7764.00,7764.00,7764.00,0.00,0.000000,1,1,0,0,OBS02056
CELL::BOM|DEL|2026-10-06|Economy Flexi|T30(25-35)::ROUND::2026-09-06T14:30::FLT::QP|QP-1123|18:45,CELL::BOM|DEL|2026-10-06|Economy Flexi|T30(25-35)::ROUND::2026-09-06T14:30,BOM,DEL,2026-10-06,Economy Flexi,T30(25-35),ROUND::2026-09-06T14:30,QP,QP-1123,18:45,8016.50,2,Goibibo;MMT,Goibibo=7891.00;MMT=8142.00,7891.00,8142.00,251.00,0.031310,2,2,0,0,OBS02065;OBS02066
CELL::BOM|DEL|2026-10-06|Economy Saver|T30(25-35)::ROUND::2026-09-05T09:00::FLT::QP|QP-1123|18:45,CELL::BOM|DEL|2026-10-06|Economy Saver|T30(25-35)::ROUND::2026-09-05T09:00,BOM,DEL,2026-10-06,Economy Saver,T30(25-35),ROUND::2026-09-05T09:00,QP,QP-1123,18:45,5076.00,2,AirlineSite;MMT,AirlineSite=4917.00;MMT=5235.00,4917.00,5235.00,318.00,0.062648,2,2,0,0,OBS00026;OBS00027
CELL::BOM|DEL|2026-10-06|Economy Saver|T30(25-35)::ROUND::2026-09-05T20:15::FLT::6E|6E-2341|08:00,CELL::BOM|DEL|2026-10-06|Economy Saver|T30(25-35)::ROUND::2026-09-05T20:15,BOM,DEL,2026-10-06,Economy Saver,T30(25-35),ROUND::2026-09-05T20:15,6E,6E-2341,08:00,5150.00,1,MMT,MMT=5150.00,5150.00,5150.00,0.00,0.000000,1,1,0,0,OBS01018
CELL::BOM|DEL|2026-10-06|Economy Saver|T30(25-35)::ROUND::2026-09-05T20:15::FLT::AI|AI-865|16:15,CELL::BOM|DEL|2026-10-06|Economy Saver|T30(25-35)::ROUND::2026-09-05T20:15,BOM,DEL,2026-10-06,Economy Saver,T30(25-35),ROUND::2026-09-05T20:15,AI,AI-865,16:15,5078.00,1,EaseMyTrip,EaseMyTrip=5078.00,5078.00,5078.00,0.00,0.000000,1,1,0,0,OBS01028
CELL::BOM|DEL|2026-10-06|Economy Saver|T30(25-35)::ROUND::2026-09-05T20:15::FLT::QP|QP-1123|18:45,CELL::BOM|DEL|2026-10-06|Economy Saver|T30(25-35)::ROUND::2026-09-05T20:15,BOM,DEL,2026-10-06,Economy Saver,T30(25-35),ROUND::2026-09-05T20:15,QP,QP-1123,18:45,5188.00,1,EaseMyTrip,EaseMyTrip=5188.00,5188.00,5188.00,0.00,0.000000,1,1,0,0,OBS01039
CELL::BOM|DEL|2026-10-06|Economy Saver|T30(25-35)::ROUND::2026-09-06T09:00::FLT::6E|6E-2341|08:00,CELL::BOM|DEL|2026-10-06|Economy Saver|T30(25-35)::ROUND::2026-09-06T09:00,BOM,DEL,2026-10-06,Economy Saver,T30(25-35),ROUND::2026-09-06T09:00,6E,6E-2341,08:00,5275.00,1,MMT,MMT=5275.00,5275.00,5275.00,0.00,0.000000,1,1,0,0,OBS01541
CELL::BOM|DEL|2026-10-06|Economy Saver|T30(25-35)::ROUND::2026-09-06T09:00::FLT::QP|QP-1123|18:45,CELL::BOM|DEL|2026-10-06|Economy Saver|T30(25-35)::ROUND::2026-09-06T09:00,BOM,DEL,2026-10-06,Economy Saver,T30(25-35),ROUND::2026-09-06T09:00,QP,QP-1123,18:45,5128.50,2,Goibibo;MMT,Goibibo=5209.00;MMT=5048.00,5048.00,5209.00,161.00,0.031393,2,2,0,0,OBS01563;OBS01564
CELL::BOM|DEL|2026-10-06|Economy Saver|T30(25-35)::ROUND::2026-09-06T14:30::FLT::6E|6E-2341|08:00,CELL::BOM|DEL|2026-10-06|Economy Saver|T30(25-35)::ROUND::2026-09-06T14:30,BOM,DEL,2026-10-06,Economy Saver,T30(25-35),ROUND::2026-09-06T14:30,6E,6E-2341,08:00,5177.00,1,AirlineSite,AirlineSite=5177.00,5177.00,5177.00,0.00,0.000000,1,1,0,0,OBS02044
CELL::BOM|DEL|2026-10-06|Economy Saver|T30(25-35)::ROUND::2026-09-06T20:15::FLT::AI|AI-865|16:15,CELL::BOM|DEL|2026-10-06|Economy Saver|T30(25-35)::ROUND::2026-09-06T20:15,BOM,DEL,2026-10-06,Economy Saver,T30(25-35),ROUND::2026-09-06T20:15,AI,AI-865,16:15,5201.50,2,AirlineSite;Goibibo,AirlineSite=5273.00;Goibibo=5130.00,5130.00,5273.00,143.00,0.027492,2,2,0,0,OBS02550;OBS02551
CELL::BOM|DEL|2026-10-06|Economy Saver|T30(25-35)::ROUND::2026-09-06T20:15::FLT::QP|QP-1123|18:45,CELL::BOM|DEL|2026-10-06|Economy Saver|T30(25-35)::ROUND::2026-09-06T20:15,BOM,DEL,2026-10-06,Economy Saver,T30(25-35),ROUND::2026-09-06T20:15,QP,QP-1123,18:45,5040.00,1,Goibibo,Goibibo=5040.00,5040.00,5040.00,0.00,0.000000,1,1,0,0,OBS02564
CELL::BOM|DEL|2026-10-06|Economy Standard|T30(25-35)::ROUND::2026-09-05T09:00::FLT::6E|6E-2341|08:00,CELL::BOM|DEL|2026-10-06|Economy Standard|T30(25-35)::ROUND::2026-09-05T09:00,BOM,DEL,2026-10-06,Economy Standard,T30(25-35),ROUND::2026-09-05T09:00,6E,6E-2341,08:00,6877.00,1,MMT,MMT=6877.00,6877.00,6877.00,0.00,0.000000,1,1,0,0,OBS00006
CELL::BOM|DEL|2026-10-06|Economy Standard|T30(25-35)::ROUND::2026-09-05T09:00::FLT::AI|AI-865|16:15,CELL::BOM|DEL|2026-10-06|Economy Standard|T30(25-35)::ROUND::2026-09-05T09:00,BOM,DEL,2026-10-06,Economy Standard,T30(25-35),ROUND::2026-09-05T09:00,AI,AI-865,16:15,6754.00,1,Cleartrip,Cleartrip=6754.00,6754.00,6754.00,0.00,0.000000,1,1,0,0,OBS00014
CELL::BOM|DEL|2026-10-06|Economy Standard|T30(25-35)::ROUND::2026-09-05T14:30::FLT::AI|AI-865|16:15,CELL::BOM|DEL|2026-10-06|Economy Standard|T30(25-35)::ROUND::2026-09-05T14:30,BOM,DEL,2026-10-06,Economy Standard,T30(25-35),ROUND::2026-09-05T14:30,AI,AI-865,16:15,6902.00,1,Cleartrip,Cleartrip=6902.00,6902.00,6902.00,0.00,0.000000,1,1,0,0,OBS00534
CELL::BOM|DEL|2026-10-06|Economy Standard|T30(25-35)::ROUND::2026-09-05T14:30::FLT::QP|QP-1123|18:45,CELL::BOM|DEL|2026-10-06|Economy Standard|T30(25-35)::ROUND::2026-09-05T14:30,BOM,DEL,2026-10-06,Economy Standard,T30(25-35),ROUND::2026-09-05T14:30,QP,QP-1123,18:45,6454.00,1,MMT,MMT=6454.00,6454.00,6454.00,0.00,0.000000,1,1,0,0,OBS00543
CELL::BOM|DEL|2026-10-06|Economy Standard|T30(25-35)::ROUND::2026-09-05T20:15::FLT::AI|AI-865|16:15,CELL::BOM|DEL|2026-10-06|Economy Standard|T30(25-35)::ROUND::2026-09-05T20:15,BOM,DEL,2026-10-06,Economy Standard,T30(25-35),ROUND::2026-09-05T20:15,AI,AI-865,16:15,6408.00,2,AirlineSite;EaseMyTrip,AirlineSite=6551.00;EaseMyTrip=6265.00,6265.00,6551.00,286.00,0.044632,2,2,0,0,OBS01029;OBS01030
CELL::BOM|DEL|2026-10-06|Economy Standard|T30(25-35)::ROUND::2026-09-06T09:00::FLT::AI|AI-865|16:15,CELL::BOM|DEL|2026-10-06|Economy Standard|T30(25-35)::ROUND::2026-09-06T09:00,BOM,DEL,2026-10-06,Economy Standard,T30(25-35),ROUND::2026-09-06T09:00,AI,AI-865,16:15,6488.00,1,AirlineSite,AirlineSite=6488.00,6488.00,6488.00,0.00,0.000000,1,1,0,0,OBS01552
CELL::BOM|DEL|2026-10-06|Economy Standard|T30(25-35)::ROUND::2026-09-06T20:15::FLT::6E|6E-2341|08:00,CELL::BOM|DEL|2026-10-06|Economy Standard|T30(25-35)::ROUND::2026-09-06T20:15,BOM,DEL,2026-10-06,Economy Standard,T30(25-35),ROUND::2026-09-06T20:15,6E,6E-2341,08:00,6729.00,1,Goibibo,Goibibo=6729.00,6729.00,6729.00,0.00,0.000000,1,1,0,0,OBS02538
CELL::BOM|DEL|2026-10-06|Economy Standard|T30(25-35)::ROUND::2026-09-06T20:15::FLT::AI|AI-865|16:15,CELL::BOM|DEL|2026-10-06|Economy Standard|T30(25-35)::ROUND::2026-09-06T20:15,BOM,DEL,2026-10-06,Economy Standard,T30(25-35),ROUND::2026-09-06T20:15,AI,AI-865,16:15,6783.00,1,Cleartrip,Cleartrip=6783.00,6783.00,6783.00,0.00,0.000000,1,1,0,0,OBS02552
CELL::BOM|DEL|2026-10-06|Economy Standard|T30(25-35)::ROUND::2026-09-06T20:15::FLT::QP|QP-1123|18:45,CELL::BOM|DEL|2026-10-06|Economy Standard|T30(25-35)::ROUND::2026-09-06T20:15,BOM,DEL,2026-10-06,Economy Standard,T30(25-35),ROUND::2026-09-06T20:15,QP,QP-1123,18:45,6660.50,2,AirlineSite;EaseMyTrip,AirlineSite=6699.00;EaseMyTrip=6622.00,6622.00,6699.00,77.00,0.011561,2,2,0,0,OBS02562;OBS02563
CELL::BOM|DEL|2026-10-22|Economy Flexi|T45(40-50)::ROUND::2026-09-05T09:00::FLT::6E|6E-2341|08:00,CELL::BOM|DEL|2026-10-22|Economy Flexi|T45(40-50)::ROUND::2026-09-05T09:00,BOM,DEL,2026-10-22,Economy Flexi,T45(40-50),ROUND::2026-09-05T09:00,6E,6E-2341,08:00,8074.00,1,Goibibo,Goibibo=8074.00,8074.00,8074.00,0.00,0.000000,1,1,0,0,OBS00008
CELL::BOM|DEL|2026-10-22|Economy Flexi|T45(40-50)::ROUND::2026-09-05T09:00::FLT::AI|AI-865|16:15,CELL::BOM|DEL|2026-10-22|Economy Flexi|T45(40-50)::ROUND::2026-09-05T09:00,BOM,DEL,2026-10-22,Economy Flexi,T45(40-50),ROUND::2026-09-05T09:00,AI,AI-865,16:15,8097.00,1,EaseMyTrip,EaseMyTrip=8097.00,8097.00,8097.00,0.00,0.000000,1,1,0,0,OBS00018
CELL::BOM|DEL|2026-10-22|Economy Flexi|T45(40-50)::ROUND::2026-09-05T09:00::FLT::QP|QP-1123|18:45,CELL::BOM|DEL|2026-10-22|Economy Flexi|T45(40-50)::ROUND::2026-09-05T09:00,BOM,DEL,2026-10-22,Economy Flexi,T45(40-50),ROUND::2026-09-05T09:00,QP,QP-1123,18:45,8045.50,2,AirlineSite;MMT,AirlineSite=7757.00;MMT=8334.00,7757.00,8334.00,577.00,0.071717,2,2,0,0,OBS00029;OBS00030
CELL::BOM|DEL|2026-10-22|Economy Flexi|T45(40-50)::ROUND::2026-09-05T14:30::FLT::6E|6E-2341|08:00,CELL::BOM|DEL|2026-10-22|Economy Flexi|T45(40-50)::ROUND::2026-09-05T14:30,BOM,DEL,2026-10-22,Economy Flexi,T45(40-50),ROUND::2026-09-05T14:30,6E,6E-2341,08:00,7732.00,1,EaseMyTrip,EaseMyTrip=7732.00,7732.00,7732.00,0.00,0.000000,1,1,0,0,OBS00525
CELL::BOM|DEL|2026-10-22|Economy Flexi|T45(40-50)::ROUND::2026-09-05T14:30::FLT::AI|AI-865|16:15,CELL::BOM|DEL|2026-10-22|Economy Flexi|T45(40-50)::ROUND::2026-09-05T14:30,BOM,DEL,2026-10-22,Economy Flexi,T45(40-50),ROUND::2026-09-05T14:30,AI,AI-865,16:15,7718.00,1,Cleartrip,Cleartrip=7718.00,7718.00,7718.00,0.00,0.000000,1,1,0,0,OBS00535
CELL::BOM|DEL|2026-10-22|Economy Flexi|T45(40-50)::ROUND::2026-09-05T14:30::FLT::QP|QP-1123|18:45,CELL::BOM|DEL|2026-10-22|Economy Flexi|T45(40-50)::ROUND::2026-09-05T14:30,BOM,DEL,2026-10-22,Economy Flexi,T45(40-50),ROUND::2026-09-05T14:30,QP,QP-1123,18:45,8051.00,2,Goibibo;MMT,Goibibo=8005.00;MMT=8097.00,8005.00,8097.00,92.00,0.011427,2,2,0,0,OBS00544;OBS00545
CELL::BOM|DEL|2026-10-22|Economy Flexi|T45(40-50)::ROUND::2026-09-05T20:15::FLT::QP|QP-1123|18:45,CELL::BOM|DEL|2026-10-22|Economy Flexi|T45(40-50)::ROUND::2026-09-05T20:15,BOM,DEL,2026-10-22,Economy Flexi,T45(40-50),ROUND::2026-09-05T20:15,QP,QP-1123,18:45,8311.50,2,Cleartrip;EaseMyTrip,Cleartrip=8434.00;EaseMyTrip=8189.00,8189.00,8434.00,245.00,0.029477,2,2,0,0,OBS01042;OBS01043
CELL::BOM|DEL|2026-10-22|Economy Flexi|T45(40-50)::ROUND::2026-09-06T09:00::FLT::QP|QP-1123|18:45,CELL::BOM|DEL|2026-10-22|Economy Flexi|T45(40-50)::ROUND::2026-09-06T09:00,BOM,DEL,2026-10-22,Economy Flexi,T45(40-50),ROUND::2026-09-06T09:00,QP,QP-1123,18:45,8219.00,1,Cleartrip,Cleartrip=8219.00,8219.00,8219.00,0.00,0.000000,1,1,0,0,OBS01565
CELL::BOM|DEL|2026-10-22|Economy Flexi|T45(40-50)::ROUND::2026-09-06T14:30::FLT::6E|6E-2341|08:00,CELL::BOM|DEL|2026-10-22|Economy Flexi|T45(40-50)::ROUND::2026-09-06T14:30,BOM,DEL,2026-10-22,Economy Flexi,T45(40-50),ROUND::2026-09-06T14:30,6E,6E-2341,08:00,8393.00,2,Goibibo;MMT,Goibibo=8434.00;MMT=8352.00,8352.00,8434.00,82.00,0.009770,2,2,0,0,OBS02046;OBS02047
CELL::BOM|DEL|2026-10-22|Economy Flexi|T45(40-50)::ROUND::2026-09-06T14:30::FLT::AI|AI-865|16:15,CELL::BOM|DEL|2026-10-22|Economy Flexi|T45(40-50)::ROUND::2026-09-06T14:30,BOM,DEL,2026-10-22,Economy Flexi,T45(40-50),ROUND::2026-09-06T14:30,AI,AI-865,16:15,7752.50,2,AirlineSite;EaseMyTrip,AirlineSite=7872.00;EaseMyTrip=7633.00,7633.00,7872.00,239.00,0.030829,2,2,0,0,OBS02057;OBS02058
CELL::BOM|DEL|2026-10-22|Economy Flexi|T45(40-50)::ROUND::2026-09-06T14:30::FLT::QP|QP-1123|18:45,CELL::BOM|DEL|2026-10-22|Economy Flexi|T45(40-50)::ROUND::2026-09-06T14:30,BOM,DEL,2026-10-22,Economy Flexi,T45(40-50),ROUND::2026-09-06T14:30,QP,QP-1123,18:45,8053.50,2,EaseMyTrip;MMT,EaseMyTrip=7654.00;MMT=8453.00,7654.00,8453.00,799.00,0.099212,2,2,0,0,OBS02067;OBS02068
CELL::BOM|DEL|2026-10-22|Economy Flexi|T45(40-50)::ROUND::2026-09-06T20:15::FLT::AI|AI-865|16:15,CELL::BOM|DEL|2026-10-22|Economy Flexi|T45(40-50)::ROUND::2026-09-06T20:15,BOM,DEL,2026-10-22,Economy Flexi,T45(40-50),ROUND::2026-09-06T20:15,AI,AI-865,16:15,8029.50,2,Cleartrip;Goibibo,Cleartrip=8133.00;Goibibo=7926.00,7926.00,8133.00,207.00,0.025780,2,2,0,0,OBS02554;OBS02555
CELL::BOM|DEL|2026-10-22|Economy Saver|T45(40-50)::ROUND::2026-09-05T09:00::FLT::AI|AI-865|16:15,CELL::BOM|DEL|2026-10-22|Economy Saver|T45(40-50)::ROUND::2026-09-05T09:00,BOM,DEL,2026-10-22,Economy Saver,T45(40-50),ROUND::2026-09-05T09:00,AI,AI-865,16:15,5041.50,2,Goibibo;MMT,Goibibo=4949.00;MMT=5134.00,4949.00,5134.00,185.00,0.036695,2,2,0,0,OBS00016;OBS00017
CELL::BOM|DEL|2026-10-22|Economy Saver|T45(40-50)::ROUND::2026-09-05T09:00::FLT::QP|QP-1123|18:45,CELL::BOM|DEL|2026-10-22|Economy Saver|T45(40-50)::ROUND::2026-09-05T09:00,BOM,DEL,2026-10-22,Economy Saver,T45(40-50),ROUND::2026-09-05T09:00,QP,QP-1123,18:45,5327.00,1,EaseMyTrip,EaseMyTrip=5327.00,5327.00,5327.00,0.00,0.000000,1,1,0,0,OBS00028
CELL::BOM|DEL|2026-10-22|Economy Saver|T45(40-50)::ROUND::2026-09-05T20:15::FLT::6E|6E-2341|08:00,CELL::BOM|DEL|2026-10-22|Economy Saver|T45(40-50)::ROUND::2026-09-05T20:15,BOM,DEL,2026-10-22,Economy Saver,T45(40-50),ROUND::2026-09-05T20:15,6E,6E-2341,08:00,5196.00,2,AirlineSite;Goibibo,AirlineSite=5308.00;Goibibo=5084.00,5084.00,5308.00,224.00,0.043110,2,2,0,0,OBS01020;OBS01021
CELL::BOM|DEL|2026-10-22|Economy Saver|T45(40-50)::ROUND::2026-09-05T20:15::FLT::AI|AI-865|16:15,CELL::BOM|DEL|2026-10-22|Economy Saver|T45(40-50)::ROUND::2026-09-05T20:15,BOM,DEL,2026-10-22,Economy Saver,T45(40-50),ROUND::2026-09-05T20:15,AI,AI-865,16:15,5098.00,1,AirlineSite,AirlineSite=5098.00,5098.00,5098.00,0.00,0.000000,1,1,0,0,OBS01031
CELL::BOM|DEL|2026-10-22|Economy Saver|T45(40-50)::ROUND::2026-09-06T20:15::FLT::AI|AI-865|16:15,CELL::BOM|DEL|2026-10-22|Economy Saver|T45(40-50)::ROUND::2026-09-06T20:15,BOM,DEL,2026-10-22,Economy Saver,T45(40-50),ROUND::2026-09-06T20:15,AI,AI-865,16:15,4925.00,1,EaseMyTrip,EaseMyTrip=4925.00,4925.00,4925.00,0.00,0.000000,1,1,0,0,OBS02553
CELL::BOM|DEL|2026-10-22|Economy Saver|T45(40-50)::ROUND::2026-09-09T14:30::FLT::AI|AI-865|12:00,CELL::BOM|DEL|2026-10-22|Economy Saver|T45(40-50)::ROUND::2026-09-09T14:30,BOM,DEL,2026-10-22,Economy Saver,T45(40-50),ROUND::2026-09-09T14:30,AI,AI-865,12:00,4993.00,1,MMT,MMT=4993.00,4993.00,4993.00,0.00,0.000000,1,1,0,0,OBS02997
CELL::BOM|DEL|2026-10-22|Economy Standard|T45(40-50)::ROUND::2026-09-05T09:00::FLT::6E|6E-2341|08:00,CELL::BOM|DEL|2026-10-22|Economy Standard|T45(40-50)::ROUND::2026-09-05T09:00,BOM,DEL,2026-10-22,Economy Standard,T45(40-50),ROUND::2026-09-05T09:00,6E,6E-2341,08:00,6504.00,1,EaseMyTrip,EaseMyTrip=6504.00,6504.00,6504.00,0.00,0.000000,1,1,0,0,OBS00009
CELL::BOM|DEL|2026-10-22|Economy Standard|T45(40-50)::ROUND::2026-09-05T20:15::FLT::6E|6E-2341|08:00,CELL::BOM|DEL|2026-10-22|Economy Standard|T45(40-50)::ROUND::2026-09-05T20:15,BOM,DEL,2026-10-22,Economy Standard,T45(40-50),ROUND::2026-09-05T20:15,6E,6E-2341,08:00,6465.00,1,Goibibo,Goibibo=6465.00,6465.00,6465.00,0.00,0.000000,1,1,0,0,OBS01019
CELL::BOM|DEL|2026-10-22|Economy Standard|T45(40-50)::ROUND::2026-09-06T09:00::FLT::6E|6E-2341|08:00,CELL::BOM|DEL|2026-10-22|Economy Standard|T45(40-50)::ROUND::2026-09-06T09:00,BOM,DEL,2026-10-22,Economy Standard,T45(40-50),ROUND::2026-09-06T09:00,6E,6E-2341,08:00,6722.50,2,Cleartrip;Goibibo,Cleartrip=6780.00;Goibibo=6665.00,6665.00,6780.00,115.00,0.017107,2,2,0,0,OBS01542;OBS01543
CELL::BOM|DEL|2026-10-22|Economy Standard|T45(40-50)::ROUND::2026-09-06T09:00::FLT::AI|AI-865|16:15,CELL::BOM|DEL|2026-10-22|Economy Standard|T45(40-50)::ROUND::2026-09-06T09:00,BOM,DEL,2026-10-22,Economy Standard,T45(40-50),ROUND::2026-09-06T09:00,AI,AI-865,16:15,6555.50,2,AirlineSite;EaseMyTrip,AirlineSite=6343.00;EaseMyTrip=6768.00,6343.00,6768.00,425.00,0.064831,2,2,0,0,OBS01553;OBS01554
CELL::BOM|DEL|2026-10-22|Economy Standard|T45(40-50)::ROUND::2026-09-06T09:00::FLT::QP|QP-1123|18:45,CELL::BOM|DEL|2026-10-22|Economy Standard|T45(40-50)::ROUND::2026-09-06T09:00,BOM,DEL,2026-10-22,Economy Standard,T45(40-50),ROUND::2026-09-06T09:00,QP,QP-1123,18:45,6705.50,2,Cleartrip;Goibibo,Cleartrip=6747.00;Goibibo=6664.00,6664.00,6747.00,83.00,0.012378,2,2,0,0,OBS01566;OBS01567
CELL::BOM|DEL|2026-10-22|Economy Standard|T45(40-50)::ROUND::2026-09-06T14:30::FLT::6E|6E-2341|08:00,CELL::BOM|DEL|2026-10-22|Economy Standard|T45(40-50)::ROUND::2026-09-06T14:30,BOM,DEL,2026-10-22,Economy Standard,T45(40-50),ROUND::2026-09-06T14:30,6E,6E-2341,08:00,6424.00,2,EaseMyTrip;MMT,EaseMyTrip=6376.00;MMT=6472.00,6376.00,6472.00,96.00,0.014944,2,2,0,0,OBS02048;OBS02049
CELL::BOM|DEL|2026-10-22|Economy Standard|T45(40-50)::ROUND::2026-09-06T20:15::FLT::6E|6E-2341|08:00,CELL::BOM|DEL|2026-10-22|Economy Standard|T45(40-50)::ROUND::2026-09-06T20:15,BOM,DEL,2026-10-22,Economy Standard,T45(40-50),ROUND::2026-09-06T20:15,6E,6E-2341,08:00,6620.00,1,EaseMyTrip,EaseMyTrip=6620.00,6620.00,6620.00,0.00,0.000000,1,1,0,0,OBS02539
CELL::BOM|DEL|2026-10-22|Economy Standard|T45(40-50)::ROUND::2026-09-06T20:15::FLT::QP|QP-1123|18:45,CELL::BOM|DEL|2026-10-22|Economy Standard|T45(40-50)::ROUND::2026-09-06T20:15,BOM,DEL,2026-10-22,Economy Standard,T45(40-50),ROUND::2026-09-06T20:15,QP,QP-1123,18:45,6289.00,2,Cleartrip;Goibibo,Cleartrip=6279.00;Goibibo=6299.00,6279.00,6299.00,20.00,0.003180,2,2,0,0,OBS02565;OBS02566
CELL::BOM|HYD|2026-09-07|Economy Flexi|T1(0-2)::ROUND::2026-09-05T09:00::FLT::AI|AI-619|14:45,CELL::BOM|HYD|2026-09-07|Economy Flexi|T1(0-2)::ROUND::2026-09-05T09:00,BOM,HYD,2026-09-07,Economy Flexi,T1(0-2),ROUND::2026-09-05T09:00,AI,AI-619,14:45,11622.00,1,Cleartrip,Cleartrip=11622.00,11622.00,11622.00,0.00,0.000000,1,1,0,0,OBS00283
CELL::BOM|HYD|2026-09-07|Economy Flexi|T1(0-2)::ROUND::2026-09-05T14:30::FLT::6E|6E-631|06:00,CELL::BOM|HYD|2026-09-07|Economy Flexi|T1(0-2)::ROUND::2026-09-05T14:30,BOM,HYD,2026-09-07,Economy Flexi,T1(0-2),ROUND::2026-09-05T14:30,6E,6E-631,06:00,11662.50,2,Cleartrip;EaseMyTrip,Cleartrip=11466.00;EaseMyTrip=11859.00,11466.00,11859.00,393.00,0.033698,2,2,0,0,OBS00772;OBS00773
CELL::BOM|HYD|2026-09-07|Economy Flexi|T1(0-2)::ROUND::2026-09-05T14:30::FLT::AI|AI-619|14:45,CELL::BOM|HYD|2026-09-07|Economy Flexi|T1(0-2)::ROUND::2026-09-05T14:30,BOM,HYD,2026-09-07,Economy Flexi,T1(0-2),ROUND::2026-09-05T14:30,AI,AI-619,14:45,11507.00,2,AirlineSite;EaseMyTrip,AirlineSite=11565.00;EaseMyTrip=11449.00,11449.00,11565.00,116.00,0.010081,2,2,0,0,OBS00786;OBS00787
CELL::BOM|HYD|2026-09-07|Economy Flexi|T1(0-2)::ROUND::2026-09-05T14:30::FLT::QP|QP-1402|10:45,CELL::BOM|HYD|2026-09-07|Economy Flexi|T1(0-2)::ROUND::2026-09-05T14:30,BOM,HYD,2026-09-07,Economy Flexi,T1(0-2),ROUND::2026-09-05T14:30,QP,QP-1402,10:45,11918.50,2,Cleartrip;EaseMyTrip,Cleartrip=11893.00;EaseMyTrip=11944.00,11893.00,11944.00,51.00,0.004279,2,2,0,0,OBS00796;OBS00797
CELL::BOM|HYD|2026-09-07|Economy Flexi|T1(0-2)::ROUND::2026-09-05T20:15::FLT::6E|6E-631|06:00,CELL::BOM|HYD|2026-09-07|Economy Flexi|T1(0-2)::ROUND::2026-09-05T20:15,BOM,HYD,2026-09-07,Economy Flexi,T1(0-2),ROUND::2026-09-05T20:15,6E,6E-631,06:00,11086.50,2,Goibibo;MMT,Goibibo=11121.00;MMT=11052.00,11052.00,11121.00,69.00,0.006224,2,2,0,0,OBS01289;OBS01290
CELL::BOM|HYD|2026-09-07|Economy Flexi|T1(0-2)::ROUND::2026-09-06T09:00::FLT::QP|QP-1402|10:45,CELL::BOM|HYD|2026-09-07|Economy Flexi|T1(0-2)::ROUND::2026-09-06T09:00,BOM,HYD,2026-09-07,Economy Flexi,T1(0-2),ROUND::2026-09-06T09:00,QP,QP-1402,10:45,11476.50,2,EaseMyTrip;MMT,EaseMyTrip=11375.00;MMT=11578.00,11375.00,11578.00,203.00,0.017688,2,2,0,0,OBS01835;OBS01836
CELL::BOM|HYD|2026-09-07|Economy Flexi|T1(0-2)::ROUND::2026-09-06T20:15::FLT::6E|6E-631|06:00,CELL::BOM|HYD|2026-09-07|Economy Flexi|T1(0-2)::ROUND::2026-09-06T20:15,BOM,HYD,2026-09-07,Economy Flexi,T1(0-2),ROUND::2026-09-06T20:15,6E,6E-631,06:00,11246.00,1,EaseMyTrip,EaseMyTrip=11246.00,11246.00,11246.00,0.00,0.000000,1,1,0,0,OBS02815
CELL::BOM|HYD|2026-09-07|Economy Flexi|T1(0-2)::ROUND::2026-09-06T20:15::FLT::QP|QP-1402|10:45,CELL::BOM|HYD|2026-09-07|Economy Flexi|T1(0-2)::ROUND::2026-09-06T20:15,BOM,HYD,2026-09-07,Economy Flexi,T1(0-2),ROUND::2026-09-06T20:15,QP,QP-1402,10:45,11426.00,2,AirlineSite;EaseMyTrip,AirlineSite=11232.00;EaseMyTrip=11620.00,11232.00,11620.00,388.00,0.033958,2,2,0,0,OBS02836;OBS02837
CELL::BOM|HYD|2026-09-07|Economy Saver|T1(0-2)::ROUND::2026-09-05T09:00::FLT::6E|6E-631|06:00,CELL::BOM|HYD|2026-09-07|Economy Saver|T1(0-2)::ROUND::2026-09-05T09:00,BOM,HYD,2026-09-07,Economy Saver,T1(0-2),ROUND::2026-09-05T09:00,6E,6E-631,06:00,7469.50,2,AirlineSite;EaseMyTrip,AirlineSite=7517.00;EaseMyTrip=7422.00,7422.00,7517.00,95.00,0.012718,2,2,0,0,OBS00274;OBS00275
CELL::BOM|HYD|2026-09-07|Economy Saver|T1(0-2)::ROUND::2026-09-05T14:30::FLT::6E|6E-631|06:00,CELL::BOM|HYD|2026-09-07|Economy Saver|T1(0-2)::ROUND::2026-09-05T14:30,BOM,HYD,2026-09-07,Economy Saver,T1(0-2),ROUND::2026-09-05T14:30,6E,6E-631,06:00,7669.00,1,AirlineSite,AirlineSite=7669.00,7669.00,7669.00,0.00,0.000000,1,1,0,0,OBS00771
CELL::BOM|HYD|2026-09-07|Economy Saver|T1(0-2)::ROUND::2026-09-05T14:30::FLT::QP|QP-1402|10:45,CELL::BOM|HYD|2026-09-07|Economy Saver|T1(0-2)::ROUND::2026-09-05T14:30,BOM,HYD,2026-09-07,Economy Saver,T1(0-2),ROUND::2026-09-05T14:30,QP,QP-1402,10:45,7076.00,2,Cleartrip;Goibibo,Cleartrip=7101.00;Goibibo=7051.00,7051.00,7101.00,50.00,0.007066,2,2,0,0,OBS00798;OBS00799
CELL::BOM|HYD|2026-09-07|Economy Saver|T1(0-2)::ROUND::2026-09-06T09:00::FLT::AI|AI-619|14:45,CELL::BOM|HYD|2026-09-07|Economy Saver|T1(0-2)::ROUND::2026-09-06T09:00,BOM,HYD,2026-09-07,Economy Saver,T1(0-2),ROUND::2026-09-06T09:00,AI,AI-619,14:45,7389.00,1,MMT,MMT=7389.00,7389.00,7389.00,0.00,0.000000,1,1,0,0,OBS01826
CELL::BOM|HYD|2026-09-07|Economy Saver|T1(0-2)::ROUND::2026-09-06T14:30::FLT::QP|QP-1402|10:45,CELL::BOM|HYD|2026-09-07|Economy Saver|T1(0-2)::ROUND::2026-09-06T14:30,BOM,HYD,2026-09-07,Economy Saver,T1(0-2),ROUND::2026-09-06T14:30,QP,QP-1402,10:45,7690.50,2,AirlineSite;Cleartrip,AirlineSite=7433.00;Cleartrip=7948.00,7433.00,7948.00,515.00,0.066966,2,2,0,0,OBS02333;OBS02334
CELL::BOM|HYD|2026-09-07|Economy Saver|T1(0-2)::ROUND::2026-09-06T20:15::FLT::6E|6E-631|06:00,CELL::BOM|HYD|2026-09-07|Economy Saver|T1(0-2)::ROUND::2026-09-06T20:15,BOM,HYD,2026-09-07,Economy Saver,T1(0-2),ROUND::2026-09-06T20:15,6E,6E-631,06:00,7474.50,2,AirlineSite;Cleartrip,AirlineSite=7448.00;Cleartrip=7501.00,7448.00,7501.00,53.00,0.007091,2,2,0,0,OBS02813;OBS02814
CELL::BOM|HYD|2026-09-07|Economy Saver|T1(0-2)::ROUND::2026-09-06T20:15::FLT::AI|AI-619|14:45,CELL::BOM|HYD|2026-09-07|Economy Saver|T1(0-2)::ROUND::2026-09-06T20:15,BOM,HYD,2026-09-07,Economy Saver,T1(0-2),ROUND::2026-09-06T20:15,AI,AI-619,14:45,7335.00,1,Goibibo,Goibibo=7335.00,7335.00,7335.00,0.00,0.000000,1,1,0,0,OBS02826
CELL::BOM|HYD|2026-09-07|Economy Standard|T1(0-2)::ROUND::2026-09-05T09:00::FLT::6E|6E-631|06:00,CELL::BOM|HYD|2026-09-07|Economy Standard|T1(0-2)::ROUND::2026-09-05T09:00,BOM,HYD,2026-09-07,Economy Standard,T1(0-2),ROUND::2026-09-05T09:00,6E,6E-631,06:00,9599.00,1,EaseMyTrip,EaseMyTrip=9599.00,9599.00,9599.00,0.00,0.000000,1,1,0,0,OBS00273
CELL::BOM|HYD|2026-09-07|Economy Standard|T1(0-2)::ROUND::2026-09-05T09:00::FLT::QP|QP-1402|10:45,CELL::BOM|HYD|2026-09-07|Economy Standard|T1(0-2)::ROUND::2026-09-05T09:00,BOM,HYD,2026-09-07,Economy Standard,T1(0-2),ROUND::2026-09-05T09:00,QP,QP-1402,10:45,9410.00,2,Goibibo;MMT,Goibibo=9206.00;MMT=9614.00,9206.00,9614.00,408.00,0.043358,2,2,0,0,OBS00290;OBS00291
CELL::BOM|HYD|2026-09-07|Economy Standard|T1(0-2)::ROUND::2026-09-05T20:15::FLT::AI|AI-619|14:45,CELL::BOM|HYD|2026-09-07|Economy Standard|T1(0-2)::ROUND::2026-09-05T20:15,BOM,HYD,2026-09-07,Economy Standard,T1(0-2),ROUND::2026-09-05T20:15,AI,AI-619,14:45,9788.00,2,Goibibo;MMT,Goibibo=9892.00;MMT=9684.00,9684.00,9892.00,208.00,0.021251,2,2,0,0,OBS01299;OBS01300
CELL::BOM|HYD|2026-09-07|Economy Standard|T1(0-2)::ROUND::2026-09-05T20:15::FLT::QP|QP-1402|10:45,CELL::BOM|HYD|2026-09-07|Economy Standard|T1(0-2)::ROUND::2026-09-05T20:15,BOM,HYD,2026-09-07,Economy Standard,T1(0-2),ROUND::2026-09-05T20:15,QP,QP-1402,10:45,9986.00,1,AirlineSite,AirlineSite=9986.00,9986.00,9986.00,0.00,0.000000,1,1,0,0,OBS01309
CELL::BOM|HYD|2026-09-07|Economy Standard|T1(0-2)::ROUND::2026-09-06T09:00::FLT::6E|6E-631|06:00,CELL::BOM|HYD|2026-09-07|Economy Standard|T1(0-2)::ROUND::2026-09-06T09:00,BOM,HYD,2026-09-07,Economy Standard,T1(0-2),ROUND::2026-09-06T09:00,6E,6E-631,06:00,9581.00,2,AirlineSite;Cleartrip,AirlineSite=9517.00;Cleartrip=9645.00,9517.00,9645.00,128.00,0.013360,2,2,0,0,OBS01812;OBS01813
CELL::BOM|HYD|2026-09-07|Economy Standard|T1(0-2)::ROUND::2026-09-06T09:00::FLT::AI|AI-619|14:45,CELL::BOM|HYD|2026-09-07|Economy Standard|T1(0-2)::ROUND::2026-09-06T09:00,BOM,HYD,2026-09-07,Economy Standard,T1(0-2),ROUND::2026-09-06T09:00,AI,AI-619,14:45,9455.00,1,Cleartrip,Cleartrip=9455.00,9455.00,9455.00,0.00,0.000000,1,1,0,0,OBS01827
CELL::BOM|HYD|2026-09-07|Economy Standard|T1(0-2)::ROUND::2026-09-06T09:00::FLT::QP|QP-1402|10:45,CELL::BOM|HYD|2026-09-07|Economy Standard|T1(0-2)::ROUND::2026-09-06T09:00,BOM,HYD,2026-09-07,Economy Standard,T1(0-2),ROUND::2026-09-06T09:00,QP,QP-1402,10:45,9676.00,1,Goibibo,Goibibo=9676.00,9676.00,9676.00,0.00,0.000000,1,1,0,0,OBS01837
CELL::BOM|HYD|2026-09-07|Economy Standard|T1(0-2)::ROUND::2026-09-06T14:30::FLT::6E|6E-631|06:00,CELL::BOM|HYD|2026-09-07|Economy Standard|T1(0-2)::ROUND::2026-09-06T14:30,BOM,HYD,2026-09-07,Economy Standard,T1(0-2),ROUND::2026-09-06T14:30,6E,6E-631,06:00,9926.00,2,EaseMyTrip;MMT,EaseMyTrip=10080.00;MMT=9772.00,9772.00,10080.00,308.00,0.031030,2,2,0,0,OBS02312;OBS02313
CELL::BOM|HYD|2026-09-07|Economy Standard|T1(0-2)::ROUND::2026-09-06T14:30::FLT::AI|AI-619|14:45,CELL::BOM|HYD|2026-09-07|Economy Standard|T1(0-2)::ROUND::2026-09-06T14:30,BOM,HYD,2026-09-07,Economy Standard,T1(0-2),ROUND::2026-09-06T14:30,AI,AI-619,14:45,10122.00,1,AirlineSite,AirlineSite=10122.00,10122.00,10122.00,0.00,0.000000,1,1,0,0,OBS02321
CELL::BOM|HYD|2026-09-07|Economy Standard|T1(0-2)::ROUND::2026-09-06T20:15::FLT::AI|AI-619|14:45,CELL::BOM|HYD|2026-09-07|Economy Standard|T1(0-2)::ROUND::2026-09-06T20:15,BOM,HYD,2026-09-07,Economy Standard,T1(0-2),ROUND::2026-09-06T20:15,AI,AI-619,14:45,9375.00,1,Cleartrip,Cleartrip=9375.00,9375.00,9375.00,0.00,0.000000,1,1,0,0,OBS02825
CELL::BOM|HYD|2026-09-13|Economy Flexi|T7(5-9)::ROUND::2026-09-05T09:00::FLT::6E|6E-631|06:00,CELL::BOM|HYD|2026-09-13|Economy Flexi|T7(5-9)::ROUND::2026-09-05T09:00,BOM,HYD,2026-09-13,Economy Flexi,T7(5-9),ROUND::2026-09-05T09:00,6E,6E-631,06:00,9975.00,1,Goibibo,Goibibo=9975.00,9975.00,9975.00,0.00,0.000000,1,1,0,0,OBS00276
CELL::BOM|HYD|2026-09-13|Economy Flexi|T7(5-9)::ROUND::2026-09-05T09:00::FLT::AI|AI-619|14:45,CELL::BOM|HYD|2026-09-13|Economy Flexi|T7(5-9)::ROUND::2026-09-05T09:00,BOM,HYD,2026-09-13,Economy Flexi,T7(5-9),ROUND::2026-09-05T09:00,AI,AI-619,14:45,10334.00,1,Goibibo,Goibibo=10334.00,10334.00,10334.00,0.00,0.000000,1,1,0,0,OBS00284
CELL::BOM|HYD|2026-09-13|Economy Flexi|T7(5-9)::ROUND::2026-09-05T14:30::FLT::6E|6E-631|06:00,CELL::BOM|HYD|2026-09-13|Economy Flexi|T7(5-9)::ROUND::2026-09-05T14:30,BOM,HYD,2026-09-13,Economy Flexi,T7(5-9),ROUND::2026-09-05T14:30,6E,6E-631,06:00,10262.00,1,Cleartrip,Cleartrip=10262.00,10262.00,10262.00,0.00,0.000000,1,1,0,0,OBS00776
CELL::BOM|HYD|2026-09-13|Economy Flexi|T7(5-9)::ROUND::2026-09-05T14:30::FLT::AI|AI-619|14:45,CELL::BOM|HYD|2026-09-13|Economy Flexi|T7(5-9)::ROUND::2026-09-05T14:30,BOM,HYD,2026-09-13,Economy Flexi,T7(5-9),ROUND::2026-09-05T14:30,AI,AI-619,14:45,10491.00,1,AirlineSite,AirlineSite=10491.00,10491.00,10491.00,0.00,0.000000,1,1,0,0,OBS00788
CELL::BOM|HYD|2026-09-13|Economy Flexi|T7(5-9)::ROUND::2026-09-05T14:30::FLT::QP|QP-1402|10:45,CELL::BOM|HYD|2026-09-13|Economy Flexi|T7(5-9)::ROUND::2026-09-05T14:30,BOM,HYD,2026-09-13,Economy Flexi,T7(5-9),ROUND::2026-09-05T14:30,QP,QP-1402,10:45,10807.00,1,AirlineSite,AirlineSite=10807.00,10807.00,10807.00,0.00,0.000000,1,1,0,0,OBS00800
CELL::BOM|HYD|2026-09-13|Economy Flexi|T7(5-9)::ROUND::2026-09-05T20:15::FLT::AI|AI-619|14:45,CELL::BOM|HYD|2026-09-13|Economy Flexi|T7(5-9)::ROUND::2026-09-05T20:15,BOM,HYD,2026-09-13,Economy Flexi,T7(5-9),ROUND::2026-09-05T20:15,AI,AI-619,14:45,10713.00,2,Goibibo;MMT,Goibibo=10609.00;MMT=10817.00,10609.00,10817.00,208.00,0.019416,2,2,0,0,OBS01302;OBS01303
CELL::BOM|HYD|2026-09-13|Economy Flexi|T7(5-9)::ROUND::2026-09-06T14:30::FLT::6E|6E-631|06:00,CELL::BOM|HYD|2026-09-13|Economy Flexi|T7(5-9)::ROUND::2026-09-06T14:30,BOM,HYD,2026-09-13,Economy Flexi,T7(5-9),ROUND::2026-09-06T14:30,6E,6E-631,06:00,10365.00,1,AirlineSite,AirlineSite=10365.00,10365.00,10365.00,0.00,0.000000,1,1,0,0,OBS02314
CELL::BOM|HYD|2026-09-13|Economy Flexi|T7(5-9)::ROUND::2026-09-06T14:30::FLT::AI|AI-619|14:45,CELL::BOM|HYD|2026-09-13|Economy Flexi|T7(5-9)::ROUND::2026-09-06T14:30,BOM,HYD,2026-09-13,Economy Flexi,T7(5-9),ROUND::2026-09-06T14:30,AI,AI-619,14:45,10969.00,1,Cleartrip,Cleartrip=10969.00,10969.00,10969.00,0.00,0.000000,1,1,0,0,OBS02324
CELL::BOM|HYD|2026-09-13|Economy Flexi|T7(5-9)::ROUND::2026-09-06T20:15::FLT::QP|QP-1402|10:45,CELL::BOM|HYD|2026-09-13|Economy Flexi|T7(5-9)::ROUND::2026-09-06T20:15,BOM,HYD,2026-09-13,Economy Flexi,T7(5-9),ROUND::2026-09-06T20:15,QP,QP-1402,10:45,10738.50,2,EaseMyTrip;MMT,EaseMyTrip=10531.00;MMT=10946.00,10531.00,10946.00,415.00,0.038646,2,2,0,0,OBS02838;OBS02839
CELL::BOM|HYD|2026-09-13|Economy Saver|T7(5-9)::ROUND::2026-09-05T09:00::FLT::6E|6E-631|06:00,CELL::BOM|HYD|2026-09-13|Economy Saver|T7(5-9)::ROUND::2026-09-05T09:00,BOM,HYD,2026-09-13,Economy Saver,T7(5-9),ROUND::2026-09-05T09:00,6E,6E-631,06:00,6701.00,1,EaseMyTrip,EaseMyTrip=6701.00,6701.00,6701.00,0.00,0.000000,1,1,0,0,OBS00277
CELL::BOM|HYD|2026-09-13|Economy Saver|T7(5-9)::ROUND::2026-09-05T09:00::FLT::QP|QP-1402|10:45,CELL::BOM|HYD|2026-09-13|Economy Saver|T7(5-9)::ROUND::2026-09-05T09:00,BOM,HYD,2026-09-13,Economy Saver,T7(5-9),ROUND::2026-09-05T09:00,QP,QP-1402,10:45,6834.00,2,EaseMyTrip;MMT,EaseMyTrip=6847.00;MMT=6821.00,6821.00,6847.00,26.00,0.003805,2,2,0,0,OBS00294;OBS00295
CELL::BOM|HYD|2026-09-13|Economy Saver|T7(5-9)::ROUND::2026-09-05T20:15::FLT::6E|6E-631|06:00,CELL::BOM|HYD|2026-09-13|Economy Saver|T7(5-9)::ROUND::2026-09-05T20:15,BOM,HYD,2026-09-13,Economy Saver,T7(5-9),ROUND::2026-09-05T20:15,6E,6E-631,06:00,6607.00,2,Cleartrip;Goibibo,Cleartrip=6313.00;Goibibo=6901.00,6313.00,6901.00,588.00,0.088997,2,2,0,0,OBS01291;OBS01292
CELL::BOM|HYD|2026-09-13|Economy Saver|T7(5-9)::ROUND::2026-09-05T20:15::FLT::AI|AI-619|14:45,CELL::BOM|HYD|2026-09-13|Economy Saver|T7(5-9)::ROUND::2026-09-05T20:15,BOM,HYD,2026-09-13,Economy Saver,T7(5-9),ROUND::2026-09-05T20:15,AI,AI-619,14:45,6453.00,1,Cleartrip,Cleartrip=6453.00,6453.00,6453.00,0.00,0.000000,1,1,0,0,OBS01301
CELL::BOM|HYD|2026-09-13|Economy Saver|T7(5-9)::ROUND::2026-09-06T09:00::FLT::6E|6E-631|06:00,CELL::BOM|HYD|2026-09-13|Economy Saver|T7(5-9)::ROUND::2026-09-06T09:00,BOM,HYD,2026-09-13,Economy Saver,T7(5-9),ROUND::2026-09-06T09:00,6E,6E-631,06:00,6684.00,1,Goibibo,Goibibo=6684.00,6684.00,6684.00,0.00,0.000000,1,1,0,0,OBS01814
CELL::BOM|HYD|2026-09-13|Economy Saver|T7(5-9)::ROUND::2026-09-06T09:00::FLT::AI|AI-619|14:45,CELL::BOM|HYD|2026-09-13|Economy Saver|T7(5-9)::ROUND::2026-09-06T09:00,BOM,HYD,2026-09-13,Economy Saver,T7(5-9),ROUND::2026-09-06T09:00,AI,AI-619,14:45,6907.00,1,AirlineSite,AirlineSite=6907.00,6907.00,6907.00,0.00,0.000000,1,1,0,0,OBS01828
CELL::BOM|HYD|2026-09-13|Economy Saver|T7(5-9)::ROUND::2026-09-06T09:00::FLT::QP|QP-1402|10:45,CELL::BOM|HYD|2026-09-13|Economy Saver|T7(5-9)::ROUND::2026-09-06T09:00,BOM,HYD,2026-09-13,Economy Saver,T7(5-9),ROUND::2026-09-06T09:00,QP,QP-1402,10:45,6956.00,1,MMT,MMT=6956.00,6956.00,6956.00,0.00,0.000000,1,1,0,0,OBS01838
CELL::BOM|HYD|2026-09-13|Economy Saver|T7(5-9)::ROUND::2026-09-06T14:30::FLT::AI|AI-619|14:45,CELL::BOM|HYD|2026-09-13|Economy Saver|T7(5-9)::ROUND::2026-09-06T14:30,BOM,HYD,2026-09-13,Economy Saver,T7(5-9),ROUND::2026-09-06T14:30,AI,AI-619,14:45,6634.00,2,AirlineSite;Cleartrip,AirlineSite=6666.00;Cleartrip=6602.00,6602.00,6666.00,64.00,0.009647,2,2,0,0,OBS02322;OBS02323
CELL::BOM|HYD|2026-09-13|Economy Saver|T7(5-9)::ROUND::2026-09-06T14:30::FLT::QP|QP-1402|10:45,CELL::BOM|HYD|2026-09-13|Economy Saver|T7(5-9)::ROUND::2026-09-06T14:30,BOM,HYD,2026-09-13,Economy Saver,T7(5-9),ROUND::2026-09-06T14:30,QP,QP-1402,10:45,6740.00,2,Cleartrip;EaseMyTrip,Cleartrip=7018.00;EaseMyTrip=6462.00,6462.00,7018.00,556.00,0.082493,2,2,0,0,OBS02335;OBS02336
CELL::BOM|HYD|2026-09-13|Economy Saver|T7(5-9)::ROUND::2026-09-06T20:15::FLT::6E|6E-631|06:00,CELL::BOM|HYD|2026-09-13|Economy Saver|T7(5-9)::ROUND::2026-09-06T20:15,BOM,HYD,2026-09-13,Economy Saver,T7(5-9),ROUND::2026-09-06T20:15,6E,6E-631,06:00,6462.00,1,EaseMyTrip,EaseMyTrip=6462.00,6462.00,6462.00,0.00,0.000000,1,1,0,0,OBS02816
CELL::BOM|HYD|2026-09-13|Economy Standard|T7(5-9)::ROUND::2026-09-05T09:00::FLT::QP|QP-1402|10:45,CELL::BOM|HYD|2026-09-13|Economy Standard|T7(5-9)::ROUND::2026-09-05T09:00,BOM,HYD,2026-09-13,Economy Standard,T7(5-9),ROUND::2026-09-05T09:00,QP,QP-1402,10:45,8640.00,2,EaseMyTrip;Goibibo,EaseMyTrip=8484.00;Goibibo=8796.00,8484.00,8796.00,312.00,0.036111,2,2,0,0,OBS00292;OBS00293
CELL::BOM|HYD|2026-09-13|Economy Standard|T7(5-9)::ROUND::2026-09-05T14:30::FLT::6E|6E-631|06:00,CELL::BOM|HYD|2026-09-13|Economy Standard|T7(5-9)::ROUND::2026-09-05T14:30,BOM,HYD,2026-09-13,Economy Standard,T7(5-9),ROUND::2026-09-05T14:30,6E,6E-631,06:00,8419.00,2,AirlineSite;EaseMyTrip,AirlineSite=8758.00;EaseMyTrip=8080.00,8080.00,8758.00,678.00,0.080532,2,2,0,0,OBS00774;OBS00775
CELL::BOM|HYD|2026-09-13|Economy Standard|T7(5-9)::ROUND::2026-09-05T14:30::FLT::QP|QP-1402|10:45,CELL::BOM|HYD|2026-09-13|Economy Standard|T7(5-9)::ROUND::2026-09-05T14:30,BOM,HYD,2026-09-13,Economy Standard,T7(5-9),ROUND::2026-09-05T14:30,QP,QP-1402,10:45,8241.00,1,Goibibo,Goibibo=8241.00,8241.00,8241.00,0.00,0.000000,1,1,0,0,OBS00801
CELL::BOM|HYD|2026-09-13|Economy Standard|T7(5-9)::ROUND::2026-09-05T20:15::FLT::6E|6E-631|06:00,CELL::BOM|HYD|2026-09-13|Economy Standard|T7(5-9)::ROUND::2026-09-05T20:15,BOM,HYD,2026-09-13,Economy Standard,T7(5-9),ROUND::2026-09-05T20:15,6E,6E-631,06:00,8454.00,1,AirlineSite,AirlineSite=8454.00,8454.00,8454.00,0.00,0.000000,1,1,0,0,OBS01293
CELL::BOM|HYD|2026-09-13|Economy Standard|T7(5-9)::ROUND::2026-09-05T20:15::FLT::QP|QP-1402|10:45,CELL::BOM|HYD|2026-09-13|Economy Standard|T7(5-9)::ROUND::2026-09-05T20:15,BOM,HYD,2026-09-13,Economy Standard,T7(5-9),ROUND::2026-09-05T20:15,QP,QP-1402,10:45,8284.50,2,AirlineSite;Goibibo,AirlineSite=8122.00;Goibibo=8447.00,8122.00,8447.00,325.00,0.039230,2,2,0,0,OBS01310;OBS01311
CELL::BOM|HYD|2026-09-13|Economy Standard|T7(5-9)::ROUND::2026-09-06T09:00::FLT::6E|6E-631|06:00,CELL::BOM|HYD|2026-09-13|Economy Standard|T7(5-9)::ROUND::2026-09-06T09:00,BOM,HYD,2026-09-13,Economy Standard,T7(5-9),ROUND::2026-09-06T09:00,6E,6E-631,06:00,8597.50,2,EaseMyTrip;MMT,EaseMyTrip=8692.00;MMT=8503.00,8503.00,8692.00,189.00,0.021983,2,2,0,0,OBS01815;OBS01816
CELL::BOM|HYD|2026-09-13|Economy Standard|T7(5-9)::ROUND::2026-09-06T14:30::FLT::QP|QP-1402|10:45,CELL::BOM|HYD|2026-09-13|Economy Standard|T7(5-9)::ROUND::2026-09-06T14:30,BOM,HYD,2026-09-13,Economy Standard,T7(5-9),ROUND::2026-09-06T14:30,QP,QP-1402,10:45,8618.50,2,Cleartrip;MMT,Cleartrip=8580.00;MMT=8657.00,8580.00,8657.00,77.00,0.008934,2,2,0,0,OBS02337;OBS02338
CELL::BOM|HYD|2026-09-13|Economy Standard|T7(5-9)::ROUND::2026-09-06T20:15::FLT::AI|AI-619|14:45,CELL::BOM|HYD|2026-09-13|Economy Standard|T7(5-9)::ROUND::2026-09-06T20:15,BOM,HYD,2026-09-13,Economy Standard,T7(5-9),ROUND::2026-09-06T20:15,AI,AI-619,14:45,8990.00,1,Goibibo,Goibibo=8990.00,8990.00,8990.00,0.00,0.000000,1,1,0,0,OBS02827
CELL::BOM|HYD|2026-09-21|Economy Flexi|T15(12-18)::ROUND::2026-09-05T09:00::FLT::6E|6E-631|06:00,CELL::BOM|HYD|2026-09-21|Economy Flexi|T15(12-18)::ROUND::2026-09-05T09:00,BOM,HYD,2026-09-21,Economy Flexi,T15(12-18),ROUND::2026-09-05T09:00,6E,6E-631,06:00,8696.00,2,Goibibo;MMT,Goibibo=8686.00;MMT=8706.00,8686.00,8706.00,20.00,0.002300,2,2,0,0,OBS00278;OBS00279
CELL::BOM|HYD|2026-09-21|Economy Flexi|T15(12-18)::ROUND::2026-09-05T14:30::FLT::6E|6E-631|06:00,CELL::BOM|HYD|2026-09-21|Economy Flexi|T15(12-18)::ROUND::2026-09-05T14:30,BOM,HYD,2026-09-21,Economy Flexi,T15(12-18),ROUND::2026-09-05T14:30,6E,6E-631,06:00,8849.50,2,Cleartrip;MMT,Cleartrip=8501.00;MMT=9198.00,8501.00,9198.00,697.00,0.078762,2,2,0,0,OBS00777;OBS00778
CELL::BOM|HYD|2026-09-21|Economy Flexi|T15(12-18)::ROUND::2026-09-05T20:15::FLT::AI|AI-619|14:45,CELL::BOM|HYD|2026-09-21|Economy Flexi|T15(12-18)::ROUND::2026-09-05T20:15,BOM,HYD,2026-09-21,Economy Flexi,T15(12-18),ROUND::2026-09-05T20:15,AI,AI-619,14:45,9175.00,1,EaseMyTrip,EaseMyTrip=9175.00,9175.00,9175.00,0.00,0.000000,1,1,0,0,OBS01304
CELL::BOM|HYD|2026-09-21|Economy Flexi|T15(12-18)::ROUND::2026-09-05T20:15::FLT::QP|QP-1402|10:45,CELL::BOM|HYD|2026-09-21|Economy Flexi|T15(12-18)::ROUND::2026-09-05T20:15,BOM,HYD,2026-09-21,Economy Flexi,T15(12-18),ROUND::2026-09-05T20:15,QP,QP-1402,10:45,9159.00,1,Goibibo,Goibibo=9159.00,9159.00,9159.00,0.00,0.000000,1,1,0,0,OBS01314
CELL::BOM|HYD|2026-09-21|Economy Flexi|T15(12-18)::ROUND::2026-09-06T09:00::FLT::6E|6E-631|06:00,CELL::BOM|HYD|2026-09-21|Economy Flexi|T15(12-18)::ROUND::2026-09-06T09:00,BOM,HYD,2026-09-21,Economy Flexi,T15(12-18),ROUND::2026-09-06T09:00,6E,6E-631,06:00,8615.00,1,MMT,MMT=8615.00,8615.00,8615.00,0.00,0.000000,1,1,0,0,OBS01819
CELL::BOM|HYD|2026-09-21|Economy Flexi|T15(12-18)::ROUND::2026-09-06T09:00::FLT::AI|AI-619|14:45,CELL::BOM|HYD|2026-09-21|Economy Flexi|T15(12-18)::ROUND::2026-09-06T09:00,BOM,HYD,2026-09-21,Economy Flexi,T15(12-18),ROUND::2026-09-06T09:00,AI,AI-619,14:45,8736.00,1,Goibibo,Goibibo=8736.00,8736.00,8736.00,0.00,0.000000,1,1,0,0,OBS01829
CELL::BOM|HYD|2026-09-21|Economy Flexi|T15(12-18)::ROUND::2026-09-06T09:00::FLT::QP|QP-1402|10:45,CELL::BOM|HYD|2026-09-21|Economy Flexi|T15(12-18)::ROUND::2026-09-06T09:00,BOM,HYD,2026-09-21,Economy Flexi,T15(12-18),ROUND::2026-09-06T09:00,QP,QP-1402,10:45,8836.00,2,AirlineSite;Cleartrip,AirlineSite=8568.00;Cleartrip=9104.00,8568.00,9104.00,536.00,0.060661,2,2,0,0,OBS01840;OBS01841
CELL::BOM|HYD|2026-09-21|Economy Flexi|T15(12-18)::ROUND::2026-09-06T14:30::FLT::AI|AI-619|12:00,CELL::BOM|HYD|2026-09-21|Economy Flexi|T15(12-18)::ROUND::2026-09-06T14:30,BOM,HYD,2026-09-21,Economy Flexi,T15(12-18),ROUND::2026-09-06T14:30,AI,AI-619,12:00,9073.00,1,Goibibo,Goibibo=9073.00,9073.00,9073.00,0.00,0.000000,1,1,0,0,OBS02984
CELL::BOM|HYD|2026-09-21|Economy Flexi|T15(12-18)::ROUND::2026-09-06T20:15::FLT::AI|AI-619|14:45,CELL::BOM|HYD|2026-09-21|Economy Flexi|T15(12-18)::ROUND::2026-09-06T20:15,BOM,HYD,2026-09-21,Economy Flexi,T15(12-18),ROUND::2026-09-06T20:15,AI,AI-619,14:45,9410.00,1,Cleartrip,Cleartrip=9410.00,9410.00,9410.00,0.00,0.000000,1,1,0,0,OBS02828
CELL::BOM|HYD|2026-09-21|Economy Flexi|T15(12-18)::ROUND::2026-09-06T20:15::FLT::QP|QP-1402|10:45,CELL::BOM|HYD|2026-09-21|Economy Flexi|T15(12-18)::ROUND::2026-09-06T20:15,BOM,HYD,2026-09-21,Economy Flexi,T15(12-18),ROUND::2026-09-06T20:15,QP,QP-1402,10:45,8692.00,1,Goibibo,Goibibo=8692.00,8692.00,8692.00,0.00,0.000000,1,1,0,0,OBS02842
CELL::BOM|HYD|2026-09-21|Economy Saver|T15(12-18)::ROUND::2026-09-05T09:00::FLT::AI|AI-619|14:45,CELL::BOM|HYD|2026-09-21|Economy Saver|T15(12-18)::ROUND::2026-09-05T09:00,BOM,HYD,2026-09-21,Economy Saver,T15(12-18),ROUND::2026-09-05T09:00,AI,AI-619,14:45,5898.00,1,MMT,MMT=5898.00,5898.00,5898.00,0.00,0.000000,1,1,0,0,OBS00286
CELL::BOM|HYD|2026-09-21|Economy Saver|T15(12-18)::ROUND::2026-09-05T09:00::FLT::QP|QP-1402|10:45,CELL::BOM|HYD|2026-09-21|Economy Saver|T15(12-18)::ROUND::2026-09-05T09:00,BOM,HYD,2026-09-21,Economy Saver,T15(12-18),ROUND::2026-09-05T09:00,QP,QP-1402,10:45,5827.50,2,Goibibo;MMT,Goibibo=5786.00;MMT=5869.00,5786.00,5869.00,83.00,0.014243,2,2,0,0,OBS00297;OBS00298
CELL::BOM|HYD|2026-09-21|Economy Saver|T15(12-18)::ROUND::2026-09-05T14:30::FLT::6E|6E-631|06:00,CELL::BOM|HYD|2026-09-21|Economy Saver|T15(12-18)::ROUND::2026-09-05T14:30,BOM,HYD,2026-09-21,Economy Saver,T15(12-18),ROUND::2026-09-05T14:30,6E,6E-631,06:00,5551.00,2,EaseMyTrip;Goibibo,EaseMyTrip=5395.00;Goibibo=5707.00,5395.00,5707.00,312.00,0.056206,2,2,0,0,OBS00779;OBS00780
CELL::BOM|HYD|2026-09-21|Economy Saver|T15(12-18)::ROUND::2026-09-05T14:30::FLT::AI|AI-619|14:45,CELL::BOM|HYD|2026-09-21|Economy Saver|T15(12-18)::ROUND::2026-09-05T14:30,BOM,HYD,2026-09-21,Economy Saver,T15(12-18),ROUND::2026-09-05T14:30,AI,AI-619,14:45,5644.00,2,AirlineSite;MMT,AirlineSite=5714.00;MMT=5574.00,5574.00,5714.00,140.00,0.024805,2,2,0,0,OBS00790;OBS00791
CELL::BOM|HYD|2026-09-21|Economy Saver|T15(12-18)::ROUND::2026-09-05T14:30::FLT::QP|QP-1402|10:45,CELL::BOM|HYD|2026-09-21|Economy Saver|T15(12-18)::ROUND::2026-09-05T14:30,BOM,HYD,2026-09-21,Economy Saver,T15(12-18),ROUND::2026-09-05T14:30,QP,QP-1402,10:45,5471.00,1,Goibibo,Goibibo=5471.00,5471.00,5471.00,0.00,0.000000,1,1,0,0,OBS00802
CELL::BOM|HYD|2026-09-21|Economy Saver|T15(12-18)::ROUND::2026-09-05T20:15::FLT::6E|6E-631|06:00,CELL::BOM|HYD|2026-09-21|Economy Saver|T15(12-18)::ROUND::2026-09-05T20:15,BOM,HYD,2026-09-21,Economy Saver,T15(12-18),ROUND::2026-09-05T20:15,6E,6E-631,06:00,5535.00,2,Cleartrip;EaseMyTrip,Cleartrip=5458.00;EaseMyTrip=5612.00,5458.00,5612.00,154.00,0.027823,2,2,0,0,OBS01294;OBS01295
CELL::BOM|HYD|2026-09-21|Economy Saver|T15(12-18)::ROUND::2026-09-05T20:15::FLT::QP|QP-1402|10:45,CELL::BOM|HYD|2026-09-21|Economy Saver|T15(12-18)::ROUND::2026-09-05T20:15,BOM,HYD,2026-09-21,Economy Saver,T15(12-18),ROUND::2026-09-05T20:15,QP,QP-1402,10:45,5539.50,2,Cleartrip;MMT,Cleartrip=5686.00;MMT=5393.00,5393.00,5686.00,293.00,0.052893,2,2,0,0,OBS01312;OBS01313
CELL::BOM|HYD|2026-09-21|Economy Saver|T15(12-18)::ROUND::2026-09-06T09:00::FLT::AI|AI-619|14:45,CELL::BOM|HYD|2026-09-21|Economy Saver|T15(12-18)::ROUND::2026-09-06T09:00,BOM,HYD,2026-09-21,Economy Saver,T15(12-18),ROUND::2026-09-06T09:00,AI,AI-619,14:45,5865.50,2,Cleartrip;Goibibo,Cleartrip=5859.00;Goibibo=5872.00,5859.00,5872.00,13.00,0.002216,2,2,0,0,OBS01830;OBS01831
CELL::BOM|HYD|2026-09-21|Economy Saver|T15(12-18)::ROUND::2026-09-06T14:30::FLT::AI|AI-619|14:45,CELL::BOM|HYD|2026-09-21|Economy Saver|T15(12-18)::ROUND::2026-09-06T14:30,BOM,HYD,2026-09-21,Economy Saver,T15(12-18),ROUND::2026-09-06T14:30,AI,AI-619,14:45,5646.50,2,AirlineSite;Goibibo,AirlineSite=5635.00;Goibibo=5658.00,5635.00,5658.00,23.00,0.004073,2,2,0,0,OBS02325;OBS02326
CELL::BOM|HYD|2026-09-21|Economy Saver|T15(12-18)::ROUND::2026-09-06T20:15::FLT::6E|6E-631|06:00,CELL::BOM|HYD|2026-09-21|Economy Saver|T15(12-18)::ROUND::2026-09-06T20:15,BOM,HYD,2026-09-21,Economy Saver,T15(12-18),ROUND::2026-09-06T20:15,6E,6E-631,06:00,5527.00,1,Cleartrip,Cleartrip=5527.00,5527.00,5527.00,0.00,0.000000,1,1,0,0,OBS02819
CELL::BOM|HYD|2026-09-21|Economy Saver|T15(12-18)::ROUND::2026-09-06T20:15::FLT::QP|QP-1402|10:45,CELL::BOM|HYD|2026-09-21|Economy Saver|T15(12-18)::ROUND::2026-09-06T20:15,BOM,HYD,2026-09-21,Economy Saver,T15(12-18),ROUND::2026-09-06T20:15,QP,QP-1402,10:45,5819.50,2,AirlineSite;MMT,AirlineSite=5829.00;MMT=5810.00,5810.00,5829.00,19.00,0.003265,2,2,0,0,OBS02840;OBS02841
CELL::BOM|HYD|2026-09-21|Economy Standard|T15(12-18)::ROUND::2026-09-05T09:00::FLT::AI|AI-619|14:45,CELL::BOM|HYD|2026-09-21|Economy Standard|T15(12-18)::ROUND::2026-09-05T09:00,BOM,HYD,2026-09-21,Economy Standard,T15(12-18),ROUND::2026-09-05T09:00,AI,AI-619,14:45,7573.00,1,Cleartrip,Cleartrip=7573.00,7573.00,7573.00,0.00,0.000000,1,1,0,0,OBS00285
CELL::BOM|HYD|2026-09-21|Economy Standard|T15(12-18)::ROUND::2026-09-05T09:00::FLT::QP|QP-1402|10:45,CELL::BOM|HYD|2026-09-21|Economy Standard|T15(12-18)::ROUND::2026-09-05T09:00,BOM,HYD,2026-09-21,Economy Standard,T15(12-18),ROUND::2026-09-05T09:00,QP,QP-1402,10:45,6907.00,1,Cleartrip,Cleartrip=6907.00,6907.00,6907.00,0.00,0.000000,1,1,0,0,OBS00296
CELL::BOM|HYD|2026-09-21|Economy Standard|T15(12-18)::ROUND::2026-09-05T14:30::FLT::AI|AI-619|14:45,CELL::BOM|HYD|2026-09-21|Economy Standard|T15(12-18)::ROUND::2026-09-05T14:30,BOM,HYD,2026-09-21,Economy Standard,T15(12-18),ROUND::2026-09-05T14:30,AI,AI-619,14:45,7104.00,1,Goibibo,Goibibo=7104.00,7104.00,7104.00,0.00,0.000000,1,1,0,0,OBS00789
CELL::BOM|HYD|2026-09-21|Economy Standard|T15(12-18)::ROUND::2026-09-06T09:00::FLT::6E|6E-631|06:00,CELL::BOM|HYD|2026-09-21|Economy Standard|T15(12-18)::ROUND::2026-09-06T09:00,BOM,HYD,2026-09-21,Economy Standard,T15(12-18),ROUND::2026-09-06T09:00,6E,6E-631,06:00,7284.00,2,EaseMyTrip;Goibibo,EaseMyTrip=7054.00;Goibibo=7514.00,7054.00,7514.00,460.00,0.063152,2,2,0,0,OBS01817;OBS01818
CELL::BOM|HYD|2026-09-21|Economy Standard|T15(12-18)::ROUND::2026-09-06T09:00::FLT::QP|QP-1402|10:45,CELL::BOM|HYD|2026-09-21|Economy Standard|T15(12-18)::ROUND::2026-09-06T09:00,BOM,HYD,2026-09-21,Economy Standard,T15(12-18),ROUND::2026-09-06T09:00,QP,QP-1402,10:45,7038.00,1,MMT,MMT=7038.00,7038.00,7038.00,0.00,0.000000,1,1,0,0,OBS01839
CELL::BOM|HYD|2026-09-21|Economy Standard|T15(12-18)::ROUND::2026-09-06T14:30::FLT::6E|6E-631|06:00,CELL::BOM|HYD|2026-09-21|Economy Standard|T15(12-18)::ROUND::2026-09-06T14:30,BOM,HYD,2026-09-21,Economy Standard,T15(12-18),ROUND::2026-09-06T14:30,6E,6E-631,06:00,7567.00,2,Goibibo;MMT,Goibibo=7591.00;MMT=7543.00,7543.00,7591.00,48.00,0.006343,2,2,0,0,OBS02315;OBS02316
CELL::BOM|HYD|2026-09-21|Economy Standard|T15(12-18)::ROUND::2026-09-06T14:30::FLT::AI|AI-619|14:45,CELL::BOM|HYD|2026-09-21|Economy Standard|T15(12-18)::ROUND::2026-09-06T14:30,BOM,HYD,2026-09-21,Economy Standard,T15(12-18),ROUND::2026-09-06T14:30,AI,AI-619,14:45,7054.00,1,Cleartrip,Cleartrip=7054.00,7054.00,7054.00,0.00,0.000000,1,1,0,0,OBS02327
CELL::BOM|HYD|2026-09-21|Economy Standard|T15(12-18)::ROUND::2026-09-06T14:30::FLT::QP|QP-1402|10:45,CELL::BOM|HYD|2026-09-21|Economy Standard|T15(12-18)::ROUND::2026-09-06T14:30,BOM,HYD,2026-09-21,Economy Standard,T15(12-18),ROUND::2026-09-06T14:30,QP,QP-1402,10:45,7539.00,2,EaseMyTrip;MMT,EaseMyTrip=7374.00;MMT=7704.00,7374.00,7704.00,330.00,0.043772,2,2,0,0,OBS02339;OBS02340
CELL::BOM|HYD|2026-09-21|Economy Standard|T15(12-18)::ROUND::2026-09-06T20:15::FLT::6E|6E-631|06:00,CELL::BOM|HYD|2026-09-21|Economy Standard|T15(12-18)::ROUND::2026-09-06T20:15,BOM,HYD,2026-09-21,Economy Standard,T15(12-18),ROUND::2026-09-06T20:15,6E,6E-631,06:00,7328.00,2,AirlineSite;MMT,AirlineSite=7217.00;MMT=7439.00,7217.00,7439.00,222.00,0.030295,2,2,0,0,OBS02817;OBS02818
CELL::BOM|HYD|2026-10-06|Economy Flexi|T30(25-35)::ROUND::2026-09-05T09:00::FLT::6E|6E-631|06:00,CELL::BOM|HYD|2026-10-06|Economy Flexi|T30(25-35)::ROUND::2026-09-05T09:00,BOM,HYD,2026-10-06,Economy Flexi,T30(25-35),ROUND::2026-09-05T09:00,6E,6E-631,06:00,7814.00,2,AirlineSite;Cleartrip,AirlineSite=7730.00;Cleartrip=7898.00,7730.00,7898.00,168.00,0.021500,2,2,0,0,OBS00280;OBS00281
CELL::BOM|HYD|2026-10-06|Economy Flexi|T30(25-35)::ROUND::2026-09-05T20:15::FLT::6E|6E-631|06:00,CELL::BOM|HYD|2026-10-06|Economy Flexi|T30(25-35)::ROUND::2026-09-05T20:15,BOM,HYD,2026-10-06,Economy Flexi,T30(25-35),ROUND::2026-09-05T20:15,6E,6E-631,06:00,8023.00,1,AirlineSite,AirlineSite=8023.00,8023.00,8023.00,0.00,0.000000,1,1,0,0,OBS01297
CELL::BOM|HYD|2026-10-06|Economy Flexi|T30(25-35)::ROUND::2026-09-06T09:00::FLT::6E|6E-631|06:00,CELL::BOM|HYD|2026-10-06|Economy Flexi|T30(25-35)::ROUND::2026-09-06T09:00,BOM,HYD,2026-10-06,Economy Flexi,T30(25-35),ROUND::2026-09-06T09:00,6E,6E-631,06:00,8266.00,1,Goibibo,Goibibo=8266.00,8266.00,8266.00,0.00,0.000000,1,1,0,0,OBS01822
CELL::BOM|HYD|2026-10-06|Economy Flexi|T30(25-35)::ROUND::2026-09-06T09:00::FLT::6E|6E-631|12:00,CELL::BOM|HYD|2026-10-06|Economy Flexi|T30(25-35)::ROUND::2026-09-06T09:00,BOM,HYD,2026-10-06,Economy Flexi,T30(25-35),ROUND::2026-09-06T09:00,6E,6E-631,12:00,8389.00,1,AirlineSite,AirlineSite=8389.00,8389.00,8389.00,0.00,0.000000,1,1,0,0,OBS02994
CELL::BOM|HYD|2026-10-06|Economy Flexi|T30(25-35)::ROUND::2026-09-06T09:00::FLT::AI|AI-619|14:45,CELL::BOM|HYD|2026-10-06|Economy Flexi|T30(25-35)::ROUND::2026-09-06T09:00,BOM,HYD,2026-10-06,Economy Flexi,T30(25-35),ROUND::2026-09-06T09:00,AI,AI-619,14:45,8180.00,2,Cleartrip;MMT,Cleartrip=8121.00;MMT=8239.00,8121.00,8239.00,118.00,0.014425,2,2,0,0,OBS01832;OBS01833
CELL::BOM|HYD|2026-10-06|Economy Flexi|T30(25-35)::ROUND::2026-09-06T09:00::FLT::QP|QP-1402|10:45,CELL::BOM|HYD|2026-10-06|Economy Flexi|T30(25-35)::ROUND::2026-09-06T09:00,BOM,HYD,2026-10-06,Economy Flexi,T30(25-35),ROUND::2026-09-06T09:00,QP,QP-1402,10:45,7784.00,1,AirlineSite,AirlineSite=7784.00,7784.00,7784.00,0.00,0.000000,1,1,0,0,OBS01842
CELL::BOM|HYD|2026-10-06|Economy Flexi|T30(25-35)::ROUND::2026-09-06T14:30::FLT::6E|6E-631|06:00,CELL::BOM|HYD|2026-10-06|Economy Flexi|T30(25-35)::ROUND::2026-09-06T14:30,BOM,HYD,2026-10-06,Economy Flexi,T30(25-35),ROUND::2026-09-06T14:30,6E,6E-631,06:00,7962.50,2,AirlineSite;Cleartrip,AirlineSite=8226.00;Cleartrip=7699.00,7699.00,8226.00,527.00,0.066185,2,2,0,0,OBS02317;OBS02318
CELL::BOM|HYD|2026-10-06|Economy Flexi|T30(25-35)::ROUND::2026-09-06T14:30::FLT::AI|AI-619|14:45,CELL::BOM|HYD|2026-10-06|Economy Flexi|T30(25-35)::ROUND::2026-09-06T14:30,BOM,HYD,2026-10-06,Economy Flexi,T30(25-35),ROUND::2026-09-06T14:30,AI,AI-619,14:45,8229.00,2,Cleartrip;MMT,Cleartrip=8216.00;MMT=8242.00,8216.00,8242.00,26.00,0.003160,2,2,0,0,OBS02328;OBS02329
CELL::BOM|HYD|2026-10-06|Economy Flexi|T30(25-35)::ROUND::2026-09-06T20:15::FLT::6E|6E-631|06:00,CELL::BOM|HYD|2026-10-06|Economy Flexi|T30(25-35)::ROUND::2026-09-06T20:15,BOM,HYD,2026-10-06,Economy Flexi,T30(25-35),ROUND::2026-09-06T20:15,6E,6E-631,06:00,7945.00,2,EaseMyTrip;MMT,EaseMyTrip=7600.00;MMT=8290.00,7600.00,8290.00,690.00,0.086847,2,2,0,0,OBS02820;OBS02821
CELL::BOM|HYD|2026-10-06|Economy Flexi|T30(25-35)::ROUND::2026-09-06T20:15::FLT::AI|AI-619|14:45,CELL::BOM|HYD|2026-10-06|Economy Flexi|T30(25-35)::ROUND::2026-09-06T20:15,BOM,HYD,2026-10-06,Economy Flexi,T30(25-35),ROUND::2026-09-06T20:15,AI,AI-619,14:45,7915.00,2,Cleartrip;MMT,Cleartrip=7946.00;MMT=7884.00,7884.00,7946.00,62.00,0.007833,2,2,0,0,OBS02829;OBS02830
CELL::BOM|HYD|2026-10-06|Economy Flexi|T30(25-35)::ROUND::2026-09-06T20:15::FLT::QP|QP-1402|10:45,CELL::BOM|HYD|2026-10-06|Economy Flexi|T30(25-35)::ROUND::2026-09-06T20:15,BOM,HYD,2026-10-06,Economy Flexi,T30(25-35),ROUND::2026-09-06T20:15,QP,QP-1402,10:45,7707.00,1,MMT,MMT=7707.00,7707.00,7707.00,0.00,0.000000,1,1,0,0,OBS02845
CELL::BOM|HYD|2026-10-06|Economy Saver|T30(25-35)::ROUND::2026-09-05T09:00::FLT::QP|QP-1402|10:45,CELL::BOM|HYD|2026-10-06|Economy Saver|T30(25-35)::ROUND::2026-09-05T09:00,BOM,HYD,2026-10-06,Economy Saver,T30(25-35),ROUND::2026-09-05T09:00,QP,QP-1402,10:45,5169.50,2,AirlineSite;MMT,AirlineSite=5323.00;MMT=5016.00,5016.00,5323.00,307.00,0.059387,2,2,0,0,OBS00301;OBS00302
CELL::BOM|HYD|2026-10-06|Economy Saver|T30(25-35)::ROUND::2026-09-05T14:30::FLT::6E|6E-631|06:00,CELL::BOM|HYD|2026-10-06|Economy Saver|T30(25-35)::ROUND::2026-09-05T14:30,BOM,HYD,2026-10-06,Economy Saver,T30(25-35),ROUND::2026-09-05T14:30,6E,6E-631,06:00,5181.00,2,EaseMyTrip;Goibibo,EaseMyTrip=5335.00;Goibibo=5027.00,5027.00,5335.00,308.00,0.059448,2,2,0,0,OBS00781;OBS00782
CELL::BOM|HYD|2026-10-06|Economy Saver|T30(25-35)::ROUND::2026-09-05T14:30::FLT::QP|QP-1402|10:45,CELL::BOM|HYD|2026-10-06|Economy Saver|T30(25-35)::ROUND::2026-09-05T14:30,BOM,HYD,2026-10-06,Economy Saver,T30(25-35),ROUND::2026-09-05T14:30,QP,QP-1402,10:45,4999.00,1,EaseMyTrip,EaseMyTrip=4999.00,4999.00,4999.00,0.00,0.000000,1,1,0,0,OBS00803
CELL::BOM|HYD|2026-10-06|Economy Saver|T30(25-35)::ROUND::2026-09-05T20:15::FLT::6E|6E-631|06:00,CELL::BOM|HYD|2026-10-06|Economy Saver|T30(25-35)::ROUND::2026-09-05T20:15,BOM,HYD,2026-10-06,Economy Saver,T30(25-35),ROUND::2026-09-05T20:15,6E,6E-631,06:00,5369.00,1,Goibibo,Goibibo=5369.00,5369.00,5369.00,0.00,0.000000,1,1,0,0,OBS01296
CELL::BOM|HYD|2026-10-06|Economy Saver|T30(25-35)::ROUND::2026-09-06T09:00::FLT::QP|QP-1402|10:45,CELL::BOM|HYD|2026-10-06|Economy Saver|T30(25-35)::ROUND::2026-09-06T09:00,BOM,HYD,2026-10-06,Economy Saver,T30(25-35),ROUND::2026-09-06T09:00,QP,QP-1402,10:45,4963.00,1,AirlineSite,AirlineSite=4963.00,4963.00,4963.00,0.00,0.000000,1,1,0,0,OBS01843
CELL::BOM|HYD|2026-10-06|Economy Saver|T30(25-35)::ROUND::2026-09-06T14:30::FLT::QP|QP-1402|10:45,CELL::BOM|HYD|2026-10-06|Economy Saver|T30(25-35)::ROUND::2026-09-06T14:30,BOM,HYD,2026-10-06,Economy Saver,T30(25-35),ROUND::2026-09-06T14:30,QP,QP-1402,10:45,5288.00,1,Cleartrip,Cleartrip=5288.00,5288.00,5288.00,0.00,0.000000,1,1,0,0,OBS02341
CELL::BOM|HYD|2026-10-06|Economy Saver|T30(25-35)::ROUND::2026-09-06T20:15::FLT::6E|6E-631|06:00,CELL::BOM|HYD|2026-10-06|Economy Saver|T30(25-35)::ROUND::2026-09-06T20:15,BOM,HYD,2026-10-06,Economy Saver,T30(25-35),ROUND::2026-09-06T20:15,6E,6E-631,06:00,5321.00,1,Cleartrip,Cleartrip=5321.00,5321.00,5321.00,0.00,0.000000,1,1,0,0,OBS02822
CELL::BOM|HYD|2026-10-06|Economy Saver|T30(25-35)::ROUND::2026-09-06T20:15::FLT::AI|AI-619|14:45,CELL::BOM|HYD|2026-10-06|Economy Saver|T30(25-35)::ROUND::2026-09-06T20:15,BOM,HYD,2026-10-06,Economy Saver,T30(25-35),ROUND::2026-09-06T20:15,AI,AI-619,14:45,5025.00,2,EaseMyTrip;Goibibo,EaseMyTrip=5151.00;Goibibo=4899.00,4899.00,5151.00,252.00,0.050149,2,2,0,0,OBS02831;OBS02832
CELL::BOM|HYD|2026-10-06|Economy Saver|T30(25-35)::ROUND::2026-09-06T20:15::FLT::QP|QP-1402|10:45,CELL::BOM|HYD|2026-10-06|Economy Saver|T30(25-35)::ROUND::2026-09-06T20:15,BOM,HYD,2026-10-06,Economy Saver,T30(25-35),ROUND::2026-09-06T20:15,QP,QP-1402,10:45,5354.50,2,Goibibo;MMT,Goibibo=5392.00;MMT=5317.00,5317.00,5392.00,75.00,0.014007,2,2,0,0,OBS02843;OBS02844
CELL::BOM|HYD|2026-10-06|Economy Standard|T30(25-35)::ROUND::2026-09-05T09:00::FLT::AI|AI-619|14:45,CELL::BOM|HYD|2026-10-06|Economy Standard|T30(25-35)::ROUND::2026-09-05T09:00,BOM,HYD,2026-10-06,Economy Standard,T30(25-35),ROUND::2026-09-05T09:00,AI,AI-619,14:45,6808.00,1,EaseMyTrip,EaseMyTrip=6808.00,6808.00,6808.00,0.00,0.000000,1,1,0,0,OBS00287
CELL::BOM|HYD|2026-10-06|Economy Standard|T30(25-35)::ROUND::2026-09-05T09:00::FLT::QP|QP-1402|10:45,CELL::BOM|HYD|2026-10-06|Economy Standard|T30(25-35)::ROUND::2026-09-05T09:00,BOM,HYD,2026-10-06,Economy Standard,T30(25-35),ROUND::2026-09-05T09:00,QP,QP-1402,10:45,6510.50,2,AirlineSite;Goibibo,AirlineSite=6557.00;Goibibo=6464.00,6464.00,6557.00,93.00,0.014285,2,2,0,0,OBS00299;OBS00300
CELL::BOM|HYD|2026-10-06|Economy Standard|T30(25-35)::ROUND::2026-09-05T14:30::FLT::AI|AI-619|14:45,CELL::BOM|HYD|2026-10-06|Economy Standard|T30(25-35)::ROUND::2026-09-05T14:30,BOM,HYD,2026-10-06,Economy Standard,T30(25-35),ROUND::2026-09-05T14:30,AI,AI-619,14:45,6428.00,2,EaseMyTrip;Goibibo,EaseMyTrip=6354.00;Goibibo=6502.00,6354.00,6502.00,148.00,0.023024,2,2,0,0,OBS00792;OBS00793
CELL::BOM|HYD|2026-10-06|Economy Standard|T30(25-35)::ROUND::2026-09-05T14:30::FLT::QP|QP-1402|10:45,CELL::BOM|HYD|2026-10-06|Economy Standard|T30(25-35)::ROUND::2026-09-05T14:30,BOM,HYD,2026-10-06,Economy Standard,T30(25-35),ROUND::2026-09-05T14:30,QP,QP-1402,10:45,6693.00,2,EaseMyTrip;MMT,EaseMyTrip=6831.00;MMT=6555.00,6555.00,6831.00,276.00,0.041237,2,2,0,0,OBS00804;OBS00805
CELL::BOM|HYD|2026-10-06|Economy Standard|T30(25-35)::ROUND::2026-09-05T20:15::FLT::AI|AI-619|14:45,CELL::BOM|HYD|2026-10-06|Economy Standard|T30(25-35)::ROUND::2026-09-05T20:15,BOM,HYD,2026-10-06,Economy Standard,T30(25-35),ROUND::2026-09-05T20:15,AI,AI-619,14:45,6553.50,2,Goibibo;MMT,Goibibo=6307.00;MMT=6800.00,6307.00,6800.00,493.00,0.075227,2,2,0,0,OBS01305;OBS01306
CELL::BOM|HYD|2026-10-06|Economy Standard|T30(25-35)::ROUND::2026-09-05T20:15::FLT::QP|QP-1402|10:45,CELL::BOM|HYD|2026-10-06|Economy Standard|T30(25-35)::ROUND::2026-09-05T20:15,BOM,HYD,2026-10-06,Economy Standard,T30(25-35),ROUND::2026-09-05T20:15,QP,QP-1402,10:45,6500.50,2,Goibibo;MMT,Goibibo=6616.00;MMT=6385.00,6385.00,6616.00,231.00,0.035536,2,2,0,0,OBS01315;OBS01316
CELL::BOM|HYD|2026-10-06|Economy Standard|T30(25-35)::ROUND::2026-09-06T09:00::FLT::6E|6E-631|06:00,CELL::BOM|HYD|2026-10-06|Economy Standard|T30(25-35)::ROUND::2026-09-06T09:00,BOM,HYD,2026-10-06,Economy Standard,T30(25-35),ROUND::2026-09-06T09:00,6E,6E-631,06:00,6618.00,2,Cleartrip;Goibibo,Cleartrip=6725.00;Goibibo=6511.00,6511.00,6725.00,214.00,0.032336,2,2,0,0,OBS01820;OBS01821
CELL::BOM|HYD|2026-10-06|Economy Standard|T30(25-35)::ROUND::2026-09-06T14:30::FLT::QP|QP-1402|10:45,CELL::BOM|HYD|2026-10-06|Economy Standard|T30(25-35)::ROUND::2026-09-06T14:30,BOM,HYD,2026-10-06,Economy Standard,T30(25-35),ROUND::2026-09-06T14:30,QP,QP-1402,10:45,6396.00,2,Goibibo;MMT,Goibibo=6382.00;MMT=6410.00,6382.00,6410.00,28.00,0.004378,2,2,0,0,OBS02342;OBS02343
CELL::BOM|HYD|2026-10-22|Economy Flexi|T45(40-50)::ROUND::2026-09-05T09:00::FLT::AI|AI-619|14:45,CELL::BOM|HYD|2026-10-22|Economy Flexi|T45(40-50)::ROUND::2026-09-05T09:00,BOM,HYD,2026-10-22,Economy Flexi,T45(40-50),ROUND::2026-09-05T09:00,AI,AI-619,14:45,7932.00,2,EaseMyTrip;MMT,EaseMyTrip=8061.00;MMT=7803.00,7803.00,8061.00,258.00,0.032526,2,2,0,0,OBS00288;OBS00289
CELL::BOM|HYD|2026-10-22|Economy Flexi|T45(40-50)::ROUND::2026-09-05T14:30::FLT::6E|6E-631|06:00,CELL::BOM|HYD|2026-10-22|Economy Flexi|T45(40-50)::ROUND::2026-09-05T14:30,BOM,HYD,2026-10-22,Economy Flexi,T45(40-50),ROUND::2026-09-05T14:30,6E,6E-631,06:00,8293.00,1,Goibibo,Goibibo=8293.00,8293.00,8293.00,0.00,0.000000,1,1,0,0,OBS00783
CELL::BOM|HYD|2026-10-22|Economy Flexi|T45(40-50)::ROUND::2026-09-05T14:30::FLT::AI|AI-619|14:45,CELL::BOM|HYD|2026-10-22|Economy Flexi|T45(40-50)::ROUND::2026-09-05T14:30,BOM,HYD,2026-10-22,Economy Flexi,T45(40-50),ROUND::2026-09-05T14:30,AI,AI-619,14:45,7997.00,1,Goibibo,Goibibo=7997.00,7997.00,7997.00,0.00,0.000000,1,1,0,0,OBS00794
CELL::BOM|HYD|2026-10-22|Economy Flexi|T45(40-50)::ROUND::2026-09-05T14:30::FLT::QP|QP-1402|10:45,CELL::BOM|HYD|2026-10-22|Economy Flexi|T45(40-50)::ROUND::2026-09-05T14:30,BOM,HYD,2026-10-22,Economy Flexi,T45(40-50),ROUND::2026-09-05T14:30,QP,QP-1402,10:45,7732.00,1,EaseMyTrip,EaseMyTrip=7732.00,7732.00,7732.00,0.00,0.000000,1,1,0,0,OBS00806
CELL::BOM|HYD|2026-10-22|Economy Flexi|T45(40-50)::ROUND::2026-09-06T09:00::FLT::6E|6E-631|06:00,CELL::BOM|HYD|2026-10-22|Economy Flexi|T45(40-50)::ROUND::2026-09-06T09:00,BOM,HYD,2026-10-22,Economy Flexi,T45(40-50),ROUND::2026-09-06T09:00,6E,6E-631,06:00,8372.00,1,Goibibo,Goibibo=8372.00,8372.00,8372.00,0.00,0.000000,1,1,0,0,OBS01823
CELL::BOM|HYD|2026-10-22|Economy Flexi|T45(40-50)::ROUND::2026-09-06T09:00::FLT::QP|QP-1402|10:45,CELL::BOM|HYD|2026-10-22|Economy Flexi|T45(40-50)::ROUND::2026-09-06T09:00,BOM,HYD,2026-10-22,Economy Flexi,T45(40-50),ROUND::2026-09-06T09:00,QP,QP-1402,10:45,8006.50,2,Cleartrip;Goibibo,Cleartrip=7916.00;Goibibo=8097.00,7916.00,8097.00,181.00,0.022607,2,2,0,0,OBS01844;OBS01845
CELL::BOM|HYD|2026-10-22|Economy Flexi|T45(40-50)::ROUND::2026-09-06T20:15::FLT::6E|6E-631|06:00,CELL::BOM|HYD|2026-10-22|Economy Flexi|T45(40-50)::ROUND::2026-09-06T20:15,BOM,HYD,2026-10-22,Economy Flexi,T45(40-50),ROUND::2026-09-06T20:15,6E,6E-631,06:00,8064.00,1,AirlineSite,AirlineSite=8064.00,8064.00,8064.00,0.00,0.000000,1,1,0,0,OBS02823
CELL::BOM|HYD|2026-10-22|Economy Flexi|T45(40-50)::ROUND::2026-09-06T20:15::FLT::AI|AI-619|14:45,CELL::BOM|HYD|2026-10-22|Economy Flexi|T45(40-50)::ROUND::2026-09-06T20:15,BOM,HYD,2026-10-22,Economy Flexi,T45(40-50),ROUND::2026-09-06T20:15,AI,AI-619,14:45,8082.00,2,Cleartrip;Goibibo,Cleartrip=7987.00;Goibibo=8177.00,7987.00,8177.00,190.00,0.023509,2,2,0,0,OBS02833;OBS02834
CELL::BOM|HYD|2026-10-22|Economy Flexi|T45(40-50)::ROUND::2026-09-06T20:15::FLT::QP|QP-1402|10:45,CELL::BOM|HYD|2026-10-22|Economy Flexi|T45(40-50)::ROUND::2026-09-06T20:15,BOM,HYD,2026-10-22,Economy Flexi,T45(40-50),ROUND::2026-09-06T20:15,QP,QP-1402,10:45,8053.50,2,EaseMyTrip;Goibibo,EaseMyTrip=8293.00;Goibibo=7814.00,7814.00,8293.00,479.00,0.059477,2,2,0,0,OBS02847;OBS02848
CELL::BOM|HYD|2026-10-22|Economy Saver|T45(40-50)::ROUND::2026-09-05T09:00::FLT::QP|QP-1402|10:45,CELL::BOM|HYD|2026-10-22|Economy Saver|T45(40-50)::ROUND::2026-09-05T09:00,BOM,HYD,2026-10-22,Economy Saver,T45(40-50),ROUND::2026-09-05T09:00,QP,QP-1402,10:45,5392.00,1,Cleartrip,Cleartrip=5392.00,5392.00,5392.00,0.00,0.000000,1,1,0,0,OBS00303
CELL::BOM|HYD|2026-10-22|Economy Saver|T45(40-50)::ROUND::2026-09-05T14:30::FLT::6E|6E-631|06:00,CELL::BOM|HYD|2026-10-22|Economy Saver|T45(40-50)::ROUND::2026-09-05T14:30,BOM,HYD,2026-10-22,Economy Saver,T45(40-50),ROUND::2026-09-05T14:30,6E,6E-631,06:00,4952.00,2,AirlineSite;Goibibo,AirlineSite=4964.00;Goibibo=4940.00,4940.00,4964.00,24.00,0.004847,2,2,0,0,OBS00784;OBS00785
CELL::BOM|HYD|2026-10-22|Economy Saver|T45(40-50)::ROUND::2026-09-05T14:30::FLT::AI|AI-619|14:45,CELL::BOM|HYD|2026-10-22|Economy Saver|T45(40-50)::ROUND::2026-09-05T14:30,BOM,HYD,2026-10-22,Economy Saver,T45(40-50),ROUND::2026-09-05T14:30,AI,AI-619,14:45,5351.00,1,AirlineSite,AirlineSite=5351.00,5351.00,5351.00,0.00,0.000000,1,1,0,0,OBS00795
CELL::BOM|HYD|2026-10-22|Economy Saver|T45(40-50)::ROUND::2026-09-05T20:15::FLT::AI|AI-619|14:45,CELL::BOM|HYD|2026-10-22|Economy Saver|T45(40-50)::ROUND::2026-09-05T20:15,BOM,HYD,2026-10-22,Economy Saver,T45(40-50),ROUND::2026-09-05T20:15,AI,AI-619,14:45,5413.00,2,Goibibo;MMT,Goibibo=5400.00;MMT=5426.00,5400.00,5426.00,26.00,0.004803,2,2,0,0,OBS01307;OBS01308
CELL::BOM|HYD|2026-10-22|Economy Saver|T45(40-50)::ROUND::2026-09-06T09:00::FLT::6E|6E-631|06:00,CELL::BOM|HYD|2026-10-22|Economy Saver|T45(40-50)::ROUND::2026-09-06T09:00,BOM,HYD,2026-10-22,Economy Saver,T45(40-50),ROUND::2026-09-06T09:00,6E,6E-631,06:00,5251.00,2,AirlineSite;Cleartrip,AirlineSite=5242.00;Cleartrip=5260.00,5242.00,5260.00,18.00,0.003428,2,2,0,0,OBS01824;OBS01825
CELL::BOM|HYD|2026-10-22|Economy Saver|T45(40-50)::ROUND::2026-09-06T14:30::FLT::6E|6E-631|06:00,CELL::BOM|HYD|2026-10-22|Economy Saver|T45(40-50)::ROUND::2026-09-06T14:30,BOM,HYD,2026-10-22,Economy Saver,T45(40-50),ROUND::2026-09-06T14:30,6E,6E-631,06:00,5246.00,1,Cleartrip,Cleartrip=5246.00,5246.00,5246.00,0.00,0.000000,1,1,0,0,OBS02320
CELL::BOM|HYD|2026-10-22|Economy Saver|T45(40-50)::ROUND::2026-09-06T14:30::FLT::AI|AI-619|14:45,CELL::BOM|HYD|2026-10-22|Economy Saver|T45(40-50)::ROUND::2026-09-06T14:30,BOM,HYD,2026-10-22,Economy Saver,T45(40-50),ROUND::2026-09-06T14:30,AI,AI-619,14:45,5063.50,2,Cleartrip;Goibibo,Cleartrip=5109.00;Goibibo=5018.00,5018.00,5109.00,91.00,0.017972,2,2,0,0,OBS02331;OBS02332
CELL::BOM|HYD|2026-10-22|Economy Saver|T45(40-50)::ROUND::2026-09-06T14:30::FLT::QP|QP-1402|10:45,CELL::BOM|HYD|2026-10-22|Economy Saver|T45(40-50)::ROUND::2026-09-06T14:30,BOM,HYD,2026-10-22,Economy Saver,T45(40-50),ROUND::2026-09-06T14:30,QP,QP-1402,10:45,5049.00,1,AirlineSite,AirlineSite=5049.00,5049.00,5049.00,0.00,0.000000,1,1,0,0,OBS02344
CELL::BOM|HYD|2026-10-22|Economy Saver|T45(40-50)::ROUND::2026-09-06T20:15::FLT::6E|6E-631|06:00,CELL::BOM|HYD|2026-10-22|Economy Saver|T45(40-50)::ROUND::2026-09-06T20:15,BOM,HYD,2026-10-22,Economy Saver,T45(40-50),ROUND::2026-09-06T20:15,6E,6E-631,06:00,5393.00,1,EaseMyTrip,EaseMyTrip=5393.00,5393.00,5393.00,0.00,0.000000,1,1,0,0,OBS02824
CELL::BOM|HYD|2026-10-22|Economy Standard|T45(40-50)::ROUND::2026-09-05T09:00::FLT::6E|6E-631|06:00,CELL::BOM|HYD|2026-10-22|Economy Standard|T45(40-50)::ROUND::2026-09-05T09:00,BOM,HYD,2026-10-22,Economy Standard,T45(40-50),ROUND::2026-09-05T09:00,6E,6E-631,06:00,6690.00,1,EaseMyTrip,EaseMyTrip=6690.00,6690.00,6690.00,0.00,0.000000,1,1,0,0,OBS00282
CELL::BOM|HYD|2026-10-22|Economy Standard|T45(40-50)::ROUND::2026-09-05T14:30::FLT::QP|QP-1402|10:45,CELL::BOM|HYD|2026-10-22|Economy Standard|T45(40-50)::ROUND::2026-09-05T14:30,BOM,HYD,2026-10-22,Economy Standard,T45(40-50),ROUND::2026-09-05T14:30,QP,QP-1402,10:45,6736.00,1,Goibibo,Goibibo=6736.00,6736.00,6736.00,0.00,0.000000,1,1,0,0,OBS00807
CELL::BOM|HYD|2026-10-22|Economy Standard|T45(40-50)::ROUND::2026-09-05T20:15::FLT::6E|6E-631|06:00,CELL::BOM|HYD|2026-10-22|Economy Standard|T45(40-50)::ROUND::2026-09-05T20:15,BOM,HYD,2026-10-22,Economy Standard,T45(40-50),ROUND::2026-09-05T20:15,6E,6E-631,06:00,6888.00,1,MMT,MMT=6888.00,6888.00,6888.00,0.00,0.000000,1,1,0,0,OBS01298
CELL::BOM|HYD|2026-10-22|Economy Standard|T45(40-50)::ROUND::2026-09-05T20:15::FLT::QP|QP-1402|10:45,CELL::BOM|HYD|2026-10-22|Economy Standard|T45(40-50)::ROUND::2026-09-05T20:15,BOM,HYD,2026-10-22,Economy Standard,T45(40-50),ROUND::2026-09-05T20:15,QP,QP-1402,10:45,6609.00,2,AirlineSite;EaseMyTrip,AirlineSite=6762.00;EaseMyTrip=6456.00,6456.00,6762.00,306.00,0.046300,2,2,0,0,OBS01317;OBS01318
CELL::BOM|HYD|2026-10-22|Economy Standard|T45(40-50)::ROUND::2026-09-06T09:00::FLT::AI|AI-619|14:45,CELL::BOM|HYD|2026-10-22|Economy Standard|T45(40-50)::ROUND::2026-09-06T09:00,BOM,HYD,2026-10-22,Economy Standard,T45(40-50),ROUND::2026-09-06T09:00,AI,AI-619,14:45,6342.00,1,AirlineSite,AirlineSite=6342.00,6342.00,6342.00,0.00,0.000000,1,1,0,0,OBS01834
CELL::BOM|HYD|2026-10-22|Economy Standard|T45(40-50)::ROUND::2026-09-06T09:00::FLT::QP|QP-1402|10:45,CELL::BOM|HYD|2026-10-22|Economy Standard|T45(40-50)::ROUND::2026-09-06T09:00,BOM,HYD,2026-10-22,Economy Standard,T45(40-50),ROUND::2026-09-06T09:00,QP,QP-1402,10:45,6688.50,2,Cleartrip;MMT,Cleartrip=6656.00;MMT=6721.00,6656.00,6721.00,65.00,0.009718,2,2,0,0,OBS01846;OBS01847
CELL::BOM|HYD|2026-10-22|Economy Standard|T45(40-50)::ROUND::2026-09-06T14:30::FLT::6E|6E-631|06:00,CELL::BOM|HYD|2026-10-22|Economy Standard|T45(40-50)::ROUND::2026-09-06T14:30,BOM,HYD,2026-10-22,Economy Standard,T45(40-50),ROUND::2026-09-06T14:30,6E,6E-631,06:00,6853.00,1,MMT,MMT=6853.00,6853.00,6853.00,0.00,0.000000,1,1,0,0,OBS02319
CELL::BOM|HYD|2026-10-22|Economy Standard|T45(40-50)::ROUND::2026-09-06T14:30::FLT::AI|AI-619|14:45,CELL::BOM|HYD|2026-10-22|Economy Standard|T45(40-50)::ROUND::2026-09-06T14:30,BOM,HYD,2026-10-22,Economy Standard,T45(40-50),ROUND::2026-09-06T14:30,AI,AI-619,14:45,6515.00,1,EaseMyTrip,EaseMyTrip=6515.00,6515.00,6515.00,0.00,0.000000,1,1,0,0,OBS02330
CELL::BOM|HYD|2026-10-22|Economy Standard|T45(40-50)::ROUND::2026-09-06T20:15::FLT::AI|AI-619|14:45,CELL::BOM|HYD|2026-10-22|Economy Standard|T45(40-50)::ROUND::2026-09-06T20:15,BOM,HYD,2026-10-22,Economy Standard,T45(40-50),ROUND::2026-09-06T20:15,AI,AI-619,14:45,6513.00,1,AirlineSite,AirlineSite=6513.00,6513.00,6513.00,0.00,0.000000,1,1,0,0,OBS02835
CELL::BOM|HYD|2026-10-22|Economy Standard|T45(40-50)::ROUND::2026-09-06T20:15::FLT::QP|QP-1402|10:45,CELL::BOM|HYD|2026-10-22|Economy Standard|T45(40-50)::ROUND::2026-09-06T20:15,BOM,HYD,2026-10-22,Economy Standard,T45(40-50),ROUND::2026-09-06T20:15,QP,QP-1402,10:45,6478.00,1,Cleartrip,Cleartrip=6478.00,6478.00,6478.00,0.00,0.000000,1,1,0,0,OBS02846
CELL::CCU|DEL|2026-09-07|Economy Flexi|T1(0-2)::ROUND::2026-09-05T09:00::FLT::6E|6E-6120|14:00,CELL::CCU|DEL|2026-09-07|Economy Flexi|T1(0-2)::ROUND::2026-09-05T09:00,CCU,DEL,2026-09-07,Economy Flexi,T1(0-2),ROUND::2026-09-05T09:00,6E,6E-6120,14:00,11779.00,2,Cleartrip;EaseMyTrip,Cleartrip=11490.00;EaseMyTrip=12068.00,11490.00,12068.00,578.00,0.049070,2,2,0,0,OBS00170;OBS00171
CELL::CCU|DEL|2026-09-07|Economy Flexi|T1(0-2)::ROUND::2026-09-05T14:30::FLT::AI|AI-701|09:45,CELL::CCU|DEL|2026-09-07|Economy Flexi|T1(0-2)::ROUND::2026-09-05T14:30,CCU,DEL,2026-09-07,Economy Flexi,T1(0-2),ROUND::2026-09-05T14:30,AI,AI-701,09:45,11944.00,1,Goibibo,Goibibo=11944.00,11944.00,11944.00,0.00,0.000000,1,1,0,0,OBS00685
CELL::CCU|DEL|2026-09-07|Economy Flexi|T1(0-2)::ROUND::2026-09-05T20:15::FLT::AI|AI-701|09:45,CELL::CCU|DEL|2026-09-07|Economy Flexi|T1(0-2)::ROUND::2026-09-05T20:15,CCU,DEL,2026-09-07,Economy Flexi,T1(0-2),ROUND::2026-09-05T20:15,AI,AI-701,09:45,11929.50,2,Cleartrip;EaseMyTrip,Cleartrip=11801.00;EaseMyTrip=12058.00,11801.00,12058.00,257.00,0.021543,2,2,0,0,OBS01197;OBS01198
CELL::CCU|DEL|2026-09-07|Economy Flexi|T1(0-2)::ROUND::2026-09-06T09:00::FLT::AI|AI-701|09:45,CELL::CCU|DEL|2026-09-07|Economy Flexi|T1(0-2)::ROUND::2026-09-06T09:00,CCU,DEL,2026-09-07,Economy Flexi,T1(0-2),ROUND::2026-09-06T09:00,AI,AI-701,09:45,12104.00,1,AirlineSite,AirlineSite=12104.00,12104.00,12104.00,0.00,0.000000,1,1,0,0,OBS01713
CELL::CCU|DEL|2026-09-07|Economy Flexi|T1(0-2)::ROUND::2026-09-06T09:00::FLT::SG|SG-988|19:30,CELL::CCU|DEL|2026-09-07|Economy Flexi|T1(0-2)::ROUND::2026-09-06T09:00,CCU,DEL,2026-09-07,Economy Flexi,T1(0-2),ROUND::2026-09-06T09:00,SG,SG-988,19:30,11636.50,2,Cleartrip;EaseMyTrip,Cleartrip=11587.00;EaseMyTrip=11686.00,11587.00,11686.00,99.00,0.008508,2,2,0,0,OBS01727;OBS01728
CELL::CCU|DEL|2026-09-07|Economy Flexi|T1(0-2)::ROUND::2026-09-06T14:30::FLT::6E|6E-6120|14:00,CELL::CCU|DEL|2026-09-07|Economy Flexi|T1(0-2)::ROUND::2026-09-06T14:30,CCU,DEL,2026-09-07,Economy Flexi,T1(0-2),ROUND::2026-09-06T14:30,6E,6E-6120,14:00,11806.00,1,MMT,MMT=11806.00,11806.00,11806.00,0.00,0.000000,1,1,0,0,OBS02206
CELL::CCU|DEL|2026-09-07|Economy Flexi|T1(0-2)::ROUND::2026-09-06T20:15::FLT::6E|6E-6120|14:00,CELL::CCU|DEL|2026-09-07|Economy Flexi|T1(0-2)::ROUND::2026-09-06T20:15,CCU,DEL,2026-09-07,Economy Flexi,T1(0-2),ROUND::2026-09-06T20:15,6E,6E-6120,14:00,12177.00,1,MMT,MMT=12177.00,12177.00,12177.00,0.00,0.000000,1,1,0,0,OBS02710
CELL::CCU|DEL|2026-09-07|Economy Saver|T1(0-2)::ROUND::2026-09-05T09:00::FLT::6E|6E-6120|14:00,CELL::CCU|DEL|2026-09-07|Economy Saver|T1(0-2)::ROUND::2026-09-05T09:00,CCU,DEL,2026-09-07,Economy Saver,T1(0-2),ROUND::2026-09-05T09:00,6E,6E-6120,14:00,7699.00,1,Goibibo,Goibibo=7699.00,7699.00,7699.00,0.00,0.000000,1,1,0,0,OBS00169
CELL::CCU|DEL|2026-09-07|Economy Saver|T1(0-2)::ROUND::2026-09-05T09:00::FLT::AI|AI-701|09:45,CELL::CCU|DEL|2026-09-07|Economy Saver|T1(0-2)::ROUND::2026-09-05T09:00,CCU,DEL,2026-09-07,Economy Saver,T1(0-2),ROUND::2026-09-05T09:00,AI,AI-701,09:45,7521.50,2,Cleartrip;EaseMyTrip,Cleartrip=7527.00;EaseMyTrip=7516.00,7516.00,7527.00,11.00,0.001462,2,2,0,0,OBS00183;OBS00184
CELL::CCU|DEL|2026-09-07|Economy Saver|T1(0-2)::ROUND::2026-09-05T14:30::FLT::6E|6E-6120|14:00,CELL::CCU|DEL|2026-09-07|Economy Saver|T1(0-2)::ROUND::2026-09-05T14:30,CCU,DEL,2026-09-07,Economy Saver,T1(0-2),ROUND::2026-09-05T14:30,6E,6E-6120,14:00,7604.50,2,EaseMyTrip;Goibibo,EaseMyTrip=7433.00;Goibibo=7776.00,7433.00,7776.00,343.00,0.045105,2,2,0,0,OBS00671;OBS00672
CELL::CCU|DEL|2026-09-07|Economy Saver|T1(0-2)::ROUND::2026-09-05T14:30::FLT::AI|AI-701|09:45,CELL::CCU|DEL|2026-09-07|Economy Saver|T1(0-2)::ROUND::2026-09-05T14:30,CCU,DEL,2026-09-07,Economy Saver,T1(0-2),ROUND::2026-09-05T14:30,AI,AI-701,09:45,7171.00,1,MMT,MMT=7171.00,7171.00,7171.00,0.00,0.000000,1,1,0,0,OBS00684
CELL::CCU|DEL|2026-09-07|Economy Saver|T1(0-2)::ROUND::2026-09-05T14:30::FLT::SG|SG-988|19:30,CELL::CCU|DEL|2026-09-07|Economy Saver|T1(0-2)::ROUND::2026-09-05T14:30,CCU,DEL,2026-09-07,Economy Saver,T1(0-2),ROUND::2026-09-05T14:30,SG,SG-988,19:30,7169.00,1,MMT,MMT=7169.00,7169.00,7169.00,0.00,0.000000,1,1,0,0,OBS00695
CELL::CCU|DEL|2026-09-07|Economy Saver|T1(0-2)::ROUND::2026-09-05T20:15::FLT::SG|SG-988|19:30,CELL::CCU|DEL|2026-09-07|Economy Saver|T1(0-2)::ROUND::2026-09-05T20:15,CCU,DEL,2026-09-07,Economy Saver,T1(0-2),ROUND::2026-09-05T20:15,SG,SG-988,19:30,7007.00,1,MMT,MMT=7007.00,7007.00,7007.00,0.00,0.000000,1,1,0,0,OBS01206
CELL::CCU|DEL|2026-09-07|Economy Saver|T1(0-2)::ROUND::2026-09-06T09:00::FLT::SG|SG-988|19:30,CELL::CCU|DEL|2026-09-07|Economy Saver|T1(0-2)::ROUND::2026-09-06T09:00,CCU,DEL,2026-09-07,Economy Saver,T1(0-2),ROUND::2026-09-06T09:00,SG,SG-988,19:30,7496.50,2,Cleartrip;EaseMyTrip,Cleartrip=7484.00;EaseMyTrip=7509.00,7484.00,7509.00,25.00,0.003335,2,2,0,0,OBS01725;OBS01726
CELL::CCU|DEL|2026-09-07|Economy Saver|T1(0-2)::ROUND::2026-09-06T14:30::FLT::6E|6E-6120|14:00,CELL::CCU|DEL|2026-09-07|Economy Saver|T1(0-2)::ROUND::2026-09-06T14:30,CCU,DEL,2026-09-07,Economy Saver,T1(0-2),ROUND::2026-09-06T14:30,6E,6E-6120,14:00,7265.50,2,Cleartrip;MMT,Cleartrip=7242.00;MMT=7289.00,7242.00,7289.00,47.00,0.006469,2,2,0,0,OBS02207;OBS02208
CELL::CCU|DEL|2026-09-07|Economy Saver|T1(0-2)::ROUND::2026-09-06T14:30::FLT::SG|SG-988|19:30,CELL::CCU|DEL|2026-09-07|Economy Saver|T1(0-2)::ROUND::2026-09-06T14:30,CCU,DEL,2026-09-07,Economy Saver,T1(0-2),ROUND::2026-09-06T14:30,SG,SG-988,19:30,7303.00,2,AirlineSite;Cleartrip,AirlineSite=7174.00;Cleartrip=7432.00,7174.00,7432.00,258.00,0.035328,2,2,0,0,OBS02231;OBS02232
CELL::CCU|DEL|2026-09-07|Economy Saver|T1(0-2)::ROUND::2026-09-06T20:15::FLT::AI|AI-701|09:45,CELL::CCU|DEL|2026-09-07|Economy Saver|T1(0-2)::ROUND::2026-09-06T20:15,CCU,DEL,2026-09-07,Economy Saver,T1(0-2),ROUND::2026-09-06T20:15,AI,AI-701,09:45,7303.00,1,Cleartrip,Cleartrip=7303.00,7303.00,7303.00,0.00,0.000000,1,1,0,0,OBS02719
CELL::CCU|DEL|2026-09-07|Economy Saver|T1(0-2)::ROUND::2026-09-06T20:15::FLT::SG|SG-988|19:30,CELL::CCU|DEL|2026-09-07|Economy Saver|T1(0-2)::ROUND::2026-09-06T20:15,CCU,DEL,2026-09-07,Economy Saver,T1(0-2),ROUND::2026-09-06T20:15,SG,SG-988,19:30,7724.00,1,Goibibo,Goibibo=7724.00,7724.00,7724.00,0.00,0.000000,1,1,0,0,OBS02732
CELL::CCU|DEL|2026-09-07|Economy Standard|T1(0-2)::ROUND::2026-09-05T09:00::FLT::SG|SG-988|19:30,CELL::CCU|DEL|2026-09-07|Economy Standard|T1(0-2)::ROUND::2026-09-05T09:00,CCU,DEL,2026-09-07,Economy Standard,T1(0-2),ROUND::2026-09-05T09:00,SG,SG-988,19:30,9510.00,2,EaseMyTrip;MMT,EaseMyTrip=9088.00;MMT=9932.00,9088.00,9932.00,844.00,0.088749,2,2,0,0,OBS00192;OBS00193
CELL::CCU|DEL|2026-09-07|Economy Standard|T1(0-2)::ROUND::2026-09-05T20:15::FLT::6E|6E-6120|14:00,CELL::CCU|DEL|2026-09-07|Economy Standard|T1(0-2)::ROUND::2026-09-05T20:15,CCU,DEL,2026-09-07,Economy Standard,T1(0-2),ROUND::2026-09-05T20:15,6E,6E-6120,14:00,9622.50,2,EaseMyTrip;MMT,EaseMyTrip=9520.00;MMT=9725.00,9520.00,9725.00,205.00,0.021304,2,2,0,0,OBS01184;OBS01185
CELL::CCU|DEL|2026-09-07|Economy Standard|T1(0-2)::ROUND::2026-09-05T20:15::FLT::AI|AI-701|09:45,CELL::CCU|DEL|2026-09-07|Economy Standard|T1(0-2)::ROUND::2026-09-05T20:15,CCU,DEL,2026-09-07,Economy Standard,T1(0-2),ROUND::2026-09-05T20:15,AI,AI-701,09:45,9649.00,1,MMT,MMT=9649.00,9649.00,9649.00,0.00,0.000000,1,1,0,0,OBS01196
CELL::CCU|DEL|2026-09-07|Economy Standard|T1(0-2)::ROUND::2026-09-05T20:15::FLT::SG|SG-988|19:30,CELL::CCU|DEL|2026-09-07|Economy Standard|T1(0-2)::ROUND::2026-09-05T20:15,CCU,DEL,2026-09-07,Economy Standard,T1(0-2),ROUND::2026-09-05T20:15,SG,SG-988,19:30,9598.00,1,Goibibo,Goibibo=9598.00,9598.00,9598.00,0.00,0.000000,1,1,0,0,OBS01207
CELL::CCU|DEL|2026-09-07|Economy Standard|T1(0-2)::ROUND::2026-09-06T09:00::FLT::6E|6E-6120|14:00,CELL::CCU|DEL|2026-09-07|Economy Standard|T1(0-2)::ROUND::2026-09-06T09:00,CCU,DEL,2026-09-07,Economy Standard,T1(0-2),ROUND::2026-09-06T09:00,6E,6E-6120,14:00,9481.00,2,Goibibo;MMT,Goibibo=9499.00;MMT=9463.00,9463.00,9499.00,36.00,0.003797,2,2,0,0,OBS01702;OBS01703
CELL::CCU|DEL|2026-09-07|Economy Standard|T1(0-2)::ROUND::2026-09-06T09:00::FLT::AI|AI-701|09:45,CELL::CCU|DEL|2026-09-07|Economy Standard|T1(0-2)::ROUND::2026-09-06T09:00,CCU,DEL,2026-09-07,Economy Standard,T1(0-2),ROUND::2026-09-06T09:00,AI,AI-701,09:45,9420.00,1,EaseMyTrip,EaseMyTrip=9420.00,9420.00,9420.00,0.00,0.000000,1,1,0,0,OBS01714
CELL::CCU|DEL|2026-09-07|Economy Standard|T1(0-2)::ROUND::2026-09-06T14:30::FLT::AI|AI-701|09:45,CELL::CCU|DEL|2026-09-07|Economy Standard|T1(0-2)::ROUND::2026-09-06T14:30,CCU,DEL,2026-09-07,Economy Standard,T1(0-2),ROUND::2026-09-06T14:30,AI,AI-701,09:45,9603.00,2,AirlineSite;MMT,AirlineSite=9745.00;MMT=9461.00,9461.00,9745.00,284.00,0.029574,2,2,0,0,OBS02219;OBS02220
CELL::CCU|DEL|2026-09-07|Economy Standard|T1(0-2)::ROUND::2026-09-06T20:15::FLT::6E|6E-6120|14:00,CELL::CCU|DEL|2026-09-07|Economy Standard|T1(0-2)::ROUND::2026-09-06T20:15,CCU,DEL,2026-09-07,Economy Standard,T1(0-2),ROUND::2026-09-06T20:15,6E,6E-6120,14:00,9332.00,2,Cleartrip;EaseMyTrip,Cleartrip=9515.00;EaseMyTrip=9149.00,9149.00,9515.00,366.00,0.039220,2,2,0,0,OBS02708;OBS02709
CELL::CCU|DEL|2026-09-13|Economy Flexi|T7(5-9)::ROUND::2026-09-05T09:00::FLT::6E|6E-6120|14:00,CELL::CCU|DEL|2026-09-13|Economy Flexi|T7(5-9)::ROUND::2026-09-05T09:00,CCU,DEL,2026-09-13,Economy Flexi,T7(5-9),ROUND::2026-09-05T09:00,6E,6E-6120,14:00,10713.00,2,EaseMyTrip;MMT,EaseMyTrip=10682.00;MMT=10744.00,10682.00,10744.00,62.00,0.005787,2,2,0,0,OBS00172;OBS00173
CELL::CCU|DEL|2026-09-13|Economy Flexi|T7(5-9)::ROUND::2026-09-05T09:00::FLT::AI|AI-701|09:45,CELL::CCU|DEL|2026-09-13|Economy Flexi|T7(5-9)::ROUND::2026-09-05T09:00,CCU,DEL,2026-09-13,Economy Flexi,T7(5-9),ROUND::2026-09-05T09:00,AI,AI-701,09:45,10259.00,1,AirlineSite,AirlineSite=10259.00,10259.00,10259.00,0.00,0.000000,1,1,0,0,OBS00186
CELL::CCU|DEL|2026-09-13|Economy Flexi|T7(5-9)::ROUND::2026-09-05T09:00::FLT::SG|SG-988|19:30,CELL::CCU|DEL|2026-09-13|Economy Flexi|T7(5-9)::ROUND::2026-09-05T09:00,CCU,DEL,2026-09-13,Economy Flexi,T7(5-9),ROUND::2026-09-05T09:00,SG,SG-988,19:30,10459.00,2,Cleartrip;MMT,Cleartrip=10911.00;MMT=10007.00,10007.00,10911.00,904.00,0.086433,2,2,0,0,OBS00194;OBS00195
CELL::CCU|DEL|2026-09-13|Economy Flexi|T7(5-9)::ROUND::2026-09-05T14:30::FLT::6E|6E-6120|14:00,CELL::CCU|DEL|2026-09-13|Economy Flexi|T7(5-9)::ROUND::2026-09-05T14:30,CCU,DEL,2026-09-13,Economy Flexi,T7(5-9),ROUND::2026-09-05T14:30,6E,6E-6120,14:00,10718.00,1,Goibibo,Goibibo=10718.00,10718.00,10718.00,0.00,0.000000,1,1,0,0,OBS00673
CELL::CCU|DEL|2026-09-13|Economy Flexi|T7(5-9)::ROUND::2026-09-05T14:30::FLT::AI|AI-701|09:45,CELL::CCU|DEL|2026-09-13|Economy Flexi|T7(5-9)::ROUND::2026-09-05T14:30,CCU,DEL,2026-09-13,Economy Flexi,T7(5-9),ROUND::2026-09-05T14:30,AI,AI-701,09:45,10315.00,1,Cleartrip,Cleartrip=10315.00,10315.00,10315.00,0.00,0.000000,1,1,0,0,OBS00688
CELL::CCU|DEL|2026-09-13|Economy Flexi|T7(5-9)::ROUND::2026-09-05T14:30::FLT::SG|SG-988|19:30,CELL::CCU|DEL|2026-09-13|Economy Flexi|T7(5-9)::ROUND::2026-09-05T14:30,CCU,DEL,2026-09-13,Economy Flexi,T7(5-9),ROUND::2026-09-05T14:30,SG,SG-988,19:30,10428.00,2,EaseMyTrip;MMT,EaseMyTrip=10143.00;MMT=10713.00,10143.00,10713.00,570.00,0.054661,2,2,0,0,OBS00696;OBS00697
CELL::CCU|DEL|2026-09-13|Economy Flexi|T7(5-9)::ROUND::2026-09-05T20:15::FLT::6E|6E-6120|14:00,CELL::CCU|DEL|2026-09-13|Economy Flexi|T7(5-9)::ROUND::2026-09-05T20:15,CCU,DEL,2026-09-13,Economy Flexi,T7(5-9),ROUND::2026-09-05T20:15,6E,6E-6120,14:00,10193.00,2,EaseMyTrip;Goibibo,EaseMyTrip=10306.00;Goibibo=10080.00,10080.00,10306.00,226.00,0.022172,2,2,0,0,OBS01186;OBS01187
CELL::CCU|DEL|2026-09-13|Economy Flexi|T7(5-9)::ROUND::2026-09-05T20:15::FLT::AI|AI-701|09:45,CELL::CCU|DEL|2026-09-13|Economy Flexi|T7(5-9)::ROUND::2026-09-05T20:15,CCU,DEL,2026-09-13,Economy Flexi,T7(5-9),ROUND::2026-09-05T20:15,AI,AI-701,09:45,10898.00,1,EaseMyTrip,EaseMyTrip=10898.00,10898.00,10898.00,0.00,0.000000,1,1,0,0,OBS01199
CELL::CCU|DEL|2026-09-13|Economy Flexi|T7(5-9)::ROUND::2026-09-06T09:00::FLT::6E|6E-6120|14:00,CELL::CCU|DEL|2026-09-13|Economy Flexi|T7(5-9)::ROUND::2026-09-06T09:00,CCU,DEL,2026-09-13,Economy Flexi,T7(5-9),ROUND::2026-09-06T09:00,6E,6E-6120,14:00,10248.50,2,AirlineSite;EaseMyTrip,AirlineSite=10261.00;EaseMyTrip=10236.00,10236.00,10261.00,25.00,0.002439,2,2,0,0,OBS01705;OBS01706
CELL::CCU|DEL|2026-09-13|Economy Flexi|T7(5-9)::ROUND::2026-09-06T09:00::FLT::AI|AI-701|09:45,CELL::CCU|DEL|2026-09-13|Economy Flexi|T7(5-9)::ROUND::2026-09-06T09:00,CCU,DEL,2026-09-13,Economy Flexi,T7(5-9),ROUND::2026-09-06T09:00,AI,AI-701,09:45,10631.00,1,MMT,MMT=10631.00,10631.00,10631.00,0.00,0.000000,1,1,0,0,OBS01717
CELL::CCU|DEL|2026-09-13|Economy Flexi|T7(5-9)::ROUND::2026-09-06T14:30::FLT::6E|6E-6120|14:00,CELL::CCU|DEL|2026-09-13|Economy Flexi|T7(5-9)::ROUND::2026-09-06T14:30,CCU,DEL,2026-09-13,Economy Flexi,T7(5-9),ROUND::2026-09-06T14:30,6E,6E-6120,14:00,10450.00,1,EaseMyTrip,EaseMyTrip=10450.00,10450.00,10450.00,0.00,0.000000,1,1,0,0,OBS02211
CELL::CCU|DEL|2026-09-13|Economy Flexi|T7(5-9)::ROUND::2026-09-06T20:15::FLT::6E|6E-6120|14:00,CELL::CCU|DEL|2026-09-13|Economy Flexi|T7(5-9)::ROUND::2026-09-06T20:15,CCU,DEL,2026-09-13,Economy Flexi,T7(5-9),ROUND::2026-09-06T20:15,6E,6E-6120,14:00,10041.00,1,AirlineSite,AirlineSite=10041.00,10041.00,10041.00,0.00,0.000000,1,1,0,0,OBS02711
CELL::CCU|DEL|2026-09-13|Economy Flexi|T7(5-9)::ROUND::2026-09-06T20:15::FLT::AI|AI-701|09:45,CELL::CCU|DEL|2026-09-13|Economy Flexi|T7(5-9)::ROUND::2026-09-06T20:15,CCU,DEL,2026-09-13,Economy Flexi,T7(5-9),ROUND::2026-09-06T20:15,AI,AI-701,09:45,10533.00,2,Cleartrip;MMT,Cleartrip=10604.00;MMT=10462.00,10462.00,10604.00,142.00,0.013481,2,2,0,0,OBS02720;OBS02721
CELL::CCU|DEL|2026-09-13|Economy Saver|T7(5-9)::ROUND::2026-09-05T09:00::FLT::6E|6E-6120|14:00,CELL::CCU|DEL|2026-09-13|Economy Saver|T7(5-9)::ROUND::2026-09-05T09:00,CCU,DEL,2026-09-13,Economy Saver,T7(5-9),ROUND::2026-09-05T09:00,6E,6E-6120,14:00,6858.50,2,Cleartrip;EaseMyTrip,Cleartrip=6853.00;EaseMyTrip=6864.00,6853.00,6864.00,11.00,0.001604,2,2,0,0,OBS00174;OBS00175
CELL::CCU|DEL|2026-09-13|Economy Saver|T7(5-9)::ROUND::2026-09-05T20:15::FLT::6E|6E-6120|14:00,CELL::CCU|DEL|2026-09-13|Economy Saver|T7(5-9)::ROUND::2026-09-05T20:15,CCU,DEL,2026-09-13,Economy Saver,T7(5-9),ROUND::2026-09-05T20:15,6E,6E-6120,14:00,6582.00,1,Goibibo,Goibibo=6582.00,6582.00,6582.00,0.00,0.000000,1,1,0,0,OBS01188
CELL::CCU|DEL|2026-09-13|Economy Saver|T7(5-9)::ROUND::2026-09-05T20:15::FLT::SG|SG-988|19:30,CELL::CCU|DEL|2026-09-13|Economy Saver|T7(5-9)::ROUND::2026-09-05T20:15,CCU,DEL,2026-09-13,Economy Saver,T7(5-9),ROUND::2026-09-05T20:15,SG,SG-988,19:30,6740.50,2,EaseMyTrip;Goibibo,EaseMyTrip=6714.00;Goibibo=6767.00,6714.00,6767.00,53.00,0.007863,2,2,0,0,OBS01208;OBS01209
CELL::CCU|DEL|2026-09-13|Economy Saver|T7(5-9)::ROUND::2026-09-06T09:00::FLT::6E|6E-6120|14:00,CELL::CCU|DEL|2026-09-13|Economy Saver|T7(5-9)::ROUND::2026-09-06T09:00,CCU,DEL,2026-09-13,Economy Saver,T7(5-9),ROUND::2026-09-06T09:00,6E,6E-6120,14:00,6793.00,1,Cleartrip,Cleartrip=6793.00,6793.00,6793.00,0.00,0.000000,1,1,0,0,OBS01704
CELL::CCU|DEL|2026-09-13|Economy Saver|T7(5-9)::ROUND::2026-09-06T09:00::FLT::AI|AI-701|09:45,CELL::CCU|DEL|2026-09-13|Economy Saver|T7(5-9)::ROUND::2026-09-06T09:00,CCU,DEL,2026-09-13,Economy Saver,T7(5-9),ROUND::2026-09-06T09:00,AI,AI-701,09:45,6780.50,2,Goibibo;MMT,Goibibo=7019.00;MMT=6542.00,6542.00,7019.00,477.00,0.070349,2,2,0,0,OBS01715;OBS01716
CELL::CCU|DEL|2026-09-13|Economy Saver|T7(5-9)::ROUND::2026-09-06T14:30::FLT::6E|6E-6120|14:00,CELL::CCU|DEL|2026-09-13|Economy Saver|T7(5-9)::ROUND::2026-09-06T14:30,CCU,DEL,2026-09-13,Economy Saver,T7(5-9),ROUND::2026-09-06T14:30,6E,6E-6120,14:00,6735.50,2,Cleartrip;Goibibo,Cleartrip=7003.00;Goibibo=6468.00,6468.00,7003.00,535.00,0.079430,2,2,0,0,OBS02209;OBS02210
CELL::CCU|DEL|2026-09-13|Economy Saver|T7(5-9)::ROUND::2026-09-06T14:30::FLT::SG|SG-988|19:30,CELL::CCU|DEL|2026-09-13|Economy Saver|T7(5-9)::ROUND::2026-09-06T14:30,CCU,DEL,2026-09-13,Economy Saver,T7(5-9),ROUND::2026-09-06T14:30,SG,SG-988,19:30,6680.00,2,AirlineSite;EaseMyTrip,AirlineSite=6765.00;EaseMyTrip=6595.00,6595.00,6765.00,170.00,0.025449,2,2,0,0,OBS02234;OBS02235
CELL::CCU|DEL|2026-09-13|Economy Saver|T7(5-9)::ROUND::2026-09-06T20:15::FLT::6E|6E-6120|14:00,CELL::CCU|DEL|2026-09-13|Economy Saver|T7(5-9)::ROUND::2026-09-06T20:15,CCU,DEL,2026-09-13,Economy Saver,T7(5-9),ROUND::2026-09-06T20:15,6E,6E-6120,14:00,7053.00,1,Goibibo,Goibibo=7053.00,7053.00,7053.00,0.00,0.000000,1,1,0,0,OBS02712
CELL::CCU|DEL|2026-09-13|Economy Saver|T7(5-9)::ROUND::2026-09-06T20:15::FLT::SG|SG-988|19:30,CELL::CCU|DEL|2026-09-13|Economy Saver|T7(5-9)::ROUND::2026-09-06T20:15,CCU,DEL,2026-09-13,Economy Saver,T7(5-9),ROUND::2026-09-06T20:15,SG,SG-988,19:30,6952.50,2,EaseMyTrip;Goibibo,EaseMyTrip=7138.00;Goibibo=6767.00,6767.00,7138.00,371.00,0.053362,2,2,0,0,OBS02733;OBS02734
CELL::CCU|DEL|2026-09-13|Economy Standard|T7(5-9)::ROUND::2026-09-05T09:00::FLT::AI|AI-701|09:45,CELL::CCU|DEL|2026-09-13|Economy Standard|T7(5-9)::ROUND::2026-09-05T09:00,CCU,DEL,2026-09-13,Economy Standard,T7(5-9),ROUND::2026-09-05T09:00,AI,AI-701,09:45,8159.00,1,EaseMyTrip,EaseMyTrip=8159.00,8159.00,8159.00,0.00,0.000000,1,1,0,0,OBS00185
CELL::CCU|DEL|2026-09-13|Economy Standard|T7(5-9)::ROUND::2026-09-05T09:00::FLT::SG|SG-988|19:30,CELL::CCU|DEL|2026-09-13|Economy Standard|T7(5-9)::ROUND::2026-09-05T09:00,CCU,DEL,2026-09-13,Economy Standard,T7(5-9),ROUND::2026-09-05T09:00,SG,SG-988,19:30,8537.50,2,Cleartrip;EaseMyTrip,Cleartrip=8151.00;EaseMyTrip=8924.00,8151.00,8924.00,773.00,0.090542,2,2,0,0,OBS00196;OBS00197
CELL::CCU|DEL|2026-09-13|Economy Standard|T7(5-9)::ROUND::2026-09-05T14:30::FLT::6E|6E-6120|14:00,CELL::CCU|DEL|2026-09-13|Economy Standard|T7(5-9)::ROUND::2026-09-05T14:30,CCU,DEL,2026-09-13,Economy Standard,T7(5-9),ROUND::2026-09-05T14:30,6E,6E-6120,14:00,8426.00,1,MMT,MMT=8426.00,8426.00,8426.00,0.00,0.000000,1,1,0,0,OBS00674
CELL::CCU|DEL|2026-09-13|Economy Standard|T7(5-9)::ROUND::2026-09-05T14:30::FLT::AI|AI-701|09:45,CELL::CCU|DEL|2026-09-13|Economy Standard|T7(5-9)::ROUND::2026-09-05T14:30,CCU,DEL,2026-09-13,Economy Standard,T7(5-9),ROUND::2026-09-05T14:30,AI,AI-701,09:45,8362.00,2,AirlineSite;Goibibo,AirlineSite=8285.00;Goibibo=8439.00,8285.00,8439.00,154.00,0.018417,2,2,0,0,OBS00686;OBS00687
CELL::CCU|DEL|2026-09-13|Economy Standard|T7(5-9)::ROUND::2026-09-06T09:00::FLT::SG|SG-988|19:30,CELL::CCU|DEL|2026-09-13|Economy Standard|T7(5-9)::ROUND::2026-09-06T09:00,CCU,DEL,2026-09-13,Economy Standard,T7(5-9),ROUND::2026-09-06T09:00,SG,SG-988,19:30,9017.00,1,Cleartrip,Cleartrip=9017.00,9017.00,9017.00,0.00,0.000000,1,1,0,0,OBS01729
CELL::CCU|DEL|2026-09-13|Economy Standard|T7(5-9)::ROUND::2026-09-06T14:30::FLT::AI|AI-701|09:45,CELL::CCU|DEL|2026-09-13|Economy Standard|T7(5-9)::ROUND::2026-09-06T14:30,CCU,DEL,2026-09-13,Economy Standard,T7(5-9),ROUND::2026-09-06T14:30,AI,AI-701,09:45,9045.00,1,Cleartrip,Cleartrip=9045.00,9045.00,9045.00,0.00,0.000000,1,1,0,0,OBS02221
CELL::CCU|DEL|2026-09-13|Economy Standard|T7(5-9)::ROUND::2026-09-06T14:30::FLT::SG|SG-988|19:30,CELL::CCU|DEL|2026-09-13|Economy Standard|T7(5-9)::ROUND::2026-09-06T14:30,CCU,DEL,2026-09-13,Economy Standard,T7(5-9),ROUND::2026-09-06T14:30,SG,SG-988,19:30,8346.00,1,Cleartrip,Cleartrip=8346.00,8346.00,8346.00,0.00,0.000000,1,1,0,0,OBS02233
CELL::CCU|DEL|2026-09-13|Economy Standard|T7(5-9)::ROUND::2026-09-06T20:15::FLT::AI|AI-701|09:45,CELL::CCU|DEL|2026-09-13|Economy Standard|T7(5-9)::ROUND::2026-09-06T20:15,CCU,DEL,2026-09-13,Economy Standard,T7(5-9),ROUND::2026-09-06T20:15,AI,AI-701,09:45,8679.50,2,AirlineSite;MMT,AirlineSite=9033.00;MMT=8326.00,8326.00,9033.00,707.00,0.081456,2,2,0,0,OBS02722;OBS02723
CELL::CCU|DEL|2026-09-13|Economy Standard|T7(5-9)::ROUND::2026-09-06T20:15::FLT::SG|SG-988|19:30,CELL::CCU|DEL|2026-09-13|Economy Standard|T7(5-9)::ROUND::2026-09-06T20:15,CCU,DEL,2026-09-13,Economy Standard,T7(5-9),ROUND::2026-09-06T20:15,SG,SG-988,19:30,8998.00,1,Goibibo,Goibibo=8998.00,8998.00,8998.00,0.00,0.000000,1,1,0,0,OBS02735
CELL::CCU|DEL|2026-09-21|Economy Flexi|T15(12-18)::ROUND::2026-09-05T09:00::FLT::SG|SG-988|19:30,CELL::CCU|DEL|2026-09-21|Economy Flexi|T15(12-18)::ROUND::2026-09-05T09:00,CCU,DEL,2026-09-21,Economy Flexi,T15(12-18),ROUND::2026-09-05T09:00,SG,SG-988,19:30,8883.50,2,AirlineSite;MMT,AirlineSite=8669.00;MMT=9098.00,8669.00,9098.00,429.00,0.048292,2,2,0,0,OBS00200;OBS00201
CELL::CCU|DEL|2026-09-21|Economy Flexi|T15(12-18)::ROUND::2026-09-05T20:15::FLT::6E|6E-6120|14:00,CELL::CCU|DEL|2026-09-21|Economy Flexi|T15(12-18)::ROUND::2026-09-05T20:15,CCU,DEL,2026-09-21,Economy Flexi,T15(12-18),ROUND::2026-09-05T20:15,6E,6E-6120,14:00,8641.50,2,Cleartrip;Goibibo,Cleartrip=8472.00;Goibibo=8811.00,8472.00,8811.00,339.00,0.039229,2,2,0,0,OBS01189;OBS01190
CELL::CCU|DEL|2026-09-21|Economy Flexi|T15(12-18)::ROUND::2026-09-05T20:15::FLT::SG|SG-988|19:30,CELL::CCU|DEL|2026-09-21|Economy Flexi|T15(12-18)::ROUND::2026-09-05T20:15,CCU,DEL,2026-09-21,Economy Flexi,T15(12-18),ROUND::2026-09-05T20:15,SG,SG-988,19:30,8797.00,2,Cleartrip;MMT,Cleartrip=8818.00;MMT=8776.00,8776.00,8818.00,42.00,0.004774,2,2,0,0,OBS01211;OBS01212
CELL::CCU|DEL|2026-09-21|Economy Flexi|T15(12-18)::ROUND::2026-09-06T09:00::FLT::AI|AI-701|09:45,CELL::CCU|DEL|2026-09-21|Economy Flexi|T15(12-18)::ROUND::2026-09-06T09:00,CCU,DEL,2026-09-21,Economy Flexi,T15(12-18),ROUND::2026-09-06T09:00,AI,AI-701,09:45,8998.00,2,EaseMyTrip;Goibibo,EaseMyTrip=9170.00;Goibibo=8826.00,8826.00,9170.00,344.00,0.038231,2,2,0,0,OBS01719;OBS01720
CELL::CCU|DEL|2026-09-21|Economy Flexi|T15(12-18)::ROUND::2026-09-06T14:30::FLT::AI|AI-701|09:45,CELL::CCU|DEL|2026-09-21|Economy Flexi|T15(12-18)::ROUND::2026-09-06T14:30,CCU,DEL,2026-09-21,Economy Flexi,T15(12-18),ROUND::2026-09-06T14:30,AI,AI-701,09:45,9161.00,2,Cleartrip;EaseMyTrip,Cleartrip=8933.00;EaseMyTrip=9389.00,8933.00,9389.00,456.00,0.049776,2,2,0,0,OBS02222;OBS02223
CELL::CCU|DEL|2026-09-21|Economy Flexi|T15(12-18)::ROUND::2026-09-06T14:30::FLT::SG|SG-988|19:30,CELL::CCU|DEL|2026-09-21|Economy Flexi|T15(12-18)::ROUND::2026-09-06T14:30,CCU,DEL,2026-09-21,Economy Flexi,T15(12-18),ROUND::2026-09-06T14:30,SG,SG-988,19:30,9350.50,2,EaseMyTrip;Goibibo,EaseMyTrip=9343.00;Goibibo=9358.00,9343.00,9358.00,15.00,0.001604,2,2,0,0,OBS02236;OBS02237
CELL::CCU|DEL|2026-09-21|Economy Flexi|T15(12-18)::ROUND::2026-09-06T20:15::FLT::6E|6E-6120|14:00,CELL::CCU|DEL|2026-09-21|Economy Flexi|T15(12-18)::ROUND::2026-09-06T20:15,CCU,DEL,2026-09-21,Economy Flexi,T15(12-18),ROUND::2026-09-06T20:15,6E,6E-6120,14:00,9136.00,1,Cleartrip,Cleartrip=9136.00,9136.00,9136.00,0.00,0.000000,1,1,0,0,OBS02715
CELL::CCU|DEL|2026-09-21|Economy Saver|T15(12-18)::ROUND::2026-09-05T09:00::FLT::6E|6E-6120|14:00,CELL::CCU|DEL|2026-09-21|Economy Saver|T15(12-18)::ROUND::2026-09-05T09:00,CCU,DEL,2026-09-21,Economy Saver,T15(12-18),ROUND::2026-09-05T09:00,6E,6E-6120,14:00,5661.50,2,Cleartrip;EaseMyTrip,Cleartrip=5734.00;EaseMyTrip=5589.00,5589.00,5734.00,145.00,0.025612,2,2,0,0,OBS00176;OBS00177
CELL::CCU|DEL|2026-09-21|Economy Saver|T15(12-18)::ROUND::2026-09-05T09:00::FLT::SG|SG-988|19:30,CELL::CCU|DEL|2026-09-21|Economy Saver|T15(12-18)::ROUND::2026-09-05T09:00,CCU,DEL,2026-09-21,Economy Saver,T15(12-18),ROUND::2026-09-05T09:00,SG,SG-988,19:30,5594.00,2,Cleartrip;MMT,Cleartrip=5715.00;MMT=5473.00,5473.00,5715.00,242.00,0.043261,2,2,0,0,OBS00198;OBS00199
CELL::CCU|DEL|2026-09-21|Economy Saver|T15(12-18)::ROUND::2026-09-05T14:30::FLT::6E|6E-6120|14:00,CELL::CCU|DEL|2026-09-21|Economy Saver|T15(12-18)::ROUND::2026-09-05T14:30,CCU,DEL,2026-09-21,Economy Saver,T15(12-18),ROUND::2026-09-05T14:30,6E,6E-6120,14:00,5511.00,2,AirlineSite;EaseMyTrip,AirlineSite=5600.00;EaseMyTrip=5422.00,5422.00,5600.00,178.00,0.032299,2,2,0,0,OBS00675;OBS00676
CELL::CCU|DEL|2026-09-21|Economy Saver|T15(12-18)::ROUND::2026-09-06T14:30::FLT::AI|AI-701|09:45,CELL::CCU|DEL|2026-09-21|Economy Saver|T15(12-18)::ROUND::2026-09-06T14:30,CCU,DEL,2026-09-21,Economy Saver,T15(12-18),ROUND::2026-09-06T14:30,AI,AI-701,09:45,5871.50,2,AirlineSite;MMT,AirlineSite=5917.00;MMT=5826.00,5826.00,5917.00,91.00,0.015499,2,2,0,0,OBS02224;OBS02225
CELL::CCU|DEL|2026-09-21|Economy Saver|T15(12-18)::ROUND::2026-09-06T20:15::FLT::AI|AI-701|09:45,CELL::CCU|DEL|2026-09-21|Economy Saver|T15(12-18)::ROUND::2026-09-06T20:15,CCU,DEL,2026-09-21,Economy Saver,T15(12-18),ROUND::2026-09-06T20:15,AI,AI-701,09:45,5900.50,2,AirlineSite;Cleartrip,AirlineSite=5950.00;Cleartrip=5851.00,5851.00,5950.00,99.00,0.016778,2,2,0,0,OBS02724;OBS02725
CELL::CCU|DEL|2026-09-21|Economy Saver|T15(12-18)::ROUND::2026-09-06T20:15::FLT::SG|SG-988|19:30,CELL::CCU|DEL|2026-09-21|Economy Saver|T15(12-18)::ROUND::2026-09-06T20:15,CCU,DEL,2026-09-21,Economy Saver,T15(12-18),ROUND::2026-09-06T20:15,SG,SG-988,19:30,5613.00,1,AirlineSite,AirlineSite=5613.00,5613.00,5613.00,0.00,0.000000,1,1,0,0,OBS02736
CELL::CCU|DEL|2026-09-21|Economy Standard|T15(12-18)::ROUND::2026-09-05T09:00::FLT::6E|6E-6120|14:00,CELL::CCU|DEL|2026-09-21|Economy Standard|T15(12-18)::ROUND::2026-09-05T09:00,CCU,DEL,2026-09-21,Economy Standard,T15(12-18),ROUND::2026-09-05T09:00,6E,6E-6120,14:00,7250.00,1,MMT,MMT=7250.00,7250.00,7250.00,0.00,0.000000,1,1,0,0,OBS00178
CELL::CCU|DEL|2026-09-21|Economy Standard|T15(12-18)::ROUND::2026-09-05T09:00::FLT::AI|AI-701|09:45,CELL::CCU|DEL|2026-09-21|Economy Standard|T15(12-18)::ROUND::2026-09-05T09:00,CCU,DEL,2026-09-21,Economy Standard,T15(12-18),ROUND::2026-09-05T09:00,AI,AI-701,09:45,7462.00,1,Cleartrip,Cleartrip=7462.00,7462.00,7462.00,0.00,0.000000,1,1,0,0,OBS00187
CELL::CCU|DEL|2026-09-21|Economy Standard|T15(12-18)::ROUND::2026-09-05T14:30::FLT::6E|6E-6120|14:00,CELL::CCU|DEL|2026-09-21|Economy Standard|T15(12-18)::ROUND::2026-09-05T14:30,CCU,DEL,2026-09-21,Economy Standard,T15(12-18),ROUND::2026-09-05T14:30,6E,6E-6120,14:00,7345.00,1,Cleartrip,Cleartrip=7345.00,7345.00,7345.00,0.00,0.000000,1,1,0,0,OBS00677
CELL::CCU|DEL|2026-09-21|Economy Standard|T15(12-18)::ROUND::2026-09-05T14:30::FLT::AI|AI-701|09:45,CELL::CCU|DEL|2026-09-21|Economy Standard|T15(12-18)::ROUND::2026-09-05T14:30,CCU,DEL,2026-09-21,Economy Standard,T15(12-18),ROUND::2026-09-05T14:30,AI,AI-701,09:45,7356.00,1,MMT,MMT=7356.00,7356.00,7356.00,0.00,0.000000,1,1,0,0,OBS00689
CELL::CCU|DEL|2026-09-21|Economy Standard|T15(12-18)::ROUND::2026-09-05T14:30::FLT::SG|SG-988|19:30,CELL::CCU|DEL|2026-09-21|Economy Standard|T15(12-18)::ROUND::2026-09-05T14:30,CCU,DEL,2026-09-21,Economy Standard,T15(12-18),ROUND::2026-09-05T14:30,SG,SG-988,19:30,7339.50,2,Cleartrip;EaseMyTrip,Cleartrip=7150.00;EaseMyTrip=7529.00,7150.00,7529.00,379.00,0.051638,2,2,0,0,OBS00698;OBS00699
CELL::CCU|DEL|2026-09-21|Economy Standard|T15(12-18)::ROUND::2026-09-05T20:15::FLT::AI|AI-701|09:45,CELL::CCU|DEL|2026-09-21|Economy Standard|T15(12-18)::ROUND::2026-09-05T20:15,CCU,DEL,2026-09-21,Economy Standard,T15(12-18),ROUND::2026-09-05T20:15,AI,AI-701,09:45,7461.00,1,Cleartrip,Cleartrip=7461.00,7461.00,7461.00,0.00,0.000000,1,1,0,0,OBS01200
CELL::CCU|DEL|2026-09-21|Economy Standard|T15(12-18)::ROUND::2026-09-05T20:15::FLT::SG|SG-988|19:30,CELL::CCU|DEL|2026-09-21|Economy Standard|T15(12-18)::ROUND::2026-09-05T20:15,CCU,DEL,2026-09-21,Economy Standard,T15(12-18),ROUND::2026-09-05T20:15,SG,SG-988,19:30,7127.00,1,MMT,MMT=7127.00,7127.00,7127.00,0.00,0.000000,1,1,0,0,OBS01210
CELL::CCU|DEL|2026-09-21|Economy Standard|T15(12-18)::ROUND::2026-09-06T09:00::FLT::6E|6E-6120|14:00,CELL::CCU|DEL|2026-09-21|Economy Standard|T15(12-18)::ROUND::2026-09-06T09:00,CCU,DEL,2026-09-21,Economy Standard,T15(12-18),ROUND::2026-09-06T09:00,6E,6E-6120,14:00,7142.00,1,MMT,MMT=7142.00,7142.00,7142.00,0.00,0.000000,1,1,0,0,OBS01707
CELL::CCU|DEL|2026-09-21|Economy Standard|T15(12-18)::ROUND::2026-09-06T09:00::FLT::AI|AI-701|09:45,CELL::CCU|DEL|2026-09-21|Economy Standard|T15(12-18)::ROUND::2026-09-06T09:00,CCU,DEL,2026-09-21,Economy Standard,T15(12-18),ROUND::2026-09-06T09:00,AI,AI-701,09:45,7593.00,1,Cleartrip,Cleartrip=7593.00,7593.00,7593.00,0.00,0.000000,1,1,0,0,OBS01718
CELL::CCU|DEL|2026-09-21|Economy Standard|T15(12-18)::ROUND::2026-09-06T09:00::FLT::SG|SG-988|19:30,CELL::CCU|DEL|2026-09-21|Economy Standard|T15(12-18)::ROUND::2026-09-06T09:00,CCU,DEL,2026-09-21,Economy Standard,T15(12-18),ROUND::2026-09-06T09:00,SG,SG-988,19:30,7117.00,1,AirlineSite,AirlineSite=7117.00,7117.00,7117.00,0.00,0.000000,1,1,0,0,OBS01730
CELL::CCU|DEL|2026-09-21|Economy Standard|T15(12-18)::ROUND::2026-09-06T14:30::FLT::6E|6E-6120|14:00,CELL::CCU|DEL|2026-09-21|Economy Standard|T15(12-18)::ROUND::2026-09-06T14:30,CCU,DEL,2026-09-21,Economy Standard,T15(12-18),ROUND::2026-09-06T14:30,6E,6E-6120,14:00,7060.00,1,Goibibo,Goibibo=7060.00,7060.00,7060.00,0.00,0.000000,1,1,0,0,OBS02212
CELL::CCU|DEL|2026-09-21|Economy Standard|T15(12-18)::ROUND::2026-09-06T20:15::FLT::6E|6E-6120|14:00,CELL::CCU|DEL|2026-09-21|Economy Standard|T15(12-18)::ROUND::2026-09-06T20:15,CCU,DEL,2026-09-21,Economy Standard,T15(12-18),ROUND::2026-09-06T20:15,6E,6E-6120,14:00,7480.50,2,AirlineSite;MMT,AirlineSite=7676.00;MMT=7285.00,7285.00,7676.00,391.00,0.052269,2,2,0,0,OBS02713;OBS02714
CELL::CCU|DEL|2026-10-06|Economy Flexi|T30(25-35)::ROUND::2026-09-05T09:00::FLT::SG|SG-988|19:30,CELL::CCU|DEL|2026-10-06|Economy Flexi|T30(25-35)::ROUND::2026-09-05T09:00,CCU,DEL,2026-10-06,Economy Flexi,T30(25-35),ROUND::2026-09-05T09:00,SG,SG-988,19:30,8256.50,2,AirlineSite;MMT,AirlineSite=8178.00;MMT=8335.00,8178.00,8335.00,157.00,0.019015,2,2,0,0,OBS00202;OBS00203
CELL::CCU|DEL|2026-10-06|Economy Flexi|T30(25-35)::ROUND::2026-09-05T14:30::FLT::6E|6E-6120|14:00,CELL::CCU|DEL|2026-10-06|Economy Flexi|T30(25-35)::ROUND::2026-09-05T14:30,CCU,DEL,2026-10-06,Economy Flexi,T30(25-35),ROUND::2026-09-05T14:30,6E,6E-6120,14:00,7777.00,2,Goibibo;MMT,Goibibo=7855.00;MMT=7699.00,7699.00,7855.00,156.00,0.020059,2,2,0,0,OBS00678;OBS00679
CELL::CCU|DEL|2026-10-06|Economy Flexi|T30(25-35)::ROUND::2026-09-05T14:30::FLT::AI|AI-701|09:45,CELL::CCU|DEL|2026-10-06|Economy Flexi|T30(25-35)::ROUND::2026-09-05T14:30,CCU,DEL,2026-10-06,Economy Flexi,T30(25-35),ROUND::2026-09-05T14:30,AI,AI-701,09:45,8093.50,2,EaseMyTrip;Goibibo,EaseMyTrip=8433.00;Goibibo=7754.00,7754.00,8433.00,679.00,0.083894,2,2,0,0,OBS00690;OBS00691
CELL::CCU|DEL|2026-10-06|Economy Flexi|T30(25-35)::ROUND::2026-09-05T20:15::FLT::AI|AI-701|09:45,CELL::CCU|DEL|2026-10-06|Economy Flexi|T30(25-35)::ROUND::2026-09-05T20:15,CCU,DEL,2026-10-06,Economy Flexi,T30(25-35),ROUND::2026-09-05T20:15,AI,AI-701,09:45,8141.50,2,AirlineSite;Cleartrip,AirlineSite=8270.00;Cleartrip=8013.00,8013.00,8270.00,257.00,0.031567,2,2,0,0,OBS01201;OBS01202
CELL::CCU|DEL|2026-10-06|Economy Flexi|T30(25-35)::ROUND::2026-09-05T20:15::FLT::SG|SG-988|19:30,CELL::CCU|DEL|2026-10-06|Economy Flexi|T30(25-35)::ROUND::2026-09-05T20:15,CCU,DEL,2026-10-06,Economy Flexi,T30(25-35),ROUND::2026-09-05T20:15,SG,SG-988,19:30,7907.50,2,AirlineSite;Cleartrip,AirlineSite=7787.00;Cleartrip=8028.00,7787.00,8028.00,241.00,0.030477,2,2,0,0,OBS01213;OBS01214
CELL::CCU|DEL|2026-10-06|Economy Flexi|T30(25-35)::ROUND::2026-09-06T09:00::FLT::6E|6E-6120|14:00,CELL::CCU|DEL|2026-10-06|Economy Flexi|T30(25-35)::ROUND::2026-09-06T09:00,CCU,DEL,2026-10-06,Economy Flexi,T30(25-35),ROUND::2026-09-06T09:00,6E,6E-6120,14:00,8104.50,2,Cleartrip;MMT,Cleartrip=8227.00;MMT=7982.00,7982.00,8227.00,245.00,0.030230,2,2,0,0,OBS01709;OBS01710
CELL::CCU|DEL|2026-10-06|Economy Flexi|T30(25-35)::ROUND::2026-09-06T09:00::FLT::SG|SG-988|19:30,CELL::CCU|DEL|2026-10-06|Economy Flexi|T30(25-35)::ROUND::2026-09-06T09:00,CCU,DEL,2026-10-06,Economy Flexi,T30(25-35),ROUND::2026-09-06T09:00,SG,SG-988,19:30,7780.00,1,Cleartrip,Cleartrip=7780.00,7780.00,7780.00,0.00,0.000000,1,1,0,0,OBS01731
CELL::CCU|DEL|2026-10-06|Economy Flexi|T30(25-35)::ROUND::2026-09-06T14:30::FLT::6E|6E-6120|14:00,CELL::CCU|DEL|2026-10-06|Economy Flexi|T30(25-35)::ROUND::2026-09-06T14:30,CCU,DEL,2026-10-06,Economy Flexi,T30(25-35),ROUND::2026-09-06T14:30,6E,6E-6120,14:00,8270.00,2,Cleartrip;Goibibo,Cleartrip=8143.00;Goibibo=8397.00,8143.00,8397.00,254.00,0.030713,2,2,0,0,OBS02214;OBS02215
CELL::CCU|DEL|2026-10-06|Economy Flexi|T30(25-35)::ROUND::2026-09-06T14:30::FLT::AI|AI-701|09:45,CELL::CCU|DEL|2026-10-06|Economy Flexi|T30(25-35)::ROUND::2026-09-06T14:30,CCU,DEL,2026-10-06,Economy Flexi,T30(25-35),ROUND::2026-09-06T14:30,AI,AI-701,09:45,7770.00,2,EaseMyTrip;MMT,EaseMyTrip=7863.00;MMT=7677.00,7677.00,7863.00,186.00,0.023938,2,2,0,0,OBS02228;OBS02229
CELL::CCU|DEL|2026-10-06|Economy Flexi|T30(25-35)::ROUND::2026-09-06T20:15::FLT::SG|SG-988|19:30,CELL::CCU|DEL|2026-10-06|Economy Flexi|T30(25-35)::ROUND::2026-09-06T20:15,CCU,DEL,2026-10-06,Economy Flexi,T30(25-35),ROUND::2026-09-06T20:15,SG,SG-988,19:30,7879.00,1,EaseMyTrip,EaseMyTrip=7879.00,7879.00,7879.00,0.00,0.000000,1,1,0,0,OBS02737
CELL::CCU|DEL|2026-10-06|Economy Saver|T30(25-35)::ROUND::2026-09-05T09:00::FLT::6E|6E-6120|14:00,CELL::CCU|DEL|2026-10-06|Economy Saver|T30(25-35)::ROUND::2026-09-05T09:00,CCU,DEL,2026-10-06,Economy Saver,T30(25-35),ROUND::2026-09-05T09:00,6E,6E-6120,14:00,5235.00,2,EaseMyTrip;Goibibo,EaseMyTrip=5103.00;Goibibo=5367.00,5103.00,5367.00,264.00,0.050430,2,2,0,0,OBS00179;OBS00180
CELL::CCU|DEL|2026-10-06|Economy Saver|T30(25-35)::ROUND::2026-09-05T09:00::FLT::AI|AI-701|09:45,CELL::CCU|DEL|2026-10-06|Economy Saver|T30(25-35)::ROUND::2026-09-05T09:00,CCU,DEL,2026-10-06,Economy Saver,T30(25-35),ROUND::2026-09-05T09:00,AI,AI-701,09:45,5056.00,2,Cleartrip;Goibibo,Cleartrip=5030.00;Goibibo=5082.00,5030.00,5082.00,52.00,0.010285,2,2,0,0,OBS00188;OBS00189
CELL::CCU|DEL|2026-10-06|Economy Saver|T30(25-35)::ROUND::2026-09-05T14:30::FLT::6E|6E-6120|14:00,CELL::CCU|DEL|2026-10-06|Economy Saver|T30(25-35)::ROUND::2026-09-05T14:30,CCU,DEL,2026-10-06,Economy Saver,T30(25-35),ROUND::2026-09-05T14:30,6E,6E-6120,14:00,5105.50,2,Cleartrip;EaseMyTrip,Cleartrip=4976.00;EaseMyTrip=5235.00,4976.00,5235.00,259.00,0.050730,2,2,0,0,OBS00680;OBS00681
CELL::CCU|DEL|2026-10-06|Economy Saver|T30(25-35)::ROUND::2026-09-05T14:30::FLT::SG|SG-988|19:30,CELL::CCU|DEL|2026-10-06|Economy Saver|T30(25-35)::ROUND::2026-09-05T14:30,CCU,DEL,2026-10-06,Economy Saver,T30(25-35),ROUND::2026-09-05T14:30,SG,SG-988,19:30,5239.00,1,MMT,MMT=5239.00,5239.00,5239.00,0.00,0.000000,1,1,0,0,OBS00700
CELL::CCU|DEL|2026-10-06|Economy Saver|T30(25-35)::ROUND::2026-09-05T20:15::FLT::6E|6E-6120|14:00,CELL::CCU|DEL|2026-10-06|Economy Saver|T30(25-35)::ROUND::2026-09-05T20:15,CCU,DEL,2026-10-06,Economy Saver,T30(25-35),ROUND::2026-09-05T20:15,6E,6E-6120,14:00,5187.50,2,AirlineSite;EaseMyTrip,AirlineSite=5090.00;EaseMyTrip=5285.00,5090.00,5285.00,195.00,0.037590,2,2,0,0,OBS01191;OBS01192
CELL::CCU|DEL|2026-10-06|Economy Saver|T30(25-35)::ROUND::2026-09-06T09:00::FLT::6E|6E-6120|14:00,CELL::CCU|DEL|2026-10-06|Economy Saver|T30(25-35)::ROUND::2026-09-06T09:00,CCU,DEL,2026-10-06,Economy Saver,T30(25-35),ROUND::2026-09-06T09:00,6E,6E-6120,14:00,5182.00,1,Goibibo,Goibibo=5182.00,5182.00,5182.00,0.00,0.000000,1,1,0,0,OBS01708
CELL::CCU|DEL|2026-10-06|Economy Saver|T30(25-35)::ROUND::2026-09-06T09:00::FLT::AI|AI-701|09:45,CELL::CCU|DEL|2026-10-06|Economy Saver|T30(25-35)::ROUND::2026-09-06T09:00,CCU,DEL,2026-10-06,Economy Saver,T30(25-35),ROUND::2026-09-06T09:00,AI,AI-701,09:45,5102.00,1,MMT,MMT=5102.00,5102.00,5102.00,0.00,0.000000,1,1,0,0,OBS01721
CELL::CCU|DEL|2026-10-06|Economy Saver|T30(25-35)::ROUND::2026-09-06T14:30::FLT::6E|6E-6120|14:00,CELL::CCU|DEL|2026-10-06|Economy Saver|T30(25-35)::ROUND::2026-09-06T14:30,CCU,DEL,2026-10-06,Economy Saver,T30(25-35),ROUND::2026-09-06T14:30,6E,6E-6120,14:00,4957.00,1,AirlineSite,AirlineSite=4957.00,4957.00,4957.00,0.00,0.000000,1,1,0,0,OBS02213
CELL::CCU|DEL|2026-10-06|Economy Saver|T30(25-35)::ROUND::2026-09-06T14:30::FLT::SG|SG-988|19:30,CELL::CCU|DEL|2026-10-06|Economy Saver|T30(25-35)::ROUND::2026-09-06T14:30,CCU,DEL,2026-10-06,Economy Saver,T30(25-35),ROUND::2026-09-06T14:30,SG,SG-988,19:30,5139.00,2,EaseMyTrip;MMT,EaseMyTrip=5216.00;MMT=5062.00,5062.00,5216.00,154.00,0.029967,2,2,0,0,OBS02238;OBS02239
CELL::CCU|DEL|2026-10-06|Economy Saver|T30(25-35)::ROUND::2026-09-06T20:15::FLT::AI|AI-701|09:45,CELL::CCU|DEL|2026-10-06|Economy Saver|T30(25-35)::ROUND::2026-09-06T20:15,CCU,DEL,2026-10-06,Economy Saver,T30(25-35),ROUND::2026-09-06T20:15,AI,AI-701,09:45,5192.00,2,Cleartrip;MMT,Cleartrip=5064.00;MMT=5320.00,5064.00,5320.00,256.00,0.049307,2,2,0,0,OBS02728;OBS02729
CELL::CCU|DEL|2026-10-06|Economy Standard|T30(25-35)::ROUND::2026-09-05T09:00::FLT::6E|6E-6120|14:00,CELL::CCU|DEL|2026-10-06|Economy Standard|T30(25-35)::ROUND::2026-09-05T09:00,CCU,DEL,2026-10-06,Economy Standard,T30(25-35),ROUND::2026-09-05T09:00,6E,6E-6120,14:00,6882.00,1,EaseMyTrip,EaseMyTrip=6882.00,6882.00,6882.00,0.00,0.000000,1,1,0,0,OBS00181
CELL::CCU|DEL|2026-10-06|Economy Standard|T30(25-35)::ROUND::2026-09-05T09:00::FLT::AI|AI-701|09:45,CELL::CCU|DEL|2026-10-06|Economy Standard|T30(25-35)::ROUND::2026-09-05T09:00,CCU,DEL,2026-10-06,Economy Standard,T30(25-35),ROUND::2026-09-05T09:00,AI,AI-701,09:45,6348.00,1,MMT,MMT=6348.00,6348.00,6348.00,0.00,0.000000,1,1,0,0,OBS00190
CELL::CCU|DEL|2026-10-06|Economy Standard|T30(25-35)::ROUND::2026-09-05T14:30::FLT::SG|SG-988|19:30,CELL::CCU|DEL|2026-10-06|Economy Standard|T30(25-35)::ROUND::2026-09-05T14:30,CCU,DEL,2026-10-06,Economy Standard,T30(25-35),ROUND::2026-09-05T14:30,SG,SG-988,19:30,6576.00,1,AirlineSite,AirlineSite=6576.00,6576.00,6576.00,0.00,0.000000,1,1,0,0,OBS00701
CELL::CCU|DEL|2026-10-06|Economy Standard|T30(25-35)::ROUND::2026-09-05T20:15::FLT::6E|6E-6120|14:00,CELL::CCU|DEL|2026-10-06|Economy Standard|T30(25-35)::ROUND::2026-09-05T20:15,CCU,DEL,2026-10-06,Economy Standard,T30(25-35),ROUND::2026-09-05T20:15,6E,6E-6120,14:00,6387.00,1,EaseMyTrip,EaseMyTrip=6387.00,6387.00,6387.00,0.00,0.000000,1,1,0,0,OBS01193
CELL::CCU|DEL|2026-10-06|Economy Standard|T30(25-35)::ROUND::2026-09-06T14:30::FLT::AI|AI-701|09:45,CELL::CCU|DEL|2026-10-06|Economy Standard|T30(25-35)::ROUND::2026-09-06T14:30,CCU,DEL,2026-10-06,Economy Standard,T30(25-35),ROUND::2026-09-06T14:30,AI,AI-701,09:45,6544.50,2,AirlineSite;EaseMyTrip,AirlineSite=6555.00;EaseMyTrip=6534.00,6534.00,6555.00,21.00,0.003209,2,2,0,0,OBS02226;OBS02227
CELL::CCU|DEL|2026-10-06|Economy Standard|T30(25-35)::ROUND::2026-09-06T14:30::FLT::SG|SG-988|19:30,CELL::CCU|DEL|2026-10-06|Economy Standard|T30(25-35)::ROUND::2026-09-06T14:30,CCU,DEL,2026-10-06,Economy Standard,T30(25-35),ROUND::2026-09-06T14:30,SG,SG-988,19:30,6462.00,1,Cleartrip,Cleartrip=6462.00,6462.00,6462.00,0.00,0.000000,1,1,0,0,OBS02240
CELL::CCU|DEL|2026-10-06|Economy Standard|T30(25-35)::ROUND::2026-09-06T20:15::FLT::6E|6E-6120|14:00,CELL::CCU|DEL|2026-10-06|Economy Standard|T30(25-35)::ROUND::2026-09-06T20:15,CCU,DEL,2026-10-06,Economy Standard,T30(25-35),ROUND::2026-09-06T20:15,6E,6E-6120,14:00,6358.50,2,EaseMyTrip;MMT,EaseMyTrip=6397.00;MMT=6320.00,6320.00,6397.00,77.00,0.012110,2,2,0,0,OBS02716;OBS02717
CELL::CCU|DEL|2026-10-06|Economy Standard|T30(25-35)::ROUND::2026-09-06T20:15::FLT::AI|AI-701|09:45,CELL::CCU|DEL|2026-10-06|Economy Standard|T30(25-35)::ROUND::2026-09-06T20:15,CCU,DEL,2026-10-06,Economy Standard,T30(25-35),ROUND::2026-09-06T20:15,AI,AI-701,09:45,6678.50,2,Cleartrip;EaseMyTrip,Cleartrip=6792.00;EaseMyTrip=6565.00,6565.00,6792.00,227.00,0.033990,2,2,0,0,OBS02726;OBS02727
CELL::CCU|DEL|2026-10-22|Economy Flexi|T45(40-50)::ROUND::2026-09-05T14:30::FLT::6E|6E-6120|14:00,CELL::CCU|DEL|2026-10-22|Economy Flexi|T45(40-50)::ROUND::2026-09-05T14:30,CCU,DEL,2026-10-22,Economy Flexi,T45(40-50),ROUND::2026-09-05T14:30,6E,6E-6120,14:00,7937.00,1,AirlineSite,AirlineSite=7937.00,7937.00,7937.00,0.00,0.000000,1,1,0,0,OBS00682
CELL::CCU|DEL|2026-10-22|Economy Flexi|T45(40-50)::ROUND::2026-09-05T14:30::FLT::AI|AI-701|09:45,CELL::CCU|DEL|2026-10-22|Economy Flexi|T45(40-50)::ROUND::2026-09-05T14:30,CCU,DEL,2026-10-22,Economy Flexi,T45(40-50),ROUND::2026-09-05T14:30,AI,AI-701,09:45,7915.50,2,EaseMyTrip;MMT,EaseMyTrip=7947.00;MMT=7884.00,7884.00,7947.00,63.00,0.007959,2,2,0,0,OBS00692;OBS00693
CELL::CCU|DEL|2026-10-22|Economy Flexi|T45(40-50)::ROUND::2026-09-05T14:30::FLT::SG|SG-988|19:30,CELL::CCU|DEL|2026-10-22|Economy Flexi|T45(40-50)::ROUND::2026-09-05T14:30,CCU,DEL,2026-10-22,Economy Flexi,T45(40-50),ROUND::2026-09-05T14:30,SG,SG-988,19:30,8118.50,2,Cleartrip;Goibibo,Cleartrip=8186.00;Goibibo=8051.00,8051.00,8186.00,135.00,0.016629,2,2,0,0,OBS00702;OBS00703
CELL::CCU|DEL|2026-10-22|Economy Flexi|T45(40-50)::ROUND::2026-09-05T20:15::FLT::6E|6E-6120|14:00,CELL::CCU|DEL|2026-10-22|Economy Flexi|T45(40-50)::ROUND::2026-09-05T20:15,CCU,DEL,2026-10-22,Economy Flexi,T45(40-50),ROUND::2026-09-05T20:15,6E,6E-6120,14:00,8171.00,1,MMT,MMT=8171.00,8171.00,8171.00,0.00,0.000000,1,1,0,0,OBS01195
CELL::CCU|DEL|2026-10-22|Economy Flexi|T45(40-50)::ROUND::2026-09-05T20:15::FLT::AI|AI-701|09:45,CELL::CCU|DEL|2026-10-22|Economy Flexi|T45(40-50)::ROUND::2026-09-05T20:15,CCU,DEL,2026-10-22,Economy Flexi,T45(40-50),ROUND::2026-09-05T20:15,AI,AI-701,09:45,8053.50,2,EaseMyTrip;Goibibo,EaseMyTrip=8172.00;Goibibo=7935.00,7935.00,8172.00,237.00,0.029428,2,2,0,0,OBS01203;OBS01204
CELL::CCU|DEL|2026-10-22|Economy Flexi|T45(40-50)::ROUND::2026-09-06T09:00::FLT::6E|6E-6120|14:00,CELL::CCU|DEL|2026-10-22|Economy Flexi|T45(40-50)::ROUND::2026-09-06T09:00,CCU,DEL,2026-10-22,Economy Flexi,T45(40-50),ROUND::2026-09-06T09:00,6E,6E-6120,14:00,8284.00,1,MMT,MMT=8284.00,8284.00,8284.00,0.00,0.000000,1,1,0,0,OBS01711
CELL::CCU|DEL|2026-10-22|Economy Flexi|T45(40-50)::ROUND::2026-09-06T09:00::FLT::SG|SG-988|19:30,CELL::CCU|DEL|2026-10-22|Economy Flexi|T45(40-50)::ROUND::2026-09-06T09:00,CCU,DEL,2026-10-22,Economy Flexi,T45(40-50),ROUND::2026-09-06T09:00,SG,SG-988,19:30,8056.50,2,AirlineSite;Cleartrip,AirlineSite=7846.00;Cleartrip=8267.00,7846.00,8267.00,421.00,0.052256,2,2,0,0,OBS01733;OBS01734
CELL::CCU|DEL|2026-10-22|Economy Flexi|T45(40-50)::ROUND::2026-09-06T14:30::FLT::SG|SG-988|19:30,CELL::CCU|DEL|2026-10-22|Economy Flexi|T45(40-50)::ROUND::2026-09-06T14:30,CCU,DEL,2026-10-22,Economy Flexi,T45(40-50),ROUND::2026-09-06T14:30,SG,SG-988,19:30,7990.50,2,AirlineSite;Goibibo,AirlineSite=8217.00;Goibibo=7764.00,7764.00,8217.00,453.00,0.056692,2,2,0,0,OBS02241;OBS02242
CELL::CCU|DEL|2026-10-22|Economy Flexi|T45(40-50)::ROUND::2026-09-06T20:15::FLT::6E|6E-6120|14:00,CELL::CCU|DEL|2026-10-22|Economy Flexi|T45(40-50)::ROUND::2026-09-06T20:15,CCU,DEL,2026-10-22,Economy Flexi,T45(40-50),ROUND::2026-09-06T20:15,6E,6E-6120,14:00,8185.00,1,AirlineSite,AirlineSite=8185.00,8185.00,8185.00,0.00,0.000000,1,1,0,0,OBS02718
CELL::CCU|DEL|2026-10-22|Economy Flexi|T45(40-50)::ROUND::2026-09-06T20:15::FLT::AI|AI-701|09:45,CELL::CCU|DEL|2026-10-22|Economy Flexi|T45(40-50)::ROUND::2026-09-06T20:15,CCU,DEL,2026-10-22,Economy Flexi,T45(40-50),ROUND::2026-09-06T20:15,AI,AI-701,09:45,7792.00,2,Cleartrip;EaseMyTrip,Cleartrip=7908.00;EaseMyTrip=7676.00,7676.00,7908.00,232.00,0.029774,2,2,0,0,OBS02730;OBS02731
CELL::CCU|DEL|2026-10-22|Economy Saver|T45(40-50)::ROUND::2026-09-05T09:00::FLT::SG|SG-988|19:30,CELL::CCU|DEL|2026-10-22|Economy Saver|T45(40-50)::ROUND::2026-09-05T09:00,CCU,DEL,2026-10-22,Economy Saver,T45(40-50),ROUND::2026-09-05T09:00,SG,SG-988,19:30,5355.50,2,Cleartrip;EaseMyTrip,Cleartrip=5391.00;EaseMyTrip=5320.00,5320.00,5391.00,71.00,0.013257,2,2,0,0,OBS00204;OBS00205
CELL::CCU|DEL|2026-10-22|Economy Saver|T45(40-50)::ROUND::2026-09-05T20:15::FLT::SG|SG-988|19:30,CELL::CCU|DEL|2026-10-22|Economy Saver|T45(40-50)::ROUND::2026-09-05T20:15,CCU,DEL,2026-10-22,Economy Saver,T45(40-50),ROUND::2026-09-05T20:15,SG,SG-988,19:30,5365.00,2,AirlineSite;EaseMyTrip,AirlineSite=5324.00;EaseMyTrip=5406.00,5324.00,5406.00,82.00,0.015284,2,2,0,0,OBS01216;OBS01217
CELL::CCU|DEL|2026-10-22|Economy Saver|T45(40-50)::ROUND::2026-09-06T09:00::FLT::6E|6E-6120|14:00,CELL::CCU|DEL|2026-10-22|Economy Saver|T45(40-50)::ROUND::2026-09-06T09:00,CCU,DEL,2026-10-22,Economy Saver,T45(40-50),ROUND::2026-09-06T09:00,6E,6E-6120,14:00,5172.00,1,MMT,MMT=5172.00,5172.00,5172.00,0.00,0.000000,1,1,0,0,OBS01712
CELL::CCU|DEL|2026-10-22|Economy Saver|T45(40-50)::ROUND::2026-09-06T09:00::FLT::AI|AI-701|09:45,CELL::CCU|DEL|2026-10-22|Economy Saver|T45(40-50)::ROUND::2026-09-06T09:00,CCU,DEL,2026-10-22,Economy Saver,T45(40-50),ROUND::2026-09-06T09:00,AI,AI-701,09:45,5177.50,2,Goibibo;MMT,Goibibo=5371.00;MMT=4984.00,4984.00,5371.00,387.00,0.074746,2,2,0,0,OBS01722;OBS01723
CELL::CCU|DEL|2026-10-22|Economy Saver|T45(40-50)::ROUND::2026-09-06T14:30::FLT::6E|6E-6120|14:00,CELL::CCU|DEL|2026-10-22|Economy Saver|T45(40-50)::ROUND::2026-09-06T14:30,CCU,DEL,2026-10-22,Economy Saver,T45(40-50),ROUND::2026-09-06T14:30,6E,6E-6120,14:00,5363.00,1,MMT,MMT=5363.00,5363.00,5363.00,0.00,0.000000,1,1,0,0,OBS02218
CELL::CCU|DEL|2026-10-22|Economy Saver|T45(40-50)::ROUND::2026-09-06T14:30::FLT::SG|SG-988|19:30,CELL::CCU|DEL|2026-10-22|Economy Saver|T45(40-50)::ROUND::2026-09-06T14:30,CCU,DEL,2026-10-22,Economy Saver,T45(40-50),ROUND::2026-09-06T14:30,SG,SG-988,19:30,5282.00,2,Cleartrip;Goibibo,Cleartrip=5414.00;Goibibo=5150.00,5150.00,5414.00,264.00,0.049981,2,2,0,0,OBS02243;OBS02244
CELL::CCU|DEL|2026-10-22|Economy Standard|T45(40-50)::ROUND::2026-09-05T09:00::FLT::6E|6E-6120|14:00,CELL::CCU|DEL|2026-10-22|Economy Standard|T45(40-50)::ROUND::2026-09-05T09:00,CCU,DEL,2026-10-22,Economy Standard,T45(40-50),ROUND::2026-09-05T09:00,6E,6E-6120,14:00,6798.00,1,EaseMyTrip,EaseMyTrip=6798.00,6798.00,6798.00,0.00,0.000000,1,1,0,0,OBS00182
CELL::CCU|DEL|2026-10-22|Economy Standard|T45(40-50)::ROUND::2026-09-05T09:00::FLT::AI|AI-701|09:45,CELL::CCU|DEL|2026-10-22|Economy Standard|T45(40-50)::ROUND::2026-09-05T09:00,CCU,DEL,2026-10-22,Economy Standard,T45(40-50),ROUND::2026-09-05T09:00,AI,AI-701,09:45,6561.00,1,MMT,MMT=6561.00,6561.00,6561.00,0.00,0.000000,1,1,0,0,OBS00191
CELL::CCU|DEL|2026-10-22|Economy Standard|T45(40-50)::ROUND::2026-09-05T14:30::FLT::6E|6E-6120|14:00,CELL::CCU|DEL|2026-10-22|Economy Standard|T45(40-50)::ROUND::2026-09-05T14:30,CCU,DEL,2026-10-22,Economy Standard,T45(40-50),ROUND::2026-09-05T14:30,6E,6E-6120,14:00,6842.00,1,Cleartrip,Cleartrip=6842.00,6842.00,6842.00,0.00,0.000000,1,1,0,0,OBS00683
CELL::CCU|DEL|2026-10-22|Economy Standard|T45(40-50)::ROUND::2026-09-05T14:30::FLT::AI|AI-701|09:45,CELL::CCU|DEL|2026-10-22|Economy Standard|T45(40-50)::ROUND::2026-09-05T14:30,CCU,DEL,2026-10-22,Economy Standard,T45(40-50),ROUND::2026-09-05T14:30,AI,AI-701,09:45,6902.00,1,AirlineSite,AirlineSite=6902.00,6902.00,6902.00,0.00,0.000000,1,1,0,0,OBS00694
CELL::CCU|DEL|2026-10-22|Economy Standard|T45(40-50)::ROUND::2026-09-05T14:30::FLT::SG|SG-988|19:30,CELL::CCU|DEL|2026-10-22|Economy Standard|T45(40-50)::ROUND::2026-09-05T14:30,CCU,DEL,2026-10-22,Economy Standard,T45(40-50),ROUND::2026-09-05T14:30,SG,SG-988,19:30,6574.00,1,Cleartrip,Cleartrip=6574.00,6574.00,6574.00,0.00,0.000000,1,1,0,0,OBS00704
CELL::CCU|DEL|2026-10-22|Economy Standard|T45(40-50)::ROUND::2026-09-05T20:15::FLT::6E|6E-6120|14:00,CELL::CCU|DEL|2026-10-22|Economy Standard|T45(40-50)::ROUND::2026-09-05T20:15,CCU,DEL,2026-10-22,Economy Standard,T45(40-50),ROUND::2026-09-05T20:15,6E,6E-6120,14:00,6376.00,1,AirlineSite,AirlineSite=6376.00,6376.00,6376.00,0.00,0.000000,1,1,0,0,OBS01194
CELL::CCU|DEL|2026-10-22|Economy Standard|T45(40-50)::ROUND::2026-09-05T20:15::FLT::AI|AI-701|09:45,CELL::CCU|DEL|2026-10-22|Economy Standard|T45(40-50)::ROUND::2026-09-05T20:15,CCU,DEL,2026-10-22,Economy Standard,T45(40-50),ROUND::2026-09-05T20:15,AI,AI-701,09:45,6621.00,1,MMT,MMT=6621.00,6621.00,6621.00,0.00,0.000000,1,1,0,0,OBS01205
CELL::CCU|DEL|2026-10-22|Economy Standard|T45(40-50)::ROUND::2026-09-05T20:15::FLT::SG|SG-988|19:30,CELL::CCU|DEL|2026-10-22|Economy Standard|T45(40-50)::ROUND::2026-09-05T20:15,CCU,DEL,2026-10-22,Economy Standard,T45(40-50),ROUND::2026-09-05T20:15,SG,SG-988,19:30,6518.00,1,MMT,MMT=6518.00,6518.00,6518.00,0.00,0.000000,1,1,0,0,OBS01215
CELL::CCU|DEL|2026-10-22|Economy Standard|T45(40-50)::ROUND::2026-09-06T09:00::FLT::AI|AI-701|09:45,CELL::CCU|DEL|2026-10-22|Economy Standard|T45(40-50)::ROUND::2026-09-06T09:00,CCU,DEL,2026-10-22,Economy Standard,T45(40-50),ROUND::2026-09-06T09:00,AI,AI-701,09:45,6505.00,1,AirlineSite,AirlineSite=6505.00,6505.00,6505.00,0.00,0.000000,1,1,0,0,OBS01724
CELL::CCU|DEL|2026-10-22|Economy Standard|T45(40-50)::ROUND::2026-09-06T09:00::FLT::SG|SG-988|19:30,CELL::CCU|DEL|2026-10-22|Economy Standard|T45(40-50)::ROUND::2026-09-06T09:00,CCU,DEL,2026-10-22,Economy Standard,T45(40-50),ROUND::2026-09-06T09:00,SG,SG-988,19:30,6953.00,1,EaseMyTrip,EaseMyTrip=6953.00,6953.00,6953.00,0.00,0.000000,1,1,0,0,OBS01732
CELL::CCU|DEL|2026-10-22|Economy Standard|T45(40-50)::ROUND::2026-09-06T14:30::FLT::6E|6E-6120|14:00,CELL::CCU|DEL|2026-10-22|Economy Standard|T45(40-50)::ROUND::2026-09-06T14:30,CCU,DEL,2026-10-22,Economy Standard,T45(40-50),ROUND::2026-09-06T14:30,6E,6E-6120,14:00,6730.50,2,Cleartrip;EaseMyTrip,Cleartrip=6885.00;EaseMyTrip=6576.00,6576.00,6885.00,309.00,0.045910,2,2,0,0,OBS02216;OBS02217
CELL::CCU|DEL|2026-10-22|Economy Standard|T45(40-50)::ROUND::2026-09-06T14:30::FLT::AI|AI-701|09:45,CELL::CCU|DEL|2026-10-22|Economy Standard|T45(40-50)::ROUND::2026-09-06T14:30,CCU,DEL,2026-10-22,Economy Standard,T45(40-50),ROUND::2026-09-06T14:30,AI,AI-701,09:45,6498.00,1,MMT,MMT=6498.00,6498.00,6498.00,0.00,0.000000,1,1,0,0,OBS02230
CELL::CCU|DEL|2026-10-22|Economy Standard|T45(40-50)::ROUND::2026-09-06T20:15::FLT::SG|SG-988|19:30,CELL::CCU|DEL|2026-10-22|Economy Standard|T45(40-50)::ROUND::2026-09-06T20:15,CCU,DEL,2026-10-22,Economy Standard,T45(40-50),ROUND::2026-09-06T20:15,SG,SG-988,19:30,6750.00,1,AirlineSite,AirlineSite=6750.00,6750.00,6750.00,0.00,0.000000,1,1,0,0,OBS02738
CELL::DEL|GAU|2026-09-07|Economy Flexi|T1(0-2)::ROUND::2026-09-05T09:00::FLT::6E|6E-415|05:30,CELL::DEL|GAU|2026-09-07|Economy Flexi|T1(0-2)::ROUND::2026-09-05T09:00,DEL,GAU,2026-09-07,Economy Flexi,T1(0-2),ROUND::2026-09-05T09:00,6E,6E-415,05:30,11487.00,1,AirlineSite,AirlineSite=11487.00,11487.00,11487.00,0.00,0.000000,1,1,0,0,OBS00419
CELL::DEL|GAU|2026-09-07|Economy Flexi|T1(0-2)::ROUND::2026-09-05T09:00::FLT::AI|AI-791|13:00,CELL::DEL|GAU|2026-09-07|Economy Flexi|T1(0-2)::ROUND::2026-09-05T09:00,DEL,GAU,2026-09-07,Economy Flexi,T1(0-2),ROUND::2026-09-05T09:00,AI,AI-791,13:00,11420.00,1,AirlineSite,AirlineSite=11420.00,11420.00,11420.00,0.00,0.000000,1,1,0,0,OBS00432
CELL::DEL|GAU|2026-09-07|Economy Flexi|T1(0-2)::ROUND::2026-09-05T14:30::FLT::AI|AI-791|13:00,CELL::DEL|GAU|2026-09-07|Economy Flexi|T1(0-2)::ROUND::2026-09-05T14:30,DEL,GAU,2026-09-07,Economy Flexi,T1(0-2),ROUND::2026-09-05T14:30,AI,AI-791,13:00,11866.00,1,AirlineSite,AirlineSite=11866.00,11866.00,11866.00,0.00,0.000000,1,1,0,0,OBS00913
CELL::DEL|GAU|2026-09-07|Economy Flexi|T1(0-2)::ROUND::2026-09-05T20:15::FLT::AI|AI-791|13:00,CELL::DEL|GAU|2026-09-07|Economy Flexi|T1(0-2)::ROUND::2026-09-05T20:15,DEL,GAU,2026-09-07,Economy Flexi,T1(0-2),ROUND::2026-09-05T20:15,AI,AI-791,13:00,11551.50,2,AirlineSite;Goibibo,AirlineSite=11655.00;Goibibo=11448.00,11448.00,11655.00,207.00,0.017920,2,2,0,0,OBS01433;OBS01434
CELL::DEL|GAU|2026-09-07|Economy Flexi|T1(0-2)::ROUND::2026-09-06T14:30::FLT::6E|6E-415|05:30,CELL::DEL|GAU|2026-09-07|Economy Flexi|T1(0-2)::ROUND::2026-09-06T14:30,DEL,GAU,2026-09-07,Economy Flexi,T1(0-2),ROUND::2026-09-06T14:30,6E,6E-415,05:30,12202.00,1,MMT,MMT=12202.00,12202.00,12202.00,0.00,0.000000,1,1,0,0,OBS02438
CELL::DEL|GAU|2026-09-07|Economy Flexi|T1(0-2)::ROUND::2026-09-06T20:15::FLT::6E|6E-415|05:30,CELL::DEL|GAU|2026-09-07|Economy Flexi|T1(0-2)::ROUND::2026-09-06T20:15,DEL,GAU,2026-09-07,Economy Flexi,T1(0-2),ROUND::2026-09-06T20:15,6E,6E-415,05:30,11907.00,2,AirlineSite;Goibibo,AirlineSite=11567.00;Goibibo=12247.00,11567.00,12247.00,680.00,0.057109,2,2,0,0,OBS02959;OBS02960
CELL::DEL|GAU|2026-09-07|Economy Saver|T1(0-2)::ROUND::2026-09-05T09:00::FLT::6E|6E-415|05:30,CELL::DEL|GAU|2026-09-07|Economy Saver|T1(0-2)::ROUND::2026-09-05T09:00,DEL,GAU,2026-09-07,Economy Saver,T1(0-2),ROUND::2026-09-05T09:00,6E,6E-415,05:30,7414.00,2,Cleartrip;EaseMyTrip,Cleartrip=7283.00;EaseMyTrip=7545.00,7283.00,7545.00,262.00,0.035339,2,2,0,0,OBS00420;OBS00421
CELL::DEL|GAU|2026-09-07|Economy Saver|T1(0-2)::ROUND::2026-09-05T09:00::FLT::SG|SG-601|12:15,CELL::DEL|GAU|2026-09-07|Economy Saver|T1(0-2)::ROUND::2026-09-05T09:00,DEL,GAU,2026-09-07,Economy Saver,T1(0-2),ROUND::2026-09-05T09:00,SG,SG-601,12:15,7428.00,1,Goibibo,Goibibo=7428.00,7428.00,7428.00,0.00,0.000000,1,1,0,0,OBS00442
CELL::DEL|GAU|2026-09-07|Economy Saver|T1(0-2)::ROUND::2026-09-05T14:30::FLT::SG|SG-601|12:15,CELL::DEL|GAU|2026-09-07|Economy Saver|T1(0-2)::ROUND::2026-09-05T14:30,DEL,GAU,2026-09-07,Economy Saver,T1(0-2),ROUND::2026-09-05T14:30,SG,SG-601,12:15,7540.00,2,Cleartrip;Goibibo,Cleartrip=7520.00;Goibibo=7560.00,7520.00,7560.00,40.00,0.005305,2,2,0,0,OBS00924;OBS00925
CELL::DEL|GAU|2026-09-07|Economy Saver|T1(0-2)::ROUND::2026-09-05T20:15::FLT::6E|6E-415|05:30,CELL::DEL|GAU|2026-09-07|Economy Saver|T1(0-2)::ROUND::2026-09-05T20:15,DEL,GAU,2026-09-07,Economy Saver,T1(0-2),ROUND::2026-09-05T20:15,6E,6E-415,05:30,7711.00,1,AirlineSite,AirlineSite=7711.00,7711.00,7711.00,0.00,0.000000,1,1,0,0,OBS01419
CELL::DEL|GAU|2026-09-07|Economy Saver|T1(0-2)::ROUND::2026-09-05T20:15::FLT::SG|SG-601|12:15,CELL::DEL|GAU|2026-09-07|Economy Saver|T1(0-2)::ROUND::2026-09-05T20:15,DEL,GAU,2026-09-07,Economy Saver,T1(0-2),ROUND::2026-09-05T20:15,SG,SG-601,12:15,7437.00,1,EaseMyTrip,EaseMyTrip=7437.00,7437.00,7437.00,0.00,0.000000,1,1,0,0,OBS01446
CELL::DEL|GAU|2026-09-07|Economy Saver|T1(0-2)::ROUND::2026-09-06T09:00::FLT::AI|AI-791|13:00,CELL::DEL|GAU|2026-09-07|Economy Saver|T1(0-2)::ROUND::2026-09-06T09:00,DEL,GAU,2026-09-07,Economy Saver,T1(0-2),ROUND::2026-09-06T09:00,AI,AI-791,13:00,7404.50,2,AirlineSite;Goibibo,AirlineSite=7324.00;Goibibo=7485.00,7324.00,7485.00,161.00,0.021744,2,2,0,0,OBS01960;OBS01961
CELL::DEL|GAU|2026-09-07|Economy Saver|T1(0-2)::ROUND::2026-09-06T09:00::FLT::SG|SG-601|12:15,CELL::DEL|GAU|2026-09-07|Economy Saver|T1(0-2)::ROUND::2026-09-06T09:00,DEL,GAU,2026-09-07,Economy Saver,T1(0-2),ROUND::2026-09-06T09:00,SG,SG-601,12:15,7440.00,2,EaseMyTrip;Goibibo,EaseMyTrip=7638.00;Goibibo=7242.00,7242.00,7638.00,396.00,0.053226,2,2,0,0,OBS01968;OBS01969
CELL::DEL|GAU|2026-09-07|Economy Saver|T1(0-2)::ROUND::2026-09-06T14:30::FLT::AI|AI-791|13:00,CELL::DEL|GAU|2026-09-07|Economy Saver|T1(0-2)::ROUND::2026-09-06T14:30,DEL,GAU,2026-09-07,Economy Saver,T1(0-2),ROUND::2026-09-06T14:30,AI,AI-791,13:00,7594.00,2,AirlineSite;EaseMyTrip,AirlineSite=7845.00;EaseMyTrip=7343.00,7343.00,7845.00,502.00,0.066105,2,2,0,0,OBS02447;OBS02448
CELL::DEL|GAU|2026-09-07|Economy Saver|T1(0-2)::ROUND::2026-09-06T14:30::FLT::SG|SG-601|12:15,CELL::DEL|GAU|2026-09-07|Economy Saver|T1(0-2)::ROUND::2026-09-06T14:30,DEL,GAU,2026-09-07,Economy Saver,T1(0-2),ROUND::2026-09-06T14:30,SG,SG-601,12:15,7608.00,2,EaseMyTrip;MMT,EaseMyTrip=7370.00;MMT=7846.00,7370.00,7846.00,476.00,0.062566,2,2,0,0,OBS02459;OBS02460
CELL::DEL|GAU|2026-09-07|Economy Saver|T1(0-2)::ROUND::2026-09-06T20:15::FLT::6E|6E-415|05:30,CELL::DEL|GAU|2026-09-07|Economy Saver|T1(0-2)::ROUND::2026-09-06T20:15,DEL,GAU,2026-09-07,Economy Saver,T1(0-2),ROUND::2026-09-06T20:15,6E,6E-415,05:30,7574.50,2,Cleartrip;Goibibo,Cleartrip=7828.00;Goibibo=7321.00,7321.00,7828.00,507.00,0.066935,2,2,0,0,OBS02957;OBS02958
CELL::DEL|GAU|2026-09-07|Economy Saver|T1(0-2)::ROUND::2026-09-06T20:15::FLT::AI|AI-791|13:00,CELL::DEL|GAU|2026-09-07|Economy Saver|T1(0-2)::ROUND::2026-09-06T20:15,DEL,GAU,2026-09-07,Economy Saver,T1(0-2),ROUND::2026-09-06T20:15,AI,AI-791,13:00,7491.50,2,Cleartrip;EaseMyTrip,Cleartrip=7736.00;EaseMyTrip=7247.00,7247.00,7736.00,489.00,0.065274,2,2,0,0,OBS02969;OBS02970
CELL::DEL|GAU|2026-09-07|Economy Standard|T1(0-2)::ROUND::2026-09-05T14:30::FLT::6E|6E-415|05:30,CELL::DEL|GAU|2026-09-07|Economy Standard|T1(0-2)::ROUND::2026-09-05T14:30,DEL,GAU,2026-09-07,Economy Standard,T1(0-2),ROUND::2026-09-05T14:30,6E,6E-415,05:30,9430.00,1,Cleartrip,Cleartrip=9430.00,9430.00,9430.00,0.00,0.000000,1,1,0,0,OBS00905
CELL::DEL|GAU|2026-09-07|Economy Standard|T1(0-2)::ROUND::2026-09-05T14:30::FLT::AI|AI-791|13:00,CELL::DEL|GAU|2026-09-07|Economy Standard|T1(0-2)::ROUND::2026-09-05T14:30,DEL,GAU,2026-09-07,Economy Standard,T1(0-2),ROUND::2026-09-05T14:30,AI,AI-791,13:00,9248.00,1,AirlineSite,AirlineSite=9248.00,9248.00,9248.00,0.00,0.000000,1,1,0,0,OBS00914
CELL::DEL|GAU|2026-09-07|Economy Standard|T1(0-2)::ROUND::2026-09-05T20:15::FLT::6E|6E-415|05:30,CELL::DEL|GAU|2026-09-07|Economy Standard|T1(0-2)::ROUND::2026-09-05T20:15,DEL,GAU,2026-09-07,Economy Standard,T1(0-2),ROUND::2026-09-05T20:15,6E,6E-415,05:30,9461.50,2,EaseMyTrip;Goibibo,EaseMyTrip=9387.00;Goibibo=9536.00,9387.00,9536.00,149.00,0.015748,2,2,0,0,OBS01417;OBS01418
CELL::DEL|GAU|2026-09-07|Economy Standard|T1(0-2)::ROUND::2026-09-05T20:15::FLT::AI|AI-791|13:00,CELL::DEL|GAU|2026-09-07|Economy Standard|T1(0-2)::ROUND::2026-09-05T20:15,DEL,GAU,2026-09-07,Economy Standard,T1(0-2),ROUND::2026-09-05T20:15,AI,AI-791,13:00,9672.50,2,AirlineSite;EaseMyTrip,AirlineSite=9628.00;EaseMyTrip=9717.00,9628.00,9717.00,89.00,0.009201,2,2,0,0,OBS01435;OBS01436
CELL::DEL|GAU|2026-09-07|Economy Standard|T1(0-2)::ROUND::2026-09-06T09:00::FLT::6E|6E-415|05:30,CELL::DEL|GAU|2026-09-07|Economy Standard|T1(0-2)::ROUND::2026-09-06T09:00,DEL,GAU,2026-09-07,Economy Standard,T1(0-2),ROUND::2026-09-06T09:00,6E,6E-415,05:30,9581.50,2,Cleartrip;EaseMyTrip,Cleartrip=9486.00;EaseMyTrip=9677.00,9486.00,9677.00,191.00,0.019934,2,2,0,0,OBS01950;OBS01951
CELL::DEL|GAU|2026-09-07|Economy Standard|T1(0-2)::ROUND::2026-09-06T20:15::FLT::AI|AI-791|13:00,CELL::DEL|GAU|2026-09-07|Economy Standard|T1(0-2)::ROUND::2026-09-06T20:15,DEL,GAU,2026-09-07,Economy Standard,T1(0-2),ROUND::2026-09-06T20:15,AI,AI-791,13:00,9920.00,1,Cleartrip,Cleartrip=9920.00,9920.00,9920.00,0.00,0.000000,1,1,0,0,OBS02971
CELL::DEL|GAU|2026-09-13|Economy Flexi|T7(5-9)::ROUND::2026-09-05T09:00::FLT::SG|SG-601|12:15,CELL::DEL|GAU|2026-09-13|Economy Flexi|T7(5-9)::ROUND::2026-09-05T09:00,DEL,GAU,2026-09-13,Economy Flexi,T7(5-9),ROUND::2026-09-05T09:00,SG,SG-601,12:15,10363.00,1,Goibibo,Goibibo=10363.00,10363.00,10363.00,0.00,0.000000,1,1,0,0,OBS00443
CELL::DEL|GAU|2026-09-13|Economy Flexi|T7(5-9)::ROUND::2026-09-05T14:30::FLT::AI|AI-791|13:00,CELL::DEL|GAU|2026-09-13|Economy Flexi|T7(5-9)::ROUND::2026-09-05T14:30,DEL,GAU,2026-09-13,Economy Flexi,T7(5-9),ROUND::2026-09-05T14:30,AI,AI-791,13:00,10796.00,1,Goibibo,Goibibo=10796.00,10796.00,10796.00,0.00,0.000000,1,1,0,0,OBS00915
CELL::DEL|GAU|2026-09-13|Economy Flexi|T7(5-9)::ROUND::2026-09-05T14:30::FLT::SG|SG-601|12:15,CELL::DEL|GAU|2026-09-13|Economy Flexi|T7(5-9)::ROUND::2026-09-05T14:30,DEL,GAU,2026-09-13,Economy Flexi,T7(5-9),ROUND::2026-09-05T14:30,SG,SG-601,12:15,10476.00,1,AirlineSite,AirlineSite=10476.00,10476.00,10476.00,0.00,0.000000,1,1,0,0,OBS00926
CELL::DEL|GAU|2026-09-13|Economy Flexi|T7(5-9)::ROUND::2026-09-05T20:15::FLT::6E|6E-415|05:30,CELL::DEL|GAU|2026-09-13|Economy Flexi|T7(5-9)::ROUND::2026-09-05T20:15,DEL,GAU,2026-09-13,Economy Flexi,T7(5-9),ROUND::2026-09-05T20:15,6E,6E-415,05:30,10305.00,1,Goibibo,Goibibo=10305.00,10305.00,10305.00,0.00,0.000000,1,1,0,0,OBS01422
CELL::DEL|GAU|2026-09-13|Economy Flexi|T7(5-9)::ROUND::2026-09-05T20:15::FLT::AI|AI-791|13:00,CELL::DEL|GAU|2026-09-13|Economy Flexi|T7(5-9)::ROUND::2026-09-05T20:15,DEL,GAU,2026-09-13,Economy Flexi,T7(5-9),ROUND::2026-09-05T20:15,AI,AI-791,13:00,10463.00,1,Goibibo,Goibibo=10463.00,10463.00,10463.00,0.00,0.000000,1,1,0,0,OBS01438
CELL::DEL|GAU|2026-09-13|Economy Flexi|T7(5-9)::ROUND::2026-09-05T20:15::FLT::SG|SG-601|12:15,CELL::DEL|GAU|2026-09-13|Economy Flexi|T7(5-9)::ROUND::2026-09-05T20:15,DEL,GAU,2026-09-13,Economy Flexi,T7(5-9),ROUND::2026-09-05T20:15,SG,SG-601,12:15,10103.00,1,EaseMyTrip,EaseMyTrip=10103.00,10103.00,10103.00,0.00,0.000000,1,1,0,0,OBS01447
CELL::DEL|GAU|2026-09-13|Economy Flexi|T7(5-9)::ROUND::2026-09-06T09:00::FLT::AI|AI-791|13:00,CELL::DEL|GAU|2026-09-13|Economy Flexi|T7(5-9)::ROUND::2026-09-06T09:00,DEL,GAU,2026-09-13,Economy Flexi,T7(5-9),ROUND::2026-09-06T09:00,AI,AI-791,13:00,10520.50,2,Goibibo;MMT,Goibibo=10830.00;MMT=10211.00,10211.00,10830.00,619.00,0.058838,2,2,0,0,OBS01963;OBS01964
CELL::DEL|GAU|2026-09-13|Economy Flexi|T7(5-9)::ROUND::2026-09-06T14:30::FLT::SG|SG-601|12:15,CELL::DEL|GAU|2026-09-13|Economy Flexi|T7(5-9)::ROUND::2026-09-06T14:30,DEL,GAU,2026-09-13,Economy Flexi,T7(5-9),ROUND::2026-09-06T14:30,SG,SG-601,12:15,10183.00,1,EaseMyTrip,EaseMyTrip=10183.00,10183.00,10183.00,0.00,0.000000,1,1,0,0,OBS02463
CELL::DEL|GAU|2026-09-13|Economy Flexi|T7(5-9)::ROUND::2026-09-06T20:15::FLT::6E|6E-415|05:30,CELL::DEL|GAU|2026-09-13|Economy Flexi|T7(5-9)::ROUND::2026-09-06T20:15,DEL,GAU,2026-09-13,Economy Flexi,T7(5-9),ROUND::2026-09-06T20:15,6E,6E-415,05:30,10348.00,1,EaseMyTrip,EaseMyTrip=10348.00,10348.00,10348.00,0.00,0.000000,1,1,0,0,OBS02961
CELL::DEL|GAU|2026-09-13|Economy Flexi|T7(5-9)::ROUND::2026-09-06T20:15::FLT::6E|6E-415|12:00,CELL::DEL|GAU|2026-09-13|Economy Flexi|T7(5-9)::ROUND::2026-09-06T20:15,DEL,GAU,2026-09-13,Economy Flexi,T7(5-9),ROUND::2026-09-06T20:15,6E,6E-415,12:00,10886.00,1,Cleartrip,Cleartrip=10886.00,10886.00,10886.00,0.00,0.000000,1,1,0,0,OBS02998
CELL::DEL|GAU|2026-09-13|Economy Flexi|T7(5-9)::ROUND::2026-09-06T20:15::FLT::AI|AI-791|13:00,CELL::DEL|GAU|2026-09-13|Economy Flexi|T7(5-9)::ROUND::2026-09-06T20:15,DEL,GAU,2026-09-13,Economy Flexi,T7(5-9),ROUND::2026-09-06T20:15,AI,AI-791,13:00,10710.50,2,EaseMyTrip;MMT,EaseMyTrip=10865.00;MMT=10556.00,10556.00,10865.00,309.00,0.028850,2,2,0,0,OBS02973;OBS02974
CELL::DEL|GAU|2026-09-13|Economy Saver|T7(5-9)::ROUND::2026-09-05T09:00::FLT::6E|6E-415|05:30,CELL::DEL|GAU|2026-09-13|Economy Saver|T7(5-9)::ROUND::2026-09-05T09:00,DEL,GAU,2026-09-13,Economy Saver,T7(5-9),ROUND::2026-09-05T09:00,6E,6E-415,05:30,6746.50,2,Goibibo;MMT,Goibibo=6626.00;MMT=6867.00,6626.00,6867.00,241.00,0.035722,2,2,0,0,OBS00422;OBS00423
CELL::DEL|GAU|2026-09-13|Economy Saver|T7(5-9)::ROUND::2026-09-05T09:00::FLT::AI|AI-791|13:00,CELL::DEL|GAU|2026-09-13|Economy Saver|T7(5-9)::ROUND::2026-09-05T09:00,DEL,GAU,2026-09-13,Economy Saver,T7(5-9),ROUND::2026-09-05T09:00,AI,AI-791,13:00,6714.00,2,AirlineSite;Cleartrip,AirlineSite=6569.00;Cleartrip=6859.00,6569.00,6859.00,290.00,0.043193,2,2,0,0,OBS00433;OBS00434
CELL::DEL|GAU|2026-09-13|Economy Saver|T7(5-9)::ROUND::2026-09-05T14:30::FLT::AI|AI-791|13:00,CELL::DEL|GAU|2026-09-13|Economy Saver|T7(5-9)::ROUND::2026-09-05T14:30,DEL,GAU,2026-09-13,Economy Saver,T7(5-9),ROUND::2026-09-05T14:30,AI,AI-791,13:00,6689.00,1,MMT,MMT=6689.00,6689.00,6689.00,0.00,0.000000,1,1,0,0,OBS00916
CELL::DEL|GAU|2026-09-13|Economy Saver|T7(5-9)::ROUND::2026-09-06T09:00::FLT::AI|AI-791|13:00,CELL::DEL|GAU|2026-09-13|Economy Saver|T7(5-9)::ROUND::2026-09-06T09:00,DEL,GAU,2026-09-13,Economy Saver,T7(5-9),ROUND::2026-09-06T09:00,AI,AI-791,13:00,6589.00,1,MMT,MMT=6589.00,6589.00,6589.00,0.00,0.000000,1,1,0,0,OBS01962
CELL::DEL|GAU|2026-09-13|Economy Saver|T7(5-9)::ROUND::2026-09-06T14:30::FLT::6E|6E-415|05:30,CELL::DEL|GAU|2026-09-13|Economy Saver|T7(5-9)::ROUND::2026-09-06T14:30,DEL,GAU,2026-09-13,Economy Saver,T7(5-9),ROUND::2026-09-06T14:30,6E,6E-415,05:30,6888.00,1,Goibibo,Goibibo=6888.00,6888.00,6888.00,0.00,0.000000,1,1,0,0,OBS02439
CELL::DEL|GAU|2026-09-13|Economy Saver|T7(5-9)::ROUND::2026-09-06T14:30::FLT::AI|AI-791|13:00,CELL::DEL|GAU|2026-09-13|Economy Saver|T7(5-9)::ROUND::2026-09-06T14:30,DEL,GAU,2026-09-13,Economy Saver,T7(5-9),ROUND::2026-09-06T14:30,AI,AI-791,13:00,6729.00,2,AirlineSite;Cleartrip,AirlineSite=6531.00;Cleartrip=6927.00,6531.00,6927.00,396.00,0.058850,2,2,0,0,OBS02449;OBS02450
CELL::DEL|GAU|2026-09-13|Economy Saver|T7(5-9)::ROUND::2026-09-06T20:15::FLT::6E|6E-415|05:30,CELL::DEL|GAU|2026-09-13|Economy Saver|T7(5-9)::ROUND::2026-09-06T20:15,DEL,GAU,2026-09-13,Economy Saver,T7(5-9),ROUND::2026-09-06T20:15,6E,6E-415,05:30,6855.00,1,Cleartrip,Cleartrip=6855.00,6855.00,6855.00,0.00,0.000000,1,1,0,0,OBS02962
CELL::DEL|GAU|2026-09-13|Economy Saver|T7(5-9)::ROUND::2026-09-06T20:15::FLT::AI|AI-791|13:00,CELL::DEL|GAU|2026-09-13|Economy Saver|T7(5-9)::ROUND::2026-09-06T20:15,DEL,GAU,2026-09-13,Economy Saver,T7(5-9),ROUND::2026-09-06T20:15,AI,AI-791,13:00,6738.00,1,Cleartrip,Cleartrip=6738.00,6738.00,6738.00,0.00,0.000000,1,1,0,0,OBS02972
CELL::DEL|GAU|2026-09-13|Economy Standard|T7(5-9)::ROUND::2026-09-05T14:30::FLT::6E|6E-415|05:30,CELL::DEL|GAU|2026-09-13|Economy Standard|T7(5-9)::ROUND::2026-09-05T14:30,DEL,GAU,2026-09-13,Economy Standard,T7(5-9),ROUND::2026-09-05T14:30,6E,6E-415,05:30,8294.00,2,Cleartrip;MMT,Cleartrip=8057.00;MMT=8531.00,8057.00,8531.00,474.00,0.057150,2,2,0,0,OBS00906;OBS00907
CELL::DEL|GAU|2026-09-13|Economy Standard|T7(5-9)::ROUND::2026-09-05T20:15::FLT::6E|6E-415|05:30,CELL::DEL|GAU|2026-09-13|Economy Standard|T7(5-9)::ROUND::2026-09-05T20:15,DEL,GAU,2026-09-13,Economy Standard,T7(5-9),ROUND::2026-09-05T20:15,6E,6E-415,05:30,8332.50,2,EaseMyTrip;Goibibo,EaseMyTrip=8563.00;Goibibo=8102.00,8102.00,8563.00,461.00,0.055326,2,2,0,0,OBS01420;OBS01421
CELL::DEL|GAU|2026-09-13|Economy Standard|T7(5-9)::ROUND::2026-09-05T20:15::FLT::AI|AI-791|13:00,CELL::DEL|GAU|2026-09-13|Economy Standard|T7(5-9)::ROUND::2026-09-05T20:15,DEL,GAU,2026-09-13,Economy Standard,T7(5-9),ROUND::2026-09-05T20:15,AI,AI-791,13:00,8380.00,1,EaseMyTrip,EaseMyTrip=8380.00,8380.00,8380.00,0.00,0.000000,1,1,0,0,OBS01437
CELL::DEL|GAU|2026-09-13|Economy Standard|T7(5-9)::ROUND::2026-09-05T20:15::FLT::SG|SG-601|12:15,CELL::DEL|GAU|2026-09-13|Economy Standard|T7(5-9)::ROUND::2026-09-05T20:15,DEL,GAU,2026-09-13,Economy Standard,T7(5-9),ROUND::2026-09-05T20:15,SG,SG-601,12:15,8227.00,1,MMT,MMT=8227.00,8227.00,8227.00,0.00,0.000000,1,1,0,0,OBS01448
CELL::DEL|GAU|2026-09-13|Economy Standard|T7(5-9)::ROUND::2026-09-06T09:00::FLT::6E|6E-415|05:30,CELL::DEL|GAU|2026-09-13|Economy Standard|T7(5-9)::ROUND::2026-09-06T09:00,DEL,GAU,2026-09-13,Economy Standard,T7(5-9),ROUND::2026-09-06T09:00,6E,6E-415,05:30,8407.00,2,EaseMyTrip;MMT,EaseMyTrip=8230.00;MMT=8584.00,8230.00,8584.00,354.00,0.042108,2,2,0,0,OBS01952;OBS01953
CELL::DEL|GAU|2026-09-13|Economy Standard|T7(5-9)::ROUND::2026-09-06T09:00::FLT::SG|SG-601|12:15,CELL::DEL|GAU|2026-09-13|Economy Standard|T7(5-9)::ROUND::2026-09-06T09:00,DEL,GAU,2026-09-13,Economy Standard,T7(5-9),ROUND::2026-09-06T09:00,SG,SG-601,12:15,8651.00,2,Cleartrip;EaseMyTrip,Cleartrip=8826.00;EaseMyTrip=8476.00,8476.00,8826.00,350.00,0.040458,2,2,0,0,OBS01970;OBS01971
CELL::DEL|GAU|2026-09-13|Economy Standard|T7(5-9)::ROUND::2026-09-06T14:30::FLT::AI|AI-791|13:00,CELL::DEL|GAU|2026-09-13|Economy Standard|T7(5-9)::ROUND::2026-09-06T14:30,DEL,GAU,2026-09-13,Economy Standard,T7(5-9),ROUND::2026-09-06T14:30,AI,AI-791,13:00,8563.00,2,Cleartrip;EaseMyTrip,Cleartrip=8425.00;EaseMyTrip=8701.00,8425.00,8701.00,276.00,0.032232,2,2,0,0,OBS02451;OBS02452
CELL::DEL|GAU|2026-09-13|Economy Standard|T7(5-9)::ROUND::2026-09-06T14:30::FLT::SG|SG-601|12:15,CELL::DEL|GAU|2026-09-13|Economy Standard|T7(5-9)::ROUND::2026-09-06T14:30,DEL,GAU,2026-09-13,Economy Standard,T7(5-9),ROUND::2026-09-06T14:30,SG,SG-601,12:15,8888.00,2,EaseMyTrip;Goibibo,EaseMyTrip=9094.00;Goibibo=8682.00,8682.00,9094.00,412.00,0.046355,2,2,0,0,OBS02461;OBS02462
CELL::DEL|GAU|2026-09-21|Economy Flexi|T15(12-18)::ROUND::2026-09-05T09:00::FLT::6E|6E-415|05:30,CELL::DEL|GAU|2026-09-21|Economy Flexi|T15(12-18)::ROUND::2026-09-05T09:00,DEL,GAU,2026-09-21,Economy Flexi,T15(12-18),ROUND::2026-09-05T09:00,6E,6E-415,05:30,9072.00,1,EaseMyTrip,EaseMyTrip=9072.00,9072.00,9072.00,0.00,0.000000,1,1,0,0,OBS00424
CELL::DEL|GAU|2026-09-21|Economy Flexi|T15(12-18)::ROUND::2026-09-05T09:00::FLT::AI|AI-791|13:00,CELL::DEL|GAU|2026-09-21|Economy Flexi|T15(12-18)::ROUND::2026-09-05T09:00,DEL,GAU,2026-09-21,Economy Flexi,T15(12-18),ROUND::2026-09-05T09:00,AI,AI-791,13:00,9254.00,1,MMT,MMT=9254.00,9254.00,9254.00,0.00,0.000000,1,1,0,0,OBS00437
CELL::DEL|GAU|2026-09-21|Economy Flexi|T15(12-18)::ROUND::2026-09-05T14:30::FLT::AI|AI-791|13:00,CELL::DEL|GAU|2026-09-21|Economy Flexi|T15(12-18)::ROUND::2026-09-05T14:30,DEL,GAU,2026-09-21,Economy Flexi,T15(12-18),ROUND::2026-09-05T14:30,AI,AI-791,13:00,9053.00,2,AirlineSite;EaseMyTrip,AirlineSite=8952.00;EaseMyTrip=9154.00,8952.00,9154.00,202.00,0.022313,2,2,0,0,OBS00919;OBS00920
CELL::DEL|GAU|2026-09-21|Economy Flexi|T15(12-18)::ROUND::2026-09-05T14:30::FLT::SG|SG-601|12:15,CELL::DEL|GAU|2026-09-21|Economy Flexi|T15(12-18)::ROUND::2026-09-05T14:30,DEL,GAU,2026-09-21,Economy Flexi,T15(12-18),ROUND::2026-09-05T14:30,SG,SG-601,12:15,8743.00,2,AirlineSite;EaseMyTrip,AirlineSite=8858.00;EaseMyTrip=8628.00,8628.00,8858.00,230.00,0.026307,2,2,0,0,OBS00928;OBS00929
CELL::DEL|GAU|2026-09-21|Economy Flexi|T15(12-18)::ROUND::2026-09-05T20:15::FLT::SG|SG-601|12:15,CELL::DEL|GAU|2026-09-21|Economy Flexi|T15(12-18)::ROUND::2026-09-05T20:15,DEL,GAU,2026-09-21,Economy Flexi,T15(12-18),ROUND::2026-09-05T20:15,SG,SG-601,12:15,8802.00,2,Cleartrip;MMT,Cleartrip=8672.00;MMT=8932.00,8672.00,8932.00,260.00,0.029539,2,2,0,0,OBS01450;OBS01451
CELL::DEL|GAU|2026-09-21|Economy Flexi|T15(12-18)::ROUND::2026-09-06T14:30::FLT::AI|AI-791|13:00,CELL::DEL|GAU|2026-09-21|Economy Flexi|T15(12-18)::ROUND::2026-09-06T14:30,DEL,GAU,2026-09-21,Economy Flexi,T15(12-18),ROUND::2026-09-06T14:30,AI,AI-791,13:00,9148.00,2,Cleartrip;EaseMyTrip,Cleartrip=9351.00;EaseMyTrip=8945.00,8945.00,9351.00,406.00,0.044381,2,2,0,0,OBS02453;OBS02454
CELL::DEL|GAU|2026-09-21|Economy Flexi|T15(12-18)::ROUND::2026-09-06T20:15::FLT::AI|AI-791|13:00,CELL::DEL|GAU|2026-09-21|Economy Flexi|T15(12-18)::ROUND::2026-09-06T20:15,DEL,GAU,2026-09-21,Economy Flexi,T15(12-18),ROUND::2026-09-06T20:15,AI,AI-791,13:00,9091.00,1,EaseMyTrip,EaseMyTrip=9091.00,9091.00,9091.00,0.00,0.000000,1,1,0,0,OBS02975
CELL::DEL|GAU|2026-09-21|Economy Saver|T15(12-18)::ROUND::2026-09-05T09:00::FLT::6E|6E-415|05:30,CELL::DEL|GAU|2026-09-21|Economy Saver|T15(12-18)::ROUND::2026-09-05T09:00,DEL,GAU,2026-09-21,Economy Saver,T15(12-18),ROUND::2026-09-05T09:00,6E,6E-415,05:30,5485.50,2,Cleartrip;EaseMyTrip,Cleartrip=5495.00;EaseMyTrip=5476.00,5476.00,5495.00,19.00,0.003464,2,2,0,0,OBS00425;OBS00426
CELL::DEL|GAU|2026-09-21|Economy Saver|T15(12-18)::ROUND::2026-09-05T09:00::FLT::SG|SG-601|12:15,CELL::DEL|GAU|2026-09-21|Economy Saver|T15(12-18)::ROUND::2026-09-05T09:00,DEL,GAU,2026-09-21,Economy Saver,T15(12-18),ROUND::2026-09-05T09:00,SG,SG-601,12:15,5895.00,1,EaseMyTrip,EaseMyTrip=5895.00,5895.00,5895.00,0.00,0.000000,1,1,0,0,OBS00444
CELL::DEL|GAU|2026-09-21|Economy Saver|T15(12-18)::ROUND::2026-09-05T14:30::FLT::AI|AI-791|13:00,CELL::DEL|GAU|2026-09-21|Economy Saver|T15(12-18)::ROUND::2026-09-05T14:30,DEL,GAU,2026-09-21,Economy Saver,T15(12-18),ROUND::2026-09-05T14:30,AI,AI-791,13:00,5593.00,2,Cleartrip;MMT,Cleartrip=5809.00;MMT=5377.00,5377.00,5809.00,432.00,0.077239,2,2,0,0,OBS00917;OBS00918
CELL::DEL|GAU|2026-09-21|Economy Saver|T15(12-18)::ROUND::2026-09-05T20:15::FLT::6E|6E-415|05:30,CELL::DEL|GAU|2026-09-21|Economy Saver|T15(12-18)::ROUND::2026-09-05T20:15,DEL,GAU,2026-09-21,Economy Saver,T15(12-18),ROUND::2026-09-05T20:15,6E,6E-415,05:30,5760.50,2,EaseMyTrip;Goibibo,EaseMyTrip=5801.00;Goibibo=5720.00,5720.00,5801.00,81.00,0.014061,2,2,0,0,OBS01425;OBS01426
CELL::DEL|GAU|2026-09-21|Economy Saver|T15(12-18)::ROUND::2026-09-06T09:00::FLT::6E|6E-415|05:30,CELL::DEL|GAU|2026-09-21|Economy Saver|T15(12-18)::ROUND::2026-09-06T09:00,DEL,GAU,2026-09-21,Economy Saver,T15(12-18),ROUND::2026-09-06T09:00,6E,6E-415,05:30,5848.50,2,AirlineSite;MMT,AirlineSite=5722.00;MMT=5975.00,5722.00,5975.00,253.00,0.043259,2,2,0,0,OBS01954;OBS01955
CELL::DEL|GAU|2026-09-21|Economy Saver|T15(12-18)::ROUND::2026-09-06T09:00::FLT::AI|AI-791|13:00,CELL::DEL|GAU|2026-09-21|Economy Saver|T15(12-18)::ROUND::2026-09-06T09:00,DEL,GAU,2026-09-21,Economy Saver,T15(12-18),ROUND::2026-09-06T09:00,AI,AI-791,13:00,5600.00,1,MMT,MMT=5600.00,5600.00,5600.00,0.00,0.000000,1,1,0,0,OBS01965
CELL::DEL|GAU|2026-09-21|Economy Saver|T15(12-18)::ROUND::2026-09-06T09:00::FLT::SG|SG-601|12:15,CELL::DEL|GAU|2026-09-21|Economy Saver|T15(12-18)::ROUND::2026-09-06T09:00,DEL,GAU,2026-09-21,Economy Saver,T15(12-18),ROUND::2026-09-06T09:00,SG,SG-601,12:15,5871.00,1,AirlineSite,AirlineSite=5871.00,5871.00,5871.00,0.00,0.000000,1,1,0,0,OBS01972
CELL::DEL|GAU|2026-09-21|Economy Saver|T15(12-18)::ROUND::2026-09-06T14:30::FLT::6E|6E-415|05:30,CELL::DEL|GAU|2026-09-21|Economy Saver|T15(12-18)::ROUND::2026-09-06T14:30,DEL,GAU,2026-09-21,Economy Saver,T15(12-18),ROUND::2026-09-06T14:30,6E,6E-415,05:30,5796.50,2,Cleartrip;Goibibo,Cleartrip=5676.00;Goibibo=5917.00,5676.00,5917.00,241.00,0.041577,2,2,0,0,OBS02440;OBS02441
CELL::DEL|GAU|2026-09-21|Economy Saver|T15(12-18)::ROUND::2026-09-06T14:30::FLT::SG|SG-601|12:15,CELL::DEL|GAU|2026-09-21|Economy Saver|T15(12-18)::ROUND::2026-09-06T14:30,DEL,GAU,2026-09-21,Economy Saver,T15(12-18),ROUND::2026-09-06T14:30,SG,SG-601,12:15,5997.00,1,MMT,MMT=5997.00,5997.00,5997.00,0.00,0.000000,1,1,0,0,OBS02464
CELL::DEL|GAU|2026-09-21|Economy Saver|T15(12-18)::ROUND::2026-09-06T20:15::FLT::6E|6E-415|05:30,CELL::DEL|GAU|2026-09-21|Economy Saver|T15(12-18)::ROUND::2026-09-06T20:15,DEL,GAU,2026-09-21,Economy Saver,T15(12-18),ROUND::2026-09-06T20:15,6E,6E-415,05:30,5762.50,2,Cleartrip;Goibibo,Cleartrip=5639.00;Goibibo=5886.00,5639.00,5886.00,247.00,0.042863,2,2,0,0,OBS02963;OBS02964
CELL::DEL|GAU|2026-09-21|Economy Standard|T15(12-18)::ROUND::2026-09-05T09:00::FLT::AI|AI-791|13:00,CELL::DEL|GAU|2026-09-21|Economy Standard|T15(12-18)::ROUND::2026-09-05T09:00,DEL,GAU,2026-09-21,Economy Standard,T15(12-18),ROUND::2026-09-05T09:00,AI,AI-791,13:00,7189.50,2,AirlineSite;Goibibo,AirlineSite=6972.00;Goibibo=7407.00,6972.00,7407.00,435.00,0.060505,2,2,0,0,OBS00435;OBS00436
CELL::DEL|GAU|2026-09-21|Economy Standard|T15(12-18)::ROUND::2026-09-05T14:30::FLT::6E|6E-415|05:30,CELL::DEL|GAU|2026-09-21|Economy Standard|T15(12-18)::ROUND::2026-09-05T14:30,DEL,GAU,2026-09-21,Economy Standard,T15(12-18),ROUND::2026-09-05T14:30,6E,6E-415,05:30,7115.00,1,Cleartrip,Cleartrip=7115.00,7115.00,7115.00,0.00,0.000000,1,1,0,0,OBS00908
CELL::DEL|GAU|2026-09-21|Economy Standard|T15(12-18)::ROUND::2026-09-05T14:30::FLT::SG|SG-601|12:15,CELL::DEL|GAU|2026-09-21|Economy Standard|T15(12-18)::ROUND::2026-09-05T14:30,DEL,GAU,2026-09-21,Economy Standard,T15(12-18),ROUND::2026-09-05T14:30,SG,SG-601,12:15,7583.00,1,EaseMyTrip,EaseMyTrip=7583.00,7583.00,7583.00,0.00,0.000000,1,1,0,0,OBS00927
CELL::DEL|GAU|2026-09-21|Economy Standard|T15(12-18)::ROUND::2026-09-05T20:15::FLT::6E|6E-415|05:30,CELL::DEL|GAU|2026-09-21|Economy Standard|T15(12-18)::ROUND::2026-09-05T20:15,DEL,GAU,2026-09-21,Economy Standard,T15(12-18),ROUND::2026-09-05T20:15,6E,6E-415,05:30,7223.00,2,EaseMyTrip;Goibibo,EaseMyTrip=7182.00;Goibibo=7264.00,7182.00,7264.00,82.00,0.011353,2,2,0,0,OBS01423;OBS01424
CELL::DEL|GAU|2026-09-21|Economy Standard|T15(12-18)::ROUND::2026-09-05T20:15::FLT::AI|AI-791|13:00,CELL::DEL|GAU|2026-09-21|Economy Standard|T15(12-18)::ROUND::2026-09-05T20:15,DEL,GAU,2026-09-21,Economy Standard,T15(12-18),ROUND::2026-09-05T20:15,AI,AI-791,13:00,7549.50,2,AirlineSite;Cleartrip,AirlineSite=7607.00;Cleartrip=7492.00,7492.00,7607.00,115.00,0.015233,2,2,0,0,OBS01439;OBS01440
CELL::DEL|GAU|2026-09-21|Economy Standard|T15(12-18)::ROUND::2026-09-05T20:15::FLT::SG|SG-601|12:15,CELL::DEL|GAU|2026-09-21|Economy Standard|T15(12-18)::ROUND::2026-09-05T20:15,DEL,GAU,2026-09-21,Economy Standard,T15(12-18),ROUND::2026-09-05T20:15,SG,SG-601,12:15,7472.00,1,MMT,MMT=7472.00,7472.00,7472.00,0.00,0.000000,1,1,0,0,OBS01449
CELL::DEL|GAU|2026-09-21|Economy Standard|T15(12-18)::ROUND::2026-09-06T14:30::FLT::SG|SG-601|12:15,CELL::DEL|GAU|2026-09-21|Economy Standard|T15(12-18)::ROUND::2026-09-06T14:30,DEL,GAU,2026-09-21,Economy Standard,T15(12-18),ROUND::2026-09-06T14:30,SG,SG-601,12:15,7657.50,2,Cleartrip;EaseMyTrip,Cleartrip=7774.00;EaseMyTrip=7541.00,7541.00,7774.00,233.00,0.030428,2,2,0,0,OBS02465;OBS02466
CELL::DEL|GAU|2026-10-06|Economy Flexi|T30(25-35)::ROUND::2026-09-05T09:00::FLT::6E|6E-415|05:30,CELL::DEL|GAU|2026-10-06|Economy Flexi|T30(25-35)::ROUND::2026-09-05T09:00,DEL,GAU,2026-10-06,Economy Flexi,T30(25-35),ROUND::2026-09-05T09:00,6E,6E-415,05:30,7932.00,1,MMT,MMT=7932.00,7932.00,7932.00,0.00,0.000000,1,1,0,0,OBS00427
CELL::DEL|GAU|2026-10-06|Economy Flexi|T30(25-35)::ROUND::2026-09-05T09:00::FLT::AI|AI-791|13:00,CELL::DEL|GAU|2026-10-06|Economy Flexi|T30(25-35)::ROUND::2026-09-05T09:00,DEL,GAU,2026-10-06,Economy Flexi,T30(25-35),ROUND::2026-09-05T09:00,AI,AI-791,13:00,8215.00,1,AirlineSite,AirlineSite=8215.00,8215.00,8215.00,0.00,0.000000,1,1,0,0,OBS00438
CELL::DEL|GAU|2026-10-06|Economy Flexi|T30(25-35)::ROUND::2026-09-05T09:00::FLT::SG|SG-601|12:15,CELL::DEL|GAU|2026-10-06|Economy Flexi|T30(25-35)::ROUND::2026-09-05T09:00,DEL,GAU,2026-10-06,Economy Flexi,T30(25-35),ROUND::2026-09-05T09:00,SG,SG-601,12:15,8359.00,1,Cleartrip,Cleartrip=8359.00,8359.00,8359.00,0.00,0.000000,1,1,0,0,OBS00445
CELL::DEL|GAU|2026-10-06|Economy Flexi|T30(25-35)::ROUND::2026-09-05T14:30::FLT::SG|SG-601|12:15,CELL::DEL|GAU|2026-10-06|Economy Flexi|T30(25-35)::ROUND::2026-09-05T14:30,DEL,GAU,2026-10-06,Economy Flexi,T30(25-35),ROUND::2026-09-05T14:30,SG,SG-601,12:15,8305.50,2,AirlineSite;Cleartrip,AirlineSite=8359.00;Cleartrip=8252.00,8252.00,8359.00,107.00,0.012883,2,2,0,0,OBS00930;OBS00931
CELL::DEL|GAU|2026-10-06|Economy Flexi|T30(25-35)::ROUND::2026-09-05T20:15::FLT::6E|6E-415|05:30,CELL::DEL|GAU|2026-10-06|Economy Flexi|T30(25-35)::ROUND::2026-09-05T20:15,DEL,GAU,2026-10-06,Economy Flexi,T30(25-35),ROUND::2026-09-05T20:15,6E,6E-415,05:30,7953.00,1,Cleartrip,Cleartrip=7953.00,7953.00,7953.00,0.00,0.000000,1,1,0,0,OBS01428
CELL::DEL|GAU|2026-10-06|Economy Flexi|T30(25-35)::ROUND::2026-09-05T20:15::FLT::AI|AI-791|13:00,CELL::DEL|GAU|2026-10-06|Economy Flexi|T30(25-35)::ROUND::2026-09-05T20:15,DEL,GAU,2026-10-06,Economy Flexi,T30(25-35),ROUND::2026-09-05T20:15,AI,AI-791,13:00,7838.00,1,EaseMyTrip,EaseMyTrip=7838.00,7838.00,7838.00,0.00,0.000000,1,1,0,0,OBS01441
CELL::DEL|GAU|2026-10-06|Economy Flexi|T30(25-35)::ROUND::2026-09-06T14:30::FLT::6E|6E-415|05:30,CELL::DEL|GAU|2026-10-06|Economy Flexi|T30(25-35)::ROUND::2026-09-06T14:30,DEL,GAU,2026-10-06,Economy Flexi,T30(25-35),ROUND::2026-09-06T14:30,6E,6E-415,05:30,8214.00,1,Cleartrip,Cleartrip=8214.00,8214.00,8214.00,0.00,0.000000,1,1,0,0,OBS02442
CELL::DEL|GAU|2026-10-06|Economy Flexi|T30(25-35)::ROUND::2026-09-06T14:30::FLT::AI|AI-791|13:00,CELL::DEL|GAU|2026-10-06|Economy Flexi|T30(25-35)::ROUND::2026-09-06T14:30,DEL,GAU,2026-10-06,Economy Flexi,T30(25-35),ROUND::2026-09-06T14:30,AI,AI-791,13:00,7932.00,2,AirlineSite;Cleartrip,AirlineSite=7921.00;Cleartrip=7943.00,7921.00,7943.00,22.00,0.002774,2,2,0,0,OBS02455;OBS02456
CELL::DEL|GAU|2026-10-06|Economy Flexi|T30(25-35)::ROUND::2026-09-06T20:15::FLT::6E|6E-415|05:30,CELL::DEL|GAU|2026-10-06|Economy Flexi|T30(25-35)::ROUND::2026-09-06T20:15,DEL,GAU,2026-10-06,Economy Flexi,T30(25-35),ROUND::2026-09-06T20:15,6E,6E-415,05:30,8037.00,1,MMT,MMT=8037.00,8037.00,8037.00,0.00,0.000000,1,1,0,0,OBS02967
CELL::DEL|GAU|2026-10-06|Economy Saver|T30(25-35)::ROUND::2026-09-05T14:30::FLT::AI|AI-791|13:00,CELL::DEL|GAU|2026-10-06|Economy Saver|T30(25-35)::ROUND::2026-09-05T14:30,DEL,GAU,2026-10-06,Economy Saver,T30(25-35),ROUND::2026-09-05T14:30,AI,AI-791,13:00,5240.00,2,AirlineSite;MMT,AirlineSite=5134.00;MMT=5346.00,5134.00,5346.00,212.00,0.040458,2,2,0,0,OBS00921;OBS00922
CELL::DEL|GAU|2026-10-06|Economy Saver|T30(25-35)::ROUND::2026-09-05T20:15::FLT::6E|6E-415|05:30,CELL::DEL|GAU|2026-10-06|Economy Saver|T30(25-35)::ROUND::2026-09-05T20:15,DEL,GAU,2026-10-06,Economy Saver,T30(25-35),ROUND::2026-09-05T20:15,6E,6E-415,05:30,5323.00,1,MMT,MMT=5323.00,5323.00,5323.00,0.00,0.000000,1,1,0,0,OBS01427
CELL::DEL|GAU|2026-10-06|Economy Saver|T30(25-35)::ROUND::2026-09-05T20:15::FLT::SG|SG-601|12:15,CELL::DEL|GAU|2026-10-06|Economy Saver|T30(25-35)::ROUND::2026-09-05T20:15,DEL,GAU,2026-10-06,Economy Saver,T30(25-35),ROUND::2026-09-05T20:15,SG,SG-601,12:15,5303.00,1,MMT,MMT=5303.00,5303.00,5303.00,0.00,0.000000,1,1,0,0,OBS01452
CELL::DEL|GAU|2026-10-06|Economy Saver|T30(25-35)::ROUND::2026-09-06T14:30::FLT::SG|SG-601|12:15,CELL::DEL|GAU|2026-10-06|Economy Saver|T30(25-35)::ROUND::2026-09-06T14:30,DEL,GAU,2026-10-06,Economy Saver,T30(25-35),ROUND::2026-09-06T14:30,SG,SG-601,12:15,5348.00,1,MMT,MMT=5348.00,5348.00,5348.00,0.00,0.000000,1,1,0,0,OBS02467
CELL::DEL|GAU|2026-10-06|Economy Saver|T30(25-35)::ROUND::2026-09-08T20:15::FLT::6E|6E-415|12:00,CELL::DEL|GAU|2026-10-06|Economy Saver|T30(25-35)::ROUND::2026-09-08T20:15,DEL,GAU,2026-10-06,Economy Saver,T30(25-35),ROUND::2026-09-08T20:15,6E,6E-415,12:00,5144.00,1,EaseMyTrip,EaseMyTrip=5144.00,5144.00,5144.00,0.00,0.000000,1,1,0,0,OBS02988
CELL::DEL|GAU|2026-10-06|Economy Standard|T30(25-35)::ROUND::2026-09-05T09:00::FLT::SG|SG-601|12:15,CELL::DEL|GAU|2026-10-06|Economy Standard|T30(25-35)::ROUND::2026-09-05T09:00,DEL,GAU,2026-10-06,Economy Standard,T30(25-35),ROUND::2026-09-05T09:00,SG,SG-601,12:15,6408.00,1,Goibibo,Goibibo=6408.00,6408.00,6408.00,0.00,0.000000,1,1,0,0,OBS00446
CELL::DEL|GAU|2026-10-06|Economy Standard|T30(25-35)::ROUND::2026-09-05T14:30::FLT::6E|6E-415|05:30,CELL::DEL|GAU|2026-10-06|Economy Standard|T30(25-35)::ROUND::2026-09-05T14:30,DEL,GAU,2026-10-06,Economy Standard,T30(25-35),ROUND::2026-09-05T14:30,6E,6E-415,05:30,6575.00,2,Cleartrip;Goibibo,Cleartrip=6677.00;Goibibo=6473.00,6473.00,6677.00,204.00,0.031027,2,2,0,0,OBS00909;OBS00910
CELL::DEL|GAU|2026-10-06|Economy Standard|T30(25-35)::ROUND::2026-09-06T09:00::FLT::6E|6E-415|05:30,CELL::DEL|GAU|2026-10-06|Economy Standard|T30(25-35)::ROUND::2026-09-06T09:00,DEL,GAU,2026-10-06,Economy Standard,T30(25-35),ROUND::2026-09-06T09:00,6E,6E-415,05:30,6678.00,2,AirlineSite;Goibibo,AirlineSite=6609.00;Goibibo=6747.00,6609.00,6747.00,138.00,0.020665,2,2,0,0,OBS01956;OBS01957
CELL::DEL|GAU|2026-10-06|Economy Standard|T30(25-35)::ROUND::2026-09-06T09:00::FLT::AI|AI-791|13:00,CELL::DEL|GAU|2026-10-06|Economy Standard|T30(25-35)::ROUND::2026-09-06T09:00,DEL,GAU,2026-10-06,Economy Standard,T30(25-35),ROUND::2026-09-06T09:00,AI,AI-791,13:00,6589.00,1,MMT,MMT=6589.00,6589.00,6589.00,0.00,0.000000,1,1,0,0,OBS01966
CELL::DEL|GAU|2026-10-06|Economy Standard|T30(25-35)::ROUND::2026-09-06T09:00::FLT::SG|SG-601|12:15,CELL::DEL|GAU|2026-10-06|Economy Standard|T30(25-35)::ROUND::2026-09-06T09:00,DEL,GAU,2026-10-06,Economy Standard,T30(25-35),ROUND::2026-09-06T09:00,SG,SG-601,12:15,6706.50,2,AirlineSite;Cleartrip,AirlineSite=6871.00;Cleartrip=6542.00,6542.00,6871.00,329.00,0.049057,2,2,0,0,OBS01973;OBS01974
CELL::DEL|GAU|2026-10-06|Economy Standard|T30(25-35)::ROUND::2026-09-06T14:30::FLT::6E|6E-415|05:30,CELL::DEL|GAU|2026-10-06|Economy Standard|T30(25-35)::ROUND::2026-09-06T14:30,DEL,GAU,2026-10-06,Economy Standard,T30(25-35),ROUND::2026-09-06T14:30,6E,6E-415,05:30,6469.50,2,EaseMyTrip;Goibibo,EaseMyTrip=6437.00;Goibibo=6502.00,6437.00,6502.00,65.00,0.010047,2,2,0,0,OBS02443;OBS02444
CELL::DEL|GAU|2026-10-06|Economy Standard|T30(25-35)::ROUND::2026-09-06T20:15::FLT::6E|6E-415|05:30,CELL::DEL|GAU|2026-10-06|Economy Standard|T30(25-35)::ROUND::2026-09-06T20:15,DEL,GAU,2026-10-06,Economy Standard,T30(25-35),ROUND::2026-09-06T20:15,6E,6E-415,05:30,6894.00,2,EaseMyTrip;MMT,EaseMyTrip=6856.00;MMT=6932.00,6856.00,6932.00,76.00,0.011024,2,2,0,0,OBS02965;OBS02966
CELL::DEL|GAU|2026-10-22|Economy Flexi|T45(40-50)::ROUND::2026-09-05T09:00::FLT::6E|6E-415|05:30,CELL::DEL|GAU|2026-10-22|Economy Flexi|T45(40-50)::ROUND::2026-09-05T09:00,DEL,GAU,2026-10-22,Economy Flexi,T45(40-50),ROUND::2026-09-05T09:00,6E,6E-415,05:30,8140.50,2,AirlineSite;EaseMyTrip,AirlineSite=8219.00;EaseMyTrip=8062.00,8062.00,8219.00,157.00,0.019286,2,2,0,0,OBS00430;OBS00431
CELL::DEL|GAU|2026-10-22|Economy Flexi|T45(40-50)::ROUND::2026-09-05T09:00::FLT::AI|AI-791|13:00,CELL::DEL|GAU|2026-10-22|Economy Flexi|T45(40-50)::ROUND::2026-09-05T09:00,DEL,GAU,2026-10-22,Economy Flexi,T45(40-50),ROUND::2026-09-05T09:00,AI,AI-791,13:00,7873.00,2,EaseMyTrip;MMT,EaseMyTrip=7791.00;MMT=7955.00,7791.00,7955.00,164.00,0.020831,2,2,0,0,OBS00439;OBS00440
CELL::DEL|GAU|2026-10-22|Economy Flexi|T45(40-50)::ROUND::2026-09-05T09:00::FLT::SG|SG-601|12:15,CELL::DEL|GAU|2026-10-22|Economy Flexi|T45(40-50)::ROUND::2026-09-05T09:00,DEL,GAU,2026-10-22,Economy Flexi,T45(40-50),ROUND::2026-09-05T09:00,SG,SG-601,12:15,8026.00,2,EaseMyTrip;Goibibo,EaseMyTrip=7663.00;Goibibo=8389.00,7663.00,8389.00,726.00,0.090456,2,2,0,0,OBS00447;OBS00448
CELL::DEL|GAU|2026-10-22|Economy Flexi|T45(40-50)::ROUND::2026-09-05T14:30::FLT::AI|AI-791|13:00,CELL::DEL|GAU|2026-10-22|Economy Flexi|T45(40-50)::ROUND::2026-09-05T14:30,DEL,GAU,2026-10-22,Economy Flexi,T45(40-50),ROUND::2026-09-05T14:30,AI,AI-791,13:00,7763.00,1,Cleartrip,Cleartrip=7763.00,7763.00,7763.00,0.00,0.000000,1,1,0,0,OBS00923
CELL::DEL|GAU|2026-10-22|Economy Flexi|T45(40-50)::ROUND::2026-09-05T14:30::FLT::SG|SG-601|12:15,CELL::DEL|GAU|2026-10-22|Economy Flexi|T45(40-50)::ROUND::2026-09-05T14:30,DEL,GAU,2026-10-22,Economy Flexi,T45(40-50),ROUND::2026-09-05T14:30,SG,SG-601,12:15,8315.50,2,EaseMyTrip;Goibibo,EaseMyTrip=8226.00;Goibibo=8405.00,8226.00,8405.00,179.00,0.021526,2,2,0,0,OBS00932;OBS00933
CELL::DEL|GAU|2026-10-22|Economy Flexi|T45(40-50)::ROUND::2026-09-05T20:15::FLT::6E|6E-415|05:30,CELL::DEL|GAU|2026-10-22|Economy Flexi|T45(40-50)::ROUND::2026-09-05T20:15,DEL,GAU,2026-10-22,Economy Flexi,T45(40-50),ROUND::2026-09-05T20:15,6E,6E-415,05:30,7859.50,2,AirlineSite;Cleartrip,AirlineSite=7809.00;Cleartrip=7910.00,7809.00,7910.00,101.00,0.012851,2,2,0,0,OBS01431;OBS01432
CELL::DEL|GAU|2026-10-22|Economy Flexi|T45(40-50)::ROUND::2026-09-05T20:15::FLT::SG|SG-601|12:15,CELL::DEL|GAU|2026-10-22|Economy Flexi|T45(40-50)::ROUND::2026-09-05T20:15,DEL,GAU,2026-10-22,Economy Flexi,T45(40-50),ROUND::2026-09-05T20:15,SG,SG-601,12:15,8407.00,1,AirlineSite,AirlineSite=8407.00,8407.00,8407.00,0.00,0.000000,1,1,0,0,OBS01455
CELL::DEL|GAU|2026-10-22|Economy Flexi|T45(40-50)::ROUND::2026-09-06T09:00::FLT::6E|6E-415|05:30,CELL::DEL|GAU|2026-10-22|Economy Flexi|T45(40-50)::ROUND::2026-09-06T09:00,DEL,GAU,2026-10-22,Economy Flexi,T45(40-50),ROUND::2026-09-06T09:00,6E,6E-415,05:30,7844.00,1,MMT,MMT=7844.00,7844.00,7844.00,0.00,0.000000,1,1,0,0,OBS01959
CELL::DEL|GAU|2026-10-22|Economy Flexi|T45(40-50)::ROUND::2026-09-06T14:30::FLT::AI|AI-791|13:00,CELL::DEL|GAU|2026-10-22|Economy Flexi|T45(40-50)::ROUND::2026-09-06T14:30,DEL,GAU,2026-10-22,Economy Flexi,T45(40-50),ROUND::2026-09-06T14:30,AI,AI-791,13:00,8045.00,1,AirlineSite,AirlineSite=8045.00,8045.00,8045.00,0.00,0.000000,1,1,0,0,OBS02457
CELL::DEL|GAU|2026-10-22|Economy Saver|T45(40-50)::ROUND::2026-09-05T09:00::FLT::6E|6E-415|05:30,CELL::DEL|GAU|2026-10-22|Economy Saver|T45(40-50)::ROUND::2026-09-05T09:00,DEL,GAU,2026-10-22,Economy Saver,T45(40-50),ROUND::2026-09-05T09:00,6E,6E-415,05:30,5171.00,2,AirlineSite;Goibibo,AirlineSite=5339.00;Goibibo=5003.00,5003.00,5339.00,336.00,0.064978,2,2,0,0,OBS00428;OBS00429
CELL::DEL|GAU|2026-10-22|Economy Saver|T45(40-50)::ROUND::2026-09-05T20:15::FLT::AI|AI-791|13:00,CELL::DEL|GAU|2026-10-22|Economy Saver|T45(40-50)::ROUND::2026-09-05T20:15,DEL,GAU,2026-10-22,Economy Saver,T45(40-50),ROUND::2026-09-05T20:15,AI,AI-791,13:00,5185.00,2,Goibibo;MMT,Goibibo=5213.00;MMT=5157.00,5157.00,5213.00,56.00,0.010800,2,2,0,0,OBS01444;OBS01445
CELL::DEL|GAU|2026-10-22|Economy Saver|T45(40-50)::ROUND::2026-09-06T09:00::FLT::AI|AI-791|13:00,CELL::DEL|GAU|2026-10-22|Economy Saver|T45(40-50)::ROUND::2026-09-06T09:00,DEL,GAU,2026-10-22,Economy Saver,T45(40-50),ROUND::2026-09-06T09:00,AI,AI-791,13:00,5110.00,1,Goibibo,Goibibo=5110.00,5110.00,5110.00,0.00,0.000000,1,1,0,0,OBS01967
CELL::DEL|GAU|2026-10-22|Economy Saver|T45(40-50)::ROUND::2026-09-06T09:00::FLT::SG|SG-601|12:15,CELL::DEL|GAU|2026-10-22|Economy Saver|T45(40-50)::ROUND::2026-09-06T09:00,DEL,GAU,2026-10-22,Economy Saver,T45(40-50),ROUND::2026-09-06T09:00,SG,SG-601,12:15,5248.00,2,Cleartrip;EaseMyTrip,Cleartrip=5326.00;EaseMyTrip=5170.00,5170.00,5326.00,156.00,0.029726,2,2,0,0,OBS01976;OBS01977
CELL::DEL|GAU|2026-10-22|Economy Saver|T45(40-50)::ROUND::2026-09-06T14:30::FLT::6E|6E-415|05:30,CELL::DEL|GAU|2026-10-22|Economy Saver|T45(40-50)::ROUND::2026-09-06T14:30,DEL,GAU,2026-10-22,Economy Saver,T45(40-50),ROUND::2026-09-06T14:30,6E,6E-415,05:30,4929.00,2,AirlineSite;Goibibo,AirlineSite=4920.00;Goibibo=4938.00,4920.00,4938.00,18.00,0.003652,2,2,0,0,OBS02445;OBS02446
CELL::DEL|GAU|2026-10-22|Economy Saver|T45(40-50)::ROUND::2026-09-06T14:30::FLT::AI|AI-791|13:00,CELL::DEL|GAU|2026-10-22|Economy Saver|T45(40-50)::ROUND::2026-09-06T14:30,DEL,GAU,2026-10-22,Economy Saver,T45(40-50),ROUND::2026-09-06T14:30,AI,AI-791,13:00,5267.00,1,AirlineSite,AirlineSite=5267.00,5267.00,5267.00,0.00,0.000000,1,1,0,0,OBS02458
CELL::DEL|GAU|2026-10-22|Economy Saver|T45(40-50)::ROUND::2026-09-06T14:30::FLT::SG|SG-601|12:15,CELL::DEL|GAU|2026-10-22|Economy Saver|T45(40-50)::ROUND::2026-09-06T14:30,DEL,GAU,2026-10-22,Economy Saver,T45(40-50),ROUND::2026-09-06T14:30,SG,SG-601,12:15,5341.00,1,Goibibo,Goibibo=5341.00,5341.00,5341.00,0.00,0.000000,1,1,0,0,OBS02468
CELL::DEL|GAU|2026-10-22|Economy Standard|T45(40-50)::ROUND::2026-09-05T09:00::FLT::AI|AI-791|13:00,CELL::DEL|GAU|2026-10-22|Economy Standard|T45(40-50)::ROUND::2026-09-05T09:00,DEL,GAU,2026-10-22,Economy Standard,T45(40-50),ROUND::2026-09-05T09:00,AI,AI-791,13:00,6609.00,1,Goibibo,Goibibo=6609.00,6609.00,6609.00,0.00,0.000000,1,1,0,0,OBS00441
CELL::DEL|GAU|2026-10-22|Economy Standard|T45(40-50)::ROUND::2026-09-05T14:30::FLT::6E|6E-415|05:30,CELL::DEL|GAU|2026-10-22|Economy Standard|T45(40-50)::ROUND::2026-09-05T14:30,DEL,GAU,2026-10-22,Economy Standard,T45(40-50),ROUND::2026-09-05T14:30,6E,6E-415,05:30,6541.00,2,Cleartrip;MMT,Cleartrip=6429.00;MMT=6653.00,6429.00,6653.00,224.00,0.034246,2,2,0,0,OBS00911;OBS00912
CELL::DEL|GAU|2026-10-22|Economy Standard|T45(40-50)::ROUND::2026-09-05T14:30::FLT::SG|SG-601|12:15,CELL::DEL|GAU|2026-10-22|Economy Standard|T45(40-50)::ROUND::2026-09-05T14:30,DEL,GAU,2026-10-22,Economy Standard,T45(40-50),ROUND::2026-09-05T14:30,SG,SG-601,12:15,6427.00,2,AirlineSite;EaseMyTrip,AirlineSite=6280.00;EaseMyTrip=6574.00,6280.00,6574.00,294.00,0.045745,2,2,0,0,OBS00934;OBS00935
CELL::DEL|GAU|2026-10-22|Economy Standard|T45(40-50)::ROUND::2026-09-05T20:15::FLT::6E|6E-415|05:30,CELL::DEL|GAU|2026-10-22|Economy Standard|T45(40-50)::ROUND::2026-09-05T20:15,DEL,GAU,2026-10-22,Economy Standard,T45(40-50),ROUND::2026-09-05T20:15,6E,6E-415,05:30,6510.00,2,AirlineSite;MMT,AirlineSite=6425.00;MMT=6595.00,6425.00,6595.00,170.00,0.026114,2,2,0,0,OBS01429;OBS01430
CELL::DEL|GAU|2026-10-22|Economy Standard|T45(40-50)::ROUND::2026-09-05T20:15::FLT::AI|AI-791|13:00,CELL::DEL|GAU|2026-10-22|Economy Standard|T45(40-50)::ROUND::2026-09-05T20:15,DEL,GAU,2026-10-22,Economy Standard,T45(40-50),ROUND::2026-09-05T20:15,AI,AI-791,13:00,6591.00,2,AirlineSite;Cleartrip,AirlineSite=6589.00;Cleartrip=6593.00,6589.00,6593.00,4.00,0.000607,2,2,0,0,OBS01442;OBS01443
CELL::DEL|GAU|2026-10-22|Economy Standard|T45(40-50)::ROUND::2026-09-05T20:15::FLT::SG|SG-601|12:15,CELL::DEL|GAU|2026-10-22|Economy Standard|T45(40-50)::ROUND::2026-09-05T20:15,DEL,GAU,2026-10-22,Economy Standard,T45(40-50),ROUND::2026-09-05T20:15,SG,SG-601,12:15,6312.50,2,AirlineSite;MMT,AirlineSite=6339.00;MMT=6286.00,6286.00,6339.00,53.00,0.008396,2,2,0,0,OBS01453;OBS01454
CELL::DEL|GAU|2026-10-22|Economy Standard|T45(40-50)::ROUND::2026-09-06T09:00::FLT::6E|6E-415|05:30,CELL::DEL|GAU|2026-10-22|Economy Standard|T45(40-50)::ROUND::2026-09-06T09:00,DEL,GAU,2026-10-22,Economy Standard,T45(40-50),ROUND::2026-09-06T09:00,6E,6E-415,05:30,6827.00,1,AirlineSite,AirlineSite=6827.00,6827.00,6827.00,0.00,0.000000,1,1,0,0,OBS01958
CELL::DEL|GAU|2026-10-22|Economy Standard|T45(40-50)::ROUND::2026-09-06T09:00::FLT::SG|SG-601|12:15,CELL::DEL|GAU|2026-10-22|Economy Standard|T45(40-50)::ROUND::2026-09-06T09:00,DEL,GAU,2026-10-22,Economy Standard,T45(40-50),ROUND::2026-09-06T09:00,SG,SG-601,12:15,6673.00,1,AirlineSite,AirlineSite=6673.00,6673.00,6673.00,0.00,0.000000,1,1,0,0,OBS01975
CELL::DEL|GAU|2026-10-22|Economy Standard|T45(40-50)::ROUND::2026-09-06T20:15::FLT::6E|6E-415|05:30,CELL::DEL|GAU|2026-10-22|Economy Standard|T45(40-50)::ROUND::2026-09-06T20:15,DEL,GAU,2026-10-22,Economy Standard,T45(40-50),ROUND::2026-09-06T20:15,6E,6E-415,05:30,6795.00,1,Goibibo,Goibibo=6795.00,6795.00,6795.00,0.00,0.000000,1,1,0,0,OBS02968
CELL::DEL|GOI|2026-09-07|Economy Flexi|T1(0-2)::ROUND::2026-09-05T09:00::FLT::6E|6E-334|15:15,CELL::DEL|GOI|2026-09-07|Economy Flexi|T1(0-2)::ROUND::2026-09-05T09:00,DEL,GOI,2026-09-07,Economy Flexi,T1(0-2),ROUND::2026-09-05T09:00,6E,6E-334,15:15,11634.50,2,EaseMyTrip;Goibibo,EaseMyTrip=11791.00;Goibibo=11478.00,11478.00,11791.00,313.00,0.026903,2,2,0,0,OBS00380;OBS00381
CELL::DEL|GOI|2026-09-07|Economy Flexi|T1(0-2)::ROUND::2026-09-05T09:00::FLT::AI|AI-861|07:30,CELL::DEL|GOI|2026-09-07|Economy Flexi|T1(0-2)::ROUND::2026-09-05T09:00,DEL,GOI,2026-09-07,Economy Flexi,T1(0-2),ROUND::2026-09-05T09:00,AI,AI-861,07:30,11985.00,2,EaseMyTrip;MMT,EaseMyTrip=12044.00;MMT=11926.00,11926.00,12044.00,118.00,0.009846,2,2,0,0,OBS00398;OBS00399
CELL::DEL|GOI|2026-09-07|Economy Flexi|T1(0-2)::ROUND::2026-09-05T14:30::FLT::AI|AI-861|07:30,CELL::DEL|GOI|2026-09-07|Economy Flexi|T1(0-2)::ROUND::2026-09-05T14:30,DEL,GOI,2026-09-07,Economy Flexi,T1(0-2),ROUND::2026-09-05T14:30,AI,AI-861,07:30,11400.50,2,Cleartrip;MMT,Cleartrip=11447.00;MMT=11354.00,11354.00,11447.00,93.00,0.008158,2,2,0,0,OBS00882;OBS00883
CELL::DEL|GOI|2026-09-07|Economy Flexi|T1(0-2)::ROUND::2026-09-05T14:30::FLT::QP|QP-1510|10:45,CELL::DEL|GOI|2026-09-07|Economy Flexi|T1(0-2)::ROUND::2026-09-05T14:30,DEL,GOI,2026-09-07,Economy Flexi,T1(0-2),ROUND::2026-09-05T14:30,QP,QP-1510,10:45,11734.00,2,AirlineSite;MMT,AirlineSite=11528.00;MMT=11940.00,11528.00,11940.00,412.00,0.035112,2,2,0,0,OBS00893;OBS00894
CELL::DEL|GOI|2026-09-07|Economy Flexi|T1(0-2)::ROUND::2026-09-05T20:15::FLT::6E|6E-334|15:15,CELL::DEL|GOI|2026-09-07|Economy Flexi|T1(0-2)::ROUND::2026-09-05T20:15,DEL,GOI,2026-09-07,Economy Flexi,T1(0-2),ROUND::2026-09-05T20:15,6E,6E-334,15:15,11125.00,1,Goibibo,Goibibo=11125.00,11125.00,11125.00,0.00,0.000000,1,1,0,0,OBS01389
CELL::DEL|GOI|2026-09-07|Economy Flexi|T1(0-2)::ROUND::2026-09-05T20:15::FLT::AI|AI-861|07:30,CELL::DEL|GOI|2026-09-07|Economy Flexi|T1(0-2)::ROUND::2026-09-05T20:15,DEL,GOI,2026-09-07,Economy Flexi,T1(0-2),ROUND::2026-09-05T20:15,AI,AI-861,07:30,11741.50,2,AirlineSite;MMT,AirlineSite=11963.00;MMT=11520.00,11520.00,11963.00,443.00,0.037729,2,2,0,0,OBS01397;OBS01398
CELL::DEL|GOI|2026-09-07|Economy Flexi|T1(0-2)::ROUND::2026-09-05T20:15::FLT::QP|QP-1510|10:45,CELL::DEL|GOI|2026-09-07|Economy Flexi|T1(0-2)::ROUND::2026-09-05T20:15,DEL,GOI,2026-09-07,Economy Flexi,T1(0-2),ROUND::2026-09-05T20:15,QP,QP-1510,10:45,11371.00,1,AirlineSite,AirlineSite=11371.00,11371.00,11371.00,0.00,0.000000,1,1,0,0,OBS01408
CELL::DEL|GOI|2026-09-07|Economy Flexi|T1(0-2)::ROUND::2026-09-06T09:00::FLT::AI|AI-861|07:30,CELL::DEL|GOI|2026-09-07|Economy Flexi|T1(0-2)::ROUND::2026-09-06T09:00,DEL,GOI,2026-09-07,Economy Flexi,T1(0-2),ROUND::2026-09-06T09:00,AI,AI-861,07:30,11573.00,1,MMT,MMT=11573.00,11573.00,11573.00,0.00,0.000000,1,1,0,0,OBS01923
CELL::DEL|GOI|2026-09-07|Economy Flexi|T1(0-2)::ROUND::2026-09-06T09:00::FLT::QP|QP-1510|10:45,CELL::DEL|GOI|2026-09-07|Economy Flexi|T1(0-2)::ROUND::2026-09-06T09:00,DEL,GOI,2026-09-07,Economy Flexi,T1(0-2),ROUND::2026-09-06T09:00,QP,QP-1510,10:45,11914.00,1,EaseMyTrip,EaseMyTrip=11914.00,11914.00,11914.00,0.00,0.000000,1,1,0,0,OBS01936
CELL::DEL|GOI|2026-09-07|Economy Flexi|T1(0-2)::ROUND::2026-09-06T14:30::FLT::6E|6E-334|15:15,CELL::DEL|GOI|2026-09-07|Economy Flexi|T1(0-2)::ROUND::2026-09-06T14:30,DEL,GOI,2026-09-07,Economy Flexi,T1(0-2),ROUND::2026-09-06T14:30,6E,6E-334,15:15,11560.00,2,AirlineSite;Cleartrip,AirlineSite=11690.00;Cleartrip=11430.00,11430.00,11690.00,260.00,0.022491,2,2,0,0,OBS02405;OBS02406
CELL::DEL|GOI|2026-09-07|Economy Flexi|T1(0-2)::ROUND::2026-09-06T14:30::FLT::AI|AI-861|07:30,CELL::DEL|GOI|2026-09-07|Economy Flexi|T1(0-2)::ROUND::2026-09-06T14:30,DEL,GOI,2026-09-07,Economy Flexi,T1(0-2),ROUND::2026-09-06T14:30,AI,AI-861,07:30,11724.50,2,AirlineSite;EaseMyTrip,AirlineSite=11469.00;EaseMyTrip=11980.00,11469.00,11980.00,511.00,0.043584,2,2,0,0,OBS02418;OBS02419
CELL::DEL|GOI|2026-09-07|Economy Flexi|T1(0-2)::ROUND::2026-09-06T14:30::FLT::QP|QP-1510|10:45,CELL::DEL|GOI|2026-09-07|Economy Flexi|T1(0-2)::ROUND::2026-09-06T14:30,DEL,GOI,2026-09-07,Economy Flexi,T1(0-2),ROUND::2026-09-06T14:30,QP,QP-1510,10:45,12081.00,1,AirlineSite,AirlineSite=12081.00,12081.00,12081.00,0.00,0.000000,1,1,0,0,OBS02427
CELL::DEL|GOI|2026-09-07|Economy Flexi|T1(0-2)::ROUND::2026-09-06T20:15::FLT::QP|QP-1510|10:45,CELL::DEL|GOI|2026-09-07|Economy Flexi|T1(0-2)::ROUND::2026-09-06T20:15,DEL,GOI,2026-09-07,Economy Flexi,T1(0-2),ROUND::2026-09-06T20:15,QP,QP-1510,10:45,11611.00,2,Cleartrip;Goibibo,Cleartrip=11619.00;Goibibo=11603.00,11603.00,11619.00,16.00,0.001378,2,2,0,0,OBS02943;OBS02944
CELL::DEL|GOI|2026-09-07|Economy Saver|T1(0-2)::ROUND::2026-09-05T09:00::FLT::QP|QP-1510|10:45,CELL::DEL|GOI|2026-09-07|Economy Saver|T1(0-2)::ROUND::2026-09-05T09:00,DEL,GOI,2026-09-07,Economy Saver,T1(0-2),ROUND::2026-09-05T09:00,QP,QP-1510,10:45,7675.00,2,Goibibo;MMT,Goibibo=7722.00;MMT=7628.00,7628.00,7722.00,94.00,0.012248,2,2,0,0,OBS00407;OBS00408
CELL::DEL|GOI|2026-09-07|Economy Saver|T1(0-2)::ROUND::2026-09-05T14:30::FLT::6E|6E-334|15:15,CELL::DEL|GOI|2026-09-07|Economy Saver|T1(0-2)::ROUND::2026-09-05T14:30,DEL,GOI,2026-09-07,Economy Saver,T1(0-2),ROUND::2026-09-05T14:30,6E,6E-334,15:15,7385.00,2,EaseMyTrip;Goibibo,EaseMyTrip=7489.00;Goibibo=7281.00,7281.00,7489.00,208.00,0.028165,2,2,0,0,OBS00872;OBS00873
CELL::DEL|GOI|2026-09-07|Economy Saver|T1(0-2)::ROUND::2026-09-05T14:30::FLT::QP|QP-1510|10:45,CELL::DEL|GOI|2026-09-07|Economy Saver|T1(0-2)::ROUND::2026-09-05T14:30,DEL,GOI,2026-09-07,Economy Saver,T1(0-2),ROUND::2026-09-05T14:30,QP,QP-1510,10:45,7530.00,1,Goibibo,Goibibo=7530.00,7530.00,7530.00,0.00,0.000000,1,1,0,0,OBS00895
CELL::DEL|GOI|2026-09-07|Economy Saver|T1(0-2)::ROUND::2026-09-05T20:15::FLT::6E|6E-334|15:15,CELL::DEL|GOI|2026-09-07|Economy Saver|T1(0-2)::ROUND::2026-09-05T20:15,DEL,GOI,2026-09-07,Economy Saver,T1(0-2),ROUND::2026-09-05T20:15,6E,6E-334,15:15,7668.00,1,AirlineSite,AirlineSite=7668.00,7668.00,7668.00,0.00,0.000000,1,1,0,0,OBS01388
CELL::DEL|GOI|2026-09-07|Economy Saver|T1(0-2)::ROUND::2026-09-05T20:15::FLT::AI|AI-861|07:30,CELL::DEL|GOI|2026-09-07|Economy Saver|T1(0-2)::ROUND::2026-09-05T20:15,DEL,GOI,2026-09-07,Economy Saver,T1(0-2),ROUND::2026-09-05T20:15,AI,AI-861,07:30,7130.00,1,Goibibo,Goibibo=7130.00,7130.00,7130.00,0.00,0.000000,1,1,0,0,OBS01399
CELL::DEL|GOI|2026-09-07|Economy Saver|T1(0-2)::ROUND::2026-09-06T09:00::FLT::6E|6E-334|15:15,CELL::DEL|GOI|2026-09-07|Economy Saver|T1(0-2)::ROUND::2026-09-06T09:00,DEL,GOI,2026-09-07,Economy Saver,T1(0-2),ROUND::2026-09-06T09:00,6E,6E-334,15:15,7568.50,2,Goibibo;MMT,Goibibo=7509.00;MMT=7628.00,7509.00,7628.00,119.00,0.015723,2,2,0,0,OBS01912;OBS01913
CELL::DEL|GOI|2026-09-07|Economy Saver|T1(0-2)::ROUND::2026-09-06T09:00::FLT::AI|AI-861|07:30,CELL::DEL|GOI|2026-09-07|Economy Saver|T1(0-2)::ROUND::2026-09-06T09:00,DEL,GOI,2026-09-07,Economy Saver,T1(0-2),ROUND::2026-09-06T09:00,AI,AI-861,07:30,7807.00,1,Cleartrip,Cleartrip=7807.00,7807.00,7807.00,0.00,0.000000,1,1,0,0,OBS01924
CELL::DEL|GOI|2026-09-07|Economy Saver|T1(0-2)::ROUND::2026-09-06T14:30::FLT::AI|AI-861|07:30,CELL::DEL|GOI|2026-09-07|Economy Saver|T1(0-2)::ROUND::2026-09-06T14:30,DEL,GOI,2026-09-07,Economy Saver,T1(0-2),ROUND::2026-09-06T14:30,AI,AI-861,07:30,7234.00,1,Goibibo,Goibibo=7234.00,7234.00,7234.00,0.00,0.000000,1,1,0,0,OBS02417
CELL::DEL|GOI|2026-09-07|Economy Saver|T1(0-2)::ROUND::2026-09-06T14:30::FLT::QP|QP-1510|10:45,CELL::DEL|GOI|2026-09-07|Economy Saver|T1(0-2)::ROUND::2026-09-06T14:30,DEL,GOI,2026-09-07,Economy Saver,T1(0-2),ROUND::2026-09-06T14:30,QP,QP-1510,10:45,7726.00,1,EaseMyTrip,EaseMyTrip=7726.00,7726.00,7726.00,0.00,0.000000,1,1,0,0,OBS02426
CELL::DEL|GOI|2026-09-07|Economy Saver|T1(0-2)::ROUND::2026-09-06T20:15::FLT::6E|6E-334|15:15,CELL::DEL|GOI|2026-09-07|Economy Saver|T1(0-2)::ROUND::2026-09-06T20:15,DEL,GOI,2026-09-07,Economy Saver,T1(0-2),ROUND::2026-09-06T20:15,6E,6E-334,15:15,7316.00,1,AirlineSite,AirlineSite=7316.00,7316.00,7316.00,0.00,0.000000,1,1,0,0,OBS02925
CELL::DEL|GOI|2026-09-07|Economy Standard|T1(0-2)::ROUND::2026-09-05T09:00::FLT::6E|6E-334|15:15,CELL::DEL|GOI|2026-09-07|Economy Standard|T1(0-2)::ROUND::2026-09-05T09:00,DEL,GOI,2026-09-07,Economy Standard,T1(0-2),ROUND::2026-09-05T09:00,6E,6E-334,15:15,9614.50,2,AirlineSite;Cleartrip,AirlineSite=9254.00;Cleartrip=9975.00,9254.00,9975.00,721.00,0.074991,2,2,0,0,OBS00382;OBS00383
CELL::DEL|GOI|2026-09-07|Economy Standard|T1(0-2)::ROUND::2026-09-05T09:00::FLT::AI|AI-861|07:30,CELL::DEL|GOI|2026-09-07|Economy Standard|T1(0-2)::ROUND::2026-09-05T09:00,DEL,GOI,2026-09-07,Economy Standard,T1(0-2),ROUND::2026-09-05T09:00,AI,AI-861,07:30,9639.00,1,AirlineSite,AirlineSite=9639.00,9639.00,9639.00,0.00,0.000000,1,1,0,0,OBS00400
CELL::DEL|GOI|2026-09-07|Economy Standard|T1(0-2)::ROUND::2026-09-06T09:00::FLT::6E|6E-334|15:15,CELL::DEL|GOI|2026-09-07|Economy Standard|T1(0-2)::ROUND::2026-09-06T09:00,DEL,GOI,2026-09-07,Economy Standard,T1(0-2),ROUND::2026-09-06T09:00,6E,6E-334,15:15,9443.50,2,AirlineSite;Cleartrip,AirlineSite=9388.00;Cleartrip=9499.00,9388.00,9499.00,111.00,0.011754,2,2,0,0,OBS01910;OBS01911
CELL::DEL|GOI|2026-09-07|Economy Standard|T1(0-2)::ROUND::2026-09-06T09:00::FLT::QP|QP-1510|10:45,CELL::DEL|GOI|2026-09-07|Economy Standard|T1(0-2)::ROUND::2026-09-06T09:00,DEL,GOI,2026-09-07,Economy Standard,T1(0-2),ROUND::2026-09-06T09:00,QP,QP-1510,10:45,9674.50,2,EaseMyTrip;MMT,EaseMyTrip=10012.00;MMT=9337.00,9337.00,10012.00,675.00,0.069771,2,2,0,0,OBS01937;OBS01938
CELL::DEL|GOI|2026-09-07|Economy Standard|T1(0-2)::ROUND::2026-09-06T14:30::FLT::6E|6E-334|15:15,CELL::DEL|GOI|2026-09-07|Economy Standard|T1(0-2)::ROUND::2026-09-06T14:30,DEL,GOI,2026-09-07,Economy Standard,T1(0-2),ROUND::2026-09-06T14:30,6E,6E-334,15:15,9666.50,2,Goibibo;MMT,Goibibo=10021.00;MMT=9312.00,9312.00,10021.00,709.00,0.073346,2,2,0,0,OBS02407;OBS02408
CELL::DEL|GOI|2026-09-07|Economy Standard|T1(0-2)::ROUND::2026-09-06T20:15::FLT::AI|AI-861|07:30,CELL::DEL|GOI|2026-09-07|Economy Standard|T1(0-2)::ROUND::2026-09-06T20:15,DEL,GOI,2026-09-07,Economy Standard,T1(0-2),ROUND::2026-09-06T20:15,AI,AI-861,07:30,9712.00,1,Goibibo,Goibibo=9712.00,9712.00,9712.00,0.00,0.000000,1,1,0,0,OBS02932
CELL::DEL|GOI|2026-09-13|Economy Flexi|T7(5-9)::ROUND::2026-09-05T09:00::FLT::QP|QP-1510|10:45,CELL::DEL|GOI|2026-09-13|Economy Flexi|T7(5-9)::ROUND::2026-09-05T09:00,DEL,GOI,2026-09-13,Economy Flexi,T7(5-9),ROUND::2026-09-05T09:00,QP,QP-1510,10:45,10645.50,2,Cleartrip;Goibibo,Cleartrip=10920.00;Goibibo=10371.00,10371.00,10920.00,549.00,0.051571,2,2,0,0,OBS00409;OBS00410
CELL::DEL|GOI|2026-09-13|Economy Flexi|T7(5-9)::ROUND::2026-09-05T14:30::FLT::QP|QP-1510|10:45,CELL::DEL|GOI|2026-09-13|Economy Flexi|T7(5-9)::ROUND::2026-09-05T14:30,DEL,GOI,2026-09-13,Economy Flexi,T7(5-9),ROUND::2026-09-05T14:30,QP,QP-1510,10:45,10645.50,2,Cleartrip;MMT,Cleartrip=10438.00;MMT=10853.00,10438.00,10853.00,415.00,0.038984,2,2,0,0,OBS00896;OBS00897
CELL::DEL|GOI|2026-09-13|Economy Flexi|T7(5-9)::ROUND::2026-09-06T09:00::FLT::6E|6E-334|15:15,CELL::DEL|GOI|2026-09-13|Economy Flexi|T7(5-9)::ROUND::2026-09-06T09:00,DEL,GOI,2026-09-13,Economy Flexi,T7(5-9),ROUND::2026-09-06T09:00,6E,6E-334,15:15,10436.00,2,EaseMyTrip;MMT,EaseMyTrip=10459.00;MMT=10413.00,10413.00,10459.00,46.00,0.004408,2,2,0,0,OBS01914;OBS01915
CELL::DEL|GOI|2026-09-13|Economy Flexi|T7(5-9)::ROUND::2026-09-06T14:30::FLT::6E|6E-334|15:15,CELL::DEL|GOI|2026-09-13|Economy Flexi|T7(5-9)::ROUND::2026-09-06T14:30,DEL,GOI,2026-09-13,Economy Flexi,T7(5-9),ROUND::2026-09-06T14:30,6E,6E-334,15:15,10953.00,1,Goibibo,Goibibo=10953.00,10953.00,10953.00,0.00,0.000000,1,1,0,0,OBS02409
CELL::DEL|GOI|2026-09-13|Economy Flexi|T7(5-9)::ROUND::2026-09-06T20:15::FLT::6E|6E-334|15:15,CELL::DEL|GOI|2026-09-13|Economy Flexi|T7(5-9)::ROUND::2026-09-06T20:15,DEL,GOI,2026-09-13,Economy Flexi,T7(5-9),ROUND::2026-09-06T20:15,6E,6E-334,15:15,11004.00,1,Cleartrip,Cleartrip=11004.00,11004.00,11004.00,0.00,0.000000,1,1,0,0,OBS02927
CELL::DEL|GOI|2026-09-13|Economy Saver|T7(5-9)::ROUND::2026-09-05T09:00::FLT::6E|6E-334|15:15,CELL::DEL|GOI|2026-09-13|Economy Saver|T7(5-9)::ROUND::2026-09-05T09:00,DEL,GOI,2026-09-13,Economy Saver,T7(5-9),ROUND::2026-09-05T09:00,6E,6E-334,15:15,6397.00,2,EaseMyTrip;MMT,EaseMyTrip=6488.00;MMT=6306.00,6306.00,6488.00,182.00,0.028451,2,2,0,0,OBS00385;OBS00386
CELL::DEL|GOI|2026-09-13|Economy Saver|T7(5-9)::ROUND::2026-09-05T09:00::FLT::AI|AI-861|07:30,CELL::DEL|GOI|2026-09-13|Economy Saver|T7(5-9)::ROUND::2026-09-05T09:00,DEL,GOI,2026-09-13,Economy Saver,T7(5-9),ROUND::2026-09-05T09:00,AI,AI-861,07:30,6451.00,1,EaseMyTrip,EaseMyTrip=6451.00,6451.00,6451.00,0.00,0.000000,1,1,0,0,OBS00401
CELL::DEL|GOI|2026-09-13|Economy Saver|T7(5-9)::ROUND::2026-09-05T09:00::FLT::QP|QP-1510|10:45,CELL::DEL|GOI|2026-09-13|Economy Saver|T7(5-9)::ROUND::2026-09-05T09:00,DEL,GOI,2026-09-13,Economy Saver,T7(5-9),ROUND::2026-09-05T09:00,QP,QP-1510,10:45,6662.50,2,Cleartrip;MMT,Cleartrip=6856.00;MMT=6469.00,6469.00,6856.00,387.00,0.058086,2,2,0,0,OBS00411;OBS00412
CELL::DEL|GOI|2026-09-13|Economy Saver|T7(5-9)::ROUND::2026-09-05T14:30::FLT::6E|6E-334|15:15,CELL::DEL|GOI|2026-09-13|Economy Saver|T7(5-9)::ROUND::2026-09-05T14:30,DEL,GOI,2026-09-13,Economy Saver,T7(5-9),ROUND::2026-09-05T14:30,6E,6E-334,15:15,6519.00,1,Goibibo,Goibibo=6519.00,6519.00,6519.00,0.00,0.000000,1,1,0,0,OBS00874
CELL::DEL|GOI|2026-09-13|Economy Saver|T7(5-9)::ROUND::2026-09-05T14:30::FLT::AI|AI-861|07:30,CELL::DEL|GOI|2026-09-13|Economy Saver|T7(5-9)::ROUND::2026-09-05T14:30,DEL,GOI,2026-09-13,Economy Saver,T7(5-9),ROUND::2026-09-05T14:30,AI,AI-861,07:30,6392.00,1,Goibibo,Goibibo=6392.00,6392.00,6392.00,0.00,0.000000,1,1,0,0,OBS00886
CELL::DEL|GOI|2026-09-13|Economy Saver|T7(5-9)::ROUND::2026-09-05T20:15::FLT::6E|6E-334|15:15,CELL::DEL|GOI|2026-09-13|Economy Saver|T7(5-9)::ROUND::2026-09-05T20:15,DEL,GOI,2026-09-13,Economy Saver,T7(5-9),ROUND::2026-09-05T20:15,6E,6E-334,15:15,6663.50,2,AirlineSite;EaseMyTrip,AirlineSite=6889.00;EaseMyTrip=6438.00,6438.00,6889.00,451.00,0.067682,2,2,0,0,OBS01390;OBS01391
CELL::DEL|GOI|2026-09-13|Economy Saver|T7(5-9)::ROUND::2026-09-05T20:15::FLT::QP|QP-1510|10:45,CELL::DEL|GOI|2026-09-13|Economy Saver|T7(5-9)::ROUND::2026-09-05T20:15,DEL,GOI,2026-09-13,Economy Saver,T7(5-9),ROUND::2026-09-05T20:15,QP,QP-1510,10:45,6905.00,1,MMT,MMT=6905.00,6905.00,6905.00,0.00,0.000000,1,1,0,0,OBS01409
CELL::DEL|GOI|2026-09-13|Economy Saver|T7(5-9)::ROUND::2026-09-06T09:00::FLT::AI|AI-861|07:30,CELL::DEL|GOI|2026-09-13|Economy Saver|T7(5-9)::ROUND::2026-09-06T09:00,DEL,GOI,2026-09-13,Economy Saver,T7(5-9),ROUND::2026-09-06T09:00,AI,AI-861,07:30,6889.00,1,Cleartrip,Cleartrip=6889.00,6889.00,6889.00,0.00,0.000000,1,1,0,0,OBS01927
CELL::DEL|GOI|2026-09-13|Economy Saver|T7(5-9)::ROUND::2026-09-06T09:00::FLT::QP|QP-1510|10:45,CELL::DEL|GOI|2026-09-13|Economy Saver|T7(5-9)::ROUND::2026-09-06T09:00,DEL,GOI,2026-09-13,Economy Saver,T7(5-9),ROUND::2026-09-06T09:00,QP,QP-1510,10:45,6647.00,2,Goibibo;MMT,Goibibo=6649.00;MMT=6645.00,6645.00,6649.00,4.00,0.000602,2,2,0,0,OBS01939;OBS01940
CELL::DEL|GOI|2026-09-13|Economy Saver|T7(5-9)::ROUND::2026-09-06T14:30::FLT::AI|AI-861|07:30,CELL::DEL|GOI|2026-09-13|Economy Saver|T7(5-9)::ROUND::2026-09-06T14:30,DEL,GOI,2026-09-13,Economy Saver,T7(5-9),ROUND::2026-09-06T14:30,AI,AI-861,07:30,6811.00,2,Cleartrip;MMT,Cleartrip=6642.00;MMT=6980.00,6642.00,6980.00,338.00,0.049626,2,2,0,0,OBS02420;OBS02421
CELL::DEL|GOI|2026-09-13|Economy Saver|T7(5-9)::ROUND::2026-09-06T14:30::FLT::QP|QP-1510|10:45,CELL::DEL|GOI|2026-09-13|Economy Saver|T7(5-9)::ROUND::2026-09-06T14:30,DEL,GOI,2026-09-13,Economy Saver,T7(5-9),ROUND::2026-09-06T14:30,QP,QP-1510,10:45,6870.00,2,Cleartrip;MMT,Cleartrip=6741.00;MMT=6999.00,6741.00,6999.00,258.00,0.037555,2,2,0,0,OBS02428;OBS02429
CELL::DEL|GOI|2026-09-13|Economy Saver|T7(5-9)::ROUND::2026-09-06T20:15::FLT::6E|6E-334|15:15,CELL::DEL|GOI|2026-09-13|Economy Saver|T7(5-9)::ROUND::2026-09-06T20:15,DEL,GOI,2026-09-13,Economy Saver,T7(5-9),ROUND::2026-09-06T20:15,6E,6E-334,15:15,6971.00,1,AirlineSite,AirlineSite=6971.00,6971.00,6971.00,0.00,0.000000,1,1,0,0,OBS02926
CELL::DEL|GOI|2026-09-13|Economy Saver|T7(5-9)::ROUND::2026-09-06T20:15::FLT::AI|AI-861|07:30,CELL::DEL|GOI|2026-09-13|Economy Saver|T7(5-9)::ROUND::2026-09-06T20:15,DEL,GOI,2026-09-13,Economy Saver,T7(5-9),ROUND::2026-09-06T20:15,AI,AI-861,07:30,6866.00,1,AirlineSite,AirlineSite=6866.00,6866.00,6866.00,0.00,0.000000,1,1,0,0,OBS02935
CELL::DEL|GOI|2026-09-13|Economy Saver|T7(5-9)::ROUND::2026-09-06T20:15::FLT::QP|QP-1510|10:45,CELL::DEL|GOI|2026-09-13|Economy Saver|T7(5-9)::ROUND::2026-09-06T20:15,DEL,GOI,2026-09-13,Economy Saver,T7(5-9),ROUND::2026-09-06T20:15,QP,QP-1510,10:45,6742.50,2,EaseMyTrip;Goibibo,EaseMyTrip=6788.00;Goibibo=6697.00,6697.00,6788.00,91.00,0.013496,2,2,0,0,OBS02946;OBS02947
CELL::DEL|GOI|2026-09-13|Economy Saver|T7(5-9)::ROUND::2026-09-08T09:00::FLT::QP|QP-1510|12:00,CELL::DEL|GOI|2026-09-13|Economy Saver|T7(5-9)::ROUND::2026-09-08T09:00,DEL,GOI,2026-09-13,Economy Saver,T7(5-9),ROUND::2026-09-08T09:00,QP,QP-1510,12:00,6846.00,1,MMT,MMT=6846.00,6846.00,6846.00,0.00,0.000000,1,1,0,0,OBS02986
CELL::DEL|GOI|2026-09-13|Economy Standard|OUT_OF_BAND::ROUND::2026-09-09T20:15::FLT::6E|6E-334|12:00,CELL::DEL|GOI|2026-09-13|Economy Standard|OUT_OF_BAND::ROUND::2026-09-09T20:15,DEL,GOI,2026-09-13,Economy Standard,OUT_OF_BAND,ROUND::2026-09-09T20:15,6E,6E-334,12:00,9449.00,1,MMT,MMT=9449.00,9449.00,9449.00,0.00,0.000000,1,1,0,0,OBS02979
CELL::DEL|GOI|2026-09-13|Economy Standard|T7(5-9)::ROUND::2026-09-05T09:00::FLT::6E|6E-334|15:15,CELL::DEL|GOI|2026-09-13|Economy Standard|T7(5-9)::ROUND::2026-09-05T09:00,DEL,GOI,2026-09-13,Economy Standard,T7(5-9),ROUND::2026-09-05T09:00,6E,6E-334,15:15,8550.00,1,EaseMyTrip,EaseMyTrip=8550.00,8550.00,8550.00,0.00,0.000000,1,1,0,0,OBS00384
CELL::DEL|GOI|2026-09-13|Economy Standard|T7(5-9)::ROUND::2026-09-05T14:30::FLT::6E|6E-334|15:15,CELL::DEL|GOI|2026-09-13|Economy Standard|T7(5-9)::ROUND::2026-09-05T14:30,DEL,GOI,2026-09-13,Economy Standard,T7(5-9),ROUND::2026-09-05T14:30,6E,6E-334,15:15,8719.00,1,EaseMyTrip,EaseMyTrip=8719.00,8719.00,8719.00,0.00,0.000000,1,1,0,0,OBS00875
CELL::DEL|GOI|2026-09-13|Economy Standard|T7(5-9)::ROUND::2026-09-05T14:30::FLT::AI|AI-861|07:30,CELL::DEL|GOI|2026-09-13|Economy Standard|T7(5-9)::ROUND::2026-09-05T14:30,DEL,GOI,2026-09-13,Economy Standard,T7(5-9),ROUND::2026-09-05T14:30,AI,AI-861,07:30,8661.50,2,Cleartrip;EaseMyTrip,Cleartrip=8536.00;EaseMyTrip=8787.00,8536.00,8787.00,251.00,0.028979,2,2,0,0,OBS00884;OBS00885
CELL::DEL|GOI|2026-09-13|Economy Standard|T7(5-9)::ROUND::2026-09-05T20:15::FLT::AI|AI-861|07:30,CELL::DEL|GOI|2026-09-13|Economy Standard|T7(5-9)::ROUND::2026-09-05T20:15,DEL,GOI,2026-09-13,Economy Standard,T7(5-9),ROUND::2026-09-05T20:15,AI,AI-861,07:30,8215.00,1,EaseMyTrip,EaseMyTrip=8215.00,8215.00,8215.00,0.00,0.000000,1,1,0,0,OBS01400
CELL::DEL|GOI|2026-09-13|Economy Standard|T7(5-9)::ROUND::2026-09-05T20:15::FLT::QP|QP-1510|10:45,CELL::DEL|GOI|2026-09-13|Economy Standard|T7(5-9)::ROUND::2026-09-05T20:15,DEL,GOI,2026-09-13,Economy Standard,T7(5-9),ROUND::2026-09-05T20:15,QP,QP-1510,10:45,8603.00,2,Cleartrip;EaseMyTrip,Cleartrip=8447.00;EaseMyTrip=8759.00,8447.00,8759.00,312.00,0.036266,2,2,0,0,OBS01410;OBS01411
CELL::DEL|GOI|2026-09-13|Economy Standard|T7(5-9)::ROUND::2026-09-06T09:00::FLT::AI|AI-861|07:30,CELL::DEL|GOI|2026-09-13|Economy Standard|T7(5-9)::ROUND::2026-09-06T09:00,DEL,GOI,2026-09-13,Economy Standard,T7(5-9),ROUND::2026-09-06T09:00,AI,AI-861,07:30,8677.50,2,AirlineSite;MMT,AirlineSite=8780.00;MMT=8575.00,8575.00,8780.00,205.00,0.023624,2,2,0,0,OBS01925;OBS01926
CELL::DEL|GOI|2026-09-13|Economy Standard|T7(5-9)::ROUND::2026-09-06T09:00::FLT::QP|QP-1510|10:45,CELL::DEL|GOI|2026-09-13|Economy Standard|T7(5-9)::ROUND::2026-09-06T09:00,DEL,GOI,2026-09-13,Economy Standard,T7(5-9),ROUND::2026-09-06T09:00,QP,QP-1510,10:45,8508.00,1,Cleartrip,Cleartrip=8508.00,8508.00,8508.00,0.00,0.000000,1,1,0,0,OBS01941
CELL::DEL|GOI|2026-09-13|Economy Standard|T7(5-9)::ROUND::2026-09-06T14:30::FLT::6E|6E-334|15:15,CELL::DEL|GOI|2026-09-13|Economy Standard|T7(5-9)::ROUND::2026-09-06T14:30,DEL,GOI,2026-09-13,Economy Standard,T7(5-9),ROUND::2026-09-06T14:30,6E,6E-334,15:15,8509.00,2,AirlineSite;MMT,AirlineSite=8467.00;MMT=8551.00,8467.00,8551.00,84.00,0.009872,2,2,0,0,OBS02410;OBS02411
CELL::DEL|GOI|2026-09-13|Economy Standard|T7(5-9)::ROUND::2026-09-06T20:15::FLT::AI|AI-861|07:30,CELL::DEL|GOI|2026-09-13|Economy Standard|T7(5-9)::ROUND::2026-09-06T20:15,DEL,GOI,2026-09-13,Economy Standard,T7(5-9),ROUND::2026-09-06T20:15,AI,AI-861,07:30,8410.00,2,AirlineSite;MMT,AirlineSite=8527.00;MMT=8293.00,8293.00,8527.00,234.00,0.027824,2,2,0,0,OBS02933;OBS02934
CELL::DEL|GOI|2026-09-13|Economy Standard|T7(5-9)::ROUND::2026-09-06T20:15::FLT::QP|QP-1510|10:45,CELL::DEL|GOI|2026-09-13|Economy Standard|T7(5-9)::ROUND::2026-09-06T20:15,DEL,GOI,2026-09-13,Economy Standard,T7(5-9),ROUND::2026-09-06T20:15,QP,QP-1510,10:45,8399.00,1,EaseMyTrip,EaseMyTrip=8399.00,8399.00,8399.00,0.00,0.000000,1,1,0,0,OBS02945
CELL::DEL|GOI|2026-09-21|Economy Flexi|T15(12-18)::ROUND::2026-09-05T09:00::FLT::QP|QP-1510|10:45,CELL::DEL|GOI|2026-09-21|Economy Flexi|T15(12-18)::ROUND::2026-09-05T09:00,DEL,GOI,2026-09-21,Economy Flexi,T15(12-18),ROUND::2026-09-05T09:00,QP,QP-1510,10:45,9102.00,1,Cleartrip,Cleartrip=9102.00,9102.00,9102.00,0.00,0.000000,1,1,0,0,OBS00413
CELL::DEL|GOI|2026-09-21|Economy Flexi|T15(12-18)::ROUND::2026-09-05T14:30::FLT::AI|AI-861|07:30,CELL::DEL|GOI|2026-09-21|Economy Flexi|T15(12-18)::ROUND::2026-09-05T14:30,DEL,GOI,2026-09-21,Economy Flexi,T15(12-18),ROUND::2026-09-05T14:30,AI,AI-861,07:30,9020.00,1,Goibibo,Goibibo=9020.00,9020.00,9020.00,0.00,0.000000,1,1,0,0,OBS00888
CELL::DEL|GOI|2026-09-21|Economy Flexi|T15(12-18)::ROUND::2026-09-05T20:15::FLT::6E|6E-334|15:15,CELL::DEL|GOI|2026-09-21|Economy Flexi|T15(12-18)::ROUND::2026-09-05T20:15,DEL,GOI,2026-09-21,Economy Flexi,T15(12-18),ROUND::2026-09-05T20:15,6E,6E-334,15:15,8843.00,2,AirlineSite;EaseMyTrip,AirlineSite=8499.00;EaseMyTrip=9187.00,8499.00,9187.00,688.00,0.077802,2,2,0,0,OBS01392;OBS01393
CELL::DEL|GOI|2026-09-21|Economy Flexi|T15(12-18)::ROUND::2026-09-05T20:15::FLT::AI|AI-861|07:30,CELL::DEL|GOI|2026-09-21|Economy Flexi|T15(12-18)::ROUND::2026-09-05T20:15,DEL,GOI,2026-09-21,Economy Flexi,T15(12-18),ROUND::2026-09-05T20:15,AI,AI-861,07:30,8827.00,1,Cleartrip,Cleartrip=8827.00,8827.00,8827.00,0.00,0.000000,1,1,0,0,OBS01401
CELL::DEL|GOI|2026-09-21|Economy Flexi|T15(12-18)::ROUND::2026-09-05T20:15::FLT::QP|QP-1510|10:45,CELL::DEL|GOI|2026-09-21|Economy Flexi|T15(12-18)::ROUND::2026-09-05T20:15,DEL,GOI,2026-09-21,Economy Flexi,T15(12-18),ROUND::2026-09-05T20:15,QP,QP-1510,10:45,8616.00,2,Goibibo;MMT,Goibibo=8883.00;MMT=8349.00,8349.00,8883.00,534.00,0.061978,2,2,0,0,OBS01413;OBS01414
CELL::DEL|GOI|2026-09-21|Economy Flexi|T15(12-18)::ROUND::2026-09-06T09:00::FLT::6E|6E-334|15:15,CELL::DEL|GOI|2026-09-21|Economy Flexi|T15(12-18)::ROUND::2026-09-06T09:00,DEL,GOI,2026-09-21,Economy Flexi,T15(12-18),ROUND::2026-09-06T09:00,6E,6E-334,15:15,9240.00,2,AirlineSite;Cleartrip,AirlineSite=9122.00;Cleartrip=9358.00,9122.00,9358.00,236.00,0.025541,2,2,0,0,OBS01917;OBS01918
CELL::DEL|GOI|2026-09-21|Economy Flexi|T15(12-18)::ROUND::2026-09-06T09:00::FLT::AI|AI-861|07:30,CELL::DEL|GOI|2026-09-21|Economy Flexi|T15(12-18)::ROUND::2026-09-06T09:00,DEL,GOI,2026-09-21,Economy Flexi,T15(12-18),ROUND::2026-09-06T09:00,AI,AI-861,07:30,9455.00,1,Goibibo,Goibibo=9455.00,9455.00,9455.00,0.00,0.000000,1,1,0,0,OBS01928
CELL::DEL|GOI|2026-09-21|Economy Flexi|T15(12-18)::ROUND::2026-09-06T09:00::FLT::QP|QP-1510|10:45,CELL::DEL|GOI|2026-09-21|Economy Flexi|T15(12-18)::ROUND::2026-09-06T09:00,DEL,GOI,2026-09-21,Economy Flexi,T15(12-18),ROUND::2026-09-06T09:00,QP,QP-1510,10:45,8831.00,2,EaseMyTrip;Goibibo,EaseMyTrip=8562.00;Goibibo=9100.00,8562.00,9100.00,538.00,0.060922,2,2,0,0,OBS01944;OBS01945
CELL::DEL|GOI|2026-09-21|Economy Flexi|T15(12-18)::ROUND::2026-09-06T14:30::FLT::6E|6E-334|15:15,CELL::DEL|GOI|2026-09-21|Economy Flexi|T15(12-18)::ROUND::2026-09-06T14:30,DEL,GOI,2026-09-21,Economy Flexi,T15(12-18),ROUND::2026-09-06T14:30,6E,6E-334,15:15,8942.50,2,Cleartrip;EaseMyTrip,Cleartrip=8951.00;EaseMyTrip=8934.00,8934.00,8951.00,17.00,0.001901,2,2,0,0,OBS02412;OBS02413
CELL::DEL|GOI|2026-09-21|Economy Flexi|T15(12-18)::ROUND::2026-09-06T14:30::FLT::QP|QP-1510|10:45,CELL::DEL|GOI|2026-09-21|Economy Flexi|T15(12-18)::ROUND::2026-09-06T14:30,DEL,GOI,2026-09-21,Economy Flexi,T15(12-18),ROUND::2026-09-06T14:30,QP,QP-1510,10:45,9182.50,2,Cleartrip;Goibibo,Cleartrip=9458.00;Goibibo=8907.00,8907.00,9458.00,551.00,0.060005,2,2,0,0,OBS02431;OBS02432
CELL::DEL|GOI|2026-09-21|Economy Flexi|T15(12-18)::ROUND::2026-09-06T20:15::FLT::QP|QP-1510|10:45,CELL::DEL|GOI|2026-09-21|Economy Flexi|T15(12-18)::ROUND::2026-09-06T20:15,DEL,GOI,2026-09-21,Economy Flexi,T15(12-18),ROUND::2026-09-06T20:15,QP,QP-1510,10:45,8787.50,2,AirlineSite;Cleartrip,AirlineSite=8663.00;Cleartrip=8912.00,8663.00,8912.00,249.00,0.028336,2,2,0,0,OBS02950;OBS02951
CELL::DEL|GOI|2026-09-21|Economy Saver|T15(12-18)::ROUND::2026-09-05T09:00::FLT::6E|6E-334|15:15,CELL::DEL|GOI|2026-09-21|Economy Saver|T15(12-18)::ROUND::2026-09-05T09:00,DEL,GOI,2026-09-21,Economy Saver,T15(12-18),ROUND::2026-09-05T09:00,6E,6E-334,15:15,5497.00,1,EaseMyTrip,EaseMyTrip=5497.00,5497.00,5497.00,0.00,0.000000,1,1,0,0,OBS00389
CELL::DEL|GOI|2026-09-21|Economy Saver|T15(12-18)::ROUND::2026-09-05T09:00::FLT::AI|AI-861|07:30,CELL::DEL|GOI|2026-09-21|Economy Saver|T15(12-18)::ROUND::2026-09-05T09:00,DEL,GOI,2026-09-21,Economy Saver,T15(12-18),ROUND::2026-09-05T09:00,AI,AI-861,07:30,5423.00,2,Cleartrip;Goibibo,Cleartrip=5409.00;Goibibo=5437.00,5409.00,5437.00,28.00,0.005163,2,2,0,0,OBS00402;OBS00403
CELL::DEL|GOI|2026-09-21|Economy Saver|T15(12-18)::ROUND::2026-09-05T09:00::FLT::QP|QP-1510|10:45,CELL::DEL|GOI|2026-09-21|Economy Saver|T15(12-18)::ROUND::2026-09-05T09:00,DEL,GOI,2026-09-21,Economy Saver,T15(12-18),ROUND::2026-09-05T09:00,QP,QP-1510,10:45,5746.00,1,MMT,MMT=5746.00,5746.00,5746.00,0.00,0.000000,1,1,0,0,OBS00414
CELL::DEL|GOI|2026-09-21|Economy Saver|T15(12-18)::ROUND::2026-09-05T14:30::FLT::AI|AI-861|07:30,CELL::DEL|GOI|2026-09-21|Economy Saver|T15(12-18)::ROUND::2026-09-05T14:30,DEL,GOI,2026-09-21,Economy Saver,T15(12-18),ROUND::2026-09-05T14:30,AI,AI-861,07:30,5531.00,1,MMT,MMT=5531.00,5531.00,5531.00,0.00,0.000000,1,1,0,0,OBS00887
CELL::DEL|GOI|2026-09-21|Economy Saver|T15(12-18)::ROUND::2026-09-05T14:30::FLT::QP|QP-1510|10:45,CELL::DEL|GOI|2026-09-21|Economy Saver|T15(12-18)::ROUND::2026-09-05T14:30,DEL,GOI,2026-09-21,Economy Saver,T15(12-18),ROUND::2026-09-05T14:30,QP,QP-1510,10:45,5645.00,2,AirlineSite;MMT,AirlineSite=5760.00;MMT=5530.00,5530.00,5760.00,230.00,0.040744,2,2,0,0,OBS00899;OBS00900
CELL::DEL|GOI|2026-09-21|Economy Saver|T15(12-18)::ROUND::2026-09-05T20:15::FLT::AI|AI-861|07:30,CELL::DEL|GOI|2026-09-21|Economy Saver|T15(12-18)::ROUND::2026-09-05T20:15,DEL,GOI,2026-09-21,Economy Saver,T15(12-18),ROUND::2026-09-05T20:15,AI,AI-861,07:30,5662.50,2,Cleartrip;Goibibo,Cleartrip=5537.00;Goibibo=5788.00,5537.00,5788.00,251.00,0.044327,2,2,0,0,OBS01402;OBS01403
CELL::DEL|GOI|2026-09-21|Economy Saver|T15(12-18)::ROUND::2026-09-06T09:00::FLT::6E|6E-334|15:15,CELL::DEL|GOI|2026-09-21|Economy Saver|T15(12-18)::ROUND::2026-09-06T09:00,DEL,GOI,2026-09-21,Economy Saver,T15(12-18),ROUND::2026-09-06T09:00,6E,6E-334,15:15,5522.00,1,Cleartrip,Cleartrip=5522.00,5522.00,5522.00,0.00,0.000000,1,1,0,0,OBS01916
CELL::DEL|GOI|2026-09-21|Economy Saver|T15(12-18)::ROUND::2026-09-06T09:00::FLT::QP|QP-1510|10:45,CELL::DEL|GOI|2026-09-21|Economy Saver|T15(12-18)::ROUND::2026-09-06T09:00,DEL,GOI,2026-09-21,Economy Saver,T15(12-18),ROUND::2026-09-06T09:00,QP,QP-1510,10:45,5992.00,2,Cleartrip;MMT,Cleartrip=5913.00;MMT=6071.00,5913.00,6071.00,158.00,0.026368,2,2,0,0,OBS01942;OBS01943
CELL::DEL|GOI|2026-09-21|Economy Saver|T15(12-18)::ROUND::2026-09-06T14:30::FLT::AI|AI-861|07:30,CELL::DEL|GOI|2026-09-21|Economy Saver|T15(12-18)::ROUND::2026-09-06T14:30,DEL,GOI,2026-09-21,Economy Saver,T15(12-18),ROUND::2026-09-06T14:30,AI,AI-861,07:30,5974.00,1,AirlineSite,AirlineSite=5974.00,5974.00,5974.00,0.00,0.000000,1,1,0,0,OBS02422
CELL::DEL|GOI|2026-09-21|Economy Saver|T15(12-18)::ROUND::2026-09-06T20:15::FLT::6E|6E-334|15:15,CELL::DEL|GOI|2026-09-21|Economy Saver|T15(12-18)::ROUND::2026-09-06T20:15,DEL,GOI,2026-09-21,Economy Saver,T15(12-18),ROUND::2026-09-06T20:15,6E,6E-334,15:15,5829.50,2,AirlineSite;Cleartrip,AirlineSite=5865.00;Cleartrip=5794.00,5794.00,5865.00,71.00,0.012179,2,2,0,0,OBS02928;OBS02929
CELL::DEL|GOI|2026-09-21|Economy Saver|T15(12-18)::ROUND::2026-09-06T20:15::FLT::AI|AI-861|07:30,CELL::DEL|GOI|2026-09-21|Economy Saver|T15(12-18)::ROUND::2026-09-06T20:15,DEL,GOI,2026-09-21,Economy Saver,T15(12-18),ROUND::2026-09-06T20:15,AI,AI-861,07:30,5735.00,2,EaseMyTrip;MMT,EaseMyTrip=5698.00;MMT=5772.00,5698.00,5772.00,74.00,0.012903,2,2,0,0,OBS02936;OBS02937
CELL::DEL|GOI|2026-09-21|Economy Saver|T15(12-18)::ROUND::2026-09-06T20:15::FLT::QP|QP-1510|10:45,CELL::DEL|GOI|2026-09-21|Economy Saver|T15(12-18)::ROUND::2026-09-06T20:15,DEL,GOI,2026-09-21,Economy Saver,T15(12-18),ROUND::2026-09-06T20:15,QP,QP-1510,10:45,5837.50,2,AirlineSite;Goibibo,AirlineSite=5685.00;Goibibo=5990.00,5685.00,5990.00,305.00,0.052248,2,2,0,0,OBS02948;OBS02949
CELL::DEL|GOI|2026-09-21|Economy Saver|T15(12-18)::ROUND::2026-09-07T09:00::FLT::6E|6E-334|12:00,CELL::DEL|GOI|2026-09-21|Economy Saver|T15(12-18)::ROUND::2026-09-07T09:00,DEL,GOI,2026-09-21,Economy Saver,T15(12-18),ROUND::2026-09-07T09:00,6E,6E-334,12:00,5666.00,1,Cleartrip,Cleartrip=5666.00,5666.00,5666.00,0.00,0.000000,1,1,0,0,OBS02980
CELL::DEL|GOI|2026-09-21|Economy Standard|T15(12-18)::ROUND::2026-09-05T09:00::FLT::6E|6E-334|15:15,CELL::DEL|GOI|2026-09-21|Economy Standard|T15(12-18)::ROUND::2026-09-05T09:00,DEL,GOI,2026-09-21,Economy Standard,T15(12-18),ROUND::2026-09-05T09:00,6E,6E-334,15:15,7377.00,2,Goibibo;MMT,Goibibo=7474.00;MMT=7280.00,7280.00,7474.00,194.00,0.026298,2,2,0,0,OBS00387;OBS00388
CELL::DEL|GOI|2026-09-21|Economy Standard|T15(12-18)::ROUND::2026-09-05T14:30::FLT::6E|6E-334|15:15,CELL::DEL|GOI|2026-09-21|Economy Standard|T15(12-18)::ROUND::2026-09-05T14:30,DEL,GOI,2026-09-21,Economy Standard,T15(12-18),ROUND::2026-09-05T14:30,6E,6E-334,15:15,7326.00,1,MMT,MMT=7326.00,7326.00,7326.00,0.00,0.000000,1,1,0,0,OBS00876
CELL::DEL|GOI|2026-09-21|Economy Standard|T15(12-18)::ROUND::2026-09-05T14:30::FLT::QP|QP-1510|10:45,CELL::DEL|GOI|2026-09-21|Economy Standard|T15(12-18)::ROUND::2026-09-05T14:30,DEL,GOI,2026-09-21,Economy Standard,T15(12-18),ROUND::2026-09-05T14:30,QP,QP-1510,10:45,7071.00,1,AirlineSite,AirlineSite=7071.00,7071.00,7071.00,0.00,0.000000,1,1,0,0,OBS00898
CELL::DEL|GOI|2026-09-21|Economy Standard|T15(12-18)::ROUND::2026-09-05T20:15::FLT::QP|QP-1510|10:45,CELL::DEL|GOI|2026-09-21|Economy Standard|T15(12-18)::ROUND::2026-09-05T20:15,DEL,GOI,2026-09-21,Economy Standard,T15(12-18),ROUND::2026-09-05T20:15,QP,QP-1510,10:45,6955.00,1,Goibibo,Goibibo=6955.00,6955.00,6955.00,0.00,0.000000,1,1,0,0,OBS01412
CELL::DEL|GOI|2026-09-21|Economy Standard|T15(12-18)::ROUND::2026-09-06T09:00::FLT::AI|AI-861|07:30,CELL::DEL|GOI|2026-09-21|Economy Standard|T15(12-18)::ROUND::2026-09-06T09:00,DEL,GOI,2026-09-21,Economy Standard,T15(12-18),ROUND::2026-09-06T09:00,AI,AI-861,07:30,7287.50,2,Cleartrip;Goibibo,Cleartrip=7375.00;Goibibo=7200.00,7200.00,7375.00,175.00,0.024014,2,2,0,0,OBS01929;OBS01930
CELL::DEL|GOI|2026-09-21|Economy Standard|T15(12-18)::ROUND::2026-09-06T14:30::FLT::QP|QP-1510|10:45,CELL::DEL|GOI|2026-09-21|Economy Standard|T15(12-18)::ROUND::2026-09-06T14:30,DEL,GOI,2026-09-21,Economy Standard,T15(12-18),ROUND::2026-09-06T14:30,QP,QP-1510,10:45,7272.00,1,AirlineSite,AirlineSite=7272.00,7272.00,7272.00,0.00,0.000000,1,1,0,0,OBS02430
CELL::DEL|GOI|2026-10-06|Economy Flexi|T30(25-35)::ROUND::2026-09-05T09:00::FLT::6E|6E-334|15:15,CELL::DEL|GOI|2026-10-06|Economy Flexi|T30(25-35)::ROUND::2026-09-05T09:00,DEL,GOI,2026-10-06,Economy Flexi,T30(25-35),ROUND::2026-09-05T09:00,6E,6E-334,15:15,8194.50,2,Goibibo;MMT,Goibibo=8052.00;MMT=8337.00,8052.00,8337.00,285.00,0.034779,2,2,0,0,OBS00390;OBS00391
CELL::DEL|GOI|2026-10-06|Economy Flexi|T30(25-35)::ROUND::2026-09-05T09:00::FLT::QP|QP-1510|10:45,CELL::DEL|GOI|2026-10-06|Economy Flexi|T30(25-35)::ROUND::2026-09-05T09:00,DEL,GOI,2026-10-06,Economy Flexi,T30(25-35),ROUND::2026-09-05T09:00,QP,QP-1510,10:45,8118.00,1,Goibibo,Goibibo=8118.00,8118.00,8118.00,0.00,0.000000,1,1,0,0,OBS00415
CELL::DEL|GOI|2026-10-06|Economy Flexi|T30(25-35)::ROUND::2026-09-05T14:30::FLT::6E|6E-334|15:15,CELL::DEL|GOI|2026-10-06|Economy Flexi|T30(25-35)::ROUND::2026-09-05T14:30,DEL,GOI,2026-10-06,Economy Flexi,T30(25-35),ROUND::2026-09-05T14:30,6E,6E-334,15:15,7816.50,2,AirlineSite;Cleartrip,AirlineSite=7807.00;Cleartrip=7826.00,7807.00,7826.00,19.00,0.002431,2,2,0,0,OBS00877;OBS00878
CELL::DEL|GOI|2026-10-06|Economy Flexi|T30(25-35)::ROUND::2026-09-05T14:30::FLT::AI|AI-861|07:30,CELL::DEL|GOI|2026-10-06|Economy Flexi|T30(25-35)::ROUND::2026-09-05T14:30,DEL,GOI,2026-10-06,Economy Flexi,T30(25-35),ROUND::2026-09-05T14:30,AI,AI-861,07:30,7877.00,2,EaseMyTrip;MMT,EaseMyTrip=7594.00;MMT=8160.00,7594.00,8160.00,566.00,0.071855,2,2,0,0,OBS00889;OBS00890
CELL::DEL|GOI|2026-10-06|Economy Flexi|T30(25-35)::ROUND::2026-09-05T20:15::FLT::6E|6E-334|15:15,CELL::DEL|GOI|2026-10-06|Economy Flexi|T30(25-35)::ROUND::2026-09-05T20:15,DEL,GOI,2026-10-06,Economy Flexi,T30(25-35),ROUND::2026-09-05T20:15,6E,6E-334,15:15,8347.00,1,MMT,MMT=8347.00,8347.00,8347.00,0.00,0.000000,1,1,0,0,OBS01395
CELL::DEL|GOI|2026-10-06|Economy Flexi|T30(25-35)::ROUND::2026-09-06T09:00::FLT::AI|AI-861|07:30,CELL::DEL|GOI|2026-10-06|Economy Flexi|T30(25-35)::ROUND::2026-09-06T09:00,DEL,GOI,2026-10-06,Economy Flexi,T30(25-35),ROUND::2026-09-06T09:00,AI,AI-861,07:30,8025.00,1,MMT,MMT=8025.00,8025.00,8025.00,0.00,0.000000,1,1,0,0,OBS01932
CELL::DEL|GOI|2026-10-06|Economy Flexi|T30(25-35)::ROUND::2026-09-06T14:30::FLT::AI|AI-861|07:30,CELL::DEL|GOI|2026-10-06|Economy Flexi|T30(25-35)::ROUND::2026-09-06T14:30,DEL,GOI,2026-10-06,Economy Flexi,T30(25-35),ROUND::2026-09-06T14:30,AI,AI-861,07:30,7682.00,2,AirlineSite;Goibibo,AirlineSite=7615.00;Goibibo=7749.00,7615.00,7749.00,134.00,0.017443,2,2,0,0,OBS02423;OBS02424
CELL::DEL|GOI|2026-10-06|Economy Flexi|T30(25-35)::ROUND::2026-09-06T14:30::FLT::QP|QP-1510|10:45,CELL::DEL|GOI|2026-10-06|Economy Flexi|T30(25-35)::ROUND::2026-09-06T14:30,DEL,GOI,2026-10-06,Economy Flexi,T30(25-35),ROUND::2026-09-06T14:30,QP,QP-1510,10:45,8222.00,2,AirlineSite;Cleartrip,AirlineSite=8416.00;Cleartrip=8028.00,8028.00,8416.00,388.00,0.047190,2,2,0,0,OBS02434;OBS02435
CELL::DEL|GOI|2026-10-06|Economy Saver|T30(25-35)::ROUND::2026-09-05T14:30::FLT::QP|QP-1510|10:45,CELL::DEL|GOI|2026-10-06|Economy Saver|T30(25-35)::ROUND::2026-09-05T14:30,DEL,GOI,2026-10-06,Economy Saver,T30(25-35),ROUND::2026-09-05T14:30,QP,QP-1510,10:45,5274.50,2,AirlineSite;MMT,AirlineSite=5166.00;MMT=5383.00,5166.00,5383.00,217.00,0.041141,2,2,0,0,OBS00901;OBS00902
CELL::DEL|GOI|2026-10-06|Economy Saver|T30(25-35)::ROUND::2026-09-05T20:15::FLT::6E|6E-334|15:15,CELL::DEL|GOI|2026-10-06|Economy Saver|T30(25-35)::ROUND::2026-09-05T20:15,DEL,GOI,2026-10-06,Economy Saver,T30(25-35),ROUND::2026-09-05T20:15,6E,6E-334,15:15,5264.00,1,AirlineSite,AirlineSite=5264.00,5264.00,5264.00,0.00,0.000000,1,1,0,0,OBS01394
CELL::DEL|GOI|2026-10-06|Economy Saver|T30(25-35)::ROUND::2026-09-05T20:15::FLT::AI|AI-861|07:30,CELL::DEL|GOI|2026-10-06|Economy Saver|T30(25-35)::ROUND::2026-09-05T20:15,DEL,GOI,2026-10-06,Economy Saver,T30(25-35),ROUND::2026-09-05T20:15,AI,AI-861,07:30,5432.00,1,AirlineSite,AirlineSite=5432.00,5432.00,5432.00,0.00,0.000000,1,1,0,0,OBS01405
CELL::DEL|GOI|2026-10-06|Economy Saver|T30(25-35)::ROUND::2026-09-06T09:00::FLT::6E|6E-334|15:15,CELL::DEL|GOI|2026-10-06|Economy Saver|T30(25-35)::ROUND::2026-09-06T09:00,DEL,GOI,2026-10-06,Economy Saver,T30(25-35),ROUND::2026-09-06T09:00,6E,6E-334,15:15,5054.50,2,AirlineSite;EaseMyTrip,AirlineSite=5064.00;EaseMyTrip=5045.00,5045.00,5064.00,19.00,0.003759,2,2,0,0,OBS01919;OBS01920
CELL::DEL|GOI|2026-10-06|Economy Saver|T30(25-35)::ROUND::2026-09-06T09:00::FLT::QP|QP-1510|10:45,CELL::DEL|GOI|2026-10-06|Economy Saver|T30(25-35)::ROUND::2026-09-06T09:00,DEL,GOI,2026-10-06,Economy Saver,T30(25-35),ROUND::2026-09-06T09:00,QP,QP-1510,10:45,5022.00,2,AirlineSite;Cleartrip,AirlineSite=5056.00;Cleartrip=4988.00,4988.00,5056.00,68.00,0.013540,2,2,0,0,OBS01947;OBS01948
CELL::DEL|GOI|2026-10-06|Economy Saver|T30(25-35)::ROUND::2026-09-06T20:15::FLT::6E|6E-334|15:15,CELL::DEL|GOI|2026-10-06|Economy Saver|T30(25-35)::ROUND::2026-09-06T20:15,DEL,GOI,2026-10-06,Economy Saver,T30(25-35),ROUND::2026-09-06T20:15,6E,6E-334,15:15,4880.00,1,AirlineSite,AirlineSite=4880.00,4880.00,4880.00,0.00,0.000000,1,1,0,0,OBS02930
CELL::DEL|GOI|2026-10-06|Economy Saver|T30(25-35)::ROUND::2026-09-06T20:15::FLT::AI|AI-861|07:30,CELL::DEL|GOI|2026-10-06|Economy Saver|T30(25-35)::ROUND::2026-09-06T20:15,DEL,GOI,2026-10-06,Economy Saver,T30(25-35),ROUND::2026-09-06T20:15,AI,AI-861,07:30,5094.00,2,Cleartrip;MMT,Cleartrip=5171.00;MMT=5017.00,5017.00,5171.00,154.00,0.030232,2,2,0,0,OBS02938;OBS02939
CELL::DEL|GOI|2026-10-06|Economy Saver|T30(25-35)::ROUND::2026-09-06T20:15::FLT::QP|QP-1510|10:45,CELL::DEL|GOI|2026-10-06|Economy Saver|T30(25-35)::ROUND::2026-09-06T20:15,DEL,GOI,2026-10-06,Economy Saver,T30(25-35),ROUND::2026-09-06T20:15,QP,QP-1510,10:45,5141.00,1,Goibibo,Goibibo=5141.00,5141.00,5141.00,0.00,0.000000,1,1,0,0,OBS02952
CELL::DEL|GOI|2026-10-06|Economy Standard|T30(25-35)::ROUND::2026-09-05T09:00::FLT::6E|6E-334|15:15,CELL::DEL|GOI|2026-10-06|Economy Standard|T30(25-35)::ROUND::2026-09-05T09:00,DEL,GOI,2026-10-06,Economy Standard,T30(25-35),ROUND::2026-09-05T09:00,6E,6E-334,15:15,6427.50,2,EaseMyTrip;MMT,EaseMyTrip=6410.00;MMT=6445.00,6410.00,6445.00,35.00,0.005445,2,2,0,0,OBS00392;OBS00393
CELL::DEL|GOI|2026-10-06|Economy Standard|T30(25-35)::ROUND::2026-09-05T09:00::FLT::AI|AI-861|07:30,CELL::DEL|GOI|2026-10-06|Economy Standard|T30(25-35)::ROUND::2026-09-05T09:00,DEL,GOI,2026-10-06,Economy Standard,T30(25-35),ROUND::2026-09-05T09:00,AI,AI-861,07:30,6585.00,2,Goibibo;MMT,Goibibo=6749.00;MMT=6421.00,6421.00,6749.00,328.00,0.049810,2,2,0,0,OBS00404;OBS00405
CELL::DEL|GOI|2026-10-06|Economy Standard|T30(25-35)::ROUND::2026-09-05T09:00::FLT::QP|QP-1510|10:45,CELL::DEL|GOI|2026-10-06|Economy Standard|T30(25-35)::ROUND::2026-09-05T09:00,DEL,GOI,2026-10-06,Economy Standard,T30(25-35),ROUND::2026-09-05T09:00,QP,QP-1510,10:45,6444.00,1,Goibibo,Goibibo=6444.00,6444.00,6444.00,0.00,0.000000,1,1,0,0,OBS00416
CELL::DEL|GOI|2026-10-06|Economy Standard|T30(25-35)::ROUND::2026-09-05T14:30::FLT::AI|AI-861|07:30,CELL::DEL|GOI|2026-10-06|Economy Standard|T30(25-35)::ROUND::2026-09-05T14:30,DEL,GOI,2026-10-06,Economy Standard,T30(25-35),ROUND::2026-09-05T14:30,AI,AI-861,07:30,6615.00,1,EaseMyTrip,EaseMyTrip=6615.00,6615.00,6615.00,0.00,0.000000,1,1,0,0,OBS00891
CELL::DEL|GOI|2026-10-06|Economy Standard|T30(25-35)::ROUND::2026-09-05T20:15::FLT::AI|AI-861|07:30,CELL::DEL|GOI|2026-10-06|Economy Standard|T30(25-35)::ROUND::2026-09-05T20:15,DEL,GOI,2026-10-06,Economy Standard,T30(25-35),ROUND::2026-09-05T20:15,AI,AI-861,07:30,6865.00,1,Goibibo,Goibibo=6865.00,6865.00,6865.00,0.00,0.000000,1,1,0,0,OBS01404
CELL::DEL|GOI|2026-10-06|Economy Standard|T30(25-35)::ROUND::2026-09-05T20:15::FLT::QP|QP-1510|10:45,CELL::DEL|GOI|2026-10-06|Economy Standard|T30(25-35)::ROUND::2026-09-05T20:15,DEL,GOI,2026-10-06,Economy Standard,T30(25-35),ROUND::2026-09-05T20:15,QP,QP-1510,10:45,6511.00,1,MMT,MMT=6511.00,6511.00,6511.00,0.00,0.000000,1,1,0,0,OBS01415
CELL::DEL|GOI|2026-10-06|Economy Standard|T30(25-35)::ROUND::2026-09-06T09:00::FLT::AI|AI-861|07:30,CELL::DEL|GOI|2026-10-06|Economy Standard|T30(25-35)::ROUND::2026-09-06T09:00,DEL,GOI,2026-10-06,Economy Standard,T30(25-35),ROUND::2026-09-06T09:00,AI,AI-861,07:30,6286.00,1,AirlineSite,AirlineSite=6286.00,6286.00,6286.00,0.00,0.000000,1,1,0,0,OBS01931
CELL::DEL|GOI|2026-10-06|Economy Standard|T30(25-35)::ROUND::2026-09-06T09:00::FLT::QP|QP-1510|10:45,CELL::DEL|GOI|2026-10-06|Economy Standard|T30(25-35)::ROUND::2026-09-06T09:00,DEL,GOI,2026-10-06,Economy Standard,T30(25-35),ROUND::2026-09-06T09:00,QP,QP-1510,10:45,6805.00,1,Cleartrip,Cleartrip=6805.00,6805.00,6805.00,0.00,0.000000,1,1,0,0,OBS01946
CELL::DEL|GOI|2026-10-06|Economy Standard|T30(25-35)::ROUND::2026-09-06T14:30::FLT::6E|6E-334|15:15,CELL::DEL|GOI|2026-10-06|Economy Standard|T30(25-35)::ROUND::2026-09-06T14:30,DEL,GOI,2026-10-06,Economy Standard,T30(25-35),ROUND::2026-09-06T14:30,6E,6E-334,15:15,6558.50,2,Cleartrip;MMT,Cleartrip=6494.00;MMT=6623.00,6494.00,6623.00,129.00,0.019669,2,2,0,0,OBS02414;OBS02415
CELL::DEL|GOI|2026-10-06|Economy Standard|T30(25-35)::ROUND::2026-09-06T14:30::FLT::QP|QP-1510|10:45,CELL::DEL|GOI|2026-10-06|Economy Standard|T30(25-35)::ROUND::2026-09-06T14:30,DEL,GOI,2026-10-06,Economy Standard,T30(25-35),ROUND::2026-09-06T14:30,QP,QP-1510,10:45,6308.00,1,Goibibo,Goibibo=6308.00,6308.00,6308.00,0.00,0.000000,1,1,0,0,OBS02433
CELL::DEL|GOI|2026-10-06|Economy Standard|T30(25-35)::ROUND::2026-09-06T20:15::FLT::AI|AI-861|07:30,CELL::DEL|GOI|2026-10-06|Economy Standard|T30(25-35)::ROUND::2026-09-06T20:15,DEL,GOI,2026-10-06,Economy Standard,T30(25-35),ROUND::2026-09-06T20:15,AI,AI-861,07:30,6307.00,1,AirlineSite,AirlineSite=6307.00,6307.00,6307.00,0.00,0.000000,1,1,0,0,OBS02940
CELL::DEL|GOI|2026-10-22|Economy Flexi|T45(40-50)::ROUND::2026-09-05T09:00::FLT::6E|6E-334|15:15,CELL::DEL|GOI|2026-10-22|Economy Flexi|T45(40-50)::ROUND::2026-09-05T09:00,DEL,GOI,2026-10-22,Economy Flexi,T45(40-50),ROUND::2026-09-05T09:00,6E,6E-334,15:15,7899.50,2,Cleartrip;Goibibo,Cleartrip=7898.00;Goibibo=7901.00,7898.00,7901.00,3.00,0.000380,2,2,0,0,OBS00394;OBS00395
CELL::DEL|GOI|2026-10-22|Economy Flexi|T45(40-50)::ROUND::2026-09-05T09:00::FLT::AI|AI-861|07:30,CELL::DEL|GOI|2026-10-22|Economy Flexi|T45(40-50)::ROUND::2026-09-05T09:00,DEL,GOI,2026-10-22,Economy Flexi,T45(40-50),ROUND::2026-09-05T09:00,AI,AI-861,07:30,8152.00,1,EaseMyTrip,EaseMyTrip=8152.00,8152.00,8152.00,0.00,0.000000,1,1,0,0,OBS00406
CELL::DEL|GOI|2026-10-22|Economy Flexi|T45(40-50)::ROUND::2026-09-05T14:30::FLT::6E|6E-334|15:15,CELL::DEL|GOI|2026-10-22|Economy Flexi|T45(40-50)::ROUND::2026-09-05T14:30,DEL,GOI,2026-10-22,Economy Flexi,T45(40-50),ROUND::2026-09-05T14:30,6E,6E-334,15:15,8326.50,2,EaseMyTrip;Goibibo,EaseMyTrip=8390.00;Goibibo=8263.00,8263.00,8390.00,127.00,0.015253,2,2,0,0,OBS00880;OBS00881
CELL::DEL|GOI|2026-10-22|Economy Flexi|T45(40-50)::ROUND::2026-09-05T14:30::FLT::AI|AI-861|07:30,CELL::DEL|GOI|2026-10-22|Economy Flexi|T45(40-50)::ROUND::2026-09-05T14:30,DEL,GOI,2026-10-22,Economy Flexi,T45(40-50),ROUND::2026-09-05T14:30,AI,AI-861,07:30,7726.00,1,AirlineSite,AirlineSite=7726.00,7726.00,7726.00,0.00,0.000000,1,1,0,0,OBS00892
CELL::DEL|GOI|2026-10-22|Economy Flexi|T45(40-50)::ROUND::2026-09-05T14:30::FLT::QP|QP-1510|10:45,CELL::DEL|GOI|2026-10-22|Economy Flexi|T45(40-50)::ROUND::2026-09-05T14:30,DEL,GOI,2026-10-22,Economy Flexi,T45(40-50),ROUND::2026-09-05T14:30,QP,QP-1510,10:45,8110.00,2,Goibibo;MMT,Goibibo=7949.00;MMT=8271.00,7949.00,8271.00,322.00,0.039704,2,2,0,0,OBS00903;OBS00904
CELL::DEL|GOI|2026-10-22|Economy Flexi|T45(40-50)::ROUND::2026-09-05T20:15::FLT::6E|6E-334|15:15,CELL::DEL|GOI|2026-10-22|Economy Flexi|T45(40-50)::ROUND::2026-09-05T20:15,DEL,GOI,2026-10-22,Economy Flexi,T45(40-50),ROUND::2026-09-05T20:15,6E,6E-334,15:15,8374.00,1,MMT,MMT=8374.00,8374.00,8374.00,0.00,0.000000,1,1,0,0,OBS01396
CELL::DEL|GOI|2026-10-22|Economy Flexi|T45(40-50)::ROUND::2026-09-06T09:00::FLT::AI|AI-861|07:30,CELL::DEL|GOI|2026-10-22|Economy Flexi|T45(40-50)::ROUND::2026-09-06T09:00,DEL,GOI,2026-10-22,Economy Flexi,T45(40-50),ROUND::2026-09-06T09:00,AI,AI-861,07:30,8124.00,1,Goibibo,Goibibo=8124.00,8124.00,8124.00,0.00,0.000000,1,1,0,0,OBS01933
CELL::DEL|GOI|2026-10-22|Economy Flexi|T45(40-50)::ROUND::2026-09-06T14:30::FLT::6E|6E-334|15:15,CELL::DEL|GOI|2026-10-22|Economy Flexi|T45(40-50)::ROUND::2026-09-06T14:30,DEL,GOI,2026-10-22,Economy Flexi,T45(40-50),ROUND::2026-09-06T14:30,6E,6E-334,15:15,7737.00,1,EaseMyTrip,EaseMyTrip=7737.00,7737.00,7737.00,0.00,0.000000,1,1,0,0,OBS02416
CELL::DEL|GOI|2026-10-22|Economy Flexi|T45(40-50)::ROUND::2026-09-06T20:15::FLT::AI|AI-861|07:30,CELL::DEL|GOI|2026-10-22|Economy Flexi|T45(40-50)::ROUND::2026-09-06T20:15,DEL,GOI,2026-10-22,Economy Flexi,T45(40-50),ROUND::2026-09-06T20:15,AI,AI-861,07:30,7730.00,2,AirlineSite;Goibibo,AirlineSite=7586.00;Goibibo=7874.00,7586.00,7874.00,288.00,0.037257,2,2,0,0,OBS02941;OBS02942
CELL::DEL|GOI|2026-10-22|Economy Flexi|T45(40-50)::ROUND::2026-09-06T20:15::FLT::QP|QP-1510|10:45,CELL::DEL|GOI|2026-10-22|Economy Flexi|T45(40-50)::ROUND::2026-09-06T20:15,DEL,GOI,2026-10-22,Economy Flexi,T45(40-50),ROUND::2026-09-06T20:15,QP,QP-1510,10:45,7945.00,2,EaseMyTrip;Goibibo,EaseMyTrip=7934.00;Goibibo=7956.00,7934.00,7956.00,22.00,0.002769,2,2,0,0,OBS02955;OBS02956
CELL::DEL|GOI|2026-10-22|Economy Saver|T45(40-50)::ROUND::2026-09-05T09:00::FLT::6E|6E-334|15:15,CELL::DEL|GOI|2026-10-22|Economy Saver|T45(40-50)::ROUND::2026-09-05T09:00,DEL,GOI,2026-10-22,Economy Saver,T45(40-50),ROUND::2026-09-05T09:00,6E,6E-334,15:15,5201.50,2,Cleartrip;Goibibo,Cleartrip=5052.00;Goibibo=5351.00,5052.00,5351.00,299.00,0.057483,2,2,0,0,OBS00396;OBS00397
CELL::DEL|GOI|2026-10-22|Economy Saver|T45(40-50)::ROUND::2026-09-05T14:30::FLT::6E|6E-334|15:15,CELL::DEL|GOI|2026-10-22|Economy Saver|T45(40-50)::ROUND::2026-09-05T14:30,DEL,GOI,2026-10-22,Economy Saver,T45(40-50),ROUND::2026-09-05T14:30,6E,6E-334,15:15,5357.00,1,EaseMyTrip,EaseMyTrip=5357.00,5357.00,5357.00,0.00,0.000000,1,1,0,0,OBS00879
CELL::DEL|GOI|2026-10-22|Economy Saver|T45(40-50)::ROUND::2026-09-06T09:00::FLT::6E|6E-334|15:15,CELL::DEL|GOI|2026-10-22|Economy Saver|T45(40-50)::ROUND::2026-09-06T09:00,DEL,GOI,2026-10-22,Economy Saver,T45(40-50),ROUND::2026-09-06T09:00,6E,6E-334,15:15,5105.00,2,EaseMyTrip;Goibibo,EaseMyTrip=4955.00;Goibibo=5255.00,4955.00,5255.00,300.00,0.058766,2,2,0,0,OBS01921;OBS01922
CELL::DEL|GOI|2026-10-22|Economy Saver|T45(40-50)::ROUND::2026-09-06T20:15::FLT::6E|6E-334|15:15,CELL::DEL|GOI|2026-10-22|Economy Saver|T45(40-50)::ROUND::2026-09-06T20:15,DEL,GOI,2026-10-22,Economy Saver,T45(40-50),ROUND::2026-09-06T20:15,6E,6E-334,15:15,5117.00,1,Goibibo,Goibibo=5117.00,5117.00,5117.00,0.00,0.000000,1,1,0,0,OBS02931
CELL::DEL|GOI|2026-10-22|Economy Saver|T45(40-50)::ROUND::2026-09-06T20:15::FLT::QP|QP-1510|10:45,CELL::DEL|GOI|2026-10-22|Economy Saver|T45(40-50)::ROUND::2026-09-06T20:15,DEL,GOI,2026-10-22,Economy Saver,T45(40-50),ROUND::2026-09-06T20:15,QP,QP-1510,10:45,5062.00,2,Goibibo;MMT,Goibibo=5108.00;MMT=5016.00,5016.00,5108.00,92.00,0.018175,2,2,0,0,OBS02953;OBS02954
CELL::DEL|GOI|2026-10-22|Economy Standard|T45(40-50)::ROUND::2026-09-05T09:00::FLT::6E|6E-334|12:00,CELL::DEL|GOI|2026-10-22|Economy Standard|T45(40-50)::ROUND::2026-09-05T09:00,DEL,GOI,2026-10-22,Economy Standard,T45(40-50),ROUND::2026-09-05T09:00,6E,6E-334,12:00,6340.00,1,MMT,MMT=6340.00,6340.00,6340.00,0.00,0.000000,1,1,0,0,OBS02989
CELL::DEL|GOI|2026-10-22|Economy Standard|T45(40-50)::ROUND::2026-09-05T09:00::FLT::QP|QP-1510|10:45,CELL::DEL|GOI|2026-10-22|Economy Standard|T45(40-50)::ROUND::2026-09-05T09:00,DEL,GOI,2026-10-22,Economy Standard,T45(40-50),ROUND::2026-09-05T09:00,QP,QP-1510,10:45,6628.00,2,Goibibo;MMT,Goibibo=6509.00;MMT=6747.00,6509.00,6747.00,238.00,0.035908,2,2,0,0,OBS00417;OBS00418
CELL::DEL|GOI|2026-10-22|Economy Standard|T45(40-50)::ROUND::2026-09-05T20:15::FLT::AI|AI-861|07:30,CELL::DEL|GOI|2026-10-22|Economy Standard|T45(40-50)::ROUND::2026-09-05T20:15,DEL,GOI,2026-10-22,Economy Standard,T45(40-50),ROUND::2026-09-05T20:15,AI,AI-861,07:30,6472.50,2,AirlineSite;EaseMyTrip,AirlineSite=6572.00;EaseMyTrip=6373.00,6373.00,6572.00,199.00,0.030745,2,2,0,0,OBS01406;OBS01407
CELL::DEL|GOI|2026-10-22|Economy Standard|T45(40-50)::ROUND::2026-09-05T20:15::FLT::QP|QP-1510|10:45,CELL::DEL|GOI|2026-10-22|Economy Standard|T45(40-50)::ROUND::2026-09-05T20:15,DEL,GOI,2026-10-22,Economy Standard,T45(40-50),ROUND::2026-09-05T20:15,QP,QP-1510,10:45,6738.00,1,AirlineSite,AirlineSite=6738.00,6738.00,6738.00,0.00,0.000000,1,1,0,0,OBS01416
CELL::DEL|GOI|2026-10-22|Economy Standard|T45(40-50)::ROUND::2026-09-06T09:00::FLT::AI|AI-861|07:30,CELL::DEL|GOI|2026-10-22|Economy Standard|T45(40-50)::ROUND::2026-09-06T09:00,DEL,GOI,2026-10-22,Economy Standard,T45(40-50),ROUND::2026-09-06T09:00,AI,AI-861,07:30,6457.50,2,AirlineSite;Goibibo,AirlineSite=6339.00;Goibibo=6576.00,6339.00,6576.00,237.00,0.036702,2,2,0,0,OBS01934;OBS01935
CELL::DEL|GOI|2026-10-22|Economy Standard|T45(40-50)::ROUND::2026-09-06T09:00::FLT::QP|QP-1510|10:45,CELL::DEL|GOI|2026-10-22|Economy Standard|T45(40-50)::ROUND::2026-09-06T09:00,DEL,GOI,2026-10-22,Economy Standard,T45(40-50),ROUND::2026-09-06T09:00,QP,QP-1510,10:45,6272.00,1,Goibibo,Goibibo=6272.00,6272.00,6272.00,0.00,0.000000,1,1,0,0,OBS01949
CELL::DEL|GOI|2026-10-22|Economy Standard|T45(40-50)::ROUND::2026-09-06T14:30::FLT::AI|AI-861|07:30,CELL::DEL|GOI|2026-10-22|Economy Standard|T45(40-50)::ROUND::2026-09-06T14:30,DEL,GOI,2026-10-22,Economy Standard,T45(40-50),ROUND::2026-09-06T14:30,AI,AI-861,07:30,6655.00,1,Goibibo,Goibibo=6655.00,6655.00,6655.00,0.00,0.000000,1,1,0,0,OBS02425
CELL::DEL|GOI|2026-10-22|Economy Standard|T45(40-50)::ROUND::2026-09-06T14:30::FLT::QP|QP-1510|10:45,CELL::DEL|GOI|2026-10-22|Economy Standard|T45(40-50)::ROUND::2026-09-06T14:30,DEL,GOI,2026-10-22,Economy Standard,T45(40-50),ROUND::2026-09-06T14:30,QP,QP-1510,10:45,6493.00,2,AirlineSite;Goibibo,AirlineSite=6309.00;Goibibo=6677.00,6309.00,6677.00,368.00,0.056676,2,2,0,0,OBS02436;OBS02437
CELL::DEL|HYD|2026-09-07|Economy Flexi|T1(0-2)::ROUND::2026-09-05T14:30::FLT::AI|AI-540|05:15,CELL::DEL|HYD|2026-09-07|Economy Flexi|T1(0-2)::ROUND::2026-09-05T14:30,DEL,HYD,2026-09-07,Economy Flexi,T1(0-2),ROUND::2026-09-05T14:30,AI,AI-540,05:15,11359.00,2,AirlineSite;EaseMyTrip,AirlineSite=11592.00;EaseMyTrip=11126.00,11126.00,11592.00,466.00,0.041025,2,2,0,0,OBS00619;OBS00620
CELL::DEL|HYD|2026-09-07|Economy Flexi|T1(0-2)::ROUND::2026-09-05T20:15::FLT::6E|6E-773|19:45,CELL::DEL|HYD|2026-09-07|Economy Flexi|T1(0-2)::ROUND::2026-09-05T20:15,DEL,HYD,2026-09-07,Economy Flexi,T1(0-2),ROUND::2026-09-05T20:15,6E,6E-773,19:45,11500.50,2,AirlineSite;Goibibo,AirlineSite=11244.00;Goibibo=11757.00,11244.00,11757.00,513.00,0.044607,2,2,0,0,OBS01114;OBS01115
CELL::DEL|HYD|2026-09-07|Economy Flexi|T1(0-2)::ROUND::2026-09-05T20:15::FLT::SG|SG-451|19:15,CELL::DEL|HYD|2026-09-07|Economy Flexi|T1(0-2)::ROUND::2026-09-05T20:15,DEL,HYD,2026-09-07,Economy Flexi,T1(0-2),ROUND::2026-09-05T20:15,SG,SG-451,19:15,11858.00,1,Goibibo,Goibibo=11858.00,11858.00,11858.00,0.00,0.000000,1,1,0,0,OBS01138
CELL::DEL|HYD|2026-09-07|Economy Flexi|T1(0-2)::ROUND::2026-09-06T09:00::FLT::AI|AI-540|05:15,CELL::DEL|HYD|2026-09-07|Economy Flexi|T1(0-2)::ROUND::2026-09-06T09:00,DEL,HYD,2026-09-07,Economy Flexi,T1(0-2),ROUND::2026-09-06T09:00,AI,AI-540,05:15,12233.50,2,Cleartrip;EaseMyTrip,Cleartrip=12295.00;EaseMyTrip=12172.00,12172.00,12295.00,123.00,0.010054,2,2,0,0,OBS01649;OBS01650
CELL::DEL|HYD|2026-09-07|Economy Flexi|T1(0-2)::ROUND::2026-09-06T14:30::FLT::AI|AI-540|05:15,CELL::DEL|HYD|2026-09-07|Economy Flexi|T1(0-2)::ROUND::2026-09-06T14:30,DEL,HYD,2026-09-07,Economy Flexi,T1(0-2),ROUND::2026-09-06T14:30,AI,AI-540,05:15,11973.50,2,EaseMyTrip;Goibibo,EaseMyTrip=12238.00;Goibibo=11709.00,11709.00,12238.00,529.00,0.044181,2,2,0,0,OBS02146;OBS02147
CELL::DEL|HYD|2026-09-07|Economy Flexi|T1(0-2)::ROUND::2026-09-06T20:15::FLT::6E|6E-773|19:45,CELL::DEL|HYD|2026-09-07|Economy Flexi|T1(0-2)::ROUND::2026-09-06T20:15,DEL,HYD,2026-09-07,Economy Flexi,T1(0-2),ROUND::2026-09-06T20:15,6E,6E-773,19:45,11972.00,2,AirlineSite;Goibibo,AirlineSite=12040.00;Goibibo=11904.00,11904.00,12040.00,136.00,0.011360,2,2,0,0,OBS02635;OBS02636
CELL::DEL|HYD|2026-09-07|Economy Saver|T1(0-2)::ROUND::2026-09-05T09:00::FLT::6E|6E-773|19:45,CELL::DEL|HYD|2026-09-07|Economy Saver|T1(0-2)::ROUND::2026-09-05T09:00,DEL,HYD,2026-09-07,Economy Saver,T1(0-2),ROUND::2026-09-05T09:00,6E,6E-773,19:45,7493.00,2,AirlineSite;Goibibo,AirlineSite=7272.00;Goibibo=7714.00,7272.00,7714.00,442.00,0.058988,2,2,0,0,OBS00100;OBS00101
CELL::DEL|HYD|2026-09-07|Economy Saver|T1(0-2)::ROUND::2026-09-05T09:00::FLT::AI|AI-540|05:15,CELL::DEL|HYD|2026-09-07|Economy Saver|T1(0-2)::ROUND::2026-09-05T09:00,DEL,HYD,2026-09-07,Economy Saver,T1(0-2),ROUND::2026-09-05T09:00,AI,AI-540,05:15,7089.00,1,MMT,MMT=7089.00,7089.00,7089.00,0.00,0.000000,1,1,0,0,OBS00112
CELL::DEL|HYD|2026-09-07|Economy Saver|T1(0-2)::ROUND::2026-09-05T09:00::FLT::SG|SG-451|19:15,CELL::DEL|HYD|2026-09-07|Economy Saver|T1(0-2)::ROUND::2026-09-05T09:00,DEL,HYD,2026-09-07,Economy Saver,T1(0-2),ROUND::2026-09-05T09:00,SG,SG-451,19:15,7452.00,2,EaseMyTrip;Goibibo,EaseMyTrip=7212.00;Goibibo=7692.00,7212.00,7692.00,480.00,0.064412,2,2,0,0,OBS00121;OBS00122
CELL::DEL|HYD|2026-09-07|Economy Saver|T1(0-2)::ROUND::2026-09-05T14:30::FLT::SG|SG-451|19:15,CELL::DEL|HYD|2026-09-07|Economy Saver|T1(0-2)::ROUND::2026-09-05T14:30,DEL,HYD,2026-09-07,Economy Saver,T1(0-2),ROUND::2026-09-05T14:30,SG,SG-451,19:15,7421.50,2,AirlineSite;MMT,AirlineSite=7284.00;MMT=7559.00,7284.00,7559.00,275.00,0.037055,2,2,0,0,OBS00628;OBS00629
CELL::DEL|HYD|2026-09-07|Economy Saver|T1(0-2)::ROUND::2026-09-06T09:00::FLT::6E|6E-773|19:45,CELL::DEL|HYD|2026-09-07|Economy Saver|T1(0-2)::ROUND::2026-09-06T09:00,DEL,HYD,2026-09-07,Economy Saver,T1(0-2),ROUND::2026-09-06T09:00,6E,6E-773,19:45,7231.00,2,Goibibo;MMT,Goibibo=7211.00;MMT=7251.00,7211.00,7251.00,40.00,0.005532,2,2,0,0,OBS01635;OBS01636
CELL::DEL|HYD|2026-09-07|Economy Saver|T1(0-2)::ROUND::2026-09-06T09:00::FLT::AI|AI-540|05:15,CELL::DEL|HYD|2026-09-07|Economy Saver|T1(0-2)::ROUND::2026-09-06T09:00,DEL,HYD,2026-09-07,Economy Saver,T1(0-2),ROUND::2026-09-06T09:00,AI,AI-540,05:15,7407.00,2,Cleartrip;EaseMyTrip,Cleartrip=7199.00;EaseMyTrip=7615.00,7199.00,7615.00,416.00,0.056163,2,2,0,0,OBS01647;OBS01648
CELL::DEL|HYD|2026-09-07|Economy Saver|T1(0-2)::ROUND::2026-09-06T09:00::FLT::SG|SG-451|19:15,CELL::DEL|HYD|2026-09-07|Economy Saver|T1(0-2)::ROUND::2026-09-06T09:00,DEL,HYD,2026-09-07,Economy Saver,T1(0-2),ROUND::2026-09-06T09:00,SG,SG-451,19:15,7688.00,2,AirlineSite;MMT,AirlineSite=7711.00;MMT=7665.00,7665.00,7711.00,46.00,0.005983,2,2,0,0,OBS01661;OBS01662
CELL::DEL|HYD|2026-09-07|Economy Saver|T1(0-2)::ROUND::2026-09-06T14:30::FLT::6E|6E-773|19:45,CELL::DEL|HYD|2026-09-07|Economy Saver|T1(0-2)::ROUND::2026-09-06T14:30,DEL,HYD,2026-09-07,Economy Saver,T1(0-2),ROUND::2026-09-06T14:30,6E,6E-773,19:45,7631.00,2,Cleartrip;MMT,Cleartrip=7483.00;MMT=7779.00,7483.00,7779.00,296.00,0.038789,2,2,0,0,OBS02136;OBS02137
CELL::DEL|HYD|2026-09-07|Economy Saver|T1(0-2)::ROUND::2026-09-06T14:30::FLT::SG|SG-451|19:15,CELL::DEL|HYD|2026-09-07|Economy Saver|T1(0-2)::ROUND::2026-09-06T14:30,DEL,HYD,2026-09-07,Economy Saver,T1(0-2),ROUND::2026-09-06T14:30,SG,SG-451,19:15,7396.00,2,AirlineSite;MMT,AirlineSite=7293.00;MMT=7499.00,7293.00,7499.00,206.00,0.027853,2,2,0,0,OBS02159;OBS02160
CELL::DEL|HYD|2026-09-07|Economy Saver|T1(0-2)::ROUND::2026-09-06T20:15::FLT::AI|AI-540|05:15,CELL::DEL|HYD|2026-09-07|Economy Saver|T1(0-2)::ROUND::2026-09-06T20:15,DEL,HYD,2026-09-07,Economy Saver,T1(0-2),ROUND::2026-09-06T20:15,AI,AI-540,05:15,7897.00,1,Cleartrip,Cleartrip=7897.00,7897.00,7897.00,0.00,0.000000,1,1,0,0,OBS02648
CELL::DEL|HYD|2026-09-07|Economy Saver|T1(0-2)::ROUND::2026-09-06T20:15::FLT::SG|SG-451|19:15,CELL::DEL|HYD|2026-09-07|Economy Saver|T1(0-2)::ROUND::2026-09-06T20:15,DEL,HYD,2026-09-07,Economy Saver,T1(0-2),ROUND::2026-09-06T20:15,SG,SG-451,19:15,7666.00,2,Cleartrip;MMT,Cleartrip=7392.00;MMT=7940.00,7392.00,7940.00,548.00,0.071484,2,2,0,0,OBS02660;OBS02661
CELL::DEL|HYD|2026-09-07|Economy Saver|T1(0-2)::ROUND::2026-09-07T09:00::FLT::SG|SG-451|12:00,CELL::DEL|HYD|2026-09-07|Economy Saver|T1(0-2)::ROUND::2026-09-07T09:00,DEL,HYD,2026-09-07,Economy Saver,T1(0-2),ROUND::2026-09-07T09:00,SG,SG-451,12:00,7896.00,1,MMT,MMT=7896.00,7896.00,7896.00,0.00,0.000000,1,1,0,0,OBS03000
CELL::DEL|HYD|2026-09-07|Economy Standard|T1(0-2)::ROUND::2026-09-05T09:00::FLT::SG|SG-451|19:15,CELL::DEL|HYD|2026-09-07|Economy Standard|T1(0-2)::ROUND::2026-09-05T09:00,DEL,HYD,2026-09-07,Economy Standard,T1(0-2),ROUND::2026-09-05T09:00,SG,SG-451,19:15,9804.00,1,Cleartrip,Cleartrip=9804.00,9804.00,9804.00,0.00,0.000000,1,1,0,0,OBS00123
CELL::DEL|HYD|2026-09-07|Economy Standard|T1(0-2)::ROUND::2026-09-05T14:30::FLT::6E|6E-773|19:45,CELL::DEL|HYD|2026-09-07|Economy Standard|T1(0-2)::ROUND::2026-09-05T14:30,DEL,HYD,2026-09-07,Economy Standard,T1(0-2),ROUND::2026-09-05T14:30,6E,6E-773,19:45,9866.00,1,Goibibo,Goibibo=9866.00,9866.00,9866.00,0.00,0.000000,1,1,0,0,OBS00607
CELL::DEL|HYD|2026-09-07|Economy Standard|T1(0-2)::ROUND::2026-09-05T14:30::FLT::AI|AI-540|05:15,CELL::DEL|HYD|2026-09-07|Economy Standard|T1(0-2)::ROUND::2026-09-05T14:30,DEL,HYD,2026-09-07,Economy Standard,T1(0-2),ROUND::2026-09-05T14:30,AI,AI-540,05:15,9601.00,1,Goibibo,Goibibo=9601.00,9601.00,9601.00,0.00,0.000000,1,1,0,0,OBS00621
CELL::DEL|HYD|2026-09-07|Economy Standard|T1(0-2)::ROUND::2026-09-05T20:15::FLT::6E|6E-773|19:45,CELL::DEL|HYD|2026-09-07|Economy Standard|T1(0-2)::ROUND::2026-09-05T20:15,DEL,HYD,2026-09-07,Economy Standard,T1(0-2),ROUND::2026-09-05T20:15,6E,6E-773,19:45,9434.50,2,Goibibo;MMT,Goibibo=9627.00;MMT=9242.00,9242.00,9627.00,385.00,0.040808,2,2,0,0,OBS01112;OBS01113
CELL::DEL|HYD|2026-09-07|Economy Standard|T1(0-2)::ROUND::2026-09-05T20:15::FLT::AI|AI-540|05:15,CELL::DEL|HYD|2026-09-07|Economy Standard|T1(0-2)::ROUND::2026-09-05T20:15,DEL,HYD,2026-09-07,Economy Standard,T1(0-2),ROUND::2026-09-05T20:15,AI,AI-540,05:15,9451.00,2,AirlineSite;Goibibo,AirlineSite=9290.00;Goibibo=9612.00,9290.00,9612.00,322.00,0.034070,2,2,0,0,OBS01126;OBS01127
CELL::DEL|HYD|2026-09-07|Economy Standard|T1(0-2)::ROUND::2026-09-05T20:15::FLT::SG|SG-451|19:15,CELL::DEL|HYD|2026-09-07|Economy Standard|T1(0-2)::ROUND::2026-09-05T20:15,DEL,HYD,2026-09-07,Economy Standard,T1(0-2),ROUND::2026-09-05T20:15,SG,SG-451,19:15,9535.00,1,MMT,MMT=9535.00,9535.00,9535.00,0.00,0.000000,1,1,0,0,OBS01137
CELL::DEL|HYD|2026-09-07|Economy Standard|T1(0-2)::ROUND::2026-09-06T09:00::FLT::SG|SG-451|19:15,CELL::DEL|HYD|2026-09-07|Economy Standard|T1(0-2)::ROUND::2026-09-06T09:00,DEL,HYD,2026-09-07,Economy Standard,T1(0-2),ROUND::2026-09-06T09:00,SG,SG-451,19:15,9578.00,1,AirlineSite,AirlineSite=9578.00,9578.00,9578.00,0.00,0.000000,1,1,0,0,OBS01660
CELL::DEL|HYD|2026-09-07|Economy Standard|T1(0-2)::ROUND::2026-09-06T14:30::FLT::AI|AI-540|05:15,CELL::DEL|HYD|2026-09-07|Economy Standard|T1(0-2)::ROUND::2026-09-06T14:30,DEL,HYD,2026-09-07,Economy Standard,T1(0-2),ROUND::2026-09-06T14:30,AI,AI-540,05:15,9550.00,1,AirlineSite,AirlineSite=9550.00,9550.00,9550.00,0.00,0.000000,1,1,0,0,OBS02145
CELL::DEL|HYD|2026-09-07|Economy Standard|T1(0-2)::ROUND::2026-09-06T14:30::FLT::SG|SG-451|19:15,CELL::DEL|HYD|2026-09-07|Economy Standard|T1(0-2)::ROUND::2026-09-06T14:30,DEL,HYD,2026-09-07,Economy Standard,T1(0-2),ROUND::2026-09-06T14:30,SG,SG-451,19:15,9484.00,1,EaseMyTrip,EaseMyTrip=9484.00,9484.00,9484.00,0.00,0.000000,1,1,0,0,OBS02161
CELL::DEL|HYD|2026-09-07|Economy Standard|T1(0-2)::ROUND::2026-09-06T20:15::FLT::SG|SG-451|19:15,CELL::DEL|HYD|2026-09-07|Economy Standard|T1(0-2)::ROUND::2026-09-06T20:15,DEL,HYD,2026-09-07,Economy Standard,T1(0-2),ROUND::2026-09-06T20:15,SG,SG-451,19:15,9432.00,1,Cleartrip,Cleartrip=9432.00,9432.00,9432.00,0.00,0.000000,1,1,0,0,OBS02662
CELL::DEL|HYD|2026-09-13|Economy Flexi|T7(5-9)::ROUND::2026-09-05T09:00::FLT::6E|6E-773|19:45,CELL::DEL|HYD|2026-09-13|Economy Flexi|T7(5-9)::ROUND::2026-09-05T09:00,DEL,HYD,2026-09-13,Economy Flexi,T7(5-9),ROUND::2026-09-05T09:00,6E,6E-773,19:45,10741.50,2,Cleartrip;Goibibo,Cleartrip=10632.00;Goibibo=10851.00,10632.00,10851.00,219.00,0.020388,2,2,0,0,OBS00104;OBS00105
CELL::DEL|HYD|2026-09-13|Economy Flexi|T7(5-9)::ROUND::2026-09-05T09:00::FLT::SG|SG-451|19:15,CELL::DEL|HYD|2026-09-13|Economy Flexi|T7(5-9)::ROUND::2026-09-05T09:00,DEL,HYD,2026-09-13,Economy Flexi,T7(5-9),ROUND::2026-09-05T09:00,SG,SG-451,19:15,10532.00,2,AirlineSite;Goibibo,AirlineSite=10701.00;Goibibo=10363.00,10363.00,10701.00,338.00,0.032093,2,2,0,0,OBS00124;OBS00125
CELL::DEL|HYD|2026-09-13|Economy Flexi|T7(5-9)::ROUND::2026-09-05T20:15::FLT::AI|AI-540|05:15,CELL::DEL|HYD|2026-09-13|Economy Flexi|T7(5-9)::ROUND::2026-09-05T20:15,DEL,HYD,2026-09-13,Economy Flexi,T7(5-9),ROUND::2026-09-05T20:15,AI,AI-540,05:15,10006.00,1,AirlineSite,AirlineSite=10006.00,10006.00,10006.00,0.00,0.000000,1,1,0,0,OBS01130
CELL::DEL|HYD|2026-09-13|Economy Flexi|T7(5-9)::ROUND::2026-09-05T20:15::FLT::SG|SG-451|19:15,CELL::DEL|HYD|2026-09-13|Economy Flexi|T7(5-9)::ROUND::2026-09-05T20:15,DEL,HYD,2026-09-13,Economy Flexi,T7(5-9),ROUND::2026-09-05T20:15,SG,SG-451,19:15,10645.50,2,Goibibo;MMT,Goibibo=10734.00;MMT=10557.00,10557.00,10734.00,177.00,0.016627,2,2,0,0,OBS01141;OBS01142
CELL::DEL|HYD|2026-09-13|Economy Flexi|T7(5-9)::ROUND::2026-09-06T09:00::FLT::AI|AI-540|05:15,CELL::DEL|HYD|2026-09-13|Economy Flexi|T7(5-9)::ROUND::2026-09-06T09:00,DEL,HYD,2026-09-13,Economy Flexi,T7(5-9),ROUND::2026-09-06T09:00,AI,AI-540,05:15,11117.00,1,EaseMyTrip,EaseMyTrip=11117.00,11117.00,11117.00,0.00,0.000000,1,1,0,0,OBS01652
CELL::DEL|HYD|2026-09-13|Economy Flexi|T7(5-9)::ROUND::2026-09-06T14:30::FLT::SG|SG-451|19:15,CELL::DEL|HYD|2026-09-13|Economy Flexi|T7(5-9)::ROUND::2026-09-06T14:30,DEL,HYD,2026-09-13,Economy Flexi,T7(5-9),ROUND::2026-09-06T14:30,SG,SG-451,19:15,10578.00,2,Cleartrip;Goibibo,Cleartrip=10290.00;Goibibo=10866.00,10290.00,10866.00,576.00,0.054453,2,2,0,0,OBS02162;OBS02163
CELL::DEL|HYD|2026-09-13|Economy Flexi|T7(5-9)::ROUND::2026-09-06T20:15::FLT::AI|AI-540|05:15,CELL::DEL|HYD|2026-09-13|Economy Flexi|T7(5-9)::ROUND::2026-09-06T20:15,DEL,HYD,2026-09-13,Economy Flexi,T7(5-9),ROUND::2026-09-06T20:15,AI,AI-540,05:15,10543.00,1,Cleartrip,Cleartrip=10543.00,10543.00,10543.00,0.00,0.000000,1,1,0,0,OBS02649
CELL::DEL|HYD|2026-09-13|Economy Saver|T7(5-9)::ROUND::2026-09-05T14:30::FLT::6E|6E-773|19:45,CELL::DEL|HYD|2026-09-13|Economy Saver|T7(5-9)::ROUND::2026-09-05T14:30,DEL,HYD,2026-09-13,Economy Saver,T7(5-9),ROUND::2026-09-05T14:30,6E,6E-773,19:45,6719.00,1,EaseMyTrip,EaseMyTrip=6719.00,6719.00,6719.00,0.00,0.000000,1,1,0,0,OBS00608
CELL::DEL|HYD|2026-09-13|Economy Saver|T7(5-9)::ROUND::2026-09-05T14:30::FLT::SG|SG-451|19:15,CELL::DEL|HYD|2026-09-13|Economy Saver|T7(5-9)::ROUND::2026-09-05T14:30,DEL,HYD,2026-09-13,Economy Saver,T7(5-9),ROUND::2026-09-05T14:30,SG,SG-451,19:15,6603.00,1,AirlineSite,AirlineSite=6603.00,6603.00,6603.00,0.00,0.000000,1,1,0,0,OBS00631
CELL::DEL|HYD|2026-09-13|Economy Saver|T7(5-9)::ROUND::2026-09-06T09:00::FLT::6E|6E-773|19:45,CELL::DEL|HYD|2026-09-13|Economy Saver|T7(5-9)::ROUND::2026-09-06T09:00,DEL,HYD,2026-09-13,Economy Saver,T7(5-9),ROUND::2026-09-06T09:00,6E,6E-773,19:45,6662.00,1,MMT,MMT=6662.00,6662.00,6662.00,0.00,0.000000,1,1,0,0,OBS01639
CELL::DEL|HYD|2026-09-13|Economy Saver|T7(5-9)::ROUND::2026-09-06T09:00::FLT::AI|AI-540|05:15,CELL::DEL|HYD|2026-09-13|Economy Saver|T7(5-9)::ROUND::2026-09-06T09:00,DEL,HYD,2026-09-13,Economy Saver,T7(5-9),ROUND::2026-09-06T09:00,AI,AI-540,05:15,6463.00,1,Cleartrip,Cleartrip=6463.00,6463.00,6463.00,0.00,0.000000,1,1,0,0,OBS01651
CELL::DEL|HYD|2026-09-13|Economy Saver|T7(5-9)::ROUND::2026-09-06T09:00::FLT::SG|SG-451|19:15,CELL::DEL|HYD|2026-09-13|Economy Saver|T7(5-9)::ROUND::2026-09-06T09:00,DEL,HYD,2026-09-13,Economy Saver,T7(5-9),ROUND::2026-09-06T09:00,SG,SG-451,19:15,6803.00,2,EaseMyTrip;MMT,EaseMyTrip=6508.00;MMT=7098.00,6508.00,7098.00,590.00,0.086726,2,2,0,0,OBS01663;OBS01664
CELL::DEL|HYD|2026-09-13|Economy Saver|T7(5-9)::ROUND::2026-09-06T14:30::FLT::AI|AI-540|05:15,CELL::DEL|HYD|2026-09-13|Economy Saver|T7(5-9)::ROUND::2026-09-06T14:30,DEL,HYD,2026-09-13,Economy Saver,T7(5-9),ROUND::2026-09-06T14:30,AI,AI-540,05:15,6758.00,2,AirlineSite;Goibibo,AirlineSite=6629.00;Goibibo=6887.00,6629.00,6887.00,258.00,0.038177,2,2,0,0,OBS02148;OBS02149
CELL::DEL|HYD|2026-09-13|Economy Saver|T7(5-9)::ROUND::2026-09-06T20:15::FLT::6E|6E-773|19:45,CELL::DEL|HYD|2026-09-13|Economy Saver|T7(5-9)::ROUND::2026-09-06T20:15,DEL,HYD,2026-09-13,Economy Saver,T7(5-9),ROUND::2026-09-06T20:15,6E,6E-773,19:45,6724.00,2,Cleartrip;EaseMyTrip,Cleartrip=6700.00;EaseMyTrip=6748.00,6700.00,6748.00,48.00,0.007139,2,2,0,0,OBS02637;OBS02638
CELL::DEL|HYD|2026-09-13|Economy Saver|T7(5-9)::ROUND::2026-09-06T20:15::FLT::SG|SG-451|19:15,CELL::DEL|HYD|2026-09-13|Economy Saver|T7(5-9)::ROUND::2026-09-06T20:15,DEL,HYD,2026-09-13,Economy Saver,T7(5-9),ROUND::2026-09-06T20:15,SG,SG-451,19:15,6759.00,2,EaseMyTrip;MMT,EaseMyTrip=6853.00;MMT=6665.00,6665.00,6853.00,188.00,0.027815,2,2,0,0,OBS02665;OBS02666
CELL::DEL|HYD|2026-09-13|Economy Standard|T7(5-9)::ROUND::2026-09-05T09:00::FLT::6E|6E-773|19:45,CELL::DEL|HYD|2026-09-13|Economy Standard|T7(5-9)::ROUND::2026-09-05T09:00,DEL,HYD,2026-09-13,Economy Standard,T7(5-9),ROUND::2026-09-05T09:00,6E,6E-773,19:45,8460.00,2,EaseMyTrip;MMT,EaseMyTrip=8507.00;MMT=8413.00,8413.00,8507.00,94.00,0.011111,2,2,0,0,OBS00102;OBS00103
CELL::DEL|HYD|2026-09-13|Economy Standard|T7(5-9)::ROUND::2026-09-05T09:00::FLT::AI|AI-540|05:15,CELL::DEL|HYD|2026-09-13|Economy Standard|T7(5-9)::ROUND::2026-09-05T09:00,DEL,HYD,2026-09-13,Economy Standard,T7(5-9),ROUND::2026-09-05T09:00,AI,AI-540,05:15,8635.50,2,Cleartrip;MMT,Cleartrip=8555.00;MMT=8716.00,8555.00,8716.00,161.00,0.018644,2,2,0,0,OBS00113;OBS00114
CELL::DEL|HYD|2026-09-13|Economy Standard|T7(5-9)::ROUND::2026-09-05T09:00::FLT::SG|SG-451|19:15,CELL::DEL|HYD|2026-09-13|Economy Standard|T7(5-9)::ROUND::2026-09-05T09:00,DEL,HYD,2026-09-13,Economy Standard,T7(5-9),ROUND::2026-09-05T09:00,SG,SG-451,19:15,8721.50,2,Cleartrip;EaseMyTrip,Cleartrip=8831.00;EaseMyTrip=8612.00,8612.00,8831.00,219.00,0.025110,2,2,0,0,OBS00126;OBS00127
CELL::DEL|HYD|2026-09-13|Economy Standard|T7(5-9)::ROUND::2026-09-05T14:30::FLT::6E|6E-773|19:45,CELL::DEL|HYD|2026-09-13|Economy Standard|T7(5-9)::ROUND::2026-09-05T14:30,DEL,HYD,2026-09-13,Economy Standard,T7(5-9),ROUND::2026-09-05T14:30,6E,6E-773,19:45,8719.00,1,MMT,MMT=8719.00,8719.00,8719.00,0.00,0.000000,1,1,0,0,OBS00609
CELL::DEL|HYD|2026-09-13|Economy Standard|T7(5-9)::ROUND::2026-09-05T14:30::FLT::AI|AI-540|05:15,CELL::DEL|HYD|2026-09-13|Economy Standard|T7(5-9)::ROUND::2026-09-05T14:30,DEL,HYD,2026-09-13,Economy Standard,T7(5-9),ROUND::2026-09-05T14:30,AI,AI-540,05:15,8524.00,2,Cleartrip;Goibibo,Cleartrip=8683.00;Goibibo=8365.00,8365.00,8683.00,318.00,0.037306,2,2,0,0,OBS00622;OBS00623
CELL::DEL|HYD|2026-09-13|Economy Standard|T7(5-9)::ROUND::2026-09-05T14:30::FLT::SG|SG-451|19:15,CELL::DEL|HYD|2026-09-13|Economy Standard|T7(5-9)::ROUND::2026-09-05T14:30,DEL,HYD,2026-09-13,Economy Standard,T7(5-9),ROUND::2026-09-05T14:30,SG,SG-451,19:15,8860.00,1,Goibibo,Goibibo=8860.00,8860.00,8860.00,0.00,0.000000,1,1,0,0,OBS00630
CELL::DEL|HYD|2026-09-13|Economy Standard|T7(5-9)::ROUND::2026-09-05T20:15::FLT::6E|6E-773|19:45,CELL::DEL|HYD|2026-09-13|Economy Standard|T7(5-9)::ROUND::2026-09-05T20:15,DEL,HYD,2026-09-13,Economy Standard,T7(5-9),ROUND::2026-09-05T20:15,6E,6E-773,19:45,8357.50,2,Cleartrip;Goibibo,Cleartrip=8153.00;Goibibo=8562.00,8153.00,8562.00,409.00,0.048938,2,2,0,0,OBS01116;OBS01117
CELL::DEL|HYD|2026-09-13|Economy Standard|T7(5-9)::ROUND::2026-09-05T20:15::FLT::AI|AI-540|05:15,CELL::DEL|HYD|2026-09-13|Economy Standard|T7(5-9)::ROUND::2026-09-05T20:15,DEL,HYD,2026-09-13,Economy Standard,T7(5-9),ROUND::2026-09-05T20:15,AI,AI-540,05:15,8368.50,2,AirlineSite;EaseMyTrip,AirlineSite=8355.00;EaseMyTrip=8382.00,8355.00,8382.00,27.00,0.003226,2,2,0,0,OBS01128;OBS01129
CELL::DEL|HYD|2026-09-13|Economy Standard|T7(5-9)::ROUND::2026-09-05T20:15::FLT::SG|SG-451|19:15,CELL::DEL|HYD|2026-09-13|Economy Standard|T7(5-9)::ROUND::2026-09-05T20:15,DEL,HYD,2026-09-13,Economy Standard,T7(5-9),ROUND::2026-09-05T20:15,SG,SG-451,19:15,8769.00,2,Cleartrip;EaseMyTrip,Cleartrip=8618.00;EaseMyTrip=8920.00,8618.00,8920.00,302.00,0.034440,2,2,0,0,OBS01139;OBS01140
CELL::DEL|HYD|2026-09-13|Economy Standard|T7(5-9)::ROUND::2026-09-06T09:00::FLT::6E|6E-773|19:45,CELL::DEL|HYD|2026-09-13|Economy Standard|T7(5-9)::ROUND::2026-09-06T09:00,DEL,HYD,2026-09-13,Economy Standard,T7(5-9),ROUND::2026-09-06T09:00,6E,6E-773,19:45,8765.50,2,Goibibo;MMT,Goibibo=8522.00;MMT=9009.00,8522.00,9009.00,487.00,0.055559,2,2,0,0,OBS01637;OBS01638
CELL::DEL|HYD|2026-09-13|Economy Standard|T7(5-9)::ROUND::2026-09-06T14:30::FLT::6E|6E-773|19:45,CELL::DEL|HYD|2026-09-13|Economy Standard|T7(5-9)::ROUND::2026-09-06T14:30,DEL,HYD,2026-09-13,Economy Standard,T7(5-9),ROUND::2026-09-06T14:30,6E,6E-773,19:45,8866.00,1,MMT,MMT=8866.00,8866.00,8866.00,0.00,0.000000,1,1,0,0,OBS02138
CELL::DEL|HYD|2026-09-13|Economy Standard|T7(5-9)::ROUND::2026-09-06T20:15::FLT::6E|6E-773|19:45,CELL::DEL|HYD|2026-09-13|Economy Standard|T7(5-9)::ROUND::2026-09-06T20:15,DEL,HYD,2026-09-13,Economy Standard,T7(5-9),ROUND::2026-09-06T20:15,6E,6E-773,19:45,8775.00,2,Cleartrip;EaseMyTrip,Cleartrip=8957.00;EaseMyTrip=8593.00,8593.00,8957.00,364.00,0.041481,2,2,0,0,OBS02639;OBS02640
CELL::DEL|HYD|2026-09-13|Economy Standard|T7(5-9)::ROUND::2026-09-06T20:15::FLT::AI|AI-540|05:15,CELL::DEL|HYD|2026-09-13|Economy Standard|T7(5-9)::ROUND::2026-09-06T20:15,DEL,HYD,2026-09-13,Economy Standard,T7(5-9),ROUND::2026-09-06T20:15,AI,AI-540,05:15,8746.00,2,Cleartrip;MMT,Cleartrip=8955.00;MMT=8537.00,8537.00,8955.00,418.00,0.047793,2,2,0,0,OBS02650;OBS02651
CELL::DEL|HYD|2026-09-13|Economy Standard|T7(5-9)::ROUND::2026-09-06T20:15::FLT::SG|SG-451|19:15,CELL::DEL|HYD|2026-09-13|Economy Standard|T7(5-9)::ROUND::2026-09-06T20:15,DEL,HYD,2026-09-13,Economy Standard,T7(5-9),ROUND::2026-09-06T20:15,SG,SG-451,19:15,8740.50,2,AirlineSite;MMT,AirlineSite=8922.00;MMT=8559.00,8559.00,8922.00,363.00,0.041531,2,2,0,0,OBS02663;OBS02664
CELL::DEL|HYD|2026-09-21|Economy Flexi|T15(12-18)::ROUND::2026-09-05T09:00::FLT::AI|AI-540|05:15,CELL::DEL|HYD|2026-09-21|Economy Flexi|T15(12-18)::ROUND::2026-09-05T09:00,DEL,HYD,2026-09-21,Economy Flexi,T15(12-18),ROUND::2026-09-05T09:00,AI,AI-540,05:15,9153.00,1,Cleartrip,Cleartrip=9153.00,9153.00,9153.00,0.00,0.000000,1,1,0,0,OBS00117
CELL::DEL|HYD|2026-09-21|Economy Flexi|T15(12-18)::ROUND::2026-09-05T20:15::FLT::AI|AI-540|05:15,CELL::DEL|HYD|2026-09-21|Economy Flexi|T15(12-18)::ROUND::2026-09-05T20:15,DEL,HYD,2026-09-21,Economy Flexi,T15(12-18),ROUND::2026-09-05T20:15,AI,AI-540,05:15,8475.50,2,AirlineSite;EaseMyTrip,AirlineSite=8438.00;EaseMyTrip=8513.00,8438.00,8513.00,75.00,0.008849,2,2,0,0,OBS01132;OBS01133
CELL::DEL|HYD|2026-09-21|Economy Flexi|T15(12-18)::ROUND::2026-09-06T09:00::FLT::AI|AI-540|05:15,CELL::DEL|HYD|2026-09-21|Economy Flexi|T15(12-18)::ROUND::2026-09-06T09:00,DEL,HYD,2026-09-21,Economy Flexi,T15(12-18),ROUND::2026-09-06T09:00,AI,AI-540,05:15,9125.00,2,Cleartrip;EaseMyTrip,Cleartrip=9449.00;EaseMyTrip=8801.00,8801.00,9449.00,648.00,0.071014,2,2,0,0,OBS01653;OBS01654
CELL::DEL|HYD|2026-09-21|Economy Flexi|T15(12-18)::ROUND::2026-09-06T14:30::FLT::6E|6E-773|19:45,CELL::DEL|HYD|2026-09-21|Economy Flexi|T15(12-18)::ROUND::2026-09-06T14:30,DEL,HYD,2026-09-21,Economy Flexi,T15(12-18),ROUND::2026-09-06T14:30,6E,6E-773,19:45,8793.00,1,MMT,MMT=8793.00,8793.00,8793.00,0.00,0.000000,1,1,0,0,OBS02139
CELL::DEL|HYD|2026-09-21|Economy Flexi|T15(12-18)::ROUND::2026-09-06T14:30::FLT::AI|AI-540|05:15,CELL::DEL|HYD|2026-09-21|Economy Flexi|T15(12-18)::ROUND::2026-09-06T14:30,DEL,HYD,2026-09-21,Economy Flexi,T15(12-18),ROUND::2026-09-06T14:30,AI,AI-540,05:15,8872.00,2,Cleartrip;MMT,Cleartrip=8905.00;MMT=8839.00,8839.00,8905.00,66.00,0.007439,2,2,0,0,OBS02152;OBS02153
CELL::DEL|HYD|2026-09-21|Economy Flexi|T15(12-18)::ROUND::2026-09-06T20:15::FLT::6E|6E-773|19:45,CELL::DEL|HYD|2026-09-21|Economy Flexi|T15(12-18)::ROUND::2026-09-06T20:15,DEL,HYD,2026-09-21,Economy Flexi,T15(12-18),ROUND::2026-09-06T20:15,6E,6E-773,19:45,8988.00,1,MMT,MMT=8988.00,8988.00,8988.00,0.00,0.000000,1,1,0,0,OBS02641
CELL::DEL|HYD|2026-09-21|Economy Flexi|T15(12-18)::ROUND::2026-09-06T20:15::FLT::AI|AI-540|05:15,CELL::DEL|HYD|2026-09-21|Economy Flexi|T15(12-18)::ROUND::2026-09-06T20:15,DEL,HYD,2026-09-21,Economy Flexi,T15(12-18),ROUND::2026-09-06T20:15,AI,AI-540,05:15,9216.00,2,Goibibo;MMT,Goibibo=9248.00;MMT=9184.00,9184.00,9248.00,64.00,0.006944,2,2,0,0,OBS02654;OBS02655
CELL::DEL|HYD|2026-09-21|Economy Flexi|T15(12-18)::ROUND::2026-09-06T20:15::FLT::SG|SG-451|19:15,CELL::DEL|HYD|2026-09-21|Economy Flexi|T15(12-18)::ROUND::2026-09-06T20:15,DEL,HYD,2026-09-21,Economy Flexi,T15(12-18),ROUND::2026-09-06T20:15,SG,SG-451,19:15,9187.00,1,MMT,MMT=9187.00,9187.00,9187.00,0.00,0.000000,1,1,0,0,OBS02667
CELL::DEL|HYD|2026-09-21|Economy Saver|T15(12-18)::ROUND::2026-09-05T09:00::FLT::AI|AI-540|05:15,CELL::DEL|HYD|2026-09-21|Economy Saver|T15(12-18)::ROUND::2026-09-05T09:00,DEL,HYD,2026-09-21,Economy Saver,T15(12-18),ROUND::2026-09-05T09:00,AI,AI-540,05:15,5482.00,2,EaseMyTrip;Goibibo,EaseMyTrip=5569.00;Goibibo=5395.00,5395.00,5569.00,174.00,0.031740,2,2,0,0,OBS00115;OBS00116
CELL::DEL|HYD|2026-09-21|Economy Saver|T15(12-18)::ROUND::2026-09-05T09:00::FLT::SG|SG-451|19:15,CELL::DEL|HYD|2026-09-21|Economy Saver|T15(12-18)::ROUND::2026-09-05T09:00,DEL,HYD,2026-09-21,Economy Saver,T15(12-18),ROUND::2026-09-05T09:00,SG,SG-451,19:15,5620.00,1,Goibibo,Goibibo=5620.00,5620.00,5620.00,0.00,0.000000,1,1,0,0,OBS00128
CELL::DEL|HYD|2026-09-21|Economy Saver|T15(12-18)::ROUND::2026-09-05T14:30::FLT::6E|6E-773|19:45,CELL::DEL|HYD|2026-09-21|Economy Saver|T15(12-18)::ROUND::2026-09-05T14:30,DEL,HYD,2026-09-21,Economy Saver,T15(12-18),ROUND::2026-09-05T14:30,6E,6E-773,19:45,5409.50,2,Cleartrip;EaseMyTrip,Cleartrip=5461.00;EaseMyTrip=5358.00,5358.00,5461.00,103.00,0.019041,2,2,0,0,OBS00610;OBS00611
CELL::DEL|HYD|2026-09-21|Economy Saver|T15(12-18)::ROUND::2026-09-05T14:30::FLT::AI|AI-540|05:15,CELL::DEL|HYD|2026-09-21|Economy Saver|T15(12-18)::ROUND::2026-09-05T14:30,DEL,HYD,2026-09-21,Economy Saver,T15(12-18),ROUND::2026-09-05T14:30,AI,AI-540,05:15,5859.00,1,MMT,MMT=5859.00,5859.00,5859.00,0.00,0.000000,1,1,0,0,OBS00624
CELL::DEL|HYD|2026-09-21|Economy Saver|T15(12-18)::ROUND::2026-09-05T14:30::FLT::SG|SG-451|19:15,CELL::DEL|HYD|2026-09-21|Economy Saver|T15(12-18)::ROUND::2026-09-05T14:30,DEL,HYD,2026-09-21,Economy Saver,T15(12-18),ROUND::2026-09-05T14:30,SG,SG-451,19:15,5485.00,1,MMT,MMT=5485.00,5485.00,5485.00,0.00,0.000000,1,1,0,0,OBS00632
CELL::DEL|HYD|2026-09-21|Economy Saver|T15(12-18)::ROUND::2026-09-05T20:15::FLT::6E|6E-773|19:45,CELL::DEL|HYD|2026-09-21|Economy Saver|T15(12-18)::ROUND::2026-09-05T20:15,DEL,HYD,2026-09-21,Economy Saver,T15(12-18),ROUND::2026-09-05T20:15,6E,6E-773,19:45,5571.00,2,AirlineSite;MMT,AirlineSite=5679.00;MMT=5463.00,5463.00,5679.00,216.00,0.038772,2,2,0,0,OBS01118;OBS01119
CELL::DEL|HYD|2026-09-21|Economy Saver|T15(12-18)::ROUND::2026-09-05T20:15::FLT::AI|AI-540|05:15,CELL::DEL|HYD|2026-09-21|Economy Saver|T15(12-18)::ROUND::2026-09-05T20:15,DEL,HYD,2026-09-21,Economy Saver,T15(12-18),ROUND::2026-09-05T20:15,AI,AI-540,05:15,5840.00,1,EaseMyTrip,EaseMyTrip=5840.00,5840.00,5840.00,0.00,0.000000,1,1,0,0,OBS01131
CELL::DEL|HYD|2026-09-21|Economy Saver|T15(12-18)::ROUND::2026-09-05T20:15::FLT::SG|SG-451|19:15,CELL::DEL|HYD|2026-09-21|Economy Saver|T15(12-18)::ROUND::2026-09-05T20:15,DEL,HYD,2026-09-21,Economy Saver,T15(12-18),ROUND::2026-09-05T20:15,SG,SG-451,19:15,5674.00,1,Goibibo,Goibibo=5674.00,5674.00,5674.00,0.00,0.000000,1,1,0,0,OBS01143
CELL::DEL|HYD|2026-09-21|Economy Saver|T15(12-18)::ROUND::2026-09-06T09:00::FLT::SG|SG-451|19:15,CELL::DEL|HYD|2026-09-21|Economy Saver|T15(12-18)::ROUND::2026-09-06T09:00,DEL,HYD,2026-09-21,Economy Saver,T15(12-18),ROUND::2026-09-06T09:00,SG,SG-451,19:15,5564.00,1,Goibibo,Goibibo=5564.00,5564.00,5564.00,0.00,0.000000,1,1,0,0,OBS01665
CELL::DEL|HYD|2026-09-21|Economy Saver|T15(12-18)::ROUND::2026-09-06T14:30::FLT::SG|SG-451|19:15,CELL::DEL|HYD|2026-09-21|Economy Saver|T15(12-18)::ROUND::2026-09-06T14:30,DEL,HYD,2026-09-21,Economy Saver,T15(12-18),ROUND::2026-09-06T14:30,SG,SG-451,19:15,5759.50,2,AirlineSite;EaseMyTrip,AirlineSite=5805.00;EaseMyTrip=5714.00,5714.00,5805.00,91.00,0.015800,2,2,0,0,OBS02164;OBS02165
CELL::DEL|HYD|2026-09-21|Economy Standard|T15(12-18)::ROUND::2026-09-05T09:00::FLT::6E|6E-773|19:45,CELL::DEL|HYD|2026-09-21|Economy Standard|T15(12-18)::ROUND::2026-09-05T09:00,DEL,HYD,2026-09-21,Economy Standard,T15(12-18),ROUND::2026-09-05T09:00,6E,6E-773,19:45,7299.00,1,AirlineSite,AirlineSite=7299.00,7299.00,7299.00,0.00,0.000000,1,1,0,0,OBS00106
CELL::DEL|HYD|2026-09-21|Economy Standard|T15(12-18)::ROUND::2026-09-05T14:30::FLT::6E|6E-773|19:45,CELL::DEL|HYD|2026-09-21|Economy Standard|T15(12-18)::ROUND::2026-09-05T14:30,DEL,HYD,2026-09-21,Economy Standard,T15(12-18),ROUND::2026-09-05T14:30,6E,6E-773,19:45,7311.00,2,Cleartrip;EaseMyTrip,Cleartrip=7254.00;EaseMyTrip=7368.00,7254.00,7368.00,114.00,0.015593,2,2,0,0,OBS00612;OBS00613
CELL::DEL|HYD|2026-09-21|Economy Standard|T15(12-18)::ROUND::2026-09-05T20:15::FLT::6E|6E-773|19:45,CELL::DEL|HYD|2026-09-21|Economy Standard|T15(12-18)::ROUND::2026-09-05T20:15,DEL,HYD,2026-09-21,Economy Standard,T15(12-18),ROUND::2026-09-05T20:15,6E,6E-773,19:45,7026.50,2,EaseMyTrip;MMT,EaseMyTrip=7174.00;MMT=6879.00,6879.00,7174.00,295.00,0.041984,2,2,0,0,OBS01120;OBS01121
CELL::DEL|HYD|2026-09-21|Economy Standard|T15(12-18)::ROUND::2026-09-06T09:00::FLT::6E|6E-773|19:45,CELL::DEL|HYD|2026-09-21|Economy Standard|T15(12-18)::ROUND::2026-09-06T09:00,DEL,HYD,2026-09-21,Economy Standard,T15(12-18),ROUND::2026-09-06T09:00,6E,6E-773,19:45,7241.50,2,AirlineSite;Cleartrip,AirlineSite=7105.00;Cleartrip=7378.00,7105.00,7378.00,273.00,0.037699,2,2,0,0,OBS01640;OBS01641
CELL::DEL|HYD|2026-09-21|Economy Standard|T15(12-18)::ROUND::2026-09-06T14:30::FLT::6E|6E-773|19:45,CELL::DEL|HYD|2026-09-21|Economy Standard|T15(12-18)::ROUND::2026-09-06T14:30,DEL,HYD,2026-09-21,Economy Standard,T15(12-18),ROUND::2026-09-06T14:30,6E,6E-773,19:45,7731.00,1,AirlineSite,AirlineSite=7731.00,7731.00,7731.00,0.00,0.000000,1,1,0,0,OBS02140
CELL::DEL|HYD|2026-09-21|Economy Standard|T15(12-18)::ROUND::2026-09-06T14:30::FLT::AI|AI-540|05:15,CELL::DEL|HYD|2026-09-21|Economy Standard|T15(12-18)::ROUND::2026-09-06T14:30,DEL,HYD,2026-09-21,Economy Standard,T15(12-18),ROUND::2026-09-06T14:30,AI,AI-540,05:15,7403.00,2,Cleartrip;EaseMyTrip,Cleartrip=7139.00;EaseMyTrip=7667.00,7139.00,7667.00,528.00,0.071322,2,2,0,0,OBS02150;OBS02151
CELL::DEL|HYD|2026-09-21|Economy Standard|T15(12-18)::ROUND::2026-09-06T14:30::FLT::SG|SG-451|19:15,CELL::DEL|HYD|2026-09-21|Economy Standard|T15(12-18)::ROUND::2026-09-06T14:30,DEL,HYD,2026-09-21,Economy Standard,T15(12-18),ROUND::2026-09-06T14:30,SG,SG-451,19:15,6997.00,1,EaseMyTrip,EaseMyTrip=6997.00,6997.00,6997.00,0.00,0.000000,1,1,0,0,OBS02166
CELL::DEL|HYD|2026-09-21|Economy Standard|T15(12-18)::ROUND::2026-09-06T20:15::FLT::6E|6E-773|19:45,CELL::DEL|HYD|2026-09-21|Economy Standard|T15(12-18)::ROUND::2026-09-06T20:15,DEL,HYD,2026-09-21,Economy Standard,T15(12-18),ROUND::2026-09-06T20:15,6E,6E-773,19:45,7327.00,2,Goibibo;MMT,Goibibo=7190.00;MMT=7464.00,7190.00,7464.00,274.00,0.037396,2,2,0,0,OBS02642;OBS02643
CELL::DEL|HYD|2026-09-21|Economy Standard|T15(12-18)::ROUND::2026-09-06T20:15::FLT::AI|AI-540|05:15,CELL::DEL|HYD|2026-09-21|Economy Standard|T15(12-18)::ROUND::2026-09-06T20:15,DEL,HYD,2026-09-21,Economy Standard,T15(12-18),ROUND::2026-09-06T20:15,AI,AI-540,05:15,7355.00,2,AirlineSite;Goibibo,AirlineSite=7102.00;Goibibo=7608.00,7102.00,7608.00,506.00,0.068797,2,2,0,0,OBS02652;OBS02653
CELL::DEL|HYD|2026-09-21|Economy Standard|T15(12-18)::ROUND::2026-09-06T20:15::FLT::SG|SG-451|19:15,CELL::DEL|HYD|2026-09-21|Economy Standard|T15(12-18)::ROUND::2026-09-06T20:15,DEL,HYD,2026-09-21,Economy Standard,T15(12-18),ROUND::2026-09-06T20:15,SG,SG-451,19:15,7365.50,2,Cleartrip;Goibibo,Cleartrip=7537.00;Goibibo=7194.00,7194.00,7537.00,343.00,0.046568,2,2,0,0,OBS02668;OBS02669
CELL::DEL|HYD|2026-10-06|Economy Flexi|T30(25-35)::ROUND::2026-09-05T09:00::FLT::6E|6E-773|19:45,CELL::DEL|HYD|2026-10-06|Economy Flexi|T30(25-35)::ROUND::2026-09-05T09:00,DEL,HYD,2026-10-06,Economy Flexi,T30(25-35),ROUND::2026-09-05T09:00,6E,6E-773,19:45,7999.50,2,Cleartrip;Goibibo,Cleartrip=7692.00;Goibibo=8307.00,7692.00,8307.00,615.00,0.076880,2,2,0,0,OBS00109;OBS00110
CELL::DEL|HYD|2026-10-06|Economy Flexi|T30(25-35)::ROUND::2026-09-05T09:00::FLT::AI|AI-540|05:15,CELL::DEL|HYD|2026-10-06|Economy Flexi|T30(25-35)::ROUND::2026-09-05T09:00,DEL,HYD,2026-10-06,Economy Flexi,T30(25-35),ROUND::2026-09-05T09:00,AI,AI-540,05:15,8042.00,1,Cleartrip,Cleartrip=8042.00,8042.00,8042.00,0.00,0.000000,1,1,0,0,OBS00118
CELL::DEL|HYD|2026-10-06|Economy Flexi|T30(25-35)::ROUND::2026-09-05T09:00::FLT::SG|SG-451|19:15,CELL::DEL|HYD|2026-10-06|Economy Flexi|T30(25-35)::ROUND::2026-09-05T09:00,DEL,HYD,2026-10-06,Economy Flexi,T30(25-35),ROUND::2026-09-05T09:00,SG,SG-451,19:15,8025.50,2,AirlineSite;EaseMyTrip,AirlineSite=7885.00;EaseMyTrip=8166.00,7885.00,8166.00,281.00,0.035013,2,2,0,0,OBS00129;OBS00130
CELL::DEL|HYD|2026-10-06|Economy Flexi|T30(25-35)::ROUND::2026-09-05T14:30::FLT::6E|6E-773|19:45,CELL::DEL|HYD|2026-10-06|Economy Flexi|T30(25-35)::ROUND::2026-09-05T14:30,DEL,HYD,2026-10-06,Economy Flexi,T30(25-35),ROUND::2026-09-05T14:30,6E,6E-773,19:45,7847.00,1,EaseMyTrip,EaseMyTrip=7847.00,7847.00,7847.00,0.00,0.000000,1,1,0,0,OBS00615
CELL::DEL|HYD|2026-10-06|Economy Flexi|T30(25-35)::ROUND::2026-09-05T14:30::FLT::SG|SG-451|12:00,CELL::DEL|HYD|2026-10-06|Economy Flexi|T30(25-35)::ROUND::2026-09-05T14:30,DEL,HYD,2026-10-06,Economy Flexi,T30(25-35),ROUND::2026-09-05T14:30,SG,SG-451,12:00,8080.00,1,AirlineSite,AirlineSite=8080.00,8080.00,8080.00,0.00,0.000000,1,1,0,0,OBS02993
CELL::DEL|HYD|2026-10-06|Economy Flexi|T30(25-35)::ROUND::2026-09-05T14:30::FLT::SG|SG-451|19:15,CELL::DEL|HYD|2026-10-06|Economy Flexi|T30(25-35)::ROUND::2026-09-05T14:30,DEL,HYD,2026-10-06,Economy Flexi,T30(25-35),ROUND::2026-09-05T14:30,SG,SG-451,19:15,8366.50,2,AirlineSite;EaseMyTrip,AirlineSite=8373.00;EaseMyTrip=8360.00,8360.00,8373.00,13.00,0.001554,2,2,0,0,OBS00633;OBS00634
CELL::DEL|HYD|2026-10-06|Economy Flexi|T30(25-35)::ROUND::2026-09-05T20:15::FLT::6E|6E-773|19:45,CELL::DEL|HYD|2026-10-06|Economy Flexi|T30(25-35)::ROUND::2026-09-05T20:15,DEL,HYD,2026-10-06,Economy Flexi,T30(25-35),ROUND::2026-09-05T20:15,6E,6E-773,19:45,7716.00,1,MMT,MMT=7716.00,7716.00,7716.00,0.00,0.000000,1,1,0,0,OBS01122
CELL::DEL|HYD|2026-10-06|Economy Flexi|T30(25-35)::ROUND::2026-09-05T20:15::FLT::SG|SG-451|19:15,CELL::DEL|HYD|2026-10-06|Economy Flexi|T30(25-35)::ROUND::2026-09-05T20:15,DEL,HYD,2026-10-06,Economy Flexi,T30(25-35),ROUND::2026-09-05T20:15,SG,SG-451,19:15,8080.00,2,AirlineSite;Goibibo,AirlineSite=8224.00;Goibibo=7936.00,7936.00,8224.00,288.00,0.035644,2,2,0,0,OBS01144;OBS01145
CELL::DEL|HYD|2026-10-06|Economy Flexi|T30(25-35)::ROUND::2026-09-06T09:00::FLT::SG|SG-451|19:15,CELL::DEL|HYD|2026-10-06|Economy Flexi|T30(25-35)::ROUND::2026-09-06T09:00,DEL,HYD,2026-10-06,Economy Flexi,T30(25-35),ROUND::2026-09-06T09:00,SG,SG-451,19:15,8323.00,1,Cleartrip,Cleartrip=8323.00,8323.00,8323.00,0.00,0.000000,1,1,0,0,OBS01667
CELL::DEL|HYD|2026-10-06|Economy Flexi|T30(25-35)::ROUND::2026-09-06T14:30::FLT::6E|6E-773|19:45,CELL::DEL|HYD|2026-10-06|Economy Flexi|T30(25-35)::ROUND::2026-09-06T14:30,DEL,HYD,2026-10-06,Economy Flexi,T30(25-35),ROUND::2026-09-06T14:30,6E,6E-773,19:45,8155.00,1,EaseMyTrip,EaseMyTrip=8155.00,8155.00,8155.00,0.00,0.000000,1,1,0,0,OBS02141
CELL::DEL|HYD|2026-10-06|Economy Flexi|T30(25-35)::ROUND::2026-09-06T14:30::FLT::AI|AI-540|05:15,CELL::DEL|HYD|2026-10-06|Economy Flexi|T30(25-35)::ROUND::2026-09-06T14:30,DEL,HYD,2026-10-06,Economy Flexi,T30(25-35),ROUND::2026-09-06T14:30,AI,AI-540,05:15,7827.00,2,Cleartrip;EaseMyTrip,Cleartrip=7767.00;EaseMyTrip=7887.00,7767.00,7887.00,120.00,0.015332,2,2,0,0,OBS02154;OBS02155
CELL::DEL|HYD|2026-10-06|Economy Flexi|T30(25-35)::ROUND::2026-09-06T20:15::FLT::AI|AI-540|05:15,CELL::DEL|HYD|2026-10-06|Economy Flexi|T30(25-35)::ROUND::2026-09-06T20:15,DEL,HYD,2026-10-06,Economy Flexi,T30(25-35),ROUND::2026-09-06T20:15,AI,AI-540,05:15,7958.50,2,Cleartrip;EaseMyTrip,Cleartrip=7675.00;EaseMyTrip=8242.00,7675.00,8242.00,567.00,0.071245,2,2,0,0,OBS02656;OBS02657
CELL::DEL|HYD|2026-10-06|Economy Saver|T30(25-35)::ROUND::2026-09-05T09:00::FLT::6E|6E-773|19:45,CELL::DEL|HYD|2026-10-06|Economy Saver|T30(25-35)::ROUND::2026-09-05T09:00,DEL,HYD,2026-10-06,Economy Saver,T30(25-35),ROUND::2026-09-05T09:00,6E,6E-773,19:45,5059.00,2,Cleartrip;Goibibo,Cleartrip=5105.00;Goibibo=5013.00,5013.00,5105.00,92.00,0.018185,2,2,0,0,OBS00107;OBS00108
CELL::DEL|HYD|2026-10-06|Economy Saver|T30(25-35)::ROUND::2026-09-05T14:30::FLT::6E|6E-773|19:45,CELL::DEL|HYD|2026-10-06|Economy Saver|T30(25-35)::ROUND::2026-09-05T14:30,DEL,HYD,2026-10-06,Economy Saver,T30(25-35),ROUND::2026-09-05T14:30,6E,6E-773,19:45,5320.00,1,AirlineSite,AirlineSite=5320.00,5320.00,5320.00,0.00,0.000000,1,1,0,0,OBS00614
CELL::DEL|HYD|2026-10-06|Economy Saver|T30(25-35)::ROUND::2026-09-05T14:30::FLT::AI|AI-540|05:15,CELL::DEL|HYD|2026-10-06|Economy Saver|T30(25-35)::ROUND::2026-09-05T14:30,DEL,HYD,2026-10-06,Economy Saver,T30(25-35),ROUND::2026-09-05T14:30,AI,AI-540,05:15,5131.00,1,MMT,MMT=5131.00,5131.00,5131.00,0.00,0.000000,1,1,0,0,OBS00625
CELL::DEL|HYD|2026-10-06|Economy Saver|T30(25-35)::ROUND::2026-09-05T14:30::FLT::SG|SG-451|19:15,CELL::DEL|HYD|2026-10-06|Economy Saver|T30(25-35)::ROUND::2026-09-05T14:30,DEL,HYD,2026-10-06,Economy Saver,T30(25-35),ROUND::2026-09-05T14:30,SG,SG-451,19:15,5356.00,1,AirlineSite,AirlineSite=5356.00,5356.00,5356.00,0.00,0.000000,1,1,0,0,OBS00635
CELL::DEL|HYD|2026-10-06|Economy Saver|T30(25-35)::ROUND::2026-09-05T20:15::FLT::6E|6E-773|19:45,CELL::DEL|HYD|2026-10-06|Economy Saver|T30(25-35)::ROUND::2026-09-05T20:15,DEL,HYD,2026-10-06,Economy Saver,T30(25-35),ROUND::2026-09-05T20:15,6E,6E-773,19:45,5160.50,2,Cleartrip;EaseMyTrip,Cleartrip=5300.00;EaseMyTrip=5021.00,5021.00,5300.00,279.00,0.054065,2,2,0,0,OBS01123;OBS01124
CELL::DEL|HYD|2026-10-06|Economy Saver|T30(25-35)::ROUND::2026-09-06T09:00::FLT::6E|6E-773|19:45,CELL::DEL|HYD|2026-10-06|Economy Saver|T30(25-35)::ROUND::2026-09-06T09:00,DEL,HYD,2026-10-06,Economy Saver,T30(25-35),ROUND::2026-09-06T09:00,6E,6E-773,19:45,5091.00,1,AirlineSite,AirlineSite=5091.00,5091.00,5091.00,0.00,0.000000,1,1,0,0,OBS01642
CELL::DEL|HYD|2026-10-06|Economy Saver|T30(25-35)::ROUND::2026-09-06T09:00::FLT::AI|AI-540|05:15,CELL::DEL|HYD|2026-10-06|Economy Saver|T30(25-35)::ROUND::2026-09-06T09:00,DEL,HYD,2026-10-06,Economy Saver,T30(25-35),ROUND::2026-09-06T09:00,AI,AI-540,05:15,5169.50,2,AirlineSite;MMT,AirlineSite=5179.00;MMT=5160.00,5160.00,5179.00,19.00,0.003675,2,2,0,0,OBS01655;OBS01656
CELL::DEL|HYD|2026-10-06|Economy Saver|T30(25-35)::ROUND::2026-09-06T09:00::FLT::SG|SG-451|19:15,CELL::DEL|HYD|2026-10-06|Economy Saver|T30(25-35)::ROUND::2026-09-06T09:00,DEL,HYD,2026-10-06,Economy Saver,T30(25-35),ROUND::2026-09-06T09:00,SG,SG-451,19:15,5149.00,1,AirlineSite,AirlineSite=5149.00,5149.00,5149.00,0.00,0.000000,1,1,0,0,OBS01666
CELL::DEL|HYD|2026-10-06|Economy Saver|T30(25-35)::ROUND::2026-09-06T14:30::FLT::6E|6E-773|19:45,CELL::DEL|HYD|2026-10-06|Economy Saver|T30(25-35)::ROUND::2026-09-06T14:30,DEL,HYD,2026-10-06,Economy Saver,T30(25-35),ROUND::2026-09-06T14:30,6E,6E-773,19:45,4872.00,1,EaseMyTrip,EaseMyTrip=4872.00,4872.00,4872.00,0.00,0.000000,1,1,0,0,OBS02142
CELL::DEL|HYD|2026-10-06|Economy Saver|T30(25-35)::ROUND::2026-09-06T20:15::FLT::6E|6E-773|19:45,CELL::DEL|HYD|2026-10-06|Economy Saver|T30(25-35)::ROUND::2026-09-06T20:15,DEL,HYD,2026-10-06,Economy Saver,T30(25-35),ROUND::2026-09-06T20:15,6E,6E-773,19:45,5128.50,2,Cleartrip;EaseMyTrip,Cleartrip=5141.00;EaseMyTrip=5116.00,5116.00,5141.00,25.00,0.004875,2,2,0,0,OBS02645;OBS02646
CELL::DEL|HYD|2026-10-06|Economy Standard|T30(25-35)::ROUND::2026-09-05T09:00::FLT::SG|SG-451|19:15,CELL::DEL|HYD|2026-10-06|Economy Standard|T30(25-35)::ROUND::2026-09-05T09:00,DEL,HYD,2026-10-06,Economy Standard,T30(25-35),ROUND::2026-09-05T09:00,SG,SG-451,19:15,6548.00,2,Cleartrip;Goibibo,Cleartrip=6508.00;Goibibo=6588.00,6508.00,6588.00,80.00,0.012217,2,2,0,0,OBS00131;OBS00132
CELL::DEL|HYD|2026-10-06|Economy Standard|T30(25-35)::ROUND::2026-09-05T20:15::FLT::AI|AI-540|05:15,CELL::DEL|HYD|2026-10-06|Economy Standard|T30(25-35)::ROUND::2026-09-05T20:15,DEL,HYD,2026-10-06,Economy Standard,T30(25-35),ROUND::2026-09-05T20:15,AI,AI-540,05:15,6644.50,2,AirlineSite;EaseMyTrip,AirlineSite=6757.00;EaseMyTrip=6532.00,6532.00,6757.00,225.00,0.033863,2,2,0,0,OBS01134;OBS01135
CELL::DEL|HYD|2026-10-06|Economy Standard|T30(25-35)::ROUND::2026-09-06T09:00::FLT::6E|6E-773|19:45,CELL::DEL|HYD|2026-10-06|Economy Standard|T30(25-35)::ROUND::2026-09-06T09:00,DEL,HYD,2026-10-06,Economy Standard,T30(25-35),ROUND::2026-09-06T09:00,6E,6E-773,19:45,6723.00,1,MMT,MMT=6723.00,6723.00,6723.00,0.00,0.000000,1,1,0,0,OBS01643
CELL::DEL|HYD|2026-10-06|Economy Standard|T30(25-35)::ROUND::2026-09-06T09:00::FLT::AI|AI-540|05:15,CELL::DEL|HYD|2026-10-06|Economy Standard|T30(25-35)::ROUND::2026-09-06T09:00,DEL,HYD,2026-10-06,Economy Standard,T30(25-35),ROUND::2026-09-06T09:00,AI,AI-540,05:15,6560.00,1,MMT,MMT=6560.00,6560.00,6560.00,0.00,0.000000,1,1,0,0,OBS01657
CELL::DEL|HYD|2026-10-06|Economy Standard|T30(25-35)::ROUND::2026-09-06T14:30::FLT::AI|AI-540|05:15,CELL::DEL|HYD|2026-10-06|Economy Standard|T30(25-35)::ROUND::2026-09-06T14:30,DEL,HYD,2026-10-06,Economy Standard,T30(25-35),ROUND::2026-09-06T14:30,AI,AI-540,05:15,6539.50,2,Cleartrip;MMT,Cleartrip=6686.00;MMT=6393.00,6393.00,6686.00,293.00,0.044805,2,2,0,0,OBS02156;OBS02157
CELL::DEL|HYD|2026-10-06|Economy Standard|T30(25-35)::ROUND::2026-09-06T14:30::FLT::SG|SG-451|19:15,CELL::DEL|HYD|2026-10-06|Economy Standard|T30(25-35)::ROUND::2026-09-06T14:30,DEL,HYD,2026-10-06,Economy Standard,T30(25-35),ROUND::2026-09-06T14:30,SG,SG-451,19:15,6571.50,2,Goibibo;MMT,Goibibo=6802.00;MMT=6341.00,6341.00,6802.00,461.00,0.070151,2,2,0,0,OBS02167;OBS02168
CELL::DEL|HYD|2026-10-06|Economy Standard|T30(25-35)::ROUND::2026-09-06T20:15::FLT::6E|6E-773|19:45,CELL::DEL|HYD|2026-10-06|Economy Standard|T30(25-35)::ROUND::2026-09-06T20:15,DEL,HYD,2026-10-06,Economy Standard,T30(25-35),ROUND::2026-09-06T20:15,6E,6E-773,19:45,6723.00,1,AirlineSite,AirlineSite=6723.00,6723.00,6723.00,0.00,0.000000,1,1,0,0,OBS02644
CELL::DEL|HYD|2026-10-06|Economy Standard|T30(25-35)::ROUND::2026-09-06T20:15::FLT::SG|SG-451|19:15,CELL::DEL|HYD|2026-10-06|Economy Standard|T30(25-35)::ROUND::2026-09-06T20:15,DEL,HYD,2026-10-06,Economy Standard,T30(25-35),ROUND::2026-09-06T20:15,SG,SG-451,19:15,6539.50,2,Cleartrip;MMT,Cleartrip=6699.00;MMT=6380.00,6380.00,6699.00,319.00,0.048780,2,2,0,0,OBS02670;OBS02671
CELL::DEL|HYD|2026-10-22|Economy Flexi|T45(40-50)::ROUND::2026-09-05T09:00::FLT::AI|AI-540|05:15,CELL::DEL|HYD|2026-10-22|Economy Flexi|T45(40-50)::ROUND::2026-09-05T09:00,DEL,HYD,2026-10-22,Economy Flexi,T45(40-50),ROUND::2026-09-05T09:00,AI,AI-540,05:15,8090.50,2,AirlineSite;Goibibo,AirlineSite=8217.00;Goibibo=7964.00,7964.00,8217.00,253.00,0.031271,2,2,0,0,OBS00119;OBS00120
CELL::DEL|HYD|2026-10-22|Economy Flexi|T45(40-50)::ROUND::2026-09-05T09:00::FLT::SG|SG-451|19:15,CELL::DEL|HYD|2026-10-22|Economy Flexi|T45(40-50)::ROUND::2026-09-05T09:00,DEL,HYD,2026-10-22,Economy Flexi,T45(40-50),ROUND::2026-09-05T09:00,SG,SG-451,19:15,8337.00,1,EaseMyTrip,EaseMyTrip=8337.00,8337.00,8337.00,0.00,0.000000,1,1,0,0,OBS00134
CELL::DEL|HYD|2026-10-22|Economy Flexi|T45(40-50)::ROUND::2026-09-05T20:15::FLT::SG|SG-451|19:15,CELL::DEL|HYD|2026-10-22|Economy Flexi|T45(40-50)::ROUND::2026-09-05T20:15,DEL,HYD,2026-10-22,Economy Flexi,T45(40-50),ROUND::2026-09-05T20:15,SG,SG-451,19:15,7775.00,1,Cleartrip,Cleartrip=7775.00,7775.00,7775.00,0.00,0.000000,1,1,0,0,OBS01146
CELL::DEL|HYD|2026-10-22|Economy Flexi|T45(40-50)::ROUND::2026-09-06T09:00::FLT::6E|6E-773|19:45,CELL::DEL|HYD|2026-10-22|Economy Flexi|T45(40-50)::ROUND::2026-09-06T09:00,DEL,HYD,2026-10-22,Economy Flexi,T45(40-50),ROUND::2026-09-06T09:00,6E,6E-773,19:45,8046.50,2,AirlineSite;MMT,AirlineSite=8206.00;MMT=7887.00,7887.00,8206.00,319.00,0.039645,2,2,0,0,OBS01644;OBS01645
CELL::DEL|HYD|2026-10-22|Economy Flexi|T45(40-50)::ROUND::2026-09-06T09:00::FLT::AI|AI-540|05:15,CELL::DEL|HYD|2026-10-22|Economy Flexi|T45(40-50)::ROUND::2026-09-06T09:00,DEL,HYD,2026-10-22,Economy Flexi,T45(40-50),ROUND::2026-09-06T09:00,AI,AI-540,05:15,7680.00,1,EaseMyTrip,EaseMyTrip=7680.00,7680.00,7680.00,0.00,0.000000,1,1,0,0,OBS01658
CELL::DEL|HYD|2026-10-22|Economy Flexi|T45(40-50)::ROUND::2026-09-06T09:00::FLT::SG|SG-451|19:15,CELL::DEL|HYD|2026-10-22|Economy Flexi|T45(40-50)::ROUND::2026-09-06T09:00,DEL,HYD,2026-10-22,Economy Flexi,T45(40-50),ROUND::2026-09-06T09:00,SG,SG-451,19:15,7940.00,2,EaseMyTrip;Goibibo,EaseMyTrip=7990.00;Goibibo=7890.00,7890.00,7990.00,100.00,0.012594,2,2,0,0,OBS01670;OBS01671
CELL::DEL|HYD|2026-10-22|Economy Flexi|T45(40-50)::ROUND::2026-09-06T14:30::FLT::SG|SG-451|19:15,CELL::DEL|HYD|2026-10-22|Economy Flexi|T45(40-50)::ROUND::2026-09-06T14:30,DEL,HYD,2026-10-22,Economy Flexi,T45(40-50),ROUND::2026-09-06T14:30,SG,SG-451,19:15,7731.00,1,Goibibo,Goibibo=7731.00,7731.00,7731.00,0.00,0.000000,1,1,0,0,OBS02169
CELL::DEL|HYD|2026-10-22|Economy Flexi|T45(40-50)::ROUND::2026-09-06T20:15::FLT::6E|6E-773|19:45,CELL::DEL|HYD|2026-10-22|Economy Flexi|T45(40-50)::ROUND::2026-09-06T20:15,DEL,HYD,2026-10-22,Economy Flexi,T45(40-50),ROUND::2026-09-06T20:15,6E,6E-773,19:45,7778.00,1,Cleartrip,Cleartrip=7778.00,7778.00,7778.00,0.00,0.000000,1,1,0,0,OBS02647
CELL::DEL|HYD|2026-10-22|Economy Saver|T45(40-50)::ROUND::2026-09-05T14:30::FLT::6E|6E-773|19:45,CELL::DEL|HYD|2026-10-22|Economy Saver|T45(40-50)::ROUND::2026-09-05T14:30,DEL,HYD,2026-10-22,Economy Saver,T45(40-50),ROUND::2026-09-05T14:30,6E,6E-773,19:45,5103.00,2,AirlineSite;MMT,AirlineSite=5141.00;MMT=5065.00,5065.00,5141.00,76.00,0.014893,2,2,0,0,OBS00616;OBS00617
CELL::DEL|HYD|2026-10-22|Economy Saver|T45(40-50)::ROUND::2026-09-05T14:30::FLT::AI|AI-540|05:15,CELL::DEL|HYD|2026-10-22|Economy Saver|T45(40-50)::ROUND::2026-09-05T14:30,DEL,HYD,2026-10-22,Economy Saver,T45(40-50),ROUND::2026-09-05T14:30,AI,AI-540,05:15,5060.00,1,Goibibo,Goibibo=5060.00,5060.00,5060.00,0.00,0.000000,1,1,0,0,OBS00626
CELL::DEL|HYD|2026-10-22|Economy Saver|T45(40-50)::ROUND::2026-09-05T14:30::FLT::SG|SG-451|19:15,CELL::DEL|HYD|2026-10-22|Economy Saver|T45(40-50)::ROUND::2026-09-05T14:30,DEL,HYD,2026-10-22,Economy Saver,T45(40-50),ROUND::2026-09-05T14:30,SG,SG-451,19:15,5370.50,2,AirlineSite;MMT,AirlineSite=5396.00;MMT=5345.00,5345.00,5396.00,51.00,0.009496,2,2,0,0,OBS00636;OBS00637
CELL::DEL|HYD|2026-10-22|Economy Saver|T45(40-50)::ROUND::2026-09-05T20:15::FLT::6E|6E-773|19:45,CELL::DEL|HYD|2026-10-22|Economy Saver|T45(40-50)::ROUND::2026-09-05T20:15,DEL,HYD,2026-10-22,Economy Saver,T45(40-50),ROUND::2026-09-05T20:15,6E,6E-773,19:45,5216.00,1,AirlineSite,AirlineSite=5216.00,5216.00,5216.00,0.00,0.000000,1,1,0,0,OBS01125
CELL::DEL|HYD|2026-10-22|Economy Saver|T45(40-50)::ROUND::2026-09-06T09:00::FLT::AI|AI-540|05:15,CELL::DEL|HYD|2026-10-22|Economy Saver|T45(40-50)::ROUND::2026-09-06T09:00,DEL,HYD,2026-10-22,Economy Saver,T45(40-50),ROUND::2026-09-06T09:00,AI,AI-540,05:15,5419.00,1,Cleartrip,Cleartrip=5419.00,5419.00,5419.00,0.00,0.000000,1,1,0,0,OBS01659
CELL::DEL|HYD|2026-10-22|Economy Saver|T45(40-50)::ROUND::2026-09-06T09:00::FLT::SG|SG-451|19:15,CELL::DEL|HYD|2026-10-22|Economy Saver|T45(40-50)::ROUND::2026-09-06T09:00,DEL,HYD,2026-10-22,Economy Saver,T45(40-50),ROUND::2026-09-06T09:00,SG,SG-451,19:15,5057.00,2,EaseMyTrip;Goibibo,EaseMyTrip=4939.00;Goibibo=5175.00,4939.00,5175.00,236.00,0.046668,2,2,0,0,OBS01668;OBS01669
CELL::DEL|HYD|2026-10-22|Economy Saver|T45(40-50)::ROUND::2026-09-06T14:30::FLT::6E|6E-773|19:45,CELL::DEL|HYD|2026-10-22|Economy Saver|T45(40-50)::ROUND::2026-09-06T14:30,DEL,HYD,2026-10-22,Economy Saver,T45(40-50),ROUND::2026-09-06T14:30,6E,6E-773,19:45,4939.00,2,AirlineSite;MMT,AirlineSite=4892.00;MMT=4986.00,4892.00,4986.00,94.00,0.019032,2,2,0,0,OBS02143;OBS02144
CELL::DEL|HYD|2026-10-22|Economy Saver|T45(40-50)::ROUND::2026-09-06T14:30::FLT::SG|SG-451|19:15,CELL::DEL|HYD|2026-10-22|Economy Saver|T45(40-50)::ROUND::2026-09-06T14:30,DEL,HYD,2026-10-22,Economy Saver,T45(40-50),ROUND::2026-09-06T14:30,SG,SG-451,19:15,5130.00,2,Cleartrip;EaseMyTrip,Cleartrip=5312.00;EaseMyTrip=4948.00,4948.00,5312.00,364.00,0.070955,2,2,0,0,OBS02170;OBS02171
CELL::DEL|HYD|2026-10-22|Economy Saver|T45(40-50)::ROUND::2026-09-06T20:15::FLT::AI|AI-540|05:15,CELL::DEL|HYD|2026-10-22|Economy Saver|T45(40-50)::ROUND::2026-09-06T20:15,DEL,HYD,2026-10-22,Economy Saver,T45(40-50),ROUND::2026-09-06T20:15,AI,AI-540,05:15,5006.50,2,AirlineSite;Cleartrip,AirlineSite=5099.00;Cleartrip=4914.00,4914.00,5099.00,185.00,0.036952,2,2,0,0,OBS02658;OBS02659
CELL::DEL|HYD|2026-10-22|Economy Saver|T45(40-50)::ROUND::2026-09-06T20:15::FLT::SG|SG-451|19:15,CELL::DEL|HYD|2026-10-22|Economy Saver|T45(40-50)::ROUND::2026-09-06T20:15,DEL,HYD,2026-10-22,Economy Saver,T45(40-50),ROUND::2026-09-06T20:15,SG,SG-451,19:15,5264.00,2,EaseMyTrip;Goibibo,EaseMyTrip=5270.00;Goibibo=5258.00,5258.00,5270.00,12.00,0.002280,2,2,0,0,OBS02672;OBS02673
CELL::DEL|HYD|2026-10-22|Economy Standard|T45(40-50)::ROUND::2026-09-05T09:00::FLT::6E|6E-773|19:45,CELL::DEL|HYD|2026-10-22|Economy Standard|T45(40-50)::ROUND::2026-09-05T09:00,DEL,HYD,2026-10-22,Economy Standard,T45(40-50),ROUND::2026-09-05T09:00,6E,6E-773,19:45,6715.00,1,AirlineSite,AirlineSite=6715.00,6715.00,6715.00,0.00,0.000000,1,1,0,0,OBS00111
CELL::DEL|HYD|2026-10-22|Economy Standard|T45(40-50)::ROUND::2026-09-05T09:00::FLT::SG|SG-451|19:15,CELL::DEL|HYD|2026-10-22|Economy Standard|T45(40-50)::ROUND::2026-09-05T09:00,DEL,HYD,2026-10-22,Economy Standard,T45(40-50),ROUND::2026-09-05T09:00,SG,SG-451,19:15,6726.00,1,AirlineSite,AirlineSite=6726.00,6726.00,6726.00,0.00,0.000000,1,1,0,0,OBS00133
CELL::DEL|HYD|2026-10-22|Economy Standard|T45(40-50)::ROUND::2026-09-05T14:30::FLT::6E|6E-773|19:45,CELL::DEL|HYD|2026-10-22|Economy Standard|T45(40-50)::ROUND::2026-09-05T14:30,DEL,HYD,2026-10-22,Economy Standard,T45(40-50),ROUND::2026-09-05T14:30,6E,6E-773,19:45,6296.00,1,Cleartrip,Cleartrip=6296.00,6296.00,6296.00,0.00,0.000000,1,1,0,0,OBS00618
CELL::DEL|HYD|2026-10-22|Economy Standard|T45(40-50)::ROUND::2026-09-05T14:30::FLT::AI|AI-540|05:15,CELL::DEL|HYD|2026-10-22|Economy Standard|T45(40-50)::ROUND::2026-09-05T14:30,DEL,HYD,2026-10-22,Economy Standard,T45(40-50),ROUND::2026-09-05T14:30,AI,AI-540,05:15,6367.00,1,AirlineSite,AirlineSite=6367.00,6367.00,6367.00,0.00,0.000000,1,1,0,0,OBS00627
CELL::DEL|HYD|2026-10-22|Economy Standard|T45(40-50)::ROUND::2026-09-05T20:15::FLT::AI|AI-540|05:15,CELL::DEL|HYD|2026-10-22|Economy Standard|T45(40-50)::ROUND::2026-09-05T20:15,DEL,HYD,2026-10-22,Economy Standard,T45(40-50),ROUND::2026-09-05T20:15,AI,AI-540,05:15,6517.00,1,Cleartrip,Cleartrip=6517.00,6517.00,6517.00,0.00,0.000000,1,1,0,0,OBS01136
CELL::DEL|HYD|2026-10-22|Economy Standard|T45(40-50)::ROUND::2026-09-06T09:00::FLT::6E|6E-773|19:45,CELL::DEL|HYD|2026-10-22|Economy Standard|T45(40-50)::ROUND::2026-09-06T09:00,DEL,HYD,2026-10-22,Economy Standard,T45(40-50),ROUND::2026-09-06T09:00,6E,6E-773,19:45,6924.00,1,EaseMyTrip,EaseMyTrip=6924.00,6924.00,6924.00,0.00,0.000000,1,1,0,0,OBS01646
CELL::DEL|HYD|2026-10-22|Economy Standard|T45(40-50)::ROUND::2026-09-06T14:30::FLT::AI|AI-540|05:15,CELL::DEL|HYD|2026-10-22|Economy Standard|T45(40-50)::ROUND::2026-09-06T14:30,DEL,HYD,2026-10-22,Economy Standard,T45(40-50),ROUND::2026-09-06T14:30,AI,AI-540,05:15,6420.00,1,AirlineSite,AirlineSite=6420.00,6420.00,6420.00,0.00,0.000000,1,1,0,0,OBS02158
CELL::DEL|IDR|2026-09-07|Economy Flexi|T1(0-2)::ROUND::2026-09-05T14:30::FLT::IX|IX-221|11:45,CELL::DEL|IDR|2026-09-07|Economy Flexi|T1(0-2)::ROUND::2026-09-05T14:30,DEL,IDR,2026-09-07,Economy Flexi,T1(0-2),ROUND::2026-09-05T14:30,IX,IX-221,11:45,11932.50,2,EaseMyTrip;MMT,EaseMyTrip=11863.00;MMT=12002.00,11863.00,12002.00,139.00,0.011649,2,2,0,0,OBS01005;OBS01006
CELL::DEL|IDR|2026-09-07|Economy Flexi|T1(0-2)::ROUND::2026-09-05T20:15::FLT::IX|IX-221|11:45,CELL::DEL|IDR|2026-09-07|Economy Flexi|T1(0-2)::ROUND::2026-09-05T20:15,DEL,IDR,2026-09-07,Economy Flexi,T1(0-2),ROUND::2026-09-05T20:15,IX,IX-221,11:45,11114.00,1,Cleartrip,Cleartrip=11114.00,11114.00,11114.00,0.00,0.000000,1,1,0,0,OBS01518
CELL::DEL|IDR|2026-09-07|Economy Flexi|T1(0-2)::ROUND::2026-09-06T09:00::FLT::6E|6E-284|20:30,CELL::DEL|IDR|2026-09-07|Economy Flexi|T1(0-2)::ROUND::2026-09-06T09:00,DEL,IDR,2026-09-07,Economy Flexi,T1(0-2),ROUND::2026-09-06T09:00,6E,6E-284,20:30,12077.00,1,AirlineSite,AirlineSite=12077.00,12077.00,12077.00,0.00,0.000000,1,1,0,0,OBS02008
CELL::DEL|IDR|2026-09-07|Economy Flexi|T1(0-2)::ROUND::2026-09-06T09:00::FLT::IX|IX-221|11:45,CELL::DEL|IDR|2026-09-07|Economy Flexi|T1(0-2)::ROUND::2026-09-06T09:00,DEL,IDR,2026-09-07,Economy Flexi,T1(0-2),ROUND::2026-09-06T09:00,IX,IX-221,11:45,11781.50,2,Cleartrip;Goibibo,Cleartrip=11694.00;Goibibo=11869.00,11694.00,11869.00,175.00,0.014854,2,2,0,0,OBS02028;OBS02029
CELL::DEL|IDR|2026-09-07|Economy Flexi|T1(0-2)::ROUND::2026-09-06T14:30::FLT::6E|6E-284|20:30,CELL::DEL|IDR|2026-09-07|Economy Flexi|T1(0-2)::ROUND::2026-09-06T14:30,DEL,IDR,2026-09-07,Economy Flexi,T1(0-2),ROUND::2026-09-06T14:30,6E,6E-284,20:30,11962.50,2,EaseMyTrip;MMT,EaseMyTrip=11576.00;MMT=12349.00,11576.00,12349.00,773.00,0.064619,2,2,0,0,OBS02505;OBS02506
CELL::DEL|IDR|2026-09-07|Economy Flexi|T1(0-2)::ROUND::2026-09-06T14:30::FLT::IX|IX-221|11:45,CELL::DEL|IDR|2026-09-07|Economy Flexi|T1(0-2)::ROUND::2026-09-06T14:30,DEL,IDR,2026-09-07,Economy Flexi,T1(0-2),ROUND::2026-09-06T14:30,IX,IX-221,11:45,11964.00,1,MMT,MMT=11964.00,11964.00,11964.00,0.00,0.000000,1,1,0,0,OBS02524
CELL::DEL|IDR|2026-09-07|Economy Saver|T1(0-2)::ROUND::2026-09-05T09:00::FLT::6E|6E-284|20:30,CELL::DEL|IDR|2026-09-07|Economy Saver|T1(0-2)::ROUND::2026-09-05T09:00,DEL,IDR,2026-09-07,Economy Saver,T1(0-2),ROUND::2026-09-05T09:00,6E,6E-284,20:30,7104.00,2,AirlineSite;EaseMyTrip,AirlineSite=7030.00;EaseMyTrip=7178.00,7030.00,7178.00,148.00,0.020833,2,2,0,0,OBS00481;OBS00482
CELL::DEL|IDR|2026-09-07|Economy Saver|T1(0-2)::ROUND::2026-09-05T09:00::FLT::AI|AI-635|16:30,CELL::DEL|IDR|2026-09-07|Economy Saver|T1(0-2)::ROUND::2026-09-05T09:00,DEL,IDR,2026-09-07,Economy Saver,T1(0-2),ROUND::2026-09-05T09:00,AI,AI-635,16:30,7409.00,1,MMT,MMT=7409.00,7409.00,7409.00,0.00,0.000000,1,1,0,0,OBS00494
CELL::DEL|IDR|2026-09-07|Economy Saver|T1(0-2)::ROUND::2026-09-05T09:00::FLT::IX|IX-221|11:45,CELL::DEL|IDR|2026-09-07|Economy Saver|T1(0-2)::ROUND::2026-09-05T09:00,DEL,IDR,2026-09-07,Economy Saver,T1(0-2),ROUND::2026-09-05T09:00,IX,IX-221,11:45,7498.50,2,Cleartrip;Goibibo,Cleartrip=7714.00;Goibibo=7283.00,7283.00,7714.00,431.00,0.057478,2,2,0,0,OBS00506;OBS00507
CELL::DEL|IDR|2026-09-07|Economy Saver|T1(0-2)::ROUND::2026-09-05T14:30::FLT::6E|6E-284|20:30,CELL::DEL|IDR|2026-09-07|Economy Saver|T1(0-2)::ROUND::2026-09-05T14:30,DEL,IDR,2026-09-07,Economy Saver,T1(0-2),ROUND::2026-09-05T14:30,6E,6E-284,20:30,7236.50,2,AirlineSite;EaseMyTrip,AirlineSite=7376.00;EaseMyTrip=7097.00,7097.00,7376.00,279.00,0.038555,2,2,0,0,OBS00976;OBS00977
CELL::DEL|IDR|2026-09-07|Economy Saver|T1(0-2)::ROUND::2026-09-05T14:30::FLT::AI|AI-635|16:30,CELL::DEL|IDR|2026-09-07|Economy Saver|T1(0-2)::ROUND::2026-09-05T14:30,DEL,IDR,2026-09-07,Economy Saver,T1(0-2),ROUND::2026-09-05T14:30,AI,AI-635,16:30,7509.50,2,EaseMyTrip;MMT,EaseMyTrip=7672.00;MMT=7347.00,7347.00,7672.00,325.00,0.043279,2,2,0,0,OBS00990;OBS00991
CELL::DEL|IDR|2026-09-07|Economy Saver|T1(0-2)::ROUND::2026-09-05T14:30::FLT::IX|IX-221|11:45,CELL::DEL|IDR|2026-09-07|Economy Saver|T1(0-2)::ROUND::2026-09-05T14:30,DEL,IDR,2026-09-07,Economy Saver,T1(0-2),ROUND::2026-09-05T14:30,IX,IX-221,11:45,7556.00,1,Cleartrip,Cleartrip=7556.00,7556.00,7556.00,0.00,0.000000,1,1,0,0,OBS01004
CELL::DEL|IDR|2026-09-07|Economy Saver|T1(0-2)::ROUND::2026-09-05T20:15::FLT::6E|6E-284|20:30,CELL::DEL|IDR|2026-09-07|Economy Saver|T1(0-2)::ROUND::2026-09-05T20:15,DEL,IDR,2026-09-07,Economy Saver,T1(0-2),ROUND::2026-09-05T20:15,6E,6E-284,20:30,7676.00,2,Cleartrip;MMT,Cleartrip=7573.00;MMT=7779.00,7573.00,7779.00,206.00,0.026837,2,2,0,0,OBS01495;OBS01496
CELL::DEL|IDR|2026-09-07|Economy Saver|T1(0-2)::ROUND::2026-09-05T20:15::FLT::IX|IX-221|11:45,CELL::DEL|IDR|2026-09-07|Economy Saver|T1(0-2)::ROUND::2026-09-05T20:15,DEL,IDR,2026-09-07,Economy Saver,T1(0-2),ROUND::2026-09-05T20:15,IX,IX-221,11:45,7199.50,2,AirlineSite;Cleartrip,AirlineSite=7017.00;Cleartrip=7382.00,7017.00,7382.00,365.00,0.050698,2,2,0,0,OBS01516;OBS01517
CELL::DEL|IDR|2026-09-07|Economy Saver|T1(0-2)::ROUND::2026-09-06T09:00::FLT::6E|6E-284|20:30,CELL::DEL|IDR|2026-09-07|Economy Saver|T1(0-2)::ROUND::2026-09-06T09:00,DEL,IDR,2026-09-07,Economy Saver,T1(0-2),ROUND::2026-09-06T09:00,6E,6E-284,20:30,7271.00,1,EaseMyTrip,EaseMyTrip=7271.00,7271.00,7271.00,0.00,0.000000,1,1,0,0,OBS02007
CELL::DEL|IDR|2026-09-07|Economy Saver|T1(0-2)::ROUND::2026-09-06T09:00::FLT::AI|AI-635|16:30,CELL::DEL|IDR|2026-09-07|Economy Saver|T1(0-2)::ROUND::2026-09-06T09:00,DEL,IDR,2026-09-07,Economy Saver,T1(0-2),ROUND::2026-09-06T09:00,AI,AI-635,16:30,7516.00,1,AirlineSite,AirlineSite=7516.00,7516.00,7516.00,0.00,0.000000,1,1,0,0,OBS02014
CELL::DEL|IDR|2026-09-07|Economy Saver|T1(0-2)::ROUND::2026-09-06T09:00::FLT::IX|IX-221|11:45,CELL::DEL|IDR|2026-09-07|Economy Saver|T1(0-2)::ROUND::2026-09-06T09:00,DEL,IDR,2026-09-07,Economy Saver,T1(0-2),ROUND::2026-09-06T09:00,IX,IX-221,11:45,7267.50,2,Cleartrip;MMT,Cleartrip=7204.00;MMT=7331.00,7204.00,7331.00,127.00,0.017475,2,2,0,0,OBS02026;OBS02027
CELL::DEL|IDR|2026-09-07|Economy Standard|T1(0-2)::ROUND::2026-09-05T09:00::FLT::IX|IX-221|11:45,CELL::DEL|IDR|2026-09-07|Economy Standard|T1(0-2)::ROUND::2026-09-05T09:00,DEL,IDR,2026-09-07,Economy Standard,T1(0-2),ROUND::2026-09-05T09:00,IX,IX-221,11:45,9734.00,2,AirlineSite;Cleartrip,AirlineSite=9617.00;Cleartrip=9851.00,9617.00,9851.00,234.00,0.024039,2,2,0,0,OBS00508;OBS00509
CELL::DEL|IDR|2026-09-07|Economy Standard|T1(0-2)::ROUND::2026-09-05T14:30::FLT::AI|AI-635|16:30,CELL::DEL|IDR|2026-09-07|Economy Standard|T1(0-2)::ROUND::2026-09-05T14:30,DEL,IDR,2026-09-07,Economy Standard,T1(0-2),ROUND::2026-09-05T14:30,AI,AI-635,16:30,9478.00,2,Goibibo;MMT,Goibibo=9201.00;MMT=9755.00,9201.00,9755.00,554.00,0.058451,2,2,0,0,OBS00992;OBS00993
CELL::DEL|IDR|2026-09-07|Economy Standard|T1(0-2)::ROUND::2026-09-05T20:15::FLT::AI|AI-635|16:30,CELL::DEL|IDR|2026-09-07|Economy Standard|T1(0-2)::ROUND::2026-09-05T20:15,DEL,IDR,2026-09-07,Economy Standard,T1(0-2),ROUND::2026-09-05T20:15,AI,AI-635,16:30,9433.50,2,Cleartrip;Goibibo,Cleartrip=9281.00;Goibibo=9586.00,9281.00,9586.00,305.00,0.032332,2,2,0,0,OBS01505;OBS01506
CELL::DEL|IDR|2026-09-07|Economy Standard|T1(0-2)::ROUND::2026-09-06T14:30::FLT::AI|AI-635|16:30,CELL::DEL|IDR|2026-09-07|Economy Standard|T1(0-2)::ROUND::2026-09-06T14:30,DEL,IDR,2026-09-07,Economy Standard,T1(0-2),ROUND::2026-09-06T14:30,AI,AI-635,16:30,9540.50,2,Cleartrip;EaseMyTrip,Cleartrip=9424.00;EaseMyTrip=9657.00,9424.00,9657.00,233.00,0.024422,2,2,0,0,OBS02516;OBS02517
CELL::DEL|IDR|2026-09-13|Economy Flexi|T7(5-9)::ROUND::2026-09-05T09:00::FLT::6E|6E-284|20:30,CELL::DEL|IDR|2026-09-13|Economy Flexi|T7(5-9)::ROUND::2026-09-05T09:00,DEL,IDR,2026-09-13,Economy Flexi,T7(5-9),ROUND::2026-09-05T09:00,6E,6E-284,20:30,10238.50,2,AirlineSite;Cleartrip,AirlineSite=10004.00;Cleartrip=10473.00,10004.00,10473.00,469.00,0.045807,2,2,0,0,OBS00483;OBS00484
CELL::DEL|IDR|2026-09-13|Economy Flexi|T7(5-9)::ROUND::2026-09-05T09:00::FLT::AI|AI-635|16:30,CELL::DEL|IDR|2026-09-13|Economy Flexi|T7(5-9)::ROUND::2026-09-05T09:00,DEL,IDR,2026-09-13,Economy Flexi,T7(5-9),ROUND::2026-09-05T09:00,AI,AI-635,16:30,10451.50,2,AirlineSite;Goibibo,AirlineSite=10708.00;Goibibo=10195.00,10195.00,10708.00,513.00,0.049084,2,2,0,0,OBS00496;OBS00497
CELL::DEL|IDR|2026-09-13|Economy Flexi|T7(5-9)::ROUND::2026-09-05T09:00::FLT::IX|IX-221|11:45,CELL::DEL|IDR|2026-09-13|Economy Flexi|T7(5-9)::ROUND::2026-09-05T09:00,DEL,IDR,2026-09-13,Economy Flexi,T7(5-9),ROUND::2026-09-05T09:00,IX,IX-221,11:45,10794.00,1,Goibibo,Goibibo=10794.00,10794.00,10794.00,0.00,0.000000,1,1,0,0,OBS00510
CELL::DEL|IDR|2026-09-13|Economy Flexi|T7(5-9)::ROUND::2026-09-05T14:30::FLT::IX|IX-221|11:45,CELL::DEL|IDR|2026-09-13|Economy Flexi|T7(5-9)::ROUND::2026-09-05T14:30,DEL,IDR,2026-09-13,Economy Flexi,T7(5-9),ROUND::2026-09-05T14:30,IX,IX-221,11:45,10681.00,1,Goibibo,Goibibo=10681.00,10681.00,10681.00,0.00,0.000000,1,1,0,0,OBS01007
CELL::DEL|IDR|2026-09-13|Economy Flexi|T7(5-9)::ROUND::2026-09-05T20:15::FLT::6E|6E-284|20:30,CELL::DEL|IDR|2026-09-13|Economy Flexi|T7(5-9)::ROUND::2026-09-05T20:15,DEL,IDR,2026-09-13,Economy Flexi,T7(5-9),ROUND::2026-09-05T20:15,6E,6E-284,20:30,10384.00,1,AirlineSite,AirlineSite=10384.00,10384.00,10384.00,0.00,0.000000,1,1,0,0,OBS01497
CELL::DEL|IDR|2026-09-13|Economy Flexi|T7(5-9)::ROUND::2026-09-05T20:15::FLT::IX|IX-221|11:45,CELL::DEL|IDR|2026-09-13|Economy Flexi|T7(5-9)::ROUND::2026-09-05T20:15,DEL,IDR,2026-09-13,Economy Flexi,T7(5-9),ROUND::2026-09-05T20:15,IX,IX-221,11:45,10358.50,2,AirlineSite;Cleartrip,AirlineSite=10564.00;Cleartrip=10153.00,10153.00,10564.00,411.00,0.039678,2,2,0,0,OBS01519;OBS01520
CELL::DEL|IDR|2026-09-13|Economy Flexi|T7(5-9)::ROUND::2026-09-06T09:00::FLT::AI|AI-635|16:30,CELL::DEL|IDR|2026-09-13|Economy Flexi|T7(5-9)::ROUND::2026-09-06T09:00,DEL,IDR,2026-09-13,Economy Flexi,T7(5-9),ROUND::2026-09-06T09:00,AI,AI-635,16:30,10702.00,1,Cleartrip,Cleartrip=10702.00,10702.00,10702.00,0.00,0.000000,1,1,0,0,OBS02016
CELL::DEL|IDR|2026-09-13|Economy Flexi|T7(5-9)::ROUND::2026-09-06T09:00::FLT::IX|IX-221|11:45,CELL::DEL|IDR|2026-09-13|Economy Flexi|T7(5-9)::ROUND::2026-09-06T09:00,DEL,IDR,2026-09-13,Economy Flexi,T7(5-9),ROUND::2026-09-06T09:00,IX,IX-221,11:45,10518.00,1,Goibibo,Goibibo=10518.00,10518.00,10518.00,0.00,0.000000,1,1,0,0,OBS02030
CELL::DEL|IDR|2026-09-13|Economy Saver|T7(5-9)::ROUND::2026-09-05T09:00::FLT::AI|AI-635|16:30,CELL::DEL|IDR|2026-09-13|Economy Saver|T7(5-9)::ROUND::2026-09-05T09:00,DEL,IDR,2026-09-13,Economy Saver,T7(5-9),ROUND::2026-09-05T09:00,AI,AI-635,16:30,6742.00,1,Cleartrip,Cleartrip=6742.00,6742.00,6742.00,0.00,0.000000,1,1,0,0,OBS00495
CELL::DEL|IDR|2026-09-13|Economy Saver|T7(5-9)::ROUND::2026-09-05T14:30::FLT::AI|AI-635|16:30,CELL::DEL|IDR|2026-09-13|Economy Saver|T7(5-9)::ROUND::2026-09-05T14:30,DEL,IDR,2026-09-13,Economy Saver,T7(5-9),ROUND::2026-09-05T14:30,AI,AI-635,16:30,6878.00,1,EaseMyTrip,EaseMyTrip=6878.00,6878.00,6878.00,0.00,0.000000,1,1,0,0,OBS00994
CELL::DEL|IDR|2026-09-13|Economy Saver|T7(5-9)::ROUND::2026-09-05T20:15::FLT::AI|AI-635|16:30,CELL::DEL|IDR|2026-09-13|Economy Saver|T7(5-9)::ROUND::2026-09-05T20:15,DEL,IDR,2026-09-13,Economy Saver,T7(5-9),ROUND::2026-09-05T20:15,AI,AI-635,16:30,6483.00,1,MMT,MMT=6483.00,6483.00,6483.00,0.00,0.000000,1,1,0,0,OBS01509
CELL::DEL|IDR|2026-09-13|Economy Saver|T7(5-9)::ROUND::2026-09-06T09:00::FLT::6E|6E-284|20:30,CELL::DEL|IDR|2026-09-13|Economy Saver|T7(5-9)::ROUND::2026-09-06T09:00,DEL,IDR,2026-09-13,Economy Saver,T7(5-9),ROUND::2026-09-06T09:00,6E,6E-284,20:30,6598.00,1,Cleartrip,Cleartrip=6598.00,6598.00,6598.00,0.00,0.000000,1,1,0,0,OBS02009
CELL::DEL|IDR|2026-09-13|Economy Saver|T7(5-9)::ROUND::2026-09-06T09:00::FLT::AI|AI-635|16:30,CELL::DEL|IDR|2026-09-13|Economy Saver|T7(5-9)::ROUND::2026-09-06T09:00,DEL,IDR,2026-09-13,Economy Saver,T7(5-9),ROUND::2026-09-06T09:00,AI,AI-635,16:30,6633.00,1,AirlineSite,AirlineSite=6633.00,6633.00,6633.00,0.00,0.000000,1,1,0,0,OBS02015
CELL::DEL|IDR|2026-09-13|Economy Standard|T7(5-9)::ROUND::2026-09-05T14:30::FLT::6E|6E-284|20:30,CELL::DEL|IDR|2026-09-13|Economy Standard|T7(5-9)::ROUND::2026-09-05T14:30,DEL,IDR,2026-09-13,Economy Standard,T7(5-9),ROUND::2026-09-05T14:30,6E,6E-284,20:30,8675.00,1,AirlineSite,AirlineSite=8675.00,8675.00,8675.00,0.00,0.000000,1,1,0,0,OBS00978
CELL::DEL|IDR|2026-09-13|Economy Standard|T7(5-9)::ROUND::2026-09-05T14:30::FLT::AI|AI-635|16:30,CELL::DEL|IDR|2026-09-13|Economy Standard|T7(5-9)::ROUND::2026-09-05T14:30,DEL,IDR,2026-09-13,Economy Standard,T7(5-9),ROUND::2026-09-05T14:30,AI,AI-635,16:30,8323.50,2,Cleartrip;EaseMyTrip,Cleartrip=8394.00;EaseMyTrip=8253.00,8253.00,8394.00,141.00,0.016940,2,2,0,0,OBS00995;OBS00996
CELL::DEL|IDR|2026-09-13|Economy Standard|T7(5-9)::ROUND::2026-09-05T20:15::FLT::6E|6E-284|20:30,CELL::DEL|IDR|2026-09-13|Economy Standard|T7(5-9)::ROUND::2026-09-05T20:15,DEL,IDR,2026-09-13,Economy Standard,T7(5-9),ROUND::2026-09-05T20:15,6E,6E-284,20:30,8918.00,2,Goibibo;MMT,Goibibo=8931.00;MMT=8905.00,8905.00,8931.00,26.00,0.002915,2,2,0,0,OBS01498;OBS01499
CELL::DEL|IDR|2026-09-13|Economy Standard|T7(5-9)::ROUND::2026-09-05T20:15::FLT::AI|AI-635|16:30,CELL::DEL|IDR|2026-09-13|Economy Standard|T7(5-9)::ROUND::2026-09-05T20:15,DEL,IDR,2026-09-13,Economy Standard,T7(5-9),ROUND::2026-09-05T20:15,AI,AI-635,16:30,8354.50,2,Goibibo;MMT,Goibibo=8592.00;MMT=8117.00,8117.00,8592.00,475.00,0.056856,2,2,0,0,OBS01507;OBS01508
CELL::DEL|IDR|2026-09-13|Economy Standard|T7(5-9)::ROUND::2026-09-05T20:15::FLT::IX|IX-221|11:45,CELL::DEL|IDR|2026-09-13|Economy Standard|T7(5-9)::ROUND::2026-09-05T20:15,DEL,IDR,2026-09-13,Economy Standard,T7(5-9),ROUND::2026-09-05T20:15,IX,IX-221,11:45,8497.00,2,EaseMyTrip;MMT,EaseMyTrip=8228.00;MMT=8766.00,8228.00,8766.00,538.00,0.063316,2,2,0,0,OBS01521;OBS01522
CELL::DEL|IDR|2026-09-13|Economy Standard|T7(5-9)::ROUND::2026-09-06T14:30::FLT::6E|6E-284|20:30,CELL::DEL|IDR|2026-09-13|Economy Standard|T7(5-9)::ROUND::2026-09-06T14:30,DEL,IDR,2026-09-13,Economy Standard,T7(5-9),ROUND::2026-09-06T14:30,6E,6E-284,20:30,8464.50,2,AirlineSite;MMT,AirlineSite=8504.00;MMT=8425.00,8425.00,8504.00,79.00,0.009333,2,2,0,0,OBS02507;OBS02508
CELL::DEL|IDR|2026-09-13|Economy Standard|T7(5-9)::ROUND::2026-09-06T14:30::FLT::AI|AI-635|16:30,CELL::DEL|IDR|2026-09-13|Economy Standard|T7(5-9)::ROUND::2026-09-06T14:30,DEL,IDR,2026-09-13,Economy Standard,T7(5-9),ROUND::2026-09-06T14:30,AI,AI-635,16:30,8706.50,2,Cleartrip;Goibibo,Cleartrip=8726.00;Goibibo=8687.00,8687.00,8726.00,39.00,0.004479,2,2,0,0,OBS02518;OBS02519
CELL::DEL|IDR|2026-09-13|Economy Standard|T7(5-9)::ROUND::2026-09-06T14:30::FLT::IX|IX-221|11:45,CELL::DEL|IDR|2026-09-13|Economy Standard|T7(5-9)::ROUND::2026-09-06T14:30,DEL,IDR,2026-09-13,Economy Standard,T7(5-9),ROUND::2026-09-06T14:30,IX,IX-221,11:45,8389.00,1,Cleartrip,Cleartrip=8389.00,8389.00,8389.00,0.00,0.000000,1,1,0,0,OBS02525
CELL::DEL|IDR|2026-09-21|Economy Flexi|T15(12-18)::ROUND::2026-09-05T09:00::FLT::AI|AI-635|16:30,CELL::DEL|IDR|2026-09-21|Economy Flexi|T15(12-18)::ROUND::2026-09-05T09:00,DEL,IDR,2026-09-21,Economy Flexi,T15(12-18),ROUND::2026-09-05T09:00,AI,AI-635,16:30,8520.00,1,Goibibo,Goibibo=8520.00,8520.00,8520.00,0.00,0.000000,1,1,0,0,OBS00498
CELL::DEL|IDR|2026-09-21|Economy Flexi|T15(12-18)::ROUND::2026-09-05T14:30::FLT::6E|6E-284|20:30,CELL::DEL|IDR|2026-09-21|Economy Flexi|T15(12-18)::ROUND::2026-09-05T14:30,DEL,IDR,2026-09-21,Economy Flexi,T15(12-18),ROUND::2026-09-05T14:30,6E,6E-284,20:30,9242.00,2,EaseMyTrip;Goibibo,EaseMyTrip=9225.00;Goibibo=9259.00,9225.00,9259.00,34.00,0.003679,2,2,0,0,OBS00981;OBS00982
CELL::DEL|IDR|2026-09-21|Economy Flexi|T15(12-18)::ROUND::2026-09-05T14:30::FLT::AI|AI-635|16:30,CELL::DEL|IDR|2026-09-21|Economy Flexi|T15(12-18)::ROUND::2026-09-05T14:30,DEL,IDR,2026-09-21,Economy Flexi,T15(12-18),ROUND::2026-09-05T14:30,AI,AI-635,16:30,8726.50,2,EaseMyTrip;Goibibo,EaseMyTrip=8657.00;Goibibo=8796.00,8657.00,8796.00,139.00,0.015928,2,2,0,0,OBS00997;OBS00998
CELL::DEL|IDR|2026-09-21|Economy Flexi|T15(12-18)::ROUND::2026-09-05T14:30::FLT::IX|IX-221|11:45,CELL::DEL|IDR|2026-09-21|Economy Flexi|T15(12-18)::ROUND::2026-09-05T14:30,DEL,IDR,2026-09-21,Economy Flexi,T15(12-18),ROUND::2026-09-05T14:30,IX,IX-221,11:45,8719.00,1,MMT,MMT=8719.00,8719.00,8719.00,0.00,0.000000,1,1,0,0,OBS01008
CELL::DEL|IDR|2026-09-21|Economy Flexi|T15(12-18)::ROUND::2026-09-05T20:15::FLT::IX|IX-221|11:45,CELL::DEL|IDR|2026-09-21|Economy Flexi|T15(12-18)::ROUND::2026-09-05T20:15,DEL,IDR,2026-09-21,Economy Flexi,T15(12-18),ROUND::2026-09-05T20:15,IX,IX-221,11:45,9074.00,1,AirlineSite,AirlineSite=9074.00,9074.00,9074.00,0.00,0.000000,1,1,0,0,OBS01525
CELL::DEL|IDR|2026-09-21|Economy Flexi|T15(12-18)::ROUND::2026-09-06T09:00::FLT::AI|AI-635|16:30,CELL::DEL|IDR|2026-09-21|Economy Flexi|T15(12-18)::ROUND::2026-09-06T09:00,DEL,IDR,2026-09-21,Economy Flexi,T15(12-18),ROUND::2026-09-06T09:00,AI,AI-635,16:30,8841.00,2,AirlineSite;MMT,AirlineSite=8924.00;MMT=8758.00,8758.00,8924.00,166.00,0.018776,2,2,0,0,OBS02017;OBS02018
CELL::DEL|IDR|2026-09-21|Economy Flexi|T15(12-18)::ROUND::2026-09-06T09:00::FLT::IX|IX-221|11:45,CELL::DEL|IDR|2026-09-21|Economy Flexi|T15(12-18)::ROUND::2026-09-06T09:00,DEL,IDR,2026-09-21,Economy Flexi,T15(12-18),ROUND::2026-09-06T09:00,IX,IX-221,11:45,9069.50,2,AirlineSite;Goibibo,AirlineSite=8992.00;Goibibo=9147.00,8992.00,9147.00,155.00,0.017090,2,2,0,0,OBS02031;OBS02032
CELL::DEL|IDR|2026-09-21|Economy Flexi|T15(12-18)::ROUND::2026-09-06T14:30::FLT::AI|AI-635|16:30,CELL::DEL|IDR|2026-09-21|Economy Flexi|T15(12-18)::ROUND::2026-09-06T14:30,DEL,IDR,2026-09-21,Economy Flexi,T15(12-18),ROUND::2026-09-06T14:30,AI,AI-635,16:30,9093.00,1,MMT,MMT=9093.00,9093.00,9093.00,0.00,0.000000,1,1,0,0,OBS02520
CELL::DEL|IDR|2026-09-21|Economy Flexi|T15(12-18)::ROUND::2026-09-06T14:30::FLT::IX|IX-221|11:45,CELL::DEL|IDR|2026-09-21|Economy Flexi|T15(12-18)::ROUND::2026-09-06T14:30,DEL,IDR,2026-09-21,Economy Flexi,T15(12-18),ROUND::2026-09-06T14:30,IX,IX-221,11:45,9015.00,2,EaseMyTrip;Goibibo,EaseMyTrip=8901.00;Goibibo=9129.00,8901.00,9129.00,228.00,0.025291,2,2,0,0,OBS02526;OBS02527
CELL::DEL|IDR|2026-09-21|Economy Saver|T15(12-18)::ROUND::2026-09-05T09:00::FLT::6E|6E-284|20:30,CELL::DEL|IDR|2026-09-21|Economy Saver|T15(12-18)::ROUND::2026-09-05T09:00,DEL,IDR,2026-09-21,Economy Saver,T15(12-18),ROUND::2026-09-05T09:00,6E,6E-284,20:30,5572.00,1,AirlineSite,AirlineSite=5572.00,5572.00,5572.00,0.00,0.000000,1,1,0,0,OBS00486
CELL::DEL|IDR|2026-09-21|Economy Saver|T15(12-18)::ROUND::2026-09-05T09:00::FLT::IX|IX-221|11:45,CELL::DEL|IDR|2026-09-21|Economy Saver|T15(12-18)::ROUND::2026-09-05T09:00,DEL,IDR,2026-09-21,Economy Saver,T15(12-18),ROUND::2026-09-05T09:00,IX,IX-221,11:45,5677.00,2,AirlineSite;Goibibo,AirlineSite=5675.00;Goibibo=5679.00,5675.00,5679.00,4.00,0.000705,2,2,0,0,OBS00513;OBS00514
CELL::DEL|IDR|2026-09-21|Economy Saver|T15(12-18)::ROUND::2026-09-05T14:30::FLT::6E|6E-284|20:30,CELL::DEL|IDR|2026-09-21|Economy Saver|T15(12-18)::ROUND::2026-09-05T14:30,DEL,IDR,2026-09-21,Economy Saver,T15(12-18),ROUND::2026-09-05T14:30,6E,6E-284,20:30,5412.00,2,Goibibo;MMT,Goibibo=5425.00;MMT=5399.00,5399.00,5425.00,26.00,0.004804,2,2,0,0,OBS00979;OBS00980
CELL::DEL|IDR|2026-09-21|Economy Saver|T15(12-18)::ROUND::2026-09-05T20:15::FLT::6E|6E-284|20:30,CELL::DEL|IDR|2026-09-21|Economy Saver|T15(12-18)::ROUND::2026-09-05T20:15,DEL,IDR,2026-09-21,Economy Saver,T15(12-18),ROUND::2026-09-05T20:15,6E,6E-284,20:30,5648.50,2,EaseMyTrip;Goibibo,EaseMyTrip=5578.00;Goibibo=5719.00,5578.00,5719.00,141.00,0.024962,2,2,0,0,OBS01500;OBS01501
CELL::DEL|IDR|2026-09-21|Economy Saver|T15(12-18)::ROUND::2026-09-05T20:15::FLT::AI|AI-635|16:30,CELL::DEL|IDR|2026-09-21|Economy Saver|T15(12-18)::ROUND::2026-09-05T20:15,DEL,IDR,2026-09-21,Economy Saver,T15(12-18),ROUND::2026-09-05T20:15,AI,AI-635,16:30,5689.50,2,AirlineSite;Goibibo,AirlineSite=5406.00;Goibibo=5973.00,5406.00,5973.00,567.00,0.099657,2,2,0,0,OBS01510;OBS01511
CELL::DEL|IDR|2026-09-21|Economy Saver|T15(12-18)::ROUND::2026-09-05T20:15::FLT::IX|IX-221|11:45,CELL::DEL|IDR|2026-09-21|Economy Saver|T15(12-18)::ROUND::2026-09-05T20:15,DEL,IDR,2026-09-21,Economy Saver,T15(12-18),ROUND::2026-09-05T20:15,IX,IX-221,11:45,5716.50,2,AirlineSite;Goibibo,AirlineSite=5493.00;Goibibo=5940.00,5493.00,5940.00,447.00,0.078195,2,2,0,0,OBS01523;OBS01524
CELL::DEL|IDR|2026-09-21|Economy Saver|T15(12-18)::ROUND::2026-09-06T09:00::FLT::6E|6E-284|20:30,CELL::DEL|IDR|2026-09-21|Economy Saver|T15(12-18)::ROUND::2026-09-06T09:00,DEL,IDR,2026-09-21,Economy Saver,T15(12-18),ROUND::2026-09-06T09:00,6E,6E-284,20:30,5913.00,1,EaseMyTrip,EaseMyTrip=5913.00,5913.00,5913.00,0.00,0.000000,1,1,0,0,OBS02010
CELL::DEL|IDR|2026-09-21|Economy Saver|T15(12-18)::ROUND::2026-09-06T09:00::FLT::AI|AI-635|16:30,CELL::DEL|IDR|2026-09-21|Economy Saver|T15(12-18)::ROUND::2026-09-06T09:00,DEL,IDR,2026-09-21,Economy Saver,T15(12-18),ROUND::2026-09-06T09:00,AI,AI-635,16:30,6009.50,2,AirlineSite;Cleartrip,AirlineSite=5967.00;Cleartrip=6052.00,5967.00,6052.00,85.00,0.014144,2,2,0,0,OBS02019;OBS02020
CELL::DEL|IDR|2026-09-21|Economy Saver|T15(12-18)::ROUND::2026-09-06T09:00::FLT::IX|IX-221|11:45,CELL::DEL|IDR|2026-09-21|Economy Saver|T15(12-18)::ROUND::2026-09-06T09:00,DEL,IDR,2026-09-21,Economy Saver,T15(12-18),ROUND::2026-09-06T09:00,IX,IX-221,11:45,5870.50,2,AirlineSite;MMT,AirlineSite=6007.00;MMT=5734.00,5734.00,6007.00,273.00,0.046504,2,2,0,0,OBS02033;OBS02034
CELL::DEL|IDR|2026-09-21|Economy Saver|T15(12-18)::ROUND::2026-09-06T14:30::FLT::IX|IX-221|11:45,CELL::DEL|IDR|2026-09-21|Economy Saver|T15(12-18)::ROUND::2026-09-06T14:30,DEL,IDR,2026-09-21,Economy Saver,T15(12-18),ROUND::2026-09-06T14:30,IX,IX-221,11:45,5933.00,1,Goibibo,Goibibo=5933.00,5933.00,5933.00,0.00,0.000000,1,1,0,0,OBS02528
CELL::DEL|IDR|2026-09-21|Economy Saver|T15(12-18)::ROUND::2026-09-07T14:30::FLT::IX|IX-221|12:00,CELL::DEL|IDR|2026-09-21|Economy Saver|T15(12-18)::ROUND::2026-09-07T14:30,DEL,IDR,2026-09-21,Economy Saver,T15(12-18),ROUND::2026-09-07T14:30,IX,IX-221,12:00,5945.00,1,MMT,MMT=5945.00,5945.00,5945.00,0.00,0.000000,1,1,0,0,OBS02999
CELL::DEL|IDR|2026-09-21|Economy Standard|T15(12-18)::ROUND::2026-09-05T09:00::FLT::6E|6E-284|20:30,CELL::DEL|IDR|2026-09-21|Economy Standard|T15(12-18)::ROUND::2026-09-05T09:00,DEL,IDR,2026-09-21,Economy Standard,T15(12-18),ROUND::2026-09-05T09:00,6E,6E-284,20:30,7401.00,1,EaseMyTrip,EaseMyTrip=7401.00,7401.00,7401.00,0.00,0.000000,1,1,0,0,OBS00485
CELL::DEL|IDR|2026-09-21|Economy Standard|T15(12-18)::ROUND::2026-09-05T09:00::FLT::IX|IX-221|11:45,CELL::DEL|IDR|2026-09-21|Economy Standard|T15(12-18)::ROUND::2026-09-05T09:00,DEL,IDR,2026-09-21,Economy Standard,T15(12-18),ROUND::2026-09-05T09:00,IX,IX-221,11:45,7159.00,2,Goibibo;MMT,Goibibo=7293.00;MMT=7025.00,7025.00,7293.00,268.00,0.037435,2,2,0,0,OBS00511;OBS00512
CELL::DEL|IDR|2026-09-21|Economy Standard|T15(12-18)::ROUND::2026-09-05T20:15::FLT::AI|AI-635|16:30,CELL::DEL|IDR|2026-09-21|Economy Standard|T15(12-18)::ROUND::2026-09-05T20:15,DEL,IDR,2026-09-21,Economy Standard,T15(12-18),ROUND::2026-09-05T20:15,AI,AI-635,16:30,6921.50,2,EaseMyTrip;Goibibo,EaseMyTrip=6916.00;Goibibo=6927.00,6916.00,6927.00,11.00,0.001589,2,2,0,0,OBS01512;OBS01513
CELL::DEL|IDR|2026-09-21|Economy Standard|T15(12-18)::ROUND::2026-09-06T14:30::FLT::6E|6E-284|20:30,CELL::DEL|IDR|2026-09-21|Economy Standard|T15(12-18)::ROUND::2026-09-06T14:30,DEL,IDR,2026-09-21,Economy Standard,T15(12-18),ROUND::2026-09-06T14:30,6E,6E-284,20:30,7452.00,1,Goibibo,Goibibo=7452.00,7452.00,7452.00,0.00,0.000000,1,1,0,0,OBS02509
CELL::DEL|IDR|2026-10-06|Economy Flexi|T30(25-35)::ROUND::2026-09-05T09:00::FLT::6E|6E-284|20:30,CELL::DEL|IDR|2026-10-06|Economy Flexi|T30(25-35)::ROUND::2026-09-05T09:00,DEL,IDR,2026-10-06,Economy Flexi,T30(25-35),ROUND::2026-09-05T09:00,6E,6E-284,20:30,8138.00,2,AirlineSite;Cleartrip,AirlineSite=8267.00;Cleartrip=8009.00,8009.00,8267.00,258.00,0.031703,2,2,0,0,OBS00487;OBS00488
CELL::DEL|IDR|2026-10-06|Economy Flexi|T30(25-35)::ROUND::2026-09-05T09:00::FLT::AI|AI-635|16:30,CELL::DEL|IDR|2026-10-06|Economy Flexi|T30(25-35)::ROUND::2026-09-05T09:00,DEL,IDR,2026-10-06,Economy Flexi,T30(25-35),ROUND::2026-09-05T09:00,AI,AI-635,16:30,8014.00,2,Cleartrip;Goibibo,Cleartrip=8236.00;Goibibo=7792.00,7792.00,8236.00,444.00,0.055403,2,2,0,0,OBS00500;OBS00501
CELL::DEL|IDR|2026-10-06|Economy Flexi|T30(25-35)::ROUND::2026-09-05T09:00::FLT::IX|IX-221|11:45,CELL::DEL|IDR|2026-10-06|Economy Flexi|T30(25-35)::ROUND::2026-09-05T09:00,DEL,IDR,2026-10-06,Economy Flexi,T30(25-35),ROUND::2026-09-05T09:00,IX,IX-221,11:45,7910.00,2,AirlineSite;EaseMyTrip,AirlineSite=8139.00;EaseMyTrip=7681.00,7681.00,8139.00,458.00,0.057901,2,2,0,0,OBS00515;OBS00516
CELL::DEL|IDR|2026-10-06|Economy Flexi|T30(25-35)::ROUND::2026-09-05T14:30::FLT::6E|6E-284|20:30,CELL::DEL|IDR|2026-10-06|Economy Flexi|T30(25-35)::ROUND::2026-09-05T14:30,DEL,IDR,2026-10-06,Economy Flexi,T30(25-35),ROUND::2026-09-05T14:30,6E,6E-284,20:30,8089.50,2,EaseMyTrip;MMT,EaseMyTrip=8283.00;MMT=7896.00,7896.00,8283.00,387.00,0.047840,2,2,0,0,OBS00985;OBS00986
CELL::DEL|IDR|2026-10-06|Economy Flexi|T30(25-35)::ROUND::2026-09-05T20:15::FLT::6E|6E-284|20:30,CELL::DEL|IDR|2026-10-06|Economy Flexi|T30(25-35)::ROUND::2026-09-05T20:15,DEL,IDR,2026-10-06,Economy Flexi,T30(25-35),ROUND::2026-09-05T20:15,6E,6E-284,20:30,7789.00,1,Cleartrip,Cleartrip=7789.00,7789.00,7789.00,0.00,0.000000,1,1,0,0,OBS01502
CELL::DEL|IDR|2026-10-06|Economy Flexi|T30(25-35)::ROUND::2026-09-05T20:15::FLT::IX|IX-221|11:45,CELL::DEL|IDR|2026-10-06|Economy Flexi|T30(25-35)::ROUND::2026-09-05T20:15,DEL,IDR,2026-10-06,Economy Flexi,T30(25-35),ROUND::2026-09-05T20:15,IX,IX-221,11:45,8090.00,2,EaseMyTrip;MMT,EaseMyTrip=7856.00;MMT=8324.00,7856.00,8324.00,468.00,0.057849,2,2,0,0,OBS01527;OBS01528
CELL::DEL|IDR|2026-10-06|Economy Flexi|T30(25-35)::ROUND::2026-09-06T14:30::FLT::6E|6E-284|20:30,CELL::DEL|IDR|2026-10-06|Economy Flexi|T30(25-35)::ROUND::2026-09-06T14:30,DEL,IDR,2026-10-06,Economy Flexi,T30(25-35),ROUND::2026-09-06T14:30,6E,6E-284,20:30,8017.00,2,AirlineSite;Cleartrip,AirlineSite=8254.00;Cleartrip=7780.00,7780.00,8254.00,474.00,0.059124,2,2,0,0,OBS02510;OBS02511
CELL::DEL|IDR|2026-10-06|Economy Flexi|T30(25-35)::ROUND::2026-09-06T14:30::FLT::IX|IX-221|11:45,CELL::DEL|IDR|2026-10-06|Economy Flexi|T30(25-35)::ROUND::2026-09-06T14:30,DEL,IDR,2026-10-06,Economy Flexi,T30(25-35),ROUND::2026-09-06T14:30,IX,IX-221,11:45,8056.00,1,Cleartrip,Cleartrip=8056.00,8056.00,8056.00,0.00,0.000000,1,1,0,0,OBS02529
CELL::DEL|IDR|2026-10-06|Economy Saver|T30(25-35)::ROUND::2026-09-05T09:00::FLT::IX|IX-221|11:45,CELL::DEL|IDR|2026-10-06|Economy Saver|T30(25-35)::ROUND::2026-09-05T09:00,DEL,IDR,2026-10-06,Economy Saver,T30(25-35),ROUND::2026-09-05T09:00,IX,IX-221,11:45,4960.00,1,EaseMyTrip,EaseMyTrip=4960.00,4960.00,4960.00,0.00,0.000000,1,1,0,0,OBS00517
CELL::DEL|IDR|2026-10-06|Economy Saver|T30(25-35)::ROUND::2026-09-05T14:30::FLT::6E|6E-284|20:30,CELL::DEL|IDR|2026-10-06|Economy Saver|T30(25-35)::ROUND::2026-09-05T14:30,DEL,IDR,2026-10-06,Economy Saver,T30(25-35),ROUND::2026-09-05T14:30,6E,6E-284,20:30,5139.00,2,EaseMyTrip;Goibibo,EaseMyTrip=5217.00;Goibibo=5061.00,5061.00,5217.00,156.00,0.030356,2,2,0,0,OBS00983;OBS00984
CELL::DEL|IDR|2026-10-06|Economy Saver|T30(25-35)::ROUND::2026-09-05T14:30::FLT::AI|AI-635|16:30,CELL::DEL|IDR|2026-10-06|Economy Saver|T30(25-35)::ROUND::2026-09-05T14:30,DEL,IDR,2026-10-06,Economy Saver,T30(25-35),ROUND::2026-09-05T14:30,AI,AI-635,16:30,4868.00,1,EaseMyTrip,EaseMyTrip=4868.00,4868.00,4868.00,0.00,0.000000,1,1,0,0,OBS00999
CELL::DEL|IDR|2026-10-06|Economy Saver|T30(25-35)::ROUND::2026-09-06T09:00::FLT::6E|6E-284|20:30,CELL::DEL|IDR|2026-10-06|Economy Saver|T30(25-35)::ROUND::2026-09-06T09:00,DEL,IDR,2026-10-06,Economy Saver,T30(25-35),ROUND::2026-09-06T09:00,6E,6E-284,20:30,5314.00,1,Goibibo,Goibibo=5314.00,5314.00,5314.00,0.00,0.000000,1,1,0,0,OBS02011
CELL::DEL|IDR|2026-10-06|Economy Saver|T30(25-35)::ROUND::2026-09-06T09:00::FLT::AI|AI-635|16:30,CELL::DEL|IDR|2026-10-06|Economy Saver|T30(25-35)::ROUND::2026-09-06T09:00,DEL,IDR,2026-10-06,Economy Saver,T30(25-35),ROUND::2026-09-06T09:00,AI,AI-635,16:30,5108.50,2,Cleartrip;EaseMyTrip,Cleartrip=4982.00;EaseMyTrip=5235.00,4982.00,5235.00,253.00,0.049525,2,2,0,0,OBS02021;OBS02022
CELL::DEL|IDR|2026-10-06|Economy Saver|T30(25-35)::ROUND::2026-09-06T09:00::FLT::IX|IX-221|11:45,CELL::DEL|IDR|2026-10-06|Economy Saver|T30(25-35)::ROUND::2026-09-06T09:00,DEL,IDR,2026-10-06,Economy Saver,T30(25-35),ROUND::2026-09-06T09:00,IX,IX-221,11:45,5057.00,1,Cleartrip,Cleartrip=5057.00,5057.00,5057.00,0.00,0.000000,1,1,0,0,OBS02035
CELL::DEL|IDR|2026-10-06|Economy Saver|T30(25-35)::ROUND::2026-09-06T14:30::FLT::6E|6E-284|20:30,CELL::DEL|IDR|2026-10-06|Economy Saver|T30(25-35)::ROUND::2026-09-06T14:30,DEL,IDR,2026-10-06,Economy Saver,T30(25-35),ROUND::2026-09-06T14:30,6E,6E-284,20:30,5045.50,2,AirlineSite;Cleartrip,AirlineSite=5090.00;Cleartrip=5001.00,5001.00,5090.00,89.00,0.017639,2,2,0,0,OBS02512;OBS02513
CELL::DEL|IDR|2026-10-06|Economy Standard|T30(25-35)::ROUND::2026-09-05T09:00::FLT::6E|6E-284|20:30,CELL::DEL|IDR|2026-10-06|Economy Standard|T30(25-35)::ROUND::2026-09-05T09:00,DEL,IDR,2026-10-06,Economy Standard,T30(25-35),ROUND::2026-09-05T09:00,6E,6E-284,20:30,6550.50,2,Goibibo;MMT,Goibibo=6730.00;MMT=6371.00,6371.00,6730.00,359.00,0.054805,2,2,0,0,OBS00489;OBS00490
CELL::DEL|IDR|2026-10-06|Economy Standard|T30(25-35)::ROUND::2026-09-05T09:00::FLT::AI|AI-635|16:30,CELL::DEL|IDR|2026-10-06|Economy Standard|T30(25-35)::ROUND::2026-09-05T09:00,DEL,IDR,2026-10-06,Economy Standard,T30(25-35),ROUND::2026-09-05T09:00,AI,AI-635,16:30,6373.00,1,AirlineSite,AirlineSite=6373.00,6373.00,6373.00,0.00,0.000000,1,1,0,0,OBS00499
CELL::DEL|IDR|2026-10-06|Economy Standard|T30(25-35)::ROUND::2026-09-05T14:30::FLT::IX|IX-221|11:45,CELL::DEL|IDR|2026-10-06|Economy Standard|T30(25-35)::ROUND::2026-09-05T14:30,DEL,IDR,2026-10-06,Economy Standard,T30(25-35),ROUND::2026-09-05T14:30,IX,IX-221,11:45,6555.50,2,Cleartrip;EaseMyTrip,Cleartrip=6319.00;EaseMyTrip=6792.00,6319.00,6792.00,473.00,0.072153,2,2,0,0,OBS01009;OBS01010
CELL::DEL|IDR|2026-10-06|Economy Standard|T30(25-35)::ROUND::2026-09-05T20:15::FLT::AI|AI-635|16:30,CELL::DEL|IDR|2026-10-06|Economy Standard|T30(25-35)::ROUND::2026-09-05T20:15,DEL,IDR,2026-10-06,Economy Standard,T30(25-35),ROUND::2026-09-05T20:15,AI,AI-635,16:30,6745.00,1,MMT,MMT=6745.00,6745.00,6745.00,0.00,0.000000,1,1,0,0,OBS01514
CELL::DEL|IDR|2026-10-06|Economy Standard|T30(25-35)::ROUND::2026-09-05T20:15::FLT::IX|IX-221|11:45,CELL::DEL|IDR|2026-10-06|Economy Standard|T30(25-35)::ROUND::2026-09-05T20:15,DEL,IDR,2026-10-06,Economy Standard,T30(25-35),ROUND::2026-09-05T20:15,IX,IX-221,11:45,6487.00,1,AirlineSite,AirlineSite=6487.00,6487.00,6487.00,0.00,0.000000,1,1,0,0,OBS01526
CELL::DEL|IDR|2026-10-06|Economy Standard|T30(25-35)::ROUND::2026-09-06T14:30::FLT::AI|AI-635|16:30,CELL::DEL|IDR|2026-10-06|Economy Standard|T30(25-35)::ROUND::2026-09-06T14:30,DEL,IDR,2026-10-06,Economy Standard,T30(25-35),ROUND::2026-09-06T14:30,AI,AI-635,16:30,6530.00,1,Cleartrip,Cleartrip=6530.00,6530.00,6530.00,0.00,0.000000,1,1,0,0,OBS02521
CELL::DEL|IDR|2026-10-06|Economy Standard|T30(25-35)::ROUND::2026-09-06T14:30::FLT::IX|IX-221|11:45,CELL::DEL|IDR|2026-10-06|Economy Standard|T30(25-35)::ROUND::2026-09-06T14:30,DEL,IDR,2026-10-06,Economy Standard,T30(25-35),ROUND::2026-09-06T14:30,IX,IX-221,11:45,6801.00,1,MMT,MMT=6801.00,6801.00,6801.00,0.00,0.000000,1,1,0,0,OBS02530
CELL::DEL|IDR|2026-10-22|Economy Flexi|T45(40-50)::ROUND::2026-09-05T09:00::FLT::6E|6E-284|20:30,CELL::DEL|IDR|2026-10-22|Economy Flexi|T45(40-50)::ROUND::2026-09-05T09:00,DEL,IDR,2026-10-22,Economy Flexi,T45(40-50),ROUND::2026-09-05T09:00,6E,6E-284,20:30,8025.00,2,Cleartrip;EaseMyTrip,Cleartrip=7659.00;EaseMyTrip=8391.00,7659.00,8391.00,732.00,0.091215,2,2,0,0,OBS00492;OBS00493
CELL::DEL|IDR|2026-10-22|Economy Flexi|T45(40-50)::ROUND::2026-09-05T09:00::FLT::AI|AI-635|16:30,CELL::DEL|IDR|2026-10-22|Economy Flexi|T45(40-50)::ROUND::2026-09-05T09:00,DEL,IDR,2026-10-22,Economy Flexi,T45(40-50),ROUND::2026-09-05T09:00,AI,AI-635,16:30,7914.50,2,AirlineSite;MMT,AirlineSite=7894.00;MMT=7935.00,7894.00,7935.00,41.00,0.005180,2,2,0,0,OBS00502;OBS00503
CELL::DEL|IDR|2026-10-22|Economy Flexi|T45(40-50)::ROUND::2026-09-05T20:15::FLT::AI|AI-635|16:30,CELL::DEL|IDR|2026-10-22|Economy Flexi|T45(40-50)::ROUND::2026-09-05T20:15,DEL,IDR,2026-10-22,Economy Flexi,T45(40-50),ROUND::2026-09-05T20:15,AI,AI-635,16:30,8194.00,1,EaseMyTrip,EaseMyTrip=8194.00,8194.00,8194.00,0.00,0.000000,1,1,0,0,OBS01515
CELL::DEL|IDR|2026-10-22|Economy Flexi|T45(40-50)::ROUND::2026-09-06T14:30::FLT::AI|AI-635|16:30,CELL::DEL|IDR|2026-10-22|Economy Flexi|T45(40-50)::ROUND::2026-09-06T14:30,DEL,IDR,2026-10-22,Economy Flexi,T45(40-50),ROUND::2026-09-06T14:30,AI,AI-635,16:30,8324.00,1,MMT,MMT=8324.00,8324.00,8324.00,0.00,0.000000,1,1,0,0,OBS02523
CELL::DEL|IDR|2026-10-22|Economy Saver|T45(40-50)::ROUND::2026-09-05T09:00::FLT::6E|6E-284|20:30,CELL::DEL|IDR|2026-10-22|Economy Saver|T45(40-50)::ROUND::2026-09-05T09:00,DEL,IDR,2026-10-22,Economy Saver,T45(40-50),ROUND::2026-09-05T09:00,6E,6E-284,20:30,4954.00,1,Cleartrip,Cleartrip=4954.00,4954.00,4954.00,0.00,0.000000,1,1,0,0,OBS00491
CELL::DEL|IDR|2026-10-22|Economy Saver|T45(40-50)::ROUND::2026-09-05T09:00::FLT::AI|AI-635|16:30,CELL::DEL|IDR|2026-10-22|Economy Saver|T45(40-50)::ROUND::2026-09-05T09:00,DEL,IDR,2026-10-22,Economy Saver,T45(40-50),ROUND::2026-09-05T09:00,AI,AI-635,16:30,5049.50,2,Cleartrip;Goibibo,Cleartrip=5124.00;Goibibo=4975.00,4975.00,5124.00,149.00,0.029508,2,2,0,0,OBS00504;OBS00505
CELL::DEL|IDR|2026-10-22|Economy Saver|T45(40-50)::ROUND::2026-09-05T09:00::FLT::IX|IX-221|11:45,CELL::DEL|IDR|2026-10-22|Economy Saver|T45(40-50)::ROUND::2026-09-05T09:00,DEL,IDR,2026-10-22,Economy Saver,T45(40-50),ROUND::2026-09-05T09:00,IX,IX-221,11:45,5123.00,1,Goibibo,Goibibo=5123.00,5123.00,5123.00,0.00,0.000000,1,1,0,0,OBS00519
CELL::DEL|IDR|2026-10-22|Economy Saver|T45(40-50)::ROUND::2026-09-05T14:30::FLT::6E|6E-284|20:30,CELL::DEL|IDR|2026-10-22|Economy Saver|T45(40-50)::ROUND::2026-09-05T14:30,DEL,IDR,2026-10-22,Economy Saver,T45(40-50),ROUND::2026-09-05T14:30,6E,6E-284,20:30,5137.00,1,AirlineSite,AirlineSite=5137.00,5137.00,5137.00,0.00,0.000000,1,1,0,0,OBS00987
CELL::DEL|IDR|2026-10-22|Economy Saver|T45(40-50)::ROUND::2026-09-05T14:30::FLT::AI|AI-635|16:30,CELL::DEL|IDR|2026-10-22|Economy Saver|T45(40-50)::ROUND::2026-09-05T14:30,DEL,IDR,2026-10-22,Economy Saver,T45(40-50),ROUND::2026-09-05T14:30,AI,AI-635,16:30,5317.50,2,Cleartrip;Goibibo,Cleartrip=5432.00;Goibibo=5203.00,5203.00,5432.00,229.00,0.043065,2,2,0,0,OBS01002;OBS01003
CELL::DEL|IDR|2026-10-22|Economy Saver|T45(40-50)::ROUND::2026-09-05T20:15::FLT::6E|6E-284|20:30,CELL::DEL|IDR|2026-10-22|Economy Saver|T45(40-50)::ROUND::2026-09-05T20:15,DEL,IDR,2026-10-22,Economy Saver,T45(40-50),ROUND::2026-09-05T20:15,6E,6E-284,20:30,4916.00,1,Cleartrip,Cleartrip=4916.00,4916.00,4916.00,0.00,0.000000,1,1,0,0,OBS01504
CELL::DEL|IDR|2026-10-22|Economy Saver|T45(40-50)::ROUND::2026-09-06T09:00::FLT::AI|AI-635|16:30,CELL::DEL|IDR|2026-10-22|Economy Saver|T45(40-50)::ROUND::2026-09-06T09:00,DEL,IDR,2026-10-22,Economy Saver,T45(40-50),ROUND::2026-09-06T09:00,AI,AI-635,16:30,5011.00,1,Cleartrip,Cleartrip=5011.00,5011.00,5011.00,0.00,0.000000,1,1,0,0,OBS02025
CELL::DEL|IDR|2026-10-22|Economy Saver|T45(40-50)::ROUND::2026-09-06T09:00::FLT::IX|IX-221|11:45,CELL::DEL|IDR|2026-10-22|Economy Saver|T45(40-50)::ROUND::2026-09-06T09:00,DEL,IDR,2026-10-22,Economy Saver,T45(40-50),ROUND::2026-09-06T09:00,IX,IX-221,11:45,5301.00,1,Goibibo,Goibibo=5301.00,5301.00,5301.00,0.00,0.000000,1,1,0,0,OBS02038
CELL::DEL|IDR|2026-10-22|Economy Saver|T45(40-50)::ROUND::2026-09-06T14:30::FLT::6E|6E-284|20:30,CELL::DEL|IDR|2026-10-22|Economy Saver|T45(40-50)::ROUND::2026-09-06T14:30,DEL,IDR,2026-10-22,Economy Saver,T45(40-50),ROUND::2026-09-06T14:30,6E,6E-284,20:30,5266.00,2,EaseMyTrip;Goibibo,EaseMyTrip=5232.00;Goibibo=5300.00,5232.00,5300.00,68.00,0.012913,2,2,0,0,OBS02514;OBS02515
CELL::DEL|IDR|2026-10-22|Economy Saver|T45(40-50)::ROUND::2026-09-06T14:30::FLT::AI|AI-635|16:30,CELL::DEL|IDR|2026-10-22|Economy Saver|T45(40-50)::ROUND::2026-09-06T14:30,DEL,IDR,2026-10-22,Economy Saver,T45(40-50),ROUND::2026-09-06T14:30,AI,AI-635,16:30,5008.00,1,MMT,MMT=5008.00,5008.00,5008.00,0.00,0.000000,1,1,0,0,OBS02522
CELL::DEL|IDR|2026-10-22|Economy Standard|T45(40-50)::ROUND::2026-09-05T09:00::FLT::IX|IX-221|11:45,CELL::DEL|IDR|2026-10-22|Economy Standard|T45(40-50)::ROUND::2026-09-05T09:00,DEL,IDR,2026-10-22,Economy Standard,T45(40-50),ROUND::2026-09-05T09:00,IX,IX-221,11:45,6482.00,1,AirlineSite,AirlineSite=6482.00,6482.00,6482.00,0.00,0.000000,1,1,0,0,OBS00518
CELL::DEL|IDR|2026-10-22|Economy Standard|T45(40-50)::ROUND::2026-09-05T14:30::FLT::6E|6E-284|20:30,CELL::DEL|IDR|2026-10-22|Economy Standard|T45(40-50)::ROUND::2026-09-05T14:30,DEL,IDR,2026-10-22,Economy Standard,T45(40-50),ROUND::2026-09-05T14:30,6E,6E-284,20:30,6769.00,2,Cleartrip;Goibibo,Cleartrip=6638.00;Goibibo=6900.00,6638.00,6900.00,262.00,0.038706,2,2,0,0,OBS00988;OBS00989
CELL::DEL|IDR|2026-10-22|Economy Standard|T45(40-50)::ROUND::2026-09-05T14:30::FLT::AI|AI-635|16:30,CELL::DEL|IDR|2026-10-22|Economy Standard|T45(40-50)::ROUND::2026-09-05T14:30,DEL,IDR,2026-10-22,Economy Standard,T45(40-50),ROUND::2026-09-05T14:30,AI,AI-635,16:30,6428.50,2,AirlineSite;MMT,AirlineSite=6275.00;MMT=6582.00,6275.00,6582.00,307.00,0.047756,2,2,0,0,OBS01000;OBS01001
CELL::DEL|IDR|2026-10-22|Economy Standard|T45(40-50)::ROUND::2026-09-05T14:30::FLT::IX|IX-221|11:45,CELL::DEL|IDR|2026-10-22|Economy Standard|T45(40-50)::ROUND::2026-09-05T14:30,DEL,IDR,2026-10-22,Economy Standard,T45(40-50),ROUND::2026-09-05T14:30,IX,IX-221,11:45,6617.00,2,Cleartrip;MMT,Cleartrip=6447.00;MMT=6787.00,6447.00,6787.00,340.00,0.051383,2,2,0,0,OBS01011;OBS01012
CELL::DEL|IDR|2026-10-22|Economy Standard|T45(40-50)::ROUND::2026-09-05T20:15::FLT::6E|6E-284|20:30,CELL::DEL|IDR|2026-10-22|Economy Standard|T45(40-50)::ROUND::2026-09-05T20:15,DEL,IDR,2026-10-22,Economy Standard,T45(40-50),ROUND::2026-09-05T20:15,6E,6E-284,20:30,6750.00,1,Cleartrip,Cleartrip=6750.00,6750.00,6750.00,0.00,0.000000,1,1,0,0,OBS01503
CELL::DEL|IDR|2026-10-22|Economy Standard|T45(40-50)::ROUND::2026-09-05T20:15::FLT::IX|IX-221|11:45,CELL::DEL|IDR|2026-10-22|Economy Standard|T45(40-50)::ROUND::2026-09-05T20:15,DEL,IDR,2026-10-22,Economy Standard,T45(40-50),ROUND::2026-09-05T20:15,IX,IX-221,11:45,6527.00,2,EaseMyTrip;Goibibo,EaseMyTrip=6566.00;Goibibo=6488.00,6488.00,6566.00,78.00,0.011950,2,2,0,0,OBS01529;OBS01530
CELL::DEL|IDR|2026-10-22|Economy Standard|T45(40-50)::ROUND::2026-09-06T09:00::FLT::6E|6E-284|20:30,CELL::DEL|IDR|2026-10-22|Economy Standard|T45(40-50)::ROUND::2026-09-06T09:00,DEL,IDR,2026-10-22,Economy Standard,T45(40-50),ROUND::2026-09-06T09:00,6E,6E-284,20:30,6615.50,2,Goibibo;MMT,Goibibo=6473.00;MMT=6758.00,6473.00,6758.00,285.00,0.043081,2,2,0,0,OBS02012;OBS02013
CELL::DEL|IDR|2026-10-22|Economy Standard|T45(40-50)::ROUND::2026-09-06T09:00::FLT::AI|AI-635|16:30,CELL::DEL|IDR|2026-10-22|Economy Standard|T45(40-50)::ROUND::2026-09-06T09:00,DEL,IDR,2026-10-22,Economy Standard,T45(40-50),ROUND::2026-09-06T09:00,AI,AI-635,16:30,6776.00,2,Cleartrip;Goibibo,Cleartrip=6740.00;Goibibo=6812.00,6740.00,6812.00,72.00,0.010626,2,2,0,0,OBS02023;OBS02024
CELL::DEL|IDR|2026-10-22|Economy Standard|T45(40-50)::ROUND::2026-09-06T09:00::FLT::IX|IX-221|11:45,CELL::DEL|IDR|2026-10-22|Economy Standard|T45(40-50)::ROUND::2026-09-06T09:00,DEL,IDR,2026-10-22,Economy Standard,T45(40-50),ROUND::2026-09-06T09:00,IX,IX-221,11:45,6719.00,2,EaseMyTrip;MMT,EaseMyTrip=6693.00;MMT=6745.00,6693.00,6745.00,52.00,0.007739,2,2,0,0,OBS02036;OBS02037
CELL::DEL|IDR|2026-10-22|Economy Standard|T45(40-50)::ROUND::2026-09-06T14:30::FLT::IX|IX-221|11:45,CELL::DEL|IDR|2026-10-22|Economy Standard|T45(40-50)::ROUND::2026-09-06T14:30,DEL,IDR,2026-10-22,Economy Standard,T45(40-50),ROUND::2026-09-06T14:30,IX,IX-221,11:45,6753.00,2,AirlineSite;Cleartrip,AirlineSite=6820.00;Cleartrip=6686.00,6686.00,6820.00,134.00,0.019843,2,2,0,0,OBS02531;OBS02532
CELL::DEL|MAA|2026-09-07|Economy Flexi|T1(0-2)::ROUND::2026-09-05T09:00::FLT::IX|IX-621|05:30,CELL::DEL|MAA|2026-09-07|Economy Flexi|T1(0-2)::ROUND::2026-09-05T09:00,DEL,MAA,2026-09-07,Economy Flexi,T1(0-2),ROUND::2026-09-05T09:00,IX,IX-621,05:30,11375.00,2,AirlineSite;Cleartrip,AirlineSite=11316.00;Cleartrip=11434.00,11316.00,11434.00,118.00,0.010374,2,2,0,0,OBS00262;OBS00263
CELL::DEL|MAA|2026-09-07|Economy Flexi|T1(0-2)::ROUND::2026-09-05T14:30::FLT::6E|6E-843|06:30,CELL::DEL|MAA|2026-09-07|Economy Flexi|T1(0-2)::ROUND::2026-09-05T14:30,DEL,MAA,2026-09-07,Economy Flexi,T1(0-2),ROUND::2026-09-05T14:30,6E,6E-843,06:30,11146.00,1,EaseMyTrip,EaseMyTrip=11146.00,11146.00,11146.00,0.00,0.000000,1,1,0,0,OBS00735
CELL::DEL|MAA|2026-09-07|Economy Flexi|T1(0-2)::ROUND::2026-09-05T14:30::FLT::AI|AI-542|07:00,CELL::DEL|MAA|2026-09-07|Economy Flexi|T1(0-2)::ROUND::2026-09-05T14:30,DEL,MAA,2026-09-07,Economy Flexi,T1(0-2),ROUND::2026-09-05T14:30,AI,AI-542,07:00,11440.00,2,EaseMyTrip;Goibibo,EaseMyTrip=11374.00;Goibibo=11506.00,11374.00,11506.00,132.00,0.011538,2,2,0,0,OBS00748;OBS00749
CELL::DEL|MAA|2026-09-07|Economy Flexi|T1(0-2)::ROUND::2026-09-05T20:15::FLT::6E|6E-843|06:30,CELL::DEL|MAA|2026-09-07|Economy Flexi|T1(0-2)::ROUND::2026-09-05T20:15,DEL,MAA,2026-09-07,Economy Flexi,T1(0-2),ROUND::2026-09-05T20:15,6E,6E-843,06:30,11750.50,2,Cleartrip;MMT,Cleartrip=11811.00;MMT=11690.00,11690.00,11811.00,121.00,0.010297,2,2,0,0,OBS01256;OBS01257
CELL::DEL|MAA|2026-09-07|Economy Flexi|T1(0-2)::ROUND::2026-09-05T20:15::FLT::AI|AI-542|07:00,CELL::DEL|MAA|2026-09-07|Economy Flexi|T1(0-2)::ROUND::2026-09-05T20:15,DEL,MAA,2026-09-07,Economy Flexi,T1(0-2),ROUND::2026-09-05T20:15,AI,AI-542,07:00,11002.00,1,AirlineSite,AirlineSite=11002.00,11002.00,11002.00,0.00,0.000000,1,1,0,0,OBS01269
CELL::DEL|MAA|2026-09-07|Economy Flexi|T1(0-2)::ROUND::2026-09-05T20:15::FLT::IX|IX-621|05:30,CELL::DEL|MAA|2026-09-07|Economy Flexi|T1(0-2)::ROUND::2026-09-05T20:15,DEL,MAA,2026-09-07,Economy Flexi,T1(0-2),ROUND::2026-09-05T20:15,IX,IX-621,05:30,11154.00,1,MMT,MMT=11154.00,11154.00,11154.00,0.00,0.000000,1,1,0,0,OBS01279
CELL::DEL|MAA|2026-09-07|Economy Flexi|T1(0-2)::ROUND::2026-09-06T14:30::FLT::AI|AI-542|07:00,CELL::DEL|MAA|2026-09-07|Economy Flexi|T1(0-2)::ROUND::2026-09-06T14:30,DEL,MAA,2026-09-07,Economy Flexi,T1(0-2),ROUND::2026-09-06T14:30,AI,AI-542,07:00,11733.00,2,Cleartrip;Goibibo,Cleartrip=12240.00;Goibibo=11226.00,11226.00,12240.00,1014.00,0.086423,2,2,0,0,OBS02292;OBS02293
CELL::DEL|MAA|2026-09-07|Economy Flexi|T1(0-2)::ROUND::2026-09-06T14:30::FLT::IX|IX-621|05:30,CELL::DEL|MAA|2026-09-07|Economy Flexi|T1(0-2)::ROUND::2026-09-06T14:30,DEL,MAA,2026-09-07,Economy Flexi,T1(0-2),ROUND::2026-09-06T14:30,IX,IX-621,05:30,11324.00,2,EaseMyTrip;Goibibo,EaseMyTrip=11152.00;Goibibo=11496.00,11152.00,11496.00,344.00,0.030378,2,2,0,0,OBS02302;OBS02303
CELL::DEL|MAA|2026-09-07|Economy Flexi|T1(0-2)::ROUND::2026-09-06T20:15::FLT::6E|6E-843|06:30,CELL::DEL|MAA|2026-09-07|Economy Flexi|T1(0-2)::ROUND::2026-09-06T20:15,DEL,MAA,2026-09-07,Economy Flexi,T1(0-2),ROUND::2026-09-06T20:15,6E,6E-843,06:30,11470.50,2,EaseMyTrip;MMT,EaseMyTrip=11585.00;MMT=11356.00,11356.00,11585.00,229.00,0.019964,2,2,0,0,OBS02781;OBS02782
CELL::DEL|MAA|2026-09-07|Economy Saver|T1(0-2)::ROUND::2026-09-05T09:00::FLT::AI|AI-542|07:00,CELL::DEL|MAA|2026-09-07|Economy Saver|T1(0-2)::ROUND::2026-09-05T09:00,DEL,MAA,2026-09-07,Economy Saver,T1(0-2),ROUND::2026-09-05T09:00,AI,AI-542,07:00,7274.00,1,AirlineSite,AirlineSite=7274.00,7274.00,7274.00,0.00,0.000000,1,1,0,0,OBS00251
CELL::DEL|MAA|2026-09-07|Economy Saver|T1(0-2)::ROUND::2026-09-05T14:30::FLT::IX|IX-621|05:30,CELL::DEL|MAA|2026-09-07|Economy Saver|T1(0-2)::ROUND::2026-09-05T14:30,DEL,MAA,2026-09-07,Economy Saver,T1(0-2),ROUND::2026-09-05T14:30,IX,IX-621,05:30,7362.00,1,EaseMyTrip,EaseMyTrip=7362.00,7362.00,7362.00,0.00,0.000000,1,1,0,0,OBS00758
CELL::DEL|MAA|2026-09-07|Economy Saver|T1(0-2)::ROUND::2026-09-05T20:15::FLT::AI|AI-542|07:00,CELL::DEL|MAA|2026-09-07|Economy Saver|T1(0-2)::ROUND::2026-09-05T20:15,DEL,MAA,2026-09-07,Economy Saver,T1(0-2),ROUND::2026-09-05T20:15,AI,AI-542,07:00,7401.00,2,AirlineSite;Goibibo,AirlineSite=7751.00;Goibibo=7051.00,7051.00,7751.00,700.00,0.094582,2,2,0,0,OBS01270;OBS01271
CELL::DEL|MAA|2026-09-07|Economy Saver|T1(0-2)::ROUND::2026-09-06T09:00::FLT::6E|6E-843|06:30,CELL::DEL|MAA|2026-09-07|Economy Saver|T1(0-2)::ROUND::2026-09-06T09:00,DEL,MAA,2026-09-07,Economy Saver,T1(0-2),ROUND::2026-09-06T09:00,6E,6E-843,06:30,7432.00,1,MMT,MMT=7432.00,7432.00,7432.00,0.00,0.000000,1,1,0,0,OBS01777
CELL::DEL|MAA|2026-09-07|Economy Saver|T1(0-2)::ROUND::2026-09-06T09:00::FLT::AI|AI-542|07:00,CELL::DEL|MAA|2026-09-07|Economy Saver|T1(0-2)::ROUND::2026-09-06T09:00,DEL,MAA,2026-09-07,Economy Saver,T1(0-2),ROUND::2026-09-06T09:00,AI,AI-542,07:00,7324.00,1,MMT,MMT=7324.00,7324.00,7324.00,0.00,0.000000,1,1,0,0,OBS01788
CELL::DEL|MAA|2026-09-07|Economy Saver|T1(0-2)::ROUND::2026-09-06T09:00::FLT::IX|IX-621|05:30,CELL::DEL|MAA|2026-09-07|Economy Saver|T1(0-2)::ROUND::2026-09-06T09:00,DEL,MAA,2026-09-07,Economy Saver,T1(0-2),ROUND::2026-09-06T09:00,IX,IX-621,05:30,7664.00,2,AirlineSite;Goibibo,AirlineSite=7642.00;Goibibo=7686.00,7642.00,7686.00,44.00,0.005741,2,2,0,0,OBS01802;OBS01803
CELL::DEL|MAA|2026-09-07|Economy Saver|T1(0-2)::ROUND::2026-09-06T14:30::FLT::6E|6E-843|06:30,CELL::DEL|MAA|2026-09-07|Economy Saver|T1(0-2)::ROUND::2026-09-06T14:30,DEL,MAA,2026-09-07,Economy Saver,T1(0-2),ROUND::2026-09-06T14:30,6E,6E-843,06:30,7519.50,2,AirlineSite;Goibibo,AirlineSite=7494.00;Goibibo=7545.00,7494.00,7545.00,51.00,0.006782,2,2,0,0,OBS02280;OBS02281
CELL::DEL|MAA|2026-09-07|Economy Saver|T1(0-2)::ROUND::2026-09-06T14:30::FLT::AI|AI-542|07:00,CELL::DEL|MAA|2026-09-07|Economy Saver|T1(0-2)::ROUND::2026-09-06T14:30,DEL,MAA,2026-09-07,Economy Saver,T1(0-2),ROUND::2026-09-06T14:30,AI,AI-542,07:00,7396.00,2,AirlineSite;MMT,AirlineSite=7184.00;MMT=7608.00,7184.00,7608.00,424.00,0.057328,2,2,0,0,OBS02290;OBS02291
CELL::DEL|MAA|2026-09-07|Economy Saver|T1(0-2)::ROUND::2026-09-06T20:15::FLT::IX|IX-621|05:30,CELL::DEL|MAA|2026-09-07|Economy Saver|T1(0-2)::ROUND::2026-09-06T20:15,DEL,MAA,2026-09-07,Economy Saver,T1(0-2),ROUND::2026-09-06T20:15,IX,IX-621,05:30,7655.50,2,AirlineSite;Goibibo,AirlineSite=7453.00;Goibibo=7858.00,7453.00,7858.00,405.00,0.052903,2,2,0,0,OBS02800;OBS02801
CELL::DEL|MAA|2026-09-07|Economy Standard|T1(0-2)::ROUND::2026-09-05T09:00::FLT::6E|6E-843|06:30,CELL::DEL|MAA|2026-09-07|Economy Standard|T1(0-2)::ROUND::2026-09-05T09:00,DEL,MAA,2026-09-07,Economy Standard,T1(0-2),ROUND::2026-09-05T09:00,6E,6E-843,06:30,9611.50,2,AirlineSite;Goibibo,AirlineSite=9258.00;Goibibo=9965.00,9258.00,9965.00,707.00,0.073558,2,2,0,0,OBS00241;OBS00242
CELL::DEL|MAA|2026-09-07|Economy Standard|T1(0-2)::ROUND::2026-09-05T14:30::FLT::6E|6E-843|06:30,CELL::DEL|MAA|2026-09-07|Economy Standard|T1(0-2)::ROUND::2026-09-05T14:30,DEL,MAA,2026-09-07,Economy Standard,T1(0-2),ROUND::2026-09-05T14:30,6E,6E-843,06:30,9717.50,2,Cleartrip;MMT,Cleartrip=9695.00;MMT=9740.00,9695.00,9740.00,45.00,0.004631,2,2,0,0,OBS00736;OBS00737
CELL::DEL|MAA|2026-09-07|Economy Standard|T1(0-2)::ROUND::2026-09-06T09:00::FLT::AI|AI-542|07:00,CELL::DEL|MAA|2026-09-07|Economy Standard|T1(0-2)::ROUND::2026-09-06T09:00,DEL,MAA,2026-09-07,Economy Standard,T1(0-2),ROUND::2026-09-06T09:00,AI,AI-542,07:00,9574.00,1,EaseMyTrip,EaseMyTrip=9574.00,9574.00,9574.00,0.00,0.000000,1,1,0,0,OBS01787
CELL::DEL|MAA|2026-09-07|Economy Standard|T1(0-2)::ROUND::2026-09-06T09:00::FLT::IX|IX-621|05:30,CELL::DEL|MAA|2026-09-07|Economy Standard|T1(0-2)::ROUND::2026-09-06T09:00,DEL,MAA,2026-09-07,Economy Standard,T1(0-2),ROUND::2026-09-06T09:00,IX,IX-621,05:30,9655.50,2,Cleartrip;MMT,Cleartrip=9316.00;MMT=9995.00,9316.00,9995.00,679.00,0.070323,2,2,0,0,OBS01804;OBS01805
CELL::DEL|MAA|2026-09-07|Economy Standard|T1(0-2)::ROUND::2026-09-06T20:15::FLT::6E|6E-843|06:30,CELL::DEL|MAA|2026-09-07|Economy Standard|T1(0-2)::ROUND::2026-09-06T20:15,DEL,MAA,2026-09-07,Economy Standard,T1(0-2),ROUND::2026-09-06T20:15,6E,6E-843,06:30,9389.00,2,EaseMyTrip;MMT,EaseMyTrip=9352.00;MMT=9426.00,9352.00,9426.00,74.00,0.007882,2,2,0,0,OBS02779;OBS02780
CELL::DEL|MAA|2026-09-07|Economy Standard|T1(0-2)::ROUND::2026-09-06T20:15::FLT::AI|AI-542|07:00,CELL::DEL|MAA|2026-09-07|Economy Standard|T1(0-2)::ROUND::2026-09-06T20:15,DEL,MAA,2026-09-07,Economy Standard,T1(0-2),ROUND::2026-09-06T20:15,AI,AI-542,07:00,9769.00,1,EaseMyTrip,EaseMyTrip=9769.00,9769.00,9769.00,0.00,0.000000,1,1,0,0,OBS02790
CELL::DEL|MAA|2026-09-07|Economy Standard|T1(0-2)::ROUND::2026-09-06T20:15::FLT::IX|IX-621|05:30,CELL::DEL|MAA|2026-09-07|Economy Standard|T1(0-2)::ROUND::2026-09-06T20:15,DEL,MAA,2026-09-07,Economy Standard,T1(0-2),ROUND::2026-09-06T20:15,IX,IX-621,05:30,9235.00,1,Cleartrip,Cleartrip=9235.00,9235.00,9235.00,0.00,0.000000,1,1,0,0,OBS02799
CELL::DEL|MAA|2026-09-07|Economy Standard|T1(0-2)::ROUND::2026-09-07T14:30::FLT::AI|AI-542|12:00,CELL::DEL|MAA|2026-09-07|Economy Standard|T1(0-2)::ROUND::2026-09-07T14:30,DEL,MAA,2026-09-07,Economy Standard,T1(0-2),ROUND::2026-09-07T14:30,AI,AI-542,12:00,10031.00,1,MMT,MMT=10031.00,10031.00,10031.00,0.00,0.000000,1,1,0,0,OBS02982
CELL::DEL|MAA|2026-09-13|Economy Flexi|T7(5-9)::ROUND::2026-09-05T09:00::FLT::AI|AI-542|07:00,CELL::DEL|MAA|2026-09-13|Economy Flexi|T7(5-9)::ROUND::2026-09-05T09:00,DEL,MAA,2026-09-13,Economy Flexi,T7(5-9),ROUND::2026-09-05T09:00,AI,AI-542,07:00,10376.50,2,Cleartrip;MMT,Cleartrip=10584.00;MMT=10169.00,10169.00,10584.00,415.00,0.039994,2,2,0,0,OBS00252;OBS00253
CELL::DEL|MAA|2026-09-13|Economy Flexi|T7(5-9)::ROUND::2026-09-05T09:00::FLT::IX|IX-621|05:30,CELL::DEL|MAA|2026-09-13|Economy Flexi|T7(5-9)::ROUND::2026-09-05T09:00,DEL,MAA,2026-09-13,Economy Flexi,T7(5-9),ROUND::2026-09-05T09:00,IX,IX-621,05:30,9980.00,2,Cleartrip;EaseMyTrip,Cleartrip=10064.00;EaseMyTrip=9896.00,9896.00,10064.00,168.00,0.016834,2,2,0,0,OBS00264;OBS00265
CELL::DEL|MAA|2026-09-13|Economy Flexi|T7(5-9)::ROUND::2026-09-05T14:30::FLT::6E|6E-843|06:30,CELL::DEL|MAA|2026-09-13|Economy Flexi|T7(5-9)::ROUND::2026-09-05T14:30,DEL,MAA,2026-09-13,Economy Flexi,T7(5-9),ROUND::2026-09-05T14:30,6E,6E-843,06:30,10095.00,1,Cleartrip,Cleartrip=10095.00,10095.00,10095.00,0.00,0.000000,1,1,0,0,OBS00738
CELL::DEL|MAA|2026-09-13|Economy Flexi|T7(5-9)::ROUND::2026-09-05T14:30::FLT::AI|AI-542|07:00,CELL::DEL|MAA|2026-09-13|Economy Flexi|T7(5-9)::ROUND::2026-09-05T14:30,DEL,MAA,2026-09-13,Economy Flexi,T7(5-9),ROUND::2026-09-05T14:30,AI,AI-542,07:00,10349.00,2,AirlineSite;Cleartrip,AirlineSite=10686.00;Cleartrip=10012.00,10012.00,10686.00,674.00,0.065127,2,2,0,0,OBS00750;OBS00751
CELL::DEL|MAA|2026-09-13|Economy Flexi|T7(5-9)::ROUND::2026-09-05T14:30::FLT::IX|IX-621|05:30,CELL::DEL|MAA|2026-09-13|Economy Flexi|T7(5-9)::ROUND::2026-09-05T14:30,DEL,MAA,2026-09-13,Economy Flexi,T7(5-9),ROUND::2026-09-05T14:30,IX,IX-621,05:30,10455.00,2,AirlineSite;Cleartrip,AirlineSite=10490.00;Cleartrip=10420.00,10420.00,10490.00,70.00,0.006695,2,2,0,0,OBS00759;OBS00760
CELL::DEL|MAA|2026-09-13|Economy Flexi|T7(5-9)::ROUND::2026-09-05T20:15::FLT::6E|6E-843|06:30,CELL::DEL|MAA|2026-09-13|Economy Flexi|T7(5-9)::ROUND::2026-09-05T20:15,DEL,MAA,2026-09-13,Economy Flexi,T7(5-9),ROUND::2026-09-05T20:15,6E,6E-843,06:30,10232.00,2,Cleartrip;EaseMyTrip,Cleartrip=10225.00;EaseMyTrip=10239.00,10225.00,10239.00,14.00,0.001368,2,2,0,0,OBS01260;OBS01261
CELL::DEL|MAA|2026-09-13|Economy Flexi|T7(5-9)::ROUND::2026-09-05T20:15::FLT::IX|IX-621|05:30,CELL::DEL|MAA|2026-09-13|Economy Flexi|T7(5-9)::ROUND::2026-09-05T20:15,DEL,MAA,2026-09-13,Economy Flexi,T7(5-9),ROUND::2026-09-05T20:15,IX,IX-621,05:30,10278.00,2,EaseMyTrip;Goibibo,EaseMyTrip=10015.00;Goibibo=10541.00,10015.00,10541.00,526.00,0.051177,2,2,0,0,OBS01282;OBS01283
CELL::DEL|MAA|2026-09-13|Economy Flexi|T7(5-9)::ROUND::2026-09-06T09:00::FLT::6E|6E-843|06:30,CELL::DEL|MAA|2026-09-13|Economy Flexi|T7(5-9)::ROUND::2026-09-06T09:00,DEL,MAA,2026-09-13,Economy Flexi,T7(5-9),ROUND::2026-09-06T09:00,6E,6E-843,06:30,10844.00,1,MMT,MMT=10844.00,10844.00,10844.00,0.00,0.000000,1,1,0,0,OBS01779
CELL::DEL|MAA|2026-09-13|Economy Flexi|T7(5-9)::ROUND::2026-09-06T09:00::FLT::AI|AI-542|07:00,CELL::DEL|MAA|2026-09-13|Economy Flexi|T7(5-9)::ROUND::2026-09-06T09:00,DEL,MAA,2026-09-13,Economy Flexi,T7(5-9),ROUND::2026-09-06T09:00,AI,AI-542,07:00,10709.50,2,AirlineSite;EaseMyTrip,AirlineSite=11001.00;EaseMyTrip=10418.00,10418.00,11001.00,583.00,0.054438,2,2,0,0,OBS01791;OBS01792
CELL::DEL|MAA|2026-09-13|Economy Flexi|T7(5-9)::ROUND::2026-09-06T09:00::FLT::IX|IX-621|05:30,CELL::DEL|MAA|2026-09-13|Economy Flexi|T7(5-9)::ROUND::2026-09-06T09:00,DEL,MAA,2026-09-13,Economy Flexi,T7(5-9),ROUND::2026-09-06T09:00,IX,IX-621,05:30,10174.50,2,Cleartrip;EaseMyTrip,Cleartrip=10153.00;EaseMyTrip=10196.00,10153.00,10196.00,43.00,0.004226,2,2,0,0,OBS01806;OBS01807
CELL::DEL|MAA|2026-09-13|Economy Flexi|T7(5-9)::ROUND::2026-09-06T14:30::FLT::6E|6E-843|06:30,CELL::DEL|MAA|2026-09-13|Economy Flexi|T7(5-9)::ROUND::2026-09-06T14:30,DEL,MAA,2026-09-13,Economy Flexi,T7(5-9),ROUND::2026-09-06T14:30,6E,6E-843,06:30,10031.00,1,EaseMyTrip,EaseMyTrip=10031.00,10031.00,10031.00,0.00,0.000000,1,1,0,0,OBS02284
CELL::DEL|MAA|2026-09-13|Economy Flexi|T7(5-9)::ROUND::2026-09-06T14:30::FLT::AI|AI-542|07:00,CELL::DEL|MAA|2026-09-13|Economy Flexi|T7(5-9)::ROUND::2026-09-06T14:30,DEL,MAA,2026-09-13,Economy Flexi,T7(5-9),ROUND::2026-09-06T14:30,AI,AI-542,07:00,10614.00,2,AirlineSite;Goibibo,AirlineSite=10658.00;Goibibo=10570.00,10570.00,10658.00,88.00,0.008291,2,2,0,0,OBS02294;OBS02295
CELL::DEL|MAA|2026-09-13|Economy Flexi|T7(5-9)::ROUND::2026-09-06T20:15::FLT::AI|AI-542|07:00,CELL::DEL|MAA|2026-09-13|Economy Flexi|T7(5-9)::ROUND::2026-09-06T20:15,DEL,MAA,2026-09-13,Economy Flexi,T7(5-9),ROUND::2026-09-06T20:15,AI,AI-542,07:00,10397.50,2,Cleartrip;Goibibo,Cleartrip=10408.00;Goibibo=10387.00,10387.00,10408.00,21.00,0.002020,2,2,0,0,OBS02791;OBS02792
CELL::DEL|MAA|2026-09-13|Economy Flexi|T7(5-9)::ROUND::2026-09-06T20:15::FLT::IX|IX-621|05:30,CELL::DEL|MAA|2026-09-13|Economy Flexi|T7(5-9)::ROUND::2026-09-06T20:15,DEL,MAA,2026-09-13,Economy Flexi,T7(5-9),ROUND::2026-09-06T20:15,IX,IX-621,05:30,10702.00,2,AirlineSite;EaseMyTrip,AirlineSite=10791.00;EaseMyTrip=10613.00,10613.00,10791.00,178.00,0.016632,2,2,0,0,OBS02804;OBS02805
CELL::DEL|MAA|2026-09-13|Economy Saver|T7(5-9)::ROUND::2026-09-05T09:00::FLT::6E|6E-843|06:30,CELL::DEL|MAA|2026-09-13|Economy Saver|T7(5-9)::ROUND::2026-09-05T09:00,DEL,MAA,2026-09-13,Economy Saver,T7(5-9),ROUND::2026-09-05T09:00,6E,6E-843,06:30,6591.50,2,AirlineSite;MMT,AirlineSite=6572.00;MMT=6611.00,6572.00,6611.00,39.00,0.005917,2,2,0,0,OBS00243;OBS00244
CELL::DEL|MAA|2026-09-13|Economy Saver|T7(5-9)::ROUND::2026-09-05T09:00::FLT::IX|IX-621|05:30,CELL::DEL|MAA|2026-09-13|Economy Saver|T7(5-9)::ROUND::2026-09-05T09:00,DEL,MAA,2026-09-13,Economy Saver,T7(5-9),ROUND::2026-09-05T09:00,IX,IX-621,05:30,6531.00,1,Cleartrip,Cleartrip=6531.00,6531.00,6531.00,0.00,0.000000,1,1,0,0,OBS00266
CELL::DEL|MAA|2026-09-13|Economy Saver|T7(5-9)::ROUND::2026-09-05T14:30::FLT::6E|6E-843|06:30,CELL::DEL|MAA|2026-09-13|Economy Saver|T7(5-9)::ROUND::2026-09-05T14:30,DEL,MAA,2026-09-13,Economy Saver,T7(5-9),ROUND::2026-09-05T14:30,6E,6E-843,06:30,6543.50,2,Cleartrip;EaseMyTrip,Cleartrip=6503.00;EaseMyTrip=6584.00,6503.00,6584.00,81.00,0.012379,2,2,0,0,OBS00739;OBS00740
CELL::DEL|MAA|2026-09-13|Economy Saver|T7(5-9)::ROUND::2026-09-05T14:30::FLT::IX|IX-621|05:30,CELL::DEL|MAA|2026-09-13|Economy Saver|T7(5-9)::ROUND::2026-09-05T14:30,DEL,MAA,2026-09-13,Economy Saver,T7(5-9),ROUND::2026-09-05T14:30,IX,IX-621,05:30,6633.00,1,AirlineSite,AirlineSite=6633.00,6633.00,6633.00,0.00,0.000000,1,1,0,0,OBS00761
CELL::DEL|MAA|2026-09-13|Economy Saver|T7(5-9)::ROUND::2026-09-05T20:15::FLT::AI|AI-542|07:00,CELL::DEL|MAA|2026-09-13|Economy Saver|T7(5-9)::ROUND::2026-09-05T20:15,DEL,MAA,2026-09-13,Economy Saver,T7(5-9),ROUND::2026-09-05T20:15,AI,AI-542,07:00,6814.00,1,Cleartrip,Cleartrip=6814.00,6814.00,6814.00,0.00,0.000000,1,1,0,0,OBS01272
CELL::DEL|MAA|2026-09-13|Economy Saver|T7(5-9)::ROUND::2026-09-05T20:15::FLT::IX|IX-621|05:30,CELL::DEL|MAA|2026-09-13|Economy Saver|T7(5-9)::ROUND::2026-09-05T20:15,DEL,MAA,2026-09-13,Economy Saver,T7(5-9),ROUND::2026-09-05T20:15,IX,IX-621,05:30,6565.00,2,AirlineSite;EaseMyTrip,AirlineSite=6290.00;EaseMyTrip=6840.00,6290.00,6840.00,550.00,0.083778,2,2,0,0,OBS01280;OBS01281
CELL::DEL|MAA|2026-09-13|Economy Saver|T7(5-9)::ROUND::2026-09-06T09:00::FLT::6E|6E-843|06:30,CELL::DEL|MAA|2026-09-13|Economy Saver|T7(5-9)::ROUND::2026-09-06T09:00,DEL,MAA,2026-09-13,Economy Saver,T7(5-9),ROUND::2026-09-06T09:00,6E,6E-843,06:30,6555.00,1,Cleartrip,Cleartrip=6555.00,6555.00,6555.00,0.00,0.000000,1,1,0,0,OBS01778
CELL::DEL|MAA|2026-09-13|Economy Saver|T7(5-9)::ROUND::2026-09-06T09:00::FLT::AI|AI-542|07:00,CELL::DEL|MAA|2026-09-13|Economy Saver|T7(5-9)::ROUND::2026-09-06T09:00,DEL,MAA,2026-09-13,Economy Saver,T7(5-9),ROUND::2026-09-06T09:00,AI,AI-542,07:00,6669.50,2,AirlineSite;Cleartrip,AirlineSite=6599.00;Cleartrip=6740.00,6599.00,6740.00,141.00,0.021141,2,2,0,0,OBS01789;OBS01790
CELL::DEL|MAA|2026-09-13|Economy Saver|T7(5-9)::ROUND::2026-09-06T14:30::FLT::IX|IX-621|05:30,CELL::DEL|MAA|2026-09-13|Economy Saver|T7(5-9)::ROUND::2026-09-06T14:30,DEL,MAA,2026-09-13,Economy Saver,T7(5-9),ROUND::2026-09-06T14:30,IX,IX-621,05:30,6729.00,2,AirlineSite;Goibibo,AirlineSite=6518.00;Goibibo=6940.00,6518.00,6940.00,422.00,0.062714,2,2,0,0,OBS02304;OBS02305
CELL::DEL|MAA|2026-09-13|Economy Saver|T7(5-9)::ROUND::2026-09-06T20:15::FLT::6E|6E-843|06:30,CELL::DEL|MAA|2026-09-13|Economy Saver|T7(5-9)::ROUND::2026-09-06T20:15,DEL,MAA,2026-09-13,Economy Saver,T7(5-9),ROUND::2026-09-06T20:15,6E,6E-843,06:30,7141.00,1,Cleartrip,Cleartrip=7141.00,7141.00,7141.00,0.00,0.000000,1,1,0,0,OBS02785
CELL::DEL|MAA|2026-09-13|Economy Standard|T7(5-9)::ROUND::2026-09-05T09:00::FLT::AI|AI-542|07:00,CELL::DEL|MAA|2026-09-13|Economy Standard|T7(5-9)::ROUND::2026-09-05T09:00,DEL,MAA,2026-09-13,Economy Standard,T7(5-9),ROUND::2026-09-05T09:00,AI,AI-542,07:00,8354.50,2,EaseMyTrip;Goibibo,EaseMyTrip=8539.00;Goibibo=8170.00,8170.00,8539.00,369.00,0.044168,2,2,0,0,OBS00254;OBS00255
CELL::DEL|MAA|2026-09-13|Economy Standard|T7(5-9)::ROUND::2026-09-05T20:15::FLT::6E|6E-843|06:30,CELL::DEL|MAA|2026-09-13|Economy Standard|T7(5-9)::ROUND::2026-09-05T20:15,DEL,MAA,2026-09-13,Economy Standard,T7(5-9),ROUND::2026-09-05T20:15,6E,6E-843,06:30,8193.50,2,AirlineSite;MMT,AirlineSite=8135.00;MMT=8252.00,8135.00,8252.00,117.00,0.014280,2,2,0,0,OBS01258;OBS01259
CELL::DEL|MAA|2026-09-13|Economy Standard|T7(5-9)::ROUND::2026-09-06T14:30::FLT::6E|6E-843|06:30,CELL::DEL|MAA|2026-09-13|Economy Standard|T7(5-9)::ROUND::2026-09-06T14:30,DEL,MAA,2026-09-13,Economy Standard,T7(5-9),ROUND::2026-09-06T14:30,6E,6E-843,06:30,8912.00,2,EaseMyTrip;MMT,EaseMyTrip=8912.00;MMT=8912.00,8912.00,8912.00,0.00,0.000000,2,2,0,0,OBS02282;OBS02283
CELL::DEL|MAA|2026-09-13|Economy Standard|T7(5-9)::ROUND::2026-09-06T20:15::FLT::6E|6E-843|06:30,CELL::DEL|MAA|2026-09-13|Economy Standard|T7(5-9)::ROUND::2026-09-06T20:15,DEL,MAA,2026-09-13,Economy Standard,T7(5-9),ROUND::2026-09-06T20:15,6E,6E-843,06:30,8481.50,2,Cleartrip;EaseMyTrip,Cleartrip=8343.00;EaseMyTrip=8620.00,8343.00,8620.00,277.00,0.032659,2,2,0,0,OBS02783;OBS02784
CELL::DEL|MAA|2026-09-13|Economy Standard|T7(5-9)::ROUND::2026-09-06T20:15::FLT::AI|AI-542|07:00,CELL::DEL|MAA|2026-09-13|Economy Standard|T7(5-9)::ROUND::2026-09-06T20:15,DEL,MAA,2026-09-13,Economy Standard,T7(5-9),ROUND::2026-09-06T20:15,AI,AI-542,07:00,8497.00,1,MMT,MMT=8497.00,8497.00,8497.00,0.00,0.000000,1,1,0,0,OBS02793
CELL::DEL|MAA|2026-09-13|Economy Standard|T7(5-9)::ROUND::2026-09-06T20:15::FLT::IX|IX-621|05:30,CELL::DEL|MAA|2026-09-13|Economy Standard|T7(5-9)::ROUND::2026-09-06T20:15,DEL,MAA,2026-09-13,Economy Standard,T7(5-9),ROUND::2026-09-06T20:15,IX,IX-621,05:30,8780.00,2,Goibibo;MMT,Goibibo=9133.00;MMT=8427.00,8427.00,9133.00,706.00,0.080410,2,2,0,0,OBS02802;OBS02803
CELL::DEL|MAA|2026-09-21|Economy Flexi|T15(12-18)::ROUND::2026-09-05T14:30::FLT::6E|6E-843|06:30,CELL::DEL|MAA|2026-09-21|Economy Flexi|T15(12-18)::ROUND::2026-09-05T14:30,DEL,MAA,2026-09-21,Economy Flexi,T15(12-18),ROUND::2026-09-05T14:30,6E,6E-843,06:30,8461.00,1,MMT,MMT=8461.00,8461.00,8461.00,0.00,0.000000,1,1,0,0,OBS00743
CELL::DEL|MAA|2026-09-21|Economy Flexi|T15(12-18)::ROUND::2026-09-05T14:30::FLT::IX|IX-621|05:30,CELL::DEL|MAA|2026-09-21|Economy Flexi|T15(12-18)::ROUND::2026-09-05T14:30,DEL,MAA,2026-09-21,Economy Flexi,T15(12-18),ROUND::2026-09-05T14:30,IX,IX-621,05:30,8541.00,2,Goibibo;MMT,Goibibo=8500.00;MMT=8582.00,8500.00,8582.00,82.00,0.009601,2,2,0,0,OBS00762;OBS00763
CELL::DEL|MAA|2026-09-21|Economy Flexi|T15(12-18)::ROUND::2026-09-05T20:15::FLT::AI|AI-542|07:00,CELL::DEL|MAA|2026-09-21|Economy Flexi|T15(12-18)::ROUND::2026-09-05T20:15,DEL,MAA,2026-09-21,Economy Flexi,T15(12-18),ROUND::2026-09-05T20:15,AI,AI-542,07:00,8521.00,1,AirlineSite,AirlineSite=8521.00,8521.00,8521.00,0.00,0.000000,1,1,0,0,OBS01273
CELL::DEL|MAA|2026-09-21|Economy Flexi|T15(12-18)::ROUND::2026-09-06T09:00::FLT::AI|AI-542|07:00,CELL::DEL|MAA|2026-09-21|Economy Flexi|T15(12-18)::ROUND::2026-09-06T09:00,DEL,MAA,2026-09-21,Economy Flexi,T15(12-18),ROUND::2026-09-06T09:00,AI,AI-542,07:00,9009.00,2,Cleartrip;MMT,Cleartrip=8570.00;MMT=9448.00,8570.00,9448.00,878.00,0.097458,2,2,0,0,OBS01795;OBS01796
CELL::DEL|MAA|2026-09-21|Economy Flexi|T15(12-18)::ROUND::2026-09-06T14:30::FLT::IX|IX-621|05:30,CELL::DEL|MAA|2026-09-21|Economy Flexi|T15(12-18)::ROUND::2026-09-06T14:30,DEL,MAA,2026-09-21,Economy Flexi,T15(12-18),ROUND::2026-09-06T14:30,IX,IX-621,05:30,8715.00,1,Goibibo,Goibibo=8715.00,8715.00,8715.00,0.00,0.000000,1,1,0,0,OBS02306
CELL::DEL|MAA|2026-09-21|Economy Flexi|T15(12-18)::ROUND::2026-09-06T20:15::FLT::IX|IX-621|05:30,CELL::DEL|MAA|2026-09-21|Economy Flexi|T15(12-18)::ROUND::2026-09-06T20:15,DEL,MAA,2026-09-21,Economy Flexi,T15(12-18),ROUND::2026-09-06T20:15,IX,IX-621,05:30,9018.50,2,EaseMyTrip;MMT,EaseMyTrip=9208.00;MMT=8829.00,8829.00,9208.00,379.00,0.042025,2,2,0,0,OBS02806;OBS02807
CELL::DEL|MAA|2026-09-21|Economy Saver|T15(12-18)::ROUND::2026-09-05T09:00::FLT::AI|AI-542|07:00,CELL::DEL|MAA|2026-09-21|Economy Saver|T15(12-18)::ROUND::2026-09-05T09:00,DEL,MAA,2026-09-21,Economy Saver,T15(12-18),ROUND::2026-09-05T09:00,AI,AI-542,07:00,5869.00,1,Cleartrip,Cleartrip=5869.00,5869.00,5869.00,0.00,0.000000,1,1,0,0,OBS00256
CELL::DEL|MAA|2026-09-21|Economy Saver|T15(12-18)::ROUND::2026-09-05T09:00::FLT::IX|IX-621|05:30,CELL::DEL|MAA|2026-09-21|Economy Saver|T15(12-18)::ROUND::2026-09-05T09:00,DEL,MAA,2026-09-21,Economy Saver,T15(12-18),ROUND::2026-09-05T09:00,IX,IX-621,05:30,5541.00,1,Cleartrip,Cleartrip=5541.00,5541.00,5541.00,0.00,0.000000,1,1,0,0,OBS00267
CELL::DEL|MAA|2026-09-21|Economy Saver|T15(12-18)::ROUND::2026-09-05T14:30::FLT::6E|6E-843|06:30,CELL::DEL|MAA|2026-09-21|Economy Saver|T15(12-18)::ROUND::2026-09-05T14:30,DEL,MAA,2026-09-21,Economy Saver,T15(12-18),ROUND::2026-09-05T14:30,6E,6E-843,06:30,5794.00,2,AirlineSite;MMT,AirlineSite=5702.00;MMT=5886.00,5702.00,5886.00,184.00,0.031757,2,2,0,0,OBS00741;OBS00742
CELL::DEL|MAA|2026-09-21|Economy Saver|T15(12-18)::ROUND::2026-09-05T14:30::FLT::AI|AI-542|07:00,CELL::DEL|MAA|2026-09-21|Economy Saver|T15(12-18)::ROUND::2026-09-05T14:30,DEL,MAA,2026-09-21,Economy Saver,T15(12-18),ROUND::2026-09-05T14:30,AI,AI-542,07:00,5582.00,2,Cleartrip;MMT,Cleartrip=5490.00;MMT=5674.00,5490.00,5674.00,184.00,0.032963,2,2,0,0,OBS00752;OBS00753
CELL::DEL|MAA|2026-09-21|Economy Saver|T15(12-18)::ROUND::2026-09-05T20:15::FLT::AI|AI-542|07:00,CELL::DEL|MAA|2026-09-21|Economy Saver|T15(12-18)::ROUND::2026-09-05T20:15,DEL,MAA,2026-09-21,Economy Saver,T15(12-18),ROUND::2026-09-05T20:15,AI,AI-542,07:00,5852.00,1,AirlineSite,AirlineSite=5852.00,5852.00,5852.00,0.00,0.000000,1,1,0,0,OBS01274
CELL::DEL|MAA|2026-09-21|Economy Saver|T15(12-18)::ROUND::2026-09-05T20:15::FLT::IX|IX-621|05:30,CELL::DEL|MAA|2026-09-21|Economy Saver|T15(12-18)::ROUND::2026-09-05T20:15,DEL,MAA,2026-09-21,Economy Saver,T15(12-18),ROUND::2026-09-05T20:15,IX,IX-621,05:30,5667.00,1,Goibibo,Goibibo=5667.00,5667.00,5667.00,0.00,0.000000,1,1,0,0,OBS01285
CELL::DEL|MAA|2026-09-21|Economy Saver|T15(12-18)::ROUND::2026-09-06T09:00::FLT::AI|AI-542|07:00,CELL::DEL|MAA|2026-09-21|Economy Saver|T15(12-18)::ROUND::2026-09-06T09:00,DEL,MAA,2026-09-21,Economy Saver,T15(12-18),ROUND::2026-09-06T09:00,AI,AI-542,07:00,5965.00,2,AirlineSite;Cleartrip,AirlineSite=6080.00;Cleartrip=5850.00,5850.00,6080.00,230.00,0.038558,2,2,0,0,OBS01793;OBS01794
CELL::DEL|MAA|2026-09-21|Economy Saver|T15(12-18)::ROUND::2026-09-06T09:00::FLT::IX|IX-621|05:30,CELL::DEL|MAA|2026-09-21|Economy Saver|T15(12-18)::ROUND::2026-09-06T09:00,DEL,MAA,2026-09-21,Economy Saver,T15(12-18),ROUND::2026-09-06T09:00,IX,IX-621,05:30,5995.00,1,MMT,MMT=5995.00,5995.00,5995.00,0.00,0.000000,1,1,0,0,OBS01808
CELL::DEL|MAA|2026-09-21|Economy Saver|T15(12-18)::ROUND::2026-09-06T14:30::FLT::6E|6E-843|06:30,CELL::DEL|MAA|2026-09-21|Economy Saver|T15(12-18)::ROUND::2026-09-06T14:30,DEL,MAA,2026-09-21,Economy Saver,T15(12-18),ROUND::2026-09-06T14:30,6E,6E-843,06:30,5733.00,1,AirlineSite,AirlineSite=5733.00,5733.00,5733.00,0.00,0.000000,1,1,0,0,OBS02285
CELL::DEL|MAA|2026-09-21|Economy Saver|T15(12-18)::ROUND::2026-09-06T14:30::FLT::AI|AI-542|07:00,CELL::DEL|MAA|2026-09-21|Economy Saver|T15(12-18)::ROUND::2026-09-06T14:30,DEL,MAA,2026-09-21,Economy Saver,T15(12-18),ROUND::2026-09-06T14:30,AI,AI-542,07:00,5597.50,2,Cleartrip;Goibibo,Cleartrip=5630.00;Goibibo=5565.00,5565.00,5630.00,65.00,0.011612,2,2,0,0,OBS02296;OBS02297
CELL::DEL|MAA|2026-09-21|Economy Saver|T15(12-18)::ROUND::2026-09-06T14:30::FLT::IX|IX-621|05:30,CELL::DEL|MAA|2026-09-21|Economy Saver|T15(12-18)::ROUND::2026-09-06T14:30,DEL,MAA,2026-09-21,Economy Saver,T15(12-18),ROUND::2026-09-06T14:30,IX,IX-621,05:30,5615.00,2,Cleartrip;MMT,Cleartrip=5644.00;MMT=5586.00,5586.00,5644.00,58.00,0.010329,2,2,0,0,OBS02307;OBS02308
CELL::DEL|MAA|2026-09-21|Economy Saver|T15(12-18)::ROUND::2026-09-06T20:15::FLT::6E|6E-843|06:30,CELL::DEL|MAA|2026-09-21|Economy Saver|T15(12-18)::ROUND::2026-09-06T20:15,DEL,MAA,2026-09-21,Economy Saver,T15(12-18),ROUND::2026-09-06T20:15,6E,6E-843,06:30,5487.00,1,Cleartrip,Cleartrip=5487.00,5487.00,5487.00,0.00,0.000000,1,1,0,0,OBS02786
CELL::DEL|MAA|2026-09-21|Economy Saver|T15(12-18)::ROUND::2026-09-06T20:15::FLT::AI|AI-542|07:00,CELL::DEL|MAA|2026-09-21|Economy Saver|T15(12-18)::ROUND::2026-09-06T20:15,DEL,MAA,2026-09-21,Economy Saver,T15(12-18),ROUND::2026-09-06T20:15,AI,AI-542,07:00,5620.50,2,Cleartrip;EaseMyTrip,Cleartrip=5630.00;EaseMyTrip=5611.00,5611.00,5630.00,19.00,0.003380,2,2,0,0,OBS02794;OBS02795
CELL::DEL|MAA|2026-09-21|Economy Standard|T15(12-18)::ROUND::2026-09-05T09:00::FLT::6E|6E-843|06:30,CELL::DEL|MAA|2026-09-21|Economy Standard|T15(12-18)::ROUND::2026-09-05T09:00,DEL,MAA,2026-09-21,Economy Standard,T15(12-18),ROUND::2026-09-05T09:00,6E,6E-843,06:30,7530.00,1,EaseMyTrip,EaseMyTrip=7530.00,7530.00,7530.00,0.00,0.000000,1,1,0,0,OBS00245
CELL::DEL|MAA|2026-09-21|Economy Standard|T15(12-18)::ROUND::2026-09-05T20:15::FLT::6E|6E-843|06:30,CELL::DEL|MAA|2026-09-21|Economy Standard|T15(12-18)::ROUND::2026-09-05T20:15,DEL,MAA,2026-09-21,Economy Standard,T15(12-18),ROUND::2026-09-05T20:15,6E,6E-843,06:30,7320.00,2,EaseMyTrip;MMT,EaseMyTrip=7342.00;MMT=7298.00,7298.00,7342.00,44.00,0.006011,2,2,0,0,OBS01262;OBS01263
CELL::DEL|MAA|2026-09-21|Economy Standard|T15(12-18)::ROUND::2026-09-05T20:15::FLT::IX|IX-621|05:30,CELL::DEL|MAA|2026-09-21|Economy Standard|T15(12-18)::ROUND::2026-09-05T20:15,DEL,MAA,2026-09-21,Economy Standard,T15(12-18),ROUND::2026-09-05T20:15,IX,IX-621,05:30,7413.00,1,EaseMyTrip,EaseMyTrip=7413.00,7413.00,7413.00,0.00,0.000000,1,1,0,0,OBS01284
CELL::DEL|MAA|2026-09-21|Economy Standard|T15(12-18)::ROUND::2026-09-06T09:00::FLT::6E|6E-843|06:30,CELL::DEL|MAA|2026-09-21|Economy Standard|T15(12-18)::ROUND::2026-09-06T09:00,DEL,MAA,2026-09-21,Economy Standard,T15(12-18),ROUND::2026-09-06T09:00,6E,6E-843,06:30,7441.00,1,EaseMyTrip,EaseMyTrip=7441.00,7441.00,7441.00,0.00,0.000000,1,1,0,0,OBS01780
CELL::DEL|MAA|2026-10-06|Economy Flexi|T30(25-35)::ROUND::2026-09-05T09:00::FLT::AI|AI-542|07:00,CELL::DEL|MAA|2026-10-06|Economy Flexi|T30(25-35)::ROUND::2026-09-05T09:00,DEL,MAA,2026-10-06,Economy Flexi,T30(25-35),ROUND::2026-09-05T09:00,AI,AI-542,07:00,7893.00,1,MMT,MMT=7893.00,7893.00,7893.00,0.00,0.000000,1,1,0,0,OBS00258
CELL::DEL|MAA|2026-10-06|Economy Flexi|T30(25-35)::ROUND::2026-09-05T09:00::FLT::IX|IX-621|05:30,CELL::DEL|MAA|2026-10-06|Economy Flexi|T30(25-35)::ROUND::2026-09-05T09:00,DEL,MAA,2026-10-06,Economy Flexi,T30(25-35),ROUND::2026-09-05T09:00,IX,IX-621,05:30,8397.00,1,MMT,MMT=8397.00,8397.00,8397.00,0.00,0.000000,1,1,0,0,OBS00268
CELL::DEL|MAA|2026-10-06|Economy Flexi|T30(25-35)::ROUND::2026-09-05T14:30::FLT::6E|6E-843|06:30,CELL::DEL|MAA|2026-10-06|Economy Flexi|T30(25-35)::ROUND::2026-09-05T14:30,DEL,MAA,2026-10-06,Economy Flexi,T30(25-35),ROUND::2026-09-05T14:30,6E,6E-843,06:30,7856.00,1,Goibibo,Goibibo=7856.00,7856.00,7856.00,0.00,0.000000,1,1,0,0,OBS00745
CELL::DEL|MAA|2026-10-06|Economy Flexi|T30(25-35)::ROUND::2026-09-05T14:30::FLT::IX|IX-621|05:30,CELL::DEL|MAA|2026-10-06|Economy Flexi|T30(25-35)::ROUND::2026-09-05T14:30,DEL,MAA,2026-10-06,Economy Flexi,T30(25-35),ROUND::2026-09-05T14:30,IX,IX-621,05:30,7931.00,2,AirlineSite;EaseMyTrip,AirlineSite=7797.00;EaseMyTrip=8065.00,7797.00,8065.00,268.00,0.033791,2,2,0,0,OBS00764;OBS00765
CELL::DEL|MAA|2026-10-06|Economy Flexi|T30(25-35)::ROUND::2026-09-05T20:15::FLT::AI|AI-542|07:00,CELL::DEL|MAA|2026-10-06|Economy Flexi|T30(25-35)::ROUND::2026-09-05T20:15,DEL,MAA,2026-10-06,Economy Flexi,T30(25-35),ROUND::2026-09-05T20:15,AI,AI-542,07:00,8059.00,2,AirlineSite;MMT,AirlineSite=7847.00;MMT=8271.00,7847.00,8271.00,424.00,0.052612,2,2,0,0,OBS01275;OBS01276
CELL::DEL|MAA|2026-10-06|Economy Flexi|T30(25-35)::ROUND::2026-09-05T20:15::FLT::IX|IX-621|05:30,CELL::DEL|MAA|2026-10-06|Economy Flexi|T30(25-35)::ROUND::2026-09-05T20:15,DEL,MAA,2026-10-06,Economy Flexi,T30(25-35),ROUND::2026-09-05T20:15,IX,IX-621,05:30,7958.00,1,EaseMyTrip,EaseMyTrip=7958.00,7958.00,7958.00,0.00,0.000000,1,1,0,0,OBS01287
CELL::DEL|MAA|2026-10-06|Economy Flexi|T30(25-35)::ROUND::2026-09-06T09:00::FLT::6E|6E-843|06:30,CELL::DEL|MAA|2026-10-06|Economy Flexi|T30(25-35)::ROUND::2026-09-06T09:00,DEL,MAA,2026-10-06,Economy Flexi,T30(25-35),ROUND::2026-09-06T09:00,6E,6E-843,06:30,7944.00,2,AirlineSite;EaseMyTrip,AirlineSite=7694.00;EaseMyTrip=8194.00,7694.00,8194.00,500.00,0.062941,2,2,0,0,OBS01781;OBS01782
CELL::DEL|MAA|2026-10-06|Economy Flexi|T30(25-35)::ROUND::2026-09-06T14:30::FLT::AI|AI-542|07:00,CELL::DEL|MAA|2026-10-06|Economy Flexi|T30(25-35)::ROUND::2026-09-06T14:30,DEL,MAA,2026-10-06,Economy Flexi,T30(25-35),ROUND::2026-09-06T14:30,AI,AI-542,07:00,7733.00,1,Goibibo,Goibibo=7733.00,7733.00,7733.00,0.00,0.000000,1,1,0,0,OBS02298
CELL::DEL|MAA|2026-10-06|Economy Saver|T30(25-35)::ROUND::2026-09-05T09:00::FLT::6E|6E-843|06:30,CELL::DEL|MAA|2026-10-06|Economy Saver|T30(25-35)::ROUND::2026-09-05T09:00,DEL,MAA,2026-10-06,Economy Saver,T30(25-35),ROUND::2026-09-05T09:00,6E,6E-843,06:30,5220.00,2,Cleartrip;EaseMyTrip,Cleartrip=5051.00;EaseMyTrip=5389.00,5051.00,5389.00,338.00,0.064751,2,2,0,0,OBS00246;OBS00247
CELL::DEL|MAA|2026-10-06|Economy Saver|T30(25-35)::ROUND::2026-09-05T14:30::FLT::AI|AI-542|07:00,CELL::DEL|MAA|2026-10-06|Economy Saver|T30(25-35)::ROUND::2026-09-05T14:30,DEL,MAA,2026-10-06,Economy Saver,T30(25-35),ROUND::2026-09-05T14:30,AI,AI-542,07:00,5258.00,2,Cleartrip;Goibibo,Cleartrip=5319.00;Goibibo=5197.00,5197.00,5319.00,122.00,0.023203,2,2,0,0,OBS00754;OBS00755
CELL::DEL|MAA|2026-10-06|Economy Saver|T30(25-35)::ROUND::2026-09-05T14:30::FLT::IX|IX-621|05:30,CELL::DEL|MAA|2026-10-06|Economy Saver|T30(25-35)::ROUND::2026-09-05T14:30,DEL,MAA,2026-10-06,Economy Saver,T30(25-35),ROUND::2026-09-05T14:30,IX,IX-621,05:30,5290.00,1,Cleartrip,Cleartrip=5290.00,5290.00,5290.00,0.00,0.000000,1,1,0,0,OBS00766
CELL::DEL|MAA|2026-10-06|Economy Saver|T30(25-35)::ROUND::2026-09-05T20:15::FLT::6E|6E-843|06:30,CELL::DEL|MAA|2026-10-06|Economy Saver|T30(25-35)::ROUND::2026-09-05T20:15,DEL,MAA,2026-10-06,Economy Saver,T30(25-35),ROUND::2026-09-05T20:15,6E,6E-843,06:30,5058.50,2,AirlineSite;Goibibo,AirlineSite=5242.00;Goibibo=4875.00,4875.00,5242.00,367.00,0.072551,2,2,0,0,OBS01264;OBS01265
CELL::DEL|MAA|2026-10-06|Economy Saver|T30(25-35)::ROUND::2026-09-06T09:00::FLT::AI|AI-542|07:00,CELL::DEL|MAA|2026-10-06|Economy Saver|T30(25-35)::ROUND::2026-09-06T09:00,DEL,MAA,2026-10-06,Economy Saver,T30(25-35),ROUND::2026-09-06T09:00,AI,AI-542,07:00,5125.00,2,Goibibo;MMT,Goibibo=4917.00;MMT=5333.00,4917.00,5333.00,416.00,0.081171,2,2,0,0,OBS01798;OBS01799
CELL::DEL|MAA|2026-10-06|Economy Saver|T30(25-35)::ROUND::2026-09-06T09:00::FLT::IX|IX-621|05:30,CELL::DEL|MAA|2026-10-06|Economy Saver|T30(25-35)::ROUND::2026-09-06T09:00,DEL,MAA,2026-10-06,Economy Saver,T30(25-35),ROUND::2026-09-06T09:00,IX,IX-621,05:30,5189.00,1,MMT,MMT=5189.00,5189.00,5189.00,0.00,0.000000,1,1,0,0,OBS01809
CELL::DEL|MAA|2026-10-06|Economy Saver|T30(25-35)::ROUND::2026-09-06T14:30::FLT::AI|AI-542|07:00,CELL::DEL|MAA|2026-10-06|Economy Saver|T30(25-35)::ROUND::2026-09-06T14:30,DEL,MAA,2026-10-06,Economy Saver,T30(25-35),ROUND::2026-09-06T14:30,AI,AI-542,07:00,5424.00,1,Cleartrip,Cleartrip=5424.00,5424.00,5424.00,0.00,0.000000,1,1,0,0,OBS02299
CELL::DEL|MAA|2026-10-06|Economy Saver|T30(25-35)::ROUND::2026-09-06T14:30::FLT::IX|IX-621|05:30,CELL::DEL|MAA|2026-10-06|Economy Saver|T30(25-35)::ROUND::2026-09-06T14:30,DEL,MAA,2026-10-06,Economy Saver,T30(25-35),ROUND::2026-09-06T14:30,IX,IX-621,05:30,5330.00,2,AirlineSite;EaseMyTrip,AirlineSite=5311.00;EaseMyTrip=5349.00,5311.00,5349.00,38.00,0.007129,2,2,0,0,OBS02309;OBS02310
CELL::DEL|MAA|2026-10-06|Economy Saver|T30(25-35)::ROUND::2026-09-06T20:15::FLT::6E|6E-843|06:30,CELL::DEL|MAA|2026-10-06|Economy Saver|T30(25-35)::ROUND::2026-09-06T20:15,DEL,MAA,2026-10-06,Economy Saver,T30(25-35),ROUND::2026-09-06T20:15,6E,6E-843,06:30,5199.00,1,Goibibo,Goibibo=5199.00,5199.00,5199.00,0.00,0.000000,1,1,0,0,OBS02787
CELL::DEL|MAA|2026-10-06|Economy Saver|T30(25-35)::ROUND::2026-09-06T20:15::FLT::IX|IX-621|05:30,CELL::DEL|MAA|2026-10-06|Economy Saver|T30(25-35)::ROUND::2026-09-06T20:15,DEL,MAA,2026-10-06,Economy Saver,T30(25-35),ROUND::2026-09-06T20:15,IX,IX-621,05:30,5101.50,2,AirlineSite;Cleartrip,AirlineSite=4981.00;Cleartrip=5222.00,4981.00,5222.00,241.00,0.047241,2,2,0,0,OBS02808;OBS02809
CELL::DEL|MAA|2026-10-06|Economy Saver|T30(25-35)::ROUND::2026-09-09T09:00::FLT::6E|6E-843|12:00,CELL::DEL|MAA|2026-10-06|Economy Saver|T30(25-35)::ROUND::2026-09-09T09:00,DEL,MAA,2026-10-06,Economy Saver,T30(25-35),ROUND::2026-09-09T09:00,6E,6E-843,12:00,5170.00,1,MMT,MMT=5170.00,5170.00,5170.00,0.00,0.000000,1,1,0,0,OBS02992
CELL::DEL|MAA|2026-10-06|Economy Standard|T30(25-35)::ROUND::2026-09-05T09:00::FLT::AI|AI-542|07:00,CELL::DEL|MAA|2026-10-06|Economy Standard|T30(25-35)::ROUND::2026-09-05T09:00,DEL,MAA,2026-10-06,Economy Standard,T30(25-35),ROUND::2026-09-05T09:00,AI,AI-542,07:00,6614.00,1,AirlineSite,AirlineSite=6614.00,6614.00,6614.00,0.00,0.000000,1,1,0,0,OBS00257
CELL::DEL|MAA|2026-10-06|Economy Standard|T30(25-35)::ROUND::2026-09-05T14:30::FLT::6E|6E-843|06:30,CELL::DEL|MAA|2026-10-06|Economy Standard|T30(25-35)::ROUND::2026-09-05T14:30,DEL,MAA,2026-10-06,Economy Standard,T30(25-35),ROUND::2026-09-05T14:30,6E,6E-843,06:30,6787.00,1,Cleartrip,Cleartrip=6787.00,6787.00,6787.00,0.00,0.000000,1,1,0,0,OBS00744
CELL::DEL|MAA|2026-10-06|Economy Standard|T30(25-35)::ROUND::2026-09-05T20:15::FLT::6E|6E-843|06:30,CELL::DEL|MAA|2026-10-06|Economy Standard|T30(25-35)::ROUND::2026-09-05T20:15,DEL,MAA,2026-10-06,Economy Standard,T30(25-35),ROUND::2026-09-05T20:15,6E,6E-843,06:30,6565.00,1,Goibibo,Goibibo=6565.00,6565.00,6565.00,0.00,0.000000,1,1,0,0,OBS01266
CELL::DEL|MAA|2026-10-06|Economy Standard|T30(25-35)::ROUND::2026-09-05T20:15::FLT::AI|AI-542|07:00,CELL::DEL|MAA|2026-10-06|Economy Standard|T30(25-35)::ROUND::2026-09-05T20:15,DEL,MAA,2026-10-06,Economy Standard,T30(25-35),ROUND::2026-09-05T20:15,AI,AI-542,07:00,6307.00,1,Cleartrip,Cleartrip=6307.00,6307.00,6307.00,0.00,0.000000,1,1,0,0,OBS01277
CELL::DEL|MAA|2026-10-06|Economy Standard|T30(25-35)::ROUND::2026-09-05T20:15::FLT::IX|IX-621|05:30,CELL::DEL|MAA|2026-10-06|Economy Standard|T30(25-35)::ROUND::2026-09-05T20:15,DEL,MAA,2026-10-06,Economy Standard,T30(25-35),ROUND::2026-09-05T20:15,IX,IX-621,05:30,6367.00,1,EaseMyTrip,EaseMyTrip=6367.00,6367.00,6367.00,0.00,0.000000,1,1,0,0,OBS01286
CELL::DEL|MAA|2026-10-06|Economy Standard|T30(25-35)::ROUND::2026-09-06T09:00::FLT::6E|6E-843|06:30,CELL::DEL|MAA|2026-10-06|Economy Standard|T30(25-35)::ROUND::2026-09-06T09:00,DEL,MAA,2026-10-06,Economy Standard,T30(25-35),ROUND::2026-09-06T09:00,6E,6E-843,06:30,6295.00,2,EaseMyTrip;MMT,EaseMyTrip=6235.00;MMT=6355.00,6235.00,6355.00,120.00,0.019063,2,2,0,0,OBS01783;OBS01784
CELL::DEL|MAA|2026-10-06|Economy Standard|T30(25-35)::ROUND::2026-09-06T09:00::FLT::AI|AI-542|07:00,CELL::DEL|MAA|2026-10-06|Economy Standard|T30(25-35)::ROUND::2026-09-06T09:00,DEL,MAA,2026-10-06,Economy Standard,T30(25-35),ROUND::2026-09-06T09:00,AI,AI-542,07:00,6230.00,1,MMT,MMT=6230.00,6230.00,6230.00,0.00,0.000000,1,1,0,0,OBS01797
CELL::DEL|MAA|2026-10-06|Economy Standard|T30(25-35)::ROUND::2026-09-06T14:30::FLT::6E|6E-843|06:30,CELL::DEL|MAA|2026-10-06|Economy Standard|T30(25-35)::ROUND::2026-09-06T14:30,DEL,MAA,2026-10-06,Economy Standard,T30(25-35),ROUND::2026-09-06T14:30,6E,6E-843,06:30,6553.00,1,EaseMyTrip,EaseMyTrip=6553.00,6553.00,6553.00,0.00,0.000000,1,1,0,0,OBS02286
CELL::DEL|MAA|2026-10-06|Economy Standard|T30(25-35)::ROUND::2026-09-06T20:15::FLT::AI|AI-542|07:00,CELL::DEL|MAA|2026-10-06|Economy Standard|T30(25-35)::ROUND::2026-09-06T20:15,DEL,MAA,2026-10-06,Economy Standard,T30(25-35),ROUND::2026-09-06T20:15,AI,AI-542,07:00,6602.00,2,AirlineSite;EaseMyTrip,AirlineSite=6613.00;EaseMyTrip=6591.00,6591.00,6613.00,22.00,0.003332,2,2,0,0,OBS02796;OBS02797
CELL::DEL|MAA|2026-10-22|Economy Flexi|T45(40-50)::ROUND::2026-09-05T09:00::FLT::6E|6E-843|06:30,CELL::DEL|MAA|2026-10-22|Economy Flexi|T45(40-50)::ROUND::2026-09-05T09:00,DEL,MAA,2026-10-22,Economy Flexi,T45(40-50),ROUND::2026-09-05T09:00,6E,6E-843,06:30,7881.00,2,EaseMyTrip;Goibibo,EaseMyTrip=7870.00;Goibibo=7892.00,7870.00,7892.00,22.00,0.002792,2,2,0,0,OBS00249;OBS00250
CELL::DEL|MAA|2026-10-22|Economy Flexi|T45(40-50)::ROUND::2026-09-05T09:00::FLT::IX|IX-621|05:30,CELL::DEL|MAA|2026-10-22|Economy Flexi|T45(40-50)::ROUND::2026-09-05T09:00,DEL,MAA,2026-10-22,Economy Flexi,T45(40-50),ROUND::2026-09-05T09:00,IX,IX-621,05:30,7985.00,2,Cleartrip;MMT,Cleartrip=7999.00;MMT=7971.00,7971.00,7999.00,28.00,0.003507,2,2,0,0,OBS00269;OBS00270
CELL::DEL|MAA|2026-10-22|Economy Flexi|T45(40-50)::ROUND::2026-09-05T14:30::FLT::6E|6E-843|06:30,CELL::DEL|MAA|2026-10-22|Economy Flexi|T45(40-50)::ROUND::2026-09-05T14:30,DEL,MAA,2026-10-22,Economy Flexi,T45(40-50),ROUND::2026-09-05T14:30,6E,6E-843,06:30,7810.00,1,Goibibo,Goibibo=7810.00,7810.00,7810.00,0.00,0.000000,1,1,0,0,OBS00746
CELL::DEL|MAA|2026-10-22|Economy Flexi|T45(40-50)::ROUND::2026-09-05T14:30::FLT::IX|IX-621|05:30,CELL::DEL|MAA|2026-10-22|Economy Flexi|T45(40-50)::ROUND::2026-09-05T14:30,DEL,MAA,2026-10-22,Economy Flexi,T45(40-50),ROUND::2026-09-05T14:30,IX,IX-621,05:30,8108.00,2,AirlineSite;MMT,AirlineSite=8192.00;MMT=8024.00,8024.00,8192.00,168.00,0.020720,2,2,0,0,OBS00767;OBS00768
CELL::DEL|MAA|2026-10-22|Economy Flexi|T45(40-50)::ROUND::2026-09-05T20:15::FLT::6E|6E-843|06:30,CELL::DEL|MAA|2026-10-22|Economy Flexi|T45(40-50)::ROUND::2026-09-05T20:15,DEL,MAA,2026-10-22,Economy Flexi,T45(40-50),ROUND::2026-09-05T20:15,6E,6E-843,06:30,7769.00,1,Goibibo,Goibibo=7769.00,7769.00,7769.00,0.00,0.000000,1,1,0,0,OBS01268
CELL::DEL|MAA|2026-10-22|Economy Flexi|T45(40-50)::ROUND::2026-09-06T09:00::FLT::6E|6E-843|06:30,CELL::DEL|MAA|2026-10-22|Economy Flexi|T45(40-50)::ROUND::2026-09-06T09:00,DEL,MAA,2026-10-22,Economy Flexi,T45(40-50),ROUND::2026-09-06T09:00,6E,6E-843,06:30,7900.00,1,AirlineSite,AirlineSite=7900.00,7900.00,7900.00,0.00,0.000000,1,1,0,0,OBS01786
CELL::DEL|MAA|2026-10-22|Economy Flexi|T45(40-50)::ROUND::2026-09-06T09:00::FLT::AI|AI-542|07:00,CELL::DEL|MAA|2026-10-22|Economy Flexi|T45(40-50)::ROUND::2026-09-06T09:00,DEL,MAA,2026-10-22,Economy Flexi,T45(40-50),ROUND::2026-09-06T09:00,AI,AI-542,07:00,8426.00,1,EaseMyTrip,EaseMyTrip=8426.00,8426.00,8426.00,0.00,0.000000,1,1,0,0,OBS01801
CELL::DEL|MAA|2026-10-22|Economy Flexi|T45(40-50)::ROUND::2026-09-06T14:30::FLT::6E|6E-843|06:30,CELL::DEL|MAA|2026-10-22|Economy Flexi|T45(40-50)::ROUND::2026-09-06T14:30,DEL,MAA,2026-10-22,Economy Flexi,T45(40-50),ROUND::2026-09-06T14:30,6E,6E-843,06:30,8135.00,2,EaseMyTrip;MMT,EaseMyTrip=8281.00;MMT=7989.00,7989.00,8281.00,292.00,0.035894,2,2,0,0,OBS02287;OBS02288
CELL::DEL|MAA|2026-10-22|Economy Flexi|T45(40-50)::ROUND::2026-09-06T14:30::FLT::AI|AI-542|07:00,CELL::DEL|MAA|2026-10-22|Economy Flexi|T45(40-50)::ROUND::2026-09-06T14:30,DEL,MAA,2026-10-22,Economy Flexi,T45(40-50),ROUND::2026-09-06T14:30,AI,AI-542,07:00,7921.50,2,Cleartrip;MMT,Cleartrip=7704.00;MMT=8139.00,7704.00,8139.00,435.00,0.054914,2,2,0,0,OBS02300;OBS02301
CELL::DEL|MAA|2026-10-22|Economy Flexi|T45(40-50)::ROUND::2026-09-06T20:15::FLT::IX|IX-621|05:30,CELL::DEL|MAA|2026-10-22|Economy Flexi|T45(40-50)::ROUND::2026-09-06T20:15,DEL,MAA,2026-10-22,Economy Flexi,T45(40-50),ROUND::2026-09-06T20:15,IX,IX-621,05:30,8019.00,2,Goibibo;MMT,Goibibo=7697.00;MMT=8341.00,7697.00,8341.00,644.00,0.080309,2,2,0,0,OBS02811;OBS02812
CELL::DEL|MAA|2026-10-22|Economy Saver|T45(40-50)::ROUND::2026-09-05T09:00::FLT::6E|6E-843|06:30,CELL::DEL|MAA|2026-10-22|Economy Saver|T45(40-50)::ROUND::2026-09-05T09:00,DEL,MAA,2026-10-22,Economy Saver,T45(40-50),ROUND::2026-09-05T09:00,6E,6E-843,06:30,5247.00,1,AirlineSite,AirlineSite=5247.00,5247.00,5247.00,0.00,0.000000,1,1,0,0,OBS00248
CELL::DEL|MAA|2026-10-22|Economy Saver|T45(40-50)::ROUND::2026-09-05T09:00::FLT::AI|AI-542|07:00,CELL::DEL|MAA|2026-10-22|Economy Saver|T45(40-50)::ROUND::2026-09-05T09:00,DEL,MAA,2026-10-22,Economy Saver,T45(40-50),ROUND::2026-09-05T09:00,AI,AI-542,07:00,4867.00,1,Goibibo,Goibibo=4867.00,4867.00,4867.00,0.00,0.000000,1,1,0,0,OBS00259
CELL::DEL|MAA|2026-10-22|Economy Saver|T45(40-50)::ROUND::2026-09-05T14:30::FLT::6E|6E-843|06:30,CELL::DEL|MAA|2026-10-22|Economy Saver|T45(40-50)::ROUND::2026-09-05T14:30,DEL,MAA,2026-10-22,Economy Saver,T45(40-50),ROUND::2026-09-05T14:30,6E,6E-843,06:30,5247.00,1,Goibibo,Goibibo=5247.00,5247.00,5247.00,0.00,0.000000,1,1,0,0,OBS00747
CELL::DEL|MAA|2026-10-22|Economy Saver|T45(40-50)::ROUND::2026-09-06T09:00::FLT::6E|6E-843|06:30,CELL::DEL|MAA|2026-10-22|Economy Saver|T45(40-50)::ROUND::2026-09-06T09:00,DEL,MAA,2026-10-22,Economy Saver,T45(40-50),ROUND::2026-09-06T09:00,6E,6E-843,06:30,5273.00,1,AirlineSite,AirlineSite=5273.00,5273.00,5273.00,0.00,0.000000,1,1,0,0,OBS01785
CELL::DEL|MAA|2026-10-22|Economy Saver|T45(40-50)::ROUND::2026-09-06T09:00::FLT::IX|IX-621|05:30,CELL::DEL|MAA|2026-10-22|Economy Saver|T45(40-50)::ROUND::2026-09-06T09:00,DEL,MAA,2026-10-22,Economy Saver,T45(40-50),ROUND::2026-09-06T09:00,IX,IX-621,05:30,5079.00,1,Cleartrip,Cleartrip=5079.00,5079.00,5079.00,0.00,0.000000,1,1,0,0,OBS01811
CELL::DEL|MAA|2026-10-22|Economy Saver|T45(40-50)::ROUND::2026-09-06T14:30::FLT::IX|IX-621|05:30,CELL::DEL|MAA|2026-10-22|Economy Saver|T45(40-50)::ROUND::2026-09-06T14:30,DEL,MAA,2026-10-22,Economy Saver,T45(40-50),ROUND::2026-09-06T14:30,IX,IX-621,05:30,5125.00,1,MMT,MMT=5125.00,5125.00,5125.00,0.00,0.000000,1,1,0,0,OBS02311
CELL::DEL|MAA|2026-10-22|Economy Saver|T45(40-50)::ROUND::2026-09-06T20:15::FLT::6E|6E-843|06:30,CELL::DEL|MAA|2026-10-22|Economy Saver|T45(40-50)::ROUND::2026-09-06T20:15,DEL,MAA,2026-10-22,Economy Saver,T45(40-50),ROUND::2026-09-06T20:15,6E,6E-843,06:30,5358.00,2,AirlineSite;MMT,AirlineSite=5353.00;MMT=5363.00,5353.00,5363.00,10.00,0.001866,2,2,0,0,OBS02788;OBS02789
CELL::DEL|MAA|2026-10-22|Economy Saver|T45(40-50)::ROUND::2026-09-06T20:15::FLT::AI|AI-542|07:00,CELL::DEL|MAA|2026-10-22|Economy Saver|T45(40-50)::ROUND::2026-09-06T20:15,DEL,MAA,2026-10-22,Economy Saver,T45(40-50),ROUND::2026-09-06T20:15,AI,AI-542,07:00,5080.00,1,EaseMyTrip,EaseMyTrip=5080.00,5080.00,5080.00,0.00,0.000000,1,1,0,0,OBS02798
CELL::DEL|MAA|2026-10-22|Economy Standard|T45(40-50)::ROUND::2026-09-05T09:00::FLT::AI|AI-542|07:00,CELL::DEL|MAA|2026-10-22|Economy Standard|T45(40-50)::ROUND::2026-09-05T09:00,DEL,MAA,2026-10-22,Economy Standard,T45(40-50),ROUND::2026-09-05T09:00,AI,AI-542,07:00,6572.00,2,EaseMyTrip;Goibibo,EaseMyTrip=6663.00;Goibibo=6481.00,6481.00,6663.00,182.00,0.027693,2,2,0,0,OBS00260;OBS00261
CELL::DEL|MAA|2026-10-22|Economy Standard|T45(40-50)::ROUND::2026-09-05T09:00::FLT::IX|IX-621|05:30,CELL::DEL|MAA|2026-10-22|Economy Standard|T45(40-50)::ROUND::2026-09-05T09:00,DEL,MAA,2026-10-22,Economy Standard,T45(40-50),ROUND::2026-09-05T09:00,IX,IX-621,05:30,6468.00,2,AirlineSite;EaseMyTrip,AirlineSite=6495.00;EaseMyTrip=6441.00,6441.00,6495.00,54.00,0.008349,2,2,0,0,OBS00271;OBS00272
CELL::DEL|MAA|2026-10-22|Economy Standard|T45(40-50)::ROUND::2026-09-05T14:30::FLT::AI|AI-542|07:00,CELL::DEL|MAA|2026-10-22|Economy Standard|T45(40-50)::ROUND::2026-09-05T14:30,DEL,MAA,2026-10-22,Economy Standard,T45(40-50),ROUND::2026-09-05T14:30,AI,AI-542,07:00,6325.50,2,Cleartrip;MMT,Cleartrip=6402.00;MMT=6249.00,6249.00,6402.00,153.00,0.024188,2,2,0,0,OBS00756;OBS00757
CELL::DEL|MAA|2026-10-22|Economy Standard|T45(40-50)::ROUND::2026-09-05T14:30::FLT::IX|IX-621|05:30,CELL::DEL|MAA|2026-10-22|Economy Standard|T45(40-50)::ROUND::2026-09-05T14:30,DEL,MAA,2026-10-22,Economy Standard,T45(40-50),ROUND::2026-09-05T14:30,IX,IX-621,05:30,6560.00,2,AirlineSite;MMT,AirlineSite=6895.00;MMT=6225.00,6225.00,6895.00,670.00,0.102134,2,2,0,0,OBS00769;OBS00770
CELL::DEL|MAA|2026-10-22|Economy Standard|T45(40-50)::ROUND::2026-09-05T20:15::FLT::6E|6E-843|06:30,CELL::DEL|MAA|2026-10-22|Economy Standard|T45(40-50)::ROUND::2026-09-05T20:15,DEL,MAA,2026-10-22,Economy Standard,T45(40-50),ROUND::2026-09-05T20:15,6E,6E-843,06:30,6483.00,1,AirlineSite,AirlineSite=6483.00,6483.00,6483.00,0.00,0.000000,1,1,0,0,OBS01267
CELL::DEL|MAA|2026-10-22|Economy Standard|T45(40-50)::ROUND::2026-09-05T20:15::FLT::AI|AI-542|07:00,CELL::DEL|MAA|2026-10-22|Economy Standard|T45(40-50)::ROUND::2026-09-05T20:15,DEL,MAA,2026-10-22,Economy Standard,T45(40-50),ROUND::2026-09-05T20:15,AI,AI-542,07:00,6650.00,1,Cleartrip,Cleartrip=6650.00,6650.00,6650.00,0.00,0.000000,1,1,0,0,OBS01278
CELL::DEL|MAA|2026-10-22|Economy Standard|T45(40-50)::ROUND::2026-09-05T20:15::FLT::IX|IX-621|05:30,CELL::DEL|MAA|2026-10-22|Economy Standard|T45(40-50)::ROUND::2026-09-05T20:15,DEL,MAA,2026-10-22,Economy Standard,T45(40-50),ROUND::2026-09-05T20:15,IX,IX-621,05:30,6251.00,1,Cleartrip,Cleartrip=6251.00,6251.00,6251.00,0.00,0.000000,1,1,0,0,OBS01288
CELL::DEL|MAA|2026-10-22|Economy Standard|T45(40-50)::ROUND::2026-09-06T09:00::FLT::AI|AI-542|07:00,CELL::DEL|MAA|2026-10-22|Economy Standard|T45(40-50)::ROUND::2026-09-06T09:00,DEL,MAA,2026-10-22,Economy Standard,T45(40-50),ROUND::2026-09-06T09:00,AI,AI-542,07:00,6457.00,1,MMT,MMT=6457.00,6457.00,6457.00,0.00,0.000000,1,1,0,0,OBS01800
CELL::DEL|MAA|2026-10-22|Economy Standard|T45(40-50)::ROUND::2026-09-06T09:00::FLT::IX|IX-621|05:30,CELL::DEL|MAA|2026-10-22|Economy Standard|T45(40-50)::ROUND::2026-09-06T09:00,DEL,MAA,2026-10-22,Economy Standard,T45(40-50),ROUND::2026-09-06T09:00,IX,IX-621,05:30,6587.00,1,MMT,MMT=6587.00,6587.00,6587.00,0.00,0.000000,1,1,0,0,OBS01810
CELL::DEL|MAA|2026-10-22|Economy Standard|T45(40-50)::ROUND::2026-09-06T14:30::FLT::6E|6E-843|06:30,CELL::DEL|MAA|2026-10-22|Economy Standard|T45(40-50)::ROUND::2026-09-06T14:30,DEL,MAA,2026-10-22,Economy Standard,T45(40-50),ROUND::2026-09-06T14:30,6E,6E-843,06:30,6367.00,1,EaseMyTrip,EaseMyTrip=6367.00,6367.00,6367.00,0.00,0.000000,1,1,0,0,OBS02289
CELL::DEL|MAA|2026-10-22|Economy Standard|T45(40-50)::ROUND::2026-09-06T20:15::FLT::IX|IX-621|05:30,CELL::DEL|MAA|2026-10-22|Economy Standard|T45(40-50)::ROUND::2026-09-06T20:15,DEL,MAA,2026-10-22,Economy Standard,T45(40-50),ROUND::2026-09-06T20:15,IX,IX-621,05:30,6384.00,1,Cleartrip,Cleartrip=6384.00,6384.00,6384.00,0.00,0.000000,1,1,0,0,OBS02810
CELL::DEL|PNQ|2026-09-07|Economy Flexi|T1(0-2)::ROUND::2026-09-05T09:00::FLT::6E|6E-381|11:15,CELL::DEL|PNQ|2026-09-07|Economy Flexi|T1(0-2)::ROUND::2026-09-05T09:00,DEL,PNQ,2026-09-07,Economy Flexi,T1(0-2),ROUND::2026-09-05T09:00,6E,6E-381,11:15,11057.00,1,Cleartrip,Cleartrip=11057.00,11057.00,11057.00,0.00,0.000000,1,1,0,0,OBS00136
CELL::DEL|PNQ|2026-09-07|Economy Flexi|T1(0-2)::ROUND::2026-09-05T09:00::FLT::AI|AI-851|06:00,CELL::DEL|PNQ|2026-09-07|Economy Flexi|T1(0-2)::ROUND::2026-09-05T09:00,DEL,PNQ,2026-09-07,Economy Flexi,T1(0-2),ROUND::2026-09-05T09:00,AI,AI-851,06:00,11706.00,1,Cleartrip,Cleartrip=11706.00,11706.00,11706.00,0.00,0.000000,1,1,0,0,OBS00146
CELL::DEL|PNQ|2026-09-07|Economy Flexi|T1(0-2)::ROUND::2026-09-05T09:00::FLT::QP|QP-1201|21:45,CELL::DEL|PNQ|2026-09-07|Economy Flexi|T1(0-2)::ROUND::2026-09-05T09:00,DEL,PNQ,2026-09-07,Economy Flexi,T1(0-2),ROUND::2026-09-05T09:00,QP,QP-1201,21:45,11612.00,1,Cleartrip,Cleartrip=11612.00,11612.00,11612.00,0.00,0.000000,1,1,0,0,OBS00156
CELL::DEL|PNQ|2026-09-07|Economy Flexi|T1(0-2)::ROUND::2026-09-05T14:30::FLT::AI|AI-851|06:00,CELL::DEL|PNQ|2026-09-07|Economy Flexi|T1(0-2)::ROUND::2026-09-05T14:30,DEL,PNQ,2026-09-07,Economy Flexi,T1(0-2),ROUND::2026-09-05T14:30,AI,AI-851,06:00,11977.00,1,EaseMyTrip,EaseMyTrip=11977.00,11977.00,11977.00,0.00,0.000000,1,1,0,0,OBS00650
CELL::DEL|PNQ|2026-09-07|Economy Flexi|T1(0-2)::ROUND::2026-09-05T20:15::FLT::6E|6E-381|11:15,CELL::DEL|PNQ|2026-09-07|Economy Flexi|T1(0-2)::ROUND::2026-09-05T20:15,DEL,PNQ,2026-09-07,Economy Flexi,T1(0-2),ROUND::2026-09-05T20:15,6E,6E-381,11:15,11632.50,2,AirlineSite;EaseMyTrip,AirlineSite=11365.00;EaseMyTrip=11900.00,11365.00,11900.00,535.00,0.045992,2,2,0,0,OBS01148;OBS01149
CELL::DEL|PNQ|2026-09-07|Economy Flexi|T1(0-2)::ROUND::2026-09-06T09:00::FLT::6E|6E-381|11:15,CELL::DEL|PNQ|2026-09-07|Economy Flexi|T1(0-2)::ROUND::2026-09-06T09:00,DEL,PNQ,2026-09-07,Economy Flexi,T1(0-2),ROUND::2026-09-06T09:00,6E,6E-381,11:15,11527.00,1,AirlineSite,AirlineSite=11527.00,11527.00,11527.00,0.00,0.000000,1,1,0,0,OBS01672
CELL::DEL|PNQ|2026-09-07|Economy Flexi|T1(0-2)::ROUND::2026-09-06T09:00::FLT::QP|QP-1201|21:45,CELL::DEL|PNQ|2026-09-07|Economy Flexi|T1(0-2)::ROUND::2026-09-06T09:00,DEL,PNQ,2026-09-07,Economy Flexi,T1(0-2),ROUND::2026-09-06T09:00,QP,QP-1201,21:45,11286.00,1,MMT,MMT=11286.00,11286.00,11286.00,0.00,0.000000,1,1,0,0,OBS01690
CELL::DEL|PNQ|2026-09-07|Economy Flexi|T1(0-2)::ROUND::2026-09-06T14:30::FLT::6E|6E-381|11:15,CELL::DEL|PNQ|2026-09-07|Economy Flexi|T1(0-2)::ROUND::2026-09-06T14:30,DEL,PNQ,2026-09-07,Economy Flexi,T1(0-2),ROUND::2026-09-06T14:30,6E,6E-381,11:15,11945.50,2,Cleartrip;Goibibo,Cleartrip=11695.00;Goibibo=12196.00,11695.00,12196.00,501.00,0.041940,2,2,0,0,OBS02172;OBS02173
CELL::DEL|PNQ|2026-09-07|Economy Flexi|T1(0-2)::ROUND::2026-09-06T14:30::FLT::AI|AI-851|06:00,CELL::DEL|PNQ|2026-09-07|Economy Flexi|T1(0-2)::ROUND::2026-09-06T14:30,DEL,PNQ,2026-09-07,Economy Flexi,T1(0-2),ROUND::2026-09-06T14:30,AI,AI-851,06:00,11722.00,2,Cleartrip;Goibibo,Cleartrip=11437.00;Goibibo=12007.00,11437.00,12007.00,570.00,0.048627,2,2,0,0,OBS02183;OBS02184
CELL::DEL|PNQ|2026-09-07|Economy Flexi|T1(0-2)::ROUND::2026-09-06T20:15::FLT::AI|AI-851|06:00,CELL::DEL|PNQ|2026-09-07|Economy Flexi|T1(0-2)::ROUND::2026-09-06T20:15,DEL,PNQ,2026-09-07,Economy Flexi,T1(0-2),ROUND::2026-09-06T20:15,AI,AI-851,06:00,12026.00,2,AirlineSite;Cleartrip,AirlineSite=12148.00;Cleartrip=11904.00,11904.00,12148.00,244.00,0.020289,2,2,0,0,OBS02687;OBS02688
CELL::DEL|PNQ|2026-09-07|Economy Saver|T1(0-2)::ROUND::2026-09-05T09:00::FLT::QP|QP-1201|21:45,CELL::DEL|PNQ|2026-09-07|Economy Saver|T1(0-2)::ROUND::2026-09-05T09:00,DEL,PNQ,2026-09-07,Economy Saver,T1(0-2),ROUND::2026-09-05T09:00,QP,QP-1201,21:45,7413.50,2,Cleartrip;EaseMyTrip,Cleartrip=7037.00;EaseMyTrip=7790.00,7037.00,7790.00,753.00,0.101571,2,2,0,0,OBS00154;OBS00155
CELL::DEL|PNQ|2026-09-07|Economy Saver|T1(0-2)::ROUND::2026-09-05T14:30::FLT::6E|6E-381|11:15,CELL::DEL|PNQ|2026-09-07|Economy Saver|T1(0-2)::ROUND::2026-09-05T14:30,DEL,PNQ,2026-09-07,Economy Saver,T1(0-2),ROUND::2026-09-05T14:30,6E,6E-381,11:15,7224.50,2,Cleartrip;MMT,Cleartrip=7276.00;MMT=7173.00,7173.00,7276.00,103.00,0.014257,2,2,0,0,OBS00638;OBS00639
CELL::DEL|PNQ|2026-09-07|Economy Saver|T1(0-2)::ROUND::2026-09-05T14:30::FLT::AI|AI-851|06:00,CELL::DEL|PNQ|2026-09-07|Economy Saver|T1(0-2)::ROUND::2026-09-05T14:30,DEL,PNQ,2026-09-07,Economy Saver,T1(0-2),ROUND::2026-09-05T14:30,AI,AI-851,06:00,7423.00,2,EaseMyTrip;MMT,EaseMyTrip=7628.00;MMT=7218.00,7218.00,7628.00,410.00,0.055234,2,2,0,0,OBS00651;OBS00652
CELL::DEL|PNQ|2026-09-07|Economy Saver|T1(0-2)::ROUND::2026-09-05T14:30::FLT::QP|QP-1201|21:45,CELL::DEL|PNQ|2026-09-07|Economy Saver|T1(0-2)::ROUND::2026-09-05T14:30,DEL,PNQ,2026-09-07,Economy Saver,T1(0-2),ROUND::2026-09-05T14:30,QP,QP-1201,21:45,7461.50,2,Cleartrip;MMT,Cleartrip=7664.00;MMT=7259.00,7259.00,7664.00,405.00,0.054279,2,2,0,0,OBS00662;OBS00663
CELL::DEL|PNQ|2026-09-07|Economy Saver|T1(0-2)::ROUND::2026-09-05T20:15::FLT::AI|AI-851|06:00,CELL::DEL|PNQ|2026-09-07|Economy Saver|T1(0-2)::ROUND::2026-09-05T20:15,DEL,PNQ,2026-09-07,Economy Saver,T1(0-2),ROUND::2026-09-05T20:15,AI,AI-851,06:00,7416.00,2,AirlineSite;EaseMyTrip,AirlineSite=7159.00;EaseMyTrip=7673.00,7159.00,7673.00,514.00,0.069310,2,2,0,0,OBS01160;OBS01161
CELL::DEL|PNQ|2026-09-07|Economy Saver|T1(0-2)::ROUND::2026-09-05T20:15::FLT::QP|QP-1201|21:45,CELL::DEL|PNQ|2026-09-07|Economy Saver|T1(0-2)::ROUND::2026-09-05T20:15,DEL,PNQ,2026-09-07,Economy Saver,T1(0-2),ROUND::2026-09-05T20:15,QP,QP-1201,21:45,7047.50,2,AirlineSite;MMT,AirlineSite=7020.00;MMT=7075.00,7020.00,7075.00,55.00,0.007804,2,2,0,0,OBS01174;OBS01175
CELL::DEL|PNQ|2026-09-07|Economy Saver|T1(0-2)::ROUND::2026-09-06T09:00::FLT::AI|AI-851|06:00,CELL::DEL|PNQ|2026-09-07|Economy Saver|T1(0-2)::ROUND::2026-09-06T09:00,DEL,PNQ,2026-09-07,Economy Saver,T1(0-2),ROUND::2026-09-06T09:00,AI,AI-851,06:00,7236.00,1,EaseMyTrip,EaseMyTrip=7236.00,7236.00,7236.00,0.00,0.000000,1,1,0,0,OBS01684
CELL::DEL|PNQ|2026-09-07|Economy Saver|T1(0-2)::ROUND::2026-09-06T14:30::FLT::6E|6E-381|11:15,CELL::DEL|PNQ|2026-09-07|Economy Saver|T1(0-2)::ROUND::2026-09-06T14:30,DEL,PNQ,2026-09-07,Economy Saver,T1(0-2),ROUND::2026-09-06T14:30,6E,6E-381,11:15,7281.00,1,AirlineSite,AirlineSite=7281.00,7281.00,7281.00,0.00,0.000000,1,1,0,0,OBS02174
CELL::DEL|PNQ|2026-09-07|Economy Saver|T1(0-2)::ROUND::2026-09-06T14:30::FLT::QP|QP-1201|21:45,CELL::DEL|PNQ|2026-09-07|Economy Saver|T1(0-2)::ROUND::2026-09-06T14:30,DEL,PNQ,2026-09-07,Economy Saver,T1(0-2),ROUND::2026-09-06T14:30,QP,QP-1201,21:45,7282.00,2,Cleartrip;EaseMyTrip,Cleartrip=7305.00;EaseMyTrip=7259.00,7259.00,7305.00,46.00,0.006317,2,2,0,0,OBS02194;OBS02195
CELL::DEL|PNQ|2026-09-07|Economy Saver|T1(0-2)::ROUND::2026-09-06T20:15::FLT::6E|6E-381|11:15,CELL::DEL|PNQ|2026-09-07|Economy Saver|T1(0-2)::ROUND::2026-09-06T20:15,DEL,PNQ,2026-09-07,Economy Saver,T1(0-2),ROUND::2026-09-06T20:15,6E,6E-381,11:15,7806.00,1,EaseMyTrip,EaseMyTrip=7806.00,7806.00,7806.00,0.00,0.000000,1,1,0,0,OBS02674
CELL::DEL|PNQ|2026-09-07|Economy Saver|T1(0-2)::ROUND::2026-09-06T20:15::FLT::QP|QP-1201|21:45,CELL::DEL|PNQ|2026-09-07|Economy Saver|T1(0-2)::ROUND::2026-09-06T20:15,DEL,PNQ,2026-09-07,Economy Saver,T1(0-2),ROUND::2026-09-06T20:15,QP,QP-1201,21:45,7673.00,1,AirlineSite,AirlineSite=7673.00,7673.00,7673.00,0.00,0.000000,1,1,0,0,OBS02701
CELL::DEL|PNQ|2026-09-07|Economy Standard|T1(0-2)::ROUND::2026-09-05T09:00::FLT::6E|6E-381|11:15,CELL::DEL|PNQ|2026-09-07|Economy Standard|T1(0-2)::ROUND::2026-09-05T09:00,DEL,PNQ,2026-09-07,Economy Standard,T1(0-2),ROUND::2026-09-05T09:00,6E,6E-381,11:15,9294.00,1,MMT,MMT=9294.00,9294.00,9294.00,0.00,0.000000,1,1,0,0,OBS00135
CELL::DEL|PNQ|2026-09-07|Economy Standard|T1(0-2)::ROUND::2026-09-05T14:30::FLT::6E|6E-381|11:15,CELL::DEL|PNQ|2026-09-07|Economy Standard|T1(0-2)::ROUND::2026-09-05T14:30,DEL,PNQ,2026-09-07,Economy Standard,T1(0-2),ROUND::2026-09-05T14:30,6E,6E-381,11:15,9638.00,1,AirlineSite,AirlineSite=9638.00,9638.00,9638.00,0.00,0.000000,1,1,0,0,OBS00640
CELL::DEL|PNQ|2026-09-07|Economy Standard|T1(0-2)::ROUND::2026-09-05T14:30::FLT::QP|QP-1201|21:45,CELL::DEL|PNQ|2026-09-07|Economy Standard|T1(0-2)::ROUND::2026-09-05T14:30,DEL,PNQ,2026-09-07,Economy Standard,T1(0-2),ROUND::2026-09-05T14:30,QP,QP-1201,21:45,9782.00,1,Goibibo,Goibibo=9782.00,9782.00,9782.00,0.00,0.000000,1,1,0,0,OBS00661
CELL::DEL|PNQ|2026-09-07|Economy Standard|T1(0-2)::ROUND::2026-09-05T20:15::FLT::6E|6E-381|11:15,CELL::DEL|PNQ|2026-09-07|Economy Standard|T1(0-2)::ROUND::2026-09-05T20:15,DEL,PNQ,2026-09-07,Economy Standard,T1(0-2),ROUND::2026-09-05T20:15,6E,6E-381,11:15,9654.00,1,AirlineSite,AirlineSite=9654.00,9654.00,9654.00,0.00,0.000000,1,1,0,0,OBS01147
CELL::DEL|PNQ|2026-09-07|Economy Standard|T1(0-2)::ROUND::2026-09-05T20:15::FLT::QP|QP-1201|21:45,CELL::DEL|PNQ|2026-09-07|Economy Standard|T1(0-2)::ROUND::2026-09-05T20:15,DEL,PNQ,2026-09-07,Economy Standard,T1(0-2),ROUND::2026-09-05T20:15,QP,QP-1201,21:45,9382.00,2,EaseMyTrip;MMT,EaseMyTrip=9178.00;MMT=9586.00,9178.00,9586.00,408.00,0.043488,2,2,0,0,OBS01172;OBS01173
CELL::DEL|PNQ|2026-09-07|Economy Standard|T1(0-2)::ROUND::2026-09-06T09:00::FLT::QP|QP-1201|21:45,CELL::DEL|PNQ|2026-09-07|Economy Standard|T1(0-2)::ROUND::2026-09-06T09:00,DEL,PNQ,2026-09-07,Economy Standard,T1(0-2),ROUND::2026-09-06T09:00,QP,QP-1201,21:45,9496.00,1,MMT,MMT=9496.00,9496.00,9496.00,0.00,0.000000,1,1,0,0,OBS01691
CELL::DEL|PNQ|2026-09-07|Economy Standard|T1(0-2)::ROUND::2026-09-06T14:30::FLT::AI|AI-851|06:00,CELL::DEL|PNQ|2026-09-07|Economy Standard|T1(0-2)::ROUND::2026-09-06T14:30,DEL,PNQ,2026-09-07,Economy Standard,T1(0-2),ROUND::2026-09-06T14:30,AI,AI-851,06:00,9769.50,2,EaseMyTrip;MMT,EaseMyTrip=9763.00;MMT=9776.00,9763.00,9776.00,13.00,0.001331,2,2,0,0,OBS02185;OBS02186
CELL::DEL|PNQ|2026-09-07|Economy Standard|T1(0-2)::ROUND::2026-09-06T14:30::FLT::QP|QP-1201|21:45,CELL::DEL|PNQ|2026-09-07|Economy Standard|T1(0-2)::ROUND::2026-09-06T14:30,DEL,PNQ,2026-09-07,Economy Standard,T1(0-2),ROUND::2026-09-06T14:30,QP,QP-1201,21:45,9576.00,1,MMT,MMT=9576.00,9576.00,9576.00,0.00,0.000000,1,1,0,0,OBS02196
CELL::DEL|PNQ|2026-09-07|Economy Standard|T1(0-2)::ROUND::2026-09-06T20:15::FLT::6E|6E-381|11:15,CELL::DEL|PNQ|2026-09-07|Economy Standard|T1(0-2)::ROUND::2026-09-06T20:15,DEL,PNQ,2026-09-07,Economy Standard,T1(0-2),ROUND::2026-09-06T20:15,6E,6E-381,11:15,9736.50,2,Cleartrip;EaseMyTrip,Cleartrip=9719.00;EaseMyTrip=9754.00,9719.00,9754.00,35.00,0.003595,2,2,0,0,OBS02675;OBS02676
CELL::DEL|PNQ|2026-09-07|Economy Standard|T1(0-2)::ROUND::2026-09-06T20:15::FLT::QP|QP-1201|21:45,CELL::DEL|PNQ|2026-09-07|Economy Standard|T1(0-2)::ROUND::2026-09-06T20:15,DEL,PNQ,2026-09-07,Economy Standard,T1(0-2),ROUND::2026-09-06T20:15,QP,QP-1201,21:45,10025.50,2,Cleartrip;EaseMyTrip,Cleartrip=9989.00;EaseMyTrip=10062.00,9989.00,10062.00,73.00,0.007281,2,2,0,0,OBS02699;OBS02700
CELL::DEL|PNQ|2026-09-13|Economy Flexi|T7(5-9)::ROUND::2026-09-05T09:00::FLT::QP|QP-1201|21:45,CELL::DEL|PNQ|2026-09-13|Economy Flexi|T7(5-9)::ROUND::2026-09-05T09:00,DEL,PNQ,2026-09-13,Economy Flexi,T7(5-9),ROUND::2026-09-05T09:00,QP,QP-1201,21:45,10711.00,2,Goibibo;MMT,Goibibo=10880.00;MMT=10542.00,10542.00,10880.00,338.00,0.031556,2,2,0,0,OBS00157;OBS00158
CELL::DEL|PNQ|2026-09-13|Economy Flexi|T7(5-9)::ROUND::2026-09-05T14:30::FLT::6E|6E-381|11:15,CELL::DEL|PNQ|2026-09-13|Economy Flexi|T7(5-9)::ROUND::2026-09-05T14:30,DEL,PNQ,2026-09-13,Economy Flexi,T7(5-9),ROUND::2026-09-05T14:30,6E,6E-381,11:15,10362.00,2,EaseMyTrip;Goibibo,EaseMyTrip=9931.00;Goibibo=10793.00,9931.00,10793.00,862.00,0.083189,2,2,0,0,OBS00641;OBS00642
CELL::DEL|PNQ|2026-09-13|Economy Flexi|T7(5-9)::ROUND::2026-09-05T14:30::FLT::AI|AI-851|06:00,CELL::DEL|PNQ|2026-09-13|Economy Flexi|T7(5-9)::ROUND::2026-09-05T14:30,DEL,PNQ,2026-09-13,Economy Flexi,T7(5-9),ROUND::2026-09-05T14:30,AI,AI-851,06:00,10578.50,2,EaseMyTrip;MMT,EaseMyTrip=10410.00;MMT=10747.00,10410.00,10747.00,337.00,0.031857,2,2,0,0,OBS00653;OBS00654
CELL::DEL|PNQ|2026-09-13|Economy Flexi|T7(5-9)::ROUND::2026-09-05T14:30::FLT::QP|QP-1201|21:45,CELL::DEL|PNQ|2026-09-13|Economy Flexi|T7(5-9)::ROUND::2026-09-05T14:30,DEL,PNQ,2026-09-13,Economy Flexi,T7(5-9),ROUND::2026-09-05T14:30,QP,QP-1201,21:45,10657.00,1,MMT,MMT=10657.00,10657.00,10657.00,0.00,0.000000,1,1,0,0,OBS00664
CELL::DEL|PNQ|2026-09-13|Economy Flexi|T7(5-9)::ROUND::2026-09-05T20:15::FLT::AI|AI-851|06:00,CELL::DEL|PNQ|2026-09-13|Economy Flexi|T7(5-9)::ROUND::2026-09-05T20:15,DEL,PNQ,2026-09-13,Economy Flexi,T7(5-9),ROUND::2026-09-05T20:15,AI,AI-851,06:00,10638.00,2,AirlineSite;MMT,AirlineSite=10524.00;MMT=10752.00,10524.00,10752.00,228.00,0.021433,2,2,0,0,OBS01162;OBS01163
CELL::DEL|PNQ|2026-09-13|Economy Flexi|T7(5-9)::ROUND::2026-09-06T14:30::FLT::AI|AI-851|06:00,CELL::DEL|PNQ|2026-09-13|Economy Flexi|T7(5-9)::ROUND::2026-09-06T14:30,DEL,PNQ,2026-09-13,Economy Flexi,T7(5-9),ROUND::2026-09-06T14:30,AI,AI-851,06:00,10135.00,1,Goibibo,Goibibo=10135.00,10135.00,10135.00,0.00,0.000000,1,1,0,0,OBS02188
CELL::DEL|PNQ|2026-09-13|Economy Flexi|T7(5-9)::ROUND::2026-09-06T20:15::FLT::6E|6E-381|11:15,CELL::DEL|PNQ|2026-09-13|Economy Flexi|T7(5-9)::ROUND::2026-09-06T20:15,DEL,PNQ,2026-09-13,Economy Flexi,T7(5-9),ROUND::2026-09-06T20:15,6E,6E-381,11:15,10879.00,1,EaseMyTrip,EaseMyTrip=10879.00,10879.00,10879.00,0.00,0.000000,1,1,0,0,OBS02677
CELL::DEL|PNQ|2026-09-13|Economy Saver|T7(5-9)::ROUND::2026-09-05T09:00::FLT::AI|AI-851|06:00,CELL::DEL|PNQ|2026-09-13|Economy Saver|T7(5-9)::ROUND::2026-09-05T09:00,DEL,PNQ,2026-09-13,Economy Saver,T7(5-9),ROUND::2026-09-05T09:00,AI,AI-851,06:00,6367.00,1,MMT,MMT=6367.00,6367.00,6367.00,0.00,0.000000,1,1,0,0,OBS00147
CELL::DEL|PNQ|2026-09-13|Economy Saver|T7(5-9)::ROUND::2026-09-05T20:15::FLT::6E|6E-381|11:15,CELL::DEL|PNQ|2026-09-13|Economy Saver|T7(5-9)::ROUND::2026-09-05T20:15,DEL,PNQ,2026-09-13,Economy Saver,T7(5-9),ROUND::2026-09-05T20:15,6E,6E-381,11:15,6878.50,2,EaseMyTrip;Goibibo,EaseMyTrip=6874.00;Goibibo=6883.00,6874.00,6883.00,9.00,0.001308,2,2,0,0,OBS01151;OBS01152
CELL::DEL|PNQ|2026-09-13|Economy Saver|T7(5-9)::ROUND::2026-09-06T09:00::FLT::6E|6E-381|11:15,CELL::DEL|PNQ|2026-09-13|Economy Saver|T7(5-9)::ROUND::2026-09-06T09:00,DEL,PNQ,2026-09-13,Economy Saver,T7(5-9),ROUND::2026-09-06T09:00,6E,6E-381,11:15,6595.50,2,AirlineSite;MMT,AirlineSite=6583.00;MMT=6608.00,6583.00,6608.00,25.00,0.003790,2,2,0,0,OBS01675;OBS01676
CELL::DEL|PNQ|2026-09-13|Economy Saver|T7(5-9)::ROUND::2026-09-06T09:00::FLT::AI|AI-851|06:00,CELL::DEL|PNQ|2026-09-13|Economy Saver|T7(5-9)::ROUND::2026-09-06T09:00,DEL,PNQ,2026-09-13,Economy Saver,T7(5-9),ROUND::2026-09-06T09:00,AI,AI-851,06:00,7022.00,1,EaseMyTrip,EaseMyTrip=7022.00,7022.00,7022.00,0.00,0.000000,1,1,0,0,OBS01685
CELL::DEL|PNQ|2026-09-13|Economy Saver|T7(5-9)::ROUND::2026-09-06T09:00::FLT::QP|QP-1201|21:45,CELL::DEL|PNQ|2026-09-13|Economy Saver|T7(5-9)::ROUND::2026-09-06T09:00,DEL,PNQ,2026-09-13,Economy Saver,T7(5-9),ROUND::2026-09-06T09:00,QP,QP-1201,21:45,6652.00,2,AirlineSite;Cleartrip,AirlineSite=6541.00;Cleartrip=6763.00,6541.00,6763.00,222.00,0.033373,2,2,0,0,OBS01693;OBS01694
CELL::DEL|PNQ|2026-09-13|Economy Saver|T7(5-9)::ROUND::2026-09-06T14:30::FLT::6E|6E-381|11:15,CELL::DEL|PNQ|2026-09-13|Economy Saver|T7(5-9)::ROUND::2026-09-06T14:30,DEL,PNQ,2026-09-13,Economy Saver,T7(5-9),ROUND::2026-09-06T14:30,6E,6E-381,11:15,6732.50,2,Goibibo;MMT,Goibibo=6536.00;MMT=6929.00,6536.00,6929.00,393.00,0.058374,2,2,0,0,OBS02175;OBS02176
CELL::DEL|PNQ|2026-09-13|Economy Saver|T7(5-9)::ROUND::2026-09-06T14:30::FLT::AI|AI-851|06:00,CELL::DEL|PNQ|2026-09-13|Economy Saver|T7(5-9)::ROUND::2026-09-06T14:30,DEL,PNQ,2026-09-13,Economy Saver,T7(5-9),ROUND::2026-09-06T14:30,AI,AI-851,06:00,6792.00,1,MMT,MMT=6792.00,6792.00,6792.00,0.00,0.000000,1,1,0,0,OBS02187
CELL::DEL|PNQ|2026-09-13|Economy Saver|T7(5-9)::ROUND::2026-09-06T14:30::FLT::QP|QP-1201|21:45,CELL::DEL|PNQ|2026-09-13|Economy Saver|T7(5-9)::ROUND::2026-09-06T14:30,DEL,PNQ,2026-09-13,Economy Saver,T7(5-9),ROUND::2026-09-06T14:30,QP,QP-1201,21:45,6741.00,2,AirlineSite;Cleartrip,AirlineSite=6965.00;Cleartrip=6517.00,6517.00,6965.00,448.00,0.066459,2,2,0,0,OBS02197;OBS02198
CELL::DEL|PNQ|2026-09-13|Economy Saver|T7(5-9)::ROUND::2026-09-06T20:15::FLT::AI|AI-851|06:00,CELL::DEL|PNQ|2026-09-13|Economy Saver|T7(5-9)::ROUND::2026-09-06T20:15,DEL,PNQ,2026-09-13,Economy Saver,T7(5-9),ROUND::2026-09-06T20:15,AI,AI-851,06:00,6742.50,2,EaseMyTrip;MMT,EaseMyTrip=6574.00;MMT=6911.00,6574.00,6911.00,337.00,0.049981,2,2,0,0,OBS02689;OBS02690
CELL::DEL|PNQ|2026-09-13|Economy Saver|T7(5-9)::ROUND::2026-09-06T20:15::FLT::QP|QP-1201|21:45,CELL::DEL|PNQ|2026-09-13|Economy Saver|T7(5-9)::ROUND::2026-09-06T20:15,DEL,PNQ,2026-09-13,Economy Saver,T7(5-9),ROUND::2026-09-06T20:15,QP,QP-1201,21:45,6888.00,2,AirlineSite;MMT,AirlineSite=6981.00;MMT=6795.00,6795.00,6981.00,186.00,0.027003,2,2,0,0,OBS02702;OBS02703
CELL::DEL|PNQ|2026-09-13|Economy Standard|T7(5-9)::ROUND::2026-09-05T09:00::FLT::6E|6E-381|11:15,CELL::DEL|PNQ|2026-09-13|Economy Standard|T7(5-9)::ROUND::2026-09-05T09:00,DEL,PNQ,2026-09-13,Economy Standard,T7(5-9),ROUND::2026-09-05T09:00,6E,6E-381,11:15,8531.00,1,AirlineSite,AirlineSite=8531.00,8531.00,8531.00,0.00,0.000000,1,1,0,0,OBS00137
CELL::DEL|PNQ|2026-09-13|Economy Standard|T7(5-9)::ROUND::2026-09-05T09:00::FLT::QP|QP-1201|21:45,CELL::DEL|PNQ|2026-09-13|Economy Standard|T7(5-9)::ROUND::2026-09-05T09:00,DEL,PNQ,2026-09-13,Economy Standard,T7(5-9),ROUND::2026-09-05T09:00,QP,QP-1201,21:45,8565.50,2,Cleartrip;Goibibo,Cleartrip=8812.00;Goibibo=8319.00,8319.00,8812.00,493.00,0.057556,2,2,0,0,OBS00159;OBS00160
CELL::DEL|PNQ|2026-09-13|Economy Standard|T7(5-9)::ROUND::2026-09-05T14:30::FLT::QP|QP-1201|21:45,CELL::DEL|PNQ|2026-09-13|Economy Standard|T7(5-9)::ROUND::2026-09-05T14:30,DEL,PNQ,2026-09-13,Economy Standard,T7(5-9),ROUND::2026-09-05T14:30,QP,QP-1201,21:45,8584.00,2,AirlineSite;EaseMyTrip,AirlineSite=8915.00;EaseMyTrip=8253.00,8253.00,8915.00,662.00,0.077120,2,2,0,0,OBS00665;OBS00666
CELL::DEL|PNQ|2026-09-13|Economy Standard|T7(5-9)::ROUND::2026-09-05T20:15::FLT::6E|6E-381|11:15,CELL::DEL|PNQ|2026-09-13|Economy Standard|T7(5-9)::ROUND::2026-09-05T20:15,DEL,PNQ,2026-09-13,Economy Standard,T7(5-9),ROUND::2026-09-05T20:15,6E,6E-381,11:15,8261.00,1,Goibibo,Goibibo=8261.00,8261.00,8261.00,0.00,0.000000,1,1,0,0,OBS01150
CELL::DEL|PNQ|2026-09-13|Economy Standard|T7(5-9)::ROUND::2026-09-05T20:15::FLT::AI|AI-851|06:00,CELL::DEL|PNQ|2026-09-13|Economy Standard|T7(5-9)::ROUND::2026-09-05T20:15,DEL,PNQ,2026-09-13,Economy Standard,T7(5-9),ROUND::2026-09-05T20:15,AI,AI-851,06:00,8533.00,1,AirlineSite,AirlineSite=8533.00,8533.00,8533.00,0.00,0.000000,1,1,0,0,OBS01164
CELL::DEL|PNQ|2026-09-13|Economy Standard|T7(5-9)::ROUND::2026-09-05T20:15::FLT::QP|QP-1201|21:45,CELL::DEL|PNQ|2026-09-13|Economy Standard|T7(5-9)::ROUND::2026-09-05T20:15,DEL,PNQ,2026-09-13,Economy Standard,T7(5-9),ROUND::2026-09-05T20:15,QP,QP-1201,21:45,8480.00,2,Goibibo;MMT,Goibibo=8347.00;MMT=8613.00,8347.00,8613.00,266.00,0.031368,2,2,0,0,OBS01176;OBS01177
CELL::DEL|PNQ|2026-09-13|Economy Standard|T7(5-9)::ROUND::2026-09-06T09:00::FLT::6E|6E-381|11:15,CELL::DEL|PNQ|2026-09-13|Economy Standard|T7(5-9)::ROUND::2026-09-06T09:00,DEL,PNQ,2026-09-13,Economy Standard,T7(5-9),ROUND::2026-09-06T09:00,6E,6E-381,11:15,8640.50,2,Cleartrip;MMT,Cleartrip=8907.00;MMT=8374.00,8374.00,8907.00,533.00,0.061686,2,2,0,0,OBS01673;OBS01674
CELL::DEL|PNQ|2026-09-13|Economy Standard|T7(5-9)::ROUND::2026-09-06T09:00::FLT::AI|AI-851|06:00,CELL::DEL|PNQ|2026-09-13|Economy Standard|T7(5-9)::ROUND::2026-09-06T09:00,DEL,PNQ,2026-09-13,Economy Standard,T7(5-9),ROUND::2026-09-06T09:00,AI,AI-851,06:00,8609.00,1,Goibibo,Goibibo=8609.00,8609.00,8609.00,0.00,0.000000,1,1,0,0,OBS01686
CELL::DEL|PNQ|2026-09-13|Economy Standard|T7(5-9)::ROUND::2026-09-06T09:00::FLT::QP|QP-1201|21:45,CELL::DEL|PNQ|2026-09-13|Economy Standard|T7(5-9)::ROUND::2026-09-06T09:00,DEL,PNQ,2026-09-13,Economy Standard,T7(5-9),ROUND::2026-09-06T09:00,QP,QP-1201,21:45,8516.00,1,Goibibo,Goibibo=8516.00,8516.00,8516.00,0.00,0.000000,1,1,0,0,OBS01692
CELL::DEL|PNQ|2026-09-13|Economy Standard|T7(5-9)::ROUND::2026-09-06T14:30::FLT::QP|QP-1201|21:45,CELL::DEL|PNQ|2026-09-13|Economy Standard|T7(5-9)::ROUND::2026-09-06T14:30,DEL,PNQ,2026-09-13,Economy Standard,T7(5-9),ROUND::2026-09-06T14:30,QP,QP-1201,21:45,8385.00,1,Cleartrip,Cleartrip=8385.00,8385.00,8385.00,0.00,0.000000,1,1,0,0,OBS02199
CELL::DEL|PNQ|2026-09-13|Economy Standard|T7(5-9)::ROUND::2026-09-06T20:15::FLT::AI|AI-851|06:00,CELL::DEL|PNQ|2026-09-13|Economy Standard|T7(5-9)::ROUND::2026-09-06T20:15,DEL,PNQ,2026-09-13,Economy Standard,T7(5-9),ROUND::2026-09-06T20:15,AI,AI-851,06:00,8247.00,1,Goibibo,Goibibo=8247.00,8247.00,8247.00,0.00,0.000000,1,1,0,0,OBS02691
CELL::DEL|PNQ|2026-09-13|Economy Standard|T7(5-9)::ROUND::2026-09-06T20:15::FLT::QP|QP-1201|21:45,CELL::DEL|PNQ|2026-09-13|Economy Standard|T7(5-9)::ROUND::2026-09-06T20:15,DEL,PNQ,2026-09-13,Economy Standard,T7(5-9),ROUND::2026-09-06T20:15,QP,QP-1201,21:45,8792.00,1,MMT,MMT=8792.00,8792.00,8792.00,0.00,0.000000,1,1,0,0,OBS02704
CELL::DEL|PNQ|2026-09-13|Economy Standard|T7(5-9)::ROUND::2026-09-07T14:30::FLT::AI|AI-851|12:00,CELL::DEL|PNQ|2026-09-13|Economy Standard|T7(5-9)::ROUND::2026-09-07T14:30,DEL,PNQ,2026-09-13,Economy Standard,T7(5-9),ROUND::2026-09-07T14:30,AI,AI-851,12:00,8998.00,1,AirlineSite,AirlineSite=8998.00,8998.00,8998.00,0.00,0.000000,1,1,0,0,OBS02996
CELL::DEL|PNQ|2026-09-21|Economy Flexi|T15(12-18)::ROUND::2026-09-05T09:00::FLT::6E|6E-381|11:15,CELL::DEL|PNQ|2026-09-21|Economy Flexi|T15(12-18)::ROUND::2026-09-05T09:00,DEL,PNQ,2026-09-21,Economy Flexi,T15(12-18),ROUND::2026-09-05T09:00,6E,6E-381,11:15,8743.50,2,AirlineSite;EaseMyTrip,AirlineSite=8668.00;EaseMyTrip=8819.00,8668.00,8819.00,151.00,0.017270,2,2,0,0,OBS00140;OBS00141
CELL::DEL|PNQ|2026-09-21|Economy Flexi|T15(12-18)::ROUND::2026-09-05T09:00::FLT::QP|QP-1201|21:45,CELL::DEL|PNQ|2026-09-21|Economy Flexi|T15(12-18)::ROUND::2026-09-05T09:00,DEL,PNQ,2026-09-21,Economy Flexi,T15(12-18),ROUND::2026-09-05T09:00,QP,QP-1201,21:45,8652.50,2,AirlineSite;Goibibo,AirlineSite=8541.00;Goibibo=8764.00,8541.00,8764.00,223.00,0.025773,2,2,0,0,OBS00161;OBS00162
CELL::DEL|PNQ|2026-09-21|Economy Flexi|T15(12-18)::ROUND::2026-09-05T14:30::FLT::QP|QP-1201|21:45,CELL::DEL|PNQ|2026-09-21|Economy Flexi|T15(12-18)::ROUND::2026-09-05T14:30,DEL,PNQ,2026-09-21,Economy Flexi,T15(12-18),ROUND::2026-09-05T14:30,QP,QP-1201,21:45,8445.00,1,Goibibo,Goibibo=8445.00,8445.00,8445.00,0.00,0.000000,1,1,0,0,OBS00667
CELL::DEL|PNQ|2026-09-21|Economy Flexi|T15(12-18)::ROUND::2026-09-05T20:15::FLT::6E|6E-381|11:15,CELL::DEL|PNQ|2026-09-21|Economy Flexi|T15(12-18)::ROUND::2026-09-05T20:15,DEL,PNQ,2026-09-21,Economy Flexi,T15(12-18),ROUND::2026-09-05T20:15,6E,6E-381,11:15,8961.00,1,EaseMyTrip,EaseMyTrip=8961.00,8961.00,8961.00,0.00,0.000000,1,1,0,0,OBS01153
CELL::DEL|PNQ|2026-09-21|Economy Flexi|T15(12-18)::ROUND::2026-09-06T14:30::FLT::6E|6E-381|11:15,CELL::DEL|PNQ|2026-09-21|Economy Flexi|T15(12-18)::ROUND::2026-09-06T14:30,DEL,PNQ,2026-09-21,Economy Flexi,T15(12-18),ROUND::2026-09-06T14:30,6E,6E-381,11:15,9285.00,1,Cleartrip,Cleartrip=9285.00,9285.00,9285.00,0.00,0.000000,1,1,0,0,OBS02177
CELL::DEL|PNQ|2026-09-21|Economy Flexi|T15(12-18)::ROUND::2026-09-06T14:30::FLT::AI|AI-851|06:00,CELL::DEL|PNQ|2026-09-21|Economy Flexi|T15(12-18)::ROUND::2026-09-06T14:30,DEL,PNQ,2026-09-21,Economy Flexi,T15(12-18),ROUND::2026-09-06T14:30,AI,AI-851,06:00,8929.00,1,Cleartrip,Cleartrip=8929.00,8929.00,8929.00,0.00,0.000000,1,1,0,0,OBS02190
CELL::DEL|PNQ|2026-09-21|Economy Flexi|T15(12-18)::ROUND::2026-09-06T14:30::FLT::QP|QP-1201|21:45,CELL::DEL|PNQ|2026-09-21|Economy Flexi|T15(12-18)::ROUND::2026-09-06T14:30,DEL,PNQ,2026-09-21,Economy Flexi,T15(12-18),ROUND::2026-09-06T14:30,QP,QP-1201,21:45,8890.00,2,AirlineSite;EaseMyTrip,AirlineSite=9077.00;EaseMyTrip=8703.00,8703.00,9077.00,374.00,0.042070,2,2,0,0,OBS02200;OBS02201
CELL::DEL|PNQ|2026-09-21|Economy Flexi|T15(12-18)::ROUND::2026-09-06T20:15::FLT::6E|6E-381|11:15,CELL::DEL|PNQ|2026-09-21|Economy Flexi|T15(12-18)::ROUND::2026-09-06T20:15,DEL,PNQ,2026-09-21,Economy Flexi,T15(12-18),ROUND::2026-09-06T20:15,6E,6E-381,11:15,9307.00,1,Goibibo,Goibibo=9307.00,9307.00,9307.00,0.00,0.000000,1,1,0,0,OBS02678
CELL::DEL|PNQ|2026-09-21|Economy Flexi|T15(12-18)::ROUND::2026-09-06T20:15::FLT::QP|QP-1201|21:45,CELL::DEL|PNQ|2026-09-21|Economy Flexi|T15(12-18)::ROUND::2026-09-06T20:15,DEL,PNQ,2026-09-21,Economy Flexi,T15(12-18),ROUND::2026-09-06T20:15,QP,QP-1201,21:45,8917.00,1,Cleartrip,Cleartrip=8917.00,8917.00,8917.00,0.00,0.000000,1,1,0,0,OBS02705
CELL::DEL|PNQ|2026-09-21|Economy Saver|T15(12-18)::ROUND::2026-09-05T09:00::FLT::6E|6E-381|11:15,CELL::DEL|PNQ|2026-09-21|Economy Saver|T15(12-18)::ROUND::2026-09-05T09:00,DEL,PNQ,2026-09-21,Economy Saver,T15(12-18),ROUND::2026-09-05T09:00,6E,6E-381,11:15,5752.00,2,EaseMyTrip;Goibibo,EaseMyTrip=5910.00;Goibibo=5594.00,5594.00,5910.00,316.00,0.054937,2,2,0,0,OBS00138;OBS00139
CELL::DEL|PNQ|2026-09-21|Economy Saver|T15(12-18)::ROUND::2026-09-05T09:00::FLT::AI|AI-851|06:00,CELL::DEL|PNQ|2026-09-21|Economy Saver|T15(12-18)::ROUND::2026-09-05T09:00,DEL,PNQ,2026-09-21,Economy Saver,T15(12-18),ROUND::2026-09-05T09:00,AI,AI-851,06:00,5937.00,1,MMT,MMT=5937.00,5937.00,5937.00,0.00,0.000000,1,1,0,0,OBS00149
CELL::DEL|PNQ|2026-09-21|Economy Saver|T15(12-18)::ROUND::2026-09-05T14:30::FLT::6E|6E-381|11:15,CELL::DEL|PNQ|2026-09-21|Economy Saver|T15(12-18)::ROUND::2026-09-05T14:30,DEL,PNQ,2026-09-21,Economy Saver,T15(12-18),ROUND::2026-09-05T14:30,6E,6E-381,11:15,5569.00,1,EaseMyTrip,EaseMyTrip=5569.00,5569.00,5569.00,0.00,0.000000,1,1,0,0,OBS00643
CELL::DEL|PNQ|2026-09-21|Economy Saver|T15(12-18)::ROUND::2026-09-05T14:30::FLT::AI|AI-851|06:00,CELL::DEL|PNQ|2026-09-21|Economy Saver|T15(12-18)::ROUND::2026-09-05T14:30,DEL,PNQ,2026-09-21,Economy Saver,T15(12-18),ROUND::2026-09-05T14:30,AI,AI-851,06:00,5464.00,1,AirlineSite,AirlineSite=5464.00,5464.00,5464.00,0.00,0.000000,1,1,0,0,OBS00655
CELL::DEL|PNQ|2026-09-21|Economy Saver|T15(12-18)::ROUND::2026-09-05T20:15::FLT::6E|6E-381|11:15,CELL::DEL|PNQ|2026-09-21|Economy Saver|T15(12-18)::ROUND::2026-09-05T20:15,DEL,PNQ,2026-09-21,Economy Saver,T15(12-18),ROUND::2026-09-05T20:15,6E,6E-381,11:15,5487.00,1,MMT,MMT=5487.00,5487.00,5487.00,0.00,0.000000,1,1,0,0,OBS01154
CELL::DEL|PNQ|2026-09-21|Economy Saver|T15(12-18)::ROUND::2026-09-05T20:15::FLT::AI|AI-851|06:00,CELL::DEL|PNQ|2026-09-21|Economy Saver|T15(12-18)::ROUND::2026-09-05T20:15,DEL,PNQ,2026-09-21,Economy Saver,T15(12-18),ROUND::2026-09-05T20:15,AI,AI-851,06:00,5477.50,2,AirlineSite;EaseMyTrip,AirlineSite=5515.00;EaseMyTrip=5440.00,5440.00,5515.00,75.00,0.013692,2,2,0,0,OBS01165;OBS01166
CELL::DEL|PNQ|2026-09-21|Economy Saver|T15(12-18)::ROUND::2026-09-06T20:15::FLT::6E|6E-381|11:15,CELL::DEL|PNQ|2026-09-21|Economy Saver|T15(12-18)::ROUND::2026-09-06T20:15,DEL,PNQ,2026-09-21,Economy Saver,T15(12-18),ROUND::2026-09-06T20:15,6E,6E-381,11:15,5668.00,2,Cleartrip;MMT,Cleartrip=5742.00;MMT=5594.00,5594.00,5742.00,148.00,0.026112,2,2,0,0,OBS02679;OBS02680
CELL::DEL|PNQ|2026-09-21|Economy Saver|T15(12-18)::ROUND::2026-09-06T20:15::FLT::AI|AI-851|06:00,CELL::DEL|PNQ|2026-09-21|Economy Saver|T15(12-18)::ROUND::2026-09-06T20:15,DEL,PNQ,2026-09-21,Economy Saver,T15(12-18),ROUND::2026-09-06T20:15,AI,AI-851,06:00,5714.50,2,Goibibo;MMT,Goibibo=5647.00;MMT=5782.00,5647.00,5782.00,135.00,0.023624,2,2,0,0,OBS02692;OBS02693
CELL::DEL|PNQ|2026-09-21|Economy Standard|T15(12-18)::ROUND::2026-09-05T09:00::FLT::AI|AI-851|06:00,CELL::DEL|PNQ|2026-09-21|Economy Standard|T15(12-18)::ROUND::2026-09-05T09:00,DEL,PNQ,2026-09-21,Economy Standard,T15(12-18),ROUND::2026-09-05T09:00,AI,AI-851,06:00,7404.00,1,Cleartrip,Cleartrip=7404.00,7404.00,7404.00,0.00,0.000000,1,1,0,0,OBS00148
CELL::DEL|PNQ|2026-09-21|Economy Standard|T15(12-18)::ROUND::2026-09-05T09:00::FLT::QP|QP-1201|21:45,CELL::DEL|PNQ|2026-09-21|Economy Standard|T15(12-18)::ROUND::2026-09-05T09:00,DEL,PNQ,2026-09-21,Economy Standard,T15(12-18),ROUND::2026-09-05T09:00,QP,QP-1201,21:45,7271.50,2,AirlineSite;EaseMyTrip,AirlineSite=7153.00;EaseMyTrip=7390.00,7153.00,7390.00,237.00,0.032593,2,2,0,0,OBS00163;OBS00164
CELL::DEL|PNQ|2026-09-21|Economy Standard|T15(12-18)::ROUND::2026-09-05T14:30::FLT::6E|6E-381|11:15,CELL::DEL|PNQ|2026-09-21|Economy Standard|T15(12-18)::ROUND::2026-09-05T14:30,DEL,PNQ,2026-09-21,Economy Standard,T15(12-18),ROUND::2026-09-05T14:30,6E,6E-381,11:15,7427.00,1,Goibibo,Goibibo=7427.00,7427.00,7427.00,0.00,0.000000,1,1,0,0,OBS00644
CELL::DEL|PNQ|2026-09-21|Economy Standard|T15(12-18)::ROUND::2026-09-05T14:30::FLT::AI|AI-851|06:00,CELL::DEL|PNQ|2026-09-21|Economy Standard|T15(12-18)::ROUND::2026-09-05T14:30,DEL,PNQ,2026-09-21,Economy Standard,T15(12-18),ROUND::2026-09-05T14:30,AI,AI-851,06:00,7198.00,1,AirlineSite,AirlineSite=7198.00,7198.00,7198.00,0.00,0.000000,1,1,0,0,OBS00656
CELL::DEL|PNQ|2026-09-21|Economy Standard|T15(12-18)::ROUND::2026-09-05T20:15::FLT::QP|QP-1201|21:45,CELL::DEL|PNQ|2026-09-21|Economy Standard|T15(12-18)::ROUND::2026-09-05T20:15,DEL,PNQ,2026-09-21,Economy Standard,T15(12-18),ROUND::2026-09-05T20:15,QP,QP-1201,21:45,7478.00,1,AirlineSite,AirlineSite=7478.00,7478.00,7478.00,0.00,0.000000,1,1,0,0,OBS01178
CELL::DEL|PNQ|2026-09-21|Economy Standard|T15(12-18)::ROUND::2026-09-06T09:00::FLT::6E|6E-381|11:15,CELL::DEL|PNQ|2026-09-21|Economy Standard|T15(12-18)::ROUND::2026-09-06T09:00,DEL,PNQ,2026-09-21,Economy Standard,T15(12-18),ROUND::2026-09-06T09:00,6E,6E-381,11:15,7342.50,2,AirlineSite;Cleartrip,AirlineSite=7605.00;Cleartrip=7080.00,7080.00,7605.00,525.00,0.071502,2,2,0,0,OBS01677;OBS01678
CELL::DEL|PNQ|2026-09-21|Economy Standard|T15(12-18)::ROUND::2026-09-06T09:00::FLT::AI|AI-851|06:00,CELL::DEL|PNQ|2026-09-21|Economy Standard|T15(12-18)::ROUND::2026-09-06T09:00,DEL,PNQ,2026-09-21,Economy Standard,T15(12-18),ROUND::2026-09-06T09:00,AI,AI-851,06:00,7452.00,1,Goibibo,Goibibo=7452.00,7452.00,7452.00,0.00,0.000000,1,1,0,0,OBS01687
CELL::DEL|PNQ|2026-09-21|Economy Standard|T15(12-18)::ROUND::2026-09-06T09:00::FLT::QP|QP-1201|21:45,CELL::DEL|PNQ|2026-09-21|Economy Standard|T15(12-18)::ROUND::2026-09-06T09:00,DEL,PNQ,2026-09-21,Economy Standard,T15(12-18),ROUND::2026-09-06T09:00,QP,QP-1201,21:45,7528.00,2,EaseMyTrip;MMT,EaseMyTrip=7595.00;MMT=7461.00,7461.00,7595.00,134.00,0.017800,2,2,0,0,OBS01695;OBS01696
CELL::DEL|PNQ|2026-09-21|Economy Standard|T15(12-18)::ROUND::2026-09-06T14:30::FLT::AI|AI-851|06:00,CELL::DEL|PNQ|2026-09-21|Economy Standard|T15(12-18)::ROUND::2026-09-06T14:30,DEL,PNQ,2026-09-21,Economy Standard,T15(12-18),ROUND::2026-09-06T14:30,AI,AI-851,06:00,7077.00,1,EaseMyTrip,EaseMyTrip=7077.00,7077.00,7077.00,0.00,0.000000,1,1,0,0,OBS02189
CELL::DEL|PNQ|2026-09-21|Economy Standard|T15(12-18)::ROUND::2026-09-06T14:30::FLT::QP|QP-1201|21:45,CELL::DEL|PNQ|2026-09-21|Economy Standard|T15(12-18)::ROUND::2026-09-06T14:30,DEL,PNQ,2026-09-21,Economy Standard,T15(12-18),ROUND::2026-09-06T14:30,QP,QP-1201,21:45,7173.00,1,EaseMyTrip,EaseMyTrip=7173.00,7173.00,7173.00,0.00,0.000000,1,1,0,0,OBS02202
CELL::DEL|PNQ|2026-09-21|Economy Standard|T15(12-18)::ROUND::2026-09-06T20:15::FLT::AI|AI-851|06:00,CELL::DEL|PNQ|2026-09-21|Economy Standard|T15(12-18)::ROUND::2026-09-06T20:15,DEL,PNQ,2026-09-21,Economy Standard,T15(12-18),ROUND::2026-09-06T20:15,AI,AI-851,06:00,7445.00,1,MMT,MMT=7445.00,7445.00,7445.00,0.00,0.000000,1,1,0,0,OBS02694
CELL::DEL|PNQ|2026-10-06|Economy Flexi|T30(25-35)::ROUND::2026-09-05T09:00::FLT::QP|QP-1201|21:45,CELL::DEL|PNQ|2026-10-06|Economy Flexi|T30(25-35)::ROUND::2026-09-05T09:00,DEL,PNQ,2026-10-06,Economy Flexi,T30(25-35),ROUND::2026-09-05T09:00,QP,QP-1201,21:45,7949.50,2,EaseMyTrip;Goibibo,EaseMyTrip=8064.00;Goibibo=7835.00,7835.00,8064.00,229.00,0.028807,2,2,0,0,OBS00165;OBS00166
CELL::DEL|PNQ|2026-10-06|Economy Flexi|T30(25-35)::ROUND::2026-09-05T14:30::FLT::6E|6E-381|11:15,CELL::DEL|PNQ|2026-10-06|Economy Flexi|T30(25-35)::ROUND::2026-09-05T14:30,DEL,PNQ,2026-10-06,Economy Flexi,T30(25-35),ROUND::2026-09-05T14:30,6E,6E-381,11:15,7798.00,2,Cleartrip;EaseMyTrip,Cleartrip=7697.00;EaseMyTrip=7899.00,7697.00,7899.00,202.00,0.025904,2,2,0,0,OBS00645;OBS00646
CELL::DEL|PNQ|2026-10-06|Economy Flexi|T30(25-35)::ROUND::2026-09-05T14:30::FLT::AI|AI-851|06:00,CELL::DEL|PNQ|2026-10-06|Economy Flexi|T30(25-35)::ROUND::2026-09-05T14:30,DEL,PNQ,2026-10-06,Economy Flexi,T30(25-35),ROUND::2026-09-05T14:30,AI,AI-851,06:00,8185.00,1,Cleartrip,Cleartrip=8185.00,8185.00,8185.00,0.00,0.000000,1,1,0,0,OBS00657
CELL::DEL|PNQ|2026-10-06|Economy Flexi|T30(25-35)::ROUND::2026-09-05T20:15::FLT::AI|AI-851|06:00,CELL::DEL|PNQ|2026-10-06|Economy Flexi|T30(25-35)::ROUND::2026-09-05T20:15,DEL,PNQ,2026-10-06,Economy Flexi,T30(25-35),ROUND::2026-09-05T20:15,AI,AI-851,06:00,7812.00,2,Cleartrip;MMT,Cleartrip=7842.00;MMT=7782.00,7782.00,7842.00,60.00,0.007680,2,2,0,0,OBS01167;OBS01168
CELL::DEL|PNQ|2026-10-06|Economy Flexi|T30(25-35)::ROUND::2026-09-06T09:00::FLT::QP|QP-1201|21:45,CELL::DEL|PNQ|2026-10-06|Economy Flexi|T30(25-35)::ROUND::2026-09-06T09:00,DEL,PNQ,2026-10-06,Economy Flexi,T30(25-35),ROUND::2026-09-06T09:00,QP,QP-1201,21:45,8383.50,2,Cleartrip;Goibibo,Cleartrip=8427.00;Goibibo=8340.00,8340.00,8427.00,87.00,0.010378,2,2,0,0,OBS01697;OBS01698
CELL::DEL|PNQ|2026-10-06|Economy Saver|T30(25-35)::ROUND::2026-09-05T09:00::FLT::6E|6E-381|11:15,CELL::DEL|PNQ|2026-10-06|Economy Saver|T30(25-35)::ROUND::2026-09-05T09:00,DEL,PNQ,2026-10-06,Economy Saver,T30(25-35),ROUND::2026-09-05T09:00,6E,6E-381,11:15,5128.00,2,AirlineSite;MMT,AirlineSite=4997.00;MMT=5259.00,4997.00,5259.00,262.00,0.051092,2,2,0,0,OBS00142;OBS00143
CELL::DEL|PNQ|2026-10-06|Economy Saver|T30(25-35)::ROUND::2026-09-05T14:30::FLT::AI|AI-851|06:00,CELL::DEL|PNQ|2026-10-06|Economy Saver|T30(25-35)::ROUND::2026-09-05T14:30,DEL,PNQ,2026-10-06,Economy Saver,T30(25-35),ROUND::2026-09-05T14:30,AI,AI-851,06:00,4951.00,1,AirlineSite,AirlineSite=4951.00,4951.00,4951.00,0.00,0.000000,1,1,0,0,OBS00658
CELL::DEL|PNQ|2026-10-06|Economy Saver|T30(25-35)::ROUND::2026-09-05T20:15::FLT::6E|6E-381|11:15,CELL::DEL|PNQ|2026-10-06|Economy Saver|T30(25-35)::ROUND::2026-09-05T20:15,DEL,PNQ,2026-10-06,Economy Saver,T30(25-35),ROUND::2026-09-05T20:15,6E,6E-381,11:15,5143.00,1,Cleartrip,Cleartrip=5143.00,5143.00,5143.00,0.00,0.000000,1,1,0,0,OBS01157
CELL::DEL|PNQ|2026-10-06|Economy Saver|T30(25-35)::ROUND::2026-09-06T09:00::FLT::6E|6E-381|11:15,CELL::DEL|PNQ|2026-10-06|Economy Saver|T30(25-35)::ROUND::2026-09-06T09:00,DEL,PNQ,2026-10-06,Economy Saver,T30(25-35),ROUND::2026-09-06T09:00,6E,6E-381,11:15,5342.00,1,AirlineSite,AirlineSite=5342.00,5342.00,5342.00,0.00,0.000000,1,1,0,0,OBS01679
CELL::DEL|PNQ|2026-10-06|Economy Saver|T30(25-35)::ROUND::2026-09-06T09:00::FLT::AI|AI-851|06:00,CELL::DEL|PNQ|2026-10-06|Economy Saver|T30(25-35)::ROUND::2026-09-06T09:00,DEL,PNQ,2026-10-06,Economy Saver,T30(25-35),ROUND::2026-09-06T09:00,AI,AI-851,06:00,5153.00,1,AirlineSite,AirlineSite=5153.00,5153.00,5153.00,0.00,0.000000,1,1,0,0,OBS01688
CELL::DEL|PNQ|2026-10-06|Economy Saver|T30(25-35)::ROUND::2026-09-06T14:30::FLT::6E|6E-381|11:15,CELL::DEL|PNQ|2026-10-06|Economy Saver|T30(25-35)::ROUND::2026-09-06T14:30,DEL,PNQ,2026-10-06,Economy Saver,T30(25-35),ROUND::2026-09-06T14:30,6E,6E-381,11:15,5225.50,2,AirlineSite;Cleartrip,AirlineSite=5121.00;Cleartrip=5330.00,5121.00,5330.00,209.00,0.039996,2,2,0,0,OBS02178;OBS02179
CELL::DEL|PNQ|2026-10-06|Economy Saver|T30(25-35)::ROUND::2026-09-06T20:15::FLT::6E|6E-381|11:15,CELL::DEL|PNQ|2026-10-06|Economy Saver|T30(25-35)::ROUND::2026-09-06T20:15,DEL,PNQ,2026-10-06,Economy Saver,T30(25-35),ROUND::2026-09-06T20:15,6E,6E-381,11:15,4962.00,2,AirlineSite;Goibibo,AirlineSite=4887.00;Goibibo=5037.00,4887.00,5037.00,150.00,0.030230,2,2,0,0,OBS02681;OBS02682
CELL::DEL|PNQ|2026-10-06|Economy Saver|T30(25-35)::ROUND::2026-09-06T20:15::FLT::AI|AI-851|06:00,CELL::DEL|PNQ|2026-10-06|Economy Saver|T30(25-35)::ROUND::2026-09-06T20:15,DEL,PNQ,2026-10-06,Economy Saver,T30(25-35),ROUND::2026-09-06T20:15,AI,AI-851,06:00,5424.00,1,AirlineSite,AirlineSite=5424.00,5424.00,5424.00,0.00,0.000000,1,1,0,0,OBS02695
CELL::DEL|PNQ|2026-10-06|Economy Standard|T30(25-35)::ROUND::2026-09-05T09:00::FLT::AI|AI-851|06:00,CELL::DEL|PNQ|2026-10-06|Economy Standard|T30(25-35)::ROUND::2026-09-05T09:00,DEL,PNQ,2026-10-06,Economy Standard,T30(25-35),ROUND::2026-09-05T09:00,AI,AI-851,06:00,6380.00,1,EaseMyTrip,EaseMyTrip=6380.00,6380.00,6380.00,0.00,0.000000,1,1,0,0,OBS00150
CELL::DEL|PNQ|2026-10-06|Economy Standard|T30(25-35)::ROUND::2026-09-05T14:30::FLT::6E|6E-381|11:15,CELL::DEL|PNQ|2026-10-06|Economy Standard|T30(25-35)::ROUND::2026-09-05T14:30,DEL,PNQ,2026-10-06,Economy Standard,T30(25-35),ROUND::2026-09-05T14:30,6E,6E-381,11:15,6838.00,1,AirlineSite,AirlineSite=6838.00,6838.00,6838.00,0.00,0.000000,1,1,0,0,OBS00647
CELL::DEL|PNQ|2026-10-06|Economy Standard|T30(25-35)::ROUND::2026-09-05T14:30::FLT::QP|QP-1201|21:45,CELL::DEL|PNQ|2026-10-06|Economy Standard|T30(25-35)::ROUND::2026-09-05T14:30,DEL,PNQ,2026-10-06,Economy Standard,T30(25-35),ROUND::2026-09-05T14:30,QP,QP-1201,21:45,6671.50,2,AirlineSite;MMT,AirlineSite=6552.00;MMT=6791.00,6552.00,6791.00,239.00,0.035824,2,2,0,0,OBS00668;OBS00669
CELL::DEL|PNQ|2026-10-06|Economy Standard|T30(25-35)::ROUND::2026-09-05T20:15::FLT::6E|6E-381|11:15,CELL::DEL|PNQ|2026-10-06|Economy Standard|T30(25-35)::ROUND::2026-09-05T20:15,DEL,PNQ,2026-10-06,Economy Standard,T30(25-35),ROUND::2026-09-05T20:15,6E,6E-381,11:15,6767.50,2,AirlineSite;MMT,AirlineSite=6717.00;MMT=6818.00,6717.00,6818.00,101.00,0.014924,2,2,0,0,OBS01155;OBS01156
CELL::DEL|PNQ|2026-10-06|Economy Standard|T30(25-35)::ROUND::2026-09-05T20:15::FLT::QP|QP-1201|21:45,CELL::DEL|PNQ|2026-10-06|Economy Standard|T30(25-35)::ROUND::2026-09-05T20:15,DEL,PNQ,2026-10-06,Economy Standard,T30(25-35),ROUND::2026-09-05T20:15,QP,QP-1201,21:45,6397.00,2,EaseMyTrip;Goibibo,EaseMyTrip=6409.00;Goibibo=6385.00,6385.00,6409.00,24.00,0.003752,2,2,0,0,OBS01179;OBS01180
CELL::DEL|PNQ|2026-10-06|Economy Standard|T30(25-35)::ROUND::2026-09-06T09:00::FLT::6E|6E-381|11:15,CELL::DEL|PNQ|2026-10-06|Economy Standard|T30(25-35)::ROUND::2026-09-06T09:00,DEL,PNQ,2026-10-06,Economy Standard,T30(25-35),ROUND::2026-09-06T09:00,6E,6E-381,11:15,6712.00,2,AirlineSite;Goibibo,AirlineSite=6586.00;Goibibo=6838.00,6586.00,6838.00,252.00,0.037545,2,2,0,0,OBS01680;OBS01681
CELL::DEL|PNQ|2026-10-06|Economy Standard|T30(25-35)::ROUND::2026-09-06T14:30::FLT::AI|AI-851|06:00,CELL::DEL|PNQ|2026-10-06|Economy Standard|T30(25-35)::ROUND::2026-09-06T14:30,DEL,PNQ,2026-10-06,Economy Standard,T30(25-35),ROUND::2026-09-06T14:30,AI,AI-851,06:00,6414.00,1,AirlineSite,AirlineSite=6414.00,6414.00,6414.00,0.00,0.000000,1,1,0,0,OBS02191
CELL::DEL|PNQ|2026-10-06|Economy Standard|T30(25-35)::ROUND::2026-09-06T14:30::FLT::QP|QP-1201|21:45,CELL::DEL|PNQ|2026-10-06|Economy Standard|T30(25-35)::ROUND::2026-09-06T14:30,DEL,PNQ,2026-10-06,Economy Standard,T30(25-35),ROUND::2026-09-06T14:30,QP,QP-1201,21:45,6743.00,1,EaseMyTrip,EaseMyTrip=6743.00,6743.00,6743.00,0.00,0.000000,1,1,0,0,OBS02203
CELL::DEL|PNQ|2026-10-06|Economy Standard|T30(25-35)::ROUND::2026-09-06T20:15::FLT::6E|6E-381|11:15,CELL::DEL|PNQ|2026-10-06|Economy Standard|T30(25-35)::ROUND::2026-09-06T20:15,DEL,PNQ,2026-10-06,Economy Standard,T30(25-35),ROUND::2026-09-06T20:15,6E,6E-381,11:15,6692.00,2,Cleartrip;MMT,Cleartrip=6808.00;MMT=6576.00,6576.00,6808.00,232.00,0.034668,2,2,0,0,OBS02683;OBS02684
CELL::DEL|PNQ|2026-10-06|Economy Standard|T30(25-35)::ROUND::2026-09-06T20:15::FLT::QP|QP-1201|21:45,CELL::DEL|PNQ|2026-10-06|Economy Standard|T30(25-35)::ROUND::2026-09-06T20:15,DEL,PNQ,2026-10-06,Economy Standard,T30(25-35),ROUND::2026-09-06T20:15,QP,QP-1201,21:45,6834.00,1,MMT,MMT=6834.00,6834.00,6834.00,0.00,0.000000,1,1,0,0,OBS02706
CELL::DEL|PNQ|2026-10-22|Economy Flexi|T45(40-50)::ROUND::2026-09-05T09:00::FLT::6E|6E-381|11:15,CELL::DEL|PNQ|2026-10-22|Economy Flexi|T45(40-50)::ROUND::2026-09-05T09:00,DEL,PNQ,2026-10-22,Economy Flexi,T45(40-50),ROUND::2026-09-05T09:00,6E,6E-381,11:15,8152.50,2,EaseMyTrip;Goibibo,EaseMyTrip=8397.00;Goibibo=7908.00,7908.00,8397.00,489.00,0.059982,2,2,0,0,OBS00144;OBS00145
CELL::DEL|PNQ|2026-10-22|Economy Flexi|T45(40-50)::ROUND::2026-09-05T09:00::FLT::AI|AI-851|06:00,CELL::DEL|PNQ|2026-10-22|Economy Flexi|T45(40-50)::ROUND::2026-09-05T09:00,DEL,PNQ,2026-10-22,Economy Flexi,T45(40-50),ROUND::2026-09-05T09:00,AI,AI-851,06:00,8081.50,2,AirlineSite;Goibibo,AirlineSite=8172.00;Goibibo=7991.00,7991.00,8172.00,181.00,0.022397,2,2,0,0,OBS00152;OBS00153
CELL::DEL|PNQ|2026-10-22|Economy Flexi|T45(40-50)::ROUND::2026-09-05T14:30::FLT::AI|AI-851|06:00,CELL::DEL|PNQ|2026-10-22|Economy Flexi|T45(40-50)::ROUND::2026-09-05T14:30,DEL,PNQ,2026-10-22,Economy Flexi,T45(40-50),ROUND::2026-09-05T14:30,AI,AI-851,06:00,8144.00,2,AirlineSite;Cleartrip,AirlineSite=8205.00;Cleartrip=8083.00,8083.00,8205.00,122.00,0.014980,2,2,0,0,OBS00659;OBS00660
CELL::DEL|PNQ|2026-10-22|Economy Flexi|T45(40-50)::ROUND::2026-09-05T20:15::FLT::AI|AI-851|06:00,CELL::DEL|PNQ|2026-10-22|Economy Flexi|T45(40-50)::ROUND::2026-09-05T20:15,DEL,PNQ,2026-10-22,Economy Flexi,T45(40-50),ROUND::2026-09-05T20:15,AI,AI-851,06:00,8106.00,2,EaseMyTrip;MMT,EaseMyTrip=8422.00;MMT=7790.00,7790.00,8422.00,632.00,0.077967,2,2,0,0,OBS01169;OBS01170
CELL::DEL|PNQ|2026-10-22|Economy Flexi|T45(40-50)::ROUND::2026-09-05T20:15::FLT::QP|QP-1201|21:45,CELL::DEL|PNQ|2026-10-22|Economy Flexi|T45(40-50)::ROUND::2026-09-05T20:15,DEL,PNQ,2026-10-22,Economy Flexi,T45(40-50),ROUND::2026-09-05T20:15,QP,QP-1201,21:45,7778.50,2,AirlineSite;Goibibo,AirlineSite=7930.00;Goibibo=7627.00,7627.00,7930.00,303.00,0.038954,2,2,0,0,OBS01182;OBS01183
CELL::DEL|PNQ|2026-10-22|Economy Flexi|T45(40-50)::ROUND::2026-09-06T09:00::FLT::AI|AI-851|06:00,CELL::DEL|PNQ|2026-10-22|Economy Flexi|T45(40-50)::ROUND::2026-09-06T09:00,DEL,PNQ,2026-10-22,Economy Flexi,T45(40-50),ROUND::2026-09-06T09:00,AI,AI-851,06:00,7856.00,1,EaseMyTrip,EaseMyTrip=7856.00,7856.00,7856.00,0.00,0.000000,1,1,0,0,OBS01689
CELL::DEL|PNQ|2026-10-22|Economy Flexi|T45(40-50)::ROUND::2026-09-06T09:00::FLT::QP|QP-1201|21:45,CELL::DEL|PNQ|2026-10-22|Economy Flexi|T45(40-50)::ROUND::2026-09-06T09:00,DEL,PNQ,2026-10-22,Economy Flexi,T45(40-50),ROUND::2026-09-06T09:00,QP,QP-1201,21:45,8027.00,2,AirlineSite;MMT,AirlineSite=7960.00;MMT=8094.00,7960.00,8094.00,134.00,0.016694,2,2,0,0,OBS01700;OBS01701
CELL::DEL|PNQ|2026-10-22|Economy Flexi|T45(40-50)::ROUND::2026-09-06T14:30::FLT::6E|6E-381|11:15,CELL::DEL|PNQ|2026-10-22|Economy Flexi|T45(40-50)::ROUND::2026-09-06T14:30,DEL,PNQ,2026-10-22,Economy Flexi,T45(40-50),ROUND::2026-09-06T14:30,6E,6E-381,11:15,7955.00,1,EaseMyTrip,EaseMyTrip=7955.00,7955.00,7955.00,0.00,0.000000,1,1,0,0,OBS02180
CELL::DEL|PNQ|2026-10-22|Economy Flexi|T45(40-50)::ROUND::2026-09-06T14:30::FLT::AI|AI-851|06:00,CELL::DEL|PNQ|2026-10-22|Economy Flexi|T45(40-50)::ROUND::2026-09-06T14:30,DEL,PNQ,2026-10-22,Economy Flexi,T45(40-50),ROUND::2026-09-06T14:30,AI,AI-851,06:00,8259.00,1,Goibibo,Goibibo=8259.00,8259.00,8259.00,0.00,0.000000,1,1,0,0,OBS02192
CELL::DEL|PNQ|2026-10-22|Economy Flexi|T45(40-50)::ROUND::2026-09-06T20:15::FLT::6E|6E-381|11:15,CELL::DEL|PNQ|2026-10-22|Economy Flexi|T45(40-50)::ROUND::2026-09-06T20:15,DEL,PNQ,2026-10-22,Economy Flexi,T45(40-50),ROUND::2026-09-06T20:15,6E,6E-381,11:15,7757.00,1,MMT,MMT=7757.00,7757.00,7757.00,0.00,0.000000,1,1,0,0,OBS02685
CELL::DEL|PNQ|2026-10-22|Economy Flexi|T45(40-50)::ROUND::2026-09-06T20:15::FLT::AI|AI-851|06:00,CELL::DEL|PNQ|2026-10-22|Economy Flexi|T45(40-50)::ROUND::2026-09-06T20:15,DEL,PNQ,2026-10-22,Economy Flexi,T45(40-50),ROUND::2026-09-06T20:15,AI,AI-851,06:00,8175.50,2,EaseMyTrip;MMT,EaseMyTrip=7907.00;MMT=8444.00,7907.00,8444.00,537.00,0.065684,2,2,0,0,OBS02696;OBS02697
CELL::DEL|PNQ|2026-10-22|Economy Saver|T45(40-50)::ROUND::2026-09-05T09:00::FLT::AI|AI-851|06:00,CELL::DEL|PNQ|2026-10-22|Economy Saver|T45(40-50)::ROUND::2026-09-05T09:00,DEL,PNQ,2026-10-22,Economy Saver,T45(40-50),ROUND::2026-09-05T09:00,AI,AI-851,06:00,5351.00,1,MMT,MMT=5351.00,5351.00,5351.00,0.00,0.000000,1,1,0,0,OBS00151
CELL::DEL|PNQ|2026-10-22|Economy Saver|T45(40-50)::ROUND::2026-09-05T14:30::FLT::QP|QP-1201|21:45,CELL::DEL|PNQ|2026-10-22|Economy Saver|T45(40-50)::ROUND::2026-09-05T14:30,DEL,PNQ,2026-10-22,Economy Saver,T45(40-50),ROUND::2026-09-05T14:30,QP,QP-1201,21:45,4985.00,1,Cleartrip,Cleartrip=4985.00,4985.00,4985.00,0.00,0.000000,1,1,0,0,OBS00670
CELL::DEL|PNQ|2026-10-22|Economy Saver|T45(40-50)::ROUND::2026-09-05T20:15::FLT::AI|AI-851|06:00,CELL::DEL|PNQ|2026-10-22|Economy Saver|T45(40-50)::ROUND::2026-09-05T20:15,DEL,PNQ,2026-10-22,Economy Saver,T45(40-50),ROUND::2026-09-05T20:15,AI,AI-851,06:00,5227.00,1,MMT,MMT=5227.00,5227.00,5227.00,0.00,0.000000,1,1,0,0,OBS01171
CELL::DEL|PNQ|2026-10-22|Economy Saver|T45(40-50)::ROUND::2026-09-06T09:00::FLT::6E|6E-381|11:15,CELL::DEL|PNQ|2026-10-22|Economy Saver|T45(40-50)::ROUND::2026-09-06T09:00,DEL,PNQ,2026-10-22,Economy Saver,T45(40-50),ROUND::2026-09-06T09:00,6E,6E-381,11:15,5241.00,1,Cleartrip,Cleartrip=5241.00,5241.00,5241.00,0.00,0.000000,1,1,0,0,OBS01683
CELL::DEL|PNQ|2026-10-22|Economy Saver|T45(40-50)::ROUND::2026-09-06T14:30::FLT::6E|6E-381|11:15,CELL::DEL|PNQ|2026-10-22|Economy Saver|T45(40-50)::ROUND::2026-09-06T14:30,DEL,PNQ,2026-10-22,Economy Saver,T45(40-50),ROUND::2026-09-06T14:30,6E,6E-381,11:15,5154.50,2,Goibibo;MMT,Goibibo=5136.00;MMT=5173.00,5136.00,5173.00,37.00,0.007178,2,2,0,0,OBS02181;OBS02182
CELL::DEL|PNQ|2026-10-22|Economy Saver|T45(40-50)::ROUND::2026-09-06T14:30::FLT::6E|6E-381|12:00,CELL::DEL|PNQ|2026-10-22|Economy Saver|T45(40-50)::ROUND::2026-09-06T14:30,DEL,PNQ,2026-10-22,Economy Saver,T45(40-50),ROUND::2026-09-06T14:30,6E,6E-381,12:00,4934.00,1,AirlineSite,AirlineSite=4934.00,4934.00,4934.00,0.00,0.000000,1,1,0,0,OBS02983
CELL::DEL|PNQ|2026-10-22|Economy Saver|T45(40-50)::ROUND::2026-09-06T14:30::FLT::AI|AI-851|06:00,CELL::DEL|PNQ|2026-10-22|Economy Saver|T45(40-50)::ROUND::2026-09-06T14:30,DEL,PNQ,2026-10-22,Economy Saver,T45(40-50),ROUND::2026-09-06T14:30,AI,AI-851,06:00,5321.00,1,AirlineSite,AirlineSite=5321.00,5321.00,5321.00,0.00,0.000000,1,1,0,0,OBS02193
CELL::DEL|PNQ|2026-10-22|Economy Saver|T45(40-50)::ROUND::2026-09-06T14:30::FLT::QP|QP-1201|21:45,CELL::DEL|PNQ|2026-10-22|Economy Saver|T45(40-50)::ROUND::2026-09-06T14:30,DEL,PNQ,2026-10-22,Economy Saver,T45(40-50),ROUND::2026-09-06T14:30,QP,QP-1201,21:45,5273.00,1,Cleartrip,Cleartrip=5273.00,5273.00,5273.00,0.00,0.000000,1,1,0,0,OBS02205
CELL::DEL|PNQ|2026-10-22|Economy Saver|T45(40-50)::ROUND::2026-09-06T20:15::FLT::6E|6E-381|11:15,CELL::DEL|PNQ|2026-10-22|Economy Saver|T45(40-50)::ROUND::2026-09-06T20:15,DEL,PNQ,2026-10-22,Economy Saver,T45(40-50),ROUND::2026-09-06T20:15,6E,6E-381,11:15,5122.00,1,AirlineSite,AirlineSite=5122.00,5122.00,5122.00,0.00,0.000000,1,1,0,0,OBS02686
CELL::DEL|PNQ|2026-10-22|Economy Standard|T45(40-50)::ROUND::2026-09-05T09:00::FLT::QP|QP-1201|21:45,CELL::DEL|PNQ|2026-10-22|Economy Standard|T45(40-50)::ROUND::2026-09-05T09:00,DEL,PNQ,2026-10-22,Economy Standard,T45(40-50),ROUND::2026-09-05T09:00,QP,QP-1201,21:45,6541.50,2,AirlineSite;Goibibo,AirlineSite=6747.00;Goibibo=6336.00,6336.00,6747.00,411.00,0.062830,2,2,0,0,OBS00167;OBS00168
CELL::DEL|PNQ|2026-10-22|Economy Standard|T45(40-50)::ROUND::2026-09-05T14:30::FLT::6E|6E-381|11:15,CELL::DEL|PNQ|2026-10-22|Economy Standard|T45(40-50)::ROUND::2026-09-05T14:30,DEL,PNQ,2026-10-22,Economy Standard,T45(40-50),ROUND::2026-09-05T14:30,6E,6E-381,11:15,6616.50,2,EaseMyTrip;MMT,EaseMyTrip=6838.00;MMT=6395.00,6395.00,6838.00,443.00,0.066954,2,2,0,0,OBS00648;OBS00649
CELL::DEL|PNQ|2026-10-22|Economy Standard|T45(40-50)::ROUND::2026-09-05T20:15::FLT::6E|6E-381|11:15,CELL::DEL|PNQ|2026-10-22|Economy Standard|T45(40-50)::ROUND::2026-09-05T20:15,DEL,PNQ,2026-10-22,Economy Standard,T45(40-50),ROUND::2026-09-05T20:15,6E,6E-381,11:15,6430.50,2,Cleartrip;MMT,Cleartrip=6572.00;MMT=6289.00,6289.00,6572.00,283.00,0.044009,2,2,0,0,OBS01158;OBS01159
CELL::DEL|PNQ|2026-10-22|Economy Standard|T45(40-50)::ROUND::2026-09-05T20:15::FLT::QP|QP-1201|21:45,CELL::DEL|PNQ|2026-10-22|Economy Standard|T45(40-50)::ROUND::2026-09-05T20:15,DEL,PNQ,2026-10-22,Economy Standard,T45(40-50),ROUND::2026-09-05T20:15,QP,QP-1201,21:45,6770.00,1,Cleartrip,Cleartrip=6770.00,6770.00,6770.00,0.00,0.000000,1,1,0,0,OBS01181
CELL::DEL|PNQ|2026-10-22|Economy Standard|T45(40-50)::ROUND::2026-09-06T09:00::FLT::6E|6E-381|11:15,CELL::DEL|PNQ|2026-10-22|Economy Standard|T45(40-50)::ROUND::2026-09-06T09:00,DEL,PNQ,2026-10-22,Economy Standard,T45(40-50),ROUND::2026-09-06T09:00,6E,6E-381,11:15,6882.00,1,AirlineSite,AirlineSite=6882.00,6882.00,6882.00,0.00,0.000000,1,1,0,0,OBS01682
CELL::DEL|PNQ|2026-10-22|Economy Standard|T45(40-50)::ROUND::2026-09-06T09:00::FLT::QP|QP-1201|21:45,CELL::DEL|PNQ|2026-10-22|Economy Standard|T45(40-50)::ROUND::2026-09-06T09:00,DEL,PNQ,2026-10-22,Economy Standard,T45(40-50),ROUND::2026-09-06T09:00,QP,QP-1201,21:45,6506.00,1,AirlineSite,AirlineSite=6506.00,6506.00,6506.00,0.00,0.000000,1,1,0,0,OBS01699
CELL::DEL|PNQ|2026-10-22|Economy Standard|T45(40-50)::ROUND::2026-09-06T14:30::FLT::QP|QP-1201|21:45,CELL::DEL|PNQ|2026-10-22|Economy Standard|T45(40-50)::ROUND::2026-09-06T14:30,DEL,PNQ,2026-10-22,Economy Standard,T45(40-50),ROUND::2026-09-06T14:30,QP,QP-1201,21:45,6552.00,1,Cleartrip,Cleartrip=6552.00,6552.00,6552.00,0.00,0.000000,1,1,0,0,OBS02204
CELL::DEL|PNQ|2026-10-22|Economy Standard|T45(40-50)::ROUND::2026-09-06T20:15::FLT::AI|AI-851|06:00,CELL::DEL|PNQ|2026-10-22|Economy Standard|T45(40-50)::ROUND::2026-09-06T20:15,DEL,PNQ,2026-10-22,Economy Standard,T45(40-50),ROUND::2026-09-06T20:15,AI,AI-851,06:00,6308.00,1,Goibibo,Goibibo=6308.00,6308.00,6308.00,0.00,0.000000,1,1,0,0,OBS02698
CELL::DEL|PNQ|2026-10-22|Economy Standard|T45(40-50)::ROUND::2026-09-06T20:15::FLT::QP|QP-1201|21:45,CELL::DEL|PNQ|2026-10-22|Economy Standard|T45(40-50)::ROUND::2026-09-06T20:15,DEL,PNQ,2026-10-22,Economy Standard,T45(40-50),ROUND::2026-09-06T20:15,QP,QP-1201,21:45,6256.00,1,MMT,MMT=6256.00,6256.00,6256.00,0.00,0.000000,1,1,0,0,OBS02707
CELL::DEL|PNQ|2026-10-22|Economy Standard|T45(40-50)::ROUND::2026-09-07T20:15::FLT::AI|AI-851|12:00,CELL::DEL|PNQ|2026-10-22|Economy Standard|T45(40-50)::ROUND::2026-09-07T20:15,DEL,PNQ,2026-10-22,Economy Standard,T45(40-50),ROUND::2026-09-07T20:15,AI,AI-851,12:00,6849.00,1,MMT,MMT=6849.00,6849.00,6849.00,0.00,0.000000,1,1,0,0,OBS02995
CELL::DEL|SXR|2026-09-07|Economy Flexi|T1(0-2)::ROUND::2026-09-05T14:30::FLT::6E|6E-212|10:30,CELL::DEL|SXR|2026-09-07|Economy Flexi|T1(0-2)::ROUND::2026-09-05T14:30,DEL,SXR,2026-09-07,Economy Flexi,T1(0-2),ROUND::2026-09-05T14:30,6E,6E-212,10:30,11718.00,1,MMT,MMT=11718.00,11718.00,11718.00,0.00,0.000000,1,1,0,0,OBS00842
CELL::DEL|SXR|2026-09-07|Economy Flexi|T1(0-2)::ROUND::2026-09-05T14:30::FLT::AI|AI-825|13:15,CELL::DEL|SXR|2026-09-07|Economy Flexi|T1(0-2)::ROUND::2026-09-05T14:30,DEL,SXR,2026-09-07,Economy Flexi,T1(0-2),ROUND::2026-09-05T14:30,AI,AI-825,13:15,11886.00,1,Cleartrip,Cleartrip=11886.00,11886.00,11886.00,0.00,0.000000,1,1,0,0,OBS00850
CELL::DEL|SXR|2026-09-07|Economy Flexi|T1(0-2)::ROUND::2026-09-05T14:30::FLT::SG|SG-101|15:15,CELL::DEL|SXR|2026-09-07|Economy Flexi|T1(0-2)::ROUND::2026-09-05T14:30,DEL,SXR,2026-09-07,Economy Flexi,T1(0-2),ROUND::2026-09-05T14:30,SG,SG-101,15:15,11346.50,2,AirlineSite;Cleartrip,AirlineSite=11152.00;Cleartrip=11541.00,11152.00,11541.00,389.00,0.034284,2,2,0,0,OBS00859;OBS00860
CELL::DEL|SXR|2026-09-07|Economy Flexi|T1(0-2)::ROUND::2026-09-05T20:15::FLT::6E|6E-212|10:30,CELL::DEL|SXR|2026-09-07|Economy Flexi|T1(0-2)::ROUND::2026-09-05T20:15,DEL,SXR,2026-09-07,Economy Flexi,T1(0-2),ROUND::2026-09-05T20:15,6E,6E-212,10:30,11585.00,1,EaseMyTrip,EaseMyTrip=11585.00,11585.00,11585.00,0.00,0.000000,1,1,0,0,OBS01352
CELL::DEL|SXR|2026-09-07|Economy Flexi|T1(0-2)::ROUND::2026-09-05T20:15::FLT::SG|SG-101|15:15,CELL::DEL|SXR|2026-09-07|Economy Flexi|T1(0-2)::ROUND::2026-09-05T20:15,DEL,SXR,2026-09-07,Economy Flexi,T1(0-2),ROUND::2026-09-05T20:15,SG,SG-101,15:15,11576.00,1,MMT,MMT=11576.00,11576.00,11576.00,0.00,0.000000,1,1,0,0,OBS01379
CELL::DEL|SXR|2026-09-07|Economy Flexi|T1(0-2)::ROUND::2026-09-06T09:00::FLT::6E|6E-212|10:30,CELL::DEL|SXR|2026-09-07|Economy Flexi|T1(0-2)::ROUND::2026-09-06T09:00,DEL,SXR,2026-09-07,Economy Flexi,T1(0-2),ROUND::2026-09-06T09:00,6E,6E-212,10:30,11750.00,2,AirlineSite;MMT,AirlineSite=11693.00;MMT=11807.00,11693.00,11807.00,114.00,0.009702,2,2,0,0,OBS01879;OBS01880
CELL::DEL|SXR|2026-09-07|Economy Flexi|T1(0-2)::ROUND::2026-09-06T14:30::FLT::6E|6E-212|10:30,CELL::DEL|SXR|2026-09-07|Economy Flexi|T1(0-2)::ROUND::2026-09-06T14:30,DEL,SXR,2026-09-07,Economy Flexi,T1(0-2),ROUND::2026-09-06T14:30,6E,6E-212,10:30,11439.50,2,Cleartrip;Goibibo,Cleartrip=11431.00;Goibibo=11448.00,11431.00,11448.00,17.00,0.001486,2,2,0,0,OBS02378;OBS02379
CELL::DEL|SXR|2026-09-07|Economy Flexi|T1(0-2)::ROUND::2026-09-06T14:30::FLT::SG|SG-101|15:15,CELL::DEL|SXR|2026-09-07|Economy Flexi|T1(0-2)::ROUND::2026-09-06T14:30,DEL,SXR,2026-09-07,Economy Flexi,T1(0-2),ROUND::2026-09-06T14:30,SG,SG-101,15:15,11748.00,1,Cleartrip,Cleartrip=11748.00,11748.00,11748.00,0.00,0.000000,1,1,0,0,OBS02398
CELL::DEL|SXR|2026-09-07|Economy Flexi|T1(0-2)::ROUND::2026-09-06T20:15::FLT::6E|6E-212|10:30,CELL::DEL|SXR|2026-09-07|Economy Flexi|T1(0-2)::ROUND::2026-09-06T20:15,DEL,SXR,2026-09-07,Economy Flexi,T1(0-2),ROUND::2026-09-06T20:15,6E,6E-212,10:30,11500.50,2,EaseMyTrip;Goibibo,EaseMyTrip=11393.00;Goibibo=11608.00,11393.00,11608.00,215.00,0.018695,2,2,0,0,OBS02886;OBS02887
CELL::DEL|SXR|2026-09-07|Economy Flexi|T1(0-2)::ROUND::2026-09-06T20:15::FLT::AI|AI-825|13:15,CELL::DEL|SXR|2026-09-07|Economy Flexi|T1(0-2)::ROUND::2026-09-06T20:15,DEL,SXR,2026-09-07,Economy Flexi,T1(0-2),ROUND::2026-09-06T20:15,AI,AI-825,13:15,11481.00,1,MMT,MMT=11481.00,11481.00,11481.00,0.00,0.000000,1,1,0,0,OBS02898
CELL::DEL|SXR|2026-09-07|Economy Flexi|T1(0-2)::ROUND::2026-09-06T20:15::FLT::SG|SG-101|15:15,CELL::DEL|SXR|2026-09-07|Economy Flexi|T1(0-2)::ROUND::2026-09-06T20:15,DEL,SXR,2026-09-07,Economy Flexi,T1(0-2),ROUND::2026-09-06T20:15,SG,SG-101,15:15,11436.50,2,EaseMyTrip;Goibibo,EaseMyTrip=11246.00;Goibibo=11627.00,11246.00,11627.00,381.00,0.033314,2,2,0,0,OBS02911;OBS02912
CELL::DEL|SXR|2026-09-07|Economy Saver|T1(0-2)::ROUND::2026-09-05T09:00::FLT::6E|6E-212|10:30,CELL::DEL|SXR|2026-09-07|Economy Saver|T1(0-2)::ROUND::2026-09-05T09:00,DEL,SXR,2026-09-07,Economy Saver,T1(0-2),ROUND::2026-09-05T09:00,6E,6E-212,10:30,7249.00,1,MMT,MMT=7249.00,7249.00,7249.00,0.00,0.000000,1,1,0,0,OBS00342
CELL::DEL|SXR|2026-09-07|Economy Saver|T1(0-2)::ROUND::2026-09-05T09:00::FLT::AI|AI-825|13:15,CELL::DEL|SXR|2026-09-07|Economy Saver|T1(0-2)::ROUND::2026-09-05T09:00,DEL,SXR,2026-09-07,Economy Saver,T1(0-2),ROUND::2026-09-05T09:00,AI,AI-825,13:15,7560.00,1,EaseMyTrip,EaseMyTrip=7560.00,7560.00,7560.00,0.00,0.000000,1,1,0,0,OBS00352
CELL::DEL|SXR|2026-09-07|Economy Saver|T1(0-2)::ROUND::2026-09-05T14:30::FLT::SG|SG-101|15:15,CELL::DEL|SXR|2026-09-07|Economy Saver|T1(0-2)::ROUND::2026-09-05T14:30,DEL,SXR,2026-09-07,Economy Saver,T1(0-2),ROUND::2026-09-05T14:30,SG,SG-101,15:15,7119.50,2,EaseMyTrip;MMT,EaseMyTrip=7069.00;MMT=7170.00,7069.00,7170.00,101.00,0.014186,2,2,0,0,OBS00861;OBS00862
CELL::DEL|SXR|2026-09-07|Economy Saver|T1(0-2)::ROUND::2026-09-05T20:15::FLT::AI|AI-825|13:15,CELL::DEL|SXR|2026-09-07|Economy Saver|T1(0-2)::ROUND::2026-09-05T20:15,DEL,SXR,2026-09-07,Economy Saver,T1(0-2),ROUND::2026-09-05T20:15,AI,AI-825,13:15,7343.00,1,AirlineSite,AirlineSite=7343.00,7343.00,7343.00,0.00,0.000000,1,1,0,0,OBS01361
CELL::DEL|SXR|2026-09-07|Economy Saver|T1(0-2)::ROUND::2026-09-06T09:00::FLT::AI|AI-825|13:15,CELL::DEL|SXR|2026-09-07|Economy Saver|T1(0-2)::ROUND::2026-09-06T09:00,DEL,SXR,2026-09-07,Economy Saver,T1(0-2),ROUND::2026-09-06T09:00,AI,AI-825,13:15,7285.00,1,AirlineSite,AirlineSite=7285.00,7285.00,7285.00,0.00,0.000000,1,1,0,0,OBS01890
CELL::DEL|SXR|2026-09-07|Economy Saver|T1(0-2)::ROUND::2026-09-06T09:00::FLT::SG|SG-101|15:15,CELL::DEL|SXR|2026-09-07|Economy Saver|T1(0-2)::ROUND::2026-09-06T09:00,DEL,SXR,2026-09-07,Economy Saver,T1(0-2),ROUND::2026-09-06T09:00,SG,SG-101,15:15,7288.00,1,EaseMyTrip,EaseMyTrip=7288.00,7288.00,7288.00,0.00,0.000000,1,1,0,0,OBS01902
CELL::DEL|SXR|2026-09-07|Economy Saver|T1(0-2)::ROUND::2026-09-06T20:15::FLT::SG|SG-101|15:15,CELL::DEL|SXR|2026-09-07|Economy Saver|T1(0-2)::ROUND::2026-09-06T20:15,DEL,SXR,2026-09-07,Economy Saver,T1(0-2),ROUND::2026-09-06T20:15,SG,SG-101,15:15,7685.50,2,Cleartrip;MMT,Cleartrip=7593.00;MMT=7778.00,7593.00,7778.00,185.00,0.024071,2,2,0,0,OBS02913;OBS02914
CELL::DEL|SXR|2026-09-07|Economy Standard|T1(0-2)::ROUND::2026-09-05T09:00::FLT::AI|AI-825|13:15,CELL::DEL|SXR|2026-09-07|Economy Standard|T1(0-2)::ROUND::2026-09-05T09:00,DEL,SXR,2026-09-07,Economy Standard,T1(0-2),ROUND::2026-09-05T09:00,AI,AI-825,13:15,9679.00,1,MMT,MMT=9679.00,9679.00,9679.00,0.00,0.000000,1,1,0,0,OBS00353
CELL::DEL|SXR|2026-09-07|Economy Standard|T1(0-2)::ROUND::2026-09-05T09:00::FLT::SG|SG-101|15:15,CELL::DEL|SXR|2026-09-07|Economy Standard|T1(0-2)::ROUND::2026-09-05T09:00,DEL,SXR,2026-09-07,Economy Standard,T1(0-2),ROUND::2026-09-05T09:00,SG,SG-101,15:15,9686.00,2,Cleartrip;Goibibo,Cleartrip=9943.00;Goibibo=9429.00,9429.00,9943.00,514.00,0.053066,2,2,0,0,OBS00366;OBS00367
CELL::DEL|SXR|2026-09-07|Economy Standard|T1(0-2)::ROUND::2026-09-05T14:30::FLT::AI|AI-825|13:15,CELL::DEL|SXR|2026-09-07|Economy Standard|T1(0-2)::ROUND::2026-09-05T14:30,DEL,SXR,2026-09-07,Economy Standard,T1(0-2),ROUND::2026-09-05T14:30,AI,AI-825,13:15,9380.50,2,AirlineSite;Goibibo,AirlineSite=9253.00;Goibibo=9508.00,9253.00,9508.00,255.00,0.027184,2,2,0,0,OBS00851;OBS00852
CELL::DEL|SXR|2026-09-07|Economy Standard|T1(0-2)::ROUND::2026-09-05T20:15::FLT::AI|AI-825|13:15,CELL::DEL|SXR|2026-09-07|Economy Standard|T1(0-2)::ROUND::2026-09-05T20:15,DEL,SXR,2026-09-07,Economy Standard,T1(0-2),ROUND::2026-09-05T20:15,AI,AI-825,13:15,9440.00,2,Goibibo;MMT,Goibibo=9234.00;MMT=9646.00,9234.00,9646.00,412.00,0.043644,2,2,0,0,OBS01362;OBS01363
CELL::DEL|SXR|2026-09-07|Economy Standard|T1(0-2)::ROUND::2026-09-05T20:15::FLT::SG|SG-101|15:15,CELL::DEL|SXR|2026-09-07|Economy Standard|T1(0-2)::ROUND::2026-09-05T20:15,DEL,SXR,2026-09-07,Economy Standard,T1(0-2),ROUND::2026-09-05T20:15,SG,SG-101,15:15,9526.00,1,EaseMyTrip,EaseMyTrip=9526.00,9526.00,9526.00,0.00,0.000000,1,1,0,0,OBS01378
CELL::DEL|SXR|2026-09-07|Economy Standard|T1(0-2)::ROUND::2026-09-06T09:00::FLT::6E|6E-212|10:30,CELL::DEL|SXR|2026-09-07|Economy Standard|T1(0-2)::ROUND::2026-09-06T09:00,DEL,SXR,2026-09-07,Economy Standard,T1(0-2),ROUND::2026-09-06T09:00,6E,6E-212,10:30,9324.50,2,EaseMyTrip;Goibibo,EaseMyTrip=9408.00;Goibibo=9241.00,9241.00,9408.00,167.00,0.017910,2,2,0,0,OBS01881;OBS01882
CELL::DEL|SXR|2026-09-07|Economy Standard|T1(0-2)::ROUND::2026-09-06T09:00::FLT::AI|AI-825|13:15,CELL::DEL|SXR|2026-09-07|Economy Standard|T1(0-2)::ROUND::2026-09-06T09:00,DEL,SXR,2026-09-07,Economy Standard,T1(0-2),ROUND::2026-09-06T09:00,AI,AI-825,13:15,9834.00,2,Cleartrip;MMT,Cleartrip=9816.00;MMT=9852.00,9816.00,9852.00,36.00,0.003661,2,2,0,0,OBS01891;OBS01892
CELL::DEL|SXR|2026-09-07|Economy Standard|T1(0-2)::ROUND::2026-09-06T14:30::FLT::6E|6E-212|10:30,CELL::DEL|SXR|2026-09-07|Economy Standard|T1(0-2)::ROUND::2026-09-06T14:30,DEL,SXR,2026-09-07,Economy Standard,T1(0-2),ROUND::2026-09-06T14:30,6E,6E-212,10:30,9586.00,1,Cleartrip,Cleartrip=9586.00,9586.00,9586.00,0.00,0.000000,1,1,0,0,OBS02380
CELL::DEL|SXR|2026-09-07|Economy Standard|T1(0-2)::ROUND::2026-09-06T14:30::FLT::AI|AI-825|13:15,CELL::DEL|SXR|2026-09-07|Economy Standard|T1(0-2)::ROUND::2026-09-06T14:30,DEL,SXR,2026-09-07,Economy Standard,T1(0-2),ROUND::2026-09-06T14:30,AI,AI-825,13:15,9603.00,2,AirlineSite;EaseMyTrip,AirlineSite=9620.00;EaseMyTrip=9586.00,9586.00,9620.00,34.00,0.003541,2,2,0,0,OBS02391;OBS02392
CELL::DEL|SXR|2026-09-07|Economy Standard|T1(0-2)::ROUND::2026-09-06T20:15::FLT::6E|6E-212|10:30,CELL::DEL|SXR|2026-09-07|Economy Standard|T1(0-2)::ROUND::2026-09-06T20:15,DEL,SXR,2026-09-07,Economy Standard,T1(0-2),ROUND::2026-09-06T20:15,6E,6E-212,10:30,9565.50,2,EaseMyTrip;MMT,EaseMyTrip=9757.00;MMT=9374.00,9374.00,9757.00,383.00,0.040040,2,2,0,0,OBS02884;OBS02885
CELL::DEL|SXR|2026-09-13|Economy Flexi|T7(5-9)::ROUND::2026-09-05T09:00::FLT::AI|AI-825|13:15,CELL::DEL|SXR|2026-09-13|Economy Flexi|T7(5-9)::ROUND::2026-09-05T09:00,DEL,SXR,2026-09-13,Economy Flexi,T7(5-9),ROUND::2026-09-05T09:00,AI,AI-825,13:15,9966.00,1,AirlineSite,AirlineSite=9966.00,9966.00,9966.00,0.00,0.000000,1,1,0,0,OBS00354
CELL::DEL|SXR|2026-09-13|Economy Flexi|T7(5-9)::ROUND::2026-09-05T09:00::FLT::SG|SG-101|15:15,CELL::DEL|SXR|2026-09-13|Economy Flexi|T7(5-9)::ROUND::2026-09-05T09:00,DEL,SXR,2026-09-13,Economy Flexi,T7(5-9),ROUND::2026-09-05T09:00,SG,SG-101,15:15,10381.00,2,AirlineSite;EaseMyTrip,AirlineSite=10005.00;EaseMyTrip=10757.00,10005.00,10757.00,752.00,0.072440,2,2,0,0,OBS00370;OBS00371
CELL::DEL|SXR|2026-09-13|Economy Flexi|T7(5-9)::ROUND::2026-09-05T14:30::FLT::6E|6E-212|10:30,CELL::DEL|SXR|2026-09-13|Economy Flexi|T7(5-9)::ROUND::2026-09-05T14:30,DEL,SXR,2026-09-13,Economy Flexi,T7(5-9),ROUND::2026-09-05T14:30,6E,6E-212,10:30,10723.00,1,MMT,MMT=10723.00,10723.00,10723.00,0.00,0.000000,1,1,0,0,OBS00845
CELL::DEL|SXR|2026-09-13|Economy Flexi|T7(5-9)::ROUND::2026-09-05T14:30::FLT::AI|AI-825|13:15,CELL::DEL|SXR|2026-09-13|Economy Flexi|T7(5-9)::ROUND::2026-09-05T14:30,DEL,SXR,2026-09-13,Economy Flexi,T7(5-9),ROUND::2026-09-05T14:30,AI,AI-825,13:15,10221.00,2,AirlineSite;Cleartrip,AirlineSite=9962.00;Cleartrip=10480.00,9962.00,10480.00,518.00,0.050680,2,2,0,0,OBS00853;OBS00854
CELL::DEL|SXR|2026-09-13|Economy Flexi|T7(5-9)::ROUND::2026-09-05T14:30::FLT::SG|SG-101|15:15,CELL::DEL|SXR|2026-09-13|Economy Flexi|T7(5-9)::ROUND::2026-09-05T14:30,DEL,SXR,2026-09-13,Economy Flexi,T7(5-9),ROUND::2026-09-05T14:30,SG,SG-101,15:15,10269.50,2,Goibibo;MMT,Goibibo=9844.00;MMT=10695.00,9844.00,10695.00,851.00,0.082867,2,2,0,0,OBS00865;OBS00866
CELL::DEL|SXR|2026-09-13|Economy Flexi|T7(5-9)::ROUND::2026-09-05T20:15::FLT::AI|AI-825|13:15,CELL::DEL|SXR|2026-09-13|Economy Flexi|T7(5-9)::ROUND::2026-09-05T20:15,DEL,SXR,2026-09-13,Economy Flexi,T7(5-9),ROUND::2026-09-05T20:15,AI,AI-825,13:15,10715.00,1,Cleartrip,Cleartrip=10715.00,10715.00,10715.00,0.00,0.000000,1,1,0,0,OBS01364
CELL::DEL|SXR|2026-09-13|Economy Flexi|T7(5-9)::ROUND::2026-09-05T20:15::FLT::SG|SG-101|15:15,CELL::DEL|SXR|2026-09-13|Economy Flexi|T7(5-9)::ROUND::2026-09-05T20:15,DEL,SXR,2026-09-13,Economy Flexi,T7(5-9),ROUND::2026-09-05T20:15,SG,SG-101,15:15,10724.00,1,MMT,MMT=10724.00,10724.00,10724.00,0.00,0.000000,1,1,0,0,OBS01381
CELL::DEL|SXR|2026-09-13|Economy Flexi|T7(5-9)::ROUND::2026-09-06T09:00::FLT::6E|6E-212|10:30,CELL::DEL|SXR|2026-09-13|Economy Flexi|T7(5-9)::ROUND::2026-09-06T09:00,DEL,SXR,2026-09-13,Economy Flexi,T7(5-9),ROUND::2026-09-06T09:00,6E,6E-212,10:30,10775.00,1,Goibibo,Goibibo=10775.00,10775.00,10775.00,0.00,0.000000,1,1,0,0,OBS01885
CELL::DEL|SXR|2026-09-13|Economy Flexi|T7(5-9)::ROUND::2026-09-06T09:00::FLT::AI|AI-825|13:15,CELL::DEL|SXR|2026-09-13|Economy Flexi|T7(5-9)::ROUND::2026-09-06T09:00,DEL,SXR,2026-09-13,Economy Flexi,T7(5-9),ROUND::2026-09-06T09:00,AI,AI-825,13:15,10094.50,2,Cleartrip;Goibibo,Cleartrip=10171.00;Goibibo=10018.00,10018.00,10171.00,153.00,0.015157,2,2,0,0,OBS01893;OBS01894
CELL::DEL|SXR|2026-09-13|Economy Flexi|T7(5-9)::ROUND::2026-09-06T09:00::FLT::SG|SG-101|15:15,CELL::DEL|SXR|2026-09-13|Economy Flexi|T7(5-9)::ROUND::2026-09-06T09:00,DEL,SXR,2026-09-13,Economy Flexi,T7(5-9),ROUND::2026-09-06T09:00,SG,SG-101,15:15,10765.50,2,AirlineSite;EaseMyTrip,AirlineSite=11117.00;EaseMyTrip=10414.00,10414.00,11117.00,703.00,0.065301,2,2,0,0,OBS01903;OBS01904
CELL::DEL|SXR|2026-09-13|Economy Flexi|T7(5-9)::ROUND::2026-09-06T14:30::FLT::6E|6E-212|10:30,CELL::DEL|SXR|2026-09-13|Economy Flexi|T7(5-9)::ROUND::2026-09-06T14:30,DEL,SXR,2026-09-13,Economy Flexi,T7(5-9),ROUND::2026-09-06T14:30,6E,6E-212,10:30,10540.50,2,Cleartrip;EaseMyTrip,Cleartrip=10381.00;EaseMyTrip=10700.00,10381.00,10700.00,319.00,0.030264,2,2,0,0,OBS02383;OBS02384
CELL::DEL|SXR|2026-09-13|Economy Flexi|T7(5-9)::ROUND::2026-09-06T14:30::FLT::SG|SG-101|15:15,CELL::DEL|SXR|2026-09-13|Economy Flexi|T7(5-9)::ROUND::2026-09-06T14:30,DEL,SXR,2026-09-13,Economy Flexi,T7(5-9),ROUND::2026-09-06T14:30,SG,SG-101,15:15,10609.50,2,Cleartrip;MMT,Cleartrip=10211.00;MMT=11008.00,10211.00,11008.00,797.00,0.075121,2,2,0,0,OBS02399;OBS02400
CELL::DEL|SXR|2026-09-13|Economy Flexi|T7(5-9)::ROUND::2026-09-06T20:15::FLT::AI|AI-825|13:15,CELL::DEL|SXR|2026-09-13|Economy Flexi|T7(5-9)::ROUND::2026-09-06T20:15,DEL,SXR,2026-09-13,Economy Flexi,T7(5-9),ROUND::2026-09-06T20:15,AI,AI-825,13:15,10601.00,2,Cleartrip;Goibibo,Cleartrip=10419.00;Goibibo=10783.00,10419.00,10783.00,364.00,0.034336,2,2,0,0,OBS02899;OBS02900
CELL::DEL|SXR|2026-09-13|Economy Saver|T7(5-9)::ROUND::2026-09-05T09:00::FLT::AI|AI-825|13:15,CELL::DEL|SXR|2026-09-13|Economy Saver|T7(5-9)::ROUND::2026-09-05T09:00,DEL,SXR,2026-09-13,Economy Saver,T7(5-9),ROUND::2026-09-05T09:00,AI,AI-825,13:15,6694.50,2,Goibibo;MMT,Goibibo=6706.00;MMT=6683.00,6683.00,6706.00,23.00,0.003436,2,2,0,0,OBS00355;OBS00356
CELL::DEL|SXR|2026-09-13|Economy Saver|T7(5-9)::ROUND::2026-09-05T09:00::FLT::SG|SG-101|15:15,CELL::DEL|SXR|2026-09-13|Economy Saver|T7(5-9)::ROUND::2026-09-05T09:00,DEL,SXR,2026-09-13,Economy Saver,T7(5-9),ROUND::2026-09-05T09:00,SG,SG-101,15:15,6749.50,2,AirlineSite;EaseMyTrip,AirlineSite=6566.00;EaseMyTrip=6933.00,6566.00,6933.00,367.00,0.054374,2,2,0,0,OBS00368;OBS00369
CELL::DEL|SXR|2026-09-13|Economy Saver|T7(5-9)::ROUND::2026-09-05T14:30::FLT::6E|6E-212|10:30,CELL::DEL|SXR|2026-09-13|Economy Saver|T7(5-9)::ROUND::2026-09-05T14:30,DEL,SXR,2026-09-13,Economy Saver,T7(5-9),ROUND::2026-09-05T14:30,6E,6E-212,10:30,6330.00,2,AirlineSite;MMT,AirlineSite=6351.00;MMT=6309.00,6309.00,6351.00,42.00,0.006635,2,2,0,0,OBS00843;OBS00844
CELL::DEL|SXR|2026-09-13|Economy Saver|T7(5-9)::ROUND::2026-09-05T14:30::FLT::AI|AI-825|13:15,CELL::DEL|SXR|2026-09-13|Economy Saver|T7(5-9)::ROUND::2026-09-05T14:30,DEL,SXR,2026-09-13,Economy Saver,T7(5-9),ROUND::2026-09-05T14:30,AI,AI-825,13:15,6769.00,1,EaseMyTrip,EaseMyTrip=6769.00,6769.00,6769.00,0.00,0.000000,1,1,0,0,OBS00855
CELL::DEL|SXR|2026-09-13|Economy Saver|T7(5-9)::ROUND::2026-09-05T20:15::FLT::6E|6E-212|10:30,CELL::DEL|SXR|2026-09-13|Economy Saver|T7(5-9)::ROUND::2026-09-05T20:15,DEL,SXR,2026-09-13,Economy Saver,T7(5-9),ROUND::2026-09-05T20:15,6E,6E-212,10:30,6832.00,1,EaseMyTrip,EaseMyTrip=6832.00,6832.00,6832.00,0.00,0.000000,1,1,0,0,OBS01353
CELL::DEL|SXR|2026-09-13|Economy Saver|T7(5-9)::ROUND::2026-09-06T09:00::FLT::6E|6E-212|10:30,CELL::DEL|SXR|2026-09-13|Economy Saver|T7(5-9)::ROUND::2026-09-06T09:00,DEL,SXR,2026-09-13,Economy Saver,T7(5-9),ROUND::2026-09-06T09:00,6E,6E-212,10:30,6868.00,2,AirlineSite;EaseMyTrip,AirlineSite=6724.00;EaseMyTrip=7012.00,6724.00,7012.00,288.00,0.041934,2,2,0,0,OBS01883;OBS01884
CELL::DEL|SXR|2026-09-13|Economy Saver|T7(5-9)::ROUND::2026-09-06T20:15::FLT::6E|6E-212|10:30,CELL::DEL|SXR|2026-09-13|Economy Saver|T7(5-9)::ROUND::2026-09-06T20:15,DEL,SXR,2026-09-13,Economy Saver,T7(5-9),ROUND::2026-09-06T20:15,6E,6E-212,10:30,6551.50,2,EaseMyTrip;Goibibo,EaseMyTrip=6458.00;Goibibo=6645.00,6458.00,6645.00,187.00,0.028543,2,2,0,0,OBS02888;OBS02889
CELL::DEL|SXR|2026-09-13|Economy Saver|T7(5-9)::ROUND::2026-09-06T20:15::FLT::SG|SG-101|15:15,CELL::DEL|SXR|2026-09-13|Economy Saver|T7(5-9)::ROUND::2026-09-06T20:15,DEL,SXR,2026-09-13,Economy Saver,T7(5-9),ROUND::2026-09-06T20:15,SG,SG-101,15:15,6699.00,2,Cleartrip;Goibibo,Cleartrip=6887.00;Goibibo=6511.00,6511.00,6887.00,376.00,0.056128,2,2,0,0,OBS02916;OBS02917
CELL::DEL|SXR|2026-09-13|Economy Standard|T7(5-9)::ROUND::2026-09-05T09:00::FLT::6E|6E-212|10:30,CELL::DEL|SXR|2026-09-13|Economy Standard|T7(5-9)::ROUND::2026-09-05T09:00,DEL,SXR,2026-09-13,Economy Standard,T7(5-9),ROUND::2026-09-05T09:00,6E,6E-212,10:30,8372.50,2,Goibibo;MMT,Goibibo=8559.00;MMT=8186.00,8186.00,8559.00,373.00,0.044551,2,2,0,0,OBS00343;OBS00344
CELL::DEL|SXR|2026-09-13|Economy Standard|T7(5-9)::ROUND::2026-09-05T14:30::FLT::SG|SG-101|15:15,CELL::DEL|SXR|2026-09-13|Economy Standard|T7(5-9)::ROUND::2026-09-05T14:30,DEL,SXR,2026-09-13,Economy Standard,T7(5-9),ROUND::2026-09-05T14:30,SG,SG-101,15:15,8609.00,2,Cleartrip;EaseMyTrip,Cleartrip=8571.00;EaseMyTrip=8647.00,8571.00,8647.00,76.00,0.008828,2,2,0,0,OBS00863;OBS00864
CELL::DEL|SXR|2026-09-13|Economy Standard|T7(5-9)::ROUND::2026-09-05T20:15::FLT::AI|AI-825|13:15,CELL::DEL|SXR|2026-09-13|Economy Standard|T7(5-9)::ROUND::2026-09-05T20:15,DEL,SXR,2026-09-13,Economy Standard,T7(5-9),ROUND::2026-09-05T20:15,AI,AI-825,13:15,8234.00,2,EaseMyTrip;Goibibo,EaseMyTrip=8238.00;Goibibo=8230.00,8230.00,8238.00,8.00,0.000972,2,2,0,0,OBS01365;OBS01366
CELL::DEL|SXR|2026-09-13|Economy Standard|T7(5-9)::ROUND::2026-09-05T20:15::FLT::SG|SG-101|15:15,CELL::DEL|SXR|2026-09-13|Economy Standard|T7(5-9)::ROUND::2026-09-05T20:15,DEL,SXR,2026-09-13,Economy Standard,T7(5-9),ROUND::2026-09-05T20:15,SG,SG-101,15:15,8333.00,1,AirlineSite,AirlineSite=8333.00,8333.00,8333.00,0.00,0.000000,1,1,0,0,OBS01380
CELL::DEL|SXR|2026-09-13|Economy Standard|T7(5-9)::ROUND::2026-09-06T09:00::FLT::AI|AI-825|13:15,CELL::DEL|SXR|2026-09-13|Economy Standard|T7(5-9)::ROUND::2026-09-06T09:00,DEL,SXR,2026-09-13,Economy Standard,T7(5-9),ROUND::2026-09-06T09:00,AI,AI-825,13:15,8801.00,1,AirlineSite,AirlineSite=8801.00,8801.00,8801.00,0.00,0.000000,1,1,0,0,OBS01895
CELL::DEL|SXR|2026-09-13|Economy Standard|T7(5-9)::ROUND::2026-09-06T14:30::FLT::6E|6E-212|10:30,CELL::DEL|SXR|2026-09-13|Economy Standard|T7(5-9)::ROUND::2026-09-06T14:30,DEL,SXR,2026-09-13,Economy Standard,T7(5-9),ROUND::2026-09-06T14:30,6E,6E-212,10:30,8961.00,2,Cleartrip;MMT,Cleartrip=9010.00;MMT=8912.00,8912.00,9010.00,98.00,0.010936,2,2,0,0,OBS02381;OBS02382
CELL::DEL|SXR|2026-09-13|Economy Standard|T7(5-9)::ROUND::2026-09-06T14:30::FLT::AI|AI-825|13:15,CELL::DEL|SXR|2026-09-13|Economy Standard|T7(5-9)::ROUND::2026-09-06T14:30,DEL,SXR,2026-09-13,Economy Standard,T7(5-9),ROUND::2026-09-06T14:30,AI,AI-825,13:15,8904.00,1,Cleartrip,Cleartrip=8904.00,8904.00,8904.00,0.00,0.000000,1,1,0,0,OBS02393
CELL::DEL|SXR|2026-09-13|Economy Standard|T7(5-9)::ROUND::2026-09-06T20:15::FLT::6E|6E-212|10:30,CELL::DEL|SXR|2026-09-13|Economy Standard|T7(5-9)::ROUND::2026-09-06T20:15,DEL,SXR,2026-09-13,Economy Standard,T7(5-9),ROUND::2026-09-06T20:15,6E,6E-212,10:30,8341.50,2,EaseMyTrip;Goibibo,EaseMyTrip=8438.00;Goibibo=8245.00,8245.00,8438.00,193.00,0.023137,2,2,0,0,OBS02890;OBS02891
CELL::DEL|SXR|2026-09-13|Economy Standard|T7(5-9)::ROUND::2026-09-06T20:15::FLT::AI|AI-825|13:15,CELL::DEL|SXR|2026-09-13|Economy Standard|T7(5-9)::ROUND::2026-09-06T20:15,DEL,SXR,2026-09-13,Economy Standard,T7(5-9),ROUND::2026-09-06T20:15,AI,AI-825,13:15,8343.00,1,MMT,MMT=8343.00,8343.00,8343.00,0.00,0.000000,1,1,0,0,OBS02901
CELL::DEL|SXR|2026-09-13|Economy Standard|T7(5-9)::ROUND::2026-09-06T20:15::FLT::SG|SG-101|15:15,CELL::DEL|SXR|2026-09-13|Economy Standard|T7(5-9)::ROUND::2026-09-06T20:15,DEL,SXR,2026-09-13,Economy Standard,T7(5-9),ROUND::2026-09-06T20:15,SG,SG-101,15:15,8847.00,1,MMT,MMT=8847.00,8847.00,8847.00,0.00,0.000000,1,1,0,0,OBS02915
CELL::DEL|SXR|2026-09-21|Economy Flexi|T15(12-18)::ROUND::2026-09-05T09:00::FLT::6E|6E-212|10:30,CELL::DEL|SXR|2026-09-21|Economy Flexi|T15(12-18)::ROUND::2026-09-05T09:00,DEL,SXR,2026-09-21,Economy Flexi,T15(12-18),ROUND::2026-09-05T09:00,6E,6E-212,10:30,8718.00,2,AirlineSite;EaseMyTrip,AirlineSite=8954.00;EaseMyTrip=8482.00,8482.00,8954.00,472.00,0.054141,2,2,0,0,OBS00345;OBS00346
CELL::DEL|SXR|2026-09-21|Economy Flexi|T15(12-18)::ROUND::2026-09-05T09:00::FLT::AI|AI-825|13:15,CELL::DEL|SXR|2026-09-21|Economy Flexi|T15(12-18)::ROUND::2026-09-05T09:00,DEL,SXR,2026-09-21,Economy Flexi,T15(12-18),ROUND::2026-09-05T09:00,AI,AI-825,13:15,8757.00,2,Goibibo;MMT,Goibibo=8935.00;MMT=8579.00,8579.00,8935.00,356.00,0.040653,2,2,0,0,OBS00357;OBS00358
CELL::DEL|SXR|2026-09-21|Economy Flexi|T15(12-18)::ROUND::2026-09-05T09:00::FLT::SG|SG-101|15:15,CELL::DEL|SXR|2026-09-21|Economy Flexi|T15(12-18)::ROUND::2026-09-05T09:00,DEL,SXR,2026-09-21,Economy Flexi,T15(12-18),ROUND::2026-09-05T09:00,SG,SG-101,15:15,8798.00,1,Cleartrip,Cleartrip=8798.00,8798.00,8798.00,0.00,0.000000,1,1,0,0,OBS00373
CELL::DEL|SXR|2026-09-21|Economy Flexi|T15(12-18)::ROUND::2026-09-05T14:30::FLT::6E|6E-212|10:30,CELL::DEL|SXR|2026-09-21|Economy Flexi|T15(12-18)::ROUND::2026-09-05T14:30,DEL,SXR,2026-09-21,Economy Flexi,T15(12-18),ROUND::2026-09-05T14:30,6E,6E-212,10:30,8754.00,1,Cleartrip,Cleartrip=8754.00,8754.00,8754.00,0.00,0.000000,1,1,0,0,OBS00846
CELL::DEL|SXR|2026-09-21|Economy Flexi|T15(12-18)::ROUND::2026-09-06T14:30::FLT::6E|6E-212|10:30,CELL::DEL|SXR|2026-09-21|Economy Flexi|T15(12-18)::ROUND::2026-09-06T14:30,DEL,SXR,2026-09-21,Economy Flexi,T15(12-18),ROUND::2026-09-06T14:30,6E,6E-212,10:30,9115.00,1,MMT,MMT=9115.00,9115.00,9115.00,0.00,0.000000,1,1,0,0,OBS02387
CELL::DEL|SXR|2026-09-21|Economy Flexi|T15(12-18)::ROUND::2026-09-06T20:15::FLT::6E|6E-212|10:30,CELL::DEL|SXR|2026-09-21|Economy Flexi|T15(12-18)::ROUND::2026-09-06T20:15,DEL,SXR,2026-09-21,Economy Flexi,T15(12-18),ROUND::2026-09-06T20:15,6E,6E-212,10:30,9195.00,2,EaseMyTrip;MMT,EaseMyTrip=9173.00;MMT=9217.00,9173.00,9217.00,44.00,0.004785,2,2,0,0,OBS02892;OBS02893
CELL::DEL|SXR|2026-09-21|Economy Saver|T15(12-18)::ROUND::2026-09-05T14:30::FLT::SG|SG-101|15:15,CELL::DEL|SXR|2026-09-21|Economy Saver|T15(12-18)::ROUND::2026-09-05T14:30,DEL,SXR,2026-09-21,Economy Saver,T15(12-18),ROUND::2026-09-05T14:30,SG,SG-101,15:15,5428.00,1,EaseMyTrip,EaseMyTrip=5428.00,5428.00,5428.00,0.00,0.000000,1,1,0,0,OBS00869
CELL::DEL|SXR|2026-09-21|Economy Saver|T15(12-18)::ROUND::2026-09-05T20:15::FLT::6E|6E-212|10:30,CELL::DEL|SXR|2026-09-21|Economy Saver|T15(12-18)::ROUND::2026-09-05T20:15,DEL,SXR,2026-09-21,Economy Saver,T15(12-18),ROUND::2026-09-05T20:15,6E,6E-212,10:30,5754.50,2,AirlineSite;EaseMyTrip,AirlineSite=5630.00;EaseMyTrip=5879.00,5630.00,5879.00,249.00,0.043270,2,2,0,0,OBS01354;OBS01355
CELL::DEL|SXR|2026-09-21|Economy Saver|T15(12-18)::ROUND::2026-09-05T20:15::FLT::AI|AI-825|13:15,CELL::DEL|SXR|2026-09-21|Economy Saver|T15(12-18)::ROUND::2026-09-05T20:15,DEL,SXR,2026-09-21,Economy Saver,T15(12-18),ROUND::2026-09-05T20:15,AI,AI-825,13:15,5623.50,2,Goibibo;MMT,Goibibo=5399.00;MMT=5848.00,5399.00,5848.00,449.00,0.079844,2,2,0,0,OBS01367;OBS01368
CELL::DEL|SXR|2026-09-21|Economy Saver|T15(12-18)::ROUND::2026-09-06T09:00::FLT::6E|6E-212|10:30,CELL::DEL|SXR|2026-09-21|Economy Saver|T15(12-18)::ROUND::2026-09-06T09:00,DEL,SXR,2026-09-21,Economy Saver,T15(12-18),ROUND::2026-09-06T09:00,6E,6E-212,10:30,5862.00,1,MMT,MMT=5862.00,5862.00,5862.00,0.00,0.000000,1,1,0,0,OBS01886
CELL::DEL|SXR|2026-09-21|Economy Saver|T15(12-18)::ROUND::2026-09-06T09:00::FLT::AI|AI-825|13:15,CELL::DEL|SXR|2026-09-21|Economy Saver|T15(12-18)::ROUND::2026-09-06T09:00,DEL,SXR,2026-09-21,Economy Saver,T15(12-18),ROUND::2026-09-06T09:00,AI,AI-825,13:15,5729.00,2,EaseMyTrip;MMT,EaseMyTrip=5508.00;MMT=5950.00,5508.00,5950.00,442.00,0.077151,2,2,0,0,OBS01897;OBS01898
CELL::DEL|SXR|2026-09-21|Economy Saver|T15(12-18)::ROUND::2026-09-06T14:30::FLT::6E|6E-212|10:30,CELL::DEL|SXR|2026-09-21|Economy Saver|T15(12-18)::ROUND::2026-09-06T14:30,DEL,SXR,2026-09-21,Economy Saver,T15(12-18),ROUND::2026-09-06T14:30,6E,6E-212,10:30,5690.00,2,Cleartrip;Goibibo,Cleartrip=5717.00;Goibibo=5663.00,5663.00,5717.00,54.00,0.009490,2,2,0,0,OBS02385;OBS02386
CELL::DEL|SXR|2026-09-21|Economy Saver|T15(12-18)::ROUND::2026-09-06T20:15::FLT::6E|6E-212|10:30,CELL::DEL|SXR|2026-09-21|Economy Saver|T15(12-18)::ROUND::2026-09-06T20:15,DEL,SXR,2026-09-21,Economy Saver,T15(12-18),ROUND::2026-09-06T20:15,6E,6E-212,10:30,5649.00,1,Goibibo,Goibibo=5649.00,5649.00,5649.00,0.00,0.000000,1,1,0,0,OBS02894
CELL::DEL|SXR|2026-09-21|Economy Saver|T15(12-18)::ROUND::2026-09-06T20:15::FLT::AI|AI-825|13:15,CELL::DEL|SXR|2026-09-21|Economy Saver|T15(12-18)::ROUND::2026-09-06T20:15,DEL,SXR,2026-09-21,Economy Saver,T15(12-18),ROUND::2026-09-06T20:15,AI,AI-825,13:15,5901.50,2,AirlineSite;MMT,AirlineSite=5960.00;MMT=5843.00,5843.00,5960.00,117.00,0.019825,2,2,0,0,OBS02902;OBS02903
CELL::DEL|SXR|2026-09-21|Economy Saver|T15(12-18)::ROUND::2026-09-06T20:15::FLT::SG|SG-101|15:15,CELL::DEL|SXR|2026-09-21|Economy Saver|T15(12-18)::ROUND::2026-09-06T20:15,DEL,SXR,2026-09-21,Economy Saver,T15(12-18),ROUND::2026-09-06T20:15,SG,SG-101,15:15,5543.00,1,EaseMyTrip,EaseMyTrip=5543.00,5543.00,5543.00,0.00,0.000000,1,1,0,0,OBS02918
CELL::DEL|SXR|2026-09-21|Economy Standard|T15(12-18)::ROUND::2026-09-05T09:00::FLT::6E|6E-212|10:30,CELL::DEL|SXR|2026-09-21|Economy Standard|T15(12-18)::ROUND::2026-09-05T09:00,DEL,SXR,2026-09-21,Economy Standard,T15(12-18),ROUND::2026-09-05T09:00,6E,6E-212,10:30,7158.00,2,Cleartrip;EaseMyTrip,Cleartrip=7297.00;EaseMyTrip=7019.00,7019.00,7297.00,278.00,0.038838,2,2,0,0,OBS00347;OBS00348
CELL::DEL|SXR|2026-09-21|Economy Standard|T15(12-18)::ROUND::2026-09-05T09:00::FLT::AI|AI-825|13:15,CELL::DEL|SXR|2026-09-21|Economy Standard|T15(12-18)::ROUND::2026-09-05T09:00,DEL,SXR,2026-09-21,Economy Standard,T15(12-18),ROUND::2026-09-05T09:00,AI,AI-825,13:15,7254.00,2,EaseMyTrip;Goibibo,EaseMyTrip=7304.00;Goibibo=7204.00,7204.00,7304.00,100.00,0.013785,2,2,0,0,OBS00359;OBS00360
CELL::DEL|SXR|2026-09-21|Economy Standard|T15(12-18)::ROUND::2026-09-05T09:00::FLT::SG|SG-101|15:15,CELL::DEL|SXR|2026-09-21|Economy Standard|T15(12-18)::ROUND::2026-09-05T09:00,DEL,SXR,2026-09-21,Economy Standard,T15(12-18),ROUND::2026-09-05T09:00,SG,SG-101,15:15,6965.00,1,Goibibo,Goibibo=6965.00,6965.00,6965.00,0.00,0.000000,1,1,0,0,OBS00372
CELL::DEL|SXR|2026-09-21|Economy Standard|T15(12-18)::ROUND::2026-09-05T14:30::FLT::AI|AI-825|13:15,CELL::DEL|SXR|2026-09-21|Economy Standard|T15(12-18)::ROUND::2026-09-05T14:30,DEL,SXR,2026-09-21,Economy Standard,T15(12-18),ROUND::2026-09-05T14:30,AI,AI-825,13:15,7077.00,1,Cleartrip,Cleartrip=7077.00,7077.00,7077.00,0.00,0.000000,1,1,0,0,OBS00856
CELL::DEL|SXR|2026-09-21|Economy Standard|T15(12-18)::ROUND::2026-09-05T14:30::FLT::SG|SG-101|15:15,CELL::DEL|SXR|2026-09-21|Economy Standard|T15(12-18)::ROUND::2026-09-05T14:30,DEL,SXR,2026-09-21,Economy Standard,T15(12-18),ROUND::2026-09-05T14:30,SG,SG-101,15:15,7180.50,2,EaseMyTrip;Goibibo,EaseMyTrip=7170.00;Goibibo=7191.00,7170.00,7191.00,21.00,0.002925,2,2,0,0,OBS00867;OBS00868
CELL::DEL|SXR|2026-09-21|Economy Standard|T15(12-18)::ROUND::2026-09-05T20:15::FLT::6E|6E-212|10:30,CELL::DEL|SXR|2026-09-21|Economy Standard|T15(12-18)::ROUND::2026-09-05T20:15,DEL,SXR,2026-09-21,Economy Standard,T15(12-18),ROUND::2026-09-05T20:15,6E,6E-212,10:30,7021.50,2,Cleartrip;Goibibo,Cleartrip=7155.00;Goibibo=6888.00,6888.00,7155.00,267.00,0.038026,2,2,0,0,OBS01356;OBS01357
CELL::DEL|SXR|2026-09-21|Economy Standard|T15(12-18)::ROUND::2026-09-05T20:15::FLT::AI|AI-825|13:15,CELL::DEL|SXR|2026-09-21|Economy Standard|T15(12-18)::ROUND::2026-09-05T20:15,DEL,SXR,2026-09-21,Economy Standard,T15(12-18),ROUND::2026-09-05T20:15,AI,AI-825,13:15,7260.50,2,AirlineSite;Cleartrip,AirlineSite=7337.00;Cleartrip=7184.00,7184.00,7337.00,153.00,0.021073,2,2,0,0,OBS01369;OBS01370
CELL::DEL|SXR|2026-09-21|Economy Standard|T15(12-18)::ROUND::2026-09-05T20:15::FLT::SG|SG-101|15:15,CELL::DEL|SXR|2026-09-21|Economy Standard|T15(12-18)::ROUND::2026-09-05T20:15,DEL,SXR,2026-09-21,Economy Standard,T15(12-18),ROUND::2026-09-05T20:15,SG,SG-101,15:15,7309.00,2,AirlineSite;EaseMyTrip,AirlineSite=7403.00;EaseMyTrip=7215.00,7215.00,7403.00,188.00,0.025722,2,2,0,0,OBS01382;OBS01383
CELL::DEL|SXR|2026-09-21|Economy Standard|T15(12-18)::ROUND::2026-09-06T09:00::FLT::AI|AI-825|13:15,CELL::DEL|SXR|2026-09-21|Economy Standard|T15(12-18)::ROUND::2026-09-06T09:00,DEL,SXR,2026-09-21,Economy Standard,T15(12-18),ROUND::2026-09-06T09:00,AI,AI-825,13:15,7409.00,1,Goibibo,Goibibo=7409.00,7409.00,7409.00,0.00,0.000000,1,1,0,0,OBS01896
CELL::DEL|SXR|2026-09-21|Economy Standard|T15(12-18)::ROUND::2026-09-06T09:00::FLT::SG|SG-101|15:15,CELL::DEL|SXR|2026-09-21|Economy Standard|T15(12-18)::ROUND::2026-09-06T09:00,DEL,SXR,2026-09-21,Economy Standard,T15(12-18),ROUND::2026-09-06T09:00,SG,SG-101,15:15,7298.00,1,MMT,MMT=7298.00,7298.00,7298.00,0.00,0.000000,1,1,0,0,OBS01905
CELL::DEL|SXR|2026-09-21|Economy Standard|T15(12-18)::ROUND::2026-09-06T14:30::FLT::AI|AI-825|13:15,CELL::DEL|SXR|2026-09-21|Economy Standard|T15(12-18)::ROUND::2026-09-06T14:30,DEL,SXR,2026-09-21,Economy Standard,T15(12-18),ROUND::2026-09-06T14:30,AI,AI-825,13:15,7302.00,1,EaseMyTrip,EaseMyTrip=7302.00,7302.00,7302.00,0.00,0.000000,1,1,0,0,OBS02394
CELL::DEL|SXR|2026-09-21|Economy Standard|T15(12-18)::ROUND::2026-09-06T14:30::FLT::SG|SG-101|15:15,CELL::DEL|SXR|2026-09-21|Economy Standard|T15(12-18)::ROUND::2026-09-06T14:30,DEL,SXR,2026-09-21,Economy Standard,T15(12-18),ROUND::2026-09-06T14:30,SG,SG-101,15:15,7402.00,1,Goibibo,Goibibo=7402.00,7402.00,7402.00,0.00,0.000000,1,1,0,0,OBS02401
CELL::DEL|SXR|2026-09-21|Economy Standard|T15(12-18)::ROUND::2026-09-06T20:15::FLT::AI|AI-825|13:15,CELL::DEL|SXR|2026-09-21|Economy Standard|T15(12-18)::ROUND::2026-09-06T20:15,DEL,SXR,2026-09-21,Economy Standard,T15(12-18),ROUND::2026-09-06T20:15,AI,AI-825,13:15,7693.00,1,MMT,MMT=7693.00,7693.00,7693.00,0.00,0.000000,1,1,0,0,OBS02904
CELL::DEL|SXR|2026-10-06|Economy Flexi|T30(25-35)::ROUND::2026-09-05T09:00::FLT::AI|AI-825|13:15,CELL::DEL|SXR|2026-10-06|Economy Flexi|T30(25-35)::ROUND::2026-09-05T09:00,DEL,SXR,2026-10-06,Economy Flexi,T30(25-35),ROUND::2026-09-05T09:00,AI,AI-825,13:15,7941.50,2,Cleartrip;MMT,Cleartrip=7905.00;MMT=7978.00,7905.00,7978.00,73.00,0.009192,2,2,0,0,OBS00361;OBS00362
CELL::DEL|SXR|2026-10-06|Economy Flexi|T30(25-35)::ROUND::2026-09-05T09:00::FLT::SG|SG-101|15:15,CELL::DEL|SXR|2026-10-06|Economy Flexi|T30(25-35)::ROUND::2026-09-05T09:00,DEL,SXR,2026-10-06,Economy Flexi,T30(25-35),ROUND::2026-09-05T09:00,SG,SG-101,15:15,7805.00,2,AirlineSite;EaseMyTrip,AirlineSite=7933.00;EaseMyTrip=7677.00,7677.00,7933.00,256.00,0.032799,2,2,0,0,OBS00374;OBS00375
CELL::DEL|SXR|2026-10-06|Economy Flexi|T30(25-35)::ROUND::2026-09-05T14:30::FLT::6E|6E-212|10:30,CELL::DEL|SXR|2026-10-06|Economy Flexi|T30(25-35)::ROUND::2026-09-05T14:30,DEL,SXR,2026-10-06,Economy Flexi,T30(25-35),ROUND::2026-09-05T14:30,6E,6E-212,10:30,7726.00,1,EaseMyTrip,EaseMyTrip=7726.00,7726.00,7726.00,0.00,0.000000,1,1,0,0,OBS00848
CELL::DEL|SXR|2026-10-06|Economy Flexi|T30(25-35)::ROUND::2026-09-05T14:30::FLT::SG|SG-101|15:15,CELL::DEL|SXR|2026-10-06|Economy Flexi|T30(25-35)::ROUND::2026-09-05T14:30,DEL,SXR,2026-10-06,Economy Flexi,T30(25-35),ROUND::2026-09-05T14:30,SG,SG-101,15:15,8148.00,1,Cleartrip,Cleartrip=8148.00,8148.00,8148.00,0.00,0.000000,1,1,0,0,OBS00870
CELL::DEL|SXR|2026-10-06|Economy Flexi|T30(25-35)::ROUND::2026-09-05T20:15::FLT::AI|AI-825|13:15,CELL::DEL|SXR|2026-10-06|Economy Flexi|T30(25-35)::ROUND::2026-09-05T20:15,DEL,SXR,2026-10-06,Economy Flexi,T30(25-35),ROUND::2026-09-05T20:15,AI,AI-825,13:15,8152.50,2,AirlineSite;EaseMyTrip,AirlineSite=8050.00;EaseMyTrip=8255.00,8050.00,8255.00,205.00,0.025146,2,2,0,0,OBS01371;OBS01372
CELL::DEL|SXR|2026-10-06|Economy Flexi|T30(25-35)::ROUND::2026-09-06T09:00::FLT::6E|6E-212|10:30,CELL::DEL|SXR|2026-10-06|Economy Flexi|T30(25-35)::ROUND::2026-09-06T09:00,DEL,SXR,2026-10-06,Economy Flexi,T30(25-35),ROUND::2026-09-06T09:00,6E,6E-212,10:30,8396.00,1,Goibibo,Goibibo=8396.00,8396.00,8396.00,0.00,0.000000,1,1,0,0,OBS01887
CELL::DEL|SXR|2026-10-06|Economy Flexi|T30(25-35)::ROUND::2026-09-06T09:00::FLT::SG|SG-101|15:15,CELL::DEL|SXR|2026-10-06|Economy Flexi|T30(25-35)::ROUND::2026-09-06T09:00,DEL,SXR,2026-10-06,Economy Flexi,T30(25-35),ROUND::2026-09-06T09:00,SG,SG-101,15:15,8009.00,1,EaseMyTrip,EaseMyTrip=8009.00,8009.00,8009.00,0.00,0.000000,1,1,0,0,OBS01906
CELL::DEL|SXR|2026-10-06|Economy Flexi|T30(25-35)::ROUND::2026-09-06T14:30::FLT::AI|AI-825|12:00,CELL::DEL|SXR|2026-10-06|Economy Flexi|T30(25-35)::ROUND::2026-09-06T14:30,DEL,SXR,2026-10-06,Economy Flexi,T30(25-35),ROUND::2026-09-06T14:30,AI,AI-825,12:00,8128.00,1,AirlineSite,AirlineSite=8128.00,8128.00,8128.00,0.00,0.000000,1,1,0,0,OBS02985
CELL::DEL|SXR|2026-10-06|Economy Flexi|T30(25-35)::ROUND::2026-09-06T14:30::FLT::AI|AI-825|13:15,CELL::DEL|SXR|2026-10-06|Economy Flexi|T30(25-35)::ROUND::2026-09-06T14:30,DEL,SXR,2026-10-06,Economy Flexi,T30(25-35),ROUND::2026-09-06T14:30,AI,AI-825,13:15,7839.00,2,AirlineSite;Goibibo,AirlineSite=7754.00;Goibibo=7924.00,7754.00,7924.00,170.00,0.021686,2,2,0,0,OBS02395;OBS02396
CELL::DEL|SXR|2026-10-06|Economy Saver|T30(25-35)::ROUND::2026-09-05T14:30::FLT::AI|AI-825|13:15,CELL::DEL|SXR|2026-10-06|Economy Saver|T30(25-35)::ROUND::2026-09-05T14:30,DEL,SXR,2026-10-06,Economy Saver,T30(25-35),ROUND::2026-09-05T14:30,AI,AI-825,13:15,5213.00,1,MMT,MMT=5213.00,5213.00,5213.00,0.00,0.000000,1,1,0,0,OBS00857
CELL::DEL|SXR|2026-10-06|Economy Saver|T30(25-35)::ROUND::2026-09-05T20:15::FLT::6E|6E-212|10:30,CELL::DEL|SXR|2026-10-06|Economy Saver|T30(25-35)::ROUND::2026-09-05T20:15,DEL,SXR,2026-10-06,Economy Saver,T30(25-35),ROUND::2026-09-05T20:15,6E,6E-212,10:30,5190.00,2,EaseMyTrip;Goibibo,EaseMyTrip=5299.00;Goibibo=5081.00,5081.00,5299.00,218.00,0.042004,2,2,0,0,OBS01358;OBS01359
CELL::DEL|SXR|2026-10-06|Economy Saver|T30(25-35)::ROUND::2026-09-05T20:15::FLT::AI|AI-825|13:15,CELL::DEL|SXR|2026-10-06|Economy Saver|T30(25-35)::ROUND::2026-09-05T20:15,DEL,SXR,2026-10-06,Economy Saver,T30(25-35),ROUND::2026-09-05T20:15,AI,AI-825,13:15,5054.00,2,Goibibo;MMT,Goibibo=5035.00;MMT=5073.00,5035.00,5073.00,38.00,0.007519,2,2,0,0,OBS01373;OBS01374
CELL::DEL|SXR|2026-10-06|Economy Saver|T30(25-35)::ROUND::2026-09-05T20:15::FLT::SG|SG-101|15:15,CELL::DEL|SXR|2026-10-06|Economy Saver|T30(25-35)::ROUND::2026-09-05T20:15,DEL,SXR,2026-10-06,Economy Saver,T30(25-35),ROUND::2026-09-05T20:15,SG,SG-101,15:15,4930.00,2,Cleartrip;MMT,Cleartrip=4988.00;MMT=4872.00,4872.00,4988.00,116.00,0.023529,2,2,0,0,OBS01384;OBS01385
CELL::DEL|SXR|2026-10-06|Economy Saver|T30(25-35)::ROUND::2026-09-06T09:00::FLT::6E|6E-212|10:30,CELL::DEL|SXR|2026-10-06|Economy Saver|T30(25-35)::ROUND::2026-09-06T09:00,DEL,SXR,2026-10-06,Economy Saver,T30(25-35),ROUND::2026-09-06T09:00,6E,6E-212,10:30,4985.00,1,AirlineSite,AirlineSite=4985.00,4985.00,4985.00,0.00,0.000000,1,1,0,0,OBS01888
CELL::DEL|SXR|2026-10-06|Economy Saver|T30(25-35)::ROUND::2026-09-06T14:30::FLT::6E|6E-212|10:30,CELL::DEL|SXR|2026-10-06|Economy Saver|T30(25-35)::ROUND::2026-09-06T14:30,DEL,SXR,2026-10-06,Economy Saver,T30(25-35),ROUND::2026-09-06T14:30,6E,6E-212,10:30,5154.00,1,AirlineSite,AirlineSite=5154.00,5154.00,5154.00,0.00,0.000000,1,1,0,0,OBS02388
CELL::DEL|SXR|2026-10-06|Economy Saver|T30(25-35)::ROUND::2026-09-06T14:30::FLT::SG|SG-101|15:15,CELL::DEL|SXR|2026-10-06|Economy Saver|T30(25-35)::ROUND::2026-09-06T14:30,DEL,SXR,2026-10-06,Economy Saver,T30(25-35),ROUND::2026-09-06T14:30,SG,SG-101,15:15,5222.00,2,Cleartrip;Goibibo,Cleartrip=5190.00;Goibibo=5254.00,5190.00,5254.00,64.00,0.012256,2,2,0,0,OBS02402;OBS02403
CELL::DEL|SXR|2026-10-06|Economy Saver|T30(25-35)::ROUND::2026-09-06T20:15::FLT::AI|AI-825|13:15,CELL::DEL|SXR|2026-10-06|Economy Saver|T30(25-35)::ROUND::2026-09-06T20:15,DEL,SXR,2026-10-06,Economy Saver,T30(25-35),ROUND::2026-09-06T20:15,AI,AI-825,13:15,5259.50,2,EaseMyTrip;MMT,EaseMyTrip=5080.00;MMT=5439.00,5080.00,5439.00,359.00,0.068257,2,2,0,0,OBS02906;OBS02907
CELL::DEL|SXR|2026-10-06|Economy Standard|T30(25-35)::ROUND::2026-09-05T09:00::FLT::6E|6E-212|10:30,CELL::DEL|SXR|2026-10-06|Economy Standard|T30(25-35)::ROUND::2026-09-05T09:00,DEL,SXR,2026-10-06,Economy Standard,T30(25-35),ROUND::2026-09-05T09:00,6E,6E-212,10:30,6597.00,1,AirlineSite,AirlineSite=6597.00,6597.00,6597.00,0.00,0.000000,1,1,0,0,OBS00349
CELL::DEL|SXR|2026-10-06|Economy Standard|T30(25-35)::ROUND::2026-09-05T09:00::FLT::AI|AI-825|13:15,CELL::DEL|SXR|2026-10-06|Economy Standard|T30(25-35)::ROUND::2026-09-05T09:00,DEL,SXR,2026-10-06,Economy Standard,T30(25-35),ROUND::2026-09-05T09:00,AI,AI-825,13:15,6524.00,1,Cleartrip,Cleartrip=6524.00,6524.00,6524.00,0.00,0.000000,1,1,0,0,OBS00363
CELL::DEL|SXR|2026-10-06|Economy Standard|T30(25-35)::ROUND::2026-09-05T09:00::FLT::SG|SG-101|15:15,CELL::DEL|SXR|2026-10-06|Economy Standard|T30(25-35)::ROUND::2026-09-05T09:00,DEL,SXR,2026-10-06,Economy Standard,T30(25-35),ROUND::2026-09-05T09:00,SG,SG-101,15:15,6608.50,2,EaseMyTrip;MMT,EaseMyTrip=6536.00;MMT=6681.00,6536.00,6681.00,145.00,0.021941,2,2,0,0,OBS00376;OBS00377
CELL::DEL|SXR|2026-10-06|Economy Standard|T30(25-35)::ROUND::2026-09-05T14:30::FLT::6E|6E-212|10:30,CELL::DEL|SXR|2026-10-06|Economy Standard|T30(25-35)::ROUND::2026-09-05T14:30,DEL,SXR,2026-10-06,Economy Standard,T30(25-35),ROUND::2026-09-05T14:30,6E,6E-212,10:30,6747.00,1,Goibibo,Goibibo=6747.00,6747.00,6747.00,0.00,0.000000,1,1,0,0,OBS00847
CELL::DEL|SXR|2026-10-06|Economy Standard|T30(25-35)::ROUND::2026-09-05T20:15::FLT::SG|SG-101|15:15,CELL::DEL|SXR|2026-10-06|Economy Standard|T30(25-35)::ROUND::2026-09-05T20:15,DEL,SXR,2026-10-06,Economy Standard,T30(25-35),ROUND::2026-09-05T20:15,SG,SG-101,15:15,6317.00,1,Cleartrip,Cleartrip=6317.00,6317.00,6317.00,0.00,0.000000,1,1,0,0,OBS01386
CELL::DEL|SXR|2026-10-06|Economy Standard|T30(25-35)::ROUND::2026-09-06T09:00::FLT::AI|AI-825|13:15,CELL::DEL|SXR|2026-10-06|Economy Standard|T30(25-35)::ROUND::2026-09-06T09:00,DEL,SXR,2026-10-06,Economy Standard,T30(25-35),ROUND::2026-09-06T09:00,AI,AI-825,13:15,6671.00,1,Goibibo,Goibibo=6671.00,6671.00,6671.00,0.00,0.000000,1,1,0,0,OBS01899
CELL::DEL|SXR|2026-10-06|Economy Standard|T30(25-35)::ROUND::2026-09-06T09:00::FLT::SG|SG-101|15:15,CELL::DEL|SXR|2026-10-06|Economy Standard|T30(25-35)::ROUND::2026-09-06T09:00,DEL,SXR,2026-10-06,Economy Standard,T30(25-35),ROUND::2026-09-06T09:00,SG,SG-101,15:15,6521.50,2,EaseMyTrip;MMT,EaseMyTrip=6655.00;MMT=6388.00,6388.00,6655.00,267.00,0.040942,2,2,0,0,OBS01907;OBS01908
CELL::DEL|SXR|2026-10-06|Economy Standard|T30(25-35)::ROUND::2026-09-06T20:15::FLT::6E|6E-212|10:30,CELL::DEL|SXR|2026-10-06|Economy Standard|T30(25-35)::ROUND::2026-09-06T20:15,DEL,SXR,2026-10-06,Economy Standard,T30(25-35),ROUND::2026-09-06T20:15,6E,6E-212,10:30,6459.50,2,AirlineSite;EaseMyTrip,AirlineSite=6271.00;EaseMyTrip=6648.00,6271.00,6648.00,377.00,0.058364,2,2,0,0,OBS02895;OBS02896
CELL::DEL|SXR|2026-10-06|Economy Standard|T30(25-35)::ROUND::2026-09-06T20:15::FLT::AI|AI-825|13:15,CELL::DEL|SXR|2026-10-06|Economy Standard|T30(25-35)::ROUND::2026-09-06T20:15,DEL,SXR,2026-10-06,Economy Standard,T30(25-35),ROUND::2026-09-06T20:15,AI,AI-825,13:15,6706.00,1,EaseMyTrip,EaseMyTrip=6706.00,6706.00,6706.00,0.00,0.000000,1,1,0,0,OBS02905
CELL::DEL|SXR|2026-10-06|Economy Standard|T30(25-35)::ROUND::2026-09-06T20:15::FLT::SG|SG-101|15:15,CELL::DEL|SXR|2026-10-06|Economy Standard|T30(25-35)::ROUND::2026-09-06T20:15,DEL,SXR,2026-10-06,Economy Standard,T30(25-35),ROUND::2026-09-06T20:15,SG,SG-101,15:15,6710.50,2,AirlineSite;Goibibo,AirlineSite=6711.00;Goibibo=6710.00,6710.00,6711.00,1.00,0.000149,2,2,0,0,OBS02919;OBS02920
CELL::DEL|SXR|2026-10-22|Economy Flexi|T45(40-50)::ROUND::2026-09-05T14:30::FLT::6E|6E-212|10:30,CELL::DEL|SXR|2026-10-22|Economy Flexi|T45(40-50)::ROUND::2026-09-05T14:30,DEL,SXR,2026-10-22,Economy Flexi,T45(40-50),ROUND::2026-09-05T14:30,6E,6E-212,10:30,8300.00,1,Cleartrip,Cleartrip=8300.00,8300.00,8300.00,0.00,0.000000,1,1,0,0,OBS00849
CELL::DEL|SXR|2026-10-22|Economy Flexi|T45(40-50)::ROUND::2026-09-05T20:15::FLT::6E|6E-212|10:30,CELL::DEL|SXR|2026-10-22|Economy Flexi|T45(40-50)::ROUND::2026-09-05T20:15,DEL,SXR,2026-10-22,Economy Flexi,T45(40-50),ROUND::2026-09-05T20:15,6E,6E-212,10:30,7818.00,1,MMT,MMT=7818.00,7818.00,7818.00,0.00,0.000000,1,1,0,0,OBS01360
CELL::DEL|SXR|2026-10-22|Economy Flexi|T45(40-50)::ROUND::2026-09-06T09:00::FLT::AI|AI-825|13:15,CELL::DEL|SXR|2026-10-22|Economy Flexi|T45(40-50)::ROUND::2026-09-06T09:00,DEL,SXR,2026-10-22,Economy Flexi,T45(40-50),ROUND::2026-09-06T09:00,AI,AI-825,13:15,8058.00,1,AirlineSite,AirlineSite=8058.00,8058.00,8058.00,0.00,0.000000,1,1,0,0,OBS01901
CELL::DEL|SXR|2026-10-22|Economy Flexi|T45(40-50)::ROUND::2026-09-06T14:30::FLT::AI|AI-825|13:15,CELL::DEL|SXR|2026-10-22|Economy Flexi|T45(40-50)::ROUND::2026-09-06T14:30,DEL,SXR,2026-10-22,Economy Flexi,T45(40-50),ROUND::2026-09-06T14:30,AI,AI-825,13:15,7763.00,1,MMT,MMT=7763.00,7763.00,7763.00,0.00,0.000000,1,1,0,0,OBS02397
CELL::DEL|SXR|2026-10-22|Economy Flexi|T45(40-50)::ROUND::2026-09-06T20:15::FLT::SG|SG-101|15:15,CELL::DEL|SXR|2026-10-22|Economy Flexi|T45(40-50)::ROUND::2026-09-06T20:15,DEL,SXR,2026-10-22,Economy Flexi,T45(40-50),ROUND::2026-09-06T20:15,SG,SG-101,15:15,8223.50,2,Cleartrip;MMT,Cleartrip=8360.00;MMT=8087.00,8087.00,8360.00,273.00,0.033198,2,2,0,0,OBS02921;OBS02922
CELL::DEL|SXR|2026-10-22|Economy Saver|T45(40-50)::ROUND::2026-09-05T09:00::FLT::6E|6E-212|10:30,CELL::DEL|SXR|2026-10-22|Economy Saver|T45(40-50)::ROUND::2026-09-05T09:00,DEL,SXR,2026-10-22,Economy Saver,T45(40-50),ROUND::2026-09-05T09:00,6E,6E-212,10:30,5364.00,2,Cleartrip;MMT,Cleartrip=5301.00;MMT=5427.00,5301.00,5427.00,126.00,0.023490,2,2,0,0,OBS00350;OBS00351
CELL::DEL|SXR|2026-10-22|Economy Saver|T45(40-50)::ROUND::2026-09-05T09:00::FLT::AI|AI-825|13:15,CELL::DEL|SXR|2026-10-22|Economy Saver|T45(40-50)::ROUND::2026-09-05T09:00,DEL,SXR,2026-10-22,Economy Saver,T45(40-50),ROUND::2026-09-05T09:00,AI,AI-825,13:15,5181.00,2,EaseMyTrip;Goibibo,EaseMyTrip=5361.00;Goibibo=5001.00,5001.00,5361.00,360.00,0.069485,2,2,0,0,OBS00364;OBS00365
CELL::DEL|SXR|2026-10-22|Economy Saver|T45(40-50)::ROUND::2026-09-05T09:00::FLT::SG|SG-101|15:15,CELL::DEL|SXR|2026-10-22|Economy Saver|T45(40-50)::ROUND::2026-09-05T09:00,DEL,SXR,2026-10-22,Economy Saver,T45(40-50),ROUND::2026-09-05T09:00,SG,SG-101,15:15,5029.50,2,EaseMyTrip;Goibibo,EaseMyTrip=5027.00;Goibibo=5032.00,5027.00,5032.00,5.00,0.000994,2,2,0,0,OBS00378;OBS00379
CELL::DEL|SXR|2026-10-22|Economy Saver|T45(40-50)::ROUND::2026-09-05T14:30::FLT::AI|AI-825|13:15,CELL::DEL|SXR|2026-10-22|Economy Saver|T45(40-50)::ROUND::2026-09-05T14:30,DEL,SXR,2026-10-22,Economy Saver,T45(40-50),ROUND::2026-09-05T14:30,AI,AI-825,13:15,5380.00,1,EaseMyTrip,EaseMyTrip=5380.00,5380.00,5380.00,0.00,0.000000,1,1,0,0,OBS00858
CELL::DEL|SXR|2026-10-22|Economy Saver|T45(40-50)::ROUND::2026-09-05T14:30::FLT::SG|SG-101|15:15,CELL::DEL|SXR|2026-10-22|Economy Saver|T45(40-50)::ROUND::2026-09-05T14:30,DEL,SXR,2026-10-22,Economy Saver,T45(40-50),ROUND::2026-09-05T14:30,SG,SG-101,15:15,5245.00,1,EaseMyTrip,EaseMyTrip=5245.00,5245.00,5245.00,0.00,0.000000,1,1,0,0,OBS00871
CELL::DEL|SXR|2026-10-22|Economy Saver|T45(40-50)::ROUND::2026-09-05T20:15::FLT::AI|AI-825|13:15,CELL::DEL|SXR|2026-10-22|Economy Saver|T45(40-50)::ROUND::2026-09-05T20:15,DEL,SXR,2026-10-22,Economy Saver,T45(40-50),ROUND::2026-09-05T20:15,AI,AI-825,13:15,5235.00,2,AirlineSite;EaseMyTrip,AirlineSite=5337.00;EaseMyTrip=5133.00,5133.00,5337.00,204.00,0.038968,2,2,0,0,OBS01375;OBS01376
CELL::DEL|SXR|2026-10-22|Economy Saver|T45(40-50)::ROUND::2026-09-06T09:00::FLT::6E|6E-212|10:30,CELL::DEL|SXR|2026-10-22|Economy Saver|T45(40-50)::ROUND::2026-09-06T09:00,DEL,SXR,2026-10-22,Economy Saver,T45(40-50),ROUND::2026-09-06T09:00,6E,6E-212,10:30,5280.00,1,EaseMyTrip,EaseMyTrip=5280.00,5280.00,5280.00,0.00,0.000000,1,1,0,0,OBS01889
CELL::DEL|SXR|2026-10-22|Economy Saver|T45(40-50)::ROUND::2026-09-06T09:00::FLT::AI|AI-825|13:15,CELL::DEL|SXR|2026-10-22|Economy Saver|T45(40-50)::ROUND::2026-09-06T09:00,DEL,SXR,2026-10-22,Economy Saver,T45(40-50),ROUND::2026-09-06T09:00,AI,AI-825,13:15,5047.00,1,AirlineSite,AirlineSite=5047.00,5047.00,5047.00,0.00,0.000000,1,1,0,0,OBS01900
CELL::DEL|SXR|2026-10-22|Economy Saver|T45(40-50)::ROUND::2026-09-06T14:30::FLT::6E|6E-212|10:30,CELL::DEL|SXR|2026-10-22|Economy Saver|T45(40-50)::ROUND::2026-09-06T14:30,DEL,SXR,2026-10-22,Economy Saver,T45(40-50),ROUND::2026-09-06T14:30,6E,6E-212,10:30,5103.50,2,AirlineSite;Cleartrip,AirlineSite=5058.00;Cleartrip=5149.00,5058.00,5149.00,91.00,0.017831,2,2,0,0,OBS02389;OBS02390
CELL::DEL|SXR|2026-10-22|Economy Saver|T45(40-50)::ROUND::2026-09-06T20:15::FLT::AI|AI-825|13:15,CELL::DEL|SXR|2026-10-22|Economy Saver|T45(40-50)::ROUND::2026-09-06T20:15,DEL,SXR,2026-10-22,Economy Saver,T45(40-50),ROUND::2026-09-06T20:15,AI,AI-825,13:15,5384.00,1,MMT,MMT=5384.00,5384.00,5384.00,0.00,0.000000,1,1,0,0,OBS02910
CELL::DEL|SXR|2026-10-22|Economy Standard|T45(40-50)::ROUND::2026-09-05T20:15::FLT::AI|AI-825|13:15,CELL::DEL|SXR|2026-10-22|Economy Standard|T45(40-50)::ROUND::2026-09-05T20:15,DEL,SXR,2026-10-22,Economy Standard,T45(40-50),ROUND::2026-09-05T20:15,AI,AI-825,13:15,6472.00,1,EaseMyTrip,EaseMyTrip=6472.00,6472.00,6472.00,0.00,0.000000,1,1,0,0,OBS01377
CELL::DEL|SXR|2026-10-22|Economy Standard|T45(40-50)::ROUND::2026-09-05T20:15::FLT::SG|SG-101|15:15,CELL::DEL|SXR|2026-10-22|Economy Standard|T45(40-50)::ROUND::2026-09-05T20:15,DEL,SXR,2026-10-22,Economy Standard,T45(40-50),ROUND::2026-09-05T20:15,SG,SG-101,15:15,6309.00,1,AirlineSite,AirlineSite=6309.00,6309.00,6309.00,0.00,0.000000,1,1,0,0,OBS01387
CELL::DEL|SXR|2026-10-22|Economy Standard|T45(40-50)::ROUND::2026-09-06T09:00::FLT::SG|SG-101|15:15,CELL::DEL|SXR|2026-10-22|Economy Standard|T45(40-50)::ROUND::2026-09-06T09:00,DEL,SXR,2026-10-22,Economy Standard,T45(40-50),ROUND::2026-09-06T09:00,SG,SG-101,15:15,6621.00,1,MMT,MMT=6621.00,6621.00,6621.00,0.00,0.000000,1,1,0,0,OBS01909
CELL::DEL|SXR|2026-10-22|Economy Standard|T45(40-50)::ROUND::2026-09-06T14:30::FLT::SG|SG-101|15:15,CELL::DEL|SXR|2026-10-22|Economy Standard|T45(40-50)::ROUND::2026-09-06T14:30,DEL,SXR,2026-10-22,Economy Standard,T45(40-50),ROUND::2026-09-06T14:30,SG,SG-101,15:15,6723.00,1,Cleartrip,Cleartrip=6723.00,6723.00,6723.00,0.00,0.000000,1,1,0,0,OBS02404
CELL::DEL|SXR|2026-10-22|Economy Standard|T45(40-50)::ROUND::2026-09-06T20:15::FLT::6E|6E-212|10:30,CELL::DEL|SXR|2026-10-22|Economy Standard|T45(40-50)::ROUND::2026-09-06T20:15,DEL,SXR,2026-10-22,Economy Standard,T45(40-50),ROUND::2026-09-06T20:15,6E,6E-212,10:30,6861.00,1,Cleartrip,Cleartrip=6861.00,6861.00,6861.00,0.00,0.000000,1,1,0,0,OBS02897
CELL::DEL|SXR|2026-10-22|Economy Standard|T45(40-50)::ROUND::2026-09-06T20:15::FLT::AI|AI-825|13:15,CELL::DEL|SXR|2026-10-22|Economy Standard|T45(40-50)::ROUND::2026-09-06T20:15,DEL,SXR,2026-10-22,Economy Standard,T45(40-50),ROUND::2026-09-06T20:15,AI,AI-825,13:15,6511.00,2,AirlineSite;MMT,AirlineSite=6353.00;MMT=6669.00,6353.00,6669.00,316.00,0.048533,2,2,0,0,OBS02908;OBS02909
CELL::DEL|SXR|2026-10-22|Economy Standard|T45(40-50)::ROUND::2026-09-06T20:15::FLT::SG|SG-101|15:15,CELL::DEL|SXR|2026-10-22|Economy Standard|T45(40-50)::ROUND::2026-09-06T20:15,DEL,SXR,2026-10-22,Economy Standard,T45(40-50),ROUND::2026-09-06T20:15,SG,SG-101,15:15,6789.50,2,AirlineSite;Cleartrip,AirlineSite=6780.00;Cleartrip=6799.00,6780.00,6799.00,19.00,0.002798,2,2,0,0,OBS02923;OBS02924
