route_class_round_series_id,route_id,fare_class,collection_round_id,round_sort_key,round_alignment,contributing_grain_a_series_count,contributing_grain_a_series_ids,observed_origin,observed_destination,observed_directed_pair,route_direction_relation,canonicalization_source,observed_direction_preserved,basket_membership,basket_scope,basket_rank,traffic_weight,traffic_weight_is_metadata_only,route_coverage_status,route_price_state,route_fare_median,route_fare_min,route_fare_max,route_fare_relative_spread,contributing_cell_count,contributing_priced_cell_count,contributing_unpriced_cell_count,anomaly_excluded_cell_count,high_severity_cell_count,review_severity_cell_count,info_severity_cell_count,none_severity_cell_count,anomaly_severity_max,anomaly_rule_ids,not_evaluable_cell_count,not_evaluable_rule_ids,recommended_review,recommended_review_cell_count,market_movement_classes,contributing_observation_count,contributing_observation_id_count,contributing_observation_ids,sold_out_observation_count,excluded_sold_out_observation_count,mapped_observation_count,flight_cell_count,flight_cell_ids,contributing_travel_dates,contributing_travel_date_count,contributing_advance_purchase_windows,contributing_advance_purchase_window_count,consolidation_cell_ids,aggregation_statistic,phase10_schema_version
RCLASS::BOM-DEL|Economy Flexi|ROUND::2026-09-05T09:00,BOM-DEL,Economy Flexi,ROUND::2026-09-05T09:00,2026-09-05 09:00,ANCHORED,5,RSERIES::BOM-DEL|Economy Flexi|T1(0-2)|2026-09-07|ROUND::2026-09-05T09:00;RSERIES::BOM-DEL|Economy Flexi|T15(12-18)|2026-09-21|ROUND::2026-09-05T09:00;RSERIES::BOM-DEL|Economy Flexi|T30(25-35)|2026-10-06|ROUND::2026-09-05T09:00;RSERIES::BOM-DEL|Economy Flexi|T45(40-50)|2026-10-22|ROUND::2026-09-05T09:00;RSERIES::BOM-DEL|Economy Flexi|T7(5-9)|2026-09-13|ROUND::2026-09-05T09:00,BOM,DEL,BOM-DEL,EXACT_KEY_MATCH,scripts/build_vayu_route_basket.py::make_route_id,True,IN_BASKET,BASKET_SCOPED,1,0.162603,True,OBSERVED,PRICED,8939.50,8074.00,11434.00,0.416151,5,5,0,0,0,0,2,3,INFO,R09,5,R05;R06,False,0,COHERENT_MARKET_MOVEMENT;ISOLATED_DEVIATION,14,14,OBS00002;OBS00004;OBS00005;OBS00007;OBS00008;OBS00013;OBS00015;OBS00018;OBS00021;OBS00022;OBS00024;OBS00025;OBS00029;OBS00030,0,0,14,11,CELL::BOM|DEL|2026-09-07|Economy Flexi|T1(0-2)::ROUND::2026-09-05T09:00::FLT::6E|6E-2341|08:00;CELL::BOM|DEL|2026-09-07|Economy Flexi|T1(0-2)::ROUND::2026-09-05T09:00::FLT::QP|QP-1123|18:45;CELL::BOM|DEL|2026-09-13|Economy Flexi|T7(5-9)::ROUND::2026-09-05T09:00::FLT::QP|QP-1123|18:45;CELL::BOM|DEL|2026-09-21|Economy Flexi|T15(12-18)::ROUND::2026-09-05T09:00::FLT::6E|6E-2341|08:00;CELL::BOM|DEL|2026-09-21|Economy Flexi|T15(12-18)::ROUND::2026-09-05T09:00::FLT::AI|AI-865|16:15;CELL::BOM|DEL|2026-09-21|Economy Flexi|T15(12-18)::ROUND::2026-09-05T09:00::FLT::QP|QP-1123|18:45;CELL::BOM|DEL|2026-10-06|Economy Flexi|T30(25-35)::ROUND::2026-09-05T09:00::FLT::6E|6E-2341|08:00;CELL::BOM|DEL|2026-10-06|Economy Flexi|T30(25-35)::ROUND::2026-09-05T09:00::FLT::AI|AI-865|16:15;CELL::BOM|DEL|2026-10-22|Economy Flexi|T45(40-50)::ROUND::2026-09-05T09:00::FLT::6E|6E-2341|08:00;CELL::BOM|DEL|2026-10-22|Economy Flexi|T45(40-50)::ROUND::2026-09-05T09:00::FLT::AI|AI-865|16:15;CELL::BOM|DEL|2026-10-22|Economy Flexi|T45(40-50)::ROUND::2026-09-05T09:00::FLT::QP|QP-1123|18:45,2026-09-07;2026-09-13;2026-09-21;2026-10-06;2026-10-22,5,T1(0-2);T15(12-18);T30(25-35);T45(40-50);T7(5-9),5,CELL::BOM|DEL|2026-09-07|Economy Flexi|T1(0-2)::ROUND::2026-09-05T09:00;CELL::BOM|DEL|2026-09-13|Economy Flexi|T7(5-9)::ROUND::2026-09-05T09:00;CELL::BOM|DEL|2026-09-21|Economy Flexi|T15(12-18)::ROUND::2026-09-05T09:00;CELL::BOM|DEL|2026-10-06|Economy Flexi|T30(25-35)::ROUND::2026-09-05T09:00;CELL::BOM|DEL|2026-10-22|Economy Flexi|T45(40-50)::ROUND::2026-09-05T09:00,MIDPOINT_MEDIAN,phase10-v1
RCLASS::BOM-DEL|Economy Flexi|ROUND::2026-09-05T14:30,BOM-DEL,Economy Flexi,ROUND::2026-09-05T14:30,2026-09-05 14:30,ANCHORED,4,RSERIES::BOM-DEL|Economy Flexi|T1(0-2)|2026-09-07|ROUND::2026-09-05T14:30;RSERIES::BOM-DEL|Economy Flexi|T15(12-18)|2026-09-21|ROUND::2026-09-05T14:30;RSERIES::BOM-DEL|Economy Flexi|T30(25-35)|2026-10-06|ROUND::2026-09-05T14:30;RSERIES::BOM-DEL|Economy Flexi|T45(40-50)|2026-10-22|ROUND::2026-09-05T14:30,BOM,DEL,BOM-DEL,EXACT_KEY_MATCH,scripts/build_vayu_route_basket.py::make_route_id,True,IN_BASKET,BASKET_SCOPED,1,0.162603,True,OBSERVED,PRICED,8325.50,7732.00,11708.00,0.514227,4,4,0,0,0,0,0,4,NONE,,4,R05;R06,False,0,COHERENT_MARKET_MOVEMENT;ISOLATED_DEVIATION,12,12,OBS00522;OBS00523;OBS00524;OBS00525;OBS00526;OBS00527;OBS00533;OBS00535;OBS00541;OBS00542;OBS00544;OBS00545,0,0,12,8,CELL::BOM|DEL|2026-09-07|Economy Flexi|T1(0-2)::ROUND::2026-09-05T14:30::FLT::AI|AI-865|16:15;CELL::BOM|DEL|2026-09-21|Economy Flexi|T15(12-18)::ROUND::2026-09-05T14:30::FLT::6E|6E-2341|08:00;CELL::BOM|DEL|2026-10-06|Economy Flexi|T30(25-35)::ROUND::2026-09-05T14:30::FLT::6E|6E-2341|08:00;CELL::BOM|DEL|2026-10-06|Economy Flexi|T30(25-35)::ROUND::2026-09-05T14:30::FLT::AI|AI-865|16:15;CELL::BOM|DEL|2026-10-06|Economy Flexi|T30(25-35)::ROUND::2026-09-05T14:30::FLT::QP|QP-1123|18:45;CELL::BOM|DEL|2026-10-22|Economy Flexi|T45(40-50)::ROUND::2026-09-05T14:30::FLT::6E|6E-2341|08:00;CELL::BOM|DEL|2026-10-22|Economy Flexi|T45(40-50)::ROUND::2026-09-05T14:30::FLT::AI|AI-865|16:15;CELL::BOM|DEL|2026-10-22|Economy Flexi|T45(40-50)::ROUND::2026-09-05T14:30::FLT::QP|QP-1123|18:45,2026-09-07;2026-09-21;2026-10-06;2026-10-22,4,T1(0-2);T15(12-18);T30(25-35);T45(40-50),4,CELL::BOM|DEL|2026-09-07|Economy Flexi|T1(0-2)::ROUND::2026-09-05T14:30;CELL::BOM|DEL|2026-09-21|Economy Flexi|T15(12-18)::ROUND::2026-09-05T14:30;CELL::BOM|DEL|2026-10-06|Economy Flexi|T30(25-35)::ROUND::2026-09-05T14:30;CELL::BOM|DEL|2026-10-22|Economy Flexi|T45(40-50)::ROUND::2026-09-05T14:30,MIDPOINT_MEDIAN,phase10-v1
RCLASS::BOM-DEL|Economy Flexi|ROUND::2026-09-05T20:15,BOM-DEL,Economy Flexi,ROUND::2026-09-05T20:15,2026-09-05 20:15,ANCHORED,5,RSERIES::BOM-DEL|Economy Flexi|T1(0-2)|2026-09-07|ROUND::2026-09-05T20:15;RSERIES::BOM-DEL|Economy Flexi|T15(12-18)|2026-09-21|ROUND::2026-09-05T20:15;RSERIES::BOM-DEL|Economy Flexi|T30(25-35)|2026-10-06|ROUND::2026-09-05T20:15;RSERIES::BOM-DEL|Economy Flexi|T45(40-50)|2026-10-22|ROUND::2026-09-05T20:15;RSERIES::BOM-DEL|Economy Flexi|T7(5-9)|2026-09-13|ROUND::2026-09-05T20:15,BOM,DEL,BOM-DEL,EXACT_KEY_MATCH,scripts/build_vayu_route_basket.py::make_route_id,True,IN_BASKET,BASKET_SCOPED,1,0.162603,True,OBSERVED,PRICED,8750.25,8205.50,11367.25,0.385321,5,5,0,0,0,0,1,4,INFO,R09,5,R05;R06,False,0,COHERENT_MARKET_MOVEMENT;ISOLATED_DEVIATION,13,13,OBS01017;OBS01022;OBS01023;OBS01026;OBS01027;OBS01032;OBS01033;OBS01036;OBS01037;OBS01040;OBS01041;OBS01042;OBS01043,0,0,13,8,CELL::BOM|DEL|2026-09-07|Economy Flexi|T1(0-2)::ROUND::2026-09-05T20:15::FLT::AI|AI-865|16:15;CELL::BOM|DEL|2026-09-07|Economy Flexi|T1(0-2)::ROUND::2026-09-05T20:15::FLT::QP|QP-1123|18:45;CELL::BOM|DEL|2026-09-13|Economy Flexi|T7(5-9)::ROUND::2026-09-05T20:15::FLT::AI|AI-865|16:15;CELL::BOM|DEL|2026-09-21|Economy Flexi|T15(12-18)::ROUND::2026-09-05T20:15::FLT::AI|AI-865|16:15;CELL::BOM|DEL|2026-09-21|Economy Flexi|T15(12-18)::ROUND::2026-09-05T20:15::FLT::QP|QP-1123|18:45;CELL::BOM|DEL|2026-10-06|Economy Flexi|T30(25-35)::ROUND::2026-09-05T20:15::FLT::6E|6E-2341|08:00;CELL::BOM|DEL|2026-10-06|Economy Flexi|T30(25-35)::ROUND::2026-09-05T20:15::FLT::QP|QP-1123|18:45;CELL::BOM|DEL|2026-10-22|Economy Flexi|T45(40-50)::ROUND::2026-09-05T20:15::FLT::QP|QP-1123|18:45,2026-09-07;2026-09-13;2026-09-21;2026-10-06;2026-10-22,5,T1(0-2);T15(12-18);T30(25-35);T45(40-50);T7(5-9),5,CELL::BOM|DEL|2026-09-07|Economy Flexi|T1(0-2)::ROUND::2026-09-05T20:15;CELL::BOM|DEL|2026-09-13|Economy Flexi|T7(5-9)::ROUND::2026-09-05T20:15;CELL::BOM|DEL|2026-09-21|Economy Flexi|T15(12-18)::ROUND::2026-09-05T20:15;CELL::BOM|DEL|2026-10-06|Economy Flexi|T30(25-35)::ROUND::2026-09-05T20:15;CELL::BOM|DEL|2026-10-22|Economy Flexi|T45(40-50)::ROUND::2026-09-05T20:15,MIDPOINT_MEDIAN,phase10-v1
RCLASS::BOM-DEL|Economy Flexi|ROUND::2026-09-06T09:00,BOM-DEL,Economy Flexi,ROUND::2026-09-06T09:00,2026-09-06 09:00,ANCHORED,5,RSERIES::BOM-DEL|Economy Flexi|T1(0-2)|2026-09-07|ROUND::2026-09-06T09:00;RSERIES::BOM-DEL|Economy Flexi|T15(12-18)|2026-09-21|ROUND::2026-09-06T09:00;RSERIES::BOM-DEL|Economy Flexi|T30(25-35)|2026-10-06|ROUND::2026-09-06T09:00;RSERIES::BOM-DEL|Economy Flexi|T45(40-50)|2026-10-22|ROUND::2026-09-06T09:00;RSERIES::BOM-DEL|Economy Flexi|T7(5-9)|2026-09-13|ROUND::2026-09-06T09:00,BOM,DEL,BOM-DEL,EXACT_KEY_MATCH,scripts/build_vayu_route_basket.py::make_route_id,True,IN_BASKET,BASKET_SCOPED,1,0.162603,True,OBSERVED,PRICED,8629.00,8219.00,11703.25,0.423926,5,5,0,0,0,0,4,1,INFO,R09;R13,5,R05;R06,False,0,COHERENT_MARKET_MOVEMENT;ISOLATED_DEVIATION,12,12,OBS01531;OBS01532;OBS01540;OBS01545;OBS01546;OBS01547;OBS01548;OBS01549;OBS01550;OBS01559;OBS01560;OBS01565,0,0,12,7,CELL::BOM|DEL|2026-09-07|Economy Flexi|T1(0-2)::ROUND::2026-09-06T09:00::FLT::6E|6E-2341|08:00;CELL::BOM|DEL|2026-09-07|Economy Flexi|T1(0-2)::ROUND::2026-09-06T09:00::FLT::AI|AI-865|16:15;CELL::BOM|DEL|2026-09-13|Economy Flexi|T7(5-9)::ROUND::2026-09-06T09:00::FLT::AI|AI-865|16:15;CELL::BOM|DEL|2026-09-13|Economy Flexi|T7(5-9)::ROUND::2026-09-06T09:00::FLT::QP|QP-1123|18:45;CELL::BOM|DEL|2026-09-21|Economy Flexi|T15(12-18)::ROUND::2026-09-06T09:00::FLT::AI|AI-865|16:15;CELL::BOM|DEL|2026-10-06|Economy Flexi|T30(25-35)::ROUND::2026-09-06T09:00::FLT::6E|6E-2341|08:00;CELL::BOM|DEL|2026-10-22|Economy Flexi|T45(40-50)::ROUND::2026-09-06T09:00::FLT::QP|QP-1123|18:45,2026-09-07;2026-09-13;2026-09-21;2026-10-06;2026-10-22,5,T1(0-2);T15(12-18);T30(25-35);T45(40-50);T7(5-9),5,CELL::BOM|DEL|2026-09-07|Economy Flexi|T1(0-2)::ROUND::2026-09-06T09:00;CELL::BOM|DEL|2026-09-13|Economy Flexi|T7(5-9)::ROUND::2026-09-06T09:00;CELL::BOM|DEL|2026-09-21|Economy Flexi|T15(12-18)::ROUND::2026-09-06T09:00;CELL::BOM|DEL|2026-10-06|Economy Flexi|T30(25-35)::ROUND::2026-09-06T09:00;CELL::BOM|DEL|2026-10-22|Economy Flexi|T45(40-50)::ROUND::2026-09-06T09:00,MIDPOINT_MEDIAN,phase10-v1
RCLASS::BOM-DEL|Economy Flexi|ROUND::2026-09-06T14:30,BOM-DEL,Economy Flexi,ROUND::2026-09-06T14:30,2026-09-06 14:30,ANCHORED,5,RSERIES::BOM-DEL|Economy Flexi|T1(0-2)|2026-09-07|ROUND::2026-09-06T14:30;RSERIES::BOM-DEL|Economy Flexi|T15(12-18)|2026-09-21|ROUND::2026-09-06T14:30;RSERIES::BOM-DEL|Economy Flexi|T30(25-35)|2026-10-06|ROUND::2026-09-06T14:30;RSERIES::BOM-DEL|Economy Flexi|T45(40-50)|2026-10-22|ROUND::2026-09-06T14:30;RSERIES::BOM-DEL|Economy Flexi|T7(5-9)|2026-09-13|ROUND::2026-09-06T14:30,BOM,DEL,BOM-DEL,EXACT_KEY_MATCH,scripts/build_vayu_route_basket.py::make_route_id,True,IN_BASKET,BASKET_SCOPED,1,0.162603,True,OBSERVED,PRICED,9239.00,7966.00,11787.50,0.479726,5,5,0,0,0,0,1,4,INFO,R09,1,R06,False,0,COHERENT_MARKET_MOVEMENT;ISOLATED_DEVIATION,16,16,OBS02040;OBS02045;OBS02046;OBS02047;OBS02050;OBS02051;OBS02056;OBS02057;OBS02058;OBS02062;OBS02063;OBS02064;OBS02065;OBS02066;OBS02067;OBS02068,0,0,16,10,CELL::BOM|DEL|2026-09-07|Economy Flexi|T1(0-2)::ROUND::2026-09-06T14:30::FLT::6E|6E-2341|08:00;CELL::BOM|DEL|2026-09-07|Economy Flexi|T1(0-2)::ROUND::2026-09-06T14:30::FLT::AI|AI-865|16:15;CELL::BOM|DEL|2026-09-13|Economy Flexi|T7(5-9)::ROUND::2026-09-06T14:30::FLT::QP|QP-1123|18:45;CELL::BOM|DEL|2026-09-21|Economy Flexi|T15(12-18)::ROUND::2026-09-06T14:30::FLT::QP|QP-1123|18:45;CELL::BOM|DEL|2026-10-06|Economy Flexi|T30(25-35)::ROUND::2026-09-06T14:30::FLT::6E|6E-2341|08:00;CELL::BOM|DEL|2026-10-06|Economy Flexi|T30(25-35)::ROUND::2026-09-06T14:30::FLT::AI|AI-865|16:15;CELL::BOM|DEL|2026-10-06|Economy Flexi|T30(25-35)::ROUND::2026-09-06T14:30::FLT::QP|QP-1123|18:45;CELL::BOM|DEL|2026-10-22|Economy Flexi|T45(40-50)::ROUND::2026-09-06T14:30::FLT::6E|6E-2341|08:00;CELL::BOM|DEL|2026-10-22|Economy Flexi|T45(40-50)::ROUND::2026-09-06T14:30::FLT::AI|AI-865|16:15;CELL::BOM|DEL|2026-10-22|Economy Flexi|T45(40-50)::ROUND::2026-09-06T14:30::FLT::QP|QP-1123|18:45,2026-09-07;2026-09-13;2026-09-21;2026-10-06;2026-10-22,5,T1(0-2);T15(12-18);T30(25-35);T45(40-50);T7(5-9),5,CELL::BOM|DEL|2026-09-07|Economy Flexi|T1(0-2)::ROUND::2026-09-06T14:30;CELL::BOM|DEL|2026-09-13|Economy Flexi|T7(5-9)::ROUND::2026-09-06T14:30;CELL::BOM|DEL|2026-09-21|Economy Flexi|T15(12-18)::ROUND::2026-09-06T14:30;CELL::BOM|DEL|2026-10-06|Economy Flexi|T30(25-35)::ROUND::2026-09-06T14:30;CELL::BOM|DEL|2026-10-22|Economy Flexi|T45(40-50)::ROUND::2026-09-06T14:30,MIDPOINT_MEDIAN,phase10-v1
RCLASS::BOM-DEL|Economy Flexi|ROUND::2026-09-06T20:15,BOM-DEL,Economy Flexi,ROUND::2026-09-06T20:15,2026-09-06 20:15,ANCHORED,4,RSERIES::BOM-DEL|Economy Flexi|T1(0-2)|2026-09-07|ROUND::2026-09-06T20:15;RSERIES::BOM-DEL|Economy Flexi|T15(12-18)|2026-09-21|ROUND::2026-09-06T20:15;RSERIES::BOM-DEL|Economy Flexi|T45(40-50)|2026-10-22|ROUND::2026-09-06T20:15;RSERIES::BOM-DEL|Economy Flexi|T7(5-9)|2026-09-13|ROUND::2026-09-06T20:15,BOM,DEL,BOM-DEL,EXACT_KEY_MATCH,scripts/build_vayu_route_basket.py::make_route_id,True,IN_BASKET,BASKET_SCOPED,1,0.162603,True,OBSERVED,PRICED,9832.25,8029.50,11939.00,0.486892,4,4,0,0,0,0,1,3,INFO,R09,0,,False,0,ISOLATED_DEVIATION,7,7,OBS02542;OBS02543;OBS02554;OBS02555;OBS02558;OBS02559;OBS02561,0,0,7,4,CELL::BOM|DEL|2026-09-07|Economy Flexi|T1(0-2)::ROUND::2026-09-06T20:15::FLT::QP|QP-1123|18:45;CELL::BOM|DEL|2026-09-13|Economy Flexi|T7(5-9)::ROUND::2026-09-06T20:15::FLT::AI|AI-865|16:15;CELL::BOM|DEL|2026-09-21|Economy Flexi|T15(12-18)::ROUND::2026-09-06T20:15::FLT::QP|QP-1123|18:45;CELL::BOM|DEL|2026-10-22|Economy Flexi|T45(40-50)::ROUND::2026-09-06T20:15::FLT::AI|AI-865|16:15,2026-09-07;2026-09-13;2026-09-21;2026-10-22,4,T1(0-2);T15(12-18);T45(40-50);T7(5-9),4,CELL::BOM|DEL|2026-09-07|Economy Flexi|T1(0-2)::ROUND::2026-09-06T20:15;CELL::BOM|DEL|2026-09-13|Economy Flexi|T7(5-9)::ROUND::2026-09-06T20:15;CELL::BOM|DEL|2026-09-21|Economy Flexi|T15(12-18)::ROUND::2026-09-06T20:15;CELL::BOM|DEL|2026-10-22|Economy Flexi|T45(40-50)::ROUND::2026-09-06T20:15,MIDPOINT_MEDIAN,phase10-v1
RCLASS::BOM-DEL|Economy Saver|ROUND::2026-09-05T09:00,BOM-DEL,Economy Saver,ROUND::2026-09-05T09:00,2026-09-05 09:00,ANCHORED,5,RSERIES::BOM-DEL|Economy Saver|T1(0-2)|2026-09-07|ROUND::2026-09-05T09:00;RSERIES::BOM-DEL|Economy Saver|T15(12-18)|2026-09-21|ROUND::2026-09-05T09:00;RSERIES::BOM-DEL|Economy Saver|T30(25-35)|2026-10-06|ROUND::2026-09-05T09:00;RSERIES::BOM-DEL|Economy Saver|T45(40-50)|2026-10-22|ROUND::2026-09-05T09:00;RSERIES::BOM-DEL|Economy Saver|T7(5-9)|2026-09-13|ROUND::2026-09-05T09:00,BOM,DEL,BOM-DEL,EXACT_KEY_MATCH,scripts/build_vayu_route_basket.py::make_route_id,True,IN_BASKET,BASKET_SCOPED,1,0.162603,True,OBSERVED,PRICED,5184.25,5076.00,7586.00,0.494484,5,5,0,0,0,2,1,2,REVIEW,R09;R13,5,R05;R06,True,2,COHERENT_MARKET_MOVEMENT;ISOLATED_DEVIATION,12,12,OBS00001;OBS00003;OBS00010;OBS00016;OBS00017;OBS00019;OBS00020;OBS00023;OBS00026;OBS00027;OBS00028;OBS02976,1,1,13,10,CELL::BOM|DEL|2026-09-07|Economy Saver|T1(0-2)::ROUND::2026-09-05T09:00::FLT::6E|6E-2341|08:00;CELL::BOM|DEL|2026-09-07|Economy Saver|T1(0-2)::ROUND::2026-09-05T09:00::FLT::AI|AI-865|16:15;CELL::BOM|DEL|2026-09-07|Economy Saver|T1(0-2)::ROUND::2026-09-05T09:00::FLT::QP|QP-1123|18:45;CELL::BOM|DEL|2026-09-13|Economy Saver|T7(5-9)::ROUND::2026-09-05T09:00::FLT::6E|6E-2341|08:00;CELL::BOM|DEL|2026-09-13|Economy Saver|T7(5-9)::ROUND::2026-09-05T09:00::FLT::QP|QP-1123|18:45;CELL::BOM|DEL|2026-09-21|Economy Saver|T15(12-18)::ROUND::2026-09-05T09:00::FLT::6E|6E-2341|08:10;CELL::BOM|DEL|2026-09-21|Economy Saver|T15(12-18)::ROUND::2026-09-05T09:00::FLT::AI|AI-865|10:30;CELL::BOM|DEL|2026-10-06|Economy Saver|T30(25-35)::ROUND::2026-09-05T09:00::FLT::QP|QP-1123|18:45;CELL::BOM|DEL|2026-10-22|Economy Saver|T45(40-50)::ROUND::2026-09-05T09:00::FLT::AI|AI-865|16:15;CELL::BOM|DEL|2026-10-22|Economy Saver|T45(40-50)::ROUND::2026-09-05T09:00::FLT::QP|QP-1123|18:45,2026-09-07;2026-09-13;2026-09-21;2026-10-06;2026-10-22,5,T1(0-2);T15(12-18);T30(25-35);T45(40-50);T7(5-9),5,CELL::BOM|DEL|2026-09-07|Economy Saver|T1(0-2)::ROUND::2026-09-05T09:00;CELL::BOM|DEL|2026-09-13|Economy Saver|T7(5-9)::ROUND::2026-09-05T09:00;CELL::BOM|DEL|2026-09-21|Economy Saver|T15(12-18)::ROUND::2026-09-05T09:00;CELL::BOM|DEL|2026-10-06|Economy Saver|T30(25-35)::ROUND::2026-09-05T09:00;CELL::BOM|DEL|2026-10-22|Economy Saver|T45(40-50)::ROUND::2026-09-05T09:00,MIDPOINT_MEDIAN,phase10-v1
RCLASS::BOM-DEL|Economy Saver|ROUND::2026-09-05T14:30,BOM-DEL,Economy Saver,ROUND::2026-09-05T14:30,2026-09-05 14:30,ANCHORED,3,RSERIES::BOM-DEL|Economy Saver|T1(0-2)|2026-09-07|ROUND::2026-09-05T14:30;RSERIES::BOM-DEL|Economy Saver|T15(12-18)|2026-09-21|ROUND::2026-09-05T14:30;RSERIES::BOM-DEL|Economy Saver|T7(5-9)|2026-09-13|ROUND::2026-09-05T14:30,BOM,DEL,BOM-DEL,EXACT_KEY_MATCH,scripts/build_vayu_route_basket.py::make_route_id,True,IN_BASKET,BASKET_SCOPED,1,0.162603,True,OBSERVED,PRICED,6566.00,5711.50,7405.00,0.296507,3,3,0,0,0,0,1,2,INFO,R09,3,R05;R06,False,0,ISOLATED_DEVIATION,5,5,OBS00521;OBS00536;OBS00537;OBS00539;OBS00540,0,0,5,3,CELL::BOM|DEL|2026-09-07|Economy Saver|T1(0-2)::ROUND::2026-09-05T14:30::FLT::QP|QP-1123|18:45;CELL::BOM|DEL|2026-09-13|Economy Saver|T7(5-9)::ROUND::2026-09-05T14:30::FLT::6E|6E-2341|08:00;CELL::BOM|DEL|2026-09-21|Economy Saver|T15(12-18)::ROUND::2026-09-05T14:30::FLT::QP|QP-1123|18:45,2026-09-07;2026-09-13;2026-09-21,3,T1(0-2);T15(12-18);T7(5-9),3,CELL::BOM|DEL|2026-09-07|Economy Saver|T1(0-2)::ROUND::2026-09-05T14:30;CELL::BOM|DEL|2026-09-13|Economy Saver|T7(5-9)::ROUND::2026-09-05T14:30;CELL::BOM|DEL|2026-09-21|Economy Saver|T15(12-18)::ROUND::2026-09-05T14:30,MIDPOINT_MEDIAN,phase10-v1
RCLASS::BOM-DEL|Economy Saver|ROUND::2026-09-05T20:15,BOM-DEL,Economy Saver,ROUND::2026-09-05T20:15,2026-09-05 20:15,ANCHORED,5,RSERIES::BOM-DEL|Economy Saver|T1(0-2)|2026-09-07|ROUND::2026-09-05T20:15;RSERIES::BOM-DEL|Economy Saver|T15(12-18)|2026-09-21|ROUND::2026-09-05T20:15;RSERIES::BOM-DEL|Economy Saver|T30(25-35)|2026-10-06|ROUND::2026-09-05T20:15;RSERIES::BOM-DEL|Economy Saver|T45(40-50)|2026-10-22|ROUND::2026-09-05T20:15;RSERIES::BOM-DEL|Economy Saver|T7(5-9)|2026-09-13|ROUND::2026-09-05T20:15,BOM,DEL,BOM-DEL,EXACT_KEY_MATCH,scripts/build_vayu_route_basket.py::make_route_id,True,IN_BASKET,BASKET_SCOPED,1,0.162603,True,OBSERVED,PRICED,5829.00,5147.00,7333.50,0.424811,5,5,0,0,0,0,1,4,INFO,R09,5,R05;R06,False,0,COHERENT_MARKET_MOVEMENT;ISOLATED_DEVIATION,14,14,OBS01013;OBS01014;OBS01015;OBS01018;OBS01020;OBS01021;OBS01024;OBS01025;OBS01028;OBS01031;OBS01034;OBS01035;OBS01038;OBS01039,0,0,14,10,CELL::BOM|DEL|2026-09-07|Economy Saver|T1(0-2)::ROUND::2026-09-05T20:15::FLT::6E|6E-2341|08:00;CELL::BOM|DEL|2026-09-13|Economy Saver|T7(5-9)::ROUND::2026-09-05T20:15::FLT::6E|6E-2341|08:00;CELL::BOM|DEL|2026-09-13|Economy Saver|T7(5-9)::ROUND::2026-09-05T20:15::FLT::AI|AI-865|16:15;CELL::BOM|DEL|2026-09-13|Economy Saver|T7(5-9)::ROUND::2026-09-05T20:15::FLT::QP|QP-1123|18:45;CELL::BOM|DEL|2026-09-21|Economy Saver|T15(12-18)::ROUND::2026-09-05T20:15::FLT::QP|QP-1123|18:45;CELL::BOM|DEL|2026-10-06|Economy Saver|T30(25-35)::ROUND::2026-09-05T20:15::FLT::6E|6E-2341|08:00;CELL::BOM|DEL|2026-10-06|Economy Saver|T30(25-35)::ROUND::2026-09-05T20:15::FLT::AI|AI-865|16:15;CELL::BOM|DEL|2026-10-06|Economy Saver|T30(25-35)::ROUND::2026-09-05T20:15::FLT::QP|QP-1123|18:45;CELL::BOM|DEL|2026-10-22|Economy Saver|T45(40-50)::ROUND::2026-09-05T20:15::FLT::6E|6E-2341|08:00;CELL::BOM|DEL|2026-10-22|Economy Saver|T45(40-50)::ROUND::2026-09-05T20:15::FLT::AI|AI-865|16:15,2026-09-07;2026-09-13;2026-09-21;2026-10-06;2026-10-22,5,T1(0-2);T15(12-18);T30(25-35);T45(40-50);T7(5-9),5,CELL::BOM|DEL|2026-09-07|Economy Saver|T1(0-2)::ROUND::2026-09-05T20:15;CELL::BOM|DEL|2026-09-13|Economy Saver|T7(5-9)::ROUND::2026-09-05T20:15;CELL::BOM|DEL|2026-09-21|Economy Saver|T15(12-18)::ROUND::2026-09-05T20:15;CELL::BOM|DEL|2026-10-06|Economy Saver|T30(25-35)::ROUND::2026-09-05T20:15;CELL::BOM|DEL|2026-10-22|Economy Saver|T45(40-50)::ROUND::2026-09-05T20:15,MIDPOINT_MEDIAN,phase10-v1
RCLASS::BOM-DEL|Economy Saver|ROUND::2026-09-06T09:00,BOM-DEL,Economy Saver,ROUND::2026-09-06T09:00,2026-09-06 09:00,ANCHORED,3,RSERIES::BOM-DEL|Economy Saver|T1(0-2)|2026-09-07|ROUND::2026-09-06T09:00;RSERIES::BOM-DEL|Economy Saver|T15(12-18)|2026-09-21|ROUND::2026-09-06T09:00;RSERIES::BOM-DEL|Economy Saver|T30(25-35)|2026-10-06|ROUND::2026-09-06T09:00,BOM,DEL,BOM-DEL,EXACT_KEY_MATCH,scripts/build_vayu_route_basket.py::make_route_id,True,IN_BASKET,BASKET_SCOPED,1,0.162603,True,OBSERVED,PRICED,5799.00,5201.75,7603.00,0.461623,3,3,0,0,0,0,0,3,NONE,,3,R05;R06,False,0,COHERENT_MARKET_MOVEMENT;ISOLATED_DEVIATION,8,8,OBS01533;OBS01536;OBS01537;OBS01541;OBS01544;OBS01557;OBS01563;OBS01564,0,0,8,6,CELL::BOM|DEL|2026-09-07|Economy Saver|T1(0-2)::ROUND::2026-09-06T09:00::FLT::6E|6E-2341|08:00;CELL::BOM|DEL|2026-09-07|Economy Saver|T1(0-2)::ROUND::2026-09-06T09:00::FLT::AI|AI-865|16:15;CELL::BOM|DEL|2026-09-07|Economy Saver|T1(0-2)::ROUND::2026-09-06T09:00::FLT::QP|QP-1123|18:45;CELL::BOM|DEL|2026-09-21|Economy Saver|T15(12-18)::ROUND::2026-09-06T09:00::FLT::6E|6E-2341|08:00;CELL::BOM|DEL|2026-10-06|Economy Saver|T30(25-35)::ROUND::2026-09-06T09:00::FLT::6E|6E-2341|08:00;CELL::BOM|DEL|2026-10-06|Economy Saver|T30(25-35)::ROUND::2026-09-06T09:00::FLT::QP|QP-1123|18:45,2026-09-07;2026-09-21;2026-10-06,3,T1(0-2);T15(12-18);T30(25-35),3,CELL::BOM|DEL|2026-09-07|Economy Saver|T1(0-2)::ROUND::2026-09-06T09:00;CELL::BOM|DEL|2026-09-21|Economy Saver|T15(12-18)::ROUND::2026-09-06T09:00;CELL::BOM|DEL|2026-10-06|Economy Saver|T30(25-35)::ROUND::2026-09-06T09:00,MIDPOINT_MEDIAN,phase10-v1
RCLASS::BOM-DEL|Economy Saver|ROUND::2026-09-06T14:30,BOM-DEL,Economy Saver,ROUND::2026-09-06T14:30,2026-09-06 14:30,ANCHORED,4,RSERIES::BOM-DEL|Economy Saver|T1(0-2)|2026-09-07|ROUND::2026-09-06T14:30;RSERIES::BOM-DEL|Economy Saver|T15(12-18)|2026-09-21|ROUND::2026-09-06T14:30;RSERIES::BOM-DEL|Economy Saver|T30(25-35)|2026-10-06|ROUND::2026-09-06T14:30;RSERIES::BOM-DEL|Economy Saver|T7(5-9)|2026-09-13|ROUND::2026-09-06T14:30,BOM,DEL,BOM-DEL,EXACT_KEY_MATCH,scripts/build_vayu_route_basket.py::make_route_id,True,IN_BASKET,BASKET_SCOPED,1,0.162603,True,OBSERVED,PRICED,6335.13,5177.00,7739.00,0.494881,4,4,0,0,0,0,2,2,INFO,R09,2,R06,False,0,COHERENT_MARKET_MOVEMENT;ISOLATED_DEVIATION,8,8,OBS02039;OBS02041;OBS02042;OBS02043;OBS02044;OBS02054;OBS02055;OBS02061,0,0,8,6,CELL::BOM|DEL|2026-09-07|Economy Saver|T1(0-2)::ROUND::2026-09-06T14:30::FLT::6E|6E-2341|08:00;CELL::BOM|DEL|2026-09-07|Economy Saver|T1(0-2)::ROUND::2026-09-06T14:30::FLT::QP|QP-1123|18:45;CELL::BOM|DEL|2026-09-13|Economy Saver|T7(5-9)::ROUND::2026-09-06T14:30::FLT::6E|6E-2341|08:00;CELL::BOM|DEL|2026-09-21|Economy Saver|T15(12-18)::ROUND::2026-09-06T14:30::FLT::6E|6E-2341|08:00;CELL::BOM|DEL|2026-09-21|Economy Saver|T15(12-18)::ROUND::2026-09-06T14:30::FLT::AI|AI-865|16:15;CELL::BOM|DEL|2026-10-06|Economy Saver|T30(25-35)::ROUND::2026-09-06T14:30::FLT::6E|6E-2341|08:00,2026-09-07;2026-09-13;2026-09-21;2026-10-06,4,T1(0-2);T15(12-18);T30(25-35);T7(5-9),4,CELL::BOM|DEL|2026-09-07|Economy Saver|T1(0-2)::ROUND::2026-09-06T14:30;CELL::BOM|DEL|2026-09-13|Economy Saver|T7(5-9)::ROUND::2026-09-06T14:30;CELL::BOM|DEL|2026-09-21|Economy Saver|T15(12-18)::ROUND::2026-09-06T14:30;CELL::BOM|DEL|2026-10-06|Economy Saver|T30(25-35)::ROUND::2026-09-06T14:30,MIDPOINT_MEDIAN,phase10-v1
RCLASS::BOM-DEL|Economy Saver|ROUND::2026-09-06T20:15,BOM-DEL,Economy Saver,ROUND::2026-09-06T20:15,2026-09-06 20:15,ANCHORED,4,RSERIES::BOM-DEL|Economy Saver|T1(0-2)|2026-09-07|ROUND::2026-09-06T20:15;RSERIES::BOM-DEL|Economy Saver|T15(12-18)|2026-09-21|ROUND::2026-09-06T20:15;RSERIES::BOM-DEL|Economy Saver|T30(25-35)|2026-10-06|ROUND::2026-09-06T20:15;RSERIES::BOM-DEL|Economy Saver|T45(40-50)|2026-10-22|ROUND::2026-09-06T20:15,BOM,DEL,BOM-DEL,EXACT_KEY_MATCH,scripts/build_vayu_route_basket.py::make_route_id,True,IN_BASKET,BASKET_SCOPED,1,0.162603,True,OBSERVED,PRICED,5452.88,4925.00,7311.00,0.484467,4,4,0,0,0,0,1,3,INFO,R09,1,R05;R06,False,0,COHERENT_MARKET_MOVEMENT;ISOLATED_DEVIATION,8,8,OBS02548;OBS02549;OBS02550;OBS02551;OBS02553;OBS02556;OBS02557;OBS02564,0,0,8,5,CELL::BOM|DEL|2026-09-07|Economy Saver|T1(0-2)::ROUND::2026-09-06T20:15::FLT::QP|QP-1123|18:45;CELL::BOM|DEL|2026-09-21|Economy Saver|T15(12-18)::ROUND::2026-09-06T20:15::FLT::AI|AI-865|16:15;CELL::BOM|DEL|2026-10-06|Economy Saver|T30(25-35)::ROUND::2026-09-06T20:15::FLT::AI|AI-865|16:15;CELL::BOM|DEL|2026-10-06|Economy Saver|T30(25-35)::ROUND::2026-09-06T20:15::FLT::QP|QP-1123|18:45;CELL::BOM|DEL|2026-10-22|Economy Saver|T45(40-50)::ROUND::2026-09-06T20:15::FLT::AI|AI-865|16:15,2026-09-07;2026-09-21;2026-10-06;2026-10-22,4,T1(0-2);T15(12-18);T30(25-35);T45(40-50),4,CELL::BOM|DEL|2026-09-07|Economy Saver|T1(0-2)::ROUND::2026-09-06T20:15;CELL::BOM|DEL|2026-09-21|Economy Saver|T15(12-18)::ROUND::2026-09-06T20:15;CELL::BOM|DEL|2026-10-06|Economy Saver|T30(25-35)::ROUND::2026-09-06T20:15;CELL::BOM|DEL|2026-10-22|Economy Saver|T45(40-50)::ROUND::2026-09-06T20:15,MIDPOINT_MEDIAN,phase10-v1
RCLASS::BOM-DEL|Economy Saver|ROUND::2026-09-08T09:00,BOM-DEL,Economy Saver,ROUND::2026-09-08T09:00,2026-09-08 09:00,ANCHORED,1,RSERIES::BOM-DEL|Economy Saver|T7(5-9)|2026-09-13|ROUND::2026-09-08T09:00,BOM,DEL,BOM-DEL,EXACT_KEY_MATCH,scripts/build_vayu_route_basket.py::make_route_id,True,IN_BASKET,BASKET_SCOPED,1,0.162603,True,OBSERVED,PRICED,7179.00,7179.00,7179.00,0.000000,1,1,0,0,0,0,1,0,INFO,R09,0,,False,0,ISOLATED_DEVIATION,1,1,OBS02990,0,0,1,1,CELL::BOM|DEL|2026-09-13|Economy Saver|T7(5-9)::ROUND::2026-09-08T09:00::FLT::QP|QP-1123|12:00,2026-09-13,1,T7(5-9),1,CELL::BOM|DEL|2026-09-13|Economy Saver|T7(5-9)::ROUND::2026-09-08T09:00,MIDPOINT_MEDIAN,phase10-v1
RCLASS::BOM-DEL|Economy Saver|ROUND::2026-09-09T14:30,BOM-DEL,Economy Saver,ROUND::2026-09-09T14:30,2026-09-09 14:30,ANCHORED,1,RSERIES::BOM-DEL|Economy Saver|T45(40-50)|2026-10-22|ROUND::2026-09-09T14:30,BOM,DEL,BOM-DEL,EXACT_KEY_MATCH,scripts/build_vayu_route_basket.py::make_route_id,True,IN_BASKET,BASKET_SCOPED,1,0.162603,True,OBSERVED,PRICED,4993.00,4993.00,4993.00,0.000000,1,1,0,0,0,0,1,0,INFO,R09,1,R06,False,0,ISOLATED_DEVIATION,1,1,OBS02997,0,0,1,1,CELL::BOM|DEL|2026-10-22|Economy Saver|T45(40-50)::ROUND::2026-09-09T14:30::FLT::AI|AI-865|12:00,2026-10-22,1,T45(40-50),1,CELL::BOM|DEL|2026-10-22|Economy Saver|T45(40-50)::ROUND::2026-09-09T14:30,MIDPOINT_MEDIAN,phase10-v1
RCLASS::BOM-DEL|Economy Standard|ROUND::2026-09-05T09:00,BOM-DEL,Economy Standard,ROUND::2026-09-05T09:00,2026-09-05 09:00,ANCHORED,3,RSERIES::BOM-DEL|Economy Standard|T30(25-35)|2026-10-06|ROUND::2026-09-05T09:00;RSERIES::BOM-DEL|Economy Standard|T45(40-50)|2026-10-22|ROUND::2026-09-05T09:00;RSERIES::BOM-DEL|Economy Standard|T7(5-9)|2026-09-13|ROUND::2026-09-05T09:00,BOM,DEL,BOM-DEL,EXACT_KEY_MATCH,scripts/build_vayu_route_basket.py::make_route_id,True,IN_BASKET,BASKET_SCOPED,1,0.162603,True,OBSERVED,PRICED,6815.50,6504.00,8256.50,0.269450,3,3,0,0,0,0,1,2,INFO,R09,3,R05;R06,False,0,COHERENT_MARKET_MOVEMENT;ISOLATED_DEVIATION,5,5,OBS00006;OBS00009;OBS00011;OBS00012;OBS00014,0,0,5,4,CELL::BOM|DEL|2026-09-13|Economy Standard|T7(5-9)::ROUND::2026-09-05T09:00::FLT::AI|AI-865|16:15;CELL::BOM|DEL|2026-10-06|Economy Standard|T30(25-35)::ROUND::2026-09-05T09:00::FLT::6E|6E-2341|08:00;CELL::BOM|DEL|2026-10-06|Economy Standard|T30(25-35)::ROUND::2026-09-05T09:00::FLT::AI|AI-865|16:15;CELL::BOM|DEL|2026-10-22|Economy Standard|T45(40-50)::ROUND::2026-09-05T09:00::FLT::6E|6E-2341|08:00,2026-09-13;2026-10-06;2026-10-22,3,T30(25-35);T45(40-50);T7(5-9),3,CELL::BOM|DEL|2026-09-13|Economy Standard|T7(5-9)::ROUND::2026-09-05T09:00;CELL::BOM|DEL|2026-10-06|Economy Standard|T30(25-35)::ROUND::2026-09-05T09:00;CELL::BOM|DEL|2026-10-22|Economy Standard|T45(40-50)::ROUND::2026-09-05T09:00,MIDPOINT_MEDIAN,phase10-v1
RCLASS::BOM-DEL|Economy Standard|ROUND::2026-09-05T14:30,BOM-DEL,Economy Standard,ROUND::2026-09-05T14:30,2026-09-05 14:30,ANCHORED,4,RSERIES::BOM-DEL|Economy Standard|T1(0-2)|2026-09-07|ROUND::2026-09-05T14:30;RSERIES::BOM-DEL|Economy Standard|T15(12-18)|2026-09-21|ROUND::2026-09-05T14:30;RSERIES::BOM-DEL|Economy Standard|T30(25-35)|2026-10-06|ROUND::2026-09-05T14:30;RSERIES::BOM-DEL|Economy Standard|T7(5-9)|2026-09-13|ROUND::2026-09-05T14:30,BOM,DEL,BOM-DEL,EXACT_KEY_MATCH,scripts/build_vayu_route_basket.py::make_route_id,True,IN_BASKET,BASKET_SCOPED,1,0.162603,True,OBSERVED,PRICED,7678.75,6678.00,9277.00,0.389188,4,4,0,0,0,0,1,3,INFO,R09,4,R05;R06,False,0,COHERENT_MARKET_MOVEMENT;ISOLATED_DEVIATION,9,9,OBS00520;OBS00528;OBS00529;OBS00530;OBS00531;OBS00532;OBS00534;OBS00538;OBS00543,0,0,9,7,CELL::BOM|DEL|2026-09-07|Economy Standard|T1(0-2)::ROUND::2026-09-05T14:30::FLT::6E|6E-2341|08:00;CELL::BOM|DEL|2026-09-07|Economy Standard|T1(0-2)::ROUND::2026-09-05T14:30::FLT::AI|AI-865|16:15;CELL::BOM|DEL|2026-09-13|Economy Standard|T7(5-9)::ROUND::2026-09-05T14:30::FLT::AI|AI-865|16:15;CELL::BOM|DEL|2026-09-13|Economy Standard|T7(5-9)::ROUND::2026-09-05T14:30::FLT::QP|QP-1123|18:45;CELL::BOM|DEL|2026-09-21|Economy Standard|T15(12-18)::ROUND::2026-09-05T14:30::FLT::AI|AI-865|16:15;CELL::BOM|DEL|2026-10-06|Economy Standard|T30(25-35)::ROUND::2026-09-05T14:30::FLT::AI|AI-865|16:15;CELL::BOM|DEL|2026-10-06|Economy Standard|T30(25-35)::ROUND::2026-09-05T14:30::FLT::QP|QP-1123|18:45,2026-09-07;2026-09-13;2026-09-21;2026-10-06,4,T1(0-2);T15(12-18);T30(25-35);T7(5-9),4,CELL::BOM|DEL|2026-09-07|Economy Standard|T1(0-2)::ROUND::2026-09-05T14:30;CELL::BOM|DEL|2026-09-13|Economy Standard|T7(5-9)::ROUND::2026-09-05T14:30;CELL::BOM|DEL|2026-09-21|Economy Standard|T15(12-18)::ROUND::2026-09-05T14:30;CELL::BOM|DEL|2026-10-06|Economy Standard|T30(25-35)::ROUND::2026-09-05T14:30,MIDPOINT_MEDIAN,phase10-v1
RCLASS::BOM-DEL|Economy Standard|ROUND::2026-09-05T20:15,BOM-DEL,Economy Standard,ROUND::2026-09-05T20:15,2026-09-05 20:15,ANCHORED,3,RSERIES::BOM-DEL|Economy Standard|T15(12-18)|2026-09-21|ROUND::2026-09-05T20:15;RSERIES::BOM-DEL|Economy Standard|T30(25-35)|2026-10-06|ROUND::2026-09-05T20:15;RSERIES::BOM-DEL|Economy Standard|T45(40-50)|2026-10-22|ROUND::2026-09-05T20:15,BOM,DEL,BOM-DEL,EXACT_KEY_MATCH,scripts/build_vayu_route_basket.py::make_route_id,True,IN_BASKET,BASKET_SCOPED,1,0.162603,True,OBSERVED,PRICED,6465.00,6408.00,6939.00,0.082865,3,3,0,0,0,0,2,1,INFO,R09,3,R05;R06,False,0,ISOLATED_DEVIATION,4,4,OBS01016;OBS01019;OBS01029;OBS01030,0,0,4,3,CELL::BOM|DEL|2026-09-21|Economy Standard|T15(12-18)::ROUND::2026-09-05T20:15::FLT::6E|6E-2341|08:00;CELL::BOM|DEL|2026-10-06|Economy Standard|T30(25-35)::ROUND::2026-09-05T20:15::FLT::AI|AI-865|16:15;CELL::BOM|DEL|2026-10-22|Economy Standard|T45(40-50)::ROUND::2026-09-05T20:15::FLT::6E|6E-2341|08:00,2026-09-21;2026-10-06;2026-10-22,3,T15(12-18);T30(25-35);T45(40-50),3,CELL::BOM|DEL|2026-09-21|Economy Standard|T15(12-18)::ROUND::2026-09-05T20:15;CELL::BOM|DEL|2026-10-06|Economy Standard|T30(25-35)::ROUND::2026-09-05T20:15;CELL::BOM|DEL|2026-10-22|Economy Standard|T45(40-50)::ROUND::2026-09-05T20:15,MIDPOINT_MEDIAN,phase10-v1
RCLASS::BOM-DEL|Economy Standard|ROUND::2026-09-06T09:00,BOM-DEL,Economy Standard,ROUND::2026-09-06T09:00,2026-09-06 09:00,ANCHORED,5,RSERIES::BOM-DEL|Economy Standard|T1(0-2)|2026-09-07|ROUND::2026-09-06T09:00;RSERIES::BOM-DEL|Economy Standard|T15(12-18)|2026-09-21|ROUND::2026-09-06T09:00;RSERIES::BOM-DEL|Economy Standard|T30(25-35)|2026-10-06|ROUND::2026-09-06T09:00;RSERIES::BOM-DEL|Economy Standard|T45(40-50)|2026-10-22|ROUND::2026-09-06T09:00;RSERIES::BOM-DEL|Economy Standard|T7(5-9)|2026-09-13|ROUND::2026-09-06T09:00,BOM,DEL,BOM-DEL,EXACT_KEY_MATCH,scripts/build_vayu_route_basket.py::make_route_id,True,IN_BASKET,BASKET_SCOPED,1,0.162603,True,OBSERVED,PRICED,7385.00,6488.00,9697.00,0.494605,5,5,0,0,0,0,1,4,INFO,R09,5,R05;R06,False,0,COHERENT_MARKET_MOVEMENT;ISOLATED_DEVIATION,17,17,OBS01534;OBS01535;OBS01538;OBS01539;OBS01542;OBS01543;OBS01551;OBS01552;OBS01553;OBS01554;OBS01555;OBS01556;OBS01558;OBS01561;OBS01562;OBS01566;OBS01567,0,0,17,10,CELL::BOM|DEL|2026-09-07|Economy Standard|T1(0-2)::ROUND::2026-09-06T09:00::FLT::QP|QP-1123|18:45;CELL::BOM|DEL|2026-09-13|Economy Standard|T7(5-9)::ROUND::2026-09-06T09:00::FLT::6E|6E-2341|08:00;CELL::BOM|DEL|2026-09-13|Economy Standard|T7(5-9)::ROUND::2026-09-06T09:00::FLT::QP|QP-1123|18:45;CELL::BOM|DEL|2026-09-21|Economy Standard|T15(12-18)::ROUND::2026-09-06T09:00::FLT::6E|6E-2341|08:00;CELL::BOM|DEL|2026-09-21|Economy Standard|T15(12-18)::ROUND::2026-09-06T09:00::FLT::AI|AI-865|16:15;CELL::BOM|DEL|2026-09-21|Economy Standard|T15(12-18)::ROUND::2026-09-06T09:00::FLT::QP|QP-1123|18:45;CELL::BOM|DEL|2026-10-06|Economy Standard|T30(25-35)::ROUND::2026-09-06T09:00::FLT::AI|AI-865|16:15;CELL::BOM|DEL|2026-10-22|Economy Standard|T45(40-50)::ROUND::2026-09-06T09:00::FLT::6E|6E-2341|08:00;CELL::BOM|DEL|2026-10-22|Economy Standard|T45(40-50)::ROUND::2026-09-06T09:00::FLT::AI|AI-865|16:15;CELL::BOM|DEL|2026-10-22|Economy Standard|T45(40-50)::ROUND::2026-09-06T09:00::FLT::QP|QP-1123|18:45,2026-09-07;2026-09-13;2026-09-21;2026-10-06;2026-10-22,5,T1(0-2);T15(12-18);T30(25-35);T45(40-50);T7(5-9),5,CELL::BOM|DEL|2026-09-07|Economy Standard|T1(0-2)::ROUND::2026-09-06T09:00;CELL::BOM|DEL|2026-09-13|Economy Standard|T7(5-9)::ROUND::2026-09-06T09:00;CELL::BOM|DEL|2026-09-21|Economy Standard|T15(12-18)::ROUND::2026-09-06T09:00;CELL::BOM|DEL|2026-10-06|Economy Standard|T30(25-35)::ROUND::2026-09-06T09:00;CELL::BOM|DEL|2026-10-22|Economy Standard|T45(40-50)::ROUND::2026-09-06T09:00,MIDPOINT_MEDIAN,phase10-v1
RCLASS::BOM-DEL|Economy Standard|ROUND::2026-09-06T14:30,BOM-DEL,Economy Standard,ROUND::2026-09-06T14:30,2026-09-06 14:30,ANCHORED,3,RSERIES::BOM-DEL|Economy Standard|T1(0-2)|2026-09-07|ROUND::2026-09-06T14:30;RSERIES::BOM-DEL|Economy Standard|T45(40-50)|2026-10-22|ROUND::2026-09-06T14:30;RSERIES::BOM-DEL|Economy Standard|T7(5-9)|2026-09-13|ROUND::2026-09-06T14:30,BOM,DEL,BOM-DEL,EXACT_KEY_MATCH,scripts/build_vayu_route_basket.py::make_route_id,True,IN_BASKET,BASKET_SCOPED,1,0.162603,True,OBSERVED,PRICED,8428.50,6424.00,9786.00,0.523350,3,3,0,0,0,0,0,3,NONE,,3,R05;R06,False,0,ISOLATED_DEVIATION,6,6,OBS02048;OBS02049;OBS02052;OBS02053;OBS02059;OBS02060,0,0,6,3,CELL::BOM|DEL|2026-09-07|Economy Standard|T1(0-2)::ROUND::2026-09-06T14:30::FLT::QP|QP-1123|18:45;CELL::BOM|DEL|2026-09-13|Economy Standard|T7(5-9)::ROUND::2026-09-06T14:30::FLT::AI|AI-865|16:15;CELL::BOM|DEL|2026-10-22|Economy Standard|T45(40-50)::ROUND::2026-09-06T14:30::FLT::6E|6E-2341|08:00,2026-09-07;2026-09-13;2026-10-22,3,T1(0-2);T45(40-50);T7(5-9),3,CELL::BOM|DEL|2026-09-07|Economy Standard|T1(0-2)::ROUND::2026-09-06T14:30;CELL::BOM|DEL|2026-09-13|Economy Standard|T7(5-9)::ROUND::2026-09-06T14:30;CELL::BOM|DEL|2026-10-22|Economy Standard|T45(40-50)::ROUND::2026-09-06T14:30,MIDPOINT_MEDIAN,phase10-v1
RCLASS::BOM-DEL|Economy Standard|ROUND::2026-09-06T20:15,BOM-DEL,Economy Standard,ROUND::2026-09-06T20:15,2026-09-06 20:15,ANCHORED,5,RSERIES::BOM-DEL|Economy Standard|T1(0-2)|2026-09-07|ROUND::2026-09-06T20:15;RSERIES::BOM-DEL|Economy Standard|T15(12-18)|2026-09-21|ROUND::2026-09-06T20:15;RSERIES::BOM-DEL|Economy Standard|T30(25-35)|2026-10-06|ROUND::2026-09-06T20:15;RSERIES::BOM-DEL|Economy Standard|T45(40-50)|2026-10-22|ROUND::2026-09-06T20:15;RSERIES::BOM-DEL|Economy Standard|T7(5-9)|2026-09-13|ROUND::2026-09-06T20:15,BOM,DEL,BOM-DEL,EXACT_KEY_MATCH,scripts/build_vayu_route_basket.py::make_route_id,True,IN_BASKET,BASKET_SCOPED,1,0.162603,True,OBSERVED,PRICED,7372.00,6454.50,9520.50,0.475017,5,5,0,0,0,0,0,5,NONE,,2,R06,False,0,COHERENT_MARKET_MOVEMENT,19,19,OBS02533;OBS02534;OBS02535;OBS02536;OBS02537;OBS02538;OBS02539;OBS02540;OBS02541;OBS02544;OBS02545;OBS02546;OBS02547;OBS02552;OBS02560;OBS02562;OBS02563;OBS02565;OBS02566,0,0,19,12,CELL::BOM|DEL|2026-09-07|Economy Standard|T1(0-2)::ROUND::2026-09-06T20:15::FLT::6E|6E-2341|08:00;CELL::BOM|DEL|2026-09-07|Economy Standard|T1(0-2)::ROUND::2026-09-06T20:15::FLT::AI|AI-865|16:15;CELL::BOM|DEL|2026-09-13|Economy Standard|T7(5-9)::ROUND::2026-09-06T20:15::FLT::6E|6E-2341|08:00;CELL::BOM|DEL|2026-09-13|Economy Standard|T7(5-9)::ROUND::2026-09-06T20:15::FLT::AI|AI-865|16:15;CELL::BOM|DEL|2026-09-13|Economy Standard|T7(5-9)::ROUND::2026-09-06T20:15::FLT::QP|QP-1123|18:45;CELL::BOM|DEL|2026-09-21|Economy Standard|T15(12-18)::ROUND::2026-09-06T20:15::FLT::6E|6E-2341|08:00;CELL::BOM|DEL|2026-09-21|Economy Standard|T15(12-18)::ROUND::2026-09-06T20:15::FLT::AI|AI-865|16:15;CELL::BOM|DEL|2026-10-06|Economy Standard|T30(25-35)::ROUND::2026-09-06T20:15::FLT::6E|6E-2341|08:00;CELL::BOM|DEL|2026-10-06|Economy Standard|T30(25-35)::ROUND::2026-09-06T20:15::FLT::AI|AI-865|16:15;CELL::BOM|DEL|2026-10-06|Economy Standard|T30(25-35)::ROUND::2026-09-06T20:15::FLT::QP|QP-1123|18:45;CELL::BOM|DEL|2026-10-22|Economy Standard|T45(40-50)::ROUND::2026-09-06T20:15::FLT::6E|6E-2341|08:00;CELL::BOM|DEL|2026-10-22|Economy Standard|T45(40-50)::ROUND::2026-09-06T20:15::FLT::QP|QP-1123|18:45,2026-09-07;2026-09-13;2026-09-21;2026-10-06;2026-10-22,5,T1(0-2);T15(12-18);T30(25-35);T45(40-50);T7(5-9),5,CELL::BOM|DEL|2026-09-07|Economy Standard|T1(0-2)::ROUND::2026-09-06T20:15;CELL::BOM|DEL|2026-09-13|Economy Standard|T7(5-9)::ROUND::2026-09-06T20:15;CELL::BOM|DEL|2026-09-21|Economy Standard|T15(12-18)::ROUND::2026-09-06T20:15;CELL::BOM|DEL|2026-10-06|Economy Standard|T30(25-35)::ROUND::2026-09-06T20:15;CELL::BOM|DEL|2026-10-22|Economy Standard|T45(40-50)::ROUND::2026-09-06T20:15,MIDPOINT_MEDIAN,phase10-v1
RCLASS::BLR-DEL|Economy Flexi|ROUND::2026-09-05T09:00,BLR-DEL,Economy Flexi,ROUND::2026-09-05T09:00,2026-09-05 09:00,ANCHORED,5,RSERIES::BLR-DEL|Economy Flexi|T1(0-2)|2026-09-07|ROUND::2026-09-05T09:00;RSERIES::BLR-DEL|Economy Flexi|T15(12-18)|2026-09-21|ROUND::2026-09-05T09:00;RSERIES::BLR-DEL|Economy Flexi|T30(25-35)|2026-10-06|ROUND::2026-09-05T09:00;RSERIES::BLR-DEL|Economy Flexi|T45(40-50)|2026-10-22|ROUND::2026-09-05T09:00;RSERIES::BLR-DEL|Economy Flexi|T7(5-9)|2026-09-13|ROUND::2026-09-05T09:00,BLR,DEL,BLR-DEL,EXACT_KEY_MATCH,scripts/build_vayu_route_basket.py::make_route_id,True,IN_BASKET,BASKET_SCOPED,2,0.111103,True,OBSERVED,PRICED,8448.00,7745.25,11441.00,0.477163,5,5,0,0,0,0,3,2,INFO,R09,5,R05;R06,False,0,COHERENT_MARKET_MOVEMENT;ISOLATED_DEVIATION,12,12,OBS00031;OBS00032;OBS00037;OBS00038;OBS00039;OBS00048;OBS00049;OBS00052;OBS00053;OBS00059;OBS00064;OBS00065,0,0,12,9,CELL::BLR|DEL|2026-09-07|Economy Flexi|T1(0-2)::ROUND::2026-09-05T09:00::FLT::6E|6E-5011|13:45;CELL::BLR|DEL|2026-09-13|Economy Flexi|T7(5-9)::ROUND::2026-09-05T09:00::FLT::6E|6E-5011|13:45;CELL::BLR|DEL|2026-09-21|Economy Flexi|T15(12-18)::ROUND::2026-09-05T09:00::FLT::AI|AI-503|19:15;CELL::BLR|DEL|2026-09-21|Economy Flexi|T15(12-18)::ROUND::2026-09-05T09:00::FLT::IX|IX-782|09:30;CELL::BLR|DEL|2026-10-06|Economy Flexi|T30(25-35)::ROUND::2026-09-05T09:00::FLT::6E|6E-5011|13:45;CELL::BLR|DEL|2026-10-06|Economy Flexi|T30(25-35)::ROUND::2026-09-05T09:00::FLT::AI|AI-503|19:15;CELL::BLR|DEL|2026-10-22|Economy Flexi|T45(40-50)::ROUND::2026-09-05T09:00::FLT::6E|6E-5011|13:45;CELL::BLR|DEL|2026-10-22|Economy Flexi|T45(40-50)::ROUND::2026-09-05T09:00::FLT::AI|AI-503|19:15;CELL::BLR|DEL|2026-10-22|Economy Flexi|T45(40-50)::ROUND::2026-09-05T09:00::FLT::IX|IX-782|09:30,2026-09-07;2026-09-13;2026-09-21;2026-10-06;2026-10-22,5,T1(0-2);T15(12-18);T30(25-35);T45(40-50);T7(5-9),5,CELL::BLR|DEL|2026-09-07|Economy Flexi|T1(0-2)::ROUND::2026-09-05T09:00;CELL::BLR|DEL|2026-09-13|Economy Flexi|T7(5-9)::ROUND::2026-09-05T09:00;CELL::BLR|DEL|2026-09-21|Economy Flexi|T15(12-18)::ROUND::2026-09-05T09:00;CELL::BLR|DEL|2026-10-06|Economy Flexi|T30(25-35)::ROUND::2026-09-05T09:00;CELL::BLR|DEL|2026-10-22|Economy Flexi|T45(40-50)::ROUND::2026-09-05T09:00,MIDPOINT_MEDIAN,phase10-v1
RCLASS::BLR-DEL|Economy Flexi|ROUND::2026-09-05T14:30,BLR-DEL,Economy Flexi,ROUND::2026-09-05T14:30,2026-09-05 14:30,ANCHORED,5,RSERIES::BLR-DEL|Economy Flexi|T1(0-2)|2026-09-07|ROUND::2026-09-05T14:30;RSERIES::BLR-DEL|Economy Flexi|T15(12-18)|2026-09-21|ROUND::2026-09-05T14:30;RSERIES::BLR-DEL|Economy Flexi|T30(25-35)|2026-10-06|ROUND::2026-09-05T14:30;RSERIES::BLR-DEL|Economy Flexi|T45(40-50)|2026-10-22|ROUND::2026-09-05T14:30;RSERIES::BLR-DEL|Economy Flexi|T7(5-9)|2026-09-13|ROUND::2026-09-05T14:30,BLR,DEL,BLR-DEL,EXACT_KEY_MATCH,scripts/build_vayu_route_basket.py::make_route_id,True,IN_BASKET,BASKET_SCOPED,2,0.111103,True,OBSERVED,PRICED,9083.50,7706.00,11156.00,0.447703,5,5,0,0,0,0,1,4,INFO,R09,5,R05;R06,False,0,COHERENT_MARKET_MOVEMENT;ISOLATED_DEVIATION,12,12,OBS00548;OBS00550;OBS00551;OBS00553;OBS00554;OBS00556;OBS00557;OBS00558;OBS00561;OBS00562;OBS00566;OBS00576,0,0,12,9,CELL::BLR|DEL|2026-09-07|Economy Flexi|T1(0-2)::ROUND::2026-09-05T14:30::FLT::AI|AI-503|19:15;CELL::BLR|DEL|2026-09-13|Economy Flexi|T7(5-9)::ROUND::2026-09-05T14:30::FLT::6E|6E-5011|13:45;CELL::BLR|DEL|2026-09-13|Economy Flexi|T7(5-9)::ROUND::2026-09-05T14:30::FLT::AI|AI-503|19:15;CELL::BLR|DEL|2026-09-21|Economy Flexi|T15(12-18)::ROUND::2026-09-05T14:30::FLT::6E|6E-5011|13:45;CELL::BLR|DEL|2026-09-21|Economy Flexi|T15(12-18)::ROUND::2026-09-05T14:30::FLT::AI|AI-503|19:15;CELL::BLR|DEL|2026-10-06|Economy Flexi|T30(25-35)::ROUND::2026-09-05T14:30::FLT::6E|6E-5011|13:45;CELL::BLR|DEL|2026-10-06|Economy Flexi|T30(25-35)::ROUND::2026-09-05T14:30::FLT::IX|IX-782|09:30;CELL::BLR|DEL|2026-10-22|Economy Flexi|T45(40-50)::ROUND::2026-09-05T14:30::FLT::6E|6E-5011|13:45;CELL::BLR|DEL|2026-10-22|Economy Flexi|T45(40-50)::ROUND::2026-09-05T14:30::FLT::AI|AI-503|19:15,2026-09-07;2026-09-13;2026-09-21;2026-10-06;2026-10-22,5,T1(0-2);T15(12-18);T30(25-35);T45(40-50);T7(5-9),5,CELL::BLR|DEL|2026-09-07|Economy Flexi|T1(0-2)::ROUND::2026-09-05T14:30;CELL::BLR|DEL|2026-09-13|Economy Flexi|T7(5-9)::ROUND::2026-09-05T14:30;CELL::BLR|DEL|2026-09-21|Economy Flexi|T15(12-18)::ROUND::2026-09-05T14:30;CELL::BLR|DEL|2026-10-06|Economy Flexi|T30(25-35)::ROUND::2026-09-05T14:30;CELL::BLR|DEL|2026-10-22|Economy Flexi|T45(40-50)::ROUND::2026-09-05T14:30,MIDPOINT_MEDIAN,phase10-v1
RCLASS::BLR-DEL|Economy Flexi|ROUND::2026-09-05T20:15,BLR-DEL,Economy Flexi,ROUND::2026-09-05T20:15,2026-09-05 20:15,ANCHORED,5,RSERIES::BLR-DEL|Economy Flexi|T1(0-2)|2026-09-07|ROUND::2026-09-05T20:15;RSERIES::BLR-DEL|Economy Flexi|T15(12-18)|2026-09-21|ROUND::2026-09-05T20:15;RSERIES::BLR-DEL|Economy Flexi|T30(25-35)|2026-10-06|ROUND::2026-09-05T20:15;RSERIES::BLR-DEL|Economy Flexi|T45(40-50)|2026-10-22|ROUND::2026-09-05T20:15;RSERIES::BLR-DEL|Economy Flexi|T7(5-9)|2026-09-13|ROUND::2026-09-05T20:15,BLR,DEL,BLR-DEL,EXACT_KEY_MATCH,scripts/build_vayu_route_basket.py::make_route_id,True,IN_BASKET,BASKET_SCOPED,2,0.111103,True,OBSERVED,PRICED,8537.50,7921.50,11571.00,0.460708,5,5,0,0,0,0,1,4,INFO,R09,5,R05;R06,False,0,COHERENT_MARKET_MOVEMENT;ISOLATED_DEVIATION,11,11,OBS01046;OBS01049;OBS01050;OBS01051;OBS01060;OBS01061;OBS01068;OBS01069;OBS01074;OBS01076;OBS01077,0,0,11,10,CELL::BLR|DEL|2026-09-07|Economy Flexi|T1(0-2)::ROUND::2026-09-05T20:15::FLT::6E|6E-5011|13:45;CELL::BLR|DEL|2026-09-07|Economy Flexi|T1(0-2)::ROUND::2026-09-05T20:15::FLT::AI|AI-503|19:15;CELL::BLR|DEL|2026-09-07|Economy Flexi|T1(0-2)::ROUND::2026-09-05T20:15::FLT::IX|IX-782|09:30;CELL::BLR|DEL|2026-09-13|Economy Flexi|T7(5-9)::ROUND::2026-09-05T20:15::FLT::6E|6E-5011|13:45;CELL::BLR|DEL|2026-09-13|Economy Flexi|T7(5-9)::ROUND::2026-09-05T20:15::FLT::AI|AI-503|19:15;CELL::BLR|DEL|2026-09-21|Economy Flexi|T15(12-18)::ROUND::2026-09-05T20:15::FLT::6E|6E-5011|13:45;CELL::BLR|DEL|2026-09-21|Economy Flexi|T15(12-18)::ROUND::2026-09-05T20:15::FLT::IX|IX-782|09:30;CELL::BLR|DEL|2026-10-06|Economy Flexi|T30(25-35)::ROUND::2026-09-05T20:15::FLT::IX|IX-782|09:30;CELL::BLR|DEL|2026-10-22|Economy Flexi|T45(40-50)::ROUND::2026-09-05T20:15::FLT::AI|AI-503|19:15;CELL::BLR|DEL|2026-10-22|Economy Flexi|T45(40-50)::ROUND::2026-09-05T20:15::FLT::IX|IX-782|09:30,2026-09-07;2026-09-13;2026-09-21;2026-10-06;2026-10-22,5,T1(0-2);T15(12-18);T30(25-35);T45(40-50);T7(5-9),5,CELL::BLR|DEL|2026-09-07|Economy Flexi|T1(0-2)::ROUND::2026-09-05T20:15;CELL::BLR|DEL|2026-09-13|Economy Flexi|T7(5-9)::ROUND::2026-09-05T20:15;CELL::BLR|DEL|2026-09-21|Economy Flexi|T15(12-18)::ROUND::2026-09-05T20:15;CELL::BLR|DEL|2026-10-06|Economy Flexi|T30(25-35)::ROUND::2026-09-05T20:15;CELL::BLR|DEL|2026-10-22|Economy Flexi|T45(40-50)::ROUND::2026-09-05T20:15,MIDPOINT_MEDIAN,phase10-v1
RCLASS::BLR-DEL|Economy Flexi|ROUND::2026-09-06T09:00,BLR-DEL,Economy Flexi,ROUND::2026-09-06T09:00,2026-09-06 09:00,ANCHORED,5,RSERIES::BLR-DEL|Economy Flexi|T1(0-2)|2026-09-07|ROUND::2026-09-06T09:00;RSERIES::BLR-DEL|Economy Flexi|T15(12-18)|2026-09-21|ROUND::2026-09-06T09:00;RSERIES::BLR-DEL|Economy Flexi|T30(25-35)|2026-10-06|ROUND::2026-09-06T09:00;RSERIES::BLR-DEL|Economy Flexi|T45(40-50)|2026-10-22|ROUND::2026-09-06T09:00;RSERIES::BLR-DEL|Economy Flexi|T7(5-9)|2026-09-13|ROUND::2026-09-06T09:00,BLR,DEL,BLR-DEL,EXACT_KEY_MATCH,scripts/build_vayu_route_basket.py::make_route_id,True,IN_BASKET,BASKET_SCOPED,2,0.111103,True,OBSERVED,PRICED,8754.50,8034.50,11615.00,0.445641,5,5,0,0,0,0,1,4,INFO,R09,5,R06,False,0,COHERENT_MARKET_MOVEMENT;ISOLATED_DEVIATION,14,14,OBS01568;OBS01569;OBS01576;OBS01578;OBS01579;OBS01580;OBS01582;OBS01587;OBS01590;OBS01593;OBS01594;OBS01595;OBS01601;OBS01602,0,0,14,10,CELL::BLR|DEL|2026-09-07|Economy Flexi|T1(0-2)::ROUND::2026-09-06T09:00::FLT::6E|6E-5011|13:45;CELL::BLR|DEL|2026-09-07|Economy Flexi|T1(0-2)::ROUND::2026-09-06T09:00::FLT::AI|AI-503|19:15;CELL::BLR|DEL|2026-09-07|Economy Flexi|T1(0-2)::ROUND::2026-09-06T09:00::FLT::IX|IX-782|09:30;CELL::BLR|DEL|2026-09-13|Economy Flexi|T7(5-9)::ROUND::2026-09-06T09:00::FLT::AI|AI-503|19:15;CELL::BLR|DEL|2026-09-13|Economy Flexi|T7(5-9)::ROUND::2026-09-06T09:00::FLT::IX|IX-782|09:30;CELL::BLR|DEL|2026-09-21|Economy Flexi|T15(12-18)::ROUND::2026-09-06T09:00::FLT::IX|IX-782|09:30;CELL::BLR|DEL|2026-10-06|Economy Flexi|T30(25-35)::ROUND::2026-09-06T09:00::FLT::6E|6E-5011|13:45;CELL::BLR|DEL|2026-10-06|Economy Flexi|T30(25-35)::ROUND::2026-09-06T09:00::FLT::AI|AI-503|19:15;CELL::BLR|DEL|2026-10-22|Economy Flexi|T45(40-50)::ROUND::2026-09-06T09:00::FLT::6E|6E-5011|13:45;CELL::BLR|DEL|2026-10-22|Economy Flexi|T45(40-50)::ROUND::2026-09-06T09:00::FLT::IX|IX-782|09:30,2026-09-07;2026-09-13;2026-09-21;2026-10-06;2026-10-22,5,T1(0-2);T15(12-18);T30(25-35);T45(40-50);T7(5-9),5,CELL::BLR|DEL|2026-09-07|Economy Flexi|T1(0-2)::ROUND::2026-09-06T09:00;CELL::BLR|DEL|2026-09-13|Economy Flexi|T7(5-9)::ROUND::2026-09-06T09:00;CELL::BLR|DEL|2026-09-21|Economy Flexi|T15(12-18)::ROUND::2026-09-06T09:00;CELL::BLR|DEL|2026-10-06|Economy Flexi|T30(25-35)::ROUND::2026-09-06T09:00;CELL::BLR|DEL|2026-10-22|Economy Flexi|T45(40-50)::ROUND::2026-09-06T09:00,MIDPOINT_MEDIAN,phase10-v1
RCLASS::BLR-DEL|Economy Flexi|ROUND::2026-09-06T14:30,BLR-DEL,Economy Flexi,ROUND::2026-09-06T14:30,2026-09-06 14:30,ANCHORED,5,RSERIES::BLR-DEL|Economy Flexi|T1(0-2)|2026-09-07|ROUND::2026-09-06T14:30;RSERIES::BLR-DEL|Economy Flexi|T15(12-18)|2026-09-21|ROUND::2026-09-06T14:30;RSERIES::BLR-DEL|Economy Flexi|T30(25-35)|2026-10-06|ROUND::2026-09-06T14:30;RSERIES::BLR-DEL|Economy Flexi|T45(40-50)|2026-10-22|ROUND::2026-09-06T14:30;RSERIES::BLR-DEL|Economy Flexi|T7(5-9)|2026-09-13|ROUND::2026-09-06T14:30,BLR,DEL,BLR-DEL,EXACT_KEY_MATCH,scripts/build_vayu_route_basket.py::make_route_id,True,IN_BASKET,BASKET_SCOPED,2,0.111103,True,OBSERVED,PRICED,9227.00,8108.00,11547.00,0.424149,5,5,0,0,0,0,2,3,INFO,R09,0,,False,0,COHERENT_MARKET_MOVEMENT;ISOLATED_DEVIATION,12,12,OBS02070;OBS02071;OBS02075;OBS02076;OBS02079;OBS02083;OBS02092;OBS02093;OBS02097;OBS02101;OBS02102;OBS02981,0,0,12,8,CELL::BLR|DEL|2026-09-07|Economy Flexi|T1(0-2)::ROUND::2026-09-06T14:30::FLT::6E|6E-5011|13:45;CELL::BLR|DEL|2026-09-07|Economy Flexi|T1(0-2)::ROUND::2026-09-06T14:30::FLT::IX|IX-782|09:30;CELL::BLR|DEL|2026-09-13|Economy Flexi|T7(5-9)::ROUND::2026-09-06T14:30::FLT::AI|AI-503|19:15;CELL::BLR|DEL|2026-09-21|Economy Flexi|T15(12-18)::ROUND::2026-09-06T14:30::FLT::6E|6E-5011|13:45;CELL::BLR|DEL|2026-09-21|Economy Flexi|T15(12-18)::ROUND::2026-09-06T14:30::FLT::IX|IX-782|09:30;CELL::BLR|DEL|2026-10-06|Economy Flexi|T30(25-35)::ROUND::2026-09-06T14:30::FLT::AI|AI-503|12:00;CELL::BLR|DEL|2026-10-22|Economy Flexi|T45(40-50)::ROUND::2026-09-06T14:30::FLT::6E|6E-5011|13:45;CELL::BLR|DEL|2026-10-22|Economy Flexi|T45(40-50)::ROUND::2026-09-06T14:30::FLT::IX|IX-782|09:30,2026-09-07;2026-09-13;2026-09-21;2026-10-06;2026-10-22,5,T1(0-2);T15(12-18);T30(25-35);T45(40-50);T7(5-9),5,CELL::BLR|DEL|2026-09-07|Economy Flexi|T1(0-2)::ROUND::2026-09-06T14:30;CELL::BLR|DEL|2026-09-13|Economy Flexi|T7(5-9)::ROUND::2026-09-06T14:30;CELL::BLR|DEL|2026-09-21|Economy Flexi|T15(12-18)::ROUND::2026-09-06T14:30;CELL::BLR|DEL|2026-10-06|Economy Flexi|T30(25-35)::ROUND::2026-09-06T14:30;CELL::BLR|DEL|2026-10-22|Economy Flexi|T45(40-50)::ROUND::2026-09-06T14:30,MIDPOINT_MEDIAN,phase10-v1
RCLASS::BLR-DEL|Economy Flexi|ROUND::2026-09-06T20:15,BLR-DEL,Economy Flexi,ROUND::2026-09-06T20:15,2026-09-06 20:15,ANCHORED,4,RSERIES::BLR-DEL|Economy Flexi|T1(0-2)|2026-09-07|ROUND::2026-09-06T20:15;RSERIES::BLR-DEL|Economy Flexi|T15(12-18)|2026-09-21|ROUND::2026-09-06T20:15;RSERIES::BLR-DEL|Economy Flexi|T30(25-35)|2026-10-06|ROUND::2026-09-06T20:15;RSERIES::BLR-DEL|Economy Flexi|T7(5-9)|2026-09-13|ROUND::2026-09-06T20:15,BLR,DEL,BLR-DEL,EXACT_KEY_MATCH,scripts/build_vayu_route_basket.py::make_route_id,True,IN_BASKET,BASKET_SCOPED,2,0.111103,True,OBSERVED,PRICED,9743.75,8085.50,11853.50,0.466019,4,4,0,0,0,0,1,3,INFO,R09,0,,False,0,COHERENT_MARKET_MOVEMENT;ISOLATED_DEVIATION,10,10,OBS02569;OBS02570;OBS02576;OBS02577;OBS02582;OBS02583;OBS02590;OBS02591;OBS02598;OBS02599,0,0,10,6,CELL::BLR|DEL|2026-09-07|Economy Flexi|T1(0-2)::ROUND::2026-09-06T20:15::FLT::AI|AI-503|19:15;CELL::BLR|DEL|2026-09-13|Economy Flexi|T7(5-9)::ROUND::2026-09-06T20:15::FLT::6E|6E-5011|13:45;CELL::BLR|DEL|2026-09-21|Economy Flexi|T15(12-18)::ROUND::2026-09-06T20:15::FLT::IX|IX-782|09:30;CELL::BLR|DEL|2026-10-06|Economy Flexi|T30(25-35)::ROUND::2026-09-06T20:15::FLT::6E|6E-5011|13:45;CELL::BLR|DEL|2026-10-06|Economy Flexi|T30(25-35)::ROUND::2026-09-06T20:15::FLT::AI|AI-503|19:15;CELL::BLR|DEL|2026-10-06|Economy Flexi|T30(25-35)::ROUND::2026-09-06T20:15::FLT::IX|IX-782|09:30,2026-09-07;2026-09-13;2026-09-21;2026-10-06,4,T1(0-2);T15(12-18);T30(25-35);T7(5-9),4,CELL::BLR|DEL|2026-09-07|Economy Flexi|T1(0-2)::ROUND::2026-09-06T20:15;CELL::BLR|DEL|2026-09-13|Economy Flexi|T7(5-9)::ROUND::2026-09-06T20:15;CELL::BLR|DEL|2026-09-21|Economy Flexi|T15(12-18)::ROUND::2026-09-06T20:15;CELL::BLR|DEL|2026-10-06|Economy Flexi|T30(25-35)::ROUND::2026-09-06T20:15,MIDPOINT_MEDIAN,phase10-v1
RCLASS::BLR-DEL|Economy Saver|ROUND::2026-09-05T09:00,BLR-DEL,Economy Saver,ROUND::2026-09-05T09:00,2026-09-05 09:00,ANCHORED,5,RSERIES::BLR-DEL|Economy Saver|T1(0-2)|2026-09-07|ROUND::2026-09-05T09:00;RSERIES::BLR-DEL|Economy Saver|T15(12-18)|2026-09-21|ROUND::2026-09-05T09:00;RSERIES::BLR-DEL|Economy Saver|T30(25-35)|2026-10-06|ROUND::2026-09-05T09:00;RSERIES::BLR-DEL|Economy Saver|T45(40-50)|2026-10-22|ROUND::2026-09-05T09:00;RSERIES::BLR-DEL|Economy Saver|T7(5-9)|2026-09-13|ROUND::2026-09-05T09:00,BLR,DEL,BLR-DEL,EXACT_KEY_MATCH,scripts/build_vayu_route_basket.py::make_route_id,True,IN_BASKET,BASKET_SCOPED,2,0.111103,True,OBSERVED,PRICED,5482.50,5025.00,7389.00,0.470448,5,5,0,0,0,0,1,4,INFO,R09,5,R05;R06,False,0,COHERENT_MARKET_MOVEMENT;ISOLATED_DEVIATION,13,13,OBS00034;OBS00035;OBS00036;OBS00040;OBS00041;OBS00042;OBS00050;OBS00051;OBS00055;OBS00056;OBS00060;OBS00061;OBS00062,0,0,13,10,CELL::BLR|DEL|2026-09-07|Economy Saver|T1(0-2)::ROUND::2026-09-05T09:00::FLT::AI|AI-503|19:15;CELL::BLR|DEL|2026-09-07|Economy Saver|T1(0-2)::ROUND::2026-09-05T09:00::FLT::IX|IX-782|09:30;CELL::BLR|DEL|2026-09-13|Economy Saver|T7(5-9)::ROUND::2026-09-05T09:00::FLT::IX|IX-782|09:30;CELL::BLR|DEL|2026-09-21|Economy Saver|T15(12-18)::ROUND::2026-09-05T09:00::FLT::6E|6E-5011|13:45;CELL::BLR|DEL|2026-09-21|Economy Saver|T15(12-18)::ROUND::2026-09-05T09:00::FLT::IX|IX-782|09:30;CELL::BLR|DEL|2026-10-06|Economy Saver|T30(25-35)::ROUND::2026-09-05T09:00::FLT::6E|6E-5011|13:45;CELL::BLR|DEL|2026-10-06|Economy Saver|T30(25-35)::ROUND::2026-09-05T09:00::FLT::AI|AI-503|19:15;CELL::BLR|DEL|2026-10-06|Economy Saver|T30(25-35)::ROUND::2026-09-05T09:00::FLT::IX|IX-782|09:30;CELL::BLR|DEL|2026-10-22|Economy Saver|T45(40-50)::ROUND::2026-09-05T09:00::FLT::6E|6E-5011|13:45;CELL::BLR|DEL|2026-10-22|Economy Saver|T45(40-50)::ROUND::2026-09-05T09:00::FLT::AI|AI-503|19:15,2026-09-07;2026-09-13;2026-09-21;2026-10-06;2026-10-22,5,T1(0-2);T15(12-18);T30(25-35);T45(40-50);T7(5-9),5,CELL::BLR|DEL|2026-09-07|Economy Saver|T1(0-2)::ROUND::2026-09-05T09:00;CELL::BLR|DEL|2026-09-13|Economy Saver|T7(5-9)::ROUND::2026-09-05T09:00;CELL::BLR|DEL|2026-09-21|Economy Saver|T15(12-18)::ROUND::2026-09-05T09:00;CELL::BLR|DEL|2026-10-06|Economy Saver|T30(25-35)::ROUND::2026-09-05T09:00;CELL::BLR|DEL|2026-10-22|Economy Saver|T45(40-50)::ROUND::2026-09-05T09:00,MIDPOINT_MEDIAN,phase10-v1
RCLASS::BLR-DEL|Economy Saver|ROUND::2026-09-05T14:30,BLR-DEL,Economy Saver,ROUND::2026-09-05T14:30,2026-09-05 14:30,ANCHORED,5,RSERIES::BLR-DEL|Economy Saver|T1(0-2)|2026-09-07|ROUND::2026-09-05T14:30;RSERIES::BLR-DEL|Economy Saver|T15(12-18)|2026-09-21|ROUND::2026-09-05T14:30;RSERIES::BLR-DEL|Economy Saver|T30(25-35)|2026-10-06|ROUND::2026-09-05T14:30;RSERIES::BLR-DEL|Economy Saver|T45(40-50)|2026-10-22|ROUND::2026-09-05T14:30;RSERIES::BLR-DEL|Economy Saver|T7(5-9)|2026-09-13|ROUND::2026-09-05T14:30,BLR,DEL,BLR-DEL,EXACT_KEY_MATCH,scripts/build_vayu_route_basket.py::make_route_id,True,IN_BASKET,BASKET_SCOPED,2,0.111103,True,OBSERVED,PRICED,5711.50,5236.50,7229.00,0.380502,5,5,0,0,0,0,1,4,INFO,R09,5,R05;R06,False,0,COHERENT_MARKET_MOVEMENT;ISOLATED_DEVIATION,11,11,OBS00555;OBS00559;OBS00560;OBS00563;OBS00567;OBS00570;OBS00571;OBS00572;OBS00574;OBS00575;OBS00577,0,0,11,8,CELL::BLR|DEL|2026-09-07|Economy Saver|T1(0-2)::ROUND::2026-09-05T14:30::FLT::IX|IX-782|09:30;CELL::BLR|DEL|2026-09-13|Economy Saver|T7(5-9)::ROUND::2026-09-05T14:30::FLT::IX|IX-782|09:30;CELL::BLR|DEL|2026-09-21|Economy Saver|T15(12-18)::ROUND::2026-09-05T14:30::FLT::AI|AI-503|19:15;CELL::BLR|DEL|2026-10-06|Economy Saver|T30(25-35)::ROUND::2026-09-05T14:30::FLT::AI|AI-503|19:15;CELL::BLR|DEL|2026-10-06|Economy Saver|T30(25-35)::ROUND::2026-09-05T14:30::FLT::IX|IX-782|09:30;CELL::BLR|DEL|2026-10-22|Economy Saver|T45(40-50)::ROUND::2026-09-05T14:30::FLT::6E|6E-5011|13:45;CELL::BLR|DEL|2026-10-22|Economy Saver|T45(40-50)::ROUND::2026-09-05T14:30::FLT::AI|AI-503|19:15;CELL::BLR|DEL|2026-10-22|Economy Saver|T45(40-50)::ROUND::2026-09-05T14:30::FLT::IX|IX-782|09:30,2026-09-07;2026-09-13;2026-09-21;2026-10-06;2026-10-22,5,T1(0-2);T15(12-18);T30(25-35);T45(40-50);T7(5-9),5,CELL::BLR|DEL|2026-09-07|Economy Saver|T1(0-2)::ROUND::2026-09-05T14:30;CELL::BLR|DEL|2026-09-13|Economy Saver|T7(5-9)::ROUND::2026-09-05T14:30;CELL::BLR|DEL|2026-09-21|Economy Saver|T15(12-18)::ROUND::2026-09-05T14:30;CELL::BLR|DEL|2026-10-06|Economy Saver|T30(25-35)::ROUND::2026-09-05T14:30;CELL::BLR|DEL|2026-10-22|Economy Saver|T45(40-50)::ROUND::2026-09-05T14:30,MIDPOINT_MEDIAN,phase10-v1
RCLASS::BLR-DEL|Economy Saver|ROUND::2026-09-05T20:15,BLR-DEL,Economy Saver,ROUND::2026-09-05T20:15,2026-09-05 20:15,ANCHORED,5,RSERIES::BLR-DEL|Economy Saver|T1(0-2)|2026-09-07|ROUND::2026-09-05T20:15;RSERIES::BLR-DEL|Economy Saver|T15(12-18)|2026-09-21|ROUND::2026-09-05T20:15;RSERIES::BLR-DEL|Economy Saver|T30(25-35)|2026-10-06|ROUND::2026-09-05T20:15;RSERIES::BLR-DEL|Economy Saver|T45(40-50)|2026-10-22|ROUND::2026-09-05T20:15;RSERIES::BLR-DEL|Economy Saver|T7(5-9)|2026-09-13|ROUND::2026-09-05T20:15,BLR,DEL,BLR-DEL,EXACT_KEY_MATCH,scripts/build_vayu_route_basket.py::make_route_id,True,IN_BASKET,BASKET_SCOPED,2,0.111103,True,OBSERVED,PRICED,5634.00,5115.00,7191.50,0.405963,5,5,0,0,0,0,1,4,INFO,R09,5,R05;R06,False,0,COHERENT_MARKET_MOVEMENT;ISOLATED_DEVIATION,13,13,OBS01052;OBS01053;OBS01054;OBS01057;OBS01058;OBS01059;OBS01062;OBS01063;OBS01067;OBS01070;OBS01071;OBS01072;OBS01078,0,0,13,9,CELL::BLR|DEL|2026-09-07|Economy Saver|T1(0-2)::ROUND::2026-09-05T20:15::FLT::AI|AI-503|19:15;CELL::BLR|DEL|2026-09-07|Economy Saver|T1(0-2)::ROUND::2026-09-05T20:15::FLT::IX|IX-782|09:30;CELL::BLR|DEL|2026-09-13|Economy Saver|T7(5-9)::ROUND::2026-09-05T20:15::FLT::AI|AI-503|19:15;CELL::BLR|DEL|2026-09-13|Economy Saver|T7(5-9)::ROUND::2026-09-05T20:15::FLT::IX|IX-782|09:30;CELL::BLR|DEL|2026-09-21|Economy Saver|T15(12-18)::ROUND::2026-09-05T20:15::FLT::6E|6E-5011|13:45;CELL::BLR|DEL|2026-10-06|Economy Saver|T30(25-35)::ROUND::2026-09-05T20:15::FLT::6E|6E-5011|13:45;CELL::BLR|DEL|2026-10-06|Economy Saver|T30(25-35)::ROUND::2026-09-05T20:15::FLT::AI|AI-503|19:15;CELL::BLR|DEL|2026-10-22|Economy Saver|T45(40-50)::ROUND::2026-09-05T20:15::FLT::6E|6E-5011|13:45;CELL::BLR|DEL|2026-10-22|Economy Saver|T45(40-50)::ROUND::2026-09-05T20:15::FLT::IX|IX-782|09:30,2026-09-07;2026-09-13;2026-09-21;2026-10-06;2026-10-22,5,T1(0-2);T15(12-18);T30(25-35);T45(40-50);T7(5-9),5,CELL::BLR|DEL|2026-09-07|Economy Saver|T1(0-2)::ROUND::2026-09-05T20:15;CELL::BLR|DEL|2026-09-13|Economy Saver|T7(5-9)::ROUND::2026-09-05T20:15;CELL::BLR|DEL|2026-09-21|Economy Saver|T15(12-18)::ROUND::2026-09-05T20:15;CELL::BLR|DEL|2026-10-06|Economy Saver|T30(25-35)::ROUND::2026-09-05T20:15;CELL::BLR|DEL|2026-10-22|Economy Saver|T45(40-50)::ROUND::2026-09-05T20:15,MIDPOINT_MEDIAN,phase10-v1
RCLASS::BLR-DEL|Economy Saver|ROUND::2026-09-06T09:00,BLR-DEL,Economy Saver,ROUND::2026-09-06T09:00,2026-09-06 09:00,ANCHORED,4,RSERIES::BLR-DEL|Economy Saver|T15(12-18)|2026-09-21|ROUND::2026-09-06T09:00;RSERIES::BLR-DEL|Economy Saver|T30(25-35)|2026-10-06|ROUND::2026-09-06T09:00;RSERIES::BLR-DEL|Economy Saver|T45(40-50)|2026-10-22|ROUND::2026-09-06T09:00;RSERIES::BLR-DEL|Economy Saver|T7(5-9)|2026-09-13|ROUND::2026-09-06T09:00,BLR,DEL,BLR-DEL,EXACT_KEY_MATCH,scripts/build_vayu_route_basket.py::make_route_id,True,IN_BASKET,BASKET_SCOPED,2,0.111103,True,OBSERVED,PRICED,5486.00,5068.75,6999.50,0.380912,4,4,0,0,0,0,0,4,NONE,,4,R06,False,0,COHERENT_MARKET_MOVEMENT,14,14,OBS01571;OBS01572;OBS01573;OBS01574;OBS01577;OBS01581;OBS01583;OBS01584;OBS01585;OBS01586;OBS01588;OBS01589;OBS01598;OBS01599,0,0,14,8,CELL::BLR|DEL|2026-09-13|Economy Saver|T7(5-9)::ROUND::2026-09-06T09:00::FLT::6E|6E-5011|13:45;CELL::BLR|DEL|2026-09-13|Economy Saver|T7(5-9)::ROUND::2026-09-06T09:00::FLT::AI|AI-503|19:15;CELL::BLR|DEL|2026-09-21|Economy Saver|T15(12-18)::ROUND::2026-09-06T09:00::FLT::6E|6E-5011|13:45;CELL::BLR|DEL|2026-09-21|Economy Saver|T15(12-18)::ROUND::2026-09-06T09:00::FLT::AI|AI-503|19:15;CELL::BLR|DEL|2026-10-06|Economy Saver|T30(25-35)::ROUND::2026-09-06T09:00::FLT::AI|AI-503|19:15;CELL::BLR|DEL|2026-10-06|Economy Saver|T30(25-35)::ROUND::2026-09-06T09:00::FLT::IX|IX-782|09:30;CELL::BLR|DEL|2026-10-22|Economy Saver|T45(40-50)::ROUND::2026-09-06T09:00::FLT::6E|6E-5011|13:45;CELL::BLR|DEL|2026-10-22|Economy Saver|T45(40-50)::ROUND::2026-09-06T09:00::FLT::AI|AI-503|19:15,2026-09-13;2026-09-21;2026-10-06;2026-10-22,4,T15(12-18);T30(25-35);T45(40-50);T7(5-9),4,CELL::BLR|DEL|2026-09-13|Economy Saver|T7(5-9)::ROUND::2026-09-06T09:00;CELL::BLR|DEL|2026-09-21|Economy Saver|T15(12-18)::ROUND::2026-09-06T09:00;CELL::BLR|DEL|2026-10-06|Economy Saver|T30(25-35)::ROUND::2026-09-06T09:00;CELL::BLR|DEL|2026-10-22|Economy Saver|T45(40-50)::ROUND::2026-09-06T09:00,MIDPOINT_MEDIAN,phase10-v1
RCLASS::BLR-DEL|Economy Saver|ROUND::2026-09-06T14:30,BLR-DEL,Economy Saver,ROUND::2026-09-06T14:30,2026-09-06 14:30,ANCHORED,4,RSERIES::BLR-DEL|Economy Saver|T1(0-2)|2026-09-07|ROUND::2026-09-06T14:30;RSERIES::BLR-DEL|Economy Saver|T15(12-18)|2026-09-21|ROUND::2026-09-06T14:30;RSERIES::BLR-DEL|Economy Saver|T45(40-50)|2026-10-22|ROUND::2026-09-06T14:30;RSERIES::BLR-DEL|Economy Saver|T7(5-9)|2026-09-13|ROUND::2026-09-06T14:30,BLR,DEL,BLR-DEL,EXACT_KEY_MATCH,scripts/build_vayu_route_basket.py::make_route_id,True,IN_BASKET,BASKET_SCOPED,2,0.111103,True,OBSERVED,PRICED,6362.00,5147.50,7505.00,0.457989,4,4,0,0,0,0,2,2,INFO,R09,1,R06,False,0,COHERENT_MARKET_MOVEMENT;ISOLATED_DEVIATION,11,11,OBS02069;OBS02073;OBS02074;OBS02080;OBS02081;OBS02082;OBS02086;OBS02088;OBS02089;OBS02095;OBS02096,0,0,11,7,CELL::BLR|DEL|2026-09-07|Economy Saver|T1(0-2)::ROUND::2026-09-06T14:30::FLT::6E|6E-5011|13:45;CELL::BLR|DEL|2026-09-07|Economy Saver|T1(0-2)::ROUND::2026-09-06T14:30::FLT::AI|AI-503|19:15;CELL::BLR|DEL|2026-09-13|Economy Saver|T7(5-9)::ROUND::2026-09-06T14:30::FLT::6E|6E-5011|13:45;CELL::BLR|DEL|2026-09-13|Economy Saver|T7(5-9)::ROUND::2026-09-06T14:30::FLT::AI|AI-503|19:15;CELL::BLR|DEL|2026-09-13|Economy Saver|T7(5-9)::ROUND::2026-09-06T14:30::FLT::IX|IX-782|09:30;CELL::BLR|DEL|2026-09-21|Economy Saver|T15(12-18)::ROUND::2026-09-06T14:30::FLT::AI|AI-503|19:15;CELL::BLR|DEL|2026-10-22|Economy Saver|T45(40-50)::ROUND::2026-09-06T14:30::FLT::AI|AI-503|19:15,2026-09-07;2026-09-13;2026-09-21;2026-10-22,4,T1(0-2);T15(12-18);T45(40-50);T7(5-9),4,CELL::BLR|DEL|2026-09-07|Economy Saver|T1(0-2)::ROUND::2026-09-06T14:30;CELL::BLR|DEL|2026-09-13|Economy Saver|T7(5-9)::ROUND::2026-09-06T14:30;CELL::BLR|DEL|2026-09-21|Economy Saver|T15(12-18)::ROUND::2026-09-06T14:30;CELL::BLR|DEL|2026-10-22|Economy Saver|T45(40-50)::ROUND::2026-09-06T14:30,MIDPOINT_MEDIAN,phase10-v1
RCLASS::BLR-DEL|Economy Saver|ROUND::2026-09-06T20:15,BLR-DEL,Economy Saver,ROUND::2026-09-06T20:15,2026-09-06 20:15,ANCHORED,4,RSERIES::BLR-DEL|Economy Saver|T1(0-2)|2026-09-07|ROUND::2026-09-06T20:15;RSERIES::BLR-DEL|Economy Saver|T15(12-18)|2026-09-21|ROUND::2026-09-06T20:15;RSERIES::BLR-DEL|Economy Saver|T45(40-50)|2026-10-22|ROUND::2026-09-06T20:15;RSERIES::BLR-DEL|Economy Saver|T7(5-9)|2026-09-13|ROUND::2026-09-06T20:15,BLR,DEL,BLR-DEL,EXACT_KEY_MATCH,scripts/build_vayu_route_basket.py::make_route_id,True,IN_BASKET,BASKET_SCOPED,2,0.111103,True,OBSERVED,PRICED,6369.25,5227.50,7459.00,0.426877,4,4,0,0,0,0,0,4,NONE,,0,,False,0,COHERENT_MARKET_MOVEMENT,16,16,OBS02567;OBS02568;OBS02571;OBS02573;OBS02578;OBS02580;OBS02581;OBS02584;OBS02585;OBS02593;OBS02594;OBS02595;OBS02596;OBS02597;OBS02600;OBS02601,0,0,16,10,CELL::BLR|DEL|2026-09-07|Economy Saver|T1(0-2)::ROUND::2026-09-06T20:15::FLT::6E|6E-5011|13:45;CELL::BLR|DEL|2026-09-07|Economy Saver|T1(0-2)::ROUND::2026-09-06T20:15::FLT::AI|AI-503|19:15;CELL::BLR|DEL|2026-09-07|Economy Saver|T1(0-2)::ROUND::2026-09-06T20:15::FLT::IX|IX-782|09:30;CELL::BLR|DEL|2026-09-13|Economy Saver|T7(5-9)::ROUND::2026-09-06T20:15::FLT::6E|6E-5011|13:45;CELL::BLR|DEL|2026-09-13|Economy Saver|T7(5-9)::ROUND::2026-09-06T20:15::FLT::AI|AI-503|19:15;CELL::BLR|DEL|2026-09-13|Economy Saver|T7(5-9)::ROUND::2026-09-06T20:15::FLT::IX|IX-782|09:30;CELL::BLR|DEL|2026-09-21|Economy Saver|T15(12-18)::ROUND::2026-09-06T20:15::FLT::6E|6E-5011|13:45;CELL::BLR|DEL|2026-09-21|Economy Saver|T15(12-18)::ROUND::2026-09-06T20:15::FLT::IX|IX-782|09:30;CELL::BLR|DEL|2026-10-22|Economy Saver|T45(40-50)::ROUND::2026-09-06T20:15::FLT::6E|6E-5011|13:45;CELL::BLR|DEL|2026-10-22|Economy Saver|T45(40-50)::ROUND::2026-09-06T20:15::FLT::IX|IX-782|09:30,2026-09-07;2026-09-13;2026-09-21;2026-10-22,4,T1(0-2);T15(12-18);T45(40-50);T7(5-9),4,CELL::BLR|DEL|2026-09-07|Economy Saver|T1(0-2)::ROUND::2026-09-06T20:15;CELL::BLR|DEL|2026-09-13|Economy Saver|T7(5-9)::ROUND::2026-09-06T20:15;CELL::BLR|DEL|2026-09-21|Economy Saver|T15(12-18)::ROUND::2026-09-06T20:15;CELL::BLR|DEL|2026-10-22|Economy Saver|T45(40-50)::ROUND::2026-09-06T20:15,MIDPOINT_MEDIAN,phase10-v1
RCLASS::BLR-DEL|Economy Standard|ROUND::2026-09-05T09:00,BLR-DEL,Economy Standard,ROUND::2026-09-05T09:00,2026-09-05 09:00,ANCHORED,4,RSERIES::BLR-DEL|Economy Standard|T1(0-2)|2026-09-07|ROUND::2026-09-05T09:00;RSERIES::BLR-DEL|Economy Standard|T15(12-18)|2026-09-21|ROUND::2026-09-05T09:00;RSERIES::BLR-DEL|Economy Standard|T30(25-35)|2026-10-06|ROUND::2026-09-05T09:00;RSERIES::BLR-DEL|Economy Standard|T7(5-9)|2026-09-13|ROUND::2026-09-05T09:00,BLR,DEL,BLR-DEL,EXACT_KEY_MATCH,scripts/build_vayu_route_basket.py::make_route_id,True,IN_BASKET,BASKET_SCOPED,2,0.111103,True,OBSERVED,PRICED,7731.50,6758.00,9745.00,0.441995,4,4,0,0,0,0,1,3,INFO,R09,4,R05;R06,False,0,COHERENT_MARKET_MOVEMENT;ISOLATED_DEVIATION,10,10,OBS00033;OBS00043;OBS00044;OBS00045;OBS00046;OBS00047;OBS00054;OBS00057;OBS00058;OBS00063,0,0,10,7,CELL::BLR|DEL|2026-09-07|Economy Standard|T1(0-2)::ROUND::2026-09-05T09:00::FLT::AI|AI-503|19:15;CELL::BLR|DEL|2026-09-07|Economy Standard|T1(0-2)::ROUND::2026-09-05T09:00::FLT::IX|IX-782|09:30;CELL::BLR|DEL|2026-09-13|Economy Standard|T7(5-9)::ROUND::2026-09-05T09:00::FLT::6E|6E-5011|13:45;CELL::BLR|DEL|2026-09-13|Economy Standard|T7(5-9)::ROUND::2026-09-05T09:00::FLT::AI|AI-503|19:15;CELL::BLR|DEL|2026-09-13|Economy Standard|T7(5-9)::ROUND::2026-09-05T09:00::FLT::IX|IX-782|09:30;CELL::BLR|DEL|2026-09-21|Economy Standard|T15(12-18)::ROUND::2026-09-05T09:00::FLT::AI|AI-503|19:15;CELL::BLR|DEL|2026-10-06|Economy Standard|T30(25-35)::ROUND::2026-09-05T09:00::FLT::IX|IX-782|09:30,2026-09-07;2026-09-13;2026-09-21;2026-10-06,4,T1(0-2);T15(12-18);T30(25-35);T7(5-9),4,CELL::BLR|DEL|2026-09-07|Economy Standard|T1(0-2)::ROUND::2026-09-05T09:00;CELL::BLR|DEL|2026-09-13|Economy Standard|T7(5-9)::ROUND::2026-09-05T09:00;CELL::BLR|DEL|2026-09-21|Economy Standard|T15(12-18)::ROUND::2026-09-05T09:00;CELL::BLR|DEL|2026-10-06|Economy Standard|T30(25-35)::ROUND::2026-09-05T09:00,MIDPOINT_MEDIAN,phase10-v1
RCLASS::BLR-DEL|Economy Standard|ROUND::2026-09-05T14:30,BLR-DEL,Economy Standard,ROUND::2026-09-05T14:30,2026-09-05 14:30,ANCHORED,4,RSERIES::BLR-DEL|Economy Standard|T1(0-2)|2026-09-07|ROUND::2026-09-05T14:30;RSERIES::BLR-DEL|Economy Standard|T15(12-18)|2026-09-21|ROUND::2026-09-05T14:30;RSERIES::BLR-DEL|Economy Standard|T30(25-35)|2026-10-06|ROUND::2026-09-05T14:30;RSERIES::BLR-DEL|Economy Standard|T45(40-50)|2026-10-22|ROUND::2026-09-05T14:30,BLR,DEL,BLR-DEL,EXACT_KEY_MATCH,scripts/build_vayu_route_basket.py::make_route_id,True,IN_BASKET,BASKET_SCOPED,2,0.111103,True,OBSERVED,PRICED,7050.50,6568.75,9577.00,0.457964,4,4,0,0,0,0,1,3,INFO,R09,4,R05;R06,False,0,COHERENT_MARKET_MOVEMENT;ISOLATED_DEVIATION,10,10,OBS00546;OBS00547;OBS00549;OBS00552;OBS00564;OBS00565;OBS00568;OBS00569;OBS00573;OBS00578,0,0,10,7,CELL::BLR|DEL|2026-09-07|Economy Standard|T1(0-2)::ROUND::2026-09-05T14:30::FLT::6E|6E-5011|13:45;CELL::BLR|DEL|2026-09-07|Economy Standard|T1(0-2)::ROUND::2026-09-05T14:30::FLT::IX|IX-782|09:30;CELL::BLR|DEL|2026-09-21|Economy Standard|T15(12-18)::ROUND::2026-09-05T14:30::FLT::6E|6E-5011|13:45;CELL::BLR|DEL|2026-09-21|Economy Standard|T15(12-18)::ROUND::2026-09-05T14:30::FLT::IX|IX-782|09:30;CELL::BLR|DEL|2026-10-06|Economy Standard|T30(25-35)::ROUND::2026-09-05T14:30::FLT::6E|6E-5011|13:45;CELL::BLR|DEL|2026-10-06|Economy Standard|T30(25-35)::ROUND::2026-09-05T14:30::FLT::AI|AI-503|19:15;CELL::BLR|DEL|2026-10-22|Economy Standard|T45(40-50)::ROUND::2026-09-05T14:30::FLT::IX|IX-782|09:30,2026-09-07;2026-09-21;2026-10-06;2026-10-22,4,T1(0-2);T15(12-18);T30(25-35);T45(40-50),4,CELL::BLR|DEL|2026-09-07|Economy Standard|T1(0-2)::ROUND::2026-09-05T14:30;CELL::BLR|DEL|2026-09-21|Economy Standard|T15(12-18)::ROUND::2026-09-05T14:30;CELL::BLR|DEL|2026-10-06|Economy Standard|T30(25-35)::ROUND::2026-09-05T14:30;CELL::BLR|DEL|2026-10-22|Economy Standard|T45(40-50)::ROUND::2026-09-05T14:30,MIDPOINT_MEDIAN,phase10-v1
RCLASS::BLR-DEL|Economy Standard|ROUND::2026-09-05T20:15,BLR-DEL,Economy Standard,ROUND::2026-09-05T20:15,2026-09-05 20:15,ANCHORED,5,RSERIES::BLR-DEL|Economy Standard|T1(0-2)|2026-09-07|ROUND::2026-09-05T20:15;RSERIES::BLR-DEL|Economy Standard|T15(12-18)|2026-09-21|ROUND::2026-09-05T20:15;RSERIES::BLR-DEL|Economy Standard|T30(25-35)|2026-10-06|ROUND::2026-09-05T20:15;RSERIES::BLR-DEL|Economy Standard|T45(40-50)|2026-10-22|ROUND::2026-09-05T20:15;RSERIES::BLR-DEL|Economy Standard|T7(5-9)|2026-09-13|ROUND::2026-09-05T20:15,BLR,DEL,BLR-DEL,EXACT_KEY_MATCH,scripts/build_vayu_route_basket.py::make_route_id,True,IN_BASKET,BASKET_SCOPED,2,0.111103,True,OBSERVED,PRICED,7230.00,6493.50,9707.50,0.494956,5,5,0,0,0,0,1,4,INFO,R09,5,R05;R06,False,0,COHERENT_MARKET_MOVEMENT;ISOLATED_DEVIATION,11,11,OBS01044;OBS01045;OBS01047;OBS01048;OBS01055;OBS01056;OBS01064;OBS01065;OBS01066;OBS01073;OBS01075,0,0,11,7,CELL::BLR|DEL|2026-09-07|Economy Standard|T1(0-2)::ROUND::2026-09-05T20:15::FLT::6E|6E-5011|13:45;CELL::BLR|DEL|2026-09-13|Economy Standard|T7(5-9)::ROUND::2026-09-05T20:15::FLT::6E|6E-5011|13:45;CELL::BLR|DEL|2026-09-13|Economy Standard|T7(5-9)::ROUND::2026-09-05T20:15::FLT::IX|IX-782|09:30;CELL::BLR|DEL|2026-09-21|Economy Standard|T15(12-18)::ROUND::2026-09-05T20:15::FLT::AI|AI-503|19:15;CELL::BLR|DEL|2026-10-06|Economy Standard|T30(25-35)::ROUND::2026-09-05T20:15::FLT::AI|AI-503|19:15;CELL::BLR|DEL|2026-10-06|Economy Standard|T30(25-35)::ROUND::2026-09-05T20:15::FLT::IX|IX-782|09:30;CELL::BLR|DEL|2026-10-22|Economy Standard|T45(40-50)::ROUND::2026-09-05T20:15::FLT::6E|6E-5011|13:45,2026-09-07;2026-09-13;2026-09-21;2026-10-06;2026-10-22,5,T1(0-2);T15(12-18);T30(25-35);T45(40-50);T7(5-9),5,CELL::BLR|DEL|2026-09-07|Economy Standard|T1(0-2)::ROUND::2026-09-05T20:15;CELL::BLR|DEL|2026-09-13|Economy Standard|T7(5-9)::ROUND::2026-09-05T20:15;CELL::BLR|DEL|2026-09-21|Economy Standard|T15(12-18)::ROUND::2026-09-05T20:15;CELL::BLR|DEL|2026-10-06|Economy Standard|T30(25-35)::ROUND::2026-09-05T20:15;CELL::BLR|DEL|2026-10-22|Economy Standard|T45(40-50)::ROUND::2026-09-05T20:15,MIDPOINT_MEDIAN,phase10-v1
RCLASS::BLR-DEL|Economy Standard|ROUND::2026-09-06T09:00,BLR-DEL,Economy Standard,ROUND::2026-09-06T09:00,2026-09-06 09:00,ANCHORED,4,RSERIES::BLR-DEL|Economy Standard|T15(12-18)|2026-09-21|ROUND::2026-09-06T09:00;RSERIES::BLR-DEL|Economy Standard|T30(25-35)|2026-10-06|ROUND::2026-09-06T09:00;RSERIES::BLR-DEL|Economy Standard|T45(40-50)|2026-10-22|ROUND::2026-09-06T09:00;RSERIES::BLR-DEL|Economy Standard|T7(5-9)|2026-09-13|ROUND::2026-09-06T09:00,BLR,DEL,BLR-DEL,EXACT_KEY_MATCH,scripts/build_vayu_route_basket.py::make_route_id,True,IN_BASKET,BASKET_SCOPED,2,0.111103,True,OBSERVED,PRICED,7043.75,6407.00,8453.50,0.319416,4,4,0,0,0,0,2,2,INFO,R09,4,R05;R06,False,0,COHERENT_MARKET_MOVEMENT;ISOLATED_DEVIATION,7,7,OBS01570;OBS01575;OBS01591;OBS01592;OBS01596;OBS01597;OBS01600,0,0,7,5,CELL::BLR|DEL|2026-09-13|Economy Standard|T7(5-9)::ROUND::2026-09-06T09:00::FLT::6E|6E-5011|13:45;CELL::BLR|DEL|2026-09-13|Economy Standard|T7(5-9)::ROUND::2026-09-06T09:00::FLT::IX|IX-782|09:30;CELL::BLR|DEL|2026-09-21|Economy Standard|T15(12-18)::ROUND::2026-09-06T09:00::FLT::IX|IX-782|09:30;CELL::BLR|DEL|2026-10-06|Economy Standard|T30(25-35)::ROUND::2026-09-06T09:00::FLT::6E|6E-5011|13:45;CELL::BLR|DEL|2026-10-22|Economy Standard|T45(40-50)::ROUND::2026-09-06T09:00::FLT::IX|IX-782|09:30,2026-09-13;2026-09-21;2026-10-06;2026-10-22,4,T15(12-18);T30(25-35);T45(40-50);T7(5-9),4,CELL::BLR|DEL|2026-09-13|Economy Standard|T7(5-9)::ROUND::2026-09-06T09:00;CELL::BLR|DEL|2026-09-21|Economy Standard|T15(12-18)::ROUND::2026-09-06T09:00;CELL::BLR|DEL|2026-10-06|Economy Standard|T30(25-35)::ROUND::2026-09-06T09:00;CELL::BLR|DEL|2026-10-22|Economy Standard|T45(40-50)::ROUND::2026-09-06T09:00,MIDPOINT_MEDIAN,phase10-v1
RCLASS::BLR-DEL|Economy Standard|ROUND::2026-09-06T14:30,BLR-DEL,Economy Standard,ROUND::2026-09-06T14:30,2026-09-06 14:30,ANCHORED,5,RSERIES::BLR-DEL|Economy Standard|T1(0-2)|2026-09-07|ROUND::2026-09-06T14:30;RSERIES::BLR-DEL|Economy Standard|T15(12-18)|2026-09-21|ROUND::2026-09-06T14:30;RSERIES::BLR-DEL|Economy Standard|T30(25-35)|2026-10-06|ROUND::2026-09-06T14:30;RSERIES::BLR-DEL|Economy Standard|T45(40-50)|2026-10-22|ROUND::2026-09-06T14:30;RSERIES::BLR-DEL|Economy Standard|T7(5-9)|2026-09-13|ROUND::2026-09-06T14:30,BLR,DEL,BLR-DEL,EXACT_KEY_MATCH,scripts/build_vayu_route_basket.py::make_route_id,True,IN_BASKET,BASKET_SCOPED,2,0.111103,True,OBSERVED,PRICED,7479.75,6331.00,9494.00,0.499605,5,5,0,0,0,0,2,3,INFO,R09,3,R06,False,0,COHERENT_MARKET_MOVEMENT;ISOLATED_DEVIATION,12,12,OBS02072;OBS02077;OBS02078;OBS02084;OBS02085;OBS02087;OBS02090;OBS02091;OBS02094;OBS02098;OBS02099;OBS02100,0,0,12,8,CELL::BLR|DEL|2026-09-07|Economy Standard|T1(0-2)::ROUND::2026-09-06T14:30::FLT::IX|IX-782|09:30;CELL::BLR|DEL|2026-09-13|Economy Standard|T7(5-9)::ROUND::2026-09-06T14:30::FLT::6E|6E-5011|13:45;CELL::BLR|DEL|2026-09-21|Economy Standard|T15(12-18)::ROUND::2026-09-06T14:30::FLT::AI|AI-503|19:15;CELL::BLR|DEL|2026-09-21|Economy Standard|T15(12-18)::ROUND::2026-09-06T14:30::FLT::IX|IX-782|09:30;CELL::BLR|DEL|2026-10-06|Economy Standard|T30(25-35)::ROUND::2026-09-06T14:30::FLT::6E|6E-5011|13:45;CELL::BLR|DEL|2026-10-06|Economy Standard|T30(25-35)::ROUND::2026-09-06T14:30::FLT::AI|AI-503|19:15;CELL::BLR|DEL|2026-10-06|Economy Standard|T30(25-35)::ROUND::2026-09-06T14:30::FLT::IX|IX-782|09:30;CELL::BLR|DEL|2026-10-22|Economy Standard|T45(40-50)::ROUND::2026-09-06T14:30::FLT::AI|AI-503|19:15,2026-09-07;2026-09-13;2026-09-21;2026-10-06;2026-10-22,5,T1(0-2);T15(12-18);T30(25-35);T45(40-50);T7(5-9),5,CELL::BLR|DEL|2026-09-07|Economy Standard|T1(0-2)::ROUND::2026-09-06T14:30;CELL::BLR|DEL|2026-09-13|Economy Standard|T7(5-9)::ROUND::2026-09-06T14:30;CELL::BLR|DEL|2026-09-21|Economy Standard|T15(12-18)::ROUND::2026-09-06T14:30;CELL::BLR|DEL|2026-10-06|Economy Standard|T30(25-35)::ROUND::2026-09-06T14:30;CELL::BLR|DEL|2026-10-22|Economy Standard|T45(40-50)::ROUND::2026-09-06T14:30,MIDPOINT_MEDIAN,phase10-v1
RCLASS::BLR-DEL|Economy Standard|ROUND::2026-09-06T20:15,BLR-DEL,Economy Standard,ROUND::2026-09-06T20:15,2026-09-06 20:15,ANCHORED,4,RSERIES::BLR-DEL|Economy Standard|T15(12-18)|2026-09-21|ROUND::2026-09-06T20:15;RSERIES::BLR-DEL|Economy Standard|T30(25-35)|2026-10-06|ROUND::2026-09-06T20:15;RSERIES::BLR-DEL|Economy Standard|T45(40-50)|2026-10-22|ROUND::2026-09-06T20:15;RSERIES::BLR-DEL|Economy Standard|T7(5-9)|2026-09-13|ROUND::2026-09-06T20:15,BLR,DEL,BLR-DEL,EXACT_KEY_MATCH,scripts/build_vayu_route_basket.py::make_route_id,True,IN_BASKET,BASKET_SCOPED,2,0.111103,True,OBSERVED,PRICED,6940.75,6513.00,8787.50,0.349225,4,4,0,0,0,0,0,4,NONE,,0,,False,0,COHERENT_MARKET_MOVEMENT;ISOLATED_DEVIATION,10,10,OBS02572;OBS02574;OBS02575;OBS02579;OBS02586;OBS02587;OBS02588;OBS02589;OBS02592;OBS02602,0,0,10,7,CELL::BLR|DEL|2026-09-13|Economy Standard|T7(5-9)::ROUND::2026-09-06T20:15::FLT::AI|AI-503|19:15;CELL::BLR|DEL|2026-09-21|Economy Standard|T15(12-18)::ROUND::2026-09-06T20:15::FLT::6E|6E-5011|13:45;CELL::BLR|DEL|2026-09-21|Economy Standard|T15(12-18)::ROUND::2026-09-06T20:15::FLT::AI|AI-503|19:15;CELL::BLR|DEL|2026-10-06|Economy Standard|T30(25-35)::ROUND::2026-09-06T20:15::FLT::6E|6E-5011|13:45;CELL::BLR|DEL|2026-10-22|Economy Standard|T45(40-50)::ROUND::2026-09-06T20:15::FLT::6E|6E-5011|13:45;CELL::BLR|DEL|2026-10-22|Economy Standard|T45(40-50)::ROUND::2026-09-06T20:15::FLT::AI|AI-503|19:15;CELL::BLR|DEL|2026-10-22|Economy Standard|T45(40-50)::ROUND::2026-09-06T20:15::FLT::IX|IX-782|09:30,2026-09-13;2026-09-21;2026-10-06;2026-10-22,4,T15(12-18);T30(25-35);T45(40-50);T7(5-9),4,CELL::BLR|DEL|2026-09-13|Economy Standard|T7(5-9)::ROUND::2026-09-06T20:15;CELL::BLR|DEL|2026-09-21|Economy Standard|T15(12-18)::ROUND::2026-09-06T20:15;CELL::BLR|DEL|2026-10-06|Economy Standard|T30(25-35)::ROUND::2026-09-06T20:15;CELL::BLR|DEL|2026-10-22|Economy Standard|T45(40-50)::ROUND::2026-09-06T20:15,MIDPOINT_MEDIAN,phase10-v1
RCLASS::BLR-BOM|Economy Flexi|ROUND::2026-09-05T09:00,BLR-BOM,Economy Flexi,ROUND::2026-09-05T09:00,2026-09-05 09:00,ANCHORED,4,RSERIES::BLR-BOM|Economy Flexi|T15(12-18)|2026-09-21|ROUND::2026-09-05T09:00;RSERIES::BLR-BOM|Economy Flexi|T30(25-35)|2026-10-06|ROUND::2026-09-05T09:00;RSERIES::BLR-BOM|Economy Flexi|T45(40-50)|2026-10-22|ROUND::2026-09-05T09:00;RSERIES::BLR-BOM|Economy Flexi|T7(5-9)|2026-09-13|ROUND::2026-09-05T09:00,BLR,BOM,BLR-BOM,EXACT_KEY_MATCH,scripts/build_vayu_route_basket.py::make_route_id,True,IN_BASKET,BASKET_SCOPED,3,0.097658,True,OBSERVED,PRICED,8482.00,7906.00,10394.50,0.314761,4,4,0,0,0,0,0,4,NONE,,4,R05;R06,False,0,COHERENT_MARKET_MOVEMENT,18,18,OBS00068;OBS00071;OBS00072;OBS00076;OBS00078;OBS00079;OBS00080;OBS00082;OBS00083;OBS00086;OBS00087;OBS00089;OBS00090;OBS00093;OBS00094;OBS00096;OBS00097;OBS00098,0,0,18,11,CELL::BLR|BOM|2026-09-13|Economy Flexi|T7(5-9)::ROUND::2026-09-05T09:00::FLT::6E|6E-442|06:30;CELL::BLR|BOM|2026-09-13|Economy Flexi|T7(5-9)::ROUND::2026-09-05T09:00::FLT::AI|AI-610|15:45;CELL::BLR|BOM|2026-09-13|Economy Flexi|T7(5-9)::ROUND::2026-09-05T09:00::FLT::QP|QP-1304|05:00;CELL::BLR|BOM|2026-09-21|Economy Flexi|T15(12-18)::ROUND::2026-09-05T09:00::FLT::6E|6E-442|06:30;CELL::BLR|BOM|2026-09-21|Economy Flexi|T15(12-18)::ROUND::2026-09-05T09:00::FLT::AI|AI-610|15:45;CELL::BLR|BOM|2026-09-21|Economy Flexi|T15(12-18)::ROUND::2026-09-05T09:00::FLT::QP|QP-1304|05:00;CELL::BLR|BOM|2026-10-06|Economy Flexi|T30(25-35)::ROUND::2026-09-05T09:00::FLT::AI|AI-610|15:45;CELL::BLR|BOM|2026-10-06|Economy Flexi|T30(25-35)::ROUND::2026-09-05T09:00::FLT::QP|QP-1304|05:00;CELL::BLR|BOM|2026-10-22|Economy Flexi|T45(40-50)::ROUND::2026-09-05T09:00::FLT::6E|6E-442|06:30;CELL::BLR|BOM|2026-10-22|Economy Flexi|T45(40-50)::ROUND::2026-09-05T09:00::FLT::AI|AI-610|15:45;CELL::BLR|BOM|2026-10-22|Economy Flexi|T45(40-50)::ROUND::2026-09-05T09:00::FLT::QP|QP-1304|05:00,2026-09-13;2026-09-21;2026-10-06;2026-10-22,4,T15(12-18);T30(25-35);T45(40-50);T7(5-9),4,CELL::BLR|BOM|2026-09-13|Economy Flexi|T7(5-9)::ROUND::2026-09-05T09:00;CELL::BLR|BOM|2026-09-21|Economy Flexi|T15(12-18)::ROUND::2026-09-05T09:00;CELL::BLR|BOM|2026-10-06|Economy Flexi|T30(25-35)::ROUND::2026-09-05T09:00;CELL::BLR|BOM|2026-10-22|Economy Flexi|T45(40-50)::ROUND::2026-09-05T09:00,MIDPOINT_MEDIAN,phase10-v1
RCLASS::BLR-BOM|Economy Flexi|ROUND::2026-09-05T14:30,BLR-BOM,Economy Flexi,ROUND::2026-09-05T14:30,2026-09-05 14:30,ANCHORED,4,RSERIES::BLR-BOM|Economy Flexi|T1(0-2)|2026-09-07|ROUND::2026-09-05T14:30;RSERIES::BLR-BOM|Economy Flexi|T15(12-18)|2026-09-21|ROUND::2026-09-05T14:30;RSERIES::BLR-BOM|Economy Flexi|T30(25-35)|2026-10-06|ROUND::2026-09-05T14:30;RSERIES::BLR-BOM|Economy Flexi|T7(5-9)|2026-09-13|ROUND::2026-09-05T14:30,BLR,BOM,BLR-BOM,EXACT_KEY_MATCH,scripts/build_vayu_route_basket.py::make_route_id,True,IN_BASKET,BASKET_SCOPED,3,0.097658,True,OBSERVED,PRICED,9546.25,7960.50,11717.00,0.471892,4,4,0,0,0,0,1,3,INFO,R09,4,R05;R06,False,0,COHERENT_MARKET_MOVEMENT;ISOLATED_DEVIATION,11,11,OBS00579;OBS00581;OBS00582;OBS00583;OBS00584;OBS00585;OBS00591;OBS00592;OBS00594;OBS00595;OBS00605,0,0,11,7,CELL::BLR|BOM|2026-09-07|Economy Flexi|T1(0-2)::ROUND::2026-09-05T14:30::FLT::6E|6E-442|06:30;CELL::BLR|BOM|2026-09-13|Economy Flexi|T7(5-9)::ROUND::2026-09-05T14:30::FLT::6E|6E-442|06:30;CELL::BLR|BOM|2026-09-13|Economy Flexi|T7(5-9)::ROUND::2026-09-05T14:30::FLT::AI|AI-610|15:45;CELL::BLR|BOM|2026-09-21|Economy Flexi|T15(12-18)::ROUND::2026-09-05T14:30::FLT::6E|6E-442|06:30;CELL::BLR|BOM|2026-09-21|Economy Flexi|T15(12-18)::ROUND::2026-09-05T14:30::FLT::AI|AI-610|15:45;CELL::BLR|BOM|2026-10-06|Economy Flexi|T30(25-35)::ROUND::2026-09-05T14:30::FLT::6E|6E-442|06:30;CELL::BLR|BOM|2026-10-06|Economy Flexi|T30(25-35)::ROUND::2026-09-05T14:30::FLT::QP|QP-1304|05:00,2026-09-07;2026-09-13;2026-09-21;2026-10-06,4,T1(0-2);T15(12-18);T30(25-35);T7(5-9),4,CELL::BLR|BOM|2026-09-07|Economy Flexi|T1(0-2)::ROUND::2026-09-05T14:30;CELL::BLR|BOM|2026-09-13|Economy Flexi|T7(5-9)::ROUND::2026-09-05T14:30;CELL::BLR|BOM|2026-09-21|Economy Flexi|T15(12-18)::ROUND::2026-09-05T14:30;CELL::BLR|BOM|2026-10-06|Economy Flexi|T30(25-35)::ROUND::2026-09-05T14:30,MIDPOINT_MEDIAN,phase10-v1
RCLASS::BLR-BOM|Economy Flexi|ROUND::2026-09-05T20:15,BLR-BOM,Economy Flexi,ROUND::2026-09-05T20:15,2026-09-05 20:15,ANCHORED,5,RSERIES::BLR-BOM|Economy Flexi|T1(0-2)|2026-09-07|ROUND::2026-09-05T20:15;RSERIES::BLR-BOM|Economy Flexi|T15(12-18)|2026-09-21|ROUND::2026-09-05T20:15;RSERIES::BLR-BOM|Economy Flexi|T30(25-35)|2026-10-06|ROUND::2026-09-05T20:15;RSERIES::BLR-BOM|Economy Flexi|T45(40-50)|2026-10-22|ROUND::2026-09-05T20:15;RSERIES::BLR-BOM|Economy Flexi|T7(5-9)|2026-09-13|ROUND::2026-09-05T20:15,BLR,BOM,BLR-BOM,EXACT_KEY_MATCH,scripts/build_vayu_route_basket.py::make_route_id,True,IN_BASKET,BASKET_SCOPED,3,0.097658,True,OBSERVED,PRICED,8616.00,7837.75,11767.00,0.501324,5,5,0,0,0,0,1,4,INFO,R09,5,R05;R06,False,0,COHERENT_MARKET_MOVEMENT;ISOLATED_DEVIATION,14,14,OBS01079;OBS01080;OBS01083;OBS01084;OBS01086;OBS01091;OBS01094;OBS01096;OBS01100;OBS01102;OBS01106;OBS01107;OBS01110;OBS01111,0,0,14,10,CELL::BLR|BOM|2026-09-07|Economy Flexi|T1(0-2)::ROUND::2026-09-05T20:15::FLT::6E|6E-442|06:30;CELL::BLR|BOM|2026-09-07|Economy Flexi|T1(0-2)::ROUND::2026-09-05T20:15::FLT::AI|AI-610|15:45;CELL::BLR|BOM|2026-09-07|Economy Flexi|T1(0-2)::ROUND::2026-09-05T20:15::FLT::QP|QP-1304|05:00;CELL::BLR|BOM|2026-09-13|Economy Flexi|T7(5-9)::ROUND::2026-09-05T20:15::FLT::6E|6E-442|06:30;CELL::BLR|BOM|2026-09-13|Economy Flexi|T7(5-9)::ROUND::2026-09-05T20:15::FLT::QP|QP-1304|05:00;CELL::BLR|BOM|2026-09-21|Economy Flexi|T15(12-18)::ROUND::2026-09-05T20:15::FLT::AI|AI-610|15:45;CELL::BLR|BOM|2026-10-06|Economy Flexi|T30(25-35)::ROUND::2026-09-05T20:15::FLT::6E|6E-442|06:30;CELL::BLR|BOM|2026-10-06|Economy Flexi|T30(25-35)::ROUND::2026-09-05T20:15::FLT::QP|QP-1304|05:00;CELL::BLR|BOM|2026-10-22|Economy Flexi|T45(40-50)::ROUND::2026-09-05T20:15::FLT::6E|6E-442|06:30;CELL::BLR|BOM|2026-10-22|Economy Flexi|T45(40-50)::ROUND::2026-09-05T20:15::FLT::QP|QP-1304|05:00,2026-09-07;2026-09-13;2026-09-21;2026-10-06;2026-10-22,5,T1(0-2);T15(12-18);T30(25-35);T45(40-50);T7(5-9),5,CELL::BLR|BOM|2026-09-07|Economy Flexi|T1(0-2)::ROUND::2026-09-05T20:15;CELL::BLR|BOM|2026-09-13|Economy Flexi|T7(5-9)::ROUND::2026-09-05T20:15;CELL::BLR|BOM|2026-09-21|Economy Flexi|T15(12-18)::ROUND::2026-09-05T20:15;CELL::BLR|BOM|2026-10-06|Economy Flexi|T30(25-35)::ROUND::2026-09-05T20:15;CELL::BLR|BOM|2026-10-22|Economy Flexi|T45(40-50)::ROUND::2026-09-05T20:15,MIDPOINT_MEDIAN,phase10-v1
RCLASS::BLR-BOM|Economy Flexi|ROUND::2026-09-06T09:00,BLR-BOM,Economy Flexi,ROUND::2026-09-06T09:00,2026-09-06 09:00,ANCHORED,5,RSERIES::BLR-BOM|Economy Flexi|T1(0-2)|2026-09-07|ROUND::2026-09-06T09:00;RSERIES::BLR-BOM|Economy Flexi|T15(12-18)|2026-09-21|ROUND::2026-09-06T09:00;RSERIES::BLR-BOM|Economy Flexi|T30(25-35)|2026-10-06|ROUND::2026-09-06T09:00;RSERIES::BLR-BOM|Economy Flexi|T45(40-50)|2026-10-22|ROUND::2026-09-06T09:00;RSERIES::BLR-BOM|Economy Flexi|T7(5-9)|2026-09-13|ROUND::2026-09-06T09:00,BLR,BOM,BLR-BOM,EXACT_KEY_MATCH,scripts/build_vayu_route_basket.py::make_route_id,True,IN_BASKET,BASKET_SCOPED,3,0.097658,True,OBSERVED,PRICED,8772.00,7867.00,12325.00,0.566671,5,5,0,0,0,0,2,3,INFO,R09,5,R05;R06,False,0,COHERENT_MARKET_MOVEMENT;ISOLATED_DEVIATION,14,14,OBS01605;OBS01606;OBS01612;OBS01613;OBS01614;OBS01617;OBS01618;OBS01622;OBS01623;OBS01627;OBS01628;OBS01629;OBS01630;OBS01631,0,0,14,9,CELL::BLR|BOM|2026-09-07|Economy Flexi|T1(0-2)::ROUND::2026-09-06T09:00::FLT::QP|QP-1304|05:00;CELL::BLR|BOM|2026-09-13|Economy Flexi|T7(5-9)::ROUND::2026-09-06T09:00::FLT::6E|6E-442|06:30;CELL::BLR|BOM|2026-09-13|Economy Flexi|T7(5-9)::ROUND::2026-09-06T09:00::FLT::AI|AI-610|15:45;CELL::BLR|BOM|2026-09-13|Economy Flexi|T7(5-9)::ROUND::2026-09-06T09:00::FLT::QP|QP-1304|05:00;CELL::BLR|BOM|2026-09-21|Economy Flexi|T15(12-18)::ROUND::2026-09-06T09:00::FLT::QP|QP-1304|05:00;CELL::BLR|BOM|2026-10-06|Economy Flexi|T30(25-35)::ROUND::2026-09-06T09:00::FLT::6E|6E-442|06:30;CELL::BLR|BOM|2026-10-06|Economy Flexi|T30(25-35)::ROUND::2026-09-06T09:00::FLT::AI|AI-610|15:45;CELL::BLR|BOM|2026-10-06|Economy Flexi|T30(25-35)::ROUND::2026-09-06T09:00::FLT::QP|QP-1304|05:00;CELL::BLR|BOM|2026-10-22|Economy Flexi|T45(40-50)::ROUND::2026-09-06T09:00::FLT::6E|6E-442|06:30,2026-09-07;2026-09-13;2026-09-21;2026-10-06;2026-10-22,5,T1(0-2);T15(12-18);T30(25-35);T45(40-50);T7(5-9),5,CELL::BLR|BOM|2026-09-07|Economy Flexi|T1(0-2)::ROUND::2026-09-06T09:00;CELL::BLR|BOM|2026-09-13|Economy Flexi|T7(5-9)::ROUND::2026-09-06T09:00;CELL::BLR|BOM|2026-09-21|Economy Flexi|T15(12-18)::ROUND::2026-09-06T09:00;CELL::BLR|BOM|2026-10-06|Economy Flexi|T30(25-35)::ROUND::2026-09-06T09:00;CELL::BLR|BOM|2026-10-22|Economy Flexi|T45(40-50)::ROUND::2026-09-06T09:00,MIDPOINT_MEDIAN,phase10-v1
RCLASS::BLR-BOM|Economy Flexi|ROUND::2026-09-06T14:30,BLR-BOM,Economy Flexi,ROUND::2026-09-06T14:30,2026-09-06 14:30,ANCHORED,5,RSERIES::BLR-BOM|Economy Flexi|T1(0-2)|2026-09-07|ROUND::2026-09-06T14:30;RSERIES::BLR-BOM|Economy Flexi|T15(12-18)|2026-09-21|ROUND::2026-09-06T14:30;RSERIES::BLR-BOM|Economy Flexi|T30(25-35)|2026-10-06|ROUND::2026-09-06T14:30;RSERIES::BLR-BOM|Economy Flexi|T45(40-50)|2026-10-22|ROUND::2026-09-06T14:30;RSERIES::BLR-BOM|Economy Flexi|T7(5-9)|2026-09-13|ROUND::2026-09-06T14:30,BLR,BOM,BLR-BOM,EXACT_KEY_MATCH,scripts/build_vayu_route_basket.py::make_route_id,True,IN_BASKET,BASKET_SCOPED,3,0.097658,True,OBSERVED,PRICED,9058.50,7998.00,11933.00,0.491998,5,5,0,0,0,0,0,5,NONE,,2,R06,False,0,COHERENT_MARKET_MOVEMENT;ISOLATED_DEVIATION,15,15,OBS02104;OBS02105;OBS02108;OBS02109;OBS02111;OBS02112;OBS02118;OBS02119;OBS02121;OBS02122;OBS02123;OBS02124;OBS02130;OBS02131;OBS02134,0,0,15,9,CELL::BLR|BOM|2026-09-07|Economy Flexi|T1(0-2)::ROUND::2026-09-06T14:30::FLT::AI|AI-610|15:45;CELL::BLR|BOM|2026-09-07|Economy Flexi|T1(0-2)::ROUND::2026-09-06T14:30::FLT::QP|QP-1304|05:00;CELL::BLR|BOM|2026-09-13|Economy Flexi|T7(5-9)::ROUND::2026-09-06T14:30::FLT::6E|6E-442|06:30;CELL::BLR|BOM|2026-09-21|Economy Flexi|T15(12-18)::ROUND::2026-09-06T14:30::FLT::QP|QP-1304|05:00;CELL::BLR|BOM|2026-10-06|Economy Flexi|T30(25-35)::ROUND::2026-09-06T14:30::FLT::6E|6E-442|06:30;CELL::BLR|BOM|2026-10-06|Economy Flexi|T30(25-35)::ROUND::2026-09-06T14:30::FLT::AI|AI-610|15:45;CELL::BLR|BOM|2026-10-06|Economy Flexi|T30(25-35)::ROUND::2026-09-06T14:30::FLT::QP|QP-1304|05:00;CELL::BLR|BOM|2026-10-22|Economy Flexi|T45(40-50)::ROUND::2026-09-06T14:30::FLT::6E|6E-442|06:30;CELL::BLR|BOM|2026-10-22|Economy Flexi|T45(40-50)::ROUND::2026-09-06T14:30::FLT::AI|AI-610|15:45,2026-09-07;2026-09-13;2026-09-21;2026-10-06;2026-10-22,5,T1(0-2);T15(12-18);T30(25-35);T45(40-50);T7(5-9),5,CELL::BLR|BOM|2026-09-07|Economy Flexi|T1(0-2)::ROUND::2026-09-06T14:30;CELL::BLR|BOM|2026-09-13|Economy Flexi|T7(5-9)::ROUND::2026-09-06T14:30;CELL::BLR|BOM|2026-09-21|Economy Flexi|T15(12-18)::ROUND::2026-09-06T14:30;CELL::BLR|BOM|2026-10-06|Economy Flexi|T30(25-35)::ROUND::2026-09-06T14:30;CELL::BLR|BOM|2026-10-22|Economy Flexi|T45(40-50)::ROUND::2026-09-06T14:30,MIDPOINT_MEDIAN,phase10-v1
RCLASS::BLR-BOM|Economy Flexi|ROUND::2026-09-06T20:15,BLR-BOM,Economy Flexi,ROUND::2026-09-06T20:15,2026-09-06 20:15,ANCHORED,5,RSERIES::BLR-BOM|Economy Flexi|T1(0-2)|2026-09-07|ROUND::2026-09-06T20:15;RSERIES::BLR-BOM|Economy Flexi|T15(12-18)|2026-09-21|ROUND::2026-09-06T20:15;RSERIES::BLR-BOM|Economy Flexi|T30(25-35)|2026-10-06|ROUND::2026-09-06T20:15;RSERIES::BLR-BOM|Economy Flexi|T45(40-50)|2026-10-22|ROUND::2026-09-06T20:15;RSERIES::BLR-BOM|Economy Flexi|T7(5-9)|2026-09-13|ROUND::2026-09-06T20:15,BLR,BOM,BLR-BOM,EXACT_KEY_MATCH,scripts/build_vayu_route_basket.py::make_route_id,True,IN_BASKET,BASKET_SCOPED,3,0.097658,True,OBSERVED,PRICED,9048.00,7921.00,11817.00,0.491857,5,5,0,0,0,0,4,1,INFO,R09,0,,False,0,COHERENT_MARKET_MOVEMENT;ISOLATED_DEVIATION,10,10,OBS02610;OBS02612;OBS02613;OBS02615;OBS02622;OBS02623;OBS02624;OBS02625;OBS02629;OBS02634,0,0,10,8,CELL::BLR|BOM|2026-09-07|Economy Flexi|T1(0-2)::ROUND::2026-09-06T20:15::FLT::AI|AI-610|15:45;CELL::BLR|BOM|2026-09-13|Economy Flexi|T7(5-9)::ROUND::2026-09-06T20:15::FLT::QP|QP-1304|05:00;CELL::BLR|BOM|2026-09-21|Economy Flexi|T15(12-18)::ROUND::2026-09-06T20:15::FLT::AI|AI-610|15:45;CELL::BLR|BOM|2026-10-06|Economy Flexi|T30(25-35)::ROUND::2026-09-06T20:15::FLT::6E|6E-442|06:30;CELL::BLR|BOM|2026-10-06|Economy Flexi|T30(25-35)::ROUND::2026-09-06T20:15::FLT::AI|AI-610|15:45;CELL::BLR|BOM|2026-10-22|Economy Flexi|T45(40-50)::ROUND::2026-09-06T20:15::FLT::6E|6E-442|06:30;CELL::BLR|BOM|2026-10-22|Economy Flexi|T45(40-50)::ROUND::2026-09-06T20:15::FLT::AI|AI-610|15:45;CELL::BLR|BOM|2026-10-22|Economy Flexi|T45(40-50)::ROUND::2026-09-06T20:15::FLT::QP|QP-1304|05:00,2026-09-07;2026-09-13;2026-09-21;2026-10-06;2026-10-22,5,T1(0-2);T15(12-18);T30(25-35);T45(40-50);T7(5-9),5,CELL::BLR|BOM|2026-09-07|Economy Flexi|T1(0-2)::ROUND::2026-09-06T20:15;CELL::BLR|BOM|2026-09-13|Economy Flexi|T7(5-9)::ROUND::2026-09-06T20:15;CELL::BLR|BOM|2026-09-21|Economy Flexi|T15(12-18)::ROUND::2026-09-06T20:15;CELL::BLR|BOM|2026-10-06|Economy Flexi|T30(25-35)::ROUND::2026-09-06T20:15;CELL::BLR|BOM|2026-10-22|Economy Flexi|T45(40-50)::ROUND::2026-09-06T20:15,MIDPOINT_MEDIAN,phase10-v1
RCLASS::BLR-BOM|Economy Saver|ROUND::2026-09-05T09:00,BLR-BOM,Economy Saver,ROUND::2026-09-05T09:00,2026-09-05 09:00,ANCHORED,4,RSERIES::BLR-BOM|Economy Saver|T15(12-18)|2026-09-21|ROUND::2026-09-05T09:00;RSERIES::BLR-BOM|Economy Saver|T30(25-35)|2026-10-06|ROUND::2026-09-05T09:00;RSERIES::BLR-BOM|Economy Saver|T45(40-50)|2026-10-22|ROUND::2026-09-05T09:00;RSERIES::BLR-BOM|Economy Saver|T7(5-9)|2026-09-13|ROUND::2026-09-05T09:00,BLR,BOM,BLR-BOM,EXACT_KEY_MATCH,scripts/build_vayu_route_basket.py::make_route_id,True,IN_BASKET,BASKET_SCOPED,3,0.097658,True,OBSERVED,PRICED,5377.50,5021.00,6868.00,0.367855,4,4,0,0,0,0,3,1,INFO,R09,4,R05;R06,False,0,COHERENT_MARKET_MOVEMENT;ISOLATED_DEVIATION,8,8,OBS00067;OBS00069;OBS00070;OBS00073;OBS00081;OBS00091;OBS00092;OBS00099,0,0,8,6,CELL::BLR|BOM|2026-09-13|Economy Saver|T7(5-9)::ROUND::2026-09-05T09:00::FLT::6E|6E-442|06:30;CELL::BLR|BOM|2026-09-21|Economy Saver|T15(12-18)::ROUND::2026-09-05T09:00::FLT::6E|6E-442|06:30;CELL::BLR|BOM|2026-09-21|Economy Saver|T15(12-18)::ROUND::2026-09-05T09:00::FLT::AI|AI-610|15:45;CELL::BLR|BOM|2026-09-21|Economy Saver|T15(12-18)::ROUND::2026-09-05T09:00::FLT::QP|QP-1304|05:00;CELL::BLR|BOM|2026-10-06|Economy Saver|T30(25-35)::ROUND::2026-09-05T09:00::FLT::6E|6E-442|06:30;CELL::BLR|BOM|2026-10-22|Economy Saver|T45(40-50)::ROUND::2026-09-05T09:00::FLT::QP|QP-1304|05:00,2026-09-13;2026-09-21;2026-10-06;2026-10-22,4,T15(12-18);T30(25-35);T45(40-50);T7(5-9),4,CELL::BLR|BOM|2026-09-13|Economy Saver|T7(5-9)::ROUND::2026-09-05T09:00;CELL::BLR|BOM|2026-09-21|Economy Saver|T15(12-18)::ROUND::2026-09-05T09:00;CELL::BLR|BOM|2026-10-06|Economy Saver|T30(25-35)::ROUND::2026-09-05T09:00;CELL::BLR|BOM|2026-10-22|Economy Saver|T45(40-50)::ROUND::2026-09-05T09:00,MIDPOINT_MEDIAN,phase10-v1
RCLASS::BLR-BOM|Economy Saver|ROUND::2026-09-05T14:30,BLR-BOM,Economy Saver,ROUND::2026-09-05T14:30,2026-09-05 14:30,ANCHORED,4,RSERIES::BLR-BOM|Economy Saver|T1(0-2)|2026-09-07|ROUND::2026-09-05T14:30;RSERIES::BLR-BOM|Economy Saver|T30(25-35)|2026-10-06|ROUND::2026-09-05T14:30;RSERIES::BLR-BOM|Economy Saver|T45(40-50)|2026-10-22|ROUND::2026-09-05T14:30;RSERIES::BLR-BOM|Economy Saver|T7(5-9)|2026-09-13|ROUND::2026-09-05T14:30,BLR,BOM,BLR-BOM,EXACT_KEY_MATCH,scripts/build_vayu_route_basket.py::make_route_id,True,IN_BASKET,BASKET_SCOPED,3,0.097658,True,OBSERVED,PRICED,6046.75,5016.00,7513.25,0.497857,4,4,0,0,0,0,1,3,INFO,R09,4,R05;R06,False,0,COHERENT_MARKET_MOVEMENT;ISOLATED_DEVIATION,10,10,OBS00580;OBS00586;OBS00587;OBS00596;OBS00598;OBS00599;OBS00600;OBS00601;OBS00604;OBS00606,0,0,10,7,CELL::BLR|BOM|2026-09-07|Economy Saver|T1(0-2)::ROUND::2026-09-05T14:30::FLT::6E|6E-442|06:30;CELL::BLR|BOM|2026-09-07|Economy Saver|T1(0-2)::ROUND::2026-09-05T14:30::FLT::QP|QP-1304|05:00;CELL::BLR|BOM|2026-09-13|Economy Saver|T7(5-9)::ROUND::2026-09-05T14:30::FLT::QP|QP-1304|05:00;CELL::BLR|BOM|2026-10-06|Economy Saver|T30(25-35)::ROUND::2026-09-05T14:30::FLT::6E|6E-442|06:30;CELL::BLR|BOM|2026-10-06|Economy Saver|T30(25-35)::ROUND::2026-09-05T14:30::FLT::AI|AI-610|15:45;CELL::BLR|BOM|2026-10-06|Economy Saver|T30(25-35)::ROUND::2026-09-05T14:30::FLT::QP|QP-1304|05:00;CELL::BLR|BOM|2026-10-22|Economy Saver|T45(40-50)::ROUND::2026-09-05T14:30::FLT::QP|QP-1304|05:00,2026-09-07;2026-09-13;2026-10-06;2026-10-22,4,T1(0-2);T30(25-35);T45(40-50);T7(5-9),4,CELL::BLR|BOM|2026-09-07|Economy Saver|T1(0-2)::ROUND::2026-09-05T14:30;CELL::BLR|BOM|2026-09-13|Economy Saver|T7(5-9)::ROUND::2026-09-05T14:30;CELL::BLR|BOM|2026-10-06|Economy Saver|T30(25-35)::ROUND::2026-09-05T14:30;CELL::BLR|BOM|2026-10-22|Economy Saver|T45(40-50)::ROUND::2026-09-05T14:30,MIDPOINT_MEDIAN,phase10-v1
RCLASS::BLR-BOM|Economy Saver|ROUND::2026-09-05T20:15,BLR-BOM,Economy Saver,ROUND::2026-09-05T20:15,2026-09-05 20:15,ANCHORED,5,RSERIES::BLR-BOM|Economy Saver|T1(0-2)|2026-09-07|ROUND::2026-09-05T20:15;RSERIES::BLR-BOM|Economy Saver|T15(12-18)|2026-09-21|ROUND::2026-09-05T20:15;RSERIES::BLR-BOM|Economy Saver|T30(25-35)|2026-10-06|ROUND::2026-09-05T20:15;RSERIES::BLR-BOM|Economy Saver|T45(40-50)|2026-10-22|ROUND::2026-09-05T20:15;RSERIES::BLR-BOM|Economy Saver|T7(5-9)|2026-09-13|ROUND::2026-09-05T20:15,BLR,BOM,BLR-BOM,EXACT_KEY_MATCH,scripts/build_vayu_route_basket.py::make_route_id,True,IN_BASKET,BASKET_SCOPED,3,0.097658,True,OBSERVED,PRICED,5580.00,5216.75,7195.00,0.379211,5,5,0,0,0,0,2,3,INFO,R09,5,R05;R06,False,0,COHERENT_MARKET_MOVEMENT;ISOLATED_DEVIATION,9,9,OBS01081;OBS01082;OBS01085;OBS01087;OBS01088;OBS01089;OBS01090;OBS01099;OBS01101,0,0,9,6,CELL::BLR|BOM|2026-09-07|Economy Saver|T1(0-2)::ROUND::2026-09-05T20:15::FLT::QP|QP-1304|05:00;CELL::BLR|BOM|2026-09-13|Economy Saver|T7(5-9)::ROUND::2026-09-05T20:15::FLT::6E|6E-442|06:30;CELL::BLR|BOM|2026-09-21|Economy Saver|T15(12-18)::ROUND::2026-09-05T20:15::FLT::6E|6E-442|06:30;CELL::BLR|BOM|2026-10-06|Economy Saver|T30(25-35)::ROUND::2026-09-05T20:15::FLT::6E|6E-442|06:30;CELL::BLR|BOM|2026-10-22|Economy Saver|T45(40-50)::ROUND::2026-09-05T20:15::FLT::6E|6E-442|06:30;CELL::BLR|BOM|2026-10-22|Economy Saver|T45(40-50)::ROUND::2026-09-05T20:15::FLT::AI|AI-610|15:45,2026-09-07;2026-09-13;2026-09-21;2026-10-06;2026-10-22,5,T1(0-2);T15(12-18);T30(25-35);T45(40-50);T7(5-9),5,CELL::BLR|BOM|2026-09-07|Economy Saver|T1(0-2)::ROUND::2026-09-05T20:15;CELL::BLR|BOM|2026-09-13|Economy Saver|T7(5-9)::ROUND::2026-09-05T20:15;CELL::BLR|BOM|2026-09-21|Economy Saver|T15(12-18)::ROUND::2026-09-05T20:15;CELL::BLR|BOM|2026-10-06|Economy Saver|T30(25-35)::ROUND::2026-09-05T20:15;CELL::BLR|BOM|2026-10-22|Economy Saver|T45(40-50)::ROUND::2026-09-05T20:15,MIDPOINT_MEDIAN,phase10-v1
RCLASS::BLR-BOM|Economy Saver|ROUND::2026-09-06T09:00,BLR-BOM,Economy Saver,ROUND::2026-09-06T09:00,2026-09-06 09:00,ANCHORED,5,RSERIES::BLR-BOM|Economy Saver|T1(0-2)|2026-09-07|ROUND::2026-09-06T09:00;RSERIES::BLR-BOM|Economy Saver|T15(12-18)|2026-09-21|ROUND::2026-09-06T09:00;RSERIES::BLR-BOM|Economy Saver|T30(25-35)|2026-10-06|ROUND::2026-09-06T09:00;RSERIES::BLR-BOM|Economy Saver|T45(40-50)|2026-10-22|ROUND::2026-09-06T09:00;RSERIES::BLR-BOM|Economy Saver|T7(5-9)|2026-09-13|ROUND::2026-09-06T09:00,BLR,BOM,BLR-BOM,EXACT_KEY_MATCH,scripts/build_vayu_route_basket.py::make_route_id,True,IN_BASKET,BASKET_SCOPED,3,0.097658,True,OBSERVED,PRICED,5827.50,5085.00,7289.00,0.433432,5,5,0,0,0,0,2,3,INFO,R09,5,R05;R06,False,0,COHERENT_MARKET_MOVEMENT;ISOLATED_DEVIATION,9,9,OBS01607;OBS01608;OBS01611;OBS01615;OBS01616;OBS01619;OBS01620;OBS01626;OBS01634,0,0,9,7,CELL::BLR|BOM|2026-09-07|Economy Saver|T1(0-2)::ROUND::2026-09-06T09:00::FLT::AI|AI-610|15:45;CELL::BLR|BOM|2026-09-13|Economy Saver|T7(5-9)::ROUND::2026-09-06T09:00::FLT::6E|6E-442|06:30;CELL::BLR|BOM|2026-09-21|Economy Saver|T15(12-18)::ROUND::2026-09-06T09:00::FLT::6E|6E-442|06:30;CELL::BLR|BOM|2026-09-21|Economy Saver|T15(12-18)::ROUND::2026-09-06T09:00::FLT::AI|AI-610|15:45;CELL::BLR|BOM|2026-10-06|Economy Saver|T30(25-35)::ROUND::2026-09-06T09:00::FLT::6E|6E-442|06:30;CELL::BLR|BOM|2026-10-22|Economy Saver|T45(40-50)::ROUND::2026-09-06T09:00::FLT::AI|AI-610|15:45;CELL::BLR|BOM|2026-10-22|Economy Saver|T45(40-50)::ROUND::2026-09-06T09:00::FLT::QP|QP-1304|05:00,2026-09-07;2026-09-13;2026-09-21;2026-10-06;2026-10-22,5,T1(0-2);T15(12-18);T30(25-35);T45(40-50);T7(5-9),5,CELL::BLR|BOM|2026-09-07|Economy Saver|T1(0-2)::ROUND::2026-09-06T09:00;CELL::BLR|BOM|2026-09-13|Economy Saver|T7(5-9)::ROUND::2026-09-06T09:00;CELL::BLR|BOM|2026-09-21|Economy Saver|T15(12-18)::ROUND::2026-09-06T09:00;CELL::BLR|BOM|2026-10-06|Economy Saver|T30(25-35)::ROUND::2026-09-06T09:00;CELL::BLR|BOM|2026-10-22|Economy Saver|T45(40-50)::ROUND::2026-09-06T09:00,MIDPOINT_MEDIAN,phase10-v1
RCLASS::BLR-BOM|Economy Saver|ROUND::2026-09-06T14:30,BLR-BOM,Economy Saver,ROUND::2026-09-06T14:30,2026-09-06 14:30,ANCHORED,5,RSERIES::BLR-BOM|Economy Saver|T1(0-2)|2026-09-07|ROUND::2026-09-06T14:30;RSERIES::BLR-BOM|Economy Saver|T15(12-18)|2026-09-21|ROUND::2026-09-06T14:30;RSERIES::BLR-BOM|Economy Saver|T30(25-35)|2026-10-06|ROUND::2026-09-06T14:30;RSERIES::BLR-BOM|Economy Saver|T45(40-50)|2026-10-22|ROUND::2026-09-06T14:30;RSERIES::BLR-BOM|Economy Saver|T7(5-9)|2026-09-13|ROUND::2026-09-06T14:30,BLR,BOM,BLR-BOM,EXACT_KEY_MATCH,scripts/build_vayu_route_basket.py::make_route_id,True,IN_BASKET,BASKET_SCOPED,3,0.097658,True,OBSERVED,PRICED,5939.50,5141.50,7524.00,0.463386,5,5,0,0,0,0,1,4,INFO,R09,2,R06,False,0,COHERENT_MARKET_MOVEMENT;ISOLATED_DEVIATION,9,9,OBS02103;OBS02116;OBS02120;OBS02127;OBS02128;OBS02129;OBS02132;OBS02133;OBS02135,0,0,9,7,CELL::BLR|BOM|2026-09-07|Economy Saver|T1(0-2)::ROUND::2026-09-06T14:30::FLT::6E|6E-442|06:30;CELL::BLR|BOM|2026-09-13|Economy Saver|T7(5-9)::ROUND::2026-09-06T14:30::FLT::QP|QP-1304|05:00;CELL::BLR|BOM|2026-09-21|Economy Saver|T15(12-18)::ROUND::2026-09-06T14:30::FLT::AI|AI-610|15:45;CELL::BLR|BOM|2026-09-21|Economy Saver|T15(12-18)::ROUND::2026-09-06T14:30::FLT::QP|QP-1304|05:00;CELL::BLR|BOM|2026-10-06|Economy Saver|T30(25-35)::ROUND::2026-09-06T14:30::FLT::QP|QP-1304|05:00;CELL::BLR|BOM|2026-10-22|Economy Saver|T45(40-50)::ROUND::2026-09-06T14:30::FLT::AI|AI-610|15:45;CELL::BLR|BOM|2026-10-22|Economy Saver|T45(40-50)::ROUND::2026-09-06T14:30::FLT::QP|QP-1304|05:00,2026-09-07;2026-09-13;2026-09-21;2026-10-06;2026-10-22,5,T1(0-2);T15(12-18);T30(25-35);T45(40-50);T7(5-9),5,CELL::BLR|BOM|2026-09-07|Economy Saver|T1(0-2)::ROUND::2026-09-06T14:30;CELL::BLR|BOM|2026-09-13|Economy Saver|T7(5-9)::ROUND::2026-09-06T14:30;CELL::BLR|BOM|2026-09-21|Economy Saver|T15(12-18)::ROUND::2026-09-06T14:30;CELL::BLR|BOM|2026-10-06|Economy Saver|T30(25-35)::ROUND::2026-09-06T14:30;CELL::BLR|BOM|2026-10-22|Economy Saver|T45(40-50)::ROUND::2026-09-06T14:30,MIDPOINT_MEDIAN,phase10-v1
RCLASS::BLR-BOM|Economy Saver|ROUND::2026-09-06T20:15,BLR-BOM,Economy Saver,ROUND::2026-09-06T20:15,2026-09-06 20:15,ANCHORED,5,RSERIES::BLR-BOM|Economy Saver|T1(0-2)|2026-09-07|ROUND::2026-09-06T20:15;RSERIES::BLR-BOM|Economy Saver|T15(12-18)|2026-09-21|ROUND::2026-09-06T20:15;RSERIES::BLR-BOM|Economy Saver|T30(25-35)|2026-10-06|ROUND::2026-09-06T20:15;RSERIES::BLR-BOM|Economy Saver|T45(40-50)|2026-10-22|ROUND::2026-09-06T20:15;RSERIES::BLR-BOM|Economy Saver|T7(5-9)|2026-09-13|ROUND::2026-09-06T20:15,BLR,BOM,BLR-BOM,EXACT_KEY_MATCH,scripts/build_vayu_route_basket.py::make_route_id,True,IN_BASKET,BASKET_SCOPED,3,0.097658,True,OBSERVED,PRICED,5644.75,5131.50,7435.00,0.448894,5,5,0,0,0,0,1,4,INFO,R09,0,,False,0,COHERENT_MARKET_MOVEMENT;ISOLATED_DEVIATION,14,14,OBS02605;OBS02606;OBS02607;OBS02611;OBS02614;OBS02616;OBS02619;OBS02620;OBS02621;OBS02626;OBS02627;OBS02628;OBS02631;OBS02632,0,0,14,10,CELL::BLR|BOM|2026-09-07|Economy Saver|T1(0-2)::ROUND::2026-09-06T20:15::FLT::6E|6E-442|06:30;CELL::BLR|BOM|2026-09-07|Economy Saver|T1(0-2)::ROUND::2026-09-06T20:15::FLT::AI|AI-610|15:45;CELL::BLR|BOM|2026-09-07|Economy Saver|T1(0-2)::ROUND::2026-09-06T20:15::FLT::QP|QP-1304|05:00;CELL::BLR|BOM|2026-09-13|Economy Saver|T7(5-9)::ROUND::2026-09-06T20:15::FLT::6E|6E-442|06:30;CELL::BLR|BOM|2026-09-13|Economy Saver|T7(5-9)::ROUND::2026-09-06T20:15::FLT::AI|AI-610|15:45;CELL::BLR|BOM|2026-09-21|Economy Saver|T15(12-18)::ROUND::2026-09-06T20:15::FLT::AI|AI-610|15:45;CELL::BLR|BOM|2026-09-21|Economy Saver|T15(12-18)::ROUND::2026-09-06T20:15::FLT::QP|QP-1304|05:00;CELL::BLR|BOM|2026-10-06|Economy Saver|T30(25-35)::ROUND::2026-09-06T20:15::FLT::6E|6E-442|06:30;CELL::BLR|BOM|2026-10-22|Economy Saver|T45(40-50)::ROUND::2026-09-06T20:15::FLT::6E|6E-442|06:30;CELL::BLR|BOM|2026-10-22|Economy Saver|T45(40-50)::ROUND::2026-09-06T20:15::FLT::AI|AI-610|15:45,2026-09-07;2026-09-13;2026-09-21;2026-10-06;2026-10-22,5,T1(0-2);T15(12-18);T30(25-35);T45(40-50);T7(5-9),5,CELL::BLR|BOM|2026-09-07|Economy Saver|T1(0-2)::ROUND::2026-09-06T20:15;CELL::BLR|BOM|2026-09-13|Economy Saver|T7(5-9)::ROUND::2026-09-06T20:15;CELL::BLR|BOM|2026-09-21|Economy Saver|T15(12-18)::ROUND::2026-09-06T20:15;CELL::BLR|BOM|2026-10-06|Economy Saver|T30(25-35)::ROUND::2026-09-06T20:15;CELL::BLR|BOM|2026-10-22|Economy Saver|T45(40-50)::ROUND::2026-09-06T20:15,MIDPOINT_MEDIAN,phase10-v1
RCLASS::BLR-BOM|Economy Standard|ROUND::2026-09-05T09:00,BLR-BOM,Economy Standard,ROUND::2026-09-05T09:00,2026-09-05 09:00,ANCHORED,3,RSERIES::BLR-BOM|Economy Standard|T1(0-2)|2026-09-07|ROUND::2026-09-05T09:00;RSERIES::BLR-BOM|Economy Standard|T30(25-35)|2026-10-06|ROUND::2026-09-05T09:00;RSERIES::BLR-BOM|Economy Standard|T45(40-50)|2026-10-22|ROUND::2026-09-05T09:00,BLR,BOM,BLR-BOM,EXACT_KEY_MATCH,scripts/build_vayu_route_basket.py::make_route_id,True,IN_BASKET,BASKET_SCOPED,3,0.097658,True,OBSERVED,PRICED,6806.00,6659.00,9254.00,0.389698,3,3,0,0,0,0,1,2,INFO,R09,3,R05;R06,False,0,COHERENT_MARKET_MOVEMENT;ISOLATED_DEVIATION,8,8,OBS00066;OBS00074;OBS00075;OBS00077;OBS00084;OBS00085;OBS00088;OBS00095,0,0,8,6,CELL::BLR|BOM|2026-09-07|Economy Standard|T1(0-2)::ROUND::2026-09-05T09:00::FLT::6E|6E-442|06:30;CELL::BLR|BOM|2026-09-07|Economy Standard|T1(0-2)::ROUND::2026-09-05T09:00::FLT::AI|AI-610|15:45;CELL::BLR|BOM|2026-09-07|Economy Standard|T1(0-2)::ROUND::2026-09-05T09:00::FLT::QP|QP-1304|05:00;CELL::BLR|BOM|2026-10-06|Economy Standard|T30(25-35)::ROUND::2026-09-05T09:00::FLT::QP|QP-1304|05:00;CELL::BLR|BOM|2026-10-22|Economy Standard|T45(40-50)::ROUND::2026-09-05T09:00::FLT::6E|6E-442|06:30;CELL::BLR|BOM|2026-10-22|Economy Standard|T45(40-50)::ROUND::2026-09-05T09:00::FLT::AI|AI-610|15:45,2026-09-07;2026-10-06;2026-10-22,3,T1(0-2);T30(25-35);T45(40-50),3,CELL::BLR|BOM|2026-09-07|Economy Standard|T1(0-2)::ROUND::2026-09-05T09:00;CELL::BLR|BOM|2026-10-06|Economy Standard|T30(25-35)::ROUND::2026-09-05T09:00;CELL::BLR|BOM|2026-10-22|Economy Standard|T45(40-50)::ROUND::2026-09-05T09:00,MIDPOINT_MEDIAN,phase10-v1
RCLASS::BLR-BOM|Economy Standard|ROUND::2026-09-05T14:30,BLR-BOM,Economy Standard,ROUND::2026-09-05T14:30,2026-09-05 14:30,ANCHORED,4,RSERIES::BLR-BOM|Economy Standard|T1(0-2)|2026-09-07|ROUND::2026-09-05T14:30;RSERIES::BLR-BOM|Economy Standard|T15(12-18)|2026-09-21|ROUND::2026-09-05T14:30;RSERIES::BLR-BOM|Economy Standard|T45(40-50)|2026-10-22|ROUND::2026-09-05T14:30;RSERIES::BLR-BOM|Economy Standard|T7(5-9)|2026-09-13|ROUND::2026-09-05T14:30,BLR,BOM,BLR-BOM,EXACT_KEY_MATCH,scripts/build_vayu_route_basket.py::make_route_id,True,IN_BASKET,BASKET_SCOPED,3,0.097658,True,OBSERVED,PRICED,7560.00,6355.25,9902.00,0.558082,4,4,0,0,0,0,2,2,INFO,R09,4,R05;R06,False,0,COHERENT_MARKET_MOVEMENT;ISOLATED_DEVIATION,8,8,OBS00588;OBS00589;OBS00590;OBS00593;OBS00597;OBS00602;OBS00603;OBS02987,0,0,8,6,CELL::BLR|BOM|2026-09-07|Economy Standard|T1(0-2)::ROUND::2026-09-05T14:30::FLT::AI|AI-610|15:45;CELL::BLR|BOM|2026-09-13|Economy Standard|T7(5-9)::ROUND::2026-09-05T14:30::FLT::AI|AI-610|15:45;CELL::BLR|BOM|2026-09-13|Economy Standard|T7(5-9)::ROUND::2026-09-05T14:30::FLT::QP|QP-1304|12:00;CELL::BLR|BOM|2026-09-21|Economy Standard|T15(12-18)::ROUND::2026-09-05T14:30::FLT::QP|QP-1304|05:00;CELL::BLR|BOM|2026-10-22|Economy Standard|T45(40-50)::ROUND::2026-09-05T14:30::FLT::6E|6E-442|06:30;CELL::BLR|BOM|2026-10-22|Economy Standard|T45(40-50)::ROUND::2026-09-05T14:30::FLT::AI|AI-610|15:45,2026-09-07;2026-09-13;2026-09-21;2026-10-22,4,T1(0-2);T15(12-18);T45(40-50);T7(5-9),4,CELL::BLR|BOM|2026-09-07|Economy Standard|T1(0-2)::ROUND::2026-09-05T14:30;CELL::BLR|BOM|2026-09-13|Economy Standard|T7(5-9)::ROUND::2026-09-05T14:30;CELL::BLR|BOM|2026-09-21|Economy Standard|T15(12-18)::ROUND::2026-09-05T14:30;CELL::BLR|BOM|2026-10-22|Economy Standard|T45(40-50)::ROUND::2026-09-05T14:30,MIDPOINT_MEDIAN,phase10-v1
RCLASS::BLR-BOM|Economy Standard|ROUND::2026-09-05T20:15,BLR-BOM,Economy Standard,ROUND::2026-09-05T20:15,2026-09-05 20:15,ANCHORED,4,RSERIES::BLR-BOM|Economy Standard|T1(0-2)|2026-09-07|ROUND::2026-09-05T20:15;RSERIES::BLR-BOM|Economy Standard|T15(12-18)|2026-09-21|ROUND::2026-09-05T20:15;RSERIES::BLR-BOM|Economy Standard|T30(25-35)|2026-10-06|ROUND::2026-09-05T20:15;RSERIES::BLR-BOM|Economy Standard|T7(5-9)|2026-09-13|ROUND::2026-09-05T20:15,BLR,BOM,BLR-BOM,EXACT_KEY_MATCH,scripts/build_vayu_route_basket.py::make_route_id,True,IN_BASKET,BASKET_SCOPED,3,0.097658,True,OBSERVED,PRICED,7893.75,6505.25,9354.00,0.437916,4,4,0,0,0,0,0,4,NONE,,4,R05;R06,False,0,COHERENT_MARKET_MOVEMENT;ISOLATED_DEVIATION,10,10,OBS01092;OBS01093;OBS01095;OBS01097;OBS01098;OBS01103;OBS01104;OBS01105;OBS01108;OBS01109,0,0,10,6,CELL::BLR|BOM|2026-09-07|Economy Standard|T1(0-2)::ROUND::2026-09-05T20:15::FLT::AI|AI-610|15:45;CELL::BLR|BOM|2026-09-13|Economy Standard|T7(5-9)::ROUND::2026-09-05T20:15::FLT::AI|AI-610|15:45;CELL::BLR|BOM|2026-09-13|Economy Standard|T7(5-9)::ROUND::2026-09-05T20:15::FLT::QP|QP-1304|05:00;CELL::BLR|BOM|2026-09-21|Economy Standard|T15(12-18)::ROUND::2026-09-05T20:15::FLT::QP|QP-1304|05:00;CELL::BLR|BOM|2026-10-06|Economy Standard|T30(25-35)::ROUND::2026-09-05T20:15::FLT::AI|AI-610|15:45;CELL::BLR|BOM|2026-10-06|Economy Standard|T30(25-35)::ROUND::2026-09-05T20:15::FLT::QP|QP-1304|05:00,2026-09-07;2026-09-13;2026-09-21;2026-10-06,4,T1(0-2);T15(12-18);T30(25-35);T7(5-9),4,CELL::BLR|BOM|2026-09-07|Economy Standard|T1(0-2)::ROUND::2026-09-05T20:15;CELL::BLR|BOM|2026-09-13|Economy Standard|T7(5-9)::ROUND::2026-09-05T20:15;CELL::BLR|BOM|2026-09-21|Economy Standard|T15(12-18)::ROUND::2026-09-05T20:15;CELL::BLR|BOM|2026-10-06|Economy Standard|T30(25-35)::ROUND::2026-09-05T20:15,MIDPOINT_MEDIAN,phase10-v1
RCLASS::BLR-BOM|Economy Standard|ROUND::2026-09-06T09:00,BLR-BOM,Economy Standard,ROUND::2026-09-06T09:00,2026-09-06 09:00,ANCHORED,4,RSERIES::BLR-BOM|Economy Standard|T1(0-2)|2026-09-07|ROUND::2026-09-06T09:00;RSERIES::BLR-BOM|Economy Standard|T15(12-18)|2026-09-21|ROUND::2026-09-06T09:00;RSERIES::BLR-BOM|Economy Standard|T30(25-35)|2026-10-06|ROUND::2026-09-06T09:00;RSERIES::BLR-BOM|Economy Standard|T45(40-50)|2026-10-22|ROUND::2026-09-06T09:00,BLR,BOM,BLR-BOM,EXACT_KEY_MATCH,scripts/build_vayu_route_basket.py::make_route_id,True,IN_BASKET,BASKET_SCOPED,3,0.097658,True,OBSERVED,PRICED,7078.00,6585.75,9855.00,0.496413,4,4,0,0,0,0,1,3,INFO,R09,4,R05;R06,False,0,COHERENT_MARKET_MOVEMENT;ISOLATED_DEVIATION,9,9,OBS01603;OBS01604;OBS01609;OBS01610;OBS01621;OBS01624;OBS01625;OBS01632;OBS01633,0,0,9,5,CELL::BLR|BOM|2026-09-07|Economy Standard|T1(0-2)::ROUND::2026-09-06T09:00::FLT::6E|6E-442|06:30;CELL::BLR|BOM|2026-09-21|Economy Standard|T15(12-18)::ROUND::2026-09-06T09:00::FLT::6E|6E-442|06:30;CELL::BLR|BOM|2026-10-06|Economy Standard|T30(25-35)::ROUND::2026-09-06T09:00::FLT::AI|AI-610|15:45;CELL::BLR|BOM|2026-10-22|Economy Standard|T45(40-50)::ROUND::2026-09-06T09:00::FLT::AI|AI-610|15:45;CELL::BLR|BOM|2026-10-22|Economy Standard|T45(40-50)::ROUND::2026-09-06T09:00::FLT::QP|QP-1304|05:00,2026-09-07;2026-09-21;2026-10-06;2026-10-22,4,T1(0-2);T15(12-18);T30(25-35);T45(40-50),4,CELL::BLR|BOM|2026-09-07|Economy Standard|T1(0-2)::ROUND::2026-09-06T09:00;CELL::BLR|BOM|2026-09-21|Economy Standard|T15(12-18)::ROUND::2026-09-06T09:00;CELL::BLR|BOM|2026-10-06|Economy Standard|T30(25-35)::ROUND::2026-09-06T09:00;CELL::BLR|BOM|2026-10-22|Economy Standard|T45(40-50)::ROUND::2026-09-06T09:00,MIDPOINT_MEDIAN,phase10-v1
RCLASS::BLR-BOM|Economy Standard|ROUND::2026-09-06T14:30,BLR-BOM,Economy Standard,ROUND::2026-09-06T14:30,2026-09-06 14:30,ANCHORED,4,RSERIES::BLR-BOM|Economy Standard|T1(0-2)|2026-09-07|ROUND::2026-09-06T14:30;RSERIES::BLR-BOM|Economy Standard|T15(12-18)|2026-09-21|ROUND::2026-09-06T14:30;RSERIES::BLR-BOM|Economy Standard|T30(25-35)|2026-10-06|ROUND::2026-09-06T14:30;RSERIES::BLR-BOM|Economy Standard|T7(5-9)|2026-09-13|ROUND::2026-09-06T14:30,BLR,BOM,BLR-BOM,EXACT_KEY_MATCH,scripts/build_vayu_route_basket.py::make_route_id,True,IN_BASKET,BASKET_SCOPED,3,0.097658,True,OBSERVED,PRICED,8108.00,6687.50,9782.00,0.462729,4,4,0,0,0,0,1,3,INFO,R09,3,R05;R06,False,0,COHERENT_MARKET_MOVEMENT;ISOLATED_DEVIATION,9,9,OBS02106;OBS02107;OBS02110;OBS02113;OBS02114;OBS02115;OBS02117;OBS02125;OBS02126,0,0,9,7,CELL::BLR|BOM|2026-09-07|Economy Standard|T1(0-2)::ROUND::2026-09-06T14:30::FLT::AI|AI-610|15:45;CELL::BLR|BOM|2026-09-13|Economy Standard|T7(5-9)::ROUND::2026-09-06T14:30::FLT::AI|AI-610|15:45;CELL::BLR|BOM|2026-09-13|Economy Standard|T7(5-9)::ROUND::2026-09-06T14:30::FLT::QP|QP-1304|05:00;CELL::BLR|BOM|2026-09-21|Economy Standard|T15(12-18)::ROUND::2026-09-06T14:30::FLT::6E|6E-442|06:30;CELL::BLR|BOM|2026-09-21|Economy Standard|T15(12-18)::ROUND::2026-09-06T14:30::FLT::AI|AI-610|15:45;CELL::BLR|BOM|2026-10-06|Economy Standard|T30(25-35)::ROUND::2026-09-06T14:30::FLT::6E|6E-442|06:30;CELL::BLR|BOM|2026-10-06|Economy Standard|T30(25-35)::ROUND::2026-09-06T14:30::FLT::AI|AI-610|15:45,2026-09-07;2026-09-13;2026-09-21;2026-10-06,4,T1(0-2);T15(12-18);T30(25-35);T7(5-9),4,CELL::BLR|BOM|2026-09-07|Economy Standard|T1(0-2)::ROUND::2026-09-06T14:30;CELL::BLR|BOM|2026-09-13|Economy Standard|T7(5-9)::ROUND::2026-09-06T14:30;CELL::BLR|BOM|2026-09-21|Economy Standard|T15(12-18)::ROUND::2026-09-06T14:30;CELL::BLR|BOM|2026-10-06|Economy Standard|T30(25-35)::ROUND::2026-09-06T14:30,MIDPOINT_MEDIAN,phase10-v1
RCLASS::BLR-BOM|Economy Standard|ROUND::2026-09-06T20:15,BLR-BOM,Economy Standard,ROUND::2026-09-06T20:15,2026-09-06 20:15,ANCHORED,4,RSERIES::BLR-BOM|Economy Standard|T1(0-2)|2026-09-07|ROUND::2026-09-06T20:15;RSERIES::BLR-BOM|Economy Standard|T15(12-18)|2026-09-21|ROUND::2026-09-06T20:15;RSERIES::BLR-BOM|Economy Standard|T30(25-35)|2026-10-06|ROUND::2026-09-06T20:15;RSERIES::BLR-BOM|Economy Standard|T7(5-9)|2026-09-13|ROUND::2026-09-06T20:15,BLR,BOM,BLR-BOM,EXACT_KEY_MATCH,scripts/build_vayu_route_basket.py::make_route_id,True,IN_BASKET,BASKET_SCOPED,3,0.097658,True,OBSERVED,PRICED,8058.38,6290.00,9398.00,0.494118,4,4,0,0,0,0,1,3,INFO,R09,1,R06,False,0,COHERENT_MARKET_MOVEMENT;ISOLATED_DEVIATION,8,8,OBS02603;OBS02604;OBS02608;OBS02609;OBS02617;OBS02618;OBS02630;OBS02633,0,0,8,5,CELL::BLR|BOM|2026-09-07|Economy Standard|T1(0-2)::ROUND::2026-09-06T20:15::FLT::6E|6E-442|06:30;CELL::BLR|BOM|2026-09-13|Economy Standard|T7(5-9)::ROUND::2026-09-06T20:15::FLT::AI|AI-610|15:45;CELL::BLR|BOM|2026-09-13|Economy Standard|T7(5-9)::ROUND::2026-09-06T20:15::FLT::QP|QP-1304|05:00;CELL::BLR|BOM|2026-09-21|Economy Standard|T15(12-18)::ROUND::2026-09-06T20:15::FLT::6E|6E-442|06:30;CELL::BLR|BOM|2026-10-06|Economy Standard|T30(25-35)::ROUND::2026-09-06T20:15::FLT::QP|QP-1304|05:00,2026-09-07;2026-09-13;2026-09-21;2026-10-06,4,T1(0-2);T15(12-18);T30(25-35);T7(5-9),4,CELL::BLR|BOM|2026-09-07|Economy Standard|T1(0-2)::ROUND::2026-09-06T20:15;CELL::BLR|BOM|2026-09-13|Economy Standard|T7(5-9)::ROUND::2026-09-06T20:15;CELL::BLR|BOM|2026-09-21|Economy Standard|T15(12-18)::ROUND::2026-09-06T20:15;CELL::BLR|BOM|2026-10-06|Economy Standard|T30(25-35)::ROUND::2026-09-06T20:15,MIDPOINT_MEDIAN,phase10-v1
RCLASS::DEL-HYD|Economy Flexi|ROUND::2026-09-05T09:00,DEL-HYD,Economy Flexi,ROUND::2026-09-05T09:00,2026-09-05 09:00,ANCHORED,4,RSERIES::DEL-HYD|Economy Flexi|T15(12-18)|2026-09-21|ROUND::2026-09-05T09:00;RSERIES::DEL-HYD|Economy Flexi|T30(25-35)|2026-10-06|ROUND::2026-09-05T09:00;RSERIES::DEL-HYD|Economy Flexi|T45(40-50)|2026-10-22|ROUND::2026-09-05T09:00;RSERIES::DEL-HYD|Economy Flexi|T7(5-9)|2026-09-13|ROUND::2026-09-05T09:00,DEL,HYD,DEL-HYD,EXACT_KEY_MATCH,scripts/build_vayu_route_basket.py::make_route_id,True,IN_BASKET,BASKET_SCOPED,4,0.078228,True,OBSERVED,PRICED,8683.38,8025.50,10636.75,0.325369,4,4,0,0,0,0,1,3,INFO,R09,4,R05;R06,False,0,COHERENT_MARKET_MOVEMENT;ISOLATED_DEVIATION,13,13,OBS00104;OBS00105;OBS00109;OBS00110;OBS00117;OBS00118;OBS00119;OBS00120;OBS00124;OBS00125;OBS00129;OBS00130;OBS00134,0,0,13,8,CELL::DEL|HYD|2026-09-13|Economy Flexi|T7(5-9)::ROUND::2026-09-05T09:00::FLT::6E|6E-773|19:45;CELL::DEL|HYD|2026-09-13|Economy Flexi|T7(5-9)::ROUND::2026-09-05T09:00::FLT::SG|SG-451|19:15;CELL::DEL|HYD|2026-09-21|Economy Flexi|T15(12-18)::ROUND::2026-09-05T09:00::FLT::AI|AI-540|05:15;CELL::DEL|HYD|2026-10-06|Economy Flexi|T30(25-35)::ROUND::2026-09-05T09:00::FLT::6E|6E-773|19:45;CELL::DEL|HYD|2026-10-06|Economy Flexi|T30(25-35)::ROUND::2026-09-05T09:00::FLT::AI|AI-540|05:15;CELL::DEL|HYD|2026-10-06|Economy Flexi|T30(25-35)::ROUND::2026-09-05T09:00::FLT::SG|SG-451|19:15;CELL::DEL|HYD|2026-10-22|Economy Flexi|T45(40-50)::ROUND::2026-09-05T09:00::FLT::AI|AI-540|05:15;CELL::DEL|HYD|2026-10-22|Economy Flexi|T45(40-50)::ROUND::2026-09-05T09:00::FLT::SG|SG-451|19:15,2026-09-13;2026-09-21;2026-10-06;2026-10-22,4,T15(12-18);T30(25-35);T45(40-50);T7(5-9),4,CELL::DEL|HYD|2026-09-13|Economy Flexi|T7(5-9)::ROUND::2026-09-05T09:00;CELL::DEL|HYD|2026-09-21|Economy Flexi|T15(12-18)::ROUND::2026-09-05T09:00;CELL::DEL|HYD|2026-10-06|Economy Flexi|T30(25-35)::ROUND::2026-09-05T09:00;CELL::DEL|HYD|2026-10-22|Economy Flexi|T45(40-50)::ROUND::2026-09-05T09:00,MIDPOINT_MEDIAN,phase10-v1
RCLASS::DEL-HYD|Economy Flexi|ROUND::2026-09-05T14:30,DEL-HYD,Economy Flexi,ROUND::2026-09-05T14:30,2026-09-05 14:30,ANCHORED,2,RSERIES::DEL-HYD|Economy Flexi|T1(0-2)|2026-09-07|ROUND::2026-09-05T14:30;RSERIES::DEL-HYD|Economy Flexi|T30(25-35)|2026-10-06|ROUND::2026-09-05T14:30,DEL,HYD,DEL-HYD,EXACT_KEY_MATCH,scripts/build_vayu_route_basket.py::make_route_id,True,IN_BASKET,BASKET_SCOPED,4,0.078228,True,OBSERVED,PRICED,9719.50,8080.00,11359.00,0.405817,2,2,0,0,0,0,0,2,NONE,,2,R05;R06,False,0,COHERENT_MARKET_MOVEMENT;ISOLATED_DEVIATION,6,6,OBS00615;OBS00619;OBS00620;OBS00633;OBS00634;OBS02993,0,0,6,4,CELL::DEL|HYD|2026-09-07|Economy Flexi|T1(0-2)::ROUND::2026-09-05T14:30::FLT::AI|AI-540|05:15;CELL::DEL|HYD|2026-10-06|Economy Flexi|T30(25-35)::ROUND::2026-09-05T14:30::FLT::6E|6E-773|19:45;CELL::DEL|HYD|2026-10-06|Economy Flexi|T30(25-35)::ROUND::2026-09-05T14:30::FLT::SG|SG-451|12:00;CELL::DEL|HYD|2026-10-06|Economy Flexi|T30(25-35)::ROUND::2026-09-05T14:30::FLT::SG|SG-451|19:15,2026-09-07;2026-10-06,2,T1(0-2);T30(25-35),2,CELL::DEL|HYD|2026-09-07|Economy Flexi|T1(0-2)::ROUND::2026-09-05T14:30;CELL::DEL|HYD|2026-10-06|Economy Flexi|T30(25-35)::ROUND::2026-09-05T14:30,MIDPOINT_MEDIAN,phase10-v1
RCLASS::DEL-HYD|Economy Flexi|ROUND::2026-09-05T20:15,DEL-HYD,Economy Flexi,ROUND::2026-09-05T20:15,2026-09-05 20:15,ANCHORED,5,RSERIES::DEL-HYD|Economy Flexi|T1(0-2)|2026-09-07|ROUND::2026-09-05T20:15;RSERIES::DEL-HYD|Economy Flexi|T15(12-18)|2026-09-21|ROUND::2026-09-05T20:15;RSERIES::DEL-HYD|Economy Flexi|T30(25-35)|2026-10-06|ROUND::2026-09-05T20:15;RSERIES::DEL-HYD|Economy Flexi|T45(40-50)|2026-10-22|ROUND::2026-09-05T20:15;RSERIES::DEL-HYD|Economy Flexi|T7(5-9)|2026-09-13|ROUND::2026-09-05T20:15,DEL,HYD,DEL-HYD,EXACT_KEY_MATCH,scripts/build_vayu_route_basket.py::make_route_id,True,IN_BASKET,BASKET_SCOPED,4,0.078228,True,OBSERVED,PRICED,8475.50,7775.00,11679.25,0.502154,5,5,0,0,0,0,1,4,INFO,R09,5,R05;R06,False,0,COHERENT_MARKET_MOVEMENT;ISOLATED_DEVIATION,12,12,OBS01114;OBS01115;OBS01122;OBS01130;OBS01132;OBS01133;OBS01138;OBS01141;OBS01142;OBS01144;OBS01145;OBS01146,0,0,12,8,CELL::DEL|HYD|2026-09-07|Economy Flexi|T1(0-2)::ROUND::2026-09-05T20:15::FLT::6E|6E-773|19:45;CELL::DEL|HYD|2026-09-07|Economy Flexi|T1(0-2)::ROUND::2026-09-05T20:15::FLT::SG|SG-451|19:15;CELL::DEL|HYD|2026-09-13|Economy Flexi|T7(5-9)::ROUND::2026-09-05T20:15::FLT::AI|AI-540|05:15;CELL::DEL|HYD|2026-09-13|Economy Flexi|T7(5-9)::ROUND::2026-09-05T20:15::FLT::SG|SG-451|19:15;CELL::DEL|HYD|2026-09-21|Economy Flexi|T15(12-18)::ROUND::2026-09-05T20:15::FLT::AI|AI-540|05:15;CELL::DEL|HYD|2026-10-06|Economy Flexi|T30(25-35)::ROUND::2026-09-05T20:15::FLT::6E|6E-773|19:45;CELL::DEL|HYD|2026-10-06|Economy Flexi|T30(25-35)::ROUND::2026-09-05T20:15::FLT::SG|SG-451|19:15;CELL::DEL|HYD|2026-10-22|Economy Flexi|T45(40-50)::ROUND::2026-09-05T20:15::FLT::SG|SG-451|19:15,2026-09-07;2026-09-13;2026-09-21;2026-10-06;2026-10-22,5,T1(0-2);T15(12-18);T30(25-35);T45(40-50);T7(5-9),5,CELL::DEL|HYD|2026-09-07|Economy Flexi|T1(0-2)::ROUND::2026-09-05T20:15;CELL::DEL|HYD|2026-09-13|Economy Flexi|T7(5-9)::ROUND::2026-09-05T20:15;CELL::DEL|HYD|2026-09-21|Economy Flexi|T15(12-18)::ROUND::2026-09-05T20:15;CELL::DEL|HYD|2026-10-06|Economy Flexi|T30(25-35)::ROUND::2026-09-05T20:15;CELL::DEL|HYD|2026-10-22|Economy Flexi|T45(40-50)::ROUND::2026-09-05T20:15,MIDPOINT_MEDIAN,phase10-v1
RCLASS::DEL-HYD|Economy Flexi|ROUND::2026-09-06T09:00,DEL-HYD,Economy Flexi,ROUND::2026-09-06T09:00,2026-09-06 09:00,ANCHORED,5,RSERIES::DEL-HYD|Economy Flexi|T1(0-2)|2026-09-07|ROUND::2026-09-06T09:00;RSERIES::DEL-HYD|Economy Flexi|T15(12-18)|2026-09-21|ROUND::2026-09-06T09:00;RSERIES::DEL-HYD|Economy Flexi|T30(25-35)|2026-10-06|ROUND::2026-09-06T09:00;RSERIES::DEL-HYD|Economy Flexi|T45(40-50)|2026-10-22|ROUND::2026-09-06T09:00;RSERIES::DEL-HYD|Economy Flexi|T7(5-9)|2026-09-13|ROUND::2026-09-06T09:00,DEL,HYD,DEL-HYD,EXACT_KEY_MATCH,scripts/build_vayu_route_basket.py::make_route_id,True,IN_BASKET,BASKET_SCOPED,4,0.078228,True,OBSERVED,PRICED,9125.00,7940.00,12233.50,0.540743,5,5,0,0,0,0,2,3,INFO,R09,5,R05;R06,False,0,COHERENT_MARKET_MOVEMENT;ISOLATED_DEVIATION,11,11,OBS01644;OBS01645;OBS01649;OBS01650;OBS01652;OBS01653;OBS01654;OBS01658;OBS01667;OBS01670;OBS01671,0,0,11,7,CELL::DEL|HYD|2026-09-07|Economy Flexi|T1(0-2)::ROUND::2026-09-06T09:00::FLT::AI|AI-540|05:15;CELL::DEL|HYD|2026-09-13|Economy Flexi|T7(5-9)::ROUND::2026-09-06T09:00::FLT::AI|AI-540|05:15;CELL::DEL|HYD|2026-09-21|Economy Flexi|T15(12-18)::ROUND::2026-09-06T09:00::FLT::AI|AI-540|05:15;CELL::DEL|HYD|2026-10-06|Economy Flexi|T30(25-35)::ROUND::2026-09-06T09:00::FLT::SG|SG-451|19:15;CELL::DEL|HYD|2026-10-22|Economy Flexi|T45(40-50)::ROUND::2026-09-06T09:00::FLT::6E|6E-773|19:45;CELL::DEL|HYD|2026-10-22|Economy Flexi|T45(40-50)::ROUND::2026-09-06T09:00::FLT::AI|AI-540|05:15;CELL::DEL|HYD|2026-10-22|Economy Flexi|T45(40-50)::ROUND::2026-09-06T09:00::FLT::SG|SG-451|19:15,2026-09-07;2026-09-13;2026-09-21;2026-10-06;2026-10-22,5,T1(0-2);T15(12-18);T30(25-35);T45(40-50);T7(5-9),5,CELL::DEL|HYD|2026-09-07|Economy Flexi|T1(0-2)::ROUND::2026-09-06T09:00;CELL::DEL|HYD|2026-09-13|Economy Flexi|T7(5-9)::ROUND::2026-09-06T09:00;CELL::DEL|HYD|2026-09-21|Economy Flexi|T15(12-18)::ROUND::2026-09-06T09:00;CELL::DEL|HYD|2026-10-06|Economy Flexi|T30(25-35)::ROUND::2026-09-06T09:00;CELL::DEL|HYD|2026-10-22|Economy Flexi|T45(40-50)::ROUND::2026-09-06T09:00,MIDPOINT_MEDIAN,phase10-v1
RCLASS::DEL-HYD|Economy Flexi|ROUND::2026-09-06T14:30,DEL-HYD,Economy Flexi,ROUND::2026-09-06T14:30,2026-09-06 14:30,ANCHORED,5,RSERIES::DEL-HYD|Economy Flexi|T1(0-2)|2026-09-07|ROUND::2026-09-06T14:30;RSERIES::DEL-HYD|Economy Flexi|T15(12-18)|2026-09-21|ROUND::2026-09-06T14:30;RSERIES::DEL-HYD|Economy Flexi|T30(25-35)|2026-10-06|ROUND::2026-09-06T14:30;RSERIES::DEL-HYD|Economy Flexi|T45(40-50)|2026-10-22|ROUND::2026-09-06T14:30;RSERIES::DEL-HYD|Economy Flexi|T7(5-9)|2026-09-13|ROUND::2026-09-06T14:30,DEL,HYD,DEL-HYD,EXACT_KEY_MATCH,scripts/build_vayu_route_basket.py::make_route_id,True,IN_BASKET,BASKET_SCOPED,4,0.078228,True,OBSERVED,PRICED,8832.50,7731.00,11973.50,0.548765,5,5,0,0,0,0,1,4,INFO,R09,4,R06,False,0,COHERENT_MARKET_MOVEMENT;ISOLATED_DEVIATION,11,11,OBS02139;OBS02141;OBS02146;OBS02147;OBS02152;OBS02153;OBS02154;OBS02155;OBS02162;OBS02163;OBS02169,0,0,11,7,CELL::DEL|HYD|2026-09-07|Economy Flexi|T1(0-2)::ROUND::2026-09-06T14:30::FLT::AI|AI-540|05:15;CELL::DEL|HYD|2026-09-13|Economy Flexi|T7(5-9)::ROUND::2026-09-06T14:30::FLT::SG|SG-451|19:15;CELL::DEL|HYD|2026-09-21|Economy Flexi|T15(12-18)::ROUND::2026-09-06T14:30::FLT::6E|6E-773|19:45;CELL::DEL|HYD|2026-09-21|Economy Flexi|T15(12-18)::ROUND::2026-09-06T14:30::FLT::AI|AI-540|05:15;CELL::DEL|HYD|2026-10-06|Economy Flexi|T30(25-35)::ROUND::2026-09-06T14:30::FLT::6E|6E-773|19:45;CELL::DEL|HYD|2026-10-06|Economy Flexi|T30(25-35)::ROUND::2026-09-06T14:30::FLT::AI|AI-540|05:15;CELL::DEL|HYD|2026-10-22|Economy Flexi|T45(40-50)::ROUND::2026-09-06T14:30::FLT::SG|SG-451|19:15,2026-09-07;2026-09-13;2026-09-21;2026-10-06;2026-10-22,5,T1(0-2);T15(12-18);T30(25-35);T45(40-50);T7(5-9),5,CELL::DEL|HYD|2026-09-07|Economy Flexi|T1(0-2)::ROUND::2026-09-06T14:30;CELL::DEL|HYD|2026-09-13|Economy Flexi|T7(5-9)::ROUND::2026-09-06T14:30;CELL::DEL|HYD|2026-09-21|Economy Flexi|T15(12-18)::ROUND::2026-09-06T14:30;CELL::DEL|HYD|2026-10-06|Economy Flexi|T30(25-35)::ROUND::2026-09-06T14:30;CELL::DEL|HYD|2026-10-22|Economy Flexi|T45(40-50)::ROUND::2026-09-06T14:30,MIDPOINT_MEDIAN,phase10-v1
RCLASS::DEL-HYD|Economy Flexi|ROUND::2026-09-06T20:15,DEL-HYD,Economy Flexi,ROUND::2026-09-06T20:15,2026-09-06 20:15,ANCHORED,5,RSERIES::DEL-HYD|Economy Flexi|T1(0-2)|2026-09-07|ROUND::2026-09-06T20:15;RSERIES::DEL-HYD|Economy Flexi|T15(12-18)|2026-09-21|ROUND::2026-09-06T20:15;RSERIES::DEL-HYD|Economy Flexi|T30(25-35)|2026-10-06|ROUND::2026-09-06T20:15;RSERIES::DEL-HYD|Economy Flexi|T45(40-50)|2026-10-22|ROUND::2026-09-06T20:15;RSERIES::DEL-HYD|Economy Flexi|T7(5-9)|2026-09-13|ROUND::2026-09-06T20:15,DEL,HYD,DEL-HYD,EXACT_KEY_MATCH,scripts/build_vayu_route_basket.py::make_route_id,True,IN_BASKET,BASKET_SCOPED,4,0.078228,True,OBSERVED,PRICED,9187.00,7778.00,11972.00,0.539213,5,5,0,0,0,0,2,3,INFO,R09,0,,False,0,COHERENT_MARKET_MOVEMENT;ISOLATED_DEVIATION,10,10,OBS02635;OBS02636;OBS02641;OBS02647;OBS02649;OBS02654;OBS02655;OBS02656;OBS02657;OBS02667,0,0,10,7,CELL::DEL|HYD|2026-09-07|Economy Flexi|T1(0-2)::ROUND::2026-09-06T20:15::FLT::6E|6E-773|19:45;CELL::DEL|HYD|2026-09-13|Economy Flexi|T7(5-9)::ROUND::2026-09-06T20:15::FLT::AI|AI-540|05:15;CELL::DEL|HYD|2026-09-21|Economy Flexi|T15(12-18)::ROUND::2026-09-06T20:15::FLT::6E|6E-773|19:45;CELL::DEL|HYD|2026-09-21|Economy Flexi|T15(12-18)::ROUND::2026-09-06T20:15::FLT::AI|AI-540|05:15;CELL::DEL|HYD|2026-09-21|Economy Flexi|T15(12-18)::ROUND::2026-09-06T20:15::FLT::SG|SG-451|19:15;CELL::DEL|HYD|2026-10-06|Economy Flexi|T30(25-35)::ROUND::2026-09-06T20:15::FLT::AI|AI-540|05:15;CELL::DEL|HYD|2026-10-22|Economy Flexi|T45(40-50)::ROUND::2026-09-06T20:15::FLT::6E|6E-773|19:45,2026-09-07;2026-09-13;2026-09-21;2026-10-06;2026-10-22,5,T1(0-2);T15(12-18);T30(25-35);T45(40-50);T7(5-9),5,CELL::DEL|HYD|2026-09-07|Economy Flexi|T1(0-2)::ROUND::2026-09-06T20:15;CELL::DEL|HYD|2026-09-13|Economy Flexi|T7(5-9)::ROUND::2026-09-06T20:15;CELL::DEL|HYD|2026-09-21|Economy Flexi|T15(12-18)::ROUND::2026-09-06T20:15;CELL::DEL|HYD|2026-10-06|Economy Flexi|T30(25-35)::ROUND::2026-09-06T20:15;CELL::DEL|HYD|2026-10-22|Economy Flexi|T45(40-50)::ROUND::2026-09-06T20:15,MIDPOINT_MEDIAN,phase10-v1
RCLASS::DEL-HYD|Economy Saver|ROUND::2026-09-05T09:00,DEL-HYD,Economy Saver,ROUND::2026-09-05T09:00,2026-09-05 09:00,ANCHORED,3,RSERIES::DEL-HYD|Economy Saver|T1(0-2)|2026-09-07|ROUND::2026-09-05T09:00;RSERIES::DEL-HYD|Economy Saver|T15(12-18)|2026-09-21|ROUND::2026-09-05T09:00;RSERIES::DEL-HYD|Economy Saver|T30(25-35)|2026-10-06|ROUND::2026-09-05T09:00,DEL,HYD,DEL-HYD,EXACT_KEY_MATCH,scripts/build_vayu_route_basket.py::make_route_id,True,IN_BASKET,BASKET_SCOPED,4,0.078228,True,OBSERVED,PRICED,5551.00,5059.00,7452.00,0.473018,3,3,0,0,0,0,0,3,NONE,,3,R05;R06,False,0,COHERENT_MARKET_MOVEMENT;ISOLATED_DEVIATION,10,10,OBS00100;OBS00101;OBS00107;OBS00108;OBS00112;OBS00115;OBS00116;OBS00121;OBS00122;OBS00128,0,0,10,6,CELL::DEL|HYD|2026-09-07|Economy Saver|T1(0-2)::ROUND::2026-09-05T09:00::FLT::6E|6E-773|19:45;CELL::DEL|HYD|2026-09-07|Economy Saver|T1(0-2)::ROUND::2026-09-05T09:00::FLT::AI|AI-540|05:15;CELL::DEL|HYD|2026-09-07|Economy Saver|T1(0-2)::ROUND::2026-09-05T09:00::FLT::SG|SG-451|19:15;CELL::DEL|HYD|2026-09-21|Economy Saver|T15(12-18)::ROUND::2026-09-05T09:00::FLT::AI|AI-540|05:15;CELL::DEL|HYD|2026-09-21|Economy Saver|T15(12-18)::ROUND::2026-09-05T09:00::FLT::SG|SG-451|19:15;CELL::DEL|HYD|2026-10-06|Economy Saver|T30(25-35)::ROUND::2026-09-05T09:00::FLT::6E|6E-773|19:45,2026-09-07;2026-09-21;2026-10-06,3,T1(0-2);T15(12-18);T30(25-35),3,CELL::DEL|HYD|2026-09-07|Economy Saver|T1(0-2)::ROUND::2026-09-05T09:00;CELL::DEL|HYD|2026-09-21|Economy Saver|T15(12-18)::ROUND::2026-09-05T09:00;CELL::DEL|HYD|2026-10-06|Economy Saver|T30(25-35)::ROUND::2026-09-05T09:00,MIDPOINT_MEDIAN,phase10-v1
RCLASS::DEL-HYD|Economy Saver|ROUND::2026-09-05T14:30,DEL-HYD,Economy Saver,ROUND::2026-09-05T14:30,2026-09-05 14:30,ANCHORED,5,RSERIES::DEL-HYD|Economy Saver|T1(0-2)|2026-09-07|ROUND::2026-09-05T14:30;RSERIES::DEL-HYD|Economy Saver|T15(12-18)|2026-09-21|ROUND::2026-09-05T14:30;RSERIES::DEL-HYD|Economy Saver|T30(25-35)|2026-10-06|ROUND::2026-09-05T14:30;RSERIES::DEL-HYD|Economy Saver|T45(40-50)|2026-10-22|ROUND::2026-09-05T14:30;RSERIES::DEL-HYD|Economy Saver|T7(5-9)|2026-09-13|ROUND::2026-09-05T14:30,DEL,HYD,DEL-HYD,EXACT_KEY_MATCH,scripts/build_vayu_route_basket.py::make_route_id,True,IN_BASKET,BASKET_SCOPED,4,0.078228,True,OBSERVED,PRICED,5485.00,5103.00,7421.50,0.454341,5,5,0,0,0,0,0,5,NONE,,5,R05;R06,False,0,COHERENT_MARKET_MOVEMENT;ISOLATED_DEVIATION,16,16,OBS00608;OBS00610;OBS00611;OBS00614;OBS00616;OBS00617;OBS00624;OBS00625;OBS00626;OBS00628;OBS00629;OBS00631;OBS00632;OBS00635;OBS00636;OBS00637,0,0,16,12,CELL::DEL|HYD|2026-09-07|Economy Saver|T1(0-2)::ROUND::2026-09-05T14:30::FLT::SG|SG-451|19:15;CELL::DEL|HYD|2026-09-13|Economy Saver|T7(5-9)::ROUND::2026-09-05T14:30::FLT::6E|6E-773|19:45;CELL::DEL|HYD|2026-09-13|Economy Saver|T7(5-9)::ROUND::2026-09-05T14:30::FLT::SG|SG-451|19:15;CELL::DEL|HYD|2026-09-21|Economy Saver|T15(12-18)::ROUND::2026-09-05T14:30::FLT::6E|6E-773|19:45;CELL::DEL|HYD|2026-09-21|Economy Saver|T15(12-18)::ROUND::2026-09-05T14:30::FLT::AI|AI-540|05:15;CELL::DEL|HYD|2026-09-21|Economy Saver|T15(12-18)::ROUND::2026-09-05T14:30::FLT::SG|SG-451|19:15;CELL::DEL|HYD|2026-10-06|Economy Saver|T30(25-35)::ROUND::2026-09-05T14:30::FLT::6E|6E-773|19:45;CELL::DEL|HYD|2026-10-06|Economy Saver|T30(25-35)::ROUND::2026-09-05T14:30::FLT::AI|AI-540|05:15;CELL::DEL|HYD|2026-10-06|Economy Saver|T30(25-35)::ROUND::2026-09-05T14:30::FLT::SG|SG-451|19:15;CELL::DEL|HYD|2026-10-22|Economy Saver|T45(40-50)::ROUND::2026-09-05T14:30::FLT::6E|6E-773|19:45;CELL::DEL|HYD|2026-10-22|Economy Saver|T45(40-50)::ROUND::2026-09-05T14:30::FLT::AI|AI-540|05:15;CELL::DEL|HYD|2026-10-22|Economy Saver|T45(40-50)::ROUND::2026-09-05T14:30::FLT::SG|SG-451|19:15,2026-09-07;2026-09-13;2026-09-21;2026-10-06;2026-10-22,5,T1(0-2);T15(12-18);T30(25-35);T45(40-50);T7(5-9),5,CELL::DEL|HYD|2026-09-07|Economy Saver|T1(0-2)::ROUND::2026-09-05T14:30;CELL::DEL|HYD|2026-09-13|Economy Saver|T7(5-9)::ROUND::2026-09-05T14:30;CELL::DEL|HYD|2026-09-21|Economy Saver|T15(12-18)::ROUND::2026-09-05T14:30;CELL::DEL|HYD|2026-10-06|Economy Saver|T30(25-35)::ROUND::2026-09-05T14:30;CELL::DEL|HYD|2026-10-22|Economy Saver|T45(40-50)::ROUND::2026-09-05T14:30,MIDPOINT_MEDIAN,phase10-v1
RCLASS::DEL-HYD|Economy Saver|ROUND::2026-09-05T20:15,DEL-HYD,Economy Saver,ROUND::2026-09-05T20:15,2026-09-05 20:15,ANCHORED,3,RSERIES::DEL-HYD|Economy Saver|T15(12-18)|2026-09-21|ROUND::2026-09-05T20:15;RSERIES::DEL-HYD|Economy Saver|T30(25-35)|2026-10-06|ROUND::2026-09-05T20:15;RSERIES::DEL-HYD|Economy Saver|T45(40-50)|2026-10-22|ROUND::2026-09-05T20:15,DEL,HYD,DEL-HYD,EXACT_KEY_MATCH,scripts/build_vayu_route_basket.py::make_route_id,True,IN_BASKET,BASKET_SCOPED,4,0.078228,True,OBSERVED,PRICED,5216.00,5160.50,5674.00,0.099506,3,3,0,0,0,0,1,2,INFO,R09,3,R05;R06,False,0,COHERENT_MARKET_MOVEMENT;ISOLATED_DEVIATION,7,7,OBS01118;OBS01119;OBS01123;OBS01124;OBS01125;OBS01131;OBS01143,0,0,7,5,CELL::DEL|HYD|2026-09-21|Economy Saver|T15(12-18)::ROUND::2026-09-05T20:15::FLT::6E|6E-773|19:45;CELL::DEL|HYD|2026-09-21|Economy Saver|T15(12-18)::ROUND::2026-09-05T20:15::FLT::AI|AI-540|05:15;CELL::DEL|HYD|2026-09-21|Economy Saver|T15(12-18)::ROUND::2026-09-05T20:15::FLT::SG|SG-451|19:15;CELL::DEL|HYD|2026-10-06|Economy Saver|T30(25-35)::ROUND::2026-09-05T20:15::FLT::6E|6E-773|19:45;CELL::DEL|HYD|2026-10-22|Economy Saver|T45(40-50)::ROUND::2026-09-05T20:15::FLT::6E|6E-773|19:45,2026-09-21;2026-10-06;2026-10-22,3,T15(12-18);T30(25-35);T45(40-50),3,CELL::DEL|HYD|2026-09-21|Economy Saver|T15(12-18)::ROUND::2026-09-05T20:15;CELL::DEL|HYD|2026-10-06|Economy Saver|T30(25-35)::ROUND::2026-09-05T20:15;CELL::DEL|HYD|2026-10-22|Economy Saver|T45(40-50)::ROUND::2026-09-05T20:15,MIDPOINT_MEDIAN,phase10-v1
RCLASS::DEL-HYD|Economy Saver|ROUND::2026-09-06T09:00,DEL-HYD,Economy Saver,ROUND::2026-09-06T09:00,2026-09-06 09:00,ANCHORED,5,RSERIES::DEL-HYD|Economy Saver|T1(0-2)|2026-09-07|ROUND::2026-09-06T09:00;RSERIES::DEL-HYD|Economy Saver|T15(12-18)|2026-09-21|ROUND::2026-09-06T09:00;RSERIES::DEL-HYD|Economy Saver|T30(25-35)|2026-10-06|ROUND::2026-09-06T09:00;RSERIES::DEL-HYD|Economy Saver|T45(40-50)|2026-10-22|ROUND::2026-09-06T09:00;RSERIES::DEL-HYD|Economy Saver|T7(5-9)|2026-09-13|ROUND::2026-09-06T09:00,DEL,HYD,DEL-HYD,EXACT_KEY_MATCH,scripts/build_vayu_route_basket.py::make_route_id,True,IN_BASKET,BASKET_SCOPED,4,0.078228,True,OBSERVED,PRICED,5564.00,5149.00,7407.00,0.438532,5,5,0,0,0,0,1,4,INFO,R09,5,R05;R06,False,0,COHERENT_MARKET_MOVEMENT;ISOLATED_DEVIATION,18,18,OBS01635;OBS01636;OBS01639;OBS01642;OBS01647;OBS01648;OBS01651;OBS01655;OBS01656;OBS01659;OBS01661;OBS01662;OBS01663;OBS01664;OBS01665;OBS01666;OBS01668;OBS01669,0,0,18,12,CELL::DEL|HYD|2026-09-07|Economy Saver|T1(0-2)::ROUND::2026-09-06T09:00::FLT::6E|6E-773|19:45;CELL::DEL|HYD|2026-09-07|Economy Saver|T1(0-2)::ROUND::2026-09-06T09:00::FLT::AI|AI-540|05:15;CELL::DEL|HYD|2026-09-07|Economy Saver|T1(0-2)::ROUND::2026-09-06T09:00::FLT::SG|SG-451|19:15;CELL::DEL|HYD|2026-09-13|Economy Saver|T7(5-9)::ROUND::2026-09-06T09:00::FLT::6E|6E-773|19:45;CELL::DEL|HYD|2026-09-13|Economy Saver|T7(5-9)::ROUND::2026-09-06T09:00::FLT::AI|AI-540|05:15;CELL::DEL|HYD|2026-09-13|Economy Saver|T7(5-9)::ROUND::2026-09-06T09:00::FLT::SG|SG-451|19:15;CELL::DEL|HYD|2026-09-21|Economy Saver|T15(12-18)::ROUND::2026-09-06T09:00::FLT::SG|SG-451|19:15;CELL::DEL|HYD|2026-10-06|Economy Saver|T30(25-35)::ROUND::2026-09-06T09:00::FLT::6E|6E-773|19:45;CELL::DEL|HYD|2026-10-06|Economy Saver|T30(25-35)::ROUND::2026-09-06T09:00::FLT::AI|AI-540|05:15;CELL::DEL|HYD|2026-10-06|Economy Saver|T30(25-35)::ROUND::2026-09-06T09:00::FLT::SG|SG-451|19:15;CELL::DEL|HYD|2026-10-22|Economy Saver|T45(40-50)::ROUND::2026-09-06T09:00::FLT::AI|AI-540|05:15;CELL::DEL|HYD|2026-10-22|Economy Saver|T45(40-50)::ROUND::2026-09-06T09:00::FLT::SG|SG-451|19:15,2026-09-07;2026-09-13;2026-09-21;2026-10-06;2026-10-22,5,T1(0-2);T15(12-18);T30(25-35);T45(40-50);T7(5-9),5,CELL::DEL|HYD|2026-09-07|Economy Saver|T1(0-2)::ROUND::2026-09-06T09:00;CELL::DEL|HYD|2026-09-13|Economy Saver|T7(5-9)::ROUND::2026-09-06T09:00;CELL::DEL|HYD|2026-09-21|Economy Saver|T15(12-18)::ROUND::2026-09-06T09:00;CELL::DEL|HYD|2026-10-06|Economy Saver|T30(25-35)::ROUND::2026-09-06T09:00;CELL::DEL|HYD|2026-10-22|Economy Saver|T45(40-50)::ROUND::2026-09-06T09:00,MIDPOINT_MEDIAN,phase10-v1
RCLASS::DEL-HYD|Economy Saver|ROUND::2026-09-06T14:30,DEL-HYD,Economy Saver,ROUND::2026-09-06T14:30,2026-09-06 14:30,ANCHORED,5,RSERIES::DEL-HYD|Economy Saver|T1(0-2)|2026-09-07|ROUND::2026-09-06T14:30;RSERIES::DEL-HYD|Economy Saver|T15(12-18)|2026-09-21|ROUND::2026-09-06T14:30;RSERIES::DEL-HYD|Economy Saver|T30(25-35)|2026-10-06|ROUND::2026-09-06T14:30;RSERIES::DEL-HYD|Economy Saver|T45(40-50)|2026-10-22|ROUND::2026-09-06T14:30;RSERIES::DEL-HYD|Economy Saver|T7(5-9)|2026-09-13|ROUND::2026-09-06T14:30,DEL,HYD,DEL-HYD,EXACT_KEY_MATCH,scripts/build_vayu_route_basket.py::make_route_id,True,IN_BASKET,BASKET_SCOPED,4,0.078228,True,OBSERVED,PRICED,5759.50,4872.00,7513.50,0.542180,5,5,0,0,0,0,1,4,INFO,R09,3,R05;R06,False,0,COHERENT_MARKET_MOVEMENT;ISOLATED_DEVIATION,13,13,OBS02136;OBS02137;OBS02142;OBS02143;OBS02144;OBS02148;OBS02149;OBS02159;OBS02160;OBS02164;OBS02165;OBS02170;OBS02171,0,0,13,7,CELL::DEL|HYD|2026-09-07|Economy Saver|T1(0-2)::ROUND::2026-09-06T14:30::FLT::6E|6E-773|19:45;CELL::DEL|HYD|2026-09-07|Economy Saver|T1(0-2)::ROUND::2026-09-06T14:30::FLT::SG|SG-451|19:15;CELL::DEL|HYD|2026-09-13|Economy Saver|T7(5-9)::ROUND::2026-09-06T14:30::FLT::AI|AI-540|05:15;CELL::DEL|HYD|2026-09-21|Economy Saver|T15(12-18)::ROUND::2026-09-06T14:30::FLT::SG|SG-451|19:15;CELL::DEL|HYD|2026-10-06|Economy Saver|T30(25-35)::ROUND::2026-09-06T14:30::FLT::6E|6E-773|19:45;CELL::DEL|HYD|2026-10-22|Economy Saver|T45(40-50)::ROUND::2026-09-06T14:30::FLT::6E|6E-773|19:45;CELL::DEL|HYD|2026-10-22|Economy Saver|T45(40-50)::ROUND::2026-09-06T14:30::FLT::SG|SG-451|19:15,2026-09-07;2026-09-13;2026-09-21;2026-10-06;2026-10-22,5,T1(0-2);T15(12-18);T30(25-35);T45(40-50);T7(5-9),5,CELL::DEL|HYD|2026-09-07|Economy Saver|T1(0-2)::ROUND::2026-09-06T14:30;CELL::DEL|HYD|2026-09-13|Economy Saver|T7(5-9)::ROUND::2026-09-06T14:30;CELL::DEL|HYD|2026-09-21|Economy Saver|T15(12-18)::ROUND::2026-09-06T14:30;CELL::DEL|HYD|2026-10-06|Economy Saver|T30(25-35)::ROUND::2026-09-06T14:30;CELL::DEL|HYD|2026-10-22|Economy Saver|T45(40-50)::ROUND::2026-09-06T14:30,MIDPOINT_MEDIAN,phase10-v1
RCLASS::DEL-HYD|Economy Saver|ROUND::2026-09-06T20:15,DEL-HYD,Economy Saver,ROUND::2026-09-06T20:15,2026-09-06 20:15,ANCHORED,4,RSERIES::DEL-HYD|Economy Saver|T1(0-2)|2026-09-07|ROUND::2026-09-06T20:15;RSERIES::DEL-HYD|Economy Saver|T30(25-35)|2026-10-06|ROUND::2026-09-06T20:15;RSERIES::DEL-HYD|Economy Saver|T45(40-50)|2026-10-22|ROUND::2026-09-06T20:15;RSERIES::DEL-HYD|Economy Saver|T7(5-9)|2026-09-13|ROUND::2026-09-06T20:15,DEL,HYD,DEL-HYD,EXACT_KEY_MATCH,scripts/build_vayu_route_basket.py::make_route_id,True,IN_BASKET,BASKET_SCOPED,4,0.078228,True,OBSERVED,PRICED,5938.38,5128.50,7781.50,0.517305,4,4,0,0,0,0,0,4,NONE,,1,R06,False,0,COHERENT_MARKET_MOVEMENT;ISOLATED_DEVIATION,13,13,OBS02637;OBS02638;OBS02645;OBS02646;OBS02648;OBS02658;OBS02659;OBS02660;OBS02661;OBS02665;OBS02666;OBS02672;OBS02673,0,0,13,7,CELL::DEL|HYD|2026-09-07|Economy Saver|T1(0-2)::ROUND::2026-09-06T20:15::FLT::AI|AI-540|05:15;CELL::DEL|HYD|2026-09-07|Economy Saver|T1(0-2)::ROUND::2026-09-06T20:15::FLT::SG|SG-451|19:15;CELL::DEL|HYD|2026-09-13|Economy Saver|T7(5-9)::ROUND::2026-09-06T20:15::FLT::6E|6E-773|19:45;CELL::DEL|HYD|2026-09-13|Economy Saver|T7(5-9)::ROUND::2026-09-06T20:15::FLT::SG|SG-451|19:15;CELL::DEL|HYD|2026-10-06|Economy Saver|T30(25-35)::ROUND::2026-09-06T20:15::FLT::6E|6E-773|19:45;CELL::DEL|HYD|2026-10-22|Economy Saver|T45(40-50)::ROUND::2026-09-06T20:15::FLT::AI|AI-540|05:15;CELL::DEL|HYD|2026-10-22|Economy Saver|T45(40-50)::ROUND::2026-09-06T20:15::FLT::SG|SG-451|19:15,2026-09-07;2026-09-13;2026-10-06;2026-10-22,4,T1(0-2);T30(25-35);T45(40-50);T7(5-9),4,CELL::DEL|HYD|2026-09-07|Economy Saver|T1(0-2)::ROUND::2026-09-06T20:15;CELL::DEL|HYD|2026-09-13|Economy Saver|T7(5-9)::ROUND::2026-09-06T20:15;CELL::DEL|HYD|2026-10-06|Economy Saver|T30(25-35)::ROUND::2026-09-06T20:15;CELL::DEL|HYD|2026-10-22|Economy Saver|T45(40-50)::ROUND::2026-09-06T20:15,MIDPOINT_MEDIAN,phase10-v1
RCLASS::DEL-HYD|Economy Saver|ROUND::2026-09-07T09:00,DEL-HYD,Economy Saver,ROUND::2026-09-07T09:00,2026-09-07 09:00,ANCHORED,1,RSERIES::DEL-HYD|Economy Saver|T1(0-2)|2026-09-07|ROUND::2026-09-07T09:00,DEL,HYD,DEL-HYD,EXACT_KEY_MATCH,scripts/build_vayu_route_basket.py::make_route_id,True,IN_BASKET,BASKET_SCOPED,4,0.078228,True,OBSERVED,PRICED,7896.00,7896.00,7896.00,0.000000,1,1,0,0,0,0,1,0,INFO,R09,0,,False,0,ISOLATED_DEVIATION,1,1,OBS03000,0,0,1,1,CELL::DEL|HYD|2026-09-07|Economy Saver|T1(0-2)::ROUND::2026-09-07T09:00::FLT::SG|SG-451|12:00,2026-09-07,1,T1(0-2),1,CELL::DEL|HYD|2026-09-07|Economy Saver|T1(0-2)::ROUND::2026-09-07T09:00,MIDPOINT_MEDIAN,phase10-v1
RCLASS::DEL-HYD|Economy Standard|ROUND::2026-09-05T09:00,DEL-HYD,Economy Standard,ROUND::2026-09-05T09:00,2026-09-05 09:00,ANCHORED,5,RSERIES::DEL-HYD|Economy Standard|T1(0-2)|2026-09-07|ROUND::2026-09-05T09:00;RSERIES::DEL-HYD|Economy Standard|T15(12-18)|2026-09-21|ROUND::2026-09-05T09:00;RSERIES::DEL-HYD|Economy Standard|T30(25-35)|2026-10-06|ROUND::2026-09-05T09:00;RSERIES::DEL-HYD|Economy Standard|T45(40-50)|2026-10-22|ROUND::2026-09-05T09:00;RSERIES::DEL-HYD|Economy Standard|T7(5-9)|2026-09-13|ROUND::2026-09-05T09:00,DEL,HYD,DEL-HYD,EXACT_KEY_MATCH,scripts/build_vayu_route_basket.py::make_route_id,True,IN_BASKET,BASKET_SCOPED,4,0.078228,True,OBSERVED,PRICED,7299.00,6548.00,9804.00,0.497251,5,5,0,0,0,0,3,2,INFO,R09,5,R05;R06,False,0,COHERENT_MARKET_MOVEMENT;ISOLATED_DEVIATION,12,12,OBS00102;OBS00103;OBS00106;OBS00111;OBS00113;OBS00114;OBS00123;OBS00126;OBS00127;OBS00131;OBS00132;OBS00133,0,0,12,8,CELL::DEL|HYD|2026-09-07|Economy Standard|T1(0-2)::ROUND::2026-09-05T09:00::FLT::SG|SG-451|19:15;CELL::DEL|HYD|2026-09-13|Economy Standard|T7(5-9)::ROUND::2026-09-05T09:00::FLT::6E|6E-773|19:45;CELL::DEL|HYD|2026-09-13|Economy Standard|T7(5-9)::ROUND::2026-09-05T09:00::FLT::AI|AI-540|05:15;CELL::DEL|HYD|2026-09-13|Economy Standard|T7(5-9)::ROUND::2026-09-05T09:00::FLT::SG|SG-451|19:15;CELL::DEL|HYD|2026-09-21|Economy Standard|T15(12-18)::ROUND::2026-09-05T09:00::FLT::6E|6E-773|19:45;CELL::DEL|HYD|2026-10-06|Economy Standard|T30(25-35)::ROUND::2026-09-05T09:00::FLT::SG|SG-451|19:15;CELL::DEL|HYD|2026-10-22|Economy Standard|T45(40-50)::ROUND::2026-09-05T09:00::FLT::6E|6E-773|19:45;CELL::DEL|HYD|2026-10-22|Economy Standard|T45(40-50)::ROUND::2026-09-05T09:00::FLT::SG|SG-451|19:15,2026-09-07;2026-09-13;2026-09-21;2026-10-06;2026-10-22,5,T1(0-2);T15(12-18);T30(25-35);T45(40-50);T7(5-9),5,CELL::DEL|HYD|2026-09-07|Economy Standard|T1(0-2)::ROUND::2026-09-05T09:00;CELL::DEL|HYD|2026-09-13|Economy Standard|T7(5-9)::ROUND::2026-09-05T09:00;CELL::DEL|HYD|2026-09-21|Economy Standard|T15(12-18)::ROUND::2026-09-05T09:00;CELL::DEL|HYD|2026-10-06|Economy Standard|T30(25-35)::ROUND::2026-09-05T09:00;CELL::DEL|HYD|2026-10-22|Economy Standard|T45(40-50)::ROUND::2026-09-05T09:00,MIDPOINT_MEDIAN,phase10-v1
RCLASS::DEL-HYD|Economy Standard|ROUND::2026-09-05T14:30,DEL-HYD,Economy Standard,ROUND::2026-09-05T14:30,2026-09-05 14:30,ANCHORED,4,RSERIES::DEL-HYD|Economy Standard|T1(0-2)|2026-09-07|ROUND::2026-09-05T14:30;RSERIES::DEL-HYD|Economy Standard|T15(12-18)|2026-09-21|ROUND::2026-09-05T14:30;RSERIES::DEL-HYD|Economy Standard|T45(40-50)|2026-10-22|ROUND::2026-09-05T14:30;RSERIES::DEL-HYD|Economy Standard|T7(5-9)|2026-09-13|ROUND::2026-09-05T14:30,DEL,HYD,DEL-HYD,EXACT_KEY_MATCH,scripts/build_vayu_route_basket.py::make_route_id,True,IN_BASKET,BASKET_SCOPED,4,0.078228,True,OBSERVED,PRICED,8015.00,6331.50,9733.50,0.537313,4,4,0,0,0,0,1,3,INFO,R09,4,R05;R06,False,0,COHERENT_MARKET_MOVEMENT;ISOLATED_DEVIATION,10,10,OBS00607;OBS00609;OBS00612;OBS00613;OBS00618;OBS00621;OBS00622;OBS00623;OBS00627;OBS00630,0,0,10,8,CELL::DEL|HYD|2026-09-07|Economy Standard|T1(0-2)::ROUND::2026-09-05T14:30::FLT::6E|6E-773|19:45;CELL::DEL|HYD|2026-09-07|Economy Standard|T1(0-2)::ROUND::2026-09-05T14:30::FLT::AI|AI-540|05:15;CELL::DEL|HYD|2026-09-13|Economy Standard|T7(5-9)::ROUND::2026-09-05T14:30::FLT::6E|6E-773|19:45;CELL::DEL|HYD|2026-09-13|Economy Standard|T7(5-9)::ROUND::2026-09-05T14:30::FLT::AI|AI-540|05:15;CELL::DEL|HYD|2026-09-13|Economy Standard|T7(5-9)::ROUND::2026-09-05T14:30::FLT::SG|SG-451|19:15;CELL::DEL|HYD|2026-09-21|Economy Standard|T15(12-18)::ROUND::2026-09-05T14:30::FLT::6E|6E-773|19:45;CELL::DEL|HYD|2026-10-22|Economy Standard|T45(40-50)::ROUND::2026-09-05T14:30::FLT::6E|6E-773|19:45;CELL::DEL|HYD|2026-10-22|Economy Standard|T45(40-50)::ROUND::2026-09-05T14:30::FLT::AI|AI-540|05:15,2026-09-07;2026-09-13;2026-09-21;2026-10-22,4,T1(0-2);T15(12-18);T45(40-50);T7(5-9),4,CELL::DEL|HYD|2026-09-07|Economy Standard|T1(0-2)::ROUND::2026-09-05T14:30;CELL::DEL|HYD|2026-09-13|Economy Standard|T7(5-9)::ROUND::2026-09-05T14:30;CELL::DEL|HYD|2026-09-21|Economy Standard|T15(12-18)::ROUND::2026-09-05T14:30;CELL::DEL|HYD|2026-10-22|Economy Standard|T45(40-50)::ROUND::2026-09-05T14:30,MIDPOINT_MEDIAN,phase10-v1
RCLASS::DEL-HYD|Economy Standard|ROUND::2026-09-05T20:15,DEL-HYD,Economy Standard,ROUND::2026-09-05T20:15,2026-09-05 20:15,ANCHORED,5,RSERIES::DEL-HYD|Economy Standard|T1(0-2)|2026-09-07|ROUND::2026-09-05T20:15;RSERIES::DEL-HYD|Economy Standard|T15(12-18)|2026-09-21|ROUND::2026-09-05T20:15;RSERIES::DEL-HYD|Economy Standard|T30(25-35)|2026-10-06|ROUND::2026-09-05T20:15;RSERIES::DEL-HYD|Economy Standard|T45(40-50)|2026-10-22|ROUND::2026-09-05T20:15;RSERIES::DEL-HYD|Economy Standard|T7(5-9)|2026-09-13|ROUND::2026-09-05T20:15,DEL,HYD,DEL-HYD,EXACT_KEY_MATCH,scripts/build_vayu_route_basket.py::make_route_id,True,IN_BASKET,BASKET_SCOPED,4,0.078228,True,OBSERVED,PRICED,7026.50,6517.00,9451.00,0.450207,5,5,0,0,0,0,1,4,INFO,R09,5,R05;R06,False,0,COHERENT_MARKET_MOVEMENT;ISOLATED_DEVIATION,16,16,OBS01112;OBS01113;OBS01116;OBS01117;OBS01120;OBS01121;OBS01126;OBS01127;OBS01128;OBS01129;OBS01134;OBS01135;OBS01136;OBS01137;OBS01139;OBS01140,0,0,16,9,CELL::DEL|HYD|2026-09-07|Economy Standard|T1(0-2)::ROUND::2026-09-05T20:15::FLT::6E|6E-773|19:45;CELL::DEL|HYD|2026-09-07|Economy Standard|T1(0-2)::ROUND::2026-09-05T20:15::FLT::AI|AI-540|05:15;CELL::DEL|HYD|2026-09-07|Economy Standard|T1(0-2)::ROUND::2026-09-05T20:15::FLT::SG|SG-451|19:15;CELL::DEL|HYD|2026-09-13|Economy Standard|T7(5-9)::ROUND::2026-09-05T20:15::FLT::6E|6E-773|19:45;CELL::DEL|HYD|2026-09-13|Economy Standard|T7(5-9)::ROUND::2026-09-05T20:15::FLT::AI|AI-540|05:15;CELL::DEL|HYD|2026-09-13|Economy Standard|T7(5-9)::ROUND::2026-09-05T20:15::FLT::SG|SG-451|19:15;CELL::DEL|HYD|2026-09-21|Economy Standard|T15(12-18)::ROUND::2026-09-05T20:15::FLT::6E|6E-773|19:45;CELL::DEL|HYD|2026-10-06|Economy Standard|T30(25-35)::ROUND::2026-09-05T20:15::FLT::AI|AI-540|05:15;CELL::DEL|HYD|2026-10-22|Economy Standard|T45(40-50)::ROUND::2026-09-05T20:15::FLT::AI|AI-540|05:15,2026-09-07;2026-09-13;2026-09-21;2026-10-06;2026-10-22,5,T1(0-2);T15(12-18);T30(25-35);T45(40-50);T7(5-9),5,CELL::DEL|HYD|2026-09-07|Economy Standard|T1(0-2)::ROUND::2026-09-05T20:15;CELL::DEL|HYD|2026-09-13|Economy Standard|T7(5-9)::ROUND::2026-09-05T20:15;CELL::DEL|HYD|2026-09-21|Economy Standard|T15(12-18)::ROUND::2026-09-05T20:15;CELL::DEL|HYD|2026-10-06|Economy Standard|T30(25-35)::ROUND::2026-09-05T20:15;CELL::DEL|HYD|2026-10-22|Economy Standard|T45(40-50)::ROUND::2026-09-05T20:15,MIDPOINT_MEDIAN,phase10-v1
RCLASS::DEL-HYD|Economy Standard|ROUND::2026-09-06T09:00,DEL-HYD,Economy Standard,ROUND::2026-09-06T09:00,2026-09-06 09:00,ANCHORED,5,RSERIES::DEL-HYD|Economy Standard|T1(0-2)|2026-09-07|ROUND::2026-09-06T09:00;RSERIES::DEL-HYD|Economy Standard|T15(12-18)|2026-09-21|ROUND::2026-09-06T09:00;RSERIES::DEL-HYD|Economy Standard|T30(25-35)|2026-10-06|ROUND::2026-09-06T09:00;RSERIES::DEL-HYD|Economy Standard|T45(40-50)|2026-10-22|ROUND::2026-09-06T09:00;RSERIES::DEL-HYD|Economy Standard|T7(5-9)|2026-09-13|ROUND::2026-09-06T09:00,DEL,HYD,DEL-HYD,EXACT_KEY_MATCH,scripts/build_vayu_route_basket.py::make_route_id,True,IN_BASKET,BASKET_SCOPED,4,0.078228,True,OBSERVED,PRICED,7241.50,6641.50,9578.00,0.442144,5,5,0,0,0,0,3,2,INFO,R09,5,R05;R06,False,0,ISOLATED_DEVIATION,8,8,OBS01637;OBS01638;OBS01640;OBS01641;OBS01643;OBS01646;OBS01657;OBS01660,0,0,8,6,CELL::DEL|HYD|2026-09-07|Economy Standard|T1(0-2)::ROUND::2026-09-06T09:00::FLT::SG|SG-451|19:15;CELL::DEL|HYD|2026-09-13|Economy Standard|T7(5-9)::ROUND::2026-09-06T09:00::FLT::6E|6E-773|19:45;CELL::DEL|HYD|2026-09-21|Economy Standard|T15(12-18)::ROUND::2026-09-06T09:00::FLT::6E|6E-773|19:45;CELL::DEL|HYD|2026-10-06|Economy Standard|T30(25-35)::ROUND::2026-09-06T09:00::FLT::6E|6E-773|19:45;CELL::DEL|HYD|2026-10-06|Economy Standard|T30(25-35)::ROUND::2026-09-06T09:00::FLT::AI|AI-540|05:15;CELL::DEL|HYD|2026-10-22|Economy Standard|T45(40-50)::ROUND::2026-09-06T09:00::FLT::6E|6E-773|19:45,2026-09-07;2026-09-13;2026-09-21;2026-10-06;2026-10-22,5,T1(0-2);T15(12-18);T30(25-35);T45(40-50);T7(5-9),5,CELL::DEL|HYD|2026-09-07|Economy Standard|T1(0-2)::ROUND::2026-09-06T09:00;CELL::DEL|HYD|2026-09-13|Economy Standard|T7(5-9)::ROUND::2026-09-06T09:00;CELL::DEL|HYD|2026-09-21|Economy Standard|T15(12-18)::ROUND::2026-09-06T09:00;CELL::DEL|HYD|2026-10-06|Economy Standard|T30(25-35)::ROUND::2026-09-06T09:00;CELL::DEL|HYD|2026-10-22|Economy Standard|T45(40-50)::ROUND::2026-09-06T09:00,MIDPOINT_MEDIAN,phase10-v1
RCLASS::DEL-HYD|Economy Standard|ROUND::2026-09-06T14:30,DEL-HYD,Economy Standard,ROUND::2026-09-06T14:30,2026-09-06 14:30,ANCHORED,5,RSERIES::DEL-HYD|Economy Standard|T1(0-2)|2026-09-07|ROUND::2026-09-06T14:30;RSERIES::DEL-HYD|Economy Standard|T15(12-18)|2026-09-21|ROUND::2026-09-06T14:30;RSERIES::DEL-HYD|Economy Standard|T30(25-35)|2026-10-06|ROUND::2026-09-06T14:30;RSERIES::DEL-HYD|Economy Standard|T45(40-50)|2026-10-22|ROUND::2026-09-06T14:30;RSERIES::DEL-HYD|Economy Standard|T7(5-9)|2026-09-13|ROUND::2026-09-06T14:30,DEL,HYD,DEL-HYD,EXACT_KEY_MATCH,scripts/build_vayu_route_basket.py::make_route_id,True,IN_BASKET,BASKET_SCOPED,4,0.078228,True,OBSERVED,PRICED,7403.00,6420.00,9517.00,0.482399,5,5,0,0,0,0,2,3,INFO,R09,1,R06,False,0,COHERENT_MARKET_MOVEMENT;ISOLATED_DEVIATION,12,12,OBS02138;OBS02140;OBS02145;OBS02150;OBS02151;OBS02156;OBS02157;OBS02158;OBS02161;OBS02166;OBS02167;OBS02168,0,0,12,9,CELL::DEL|HYD|2026-09-07|Economy Standard|T1(0-2)::ROUND::2026-09-06T14:30::FLT::AI|AI-540|05:15;CELL::DEL|HYD|2026-09-07|Economy Standard|T1(0-2)::ROUND::2026-09-06T14:30::FLT::SG|SG-451|19:15;CELL::DEL|HYD|2026-09-13|Economy Standard|T7(5-9)::ROUND::2026-09-06T14:30::FLT::6E|6E-773|19:45;CELL::DEL|HYD|2026-09-21|Economy Standard|T15(12-18)::ROUND::2026-09-06T14:30::FLT::6E|6E-773|19:45;CELL::DEL|HYD|2026-09-21|Economy Standard|T15(12-18)::ROUND::2026-09-06T14:30::FLT::AI|AI-540|05:15;CELL::DEL|HYD|2026-09-21|Economy Standard|T15(12-18)::ROUND::2026-09-06T14:30::FLT::SG|SG-451|19:15;CELL::DEL|HYD|2026-10-06|Economy Standard|T30(25-35)::ROUND::2026-09-06T14:30::FLT::AI|AI-540|05:15;CELL::DEL|HYD|2026-10-06|Economy Standard|T30(25-35)::ROUND::2026-09-06T14:30::FLT::SG|SG-451|19:15;CELL::DEL|HYD|2026-10-22|Economy Standard|T45(40-50)::ROUND::2026-09-06T14:30::FLT::AI|AI-540|05:15,2026-09-07;2026-09-13;2026-09-21;2026-10-06;2026-10-22,5,T1(0-2);T15(12-18);T30(25-35);T45(40-50);T7(5-9),5,CELL::DEL|HYD|2026-09-07|Economy Standard|T1(0-2)::ROUND::2026-09-06T14:30;CELL::DEL|HYD|2026-09-13|Economy Standard|T7(5-9)::ROUND::2026-09-06T14:30;CELL::DEL|HYD|2026-09-21|Economy Standard|T15(12-18)::ROUND::2026-09-06T14:30;CELL::DEL|HYD|2026-10-06|Economy Standard|T30(25-35)::ROUND::2026-09-06T14:30;CELL::DEL|HYD|2026-10-22|Economy Standard|T45(40-50)::ROUND::2026-09-06T14:30,MIDPOINT_MEDIAN,phase10-v1
RCLASS::DEL-HYD|Economy Standard|ROUND::2026-09-06T20:15,DEL-HYD,Economy Standard,ROUND::2026-09-06T20:15,2026-09-06 20:15,ANCHORED,4,RSERIES::DEL-HYD|Economy Standard|T1(0-2)|2026-09-07|ROUND::2026-09-06T20:15;RSERIES::DEL-HYD|Economy Standard|T15(12-18)|2026-09-21|ROUND::2026-09-06T20:15;RSERIES::DEL-HYD|Economy Standard|T30(25-35)|2026-10-06|ROUND::2026-09-06T20:15;RSERIES::DEL-HYD|Economy Standard|T7(5-9)|2026-09-13|ROUND::2026-09-06T20:15,DEL,HYD,DEL-HYD,EXACT_KEY_MATCH,scripts/build_vayu_route_basket.py::make_route_id,True,IN_BASKET,BASKET_SCOPED,4,0.078228,True,OBSERVED,PRICED,8050.50,6631.25,9432.00,0.422356,4,4,0,0,0,0,1,3,INFO,R09,0,,False,0,COHERENT_MARKET_MOVEMENT;ISOLATED_DEVIATION,16,16,OBS02639;OBS02640;OBS02642;OBS02643;OBS02644;OBS02650;OBS02651;OBS02652;OBS02653;OBS02662;OBS02663;OBS02664;OBS02668;OBS02669;OBS02670;OBS02671,0,0,16,9,CELL::DEL|HYD|2026-09-07|Economy Standard|T1(0-2)::ROUND::2026-09-06T20:15::FLT::SG|SG-451|19:15;CELL::DEL|HYD|2026-09-13|Economy Standard|T7(5-9)::ROUND::2026-09-06T20:15::FLT::6E|6E-773|19:45;CELL::DEL|HYD|2026-09-13|Economy Standard|T7(5-9)::ROUND::2026-09-06T20:15::FLT::AI|AI-540|05:15;CELL::DEL|HYD|2026-09-13|Economy Standard|T7(5-9)::ROUND::2026-09-06T20:15::FLT::SG|SG-451|19:15;CELL::DEL|HYD|2026-09-21|Economy Standard|T15(12-18)::ROUND::2026-09-06T20:15::FLT::6E|6E-773|19:45;CELL::DEL|HYD|2026-09-21|Economy Standard|T15(12-18)::ROUND::2026-09-06T20:15::FLT::AI|AI-540|05:15;CELL::DEL|HYD|2026-09-21|Economy Standard|T15(12-18)::ROUND::2026-09-06T20:15::FLT::SG|SG-451|19:15;CELL::DEL|HYD|2026-10-06|Economy Standard|T30(25-35)::ROUND::2026-09-06T20:15::FLT::6E|6E-773|19:45;CELL::DEL|HYD|2026-10-06|Economy Standard|T30(25-35)::ROUND::2026-09-06T20:15::FLT::SG|SG-451|19:15,2026-09-07;2026-09-13;2026-09-21;2026-10-06,4,T1(0-2);T15(12-18);T30(25-35);T7(5-9),4,CELL::DEL|HYD|2026-09-07|Economy Standard|T1(0-2)::ROUND::2026-09-06T20:15;CELL::DEL|HYD|2026-09-13|Economy Standard|T7(5-9)::ROUND::2026-09-06T20:15;CELL::DEL|HYD|2026-09-21|Economy Standard|T15(12-18)::ROUND::2026-09-06T20:15;CELL::DEL|HYD|2026-10-06|Economy Standard|T30(25-35)::ROUND::2026-09-06T20:15,MIDPOINT_MEDIAN,phase10-v1
RCLASS::DEL-PNQ|Economy Flexi|ROUND::2026-09-05T09:00,DEL-PNQ,Economy Flexi,ROUND::2026-09-05T09:00,2026-09-05 09:00,ANCHORED,5,RSERIES::DEL-PNQ|Economy Flexi|T1(0-2)|2026-09-07|ROUND::2026-09-05T09:00;RSERIES::DEL-PNQ|Economy Flexi|T15(12-18)|2026-09-21|ROUND::2026-09-05T09:00;RSERIES::DEL-PNQ|Economy Flexi|T30(25-35)|2026-10-06|ROUND::2026-09-05T09:00;RSERIES::DEL-PNQ|Economy Flexi|T45(40-50)|2026-10-22|ROUND::2026-09-05T09:00;RSERIES::DEL-PNQ|Economy Flexi|T7(5-9)|2026-09-13|ROUND::2026-09-05T09:00,DEL,PNQ,DEL-PNQ,EXACT_KEY_MATCH,scripts/build_vayu_route_basket.py::make_route_id,True,IN_BASKET,BASKET_SCOPED,5,0.069402,True,OBSERVED,PRICED,8698.00,7949.50,11612.00,0.460721,5,5,0,0,0,0,1,4,INFO,R09,5,R05;R06,False,0,COHERENT_MARKET_MOVEMENT;ISOLATED_DEVIATION,15,15,OBS00136;OBS00140;OBS00141;OBS00144;OBS00145;OBS00146;OBS00152;OBS00153;OBS00156;OBS00157;OBS00158;OBS00161;OBS00162;OBS00165;OBS00166,0,0,15,9,CELL::DEL|PNQ|2026-09-07|Economy Flexi|T1(0-2)::ROUND::2026-09-05T09:00::FLT::6E|6E-381|11:15;CELL::DEL|PNQ|2026-09-07|Economy Flexi|T1(0-2)::ROUND::2026-09-05T09:00::FLT::AI|AI-851|06:00;CELL::DEL|PNQ|2026-09-07|Economy Flexi|T1(0-2)::ROUND::2026-09-05T09:00::FLT::QP|QP-1201|21:45;CELL::DEL|PNQ|2026-09-13|Economy Flexi|T7(5-9)::ROUND::2026-09-05T09:00::FLT::QP|QP-1201|21:45;CELL::DEL|PNQ|2026-09-21|Economy Flexi|T15(12-18)::ROUND::2026-09-05T09:00::FLT::6E|6E-381|11:15;CELL::DEL|PNQ|2026-09-21|Economy Flexi|T15(12-18)::ROUND::2026-09-05T09:00::FLT::QP|QP-1201|21:45;CELL::DEL|PNQ|2026-10-06|Economy Flexi|T30(25-35)::ROUND::2026-09-05T09:00::FLT::QP|QP-1201|21:45;CELL::DEL|PNQ|2026-10-22|Economy Flexi|T45(40-50)::ROUND::2026-09-05T09:00::FLT::6E|6E-381|11:15;CELL::DEL|PNQ|2026-10-22|Economy Flexi|T45(40-50)::ROUND::2026-09-05T09:00::FLT::AI|AI-851|06:00,2026-09-07;2026-09-13;2026-09-21;2026-10-06;2026-10-22,5,T1(0-2);T15(12-18);T30(25-35);T45(40-50);T7(5-9),5,CELL::DEL|PNQ|2026-09-07|Economy Flexi|T1(0-2)::ROUND::2026-09-05T09:00;CELL::DEL|PNQ|2026-09-13|Economy Flexi|T7(5-9)::ROUND::2026-09-05T09:00;CELL::DEL|PNQ|2026-09-21|Economy Flexi|T15(12-18)::ROUND::2026-09-05T09:00;CELL::DEL|PNQ|2026-10-06|Economy Flexi|T30(25-35)::ROUND::2026-09-05T09:00;CELL::DEL|PNQ|2026-10-22|Economy Flexi|T45(40-50)::ROUND::2026-09-05T09:00,MIDPOINT_MEDIAN,phase10-v1
RCLASS::DEL-PNQ|Economy Flexi|ROUND::2026-09-05T14:30,DEL-PNQ,Economy Flexi,ROUND::2026-09-05T14:30,2026-09-05 14:30,ANCHORED,5,RSERIES::DEL-PNQ|Economy Flexi|T1(0-2)|2026-09-07|ROUND::2026-09-05T14:30;RSERIES::DEL-PNQ|Economy Flexi|T15(12-18)|2026-09-21|ROUND::2026-09-05T14:30;RSERIES::DEL-PNQ|Economy Flexi|T30(25-35)|2026-10-06|ROUND::2026-09-05T14:30;RSERIES::DEL-PNQ|Economy Flexi|T45(40-50)|2026-10-22|ROUND::2026-09-05T14:30;RSERIES::DEL-PNQ|Economy Flexi|T7(5-9)|2026-09-13|ROUND::2026-09-05T14:30,DEL,PNQ,DEL-PNQ,EXACT_KEY_MATCH,scripts/build_vayu_route_basket.py::make_route_id,True,IN_BASKET,BASKET_SCOPED,5,0.069402,True,OBSERVED,PRICED,8445.00,7991.50,11977.00,0.498717,5,5,0,0,0,1,1,3,REVIEW,R09;R13,5,R05;R06,True,1,COHERENT_MARKET_MOVEMENT;ISOLATED_DEVIATION,12,12,OBS00641;OBS00642;OBS00645;OBS00646;OBS00650;OBS00653;OBS00654;OBS00657;OBS00659;OBS00660;OBS00664;OBS00667,0,0,12,8,CELL::DEL|PNQ|2026-09-07|Economy Flexi|T1(0-2)::ROUND::2026-09-05T14:30::FLT::AI|AI-851|06:00;CELL::DEL|PNQ|2026-09-13|Economy Flexi|T7(5-9)::ROUND::2026-09-05T14:30::FLT::6E|6E-381|11:15;CELL::DEL|PNQ|2026-09-13|Economy Flexi|T7(5-9)::ROUND::2026-09-05T14:30::FLT::AI|AI-851|06:00;CELL::DEL|PNQ|2026-09-13|Economy Flexi|T7(5-9)::ROUND::2026-09-05T14:30::FLT::QP|QP-1201|21:45;CELL::DEL|PNQ|2026-09-21|Economy Flexi|T15(12-18)::ROUND::2026-09-05T14:30::FLT::QP|QP-1201|21:45;CELL::DEL|PNQ|2026-10-06|Economy Flexi|T30(25-35)::ROUND::2026-09-05T14:30::FLT::6E|6E-381|11:15;CELL::DEL|PNQ|2026-10-06|Economy Flexi|T30(25-35)::ROUND::2026-09-05T14:30::FLT::AI|AI-851|06:00;CELL::DEL|PNQ|2026-10-22|Economy Flexi|T45(40-50)::ROUND::2026-09-05T14:30::FLT::AI|AI-851|06:00,2026-09-07;2026-09-13;2026-09-21;2026-10-06;2026-10-22,5,T1(0-2);T15(12-18);T30(25-35);T45(40-50);T7(5-9),5,CELL::DEL|PNQ|2026-09-07|Economy Flexi|T1(0-2)::ROUND::2026-09-05T14:30;CELL::DEL|PNQ|2026-09-13|Economy Flexi|T7(5-9)::ROUND::2026-09-05T14:30;CELL::DEL|PNQ|2026-09-21|Economy Flexi|T15(12-18)::ROUND::2026-09-05T14:30;CELL::DEL|PNQ|2026-10-06|Economy Flexi|T30(25-35)::ROUND::2026-09-05T14:30;CELL::DEL|PNQ|2026-10-22|Economy Flexi|T45(40-50)::ROUND::2026-09-05T14:30,MIDPOINT_MEDIAN,phase10-v1
RCLASS::DEL-PNQ|Economy Flexi|ROUND::2026-09-05T20:15,DEL-PNQ,Economy Flexi,ROUND::2026-09-05T20:15,2026-09-05 20:15,ANCHORED,5,RSERIES::DEL-PNQ|Economy Flexi|T1(0-2)|2026-09-07|ROUND::2026-09-05T20:15;RSERIES::DEL-PNQ|Economy Flexi|T15(12-18)|2026-09-21|ROUND::2026-09-05T20:15;RSERIES::DEL-PNQ|Economy Flexi|T30(25-35)|2026-10-06|ROUND::2026-09-05T20:15;RSERIES::DEL-PNQ|Economy Flexi|T45(40-50)|2026-10-22|ROUND::2026-09-05T20:15;RSERIES::DEL-PNQ|Economy Flexi|T7(5-9)|2026-09-13|ROUND::2026-09-05T20:15,DEL,PNQ,DEL-PNQ,EXACT_KEY_MATCH,scripts/build_vayu_route_basket.py::make_route_id,True,IN_BASKET,BASKET_SCOPED,5,0.069402,True,OBSERVED,PRICED,8961.00,7812.00,11632.50,0.489055,5,5,0,0,0,0,1,4,INFO,R09,5,R05;R06,False,0,COHERENT_MARKET_MOVEMENT;ISOLATED_DEVIATION,11,11,OBS01148;OBS01149;OBS01153;OBS01162;OBS01163;OBS01167;OBS01168;OBS01169;OBS01170;OBS01182;OBS01183,0,0,11,6,CELL::DEL|PNQ|2026-09-07|Economy Flexi|T1(0-2)::ROUND::2026-09-05T20:15::FLT::6E|6E-381|11:15;CELL::DEL|PNQ|2026-09-13|Economy Flexi|T7(5-9)::ROUND::2026-09-05T20:15::FLT::AI|AI-851|06:00;CELL::DEL|PNQ|2026-09-21|Economy Flexi|T15(12-18)::ROUND::2026-09-05T20:15::FLT::6E|6E-381|11:15;CELL::DEL|PNQ|2026-10-06|Economy Flexi|T30(25-35)::ROUND::2026-09-05T20:15::FLT::AI|AI-851|06:00;CELL::DEL|PNQ|2026-10-22|Economy Flexi|T45(40-50)::ROUND::2026-09-05T20:15::FLT::AI|AI-851|06:00;CELL::DEL|PNQ|2026-10-22|Economy Flexi|T45(40-50)::ROUND::2026-09-05T20:15::FLT::QP|QP-1201|21:45,2026-09-07;2026-09-13;2026-09-21;2026-10-06;2026-10-22,5,T1(0-2);T15(12-18);T30(25-35);T45(40-50);T7(5-9),5,CELL::DEL|PNQ|2026-09-07|Economy Flexi|T1(0-2)::ROUND::2026-09-05T20:15;CELL::DEL|PNQ|2026-09-13|Economy Flexi|T7(5-9)::ROUND::2026-09-05T20:15;CELL::DEL|PNQ|2026-09-21|Economy Flexi|T15(12-18)::ROUND::2026-09-05T20:15;CELL::DEL|PNQ|2026-10-06|Economy Flexi|T30(25-35)::ROUND::2026-09-05T20:15;CELL::DEL|PNQ|2026-10-22|Economy Flexi|T45(40-50)::ROUND::2026-09-05T20:15,MIDPOINT_MEDIAN,phase10-v1
RCLASS::DEL-PNQ|Economy Flexi|ROUND::2026-09-06T09:00,DEL-PNQ,Economy Flexi,ROUND::2026-09-06T09:00,2026-09-06 09:00,ANCHORED,3,RSERIES::DEL-PNQ|Economy Flexi|T1(0-2)|2026-09-07|ROUND::2026-09-06T09:00;RSERIES::DEL-PNQ|Economy Flexi|T30(25-35)|2026-10-06|ROUND::2026-09-06T09:00;RSERIES::DEL-PNQ|Economy Flexi|T45(40-50)|2026-10-22|ROUND::2026-09-06T09:00,DEL,PNQ,DEL-PNQ,EXACT_KEY_MATCH,scripts/build_vayu_route_basket.py::make_route_id,True,IN_BASKET,BASKET_SCOPED,5,0.069402,True,OBSERVED,PRICED,8383.50,7941.50,11406.50,0.436316,3,3,0,0,0,0,0,3,NONE,,3,R06,False,0,COHERENT_MARKET_MOVEMENT;ISOLATED_DEVIATION,7,7,OBS01672;OBS01689;OBS01690;OBS01697;OBS01698;OBS01700;OBS01701,0,0,7,5,CELL::DEL|PNQ|2026-09-07|Economy Flexi|T1(0-2)::ROUND::2026-09-06T09:00::FLT::6E|6E-381|11:15;CELL::DEL|PNQ|2026-09-07|Economy Flexi|T1(0-2)::ROUND::2026-09-06T09:00::FLT::QP|QP-1201|21:45;CELL::DEL|PNQ|2026-10-06|Economy Flexi|T30(25-35)::ROUND::2026-09-06T09:00::FLT::QP|QP-1201|21:45;CELL::DEL|PNQ|2026-10-22|Economy Flexi|T45(40-50)::ROUND::2026-09-06T09:00::FLT::AI|AI-851|06:00;CELL::DEL|PNQ|2026-10-22|Economy Flexi|T45(40-50)::ROUND::2026-09-06T09:00::FLT::QP|QP-1201|21:45,2026-09-07;2026-10-06;2026-10-22,3,T1(0-2);T30(25-35);T45(40-50),3,CELL::DEL|PNQ|2026-09-07|Economy Flexi|T1(0-2)::ROUND::2026-09-06T09:00;CELL::DEL|PNQ|2026-10-06|Economy Flexi|T30(25-35)::ROUND::2026-09-06T09:00;CELL::DEL|PNQ|2026-10-22|Economy Flexi|T45(40-50)::ROUND::2026-09-06T09:00,MIDPOINT_MEDIAN,phase10-v1
RCLASS::DEL-PNQ|Economy Flexi|ROUND::2026-09-06T14:30,DEL-PNQ,Economy Flexi,ROUND::2026-09-06T14:30,2026-09-06 14:30,ANCHORED,4,RSERIES::DEL-PNQ|Economy Flexi|T1(0-2)|2026-09-07|ROUND::2026-09-06T14:30;RSERIES::DEL-PNQ|Economy Flexi|T15(12-18)|2026-09-21|ROUND::2026-09-06T14:30;RSERIES::DEL-PNQ|Economy Flexi|T45(40-50)|2026-10-22|ROUND::2026-09-06T14:30;RSERIES::DEL-PNQ|Economy Flexi|T7(5-9)|2026-09-13|ROUND::2026-09-06T14:30,DEL,PNQ,DEL-PNQ,EXACT_KEY_MATCH,scripts/build_vayu_route_basket.py::make_route_id,True,IN_BASKET,BASKET_SCOPED,5,0.069402,True,OBSERVED,PRICED,9532.00,8107.00,11833.75,0.459695,4,4,0,0,0,0,1,3,INFO,R09,2,R06,False,0,COHERENT_MARKET_MOVEMENT;ISOLATED_DEVIATION,11,11,OBS02172;OBS02173;OBS02177;OBS02180;OBS02183;OBS02184;OBS02188;OBS02190;OBS02192;OBS02200;OBS02201,0,0,11,8,CELL::DEL|PNQ|2026-09-07|Economy Flexi|T1(0-2)::ROUND::2026-09-06T14:30::FLT::6E|6E-381|11:15;CELL::DEL|PNQ|2026-09-07|Economy Flexi|T1(0-2)::ROUND::2026-09-06T14:30::FLT::AI|AI-851|06:00;CELL::DEL|PNQ|2026-09-13|Economy Flexi|T7(5-9)::ROUND::2026-09-06T14:30::FLT::AI|AI-851|06:00;CELL::DEL|PNQ|2026-09-21|Economy Flexi|T15(12-18)::ROUND::2026-09-06T14:30::FLT::6E|6E-381|11:15;CELL::DEL|PNQ|2026-09-21|Economy Flexi|T15(12-18)::ROUND::2026-09-06T14:30::FLT::AI|AI-851|06:00;CELL::DEL|PNQ|2026-09-21|Economy Flexi|T15(12-18)::ROUND::2026-09-06T14:30::FLT::QP|QP-1201|21:45;CELL::DEL|PNQ|2026-10-22|Economy Flexi|T45(40-50)::ROUND::2026-09-06T14:30::FLT::6E|6E-381|11:15;CELL::DEL|PNQ|2026-10-22|Economy Flexi|T45(40-50)::ROUND::2026-09-06T14:30::FLT::AI|AI-851|06:00,2026-09-07;2026-09-13;2026-09-21;2026-10-22,4,T1(0-2);T15(12-18);T45(40-50);T7(5-9),4,CELL::DEL|PNQ|2026-09-07|Economy Flexi|T1(0-2)::ROUND::2026-09-06T14:30;CELL::DEL|PNQ|2026-09-13|Economy Flexi|T7(5-9)::ROUND::2026-09-06T14:30;CELL::DEL|PNQ|2026-09-21|Economy Flexi|T15(12-18)::ROUND::2026-09-06T14:30;CELL::DEL|PNQ|2026-10-22|Economy Flexi|T45(40-50)::ROUND::2026-09-06T14:30,MIDPOINT_MEDIAN,phase10-v1
RCLASS::DEL-PNQ|Economy Flexi|ROUND::2026-09-06T20:15,DEL-PNQ,Economy Flexi,ROUND::2026-09-06T20:15,2026-09-06 20:15,ANCHORED,4,RSERIES::DEL-PNQ|Economy Flexi|T1(0-2)|2026-09-07|ROUND::2026-09-06T20:15;RSERIES::DEL-PNQ|Economy Flexi|T15(12-18)|2026-09-21|ROUND::2026-09-06T20:15;RSERIES::DEL-PNQ|Economy Flexi|T45(40-50)|2026-10-22|ROUND::2026-09-06T20:15;RSERIES::DEL-PNQ|Economy Flexi|T7(5-9)|2026-09-13|ROUND::2026-09-06T20:15,DEL,PNQ,DEL-PNQ,EXACT_KEY_MATCH,scripts/build_vayu_route_basket.py::make_route_id,True,IN_BASKET,BASKET_SCOPED,5,0.069402,True,OBSERVED,PRICED,9995.50,7966.25,12026.00,0.509619,4,4,0,0,0,0,1,3,INFO,R09,0,,False,0,COHERENT_MARKET_MOVEMENT;ISOLATED_DEVIATION,8,8,OBS02677;OBS02678;OBS02685;OBS02687;OBS02688;OBS02696;OBS02697;OBS02705,0,0,8,6,CELL::DEL|PNQ|2026-09-07|Economy Flexi|T1(0-2)::ROUND::2026-09-06T20:15::FLT::AI|AI-851|06:00;CELL::DEL|PNQ|2026-09-13|Economy Flexi|T7(5-9)::ROUND::2026-09-06T20:15::FLT::6E|6E-381|11:15;CELL::DEL|PNQ|2026-09-21|Economy Flexi|T15(12-18)::ROUND::2026-09-06T20:15::FLT::6E|6E-381|11:15;CELL::DEL|PNQ|2026-09-21|Economy Flexi|T15(12-18)::ROUND::2026-09-06T20:15::FLT::QP|QP-1201|21:45;CELL::DEL|PNQ|2026-10-22|Economy Flexi|T45(40-50)::ROUND::2026-09-06T20:15::FLT::6E|6E-381|11:15;CELL::DEL|PNQ|2026-10-22|Economy Flexi|T45(40-50)::ROUND::2026-09-06T20:15::FLT::AI|AI-851|06:00,2026-09-07;2026-09-13;2026-09-21;2026-10-22,4,T1(0-2);T15(12-18);T45(40-50);T7(5-9),4,CELL::DEL|PNQ|2026-09-07|Economy Flexi|T1(0-2)::ROUND::2026-09-06T20:15;CELL::DEL|PNQ|2026-09-13|Economy Flexi|T7(5-9)::ROUND::2026-09-06T20:15;CELL::DEL|PNQ|2026-09-21|Economy Flexi|T15(12-18)::ROUND::2026-09-06T20:15;CELL::DEL|PNQ|2026-10-22|Economy Flexi|T45(40-50)::ROUND::2026-09-06T20:15,MIDPOINT_MEDIAN,phase10-v1
RCLASS::DEL-PNQ|Economy Saver|ROUND::2026-09-05T09:00,DEL-PNQ,Economy Saver,ROUND::2026-09-05T09:00,2026-09-05 09:00,ANCHORED,5,RSERIES::DEL-PNQ|Economy Saver|T1(0-2)|2026-09-07|ROUND::2026-09-05T09:00;RSERIES::DEL-PNQ|Economy Saver|T15(12-18)|2026-09-21|ROUND::2026-09-05T09:00;RSERIES::DEL-PNQ|Economy Saver|T30(25-35)|2026-10-06|ROUND::2026-09-05T09:00;RSERIES::DEL-PNQ|Economy Saver|T45(40-50)|2026-10-22|ROUND::2026-09-05T09:00;RSERIES::DEL-PNQ|Economy Saver|T7(5-9)|2026-09-13|ROUND::2026-09-05T09:00,DEL,PNQ,DEL-PNQ,EXACT_KEY_MATCH,scripts/build_vayu_route_basket.py::make_route_id,True,IN_BASKET,BASKET_SCOPED,5,0.069402,True,OBSERVED,PRICED,5844.50,5128.00,7413.50,0.445690,5,5,0,0,0,0,2,3,INFO,R09,5,R05;R06,False,0,COHERENT_MARKET_MOVEMENT;ISOLATED_DEVIATION,9,9,OBS00138;OBS00139;OBS00142;OBS00143;OBS00147;OBS00149;OBS00151;OBS00154;OBS00155,0,0,9,6,CELL::DEL|PNQ|2026-09-07|Economy Saver|T1(0-2)::ROUND::2026-09-05T09:00::FLT::QP|QP-1201|21:45;CELL::DEL|PNQ|2026-09-13|Economy Saver|T7(5-9)::ROUND::2026-09-05T09:00::FLT::AI|AI-851|06:00;CELL::DEL|PNQ|2026-09-21|Economy Saver|T15(12-18)::ROUND::2026-09-05T09:00::FLT::6E|6E-381|11:15;CELL::DEL|PNQ|2026-09-21|Economy Saver|T15(12-18)::ROUND::2026-09-05T09:00::FLT::AI|AI-851|06:00;CELL::DEL|PNQ|2026-10-06|Economy Saver|T30(25-35)::ROUND::2026-09-05T09:00::FLT::6E|6E-381|11:15;CELL::DEL|PNQ|2026-10-22|Economy Saver|T45(40-50)::ROUND::2026-09-05T09:00::FLT::AI|AI-851|06:00,2026-09-07;2026-09-13;2026-09-21;2026-10-06;2026-10-22,5,T1(0-2);T15(12-18);T30(25-35);T45(40-50);T7(5-9),5,CELL::DEL|PNQ|2026-09-07|Economy Saver|T1(0-2)::ROUND::2026-09-05T09:00;CELL::DEL|PNQ|2026-09-13|Economy Saver|T7(5-9)::ROUND::2026-09-05T09:00;CELL::DEL|PNQ|2026-09-21|Economy Saver|T15(12-18)::ROUND::2026-09-05T09:00;CELL::DEL|PNQ|2026-10-06|Economy Saver|T30(25-35)::ROUND::2026-09-05T09:00;CELL::DEL|PNQ|2026-10-22|Economy Saver|T45(40-50)::ROUND::2026-09-05T09:00,MIDPOINT_MEDIAN,phase10-v1
RCLASS::DEL-PNQ|Economy Saver|ROUND::2026-09-05T14:30,DEL-PNQ,Economy Saver,ROUND::2026-09-05T14:30,2026-09-05 14:30,ANCHORED,4,RSERIES::DEL-PNQ|Economy Saver|T1(0-2)|2026-09-07|ROUND::2026-09-05T14:30;RSERIES::DEL-PNQ|Economy Saver|T15(12-18)|2026-09-21|ROUND::2026-09-05T14:30;RSERIES::DEL-PNQ|Economy Saver|T30(25-35)|2026-10-06|ROUND::2026-09-05T14:30;RSERIES::DEL-PNQ|Economy Saver|T45(40-50)|2026-10-22|ROUND::2026-09-05T14:30,DEL,PNQ,DEL-PNQ,EXACT_KEY_MATCH,scripts/build_vayu_route_basket.py::make_route_id,True,IN_BASKET,BASKET_SCOPED,5,0.069402,True,OBSERVED,PRICED,5250.75,4951.00,7423.00,0.499293,4,4,0,0,0,0,2,2,INFO,R09,4,R05;R06,False,0,COHERENT_MARKET_MOVEMENT;ISOLATED_DEVIATION,10,10,OBS00638;OBS00639;OBS00643;OBS00651;OBS00652;OBS00655;OBS00658;OBS00662;OBS00663;OBS00670,0,0,10,7,CELL::DEL|PNQ|2026-09-07|Economy Saver|T1(0-2)::ROUND::2026-09-05T14:30::FLT::6E|6E-381|11:15;CELL::DEL|PNQ|2026-09-07|Economy Saver|T1(0-2)::ROUND::2026-09-05T14:30::FLT::AI|AI-851|06:00;CELL::DEL|PNQ|2026-09-07|Economy Saver|T1(0-2)::ROUND::2026-09-05T14:30::FLT::QP|QP-1201|21:45;CELL::DEL|PNQ|2026-09-21|Economy Saver|T15(12-18)::ROUND::2026-09-05T14:30::FLT::6E|6E-381|11:15;CELL::DEL|PNQ|2026-09-21|Economy Saver|T15(12-18)::ROUND::2026-09-05T14:30::FLT::AI|AI-851|06:00;CELL::DEL|PNQ|2026-10-06|Economy Saver|T30(25-35)::ROUND::2026-09-05T14:30::FLT::AI|AI-851|06:00;CELL::DEL|PNQ|2026-10-22|Economy Saver|T45(40-50)::ROUND::2026-09-05T14:30::FLT::QP|QP-1201|21:45,2026-09-07;2026-09-21;2026-10-06;2026-10-22,4,T1(0-2);T15(12-18);T30(25-35);T45(40-50),4,CELL::DEL|PNQ|2026-09-07|Economy Saver|T1(0-2)::ROUND::2026-09-05T14:30;CELL::DEL|PNQ|2026-09-21|Economy Saver|T15(12-18)::ROUND::2026-09-05T14:30;CELL::DEL|PNQ|2026-10-06|Economy Saver|T30(25-35)::ROUND::2026-09-05T14:30;CELL::DEL|PNQ|2026-10-22|Economy Saver|T45(40-50)::ROUND::2026-09-05T14:30,MIDPOINT_MEDIAN,phase10-v1
RCLASS::DEL-PNQ|Economy Saver|ROUND::2026-09-05T20:15,DEL-PNQ,Economy Saver,ROUND::2026-09-05T20:15,2026-09-05 20:15,ANCHORED,5,RSERIES::DEL-PNQ|Economy Saver|T1(0-2)|2026-09-07|ROUND::2026-09-05T20:15;RSERIES::DEL-PNQ|Economy Saver|T15(12-18)|2026-09-21|ROUND::2026-09-05T20:15;RSERIES::DEL-PNQ|Economy Saver|T30(25-35)|2026-10-06|ROUND::2026-09-05T20:15;RSERIES::DEL-PNQ|Economy Saver|T45(40-50)|2026-10-22|ROUND::2026-09-05T20:15;RSERIES::DEL-PNQ|Economy Saver|T7(5-9)|2026-09-13|ROUND::2026-09-05T20:15,DEL,PNQ,DEL-PNQ,EXACT_KEY_MATCH,scripts/build_vayu_route_basket.py::make_route_id,True,IN_BASKET,BASKET_SCOPED,5,0.069402,True,OBSERVED,PRICED,5482.25,5143.00,7231.75,0.406135,5,5,0,0,0,0,2,3,INFO,R09,5,R05;R06,False,0,COHERENT_MARKET_MOVEMENT;ISOLATED_DEVIATION,11,11,OBS01151;OBS01152;OBS01154;OBS01157;OBS01160;OBS01161;OBS01165;OBS01166;OBS01171;OBS01174;OBS01175,0,0,11,7,CELL::DEL|PNQ|2026-09-07|Economy Saver|T1(0-2)::ROUND::2026-09-05T20:15::FLT::AI|AI-851|06:00;CELL::DEL|PNQ|2026-09-07|Economy Saver|T1(0-2)::ROUND::2026-09-05T20:15::FLT::QP|QP-1201|21:45;CELL::DEL|PNQ|2026-09-13|Economy Saver|T7(5-9)::ROUND::2026-09-05T20:15::FLT::6E|6E-381|11:15;CELL::DEL|PNQ|2026-09-21|Economy Saver|T15(12-18)::ROUND::2026-09-05T20:15::FLT::6E|6E-381|11:15;CELL::DEL|PNQ|2026-09-21|Economy Saver|T15(12-18)::ROUND::2026-09-05T20:15::FLT::AI|AI-851|06:00;CELL::DEL|PNQ|2026-10-06|Economy Saver|T30(25-35)::ROUND::2026-09-05T20:15::FLT::6E|6E-381|11:15;CELL::DEL|PNQ|2026-10-22|Economy Saver|T45(40-50)::ROUND::2026-09-05T20:15::FLT::AI|AI-851|06:00,2026-09-07;2026-09-13;2026-09-21;2026-10-06;2026-10-22,5,T1(0-2);T15(12-18);T30(25-35);T45(40-50);T7(5-9),5,CELL::DEL|PNQ|2026-09-07|Economy Saver|T1(0-2)::ROUND::2026-09-05T20:15;CELL::DEL|PNQ|2026-09-13|Economy Saver|T7(5-9)::ROUND::2026-09-05T20:15;CELL::DEL|PNQ|2026-09-21|Economy Saver|T15(12-18)::ROUND::2026-09-05T20:15;CELL::DEL|PNQ|2026-10-06|Economy Saver|T30(25-35)::ROUND::2026-09-05T20:15;CELL::DEL|PNQ|2026-10-22|Economy Saver|T45(40-50)::ROUND::2026-09-05T20:15,MIDPOINT_MEDIAN,phase10-v1
RCLASS::DEL-PNQ|Economy Saver|ROUND::2026-09-06T09:00,DEL-PNQ,Economy Saver,ROUND::2026-09-06T09:00,2026-09-06 09:00,ANCHORED,4,RSERIES::DEL-PNQ|Economy Saver|T1(0-2)|2026-09-07|ROUND::2026-09-06T09:00;RSERIES::DEL-PNQ|Economy Saver|T30(25-35)|2026-10-06|ROUND::2026-09-06T09:00;RSERIES::DEL-PNQ|Economy Saver|T45(40-50)|2026-10-22|ROUND::2026-09-06T09:00;RSERIES::DEL-PNQ|Economy Saver|T7(5-9)|2026-09-13|ROUND::2026-09-06T09:00,DEL,PNQ,DEL-PNQ,EXACT_KEY_MATCH,scripts/build_vayu_route_basket.py::make_route_id,True,IN_BASKET,BASKET_SCOPED,5,0.069402,True,OBSERVED,PRICED,5949.75,5241.00,7236.00,0.380653,4,4,0,0,0,0,3,1,INFO,R09,4,R05;R06,False,0,COHERENT_MARKET_MOVEMENT;ISOLATED_DEVIATION,9,9,OBS01675;OBS01676;OBS01679;OBS01683;OBS01684;OBS01685;OBS01688;OBS01693;OBS01694,0,0,9,7,CELL::DEL|PNQ|2026-09-07|Economy Saver|T1(0-2)::ROUND::2026-09-06T09:00::FLT::AI|AI-851|06:00;CELL::DEL|PNQ|2026-09-13|Economy Saver|T7(5-9)::ROUND::2026-09-06T09:00::FLT::6E|6E-381|11:15;CELL::DEL|PNQ|2026-09-13|Economy Saver|T7(5-9)::ROUND::2026-09-06T09:00::FLT::AI|AI-851|06:00;CELL::DEL|PNQ|2026-09-13|Economy Saver|T7(5-9)::ROUND::2026-09-06T09:00::FLT::QP|QP-1201|21:45;CELL::DEL|PNQ|2026-10-06|Economy Saver|T30(25-35)::ROUND::2026-09-06T09:00::FLT::6E|6E-381|11:15;CELL::DEL|PNQ|2026-10-06|Economy Saver|T30(25-35)::ROUND::2026-09-06T09:00::FLT::AI|AI-851|06:00;CELL::DEL|PNQ|2026-10-22|Economy Saver|T45(40-50)::ROUND::2026-09-06T09:00::FLT::6E|6E-381|11:15,2026-09-07;2026-09-13;2026-10-06;2026-10-22,4,T1(0-2);T30(25-35);T45(40-50);T7(5-9),4,CELL::DEL|PNQ|2026-09-07|Economy Saver|T1(0-2)::ROUND::2026-09-06T09:00;CELL::DEL|PNQ|2026-09-13|Economy Saver|T7(5-9)::ROUND::2026-09-06T09:00;CELL::DEL|PNQ|2026-10-06|Economy Saver|T30(25-35)::ROUND::2026-09-06T09:00;CELL::DEL|PNQ|2026-10-22|Economy Saver|T45(40-50)::ROUND::2026-09-06T09:00,MIDPOINT_MEDIAN,phase10-v1
RCLASS::DEL-PNQ|Economy Saver|ROUND::2026-09-06T14:30,DEL-PNQ,Economy Saver,ROUND::2026-09-06T14:30,2026-09-06 14:30,ANCHORED,4,RSERIES::DEL-PNQ|Economy Saver|T1(0-2)|2026-09-07|ROUND::2026-09-06T14:30;RSERIES::DEL-PNQ|Economy Saver|T30(25-35)|2026-10-06|ROUND::2026-09-06T14:30;RSERIES::DEL-PNQ|Economy Saver|T45(40-50)|2026-10-22|ROUND::2026-09-06T14:30;RSERIES::DEL-PNQ|Economy Saver|T7(5-9)|2026-09-13|ROUND::2026-09-06T14:30,DEL,PNQ,DEL-PNQ,EXACT_KEY_MATCH,scripts/build_vayu_route_basket.py::make_route_id,True,IN_BASKET,BASKET_SCOPED,5,0.069402,True,OBSERVED,PRICED,5983.25,5213.75,7281.50,0.396596,4,4,0,0,0,0,0,4,NONE,,1,R06,False,0,COHERENT_MARKET_MOVEMENT;ISOLATED_DEVIATION,15,15,OBS02174;OBS02175;OBS02176;OBS02178;OBS02179;OBS02181;OBS02182;OBS02187;OBS02193;OBS02194;OBS02195;OBS02197;OBS02198;OBS02205;OBS02983,0,0,15,10,CELL::DEL|PNQ|2026-09-07|Economy Saver|T1(0-2)::ROUND::2026-09-06T14:30::FLT::6E|6E-381|11:15;CELL::DEL|PNQ|2026-09-07|Economy Saver|T1(0-2)::ROUND::2026-09-06T14:30::FLT::QP|QP-1201|21:45;CELL::DEL|PNQ|2026-09-13|Economy Saver|T7(5-9)::ROUND::2026-09-06T14:30::FLT::6E|6E-381|11:15;CELL::DEL|PNQ|2026-09-13|Economy Saver|T7(5-9)::ROUND::2026-09-06T14:30::FLT::AI|AI-851|06:00;CELL::DEL|PNQ|2026-09-13|Economy Saver|T7(5-9)::ROUND::2026-09-06T14:30::FLT::QP|QP-1201|21:45;CELL::DEL|PNQ|2026-10-06|Economy Saver|T30(25-35)::ROUND::2026-09-06T14:30::FLT::6E|6E-381|11:15;CELL::DEL|PNQ|2026-10-22|Economy Saver|T45(40-50)::ROUND::2026-09-06T14:30::FLT::6E|6E-381|11:15;CELL::DEL|PNQ|2026-10-22|Economy Saver|T45(40-50)::ROUND::2026-09-06T14:30::FLT::6E|6E-381|12:00;CELL::DEL|PNQ|2026-10-22|Economy Saver|T45(40-50)::ROUND::2026-09-06T14:30::FLT::AI|AI-851|06:00;CELL::DEL|PNQ|2026-10-22|Economy Saver|T45(40-50)::ROUND::2026-09-06T14:30::FLT::QP|QP-1201|21:45,2026-09-07;2026-09-13;2026-10-06;2026-10-22,4,T1(0-2);T30(25-35);T45(40-50);T7(5-9),4,CELL::DEL|PNQ|2026-09-07|Economy Saver|T1(0-2)::ROUND::2026-09-06T14:30;CELL::DEL|PNQ|2026-09-13|Economy Saver|T7(5-9)::ROUND::2026-09-06T14:30;CELL::DEL|PNQ|2026-10-06|Economy Saver|T30(25-35)::ROUND::2026-09-06T14:30;CELL::DEL|PNQ|2026-10-22|Economy Saver|T45(40-50)::ROUND::2026-09-06T14:30,MIDPOINT_MEDIAN,phase10-v1
RCLASS::DEL-PNQ|Economy Saver|ROUND::2026-09-06T20:15,DEL-PNQ,Economy Saver,ROUND::2026-09-06T20:15,2026-09-06 20:15,ANCHORED,5,RSERIES::DEL-PNQ|Economy Saver|T1(0-2)|2026-09-07|ROUND::2026-09-06T20:15;RSERIES::DEL-PNQ|Economy Saver|T15(12-18)|2026-09-21|ROUND::2026-09-06T20:15;RSERIES::DEL-PNQ|Economy Saver|T30(25-35)|2026-10-06|ROUND::2026-09-06T20:15;RSERIES::DEL-PNQ|Economy Saver|T45(40-50)|2026-10-22|ROUND::2026-09-06T20:15;RSERIES::DEL-PNQ|Economy Saver|T7(5-9)|2026-09-13|ROUND::2026-09-06T20:15,DEL,PNQ,DEL-PNQ,EXACT_KEY_MATCH,scripts/build_vayu_route_basket.py::make_route_id,True,IN_BASKET,BASKET_SCOPED,5,0.069402,True,OBSERVED,PRICED,5691.25,5122.00,7739.50,0.511031,5,5,0,0,0,0,1,4,INFO,R09,1,R06,False,0,COHERENT_MARKET_MOVEMENT;ISOLATED_DEVIATION,14,14,OBS02674;OBS02679;OBS02680;OBS02681;OBS02682;OBS02686;OBS02689;OBS02690;OBS02692;OBS02693;OBS02695;OBS02701;OBS02702;OBS02703,0,0,14,9,CELL::DEL|PNQ|2026-09-07|Economy Saver|T1(0-2)::ROUND::2026-09-06T20:15::FLT::6E|6E-381|11:15;CELL::DEL|PNQ|2026-09-07|Economy Saver|T1(0-2)::ROUND::2026-09-06T20:15::FLT::QP|QP-1201|21:45;CELL::DEL|PNQ|2026-09-13|Economy Saver|T7(5-9)::ROUND::2026-09-06T20:15::FLT::AI|AI-851|06:00;CELL::DEL|PNQ|2026-09-13|Economy Saver|T7(5-9)::ROUND::2026-09-06T20:15::FLT::QP|QP-1201|21:45;CELL::DEL|PNQ|2026-09-21|Economy Saver|T15(12-18)::ROUND::2026-09-06T20:15::FLT::6E|6E-381|11:15;CELL::DEL|PNQ|2026-09-21|Economy Saver|T15(12-18)::ROUND::2026-09-06T20:15::FLT::AI|AI-851|06:00;CELL::DEL|PNQ|2026-10-06|Economy Saver|T30(25-35)::ROUND::2026-09-06T20:15::FLT::6E|6E-381|11:15;CELL::DEL|PNQ|2026-10-06|Economy Saver|T30(25-35)::ROUND::2026-09-06T20:15::FLT::AI|AI-851|06:00;CELL::DEL|PNQ|2026-10-22|Economy Saver|T45(40-50)::ROUND::2026-09-06T20:15::FLT::6E|6E-381|11:15,2026-09-07;2026-09-13;2026-09-21;2026-10-06;2026-10-22,5,T1(0-2);T15(12-18);T30(25-35);T45(40-50);T7(5-9),5,CELL::DEL|PNQ|2026-09-07|Economy Saver|T1(0-2)::ROUND::2026-09-06T20:15;CELL::DEL|PNQ|2026-09-13|Economy Saver|T7(5-9)::ROUND::2026-09-06T20:15;CELL::DEL|PNQ|2026-09-21|Economy Saver|T15(12-18)::ROUND::2026-09-06T20:15;CELL::DEL|PNQ|2026-10-06|Economy Saver|T30(25-35)::ROUND::2026-09-06T20:15;CELL::DEL|PNQ|2026-10-22|Economy Saver|T45(40-50)::ROUND::2026-09-06T20:15,MIDPOINT_MEDIAN,phase10-v1
RCLASS::DEL-PNQ|Economy Standard|ROUND::2026-09-05T09:00,DEL-PNQ,Economy Standard,ROUND::2026-09-05T09:00,2026-09-05 09:00,ANCHORED,5,RSERIES::DEL-PNQ|Economy Standard|T1(0-2)|2026-09-07|ROUND::2026-09-05T09:00;RSERIES::DEL-PNQ|Economy Standard|T15(12-18)|2026-09-21|ROUND::2026-09-05T09:00;RSERIES::DEL-PNQ|Economy Standard|T30(25-35)|2026-10-06|ROUND::2026-09-05T09:00;RSERIES::DEL-PNQ|Economy Standard|T45(40-50)|2026-10-22|ROUND::2026-09-05T09:00;RSERIES::DEL-PNQ|Economy Standard|T7(5-9)|2026-09-13|ROUND::2026-09-05T09:00,DEL,PNQ,DEL-PNQ,EXACT_KEY_MATCH,scripts/build_vayu_route_basket.py::make_route_id,True,IN_BASKET,BASKET_SCOPED,5,0.069402,True,OBSERVED,PRICED,7337.75,6380.00,9294.00,0.456740,5,5,0,0,0,0,2,3,INFO,R09,5,R05;R06,False,0,COHERENT_MARKET_MOVEMENT;ISOLATED_DEVIATION,10,10,OBS00135;OBS00137;OBS00148;OBS00150;OBS00159;OBS00160;OBS00163;OBS00164;OBS00167;OBS00168,0,0,10,7,CELL::DEL|PNQ|2026-09-07|Economy Standard|T1(0-2)::ROUND::2026-09-05T09:00::FLT::6E|6E-381|11:15;CELL::DEL|PNQ|2026-09-13|Economy Standard|T7(5-9)::ROUND::2026-09-05T09:00::FLT::6E|6E-381|11:15;CELL::DEL|PNQ|2026-09-13|Economy Standard|T7(5-9)::ROUND::2026-09-05T09:00::FLT::QP|QP-1201|21:45;CELL::DEL|PNQ|2026-09-21|Economy Standard|T15(12-18)::ROUND::2026-09-05T09:00::FLT::AI|AI-851|06:00;CELL::DEL|PNQ|2026-09-21|Economy Standard|T15(12-18)::ROUND::2026-09-05T09:00::FLT::QP|QP-1201|21:45;CELL::DEL|PNQ|2026-10-06|Economy Standard|T30(25-35)::ROUND::2026-09-05T09:00::FLT::AI|AI-851|06:00;CELL::DEL|PNQ|2026-10-22|Economy Standard|T45(40-50)::ROUND::2026-09-05T09:00::FLT::QP|QP-1201|21:45,2026-09-07;2026-09-13;2026-09-21;2026-10-06;2026-10-22,5,T1(0-2);T15(12-18);T30(25-35);T45(40-50);T7(5-9),5,CELL::DEL|PNQ|2026-09-07|Economy Standard|T1(0-2)::ROUND::2026-09-05T09:00;CELL::DEL|PNQ|2026-09-13|Economy Standard|T7(5-9)::ROUND::2026-09-05T09:00;CELL::DEL|PNQ|2026-09-21|Economy Standard|T15(12-18)::ROUND::2026-09-05T09:00;CELL::DEL|PNQ|2026-10-06|Economy Standard|T30(25-35)::ROUND::2026-09-05T09:00;CELL::DEL|PNQ|2026-10-22|Economy Standard|T45(40-50)::ROUND::2026-09-05T09:00,MIDPOINT_MEDIAN,phase10-v1
RCLASS::DEL-PNQ|Economy Standard|ROUND::2026-09-05T14:30,DEL-PNQ,Economy Standard,ROUND::2026-09-05T14:30,2026-09-05 14:30,ANCHORED,5,RSERIES::DEL-PNQ|Economy Standard|T1(0-2)|2026-09-07|ROUND::2026-09-05T14:30;RSERIES::DEL-PNQ|Economy Standard|T15(12-18)|2026-09-21|ROUND::2026-09-05T14:30;RSERIES::DEL-PNQ|Economy Standard|T30(25-35)|2026-10-06|ROUND::2026-09-05T14:30;RSERIES::DEL-PNQ|Economy Standard|T45(40-50)|2026-10-22|ROUND::2026-09-05T14:30;RSERIES::DEL-PNQ|Economy Standard|T7(5-9)|2026-09-13|ROUND::2026-09-05T14:30,DEL,PNQ,DEL-PNQ,EXACT_KEY_MATCH,scripts/build_vayu_route_basket.py::make_route_id,True,IN_BASKET,BASKET_SCOPED,5,0.069402,True,OBSERVED,PRICED,7312.50,6616.50,9710.00,0.467543,5,5,0,0,0,0,0,5,NONE,,5,R05;R06,False,0,COHERENT_MARKET_MOVEMENT;ISOLATED_DEVIATION,11,11,OBS00640;OBS00644;OBS00647;OBS00648;OBS00649;OBS00656;OBS00661;OBS00665;OBS00666;OBS00668;OBS00669,0,0,11,8,CELL::DEL|PNQ|2026-09-07|Economy Standard|T1(0-2)::ROUND::2026-09-05T14:30::FLT::6E|6E-381|11:15;CELL::DEL|PNQ|2026-09-07|Economy Standard|T1(0-2)::ROUND::2026-09-05T14:30::FLT::QP|QP-1201|21:45;CELL::DEL|PNQ|2026-09-13|Economy Standard|T7(5-9)::ROUND::2026-09-05T14:30::FLT::QP|QP-1201|21:45;CELL::DEL|PNQ|2026-09-21|Economy Standard|T15(12-18)::ROUND::2026-09-05T14:30::FLT::6E|6E-381|11:15;CELL::DEL|PNQ|2026-09-21|Economy Standard|T15(12-18)::ROUND::2026-09-05T14:30::FLT::AI|AI-851|06:00;CELL::DEL|PNQ|2026-10-06|Economy Standard|T30(25-35)::ROUND::2026-09-05T14:30::FLT::6E|6E-381|11:15;CELL::DEL|PNQ|2026-10-06|Economy Standard|T30(25-35)::ROUND::2026-09-05T14:30::FLT::QP|QP-1201|21:45;CELL::DEL|PNQ|2026-10-22|Economy Standard|T45(40-50)::ROUND::2026-09-05T14:30::FLT::6E|6E-381|11:15,2026-09-07;2026-09-13;2026-09-21;2026-10-06;2026-10-22,5,T1(0-2);T15(12-18);T30(25-35);T45(40-50);T7(5-9),5,CELL::DEL|PNQ|2026-09-07|Economy Standard|T1(0-2)::ROUND::2026-09-05T14:30;CELL::DEL|PNQ|2026-09-13|Economy Standard|T7(5-9)::ROUND::2026-09-05T14:30;CELL::DEL|PNQ|2026-09-21|Economy Standard|T15(12-18)::ROUND::2026-09-05T14:30;CELL::DEL|PNQ|2026-10-06|Economy Standard|T30(25-35)::ROUND::2026-09-05T14:30;CELL::DEL|PNQ|2026-10-22|Economy Standard|T45(40-50)::ROUND::2026-09-05T14:30,MIDPOINT_MEDIAN,phase10-v1
RCLASS::DEL-PNQ|Economy Standard|ROUND::2026-09-05T20:15,DEL-PNQ,Economy Standard,ROUND::2026-09-05T20:15,2026-09-05 20:15,ANCHORED,5,RSERIES::DEL-PNQ|Economy Standard|T1(0-2)|2026-09-07|ROUND::2026-09-05T20:15;RSERIES::DEL-PNQ|Economy Standard|T15(12-18)|2026-09-21|ROUND::2026-09-05T20:15;RSERIES::DEL-PNQ|Economy Standard|T30(25-35)|2026-10-06|ROUND::2026-09-05T20:15;RSERIES::DEL-PNQ|Economy Standard|T45(40-50)|2026-10-22|ROUND::2026-09-05T20:15;RSERIES::DEL-PNQ|Economy Standard|T7(5-9)|2026-09-13|ROUND::2026-09-05T20:15,DEL,PNQ,DEL-PNQ,EXACT_KEY_MATCH,scripts/build_vayu_route_basket.py::make_route_id,True,IN_BASKET,BASKET_SCOPED,5,0.069402,True,OBSERVED,PRICED,7478.00,6582.25,9518.00,0.446010,5,5,0,0,0,0,1,4,INFO,R09,5,R05;R06,False,0,COHERENT_MARKET_MOVEMENT;ISOLATED_DEVIATION,15,15,OBS01147;OBS01150;OBS01155;OBS01156;OBS01158;OBS01159;OBS01164;OBS01172;OBS01173;OBS01176;OBS01177;OBS01178;OBS01179;OBS01180;OBS01181,0,0,15,10,CELL::DEL|PNQ|2026-09-07|Economy Standard|T1(0-2)::ROUND::2026-09-05T20:15::FLT::6E|6E-381|11:15;CELL::DEL|PNQ|2026-09-07|Economy Standard|T1(0-2)::ROUND::2026-09-05T20:15::FLT::QP|QP-1201|21:45;CELL::DEL|PNQ|2026-09-13|Economy Standard|T7(5-9)::ROUND::2026-09-05T20:15::FLT::6E|6E-381|11:15;CELL::DEL|PNQ|2026-09-13|Economy Standard|T7(5-9)::ROUND::2026-09-05T20:15::FLT::AI|AI-851|06:00;CELL::DEL|PNQ|2026-09-13|Economy Standard|T7(5-9)::ROUND::2026-09-05T20:15::FLT::QP|QP-1201|21:45;CELL::DEL|PNQ|2026-09-21|Economy Standard|T15(12-18)::ROUND::2026-09-05T20:15::FLT::QP|QP-1201|21:45;CELL::DEL|PNQ|2026-10-06|Economy Standard|T30(25-35)::ROUND::2026-09-05T20:15::FLT::6E|6E-381|11:15;CELL::DEL|PNQ|2026-10-06|Economy Standard|T30(25-35)::ROUND::2026-09-05T20:15::FLT::QP|QP-1201|21:45;CELL::DEL|PNQ|2026-10-22|Economy Standard|T45(40-50)::ROUND::2026-09-05T20:15::FLT::6E|6E-381|11:15;CELL::DEL|PNQ|2026-10-22|Economy Standard|T45(40-50)::ROUND::2026-09-05T20:15::FLT::QP|QP-1201|21:45,2026-09-07;2026-09-13;2026-09-21;2026-10-06;2026-10-22,5,T1(0-2);T15(12-18);T30(25-35);T45(40-50);T7(5-9),5,CELL::DEL|PNQ|2026-09-07|Economy Standard|T1(0-2)::ROUND::2026-09-05T20:15;CELL::DEL|PNQ|2026-09-13|Economy Standard|T7(5-9)::ROUND::2026-09-05T20:15;CELL::DEL|PNQ|2026-09-21|Economy Standard|T15(12-18)::ROUND::2026-09-05T20:15;CELL::DEL|PNQ|2026-10-06|Economy Standard|T30(25-35)::ROUND::2026-09-05T20:15;CELL::DEL|PNQ|2026-10-22|Economy Standard|T45(40-50)::ROUND::2026-09-05T20:15,MIDPOINT_MEDIAN,phase10-v1
RCLASS::DEL-PNQ|Economy Standard|ROUND::2026-09-06T09:00,DEL-PNQ,Economy Standard,ROUND::2026-09-06T09:00,2026-09-06 09:00,ANCHORED,5,RSERIES::DEL-PNQ|Economy Standard|T1(0-2)|2026-09-07|ROUND::2026-09-06T09:00;RSERIES::DEL-PNQ|Economy Standard|T15(12-18)|2026-09-21|ROUND::2026-09-06T09:00;RSERIES::DEL-PNQ|Economy Standard|T30(25-35)|2026-10-06|ROUND::2026-09-06T09:00;RSERIES::DEL-PNQ|Economy Standard|T45(40-50)|2026-10-22|ROUND::2026-09-06T09:00;RSERIES::DEL-PNQ|Economy Standard|T7(5-9)|2026-09-13|ROUND::2026-09-06T09:00,DEL,PNQ,DEL-PNQ,EXACT_KEY_MATCH,scripts/build_vayu_route_basket.py::make_route_id,True,IN_BASKET,BASKET_SCOPED,5,0.069402,True,OBSERVED,PRICED,7452.00,6694.00,9496.00,0.418584,5,5,0,0,0,0,2,3,INFO,R09,5,R06,False,0,COHERENT_MARKET_MOVEMENT;ISOLATED_DEVIATION,14,14,OBS01673;OBS01674;OBS01677;OBS01678;OBS01680;OBS01681;OBS01682;OBS01686;OBS01687;OBS01691;OBS01692;OBS01695;OBS01696;OBS01699,0,0,14,10,CELL::DEL|PNQ|2026-09-07|Economy Standard|T1(0-2)::ROUND::2026-09-06T09:00::FLT::QP|QP-1201|21:45;CELL::DEL|PNQ|2026-09-13|Economy Standard|T7(5-9)::ROUND::2026-09-06T09:00::FLT::6E|6E-381|11:15;CELL::DEL|PNQ|2026-09-13|Economy Standard|T7(5-9)::ROUND::2026-09-06T09:00::FLT::AI|AI-851|06:00;CELL::DEL|PNQ|2026-09-13|Economy Standard|T7(5-9)::ROUND::2026-09-06T09:00::FLT::QP|QP-1201|21:45;CELL::DEL|PNQ|2026-09-21|Economy Standard|T15(12-18)::ROUND::2026-09-06T09:00::FLT::6E|6E-381|11:15;CELL::DEL|PNQ|2026-09-21|Economy Standard|T15(12-18)::ROUND::2026-09-06T09:00::FLT::AI|AI-851|06:00;CELL::DEL|PNQ|2026-09-21|Economy Standard|T15(12-18)::ROUND::2026-09-06T09:00::FLT::QP|QP-1201|21:45;CELL::DEL|PNQ|2026-10-06|Economy Standard|T30(25-35)::ROUND::2026-09-06T09:00::FLT::6E|6E-381|11:15;CELL::DEL|PNQ|2026-10-22|Economy Standard|T45(40-50)::ROUND::2026-09-06T09:00::FLT::6E|6E-381|11:15;CELL::DEL|PNQ|2026-10-22|Economy Standard|T45(40-50)::ROUND::2026-09-06T09:00::FLT::QP|QP-1201|21:45,2026-09-07;2026-09-13;2026-09-21;2026-10-06;2026-10-22,5,T1(0-2);T15(12-18);T30(25-35);T45(40-50);T7(5-9),5,CELL::DEL|PNQ|2026-09-07|Economy Standard|T1(0-2)::ROUND::2026-09-06T09:00;CELL::DEL|PNQ|2026-09-13|Economy Standard|T7(5-9)::ROUND::2026-09-06T09:00;CELL::DEL|PNQ|2026-09-21|Economy Standard|T15(12-18)::ROUND::2026-09-06T09:00;CELL::DEL|PNQ|2026-10-06|Economy Standard|T30(25-35)::ROUND::2026-09-06T09:00;CELL::DEL|PNQ|2026-10-22|Economy Standard|T45(40-50)::ROUND::2026-09-06T09:00,MIDPOINT_MEDIAN,phase10-v1
RCLASS::DEL-PNQ|Economy Standard|ROUND::2026-09-06T14:30,DEL-PNQ,Economy Standard,ROUND::2026-09-06T14:30,2026-09-06 14:30,ANCHORED,5,RSERIES::DEL-PNQ|Economy Standard|T1(0-2)|2026-09-07|ROUND::2026-09-06T14:30;RSERIES::DEL-PNQ|Economy Standard|T15(12-18)|2026-09-21|ROUND::2026-09-06T14:30;RSERIES::DEL-PNQ|Economy Standard|T30(25-35)|2026-10-06|ROUND::2026-09-06T14:30;RSERIES::DEL-PNQ|Economy Standard|T45(40-50)|2026-10-22|ROUND::2026-09-06T14:30;RSERIES::DEL-PNQ|Economy Standard|T7(5-9)|2026-09-13|ROUND::2026-09-06T14:30,DEL,PNQ,DEL-PNQ,EXACT_KEY_MATCH,scripts/build_vayu_route_basket.py::make_route_id,True,IN_BASKET,BASKET_SCOPED,5,0.069402,True,OBSERVED,PRICED,7125.00,6552.00,9672.75,0.476305,5,5,0,0,0,0,3,2,INFO,R09,0,,False,0,COHERENT_MARKET_MOVEMENT;ISOLATED_DEVIATION,9,9,OBS02185;OBS02186;OBS02189;OBS02191;OBS02196;OBS02199;OBS02202;OBS02203;OBS02204,0,0,9,8,CELL::DEL|PNQ|2026-09-07|Economy Standard|T1(0-2)::ROUND::2026-09-06T14:30::FLT::AI|AI-851|06:00;CELL::DEL|PNQ|2026-09-07|Economy Standard|T1(0-2)::ROUND::2026-09-06T14:30::FLT::QP|QP-1201|21:45;CELL::DEL|PNQ|2026-09-13|Economy Standard|T7(5-9)::ROUND::2026-09-06T14:30::FLT::QP|QP-1201|21:45;CELL::DEL|PNQ|2026-09-21|Economy Standard|T15(12-18)::ROUND::2026-09-06T14:30::FLT::AI|AI-851|06:00;CELL::DEL|PNQ|2026-09-21|Economy Standard|T15(12-18)::ROUND::2026-09-06T14:30::FLT::QP|QP-1201|21:45;CELL::DEL|PNQ|2026-10-06|Economy Standard|T30(25-35)::ROUND::2026-09-06T14:30::FLT::AI|AI-851|06:00;CELL::DEL|PNQ|2026-10-06|Economy Standard|T30(25-35)::ROUND::2026-09-06T14:30::FLT::QP|QP-1201|21:45;CELL::DEL|PNQ|2026-10-22|Economy Standard|T45(40-50)::ROUND::2026-09-06T14:30::FLT::QP|QP-1201|21:45,2026-09-07;2026-09-13;2026-09-21;2026-10-06;2026-10-22,5,T1(0-2);T15(12-18);T30(25-35);T45(40-50);T7(5-9),5,CELL::DEL|PNQ|2026-09-07|Economy Standard|T1(0-2)::ROUND::2026-09-06T14:30;CELL::DEL|PNQ|2026-09-13|Economy Standard|T7(5-9)::ROUND::2026-09-06T14:30;CELL::DEL|PNQ|2026-09-21|Economy Standard|T15(12-18)::ROUND::2026-09-06T14:30;CELL::DEL|PNQ|2026-10-06|Economy Standard|T30(25-35)::ROUND::2026-09-06T14:30;CELL::DEL|PNQ|2026-10-22|Economy Standard|T45(40-50)::ROUND::2026-09-06T14:30,MIDPOINT_MEDIAN,phase10-v1
RCLASS::DEL-PNQ|Economy Standard|ROUND::2026-09-06T20:15,DEL-PNQ,Economy Standard,ROUND::2026-09-06T20:15,2026-09-06 20:15,ANCHORED,5,RSERIES::DEL-PNQ|Economy Standard|T1(0-2)|2026-09-07|ROUND::2026-09-06T20:15;RSERIES::DEL-PNQ|Economy Standard|T15(12-18)|2026-09-21|ROUND::2026-09-06T20:15;RSERIES::DEL-PNQ|Economy Standard|T30(25-35)|2026-10-06|ROUND::2026-09-06T20:15;RSERIES::DEL-PNQ|Economy Standard|T45(40-50)|2026-10-22|ROUND::2026-09-06T20:15;RSERIES::DEL-PNQ|Economy Standard|T7(5-9)|2026-09-13|ROUND::2026-09-06T20:15,DEL,PNQ,DEL-PNQ,EXACT_KEY_MATCH,scripts/build_vayu_route_basket.py::make_route_id,True,IN_BASKET,BASKET_SCOPED,5,0.069402,True,OBSERVED,PRICED,7445.00,6282.00,9881.00,0.572907,5,5,0,0,0,0,1,4,INFO,R09,0,,False,0,COHERENT_MARKET_MOVEMENT;ISOLATED_DEVIATION,12,12,OBS02675;OBS02676;OBS02683;OBS02684;OBS02691;OBS02694;OBS02698;OBS02699;OBS02700;OBS02704;OBS02706;OBS02707,0,0,12,9,CELL::DEL|PNQ|2026-09-07|Economy Standard|T1(0-2)::ROUND::2026-09-06T20:15::FLT::6E|6E-381|11:15;CELL::DEL|PNQ|2026-09-07|Economy Standard|T1(0-2)::ROUND::2026-09-06T20:15::FLT::QP|QP-1201|21:45;CELL::DEL|PNQ|2026-09-13|Economy Standard|T7(5-9)::ROUND::2026-09-06T20:15::FLT::AI|AI-851|06:00;CELL::DEL|PNQ|2026-09-13|Economy Standard|T7(5-9)::ROUND::2026-09-06T20:15::FLT::QP|QP-1201|21:45;CELL::DEL|PNQ|2026-09-21|Economy Standard|T15(12-18)::ROUND::2026-09-06T20:15::FLT::AI|AI-851|06:00;CELL::DEL|PNQ|2026-10-06|Economy Standard|T30(25-35)::ROUND::2026-09-06T20:15::FLT::6E|6E-381|11:15;CELL::DEL|PNQ|2026-10-06|Economy Standard|T30(25-35)::ROUND::2026-09-06T20:15::FLT::QP|QP-1201|21:45;CELL::DEL|PNQ|2026-10-22|Economy Standard|T45(40-50)::ROUND::2026-09-06T20:15::FLT::AI|AI-851|06:00;CELL::DEL|PNQ|2026-10-22|Economy Standard|T45(40-50)::ROUND::2026-09-06T20:15::FLT::QP|QP-1201|21:45,2026-09-07;2026-09-13;2026-09-21;2026-10-06;2026-10-22,5,T1(0-2);T15(12-18);T30(25-35);T45(40-50);T7(5-9),5,CELL::DEL|PNQ|2026-09-07|Economy Standard|T1(0-2)::ROUND::2026-09-06T20:15;CELL::DEL|PNQ|2026-09-13|Economy Standard|T7(5-9)::ROUND::2026-09-06T20:15;CELL::DEL|PNQ|2026-09-21|Economy Standard|T15(12-18)::ROUND::2026-09-06T20:15;CELL::DEL|PNQ|2026-10-06|Economy Standard|T30(25-35)::ROUND::2026-09-06T20:15;CELL::DEL|PNQ|2026-10-22|Economy Standard|T45(40-50)::ROUND::2026-09-06T20:15,MIDPOINT_MEDIAN,phase10-v1
RCLASS::DEL-PNQ|Economy Standard|ROUND::2026-09-07T14:30,DEL-PNQ,Economy Standard,ROUND::2026-09-07T14:30,2026-09-07 14:30,ANCHORED,1,RSERIES::DEL-PNQ|Economy Standard|T7(5-9)|2026-09-13|ROUND::2026-09-07T14:30,DEL,PNQ,DEL-PNQ,EXACT_KEY_MATCH,scripts/build_vayu_route_basket.py::make_route_id,True,IN_BASKET,BASKET_SCOPED,5,0.069402,True,OBSERVED,PRICED,8998.00,8998.00,8998.00,0.000000,1,1,0,0,0,0,1,0,INFO,R09,0,,False,0,ISOLATED_DEVIATION,1,1,OBS02996,0,0,1,1,CELL::DEL|PNQ|2026-09-13|Economy Standard|T7(5-9)::ROUND::2026-09-07T14:30::FLT::AI|AI-851|12:00,2026-09-13,1,T7(5-9),1,CELL::DEL|PNQ|2026-09-13|Economy Standard|T7(5-9)::ROUND::2026-09-07T14:30,MIDPOINT_MEDIAN,phase10-v1
RCLASS::DEL-PNQ|Economy Standard|ROUND::2026-09-07T20:15,DEL-PNQ,Economy Standard,ROUND::2026-09-07T20:15,2026-09-07 20:15,ANCHORED,1,RSERIES::DEL-PNQ|Economy Standard|T45(40-50)|2026-10-22|ROUND::2026-09-07T20:15,DEL,PNQ,DEL-PNQ,EXACT_KEY_MATCH,scripts/build_vayu_route_basket.py::make_route_id,True,IN_BASKET,BASKET_SCOPED,5,0.069402,True,OBSERVED,PRICED,6849.00,6849.00,6849.00,0.000000,1,1,0,0,0,0,1,0,INFO,R09,0,,False,0,ISOLATED_DEVIATION,1,1,OBS02995,0,0,1,1,CELL::DEL|PNQ|2026-10-22|Economy Standard|T45(40-50)::ROUND::2026-09-07T20:15::FLT::AI|AI-851|12:00,2026-10-22,1,T45(40-50),1,CELL::DEL|PNQ|2026-10-22|Economy Standard|T45(40-50)::ROUND::2026-09-07T20:15,MIDPOINT_MEDIAN,phase10-v1
RCLASS::CCU-DEL|Economy Flexi|ROUND::2026-09-05T09:00,CCU-DEL,Economy Flexi,ROUND::2026-09-05T09:00,2026-09-05 09:00,ANCHORED,4,RSERIES::CCU-DEL|Economy Flexi|T1(0-2)|2026-09-07|ROUND::2026-09-05T09:00;RSERIES::CCU-DEL|Economy Flexi|T15(12-18)|2026-09-21|ROUND::2026-09-05T09:00;RSERIES::CCU-DEL|Economy Flexi|T30(25-35)|2026-10-06|ROUND::2026-09-05T09:00;RSERIES::CCU-DEL|Economy Flexi|T7(5-9)|2026-09-13|ROUND::2026-09-05T09:00,CCU,DEL,CCU-DEL,EXACT_KEY_MATCH,scripts/build_vayu_route_basket.py::make_route_id,True,IN_BASKET,BASKET_SCOPED,6,0.065754,True,OBSERVED,PRICED,9671.25,8256.50,11779.00,0.426634,4,4,0,0,0,0,0,4,NONE,,4,R05;R06,False,0,COHERENT_MARKET_MOVEMENT;ISOLATED_DEVIATION,11,11,OBS00170;OBS00171;OBS00172;OBS00173;OBS00186;OBS00194;OBS00195;OBS00200;OBS00201;OBS00202;OBS00203,0,0,11,6,CELL::CCU|DEL|2026-09-07|Economy Flexi|T1(0-2)::ROUND::2026-09-05T09:00::FLT::6E|6E-6120|14:00;CELL::CCU|DEL|2026-09-13|Economy Flexi|T7(5-9)::ROUND::2026-09-05T09:00::FLT::6E|6E-6120|14:00;CELL::CCU|DEL|2026-09-13|Economy Flexi|T7(5-9)::ROUND::2026-09-05T09:00::FLT::AI|AI-701|09:45;CELL::CCU|DEL|2026-09-13|Economy Flexi|T7(5-9)::ROUND::2026-09-05T09:00::FLT::SG|SG-988|19:30;CELL::CCU|DEL|2026-09-21|Economy Flexi|T15(12-18)::ROUND::2026-09-05T09:00::FLT::SG|SG-988|19:30;CELL::CCU|DEL|2026-10-06|Economy Flexi|T30(25-35)::ROUND::2026-09-05T09:00::FLT::SG|SG-988|19:30,2026-09-07;2026-09-13;2026-09-21;2026-10-06,4,T1(0-2);T15(12-18);T30(25-35);T7(5-9),4,CELL::CCU|DEL|2026-09-07|Economy Flexi|T1(0-2)::ROUND::2026-09-05T09:00;CELL::CCU|DEL|2026-09-13|Economy Flexi|T7(5-9)::ROUND::2026-09-05T09:00;CELL::CCU|DEL|2026-09-21|Economy Flexi|T15(12-18)::ROUND::2026-09-05T09:00;CELL::CCU|DEL|2026-10-06|Economy Flexi|T30(25-35)::ROUND::2026-09-05T09:00,MIDPOINT_MEDIAN,phase10-v1
RCLASS::CCU-DEL|Economy Flexi|ROUND::2026-09-05T14:30,CCU-DEL,Economy Flexi,ROUND::2026-09-05T14:30,2026-09-05 14:30,ANCHORED,4,RSERIES::CCU-DEL|Economy Flexi|T1(0-2)|2026-09-07|ROUND::2026-09-05T14:30;RSERIES::CCU-DEL|Economy Flexi|T30(25-35)|2026-10-06|ROUND::2026-09-05T14:30;RSERIES::CCU-DEL|Economy Flexi|T45(40-50)|2026-10-22|ROUND::2026-09-05T14:30;RSERIES::CCU-DEL|Economy Flexi|T7(5-9)|2026-09-13|ROUND::2026-09-05T14:30,CCU,DEL,CCU-DEL,EXACT_KEY_MATCH,scripts/build_vayu_route_basket.py::make_route_id,True,IN_BASKET,BASKET_SCOPED,6,0.065754,True,OBSERVED,PRICED,9182.50,7935.25,11944.00,0.505183,4,4,0,0,0,0,1,3,INFO,R09,4,R05;R06,False,0,COHERENT_MARKET_MOVEMENT;ISOLATED_DEVIATION,14,14,OBS00673;OBS00678;OBS00679;OBS00682;OBS00685;OBS00688;OBS00690;OBS00691;OBS00692;OBS00693;OBS00696;OBS00697;OBS00702;OBS00703,0,0,14,9,CELL::CCU|DEL|2026-09-07|Economy Flexi|T1(0-2)::ROUND::2026-09-05T14:30::FLT::AI|AI-701|09:45;CELL::CCU|DEL|2026-09-13|Economy Flexi|T7(5-9)::ROUND::2026-09-05T14:30::FLT::6E|6E-6120|14:00;CELL::CCU|DEL|2026-09-13|Economy Flexi|T7(5-9)::ROUND::2026-09-05T14:30::FLT::AI|AI-701|09:45;CELL::CCU|DEL|2026-09-13|Economy Flexi|T7(5-9)::ROUND::2026-09-05T14:30::FLT::SG|SG-988|19:30;CELL::CCU|DEL|2026-10-06|Economy Flexi|T30(25-35)::ROUND::2026-09-05T14:30::FLT::6E|6E-6120|14:00;CELL::CCU|DEL|2026-10-06|Economy Flexi|T30(25-35)::ROUND::2026-09-05T14:30::FLT::AI|AI-701|09:45;CELL::CCU|DEL|2026-10-22|Economy Flexi|T45(40-50)::ROUND::2026-09-05T14:30::FLT::6E|6E-6120|14:00;CELL::CCU|DEL|2026-10-22|Economy Flexi|T45(40-50)::ROUND::2026-09-05T14:30::FLT::AI|AI-701|09:45;CELL::CCU|DEL|2026-10-22|Economy Flexi|T45(40-50)::ROUND::2026-09-05T14:30::FLT::SG|SG-988|19:30,2026-09-07;2026-09-13;2026-10-06;2026-10-22,4,T1(0-2);T30(25-35);T45(40-50);T7(5-9),4,CELL::CCU|DEL|2026-09-07|Economy Flexi|T1(0-2)::ROUND::2026-09-05T14:30;CELL::CCU|DEL|2026-09-13|Economy Flexi|T7(5-9)::ROUND::2026-09-05T14:30;CELL::CCU|DEL|2026-10-06|Economy Flexi|T30(25-35)::ROUND::2026-09-05T14:30;CELL::CCU|DEL|2026-10-22|Economy Flexi|T45(40-50)::ROUND::2026-09-05T14:30,MIDPOINT_MEDIAN,phase10-v1
RCLASS::CCU-DEL|Economy Flexi|ROUND::2026-09-05T20:15,CCU-DEL,Economy Flexi,ROUND::2026-09-05T20:15,2026-09-05 20:15,ANCHORED,5,RSERIES::CCU-DEL|Economy Flexi|T1(0-2)|2026-09-07|ROUND::2026-09-05T20:15;RSERIES::CCU-DEL|Economy Flexi|T15(12-18)|2026-09-21|ROUND::2026-09-05T20:15;RSERIES::CCU-DEL|Economy Flexi|T30(25-35)|2026-10-06|ROUND::2026-09-05T20:15;RSERIES::CCU-DEL|Economy Flexi|T45(40-50)|2026-10-22|ROUND::2026-09-05T20:15;RSERIES::CCU-DEL|Economy Flexi|T7(5-9)|2026-09-13|ROUND::2026-09-05T20:15,CCU,DEL,CCU-DEL,EXACT_KEY_MATCH,scripts/build_vayu_route_basket.py::make_route_id,True,IN_BASKET,BASKET_SCOPED,6,0.065754,True,OBSERVED,PRICED,8719.25,8024.50,11929.50,0.486635,5,5,0,0,0,0,0,5,NONE,,5,R05;R06,False,0,COHERENT_MARKET_MOVEMENT;ISOLATED_DEVIATION,16,16,OBS01186;OBS01187;OBS01189;OBS01190;OBS01195;OBS01197;OBS01198;OBS01199;OBS01201;OBS01202;OBS01203;OBS01204;OBS01211;OBS01212;OBS01213;OBS01214,0,0,16,9,CELL::CCU|DEL|2026-09-07|Economy Flexi|T1(0-2)::ROUND::2026-09-05T20:15::FLT::AI|AI-701|09:45;CELL::CCU|DEL|2026-09-13|Economy Flexi|T7(5-9)::ROUND::2026-09-05T20:15::FLT::6E|6E-6120|14:00;CELL::CCU|DEL|2026-09-13|Economy Flexi|T7(5-9)::ROUND::2026-09-05T20:15::FLT::AI|AI-701|09:45;CELL::CCU|DEL|2026-09-21|Economy Flexi|T15(12-18)::ROUND::2026-09-05T20:15::FLT::6E|6E-6120|14:00;CELL::CCU|DEL|2026-09-21|Economy Flexi|T15(12-18)::ROUND::2026-09-05T20:15::FLT::SG|SG-988|19:30;CELL::CCU|DEL|2026-10-06|Economy Flexi|T30(25-35)::ROUND::2026-09-05T20:15::FLT::AI|AI-701|09:45;CELL::CCU|DEL|2026-10-06|Economy Flexi|T30(25-35)::ROUND::2026-09-05T20:15::FLT::SG|SG-988|19:30;CELL::CCU|DEL|2026-10-22|Economy Flexi|T45(40-50)::ROUND::2026-09-05T20:15::FLT::6E|6E-6120|14:00;CELL::CCU|DEL|2026-10-22|Economy Flexi|T45(40-50)::ROUND::2026-09-05T20:15::FLT::AI|AI-701|09:45,2026-09-07;2026-09-13;2026-09-21;2026-10-06;2026-10-22,5,T1(0-2);T15(12-18);T30(25-35);T45(40-50);T7(5-9),5,CELL::CCU|DEL|2026-09-07|Economy Flexi|T1(0-2)::ROUND::2026-09-05T20:15;CELL::CCU|DEL|2026-09-13|Economy Flexi|T7(5-9)::ROUND::2026-09-05T20:15;CELL::CCU|DEL|2026-09-21|Economy Flexi|T15(12-18)::ROUND::2026-09-05T20:15;CELL::CCU|DEL|2026-10-06|Economy Flexi|T30(25-35)::ROUND::2026-09-05T20:15;CELL::CCU|DEL|2026-10-22|Economy Flexi|T45(40-50)::ROUND::2026-09-05T20:15,MIDPOINT_MEDIAN,phase10-v1
RCLASS::CCU-DEL|Economy Flexi|ROUND::2026-09-06T09:00,CCU-DEL,Economy Flexi,ROUND::2026-09-06T09:00,2026-09-06 09:00,ANCHORED,5,RSERIES::CCU-DEL|Economy Flexi|T1(0-2)|2026-09-07|ROUND::2026-09-06T09:00;RSERIES::CCU-DEL|Economy Flexi|T15(12-18)|2026-09-21|ROUND::2026-09-06T09:00;RSERIES::CCU-DEL|Economy Flexi|T30(25-35)|2026-10-06|ROUND::2026-09-06T09:00;RSERIES::CCU-DEL|Economy Flexi|T45(40-50)|2026-10-22|ROUND::2026-09-06T09:00;RSERIES::CCU-DEL|Economy Flexi|T7(5-9)|2026-09-13|ROUND::2026-09-06T09:00,CCU,DEL,CCU-DEL,EXACT_KEY_MATCH,scripts/build_vayu_route_basket.py::make_route_id,True,IN_BASKET,BASKET_SCOPED,6,0.065754,True,OBSERVED,PRICED,8998.00,7942.25,11870.25,0.494570,5,5,0,0,0,0,0,5,NONE,,5,R05;R06,False,0,COHERENT_MARKET_MOVEMENT;ISOLATED_DEVIATION,14,14,OBS01705;OBS01706;OBS01709;OBS01710;OBS01711;OBS01713;OBS01717;OBS01719;OBS01720;OBS01727;OBS01728;OBS01731;OBS01733;OBS01734,0,0,14,9,CELL::CCU|DEL|2026-09-07|Economy Flexi|T1(0-2)::ROUND::2026-09-06T09:00::FLT::AI|AI-701|09:45;CELL::CCU|DEL|2026-09-07|Economy Flexi|T1(0-2)::ROUND::2026-09-06T09:00::FLT::SG|SG-988|19:30;CELL::CCU|DEL|2026-09-13|Economy Flexi|T7(5-9)::ROUND::2026-09-06T09:00::FLT::6E|6E-6120|14:00;CELL::CCU|DEL|2026-09-13|Economy Flexi|T7(5-9)::ROUND::2026-09-06T09:00::FLT::AI|AI-701|09:45;CELL::CCU|DEL|2026-09-21|Economy Flexi|T15(12-18)::ROUND::2026-09-06T09:00::FLT::AI|AI-701|09:45;CELL::CCU|DEL|2026-10-06|Economy Flexi|T30(25-35)::ROUND::2026-09-06T09:00::FLT::6E|6E-6120|14:00;CELL::CCU|DEL|2026-10-06|Economy Flexi|T30(25-35)::ROUND::2026-09-06T09:00::FLT::SG|SG-988|19:30;CELL::CCU|DEL|2026-10-22|Economy Flexi|T45(40-50)::ROUND::2026-09-06T09:00::FLT::6E|6E-6120|14:00;CELL::CCU|DEL|2026-10-22|Economy Flexi|T45(40-50)::ROUND::2026-09-06T09:00::FLT::SG|SG-988|19:30,2026-09-07;2026-09-13;2026-09-21;2026-10-06;2026-10-22,5,T1(0-2);T15(12-18);T30(25-35);T45(40-50);T7(5-9),5,CELL::CCU|DEL|2026-09-07|Economy Flexi|T1(0-2)::ROUND::2026-09-06T09:00;CELL::CCU|DEL|2026-09-13|Economy Flexi|T7(5-9)::ROUND::2026-09-06T09:00;CELL::CCU|DEL|2026-09-21|Economy Flexi|T15(12-18)::ROUND::2026-09-06T09:00;CELL::CCU|DEL|2026-10-06|Economy Flexi|T30(25-35)::ROUND::2026-09-06T09:00;CELL::CCU|DEL|2026-10-22|Economy Flexi|T45(40-50)::ROUND::2026-09-06T09:00,MIDPOINT_MEDIAN,phase10-v1
RCLASS::CCU-DEL|Economy Flexi|ROUND::2026-09-06T14:30,CCU-DEL,Economy Flexi,ROUND::2026-09-06T14:30,2026-09-06 14:30,ANCHORED,5,RSERIES::CCU-DEL|Economy Flexi|T1(0-2)|2026-09-07|ROUND::2026-09-06T14:30;RSERIES::CCU-DEL|Economy Flexi|T15(12-18)|2026-09-21|ROUND::2026-09-06T14:30;RSERIES::CCU-DEL|Economy Flexi|T30(25-35)|2026-10-06|ROUND::2026-09-06T14:30;RSERIES::CCU-DEL|Economy Flexi|T45(40-50)|2026-10-22|ROUND::2026-09-06T14:30;RSERIES::CCU-DEL|Economy Flexi|T7(5-9)|2026-09-13|ROUND::2026-09-06T14:30,CCU,DEL,CCU-DEL,EXACT_KEY_MATCH,scripts/build_vayu_route_basket.py::make_route_id,True,IN_BASKET,BASKET_SCOPED,6,0.065754,True,OBSERVED,PRICED,9255.75,7990.50,11806.00,0.477505,5,5,0,0,0,0,2,3,INFO,R09,2,R06,False,0,COHERENT_MARKET_MOVEMENT;ISOLATED_DEVIATION,12,12,OBS02206;OBS02211;OBS02214;OBS02215;OBS02222;OBS02223;OBS02228;OBS02229;OBS02236;OBS02237;OBS02241;OBS02242,0,0,12,7,CELL::CCU|DEL|2026-09-07|Economy Flexi|T1(0-2)::ROUND::2026-09-06T14:30::FLT::6E|6E-6120|14:00;CELL::CCU|DEL|2026-09-13|Economy Flexi|T7(5-9)::ROUND::2026-09-06T14:30::FLT::6E|6E-6120|14:00;CELL::CCU|DEL|2026-09-21|Economy Flexi|T15(12-18)::ROUND::2026-09-06T14:30::FLT::AI|AI-701|09:45;CELL::CCU|DEL|2026-09-21|Economy Flexi|T15(12-18)::ROUND::2026-09-06T14:30::FLT::SG|SG-988|19:30;CELL::CCU|DEL|2026-10-06|Economy Flexi|T30(25-35)::ROUND::2026-09-06T14:30::FLT::6E|6E-6120|14:00;CELL::CCU|DEL|2026-10-06|Economy Flexi|T30(25-35)::ROUND::2026-09-06T14:30::FLT::AI|AI-701|09:45;CELL::CCU|DEL|2026-10-22|Economy Flexi|T45(40-50)::ROUND::2026-09-06T14:30::FLT::SG|SG-988|19:30,2026-09-07;2026-09-13;2026-09-21;2026-10-06;2026-10-22,5,T1(0-2);T15(12-18);T30(25-35);T45(40-50);T7(5-9),5,CELL::CCU|DEL|2026-09-07|Economy Flexi|T1(0-2)::ROUND::2026-09-06T14:30;CELL::CCU|DEL|2026-09-13|Economy Flexi|T7(5-9)::ROUND::2026-09-06T14:30;CELL::CCU|DEL|2026-09-21|Economy Flexi|T15(12-18)::ROUND::2026-09-06T14:30;CELL::CCU|DEL|2026-10-06|Economy Flexi|T30(25-35)::ROUND::2026-09-06T14:30;CELL::CCU|DEL|2026-10-22|Economy Flexi|T45(40-50)::ROUND::2026-09-06T14:30,MIDPOINT_MEDIAN,phase10-v1
RCLASS::CCU-DEL|Economy Flexi|ROUND::2026-09-06T20:15,CCU-DEL,Economy Flexi,ROUND::2026-09-06T20:15,2026-09-06 20:15,ANCHORED,5,RSERIES::CCU-DEL|Economy Flexi|T1(0-2)|2026-09-07|ROUND::2026-09-06T20:15;RSERIES::CCU-DEL|Economy Flexi|T15(12-18)|2026-09-21|ROUND::2026-09-06T20:15;RSERIES::CCU-DEL|Economy Flexi|T30(25-35)|2026-10-06|ROUND::2026-09-06T20:15;RSERIES::CCU-DEL|Economy Flexi|T45(40-50)|2026-10-22|ROUND::2026-09-06T20:15;RSERIES::CCU-DEL|Economy Flexi|T7(5-9)|2026-09-13|ROUND::2026-09-06T20:15,CCU,DEL,CCU-DEL,EXACT_KEY_MATCH,scripts/build_vayu_route_basket.py::make_route_id,True,IN_BASKET,BASKET_SCOPED,6,0.065754,True,OBSERVED,PRICED,9136.00,7879.00,12177.00,0.545501,5,5,0,0,0,0,3,2,INFO,R09,0,,False,0,COHERENT_MARKET_MOVEMENT;ISOLATED_DEVIATION,9,9,OBS02710;OBS02711;OBS02715;OBS02718;OBS02720;OBS02721;OBS02730;OBS02731;OBS02737,0,0,9,7,CELL::CCU|DEL|2026-09-07|Economy Flexi|T1(0-2)::ROUND::2026-09-06T20:15::FLT::6E|6E-6120|14:00;CELL::CCU|DEL|2026-09-13|Economy Flexi|T7(5-9)::ROUND::2026-09-06T20:15::FLT::6E|6E-6120|14:00;CELL::CCU|DEL|2026-09-13|Economy Flexi|T7(5-9)::ROUND::2026-09-06T20:15::FLT::AI|AI-701|09:45;CELL::CCU|DEL|2026-09-21|Economy Flexi|T15(12-18)::ROUND::2026-09-06T20:15::FLT::6E|6E-6120|14:00;CELL::CCU|DEL|2026-10-06|Economy Flexi|T30(25-35)::ROUND::2026-09-06T20:15::FLT::SG|SG-988|19:30;CELL::CCU|DEL|2026-10-22|Economy Flexi|T45(40-50)::ROUND::2026-09-06T20:15::FLT::6E|6E-6120|14:00;CELL::CCU|DEL|2026-10-22|Economy Flexi|T45(40-50)::ROUND::2026-09-06T20:15::FLT::AI|AI-701|09:45,2026-09-07;2026-09-13;2026-09-21;2026-10-06;2026-10-22,5,T1(0-2);T15(12-18);T30(25-35);T45(40-50);T7(5-9),5,CELL::CCU|DEL|2026-09-07|Economy Flexi|T1(0-2)::ROUND::2026-09-06T20:15;CELL::CCU|DEL|2026-09-13|Economy Flexi|T7(5-9)::ROUND::2026-09-06T20:15;CELL::CCU|DEL|2026-09-21|Economy Flexi|T15(12-18)::ROUND::2026-09-06T20:15;CELL::CCU|DEL|2026-10-06|Economy Flexi|T30(25-35)::ROUND::2026-09-06T20:15;CELL::CCU|DEL|2026-10-22|Economy Flexi|T45(40-50)::ROUND::2026-09-06T20:15,MIDPOINT_MEDIAN,phase10-v1
RCLASS::CCU-DEL|Economy Saver|ROUND::2026-09-05T09:00,CCU-DEL,Economy Saver,ROUND::2026-09-05T09:00,2026-09-05 09:00,ANCHORED,5,RSERIES::CCU-DEL|Economy Saver|T1(0-2)|2026-09-07|ROUND::2026-09-05T09:00;RSERIES::CCU-DEL|Economy Saver|T15(12-18)|2026-09-21|ROUND::2026-09-05T09:00;RSERIES::CCU-DEL|Economy Saver|T30(25-35)|2026-10-06|ROUND::2026-09-05T09:00;RSERIES::CCU-DEL|Economy Saver|T45(40-50)|2026-10-22|ROUND::2026-09-05T09:00;RSERIES::CCU-DEL|Economy Saver|T7(5-9)|2026-09-13|ROUND::2026-09-05T09:00,CCU,DEL,CCU-DEL,EXACT_KEY_MATCH,scripts/build_vayu_route_basket.py::make_route_id,True,IN_BASKET,BASKET_SCOPED,6,0.065754,True,OBSERVED,PRICED,5627.75,5145.50,7610.25,0.479011,5,5,0,0,0,0,0,5,NONE,,5,R05;R06,False,0,COHERENT_MARKET_MOVEMENT;ISOLATED_DEVIATION,15,15,OBS00169;OBS00174;OBS00175;OBS00176;OBS00177;OBS00179;OBS00180;OBS00183;OBS00184;OBS00188;OBS00189;OBS00198;OBS00199;OBS00204;OBS00205,0,0,15,8,CELL::CCU|DEL|2026-09-07|Economy Saver|T1(0-2)::ROUND::2026-09-05T09:00::FLT::6E|6E-6120|14:00;CELL::CCU|DEL|2026-09-07|Economy Saver|T1(0-2)::ROUND::2026-09-05T09:00::FLT::AI|AI-701|09:45;CELL::CCU|DEL|2026-09-13|Economy Saver|T7(5-9)::ROUND::2026-09-05T09:00::FLT::6E|6E-6120|14:00;CELL::CCU|DEL|2026-09-21|Economy Saver|T15(12-18)::ROUND::2026-09-05T09:00::FLT::6E|6E-6120|14:00;CELL::CCU|DEL|2026-09-21|Economy Saver|T15(12-18)::ROUND::2026-09-05T09:00::FLT::SG|SG-988|19:30;CELL::CCU|DEL|2026-10-06|Economy Saver|T30(25-35)::ROUND::2026-09-05T09:00::FLT::6E|6E-6120|14:00;CELL::CCU|DEL|2026-10-06|Economy Saver|T30(25-35)::ROUND::2026-09-05T09:00::FLT::AI|AI-701|09:45;CELL::CCU|DEL|2026-10-22|Economy Saver|T45(40-50)::ROUND::2026-09-05T09:00::FLT::SG|SG-988|19:30,2026-09-07;2026-09-13;2026-09-21;2026-10-06;2026-10-22,5,T1(0-2);T15(12-18);T30(25-35);T45(40-50);T7(5-9),5,CELL::CCU|DEL|2026-09-07|Economy Saver|T1(0-2)::ROUND::2026-09-05T09:00;CELL::CCU|DEL|2026-09-13|Economy Saver|T7(5-9)::ROUND::2026-09-05T09:00;CELL::CCU|DEL|2026-09-21|Economy Saver|T15(12-18)::ROUND::2026-09-05T09:00;CELL::CCU|DEL|2026-10-06|Economy Saver|T30(25-35)::ROUND::2026-09-05T09:00;CELL::CCU|DEL|2026-10-22|Economy Saver|T45(40-50)::ROUND::2026-09-05T09:00,MIDPOINT_MEDIAN,phase10-v1
RCLASS::CCU-DEL|Economy Saver|ROUND::2026-09-05T14:30,CCU-DEL,Economy Saver,ROUND::2026-09-05T14:30,2026-09-05 14:30,ANCHORED,3,RSERIES::CCU-DEL|Economy Saver|T1(0-2)|2026-09-07|ROUND::2026-09-05T14:30;RSERIES::CCU-DEL|Economy Saver|T15(12-18)|2026-09-21|ROUND::2026-09-05T14:30;RSERIES::CCU-DEL|Economy Saver|T30(25-35)|2026-10-06|ROUND::2026-09-05T14:30,CCU,DEL,CCU-DEL,EXACT_KEY_MATCH,scripts/build_vayu_route_basket.py::make_route_id,True,IN_BASKET,BASKET_SCOPED,6,0.065754,True,OBSERVED,PRICED,5511.00,5172.25,7171.00,0.386437,3,3,0,0,0,0,0,3,NONE,,3,R05;R06,False,0,COHERENT_MARKET_MOVEMENT;ISOLATED_DEVIATION,9,9,OBS00671;OBS00672;OBS00675;OBS00676;OBS00680;OBS00681;OBS00684;OBS00695;OBS00700,0,0,9,6,CELL::CCU|DEL|2026-09-07|Economy Saver|T1(0-2)::ROUND::2026-09-05T14:30::FLT::6E|6E-6120|14:00;CELL::CCU|DEL|2026-09-07|Economy Saver|T1(0-2)::ROUND::2026-09-05T14:30::FLT::AI|AI-701|09:45;CELL::CCU|DEL|2026-09-07|Economy Saver|T1(0-2)::ROUND::2026-09-05T14:30::FLT::SG|SG-988|19:30;CELL::CCU|DEL|2026-09-21|Economy Saver|T15(12-18)::ROUND::2026-09-05T14:30::FLT::6E|6E-6120|14:00;CELL::CCU|DEL|2026-10-06|Economy Saver|T30(25-35)::ROUND::2026-09-05T14:30::FLT::6E|6E-6120|14:00;CELL::CCU|DEL|2026-10-06|Economy Saver|T30(25-35)::ROUND::2026-09-05T14:30::FLT::SG|SG-988|19:30,2026-09-07;2026-09-21;2026-10-06,3,T1(0-2);T15(12-18);T30(25-35),3,CELL::CCU|DEL|2026-09-07|Economy Saver|T1(0-2)::ROUND::2026-09-05T14:30;CELL::CCU|DEL|2026-09-21|Economy Saver|T15(12-18)::ROUND::2026-09-05T14:30;CELL::CCU|DEL|2026-10-06|Economy Saver|T30(25-35)::ROUND::2026-09-05T14:30,MIDPOINT_MEDIAN,phase10-v1
RCLASS::CCU-DEL|Economy Saver|ROUND::2026-09-05T20:15,CCU-DEL,Economy Saver,ROUND::2026-09-05T20:15,2026-09-05 20:15,ANCHORED,4,RSERIES::CCU-DEL|Economy Saver|T1(0-2)|2026-09-07|ROUND::2026-09-05T20:15;RSERIES::CCU-DEL|Economy Saver|T30(25-35)|2026-10-06|ROUND::2026-09-05T20:15;RSERIES::CCU-DEL|Economy Saver|T45(40-50)|2026-10-22|ROUND::2026-09-05T20:15;RSERIES::CCU-DEL|Economy Saver|T7(5-9)|2026-09-13|ROUND::2026-09-05T20:15,CCU,DEL,CCU-DEL,EXACT_KEY_MATCH,scripts/build_vayu_route_basket.py::make_route_id,True,IN_BASKET,BASKET_SCOPED,6,0.065754,True,OBSERVED,PRICED,6013.13,5187.50,7007.00,0.350747,4,4,0,0,0,0,1,3,INFO,R09,4,R05;R06,False,0,COHERENT_MARKET_MOVEMENT;ISOLATED_DEVIATION,8,8,OBS01188;OBS01191;OBS01192;OBS01206;OBS01208;OBS01209;OBS01216;OBS01217,0,0,8,5,CELL::CCU|DEL|2026-09-07|Economy Saver|T1(0-2)::ROUND::2026-09-05T20:15::FLT::SG|SG-988|19:30;CELL::CCU|DEL|2026-09-13|Economy Saver|T7(5-9)::ROUND::2026-09-05T20:15::FLT::6E|6E-6120|14:00;CELL::CCU|DEL|2026-09-13|Economy Saver|T7(5-9)::ROUND::2026-09-05T20:15::FLT::SG|SG-988|19:30;CELL::CCU|DEL|2026-10-06|Economy Saver|T30(25-35)::ROUND::2026-09-05T20:15::FLT::6E|6E-6120|14:00;CELL::CCU|DEL|2026-10-22|Economy Saver|T45(40-50)::ROUND::2026-09-05T20:15::FLT::SG|SG-988|19:30,2026-09-07;2026-09-13;2026-10-06;2026-10-22,4,T1(0-2);T30(25-35);T45(40-50);T7(5-9),4,CELL::CCU|DEL|2026-09-07|Economy Saver|T1(0-2)::ROUND::2026-09-05T20:15;CELL::CCU|DEL|2026-09-13|Economy Saver|T7(5-9)::ROUND::2026-09-05T20:15;CELL::CCU|DEL|2026-10-06|Economy Saver|T30(25-35)::ROUND::2026-09-05T20:15;CELL::CCU|DEL|2026-10-22|Economy Saver|T45(40-50)::ROUND::2026-09-05T20:15,MIDPOINT_MEDIAN,phase10-v1
RCLASS::CCU-DEL|Economy Saver|ROUND::2026-09-06T09:00,CCU-DEL,Economy Saver,ROUND::2026-09-06T09:00,2026-09-06 09:00,ANCHORED,4,RSERIES::CCU-DEL|Economy Saver|T1(0-2)|2026-09-07|ROUND::2026-09-06T09:00;RSERIES::CCU-DEL|Economy Saver|T30(25-35)|2026-10-06|ROUND::2026-09-06T09:00;RSERIES::CCU-DEL|Economy Saver|T45(40-50)|2026-10-22|ROUND::2026-09-06T09:00;RSERIES::CCU-DEL|Economy Saver|T7(5-9)|2026-09-13|ROUND::2026-09-06T09:00,CCU,DEL,CCU-DEL,EXACT_KEY_MATCH,scripts/build_vayu_route_basket.py::make_route_id,True,IN_BASKET,BASKET_SCOPED,6,0.065754,True,OBSERVED,PRICED,5980.75,5142.00,7496.50,0.457896,4,4,0,0,0,0,0,4,NONE,,4,R05;R06,False,0,COHERENT_MARKET_MOVEMENT;ISOLATED_DEVIATION,10,10,OBS01704;OBS01708;OBS01712;OBS01715;OBS01716;OBS01721;OBS01722;OBS01723;OBS01725;OBS01726,0,0,10,7,CELL::CCU|DEL|2026-09-07|Economy Saver|T1(0-2)::ROUND::2026-09-06T09:00::FLT::SG|SG-988|19:30;CELL::CCU|DEL|2026-09-13|Economy Saver|T7(5-9)::ROUND::2026-09-06T09:00::FLT::6E|6E-6120|14:00;CELL::CCU|DEL|2026-09-13|Economy Saver|T7(5-9)::ROUND::2026-09-06T09:00::FLT::AI|AI-701|09:45;CELL::CCU|DEL|2026-10-06|Economy Saver|T30(25-35)::ROUND::2026-09-06T09:00::FLT::6E|6E-6120|14:00;CELL::CCU|DEL|2026-10-06|Economy Saver|T30(25-35)::ROUND::2026-09-06T09:00::FLT::AI|AI-701|09:45;CELL::CCU|DEL|2026-10-22|Economy Saver|T45(40-50)::ROUND::2026-09-06T09:00::FLT::6E|6E-6120|14:00;CELL::CCU|DEL|2026-10-22|Economy Saver|T45(40-50)::ROUND::2026-09-06T09:00::FLT::AI|AI-701|09:45,2026-09-07;2026-09-13;2026-10-06;2026-10-22,4,T1(0-2);T30(25-35);T45(40-50);T7(5-9),4,CELL::CCU|DEL|2026-09-07|Economy Saver|T1(0-2)::ROUND::2026-09-06T09:00;CELL::CCU|DEL|2026-09-13|Economy Saver|T7(5-9)::ROUND::2026-09-06T09:00;CELL::CCU|DEL|2026-10-06|Economy Saver|T30(25-35)::ROUND::2026-09-06T09:00;CELL::CCU|DEL|2026-10-22|Economy Saver|T45(40-50)::ROUND::2026-09-06T09:00,MIDPOINT_MEDIAN,phase10-v1
RCLASS::CCU-DEL|Economy Saver|ROUND::2026-09-06T14:30,CCU-DEL,Economy Saver,ROUND::2026-09-06T14:30,2026-09-06 14:30,ANCHORED,5,RSERIES::CCU-DEL|Economy Saver|T1(0-2)|2026-09-07|ROUND::2026-09-06T14:30;RSERIES::CCU-DEL|Economy Saver|T15(12-18)|2026-09-21|ROUND::2026-09-06T14:30;RSERIES::CCU-DEL|Economy Saver|T30(25-35)|2026-10-06|ROUND::2026-09-06T14:30;RSERIES::CCU-DEL|Economy Saver|T45(40-50)|2026-10-22|ROUND::2026-09-06T14:30;RSERIES::CCU-DEL|Economy Saver|T7(5-9)|2026-09-13|ROUND::2026-09-06T14:30,CCU,DEL,CCU-DEL,EXACT_KEY_MATCH,scripts/build_vayu_route_basket.py::make_route_id,True,IN_BASKET,BASKET_SCOPED,6,0.065754,True,OBSERVED,PRICED,5871.50,5048.00,7284.25,0.442997,5,5,0,0,0,0,0,5,NONE,,3,R05;R06,False,0,COHERENT_MARKET_MOVEMENT;ISOLATED_DEVIATION,16,16,OBS02207;OBS02208;OBS02209;OBS02210;OBS02213;OBS02218;OBS02224;OBS02225;OBS02231;OBS02232;OBS02234;OBS02235;OBS02238;OBS02239;OBS02243;OBS02244,0,0,16,9,CELL::CCU|DEL|2026-09-07|Economy Saver|T1(0-2)::ROUND::2026-09-06T14:30::FLT::6E|6E-6120|14:00;CELL::CCU|DEL|2026-09-07|Economy Saver|T1(0-2)::ROUND::2026-09-06T14:30::FLT::SG|SG-988|19:30;CELL::CCU|DEL|2026-09-13|Economy Saver|T7(5-9)::ROUND::2026-09-06T14:30::FLT::6E|6E-6120|14:00;CELL::CCU|DEL|2026-09-13|Economy Saver|T7(5-9)::ROUND::2026-09-06T14:30::FLT::SG|SG-988|19:30;CELL::CCU|DEL|2026-09-21|Economy Saver|T15(12-18)::ROUND::2026-09-06T14:30::FLT::AI|AI-701|09:45;CELL::CCU|DEL|2026-10-06|Economy Saver|T30(25-35)::ROUND::2026-09-06T14:30::FLT::6E|6E-6120|14:00;CELL::CCU|DEL|2026-10-06|Economy Saver|T30(25-35)::ROUND::2026-09-06T14:30::FLT::SG|SG-988|19:30;CELL::CCU|DEL|2026-10-22|Economy Saver|T45(40-50)::ROUND::2026-09-06T14:30::FLT::6E|6E-6120|14:00;CELL::CCU|DEL|2026-10-22|Economy Saver|T45(40-50)::ROUND::2026-09-06T14:30::FLT::SG|SG-988|19:30,2026-09-07;2026-09-13;2026-09-21;2026-10-06;2026-10-22,5,T1(0-2);T15(12-18);T30(25-35);T45(40-50);T7(5-9),5,CELL::CCU|DEL|2026-09-07|Economy Saver|T1(0-2)::ROUND::2026-09-06T14:30;CELL::CCU|DEL|2026-09-13|Economy Saver|T7(5-9)::ROUND::2026-09-06T14:30;CELL::CCU|DEL|2026-09-21|Economy Saver|T15(12-18)::ROUND::2026-09-06T14:30;CELL::CCU|DEL|2026-10-06|Economy Saver|T30(25-35)::ROUND::2026-09-06T14:30;CELL::CCU|DEL|2026-10-22|Economy Saver|T45(40-50)::ROUND::2026-09-06T14:30,MIDPOINT_MEDIAN,phase10-v1
RCLASS::CCU-DEL|Economy Saver|ROUND::2026-09-06T20:15,CCU-DEL,Economy Saver,ROUND::2026-09-06T20:15,2026-09-06 20:15,ANCHORED,4,RSERIES::CCU-DEL|Economy Saver|T1(0-2)|2026-09-07|ROUND::2026-09-06T20:15;RSERIES::CCU-DEL|Economy Saver|T15(12-18)|2026-09-21|ROUND::2026-09-06T20:15;RSERIES::CCU-DEL|Economy Saver|T30(25-35)|2026-10-06|ROUND::2026-09-06T20:15;RSERIES::CCU-DEL|Economy Saver|T7(5-9)|2026-09-13|ROUND::2026-09-06T20:15,CCU,DEL,CCU-DEL,EXACT_KEY_MATCH,scripts/build_vayu_route_basket.py::make_route_id,True,IN_BASKET,BASKET_SCOPED,6,0.065754,True,OBSERVED,PRICED,6379.75,5192.00,7513.50,0.447130,4,4,0,0,0,0,0,4,NONE,,1,R06,False,0,COHERENT_MARKET_MOVEMENT;ISOLATED_DEVIATION,10,10,OBS02712;OBS02719;OBS02724;OBS02725;OBS02728;OBS02729;OBS02732;OBS02733;OBS02734;OBS02736,0,0,10,7,CELL::CCU|DEL|2026-09-07|Economy Saver|T1(0-2)::ROUND::2026-09-06T20:15::FLT::AI|AI-701|09:45;CELL::CCU|DEL|2026-09-07|Economy Saver|T1(0-2)::ROUND::2026-09-06T20:15::FLT::SG|SG-988|19:30;CELL::CCU|DEL|2026-09-13|Economy Saver|T7(5-9)::ROUND::2026-09-06T20:15::FLT::6E|6E-6120|14:00;CELL::CCU|DEL|2026-09-13|Economy Saver|T7(5-9)::ROUND::2026-09-06T20:15::FLT::SG|SG-988|19:30;CELL::CCU|DEL|2026-09-21|Economy Saver|T15(12-18)::ROUND::2026-09-06T20:15::FLT::AI|AI-701|09:45;CELL::CCU|DEL|2026-09-21|Economy Saver|T15(12-18)::ROUND::2026-09-06T20:15::FLT::SG|SG-988|19:30;CELL::CCU|DEL|2026-10-06|Economy Saver|T30(25-35)::ROUND::2026-09-06T20:15::FLT::AI|AI-701|09:45,2026-09-07;2026-09-13;2026-09-21;2026-10-06,4,T1(0-2);T15(12-18);T30(25-35);T7(5-9),4,CELL::CCU|DEL|2026-09-07|Economy Saver|T1(0-2)::ROUND::2026-09-06T20:15;CELL::CCU|DEL|2026-09-13|Economy Saver|T7(5-9)::ROUND::2026-09-06T20:15;CELL::CCU|DEL|2026-09-21|Economy Saver|T15(12-18)::ROUND::2026-09-06T20:15;CELL::CCU|DEL|2026-10-06|Economy Saver|T30(25-35)::ROUND::2026-09-06T20:15,MIDPOINT_MEDIAN,phase10-v1
RCLASS::CCU-DEL|Economy Standard|ROUND::2026-09-05T09:00,CCU-DEL,Economy Standard,ROUND::2026-09-05T09:00,2026-09-05 09:00,ANCHORED,5,RSERIES::CCU-DEL|Economy Standard|T1(0-2)|2026-09-07|ROUND::2026-09-05T09:00;RSERIES::CCU-DEL|Economy Standard|T15(12-18)|2026-09-21|ROUND::2026-09-05T09:00;RSERIES::CCU-DEL|Economy Standard|T30(25-35)|2026-10-06|ROUND::2026-09-05T09:00;RSERIES::CCU-DEL|Economy Standard|T45(40-50)|2026-10-22|ROUND::2026-09-05T09:00;RSERIES::CCU-DEL|Economy Standard|T7(5-9)|2026-09-13|ROUND::2026-09-05T09:00,CCU,DEL,CCU-DEL,EXACT_KEY_MATCH,scripts/build_vayu_route_basket.py::make_route_id,True,IN_BASKET,BASKET_SCOPED,6,0.065754,True,OBSERVED,PRICED,7356.00,6615.00,9510.00,0.437642,5,5,0,0,0,0,0,5,NONE,,5,R05;R06,False,0,COHERENT_MARKET_MOVEMENT;ISOLATED_DEVIATION,11,11,OBS00178;OBS00181;OBS00182;OBS00185;OBS00187;OBS00190;OBS00191;OBS00192;OBS00193;OBS00196;OBS00197,0,0,11,9,CELL::CCU|DEL|2026-09-07|Economy Standard|T1(0-2)::ROUND::2026-09-05T09:00::FLT::SG|SG-988|19:30;CELL::CCU|DEL|2026-09-13|Economy Standard|T7(5-9)::ROUND::2026-09-05T09:00::FLT::AI|AI-701|09:45;CELL::CCU|DEL|2026-09-13|Economy Standard|T7(5-9)::ROUND::2026-09-05T09:00::FLT::SG|SG-988|19:30;CELL::CCU|DEL|2026-09-21|Economy Standard|T15(12-18)::ROUND::2026-09-05T09:00::FLT::6E|6E-6120|14:00;CELL::CCU|DEL|2026-09-21|Economy Standard|T15(12-18)::ROUND::2026-09-05T09:00::FLT::AI|AI-701|09:45;CELL::CCU|DEL|2026-10-06|Economy Standard|T30(25-35)::ROUND::2026-09-05T09:00::FLT::6E|6E-6120|14:00;CELL::CCU|DEL|2026-10-06|Economy Standard|T30(25-35)::ROUND::2026-09-05T09:00::FLT::AI|AI-701|09:45;CELL::CCU|DEL|2026-10-22|Economy Standard|T45(40-50)::ROUND::2026-09-05T09:00::FLT::6E|6E-6120|14:00;CELL::CCU|DEL|2026-10-22|Economy Standard|T45(40-50)::ROUND::2026-09-05T09:00::FLT::AI|AI-701|09:45,2026-09-07;2026-09-13;2026-09-21;2026-10-06;2026-10-22,5,T1(0-2);T15(12-18);T30(25-35);T45(40-50);T7(5-9),5,CELL::CCU|DEL|2026-09-07|Economy Standard|T1(0-2)::ROUND::2026-09-05T09:00;CELL::CCU|DEL|2026-09-13|Economy Standard|T7(5-9)::ROUND::2026-09-05T09:00;CELL::CCU|DEL|2026-09-21|Economy Standard|T15(12-18)::ROUND::2026-09-05T09:00;CELL::CCU|DEL|2026-10-06|Economy Standard|T30(25-35)::ROUND::2026-09-05T09:00;CELL::CCU|DEL|2026-10-22|Economy Standard|T45(40-50)::ROUND::2026-09-05T09:00,MIDPOINT_MEDIAN,phase10-v1
RCLASS::CCU-DEL|Economy Standard|ROUND::2026-09-05T14:30,CCU-DEL,Economy Standard,ROUND::2026-09-05T14:30,2026-09-05 14:30,ANCHORED,4,RSERIES::CCU-DEL|Economy Standard|T15(12-18)|2026-09-21|ROUND::2026-09-05T14:30;RSERIES::CCU-DEL|Economy Standard|T30(25-35)|2026-10-06|ROUND::2026-09-05T14:30;RSERIES::CCU-DEL|Economy Standard|T45(40-50)|2026-10-22|ROUND::2026-09-05T14:30;RSERIES::CCU-DEL|Economy Standard|T7(5-9)|2026-09-13|ROUND::2026-09-05T14:30,CCU,DEL,CCU-DEL,EXACT_KEY_MATCH,scripts/build_vayu_route_basket.py::make_route_id,True,IN_BASKET,BASKET_SCOPED,6,0.065754,True,OBSERVED,PRICED,7093.50,6576.00,8394.00,0.276460,4,4,0,0,0,0,1,3,INFO,R09,4,R05;R06,False,0,COHERENT_MARKET_MOVEMENT;ISOLATED_DEVIATION,11,11,OBS00674;OBS00677;OBS00683;OBS00686;OBS00687;OBS00689;OBS00694;OBS00698;OBS00699;OBS00701;OBS00704,0,0,11,9,CELL::CCU|DEL|2026-09-13|Economy Standard|T7(5-9)::ROUND::2026-09-05T14:30::FLT::6E|6E-6120|14:00;CELL::CCU|DEL|2026-09-13|Economy Standard|T7(5-9)::ROUND::2026-09-05T14:30::FLT::AI|AI-701|09:45;CELL::CCU|DEL|2026-09-21|Economy Standard|T15(12-18)::ROUND::2026-09-05T14:30::FLT::6E|6E-6120|14:00;CELL::CCU|DEL|2026-09-21|Economy Standard|T15(12-18)::ROUND::2026-09-05T14:30::FLT::AI|AI-701|09:45;CELL::CCU|DEL|2026-09-21|Economy Standard|T15(12-18)::ROUND::2026-09-05T14:30::FLT::SG|SG-988|19:30;CELL::CCU|DEL|2026-10-06|Economy Standard|T30(25-35)::ROUND::2026-09-05T14:30::FLT::SG|SG-988|19:30;CELL::CCU|DEL|2026-10-22|Economy Standard|T45(40-50)::ROUND::2026-09-05T14:30::FLT::6E|6E-6120|14:00;CELL::CCU|DEL|2026-10-22|Economy Standard|T45(40-50)::ROUND::2026-09-05T14:30::FLT::AI|AI-701|09:45;CELL::CCU|DEL|2026-10-22|Economy Standard|T45(40-50)::ROUND::2026-09-05T14:30::FLT::SG|SG-988|19:30,2026-09-13;2026-09-21;2026-10-06;2026-10-22,4,T15(12-18);T30(25-35);T45(40-50);T7(5-9),4,CELL::CCU|DEL|2026-09-13|Economy Standard|T7(5-9)::ROUND::2026-09-05T14:30;CELL::CCU|DEL|2026-09-21|Economy Standard|T15(12-18)::ROUND::2026-09-05T14:30;CELL::CCU|DEL|2026-10-06|Economy Standard|T30(25-35)::ROUND::2026-09-05T14:30;CELL::CCU|DEL|2026-10-22|Economy Standard|T45(40-50)::ROUND::2026-09-05T14:30,MIDPOINT_MEDIAN,phase10-v1
RCLASS::CCU-DEL|Economy Standard|ROUND::2026-09-05T20:15,CCU-DEL,Economy Standard,ROUND::2026-09-05T20:15,2026-09-05 20:15,ANCHORED,4,RSERIES::CCU-DEL|Economy Standard|T1(0-2)|2026-09-07|ROUND::2026-09-05T20:15;RSERIES::CCU-DEL|Economy Standard|T15(12-18)|2026-09-21|ROUND::2026-09-05T20:15;RSERIES::CCU-DEL|Economy Standard|T30(25-35)|2026-10-06|ROUND::2026-09-05T20:15;RSERIES::CCU-DEL|Economy Standard|T45(40-50)|2026-10-22|ROUND::2026-09-05T20:15,CCU,DEL,CCU-DEL,EXACT_KEY_MATCH,scripts/build_vayu_route_basket.py::make_route_id,True,IN_BASKET,BASKET_SCOPED,6,0.065754,True,OBSERVED,PRICED,6906.00,6387.00,9622.50,0.506576,4,4,0,0,0,0,1,3,INFO,R09,4,R05;R06,False,0,COHERENT_MARKET_MOVEMENT;ISOLATED_DEVIATION,10,10,OBS01184;OBS01185;OBS01193;OBS01194;OBS01196;OBS01200;OBS01205;OBS01207;OBS01210;OBS01215,0,0,10,9,CELL::CCU|DEL|2026-09-07|Economy Standard|T1(0-2)::ROUND::2026-09-05T20:15::FLT::6E|6E-6120|14:00;CELL::CCU|DEL|2026-09-07|Economy Standard|T1(0-2)::ROUND::2026-09-05T20:15::FLT::AI|AI-701|09:45;CELL::CCU|DEL|2026-09-07|Economy Standard|T1(0-2)::ROUND::2026-09-05T20:15::FLT::SG|SG-988|19:30;CELL::CCU|DEL|2026-09-21|Economy Standard|T15(12-18)::ROUND::2026-09-05T20:15::FLT::AI|AI-701|09:45;CELL::CCU|DEL|2026-09-21|Economy Standard|T15(12-18)::ROUND::2026-09-05T20:15::FLT::SG|SG-988|19:30;CELL::CCU|DEL|2026-10-06|Economy Standard|T30(25-35)::ROUND::2026-09-05T20:15::FLT::6E|6E-6120|14:00;CELL::CCU|DEL|2026-10-22|Economy Standard|T45(40-50)::ROUND::2026-09-05T20:15::FLT::6E|6E-6120|14:00;CELL::CCU|DEL|2026-10-22|Economy Standard|T45(40-50)::ROUND::2026-09-05T20:15::FLT::AI|AI-701|09:45;CELL::CCU|DEL|2026-10-22|Economy Standard|T45(40-50)::ROUND::2026-09-05T20:15::FLT::SG|SG-988|19:30,2026-09-07;2026-09-21;2026-10-06;2026-10-22,4,T1(0-2);T15(12-18);T30(25-35);T45(40-50),4,CELL::CCU|DEL|2026-09-07|Economy Standard|T1(0-2)::ROUND::2026-09-05T20:15;CELL::CCU|DEL|2026-09-21|Economy Standard|T15(12-18)::ROUND::2026-09-05T20:15;CELL::CCU|DEL|2026-10-06|Economy Standard|T30(25-35)::ROUND::2026-09-05T20:15;CELL::CCU|DEL|2026-10-22|Economy Standard|T45(40-50)::ROUND::2026-09-05T20:15,MIDPOINT_MEDIAN,phase10-v1
RCLASS::CCU-DEL|Economy Standard|ROUND::2026-09-06T09:00,CCU-DEL,Economy Standard,ROUND::2026-09-06T09:00,2026-09-06 09:00,ANCHORED,4,RSERIES::CCU-DEL|Economy Standard|T1(0-2)|2026-09-07|ROUND::2026-09-06T09:00;RSERIES::CCU-DEL|Economy Standard|T15(12-18)|2026-09-21|ROUND::2026-09-06T09:00;RSERIES::CCU-DEL|Economy Standard|T45(40-50)|2026-10-22|ROUND::2026-09-06T09:00;RSERIES::CCU-DEL|Economy Standard|T7(5-9)|2026-09-13|ROUND::2026-09-06T09:00,CCU,DEL,CCU-DEL,EXACT_KEY_MATCH,scripts/build_vayu_route_basket.py::make_route_id,True,IN_BASKET,BASKET_SCOPED,6,0.065754,True,OBSERVED,PRICED,8079.50,6729.00,9450.50,0.404443,4,4,0,0,0,0,1,3,INFO,R09,4,R05;R06,False,0,COHERENT_MARKET_MOVEMENT;ISOLATED_DEVIATION,9,9,OBS01702;OBS01703;OBS01707;OBS01714;OBS01718;OBS01724;OBS01729;OBS01730;OBS01732,0,0,9,8,CELL::CCU|DEL|2026-09-07|Economy Standard|T1(0-2)::ROUND::2026-09-06T09:00::FLT::6E|6E-6120|14:00;CELL::CCU|DEL|2026-09-07|Economy Standard|T1(0-2)::ROUND::2026-09-06T09:00::FLT::AI|AI-701|09:45;CELL::CCU|DEL|2026-09-13|Economy Standard|T7(5-9)::ROUND::2026-09-06T09:00::FLT::SG|SG-988|19:30;CELL::CCU|DEL|2026-09-21|Economy Standard|T15(12-18)::ROUND::2026-09-06T09:00::FLT::6E|6E-6120|14:00;CELL::CCU|DEL|2026-09-21|Economy Standard|T15(12-18)::ROUND::2026-09-06T09:00::FLT::AI|AI-701|09:45;CELL::CCU|DEL|2026-09-21|Economy Standard|T15(12-18)::ROUND::2026-09-06T09:00::FLT::SG|SG-988|19:30;CELL::CCU|DEL|2026-10-22|Economy Standard|T45(40-50)::ROUND::2026-09-06T09:00::FLT::AI|AI-701|09:45;CELL::CCU|DEL|2026-10-22|Economy Standard|T45(40-50)::ROUND::2026-09-06T09:00::FLT::SG|SG-988|19:30,2026-09-07;2026-09-13;2026-09-21;2026-10-22,4,T1(0-2);T15(12-18);T45(40-50);T7(5-9),4,CELL::CCU|DEL|2026-09-07|Economy Standard|T1(0-2)::ROUND::2026-09-06T09:00;CELL::CCU|DEL|2026-09-13|Economy Standard|T7(5-9)::ROUND::2026-09-06T09:00;CELL::CCU|DEL|2026-09-21|Economy Standard|T15(12-18)::ROUND::2026-09-06T09:00;CELL::CCU|DEL|2026-10-22|Economy Standard|T45(40-50)::ROUND::2026-09-06T09:00,MIDPOINT_MEDIAN,phase10-v1
RCLASS::CCU-DEL|Economy Standard|ROUND::2026-09-06T14:30,CCU-DEL,Economy Standard,ROUND::2026-09-06T14:30,2026-09-06 14:30,ANCHORED,5,RSERIES::CCU-DEL|Economy Standard|T1(0-2)|2026-09-07|ROUND::2026-09-06T14:30;RSERIES::CCU-DEL|Economy Standard|T15(12-18)|2026-09-21|ROUND::2026-09-06T14:30;RSERIES::CCU-DEL|Economy Standard|T30(25-35)|2026-10-06|ROUND::2026-09-06T14:30;RSERIES::CCU-DEL|Economy Standard|T45(40-50)|2026-10-22|ROUND::2026-09-06T14:30;RSERIES::CCU-DEL|Economy Standard|T7(5-9)|2026-09-13|ROUND::2026-09-06T14:30,CCU,DEL,CCU-DEL,EXACT_KEY_MATCH,scripts/build_vayu_route_basket.py::make_route_id,True,IN_BASKET,BASKET_SCOPED,6,0.065754,True,OBSERVED,PRICED,7060.00,6503.25,9603.00,0.476646,5,5,0,0,0,0,2,3,INFO,R09,3,R06,False,0,COHERENT_MARKET_MOVEMENT;ISOLATED_DEVIATION,11,11,OBS02212;OBS02216;OBS02217;OBS02219;OBS02220;OBS02221;OBS02226;OBS02227;OBS02230;OBS02233;OBS02240,0,0,11,8,CELL::CCU|DEL|2026-09-07|Economy Standard|T1(0-2)::ROUND::2026-09-06T14:30::FLT::AI|AI-701|09:45;CELL::CCU|DEL|2026-09-13|Economy Standard|T7(5-9)::ROUND::2026-09-06T14:30::FLT::AI|AI-701|09:45;CELL::CCU|DEL|2026-09-13|Economy Standard|T7(5-9)::ROUND::2026-09-06T14:30::FLT::SG|SG-988|19:30;CELL::CCU|DEL|2026-09-21|Economy Standard|T15(12-18)::ROUND::2026-09-06T14:30::FLT::6E|6E-6120|14:00;CELL::CCU|DEL|2026-10-06|Economy Standard|T30(25-35)::ROUND::2026-09-06T14:30::FLT::AI|AI-701|09:45;CELL::CCU|DEL|2026-10-06|Economy Standard|T30(25-35)::ROUND::2026-09-06T14:30::FLT::SG|SG-988|19:30;CELL::CCU|DEL|2026-10-22|Economy Standard|T45(40-50)::ROUND::2026-09-06T14:30::FLT::6E|6E-6120|14:00;CELL::CCU|DEL|2026-10-22|Economy Standard|T45(40-50)::ROUND::2026-09-06T14:30::FLT::AI|AI-701|09:45,2026-09-07;2026-09-13;2026-09-21;2026-10-06;2026-10-22,5,T1(0-2);T15(12-18);T30(25-35);T45(40-50);T7(5-9),5,CELL::CCU|DEL|2026-09-07|Economy Standard|T1(0-2)::ROUND::2026-09-06T14:30;CELL::CCU|DEL|2026-09-13|Economy Standard|T7(5-9)::ROUND::2026-09-06T14:30;CELL::CCU|DEL|2026-09-21|Economy Standard|T15(12-18)::ROUND::2026-09-06T14:30;CELL::CCU|DEL|2026-10-06|Economy Standard|T30(25-35)::ROUND::2026-09-06T14:30;CELL::CCU|DEL|2026-10-22|Economy Standard|T45(40-50)::ROUND::2026-09-06T14:30,MIDPOINT_MEDIAN,phase10-v1
RCLASS::CCU-DEL|Economy Standard|ROUND::2026-09-06T20:15,CCU-DEL,Economy Standard,ROUND::2026-09-06T20:15,2026-09-06 20:15,ANCHORED,5,RSERIES::CCU-DEL|Economy Standard|T1(0-2)|2026-09-07|ROUND::2026-09-06T20:15;RSERIES::CCU-DEL|Economy Standard|T15(12-18)|2026-09-21|ROUND::2026-09-06T20:15;RSERIES::CCU-DEL|Economy Standard|T30(25-35)|2026-10-06|ROUND::2026-09-06T20:15;RSERIES::CCU-DEL|Economy Standard|T45(40-50)|2026-10-22|ROUND::2026-09-06T20:15;RSERIES::CCU-DEL|Economy Standard|T7(5-9)|2026-09-13|ROUND::2026-09-06T20:15,CCU,DEL,CCU-DEL,EXACT_KEY_MATCH,scripts/build_vayu_route_basket.py::make_route_id,True,IN_BASKET,BASKET_SCOPED,6,0.065754,True,OBSERVED,PRICED,7480.50,6518.50,9332.00,0.431618,5,5,0,0,0,0,1,4,INFO,R09,0,,False,0,COHERENT_MARKET_MOVEMENT;ISOLATED_DEVIATION,12,12,OBS02708;OBS02709;OBS02713;OBS02714;OBS02716;OBS02717;OBS02722;OBS02723;OBS02726;OBS02727;OBS02735;OBS02738,0,0,12,7,CELL::CCU|DEL|2026-09-07|Economy Standard|T1(0-2)::ROUND::2026-09-06T20:15::FLT::6E|6E-6120|14:00;CELL::CCU|DEL|2026-09-13|Economy Standard|T7(5-9)::ROUND::2026-09-06T20:15::FLT::AI|AI-701|09:45;CELL::CCU|DEL|2026-09-13|Economy Standard|T7(5-9)::ROUND::2026-09-06T20:15::FLT::SG|SG-988|19:30;CELL::CCU|DEL|2026-09-21|Economy Standard|T15(12-18)::ROUND::2026-09-06T20:15::FLT::6E|6E-6120|14:00;CELL::CCU|DEL|2026-10-06|Economy Standard|T30(25-35)::ROUND::2026-09-06T20:15::FLT::6E|6E-6120|14:00;CELL::CCU|DEL|2026-10-06|Economy Standard|T30(25-35)::ROUND::2026-09-06T20:15::FLT::AI|AI-701|09:45;CELL::CCU|DEL|2026-10-22|Economy Standard|T45(40-50)::ROUND::2026-09-06T20:15::FLT::SG|SG-988|19:30,2026-09-07;2026-09-13;2026-09-21;2026-10-06;2026-10-22,5,T1(0-2);T15(12-18);T30(25-35);T45(40-50);T7(5-9),5,CELL::CCU|DEL|2026-09-07|Economy Standard|T1(0-2)::ROUND::2026-09-06T20:15;CELL::CCU|DEL|2026-09-13|Economy Standard|T7(5-9)::ROUND::2026-09-06T20:15;CELL::CCU|DEL|2026-09-21|Economy Standard|T15(12-18)::ROUND::2026-09-06T20:15;CELL::CCU|DEL|2026-10-06|Economy Standard|T30(25-35)::ROUND::2026-09-06T20:15;CELL::CCU|DEL|2026-10-22|Economy Standard|T45(40-50)::ROUND::2026-09-06T20:15,MIDPOINT_MEDIAN,phase10-v1
RCLASS::AMD-DEL|Economy Flexi|ROUND::2026-09-05T09:00,AMD-DEL,Economy Flexi,ROUND::2026-09-05T09:00,2026-09-05 09:00,ANCHORED,5,RSERIES::AMD-DEL|Economy Flexi|T1(0-2)|2026-09-07|ROUND::2026-09-05T09:00;RSERIES::AMD-DEL|Economy Flexi|T15(12-18)|2026-09-21|ROUND::2026-09-05T09:00;RSERIES::AMD-DEL|Economy Flexi|T30(25-35)|2026-10-06|ROUND::2026-09-05T09:00;RSERIES::AMD-DEL|Economy Flexi|T45(40-50)|2026-10-22|ROUND::2026-09-05T09:00;RSERIES::AMD-DEL|Economy Flexi|T7(5-9)|2026-09-13|ROUND::2026-09-05T09:00,AMD,DEL,AMD-DEL,EXACT_KEY_MATCH,scripts/build_vayu_route_basket.py::make_route_id,True,IN_BASKET,BASKET_SCOPED,7,0.060216,True,OBSERVED,PRICED,8731.00,7859.00,11978.00,0.524112,5,5,0,0,0,0,2,3,INFO,R09,5,R05;R06,False,0,COHERENT_MARKET_MOVEMENT;ISOLATED_DEVIATION,10,10,OBS00207;OBS00209;OBS00213;OBS00222;OBS00225;OBS00228;OBS00229;OBS00230;OBS00236;OBS00239,0,0,10,9,CELL::AMD|DEL|2026-09-07|Economy Flexi|T1(0-2)::ROUND::2026-09-05T09:00::FLT::IX|IX-340|06:30;CELL::AMD|DEL|2026-09-13|Economy Flexi|T7(5-9)::ROUND::2026-09-05T09:00::FLT::6E|6E-205|14:30;CELL::AMD|DEL|2026-09-21|Economy Flexi|T15(12-18)::ROUND::2026-09-05T09:00::FLT::6E|6E-205|14:30;CELL::AMD|DEL|2026-09-21|Economy Flexi|T15(12-18)::ROUND::2026-09-05T09:00::FLT::AI|AI-18|20:45;CELL::AMD|DEL|2026-09-21|Economy Flexi|T15(12-18)::ROUND::2026-09-05T09:00::FLT::IX|IX-340|06:30;CELL::AMD|DEL|2026-10-06|Economy Flexi|T30(25-35)::ROUND::2026-09-05T09:00::FLT::6E|6E-205|14:30;CELL::AMD|DEL|2026-10-06|Economy Flexi|T30(25-35)::ROUND::2026-09-05T09:00::FLT::AI|AI-18|20:45;CELL::AMD|DEL|2026-10-06|Economy Flexi|T30(25-35)::ROUND::2026-09-05T09:00::FLT::IX|IX-340|06:30;CELL::AMD|DEL|2026-10-22|Economy Flexi|T45(40-50)::ROUND::2026-09-05T09:00::FLT::AI|AI-18|20:45,2026-09-07;2026-09-13;2026-09-21;2026-10-06;2026-10-22,5,T1(0-2);T15(12-18);T30(25-35);T45(40-50);T7(5-9),5,CELL::AMD|DEL|2026-09-07|Economy Flexi|T1(0-2)::ROUND::2026-09-05T09:00;CELL::AMD|DEL|2026-09-13|Economy Flexi|T7(5-9)::ROUND::2026-09-05T09:00;CELL::AMD|DEL|2026-09-21|Economy Flexi|T15(12-18)::ROUND::2026-09-05T09:00;CELL::AMD|DEL|2026-10-06|Economy Flexi|T30(25-35)::ROUND::2026-09-05T09:00;CELL::AMD|DEL|2026-10-22|Economy Flexi|T45(40-50)::ROUND::2026-09-05T09:00,MIDPOINT_MEDIAN,phase10-v1
RCLASS::AMD-DEL|Economy Flexi|ROUND::2026-09-05T14:30,AMD-DEL,Economy Flexi,ROUND::2026-09-05T14:30,2026-09-05 14:30,ANCHORED,3,RSERIES::AMD-DEL|Economy Flexi|T30(25-35)|2026-10-06|ROUND::2026-09-05T14:30;RSERIES::AMD-DEL|Economy Flexi|T45(40-50)|2026-10-22|ROUND::2026-09-05T14:30;RSERIES::AMD-DEL|Economy Flexi|T7(5-9)|2026-09-13|ROUND::2026-09-05T14:30,AMD,DEL,AMD-DEL,EXACT_KEY_MATCH,scripts/build_vayu_route_basket.py::make_route_id,True,IN_BASKET,BASKET_SCOPED,7,0.060216,True,OBSERVED,PRICED,8307.00,8199.00,10239.25,0.248841,3,3,0,0,0,0,1,2,INFO,R09,3,R05;R06,False,0,COHERENT_MARKET_MOVEMENT;ISOLATED_DEVIATION,6,6,OBS00713;OBS00716;OBS00721;OBS00725;OBS00726;OBS00731,0,0,6,5,CELL::AMD|DEL|2026-09-13|Economy Flexi|T7(5-9)::ROUND::2026-09-05T14:30::FLT::AI|AI-18|20:45;CELL::AMD|DEL|2026-09-13|Economy Flexi|T7(5-9)::ROUND::2026-09-05T14:30::FLT::IX|IX-340|06:30;CELL::AMD|DEL|2026-10-06|Economy Flexi|T30(25-35)::ROUND::2026-09-05T14:30::FLT::6E|6E-205|14:30;CELL::AMD|DEL|2026-10-06|Economy Flexi|T30(25-35)::ROUND::2026-09-05T14:30::FLT::IX|IX-340|06:30;CELL::AMD|DEL|2026-10-22|Economy Flexi|T45(40-50)::ROUND::2026-09-05T14:30::FLT::AI|AI-18|20:45,2026-09-13;2026-10-06;2026-10-22,3,T30(25-35);T45(40-50);T7(5-9),3,CELL::AMD|DEL|2026-09-13|Economy Flexi|T7(5-9)::ROUND::2026-09-05T14:30;CELL::AMD|DEL|2026-10-06|Economy Flexi|T30(25-35)::ROUND::2026-09-05T14:30;CELL::AMD|DEL|2026-10-22|Economy Flexi|T45(40-50)::ROUND::2026-09-05T14:30,MIDPOINT_MEDIAN,phase10-v1
RCLASS::AMD-DEL|Economy Flexi|ROUND::2026-09-05T20:15,AMD-DEL,Economy Flexi,ROUND::2026-09-05T20:15,2026-09-05 20:15,ANCHORED,5,RSERIES::AMD-DEL|Economy Flexi|T1(0-2)|2026-09-07|ROUND::2026-09-05T20:15;RSERIES::AMD-DEL|Economy Flexi|T15(12-18)|2026-09-21|ROUND::2026-09-05T20:15;RSERIES::AMD-DEL|Economy Flexi|T30(25-35)|2026-10-06|ROUND::2026-09-05T20:15;RSERIES::AMD-DEL|Economy Flexi|T45(40-50)|2026-10-22|ROUND::2026-09-05T20:15;RSERIES::AMD-DEL|Economy Flexi|T7(5-9)|2026-09-13|ROUND::2026-09-05T20:15,AMD,DEL,AMD-DEL,EXACT_KEY_MATCH,scripts/build_vayu_route_basket.py::make_route_id,True,IN_BASKET,BASKET_SCOPED,7,0.060216,True,OBSERVED,PRICED,8774.50,8136.00,11726.75,0.441341,5,5,0,0,0,0,0,5,NONE,,5,R05;R06,False,0,COHERENT_MARKET_MOVEMENT;ISOLATED_DEVIATION,13,13,OBS01218;OBS01219;OBS01222;OBS01223;OBS01227;OBS01228;OBS01237;OBS01238;OBS01245;OBS01249;OBS01250;OBS01254;OBS01255,0,0,13,7,CELL::AMD|DEL|2026-09-07|Economy Flexi|T1(0-2)::ROUND::2026-09-05T20:15::FLT::6E|6E-205|14:30;CELL::AMD|DEL|2026-09-07|Economy Flexi|T1(0-2)::ROUND::2026-09-05T20:15::FLT::IX|IX-340|06:30;CELL::AMD|DEL|2026-09-13|Economy Flexi|T7(5-9)::ROUND::2026-09-05T20:15::FLT::6E|6E-205|14:30;CELL::AMD|DEL|2026-09-21|Economy Flexi|T15(12-18)::ROUND::2026-09-05T20:15::FLT::AI|AI-18|20:45;CELL::AMD|DEL|2026-09-21|Economy Flexi|T15(12-18)::ROUND::2026-09-05T20:15::FLT::IX|IX-340|06:30;CELL::AMD|DEL|2026-10-06|Economy Flexi|T30(25-35)::ROUND::2026-09-05T20:15::FLT::6E|6E-205|14:30;CELL::AMD|DEL|2026-10-22|Economy Flexi|T45(40-50)::ROUND::2026-09-05T20:15::FLT::IX|IX-340|06:30,2026-09-07;2026-09-13;2026-09-21;2026-10-06;2026-10-22,5,T1(0-2);T15(12-18);T30(25-35);T45(40-50);T7(5-9),5,CELL::AMD|DEL|2026-09-07|Economy Flexi|T1(0-2)::ROUND::2026-09-05T20:15;CELL::AMD|DEL|2026-09-13|Economy Flexi|T7(5-9)::ROUND::2026-09-05T20:15;CELL::AMD|DEL|2026-09-21|Economy Flexi|T15(12-18)::ROUND::2026-09-05T20:15;CELL::AMD|DEL|2026-10-06|Economy Flexi|T30(25-35)::ROUND::2026-09-05T20:15;CELL::AMD|DEL|2026-10-22|Economy Flexi|T45(40-50)::ROUND::2026-09-05T20:15,MIDPOINT_MEDIAN,phase10-v1
RCLASS::AMD-DEL|Economy Flexi|ROUND::2026-09-06T09:00,AMD-DEL,Economy Flexi,ROUND::2026-09-06T09:00,2026-09-06 09:00,ANCHORED,5,RSERIES::AMD-DEL|Economy Flexi|T1(0-2)|2026-09-07|ROUND::2026-09-06T09:00;RSERIES::AMD-DEL|Economy Flexi|T15(12-18)|2026-09-21|ROUND::2026-09-06T09:00;RSERIES::AMD-DEL|Economy Flexi|T30(25-35)|2026-10-06|ROUND::2026-09-06T09:00;RSERIES::AMD-DEL|Economy Flexi|T45(40-50)|2026-10-22|ROUND::2026-09-06T09:00;RSERIES::AMD-DEL|Economy Flexi|T7(5-9)|2026-09-13|ROUND::2026-09-06T09:00,AMD,DEL,AMD-DEL,EXACT_KEY_MATCH,scripts/build_vayu_route_basket.py::make_route_id,True,IN_BASKET,BASKET_SCOPED,7,0.060216,True,OBSERVED,PRICED,8940.75,7821.00,11663.00,0.491242,5,5,0,0,0,0,1,4,INFO,R09,5,R05;R06,False,0,COHERENT_MARKET_MOVEMENT;ISOLATED_DEVIATION,17,17,OBS01735;OBS01736;OBS01742;OBS01743;OBS01746;OBS01747;OBS01752;OBS01753;OBS01757;OBS01758;OBS01759;OBS01760;OBS01761;OBS01762;OBS01763;OBS01766;OBS01774,0,0,17,10,CELL::AMD|DEL|2026-09-07|Economy Flexi|T1(0-2)::ROUND::2026-09-06T09:00::FLT::6E|6E-205|14:30;CELL::AMD|DEL|2026-09-07|Economy Flexi|T1(0-2)::ROUND::2026-09-06T09:00::FLT::AI|AI-18|20:45;CELL::AMD|DEL|2026-09-07|Economy Flexi|T1(0-2)::ROUND::2026-09-06T09:00::FLT::IX|IX-340|06:30;CELL::AMD|DEL|2026-09-13|Economy Flexi|T7(5-9)::ROUND::2026-09-06T09:00::FLT::AI|AI-18|20:45;CELL::AMD|DEL|2026-09-21|Economy Flexi|T15(12-18)::ROUND::2026-09-06T09:00::FLT::6E|6E-205|14:30;CELL::AMD|DEL|2026-09-21|Economy Flexi|T15(12-18)::ROUND::2026-09-06T09:00::FLT::AI|AI-18|20:45;CELL::AMD|DEL|2026-10-06|Economy Flexi|T30(25-35)::ROUND::2026-09-06T09:00::FLT::6E|6E-205|14:30;CELL::AMD|DEL|2026-10-06|Economy Flexi|T30(25-35)::ROUND::2026-09-06T09:00::FLT::AI|AI-18|20:45;CELL::AMD|DEL|2026-10-06|Economy Flexi|T30(25-35)::ROUND::2026-09-06T09:00::FLT::IX|IX-340|06:30;CELL::AMD|DEL|2026-10-22|Economy Flexi|T45(40-50)::ROUND::2026-09-06T09:00::FLT::AI|AI-18|20:45,2026-09-07;2026-09-13;2026-09-21;2026-10-06;2026-10-22,5,T1(0-2);T15(12-18);T30(25-35);T45(40-50);T7(5-9),5,CELL::AMD|DEL|2026-09-07|Economy Flexi|T1(0-2)::ROUND::2026-09-06T09:00;CELL::AMD|DEL|2026-09-13|Economy Flexi|T7(5-9)::ROUND::2026-09-06T09:00;CELL::AMD|DEL|2026-09-21|Economy Flexi|T15(12-18)::ROUND::2026-09-06T09:00;CELL::AMD|DEL|2026-10-06|Economy Flexi|T30(25-35)::ROUND::2026-09-06T09:00;CELL::AMD|DEL|2026-10-22|Economy Flexi|T45(40-50)::ROUND::2026-09-06T09:00,MIDPOINT_MEDIAN,phase10-v1
RCLASS::AMD-DEL|Economy Flexi|ROUND::2026-09-06T14:30,AMD-DEL,Economy Flexi,ROUND::2026-09-06T14:30,2026-09-06 14:30,ANCHORED,5,RSERIES::AMD-DEL|Economy Flexi|T1(0-2)|2026-09-07|ROUND::2026-09-06T14:30;RSERIES::AMD-DEL|Economy Flexi|T15(12-18)|2026-09-21|ROUND::2026-09-06T14:30;RSERIES::AMD-DEL|Economy Flexi|T30(25-35)|2026-10-06|ROUND::2026-09-06T14:30;RSERIES::AMD-DEL|Economy Flexi|T45(40-50)|2026-10-22|ROUND::2026-09-06T14:30;RSERIES::AMD-DEL|Economy Flexi|T7(5-9)|2026-09-13|ROUND::2026-09-06T14:30,AMD,DEL,AMD-DEL,EXACT_KEY_MATCH,scripts/build_vayu_route_basket.py::make_route_id,True,IN_BASKET,BASKET_SCOPED,7,0.060216,True,OBSERVED,PRICED,9021.50,7681.00,11250.00,0.464653,5,5,0,0,0,0,2,3,INFO,R09,2,R06,False,0,COHERENT_MARKET_MOVEMENT;ISOLATED_DEVIATION,14,14,OBS02245;OBS02250;OBS02251;OBS02254;OBS02255;OBS02259;OBS02260;OBS02262;OBS02263;OBS02269;OBS02273;OBS02274;OBS02276;OBS02277,0,0,14,8,CELL::AMD|DEL|2026-09-07|Economy Flexi|T1(0-2)::ROUND::2026-09-06T14:30::FLT::6E|6E-205|14:30;CELL::AMD|DEL|2026-09-13|Economy Flexi|T7(5-9)::ROUND::2026-09-06T14:30::FLT::IX|IX-340|06:30;CELL::AMD|DEL|2026-09-21|Economy Flexi|T15(12-18)::ROUND::2026-09-06T14:30::FLT::6E|6E-205|14:30;CELL::AMD|DEL|2026-09-21|Economy Flexi|T15(12-18)::ROUND::2026-09-06T14:30::FLT::AI|AI-18|20:45;CELL::AMD|DEL|2026-09-21|Economy Flexi|T15(12-18)::ROUND::2026-09-06T14:30::FLT::IX|IX-340|06:30;CELL::AMD|DEL|2026-10-06|Economy Flexi|T30(25-35)::ROUND::2026-09-06T14:30::FLT::AI|AI-18|20:45;CELL::AMD|DEL|2026-10-06|Economy Flexi|T30(25-35)::ROUND::2026-09-06T14:30::FLT::IX|IX-340|06:30;CELL::AMD|DEL|2026-10-22|Economy Flexi|T45(40-50)::ROUND::2026-09-06T14:30::FLT::6E|6E-205|14:30,2026-09-07;2026-09-13;2026-09-21;2026-10-06;2026-10-22,5,T1(0-2);T15(12-18);T30(25-35);T45(40-50);T7(5-9),5,CELL::AMD|DEL|2026-09-07|Economy Flexi|T1(0-2)::ROUND::2026-09-06T14:30;CELL::AMD|DEL|2026-09-13|Economy Flexi|T7(5-9)::ROUND::2026-09-06T14:30;CELL::AMD|DEL|2026-09-21|Economy Flexi|T15(12-18)::ROUND::2026-09-06T14:30;CELL::AMD|DEL|2026-10-06|Economy Flexi|T30(25-35)::ROUND::2026-09-06T14:30;CELL::AMD|DEL|2026-10-22|Economy Flexi|T45(40-50)::ROUND::2026-09-06T14:30,MIDPOINT_MEDIAN,phase10-v1
RCLASS::AMD-DEL|Economy Flexi|ROUND::2026-09-06T20:15,AMD-DEL,Economy Flexi,ROUND::2026-09-06T20:15,2026-09-06 20:15,ANCHORED,4,RSERIES::AMD-DEL|Economy Flexi|T1(0-2)|2026-09-07|ROUND::2026-09-06T20:15;RSERIES::AMD-DEL|Economy Flexi|T15(12-18)|2026-09-21|ROUND::2026-09-06T20:15;RSERIES::AMD-DEL|Economy Flexi|T30(25-35)|2026-10-06|ROUND::2026-09-06T20:15;RSERIES::AMD-DEL|Economy Flexi|T45(40-50)|2026-10-22|ROUND::2026-09-06T20:15,AMD,DEL,AMD-DEL,EXACT_KEY_MATCH,scripts/build_vayu_route_basket.py::make_route_id,True,IN_BASKET,BASKET_SCOPED,7,0.060216,True,OBSERVED,PRICED,8497.25,8007.25,11985.50,0.496831,4,4,0,0,0,0,1,3,INFO,R09,0,,False,0,COHERENT_MARKET_MOVEMENT;ISOLATED_DEVIATION,10,10,OBS02739;OBS02744;OBS02749;OBS02750;OBS02762;OBS02763;OBS02774;OBS02775;OBS02777;OBS02778,0,0,10,6,CELL::AMD|DEL|2026-09-07|Economy Flexi|T1(0-2)::ROUND::2026-09-06T20:15::FLT::6E|6E-205|14:30;CELL::AMD|DEL|2026-09-07|Economy Flexi|T1(0-2)::ROUND::2026-09-06T20:15::FLT::AI|AI-18|20:45;CELL::AMD|DEL|2026-09-21|Economy Flexi|T15(12-18)::ROUND::2026-09-06T20:15::FLT::6E|6E-205|14:30;CELL::AMD|DEL|2026-10-06|Economy Flexi|T30(25-35)::ROUND::2026-09-06T20:15::FLT::IX|IX-340|06:30;CELL::AMD|DEL|2026-10-22|Economy Flexi|T45(40-50)::ROUND::2026-09-06T20:15::FLT::AI|AI-18|20:45;CELL::AMD|DEL|2026-10-22|Economy Flexi|T45(40-50)::ROUND::2026-09-06T20:15::FLT::IX|IX-340|06:30,2026-09-07;2026-09-21;2026-10-06;2026-10-22,4,T1(0-2);T15(12-18);T30(25-35);T45(40-50),4,CELL::AMD|DEL|2026-09-07|Economy Flexi|T1(0-2)::ROUND::2026-09-06T20:15;CELL::AMD|DEL|2026-09-21|Economy Flexi|T15(12-18)::ROUND::2026-09-06T20:15;CELL::AMD|DEL|2026-10-06|Economy Flexi|T30(25-35)::ROUND::2026-09-06T20:15;CELL::AMD|DEL|2026-10-22|Economy Flexi|T45(40-50)::ROUND::2026-09-06T20:15,MIDPOINT_MEDIAN,phase10-v1
RCLASS::AMD-DEL|Economy Saver|ROUND::2026-09-05T09:00,AMD-DEL,Economy Saver,ROUND::2026-09-05T09:00,2026-09-05 09:00,ANCHORED,5,RSERIES::AMD-DEL|Economy Saver|T1(0-2)|2026-09-07|ROUND::2026-09-05T09:00;RSERIES::AMD-DEL|Economy Saver|T15(12-18)|2026-09-21|ROUND::2026-09-05T09:00;RSERIES::AMD-DEL|Economy Saver|T30(25-35)|2026-10-06|ROUND::2026-09-05T09:00;RSERIES::AMD-DEL|Economy Saver|T45(40-50)|2026-10-22|ROUND::2026-09-05T09:00;RSERIES::AMD-DEL|Economy Saver|T7(5-9)|2026-09-13|ROUND::2026-09-05T09:00,AMD,DEL,AMD-DEL,EXACT_KEY_MATCH,scripts/build_vayu_route_basket.py::make_route_id,True,IN_BASKET,BASKET_SCOPED,7,0.060216,True,OBSERVED,PRICED,5886.00,5059.00,7464.00,0.475390,5,5,0,0,0,0,2,3,INFO,R09,5,R05;R06,False,0,COHERENT_MARKET_MOVEMENT;ISOLATED_DEVIATION,12,12,OBS00212;OBS00216;OBS00219;OBS00220;OBS00221;OBS00223;OBS00224;OBS00226;OBS00227;OBS00231;OBS00232;OBS00233,0,0,12,8,CELL::AMD|DEL|2026-09-07|Economy Saver|T1(0-2)::ROUND::2026-09-05T09:00::FLT::AI|AI-18|20:45;CELL::AMD|DEL|2026-09-07|Economy Saver|T1(0-2)::ROUND::2026-09-05T09:00::FLT::IX|IX-340|06:30;CELL::AMD|DEL|2026-09-13|Economy Saver|T7(5-9)::ROUND::2026-09-05T09:00::FLT::AI|AI-18|20:45;CELL::AMD|DEL|2026-09-13|Economy Saver|T7(5-9)::ROUND::2026-09-05T09:00::FLT::IX|IX-340|06:30;CELL::AMD|DEL|2026-09-21|Economy Saver|T15(12-18)::ROUND::2026-09-05T09:00::FLT::AI|AI-18|20:45;CELL::AMD|DEL|2026-10-06|Economy Saver|T30(25-35)::ROUND::2026-09-05T09:00::FLT::6E|6E-205|14:30;CELL::AMD|DEL|2026-10-06|Economy Saver|T30(25-35)::ROUND::2026-09-05T09:00::FLT::AI|AI-18|20:45;CELL::AMD|DEL|2026-10-22|Economy Saver|T45(40-50)::ROUND::2026-09-05T09:00::FLT::AI|AI-18|20:45,2026-09-07;2026-09-13;2026-09-21;2026-10-06;2026-10-22,5,T1(0-2);T15(12-18);T30(25-35);T45(40-50);T7(5-9),5,CELL::AMD|DEL|2026-09-07|Economy Saver|T1(0-2)::ROUND::2026-09-05T09:00;CELL::AMD|DEL|2026-09-13|Economy Saver|T7(5-9)::ROUND::2026-09-05T09:00;CELL::AMD|DEL|2026-09-21|Economy Saver|T15(12-18)::ROUND::2026-09-05T09:00;CELL::AMD|DEL|2026-10-06|Economy Saver|T30(25-35)::ROUND::2026-09-05T09:00;CELL::AMD|DEL|2026-10-22|Economy Saver|T45(40-50)::ROUND::2026-09-05T09:00,MIDPOINT_MEDIAN,phase10-v1
RCLASS::AMD-DEL|Economy Saver|ROUND::2026-09-05T14:30,AMD-DEL,Economy Saver,ROUND::2026-09-05T14:30,2026-09-05 14:30,ANCHORED,5,RSERIES::AMD-DEL|Economy Saver|T1(0-2)|2026-09-07|ROUND::2026-09-05T14:30;RSERIES::AMD-DEL|Economy Saver|T15(12-18)|2026-09-21|ROUND::2026-09-05T14:30;RSERIES::AMD-DEL|Economy Saver|T30(25-35)|2026-10-06|ROUND::2026-09-05T14:30;RSERIES::AMD-DEL|Economy Saver|T45(40-50)|2026-10-22|ROUND::2026-09-05T14:30;RSERIES::AMD-DEL|Economy Saver|T7(5-9)|2026-09-13|ROUND::2026-09-05T14:30,AMD,DEL,AMD-DEL,EXACT_KEY_MATCH,scripts/build_vayu_route_basket.py::make_route_id,True,IN_BASKET,BASKET_SCOPED,7,0.060216,True,OBSERVED,PRICED,5779.50,5062.00,7543.00,0.490122,5,5,0,0,0,0,1,4,INFO,R09,5,R05;R06,False,0,COHERENT_MARKET_MOVEMENT;ISOLATED_DEVIATION,13,13,OBS00705;OBS00706;OBS00709;OBS00710;OBS00712;OBS00714;OBS00717;OBS00718;OBS00720;OBS00722;OBS00723;OBS00729;OBS00730,0,0,13,8,CELL::AMD|DEL|2026-09-07|Economy Saver|T1(0-2)::ROUND::2026-09-05T14:30::FLT::6E|6E-205|14:30;CELL::AMD|DEL|2026-09-07|Economy Saver|T1(0-2)::ROUND::2026-09-05T14:30::FLT::IX|IX-340|06:30;CELL::AMD|DEL|2026-09-13|Economy Saver|T7(5-9)::ROUND::2026-09-05T14:30::FLT::6E|6E-205|14:30;CELL::AMD|DEL|2026-09-13|Economy Saver|T7(5-9)::ROUND::2026-09-05T14:30::FLT::AI|AI-18|20:45;CELL::AMD|DEL|2026-09-21|Economy Saver|T15(12-18)::ROUND::2026-09-05T14:30::FLT::IX|IX-340|06:30;CELL::AMD|DEL|2026-10-06|Economy Saver|T30(25-35)::ROUND::2026-09-05T14:30::FLT::6E|6E-205|14:30;CELL::AMD|DEL|2026-10-06|Economy Saver|T30(25-35)::ROUND::2026-09-05T14:30::FLT::AI|AI-18|20:45;CELL::AMD|DEL|2026-10-22|Economy Saver|T45(40-50)::ROUND::2026-09-05T14:30::FLT::6E|6E-205|14:30,2026-09-07;2026-09-13;2026-09-21;2026-10-06;2026-10-22,5,T1(0-2);T15(12-18);T30(25-35);T45(40-50);T7(5-9),5,CELL::AMD|DEL|2026-09-07|Economy Saver|T1(0-2)::ROUND::2026-09-05T14:30;CELL::AMD|DEL|2026-09-13|Economy Saver|T7(5-9)::ROUND::2026-09-05T14:30;CELL::AMD|DEL|2026-09-21|Economy Saver|T15(12-18)::ROUND::2026-09-05T14:30;CELL::AMD|DEL|2026-10-06|Economy Saver|T30(25-35)::ROUND::2026-09-05T14:30;CELL::AMD|DEL|2026-10-22|Economy Saver|T45(40-50)::ROUND::2026-09-05T14:30,MIDPOINT_MEDIAN,phase10-v1
RCLASS::AMD-DEL|Economy Saver|ROUND::2026-09-05T20:15,AMD-DEL,Economy Saver,ROUND::2026-09-05T20:15,2026-09-05 20:15,ANCHORED,5,RSERIES::AMD-DEL|Economy Saver|T1(0-2)|2026-09-07|ROUND::2026-09-05T20:15;RSERIES::AMD-DEL|Economy Saver|T15(12-18)|2026-09-21|ROUND::2026-09-05T20:15;RSERIES::AMD-DEL|Economy Saver|T30(25-35)|2026-10-06|ROUND::2026-09-05T20:15;RSERIES::AMD-DEL|Economy Saver|T45(40-50)|2026-10-22|ROUND::2026-09-05T20:15;RSERIES::AMD-DEL|Economy Saver|T7(5-9)|2026-09-13|ROUND::2026-09-05T20:15,AMD,DEL,AMD-DEL,EXACT_KEY_MATCH,scripts/build_vayu_route_basket.py::make_route_id,True,IN_BASKET,BASKET_SCOPED,7,0.060216,True,OBSERVED,PRICED,5555.00,5012.00,7281.00,0.452713,5,5,0,0,0,0,2,3,INFO,R09,5,R05;R06,False,0,COHERENT_MARKET_MOVEMENT;ISOLATED_DEVIATION,10,10,OBS01226;OBS01229;OBS01230;OBS01232;OBS01233;OBS01236;OBS01241;OBS01244;OBS01246;OBS01251,0,0,10,9,CELL::AMD|DEL|2026-09-07|Economy Saver|T1(0-2)::ROUND::2026-09-05T20:15::FLT::AI|AI-18|20:45;CELL::AMD|DEL|2026-09-13|Economy Saver|T7(5-9)::ROUND::2026-09-05T20:15::FLT::AI|AI-18|20:45;CELL::AMD|DEL|2026-09-13|Economy Saver|T7(5-9)::ROUND::2026-09-05T20:15::FLT::IX|IX-340|06:30;CELL::AMD|DEL|2026-09-21|Economy Saver|T15(12-18)::ROUND::2026-09-05T20:15::FLT::6E|6E-205|14:30;CELL::AMD|DEL|2026-10-06|Economy Saver|T30(25-35)::ROUND::2026-09-05T20:15::FLT::6E|6E-205|14:30;CELL::AMD|DEL|2026-10-06|Economy Saver|T30(25-35)::ROUND::2026-09-05T20:15::FLT::AI|AI-18|20:45;CELL::AMD|DEL|2026-10-06|Economy Saver|T30(25-35)::ROUND::2026-09-05T20:15::FLT::IX|IX-340|06:30;CELL::AMD|DEL|2026-10-22|Economy Saver|T45(40-50)::ROUND::2026-09-05T20:15::FLT::6E|6E-205|14:30;CELL::AMD|DEL|2026-10-22|Economy Saver|T45(40-50)::ROUND::2026-09-05T20:15::FLT::AI|AI-18|20:45,2026-09-07;2026-09-13;2026-09-21;2026-10-06;2026-10-22,5,T1(0-2);T15(12-18);T30(25-35);T45(40-50);T7(5-9),5,CELL::AMD|DEL|2026-09-07|Economy Saver|T1(0-2)::ROUND::2026-09-05T20:15;CELL::AMD|DEL|2026-09-13|Economy Saver|T7(5-9)::ROUND::2026-09-05T20:15;CELL::AMD|DEL|2026-09-21|Economy Saver|T15(12-18)::ROUND::2026-09-05T20:15;CELL::AMD|DEL|2026-10-06|Economy Saver|T30(25-35)::ROUND::2026-09-05T20:15;CELL::AMD|DEL|2026-10-22|Economy Saver|T45(40-50)::ROUND::2026-09-05T20:15,MIDPOINT_MEDIAN,phase10-v1
RCLASS::AMD-DEL|Economy Saver|ROUND::2026-09-06T09:00,AMD-DEL,Economy Saver,ROUND::2026-09-06T09:00,2026-09-06 09:00,ANCHORED,4,RSERIES::AMD-DEL|Economy Saver|T1(0-2)|2026-09-07|ROUND::2026-09-06T09:00;RSERIES::AMD-DEL|Economy Saver|T15(12-18)|2026-09-21|ROUND::2026-09-06T09:00;RSERIES::AMD-DEL|Economy Saver|T45(40-50)|2026-10-22|ROUND::2026-09-06T09:00;RSERIES::AMD-DEL|Economy Saver|T7(5-9)|2026-09-13|ROUND::2026-09-06T09:00,AMD,DEL,AMD-DEL,EXACT_KEY_MATCH,scripts/build_vayu_route_basket.py::make_route_id,True,IN_BASKET,BASKET_SCOPED,7,0.060216,True,OBSERVED,PRICED,6230.75,5156.25,7546.00,0.463467,4,4,0,0,0,0,0,4,NONE,,4,R06,False,0,COHERENT_MARKET_MOVEMENT;ISOLATED_DEVIATION,14,14,OBS01737;OBS01738;OBS01739;OBS01740;OBS01750;OBS01751;OBS01754;OBS01755;OBS01756;OBS01767;OBS01768;OBS01772;OBS01773;OBS01776,0,0,14,8,CELL::AMD|DEL|2026-09-07|Economy Saver|T1(0-2)::ROUND::2026-09-06T09:00::FLT::6E|6E-205|14:30;CELL::AMD|DEL|2026-09-07|Economy Saver|T1(0-2)::ROUND::2026-09-06T09:00::FLT::AI|AI-18|20:45;CELL::AMD|DEL|2026-09-07|Economy Saver|T1(0-2)::ROUND::2026-09-06T09:00::FLT::IX|IX-340|06:30;CELL::AMD|DEL|2026-09-13|Economy Saver|T7(5-9)::ROUND::2026-09-06T09:00::FLT::6E|6E-205|14:30;CELL::AMD|DEL|2026-09-13|Economy Saver|T7(5-9)::ROUND::2026-09-06T09:00::FLT::AI|AI-18|20:45;CELL::AMD|DEL|2026-09-21|Economy Saver|T15(12-18)::ROUND::2026-09-06T09:00::FLT::IX|IX-340|06:30;CELL::AMD|DEL|2026-10-22|Economy Saver|T45(40-50)::ROUND::2026-09-06T09:00::FLT::6E|6E-205|14:30;CELL::AMD|DEL|2026-10-22|Economy Saver|T45(40-50)::ROUND::2026-09-06T09:00::FLT::IX|IX-340|06:30,2026-09-07;2026-09-13;2026-09-21;2026-10-22,4,T1(0-2);T15(12-18);T45(40-50);T7(5-9),4,CELL::AMD|DEL|2026-09-07|Economy Saver|T1(0-2)::ROUND::2026-09-06T09:00;CELL::AMD|DEL|2026-09-13|Economy Saver|T7(5-9)::ROUND::2026-09-06T09:00;CELL::AMD|DEL|2026-09-21|Economy Saver|T15(12-18)::ROUND::2026-09-06T09:00;CELL::AMD|DEL|2026-10-22|Economy Saver|T45(40-50)::ROUND::2026-09-06T09:00,MIDPOINT_MEDIAN,phase10-v1
RCLASS::AMD-DEL|Economy Saver|ROUND::2026-09-06T14:30,AMD-DEL,Economy Saver,ROUND::2026-09-06T14:30,2026-09-06 14:30,ANCHORED,5,RSERIES::AMD-DEL|Economy Saver|T1(0-2)|2026-09-07|ROUND::2026-09-06T14:30;RSERIES::AMD-DEL|Economy Saver|T15(12-18)|2026-09-21|ROUND::2026-09-06T14:30;RSERIES::AMD-DEL|Economy Saver|T30(25-35)|2026-10-06|ROUND::2026-09-06T14:30;RSERIES::AMD-DEL|Economy Saver|T45(40-50)|2026-10-22|ROUND::2026-09-06T14:30;RSERIES::AMD-DEL|Economy Saver|T7(5-9)|2026-09-13|ROUND::2026-09-06T14:30,AMD,DEL,AMD-DEL,EXACT_KEY_MATCH,scripts/build_vayu_route_basket.py::make_route_id,True,IN_BASKET,BASKET_SCOPED,7,0.060216,True,OBSERVED,PRICED,5842.50,5093.00,7703.50,0.512566,5,5,0,0,0,0,1,4,INFO,R09,1,R06,False,0,COHERENT_MARKET_MOVEMENT;ISOLATED_DEVIATION,14,14,OBS02246;OBS02249;OBS02252;OBS02253;OBS02256;OBS02258;OBS02261;OBS02264;OBS02265;OBS02266;OBS02270;OBS02271;OBS02275;OBS02279,0,0,14,12,CELL::AMD|DEL|2026-09-07|Economy Saver|T1(0-2)::ROUND::2026-09-06T14:30::FLT::AI|AI-18|20:45;CELL::AMD|DEL|2026-09-07|Economy Saver|T1(0-2)::ROUND::2026-09-06T14:30::FLT::IX|IX-340|06:30;CELL::AMD|DEL|2026-09-13|Economy Saver|T7(5-9)::ROUND::2026-09-06T14:30::FLT::6E|6E-205|14:30;CELL::AMD|DEL|2026-09-13|Economy Saver|T7(5-9)::ROUND::2026-09-06T14:30::FLT::AI|AI-18|20:45;CELL::AMD|DEL|2026-09-13|Economy Saver|T7(5-9)::ROUND::2026-09-06T14:30::FLT::IX|IX-340|06:30;CELL::AMD|DEL|2026-09-21|Economy Saver|T15(12-18)::ROUND::2026-09-06T14:30::FLT::6E|6E-205|14:30;CELL::AMD|DEL|2026-09-21|Economy Saver|T15(12-18)::ROUND::2026-09-06T14:30::FLT::AI|AI-18|20:45;CELL::AMD|DEL|2026-10-06|Economy Saver|T30(25-35)::ROUND::2026-09-06T14:30::FLT::6E|6E-205|14:30;CELL::AMD|DEL|2026-10-06|Economy Saver|T30(25-35)::ROUND::2026-09-06T14:30::FLT::IX|IX-340|06:30;CELL::AMD|DEL|2026-10-22|Economy Saver|T45(40-50)::ROUND::2026-09-06T14:30::FLT::6E|6E-205|14:30;CELL::AMD|DEL|2026-10-22|Economy Saver|T45(40-50)::ROUND::2026-09-06T14:30::FLT::AI|AI-18|20:45;CELL::AMD|DEL|2026-10-22|Economy Saver|T45(40-50)::ROUND::2026-09-06T14:30::FLT::IX|IX-340|06:30,2026-09-07;2026-09-13;2026-09-21;2026-10-06;2026-10-22,5,T1(0-2);T15(12-18);T30(25-35);T45(40-50);T7(5-9),5,CELL::AMD|DEL|2026-09-07|Economy Saver|T1(0-2)::ROUND::2026-09-06T14:30;CELL::AMD|DEL|2026-09-13|Economy Saver|T7(5-9)::ROUND::2026-09-06T14:30;CELL::AMD|DEL|2026-09-21|Economy Saver|T15(12-18)::ROUND::2026-09-06T14:30;CELL::AMD|DEL|2026-10-06|Economy Saver|T30(25-35)::ROUND::2026-09-06T14:30;CELL::AMD|DEL|2026-10-22|Economy Saver|T45(40-50)::ROUND::2026-09-06T14:30,MIDPOINT_MEDIAN,phase10-v1
RCLASS::AMD-DEL|Economy Saver|ROUND::2026-09-06T20:15,AMD-DEL,Economy Saver,ROUND::2026-09-06T20:15,2026-09-06 20:15,ANCHORED,5,RSERIES::AMD-DEL|Economy Saver|T1(0-2)|2026-09-07|ROUND::2026-09-06T20:15;RSERIES::AMD-DEL|Economy Saver|T15(12-18)|2026-09-21|ROUND::2026-09-06T20:15;RSERIES::AMD-DEL|Economy Saver|T30(25-35)|2026-10-06|ROUND::2026-09-06T20:15;RSERIES::AMD-DEL|Economy Saver|T45(40-50)|2026-10-22|ROUND::2026-09-06T20:15;RSERIES::AMD-DEL|Economy Saver|T7(5-9)|2026-09-13|ROUND::2026-09-06T20:15,AMD,DEL,AMD-DEL,EXACT_KEY_MATCH,scripts/build_vayu_route_basket.py::make_route_id,True,IN_BASKET,BASKET_SCOPED,7,0.060216,True,OBSERVED,PRICED,5829.50,5068.25,7682.50,0.515809,5,5,0,0,0,0,0,5,NONE,,0,,False,0,COHERENT_MARKET_MOVEMENT;ISOLATED_DEVIATION,16,16,OBS02740;OBS02743;OBS02746;OBS02747;OBS02748;OBS02751;OBS02752;OBS02755;OBS02756;OBS02757;OBS02760;OBS02761;OBS02767;OBS02768;OBS02771;OBS02772,0,0,16,10,CELL::AMD|DEL|2026-09-07|Economy Saver|T1(0-2)::ROUND::2026-09-06T20:15::FLT::AI|AI-18|20:45;CELL::AMD|DEL|2026-09-07|Economy Saver|T1(0-2)::ROUND::2026-09-06T20:15::FLT::IX|IX-340|06:30;CELL::AMD|DEL|2026-09-13|Economy Saver|T7(5-9)::ROUND::2026-09-06T20:15::FLT::6E|6E-205|14:30;CELL::AMD|DEL|2026-09-13|Economy Saver|T7(5-9)::ROUND::2026-09-06T20:15::FLT::AI|AI-18|20:45;CELL::AMD|DEL|2026-09-21|Economy Saver|T15(12-18)::ROUND::2026-09-06T20:15::FLT::6E|6E-205|14:30;CELL::AMD|DEL|2026-09-21|Economy Saver|T15(12-18)::ROUND::2026-09-06T20:15::FLT::AI|AI-18|20:45;CELL::AMD|DEL|2026-09-21|Economy Saver|T15(12-18)::ROUND::2026-09-06T20:15::FLT::IX|IX-340|06:30;CELL::AMD|DEL|2026-10-06|Economy Saver|T30(25-35)::ROUND::2026-09-06T20:15::FLT::6E|6E-205|14:30;CELL::AMD|DEL|2026-10-06|Economy Saver|T30(25-35)::ROUND::2026-09-06T20:15::FLT::AI|AI-18|20:45;CELL::AMD|DEL|2026-10-22|Economy Saver|T45(40-50)::ROUND::2026-09-06T20:15::FLT::6E|6E-205|14:30,2026-09-07;2026-09-13;2026-09-21;2026-10-06;2026-10-22,5,T1(0-2);T15(12-18);T30(25-35);T45(40-50);T7(5-9),5,CELL::AMD|DEL|2026-09-07|Economy Saver|T1(0-2)::ROUND::2026-09-06T20:15;CELL::AMD|DEL|2026-09-13|Economy Saver|T7(5-9)::ROUND::2026-09-06T20:15;CELL::AMD|DEL|2026-09-21|Economy Saver|T15(12-18)::ROUND::2026-09-06T20:15;CELL::AMD|DEL|2026-10-06|Economy Saver|T30(25-35)::ROUND::2026-09-06T20:15;CELL::AMD|DEL|2026-10-22|Economy Saver|T45(40-50)::ROUND::2026-09-06T20:15,MIDPOINT_MEDIAN,phase10-v1
RCLASS::AMD-DEL|Economy Standard|ROUND::2026-09-05T09:00,AMD-DEL,Economy Standard,ROUND::2026-09-05T09:00,2026-09-05 09:00,ANCHORED,5,RSERIES::AMD-DEL|Economy Standard|T1(0-2)|2026-09-07|ROUND::2026-09-05T09:00;RSERIES::AMD-DEL|Economy Standard|T15(12-18)|2026-09-21|ROUND::2026-09-05T09:00;RSERIES::AMD-DEL|Economy Standard|T30(25-35)|2026-10-06|ROUND::2026-09-05T09:00;RSERIES::AMD-DEL|Economy Standard|T45(40-50)|2026-10-22|ROUND::2026-09-05T09:00;RSERIES::AMD-DEL|Economy Standard|T7(5-9)|2026-09-13|ROUND::2026-09-05T09:00,AMD,DEL,AMD-DEL,EXACT_KEY_MATCH,scripts/build_vayu_route_basket.py::make_route_id,True,IN_BASKET,BASKET_SCOPED,7,0.060216,True,OBSERVED,PRICED,7326.25,6578.50,9492.75,0.442996,5,5,0,0,0,0,1,4,INFO,R09,5,R05;R06,False,0,COHERENT_MARKET_MOVEMENT;ISOLATED_DEVIATION,13,13,OBS00206;OBS00208;OBS00210;OBS00211;OBS00214;OBS00215;OBS00217;OBS00218;OBS00234;OBS00235;OBS00237;OBS00238;OBS00240,0,0,13,8,CELL::AMD|DEL|2026-09-07|Economy Standard|T1(0-2)::ROUND::2026-09-05T09:00::FLT::6E|6E-205|14:30;CELL::AMD|DEL|2026-09-07|Economy Standard|T1(0-2)::ROUND::2026-09-05T09:00::FLT::AI|AI-18|20:45;CELL::AMD|DEL|2026-09-13|Economy Standard|T7(5-9)::ROUND::2026-09-05T09:00::FLT::6E|6E-205|14:30;CELL::AMD|DEL|2026-09-21|Economy Standard|T15(12-18)::ROUND::2026-09-05T09:00::FLT::6E|6E-205|14:30;CELL::AMD|DEL|2026-09-21|Economy Standard|T15(12-18)::ROUND::2026-09-05T09:00::FLT::IX|IX-340|06:30;CELL::AMD|DEL|2026-10-06|Economy Standard|T30(25-35)::ROUND::2026-09-05T09:00::FLT::IX|IX-340|06:30;CELL::AMD|DEL|2026-10-22|Economy Standard|T45(40-50)::ROUND::2026-09-05T09:00::FLT::6E|6E-205|14:30;CELL::AMD|DEL|2026-10-22|Economy Standard|T45(40-50)::ROUND::2026-09-05T09:00::FLT::IX|IX-340|06:30,2026-09-07;2026-09-13;2026-09-21;2026-10-06;2026-10-22,5,T1(0-2);T15(12-18);T30(25-35);T45(40-50);T7(5-9),5,CELL::AMD|DEL|2026-09-07|Economy Standard|T1(0-2)::ROUND::2026-09-05T09:00;CELL::AMD|DEL|2026-09-13|Economy Standard|T7(5-9)::ROUND::2026-09-05T09:00;CELL::AMD|DEL|2026-09-21|Economy Standard|T15(12-18)::ROUND::2026-09-05T09:00;CELL::AMD|DEL|2026-10-06|Economy Standard|T30(25-35)::ROUND::2026-09-05T09:00;CELL::AMD|DEL|2026-10-22|Economy Standard|T45(40-50)::ROUND::2026-09-05T09:00,MIDPOINT_MEDIAN,phase10-v1
RCLASS::AMD-DEL|Economy Standard|ROUND::2026-09-05T14:30,AMD-DEL,Economy Standard,ROUND::2026-09-05T14:30,2026-09-05 14:30,ANCHORED,5,RSERIES::AMD-DEL|Economy Standard|T1(0-2)|2026-09-07|ROUND::2026-09-05T14:30;RSERIES::AMD-DEL|Economy Standard|T15(12-18)|2026-09-21|ROUND::2026-09-05T14:30;RSERIES::AMD-DEL|Economy Standard|T30(25-35)|2026-10-06|ROUND::2026-09-05T14:30;RSERIES::AMD-DEL|Economy Standard|T45(40-50)|2026-10-22|ROUND::2026-09-05T14:30;RSERIES::AMD-DEL|Economy Standard|T7(5-9)|2026-09-13|ROUND::2026-09-05T14:30,AMD,DEL,AMD-DEL,EXACT_KEY_MATCH,scripts/build_vayu_route_basket.py::make_route_id,True,IN_BASKET,BASKET_SCOPED,7,0.060216,True,OBSERVED,PRICED,7449.00,6577.00,9463.00,0.438802,5,5,0,0,0,0,2,3,INFO,R09,5,R05;R06,False,0,COHERENT_MARKET_MOVEMENT;ISOLATED_DEVIATION,11,11,OBS00707;OBS00708;OBS00711;OBS00715;OBS00719;OBS00724;OBS00727;OBS00728;OBS00732;OBS00733;OBS00734,0,0,11,8,CELL::AMD|DEL|2026-09-07|Economy Standard|T1(0-2)::ROUND::2026-09-05T14:30::FLT::6E|6E-205|14:30;CELL::AMD|DEL|2026-09-07|Economy Standard|T1(0-2)::ROUND::2026-09-05T14:30::FLT::AI|AI-18|20:45;CELL::AMD|DEL|2026-09-13|Economy Standard|T7(5-9)::ROUND::2026-09-05T14:30::FLT::IX|IX-340|06:30;CELL::AMD|DEL|2026-09-21|Economy Standard|T15(12-18)::ROUND::2026-09-05T14:30::FLT::6E|6E-205|14:30;CELL::AMD|DEL|2026-09-21|Economy Standard|T15(12-18)::ROUND::2026-09-05T14:30::FLT::AI|AI-18|20:45;CELL::AMD|DEL|2026-09-21|Economy Standard|T15(12-18)::ROUND::2026-09-05T14:30::FLT::IX|IX-340|06:30;CELL::AMD|DEL|2026-10-06|Economy Standard|T30(25-35)::ROUND::2026-09-05T14:30::FLT::IX|IX-340|06:30;CELL::AMD|DEL|2026-10-22|Economy Standard|T45(40-50)::ROUND::2026-09-05T14:30::FLT::IX|IX-340|06:30,2026-09-07;2026-09-13;2026-09-21;2026-10-06;2026-10-22,5,T1(0-2);T15(12-18);T30(25-35);T45(40-50);T7(5-9),5,CELL::AMD|DEL|2026-09-07|Economy Standard|T1(0-2)::ROUND::2026-09-05T14:30;CELL::AMD|DEL|2026-09-13|Economy Standard|T7(5-9)::ROUND::2026-09-05T14:30;CELL::AMD|DEL|2026-09-21|Economy Standard|T15(12-18)::ROUND::2026-09-05T14:30;CELL::AMD|DEL|2026-10-06|Economy Standard|T30(25-35)::ROUND::2026-09-05T14:30;CELL::AMD|DEL|2026-10-22|Economy Standard|T45(40-50)::ROUND::2026-09-05T14:30,MIDPOINT_MEDIAN,phase10-v1
RCLASS::AMD-DEL|Economy Standard|ROUND::2026-09-05T20:15,AMD-DEL,Economy Standard,ROUND::2026-09-05T20:15,2026-09-05 20:15,ANCHORED,5,RSERIES::AMD-DEL|Economy Standard|T1(0-2)|2026-09-07|ROUND::2026-09-05T20:15;RSERIES::AMD-DEL|Economy Standard|T15(12-18)|2026-09-21|ROUND::2026-09-05T20:15;RSERIES::AMD-DEL|Economy Standard|T30(25-35)|2026-10-06|ROUND::2026-09-05T20:15;RSERIES::AMD-DEL|Economy Standard|T45(40-50)|2026-10-22|ROUND::2026-09-05T20:15;RSERIES::AMD-DEL|Economy Standard|T7(5-9)|2026-09-13|ROUND::2026-09-05T20:15,AMD,DEL,AMD-DEL,EXACT_KEY_MATCH,scripts/build_vayu_route_basket.py::make_route_id,True,IN_BASKET,BASKET_SCOPED,7,0.060216,True,OBSERVED,PRICED,7130.50,6528.00,9355.50,0.433134,5,5,0,0,0,0,0,5,NONE,,5,R05;R06,False,0,COHERENT_MARKET_MOVEMENT;ISOLATED_DEVIATION,15,15,OBS01220;OBS01221;OBS01224;OBS01225;OBS01231;OBS01234;OBS01235;OBS01239;OBS01240;OBS01242;OBS01243;OBS01247;OBS01248;OBS01252;OBS01253,0,0,15,8,CELL::AMD|DEL|2026-09-07|Economy Standard|T1(0-2)::ROUND::2026-09-05T20:15::FLT::6E|6E-205|14:30;CELL::AMD|DEL|2026-09-13|Economy Standard|T7(5-9)::ROUND::2026-09-05T20:15::FLT::AI|AI-18|20:45;CELL::AMD|DEL|2026-09-21|Economy Standard|T15(12-18)::ROUND::2026-09-05T20:15::FLT::6E|6E-205|14:30;CELL::AMD|DEL|2026-09-21|Economy Standard|T15(12-18)::ROUND::2026-09-05T20:15::FLT::AI|AI-18|20:45;CELL::AMD|DEL|2026-09-21|Economy Standard|T15(12-18)::ROUND::2026-09-05T20:15::FLT::IX|IX-340|06:30;CELL::AMD|DEL|2026-10-06|Economy Standard|T30(25-35)::ROUND::2026-09-05T20:15::FLT::IX|IX-340|06:30;CELL::AMD|DEL|2026-10-22|Economy Standard|T45(40-50)::ROUND::2026-09-05T20:15::FLT::6E|6E-205|14:30;CELL::AMD|DEL|2026-10-22|Economy Standard|T45(40-50)::ROUND::2026-09-05T20:15::FLT::AI|AI-18|20:45,2026-09-07;2026-09-13;2026-09-21;2026-10-06;2026-10-22,5,T1(0-2);T15(12-18);T30(25-35);T45(40-50);T7(5-9),5,CELL::AMD|DEL|2026-09-07|Economy Standard|T1(0-2)::ROUND::2026-09-05T20:15;CELL::AMD|DEL|2026-09-13|Economy Standard|T7(5-9)::ROUND::2026-09-05T20:15;CELL::AMD|DEL|2026-09-21|Economy Standard|T15(12-18)::ROUND::2026-09-05T20:15;CELL::AMD|DEL|2026-10-06|Economy Standard|T30(25-35)::ROUND::2026-09-05T20:15;CELL::AMD|DEL|2026-10-22|Economy Standard|T45(40-50)::ROUND::2026-09-05T20:15,MIDPOINT_MEDIAN,phase10-v1
RCLASS::AMD-DEL|Economy Standard|ROUND::2026-09-06T09:00,AMD-DEL,Economy Standard,ROUND::2026-09-06T09:00,2026-09-06 09:00,ANCHORED,4,RSERIES::AMD-DEL|Economy Standard|T15(12-18)|2026-09-21|ROUND::2026-09-06T09:00;RSERIES::AMD-DEL|Economy Standard|T30(25-35)|2026-10-06|ROUND::2026-09-06T09:00;RSERIES::AMD-DEL|Economy Standard|T45(40-50)|2026-10-22|ROUND::2026-09-06T09:00;RSERIES::AMD-DEL|Economy Standard|T7(5-9)|2026-09-13|ROUND::2026-09-06T09:00,AMD,DEL,AMD-DEL,EXACT_KEY_MATCH,scripts/build_vayu_route_basket.py::make_route_id,True,IN_BASKET,BASKET_SCOPED,7,0.060216,True,OBSERVED,PRICED,7099.63,6475.00,8841.50,0.365483,4,4,0,0,0,0,0,4,NONE,,4,R06,False,0,COHERENT_MARKET_MOVEMENT;ISOLATED_DEVIATION,11,11,OBS01741;OBS01744;OBS01745;OBS01748;OBS01749;OBS01764;OBS01765;OBS01769;OBS01770;OBS01771;OBS01775,0,0,11,7,CELL::AMD|DEL|2026-09-13|Economy Standard|T7(5-9)::ROUND::2026-09-06T09:00::FLT::6E|6E-205|14:30;CELL::AMD|DEL|2026-09-13|Economy Standard|T7(5-9)::ROUND::2026-09-06T09:00::FLT::IX|IX-340|06:30;CELL::AMD|DEL|2026-09-21|Economy Standard|T15(12-18)::ROUND::2026-09-06T09:00::FLT::6E|6E-205|14:30;CELL::AMD|DEL|2026-09-21|Economy Standard|T15(12-18)::ROUND::2026-09-06T09:00::FLT::IX|IX-340|06:30;CELL::AMD|DEL|2026-10-06|Economy Standard|T30(25-35)::ROUND::2026-09-06T09:00::FLT::6E|6E-205|14:30;CELL::AMD|DEL|2026-10-22|Economy Standard|T45(40-50)::ROUND::2026-09-06T09:00::FLT::AI|AI-18|20:45;CELL::AMD|DEL|2026-10-22|Economy Standard|T45(40-50)::ROUND::2026-09-06T09:00::FLT::IX|IX-340|06:30,2026-09-13;2026-09-21;2026-10-06;2026-10-22,4,T15(12-18);T30(25-35);T45(40-50);T7(5-9),4,CELL::AMD|DEL|2026-09-13|Economy Standard|T7(5-9)::ROUND::2026-09-06T09:00;CELL::AMD|DEL|2026-09-21|Economy Standard|T15(12-18)::ROUND::2026-09-06T09:00;CELL::AMD|DEL|2026-10-06|Economy Standard|T30(25-35)::ROUND::2026-09-06T09:00;CELL::AMD|DEL|2026-10-22|Economy Standard|T45(40-50)::ROUND::2026-09-06T09:00,MIDPOINT_MEDIAN,phase10-v1
RCLASS::AMD-DEL|Economy Standard|ROUND::2026-09-06T14:30,AMD-DEL,Economy Standard,ROUND::2026-09-06T14:30,2026-09-06 14:30,ANCHORED,4,RSERIES::AMD-DEL|Economy Standard|T1(0-2)|2026-09-07|ROUND::2026-09-06T14:30;RSERIES::AMD-DEL|Economy Standard|T15(12-18)|2026-09-21|ROUND::2026-09-06T14:30;RSERIES::AMD-DEL|Economy Standard|T45(40-50)|2026-10-22|ROUND::2026-09-06T14:30;RSERIES::AMD-DEL|Economy Standard|T7(5-9)|2026-09-13|ROUND::2026-09-06T14:30,AMD,DEL,AMD-DEL,EXACT_KEY_MATCH,scripts/build_vayu_route_basket.py::make_route_id,True,IN_BASKET,BASKET_SCOPED,7,0.060216,True,OBSERVED,PRICED,8062.00,6376.00,9490.00,0.488394,4,4,0,0,0,0,2,2,INFO,R09,1,R06,False,0,COHERENT_MARKET_MOVEMENT;ISOLATED_DEVIATION,7,7,OBS02247;OBS02248;OBS02257;OBS02267;OBS02268;OBS02272;OBS02278,0,0,7,5,CELL::AMD|DEL|2026-09-07|Economy Standard|T1(0-2)::ROUND::2026-09-06T14:30::FLT::IX|IX-340|06:30;CELL::AMD|DEL|2026-09-13|Economy Standard|T7(5-9)::ROUND::2026-09-06T14:30::FLT::6E|6E-205|14:30;CELL::AMD|DEL|2026-09-13|Economy Standard|T7(5-9)::ROUND::2026-09-06T14:30::FLT::AI|AI-18|20:45;CELL::AMD|DEL|2026-09-21|Economy Standard|T15(12-18)::ROUND::2026-09-06T14:30::FLT::IX|IX-340|06:30;CELL::AMD|DEL|2026-10-22|Economy Standard|T45(40-50)::ROUND::2026-09-06T14:30::FLT::IX|IX-340|06:30,2026-09-07;2026-09-13;2026-09-21;2026-10-22,4,T1(0-2);T15(12-18);T45(40-50);T7(5-9),4,CELL::AMD|DEL|2026-09-07|Economy Standard|T1(0-2)::ROUND::2026-09-06T14:30;CELL::AMD|DEL|2026-09-13|Economy Standard|T7(5-9)::ROUND::2026-09-06T14:30;CELL::AMD|DEL|2026-09-21|Economy Standard|T15(12-18)::ROUND::2026-09-06T14:30;CELL::AMD|DEL|2026-10-22|Economy Standard|T45(40-50)::ROUND::2026-09-06T14:30,MIDPOINT_MEDIAN,phase10-v1
RCLASS::AMD-DEL|Economy Standard|ROUND::2026-09-06T20:15,AMD-DEL,Economy Standard,ROUND::2026-09-06T20:15,2026-09-06 20:15,ANCHORED,5,RSERIES::AMD-DEL|Economy Standard|T1(0-2)|2026-09-07|ROUND::2026-09-06T20:15;RSERIES::AMD-DEL|Economy Standard|T15(12-18)|2026-09-21|ROUND::2026-09-06T20:15;RSERIES::AMD-DEL|Economy Standard|T30(25-35)|2026-10-06|ROUND::2026-09-06T20:15;RSERIES::AMD-DEL|Economy Standard|T45(40-50)|2026-10-22|ROUND::2026-09-06T20:15;RSERIES::AMD-DEL|Economy Standard|T7(5-9)|2026-09-13|ROUND::2026-09-06T20:15,AMD,DEL,AMD-DEL,EXACT_KEY_MATCH,scripts/build_vayu_route_basket.py::make_route_id,True,IN_BASKET,BASKET_SCOPED,7,0.060216,True,OBSERVED,PRICED,7571.75,6528.50,9500.00,0.455158,5,5,0,0,0,0,2,3,INFO,R09,0,,False,0,COHERENT_MARKET_MOVEMENT;ISOLATED_DEVIATION,14,14,OBS02741;OBS02742;OBS02745;OBS02753;OBS02754;OBS02758;OBS02759;OBS02764;OBS02765;OBS02766;OBS02769;OBS02770;OBS02773;OBS02776,0,0,14,9,CELL::AMD|DEL|2026-09-07|Economy Standard|T1(0-2)::ROUND::2026-09-06T20:15::FLT::IX|IX-340|06:30;CELL::AMD|DEL|2026-09-13|Economy Standard|T7(5-9)::ROUND::2026-09-06T20:15::FLT::6E|6E-205|14:30;CELL::AMD|DEL|2026-09-13|Economy Standard|T7(5-9)::ROUND::2026-09-06T20:15::FLT::AI|AI-18|20:45;CELL::AMD|DEL|2026-09-13|Economy Standard|T7(5-9)::ROUND::2026-09-06T20:15::FLT::IX|IX-340|06:30;CELL::AMD|DEL|2026-09-21|Economy Standard|T15(12-18)::ROUND::2026-09-06T20:15::FLT::AI|AI-18|20:45;CELL::AMD|DEL|2026-09-21|Economy Standard|T15(12-18)::ROUND::2026-09-06T20:15::FLT::IX|IX-340|06:30;CELL::AMD|DEL|2026-10-06|Economy Standard|T30(25-35)::ROUND::2026-09-06T20:15::FLT::6E|6E-205|14:30;CELL::AMD|DEL|2026-10-06|Economy Standard|T30(25-35)::ROUND::2026-09-06T20:15::FLT::IX|IX-340|06:30;CELL::AMD|DEL|2026-10-22|Economy Standard|T45(40-50)::ROUND::2026-09-06T20:15::FLT::AI|AI-18|20:45,2026-09-07;2026-09-13;2026-09-21;2026-10-06;2026-10-22,5,T1(0-2);T15(12-18);T30(25-35);T45(40-50);T7(5-9),5,CELL::AMD|DEL|2026-09-07|Economy Standard|T1(0-2)::ROUND::2026-09-06T20:15;CELL::AMD|DEL|2026-09-13|Economy Standard|T7(5-9)::ROUND::2026-09-06T20:15;CELL::AMD|DEL|2026-09-21|Economy Standard|T15(12-18)::ROUND::2026-09-06T20:15;CELL::AMD|DEL|2026-10-06|Economy Standard|T30(25-35)::ROUND::2026-09-06T20:15;CELL::AMD|DEL|2026-10-22|Economy Standard|T45(40-50)::ROUND::2026-09-06T20:15,MIDPOINT_MEDIAN,phase10-v1
RCLASS::DEL-MAA|Economy Flexi|ROUND::2026-09-05T09:00,DEL-MAA,Economy Flexi,ROUND::2026-09-05T09:00,2026-09-05 09:00,ANCHORED,4,RSERIES::DEL-MAA|Economy Flexi|T1(0-2)|2026-09-07|ROUND::2026-09-05T09:00;RSERIES::DEL-MAA|Economy Flexi|T30(25-35)|2026-10-06|ROUND::2026-09-05T09:00;RSERIES::DEL-MAA|Economy Flexi|T45(40-50)|2026-10-22|ROUND::2026-09-05T09:00;RSERIES::DEL-MAA|Economy Flexi|T7(5-9)|2026-09-13|ROUND::2026-09-05T09:00,DEL,MAA,DEL-MAA,EXACT_KEY_MATCH,scripts/build_vayu_route_basket.py::make_route_id,True,IN_BASKET,BASKET_SCOPED,8,0.058216,True,OBSERVED,PRICED,9161.63,7933.00,11375.00,0.433884,4,4,0,0,0,0,1,3,INFO,R09,4,R05;R06,False,0,COHERENT_MARKET_MOVEMENT;ISOLATED_DEVIATION,12,12,OBS00249;OBS00250;OBS00252;OBS00253;OBS00258;OBS00262;OBS00263;OBS00264;OBS00265;OBS00268;OBS00269;OBS00270,0,0,12,7,CELL::DEL|MAA|2026-09-07|Economy Flexi|T1(0-2)::ROUND::2026-09-05T09:00::FLT::IX|IX-621|05:30;CELL::DEL|MAA|2026-09-13|Economy Flexi|T7(5-9)::ROUND::2026-09-05T09:00::FLT::AI|AI-542|07:00;CELL::DEL|MAA|2026-09-13|Economy Flexi|T7(5-9)::ROUND::2026-09-05T09:00::FLT::IX|IX-621|05:30;CELL::DEL|MAA|2026-10-06|Economy Flexi|T30(25-35)::ROUND::2026-09-05T09:00::FLT::AI|AI-542|07:00;CELL::DEL|MAA|2026-10-06|Economy Flexi|T30(25-35)::ROUND::2026-09-05T09:00::FLT::IX|IX-621|05:30;CELL::DEL|MAA|2026-10-22|Economy Flexi|T45(40-50)::ROUND::2026-09-05T09:00::FLT::6E|6E-843|06:30;CELL::DEL|MAA|2026-10-22|Economy Flexi|T45(40-50)::ROUND::2026-09-05T09:00::FLT::IX|IX-621|05:30,2026-09-07;2026-09-13;2026-10-06;2026-10-22,4,T1(0-2);T30(25-35);T45(40-50);T7(5-9),4,CELL::DEL|MAA|2026-09-07|Economy Flexi|T1(0-2)::ROUND::2026-09-05T09:00;CELL::DEL|MAA|2026-09-13|Economy Flexi|T7(5-9)::ROUND::2026-09-05T09:00;CELL::DEL|MAA|2026-10-06|Economy Flexi|T30(25-35)::ROUND::2026-09-05T09:00;CELL::DEL|MAA|2026-10-22|Economy Flexi|T45(40-50)::ROUND::2026-09-05T09:00,MIDPOINT_MEDIAN,phase10-v1
RCLASS::DEL-MAA|Economy Flexi|ROUND::2026-09-05T14:30,DEL-MAA,Economy Flexi,ROUND::2026-09-05T14:30,2026-09-05 14:30,ANCHORED,5,RSERIES::DEL-MAA|Economy Flexi|T1(0-2)|2026-09-07|ROUND::2026-09-05T14:30;RSERIES::DEL-MAA|Economy Flexi|T15(12-18)|2026-09-21|ROUND::2026-09-05T14:30;RSERIES::DEL-MAA|Economy Flexi|T30(25-35)|2026-10-06|ROUND::2026-09-05T14:30;RSERIES::DEL-MAA|Economy Flexi|T45(40-50)|2026-10-22|ROUND::2026-09-05T14:30;RSERIES::DEL-MAA|Economy Flexi|T7(5-9)|2026-09-13|ROUND::2026-09-05T14:30,DEL,MAA,DEL-MAA,EXACT_KEY_MATCH,scripts/build_vayu_route_basket.py::make_route_id,True,IN_BASKET,BASKET_SCOPED,8,0.058216,True,OBSERVED,PRICED,8501.00,7893.50,11293.00,0.430671,5,5,0,0,0,0,0,5,NONE,,5,R05;R06,False,0,COHERENT_MARKET_MOVEMENT,17,17,OBS00735;OBS00738;OBS00743;OBS00745;OBS00746;OBS00748;OBS00749;OBS00750;OBS00751;OBS00759;OBS00760;OBS00762;OBS00763;OBS00764;OBS00765;OBS00767;OBS00768,0,0,17,11,CELL::DEL|MAA|2026-09-07|Economy Flexi|T1(0-2)::ROUND::2026-09-05T14:30::FLT::6E|6E-843|06:30;CELL::DEL|MAA|2026-09-07|Economy Flexi|T1(0-2)::ROUND::2026-09-05T14:30::FLT::AI|AI-542|07:00;CELL::DEL|MAA|2026-09-13|Economy Flexi|T7(5-9)::ROUND::2026-09-05T14:30::FLT::6E|6E-843|06:30;CELL::DEL|MAA|2026-09-13|Economy Flexi|T7(5-9)::ROUND::2026-09-05T14:30::FLT::AI|AI-542|07:00;CELL::DEL|MAA|2026-09-13|Economy Flexi|T7(5-9)::ROUND::2026-09-05T14:30::FLT::IX|IX-621|05:30;CELL::DEL|MAA|2026-09-21|Economy Flexi|T15(12-18)::ROUND::2026-09-05T14:30::FLT::6E|6E-843|06:30;CELL::DEL|MAA|2026-09-21|Economy Flexi|T15(12-18)::ROUND::2026-09-05T14:30::FLT::IX|IX-621|05:30;CELL::DEL|MAA|2026-10-06|Economy Flexi|T30(25-35)::ROUND::2026-09-05T14:30::FLT::6E|6E-843|06:30;CELL::DEL|MAA|2026-10-06|Economy Flexi|T30(25-35)::ROUND::2026-09-05T14:30::FLT::IX|IX-621|05:30;CELL::DEL|MAA|2026-10-22|Economy Flexi|T45(40-50)::ROUND::2026-09-05T14:30::FLT::6E|6E-843|06:30;CELL::DEL|MAA|2026-10-22|Economy Flexi|T45(40-50)::ROUND::2026-09-05T14:30::FLT::IX|IX-621|05:30,2026-09-07;2026-09-13;2026-09-21;2026-10-06;2026-10-22,5,T1(0-2);T15(12-18);T30(25-35);T45(40-50);T7(5-9),5,CELL::DEL|MAA|2026-09-07|Economy Flexi|T1(0-2)::ROUND::2026-09-05T14:30;CELL::DEL|MAA|2026-09-13|Economy Flexi|T7(5-9)::ROUND::2026-09-05T14:30;CELL::DEL|MAA|2026-09-21|Economy Flexi|T15(12-18)::ROUND::2026-09-05T14:30;CELL::DEL|MAA|2026-10-06|Economy Flexi|T30(25-35)::ROUND::2026-09-05T14:30;CELL::DEL|MAA|2026-10-22|Economy Flexi|T45(40-50)::ROUND::2026-09-05T14:30,MIDPOINT_MEDIAN,phase10-v1
RCLASS::DEL-MAA|Economy Flexi|ROUND::2026-09-05T20:15,DEL-MAA,Economy Flexi,ROUND::2026-09-05T20:15,2026-09-05 20:15,ANCHORED,5,RSERIES::DEL-MAA|Economy Flexi|T1(0-2)|2026-09-07|ROUND::2026-09-05T20:15;RSERIES::DEL-MAA|Economy Flexi|T15(12-18)|2026-09-21|ROUND::2026-09-05T20:15;RSERIES::DEL-MAA|Economy Flexi|T30(25-35)|2026-10-06|ROUND::2026-09-05T20:15;RSERIES::DEL-MAA|Economy Flexi|T45(40-50)|2026-10-22|ROUND::2026-09-05T20:15;RSERIES::DEL-MAA|Economy Flexi|T7(5-9)|2026-09-13|ROUND::2026-09-05T20:15,DEL,MAA,DEL-MAA,EXACT_KEY_MATCH,scripts/build_vayu_route_basket.py::make_route_id,True,IN_BASKET,BASKET_SCOPED,8,0.058216,True,OBSERVED,PRICED,8521.00,7769.00,11154.00,0.435706,5,5,0,0,0,0,2,3,INFO,R09,5,R05;R06,False,0,COHERENT_MARKET_MOVEMENT;ISOLATED_DEVIATION,13,13,OBS01256;OBS01257;OBS01260;OBS01261;OBS01268;OBS01269;OBS01273;OBS01275;OBS01276;OBS01279;OBS01282;OBS01283;OBS01287,0,0,13,9,CELL::DEL|MAA|2026-09-07|Economy Flexi|T1(0-2)::ROUND::2026-09-05T20:15::FLT::6E|6E-843|06:30;CELL::DEL|MAA|2026-09-07|Economy Flexi|T1(0-2)::ROUND::2026-09-05T20:15::FLT::AI|AI-542|07:00;CELL::DEL|MAA|2026-09-07|Economy Flexi|T1(0-2)::ROUND::2026-09-05T20:15::FLT::IX|IX-621|05:30;CELL::DEL|MAA|2026-09-13|Economy Flexi|T7(5-9)::ROUND::2026-09-05T20:15::FLT::6E|6E-843|06:30;CELL::DEL|MAA|2026-09-13|Economy Flexi|T7(5-9)::ROUND::2026-09-05T20:15::FLT::IX|IX-621|05:30;CELL::DEL|MAA|2026-09-21|Economy Flexi|T15(12-18)::ROUND::2026-09-05T20:15::FLT::AI|AI-542|07:00;CELL::DEL|MAA|2026-10-06|Economy Flexi|T30(25-35)::ROUND::2026-09-05T20:15::FLT::AI|AI-542|07:00;CELL::DEL|MAA|2026-10-06|Economy Flexi|T30(25-35)::ROUND::2026-09-05T20:15::FLT::IX|IX-621|05:30;CELL::DEL|MAA|2026-10-22|Economy Flexi|T45(40-50)::ROUND::2026-09-05T20:15::FLT::6E|6E-843|06:30,2026-09-07;2026-09-13;2026-09-21;2026-10-06;2026-10-22,5,T1(0-2);T15(12-18);T30(25-35);T45(40-50);T7(5-9),5,CELL::DEL|MAA|2026-09-07|Economy Flexi|T1(0-2)::ROUND::2026-09-05T20:15;CELL::DEL|MAA|2026-09-13|Economy Flexi|T7(5-9)::ROUND::2026-09-05T20:15;CELL::DEL|MAA|2026-09-21|Economy Flexi|T15(12-18)::ROUND::2026-09-05T20:15;CELL::DEL|MAA|2026-10-06|Economy Flexi|T30(25-35)::ROUND::2026-09-05T20:15;CELL::DEL|MAA|2026-10-22|Economy Flexi|T45(40-50)::ROUND::2026-09-05T20:15,MIDPOINT_MEDIAN,phase10-v1
RCLASS::DEL-MAA|Economy Flexi|ROUND::2026-09-06T09:00,DEL-MAA,Economy Flexi,ROUND::2026-09-06T09:00,2026-09-06 09:00,ANCHORED,4,RSERIES::DEL-MAA|Economy Flexi|T15(12-18)|2026-09-21|ROUND::2026-09-06T09:00;RSERIES::DEL-MAA|Economy Flexi|T30(25-35)|2026-10-06|ROUND::2026-09-06T09:00;RSERIES::DEL-MAA|Economy Flexi|T45(40-50)|2026-10-22|ROUND::2026-09-06T09:00;RSERIES::DEL-MAA|Economy Flexi|T7(5-9)|2026-09-13|ROUND::2026-09-06T09:00,DEL,MAA,DEL-MAA,EXACT_KEY_MATCH,scripts/build_vayu_route_basket.py::make_route_id,True,IN_BASKET,BASKET_SCOPED,8,0.058216,True,OBSERVED,PRICED,8586.00,7944.00,10709.50,0.348124,4,4,0,0,0,0,0,4,NONE,,4,R05;R06,False,0,COHERENT_MARKET_MOVEMENT;ISOLATED_DEVIATION,11,11,OBS01779;OBS01781;OBS01782;OBS01786;OBS01791;OBS01792;OBS01795;OBS01796;OBS01801;OBS01806;OBS01807,0,0,11,7,CELL::DEL|MAA|2026-09-13|Economy Flexi|T7(5-9)::ROUND::2026-09-06T09:00::FLT::6E|6E-843|06:30;CELL::DEL|MAA|2026-09-13|Economy Flexi|T7(5-9)::ROUND::2026-09-06T09:00::FLT::AI|AI-542|07:00;CELL::DEL|MAA|2026-09-13|Economy Flexi|T7(5-9)::ROUND::2026-09-06T09:00::FLT::IX|IX-621|05:30;CELL::DEL|MAA|2026-09-21|Economy Flexi|T15(12-18)::ROUND::2026-09-06T09:00::FLT::AI|AI-542|07:00;CELL::DEL|MAA|2026-10-06|Economy Flexi|T30(25-35)::ROUND::2026-09-06T09:00::FLT::6E|6E-843|06:30;CELL::DEL|MAA|2026-10-22|Economy Flexi|T45(40-50)::ROUND::2026-09-06T09:00::FLT::6E|6E-843|06:30;CELL::DEL|MAA|2026-10-22|Economy Flexi|T45(40-50)::ROUND::2026-09-06T09:00::FLT::AI|AI-542|07:00,2026-09-13;2026-09-21;2026-10-06;2026-10-22,4,T15(12-18);T30(25-35);T45(40-50);T7(5-9),4,CELL::DEL|MAA|2026-09-13|Economy Flexi|T7(5-9)::ROUND::2026-09-06T09:00;CELL::DEL|MAA|2026-09-21|Economy Flexi|T15(12-18)::ROUND::2026-09-06T09:00;CELL::DEL|MAA|2026-10-06|Economy Flexi|T30(25-35)::ROUND::2026-09-06T09:00;CELL::DEL|MAA|2026-10-22|Economy Flexi|T45(40-50)::ROUND::2026-09-06T09:00,MIDPOINT_MEDIAN,phase10-v1
RCLASS::DEL-MAA|Economy Flexi|ROUND::2026-09-06T14:30,DEL-MAA,Economy Flexi,ROUND::2026-09-06T14:30,2026-09-06 14:30,ANCHORED,5,RSERIES::DEL-MAA|Economy Flexi|T1(0-2)|2026-09-07|ROUND::2026-09-06T14:30;RSERIES::DEL-MAA|Economy Flexi|T15(12-18)|2026-09-21|ROUND::2026-09-06T14:30;RSERIES::DEL-MAA|Economy Flexi|T30(25-35)|2026-10-06|ROUND::2026-09-06T14:30;RSERIES::DEL-MAA|Economy Flexi|T45(40-50)|2026-10-22|ROUND::2026-09-06T14:30;RSERIES::DEL-MAA|Economy Flexi|T7(5-9)|2026-09-13|ROUND::2026-09-06T14:30,DEL,MAA,DEL-MAA,EXACT_KEY_MATCH,scripts/build_vayu_route_basket.py::make_route_id,True,IN_BASKET,BASKET_SCOPED,8,0.058216,True,OBSERVED,PRICED,8715.00,7733.00,11528.50,0.490819,5,5,0,0,0,0,2,3,INFO,R09,2,R06,False,0,COHERENT_MARKET_MOVEMENT;ISOLATED_DEVIATION,13,13,OBS02284;OBS02287;OBS02288;OBS02292;OBS02293;OBS02294;OBS02295;OBS02298;OBS02300;OBS02301;OBS02302;OBS02303;OBS02306,0,0,13,8,CELL::DEL|MAA|2026-09-07|Economy Flexi|T1(0-2)::ROUND::2026-09-06T14:30::FLT::AI|AI-542|07:00;CELL::DEL|MAA|2026-09-07|Economy Flexi|T1(0-2)::ROUND::2026-09-06T14:30::FLT::IX|IX-621|05:30;CELL::DEL|MAA|2026-09-13|Economy Flexi|T7(5-9)::ROUND::2026-09-06T14:30::FLT::6E|6E-843|06:30;CELL::DEL|MAA|2026-09-13|Economy Flexi|T7(5-9)::ROUND::2026-09-06T14:30::FLT::AI|AI-542|07:00;CELL::DEL|MAA|2026-09-21|Economy Flexi|T15(12-18)::ROUND::2026-09-06T14:30::FLT::IX|IX-621|05:30;CELL::DEL|MAA|2026-10-06|Economy Flexi|T30(25-35)::ROUND::2026-09-06T14:30::FLT::AI|AI-542|07:00;CELL::DEL|MAA|2026-10-22|Economy Flexi|T45(40-50)::ROUND::2026-09-06T14:30::FLT::6E|6E-843|06:30;CELL::DEL|MAA|2026-10-22|Economy Flexi|T45(40-50)::ROUND::2026-09-06T14:30::FLT::AI|AI-542|07:00,2026-09-07;2026-09-13;2026-09-21;2026-10-06;2026-10-22,5,T1(0-2);T15(12-18);T30(25-35);T45(40-50);T7(5-9),5,CELL::DEL|MAA|2026-09-07|Economy Flexi|T1(0-2)::ROUND::2026-09-06T14:30;CELL::DEL|MAA|2026-09-13|Economy Flexi|T7(5-9)::ROUND::2026-09-06T14:30;CELL::DEL|MAA|2026-09-21|Economy Flexi|T15(12-18)::ROUND::2026-09-06T14:30;CELL::DEL|MAA|2026-10-06|Economy Flexi|T30(25-35)::ROUND::2026-09-06T14:30;CELL::DEL|MAA|2026-10-22|Economy Flexi|T45(40-50)::ROUND::2026-09-06T14:30,MIDPOINT_MEDIAN,phase10-v1
RCLASS::DEL-MAA|Economy Flexi|ROUND::2026-09-06T20:15,DEL-MAA,Economy Flexi,ROUND::2026-09-06T20:15,2026-09-06 20:15,ANCHORED,4,RSERIES::DEL-MAA|Economy Flexi|T1(0-2)|2026-09-07|ROUND::2026-09-06T20:15;RSERIES::DEL-MAA|Economy Flexi|T15(12-18)|2026-09-21|ROUND::2026-09-06T20:15;RSERIES::DEL-MAA|Economy Flexi|T45(40-50)|2026-10-22|ROUND::2026-09-06T20:15;RSERIES::DEL-MAA|Economy Flexi|T7(5-9)|2026-09-13|ROUND::2026-09-06T20:15,DEL,MAA,DEL-MAA,EXACT_KEY_MATCH,scripts/build_vayu_route_basket.py::make_route_id,True,IN_BASKET,BASKET_SCOPED,8,0.058216,True,OBSERVED,PRICED,9784.13,8019.00,11470.50,0.430415,4,4,0,0,0,0,0,4,NONE,,0,,False,0,COHERENT_MARKET_MOVEMENT;ISOLATED_DEVIATION,10,10,OBS02781;OBS02782;OBS02791;OBS02792;OBS02804;OBS02805;OBS02806;OBS02807;OBS02811;OBS02812,0,0,10,5,CELL::DEL|MAA|2026-09-07|Economy Flexi|T1(0-2)::ROUND::2026-09-06T20:15::FLT::6E|6E-843|06:30;CELL::DEL|MAA|2026-09-13|Economy Flexi|T7(5-9)::ROUND::2026-09-06T20:15::FLT::AI|AI-542|07:00;CELL::DEL|MAA|2026-09-13|Economy Flexi|T7(5-9)::ROUND::2026-09-06T20:15::FLT::IX|IX-621|05:30;CELL::DEL|MAA|2026-09-21|Economy Flexi|T15(12-18)::ROUND::2026-09-06T20:15::FLT::IX|IX-621|05:30;CELL::DEL|MAA|2026-10-22|Economy Flexi|T45(40-50)::ROUND::2026-09-06T20:15::FLT::IX|IX-621|05:30,2026-09-07;2026-09-13;2026-09-21;2026-10-22,4,T1(0-2);T15(12-18);T45(40-50);T7(5-9),4,CELL::DEL|MAA|2026-09-07|Economy Flexi|T1(0-2)::ROUND::2026-09-06T20:15;CELL::DEL|MAA|2026-09-13|Economy Flexi|T7(5-9)::ROUND::2026-09-06T20:15;CELL::DEL|MAA|2026-09-21|Economy Flexi|T15(12-18)::ROUND::2026-09-06T20:15;CELL::DEL|MAA|2026-10-22|Economy Flexi|T45(40-50)::ROUND::2026-09-06T20:15,MIDPOINT_MEDIAN,phase10-v1
RCLASS::DEL-MAA|Economy Saver|ROUND::2026-09-05T09:00,DEL-MAA,Economy Saver,ROUND::2026-09-05T09:00,2026-09-05 09:00,ANCHORED,5,RSERIES::DEL-MAA|Economy Saver|T1(0-2)|2026-09-07|ROUND::2026-09-05T09:00;RSERIES::DEL-MAA|Economy Saver|T15(12-18)|2026-09-21|ROUND::2026-09-05T09:00;RSERIES::DEL-MAA|Economy Saver|T30(25-35)|2026-10-06|ROUND::2026-09-05T09:00;RSERIES::DEL-MAA|Economy Saver|T45(40-50)|2026-10-22|ROUND::2026-09-05T09:00;RSERIES::DEL-MAA|Economy Saver|T7(5-9)|2026-09-13|ROUND::2026-09-05T09:00,DEL,MAA,DEL-MAA,EXACT_KEY_MATCH,scripts/build_vayu_route_basket.py::make_route_id,True,IN_BASKET,BASKET_SCOPED,8,0.058216,True,OBSERVED,PRICED,5705.00,5057.00,7274.00,0.438402,5,5,0,0,0,0,2,3,INFO,R09,5,R05;R06,False,0,COHERENT_MARKET_MOVEMENT;ISOLATED_DEVIATION,10,10,OBS00243;OBS00244;OBS00246;OBS00247;OBS00248;OBS00251;OBS00256;OBS00259;OBS00266;OBS00267,0,0,10,8,CELL::DEL|MAA|2026-09-07|Economy Saver|T1(0-2)::ROUND::2026-09-05T09:00::FLT::AI|AI-542|07:00;CELL::DEL|MAA|2026-09-13|Economy Saver|T7(5-9)::ROUND::2026-09-05T09:00::FLT::6E|6E-843|06:30;CELL::DEL|MAA|2026-09-13|Economy Saver|T7(5-9)::ROUND::2026-09-05T09:00::FLT::IX|IX-621|05:30;CELL::DEL|MAA|2026-09-21|Economy Saver|T15(12-18)::ROUND::2026-09-05T09:00::FLT::AI|AI-542|07:00;CELL::DEL|MAA|2026-09-21|Economy Saver|T15(12-18)::ROUND::2026-09-05T09:00::FLT::IX|IX-621|05:30;CELL::DEL|MAA|2026-10-06|Economy Saver|T30(25-35)::ROUND::2026-09-05T09:00::FLT::6E|6E-843|06:30;CELL::DEL|MAA|2026-10-22|Economy Saver|T45(40-50)::ROUND::2026-09-05T09:00::FLT::6E|6E-843|06:30;CELL::DEL|MAA|2026-10-22|Economy Saver|T45(40-50)::ROUND::2026-09-05T09:00::FLT::AI|AI-542|07:00,2026-09-07;2026-09-13;2026-09-21;2026-10-06;2026-10-22,5,T1(0-2);T15(12-18);T30(25-35);T45(40-50);T7(5-9),5,CELL::DEL|MAA|2026-09-07|Economy Saver|T1(0-2)::ROUND::2026-09-05T09:00;CELL::DEL|MAA|2026-09-13|Economy Saver|T7(5-9)::ROUND::2026-09-05T09:00;CELL::DEL|MAA|2026-09-21|Economy Saver|T15(12-18)::ROUND::2026-09-05T09:00;CELL::DEL|MAA|2026-10-06|Economy Saver|T30(25-35)::ROUND::2026-09-05T09:00;CELL::DEL|MAA|2026-10-22|Economy Saver|T45(40-50)::ROUND::2026-09-05T09:00,MIDPOINT_MEDIAN,phase10-v1
RCLASS::DEL-MAA|Economy Saver|ROUND::2026-09-05T14:30,DEL-MAA,Economy Saver,ROUND::2026-09-05T14:30,2026-09-05 14:30,ANCHORED,5,RSERIES::DEL-MAA|Economy Saver|T1(0-2)|2026-09-07|ROUND::2026-09-05T14:30;RSERIES::DEL-MAA|Economy Saver|T15(12-18)|2026-09-21|ROUND::2026-09-05T14:30;RSERIES::DEL-MAA|Economy Saver|T30(25-35)|2026-10-06|ROUND::2026-09-05T14:30;RSERIES::DEL-MAA|Economy Saver|T45(40-50)|2026-10-22|ROUND::2026-09-05T14:30;RSERIES::DEL-MAA|Economy Saver|T7(5-9)|2026-09-13|ROUND::2026-09-05T14:30,DEL,MAA,DEL-MAA,EXACT_KEY_MATCH,scripts/build_vayu_route_basket.py::make_route_id,True,IN_BASKET,BASKET_SCOPED,8,0.058216,True,OBSERVED,PRICED,5688.00,5247.00,7362.00,0.403087,5,5,0,0,0,0,2,3,INFO,R09,5,R05;R06,False,0,COHERENT_MARKET_MOVEMENT;ISOLATED_DEVIATION,12,12,OBS00739;OBS00740;OBS00741;OBS00742;OBS00747;OBS00752;OBS00753;OBS00754;OBS00755;OBS00758;OBS00761;OBS00766,0,0,12,8,CELL::DEL|MAA|2026-09-07|Economy Saver|T1(0-2)::ROUND::2026-09-05T14:30::FLT::IX|IX-621|05:30;CELL::DEL|MAA|2026-09-13|Economy Saver|T7(5-9)::ROUND::2026-09-05T14:30::FLT::6E|6E-843|06:30;CELL::DEL|MAA|2026-09-13|Economy Saver|T7(5-9)::ROUND::2026-09-05T14:30::FLT::IX|IX-621|05:30;CELL::DEL|MAA|2026-09-21|Economy Saver|T15(12-18)::ROUND::2026-09-05T14:30::FLT::6E|6E-843|06:30;CELL::DEL|MAA|2026-09-21|Economy Saver|T15(12-18)::ROUND::2026-09-05T14:30::FLT::AI|AI-542|07:00;CELL::DEL|MAA|2026-10-06|Economy Saver|T30(25-35)::ROUND::2026-09-05T14:30::FLT::AI|AI-542|07:00;CELL::DEL|MAA|2026-10-06|Economy Saver|T30(25-35)::ROUND::2026-09-05T14:30::FLT::IX|IX-621|05:30;CELL::DEL|MAA|2026-10-22|Economy Saver|T45(40-50)::ROUND::2026-09-05T14:30::FLT::6E|6E-843|06:30,2026-09-07;2026-09-13;2026-09-21;2026-10-06;2026-10-22,5,T1(0-2);T15(12-18);T30(25-35);T45(40-50);T7(5-9),5,CELL::DEL|MAA|2026-09-07|Economy Saver|T1(0-2)::ROUND::2026-09-05T14:30;CELL::DEL|MAA|2026-09-13|Economy Saver|T7(5-9)::ROUND::2026-09-05T14:30;CELL::DEL|MAA|2026-09-21|Economy Saver|T15(12-18)::ROUND::2026-09-05T14:30;CELL::DEL|MAA|2026-10-06|Economy Saver|T30(25-35)::ROUND::2026-09-05T14:30;CELL::DEL|MAA|2026-10-22|Economy Saver|T45(40-50)::ROUND::2026-09-05T14:30,MIDPOINT_MEDIAN,phase10-v1
RCLASS::DEL-MAA|Economy Saver|ROUND::2026-09-05T20:15,DEL-MAA,Economy Saver,ROUND::2026-09-05T20:15,2026-09-05 20:15,ANCHORED,4,RSERIES::DEL-MAA|Economy Saver|T1(0-2)|2026-09-07|ROUND::2026-09-05T20:15;RSERIES::DEL-MAA|Economy Saver|T15(12-18)|2026-09-21|ROUND::2026-09-05T20:15;RSERIES::DEL-MAA|Economy Saver|T30(25-35)|2026-10-06|ROUND::2026-09-05T20:15;RSERIES::DEL-MAA|Economy Saver|T7(5-9)|2026-09-13|ROUND::2026-09-05T20:15,DEL,MAA,DEL-MAA,EXACT_KEY_MATCH,scripts/build_vayu_route_basket.py::make_route_id,True,IN_BASKET,BASKET_SCOPED,8,0.058216,True,OBSERVED,PRICED,6224.50,5058.50,7401.00,0.463082,4,4,0,0,0,0,0,4,NONE,,4,R05;R06,False,0,COHERENT_MARKET_MOVEMENT;ISOLATED_DEVIATION,9,9,OBS01264;OBS01265;OBS01270;OBS01271;OBS01272;OBS01274;OBS01280;OBS01281;OBS01285,0,0,9,6,CELL::DEL|MAA|2026-09-07|Economy Saver|T1(0-2)::ROUND::2026-09-05T20:15::FLT::AI|AI-542|07:00;CELL::DEL|MAA|2026-09-13|Economy Saver|T7(5-9)::ROUND::2026-09-05T20:15::FLT::AI|AI-542|07:00;CELL::DEL|MAA|2026-09-13|Economy Saver|T7(5-9)::ROUND::2026-09-05T20:15::FLT::IX|IX-621|05:30;CELL::DEL|MAA|2026-09-21|Economy Saver|T15(12-18)::ROUND::2026-09-05T20:15::FLT::AI|AI-542|07:00;CELL::DEL|MAA|2026-09-21|Economy Saver|T15(12-18)::ROUND::2026-09-05T20:15::FLT::IX|IX-621|05:30;CELL::DEL|MAA|2026-10-06|Economy Saver|T30(25-35)::ROUND::2026-09-05T20:15::FLT::6E|6E-843|06:30,2026-09-07;2026-09-13;2026-09-21;2026-10-06,4,T1(0-2);T15(12-18);T30(25-35);T7(5-9),4,CELL::DEL|MAA|2026-09-07|Economy Saver|T1(0-2)::ROUND::2026-09-05T20:15;CELL::DEL|MAA|2026-09-13|Economy Saver|T7(5-9)::ROUND::2026-09-05T20:15;CELL::DEL|MAA|2026-09-21|Economy Saver|T15(12-18)::ROUND::2026-09-05T20:15;CELL::DEL|MAA|2026-10-06|Economy Saver|T30(25-35)::ROUND::2026-09-05T20:15,MIDPOINT_MEDIAN,phase10-v1
RCLASS::DEL-MAA|Economy Saver|ROUND::2026-09-06T09:00,DEL-MAA,Economy Saver,ROUND::2026-09-06T09:00,2026-09-06 09:00,ANCHORED,5,RSERIES::DEL-MAA|Economy Saver|T1(0-2)|2026-09-07|ROUND::2026-09-06T09:00;RSERIES::DEL-MAA|Economy Saver|T15(12-18)|2026-09-21|ROUND::2026-09-06T09:00;RSERIES::DEL-MAA|Economy Saver|T30(25-35)|2026-10-06|ROUND::2026-09-06T09:00;RSERIES::DEL-MAA|Economy Saver|T45(40-50)|2026-10-22|ROUND::2026-09-06T09:00;RSERIES::DEL-MAA|Economy Saver|T7(5-9)|2026-09-13|ROUND::2026-09-06T09:00,DEL,MAA,DEL-MAA,EXACT_KEY_MATCH,scripts/build_vayu_route_basket.py::make_route_id,True,IN_BASKET,BASKET_SCOPED,8,0.058216,True,OBSERVED,PRICED,5980.00,5157.00,7432.00,0.441148,5,5,0,0,0,0,0,5,NONE,,5,R05;R06,False,0,COHERENT_MARKET_MOVEMENT,15,15,OBS01777;OBS01778;OBS01785;OBS01788;OBS01789;OBS01790;OBS01793;OBS01794;OBS01798;OBS01799;OBS01802;OBS01803;OBS01808;OBS01809;OBS01811,0,0,15,11,CELL::DEL|MAA|2026-09-07|Economy Saver|T1(0-2)::ROUND::2026-09-06T09:00::FLT::6E|6E-843|06:30;CELL::DEL|MAA|2026-09-07|Economy Saver|T1(0-2)::ROUND::2026-09-06T09:00::FLT::AI|AI-542|07:00;CELL::DEL|MAA|2026-09-07|Economy Saver|T1(0-2)::ROUND::2026-09-06T09:00::FLT::IX|IX-621|05:30;CELL::DEL|MAA|2026-09-13|Economy Saver|T7(5-9)::ROUND::2026-09-06T09:00::FLT::6E|6E-843|06:30;CELL::DEL|MAA|2026-09-13|Economy Saver|T7(5-9)::ROUND::2026-09-06T09:00::FLT::AI|AI-542|07:00;CELL::DEL|MAA|2026-09-21|Economy Saver|T15(12-18)::ROUND::2026-09-06T09:00::FLT::AI|AI-542|07:00;CELL::DEL|MAA|2026-09-21|Economy Saver|T15(12-18)::ROUND::2026-09-06T09:00::FLT::IX|IX-621|05:30;CELL::DEL|MAA|2026-10-06|Economy Saver|T30(25-35)::ROUND::2026-09-06T09:00::FLT::AI|AI-542|07:00;CELL::DEL|MAA|2026-10-06|Economy Saver|T30(25-35)::ROUND::2026-09-06T09:00::FLT::IX|IX-621|05:30;CELL::DEL|MAA|2026-10-22|Economy Saver|T45(40-50)::ROUND::2026-09-06T09:00::FLT::6E|6E-843|06:30;CELL::DEL|MAA|2026-10-22|Economy Saver|T45(40-50)::ROUND::2026-09-06T09:00::FLT::IX|IX-621|05:30,2026-09-07;2026-09-13;2026-09-21;2026-10-06;2026-10-22,5,T1(0-2);T15(12-18);T30(25-35);T45(40-50);T7(5-9),5,CELL::DEL|MAA|2026-09-07|Economy Saver|T1(0-2)::ROUND::2026-09-06T09:00;CELL::DEL|MAA|2026-09-13|Economy Saver|T7(5-9)::ROUND::2026-09-06T09:00;CELL::DEL|MAA|2026-09-21|Economy Saver|T15(12-18)::ROUND::2026-09-06T09:00;CELL::DEL|MAA|2026-10-06|Economy Saver|T30(25-35)::ROUND::2026-09-06T09:00;CELL::DEL|MAA|2026-10-22|Economy Saver|T45(40-50)::ROUND::2026-09-06T09:00,MIDPOINT_MEDIAN,phase10-v1
RCLASS::DEL-MAA|Economy Saver|ROUND::2026-09-06T14:30,DEL-MAA,Economy Saver,ROUND::2026-09-06T14:30,2026-09-06 14:30,ANCHORED,5,RSERIES::DEL-MAA|Economy Saver|T1(0-2)|2026-09-07|ROUND::2026-09-06T14:30;RSERIES::DEL-MAA|Economy Saver|T15(12-18)|2026-09-21|ROUND::2026-09-06T14:30;RSERIES::DEL-MAA|Economy Saver|T30(25-35)|2026-10-06|ROUND::2026-09-06T14:30;RSERIES::DEL-MAA|Economy Saver|T45(40-50)|2026-10-22|ROUND::2026-09-06T14:30;RSERIES::DEL-MAA|Economy Saver|T7(5-9)|2026-09-13|ROUND::2026-09-06T14:30,DEL,MAA,DEL-MAA,EXACT_KEY_MATCH,scripts/build_vayu_route_basket.py::make_route_id,True,IN_BASKET,BASKET_SCOPED,8,0.058216,True,OBSERVED,PRICED,5615.00,5125.00,7457.75,0.455171,5,5,0,0,0,0,1,4,INFO,R09,1,R06,False,0,COHERENT_MARKET_MOVEMENT;ISOLATED_DEVIATION,15,15,OBS02280;OBS02281;OBS02285;OBS02290;OBS02291;OBS02296;OBS02297;OBS02299;OBS02304;OBS02305;OBS02307;OBS02308;OBS02309;OBS02310;OBS02311,0,0,15,9,CELL::DEL|MAA|2026-09-07|Economy Saver|T1(0-2)::ROUND::2026-09-06T14:30::FLT::6E|6E-843|06:30;CELL::DEL|MAA|2026-09-07|Economy Saver|T1(0-2)::ROUND::2026-09-06T14:30::FLT::AI|AI-542|07:00;CELL::DEL|MAA|2026-09-13|Economy Saver|T7(5-9)::ROUND::2026-09-06T14:30::FLT::IX|IX-621|05:30;CELL::DEL|MAA|2026-09-21|Economy Saver|T15(12-18)::ROUND::2026-09-06T14:30::FLT::6E|6E-843|06:30;CELL::DEL|MAA|2026-09-21|Economy Saver|T15(12-18)::ROUND::2026-09-06T14:30::FLT::AI|AI-542|07:00;CELL::DEL|MAA|2026-09-21|Economy Saver|T15(12-18)::ROUND::2026-09-06T14:30::FLT::IX|IX-621|05:30;CELL::DEL|MAA|2026-10-06|Economy Saver|T30(25-35)::ROUND::2026-09-06T14:30::FLT::AI|AI-542|07:00;CELL::DEL|MAA|2026-10-06|Economy Saver|T30(25-35)::ROUND::2026-09-06T14:30::FLT::IX|IX-621|05:30;CELL::DEL|MAA|2026-10-22|Economy Saver|T45(40-50)::ROUND::2026-09-06T14:30::FLT::IX|IX-621|05:30,2026-09-07;2026-09-13;2026-09-21;2026-10-06;2026-10-22,5,T1(0-2);T15(12-18);T30(25-35);T45(40-50);T7(5-9),5,CELL::DEL|MAA|2026-09-07|Economy Saver|T1(0-2)::ROUND::2026-09-06T14:30;CELL::DEL|MAA|2026-09-13|Economy Saver|T7(5-9)::ROUND::2026-09-06T14:30;CELL::DEL|MAA|2026-09-21|Economy Saver|T15(12-18)::ROUND::2026-09-06T14:30;CELL::DEL|MAA|2026-10-06|Economy Saver|T30(25-35)::ROUND::2026-09-06T14:30;CELL::DEL|MAA|2026-10-22|Economy Saver|T45(40-50)::ROUND::2026-09-06T14:30,MIDPOINT_MEDIAN,phase10-v1
RCLASS::DEL-MAA|Economy Saver|ROUND::2026-09-06T20:15,DEL-MAA,Economy Saver,ROUND::2026-09-06T20:15,2026-09-06 20:15,ANCHORED,5,RSERIES::DEL-MAA|Economy Saver|T1(0-2)|2026-09-07|ROUND::2026-09-06T20:15;RSERIES::DEL-MAA|Economy Saver|T15(12-18)|2026-09-21|ROUND::2026-09-06T20:15;RSERIES::DEL-MAA|Economy Saver|T30(25-35)|2026-10-06|ROUND::2026-09-06T20:15;RSERIES::DEL-MAA|Economy Saver|T45(40-50)|2026-10-22|ROUND::2026-09-06T20:15;RSERIES::DEL-MAA|Economy Saver|T7(5-9)|2026-09-13|ROUND::2026-09-06T20:15,DEL,MAA,DEL-MAA,EXACT_KEY_MATCH,scripts/build_vayu_route_basket.py::make_route_id,True,IN_BASKET,BASKET_SCOPED,8,0.058216,True,OBSERVED,PRICED,5553.75,5150.25,7655.50,0.486433,5,5,0,0,0,1,1,3,REVIEW,R09;R13,0,,True,1,COHERENT_MARKET_MOVEMENT;ISOLATED_DEVIATION,12,12,OBS02785;OBS02786;OBS02787;OBS02788;OBS02789;OBS02794;OBS02795;OBS02798;OBS02800;OBS02801;OBS02808;OBS02809,0,0,12,8,CELL::DEL|MAA|2026-09-07|Economy Saver|T1(0-2)::ROUND::2026-09-06T20:15::FLT::IX|IX-621|05:30;CELL::DEL|MAA|2026-09-13|Economy Saver|T7(5-9)::ROUND::2026-09-06T20:15::FLT::6E|6E-843|06:30;CELL::DEL|MAA|2026-09-21|Economy Saver|T15(12-18)::ROUND::2026-09-06T20:15::FLT::6E|6E-843|06:30;CELL::DEL|MAA|2026-09-21|Economy Saver|T15(12-18)::ROUND::2026-09-06T20:15::FLT::AI|AI-542|07:00;CELL::DEL|MAA|2026-10-06|Economy Saver|T30(25-35)::ROUND::2026-09-06T20:15::FLT::6E|6E-843|06:30;CELL::DEL|MAA|2026-10-06|Economy Saver|T30(25-35)::ROUND::2026-09-06T20:15::FLT::IX|IX-621|05:30;CELL::DEL|MAA|2026-10-22|Economy Saver|T45(40-50)::ROUND::2026-09-06T20:15::FLT::6E|6E-843|06:30;CELL::DEL|MAA|2026-10-22|Economy Saver|T45(40-50)::ROUND::2026-09-06T20:15::FLT::AI|AI-542|07:00,2026-09-07;2026-09-13;2026-09-21;2026-10-06;2026-10-22,5,T1(0-2);T15(12-18);T30(25-35);T45(40-50);T7(5-9),5,CELL::DEL|MAA|2026-09-07|Economy Saver|T1(0-2)::ROUND::2026-09-06T20:15;CELL::DEL|MAA|2026-09-13|Economy Saver|T7(5-9)::ROUND::2026-09-06T20:15;CELL::DEL|MAA|2026-09-21|Economy Saver|T15(12-18)::ROUND::2026-09-06T20:15;CELL::DEL|MAA|2026-10-06|Economy Saver|T30(25-35)::ROUND::2026-09-06T20:15;CELL::DEL|MAA|2026-10-22|Economy Saver|T45(40-50)::ROUND::2026-09-06T20:15,MIDPOINT_MEDIAN,phase10-v1
RCLASS::DEL-MAA|Economy Saver|ROUND::2026-09-09T09:00,DEL-MAA,Economy Saver,ROUND::2026-09-09T09:00,2026-09-09 09:00,ANCHORED,1,RSERIES::DEL-MAA|Economy Saver|T30(25-35)|2026-10-06|ROUND::2026-09-09T09:00,DEL,MAA,DEL-MAA,EXACT_KEY_MATCH,scripts/build_vayu_route_basket.py::make_route_id,True,IN_BASKET,BASKET_SCOPED,8,0.058216,True,OBSERVED,PRICED,5170.00,5170.00,5170.00,0.000000,1,1,0,0,0,0,1,0,INFO,R09,0,,False,0,ISOLATED_DEVIATION,1,1,OBS02992,0,0,1,1,CELL::DEL|MAA|2026-10-06|Economy Saver|T30(25-35)::ROUND::2026-09-09T09:00::FLT::6E|6E-843|12:00,2026-10-06,1,T30(25-35),1,CELL::DEL|MAA|2026-10-06|Economy Saver|T30(25-35)::ROUND::2026-09-09T09:00,MIDPOINT_MEDIAN,phase10-v1
RCLASS::DEL-MAA|Economy Standard|ROUND::2026-09-05T09:00,DEL-MAA,Economy Standard,ROUND::2026-09-05T09:00,2026-09-05 09:00,ANCHORED,5,RSERIES::DEL-MAA|Economy Standard|T1(0-2)|2026-09-07|ROUND::2026-09-05T09:00;RSERIES::DEL-MAA|Economy Standard|T15(12-18)|2026-09-21|ROUND::2026-09-05T09:00;RSERIES::DEL-MAA|Economy Standard|T30(25-35)|2026-10-06|ROUND::2026-09-05T09:00;RSERIES::DEL-MAA|Economy Standard|T45(40-50)|2026-10-22|ROUND::2026-09-05T09:00;RSERIES::DEL-MAA|Economy Standard|T7(5-9)|2026-09-13|ROUND::2026-09-05T09:00,DEL,MAA,DEL-MAA,EXACT_KEY_MATCH,scripts/build_vayu_route_basket.py::make_route_id,True,IN_BASKET,BASKET_SCOPED,8,0.058216,True,OBSERVED,PRICED,7530.00,6520.00,9611.50,0.474156,5,5,0,0,0,0,2,3,INFO,R09,5,R05;R06,False,0,COHERENT_MARKET_MOVEMENT;ISOLATED_DEVIATION,10,10,OBS00241;OBS00242;OBS00245;OBS00254;OBS00255;OBS00257;OBS00260;OBS00261;OBS00271;OBS00272,0,0,10,6,CELL::DEL|MAA|2026-09-07|Economy Standard|T1(0-2)::ROUND::2026-09-05T09:00::FLT::6E|6E-843|06:30;CELL::DEL|MAA|2026-09-13|Economy Standard|T7(5-9)::ROUND::2026-09-05T09:00::FLT::AI|AI-542|07:00;CELL::DEL|MAA|2026-09-21|Economy Standard|T15(12-18)::ROUND::2026-09-05T09:00::FLT::6E|6E-843|06:30;CELL::DEL|MAA|2026-10-06|Economy Standard|T30(25-35)::ROUND::2026-09-05T09:00::FLT::AI|AI-542|07:00;CELL::DEL|MAA|2026-10-22|Economy Standard|T45(40-50)::ROUND::2026-09-05T09:00::FLT::AI|AI-542|07:00;CELL::DEL|MAA|2026-10-22|Economy Standard|T45(40-50)::ROUND::2026-09-05T09:00::FLT::IX|IX-621|05:30,2026-09-07;2026-09-13;2026-09-21;2026-10-06;2026-10-22,5,T1(0-2);T15(12-18);T30(25-35);T45(40-50);T7(5-9),5,CELL::DEL|MAA|2026-09-07|Economy Standard|T1(0-2)::ROUND::2026-09-05T09:00;CELL::DEL|MAA|2026-09-13|Economy Standard|T7(5-9)::ROUND::2026-09-05T09:00;CELL::DEL|MAA|2026-09-21|Economy Standard|T15(12-18)::ROUND::2026-09-05T09:00;CELL::DEL|MAA|2026-10-06|Economy Standard|T30(25-35)::ROUND::2026-09-05T09:00;CELL::DEL|MAA|2026-10-22|Economy Standard|T45(40-50)::ROUND::2026-09-05T09:00,MIDPOINT_MEDIAN,phase10-v1
RCLASS::DEL-MAA|Economy Standard|ROUND::2026-09-05T14:30,DEL-MAA,Economy Standard,ROUND::2026-09-05T14:30,2026-09-05 14:30,ANCHORED,3,RSERIES::DEL-MAA|Economy Standard|T1(0-2)|2026-09-07|ROUND::2026-09-05T14:30;RSERIES::DEL-MAA|Economy Standard|T30(25-35)|2026-10-06|ROUND::2026-09-05T14:30;RSERIES::DEL-MAA|Economy Standard|T45(40-50)|2026-10-22|ROUND::2026-09-05T14:30,DEL,MAA,DEL-MAA,EXACT_KEY_MATCH,scripts/build_vayu_route_basket.py::make_route_id,True,IN_BASKET,BASKET_SCOPED,8,0.058216,True,OBSERVED,PRICED,6787.00,6442.75,9717.50,0.508285,3,3,0,0,0,0,1,2,INFO,R09,3,R05;R06,False,0,COHERENT_MARKET_MOVEMENT;ISOLATED_DEVIATION,7,7,OBS00736;OBS00737;OBS00744;OBS00756;OBS00757;OBS00769;OBS00770,0,0,7,4,CELL::DEL|MAA|2026-09-07|Economy Standard|T1(0-2)::ROUND::2026-09-05T14:30::FLT::6E|6E-843|06:30;CELL::DEL|MAA|2026-10-06|Economy Standard|T30(25-35)::ROUND::2026-09-05T14:30::FLT::6E|6E-843|06:30;CELL::DEL|MAA|2026-10-22|Economy Standard|T45(40-50)::ROUND::2026-09-05T14:30::FLT::AI|AI-542|07:00;CELL::DEL|MAA|2026-10-22|Economy Standard|T45(40-50)::ROUND::2026-09-05T14:30::FLT::IX|IX-621|05:30,2026-09-07;2026-10-06;2026-10-22,3,T1(0-2);T30(25-35);T45(40-50),3,CELL::DEL|MAA|2026-09-07|Economy Standard|T1(0-2)::ROUND::2026-09-05T14:30;CELL::DEL|MAA|2026-10-06|Economy Standard|T30(25-35)::ROUND::2026-09-05T14:30;CELL::DEL|MAA|2026-10-22|Economy Standard|T45(40-50)::ROUND::2026-09-05T14:30,MIDPOINT_MEDIAN,phase10-v1
RCLASS::DEL-MAA|Economy Standard|ROUND::2026-09-05T20:15,DEL-MAA,Economy Standard,ROUND::2026-09-05T20:15,2026-09-05 20:15,ANCHORED,4,RSERIES::DEL-MAA|Economy Standard|T15(12-18)|2026-09-21|ROUND::2026-09-05T20:15;RSERIES::DEL-MAA|Economy Standard|T30(25-35)|2026-10-06|ROUND::2026-09-05T20:15;RSERIES::DEL-MAA|Economy Standard|T45(40-50)|2026-10-22|ROUND::2026-09-05T20:15;RSERIES::DEL-MAA|Economy Standard|T7(5-9)|2026-09-13|ROUND::2026-09-05T20:15,DEL,MAA,DEL-MAA,EXACT_KEY_MATCH,scripts/build_vayu_route_basket.py::make_route_id,True,IN_BASKET,BASKET_SCOPED,8,0.058216,True,OBSERVED,PRICED,6924.75,6367.00,8193.50,0.286870,4,4,0,0,0,0,0,4,NONE,,4,R05;R06,False,0,COHERENT_MARKET_MOVEMENT;ISOLATED_DEVIATION,11,11,OBS01258;OBS01259;OBS01262;OBS01263;OBS01266;OBS01267;OBS01277;OBS01278;OBS01284;OBS01286;OBS01288,0,0,11,9,CELL::DEL|MAA|2026-09-13|Economy Standard|T7(5-9)::ROUND::2026-09-05T20:15::FLT::6E|6E-843|06:30;CELL::DEL|MAA|2026-09-21|Economy Standard|T15(12-18)::ROUND::2026-09-05T20:15::FLT::6E|6E-843|06:30;CELL::DEL|MAA|2026-09-21|Economy Standard|T15(12-18)::ROUND::2026-09-05T20:15::FLT::IX|IX-621|05:30;CELL::DEL|MAA|2026-10-06|Economy Standard|T30(25-35)::ROUND::2026-09-05T20:15::FLT::6E|6E-843|06:30;CELL::DEL|MAA|2026-10-06|Economy Standard|T30(25-35)::ROUND::2026-09-05T20:15::FLT::AI|AI-542|07:00;CELL::DEL|MAA|2026-10-06|Economy Standard|T30(25-35)::ROUND::2026-09-05T20:15::FLT::IX|IX-621|05:30;CELL::DEL|MAA|2026-10-22|Economy Standard|T45(40-50)::ROUND::2026-09-05T20:15::FLT::6E|6E-843|06:30;CELL::DEL|MAA|2026-10-22|Economy Standard|T45(40-50)::ROUND::2026-09-05T20:15::FLT::AI|AI-542|07:00;CELL::DEL|MAA|2026-10-22|Economy Standard|T45(40-50)::ROUND::2026-09-05T20:15::FLT::IX|IX-621|05:30,2026-09-13;2026-09-21;2026-10-06;2026-10-22,4,T15(12-18);T30(25-35);T45(40-50);T7(5-9),4,CELL::DEL|MAA|2026-09-13|Economy Standard|T7(5-9)::ROUND::2026-09-05T20:15;CELL::DEL|MAA|2026-09-21|Economy Standard|T15(12-18)::ROUND::2026-09-05T20:15;CELL::DEL|MAA|2026-10-06|Economy Standard|T30(25-35)::ROUND::2026-09-05T20:15;CELL::DEL|MAA|2026-10-22|Economy Standard|T45(40-50)::ROUND::2026-09-05T20:15,MIDPOINT_MEDIAN,phase10-v1
RCLASS::DEL-MAA|Economy Standard|ROUND::2026-09-06T09:00,DEL-MAA,Economy Standard,ROUND::2026-09-06T09:00,2026-09-06 09:00,ANCHORED,4,RSERIES::DEL-MAA|Economy Standard|T1(0-2)|2026-09-07|ROUND::2026-09-06T09:00;RSERIES::DEL-MAA|Economy Standard|T15(12-18)|2026-09-21|ROUND::2026-09-06T09:00;RSERIES::DEL-MAA|Economy Standard|T30(25-35)|2026-10-06|ROUND::2026-09-06T09:00;RSERIES::DEL-MAA|Economy Standard|T45(40-50)|2026-10-22|ROUND::2026-09-06T09:00,DEL,MAA,DEL-MAA,EXACT_KEY_MATCH,scripts/build_vayu_route_basket.py::make_route_id,True,IN_BASKET,BASKET_SCOPED,8,0.058216,True,OBSERVED,PRICED,6981.50,6262.50,9614.75,0.535289,4,4,0,0,0,0,2,2,INFO,R09,4,R05;R06,False,0,COHERENT_MARKET_MOVEMENT;ISOLATED_DEVIATION,9,9,OBS01780;OBS01783;OBS01784;OBS01787;OBS01797;OBS01800;OBS01804;OBS01805;OBS01810,0,0,9,7,CELL::DEL|MAA|2026-09-07|Economy Standard|T1(0-2)::ROUND::2026-09-06T09:00::FLT::AI|AI-542|07:00;CELL::DEL|MAA|2026-09-07|Economy Standard|T1(0-2)::ROUND::2026-09-06T09:00::FLT::IX|IX-621|05:30;CELL::DEL|MAA|2026-09-21|Economy Standard|T15(12-18)::ROUND::2026-09-06T09:00::FLT::6E|6E-843|06:30;CELL::DEL|MAA|2026-10-06|Economy Standard|T30(25-35)::ROUND::2026-09-06T09:00::FLT::6E|6E-843|06:30;CELL::DEL|MAA|2026-10-06|Economy Standard|T30(25-35)::ROUND::2026-09-06T09:00::FLT::AI|AI-542|07:00;CELL::DEL|MAA|2026-10-22|Economy Standard|T45(40-50)::ROUND::2026-09-06T09:00::FLT::AI|AI-542|07:00;CELL::DEL|MAA|2026-10-22|Economy Standard|T45(40-50)::ROUND::2026-09-06T09:00::FLT::IX|IX-621|05:30,2026-09-07;2026-09-21;2026-10-06;2026-10-22,4,T1(0-2);T15(12-18);T30(25-35);T45(40-50),4,CELL::DEL|MAA|2026-09-07|Economy Standard|T1(0-2)::ROUND::2026-09-06T09:00;CELL::DEL|MAA|2026-09-21|Economy Standard|T15(12-18)::ROUND::2026-09-06T09:00;CELL::DEL|MAA|2026-10-06|Economy Standard|T30(25-35)::ROUND::2026-09-06T09:00;CELL::DEL|MAA|2026-10-22|Economy Standard|T45(40-50)::ROUND::2026-09-06T09:00,MIDPOINT_MEDIAN,phase10-v1
RCLASS::DEL-MAA|Economy Standard|ROUND::2026-09-06T14:30,DEL-MAA,Economy Standard,ROUND::2026-09-06T14:30,2026-09-06 14:30,ANCHORED,3,RSERIES::DEL-MAA|Economy Standard|T30(25-35)|2026-10-06|ROUND::2026-09-06T14:30;RSERIES::DEL-MAA|Economy Standard|T45(40-50)|2026-10-22|ROUND::2026-09-06T14:30;RSERIES::DEL-MAA|Economy Standard|T7(5-9)|2026-09-13|ROUND::2026-09-06T14:30,DEL,MAA,DEL-MAA,EXACT_KEY_MATCH,scripts/build_vayu_route_basket.py::make_route_id,True,IN_BASKET,BASKET_SCOPED,8,0.058216,True,OBSERVED,PRICED,6553.00,6367.00,8912.00,0.399717,3,3,0,0,0,0,2,1,INFO,R09,1,R05;R06,False,0,ISOLATED_DEVIATION,4,4,OBS02282;OBS02283;OBS02286;OBS02289,0,0,4,3,CELL::DEL|MAA|2026-09-13|Economy Standard|T7(5-9)::ROUND::2026-09-06T14:30::FLT::6E|6E-843|06:30;CELL::DEL|MAA|2026-10-06|Economy Standard|T30(25-35)::ROUND::2026-09-06T14:30::FLT::6E|6E-843|06:30;CELL::DEL|MAA|2026-10-22|Economy Standard|T45(40-50)::ROUND::2026-09-06T14:30::FLT::6E|6E-843|06:30,2026-09-13;2026-10-06;2026-10-22,3,T30(25-35);T45(40-50);T7(5-9),3,CELL::DEL|MAA|2026-09-13|Economy Standard|T7(5-9)::ROUND::2026-09-06T14:30;CELL::DEL|MAA|2026-10-06|Economy Standard|T30(25-35)::ROUND::2026-09-06T14:30;CELL::DEL|MAA|2026-10-22|Economy Standard|T45(40-50)::ROUND::2026-09-06T14:30,MIDPOINT_MEDIAN,phase10-v1
RCLASS::DEL-MAA|Economy Standard|ROUND::2026-09-06T20:15,DEL-MAA,Economy Standard,ROUND::2026-09-06T20:15,2026-09-06 20:15,ANCHORED,4,RSERIES::DEL-MAA|Economy Standard|T1(0-2)|2026-09-07|ROUND::2026-09-06T20:15;RSERIES::DEL-MAA|Economy Standard|T30(25-35)|2026-10-06|ROUND::2026-09-06T20:15;RSERIES::DEL-MAA|Economy Standard|T45(40-50)|2026-10-22|ROUND::2026-09-06T20:15;RSERIES::DEL-MAA|Economy Standard|T7(5-9)|2026-09-13|ROUND::2026-09-06T20:15,DEL,MAA,DEL-MAA,EXACT_KEY_MATCH,scripts/build_vayu_route_basket.py::make_route_id,True,IN_BASKET,BASKET_SCOPED,8,0.058216,True,OBSERVED,PRICED,7549.50,6384.00,9389.00,0.470708,4,4,0,0,0,0,1,3,INFO,R09,2,R06,False,0,COHERENT_MARKET_MOVEMENT;ISOLATED_DEVIATION,12,12,OBS02779;OBS02780;OBS02783;OBS02784;OBS02790;OBS02793;OBS02796;OBS02797;OBS02799;OBS02802;OBS02803;OBS02810,0,0,12,8,CELL::DEL|MAA|2026-09-07|Economy Standard|T1(0-2)::ROUND::2026-09-06T20:15::FLT::6E|6E-843|06:30;CELL::DEL|MAA|2026-09-07|Economy Standard|T1(0-2)::ROUND::2026-09-06T20:15::FLT::AI|AI-542|07:00;CELL::DEL|MAA|2026-09-07|Economy Standard|T1(0-2)::ROUND::2026-09-06T20:15::FLT::IX|IX-621|05:30;CELL::DEL|MAA|2026-09-13|Economy Standard|T7(5-9)::ROUND::2026-09-06T20:15::FLT::6E|6E-843|06:30;CELL::DEL|MAA|2026-09-13|Economy Standard|T7(5-9)::ROUND::2026-09-06T20:15::FLT::AI|AI-542|07:00;CELL::DEL|MAA|2026-09-13|Economy Standard|T7(5-9)::ROUND::2026-09-06T20:15::FLT::IX|IX-621|05:30;CELL::DEL|MAA|2026-10-06|Economy Standard|T30(25-35)::ROUND::2026-09-06T20:15::FLT::AI|AI-542|07:00;CELL::DEL|MAA|2026-10-22|Economy Standard|T45(40-50)::ROUND::2026-09-06T20:15::FLT::IX|IX-621|05:30,2026-09-07;2026-09-13;2026-10-06;2026-10-22,4,T1(0-2);T30(25-35);T45(40-50);T7(5-9),4,CELL::DEL|MAA|2026-09-07|Economy Standard|T1(0-2)::ROUND::2026-09-06T20:15;CELL::DEL|MAA|2026-09-13|Economy Standard|T7(5-9)::ROUND::2026-09-06T20:15;CELL::DEL|MAA|2026-10-06|Economy Standard|T30(25-35)::ROUND::2026-09-06T20:15;CELL::DEL|MAA|2026-10-22|Economy Standard|T45(40-50)::ROUND::2026-09-06T20:15,MIDPOINT_MEDIAN,phase10-v1
RCLASS::DEL-MAA|Economy Standard|ROUND::2026-09-07T14:30,DEL-MAA,Economy Standard,ROUND::2026-09-07T14:30,2026-09-07 14:30,ANCHORED,1,RSERIES::DEL-MAA|Economy Standard|T1(0-2)|2026-09-07|ROUND::2026-09-07T14:30,DEL,MAA,DEL-MAA,EXACT_KEY_MATCH,scripts/build_vayu_route_basket.py::make_route_id,True,IN_BASKET,BASKET_SCOPED,8,0.058216,True,OBSERVED,PRICED,10031.00,10031.00,10031.00,0.000000,1,1,0,0,0,0,1,0,INFO,R09,0,,False,0,ISOLATED_DEVIATION,1,1,OBS02982,0,0,1,1,CELL::DEL|MAA|2026-09-07|Economy Standard|T1(0-2)::ROUND::2026-09-07T14:30::FLT::AI|AI-542|12:00,2026-09-07,1,T1(0-2),1,CELL::DEL|MAA|2026-09-07|Economy Standard|T1(0-2)::ROUND::2026-09-07T14:30,MIDPOINT_MEDIAN,phase10-v1
RCLASS::BOM-HYD|Economy Flexi|ROUND::2026-09-05T09:00,BOM-HYD,Economy Flexi,ROUND::2026-09-05T09:00,2026-09-05 09:00,ANCHORED,5,RSERIES::BOM-HYD|Economy Flexi|T1(0-2)|2026-09-07|ROUND::2026-09-05T09:00;RSERIES::BOM-HYD|Economy Flexi|T15(12-18)|2026-09-21|ROUND::2026-09-05T09:00;RSERIES::BOM-HYD|Economy Flexi|T30(25-35)|2026-10-06|ROUND::2026-09-05T09:00;RSERIES::BOM-HYD|Economy Flexi|T45(40-50)|2026-10-22|ROUND::2026-09-05T09:00;RSERIES::BOM-HYD|Economy Flexi|T7(5-9)|2026-09-13|ROUND::2026-09-05T09:00,BOM,HYD,BOM-HYD,EXACT_KEY_MATCH,scripts/build_vayu_route_basket.py::make_route_id,True,IN_BASKET,BASKET_SCOPED,9,0.055855,True,OBSERVED,PRICED,8696.00,7814.00,11622.00,0.487330,5,5,0,0,0,0,2,3,INFO,R09,5,R05;R06,False,0,ISOLATED_DEVIATION,9,9,OBS00276;OBS00278;OBS00279;OBS00280;OBS00281;OBS00283;OBS00284;OBS00288;OBS00289,0,0,9,6,CELL::BOM|HYD|2026-09-07|Economy Flexi|T1(0-2)::ROUND::2026-09-05T09:00::FLT::AI|AI-619|14:45;CELL::BOM|HYD|2026-09-13|Economy Flexi|T7(5-9)::ROUND::2026-09-05T09:00::FLT::6E|6E-631|06:00;CELL::BOM|HYD|2026-09-13|Economy Flexi|T7(5-9)::ROUND::2026-09-05T09:00::FLT::AI|AI-619|14:45;CELL::BOM|HYD|2026-09-21|Economy Flexi|T15(12-18)::ROUND::2026-09-05T09:00::FLT::6E|6E-631|06:00;CELL::BOM|HYD|2026-10-06|Economy Flexi|T30(25-35)::ROUND::2026-09-05T09:00::FLT::6E|6E-631|06:00;CELL::BOM|HYD|2026-10-22|Economy Flexi|T45(40-50)::ROUND::2026-09-05T09:00::FLT::AI|AI-619|14:45,2026-09-07;2026-09-13;2026-09-21;2026-10-06;2026-10-22,5,T1(0-2);T15(12-18);T30(25-35);T45(40-50);T7(5-9),5,CELL::BOM|HYD|2026-09-07|Economy Flexi|T1(0-2)::ROUND::2026-09-05T09:00;CELL::BOM|HYD|2026-09-13|Economy Flexi|T7(5-9)::ROUND::2026-09-05T09:00;CELL::BOM|HYD|2026-09-21|Economy Flexi|T15(12-18)::ROUND::2026-09-05T09:00;CELL::BOM|HYD|2026-10-06|Economy Flexi|T30(25-35)::ROUND::2026-09-05T09:00;CELL::BOM|HYD|2026-10-22|Economy Flexi|T45(40-50)::ROUND::2026-09-05T09:00,MIDPOINT_MEDIAN,phase10-v1
RCLASS::BOM-HYD|Economy Flexi|ROUND::2026-09-05T14:30,BOM-HYD,Economy Flexi,ROUND::2026-09-05T14:30,2026-09-05 14:30,ANCHORED,4,RSERIES::BOM-HYD|Economy Flexi|T1(0-2)|2026-09-07|ROUND::2026-09-05T14:30;RSERIES::BOM-HYD|Economy Flexi|T15(12-18)|2026-09-21|ROUND::2026-09-05T14:30;RSERIES::BOM-HYD|Economy Flexi|T45(40-50)|2026-10-22|ROUND::2026-09-05T14:30;RSERIES::BOM-HYD|Economy Flexi|T7(5-9)|2026-09-13|ROUND::2026-09-05T14:30,BOM,HYD,BOM-HYD,EXACT_KEY_MATCH,scripts/build_vayu_route_basket.py::make_route_id,True,IN_BASKET,BASKET_SCOPED,9,0.055855,True,OBSERVED,PRICED,9670.25,7997.00,11662.50,0.458359,4,4,0,0,0,0,0,4,NONE,,4,R05;R06,False,0,COHERENT_MARKET_MOVEMENT;ISOLATED_DEVIATION,14,14,OBS00772;OBS00773;OBS00776;OBS00777;OBS00778;OBS00783;OBS00786;OBS00787;OBS00788;OBS00794;OBS00796;OBS00797;OBS00800;OBS00806,0,0,14,10,CELL::BOM|HYD|2026-09-07|Economy Flexi|T1(0-2)::ROUND::2026-09-05T14:30::FLT::6E|6E-631|06:00;CELL::BOM|HYD|2026-09-07|Economy Flexi|T1(0-2)::ROUND::2026-09-05T14:30::FLT::AI|AI-619|14:45;CELL::BOM|HYD|2026-09-07|Economy Flexi|T1(0-2)::ROUND::2026-09-05T14:30::FLT::QP|QP-1402|10:45;CELL::BOM|HYD|2026-09-13|Economy Flexi|T7(5-9)::ROUND::2026-09-05T14:30::FLT::6E|6E-631|06:00;CELL::BOM|HYD|2026-09-13|Economy Flexi|T7(5-9)::ROUND::2026-09-05T14:30::FLT::AI|AI-619|14:45;CELL::BOM|HYD|2026-09-13|Economy Flexi|T7(5-9)::ROUND::2026-09-05T14:30::FLT::QP|QP-1402|10:45;CELL::BOM|HYD|2026-09-21|Economy Flexi|T15(12-18)::ROUND::2026-09-05T14:30::FLT::6E|6E-631|06:00;CELL::BOM|HYD|2026-10-22|Economy Flexi|T45(40-50)::ROUND::2026-09-05T14:30::FLT::6E|6E-631|06:00;CELL::BOM|HYD|2026-10-22|Economy Flexi|T45(40-50)::ROUND::2026-09-05T14:30::FLT::AI|AI-619|14:45;CELL::BOM|HYD|2026-10-22|Economy Flexi|T45(40-50)::ROUND::2026-09-05T14:30::FLT::QP|QP-1402|10:45,2026-09-07;2026-09-13;2026-09-21;2026-10-22,4,T1(0-2);T15(12-18);T45(40-50);T7(5-9),4,CELL::BOM|HYD|2026-09-07|Economy Flexi|T1(0-2)::ROUND::2026-09-05T14:30;CELL::BOM|HYD|2026-09-13|Economy Flexi|T7(5-9)::ROUND::2026-09-05T14:30;CELL::BOM|HYD|2026-09-21|Economy Flexi|T15(12-18)::ROUND::2026-09-05T14:30;CELL::BOM|HYD|2026-10-22|Economy Flexi|T45(40-50)::ROUND::2026-09-05T14:30,MIDPOINT_MEDIAN,phase10-v1
RCLASS::BOM-HYD|Economy Flexi|ROUND::2026-09-05T20:15,BOM-HYD,Economy Flexi,ROUND::2026-09-05T20:15,2026-09-05 20:15,ANCHORED,4,RSERIES::BOM-HYD|Economy Flexi|T1(0-2)|2026-09-07|ROUND::2026-09-05T20:15;RSERIES::BOM-HYD|Economy Flexi|T15(12-18)|2026-09-21|ROUND::2026-09-05T20:15;RSERIES::BOM-HYD|Economy Flexi|T30(25-35)|2026-10-06|ROUND::2026-09-05T20:15;RSERIES::BOM-HYD|Economy Flexi|T7(5-9)|2026-09-13|ROUND::2026-09-05T20:15,BOM,HYD,BOM-HYD,EXACT_KEY_MATCH,scripts/build_vayu_route_basket.py::make_route_id,True,IN_BASKET,BASKET_SCOPED,9,0.055855,True,OBSERVED,PRICED,9940.00,8023.00,11086.50,0.381840,4,4,0,0,0,0,1,3,INFO,R09,4,R05;R06,False,0,COHERENT_MARKET_MOVEMENT;ISOLATED_DEVIATION,7,7,OBS01289;OBS01290;OBS01297;OBS01302;OBS01303;OBS01304;OBS01314,0,0,7,5,CELL::BOM|HYD|2026-09-07|Economy Flexi|T1(0-2)::ROUND::2026-09-05T20:15::FLT::6E|6E-631|06:00;CELL::BOM|HYD|2026-09-13|Economy Flexi|T7(5-9)::ROUND::2026-09-05T20:15::FLT::AI|AI-619|14:45;CELL::BOM|HYD|2026-09-21|Economy Flexi|T15(12-18)::ROUND::2026-09-05T20:15::FLT::AI|AI-619|14:45;CELL::BOM|HYD|2026-09-21|Economy Flexi|T15(12-18)::ROUND::2026-09-05T20:15::FLT::QP|QP-1402|10:45;CELL::BOM|HYD|2026-10-06|Economy Flexi|T30(25-35)::ROUND::2026-09-05T20:15::FLT::6E|6E-631|06:00,2026-09-07;2026-09-13;2026-09-21;2026-10-06,4,T1(0-2);T15(12-18);T30(25-35);T7(5-9),4,CELL::BOM|HYD|2026-09-07|Economy Flexi|T1(0-2)::ROUND::2026-09-05T20:15;CELL::BOM|HYD|2026-09-13|Economy Flexi|T7(5-9)::ROUND::2026-09-05T20:15;CELL::BOM|HYD|2026-09-21|Economy Flexi|T15(12-18)::ROUND::2026-09-05T20:15;CELL::BOM|HYD|2026-10-06|Economy Flexi|T30(25-35)::ROUND::2026-09-05T20:15,MIDPOINT_MEDIAN,phase10-v1
RCLASS::BOM-HYD|Economy Flexi|ROUND::2026-09-06T09:00,BOM-HYD,Economy Flexi,ROUND::2026-09-06T09:00,2026-09-06 09:00,ANCHORED,4,RSERIES::BOM-HYD|Economy Flexi|T1(0-2)|2026-09-07|ROUND::2026-09-06T09:00;RSERIES::BOM-HYD|Economy Flexi|T15(12-18)|2026-09-21|ROUND::2026-09-06T09:00;RSERIES::BOM-HYD|Economy Flexi|T30(25-35)|2026-10-06|ROUND::2026-09-06T09:00;RSERIES::BOM-HYD|Economy Flexi|T45(40-50)|2026-10-22|ROUND::2026-09-06T09:00,BOM,HYD,BOM-HYD,EXACT_KEY_MATCH,scripts/build_vayu_route_basket.py::make_route_id,True,IN_BASKET,BASKET_SCOPED,9,0.055855,True,OBSERVED,PRICED,8479.50,8189.25,11476.50,0.401410,4,4,0,0,0,0,0,4,NONE,,4,R05;R06,False,0,COHERENT_MARKET_MOVEMENT;ISOLATED_DEVIATION,14,14,OBS01819;OBS01822;OBS01823;OBS01829;OBS01832;OBS01833;OBS01835;OBS01836;OBS01840;OBS01841;OBS01842;OBS01844;OBS01845;OBS02994,0,0,14,10,CELL::BOM|HYD|2026-09-07|Economy Flexi|T1(0-2)::ROUND::2026-09-06T09:00::FLT::QP|QP-1402|10:45;CELL::BOM|HYD|2026-09-21|Economy Flexi|T15(12-18)::ROUND::2026-09-06T09:00::FLT::6E|6E-631|06:00;CELL::BOM|HYD|2026-09-21|Economy Flexi|T15(12-18)::ROUND::2026-09-06T09:00::FLT::AI|AI-619|14:45;CELL::BOM|HYD|2026-09-21|Economy Flexi|T15(12-18)::ROUND::2026-09-06T09:00::FLT::QP|QP-1402|10:45;CELL::BOM|HYD|2026-10-06|Economy Flexi|T30(25-35)::ROUND::2026-09-06T09:00::FLT::6E|6E-631|06:00;CELL::BOM|HYD|2026-10-06|Economy Flexi|T30(25-35)::ROUND::2026-09-06T09:00::FLT::6E|6E-631|12:00;CELL::BOM|HYD|2026-10-06|Economy Flexi|T30(25-35)::ROUND::2026-09-06T09:00::FLT::AI|AI-619|14:45;CELL::BOM|HYD|2026-10-06|Economy Flexi|T30(25-35)::ROUND::2026-09-06T09:00::FLT::QP|QP-1402|10:45;CELL::BOM|HYD|2026-10-22|Economy Flexi|T45(40-50)::ROUND::2026-09-06T09:00::FLT::6E|6E-631|06:00;CELL::BOM|HYD|2026-10-22|Economy Flexi|T45(40-50)::ROUND::2026-09-06T09:00::FLT::QP|QP-1402|10:45,2026-09-07;2026-09-21;2026-10-06;2026-10-22,4,T1(0-2);T15(12-18);T30(25-35);T45(40-50),4,CELL::BOM|HYD|2026-09-07|Economy Flexi|T1(0-2)::ROUND::2026-09-06T09:00;CELL::BOM|HYD|2026-09-21|Economy Flexi|T15(12-18)::ROUND::2026-09-06T09:00;CELL::BOM|HYD|2026-10-06|Economy Flexi|T30(25-35)::ROUND::2026-09-06T09:00;CELL::BOM|HYD|2026-10-22|Economy Flexi|T45(40-50)::ROUND::2026-09-06T09:00,MIDPOINT_MEDIAN,phase10-v1
RCLASS::BOM-HYD|Economy Flexi|ROUND::2026-09-06T14:30,BOM-HYD,Economy Flexi,ROUND::2026-09-06T14:30,2026-09-06 14:30,ANCHORED,3,RSERIES::BOM-HYD|Economy Flexi|T15(12-18)|2026-09-21|ROUND::2026-09-06T14:30;RSERIES::BOM-HYD|Economy Flexi|T30(25-35)|2026-10-06|ROUND::2026-09-06T14:30;RSERIES::BOM-HYD|Economy Flexi|T7(5-9)|2026-09-13|ROUND::2026-09-06T14:30,BOM,HYD,BOM-HYD,EXACT_KEY_MATCH,scripts/build_vayu_route_basket.py::make_route_id,True,IN_BASKET,BASKET_SCOPED,9,0.055855,True,OBSERVED,PRICED,9073.00,8095.75,10667.00,0.317605,3,3,0,0,0,0,1,2,INFO,R09,2,R06,False,0,COHERENT_MARKET_MOVEMENT;ISOLATED_DEVIATION,7,7,OBS02314;OBS02317;OBS02318;OBS02324;OBS02328;OBS02329;OBS02984,0,0,7,5,CELL::BOM|HYD|2026-09-13|Economy Flexi|T7(5-9)::ROUND::2026-09-06T14:30::FLT::6E|6E-631|06:00;CELL::BOM|HYD|2026-09-13|Economy Flexi|T7(5-9)::ROUND::2026-09-06T14:30::FLT::AI|AI-619|14:45;CELL::BOM|HYD|2026-09-21|Economy Flexi|T15(12-18)::ROUND::2026-09-06T14:30::FLT::AI|AI-619|12:00;CELL::BOM|HYD|2026-10-06|Economy Flexi|T30(25-35)::ROUND::2026-09-06T14:30::FLT::6E|6E-631|06:00;CELL::BOM|HYD|2026-10-06|Economy Flexi|T30(25-35)::ROUND::2026-09-06T14:30::FLT::AI|AI-619|14:45,2026-09-13;2026-09-21;2026-10-06,3,T15(12-18);T30(25-35);T7(5-9),3,CELL::BOM|HYD|2026-09-13|Economy Flexi|T7(5-9)::ROUND::2026-09-06T14:30;CELL::BOM|HYD|2026-09-21|Economy Flexi|T15(12-18)::ROUND::2026-09-06T14:30;CELL::BOM|HYD|2026-10-06|Economy Flexi|T30(25-35)::ROUND::2026-09-06T14:30,MIDPOINT_MEDIAN,phase10-v1
RCLASS::BOM-HYD|Economy Flexi|ROUND::2026-09-06T20:15,BOM-HYD,Economy Flexi,ROUND::2026-09-06T20:15,2026-09-06 20:15,ANCHORED,5,RSERIES::BOM-HYD|Economy Flexi|T1(0-2)|2026-09-07|ROUND::2026-09-06T20:15;RSERIES::BOM-HYD|Economy Flexi|T15(12-18)|2026-09-21|ROUND::2026-09-06T20:15;RSERIES::BOM-HYD|Economy Flexi|T30(25-35)|2026-10-06|ROUND::2026-09-06T20:15;RSERIES::BOM-HYD|Economy Flexi|T45(40-50)|2026-10-22|ROUND::2026-09-06T20:15;RSERIES::BOM-HYD|Economy Flexi|T7(5-9)|2026-09-13|ROUND::2026-09-06T20:15,BOM,HYD,BOM-HYD,EXACT_KEY_MATCH,scripts/build_vayu_route_basket.py::make_route_id,True,IN_BASKET,BASKET_SCOPED,9,0.055855,True,OBSERVED,PRICED,9051.00,7915.00,11336.00,0.432217,5,5,0,0,0,0,0,5,NONE,,1,R06,False,0,COHERENT_MARKET_MOVEMENT;ISOLATED_DEVIATION,17,17,OBS02815;OBS02820;OBS02821;OBS02823;OBS02828;OBS02829;OBS02830;OBS02833;OBS02834;OBS02836;OBS02837;OBS02838;OBS02839;OBS02842;OBS02845;OBS02847;OBS02848,0,0,17,11,CELL::BOM|HYD|2026-09-07|Economy Flexi|T1(0-2)::ROUND::2026-09-06T20:15::FLT::6E|6E-631|06:00;CELL::BOM|HYD|2026-09-07|Economy Flexi|T1(0-2)::ROUND::2026-09-06T20:15::FLT::QP|QP-1402|10:45;CELL::BOM|HYD|2026-09-13|Economy Flexi|T7(5-9)::ROUND::2026-09-06T20:15::FLT::QP|QP-1402|10:45;CELL::BOM|HYD|2026-09-21|Economy Flexi|T15(12-18)::ROUND::2026-09-06T20:15::FLT::AI|AI-619|14:45;CELL::BOM|HYD|2026-09-21|Economy Flexi|T15(12-18)::ROUND::2026-09-06T20:15::FLT::QP|QP-1402|10:45;CELL::BOM|HYD|2026-10-06|Economy Flexi|T30(25-35)::ROUND::2026-09-06T20:15::FLT::6E|6E-631|06:00;CELL::BOM|HYD|2026-10-06|Economy Flexi|T30(25-35)::ROUND::2026-09-06T20:15::FLT::AI|AI-619|14:45;CELL::BOM|HYD|2026-10-06|Economy Flexi|T30(25-35)::ROUND::2026-09-06T20:15::FLT::QP|QP-1402|10:45;CELL::BOM|HYD|2026-10-22|Economy Flexi|T45(40-50)::ROUND::2026-09-06T20:15::FLT::6E|6E-631|06:00;CELL::BOM|HYD|2026-10-22|Economy Flexi|T45(40-50)::ROUND::2026-09-06T20:15::FLT::AI|AI-619|14:45;CELL::BOM|HYD|2026-10-22|Economy Flexi|T45(40-50)::ROUND::2026-09-06T20:15::FLT::QP|QP-1402|10:45,2026-09-07;2026-09-13;2026-09-21;2026-10-06;2026-10-22,5,T1(0-2);T15(12-18);T30(25-35);T45(40-50);T7(5-9),5,CELL::BOM|HYD|2026-09-07|Economy Flexi|T1(0-2)::ROUND::2026-09-06T20:15;CELL::BOM|HYD|2026-09-13|Economy Flexi|T7(5-9)::ROUND::2026-09-06T20:15;CELL::BOM|HYD|2026-09-21|Economy Flexi|T15(12-18)::ROUND::2026-09-06T20:15;CELL::BOM|HYD|2026-10-06|Economy Flexi|T30(25-35)::ROUND::2026-09-06T20:15;CELL::BOM|HYD|2026-10-22|Economy Flexi|T45(40-50)::ROUND::2026-09-06T20:15,MIDPOINT_MEDIAN,phase10-v1
RCLASS::BOM-HYD|Economy Saver|ROUND::2026-09-05T09:00,BOM-HYD,Economy Saver,ROUND::2026-09-05T09:00,2026-09-05 09:00,ANCHORED,5,RSERIES::BOM-HYD|Economy Saver|T1(0-2)|2026-09-07|ROUND::2026-09-05T09:00;RSERIES::BOM-HYD|Economy Saver|T15(12-18)|2026-09-21|ROUND::2026-09-05T09:00;RSERIES::BOM-HYD|Economy Saver|T30(25-35)|2026-10-06|ROUND::2026-09-05T09:00;RSERIES::BOM-HYD|Economy Saver|T45(40-50)|2026-10-22|ROUND::2026-09-05T09:00;RSERIES::BOM-HYD|Economy Saver|T7(5-9)|2026-09-13|ROUND::2026-09-05T09:00,BOM,HYD,BOM-HYD,EXACT_KEY_MATCH,scripts/build_vayu_route_basket.py::make_route_id,True,IN_BASKET,BASKET_SCOPED,9,0.055855,True,OBSERVED,PRICED,5862.75,5169.50,7469.50,0.444917,5,5,0,0,0,0,1,4,INFO,R09,5,R05;R06,False,0,COHERENT_MARKET_MOVEMENT;ISOLATED_DEVIATION,11,11,OBS00274;OBS00275;OBS00277;OBS00286;OBS00294;OBS00295;OBS00297;OBS00298;OBS00301;OBS00302;OBS00303,0,0,11,7,CELL::BOM|HYD|2026-09-07|Economy Saver|T1(0-2)::ROUND::2026-09-05T09:00::FLT::6E|6E-631|06:00;CELL::BOM|HYD|2026-09-13|Economy Saver|T7(5-9)::ROUND::2026-09-05T09:00::FLT::6E|6E-631|06:00;CELL::BOM|HYD|2026-09-13|Economy Saver|T7(5-9)::ROUND::2026-09-05T09:00::FLT::QP|QP-1402|10:45;CELL::BOM|HYD|2026-09-21|Economy Saver|T15(12-18)::ROUND::2026-09-05T09:00::FLT::AI|AI-619|14:45;CELL::BOM|HYD|2026-09-21|Economy Saver|T15(12-18)::ROUND::2026-09-05T09:00::FLT::QP|QP-1402|10:45;CELL::BOM|HYD|2026-10-06|Economy Saver|T30(25-35)::ROUND::2026-09-05T09:00::FLT::QP|QP-1402|10:45;CELL::BOM|HYD|2026-10-22|Economy Saver|T45(40-50)::ROUND::2026-09-05T09:00::FLT::QP|QP-1402|10:45,2026-09-07;2026-09-13;2026-09-21;2026-10-06;2026-10-22,5,T1(0-2);T15(12-18);T30(25-35);T45(40-50);T7(5-9),5,CELL::BOM|HYD|2026-09-07|Economy Saver|T1(0-2)::ROUND::2026-09-05T09:00;CELL::BOM|HYD|2026-09-13|Economy Saver|T7(5-9)::ROUND::2026-09-05T09:00;CELL::BOM|HYD|2026-09-21|Economy Saver|T15(12-18)::ROUND::2026-09-05T09:00;CELL::BOM|HYD|2026-10-06|Economy Saver|T30(25-35)::ROUND::2026-09-05T09:00;CELL::BOM|HYD|2026-10-22|Economy Saver|T45(40-50)::ROUND::2026-09-05T09:00,MIDPOINT_MEDIAN,phase10-v1
RCLASS::BOM-HYD|Economy Saver|ROUND::2026-09-05T14:30,BOM-HYD,Economy Saver,ROUND::2026-09-05T14:30,2026-09-05 14:30,ANCHORED,4,RSERIES::BOM-HYD|Economy Saver|T1(0-2)|2026-09-07|ROUND::2026-09-05T14:30;RSERIES::BOM-HYD|Economy Saver|T15(12-18)|2026-09-21|ROUND::2026-09-05T14:30;RSERIES::BOM-HYD|Economy Saver|T30(25-35)|2026-10-06|ROUND::2026-09-05T14:30;RSERIES::BOM-HYD|Economy Saver|T45(40-50)|2026-10-22|ROUND::2026-09-05T14:30,BOM,HYD,BOM-HYD,EXACT_KEY_MATCH,scripts/build_vayu_route_basket.py::make_route_id,True,IN_BASKET,BASKET_SCOPED,9,0.055855,True,OBSERVED,PRICED,5351.25,5090.00,7372.50,0.448428,4,4,0,0,0,0,0,4,NONE,,4,R05;R06,False,0,COHERENT_MARKET_MOVEMENT,14,14,OBS00771;OBS00779;OBS00780;OBS00781;OBS00782;OBS00784;OBS00785;OBS00790;OBS00791;OBS00795;OBS00798;OBS00799;OBS00802;OBS00803,0,0,14,9,CELL::BOM|HYD|2026-09-07|Economy Saver|T1(0-2)::ROUND::2026-09-05T14:30::FLT::6E|6E-631|06:00;CELL::BOM|HYD|2026-09-07|Economy Saver|T1(0-2)::ROUND::2026-09-05T14:30::FLT::QP|QP-1402|10:45;CELL::BOM|HYD|2026-09-21|Economy Saver|T15(12-18)::ROUND::2026-09-05T14:30::FLT::6E|6E-631|06:00;CELL::BOM|HYD|2026-09-21|Economy Saver|T15(12-18)::ROUND::2026-09-05T14:30::FLT::AI|AI-619|14:45;CELL::BOM|HYD|2026-09-21|Economy Saver|T15(12-18)::ROUND::2026-09-05T14:30::FLT::QP|QP-1402|10:45;CELL::BOM|HYD|2026-10-06|Economy Saver|T30(25-35)::ROUND::2026-09-05T14:30::FLT::6E|6E-631|06:00;CELL::BOM|HYD|2026-10-06|Economy Saver|T30(25-35)::ROUND::2026-09-05T14:30::FLT::QP|QP-1402|10:45;CELL::BOM|HYD|2026-10-22|Economy Saver|T45(40-50)::ROUND::2026-09-05T14:30::FLT::6E|6E-631|06:00;CELL::BOM|HYD|2026-10-22|Economy Saver|T45(40-50)::ROUND::2026-09-05T14:30::FLT::AI|AI-619|14:45,2026-09-07;2026-09-21;2026-10-06;2026-10-22,4,T1(0-2);T15(12-18);T30(25-35);T45(40-50),4,CELL::BOM|HYD|2026-09-07|Economy Saver|T1(0-2)::ROUND::2026-09-05T14:30;CELL::BOM|HYD|2026-09-21|Economy Saver|T15(12-18)::ROUND::2026-09-05T14:30;CELL::BOM|HYD|2026-10-06|Economy Saver|T30(25-35)::ROUND::2026-09-05T14:30;CELL::BOM|HYD|2026-10-22|Economy Saver|T45(40-50)::ROUND::2026-09-05T14:30,MIDPOINT_MEDIAN,phase10-v1
RCLASS::BOM-HYD|Economy Saver|ROUND::2026-09-05T20:15,BOM-HYD,Economy Saver,ROUND::2026-09-05T20:15,2026-09-05 20:15,ANCHORED,4,RSERIES::BOM-HYD|Economy Saver|T15(12-18)|2026-09-21|ROUND::2026-09-05T20:15;RSERIES::BOM-HYD|Economy Saver|T30(25-35)|2026-10-06|ROUND::2026-09-05T20:15;RSERIES::BOM-HYD|Economy Saver|T45(40-50)|2026-10-22|ROUND::2026-09-05T20:15;RSERIES::BOM-HYD|Economy Saver|T7(5-9)|2026-09-13|ROUND::2026-09-05T20:15,BOM,HYD,BOM-HYD,EXACT_KEY_MATCH,scripts/build_vayu_route_basket.py::make_route_id,True,IN_BASKET,BASKET_SCOPED,9,0.055855,True,OBSERVED,PRICED,5475.13,5369.00,6530.00,0.216241,4,4,0,0,0,0,1,3,INFO,R09,4,R05;R06,False,0,COHERENT_MARKET_MOVEMENT;ISOLATED_DEVIATION,10,10,OBS01291;OBS01292;OBS01294;OBS01295;OBS01296;OBS01301;OBS01307;OBS01308;OBS01312;OBS01313,0,0,10,6,CELL::BOM|HYD|2026-09-13|Economy Saver|T7(5-9)::ROUND::2026-09-05T20:15::FLT::6E|6E-631|06:00;CELL::BOM|HYD|2026-09-13|Economy Saver|T7(5-9)::ROUND::2026-09-05T20:15::FLT::AI|AI-619|14:45;CELL::BOM|HYD|2026-09-21|Economy Saver|T15(12-18)::ROUND::2026-09-05T20:15::FLT::6E|6E-631|06:00;CELL::BOM|HYD|2026-09-21|Economy Saver|T15(12-18)::ROUND::2026-09-05T20:15::FLT::QP|QP-1402|10:45;CELL::BOM|HYD|2026-10-06|Economy Saver|T30(25-35)::ROUND::2026-09-05T20:15::FLT::6E|6E-631|06:00;CELL::BOM|HYD|2026-10-22|Economy Saver|T45(40-50)::ROUND::2026-09-05T20:15::FLT::AI|AI-619|14:45,2026-09-13;2026-09-21;2026-10-06;2026-10-22,4,T15(12-18);T30(25-35);T45(40-50);T7(5-9),4,CELL::BOM|HYD|2026-09-13|Economy Saver|T7(5-9)::ROUND::2026-09-05T20:15;CELL::BOM|HYD|2026-09-21|Economy Saver|T15(12-18)::ROUND::2026-09-05T20:15;CELL::BOM|HYD|2026-10-06|Economy Saver|T30(25-35)::ROUND::2026-09-05T20:15;CELL::BOM|HYD|2026-10-22|Economy Saver|T45(40-50)::ROUND::2026-09-05T20:15,MIDPOINT_MEDIAN,phase10-v1
RCLASS::BOM-HYD|Economy Saver|ROUND::2026-09-06T09:00,BOM-HYD,Economy Saver,ROUND::2026-09-06T09:00,2026-09-06 09:00,ANCHORED,5,RSERIES::BOM-HYD|Economy Saver|T1(0-2)|2026-09-07|ROUND::2026-09-06T09:00;RSERIES::BOM-HYD|Economy Saver|T15(12-18)|2026-09-21|ROUND::2026-09-06T09:00;RSERIES::BOM-HYD|Economy Saver|T30(25-35)|2026-10-06|ROUND::2026-09-06T09:00;RSERIES::BOM-HYD|Economy Saver|T45(40-50)|2026-10-22|ROUND::2026-09-06T09:00;RSERIES::BOM-HYD|Economy Saver|T7(5-9)|2026-09-13|ROUND::2026-09-06T09:00,BOM,HYD,BOM-HYD,EXACT_KEY_MATCH,scripts/build_vayu_route_basket.py::make_route_id,True,IN_BASKET,BASKET_SCOPED,9,0.055855,True,OBSERVED,PRICED,5865.50,4963.00,7389.00,0.488817,5,5,0,0,0,0,2,3,INFO,R09,5,R05;R06,False,0,COHERENT_MARKET_MOVEMENT;ISOLATED_DEVIATION,9,9,OBS01814;OBS01824;OBS01825;OBS01826;OBS01828;OBS01830;OBS01831;OBS01838;OBS01843,0,0,9,7,CELL::BOM|HYD|2026-09-07|Economy Saver|T1(0-2)::ROUND::2026-09-06T09:00::FLT::AI|AI-619|14:45;CELL::BOM|HYD|2026-09-13|Economy Saver|T7(5-9)::ROUND::2026-09-06T09:00::FLT::6E|6E-631|06:00;CELL::BOM|HYD|2026-09-13|Economy Saver|T7(5-9)::ROUND::2026-09-06T09:00::FLT::AI|AI-619|14:45;CELL::BOM|HYD|2026-09-13|Economy Saver|T7(5-9)::ROUND::2026-09-06T09:00::FLT::QP|QP-1402|10:45;CELL::BOM|HYD|2026-09-21|Economy Saver|T15(12-18)::ROUND::2026-09-06T09:00::FLT::AI|AI-619|14:45;CELL::BOM|HYD|2026-10-06|Economy Saver|T30(25-35)::ROUND::2026-09-06T09:00::FLT::QP|QP-1402|10:45;CELL::BOM|HYD|2026-10-22|Economy Saver|T45(40-50)::ROUND::2026-09-06T09:00::FLT::6E|6E-631|06:00,2026-09-07;2026-09-13;2026-09-21;2026-10-06;2026-10-22,5,T1(0-2);T15(12-18);T30(25-35);T45(40-50);T7(5-9),5,CELL::BOM|HYD|2026-09-07|Economy Saver|T1(0-2)::ROUND::2026-09-06T09:00;CELL::BOM|HYD|2026-09-13|Economy Saver|T7(5-9)::ROUND::2026-09-06T09:00;CELL::BOM|HYD|2026-09-21|Economy Saver|T15(12-18)::ROUND::2026-09-06T09:00;CELL::BOM|HYD|2026-10-06|Economy Saver|T30(25-35)::ROUND::2026-09-06T09:00;CELL::BOM|HYD|2026-10-22|Economy Saver|T45(40-50)::ROUND::2026-09-06T09:00,MIDPOINT_MEDIAN,phase10-v1
RCLASS::BOM-HYD|Economy Saver|ROUND::2026-09-06T14:30,BOM-HYD,Economy Saver,ROUND::2026-09-06T14:30,2026-09-06 14:30,ANCHORED,5,RSERIES::BOM-HYD|Economy Saver|T1(0-2)|2026-09-07|ROUND::2026-09-06T14:30;RSERIES::BOM-HYD|Economy Saver|T15(12-18)|2026-09-21|ROUND::2026-09-06T14:30;RSERIES::BOM-HYD|Economy Saver|T30(25-35)|2026-10-06|ROUND::2026-09-06T14:30;RSERIES::BOM-HYD|Economy Saver|T45(40-50)|2026-10-22|ROUND::2026-09-06T14:30;RSERIES::BOM-HYD|Economy Saver|T7(5-9)|2026-09-13|ROUND::2026-09-06T14:30,BOM,HYD,BOM-HYD,EXACT_KEY_MATCH,scripts/build_vayu_route_basket.py::make_route_id,True,IN_BASKET,BASKET_SCOPED,9,0.055855,True,OBSERVED,PRICED,5646.50,5063.50,7690.50,0.518811,5,5,0,0,0,0,1,4,INFO,R09,2,R06,False,0,COHERENT_MARKET_MOVEMENT;ISOLATED_DEVIATION,13,13,OBS02320;OBS02322;OBS02323;OBS02325;OBS02326;OBS02331;OBS02332;OBS02333;OBS02334;OBS02335;OBS02336;OBS02341;OBS02344,0,0,13,8,CELL::BOM|HYD|2026-09-07|Economy Saver|T1(0-2)::ROUND::2026-09-06T14:30::FLT::QP|QP-1402|10:45;CELL::BOM|HYD|2026-09-13|Economy Saver|T7(5-9)::ROUND::2026-09-06T14:30::FLT::AI|AI-619|14:45;CELL::BOM|HYD|2026-09-13|Economy Saver|T7(5-9)::ROUND::2026-09-06T14:30::FLT::QP|QP-1402|10:45;CELL::BOM|HYD|2026-09-21|Economy Saver|T15(12-18)::ROUND::2026-09-06T14:30::FLT::AI|AI-619|14:45;CELL::BOM|HYD|2026-10-06|Economy Saver|T30(25-35)::ROUND::2026-09-06T14:30::FLT::QP|QP-1402|10:45;CELL::BOM|HYD|2026-10-22|Economy Saver|T45(40-50)::ROUND::2026-09-06T14:30::FLT::6E|6E-631|06:00;CELL::BOM|HYD|2026-10-22|Economy Saver|T45(40-50)::ROUND::2026-09-06T14:30::FLT::AI|AI-619|14:45;CELL::BOM|HYD|2026-10-22|Economy Saver|T45(40-50)::ROUND::2026-09-06T14:30::FLT::QP|QP-1402|10:45,2026-09-07;2026-09-13;2026-09-21;2026-10-06;2026-10-22,5,T1(0-2);T15(12-18);T30(25-35);T45(40-50);T7(5-9),5,CELL::BOM|HYD|2026-09-07|Economy Saver|T1(0-2)::ROUND::2026-09-06T14:30;CELL::BOM|HYD|2026-09-13|Economy Saver|T7(5-9)::ROUND::2026-09-06T14:30;CELL::BOM|HYD|2026-09-21|Economy Saver|T15(12-18)::ROUND::2026-09-06T14:30;CELL::BOM|HYD|2026-10-06|Economy Saver|T30(25-35)::ROUND::2026-09-06T14:30;CELL::BOM|HYD|2026-10-22|Economy Saver|T45(40-50)::ROUND::2026-09-06T14:30,MIDPOINT_MEDIAN,phase10-v1
RCLASS::BOM-HYD|Economy Saver|ROUND::2026-09-06T20:15,BOM-HYD,Economy Saver,ROUND::2026-09-06T20:15,2026-09-06 20:15,ANCHORED,5,RSERIES::BOM-HYD|Economy Saver|T1(0-2)|2026-09-07|ROUND::2026-09-06T20:15;RSERIES::BOM-HYD|Economy Saver|T15(12-18)|2026-09-21|ROUND::2026-09-06T20:15;RSERIES::BOM-HYD|Economy Saver|T30(25-35)|2026-10-06|ROUND::2026-09-06T20:15;RSERIES::BOM-HYD|Economy Saver|T45(40-50)|2026-10-22|ROUND::2026-09-06T20:15;RSERIES::BOM-HYD|Economy Saver|T7(5-9)|2026-09-13|ROUND::2026-09-06T20:15,BOM,HYD,BOM-HYD,EXACT_KEY_MATCH,scripts/build_vayu_route_basket.py::make_route_id,True,IN_BASKET,BASKET_SCOPED,9,0.055855,True,OBSERVED,PRICED,5673.25,5321.00,7404.75,0.391609,5,5,0,0,0,0,2,3,INFO,R09,0,,False,0,COHERENT_MARKET_MOVEMENT;ISOLATED_DEVIATION,13,13,OBS02813;OBS02814;OBS02816;OBS02819;OBS02822;OBS02824;OBS02826;OBS02831;OBS02832;OBS02840;OBS02841;OBS02843;OBS02844,0,0,13,9,CELL::BOM|HYD|2026-09-07|Economy Saver|T1(0-2)::ROUND::2026-09-06T20:15::FLT::6E|6E-631|06:00;CELL::BOM|HYD|2026-09-07|Economy Saver|T1(0-2)::ROUND::2026-09-06T20:15::FLT::AI|AI-619|14:45;CELL::BOM|HYD|2026-09-13|Economy Saver|T7(5-9)::ROUND::2026-09-06T20:15::FLT::6E|6E-631|06:00;CELL::BOM|HYD|2026-09-21|Economy Saver|T15(12-18)::ROUND::2026-09-06T20:15::FLT::6E|6E-631|06:00;CELL::BOM|HYD|2026-09-21|Economy Saver|T15(12-18)::ROUND::2026-09-06T20:15::FLT::QP|QP-1402|10:45;CELL::BOM|HYD|2026-10-06|Economy Saver|T30(25-35)::ROUND::2026-09-06T20:15::FLT::6E|6E-631|06:00;CELL::BOM|HYD|2026-10-06|Economy Saver|T30(25-35)::ROUND::2026-09-06T20:15::FLT::AI|AI-619|14:45;CELL::BOM|HYD|2026-10-06|Economy Saver|T30(25-35)::ROUND::2026-09-06T20:15::FLT::QP|QP-1402|10:45;CELL::BOM|HYD|2026-10-22|Economy Saver|T45(40-50)::ROUND::2026-09-06T20:15::FLT::6E|6E-631|06:00,2026-09-07;2026-09-13;2026-09-21;2026-10-06;2026-10-22,5,T1(0-2);T15(12-18);T30(25-35);T45(40-50);T7(5-9),5,CELL::BOM|HYD|2026-09-07|Economy Saver|T1(0-2)::ROUND::2026-09-06T20:15;CELL::BOM|HYD|2026-09-13|Economy Saver|T7(5-9)::ROUND::2026-09-06T20:15;CELL::BOM|HYD|2026-09-21|Economy Saver|T15(12-18)::ROUND::2026-09-06T20:15;CELL::BOM|HYD|2026-10-06|Economy Saver|T30(25-35)::ROUND::2026-09-06T20:15;CELL::BOM|HYD|2026-10-22|Economy Saver|T45(40-50)::ROUND::2026-09-06T20:15,MIDPOINT_MEDIAN,phase10-v1
RCLASS::BOM-HYD|Economy Standard|ROUND::2026-09-05T09:00,BOM-HYD,Economy Standard,ROUND::2026-09-05T09:00,2026-09-05 09:00,ANCHORED,5,RSERIES::BOM-HYD|Economy Standard|T1(0-2)|2026-09-07|ROUND::2026-09-05T09:00;RSERIES::BOM-HYD|Economy Standard|T15(12-18)|2026-09-21|ROUND::2026-09-05T09:00;RSERIES::BOM-HYD|Economy Standard|T30(25-35)|2026-10-06|ROUND::2026-09-05T09:00;RSERIES::BOM-HYD|Economy Standard|T45(40-50)|2026-10-22|ROUND::2026-09-05T09:00;RSERIES::BOM-HYD|Economy Standard|T7(5-9)|2026-09-13|ROUND::2026-09-05T09:00,BOM,HYD,BOM-HYD,EXACT_KEY_MATCH,scripts/build_vayu_route_basket.py::make_route_id,True,IN_BASKET,BASKET_SCOPED,9,0.055855,True,OBSERVED,PRICED,7240.00,6659.25,9504.50,0.427263,5,5,0,0,0,0,2,3,INFO,R09,5,R05;R06,False,0,COHERENT_MARKET_MOVEMENT;ISOLATED_DEVIATION,11,11,OBS00273;OBS00282;OBS00285;OBS00287;OBS00290;OBS00291;OBS00292;OBS00293;OBS00296;OBS00299;OBS00300,0,0,11,8,CELL::BOM|HYD|2026-09-07|Economy Standard|T1(0-2)::ROUND::2026-09-05T09:00::FLT::6E|6E-631|06:00;CELL::BOM|HYD|2026-09-07|Economy Standard|T1(0-2)::ROUND::2026-09-05T09:00::FLT::QP|QP-1402|10:45;CELL::BOM|HYD|2026-09-13|Economy Standard|T7(5-9)::ROUND::2026-09-05T09:00::FLT::QP|QP-1402|10:45;CELL::BOM|HYD|2026-09-21|Economy Standard|T15(12-18)::ROUND::2026-09-05T09:00::FLT::AI|AI-619|14:45;CELL::BOM|HYD|2026-09-21|Economy Standard|T15(12-18)::ROUND::2026-09-05T09:00::FLT::QP|QP-1402|10:45;CELL::BOM|HYD|2026-10-06|Economy Standard|T30(25-35)::ROUND::2026-09-05T09:00::FLT::AI|AI-619|14:45;CELL::BOM|HYD|2026-10-06|Economy Standard|T30(25-35)::ROUND::2026-09-05T09:00::FLT::QP|QP-1402|10:45;CELL::BOM|HYD|2026-10-22|Economy Standard|T45(40-50)::ROUND::2026-09-05T09:00::FLT::6E|6E-631|06:00,2026-09-07;2026-09-13;2026-09-21;2026-10-06;2026-10-22,5,T1(0-2);T15(12-18);T30(25-35);T45(40-50);T7(5-9),5,CELL::BOM|HYD|2026-09-07|Economy Standard|T1(0-2)::ROUND::2026-09-05T09:00;CELL::BOM|HYD|2026-09-13|Economy Standard|T7(5-9)::ROUND::2026-09-05T09:00;CELL::BOM|HYD|2026-09-21|Economy Standard|T15(12-18)::ROUND::2026-09-05T09:00;CELL::BOM|HYD|2026-10-06|Economy Standard|T30(25-35)::ROUND::2026-09-05T09:00;CELL::BOM|HYD|2026-10-22|Economy Standard|T45(40-50)::ROUND::2026-09-05T09:00,MIDPOINT_MEDIAN,phase10-v1
RCLASS::BOM-HYD|Economy Standard|ROUND::2026-09-05T14:30,BOM-HYD,Economy Standard,ROUND::2026-09-05T14:30,2026-09-05 14:30,ANCHORED,4,RSERIES::BOM-HYD|Economy Standard|T15(12-18)|2026-09-21|ROUND::2026-09-05T14:30;RSERIES::BOM-HYD|Economy Standard|T30(25-35)|2026-10-06|ROUND::2026-09-05T14:30;RSERIES::BOM-HYD|Economy Standard|T45(40-50)|2026-10-22|ROUND::2026-09-05T14:30;RSERIES::BOM-HYD|Economy Standard|T7(5-9)|2026-09-13|ROUND::2026-09-05T14:30,BOM,HYD,BOM-HYD,EXACT_KEY_MATCH,scripts/build_vayu_route_basket.py::make_route_id,True,IN_BASKET,BASKET_SCOPED,9,0.055855,True,OBSERVED,PRICED,6920.00,6560.50,8330.00,0.269720,4,4,0,0,0,0,2,2,INFO,R09,4,R05;R06,False,0,COHERENT_MARKET_MOVEMENT;ISOLATED_DEVIATION,9,9,OBS00774;OBS00775;OBS00789;OBS00792;OBS00793;OBS00801;OBS00804;OBS00805;OBS00807,0,0,9,6,CELL::BOM|HYD|2026-09-13|Economy Standard|T7(5-9)::ROUND::2026-09-05T14:30::FLT::6E|6E-631|06:00;CELL::BOM|HYD|2026-09-13|Economy Standard|T7(5-9)::ROUND::2026-09-05T14:30::FLT::QP|QP-1402|10:45;CELL::BOM|HYD|2026-09-21|Economy Standard|T15(12-18)::ROUND::2026-09-05T14:30::FLT::AI|AI-619|14:45;CELL::BOM|HYD|2026-10-06|Economy Standard|T30(25-35)::ROUND::2026-09-05T14:30::FLT::AI|AI-619|14:45;CELL::BOM|HYD|2026-10-06|Economy Standard|T30(25-35)::ROUND::2026-09-05T14:30::FLT::QP|QP-1402|10:45;CELL::BOM|HYD|2026-10-22|Economy Standard|T45(40-50)::ROUND::2026-09-05T14:30::FLT::QP|QP-1402|10:45,2026-09-13;2026-09-21;2026-10-06;2026-10-22,4,T15(12-18);T30(25-35);T45(40-50);T7(5-9),4,CELL::BOM|HYD|2026-09-13|Economy Standard|T7(5-9)::ROUND::2026-09-05T14:30;CELL::BOM|HYD|2026-09-21|Economy Standard|T15(12-18)::ROUND::2026-09-05T14:30;CELL::BOM|HYD|2026-10-06|Economy Standard|T30(25-35)::ROUND::2026-09-05T14:30;CELL::BOM|HYD|2026-10-22|Economy Standard|T45(40-50)::ROUND::2026-09-05T14:30,MIDPOINT_MEDIAN,phase10-v1
RCLASS::BOM-HYD|Economy Standard|ROUND::2026-09-05T20:15,BOM-HYD,Economy Standard,ROUND::2026-09-05T20:15,2026-09-05 20:15,ANCHORED,4,RSERIES::BOM-HYD|Economy Standard|T1(0-2)|2026-09-07|ROUND::2026-09-05T20:15;RSERIES::BOM-HYD|Economy Standard|T30(25-35)|2026-10-06|ROUND::2026-09-05T20:15;RSERIES::BOM-HYD|Economy Standard|T45(40-50)|2026-10-22|ROUND::2026-09-05T20:15;RSERIES::BOM-HYD|Economy Standard|T7(5-9)|2026-09-13|ROUND::2026-09-05T20:15,BOM,HYD,BOM-HYD,EXACT_KEY_MATCH,scripts/build_vayu_route_basket.py::make_route_id,True,IN_BASKET,BASKET_SCOPED,9,0.055855,True,OBSERVED,PRICED,7558.88,6527.00,9887.00,0.514785,4,4,0,0,0,0,0,4,NONE,,4,R05;R06,False,0,COHERENT_MARKET_MOVEMENT,13,13,OBS01293;OBS01298;OBS01299;OBS01300;OBS01305;OBS01306;OBS01309;OBS01310;OBS01311;OBS01315;OBS01316;OBS01317;OBS01318,0,0,13,8,CELL::BOM|HYD|2026-09-07|Economy Standard|T1(0-2)::ROUND::2026-09-05T20:15::FLT::AI|AI-619|14:45;CELL::BOM|HYD|2026-09-07|Economy Standard|T1(0-2)::ROUND::2026-09-05T20:15::FLT::QP|QP-1402|10:45;CELL::BOM|HYD|2026-09-13|Economy Standard|T7(5-9)::ROUND::2026-09-05T20:15::FLT::6E|6E-631|06:00;CELL::BOM|HYD|2026-09-13|Economy Standard|T7(5-9)::ROUND::2026-09-05T20:15::FLT::QP|QP-1402|10:45;CELL::BOM|HYD|2026-10-06|Economy Standard|T30(25-35)::ROUND::2026-09-05T20:15::FLT::AI|AI-619|14:45;CELL::BOM|HYD|2026-10-06|Economy Standard|T30(25-35)::ROUND::2026-09-05T20:15::FLT::QP|QP-1402|10:45;CELL::BOM|HYD|2026-10-22|Economy Standard|T45(40-50)::ROUND::2026-09-05T20:15::FLT::6E|6E-631|06:00;CELL::BOM|HYD|2026-10-22|Economy Standard|T45(40-50)::ROUND::2026-09-05T20:15::FLT::QP|QP-1402|10:45,2026-09-07;2026-09-13;2026-10-06;2026-10-22,4,T1(0-2);T30(25-35);T45(40-50);T7(5-9),4,CELL::BOM|HYD|2026-09-07|Economy Standard|T1(0-2)::ROUND::2026-09-05T20:15;CELL::BOM|HYD|2026-09-13|Economy Standard|T7(5-9)::ROUND::2026-09-05T20:15;CELL::BOM|HYD|2026-10-06|Economy Standard|T30(25-35)::ROUND::2026-09-05T20:15;CELL::BOM|HYD|2026-10-22|Economy Standard|T45(40-50)::ROUND::2026-09-05T20:15,MIDPOINT_MEDIAN,phase10-v1
RCLASS::BOM-HYD|Economy Standard|ROUND::2026-09-06T09:00,BOM-HYD,Economy Standard,ROUND::2026-09-06T09:00,2026-09-06 09:00,ANCHORED,5,RSERIES::BOM-HYD|Economy Standard|T1(0-2)|2026-09-07|ROUND::2026-09-06T09:00;RSERIES::BOM-HYD|Economy Standard|T15(12-18)|2026-09-21|ROUND::2026-09-06T09:00;RSERIES::BOM-HYD|Economy Standard|T30(25-35)|2026-10-06|ROUND::2026-09-06T09:00;RSERIES::BOM-HYD|Economy Standard|T45(40-50)|2026-10-22|ROUND::2026-09-06T09:00;RSERIES::BOM-HYD|Economy Standard|T7(5-9)|2026-09-13|ROUND::2026-09-06T09:00,BOM,HYD,BOM-HYD,EXACT_KEY_MATCH,scripts/build_vayu_route_basket.py::make_route_id,True,IN_BASKET,BASKET_SCOPED,9,0.055855,True,OBSERVED,PRICED,7161.00,6515.25,9581.00,0.470550,5,5,0,0,0,0,0,5,NONE,,5,R05;R06,False,0,COHERENT_MARKET_MOVEMENT;ISOLATED_DEVIATION,14,14,OBS01812;OBS01813;OBS01815;OBS01816;OBS01817;OBS01818;OBS01820;OBS01821;OBS01827;OBS01834;OBS01837;OBS01839;OBS01846;OBS01847,0,0,14,9,CELL::BOM|HYD|2026-09-07|Economy Standard|T1(0-2)::ROUND::2026-09-06T09:00::FLT::6E|6E-631|06:00;CELL::BOM|HYD|2026-09-07|Economy Standard|T1(0-2)::ROUND::2026-09-06T09:00::FLT::AI|AI-619|14:45;CELL::BOM|HYD|2026-09-07|Economy Standard|T1(0-2)::ROUND::2026-09-06T09:00::FLT::QP|QP-1402|10:45;CELL::BOM|HYD|2026-09-13|Economy Standard|T7(5-9)::ROUND::2026-09-06T09:00::FLT::6E|6E-631|06:00;CELL::BOM|HYD|2026-09-21|Economy Standard|T15(12-18)::ROUND::2026-09-06T09:00::FLT::6E|6E-631|06:00;CELL::BOM|HYD|2026-09-21|Economy Standard|T15(12-18)::ROUND::2026-09-06T09:00::FLT::QP|QP-1402|10:45;CELL::BOM|HYD|2026-10-06|Economy Standard|T30(25-35)::ROUND::2026-09-06T09:00::FLT::6E|6E-631|06:00;CELL::BOM|HYD|2026-10-22|Economy Standard|T45(40-50)::ROUND::2026-09-06T09:00::FLT::AI|AI-619|14:45;CELL::BOM|HYD|2026-10-22|Economy Standard|T45(40-50)::ROUND::2026-09-06T09:00::FLT::QP|QP-1402|10:45,2026-09-07;2026-09-13;2026-09-21;2026-10-06;2026-10-22,5,T1(0-2);T15(12-18);T30(25-35);T45(40-50);T7(5-9),5,CELL::BOM|HYD|2026-09-07|Economy Standard|T1(0-2)::ROUND::2026-09-06T09:00;CELL::BOM|HYD|2026-09-13|Economy Standard|T7(5-9)::ROUND::2026-09-06T09:00;CELL::BOM|HYD|2026-09-21|Economy Standard|T15(12-18)::ROUND::2026-09-06T09:00;CELL::BOM|HYD|2026-10-06|Economy Standard|T30(25-35)::ROUND::2026-09-06T09:00;CELL::BOM|HYD|2026-10-22|Economy Standard|T45(40-50)::ROUND::2026-09-06T09:00,MIDPOINT_MEDIAN,phase10-v1
RCLASS::BOM-HYD|Economy Standard|ROUND::2026-09-06T14:30,BOM-HYD,Economy Standard,ROUND::2026-09-06T14:30,2026-09-06 14:30,ANCHORED,5,RSERIES::BOM-HYD|Economy Standard|T1(0-2)|2026-09-07|ROUND::2026-09-06T14:30;RSERIES::BOM-HYD|Economy Standard|T15(12-18)|2026-09-21|ROUND::2026-09-06T14:30;RSERIES::BOM-HYD|Economy Standard|T30(25-35)|2026-10-06|ROUND::2026-09-06T14:30;RSERIES::BOM-HYD|Economy Standard|T45(40-50)|2026-10-22|ROUND::2026-09-06T14:30;RSERIES::BOM-HYD|Economy Standard|T7(5-9)|2026-09-13|ROUND::2026-09-06T14:30,BOM,HYD,BOM-HYD,EXACT_KEY_MATCH,scripts/build_vayu_route_basket.py::make_route_id,True,IN_BASKET,BASKET_SCOPED,9,0.055855,True,OBSERVED,PRICED,7539.00,6396.00,10024.00,0.567230,5,5,0,0,0,0,0,5,NONE,,2,R06,False,0,COHERENT_MARKET_MOVEMENT;ISOLATED_DEVIATION,14,14,OBS02312;OBS02313;OBS02315;OBS02316;OBS02319;OBS02321;OBS02327;OBS02330;OBS02337;OBS02338;OBS02339;OBS02340;OBS02342;OBS02343,0,0,14,9,CELL::BOM|HYD|2026-09-07|Economy Standard|T1(0-2)::ROUND::2026-09-06T14:30::FLT::6E|6E-631|06:00;CELL::BOM|HYD|2026-09-07|Economy Standard|T1(0-2)::ROUND::2026-09-06T14:30::FLT::AI|AI-619|14:45;CELL::BOM|HYD|2026-09-13|Economy Standard|T7(5-9)::ROUND::2026-09-06T14:30::FLT::QP|QP-1402|10:45;CELL::BOM|HYD|2026-09-21|Economy Standard|T15(12-18)::ROUND::2026-09-06T14:30::FLT::6E|6E-631|06:00;CELL::BOM|HYD|2026-09-21|Economy Standard|T15(12-18)::ROUND::2026-09-06T14:30::FLT::AI|AI-619|14:45;CELL::BOM|HYD|2026-09-21|Economy Standard|T15(12-18)::ROUND::2026-09-06T14:30::FLT::QP|QP-1402|10:45;CELL::BOM|HYD|2026-10-06|Economy Standard|T30(25-35)::ROUND::2026-09-06T14:30::FLT::QP|QP-1402|10:45;CELL::BOM|HYD|2026-10-22|Economy Standard|T45(40-50)::ROUND::2026-09-06T14:30::FLT::6E|6E-631|06:00;CELL::BOM|HYD|2026-10-22|Economy Standard|T45(40-50)::ROUND::2026-09-06T14:30::FLT::AI|AI-619|14:45,2026-09-07;2026-09-13;2026-09-21;2026-10-06;2026-10-22,5,T1(0-2);T15(12-18);T30(25-35);T45(40-50);T7(5-9),5,CELL::BOM|HYD|2026-09-07|Economy Standard|T1(0-2)::ROUND::2026-09-06T14:30;CELL::BOM|HYD|2026-09-13|Economy Standard|T7(5-9)::ROUND::2026-09-06T14:30;CELL::BOM|HYD|2026-09-21|Economy Standard|T15(12-18)::ROUND::2026-09-06T14:30;CELL::BOM|HYD|2026-10-06|Economy Standard|T30(25-35)::ROUND::2026-09-06T14:30;CELL::BOM|HYD|2026-10-22|Economy Standard|T45(40-50)::ROUND::2026-09-06T14:30,MIDPOINT_MEDIAN,phase10-v1
RCLASS::BOM-HYD|Economy Standard|ROUND::2026-09-06T20:15,BOM-HYD,Economy Standard,ROUND::2026-09-06T20:15,2026-09-06 20:15,ANCHORED,4,RSERIES::BOM-HYD|Economy Standard|T1(0-2)|2026-09-07|ROUND::2026-09-06T20:15;RSERIES::BOM-HYD|Economy Standard|T15(12-18)|2026-09-21|ROUND::2026-09-06T20:15;RSERIES::BOM-HYD|Economy Standard|T45(40-50)|2026-10-22|ROUND::2026-09-06T20:15;RSERIES::BOM-HYD|Economy Standard|T7(5-9)|2026-09-13|ROUND::2026-09-06T20:15,BOM,HYD,BOM-HYD,EXACT_KEY_MATCH,scripts/build_vayu_route_basket.py::make_route_id,True,IN_BASKET,BASKET_SCOPED,9,0.055855,True,OBSERVED,PRICED,8159.00,6495.50,9375.00,0.443307,4,4,0,0,0,0,2,2,INFO,R09,0,,False,0,COHERENT_MARKET_MOVEMENT;ISOLATED_DEVIATION,6,6,OBS02817;OBS02818;OBS02825;OBS02827;OBS02835;OBS02846,0,0,6,5,CELL::BOM|HYD|2026-09-07|Economy Standard|T1(0-2)::ROUND::2026-09-06T20:15::FLT::AI|AI-619|14:45;CELL::BOM|HYD|2026-09-13|Economy Standard|T7(5-9)::ROUND::2026-09-06T20:15::FLT::AI|AI-619|14:45;CELL::BOM|HYD|2026-09-21|Economy Standard|T15(12-18)::ROUND::2026-09-06T20:15::FLT::6E|6E-631|06:00;CELL::BOM|HYD|2026-10-22|Economy Standard|T45(40-50)::ROUND::2026-09-06T20:15::FLT::AI|AI-619|14:45;CELL::BOM|HYD|2026-10-22|Economy Standard|T45(40-50)::ROUND::2026-09-06T20:15::FLT::QP|QP-1402|10:45,2026-09-07;2026-09-13;2026-09-21;2026-10-22,4,T1(0-2);T15(12-18);T45(40-50);T7(5-9),4,CELL::BOM|HYD|2026-09-07|Economy Standard|T1(0-2)::ROUND::2026-09-06T20:15;CELL::BOM|HYD|2026-09-13|Economy Standard|T7(5-9)::ROUND::2026-09-06T20:15;CELL::BOM|HYD|2026-09-21|Economy Standard|T15(12-18)::ROUND::2026-09-06T20:15;CELL::BOM|HYD|2026-10-22|Economy Standard|T45(40-50)::ROUND::2026-09-06T20:15,MIDPOINT_MEDIAN,phase10-v1
RCLASS::BLR-CCU|Economy Flexi|ROUND::2026-09-05T09:00,BLR-CCU,Economy Flexi,ROUND::2026-09-05T09:00,2026-09-05 09:00,ANCHORED,4,RSERIES::BLR-CCU|Economy Flexi|T1(0-2)|2026-09-07|ROUND::2026-09-05T09:00;RSERIES::BLR-CCU|Economy Flexi|T15(12-18)|2026-09-21|ROUND::2026-09-05T09:00;RSERIES::BLR-CCU|Economy Flexi|T45(40-50)|2026-10-22|ROUND::2026-09-05T09:00;RSERIES::BLR-CCU|Economy Flexi|T7(5-9)|2026-09-13|ROUND::2026-09-05T09:00,BLR,CCU,BLR-CCU,EXACT_KEY_MATCH,scripts/build_vayu_route_basket.py::make_route_id,True,IN_BASKET,BASKET_SCOPED,10,0.05523,True,OBSERVED,PRICED,9628.25,8192.25,11250.00,0.373249,4,4,0,0,0,0,1,3,INFO,R09,4,R05;R06,False,0,COHERENT_MARKET_MOVEMENT;ISOLATED_DEVIATION,14,14,OBS00304;OBS00309;OBS00310;OBS00311;OBS00312;OBS00316;OBS00317;OBS00319;OBS00320;OBS00335;OBS00336;OBS00337;OBS00340;OBS00341,0,0,14,8,CELL::BLR|CCU|2026-09-07|Economy Flexi|T1(0-2)::ROUND::2026-09-05T09:00::FLT::6E|6E-904|09:45;CELL::BLR|CCU|2026-09-13|Economy Flexi|T7(5-9)::ROUND::2026-09-05T09:00::FLT::6E|6E-904|09:45;CELL::BLR|CCU|2026-09-13|Economy Flexi|T7(5-9)::ROUND::2026-09-05T09:00::FLT::AI|AI-772|06:30;CELL::BLR|CCU|2026-09-13|Economy Flexi|T7(5-9)::ROUND::2026-09-05T09:00::FLT::SG|SG-321|06:15;CELL::BLR|CCU|2026-09-21|Economy Flexi|T15(12-18)::ROUND::2026-09-05T09:00::FLT::6E|6E-904|09:45;CELL::BLR|CCU|2026-09-21|Economy Flexi|T15(12-18)::ROUND::2026-09-05T09:00::FLT::SG|SG-321|06:15;CELL::BLR|CCU|2026-10-22|Economy Flexi|T45(40-50)::ROUND::2026-09-05T09:00::FLT::6E|6E-904|09:45;CELL::BLR|CCU|2026-10-22|Economy Flexi|T45(40-50)::ROUND::2026-09-05T09:00::FLT::SG|SG-321|06:15,2026-09-07;2026-09-13;2026-09-21;2026-10-22,4,T1(0-2);T15(12-18);T45(40-50);T7(5-9),4,CELL::BLR|CCU|2026-09-07|Economy Flexi|T1(0-2)::ROUND::2026-09-05T09:00;CELL::BLR|CCU|2026-09-13|Economy Flexi|T7(5-9)::ROUND::2026-09-05T09:00;CELL::BLR|CCU|2026-09-21|Economy Flexi|T15(12-18)::ROUND::2026-09-05T09:00;CELL::BLR|CCU|2026-10-22|Economy Flexi|T45(40-50)::ROUND::2026-09-05T09:00,MIDPOINT_MEDIAN,phase10-v1
RCLASS::BLR-CCU|Economy Flexi|ROUND::2026-09-05T14:30,BLR-CCU,Economy Flexi,ROUND::2026-09-05T14:30,2026-09-05 14:30,ANCHORED,5,RSERIES::BLR-CCU|Economy Flexi|T1(0-2)|2026-09-07|ROUND::2026-09-05T14:30;RSERIES::BLR-CCU|Economy Flexi|T15(12-18)|2026-09-21|ROUND::2026-09-05T14:30;RSERIES::BLR-CCU|Economy Flexi|T30(25-35)|2026-10-06|ROUND::2026-09-05T14:30;RSERIES::BLR-CCU|Economy Flexi|T45(40-50)|2026-10-22|ROUND::2026-09-05T14:30;RSERIES::BLR-CCU|Economy Flexi|T7(5-9)|2026-09-13|ROUND::2026-09-05T14:30,BLR,CCU,BLR-CCU,EXACT_KEY_MATCH,scripts/build_vayu_route_basket.py::make_route_id,True,IN_BASKET,BASKET_SCOPED,10,0.05523,True,OBSERVED,PRICED,8711.00,8020.50,11708.50,0.459822,5,5,0,0,0,0,0,5,NONE,,5,R05;R06,False,0,COHERENT_MARKET_MOVEMENT;ISOLATED_DEVIATION,17,17,OBS00808;OBS00809;OBS00811;OBS00814;OBS00815;OBS00817;OBS00819;OBS00820;OBS00821;OBS00823;OBS00824;OBS00827;OBS00830;OBS00837;OBS00838;OBS00839;OBS00840,0,0,17,11,CELL::BLR|CCU|2026-09-07|Economy Flexi|T1(0-2)::ROUND::2026-09-05T14:30::FLT::6E|6E-904|09:45;CELL::BLR|CCU|2026-09-07|Economy Flexi|T1(0-2)::ROUND::2026-09-05T14:30::FLT::AI|AI-772|06:30;CELL::BLR|CCU|2026-09-07|Economy Flexi|T1(0-2)::ROUND::2026-09-05T14:30::FLT::SG|SG-321|06:15;CELL::BLR|CCU|2026-09-13|Economy Flexi|T7(5-9)::ROUND::2026-09-05T14:30::FLT::6E|6E-904|09:45;CELL::BLR|CCU|2026-09-13|Economy Flexi|T7(5-9)::ROUND::2026-09-05T14:30::FLT::AI|AI-772|06:30;CELL::BLR|CCU|2026-09-21|Economy Flexi|T15(12-18)::ROUND::2026-09-05T14:30::FLT::6E|6E-904|09:45;CELL::BLR|CCU|2026-10-06|Economy Flexi|T30(25-35)::ROUND::2026-09-05T14:30::FLT::6E|6E-904|09:45;CELL::BLR|CCU|2026-10-06|Economy Flexi|T30(25-35)::ROUND::2026-09-05T14:30::FLT::AI|AI-772|06:30;CELL::BLR|CCU|2026-10-06|Economy Flexi|T30(25-35)::ROUND::2026-09-05T14:30::FLT::SG|SG-321|06:15;CELL::BLR|CCU|2026-10-22|Economy Flexi|T45(40-50)::ROUND::2026-09-05T14:30::FLT::6E|6E-904|09:45;CELL::BLR|CCU|2026-10-22|Economy Flexi|T45(40-50)::ROUND::2026-09-05T14:30::FLT::SG|SG-321|06:15,2026-09-07;2026-09-13;2026-09-21;2026-10-06;2026-10-22,5,T1(0-2);T15(12-18);T30(25-35);T45(40-50);T7(5-9),5,CELL::BLR|CCU|2026-09-07|Economy Flexi|T1(0-2)::ROUND::2026-09-05T14:30;CELL::BLR|CCU|2026-09-13|Economy Flexi|T7(5-9)::ROUND::2026-09-05T14:30;CELL::BLR|CCU|2026-09-21|Economy Flexi|T15(12-18)::ROUND::2026-09-05T14:30;CELL::BLR|CCU|2026-10-06|Economy Flexi|T30(25-35)::ROUND::2026-09-05T14:30;CELL::BLR|CCU|2026-10-22|Economy Flexi|T45(40-50)::ROUND::2026-09-05T14:30,MIDPOINT_MEDIAN,phase10-v1
RCLASS::BLR-CCU|Economy Flexi|ROUND::2026-09-05T20:15,BLR-CCU,Economy Flexi,ROUND::2026-09-05T20:15,2026-09-05 20:15,ANCHORED,5,RSERIES::BLR-CCU|Economy Flexi|T1(0-2)|2026-09-07|ROUND::2026-09-05T20:15;RSERIES::BLR-CCU|Economy Flexi|T15(12-18)|2026-09-21|ROUND::2026-09-05T20:15;RSERIES::BLR-CCU|Economy Flexi|T30(25-35)|2026-10-06|ROUND::2026-09-05T20:15;RSERIES::BLR-CCU|Economy Flexi|T45(40-50)|2026-10-22|ROUND::2026-09-05T20:15;RSERIES::BLR-CCU|Economy Flexi|T7(5-9)|2026-09-13|ROUND::2026-09-05T20:15,BLR,CCU,BLR-CCU,EXACT_KEY_MATCH,scripts/build_vayu_route_basket.py::make_route_id,True,IN_BASKET,BASKET_SCOPED,10,0.05523,True,OBSERVED,PRICED,9001.50,7916.00,11668.50,0.474040,5,5,0,0,0,0,1,4,INFO,R09,5,R05;R06,False,0,COHERENT_MARKET_MOVEMENT;ISOLATED_DEVIATION,13,13,OBS01319;OBS01322;OBS01324;OBS01328;OBS01330;OBS01331;OBS01337;OBS01341;OBS01342;OBS01343;OBS01344;OBS01347;OBS01348,0,0,13,9,CELL::BLR|CCU|2026-09-07|Economy Flexi|T1(0-2)::ROUND::2026-09-05T20:15::FLT::6E|6E-904|09:45;CELL::BLR|CCU|2026-09-07|Economy Flexi|T1(0-2)::ROUND::2026-09-05T20:15::FLT::AI|AI-772|06:30;CELL::BLR|CCU|2026-09-13|Economy Flexi|T7(5-9)::ROUND::2026-09-05T20:15::FLT::6E|6E-904|09:45;CELL::BLR|CCU|2026-09-13|Economy Flexi|T7(5-9)::ROUND::2026-09-05T20:15::FLT::AI|AI-772|06:30;CELL::BLR|CCU|2026-09-13|Economy Flexi|T7(5-9)::ROUND::2026-09-05T20:15::FLT::SG|SG-321|06:15;CELL::BLR|CCU|2026-09-21|Economy Flexi|T15(12-18)::ROUND::2026-09-05T20:15::FLT::SG|SG-321|06:15;CELL::BLR|CCU|2026-10-06|Economy Flexi|T30(25-35)::ROUND::2026-09-05T20:15::FLT::6E|6E-904|09:45;CELL::BLR|CCU|2026-10-06|Economy Flexi|T30(25-35)::ROUND::2026-09-05T20:15::FLT::SG|SG-321|06:15;CELL::BLR|CCU|2026-10-22|Economy Flexi|T45(40-50)::ROUND::2026-09-05T20:15::FLT::AI|AI-772|06:30,2026-09-07;2026-09-13;2026-09-21;2026-10-06;2026-10-22,5,T1(0-2);T15(12-18);T30(25-35);T45(40-50);T7(5-9),5,CELL::BLR|CCU|2026-09-07|Economy Flexi|T1(0-2)::ROUND::2026-09-05T20:15;CELL::BLR|CCU|2026-09-13|Economy Flexi|T7(5-9)::ROUND::2026-09-05T20:15;CELL::BLR|CCU|2026-09-21|Economy Flexi|T15(12-18)::ROUND::2026-09-05T20:15;CELL::BLR|CCU|2026-10-06|Economy Flexi|T30(25-35)::ROUND::2026-09-05T20:15;CELL::BLR|CCU|2026-10-22|Economy Flexi|T45(40-50)::ROUND::2026-09-05T20:15,MIDPOINT_MEDIAN,phase10-v1
RCLASS::BLR-CCU|Economy Flexi|ROUND::2026-09-06T09:00,BLR-CCU,Economy Flexi,ROUND::2026-09-06T09:00,2026-09-06 09:00,ANCHORED,5,RSERIES::BLR-CCU|Economy Flexi|T1(0-2)|2026-09-07|ROUND::2026-09-06T09:00;RSERIES::BLR-CCU|Economy Flexi|T15(12-18)|2026-09-21|ROUND::2026-09-06T09:00;RSERIES::BLR-CCU|Economy Flexi|T30(25-35)|2026-10-06|ROUND::2026-09-06T09:00;RSERIES::BLR-CCU|Economy Flexi|T45(40-50)|2026-10-22|ROUND::2026-09-06T09:00;RSERIES::BLR-CCU|Economy Flexi|T7(5-9)|2026-09-13|ROUND::2026-09-06T09:00,BLR,CCU,BLR-CCU,EXACT_KEY_MATCH,scripts/build_vayu_route_basket.py::make_route_id,True,IN_BASKET,BASKET_SCOPED,10,0.05523,True,OBSERVED,PRICED,9328.50,7694.00,11664.00,0.515986,5,5,0,0,0,0,0,5,NONE,,5,R05;R06,False,0,COHERENT_MARKET_MOVEMENT;ISOLATED_DEVIATION,11,11,OBS01850;OBS01851;OBS01862;OBS01863;OBS01864;OBS01865;OBS01868;OBS01869;OBS01870;OBS01876;OBS01877,0,0,11,7,CELL::BLR|CCU|2026-09-07|Economy Flexi|T1(0-2)::ROUND::2026-09-06T09:00::FLT::6E|6E-904|09:45;CELL::BLR|CCU|2026-09-07|Economy Flexi|T1(0-2)::ROUND::2026-09-06T09:00::FLT::SG|SG-321|06:15;CELL::BLR|CCU|2026-09-13|Economy Flexi|T7(5-9)::ROUND::2026-09-06T09:00::FLT::6E|6E-904|09:45;CELL::BLR|CCU|2026-09-13|Economy Flexi|T7(5-9)::ROUND::2026-09-06T09:00::FLT::SG|SG-321|06:15;CELL::BLR|CCU|2026-09-21|Economy Flexi|T15(12-18)::ROUND::2026-09-06T09:00::FLT::AI|AI-772|06:30;CELL::BLR|CCU|2026-10-06|Economy Flexi|T30(25-35)::ROUND::2026-09-06T09:00::FLT::AI|AI-772|06:30;CELL::BLR|CCU|2026-10-22|Economy Flexi|T45(40-50)::ROUND::2026-09-06T09:00::FLT::SG|SG-321|06:15,2026-09-07;2026-09-13;2026-09-21;2026-10-06;2026-10-22,5,T1(0-2);T15(12-18);T30(25-35);T45(40-50);T7(5-9),5,CELL::BLR|CCU|2026-09-07|Economy Flexi|T1(0-2)::ROUND::2026-09-06T09:00;CELL::BLR|CCU|2026-09-13|Economy Flexi|T7(5-9)::ROUND::2026-09-06T09:00;CELL::BLR|CCU|2026-09-21|Economy Flexi|T15(12-18)::ROUND::2026-09-06T09:00;CELL::BLR|CCU|2026-10-06|Economy Flexi|T30(25-35)::ROUND::2026-09-06T09:00;CELL::BLR|CCU|2026-10-22|Economy Flexi|T45(40-50)::ROUND::2026-09-06T09:00,MIDPOINT_MEDIAN,phase10-v1
RCLASS::BLR-CCU|Economy Flexi|ROUND::2026-09-06T14:30,BLR-CCU,Economy Flexi,ROUND::2026-09-06T14:30,2026-09-06 14:30,ANCHORED,5,RSERIES::BLR-CCU|Economy Flexi|T1(0-2)|2026-09-07|ROUND::2026-09-06T14:30;RSERIES::BLR-CCU|Economy Flexi|T15(12-18)|2026-09-21|ROUND::2026-09-06T14:30;RSERIES::BLR-CCU|Economy Flexi|T30(25-35)|2026-10-06|ROUND::2026-09-06T14:30;RSERIES::BLR-CCU|Economy Flexi|T45(40-50)|2026-10-22|ROUND::2026-09-06T14:30;RSERIES::BLR-CCU|Economy Flexi|T7(5-9)|2026-09-13|ROUND::2026-09-06T14:30,BLR,CCU,BLR-CCU,EXACT_KEY_MATCH,scripts/build_vayu_route_basket.py::make_route_id,True,IN_BASKET,BASKET_SCOPED,10,0.05523,True,OBSERVED,PRICED,9238.00,8084.75,11859.50,0.466898,5,5,0,0,0,0,0,5,NONE,,1,R06,False,0,COHERENT_MARKET_MOVEMENT;ISOLATED_DEVIATION,14,14,OBS02345;OBS02350;OBS02351;OBS02352;OBS02353;OBS02357;OBS02364;OBS02367;OBS02368;OBS02369;OBS02372;OBS02373;OBS02374;OBS02377,0,0,14,10,CELL::BLR|CCU|2026-09-07|Economy Flexi|T1(0-2)::ROUND::2026-09-06T14:30::FLT::6E|6E-904|09:45;CELL::BLR|CCU|2026-09-07|Economy Flexi|T1(0-2)::ROUND::2026-09-06T14:30::FLT::SG|SG-321|06:15;CELL::BLR|CCU|2026-09-13|Economy Flexi|T7(5-9)::ROUND::2026-09-06T14:30::FLT::AI|AI-772|06:30;CELL::BLR|CCU|2026-09-13|Economy Flexi|T7(5-9)::ROUND::2026-09-06T14:30::FLT::SG|SG-321|06:15;CELL::BLR|CCU|2026-09-21|Economy Flexi|T15(12-18)::ROUND::2026-09-06T14:30::FLT::SG|SG-321|06:15;CELL::BLR|CCU|2026-10-06|Economy Flexi|T30(25-35)::ROUND::2026-09-06T14:30::FLT::6E|6E-904|09:45;CELL::BLR|CCU|2026-10-06|Economy Flexi|T30(25-35)::ROUND::2026-09-06T14:30::FLT::SG|SG-321|06:15;CELL::BLR|CCU|2026-10-22|Economy Flexi|T45(40-50)::ROUND::2026-09-06T14:30::FLT::6E|6E-904|09:45;CELL::BLR|CCU|2026-10-22|Economy Flexi|T45(40-50)::ROUND::2026-09-06T14:30::FLT::AI|AI-772|06:30;CELL::BLR|CCU|2026-10-22|Economy Flexi|T45(40-50)::ROUND::2026-09-06T14:30::FLT::SG|SG-321|06:15,2026-09-07;2026-09-13;2026-09-21;2026-10-06;2026-10-22,5,T1(0-2);T15(12-18);T30(25-35);T45(40-50);T7(5-9),5,CELL::BLR|CCU|2026-09-07|Economy Flexi|T1(0-2)::ROUND::2026-09-06T14:30;CELL::BLR|CCU|2026-09-13|Economy Flexi|T7(5-9)::ROUND::2026-09-06T14:30;CELL::BLR|CCU|2026-09-21|Economy Flexi|T15(12-18)::ROUND::2026-09-06T14:30;CELL::BLR|CCU|2026-10-06|Economy Flexi|T30(25-35)::ROUND::2026-09-06T14:30;CELL::BLR|CCU|2026-10-22|Economy Flexi|T45(40-50)::ROUND::2026-09-06T14:30,MIDPOINT_MEDIAN,phase10-v1
RCLASS::BLR-CCU|Economy Flexi|ROUND::2026-09-06T20:15,BLR-CCU,Economy Flexi,ROUND::2026-09-06T20:15,2026-09-06 20:15,ANCHORED,5,RSERIES::BLR-CCU|Economy Flexi|T1(0-2)|2026-09-07|ROUND::2026-09-06T20:15;RSERIES::BLR-CCU|Economy Flexi|T15(12-18)|2026-09-21|ROUND::2026-09-06T20:15;RSERIES::BLR-CCU|Economy Flexi|T30(25-35)|2026-10-06|ROUND::2026-09-06T20:15;RSERIES::BLR-CCU|Economy Flexi|T45(40-50)|2026-10-22|ROUND::2026-09-06T20:15;RSERIES::BLR-CCU|Economy Flexi|T7(5-9)|2026-09-13|ROUND::2026-09-06T20:15,BLR,CCU,BLR-CCU,EXACT_KEY_MATCH,scripts/build_vayu_route_basket.py::make_route_id,True,IN_BASKET,BASKET_SCOPED,10,0.05523,True,OBSERVED,PRICED,8994.00,7899.50,11768.25,0.489746,5,5,0,0,0,0,1,4,INFO,R09,0,,False,0,COHERENT_MARKET_MOVEMENT;ISOLATED_DEVIATION,10,10,OBS02849;OBS02850;OBS02854;OBS02856;OBS02864;OBS02869;OBS02870;OBS02873;OBS02874;OBS02875,0,0,10,7,CELL::BLR|CCU|2026-09-07|Economy Flexi|T1(0-2)::ROUND::2026-09-06T20:15::FLT::6E|6E-904|09:45;CELL::BLR|CCU|2026-09-07|Economy Flexi|T1(0-2)::ROUND::2026-09-06T20:15::FLT::SG|SG-321|06:15;CELL::BLR|CCU|2026-09-13|Economy Flexi|T7(5-9)::ROUND::2026-09-06T20:15::FLT::SG|SG-321|06:15;CELL::BLR|CCU|2026-09-21|Economy Flexi|T15(12-18)::ROUND::2026-09-06T20:15::FLT::6E|6E-904|09:45;CELL::BLR|CCU|2026-09-21|Economy Flexi|T15(12-18)::ROUND::2026-09-06T20:15::FLT::AI|AI-772|06:30;CELL::BLR|CCU|2026-10-06|Economy Flexi|T30(25-35)::ROUND::2026-09-06T20:15::FLT::6E|6E-904|09:45;CELL::BLR|CCU|2026-10-22|Economy Flexi|T45(40-50)::ROUND::2026-09-06T20:15::FLT::AI|AI-772|06:30,2026-09-07;2026-09-13;2026-09-21;2026-10-06;2026-10-22,5,T1(0-2);T15(12-18);T30(25-35);T45(40-50);T7(5-9),5,CELL::BLR|CCU|2026-09-07|Economy Flexi|T1(0-2)::ROUND::2026-09-06T20:15;CELL::BLR|CCU|2026-09-13|Economy Flexi|T7(5-9)::ROUND::2026-09-06T20:15;CELL::BLR|CCU|2026-09-21|Economy Flexi|T15(12-18)::ROUND::2026-09-06T20:15;CELL::BLR|CCU|2026-10-06|Economy Flexi|T30(25-35)::ROUND::2026-09-06T20:15;CELL::BLR|CCU|2026-10-22|Economy Flexi|T45(40-50)::ROUND::2026-09-06T20:15,MIDPOINT_MEDIAN,phase10-v1
RCLASS::BLR-CCU|Economy Saver|ROUND::2026-09-05T09:00,BLR-CCU,Economy Saver,ROUND::2026-09-05T09:00,2026-09-05 09:00,ANCHORED,5,RSERIES::BLR-CCU|Economy Saver|T1(0-2)|2026-09-07|ROUND::2026-09-05T09:00;RSERIES::BLR-CCU|Economy Saver|T15(12-18)|2026-09-21|ROUND::2026-09-05T09:00;RSERIES::BLR-CCU|Economy Saver|T30(25-35)|2026-10-06|ROUND::2026-09-05T09:00;RSERIES::BLR-CCU|Economy Saver|T45(40-50)|2026-10-22|ROUND::2026-09-05T09:00;RSERIES::BLR-CCU|Economy Saver|T7(5-9)|2026-09-13|ROUND::2026-09-05T09:00,BLR,CCU,BLR-CCU,EXACT_KEY_MATCH,scripts/build_vayu_route_basket.py::make_route_id,True,IN_BASKET,BASKET_SCOPED,10,0.05523,True,OBSERVED,PRICED,5663.50,5122.00,7276.00,0.420539,5,5,0,0,0,0,1,4,INFO,R09,5,R05;R06,False,0,COHERENT_MARKET_MOVEMENT;ISOLATED_DEVIATION,13,13,OBS00305;OBS00306;OBS00307;OBS00308;OBS00315;OBS00318;OBS00323;OBS00324;OBS00330;OBS00331;OBS00332;OBS00333;OBS00339,0,0,13,8,CELL::BLR|CCU|2026-09-07|Economy Saver|T1(0-2)::ROUND::2026-09-05T09:00::FLT::6E|6E-904|09:45;CELL::BLR|CCU|2026-09-07|Economy Saver|T1(0-2)::ROUND::2026-09-05T09:00::FLT::AI|AI-772|06:30;CELL::BLR|CCU|2026-09-07|Economy Saver|T1(0-2)::ROUND::2026-09-05T09:00::FLT::SG|SG-321|06:15;CELL::BLR|CCU|2026-09-13|Economy Saver|T7(5-9)::ROUND::2026-09-05T09:00::FLT::6E|6E-904|09:45;CELL::BLR|CCU|2026-09-21|Economy Saver|T15(12-18)::ROUND::2026-09-05T09:00::FLT::AI|AI-772|06:30;CELL::BLR|CCU|2026-10-06|Economy Saver|T30(25-35)::ROUND::2026-09-05T09:00::FLT::6E|6E-904|09:45;CELL::BLR|CCU|2026-10-06|Economy Saver|T30(25-35)::ROUND::2026-09-05T09:00::FLT::SG|SG-321|06:15;CELL::BLR|CCU|2026-10-22|Economy Saver|T45(40-50)::ROUND::2026-09-05T09:00::FLT::AI|AI-772|06:30,2026-09-07;2026-09-13;2026-09-21;2026-10-06;2026-10-22,5,T1(0-2);T15(12-18);T30(25-35);T45(40-50);T7(5-9),5,CELL::BLR|CCU|2026-09-07|Economy Saver|T1(0-2)::ROUND::2026-09-05T09:00;CELL::BLR|CCU|2026-09-13|Economy Saver|T7(5-9)::ROUND::2026-09-05T09:00;CELL::BLR|CCU|2026-09-21|Economy Saver|T15(12-18)::ROUND::2026-09-05T09:00;CELL::BLR|CCU|2026-10-06|Economy Saver|T30(25-35)::ROUND::2026-09-05T09:00;CELL::BLR|CCU|2026-10-22|Economy Saver|T45(40-50)::ROUND::2026-09-05T09:00,MIDPOINT_MEDIAN,phase10-v1
RCLASS::BLR-CCU|Economy Saver|ROUND::2026-09-05T14:30,BLR-CCU,Economy Saver,ROUND::2026-09-05T14:30,2026-09-05 14:30,ANCHORED,4,RSERIES::BLR-CCU|Economy Saver|T1(0-2)|2026-09-07|ROUND::2026-09-05T14:30;RSERIES::BLR-CCU|Economy Saver|T15(12-18)|2026-09-21|ROUND::2026-09-05T14:30;RSERIES::BLR-CCU|Economy Saver|T45(40-50)|2026-10-22|ROUND::2026-09-05T14:30;RSERIES::BLR-CCU|Economy Saver|T7(5-9)|2026-09-13|ROUND::2026-09-05T14:30,BLR,CCU,BLR-CCU,EXACT_KEY_MATCH,scripts/build_vayu_route_basket.py::make_route_id,True,IN_BASKET,BASKET_SCOPED,10,0.05523,True,OBSERVED,PRICED,6203.75,5333.50,7225.00,0.354645,4,4,0,0,0,0,2,2,INFO,R09,4,R05;R06,False,0,COHERENT_MARKET_MOVEMENT;ISOLATED_DEVIATION,7,7,OBS00822;OBS00825;OBS00828;OBS00829;OBS00832;OBS00835;OBS00836,0,0,7,5,CELL::BLR|CCU|2026-09-07|Economy Saver|T1(0-2)::ROUND::2026-09-05T14:30::FLT::AI|AI-772|06:30;CELL::BLR|CCU|2026-09-13|Economy Saver|T7(5-9)::ROUND::2026-09-05T14:30::FLT::SG|SG-321|06:15;CELL::BLR|CCU|2026-09-21|Economy Saver|T15(12-18)::ROUND::2026-09-05T14:30::FLT::AI|AI-772|06:30;CELL::BLR|CCU|2026-09-21|Economy Saver|T15(12-18)::ROUND::2026-09-05T14:30::FLT::SG|SG-321|06:15;CELL::BLR|CCU|2026-10-22|Economy Saver|T45(40-50)::ROUND::2026-09-05T14:30::FLT::AI|AI-772|06:30,2026-09-07;2026-09-13;2026-09-21;2026-10-22,4,T1(0-2);T15(12-18);T45(40-50);T7(5-9),4,CELL::BLR|CCU|2026-09-07|Economy Saver|T1(0-2)::ROUND::2026-09-05T14:30;CELL::BLR|CCU|2026-09-13|Economy Saver|T7(5-9)::ROUND::2026-09-05T14:30;CELL::BLR|CCU|2026-09-21|Economy Saver|T15(12-18)::ROUND::2026-09-05T14:30;CELL::BLR|CCU|2026-10-22|Economy Saver|T45(40-50)::ROUND::2026-09-05T14:30,MIDPOINT_MEDIAN,phase10-v1
RCLASS::BLR-CCU|Economy Saver|ROUND::2026-09-05T20:15,BLR-CCU,Economy Saver,ROUND::2026-09-05T20:15,2026-09-05 20:15,ANCHORED,4,RSERIES::BLR-CCU|Economy Saver|T1(0-2)|2026-09-07|ROUND::2026-09-05T20:15;RSERIES::BLR-CCU|Economy Saver|T30(25-35)|2026-10-06|ROUND::2026-09-05T20:15;RSERIES::BLR-CCU|Economy Saver|T45(40-50)|2026-10-22|ROUND::2026-09-05T20:15;RSERIES::BLR-CCU|Economy Saver|T7(5-9)|2026-09-13|ROUND::2026-09-05T20:15,BLR,CCU,BLR-CCU,EXACT_KEY_MATCH,scripts/build_vayu_route_basket.py::make_route_id,True,IN_BASKET,BASKET_SCOPED,10,0.05523,True,OBSERVED,PRICED,5824.50,5197.00,7774.50,0.495959,4,4,0,0,0,0,1,3,INFO,R09,4,R05;R06,False,0,COHERENT_MARKET_MOVEMENT;ISOLATED_DEVIATION,12,12,OBS01320;OBS01321;OBS01326;OBS01329;OBS01334;OBS01335;OBS01338;OBS01339;OBS01340;OBS01345;OBS01346;OBS01351,0,0,12,8,CELL::BLR|CCU|2026-09-07|Economy Saver|T1(0-2)::ROUND::2026-09-05T20:15::FLT::SG|SG-321|06:15;CELL::BLR|CCU|2026-09-13|Economy Saver|T7(5-9)::ROUND::2026-09-05T20:15::FLT::6E|6E-904|09:45;CELL::BLR|CCU|2026-09-13|Economy Saver|T7(5-9)::ROUND::2026-09-05T20:15::FLT::AI|AI-772|06:30;CELL::BLR|CCU|2026-09-13|Economy Saver|T7(5-9)::ROUND::2026-09-05T20:15::FLT::SG|SG-321|06:15;CELL::BLR|CCU|2026-10-06|Economy Saver|T30(25-35)::ROUND::2026-09-05T20:15::FLT::AI|AI-772|06:30;CELL::BLR|CCU|2026-10-06|Economy Saver|T30(25-35)::ROUND::2026-09-05T20:15::FLT::SG|SG-321|06:15;CELL::BLR|CCU|2026-10-22|Economy Saver|T45(40-50)::ROUND::2026-09-05T20:15::FLT::6E|6E-904|09:45;CELL::BLR|CCU|2026-10-22|Economy Saver|T45(40-50)::ROUND::2026-09-05T20:15::FLT::SG|SG-321|06:15,2026-09-07;2026-09-13;2026-10-06;2026-10-22,4,T1(0-2);T30(25-35);T45(40-50);T7(5-9),4,CELL::BLR|CCU|2026-09-07|Economy Saver|T1(0-2)::ROUND::2026-09-05T20:15;CELL::BLR|CCU|2026-09-13|Economy Saver|T7(5-9)::ROUND::2026-09-05T20:15;CELL::BLR|CCU|2026-10-06|Economy Saver|T30(25-35)::ROUND::2026-09-05T20:15;CELL::BLR|CCU|2026-10-22|Economy Saver|T45(40-50)::ROUND::2026-09-05T20:15,MIDPOINT_MEDIAN,phase10-v1
RCLASS::BLR-CCU|Economy Saver|ROUND::2026-09-06T09:00,BLR-CCU,Economy Saver,ROUND::2026-09-06T09:00,2026-09-06 09:00,ANCHORED,5,RSERIES::BLR-CCU|Economy Saver|T1(0-2)|2026-09-07|ROUND::2026-09-06T09:00;RSERIES::BLR-CCU|Economy Saver|T15(12-18)|2026-09-21|ROUND::2026-09-06T09:00;RSERIES::BLR-CCU|Economy Saver|T30(25-35)|2026-10-06|ROUND::2026-09-06T09:00;RSERIES::BLR-CCU|Economy Saver|T45(40-50)|2026-10-22|ROUND::2026-09-06T09:00;RSERIES::BLR-CCU|Economy Saver|T7(5-9)|2026-09-13|ROUND::2026-09-06T09:00,BLR,CCU,BLR-CCU,EXACT_KEY_MATCH,scripts/build_vayu_route_basket.py::make_route_id,True,IN_BASKET,BASKET_SCOPED,10,0.05523,True,OBSERVED,PRICED,5938.00,5174.75,7332.25,0.416928,5,5,0,0,0,0,0,5,NONE,,5,R05;R06,False,0,COHERENT_MARKET_MOVEMENT,14,14,OBS01848;OBS01849;OBS01852;OBS01855;OBS01856;OBS01857;OBS01859;OBS01866;OBS01867;OBS01871;OBS01872;OBS01873;OBS01874;OBS01878,0,0,14,10,CELL::BLR|CCU|2026-09-07|Economy Saver|T1(0-2)::ROUND::2026-09-06T09:00::FLT::6E|6E-904|09:45;CELL::BLR|CCU|2026-09-07|Economy Saver|T1(0-2)::ROUND::2026-09-06T09:00::FLT::AI|AI-772|06:30;CELL::BLR|CCU|2026-09-13|Economy Saver|T7(5-9)::ROUND::2026-09-06T09:00::FLT::6E|6E-904|09:45;CELL::BLR|CCU|2026-09-13|Economy Saver|T7(5-9)::ROUND::2026-09-06T09:00::FLT::SG|SG-321|06:15;CELL::BLR|CCU|2026-09-21|Economy Saver|T15(12-18)::ROUND::2026-09-06T09:00::FLT::6E|6E-904|09:45;CELL::BLR|CCU|2026-09-21|Economy Saver|T15(12-18)::ROUND::2026-09-06T09:00::FLT::SG|SG-321|06:15;CELL::BLR|CCU|2026-10-06|Economy Saver|T30(25-35)::ROUND::2026-09-06T09:00::FLT::6E|6E-904|09:45;CELL::BLR|CCU|2026-10-06|Economy Saver|T30(25-35)::ROUND::2026-09-06T09:00::FLT::SG|SG-321|06:15;CELL::BLR|CCU|2026-10-22|Economy Saver|T45(40-50)::ROUND::2026-09-06T09:00::FLT::AI|AI-772|06:30;CELL::BLR|CCU|2026-10-22|Economy Saver|T45(40-50)::ROUND::2026-09-06T09:00::FLT::SG|SG-321|06:15,2026-09-07;2026-09-13;2026-09-21;2026-10-06;2026-10-22,5,T1(0-2);T15(12-18);T30(25-35);T45(40-50);T7(5-9),5,CELL::BLR|CCU|2026-09-07|Economy Saver|T1(0-2)::ROUND::2026-09-06T09:00;CELL::BLR|CCU|2026-09-13|Economy Saver|T7(5-9)::ROUND::2026-09-06T09:00;CELL::BLR|CCU|2026-09-21|Economy Saver|T15(12-18)::ROUND::2026-09-06T09:00;CELL::BLR|CCU|2026-10-06|Economy Saver|T30(25-35)::ROUND::2026-09-06T09:00;CELL::BLR|CCU|2026-10-22|Economy Saver|T45(40-50)::ROUND::2026-09-06T09:00,MIDPOINT_MEDIAN,phase10-v1
RCLASS::BLR-CCU|Economy Saver|ROUND::2026-09-06T14:30,BLR-CCU,Economy Saver,ROUND::2026-09-06T14:30,2026-09-06 14:30,ANCHORED,4,RSERIES::BLR-CCU|Economy Saver|T1(0-2)|2026-09-07|ROUND::2026-09-06T14:30;RSERIES::BLR-CCU|Economy Saver|T15(12-18)|2026-09-21|ROUND::2026-09-06T14:30;RSERIES::BLR-CCU|Economy Saver|T30(25-35)|2026-10-06|ROUND::2026-09-06T14:30;RSERIES::BLR-CCU|Economy Saver|T7(5-9)|2026-09-13|ROUND::2026-09-06T14:30,BLR,CCU,BLR-CCU,EXACT_KEY_MATCH,scripts/build_vayu_route_basket.py::make_route_id,True,IN_BASKET,BASKET_SCOPED,10,0.05523,True,OBSERVED,PRICED,6181.50,5281.00,7396.00,0.400492,4,4,0,0,0,0,2,2,INFO,R09,2,R06,False,0,COHERENT_MARKET_MOVEMENT;ISOLATED_DEVIATION,6,6,OBS02349;OBS02355;OBS02358;OBS02359;OBS02360;OBS02362,0,0,6,5,CELL::BLR|CCU|2026-09-07|Economy Saver|T1(0-2)::ROUND::2026-09-06T14:30::FLT::AI|AI-772|06:30;CELL::BLR|CCU|2026-09-13|Economy Saver|T7(5-9)::ROUND::2026-09-06T14:30::FLT::AI|AI-772|06:30;CELL::BLR|CCU|2026-09-21|Economy Saver|T15(12-18)::ROUND::2026-09-06T14:30::FLT::6E|6E-904|09:45;CELL::BLR|CCU|2026-09-21|Economy Saver|T15(12-18)::ROUND::2026-09-06T14:30::FLT::AI|AI-772|06:30;CELL::BLR|CCU|2026-10-06|Economy Saver|T30(25-35)::ROUND::2026-09-06T14:30::FLT::AI|AI-772|06:30,2026-09-07;2026-09-13;2026-09-21;2026-10-06,4,T1(0-2);T15(12-18);T30(25-35);T7(5-9),4,CELL::BLR|CCU|2026-09-07|Economy Saver|T1(0-2)::ROUND::2026-09-06T14:30;CELL::BLR|CCU|2026-09-13|Economy Saver|T7(5-9)::ROUND::2026-09-06T14:30;CELL::BLR|CCU|2026-09-21|Economy Saver|T15(12-18)::ROUND::2026-09-06T14:30;CELL::BLR|CCU|2026-10-06|Economy Saver|T30(25-35)::ROUND::2026-09-06T14:30,MIDPOINT_MEDIAN,phase10-v1
RCLASS::BLR-CCU|Economy Saver|ROUND::2026-09-06T20:15,BLR-CCU,Economy Saver,ROUND::2026-09-06T20:15,2026-09-06 20:15,ANCHORED,5,RSERIES::BLR-CCU|Economy Saver|T1(0-2)|2026-09-07|ROUND::2026-09-06T20:15;RSERIES::BLR-CCU|Economy Saver|T15(12-18)|2026-09-21|ROUND::2026-09-06T20:15;RSERIES::BLR-CCU|Economy Saver|T30(25-35)|2026-10-06|ROUND::2026-09-06T20:15;RSERIES::BLR-CCU|Economy Saver|T45(40-50)|2026-10-22|ROUND::2026-09-06T20:15;RSERIES::BLR-CCU|Economy Saver|T7(5-9)|2026-09-13|ROUND::2026-09-06T20:15,BLR,CCU,BLR-CCU,EXACT_KEY_MATCH,scripts/build_vayu_route_basket.py::make_route_id,True,IN_BASKET,BASKET_SCOPED,10,0.05523,True,OBSERVED,PRICED,5674.50,5156.50,7636.50,0.480946,5,5,0,0,0,0,0,5,NONE,,0,,False,0,COHERENT_MARKET_MOVEMENT;ISOLATED_DEVIATION,12,12,OBS02851;OBS02852;OBS02853;OBS02857;OBS02858;OBS02861;OBS02865;OBS02866;OBS02867;OBS02868;OBS02871;OBS02872,0,0,12,7,CELL::BLR|CCU|2026-09-07|Economy Saver|T1(0-2)::ROUND::2026-09-06T20:15::FLT::6E|6E-904|09:45;CELL::BLR|CCU|2026-09-07|Economy Saver|T1(0-2)::ROUND::2026-09-06T20:15::FLT::AI|AI-772|06:30;CELL::BLR|CCU|2026-09-07|Economy Saver|T1(0-2)::ROUND::2026-09-06T20:15::FLT::SG|SG-321|06:15;CELL::BLR|CCU|2026-09-13|Economy Saver|T7(5-9)::ROUND::2026-09-06T20:15::FLT::6E|6E-904|09:45;CELL::BLR|CCU|2026-09-21|Economy Saver|T15(12-18)::ROUND::2026-09-06T20:15::FLT::AI|AI-772|06:30;CELL::BLR|CCU|2026-10-06|Economy Saver|T30(25-35)::ROUND::2026-09-06T20:15::FLT::AI|AI-772|06:30;CELL::BLR|CCU|2026-10-22|Economy Saver|T45(40-50)::ROUND::2026-09-06T20:15::FLT::6E|6E-904|09:45,2026-09-07;2026-09-13;2026-09-21;2026-10-06;2026-10-22,5,T1(0-2);T15(12-18);T30(25-35);T45(40-50);T7(5-9),5,CELL::BLR|CCU|2026-09-07|Economy Saver|T1(0-2)::ROUND::2026-09-06T20:15;CELL::BLR|CCU|2026-09-13|Economy Saver|T7(5-9)::ROUND::2026-09-06T20:15;CELL::BLR|CCU|2026-09-21|Economy Saver|T15(12-18)::ROUND::2026-09-06T20:15;CELL::BLR|CCU|2026-10-06|Economy Saver|T30(25-35)::ROUND::2026-09-06T20:15;CELL::BLR|CCU|2026-10-22|Economy Saver|T45(40-50)::ROUND::2026-09-06T20:15,MIDPOINT_MEDIAN,phase10-v1
RCLASS::BLR-CCU|Economy Standard|ROUND::2026-09-05T09:00,BLR-CCU,Economy Standard,ROUND::2026-09-05T09:00,2026-09-05 09:00,ANCHORED,4,RSERIES::BLR-CCU|Economy Standard|T15(12-18)|2026-09-21|ROUND::2026-09-05T09:00;RSERIES::BLR-CCU|Economy Standard|T30(25-35)|2026-10-06|ROUND::2026-09-05T09:00;RSERIES::BLR-CCU|Economy Standard|T45(40-50)|2026-10-22|ROUND::2026-09-05T09:00;RSERIES::BLR-CCU|Economy Standard|T7(5-9)|2026-09-13|ROUND::2026-09-05T09:00,BLR,CCU,BLR-CCU,EXACT_KEY_MATCH,scripts/build_vayu_route_basket.py::make_route_id,True,IN_BASKET,BASKET_SCOPED,10,0.05523,True,OBSERVED,PRICED,6812.75,6368.50,8418.50,0.321897,4,4,0,0,0,0,1,3,INFO,R09,4,R05;R06,False,0,COHERENT_MARKET_MOVEMENT;ISOLATED_DEVIATION,11,11,OBS00313;OBS00314;OBS00321;OBS00322;OBS00325;OBS00326;OBS00327;OBS00328;OBS00329;OBS00334;OBS00338,0,0,11,7,CELL::BLR|CCU|2026-09-13|Economy Standard|T7(5-9)::ROUND::2026-09-05T09:00::FLT::AI|AI-772|06:30;CELL::BLR|CCU|2026-09-13|Economy Standard|T7(5-9)::ROUND::2026-09-05T09:00::FLT::SG|SG-321|06:15;CELL::BLR|CCU|2026-09-21|Economy Standard|T15(12-18)::ROUND::2026-09-05T09:00::FLT::AI|AI-772|06:30;CELL::BLR|CCU|2026-09-21|Economy Standard|T15(12-18)::ROUND::2026-09-05T09:00::FLT::SG|SG-321|06:15;CELL::BLR|CCU|2026-10-06|Economy Standard|T30(25-35)::ROUND::2026-09-05T09:00::FLT::6E|6E-904|09:45;CELL::BLR|CCU|2026-10-06|Economy Standard|T30(25-35)::ROUND::2026-09-05T09:00::FLT::AI|AI-772|06:30;CELL::BLR|CCU|2026-10-22|Economy Standard|T45(40-50)::ROUND::2026-09-05T09:00::FLT::AI|AI-772|06:30,2026-09-13;2026-09-21;2026-10-06;2026-10-22,4,T15(12-18);T30(25-35);T45(40-50);T7(5-9),4,CELL::BLR|CCU|2026-09-13|Economy Standard|T7(5-9)::ROUND::2026-09-05T09:00;CELL::BLR|CCU|2026-09-21|Economy Standard|T15(12-18)::ROUND::2026-09-05T09:00;CELL::BLR|CCU|2026-10-06|Economy Standard|T30(25-35)::ROUND::2026-09-05T09:00;CELL::BLR|CCU|2026-10-22|Economy Standard|T45(40-50)::ROUND::2026-09-05T09:00,MIDPOINT_MEDIAN,phase10-v1
RCLASS::BLR-CCU|Economy Standard|ROUND::2026-09-05T14:30,BLR-CCU,Economy Standard,ROUND::2026-09-05T14:30,2026-09-05 14:30,ANCHORED,5,RSERIES::BLR-CCU|Economy Standard|T1(0-2)|2026-09-07|ROUND::2026-09-05T14:30;RSERIES::BLR-CCU|Economy Standard|T15(12-18)|2026-09-21|ROUND::2026-09-05T14:30;RSERIES::BLR-CCU|Economy Standard|T30(25-35)|2026-10-06|ROUND::2026-09-05T14:30;RSERIES::BLR-CCU|Economy Standard|T45(40-50)|2026-10-22|ROUND::2026-09-05T14:30;RSERIES::BLR-CCU|Economy Standard|T7(5-9)|2026-09-13|ROUND::2026-09-05T14:30,BLR,CCU,BLR-CCU,EXACT_KEY_MATCH,scripts/build_vayu_route_basket.py::make_route_id,True,IN_BASKET,BASKET_SCOPED,10,0.05523,True,OBSERVED,PRICED,7036.00,6478.00,9334.00,0.440877,5,5,0,0,0,0,2,3,INFO,R09,5,R05;R06,False,0,COHERENT_MARKET_MOVEMENT;ISOLATED_DEVIATION,10,10,OBS00810;OBS00812;OBS00813;OBS00816;OBS00818;OBS00826;OBS00831;OBS00833;OBS00834;OBS00841,0,0,10,8,CELL::BLR|CCU|2026-09-07|Economy Standard|T1(0-2)::ROUND::2026-09-05T14:30::FLT::6E|6E-904|09:45;CELL::BLR|CCU|2026-09-07|Economy Standard|T1(0-2)::ROUND::2026-09-05T14:30::FLT::SG|SG-321|06:15;CELL::BLR|CCU|2026-09-13|Economy Standard|T7(5-9)::ROUND::2026-09-05T14:30::FLT::6E|6E-904|09:45;CELL::BLR|CCU|2026-09-13|Economy Standard|T7(5-9)::ROUND::2026-09-05T14:30::FLT::SG|SG-321|06:15;CELL::BLR|CCU|2026-09-21|Economy Standard|T15(12-18)::ROUND::2026-09-05T14:30::FLT::6E|6E-904|09:45;CELL::BLR|CCU|2026-10-06|Economy Standard|T30(25-35)::ROUND::2026-09-05T14:30::FLT::6E|6E-904|09:45;CELL::BLR|CCU|2026-10-06|Economy Standard|T30(25-35)::ROUND::2026-09-05T14:30::FLT::AI|AI-772|06:30;CELL::BLR|CCU|2026-10-22|Economy Standard|T45(40-50)::ROUND::2026-09-05T14:30::FLT::SG|SG-321|06:15,2026-09-07;2026-09-13;2026-09-21;2026-10-06;2026-10-22,5,T1(0-2);T15(12-18);T30(25-35);T45(40-50);T7(5-9),5,CELL::BLR|CCU|2026-09-07|Economy Standard|T1(0-2)::ROUND::2026-09-05T14:30;CELL::BLR|CCU|2026-09-13|Economy Standard|T7(5-9)::ROUND::2026-09-05T14:30;CELL::BLR|CCU|2026-09-21|Economy Standard|T15(12-18)::ROUND::2026-09-05T14:30;CELL::BLR|CCU|2026-10-06|Economy Standard|T30(25-35)::ROUND::2026-09-05T14:30;CELL::BLR|CCU|2026-10-22|Economy Standard|T45(40-50)::ROUND::2026-09-05T14:30,MIDPOINT_MEDIAN,phase10-v1
RCLASS::BLR-CCU|Economy Standard|ROUND::2026-09-05T20:15,BLR-CCU,Economy Standard,ROUND::2026-09-05T20:15,2026-09-05 20:15,ANCHORED,3,RSERIES::BLR-CCU|Economy Standard|T1(0-2)|2026-09-07|ROUND::2026-09-05T20:15;RSERIES::BLR-CCU|Economy Standard|T15(12-18)|2026-09-21|ROUND::2026-09-05T20:15;RSERIES::BLR-CCU|Economy Standard|T45(40-50)|2026-10-22|ROUND::2026-09-05T20:15,BLR,CCU,BLR-CCU,EXACT_KEY_MATCH,scripts/build_vayu_route_basket.py::make_route_id,True,IN_BASKET,BASKET_SCOPED,10,0.05523,True,OBSERVED,PRICED,7089.50,6517.00,9874.00,0.515114,3,3,0,0,0,1,0,2,REVIEW,R09;R13,3,R05;R06,True,1,COHERENT_MARKET_MOVEMENT;ISOLATED_DEVIATION,8,8,OBS01323;OBS01325;OBS01327;OBS01332;OBS01333;OBS01336;OBS01349;OBS01350,0,0,8,6,CELL::BLR|CCU|2026-09-07|Economy Standard|T1(0-2)::ROUND::2026-09-05T20:15::FLT::AI|AI-772|06:30;CELL::BLR|CCU|2026-09-21|Economy Standard|T15(12-18)::ROUND::2026-09-05T20:15::FLT::6E|6E-904|09:45;CELL::BLR|CCU|2026-09-21|Economy Standard|T15(12-18)::ROUND::2026-09-05T20:15::FLT::AI|AI-772|06:30;CELL::BLR|CCU|2026-10-22|Economy Standard|T45(40-50)::ROUND::2026-09-05T20:15::FLT::6E|6E-904|09:45;CELL::BLR|CCU|2026-10-22|Economy Standard|T45(40-50)::ROUND::2026-09-05T20:15::FLT::AI|AI-772|06:30;CELL::BLR|CCU|2026-10-22|Economy Standard|T45(40-50)::ROUND::2026-09-05T20:15::FLT::SG|SG-321|06:15,2026-09-07;2026-09-21;2026-10-22,3,T1(0-2);T15(12-18);T45(40-50),3,CELL::BLR|CCU|2026-09-07|Economy Standard|T1(0-2)::ROUND::2026-09-05T20:15;CELL::BLR|CCU|2026-09-21|Economy Standard|T15(12-18)::ROUND::2026-09-05T20:15;CELL::BLR|CCU|2026-10-22|Economy Standard|T45(40-50)::ROUND::2026-09-05T20:15,MIDPOINT_MEDIAN,phase10-v1
RCLASS::BLR-CCU|Economy Standard|ROUND::2026-09-06T09:00,BLR-CCU,Economy Standard,ROUND::2026-09-06T09:00,2026-09-06 09:00,ANCHORED,4,RSERIES::BLR-CCU|Economy Standard|T15(12-18)|2026-09-21|ROUND::2026-09-06T09:00;RSERIES::BLR-CCU|Economy Standard|T30(25-35)|2026-10-06|ROUND::2026-09-06T09:00;RSERIES::BLR-CCU|Economy Standard|T45(40-50)|2026-10-22|ROUND::2026-09-06T09:00;RSERIES::BLR-CCU|Economy Standard|T7(5-9)|2026-09-13|ROUND::2026-09-06T09:00,BLR,CCU,BLR-CCU,EXACT_KEY_MATCH,scripts/build_vayu_route_basket.py::make_route_id,True,IN_BASKET,BASKET_SCOPED,10,0.05523,True,OBSERVED,PRICED,7288.00,6660.00,8950.50,0.343919,4,4,0,0,0,0,2,2,INFO,R09,4,R05;R06,False,0,ISOLATED_DEVIATION,6,6,OBS01853;OBS01854;OBS01858;OBS01860;OBS01861;OBS01875,0,0,6,4,CELL::BLR|CCU|2026-09-13|Economy Standard|T7(5-9)::ROUND::2026-09-06T09:00::FLT::AI|AI-772|06:30;CELL::BLR|CCU|2026-09-21|Economy Standard|T15(12-18)::ROUND::2026-09-06T09:00::FLT::6E|6E-904|09:45;CELL::BLR|CCU|2026-10-06|Economy Standard|T30(25-35)::ROUND::2026-09-06T09:00::FLT::SG|SG-321|06:15;CELL::BLR|CCU|2026-10-22|Economy Standard|T45(40-50)::ROUND::2026-09-06T09:00::FLT::6E|6E-904|09:45,2026-09-13;2026-09-21;2026-10-06;2026-10-22,4,T15(12-18);T30(25-35);T45(40-50);T7(5-9),4,CELL::BLR|CCU|2026-09-13|Economy Standard|T7(5-9)::ROUND::2026-09-06T09:00;CELL::BLR|CCU|2026-09-21|Economy Standard|T15(12-18)::ROUND::2026-09-06T09:00;CELL::BLR|CCU|2026-10-06|Economy Standard|T30(25-35)::ROUND::2026-09-06T09:00;CELL::BLR|CCU|2026-10-22|Economy Standard|T45(40-50)::ROUND::2026-09-06T09:00,MIDPOINT_MEDIAN,phase10-v1
RCLASS::BLR-CCU|Economy Standard|ROUND::2026-09-06T14:30,BLR-CCU,Economy Standard,ROUND::2026-09-06T14:30,2026-09-06 14:30,ANCHORED,5,RSERIES::BLR-CCU|Economy Standard|T1(0-2)|2026-09-07|ROUND::2026-09-06T14:30;RSERIES::BLR-CCU|Economy Standard|T15(12-18)|2026-09-21|ROUND::2026-09-06T14:30;RSERIES::BLR-CCU|Economy Standard|T30(25-35)|2026-10-06|ROUND::2026-09-06T14:30;RSERIES::BLR-CCU|Economy Standard|T45(40-50)|2026-10-22|ROUND::2026-09-06T14:30;RSERIES::BLR-CCU|Economy Standard|T7(5-9)|2026-09-13|ROUND::2026-09-06T14:30,BLR,CCU,BLR-CCU,EXACT_KEY_MATCH,scripts/build_vayu_route_basket.py::make_route_id,True,IN_BASKET,BASKET_SCOPED,10,0.05523,True,OBSERVED,PRICED,7544.00,6692.75,9754.00,0.457398,5,5,0,0,0,0,2,3,INFO,R09,3,R05;R06,False,0,COHERENT_MARKET_MOVEMENT;ISOLATED_DEVIATION,13,13,OBS02346;OBS02347;OBS02348;OBS02354;OBS02356;OBS02361;OBS02363;OBS02365;OBS02366;OBS02370;OBS02371;OBS02375;OBS02376,0,0,13,10,CELL::BLR|CCU|2026-09-07|Economy Standard|T1(0-2)::ROUND::2026-09-06T14:30::FLT::6E|6E-904|09:45;CELL::BLR|CCU|2026-09-07|Economy Standard|T1(0-2)::ROUND::2026-09-06T14:30::FLT::AI|AI-772|06:30;CELL::BLR|CCU|2026-09-07|Economy Standard|T1(0-2)::ROUND::2026-09-06T14:30::FLT::SG|SG-321|06:15;CELL::BLR|CCU|2026-09-13|Economy Standard|T7(5-9)::ROUND::2026-09-06T14:30::FLT::6E|6E-904|09:45;CELL::BLR|CCU|2026-09-13|Economy Standard|T7(5-9)::ROUND::2026-09-06T14:30::FLT::SG|SG-321|06:15;CELL::BLR|CCU|2026-09-21|Economy Standard|T15(12-18)::ROUND::2026-09-06T14:30::FLT::AI|AI-772|06:30;CELL::BLR|CCU|2026-09-21|Economy Standard|T15(12-18)::ROUND::2026-09-06T14:30::FLT::SG|SG-321|06:15;CELL::BLR|CCU|2026-10-06|Economy Standard|T30(25-35)::ROUND::2026-09-06T14:30::FLT::AI|AI-772|06:30;CELL::BLR|CCU|2026-10-22|Economy Standard|T45(40-50)::ROUND::2026-09-06T14:30::FLT::6E|6E-904|09:45;CELL::BLR|CCU|2026-10-22|Economy Standard|T45(40-50)::ROUND::2026-09-06T14:30::FLT::SG|SG-321|06:15,2026-09-07;2026-09-13;2026-09-21;2026-10-06;2026-10-22,5,T1(0-2);T15(12-18);T30(25-35);T45(40-50);T7(5-9),5,CELL::BLR|CCU|2026-09-07|Economy Standard|T1(0-2)::ROUND::2026-09-06T14:30;CELL::BLR|CCU|2026-09-13|Economy Standard|T7(5-9)::ROUND::2026-09-06T14:30;CELL::BLR|CCU|2026-09-21|Economy Standard|T15(12-18)::ROUND::2026-09-06T14:30;CELL::BLR|CCU|2026-10-06|Economy Standard|T30(25-35)::ROUND::2026-09-06T14:30;CELL::BLR|CCU|2026-10-22|Economy Standard|T45(40-50)::ROUND::2026-09-06T14:30,MIDPOINT_MEDIAN,phase10-v1
RCLASS::BLR-CCU|Economy Standard|ROUND::2026-09-06T20:15,BLR-CCU,Economy Standard,ROUND::2026-09-06T20:15,2026-09-06 20:15,ANCHORED,5,RSERIES::BLR-CCU|Economy Standard|T1(0-2)|2026-09-07|ROUND::2026-09-06T20:15;RSERIES::BLR-CCU|Economy Standard|T15(12-18)|2026-09-21|ROUND::2026-09-06T20:15;RSERIES::BLR-CCU|Economy Standard|T30(25-35)|2026-10-06|ROUND::2026-09-06T20:15;RSERIES::BLR-CCU|Economy Standard|T45(40-50)|2026-10-22|ROUND::2026-09-06T20:15;RSERIES::BLR-CCU|Economy Standard|T7(5-9)|2026-09-13|ROUND::2026-09-06T20:15,BLR,CCU,BLR-CCU,EXACT_KEY_MATCH,scripts/build_vayu_route_basket.py::make_route_id,True,IN_BASKET,BASKET_SCOPED,10,0.05523,True,OBSERVED,PRICED,7597.00,6834.00,9854.00,0.441908,5,5,0,0,0,0,0,5,NONE,,1,R06,False,0,COHERENT_MARKET_MOVEMENT;ISOLATED_DEVIATION,13,13,OBS02855;OBS02859;OBS02860;OBS02862;OBS02863;OBS02876;OBS02877;OBS02878;OBS02879;OBS02880;OBS02881;OBS02882;OBS02883,0,0,13,7,CELL::BLR|CCU|2026-09-07|Economy Standard|T1(0-2)::ROUND::2026-09-06T20:15::FLT::AI|AI-772|06:30;CELL::BLR|CCU|2026-09-13|Economy Standard|T7(5-9)::ROUND::2026-09-06T20:15::FLT::AI|AI-772|06:30;CELL::BLR|CCU|2026-09-13|Economy Standard|T7(5-9)::ROUND::2026-09-06T20:15::FLT::SG|SG-321|06:15;CELL::BLR|CCU|2026-09-21|Economy Standard|T15(12-18)::ROUND::2026-09-06T20:15::FLT::6E|6E-904|09:45;CELL::BLR|CCU|2026-09-21|Economy Standard|T15(12-18)::ROUND::2026-09-06T20:15::FLT::SG|SG-321|06:15;CELL::BLR|CCU|2026-10-06|Economy Standard|T30(25-35)::ROUND::2026-09-06T20:15::FLT::SG|SG-321|06:15;CELL::BLR|CCU|2026-10-22|Economy Standard|T45(40-50)::ROUND::2026-09-06T20:15::FLT::SG|SG-321|06:15,2026-09-07;2026-09-13;2026-09-21;2026-10-06;2026-10-22,5,T1(0-2);T15(12-18);T30(25-35);T45(40-50);T7(5-9),5,CELL::BLR|CCU|2026-09-07|Economy Standard|T1(0-2)::ROUND::2026-09-06T20:15;CELL::BLR|CCU|2026-09-13|Economy Standard|T7(5-9)::ROUND::2026-09-06T20:15;CELL::BLR|CCU|2026-09-21|Economy Standard|T15(12-18)::ROUND::2026-09-06T20:15;CELL::BLR|CCU|2026-10-06|Economy Standard|T30(25-35)::ROUND::2026-09-06T20:15;CELL::BLR|CCU|2026-10-22|Economy Standard|T45(40-50)::ROUND::2026-09-06T20:15,MIDPOINT_MEDIAN,phase10-v1
RCLASS::DEL-SXR|Economy Flexi|ROUND::2026-09-05T09:00,DEL-SXR,Economy Flexi,ROUND::2026-09-05T09:00,2026-09-05 09:00,ANCHORED,3,RSERIES::DEL-SXR|Economy Flexi|T15(12-18)|2026-09-21|ROUND::2026-09-05T09:00;RSERIES::DEL-SXR|Economy Flexi|T30(25-35)|2026-10-06|ROUND::2026-09-05T09:00;RSERIES::DEL-SXR|Economy Flexi|T7(5-9)|2026-09-13|ROUND::2026-09-05T09:00,DEL,SXR,DEL-SXR,EXACT_KEY_MATCH,scripts/build_vayu_route_basket.py::make_route_id,True,IN_BASKET,BASKET_SCOPED,11,0.054956,True,OBSERVED,PRICED,8757.00,7873.25,10173.50,0.292160,3,3,0,0,0,0,0,3,NONE,,3,R05;R06,False,0,COHERENT_MARKET_MOVEMENT,12,12,OBS00345;OBS00346;OBS00354;OBS00357;OBS00358;OBS00361;OBS00362;OBS00370;OBS00371;OBS00373;OBS00374;OBS00375,0,0,12,7,CELL::DEL|SXR|2026-09-13|Economy Flexi|T7(5-9)::ROUND::2026-09-05T09:00::FLT::AI|AI-825|13:15;CELL::DEL|SXR|2026-09-13|Economy Flexi|T7(5-9)::ROUND::2026-09-05T09:00::FLT::SG|SG-101|15:15;CELL::DEL|SXR|2026-09-21|Economy Flexi|T15(12-18)::ROUND::2026-09-05T09:00::FLT::6E|6E-212|10:30;CELL::DEL|SXR|2026-09-21|Economy Flexi|T15(12-18)::ROUND::2026-09-05T09:00::FLT::AI|AI-825|13:15;CELL::DEL|SXR|2026-09-21|Economy Flexi|T15(12-18)::ROUND::2026-09-05T09:00::FLT::SG|SG-101|15:15;CELL::DEL|SXR|2026-10-06|Economy Flexi|T30(25-35)::ROUND::2026-09-05T09:00::FLT::AI|AI-825|13:15;CELL::DEL|SXR|2026-10-06|Economy Flexi|T30(25-35)::ROUND::2026-09-05T09:00::FLT::SG|SG-101|15:15,2026-09-13;2026-09-21;2026-10-06,3,T15(12-18);T30(25-35);T7(5-9),3,CELL::DEL|SXR|2026-09-13|Economy Flexi|T7(5-9)::ROUND::2026-09-05T09:00;CELL::DEL|SXR|2026-09-21|Economy Flexi|T15(12-18)::ROUND::2026-09-05T09:00;CELL::DEL|SXR|2026-10-06|Economy Flexi|T30(25-35)::ROUND::2026-09-05T09:00,MIDPOINT_MEDIAN,phase10-v1
RCLASS::DEL-SXR|Economy Flexi|ROUND::2026-09-05T14:30,DEL-SXR,Economy Flexi,ROUND::2026-09-05T14:30,2026-09-05 14:30,ANCHORED,5,RSERIES::DEL-SXR|Economy Flexi|T1(0-2)|2026-09-07|ROUND::2026-09-05T14:30;RSERIES::DEL-SXR|Economy Flexi|T15(12-18)|2026-09-21|ROUND::2026-09-05T14:30;RSERIES::DEL-SXR|Economy Flexi|T30(25-35)|2026-10-06|ROUND::2026-09-05T14:30;RSERIES::DEL-SXR|Economy Flexi|T45(40-50)|2026-10-22|ROUND::2026-09-05T14:30;RSERIES::DEL-SXR|Economy Flexi|T7(5-9)|2026-09-13|ROUND::2026-09-05T14:30,DEL,SXR,DEL-SXR,EXACT_KEY_MATCH,scripts/build_vayu_route_basket.py::make_route_id,True,IN_BASKET,BASKET_SCOPED,11,0.054956,True,OBSERVED,PRICED,8754.00,7937.00,11718.00,0.476376,5,5,0,0,0,0,2,3,INFO,R09,5,R05;R06,False,0,COHERENT_MARKET_MOVEMENT;ISOLATED_DEVIATION,13,13,OBS00842;OBS00845;OBS00846;OBS00848;OBS00849;OBS00850;OBS00853;OBS00854;OBS00859;OBS00860;OBS00865;OBS00866;OBS00870,0,0,13,10,CELL::DEL|SXR|2026-09-07|Economy Flexi|T1(0-2)::ROUND::2026-09-05T14:30::FLT::6E|6E-212|10:30;CELL::DEL|SXR|2026-09-07|Economy Flexi|T1(0-2)::ROUND::2026-09-05T14:30::FLT::AI|AI-825|13:15;CELL::DEL|SXR|2026-09-07|Economy Flexi|T1(0-2)::ROUND::2026-09-05T14:30::FLT::SG|SG-101|15:15;CELL::DEL|SXR|2026-09-13|Economy Flexi|T7(5-9)::ROUND::2026-09-05T14:30::FLT::6E|6E-212|10:30;CELL::DEL|SXR|2026-09-13|Economy Flexi|T7(5-9)::ROUND::2026-09-05T14:30::FLT::AI|AI-825|13:15;CELL::DEL|SXR|2026-09-13|Economy Flexi|T7(5-9)::ROUND::2026-09-05T14:30::FLT::SG|SG-101|15:15;CELL::DEL|SXR|2026-09-21|Economy Flexi|T15(12-18)::ROUND::2026-09-05T14:30::FLT::6E|6E-212|10:30;CELL::DEL|SXR|2026-10-06|Economy Flexi|T30(25-35)::ROUND::2026-09-05T14:30::FLT::6E|6E-212|10:30;CELL::DEL|SXR|2026-10-06|Economy Flexi|T30(25-35)::ROUND::2026-09-05T14:30::FLT::SG|SG-101|15:15;CELL::DEL|SXR|2026-10-22|Economy Flexi|T45(40-50)::ROUND::2026-09-05T14:30::FLT::6E|6E-212|10:30,2026-09-07;2026-09-13;2026-09-21;2026-10-06;2026-10-22,5,T1(0-2);T15(12-18);T30(25-35);T45(40-50);T7(5-9),5,CELL::DEL|SXR|2026-09-07|Economy Flexi|T1(0-2)::ROUND::2026-09-05T14:30;CELL::DEL|SXR|2026-09-13|Economy Flexi|T7(5-9)::ROUND::2026-09-05T14:30;CELL::DEL|SXR|2026-09-21|Economy Flexi|T15(12-18)::ROUND::2026-09-05T14:30;CELL::DEL|SXR|2026-10-06|Economy Flexi|T30(25-35)::ROUND::2026-09-05T14:30;CELL::DEL|SXR|2026-10-22|Economy Flexi|T45(40-50)::ROUND::2026-09-05T14:30,MIDPOINT_MEDIAN,phase10-v1
RCLASS::DEL-SXR|Economy Flexi|ROUND::2026-09-05T20:15,DEL-SXR,Economy Flexi,ROUND::2026-09-05T20:15,2026-09-05 20:15,ANCHORED,4,RSERIES::DEL-SXR|Economy Flexi|T1(0-2)|2026-09-07|ROUND::2026-09-05T20:15;RSERIES::DEL-SXR|Economy Flexi|T30(25-35)|2026-10-06|ROUND::2026-09-05T20:15;RSERIES::DEL-SXR|Economy Flexi|T45(40-50)|2026-10-22|ROUND::2026-09-05T20:15;RSERIES::DEL-SXR|Economy Flexi|T7(5-9)|2026-09-13|ROUND::2026-09-05T20:15,DEL,SXR,DEL-SXR,EXACT_KEY_MATCH,scripts/build_vayu_route_basket.py::make_route_id,True,IN_BASKET,BASKET_SCOPED,11,0.054956,True,OBSERVED,PRICED,9436.00,7818.00,11580.50,0.481261,4,4,0,0,0,0,1,3,INFO,R09,4,R05;R06,False,0,COHERENT_MARKET_MOVEMENT;ISOLATED_DEVIATION,7,7,OBS01352;OBS01360;OBS01364;OBS01371;OBS01372;OBS01379;OBS01381,0,0,7,6,CELL::DEL|SXR|2026-09-07|Economy Flexi|T1(0-2)::ROUND::2026-09-05T20:15::FLT::6E|6E-212|10:30;CELL::DEL|SXR|2026-09-07|Economy Flexi|T1(0-2)::ROUND::2026-09-05T20:15::FLT::SG|SG-101|15:15;CELL::DEL|SXR|2026-09-13|Economy Flexi|T7(5-9)::ROUND::2026-09-05T20:15::FLT::AI|AI-825|13:15;CELL::DEL|SXR|2026-09-13|Economy Flexi|T7(5-9)::ROUND::2026-09-05T20:15::FLT::SG|SG-101|15:15;CELL::DEL|SXR|2026-10-06|Economy Flexi|T30(25-35)::ROUND::2026-09-05T20:15::FLT::AI|AI-825|13:15;CELL::DEL|SXR|2026-10-22|Economy Flexi|T45(40-50)::ROUND::2026-09-05T20:15::FLT::6E|6E-212|10:30,2026-09-07;2026-09-13;2026-10-06;2026-10-22,4,T1(0-2);T30(25-35);T45(40-50);T7(5-9),4,CELL::DEL|SXR|2026-09-07|Economy Flexi|T1(0-2)::ROUND::2026-09-05T20:15;CELL::DEL|SXR|2026-09-13|Economy Flexi|T7(5-9)::ROUND::2026-09-05T20:15;CELL::DEL|SXR|2026-10-06|Economy Flexi|T30(25-35)::ROUND::2026-09-05T20:15;CELL::DEL|SXR|2026-10-22|Economy Flexi|T45(40-50)::ROUND::2026-09-05T20:15,MIDPOINT_MEDIAN,phase10-v1
RCLASS::DEL-SXR|Economy Flexi|ROUND::2026-09-06T09:00,DEL-SXR,Economy Flexi,ROUND::2026-09-06T09:00,2026-09-06 09:00,ANCHORED,4,RSERIES::DEL-SXR|Economy Flexi|T1(0-2)|2026-09-07|ROUND::2026-09-06T09:00;RSERIES::DEL-SXR|Economy Flexi|T30(25-35)|2026-10-06|ROUND::2026-09-06T09:00;RSERIES::DEL-SXR|Economy Flexi|T45(40-50)|2026-10-22|ROUND::2026-09-06T09:00;RSERIES::DEL-SXR|Economy Flexi|T7(5-9)|2026-09-13|ROUND::2026-09-06T09:00,DEL,SXR,DEL-SXR,EXACT_KEY_MATCH,scripts/build_vayu_route_basket.py::make_route_id,True,IN_BASKET,BASKET_SCOPED,11,0.054956,True,OBSERVED,PRICED,9484.00,8058.00,11750.00,0.458178,4,4,0,0,0,0,1,3,INFO,R09,4,R05;R06,False,0,COHERENT_MARKET_MOVEMENT;ISOLATED_DEVIATION,10,10,OBS01879;OBS01880;OBS01885;OBS01887;OBS01893;OBS01894;OBS01901;OBS01903;OBS01904;OBS01906,0,0,10,7,CELL::DEL|SXR|2026-09-07|Economy Flexi|T1(0-2)::ROUND::2026-09-06T09:00::FLT::6E|6E-212|10:30;CELL::DEL|SXR|2026-09-13|Economy Flexi|T7(5-9)::ROUND::2026-09-06T09:00::FLT::6E|6E-212|10:30;CELL::DEL|SXR|2026-09-13|Economy Flexi|T7(5-9)::ROUND::2026-09-06T09:00::FLT::AI|AI-825|13:15;CELL::DEL|SXR|2026-09-13|Economy Flexi|T7(5-9)::ROUND::2026-09-06T09:00::FLT::SG|SG-101|15:15;CELL::DEL|SXR|2026-10-06|Economy Flexi|T30(25-35)::ROUND::2026-09-06T09:00::FLT::6E|6E-212|10:30;CELL::DEL|SXR|2026-10-06|Economy Flexi|T30(25-35)::ROUND::2026-09-06T09:00::FLT::SG|SG-101|15:15;CELL::DEL|SXR|2026-10-22|Economy Flexi|T45(40-50)::ROUND::2026-09-06T09:00::FLT::AI|AI-825|13:15,2026-09-07;2026-09-13;2026-10-06;2026-10-22,4,T1(0-2);T30(25-35);T45(40-50);T7(5-9),4,CELL::DEL|SXR|2026-09-07|Economy Flexi|T1(0-2)::ROUND::2026-09-06T09:00;CELL::DEL|SXR|2026-09-13|Economy Flexi|T7(5-9)::ROUND::2026-09-06T09:00;CELL::DEL|SXR|2026-10-06|Economy Flexi|T30(25-35)::ROUND::2026-09-06T09:00;CELL::DEL|SXR|2026-10-22|Economy Flexi|T45(40-50)::ROUND::2026-09-06T09:00,MIDPOINT_MEDIAN,phase10-v1
RCLASS::DEL-SXR|Economy Flexi|ROUND::2026-09-06T14:30,DEL-SXR,Economy Flexi,ROUND::2026-09-06T14:30,2026-09-06 14:30,ANCHORED,5,RSERIES::DEL-SXR|Economy Flexi|T1(0-2)|2026-09-07|ROUND::2026-09-06T14:30;RSERIES::DEL-SXR|Economy Flexi|T15(12-18)|2026-09-21|ROUND::2026-09-06T14:30;RSERIES::DEL-SXR|Economy Flexi|T30(25-35)|2026-10-06|ROUND::2026-09-06T14:30;RSERIES::DEL-SXR|Economy Flexi|T45(40-50)|2026-10-22|ROUND::2026-09-06T14:30;RSERIES::DEL-SXR|Economy Flexi|T7(5-9)|2026-09-13|ROUND::2026-09-06T14:30,DEL,SXR,DEL-SXR,EXACT_KEY_MATCH,scripts/build_vayu_route_basket.py::make_route_id,True,IN_BASKET,BASKET_SCOPED,11,0.054956,True,OBSERVED,PRICED,9115.00,7763.00,11593.75,0.493463,5,5,0,0,0,0,2,3,INFO,R09,3,R05;R06,False,0,COHERENT_MARKET_MOVEMENT;ISOLATED_DEVIATION,12,12,OBS02378;OBS02379;OBS02383;OBS02384;OBS02387;OBS02395;OBS02396;OBS02397;OBS02398;OBS02399;OBS02400;OBS02985,0,0,12,8,CELL::DEL|SXR|2026-09-07|Economy Flexi|T1(0-2)::ROUND::2026-09-06T14:30::FLT::6E|6E-212|10:30;CELL::DEL|SXR|2026-09-07|Economy Flexi|T1(0-2)::ROUND::2026-09-06T14:30::FLT::SG|SG-101|15:15;CELL::DEL|SXR|2026-09-13|Economy Flexi|T7(5-9)::ROUND::2026-09-06T14:30::FLT::6E|6E-212|10:30;CELL::DEL|SXR|2026-09-13|Economy Flexi|T7(5-9)::ROUND::2026-09-06T14:30::FLT::SG|SG-101|15:15;CELL::DEL|SXR|2026-09-21|Economy Flexi|T15(12-18)::ROUND::2026-09-06T14:30::FLT::6E|6E-212|10:30;CELL::DEL|SXR|2026-10-06|Economy Flexi|T30(25-35)::ROUND::2026-09-06T14:30::FLT::AI|AI-825|12:00;CELL::DEL|SXR|2026-10-06|Economy Flexi|T30(25-35)::ROUND::2026-09-06T14:30::FLT::AI|AI-825|13:15;CELL::DEL|SXR|2026-10-22|Economy Flexi|T45(40-50)::ROUND::2026-09-06T14:30::FLT::AI|AI-825|13:15,2026-09-07;2026-09-13;2026-09-21;2026-10-06;2026-10-22,5,T1(0-2);T15(12-18);T30(25-35);T45(40-50);T7(5-9),5,CELL::DEL|SXR|2026-09-07|Economy Flexi|T1(0-2)::ROUND::2026-09-06T14:30;CELL::DEL|SXR|2026-09-13|Economy Flexi|T7(5-9)::ROUND::2026-09-06T14:30;CELL::DEL|SXR|2026-09-21|Economy Flexi|T15(12-18)::ROUND::2026-09-06T14:30;CELL::DEL|SXR|2026-10-06|Economy Flexi|T30(25-35)::ROUND::2026-09-06T14:30;CELL::DEL|SXR|2026-10-22|Economy Flexi|T45(40-50)::ROUND::2026-09-06T14:30,MIDPOINT_MEDIAN,phase10-v1
RCLASS::DEL-SXR|Economy Flexi|ROUND::2026-09-06T20:15,DEL-SXR,Economy Flexi,ROUND::2026-09-06T20:15,2026-09-06 20:15,ANCHORED,4,RSERIES::DEL-SXR|Economy Flexi|T1(0-2)|2026-09-07|ROUND::2026-09-06T20:15;RSERIES::DEL-SXR|Economy Flexi|T15(12-18)|2026-09-21|ROUND::2026-09-06T20:15;RSERIES::DEL-SXR|Economy Flexi|T45(40-50)|2026-10-22|ROUND::2026-09-06T20:15;RSERIES::DEL-SXR|Economy Flexi|T7(5-9)|2026-09-13|ROUND::2026-09-06T20:15,DEL,SXR,DEL-SXR,EXACT_KEY_MATCH,scripts/build_vayu_route_basket.py::make_route_id,True,IN_BASKET,BASKET_SCOPED,11,0.054956,True,OBSERVED,PRICED,9898.00,8223.50,11481.00,0.396121,4,4,0,0,0,0,0,4,NONE,,1,R06,False,0,COHERENT_MARKET_MOVEMENT;ISOLATED_DEVIATION,11,11,OBS02886;OBS02887;OBS02892;OBS02893;OBS02898;OBS02899;OBS02900;OBS02911;OBS02912;OBS02921;OBS02922,0,0,11,6,CELL::DEL|SXR|2026-09-07|Economy Flexi|T1(0-2)::ROUND::2026-09-06T20:15::FLT::6E|6E-212|10:30;CELL::DEL|SXR|2026-09-07|Economy Flexi|T1(0-2)::ROUND::2026-09-06T20:15::FLT::AI|AI-825|13:15;CELL::DEL|SXR|2026-09-07|Economy Flexi|T1(0-2)::ROUND::2026-09-06T20:15::FLT::SG|SG-101|15:15;CELL::DEL|SXR|2026-09-13|Economy Flexi|T7(5-9)::ROUND::2026-09-06T20:15::FLT::AI|AI-825|13:15;CELL::DEL|SXR|2026-09-21|Economy Flexi|T15(12-18)::ROUND::2026-09-06T20:15::FLT::6E|6E-212|10:30;CELL::DEL|SXR|2026-10-22|Economy Flexi|T45(40-50)::ROUND::2026-09-06T20:15::FLT::SG|SG-101|15:15,2026-09-07;2026-09-13;2026-09-21;2026-10-22,4,T1(0-2);T15(12-18);T45(40-50);T7(5-9),4,CELL::DEL|SXR|2026-09-07|Economy Flexi|T1(0-2)::ROUND::2026-09-06T20:15;CELL::DEL|SXR|2026-09-13|Economy Flexi|T7(5-9)::ROUND::2026-09-06T20:15;CELL::DEL|SXR|2026-09-21|Economy Flexi|T15(12-18)::ROUND::2026-09-06T20:15;CELL::DEL|SXR|2026-10-22|Economy Flexi|T45(40-50)::ROUND::2026-09-06T20:15,MIDPOINT_MEDIAN,phase10-v1
RCLASS::DEL-SXR|Economy Saver|ROUND::2026-09-05T09:00,DEL-SXR,Economy Saver,ROUND::2026-09-05T09:00,2026-09-05 09:00,ANCHORED,3,RSERIES::DEL-SXR|Economy Saver|T1(0-2)|2026-09-07|ROUND::2026-09-05T09:00;RSERIES::DEL-SXR|Economy Saver|T45(40-50)|2026-10-22|ROUND::2026-09-05T09:00;RSERIES::DEL-SXR|Economy Saver|T7(5-9)|2026-09-13|ROUND::2026-09-05T09:00,DEL,SXR,DEL-SXR,EXACT_KEY_MATCH,scripts/build_vayu_route_basket.py::make_route_id,True,IN_BASKET,BASKET_SCOPED,11,0.054956,True,OBSERVED,PRICED,6722.00,5181.00,7404.50,0.429164,3,3,0,0,0,0,0,3,NONE,,3,R05;R06,False,0,COHERENT_MARKET_MOVEMENT,12,12,OBS00342;OBS00350;OBS00351;OBS00352;OBS00355;OBS00356;OBS00364;OBS00365;OBS00368;OBS00369;OBS00378;OBS00379,0,0,12,7,CELL::DEL|SXR|2026-09-07|Economy Saver|T1(0-2)::ROUND::2026-09-05T09:00::FLT::6E|6E-212|10:30;CELL::DEL|SXR|2026-09-07|Economy Saver|T1(0-2)::ROUND::2026-09-05T09:00::FLT::AI|AI-825|13:15;CELL::DEL|SXR|2026-09-13|Economy Saver|T7(5-9)::ROUND::2026-09-05T09:00::FLT::AI|AI-825|13:15;CELL::DEL|SXR|2026-09-13|Economy Saver|T7(5-9)::ROUND::2026-09-05T09:00::FLT::SG|SG-101|15:15;CELL::DEL|SXR|2026-10-22|Economy Saver|T45(40-50)::ROUND::2026-09-05T09:00::FLT::6E|6E-212|10:30;CELL::DEL|SXR|2026-10-22|Economy Saver|T45(40-50)::ROUND::2026-09-05T09:00::FLT::AI|AI-825|13:15;CELL::DEL|SXR|2026-10-22|Economy Saver|T45(40-50)::ROUND::2026-09-05T09:00::FLT::SG|SG-101|15:15,2026-09-07;2026-09-13;2026-10-22,3,T1(0-2);T45(40-50);T7(5-9),3,CELL::DEL|SXR|2026-09-07|Economy Saver|T1(0-2)::ROUND::2026-09-05T09:00;CELL::DEL|SXR|2026-09-13|Economy Saver|T7(5-9)::ROUND::2026-09-05T09:00;CELL::DEL|SXR|2026-10-22|Economy Saver|T45(40-50)::ROUND::2026-09-05T09:00,MIDPOINT_MEDIAN,phase10-v1
RCLASS::DEL-SXR|Economy Saver|ROUND::2026-09-05T14:30,DEL-SXR,Economy Saver,ROUND::2026-09-05T14:30,2026-09-05 14:30,ANCHORED,5,RSERIES::DEL-SXR|Economy Saver|T1(0-2)|2026-09-07|ROUND::2026-09-05T14:30;RSERIES::DEL-SXR|Economy Saver|T15(12-18)|2026-09-21|ROUND::2026-09-05T14:30;RSERIES::DEL-SXR|Economy Saver|T30(25-35)|2026-10-06|ROUND::2026-09-05T14:30;RSERIES::DEL-SXR|Economy Saver|T45(40-50)|2026-10-22|ROUND::2026-09-05T14:30;RSERIES::DEL-SXR|Economy Saver|T7(5-9)|2026-09-13|ROUND::2026-09-05T14:30,DEL,SXR,DEL-SXR,EXACT_KEY_MATCH,scripts/build_vayu_route_basket.py::make_route_id,True,IN_BASKET,BASKET_SCOPED,11,0.054956,True,OBSERVED,PRICED,5428.00,5213.00,7119.50,0.365720,5,5,0,0,0,1,4,0,REVIEW,R09;R13,5,R05;R06,True,1,COHERENT_MARKET_MOVEMENT;ISOLATED_DEVIATION,9,9,OBS00843;OBS00844;OBS00855;OBS00857;OBS00858;OBS00861;OBS00862;OBS00869;OBS00871,0,0,9,7,CELL::DEL|SXR|2026-09-07|Economy Saver|T1(0-2)::ROUND::2026-09-05T14:30::FLT::SG|SG-101|15:15;CELL::DEL|SXR|2026-09-13|Economy Saver|T7(5-9)::ROUND::2026-09-05T14:30::FLT::6E|6E-212|10:30;CELL::DEL|SXR|2026-09-13|Economy Saver|T7(5-9)::ROUND::2026-09-05T14:30::FLT::AI|AI-825|13:15;CELL::DEL|SXR|2026-09-21|Economy Saver|T15(12-18)::ROUND::2026-09-05T14:30::FLT::SG|SG-101|15:15;CELL::DEL|SXR|2026-10-06|Economy Saver|T30(25-35)::ROUND::2026-09-05T14:30::FLT::AI|AI-825|13:15;CELL::DEL|SXR|2026-10-22|Economy Saver|T45(40-50)::ROUND::2026-09-05T14:30::FLT::AI|AI-825|13:15;CELL::DEL|SXR|2026-10-22|Economy Saver|T45(40-50)::ROUND::2026-09-05T14:30::FLT::SG|SG-101|15:15,2026-09-07;2026-09-13;2026-09-21;2026-10-06;2026-10-22,5,T1(0-2);T15(12-18);T30(25-35);T45(40-50);T7(5-9),5,CELL::DEL|SXR|2026-09-07|Economy Saver|T1(0-2)::ROUND::2026-09-05T14:30;CELL::DEL|SXR|2026-09-13|Economy Saver|T7(5-9)::ROUND::2026-09-05T14:30;CELL::DEL|SXR|2026-09-21|Economy Saver|T15(12-18)::ROUND::2026-09-05T14:30;CELL::DEL|SXR|2026-10-06|Economy Saver|T30(25-35)::ROUND::2026-09-05T14:30;CELL::DEL|SXR|2026-10-22|Economy Saver|T45(40-50)::ROUND::2026-09-05T14:30,MIDPOINT_MEDIAN,phase10-v1
RCLASS::DEL-SXR|Economy Saver|ROUND::2026-09-05T20:15,DEL-SXR,Economy Saver,ROUND::2026-09-05T20:15,2026-09-05 20:15,ANCHORED,5,RSERIES::DEL-SXR|Economy Saver|T1(0-2)|2026-09-07|ROUND::2026-09-05T20:15;RSERIES::DEL-SXR|Economy Saver|T15(12-18)|2026-09-21|ROUND::2026-09-05T20:15;RSERIES::DEL-SXR|Economy Saver|T30(25-35)|2026-10-06|ROUND::2026-09-05T20:15;RSERIES::DEL-SXR|Economy Saver|T45(40-50)|2026-10-22|ROUND::2026-09-05T20:15;RSERIES::DEL-SXR|Economy Saver|T7(5-9)|2026-09-13|ROUND::2026-09-05T20:15,DEL,SXR,DEL-SXR,EXACT_KEY_MATCH,scripts/build_vayu_route_basket.py::make_route_id,True,IN_BASKET,BASKET_SCOPED,11,0.054956,True,OBSERVED,PRICED,5689.00,5054.00,7343.00,0.452909,5,5,0,0,0,0,2,3,INFO,R09,5,R05;R06,False,0,COHERENT_MARKET_MOVEMENT;ISOLATED_DEVIATION,14,14,OBS01353;OBS01354;OBS01355;OBS01358;OBS01359;OBS01361;OBS01367;OBS01368;OBS01373;OBS01374;OBS01375;OBS01376;OBS01384;OBS01385,0,0,14,8,CELL::DEL|SXR|2026-09-07|Economy Saver|T1(0-2)::ROUND::2026-09-05T20:15::FLT::AI|AI-825|13:15;CELL::DEL|SXR|2026-09-13|Economy Saver|T7(5-9)::ROUND::2026-09-05T20:15::FLT::6E|6E-212|10:30;CELL::DEL|SXR|2026-09-21|Economy Saver|T15(12-18)::ROUND::2026-09-05T20:15::FLT::6E|6E-212|10:30;CELL::DEL|SXR|2026-09-21|Economy Saver|T15(12-18)::ROUND::2026-09-05T20:15::FLT::AI|AI-825|13:15;CELL::DEL|SXR|2026-10-06|Economy Saver|T30(25-35)::ROUND::2026-09-05T20:15::FLT::6E|6E-212|10:30;CELL::DEL|SXR|2026-10-06|Economy Saver|T30(25-35)::ROUND::2026-09-05T20:15::FLT::AI|AI-825|13:15;CELL::DEL|SXR|2026-10-06|Economy Saver|T30(25-35)::ROUND::2026-09-05T20:15::FLT::SG|SG-101|15:15;CELL::DEL|SXR|2026-10-22|Economy Saver|T45(40-50)::ROUND::2026-09-05T20:15::FLT::AI|AI-825|13:15,2026-09-07;2026-09-13;2026-09-21;2026-10-06;2026-10-22,5,T1(0-2);T15(12-18);T30(25-35);T45(40-50);T7(5-9),5,CELL::DEL|SXR|2026-09-07|Economy Saver|T1(0-2)::ROUND::2026-09-05T20:15;CELL::DEL|SXR|2026-09-13|Economy Saver|T7(5-9)::ROUND::2026-09-05T20:15;CELL::DEL|SXR|2026-09-21|Economy Saver|T15(12-18)::ROUND::2026-09-05T20:15;CELL::DEL|SXR|2026-10-06|Economy Saver|T30(25-35)::ROUND::2026-09-05T20:15;CELL::DEL|SXR|2026-10-22|Economy Saver|T45(40-50)::ROUND::2026-09-05T20:15,MIDPOINT_MEDIAN,phase10-v1
RCLASS::DEL-SXR|Economy Saver|ROUND::2026-09-06T09:00,DEL-SXR,Economy Saver,ROUND::2026-09-06T09:00,2026-09-06 09:00,ANCHORED,5,RSERIES::DEL-SXR|Economy Saver|T1(0-2)|2026-09-07|ROUND::2026-09-06T09:00;RSERIES::DEL-SXR|Economy Saver|T15(12-18)|2026-09-21|ROUND::2026-09-06T09:00;RSERIES::DEL-SXR|Economy Saver|T30(25-35)|2026-10-06|ROUND::2026-09-06T09:00;RSERIES::DEL-SXR|Economy Saver|T45(40-50)|2026-10-22|ROUND::2026-09-06T09:00;RSERIES::DEL-SXR|Economy Saver|T7(5-9)|2026-09-13|ROUND::2026-09-06T09:00,DEL,SXR,DEL-SXR,EXACT_KEY_MATCH,scripts/build_vayu_route_basket.py::make_route_id,True,IN_BASKET,BASKET_SCOPED,11,0.054956,True,OBSERVED,PRICED,5795.50,4985.00,7286.50,0.461685,5,5,0,0,0,0,1,4,INFO,R09,5,R05;R06,False,0,COHERENT_MARKET_MOVEMENT;ISOLATED_DEVIATION,10,10,OBS01883;OBS01884;OBS01886;OBS01888;OBS01889;OBS01890;OBS01897;OBS01898;OBS01900;OBS01902,0,0,10,8,CELL::DEL|SXR|2026-09-07|Economy Saver|T1(0-2)::ROUND::2026-09-06T09:00::FLT::AI|AI-825|13:15;CELL::DEL|SXR|2026-09-07|Economy Saver|T1(0-2)::ROUND::2026-09-06T09:00::FLT::SG|SG-101|15:15;CELL::DEL|SXR|2026-09-13|Economy Saver|T7(5-9)::ROUND::2026-09-06T09:00::FLT::6E|6E-212|10:30;CELL::DEL|SXR|2026-09-21|Economy Saver|T15(12-18)::ROUND::2026-09-06T09:00::FLT::6E|6E-212|10:30;CELL::DEL|SXR|2026-09-21|Economy Saver|T15(12-18)::ROUND::2026-09-06T09:00::FLT::AI|AI-825|13:15;CELL::DEL|SXR|2026-10-06|Economy Saver|T30(25-35)::ROUND::2026-09-06T09:00::FLT::6E|6E-212|10:30;CELL::DEL|SXR|2026-10-22|Economy Saver|T45(40-50)::ROUND::2026-09-06T09:00::FLT::6E|6E-212|10:30;CELL::DEL|SXR|2026-10-22|Economy Saver|T45(40-50)::ROUND::2026-09-06T09:00::FLT::AI|AI-825|13:15,2026-09-07;2026-09-13;2026-09-21;2026-10-06;2026-10-22,5,T1(0-2);T15(12-18);T30(25-35);T45(40-50);T7(5-9),5,CELL::DEL|SXR|2026-09-07|Economy Saver|T1(0-2)::ROUND::2026-09-06T09:00;CELL::DEL|SXR|2026-09-13|Economy Saver|T7(5-9)::ROUND::2026-09-06T09:00;CELL::DEL|SXR|2026-09-21|Economy Saver|T15(12-18)::ROUND::2026-09-06T09:00;CELL::DEL|SXR|2026-10-06|Economy Saver|T30(25-35)::ROUND::2026-09-06T09:00;CELL::DEL|SXR|2026-10-22|Economy Saver|T45(40-50)::ROUND::2026-09-06T09:00,MIDPOINT_MEDIAN,phase10-v1
RCLASS::DEL-SXR|Economy Saver|ROUND::2026-09-06T14:30,DEL-SXR,Economy Saver,ROUND::2026-09-06T14:30,2026-09-06 14:30,ANCHORED,3,RSERIES::DEL-SXR|Economy Saver|T15(12-18)|2026-09-21|ROUND::2026-09-06T14:30;RSERIES::DEL-SXR|Economy Saver|T30(25-35)|2026-10-06|ROUND::2026-09-06T14:30;RSERIES::DEL-SXR|Economy Saver|T45(40-50)|2026-10-22|ROUND::2026-09-06T14:30,DEL,SXR,DEL-SXR,EXACT_KEY_MATCH,scripts/build_vayu_route_basket.py::make_route_id,True,IN_BASKET,BASKET_SCOPED,11,0.054956,True,OBSERVED,PRICED,5188.00,5103.50,5690.00,0.114921,3,3,0,0,0,0,0,3,NONE,,2,R06,False,0,COHERENT_MARKET_MOVEMENT;ISOLATED_DEVIATION,7,7,OBS02385;OBS02386;OBS02388;OBS02389;OBS02390;OBS02402;OBS02403,0,0,7,4,CELL::DEL|SXR|2026-09-21|Economy Saver|T15(12-18)::ROUND::2026-09-06T14:30::FLT::6E|6E-212|10:30;CELL::DEL|SXR|2026-10-06|Economy Saver|T30(25-35)::ROUND::2026-09-06T14:30::FLT::6E|6E-212|10:30;CELL::DEL|SXR|2026-10-06|Economy Saver|T30(25-35)::ROUND::2026-09-06T14:30::FLT::SG|SG-101|15:15;CELL::DEL|SXR|2026-10-22|Economy Saver|T45(40-50)::ROUND::2026-09-06T14:30::FLT::6E|6E-212|10:30,2026-09-21;2026-10-06;2026-10-22,3,T15(12-18);T30(25-35);T45(40-50),3,CELL::DEL|SXR|2026-09-21|Economy Saver|T15(12-18)::ROUND::2026-09-06T14:30;CELL::DEL|SXR|2026-10-06|Economy Saver|T30(25-35)::ROUND::2026-09-06T14:30;CELL::DEL|SXR|2026-10-22|Economy Saver|T45(40-50)::ROUND::2026-09-06T14:30,MIDPOINT_MEDIAN,phase10-v1
RCLASS::DEL-SXR|Economy Saver|ROUND::2026-09-06T20:15,DEL-SXR,Economy Saver,ROUND::2026-09-06T20:15,2026-09-06 20:15,ANCHORED,5,RSERIES::DEL-SXR|Economy Saver|T1(0-2)|2026-09-07|ROUND::2026-09-06T20:15;RSERIES::DEL-SXR|Economy Saver|T15(12-18)|2026-09-21|ROUND::2026-09-06T20:15;RSERIES::DEL-SXR|Economy Saver|T30(25-35)|2026-10-06|ROUND::2026-09-06T20:15;RSERIES::DEL-SXR|Economy Saver|T45(40-50)|2026-10-22|ROUND::2026-09-06T20:15;RSERIES::DEL-SXR|Economy Saver|T7(5-9)|2026-09-13|ROUND::2026-09-06T20:15,DEL,SXR,DEL-SXR,EXACT_KEY_MATCH,scripts/build_vayu_route_basket.py::make_route_id,True,IN_BASKET,BASKET_SCOPED,11,0.054956,True,OBSERVED,PRICED,5649.00,5259.50,7685.50,0.461261,5,5,0,0,0,1,1,3,REVIEW,R09;R13,0,,True,1,COHERENT_MARKET_MOVEMENT;ISOLATED_DEVIATION,13,13,OBS02888;OBS02889;OBS02894;OBS02902;OBS02903;OBS02906;OBS02907;OBS02910;OBS02913;OBS02914;OBS02916;OBS02917;OBS02918,0,0,13,8,CELL::DEL|SXR|2026-09-07|Economy Saver|T1(0-2)::ROUND::2026-09-06T20:15::FLT::SG|SG-101|15:15;CELL::DEL|SXR|2026-09-13|Economy Saver|T7(5-9)::ROUND::2026-09-06T20:15::FLT::6E|6E-212|10:30;CELL::DEL|SXR|2026-09-13|Economy Saver|T7(5-9)::ROUND::2026-09-06T20:15::FLT::SG|SG-101|15:15;CELL::DEL|SXR|2026-09-21|Economy Saver|T15(12-18)::ROUND::2026-09-06T20:15::FLT::6E|6E-212|10:30;CELL::DEL|SXR|2026-09-21|Economy Saver|T15(12-18)::ROUND::2026-09-06T20:15::FLT::AI|AI-825|13:15;CELL::DEL|SXR|2026-09-21|Economy Saver|T15(12-18)::ROUND::2026-09-06T20:15::FLT::SG|SG-101|15:15;CELL::DEL|SXR|2026-10-06|Economy Saver|T30(25-35)::ROUND::2026-09-06T20:15::FLT::AI|AI-825|13:15;CELL::DEL|SXR|2026-10-22|Economy Saver|T45(40-50)::ROUND::2026-09-06T20:15::FLT::AI|AI-825|13:15,2026-09-07;2026-09-13;2026-09-21;2026-10-06;2026-10-22,5,T1(0-2);T15(12-18);T30(25-35);T45(40-50);T7(5-9),5,CELL::DEL|SXR|2026-09-07|Economy Saver|T1(0-2)::ROUND::2026-09-06T20:15;CELL::DEL|SXR|2026-09-13|Economy Saver|T7(5-9)::ROUND::2026-09-06T20:15;CELL::DEL|SXR|2026-09-21|Economy Saver|T15(12-18)::ROUND::2026-09-06T20:15;CELL::DEL|SXR|2026-10-06|Economy Saver|T30(25-35)::ROUND::2026-09-06T20:15;CELL::DEL|SXR|2026-10-22|Economy Saver|T45(40-50)::ROUND::2026-09-06T20:15,MIDPOINT_MEDIAN,phase10-v1
RCLASS::DEL-SXR|Economy Standard|ROUND::2026-09-05T09:00,DEL-SXR,Economy Standard,ROUND::2026-09-05T09:00,2026-09-05 09:00,ANCHORED,4,RSERIES::DEL-SXR|Economy Standard|T1(0-2)|2026-09-07|ROUND::2026-09-05T09:00;RSERIES::DEL-SXR|Economy Standard|T15(12-18)|2026-09-21|ROUND::2026-09-05T09:00;RSERIES::DEL-SXR|Economy Standard|T30(25-35)|2026-10-06|ROUND::2026-09-05T09:00;RSERIES::DEL-SXR|Economy Standard|T7(5-9)|2026-09-13|ROUND::2026-09-05T09:00,DEL,SXR,DEL-SXR,EXACT_KEY_MATCH,scripts/build_vayu_route_basket.py::make_route_id,True,IN_BASKET,BASKET_SCOPED,11,0.054956,True,OBSERVED,PRICED,7765.25,6597.00,9682.50,0.467713,4,4,0,0,0,0,0,4,NONE,,4,R05;R06,False,0,COHERENT_MARKET_MOVEMENT;ISOLATED_DEVIATION,14,14,OBS00343;OBS00344;OBS00347;OBS00348;OBS00349;OBS00353;OBS00359;OBS00360;OBS00363;OBS00366;OBS00367;OBS00372;OBS00376;OBS00377,0,0,14,9,CELL::DEL|SXR|2026-09-07|Economy Standard|T1(0-2)::ROUND::2026-09-05T09:00::FLT::AI|AI-825|13:15;CELL::DEL|SXR|2026-09-07|Economy Standard|T1(0-2)::ROUND::2026-09-05T09:00::FLT::SG|SG-101|15:15;CELL::DEL|SXR|2026-09-13|Economy Standard|T7(5-9)::ROUND::2026-09-05T09:00::FLT::6E|6E-212|10:30;CELL::DEL|SXR|2026-09-21|Economy Standard|T15(12-18)::ROUND::2026-09-05T09:00::FLT::6E|6E-212|10:30;CELL::DEL|SXR|2026-09-21|Economy Standard|T15(12-18)::ROUND::2026-09-05T09:00::FLT::AI|AI-825|13:15;CELL::DEL|SXR|2026-09-21|Economy Standard|T15(12-18)::ROUND::2026-09-05T09:00::FLT::SG|SG-101|15:15;CELL::DEL|SXR|2026-10-06|Economy Standard|T30(25-35)::ROUND::2026-09-05T09:00::FLT::6E|6E-212|10:30;CELL::DEL|SXR|2026-10-06|Economy Standard|T30(25-35)::ROUND::2026-09-05T09:00::FLT::AI|AI-825|13:15;CELL::DEL|SXR|2026-10-06|Economy Standard|T30(25-35)::ROUND::2026-09-05T09:00::FLT::SG|SG-101|15:15,2026-09-07;2026-09-13;2026-09-21;2026-10-06,4,T1(0-2);T15(12-18);T30(25-35);T7(5-9),4,CELL::DEL|SXR|2026-09-07|Economy Standard|T1(0-2)::ROUND::2026-09-05T09:00;CELL::DEL|SXR|2026-09-13|Economy Standard|T7(5-9)::ROUND::2026-09-05T09:00;CELL::DEL|SXR|2026-09-21|Economy Standard|T15(12-18)::ROUND::2026-09-05T09:00;CELL::DEL|SXR|2026-10-06|Economy Standard|T30(25-35)::ROUND::2026-09-05T09:00,MIDPOINT_MEDIAN,phase10-v1
RCLASS::DEL-SXR|Economy Standard|ROUND::2026-09-05T14:30,DEL-SXR,Economy Standard,ROUND::2026-09-05T14:30,2026-09-05 14:30,ANCHORED,4,RSERIES::DEL-SXR|Economy Standard|T1(0-2)|2026-09-07|ROUND::2026-09-05T14:30;RSERIES::DEL-SXR|Economy Standard|T15(12-18)|2026-09-21|ROUND::2026-09-05T14:30;RSERIES::DEL-SXR|Economy Standard|T30(25-35)|2026-10-06|ROUND::2026-09-05T14:30;RSERIES::DEL-SXR|Economy Standard|T7(5-9)|2026-09-13|ROUND::2026-09-05T14:30,DEL,SXR,DEL-SXR,EXACT_KEY_MATCH,scripts/build_vayu_route_basket.py::make_route_id,True,IN_BASKET,BASKET_SCOPED,11,0.054956,True,OBSERVED,PRICED,7868.88,6747.00,9380.50,0.390322,4,4,0,0,0,0,1,3,INFO,R09,4,R05;R06,False,0,COHERENT_MARKET_MOVEMENT;ISOLATED_DEVIATION,8,8,OBS00847;OBS00851;OBS00852;OBS00856;OBS00863;OBS00864;OBS00867;OBS00868,0,0,8,5,CELL::DEL|SXR|2026-09-07|Economy Standard|T1(0-2)::ROUND::2026-09-05T14:30::FLT::AI|AI-825|13:15;CELL::DEL|SXR|2026-09-13|Economy Standard|T7(5-9)::ROUND::2026-09-05T14:30::FLT::SG|SG-101|15:15;CELL::DEL|SXR|2026-09-21|Economy Standard|T15(12-18)::ROUND::2026-09-05T14:30::FLT::AI|AI-825|13:15;CELL::DEL|SXR|2026-09-21|Economy Standard|T15(12-18)::ROUND::2026-09-05T14:30::FLT::SG|SG-101|15:15;CELL::DEL|SXR|2026-10-06|Economy Standard|T30(25-35)::ROUND::2026-09-05T14:30::FLT::6E|6E-212|10:30,2026-09-07;2026-09-13;2026-09-21;2026-10-06,4,T1(0-2);T15(12-18);T30(25-35);T7(5-9),4,CELL::DEL|SXR|2026-09-07|Economy Standard|T1(0-2)::ROUND::2026-09-05T14:30;CELL::DEL|SXR|2026-09-13|Economy Standard|T7(5-9)::ROUND::2026-09-05T14:30;CELL::DEL|SXR|2026-09-21|Economy Standard|T15(12-18)::ROUND::2026-09-05T14:30;CELL::DEL|SXR|2026-10-06|Economy Standard|T30(25-35)::ROUND::2026-09-05T14:30,MIDPOINT_MEDIAN,phase10-v1
RCLASS::DEL-SXR|Economy Standard|ROUND::2026-09-05T20:15,DEL-SXR,Economy Standard,ROUND::2026-09-05T20:15,2026-09-05 20:15,ANCHORED,5,RSERIES::DEL-SXR|Economy Standard|T1(0-2)|2026-09-07|ROUND::2026-09-05T20:15;RSERIES::DEL-SXR|Economy Standard|T15(12-18)|2026-09-21|ROUND::2026-09-05T20:15;RSERIES::DEL-SXR|Economy Standard|T30(25-35)|2026-10-06|ROUND::2026-09-05T20:15;RSERIES::DEL-SXR|Economy Standard|T45(40-50)|2026-10-22|ROUND::2026-09-05T20:15;RSERIES::DEL-SXR|Economy Standard|T7(5-9)|2026-09-13|ROUND::2026-09-05T20:15,DEL,SXR,DEL-SXR,EXACT_KEY_MATCH,scripts/build_vayu_route_basket.py::make_route_id,True,IN_BASKET,BASKET_SCOPED,11,0.054956,True,OBSERVED,PRICED,7260.50,6317.00,9483.00,0.501187,5,5,0,0,0,0,1,4,INFO,R09,5,R05;R06,False,0,COHERENT_MARKET_MOVEMENT;ISOLATED_DEVIATION,15,15,OBS01356;OBS01357;OBS01362;OBS01363;OBS01365;OBS01366;OBS01369;OBS01370;OBS01377;OBS01378;OBS01380;OBS01382;OBS01383;OBS01386;OBS01387,0,0,15,10,CELL::DEL|SXR|2026-09-07|Economy Standard|T1(0-2)::ROUND::2026-09-05T20:15::FLT::AI|AI-825|13:15;CELL::DEL|SXR|2026-09-07|Economy Standard|T1(0-2)::ROUND::2026-09-05T20:15::FLT::SG|SG-101|15:15;CELL::DEL|SXR|2026-09-13|Economy Standard|T7(5-9)::ROUND::2026-09-05T20:15::FLT::AI|AI-825|13:15;CELL::DEL|SXR|2026-09-13|Economy Standard|T7(5-9)::ROUND::2026-09-05T20:15::FLT::SG|SG-101|15:15;CELL::DEL|SXR|2026-09-21|Economy Standard|T15(12-18)::ROUND::2026-09-05T20:15::FLT::6E|6E-212|10:30;CELL::DEL|SXR|2026-09-21|Economy Standard|T15(12-18)::ROUND::2026-09-05T20:15::FLT::AI|AI-825|13:15;CELL::DEL|SXR|2026-09-21|Economy Standard|T15(12-18)::ROUND::2026-09-05T20:15::FLT::SG|SG-101|15:15;CELL::DEL|SXR|2026-10-06|Economy Standard|T30(25-35)::ROUND::2026-09-05T20:15::FLT::SG|SG-101|15:15;CELL::DEL|SXR|2026-10-22|Economy Standard|T45(40-50)::ROUND::2026-09-05T20:15::FLT::AI|AI-825|13:15;CELL::DEL|SXR|2026-10-22|Economy Standard|T45(40-50)::ROUND::2026-09-05T20:15::FLT::SG|SG-101|15:15,2026-09-07;2026-09-13;2026-09-21;2026-10-06;2026-10-22,5,T1(0-2);T15(12-18);T30(25-35);T45(40-50);T7(5-9),5,CELL::DEL|SXR|2026-09-07|Economy Standard|T1(0-2)::ROUND::2026-09-05T20:15;CELL::DEL|SXR|2026-09-13|Economy Standard|T7(5-9)::ROUND::2026-09-05T20:15;CELL::DEL|SXR|2026-09-21|Economy Standard|T15(12-18)::ROUND::2026-09-05T20:15;CELL::DEL|SXR|2026-10-06|Economy Standard|T30(25-35)::ROUND::2026-09-05T20:15;CELL::DEL|SXR|2026-10-22|Economy Standard|T45(40-50)::ROUND::2026-09-05T20:15,MIDPOINT_MEDIAN,phase10-v1
RCLASS::DEL-SXR|Economy Standard|ROUND::2026-09-06T09:00,DEL-SXR,Economy Standard,ROUND::2026-09-06T09:00,2026-09-06 09:00,ANCHORED,5,RSERIES::DEL-SXR|Economy Standard|T1(0-2)|2026-09-07|ROUND::2026-09-06T09:00;RSERIES::DEL-SXR|Economy Standard|T15(12-18)|2026-09-21|ROUND::2026-09-06T09:00;RSERIES::DEL-SXR|Economy Standard|T30(25-35)|2026-10-06|ROUND::2026-09-06T09:00;RSERIES::DEL-SXR|Economy Standard|T45(40-50)|2026-10-22|ROUND::2026-09-06T09:00;RSERIES::DEL-SXR|Economy Standard|T7(5-9)|2026-09-13|ROUND::2026-09-06T09:00,DEL,SXR,DEL-SXR,EXACT_KEY_MATCH,scripts/build_vayu_route_basket.py::make_route_id,True,IN_BASKET,BASKET_SCOPED,11,0.054956,True,OBSERVED,PRICED,7353.50,6596.25,9579.25,0.452227,5,5,0,0,0,0,2,3,INFO,R09,5,R05;R06,False,0,COHERENT_MARKET_MOVEMENT;ISOLATED_DEVIATION,11,11,OBS01881;OBS01882;OBS01891;OBS01892;OBS01895;OBS01896;OBS01899;OBS01905;OBS01907;OBS01908;OBS01909,0,0,11,8,CELL::DEL|SXR|2026-09-07|Economy Standard|T1(0-2)::ROUND::2026-09-06T09:00::FLT::6E|6E-212|10:30;CELL::DEL|SXR|2026-09-07|Economy Standard|T1(0-2)::ROUND::2026-09-06T09:00::FLT::AI|AI-825|13:15;CELL::DEL|SXR|2026-09-13|Economy Standard|T7(5-9)::ROUND::2026-09-06T09:00::FLT::AI|AI-825|13:15;CELL::DEL|SXR|2026-09-21|Economy Standard|T15(12-18)::ROUND::2026-09-06T09:00::FLT::AI|AI-825|13:15;CELL::DEL|SXR|2026-09-21|Economy Standard|T15(12-18)::ROUND::2026-09-06T09:00::FLT::SG|SG-101|15:15;CELL::DEL|SXR|2026-10-06|Economy Standard|T30(25-35)::ROUND::2026-09-06T09:00::FLT::AI|AI-825|13:15;CELL::DEL|SXR|2026-10-06|Economy Standard|T30(25-35)::ROUND::2026-09-06T09:00::FLT::SG|SG-101|15:15;CELL::DEL|SXR|2026-10-22|Economy Standard|T45(40-50)::ROUND::2026-09-06T09:00::FLT::SG|SG-101|15:15,2026-09-07;2026-09-13;2026-09-21;2026-10-06;2026-10-22,5,T1(0-2);T15(12-18);T30(25-35);T45(40-50);T7(5-9),5,CELL::DEL|SXR|2026-09-07|Economy Standard|T1(0-2)::ROUND::2026-09-06T09:00;CELL::DEL|SXR|2026-09-13|Economy Standard|T7(5-9)::ROUND::2026-09-06T09:00;CELL::DEL|SXR|2026-09-21|Economy Standard|T15(12-18)::ROUND::2026-09-06T09:00;CELL::DEL|SXR|2026-10-06|Economy Standard|T30(25-35)::ROUND::2026-09-06T09:00;CELL::DEL|SXR|2026-10-22|Economy Standard|T45(40-50)::ROUND::2026-09-06T09:00,MIDPOINT_MEDIAN,phase10-v1
RCLASS::DEL-SXR|Economy Standard|ROUND::2026-09-06T14:30,DEL-SXR,Economy Standard,ROUND::2026-09-06T14:30,2026-09-06 14:30,ANCHORED,4,RSERIES::DEL-SXR|Economy Standard|T1(0-2)|2026-09-07|ROUND::2026-09-06T14:30;RSERIES::DEL-SXR|Economy Standard|T15(12-18)|2026-09-21|ROUND::2026-09-06T14:30;RSERIES::DEL-SXR|Economy Standard|T45(40-50)|2026-10-22|ROUND::2026-09-06T14:30;RSERIES::DEL-SXR|Economy Standard|T7(5-9)|2026-09-13|ROUND::2026-09-06T14:30,DEL,SXR,DEL-SXR,EXACT_KEY_MATCH,scripts/build_vayu_route_basket.py::make_route_id,True,IN_BASKET,BASKET_SCOPED,11,0.054956,True,OBSERVED,PRICED,8142.25,6723.00,9594.50,0.427116,4,4,0,0,0,0,1,3,INFO,R09,1,R05;R06,False,0,COHERENT_MARKET_MOVEMENT;ISOLATED_DEVIATION,9,9,OBS02380;OBS02381;OBS02382;OBS02391;OBS02392;OBS02393;OBS02394;OBS02401;OBS02404,0,0,9,7,CELL::DEL|SXR|2026-09-07|Economy Standard|T1(0-2)::ROUND::2026-09-06T14:30::FLT::6E|6E-212|10:30;CELL::DEL|SXR|2026-09-07|Economy Standard|T1(0-2)::ROUND::2026-09-06T14:30::FLT::AI|AI-825|13:15;CELL::DEL|SXR|2026-09-13|Economy Standard|T7(5-9)::ROUND::2026-09-06T14:30::FLT::6E|6E-212|10:30;CELL::DEL|SXR|2026-09-13|Economy Standard|T7(5-9)::ROUND::2026-09-06T14:30::FLT::AI|AI-825|13:15;CELL::DEL|SXR|2026-09-21|Economy Standard|T15(12-18)::ROUND::2026-09-06T14:30::FLT::AI|AI-825|13:15;CELL::DEL|SXR|2026-09-21|Economy Standard|T15(12-18)::ROUND::2026-09-06T14:30::FLT::SG|SG-101|15:15;CELL::DEL|SXR|2026-10-22|Economy Standard|T45(40-50)::ROUND::2026-09-06T14:30::FLT::SG|SG-101|15:15,2026-09-07;2026-09-13;2026-09-21;2026-10-22,4,T1(0-2);T15(12-18);T45(40-50);T7(5-9),4,CELL::DEL|SXR|2026-09-07|Economy Standard|T1(0-2)::ROUND::2026-09-06T14:30;CELL::DEL|SXR|2026-09-13|Economy Standard|T7(5-9)::ROUND::2026-09-06T14:30;CELL::DEL|SXR|2026-09-21|Economy Standard|T15(12-18)::ROUND::2026-09-06T14:30;CELL::DEL|SXR|2026-10-22|Economy Standard|T45(40-50)::ROUND::2026-09-06T14:30,MIDPOINT_MEDIAN,phase10-v1
RCLASS::DEL-SXR|Economy Standard|ROUND::2026-09-06T20:15,DEL-SXR,Economy Standard,ROUND::2026-09-06T20:15,2026-09-06 20:15,ANCHORED,5,RSERIES::DEL-SXR|Economy Standard|T1(0-2)|2026-09-07|ROUND::2026-09-06T20:15;RSERIES::DEL-SXR|Economy Standard|T15(12-18)|2026-09-21|ROUND::2026-09-06T20:15;RSERIES::DEL-SXR|Economy Standard|T30(25-35)|2026-10-06|ROUND::2026-09-06T20:15;RSERIES::DEL-SXR|Economy Standard|T45(40-50)|2026-10-22|ROUND::2026-09-06T20:15;RSERIES::DEL-SXR|Economy Standard|T7(5-9)|2026-09-13|ROUND::2026-09-06T20:15,DEL,SXR,DEL-SXR,EXACT_KEY_MATCH,scripts/build_vayu_route_basket.py::make_route_id,True,IN_BASKET,BASKET_SCOPED,11,0.054956,True,OBSERVED,PRICED,7693.00,6706.00,9565.50,0.426409,5,5,0,0,0,0,1,4,INFO,R09,1,R06,False,0,COHERENT_MARKET_MOVEMENT;ISOLATED_DEVIATION,17,17,OBS02884;OBS02885;OBS02890;OBS02891;OBS02895;OBS02896;OBS02897;OBS02901;OBS02904;OBS02905;OBS02908;OBS02909;OBS02915;OBS02919;OBS02920;OBS02923;OBS02924,0,0,17,11,CELL::DEL|SXR|2026-09-07|Economy Standard|T1(0-2)::ROUND::2026-09-06T20:15::FLT::6E|6E-212|10:30;CELL::DEL|SXR|2026-09-13|Economy Standard|T7(5-9)::ROUND::2026-09-06T20:15::FLT::6E|6E-212|10:30;CELL::DEL|SXR|2026-09-13|Economy Standard|T7(5-9)::ROUND::2026-09-06T20:15::FLT::AI|AI-825|13:15;CELL::DEL|SXR|2026-09-13|Economy Standard|T7(5-9)::ROUND::2026-09-06T20:15::FLT::SG|SG-101|15:15;CELL::DEL|SXR|2026-09-21|Economy Standard|T15(12-18)::ROUND::2026-09-06T20:15::FLT::AI|AI-825|13:15;CELL::DEL|SXR|2026-10-06|Economy Standard|T30(25-35)::ROUND::2026-09-06T20:15::FLT::6E|6E-212|10:30;CELL::DEL|SXR|2026-10-06|Economy Standard|T30(25-35)::ROUND::2026-09-06T20:15::FLT::AI|AI-825|13:15;CELL::DEL|SXR|2026-10-06|Economy Standard|T30(25-35)::ROUND::2026-09-06T20:15::FLT::SG|SG-101|15:15;CELL::DEL|SXR|2026-10-22|Economy Standard|T45(40-50)::ROUND::2026-09-06T20:15::FLT::6E|6E-212|10:30;CELL::DEL|SXR|2026-10-22|Economy Standard|T45(40-50)::ROUND::2026-09-06T20:15::FLT::AI|AI-825|13:15;CELL::DEL|SXR|2026-10-22|Economy Standard|T45(40-50)::ROUND::2026-09-06T20:15::FLT::SG|SG-101|15:15,2026-09-07;2026-09-13;2026-09-21;2026-10-06;2026-10-22,5,T1(0-2);T15(12-18);T30(25-35);T45(40-50);T7(5-9),5,CELL::DEL|SXR|2026-09-07|Economy Standard|T1(0-2)::ROUND::2026-09-06T20:15;CELL::DEL|SXR|2026-09-13|Economy Standard|T7(5-9)::ROUND::2026-09-06T20:15;CELL::DEL|SXR|2026-09-21|Economy Standard|T15(12-18)::ROUND::2026-09-06T20:15;CELL::DEL|SXR|2026-10-06|Economy Standard|T30(25-35)::ROUND::2026-09-06T20:15;CELL::DEL|SXR|2026-10-22|Economy Standard|T45(40-50)::ROUND::2026-09-06T20:15,MIDPOINT_MEDIAN,phase10-v1
RCLASS::DEL-GOI|Economy Flexi|ROUND::2026-09-05T09:00,DEL-GOI,Economy Flexi,ROUND::2026-09-05T09:00,2026-09-05 09:00,ANCHORED,5,RSERIES::DEL-GOI|Economy Flexi|T1(0-2)|2026-09-07|ROUND::2026-09-05T09:00;RSERIES::DEL-GOI|Economy Flexi|T15(12-18)|2026-09-21|ROUND::2026-09-05T09:00;RSERIES::DEL-GOI|Economy Flexi|T30(25-35)|2026-10-06|ROUND::2026-09-05T09:00;RSERIES::DEL-GOI|Economy Flexi|T45(40-50)|2026-10-22|ROUND::2026-09-05T09:00;RSERIES::DEL-GOI|Economy Flexi|T7(5-9)|2026-09-13|ROUND::2026-09-05T09:00,DEL,GOI,DEL-GOI,EXACT_KEY_MATCH,scripts/build_vayu_route_basket.py::make_route_id,True,IN_BASKET,BASKET_SCOPED,12,0.03707,True,OBSERVED,PRICED,9102.00,8025.75,11809.75,0.471482,5,5,0,0,0,0,1,4,INFO,R09,5,R05;R06,False,0,COHERENT_MARKET_MOVEMENT;ISOLATED_DEVIATION,13,13,OBS00380;OBS00381;OBS00390;OBS00391;OBS00394;OBS00395;OBS00398;OBS00399;OBS00406;OBS00409;OBS00410;OBS00413;OBS00415,0,0,13,8,CELL::DEL|GOI|2026-09-07|Economy Flexi|T1(0-2)::ROUND::2026-09-05T09:00::FLT::6E|6E-334|15:15;CELL::DEL|GOI|2026-09-07|Economy Flexi|T1(0-2)::ROUND::2026-09-05T09:00::FLT::AI|AI-861|07:30;CELL::DEL|GOI|2026-09-13|Economy Flexi|T7(5-9)::ROUND::2026-09-05T09:00::FLT::QP|QP-1510|10:45;CELL::DEL|GOI|2026-09-21|Economy Flexi|T15(12-18)::ROUND::2026-09-05T09:00::FLT::QP|QP-1510|10:45;CELL::DEL|GOI|2026-10-06|Economy Flexi|T30(25-35)::ROUND::2026-09-05T09:00::FLT::6E|6E-334|15:15;CELL::DEL|GOI|2026-10-06|Economy Flexi|T30(25-35)::ROUND::2026-09-05T09:00::FLT::QP|QP-1510|10:45;CELL::DEL|GOI|2026-10-22|Economy Flexi|T45(40-50)::ROUND::2026-09-05T09:00::FLT::6E|6E-334|15:15;CELL::DEL|GOI|2026-10-22|Economy Flexi|T45(40-50)::ROUND::2026-09-05T09:00::FLT::AI|AI-861|07:30,2026-09-07;2026-09-13;2026-09-21;2026-10-06;2026-10-22,5,T1(0-2);T15(12-18);T30(25-35);T45(40-50);T7(5-9),5,CELL::DEL|GOI|2026-09-07|Economy Flexi|T1(0-2)::ROUND::2026-09-05T09:00;CELL::DEL|GOI|2026-09-13|Economy Flexi|T7(5-9)::ROUND::2026-09-05T09:00;CELL::DEL|GOI|2026-09-21|Economy Flexi|T15(12-18)::ROUND::2026-09-05T09:00;CELL::DEL|GOI|2026-10-06|Economy Flexi|T30(25-35)::ROUND::2026-09-05T09:00;CELL::DEL|GOI|2026-10-22|Economy Flexi|T45(40-50)::ROUND::2026-09-05T09:00,MIDPOINT_MEDIAN,phase10-v1
RCLASS::DEL-GOI|Economy Flexi|ROUND::2026-09-05T14:30,DEL-GOI,Economy Flexi,ROUND::2026-09-05T14:30,2026-09-05 14:30,ANCHORED,5,RSERIES::DEL-GOI|Economy Flexi|T1(0-2)|2026-09-07|ROUND::2026-09-05T14:30;RSERIES::DEL-GOI|Economy Flexi|T15(12-18)|2026-09-21|ROUND::2026-09-05T14:30;RSERIES::DEL-GOI|Economy Flexi|T30(25-35)|2026-10-06|ROUND::2026-09-05T14:30;RSERIES::DEL-GOI|Economy Flexi|T45(40-50)|2026-10-22|ROUND::2026-09-05T14:30;RSERIES::DEL-GOI|Economy Flexi|T7(5-9)|2026-09-13|ROUND::2026-09-05T14:30,DEL,GOI,DEL-GOI,EXACT_KEY_MATCH,scripts/build_vayu_route_basket.py::make_route_id,True,IN_BASKET,BASKET_SCOPED,12,0.03707,True,OBSERVED,PRICED,9020.00,7846.75,11567.25,0.474145,5,5,0,0,0,0,1,4,INFO,R09,5,R05;R06,False,0,COHERENT_MARKET_MOVEMENT;ISOLATED_DEVIATION,16,16,OBS00877;OBS00878;OBS00880;OBS00881;OBS00882;OBS00883;OBS00888;OBS00889;OBS00890;OBS00892;OBS00893;OBS00894;OBS00896;OBS00897;OBS00903;OBS00904,0,0,16,9,CELL::DEL|GOI|2026-09-07|Economy Flexi|T1(0-2)::ROUND::2026-09-05T14:30::FLT::AI|AI-861|07:30;CELL::DEL|GOI|2026-09-07|Economy Flexi|T1(0-2)::ROUND::2026-09-05T14:30::FLT::QP|QP-1510|10:45;CELL::DEL|GOI|2026-09-13|Economy Flexi|T7(5-9)::ROUND::2026-09-05T14:30::FLT::QP|QP-1510|10:45;CELL::DEL|GOI|2026-09-21|Economy Flexi|T15(12-18)::ROUND::2026-09-05T14:30::FLT::AI|AI-861|07:30;CELL::DEL|GOI|2026-10-06|Economy Flexi|T30(25-35)::ROUND::2026-09-05T14:30::FLT::6E|6E-334|15:15;CELL::DEL|GOI|2026-10-06|Economy Flexi|T30(25-35)::ROUND::2026-09-05T14:30::FLT::AI|AI-861|07:30;CELL::DEL|GOI|2026-10-22|Economy Flexi|T45(40-50)::ROUND::2026-09-05T14:30::FLT::6E|6E-334|15:15;CELL::DEL|GOI|2026-10-22|Economy Flexi|T45(40-50)::ROUND::2026-09-05T14:30::FLT::AI|AI-861|07:30;CELL::DEL|GOI|2026-10-22|Economy Flexi|T45(40-50)::ROUND::2026-09-05T14:30::FLT::QP|QP-1510|10:45,2026-09-07;2026-09-13;2026-09-21;2026-10-06;2026-10-22,5,T1(0-2);T15(12-18);T30(25-35);T45(40-50);T7(5-9),5,CELL::DEL|GOI|2026-09-07|Economy Flexi|T1(0-2)::ROUND::2026-09-05T14:30;CELL::DEL|GOI|2026-09-13|Economy Flexi|T7(5-9)::ROUND::2026-09-05T14:30;CELL::DEL|GOI|2026-09-21|Economy Flexi|T15(12-18)::ROUND::2026-09-05T14:30;CELL::DEL|GOI|2026-10-06|Economy Flexi|T30(25-35)::ROUND::2026-09-05T14:30;CELL::DEL|GOI|2026-10-22|Economy Flexi|T45(40-50)::ROUND::2026-09-05T14:30,MIDPOINT_MEDIAN,phase10-v1
RCLASS::DEL-GOI|Economy Flexi|ROUND::2026-09-05T20:15,DEL-GOI,Economy Flexi,ROUND::2026-09-05T20:15,2026-09-05 20:15,ANCHORED,4,RSERIES::DEL-GOI|Economy Flexi|T1(0-2)|2026-09-07|ROUND::2026-09-05T20:15;RSERIES::DEL-GOI|Economy Flexi|T15(12-18)|2026-09-21|ROUND::2026-09-05T20:15;RSERIES::DEL-GOI|Economy Flexi|T30(25-35)|2026-10-06|ROUND::2026-09-05T20:15;RSERIES::DEL-GOI|Economy Flexi|T45(40-50)|2026-10-22|ROUND::2026-09-05T20:15,DEL,GOI,DEL-GOI,EXACT_KEY_MATCH,scripts/build_vayu_route_basket.py::make_route_id,True,IN_BASKET,BASKET_SCOPED,12,0.03707,True,OBSERVED,PRICED,8600.50,8347.00,11371.00,0.362286,4,4,0,0,0,0,2,2,INFO,R09,4,R05;R06,False,0,COHERENT_MARKET_MOVEMENT;ISOLATED_DEVIATION,11,11,OBS01389;OBS01392;OBS01393;OBS01395;OBS01396;OBS01397;OBS01398;OBS01401;OBS01408;OBS01413;OBS01414,0,0,11,8,CELL::DEL|GOI|2026-09-07|Economy Flexi|T1(0-2)::ROUND::2026-09-05T20:15::FLT::6E|6E-334|15:15;CELL::DEL|GOI|2026-09-07|Economy Flexi|T1(0-2)::ROUND::2026-09-05T20:15::FLT::AI|AI-861|07:30;CELL::DEL|GOI|2026-09-07|Economy Flexi|T1(0-2)::ROUND::2026-09-05T20:15::FLT::QP|QP-1510|10:45;CELL::DEL|GOI|2026-09-21|Economy Flexi|T15(12-18)::ROUND::2026-09-05T20:15::FLT::6E|6E-334|15:15;CELL::DEL|GOI|2026-09-21|Economy Flexi|T15(12-18)::ROUND::2026-09-05T20:15::FLT::AI|AI-861|07:30;CELL::DEL|GOI|2026-09-21|Economy Flexi|T15(12-18)::ROUND::2026-09-05T20:15::FLT::QP|QP-1510|10:45;CELL::DEL|GOI|2026-10-06|Economy Flexi|T30(25-35)::ROUND::2026-09-05T20:15::FLT::6E|6E-334|15:15;CELL::DEL|GOI|2026-10-22|Economy Flexi|T45(40-50)::ROUND::2026-09-05T20:15::FLT::6E|6E-334|15:15,2026-09-07;2026-09-21;2026-10-06;2026-10-22,4,T1(0-2);T15(12-18);T30(25-35);T45(40-50),4,CELL::DEL|GOI|2026-09-07|Economy Flexi|T1(0-2)::ROUND::2026-09-05T20:15;CELL::DEL|GOI|2026-09-21|Economy Flexi|T15(12-18)::ROUND::2026-09-05T20:15;CELL::DEL|GOI|2026-10-06|Economy Flexi|T30(25-35)::ROUND::2026-09-05T20:15;CELL::DEL|GOI|2026-10-22|Economy Flexi|T45(40-50)::ROUND::2026-09-05T20:15,MIDPOINT_MEDIAN,phase10-v1
RCLASS::DEL-GOI|Economy Flexi|ROUND::2026-09-06T09:00,DEL-GOI,Economy Flexi,ROUND::2026-09-06T09:00,2026-09-06 09:00,ANCHORED,5,RSERIES::DEL-GOI|Economy Flexi|T1(0-2)|2026-09-07|ROUND::2026-09-06T09:00;RSERIES::DEL-GOI|Economy Flexi|T15(12-18)|2026-09-21|ROUND::2026-09-06T09:00;RSERIES::DEL-GOI|Economy Flexi|T30(25-35)|2026-10-06|ROUND::2026-09-06T09:00;RSERIES::DEL-GOI|Economy Flexi|T45(40-50)|2026-10-22|ROUND::2026-09-06T09:00;RSERIES::DEL-GOI|Economy Flexi|T7(5-9)|2026-09-13|ROUND::2026-09-06T09:00,DEL,GOI,DEL-GOI,EXACT_KEY_MATCH,scripts/build_vayu_route_basket.py::make_route_id,True,IN_BASKET,BASKET_SCOPED,12,0.03707,True,OBSERVED,PRICED,9240.00,8025.00,11743.50,0.463364,5,5,0,0,0,0,2,3,INFO,R09,5,R05;R06,False,0,COHERENT_MARKET_MOVEMENT;ISOLATED_DEVIATION,11,11,OBS01914;OBS01915;OBS01917;OBS01918;OBS01923;OBS01928;OBS01932;OBS01933;OBS01936;OBS01944;OBS01945,0,0,11,8,CELL::DEL|GOI|2026-09-07|Economy Flexi|T1(0-2)::ROUND::2026-09-06T09:00::FLT::AI|AI-861|07:30;CELL::DEL|GOI|2026-09-07|Economy Flexi|T1(0-2)::ROUND::2026-09-06T09:00::FLT::QP|QP-1510|10:45;CELL::DEL|GOI|2026-09-13|Economy Flexi|T7(5-9)::ROUND::2026-09-06T09:00::FLT::6E|6E-334|15:15;CELL::DEL|GOI|2026-09-21|Economy Flexi|T15(12-18)::ROUND::2026-09-06T09:00::FLT::6E|6E-334|15:15;CELL::DEL|GOI|2026-09-21|Economy Flexi|T15(12-18)::ROUND::2026-09-06T09:00::FLT::AI|AI-861|07:30;CELL::DEL|GOI|2026-09-21|Economy Flexi|T15(12-18)::ROUND::2026-09-06T09:00::FLT::QP|QP-1510|10:45;CELL::DEL|GOI|2026-10-06|Economy Flexi|T30(25-35)::ROUND::2026-09-06T09:00::FLT::AI|AI-861|07:30;CELL::DEL|GOI|2026-10-22|Economy Flexi|T45(40-50)::ROUND::2026-09-06T09:00::FLT::AI|AI-861|07:30,2026-09-07;2026-09-13;2026-09-21;2026-10-06;2026-10-22,5,T1(0-2);T15(12-18);T30(25-35);T45(40-50);T7(5-9),5,CELL::DEL|GOI|2026-09-07|Economy Flexi|T1(0-2)::ROUND::2026-09-06T09:00;CELL::DEL|GOI|2026-09-13|Economy Flexi|T7(5-9)::ROUND::2026-09-06T09:00;CELL::DEL|GOI|2026-09-21|Economy Flexi|T15(12-18)::ROUND::2026-09-06T09:00;CELL::DEL|GOI|2026-10-06|Economy Flexi|T30(25-35)::ROUND::2026-09-06T09:00;CELL::DEL|GOI|2026-10-22|Economy Flexi|T45(40-50)::ROUND::2026-09-06T09:00,MIDPOINT_MEDIAN,phase10-v1
RCLASS::DEL-GOI|Economy Flexi|ROUND::2026-09-06T14:30,DEL-GOI,Economy Flexi,ROUND::2026-09-06T14:30,2026-09-06 14:30,ANCHORED,5,RSERIES::DEL-GOI|Economy Flexi|T1(0-2)|2026-09-07|ROUND::2026-09-06T14:30;RSERIES::DEL-GOI|Economy Flexi|T15(12-18)|2026-09-21|ROUND::2026-09-06T14:30;RSERIES::DEL-GOI|Economy Flexi|T30(25-35)|2026-10-06|ROUND::2026-09-06T14:30;RSERIES::DEL-GOI|Economy Flexi|T45(40-50)|2026-10-22|ROUND::2026-09-06T14:30;RSERIES::DEL-GOI|Economy Flexi|T7(5-9)|2026-09-13|ROUND::2026-09-06T14:30,DEL,GOI,DEL-GOI,EXACT_KEY_MATCH,scripts/build_vayu_route_basket.py::make_route_id,True,IN_BASKET,BASKET_SCOPED,12,0.03707,True,OBSERVED,PRICED,9062.50,7737.00,11724.50,0.515381,5,5,0,0,0,0,2,3,INFO,R09,1,R06,False,0,COHERENT_MARKET_MOVEMENT;ISOLATED_DEVIATION,15,15,OBS02405;OBS02406;OBS02409;OBS02412;OBS02413;OBS02416;OBS02418;OBS02419;OBS02423;OBS02424;OBS02427;OBS02431;OBS02432;OBS02434;OBS02435,0,0,15,9,CELL::DEL|GOI|2026-09-07|Economy Flexi|T1(0-2)::ROUND::2026-09-06T14:30::FLT::6E|6E-334|15:15;CELL::DEL|GOI|2026-09-07|Economy Flexi|T1(0-2)::ROUND::2026-09-06T14:30::FLT::AI|AI-861|07:30;CELL::DEL|GOI|2026-09-07|Economy Flexi|T1(0-2)::ROUND::2026-09-06T14:30::FLT::QP|QP-1510|10:45;CELL::DEL|GOI|2026-09-13|Economy Flexi|T7(5-9)::ROUND::2026-09-06T14:30::FLT::6E|6E-334|15:15;CELL::DEL|GOI|2026-09-21|Economy Flexi|T15(12-18)::ROUND::2026-09-06T14:30::FLT::6E|6E-334|15:15;CELL::DEL|GOI|2026-09-21|Economy Flexi|T15(12-18)::ROUND::2026-09-06T14:30::FLT::QP|QP-1510|10:45;CELL::DEL|GOI|2026-10-06|Economy Flexi|T30(25-35)::ROUND::2026-09-06T14:30::FLT::AI|AI-861|07:30;CELL::DEL|GOI|2026-10-06|Economy Flexi|T30(25-35)::ROUND::2026-09-06T14:30::FLT::QP|QP-1510|10:45;CELL::DEL|GOI|2026-10-22|Economy Flexi|T45(40-50)::ROUND::2026-09-06T14:30::FLT::6E|6E-334|15:15,2026-09-07;2026-09-13;2026-09-21;2026-10-06;2026-10-22,5,T1(0-2);T15(12-18);T30(25-35);T45(40-50);T7(5-9),5,CELL::DEL|GOI|2026-09-07|Economy Flexi|T1(0-2)::ROUND::2026-09-06T14:30;CELL::DEL|GOI|2026-09-13|Economy Flexi|T7(5-9)::ROUND::2026-09-06T14:30;CELL::DEL|GOI|2026-09-21|Economy Flexi|T15(12-18)::ROUND::2026-09-06T14:30;CELL::DEL|GOI|2026-10-06|Economy Flexi|T30(25-35)::ROUND::2026-09-06T14:30;CELL::DEL|GOI|2026-10-22|Economy Flexi|T45(40-50)::ROUND::2026-09-06T14:30,MIDPOINT_MEDIAN,phase10-v1
RCLASS::DEL-GOI|Economy Flexi|ROUND::2026-09-06T20:15,DEL-GOI,Economy Flexi,ROUND::2026-09-06T20:15,2026-09-06 20:15,ANCHORED,4,RSERIES::DEL-GOI|Economy Flexi|T1(0-2)|2026-09-07|ROUND::2026-09-06T20:15;RSERIES::DEL-GOI|Economy Flexi|T15(12-18)|2026-09-21|ROUND::2026-09-06T20:15;RSERIES::DEL-GOI|Economy Flexi|T45(40-50)|2026-10-22|ROUND::2026-09-06T20:15;RSERIES::DEL-GOI|Economy Flexi|T7(5-9)|2026-09-13|ROUND::2026-09-06T20:15,DEL,GOI,DEL-GOI,EXACT_KEY_MATCH,scripts/build_vayu_route_basket.py::make_route_id,True,IN_BASKET,BASKET_SCOPED,12,0.03707,True,OBSERVED,PRICED,9895.75,7837.50,11611.00,0.481467,4,4,0,0,0,0,1,3,INFO,R09,0,,False,0,COHERENT_MARKET_MOVEMENT;ISOLATED_DEVIATION,9,9,OBS02927;OBS02941;OBS02942;OBS02943;OBS02944;OBS02950;OBS02951;OBS02955;OBS02956,0,0,9,5,CELL::DEL|GOI|2026-09-07|Economy Flexi|T1(0-2)::ROUND::2026-09-06T20:15::FLT::QP|QP-1510|10:45;CELL::DEL|GOI|2026-09-13|Economy Flexi|T7(5-9)::ROUND::2026-09-06T20:15::FLT::6E|6E-334|15:15;CELL::DEL|GOI|2026-09-21|Economy Flexi|T15(12-18)::ROUND::2026-09-06T20:15::FLT::QP|QP-1510|10:45;CELL::DEL|GOI|2026-10-22|Economy Flexi|T45(40-50)::ROUND::2026-09-06T20:15::FLT::AI|AI-861|07:30;CELL::DEL|GOI|2026-10-22|Economy Flexi|T45(40-50)::ROUND::2026-09-06T20:15::FLT::QP|QP-1510|10:45,2026-09-07;2026-09-13;2026-09-21;2026-10-22,4,T1(0-2);T15(12-18);T45(40-50);T7(5-9),4,CELL::DEL|GOI|2026-09-07|Economy Flexi|T1(0-2)::ROUND::2026-09-06T20:15;CELL::DEL|GOI|2026-09-13|Economy Flexi|T7(5-9)::ROUND::2026-09-06T20:15;CELL::DEL|GOI|2026-09-21|Economy Flexi|T15(12-18)::ROUND::2026-09-06T20:15;CELL::DEL|GOI|2026-10-22|Economy Flexi|T45(40-50)::ROUND::2026-09-06T20:15,MIDPOINT_MEDIAN,phase10-v1
RCLASS::DEL-GOI|Economy Saver|ROUND::2026-09-05T09:00,DEL-GOI,Economy Saver,ROUND::2026-09-05T09:00,2026-09-05 09:00,ANCHORED,4,RSERIES::DEL-GOI|Economy Saver|T1(0-2)|2026-09-07|ROUND::2026-09-05T09:00;RSERIES::DEL-GOI|Economy Saver|T15(12-18)|2026-09-21|ROUND::2026-09-05T09:00;RSERIES::DEL-GOI|Economy Saver|T45(40-50)|2026-10-22|ROUND::2026-09-05T09:00;RSERIES::DEL-GOI|Economy Saver|T7(5-9)|2026-09-13|ROUND::2026-09-05T09:00,DEL,GOI,DEL-GOI,EXACT_KEY_MATCH,scripts/build_vayu_route_basket.py::make_route_id,True,IN_BASKET,BASKET_SCOPED,12,0.03707,True,OBSERVED,PRICED,5974.00,5201.50,7675.00,0.475536,4,4,0,0,0,0,0,4,NONE,,4,R05;R06,False,0,COHERENT_MARKET_MOVEMENT;ISOLATED_DEVIATION,13,13,OBS00385;OBS00386;OBS00389;OBS00396;OBS00397;OBS00401;OBS00402;OBS00403;OBS00407;OBS00408;OBS00411;OBS00412;OBS00414,0,0,13,8,CELL::DEL|GOI|2026-09-07|Economy Saver|T1(0-2)::ROUND::2026-09-05T09:00::FLT::QP|QP-1510|10:45;CELL::DEL|GOI|2026-09-13|Economy Saver|T7(5-9)::ROUND::2026-09-05T09:00::FLT::6E|6E-334|15:15;CELL::DEL|GOI|2026-09-13|Economy Saver|T7(5-9)::ROUND::2026-09-05T09:00::FLT::AI|AI-861|07:30;CELL::DEL|GOI|2026-09-13|Economy Saver|T7(5-9)::ROUND::2026-09-05T09:00::FLT::QP|QP-1510|10:45;CELL::DEL|GOI|2026-09-21|Economy Saver|T15(12-18)::ROUND::2026-09-05T09:00::FLT::6E|6E-334|15:15;CELL::DEL|GOI|2026-09-21|Economy Saver|T15(12-18)::ROUND::2026-09-05T09:00::FLT::AI|AI-861|07:30;CELL::DEL|GOI|2026-09-21|Economy Saver|T15(12-18)::ROUND::2026-09-05T09:00::FLT::QP|QP-1510|10:45;CELL::DEL|GOI|2026-10-22|Economy Saver|T45(40-50)::ROUND::2026-09-05T09:00::FLT::6E|6E-334|15:15,2026-09-07;2026-09-13;2026-09-21;2026-10-22,4,T1(0-2);T15(12-18);T45(40-50);T7(5-9),4,CELL::DEL|GOI|2026-09-07|Economy Saver|T1(0-2)::ROUND::2026-09-05T09:00;CELL::DEL|GOI|2026-09-13|Economy Saver|T7(5-9)::ROUND::2026-09-05T09:00;CELL::DEL|GOI|2026-09-21|Economy Saver|T15(12-18)::ROUND::2026-09-05T09:00;CELL::DEL|GOI|2026-10-22|Economy Saver|T45(40-50)::ROUND::2026-09-05T09:00,MIDPOINT_MEDIAN,phase10-v1
RCLASS::DEL-GOI|Economy Saver|ROUND::2026-09-05T14:30,DEL-GOI,Economy Saver,ROUND::2026-09-05T14:30,2026-09-05 14:30,ANCHORED,5,RSERIES::DEL-GOI|Economy Saver|T1(0-2)|2026-09-07|ROUND::2026-09-05T14:30;RSERIES::DEL-GOI|Economy Saver|T15(12-18)|2026-09-21|ROUND::2026-09-05T14:30;RSERIES::DEL-GOI|Economy Saver|T30(25-35)|2026-10-06|ROUND::2026-09-05T14:30;RSERIES::DEL-GOI|Economy Saver|T45(40-50)|2026-10-22|ROUND::2026-09-05T14:30;RSERIES::DEL-GOI|Economy Saver|T7(5-9)|2026-09-13|ROUND::2026-09-05T14:30,DEL,GOI,DEL-GOI,EXACT_KEY_MATCH,scripts/build_vayu_route_basket.py::make_route_id,True,IN_BASKET,BASKET_SCOPED,12,0.03707,True,OBSERVED,PRICED,5588.00,5274.50,7457.50,0.413878,5,5,0,0,0,0,3,2,INFO,R09;R13,5,R05;R06,False,0,COHERENT_MARKET_MOVEMENT;ISOLATED_DEVIATION,11,11,OBS00872;OBS00873;OBS00874;OBS00879;OBS00886;OBS00887;OBS00895;OBS00899;OBS00900;OBS00901;OBS00902,0,0,11,8,CELL::DEL|GOI|2026-09-07|Economy Saver|T1(0-2)::ROUND::2026-09-05T14:30::FLT::6E|6E-334|15:15;CELL::DEL|GOI|2026-09-07|Economy Saver|T1(0-2)::ROUND::2026-09-05T14:30::FLT::QP|QP-1510|10:45;CELL::DEL|GOI|2026-09-13|Economy Saver|T7(5-9)::ROUND::2026-09-05T14:30::FLT::6E|6E-334|15:15;CELL::DEL|GOI|2026-09-13|Economy Saver|T7(5-9)::ROUND::2026-09-05T14:30::FLT::AI|AI-861|07:30;CELL::DEL|GOI|2026-09-21|Economy Saver|T15(12-18)::ROUND::2026-09-05T14:30::FLT::AI|AI-861|07:30;CELL::DEL|GOI|2026-09-21|Economy Saver|T15(12-18)::ROUND::2026-09-05T14:30::FLT::QP|QP-1510|10:45;CELL::DEL|GOI|2026-10-06|Economy Saver|T30(25-35)::ROUND::2026-09-05T14:30::FLT::QP|QP-1510|10:45;CELL::DEL|GOI|2026-10-22|Economy Saver|T45(40-50)::ROUND::2026-09-05T14:30::FLT::6E|6E-334|15:15,2026-09-07;2026-09-13;2026-09-21;2026-10-06;2026-10-22,5,T1(0-2);T15(12-18);T30(25-35);T45(40-50);T7(5-9),5,CELL::DEL|GOI|2026-09-07|Economy Saver|T1(0-2)::ROUND::2026-09-05T14:30;CELL::DEL|GOI|2026-09-13|Economy Saver|T7(5-9)::ROUND::2026-09-05T14:30;CELL::DEL|GOI|2026-09-21|Economy Saver|T15(12-18)::ROUND::2026-09-05T14:30;CELL::DEL|GOI|2026-10-06|Economy Saver|T30(25-35)::ROUND::2026-09-05T14:30;CELL::DEL|GOI|2026-10-22|Economy Saver|T45(40-50)::ROUND::2026-09-05T14:30,MIDPOINT_MEDIAN,phase10-v1
RCLASS::DEL-GOI|Economy Saver|ROUND::2026-09-05T20:15,DEL-GOI,Economy Saver,ROUND::2026-09-05T20:15,2026-09-05 20:15,ANCHORED,4,RSERIES::DEL-GOI|Economy Saver|T1(0-2)|2026-09-07|ROUND::2026-09-05T20:15;RSERIES::DEL-GOI|Economy Saver|T15(12-18)|2026-09-21|ROUND::2026-09-05T20:15;RSERIES::DEL-GOI|Economy Saver|T30(25-35)|2026-10-06|ROUND::2026-09-05T20:15;RSERIES::DEL-GOI|Economy Saver|T7(5-9)|2026-09-13|ROUND::2026-09-05T20:15,DEL,GOI,DEL-GOI,EXACT_KEY_MATCH,scripts/build_vayu_route_basket.py::make_route_id,True,IN_BASKET,BASKET_SCOPED,12,0.03707,True,OBSERVED,PRICED,6223.38,5348.00,7399.00,0.383508,4,4,0,0,0,0,1,3,INFO,R09,4,R05;R06,False,0,COHERENT_MARKET_MOVEMENT;ISOLATED_DEVIATION,9,9,OBS01388;OBS01390;OBS01391;OBS01394;OBS01399;OBS01402;OBS01403;OBS01405;OBS01409,0,0,9,7,CELL::DEL|GOI|2026-09-07|Economy Saver|T1(0-2)::ROUND::2026-09-05T20:15::FLT::6E|6E-334|15:15;CELL::DEL|GOI|2026-09-07|Economy Saver|T1(0-2)::ROUND::2026-09-05T20:15::FLT::AI|AI-861|07:30;CELL::DEL|GOI|2026-09-13|Economy Saver|T7(5-9)::ROUND::2026-09-05T20:15::FLT::6E|6E-334|15:15;CELL::DEL|GOI|2026-09-13|Economy Saver|T7(5-9)::ROUND::2026-09-05T20:15::FLT::QP|QP-1510|10:45;CELL::DEL|GOI|2026-09-21|Economy Saver|T15(12-18)::ROUND::2026-09-05T20:15::FLT::AI|AI-861|07:30;CELL::DEL|GOI|2026-10-06|Economy Saver|T30(25-35)::ROUND::2026-09-05T20:15::FLT::6E|6E-334|15:15;CELL::DEL|GOI|2026-10-06|Economy Saver|T30(25-35)::ROUND::2026-09-05T20:15::FLT::AI|AI-861|07:30,2026-09-07;2026-09-13;2026-09-21;2026-10-06,4,T1(0-2);T15(12-18);T30(25-35);T7(5-9),4,CELL::DEL|GOI|2026-09-07|Economy Saver|T1(0-2)::ROUND::2026-09-05T20:15;CELL::DEL|GOI|2026-09-13|Economy Saver|T7(5-9)::ROUND::2026-09-05T20:15;CELL::DEL|GOI|2026-09-21|Economy Saver|T15(12-18)::ROUND::2026-09-05T20:15;CELL::DEL|GOI|2026-10-06|Economy Saver|T30(25-35)::ROUND::2026-09-05T20:15,MIDPOINT_MEDIAN,phase10-v1
RCLASS::DEL-GOI|Economy Saver|ROUND::2026-09-06T09:00,DEL-GOI,Economy Saver,ROUND::2026-09-06T09:00,2026-09-06 09:00,ANCHORED,5,RSERIES::DEL-GOI|Economy Saver|T1(0-2)|2026-09-07|ROUND::2026-09-06T09:00;RSERIES::DEL-GOI|Economy Saver|T15(12-18)|2026-09-21|ROUND::2026-09-06T09:00;RSERIES::DEL-GOI|Economy Saver|T30(25-35)|2026-10-06|ROUND::2026-09-06T09:00;RSERIES::DEL-GOI|Economy Saver|T45(40-50)|2026-10-22|ROUND::2026-09-06T09:00;RSERIES::DEL-GOI|Economy Saver|T7(5-9)|2026-09-13|ROUND::2026-09-06T09:00,DEL,GOI,DEL-GOI,EXACT_KEY_MATCH,scripts/build_vayu_route_basket.py::make_route_id,True,IN_BASKET,BASKET_SCOPED,12,0.03707,True,OBSERVED,PRICED,5757.00,5038.25,7687.75,0.525877,5,5,0,0,0,0,0,5,NONE,,5,R05;R06,False,0,COHERENT_MARKET_MOVEMENT;ISOLATED_DEVIATION,15,15,OBS01912;OBS01913;OBS01916;OBS01919;OBS01920;OBS01921;OBS01922;OBS01924;OBS01927;OBS01939;OBS01940;OBS01942;OBS01943;OBS01947;OBS01948,0,0,15,9,CELL::DEL|GOI|2026-09-07|Economy Saver|T1(0-2)::ROUND::2026-09-06T09:00::FLT::6E|6E-334|15:15;CELL::DEL|GOI|2026-09-07|Economy Saver|T1(0-2)::ROUND::2026-09-06T09:00::FLT::AI|AI-861|07:30;CELL::DEL|GOI|2026-09-13|Economy Saver|T7(5-9)::ROUND::2026-09-06T09:00::FLT::AI|AI-861|07:30;CELL::DEL|GOI|2026-09-13|Economy Saver|T7(5-9)::ROUND::2026-09-06T09:00::FLT::QP|QP-1510|10:45;CELL::DEL|GOI|2026-09-21|Economy Saver|T15(12-18)::ROUND::2026-09-06T09:00::FLT::6E|6E-334|15:15;CELL::DEL|GOI|2026-09-21|Economy Saver|T15(12-18)::ROUND::2026-09-06T09:00::FLT::QP|QP-1510|10:45;CELL::DEL|GOI|2026-10-06|Economy Saver|T30(25-35)::ROUND::2026-09-06T09:00::FLT::6E|6E-334|15:15;CELL::DEL|GOI|2026-10-06|Economy Saver|T30(25-35)::ROUND::2026-09-06T09:00::FLT::QP|QP-1510|10:45;CELL::DEL|GOI|2026-10-22|Economy Saver|T45(40-50)::ROUND::2026-09-06T09:00::FLT::6E|6E-334|15:15,2026-09-07;2026-09-13;2026-09-21;2026-10-06;2026-10-22,5,T1(0-2);T15(12-18);T30(25-35);T45(40-50);T7(5-9),5,CELL::DEL|GOI|2026-09-07|Economy Saver|T1(0-2)::ROUND::2026-09-06T09:00;CELL::DEL|GOI|2026-09-13|Economy Saver|T7(5-9)::ROUND::2026-09-06T09:00;CELL::DEL|GOI|2026-09-21|Economy Saver|T15(12-18)::ROUND::2026-09-06T09:00;CELL::DEL|GOI|2026-10-06|Economy Saver|T30(25-35)::ROUND::2026-09-06T09:00;CELL::DEL|GOI|2026-10-22|Economy Saver|T45(40-50)::ROUND::2026-09-06T09:00,MIDPOINT_MEDIAN,phase10-v1
RCLASS::DEL-GOI|Economy Saver|ROUND::2026-09-06T14:30,DEL-GOI,Economy Saver,ROUND::2026-09-06T14:30,2026-09-06 14:30,ANCHORED,3,RSERIES::DEL-GOI|Economy Saver|T1(0-2)|2026-09-07|ROUND::2026-09-06T14:30;RSERIES::DEL-GOI|Economy Saver|T15(12-18)|2026-09-21|ROUND::2026-09-06T14:30;RSERIES::DEL-GOI|Economy Saver|T7(5-9)|2026-09-13|ROUND::2026-09-06T14:30,DEL,GOI,DEL-GOI,EXACT_KEY_MATCH,scripts/build_vayu_route_basket.py::make_route_id,True,IN_BASKET,BASKET_SCOPED,12,0.03707,True,OBSERVED,PRICED,6840.50,5974.00,7480.00,0.252092,3,3,0,0,0,0,1,2,INFO,R09,0,,False,0,COHERENT_MARKET_MOVEMENT;ISOLATED_DEVIATION,7,7,OBS02417;OBS02420;OBS02421;OBS02422;OBS02426;OBS02428;OBS02429,0,0,7,5,CELL::DEL|GOI|2026-09-07|Economy Saver|T1(0-2)::ROUND::2026-09-06T14:30::FLT::AI|AI-861|07:30;CELL::DEL|GOI|2026-09-07|Economy Saver|T1(0-2)::ROUND::2026-09-06T14:30::FLT::QP|QP-1510|10:45;CELL::DEL|GOI|2026-09-13|Economy Saver|T7(5-9)::ROUND::2026-09-06T14:30::FLT::AI|AI-861|07:30;CELL::DEL|GOI|2026-09-13|Economy Saver|T7(5-9)::ROUND::2026-09-06T14:30::FLT::QP|QP-1510|10:45;CELL::DEL|GOI|2026-09-21|Economy Saver|T15(12-18)::ROUND::2026-09-06T14:30::FLT::AI|AI-861|07:30,2026-09-07;2026-09-13;2026-09-21,3,T1(0-2);T15(12-18);T7(5-9),3,CELL::DEL|GOI|2026-09-07|Economy Saver|T1(0-2)::ROUND::2026-09-06T14:30;CELL::DEL|GOI|2026-09-13|Economy Saver|T7(5-9)::ROUND::2026-09-06T14:30;CELL::DEL|GOI|2026-09-21|Economy Saver|T15(12-18)::ROUND::2026-09-06T14:30,MIDPOINT_MEDIAN,phase10-v1
RCLASS::DEL-GOI|Economy Saver|ROUND::2026-09-06T20:15,DEL-GOI,Economy Saver,ROUND::2026-09-06T20:15,2026-09-06 20:15,ANCHORED,5,RSERIES::DEL-GOI|Economy Saver|T1(0-2)|2026-09-07|ROUND::2026-09-06T20:15;RSERIES::DEL-GOI|Economy Saver|T15(12-18)|2026-09-21|ROUND::2026-09-06T20:15;RSERIES::DEL-GOI|Economy Saver|T30(25-35)|2026-10-06|ROUND::2026-09-06T20:15;RSERIES::DEL-GOI|Economy Saver|T45(40-50)|2026-10-22|ROUND::2026-09-06T20:15;RSERIES::DEL-GOI|Economy Saver|T7(5-9)|2026-09-13|ROUND::2026-09-06T20:15,DEL,GOI,DEL-GOI,EXACT_KEY_MATCH,scripts/build_vayu_route_basket.py::make_route_id,True,IN_BASKET,BASKET_SCOPED,12,0.03707,True,OBSERVED,PRICED,5829.50,5089.50,7316.00,0.437469,5,5,0,0,0,0,1,4,INFO,R09,2,R06,False,0,COHERENT_MARKET_MOVEMENT;ISOLATED_DEVIATION,18,18,OBS02925;OBS02926;OBS02928;OBS02929;OBS02930;OBS02931;OBS02935;OBS02936;OBS02937;OBS02938;OBS02939;OBS02946;OBS02947;OBS02948;OBS02949;OBS02952;OBS02953;OBS02954,0,0,18,12,CELL::DEL|GOI|2026-09-07|Economy Saver|T1(0-2)::ROUND::2026-09-06T20:15::FLT::6E|6E-334|15:15;CELL::DEL|GOI|2026-09-13|Economy Saver|T7(5-9)::ROUND::2026-09-06T20:15::FLT::6E|6E-334|15:15;CELL::DEL|GOI|2026-09-13|Economy Saver|T7(5-9)::ROUND::2026-09-06T20:15::FLT::AI|AI-861|07:30;CELL::DEL|GOI|2026-09-13|Economy Saver|T7(5-9)::ROUND::2026-09-06T20:15::FLT::QP|QP-1510|10:45;CELL::DEL|GOI|2026-09-21|Economy Saver|T15(12-18)::ROUND::2026-09-06T20:15::FLT::6E|6E-334|15:15;CELL::DEL|GOI|2026-09-21|Economy Saver|T15(12-18)::ROUND::2026-09-06T20:15::FLT::AI|AI-861|07:30;CELL::DEL|GOI|2026-09-21|Economy Saver|T15(12-18)::ROUND::2026-09-06T20:15::FLT::QP|QP-1510|10:45;CELL::DEL|GOI|2026-10-06|Economy Saver|T30(25-35)::ROUND::2026-09-06T20:15::FLT::6E|6E-334|15:15;CELL::DEL|GOI|2026-10-06|Economy Saver|T30(25-35)::ROUND::2026-09-06T20:15::FLT::AI|AI-861|07:30;CELL::DEL|GOI|2026-10-06|Economy Saver|T30(25-35)::ROUND::2026-09-06T20:15::FLT::QP|QP-1510|10:45;CELL::DEL|GOI|2026-10-22|Economy Saver|T45(40-50)::ROUND::2026-09-06T20:15::FLT::6E|6E-334|15:15;CELL::DEL|GOI|2026-10-22|Economy Saver|T45(40-50)::ROUND::2026-09-06T20:15::FLT::QP|QP-1510|10:45,2026-09-07;2026-09-13;2026-09-21;2026-10-06;2026-10-22,5,T1(0-2);T15(12-18);T30(25-35);T45(40-50);T7(5-9),5,CELL::DEL|GOI|2026-09-07|Economy Saver|T1(0-2)::ROUND::2026-09-06T20:15;CELL::DEL|GOI|2026-09-13|Economy Saver|T7(5-9)::ROUND::2026-09-06T20:15;CELL::DEL|GOI|2026-09-21|Economy Saver|T15(12-18)::ROUND::2026-09-06T20:15;CELL::DEL|GOI|2026-10-06|Economy Saver|T30(25-35)::ROUND::2026-09-06T20:15;CELL::DEL|GOI|2026-10-22|Economy Saver|T45(40-50)::ROUND::2026-09-06T20:15,MIDPOINT_MEDIAN,phase10-v1
RCLASS::DEL-GOI|Economy Saver|ROUND::2026-09-07T09:00,DEL-GOI,Economy Saver,ROUND::2026-09-07T09:00,2026-09-07 09:00,ANCHORED,1,RSERIES::DEL-GOI|Economy Saver|T15(12-18)|2026-09-21|ROUND::2026-09-07T09:00,DEL,GOI,DEL-GOI,EXACT_KEY_MATCH,scripts/build_vayu_route_basket.py::make_route_id,True,IN_BASKET,BASKET_SCOPED,12,0.03707,True,OBSERVED,PRICED,5666.00,5666.00,5666.00,0.000000,1,1,0,0,0,0,1,0,INFO,R09,0,,False,0,ISOLATED_DEVIATION,1,1,OBS02980,0,0,1,1,CELL::DEL|GOI|2026-09-21|Economy Saver|T15(12-18)::ROUND::2026-09-07T09:00::FLT::6E|6E-334|12:00,2026-09-21,1,T15(12-18),1,CELL::DEL|GOI|2026-09-21|Economy Saver|T15(12-18)::ROUND::2026-09-07T09:00,MIDPOINT_MEDIAN,phase10-v1
RCLASS::DEL-GOI|Economy Saver|ROUND::2026-09-08T09:00,DEL-GOI,Economy Saver,ROUND::2026-09-08T09:00,2026-09-08 09:00,ANCHORED,1,RSERIES::DEL-GOI|Economy Saver|T7(5-9)|2026-09-13|ROUND::2026-09-08T09:00,DEL,GOI,DEL-GOI,EXACT_KEY_MATCH,scripts/build_vayu_route_basket.py::make_route_id,True,IN_BASKET,BASKET_SCOPED,12,0.03707,True,OBSERVED,PRICED,6846.00,6846.00,6846.00,0.000000,1,1,0,0,0,0,1,0,INFO,R09,0,,False,0,ISOLATED_DEVIATION,1,1,OBS02986,0,0,1,1,CELL::DEL|GOI|2026-09-13|Economy Saver|T7(5-9)::ROUND::2026-09-08T09:00::FLT::QP|QP-1510|12:00,2026-09-13,1,T7(5-9),1,CELL::DEL|GOI|2026-09-13|Economy Saver|T7(5-9)::ROUND::2026-09-08T09:00,MIDPOINT_MEDIAN,phase10-v1
RCLASS::DEL-GOI|Economy Standard|ROUND::2026-09-05T09:00,DEL-GOI,Economy Standard,ROUND::2026-09-05T09:00,2026-09-05 09:00,ANCHORED,5,RSERIES::DEL-GOI|Economy Standard|T1(0-2)|2026-09-07|ROUND::2026-09-05T09:00;RSERIES::DEL-GOI|Economy Standard|T15(12-18)|2026-09-21|ROUND::2026-09-05T09:00;RSERIES::DEL-GOI|Economy Standard|T30(25-35)|2026-10-06|ROUND::2026-09-05T09:00;RSERIES::DEL-GOI|Economy Standard|T45(40-50)|2026-10-22|ROUND::2026-09-05T09:00;RSERIES::DEL-GOI|Economy Standard|T7(5-9)|2026-09-13|ROUND::2026-09-05T09:00,DEL,GOI,DEL-GOI,EXACT_KEY_MATCH,scripts/build_vayu_route_basket.py::make_route_id,True,IN_BASKET,BASKET_SCOPED,12,0.03707,True,OBSERVED,PRICED,7377.00,6444.00,9626.75,0.493909,5,5,0,0,0,0,1,4,INFO,R09,5,R05;R06,False,0,COHERENT_MARKET_MOVEMENT;ISOLATED_DEVIATION,14,14,OBS00382;OBS00383;OBS00384;OBS00387;OBS00388;OBS00392;OBS00393;OBS00400;OBS00404;OBS00405;OBS00416;OBS00417;OBS00418;OBS02989,0,0,14,9,CELL::DEL|GOI|2026-09-07|Economy Standard|T1(0-2)::ROUND::2026-09-05T09:00::FLT::6E|6E-334|15:15;CELL::DEL|GOI|2026-09-07|Economy Standard|T1(0-2)::ROUND::2026-09-05T09:00::FLT::AI|AI-861|07:30;CELL::DEL|GOI|2026-09-13|Economy Standard|T7(5-9)::ROUND::2026-09-05T09:00::FLT::6E|6E-334|15:15;CELL::DEL|GOI|2026-09-21|Economy Standard|T15(12-18)::ROUND::2026-09-05T09:00::FLT::6E|6E-334|15:15;CELL::DEL|GOI|2026-10-06|Economy Standard|T30(25-35)::ROUND::2026-09-05T09:00::FLT::6E|6E-334|15:15;CELL::DEL|GOI|2026-10-06|Economy Standard|T30(25-35)::ROUND::2026-09-05T09:00::FLT::AI|AI-861|07:30;CELL::DEL|GOI|2026-10-06|Economy Standard|T30(25-35)::ROUND::2026-09-05T09:00::FLT::QP|QP-1510|10:45;CELL::DEL|GOI|2026-10-22|Economy Standard|T45(40-50)::ROUND::2026-09-05T09:00::FLT::6E|6E-334|12:00;CELL::DEL|GOI|2026-10-22|Economy Standard|T45(40-50)::ROUND::2026-09-05T09:00::FLT::QP|QP-1510|10:45,2026-09-07;2026-09-13;2026-09-21;2026-10-06;2026-10-22,5,T1(0-2);T15(12-18);T30(25-35);T45(40-50);T7(5-9),5,CELL::DEL|GOI|2026-09-07|Economy Standard|T1(0-2)::ROUND::2026-09-05T09:00;CELL::DEL|GOI|2026-09-13|Economy Standard|T7(5-9)::ROUND::2026-09-05T09:00;CELL::DEL|GOI|2026-09-21|Economy Standard|T15(12-18)::ROUND::2026-09-05T09:00;CELL::DEL|GOI|2026-10-06|Economy Standard|T30(25-35)::ROUND::2026-09-05T09:00;CELL::DEL|GOI|2026-10-22|Economy Standard|T45(40-50)::ROUND::2026-09-05T09:00,MIDPOINT_MEDIAN,phase10-v1
RCLASS::DEL-GOI|Economy Standard|ROUND::2026-09-05T14:30,DEL-GOI,Economy Standard,ROUND::2026-09-05T14:30,2026-09-05 14:30,ANCHORED,3,RSERIES::DEL-GOI|Economy Standard|T15(12-18)|2026-09-21|ROUND::2026-09-05T14:30;RSERIES::DEL-GOI|Economy Standard|T30(25-35)|2026-10-06|ROUND::2026-09-05T14:30;RSERIES::DEL-GOI|Economy Standard|T7(5-9)|2026-09-13|ROUND::2026-09-05T14:30,DEL,GOI,DEL-GOI,EXACT_KEY_MATCH,scripts/build_vayu_route_basket.py::make_route_id,True,IN_BASKET,BASKET_SCOPED,12,0.03707,True,OBSERVED,PRICED,7198.50,6615.00,8690.25,0.313719,3,3,0,0,0,0,1,2,INFO,R09,3,R05;R06,False,0,COHERENT_MARKET_MOVEMENT;ISOLATED_DEVIATION,6,6,OBS00875;OBS00876;OBS00884;OBS00885;OBS00891;OBS00898,0,0,6,5,CELL::DEL|GOI|2026-09-13|Economy Standard|T7(5-9)::ROUND::2026-09-05T14:30::FLT::6E|6E-334|15:15;CELL::DEL|GOI|2026-09-13|Economy Standard|T7(5-9)::ROUND::2026-09-05T14:30::FLT::AI|AI-861|07:30;CELL::DEL|GOI|2026-09-21|Economy Standard|T15(12-18)::ROUND::2026-09-05T14:30::FLT::6E|6E-334|15:15;CELL::DEL|GOI|2026-09-21|Economy Standard|T15(12-18)::ROUND::2026-09-05T14:30::FLT::QP|QP-1510|10:45;CELL::DEL|GOI|2026-10-06|Economy Standard|T30(25-35)::ROUND::2026-09-05T14:30::FLT::AI|AI-861|07:30,2026-09-13;2026-09-21;2026-10-06,3,T15(12-18);T30(25-35);T7(5-9),3,CELL::DEL|GOI|2026-09-13|Economy Standard|T7(5-9)::ROUND::2026-09-05T14:30;CELL::DEL|GOI|2026-09-21|Economy Standard|T15(12-18)::ROUND::2026-09-05T14:30;CELL::DEL|GOI|2026-10-06|Economy Standard|T30(25-35)::ROUND::2026-09-05T14:30,MIDPOINT_MEDIAN,phase10-v1
RCLASS::DEL-GOI|Economy Standard|ROUND::2026-09-05T20:15,DEL-GOI,Economy Standard,ROUND::2026-09-05T20:15,2026-09-05 20:15,ANCHORED,4,RSERIES::DEL-GOI|Economy Standard|T15(12-18)|2026-09-21|ROUND::2026-09-05T20:15;RSERIES::DEL-GOI|Economy Standard|T30(25-35)|2026-10-06|ROUND::2026-09-05T20:15;RSERIES::DEL-GOI|Economy Standard|T45(40-50)|2026-10-22|ROUND::2026-09-05T20:15;RSERIES::DEL-GOI|Economy Standard|T7(5-9)|2026-09-13|ROUND::2026-09-05T20:15,DEL,GOI,DEL-GOI,EXACT_KEY_MATCH,scripts/build_vayu_route_basket.py::make_route_id,True,IN_BASKET,BASKET_SCOPED,12,0.03707,True,OBSERVED,PRICED,6821.50,6605.25,8409.00,0.273078,4,4,0,0,0,0,1,3,INFO,R09,4,R05;R06,False,0,COHERENT_MARKET_MOVEMENT;ISOLATED_DEVIATION,9,9,OBS01400;OBS01404;OBS01406;OBS01407;OBS01410;OBS01411;OBS01412;OBS01415;OBS01416,0,0,9,7,CELL::DEL|GOI|2026-09-13|Economy Standard|T7(5-9)::ROUND::2026-09-05T20:15::FLT::AI|AI-861|07:30;CELL::DEL|GOI|2026-09-13|Economy Standard|T7(5-9)::ROUND::2026-09-05T20:15::FLT::QP|QP-1510|10:45;CELL::DEL|GOI|2026-09-21|Economy Standard|T15(12-18)::ROUND::2026-09-05T20:15::FLT::QP|QP-1510|10:45;CELL::DEL|GOI|2026-10-06|Economy Standard|T30(25-35)::ROUND::2026-09-05T20:15::FLT::AI|AI-861|07:30;CELL::DEL|GOI|2026-10-06|Economy Standard|T30(25-35)::ROUND::2026-09-05T20:15::FLT::QP|QP-1510|10:45;CELL::DEL|GOI|2026-10-22|Economy Standard|T45(40-50)::ROUND::2026-09-05T20:15::FLT::AI|AI-861|07:30;CELL::DEL|GOI|2026-10-22|Economy Standard|T45(40-50)::ROUND::2026-09-05T20:15::FLT::QP|QP-1510|10:45,2026-09-13;2026-09-21;2026-10-06;2026-10-22,4,T15(12-18);T30(25-35);T45(40-50);T7(5-9),4,CELL::DEL|GOI|2026-09-13|Economy Standard|T7(5-9)::ROUND::2026-09-05T20:15;CELL::DEL|GOI|2026-09-21|Economy Standard|T15(12-18)::ROUND::2026-09-05T20:15;CELL::DEL|GOI|2026-10-06|Economy Standard|T30(25-35)::ROUND::2026-09-05T20:15;CELL::DEL|GOI|2026-10-22|Economy Standard|T45(40-50)::ROUND::2026-09-05T20:15,MIDPOINT_MEDIAN,phase10-v1
RCLASS::DEL-GOI|Economy Standard|ROUND::2026-09-06T09:00,DEL-GOI,Economy Standard,ROUND::2026-09-06T09:00,2026-09-06 09:00,ANCHORED,5,RSERIES::DEL-GOI|Economy Standard|T1(0-2)|2026-09-07|ROUND::2026-09-06T09:00;RSERIES::DEL-GOI|Economy Standard|T15(12-18)|2026-09-21|ROUND::2026-09-06T09:00;RSERIES::DEL-GOI|Economy Standard|T30(25-35)|2026-10-06|ROUND::2026-09-06T09:00;RSERIES::DEL-GOI|Economy Standard|T45(40-50)|2026-10-22|ROUND::2026-09-06T09:00;RSERIES::DEL-GOI|Economy Standard|T7(5-9)|2026-09-13|ROUND::2026-09-06T09:00,DEL,GOI,DEL-GOI,EXACT_KEY_MATCH,scripts/build_vayu_route_basket.py::make_route_id,True,IN_BASKET,BASKET_SCOPED,12,0.03707,True,OBSERVED,PRICED,7287.50,6364.75,9559.00,0.501866,5,5,0,0,0,0,0,5,NONE,,5,R05;R06,False,0,COHERENT_MARKET_MOVEMENT;ISOLATED_DEVIATION,14,14,OBS01910;OBS01911;OBS01925;OBS01926;OBS01929;OBS01930;OBS01931;OBS01934;OBS01935;OBS01937;OBS01938;OBS01941;OBS01946;OBS01949,0,0,14,9,CELL::DEL|GOI|2026-09-07|Economy Standard|T1(0-2)::ROUND::2026-09-06T09:00::FLT::6E|6E-334|15:15;CELL::DEL|GOI|2026-09-07|Economy Standard|T1(0-2)::ROUND::2026-09-06T09:00::FLT::QP|QP-1510|10:45;CELL::DEL|GOI|2026-09-13|Economy Standard|T7(5-9)::ROUND::2026-09-06T09:00::FLT::AI|AI-861|07:30;CELL::DEL|GOI|2026-09-13|Economy Standard|T7(5-9)::ROUND::2026-09-06T09:00::FLT::QP|QP-1510|10:45;CELL::DEL|GOI|2026-09-21|Economy Standard|T15(12-18)::ROUND::2026-09-06T09:00::FLT::AI|AI-861|07:30;CELL::DEL|GOI|2026-10-06|Economy Standard|T30(25-35)::ROUND::2026-09-06T09:00::FLT::AI|AI-861|07:30;CELL::DEL|GOI|2026-10-06|Economy Standard|T30(25-35)::ROUND::2026-09-06T09:00::FLT::QP|QP-1510|10:45;CELL::DEL|GOI|2026-10-22|Economy Standard|T45(40-50)::ROUND::2026-09-06T09:00::FLT::AI|AI-861|07:30;CELL::DEL|GOI|2026-10-22|Economy Standard|T45(40-50)::ROUND::2026-09-06T09:00::FLT::QP|QP-1510|10:45,2026-09-07;2026-09-13;2026-09-21;2026-10-06;2026-10-22,5,T1(0-2);T15(12-18);T30(25-35);T45(40-50);T7(5-9),5,CELL::DEL|GOI|2026-09-07|Economy Standard|T1(0-2)::ROUND::2026-09-06T09:00;CELL::DEL|GOI|2026-09-13|Economy Standard|T7(5-9)::ROUND::2026-09-06T09:00;CELL::DEL|GOI|2026-09-21|Economy Standard|T15(12-18)::ROUND::2026-09-06T09:00;CELL::DEL|GOI|2026-10-06|Economy Standard|T30(25-35)::ROUND::2026-09-06T09:00;CELL::DEL|GOI|2026-10-22|Economy Standard|T45(40-50)::ROUND::2026-09-06T09:00,MIDPOINT_MEDIAN,phase10-v1
RCLASS::DEL-GOI|Economy Standard|ROUND::2026-09-06T14:30,DEL-GOI,Economy Standard,ROUND::2026-09-06T14:30,2026-09-06 14:30,ANCHORED,5,RSERIES::DEL-GOI|Economy Standard|T1(0-2)|2026-09-07|ROUND::2026-09-06T14:30;RSERIES::DEL-GOI|Economy Standard|T15(12-18)|2026-09-21|ROUND::2026-09-06T14:30;RSERIES::DEL-GOI|Economy Standard|T30(25-35)|2026-10-06|ROUND::2026-09-06T14:30;RSERIES::DEL-GOI|Economy Standard|T45(40-50)|2026-10-22|ROUND::2026-09-06T14:30;RSERIES::DEL-GOI|Economy Standard|T7(5-9)|2026-09-13|ROUND::2026-09-06T14:30,DEL,GOI,DEL-GOI,EXACT_KEY_MATCH,scripts/build_vayu_route_basket.py::make_route_id,True,IN_BASKET,BASKET_SCOPED,12,0.03707,True,OBSERVED,PRICED,7272.00,6433.25,9666.50,0.502584,5,5,0,0,0,0,1,4,INFO,R09,2,R05;R06,False,0,COHERENT_MARKET_MOVEMENT;ISOLATED_DEVIATION,11,11,OBS02407;OBS02408;OBS02410;OBS02411;OBS02414;OBS02415;OBS02425;OBS02430;OBS02433;OBS02436;OBS02437,0,0,11,7,CELL::DEL|GOI|2026-09-07|Economy Standard|T1(0-2)::ROUND::2026-09-06T14:30::FLT::6E|6E-334|15:15;CELL::DEL|GOI|2026-09-13|Economy Standard|T7(5-9)::ROUND::2026-09-06T14:30::FLT::6E|6E-334|15:15;CELL::DEL|GOI|2026-09-21|Economy Standard|T15(12-18)::ROUND::2026-09-06T14:30::FLT::QP|QP-1510|10:45;CELL::DEL|GOI|2026-10-06|Economy Standard|T30(25-35)::ROUND::2026-09-06T14:30::FLT::6E|6E-334|15:15;CELL::DEL|GOI|2026-10-06|Economy Standard|T30(25-35)::ROUND::2026-09-06T14:30::FLT::QP|QP-1510|10:45;CELL::DEL|GOI|2026-10-22|Economy Standard|T45(40-50)::ROUND::2026-09-06T14:30::FLT::AI|AI-861|07:30;CELL::DEL|GOI|2026-10-22|Economy Standard|T45(40-50)::ROUND::2026-09-06T14:30::FLT::QP|QP-1510|10:45,2026-09-07;2026-09-13;2026-09-21;2026-10-06;2026-10-22,5,T1(0-2);T15(12-18);T30(25-35);T45(40-50);T7(5-9),5,CELL::DEL|GOI|2026-09-07|Economy Standard|T1(0-2)::ROUND::2026-09-06T14:30;CELL::DEL|GOI|2026-09-13|Economy Standard|T7(5-9)::ROUND::2026-09-06T14:30;CELL::DEL|GOI|2026-09-21|Economy Standard|T15(12-18)::ROUND::2026-09-06T14:30;CELL::DEL|GOI|2026-10-06|Economy Standard|T30(25-35)::ROUND::2026-09-06T14:30;CELL::DEL|GOI|2026-10-22|Economy Standard|T45(40-50)::ROUND::2026-09-06T14:30,MIDPOINT_MEDIAN,phase10-v1
RCLASS::DEL-GOI|Economy Standard|ROUND::2026-09-06T20:15,DEL-GOI,Economy Standard,ROUND::2026-09-06T20:15,2026-09-06 20:15,ANCHORED,3,RSERIES::DEL-GOI|Economy Standard|T1(0-2)|2026-09-07|ROUND::2026-09-06T20:15;RSERIES::DEL-GOI|Economy Standard|T30(25-35)|2026-10-06|ROUND::2026-09-06T20:15;RSERIES::DEL-GOI|Economy Standard|T7(5-9)|2026-09-13|ROUND::2026-09-06T20:15,DEL,GOI,DEL-GOI,EXACT_KEY_MATCH,scripts/build_vayu_route_basket.py::make_route_id,True,IN_BASKET,BASKET_SCOPED,12,0.03707,True,OBSERVED,PRICED,8404.50,6307.00,9712.00,0.539876,3,3,0,0,0,0,2,1,INFO,R09,1,R06,False,0,COHERENT_MARKET_MOVEMENT;ISOLATED_DEVIATION,5,5,OBS02932;OBS02933;OBS02934;OBS02940;OBS02945,0,0,5,4,CELL::DEL|GOI|2026-09-07|Economy Standard|T1(0-2)::ROUND::2026-09-06T20:15::FLT::AI|AI-861|07:30;CELL::DEL|GOI|2026-09-13|Economy Standard|T7(5-9)::ROUND::2026-09-06T20:15::FLT::AI|AI-861|07:30;CELL::DEL|GOI|2026-09-13|Economy Standard|T7(5-9)::ROUND::2026-09-06T20:15::FLT::QP|QP-1510|10:45;CELL::DEL|GOI|2026-10-06|Economy Standard|T30(25-35)::ROUND::2026-09-06T20:15::FLT::AI|AI-861|07:30,2026-09-07;2026-09-13;2026-10-06,3,T1(0-2);T30(25-35);T7(5-9),3,CELL::DEL|GOI|2026-09-07|Economy Standard|T1(0-2)::ROUND::2026-09-06T20:15;CELL::DEL|GOI|2026-09-13|Economy Standard|T7(5-9)::ROUND::2026-09-06T20:15;CELL::DEL|GOI|2026-10-06|Economy Standard|T30(25-35)::ROUND::2026-09-06T20:15,MIDPOINT_MEDIAN,phase10-v1
RCLASS::DEL-GOI|Economy Standard|ROUND::2026-09-09T20:15,DEL-GOI,Economy Standard,ROUND::2026-09-09T20:15,2026-09-09 20:15,ANCHORED,1,RSERIES::DEL-GOI|Economy Standard|OUT_OF_BAND|2026-09-13|ROUND::2026-09-09T20:15,DEL,GOI,DEL-GOI,EXACT_KEY_MATCH,scripts/build_vayu_route_basket.py::make_route_id,True,IN_BASKET,BASKET_SCOPED,12,0.03707,True,OBSERVED,PRICED,9449.00,9449.00,9449.00,0.000000,1,1,0,0,0,0,1,0,INFO,R09,1,R05;R06,False,0,ISOLATED_DEVIATION,1,1,OBS02979,0,0,1,1,CELL::DEL|GOI|2026-09-13|Economy Standard|OUT_OF_BAND::ROUND::2026-09-09T20:15::FLT::6E|6E-334|12:00,2026-09-13,1,OUT_OF_BAND,1,CELL::DEL|GOI|2026-09-13|Economy Standard|OUT_OF_BAND::ROUND::2026-09-09T20:15,MIDPOINT_MEDIAN,phase10-v1
RCLASS::DEL-GAU|Economy Flexi|ROUND::2026-09-05T09:00,DEL-GAU,Economy Flexi,ROUND::2026-09-05T09:00,2026-09-05 09:00,ANCHORED,5,RSERIES::DEL-GAU|Economy Flexi|T1(0-2)|2026-09-07|ROUND::2026-09-05T09:00;RSERIES::DEL-GAU|Economy Flexi|T15(12-18)|2026-09-21|ROUND::2026-09-05T09:00;RSERIES::DEL-GAU|Economy Flexi|T30(25-35)|2026-10-06|ROUND::2026-09-05T09:00;RSERIES::DEL-GAU|Economy Flexi|T45(40-50)|2026-10-22|ROUND::2026-09-05T09:00;RSERIES::DEL-GAU|Economy Flexi|T7(5-9)|2026-09-13|ROUND::2026-09-05T09:00,DEL,GAU,DEL-GAU,EXACT_KEY_MATCH,scripts/build_vayu_route_basket.py::make_route_id,True,IN_BASKET,BASKET_SCOPED,13,0.036519,True,OBSERVED,PRICED,9163.00,8026.00,11453.50,0.427050,5,5,0,0,0,0,2,3,INFO,R09,5,R05;R06,False,0,COHERENT_MARKET_MOVEMENT;ISOLATED_DEVIATION,14,14,OBS00419;OBS00424;OBS00427;OBS00430;OBS00431;OBS00432;OBS00437;OBS00438;OBS00439;OBS00440;OBS00443;OBS00445;OBS00447;OBS00448,0,0,14,11,CELL::DEL|GAU|2026-09-07|Economy Flexi|T1(0-2)::ROUND::2026-09-05T09:00::FLT::6E|6E-415|05:30;CELL::DEL|GAU|2026-09-07|Economy Flexi|T1(0-2)::ROUND::2026-09-05T09:00::FLT::AI|AI-791|13:00;CELL::DEL|GAU|2026-09-13|Economy Flexi|T7(5-9)::ROUND::2026-09-05T09:00::FLT::SG|SG-601|12:15;CELL::DEL|GAU|2026-09-21|Economy Flexi|T15(12-18)::ROUND::2026-09-05T09:00::FLT::6E|6E-415|05:30;CELL::DEL|GAU|2026-09-21|Economy Flexi|T15(12-18)::ROUND::2026-09-05T09:00::FLT::AI|AI-791|13:00;CELL::DEL|GAU|2026-10-06|Economy Flexi|T30(25-35)::ROUND::2026-09-05T09:00::FLT::6E|6E-415|05:30;CELL::DEL|GAU|2026-10-06|Economy Flexi|T30(25-35)::ROUND::2026-09-05T09:00::FLT::AI|AI-791|13:00;CELL::DEL|GAU|2026-10-06|Economy Flexi|T30(25-35)::ROUND::2026-09-05T09:00::FLT::SG|SG-601|12:15;CELL::DEL|GAU|2026-10-22|Economy Flexi|T45(40-50)::ROUND::2026-09-05T09:00::FLT::6E|6E-415|05:30;CELL::DEL|GAU|2026-10-22|Economy Flexi|T45(40-50)::ROUND::2026-09-05T09:00::FLT::AI|AI-791|13:00;CELL::DEL|GAU|2026-10-22|Economy Flexi|T45(40-50)::ROUND::2026-09-05T09:00::FLT::SG|SG-601|12:15,2026-09-07;2026-09-13;2026-09-21;2026-10-06;2026-10-22,5,T1(0-2);T15(12-18);T30(25-35);T45(40-50);T7(5-9),5,CELL::DEL|GAU|2026-09-07|Economy Flexi|T1(0-2)::ROUND::2026-09-05T09:00;CELL::DEL|GAU|2026-09-13|Economy Flexi|T7(5-9)::ROUND::2026-09-05T09:00;CELL::DEL|GAU|2026-09-21|Economy Flexi|T15(12-18)::ROUND::2026-09-05T09:00;CELL::DEL|GAU|2026-10-06|Economy Flexi|T30(25-35)::ROUND::2026-09-05T09:00;CELL::DEL|GAU|2026-10-22|Economy Flexi|T45(40-50)::ROUND::2026-09-05T09:00,MIDPOINT_MEDIAN,phase10-v1
RCLASS::DEL-GAU|Economy Flexi|ROUND::2026-09-05T14:30,DEL-GAU,Economy Flexi,ROUND::2026-09-05T14:30,2026-09-05 14:30,ANCHORED,5,RSERIES::DEL-GAU|Economy Flexi|T1(0-2)|2026-09-07|ROUND::2026-09-05T14:30;RSERIES::DEL-GAU|Economy Flexi|T15(12-18)|2026-09-21|ROUND::2026-09-05T14:30;RSERIES::DEL-GAU|Economy Flexi|T30(25-35)|2026-10-06|ROUND::2026-09-05T14:30;RSERIES::DEL-GAU|Economy Flexi|T45(40-50)|2026-10-22|ROUND::2026-09-05T14:30;RSERIES::DEL-GAU|Economy Flexi|T7(5-9)|2026-09-13|ROUND::2026-09-05T14:30,DEL,GAU,DEL-GAU,EXACT_KEY_MATCH,scripts/build_vayu_route_basket.py::make_route_id,True,IN_BASKET,BASKET_SCOPED,13,0.036519,True,OBSERVED,PRICED,8898.00,8039.25,11866.00,0.476008,5,5,0,0,0,0,1,4,INFO,R09,5,R05;R06,False,0,COHERENT_MARKET_MOVEMENT;ISOLATED_DEVIATION,12,12,OBS00913;OBS00915;OBS00919;OBS00920;OBS00923;OBS00926;OBS00928;OBS00929;OBS00930;OBS00931;OBS00932;OBS00933,0,0,12,8,CELL::DEL|GAU|2026-09-07|Economy Flexi|T1(0-2)::ROUND::2026-09-05T14:30::FLT::AI|AI-791|13:00;CELL::DEL|GAU|2026-09-13|Economy Flexi|T7(5-9)::ROUND::2026-09-05T14:30::FLT::AI|AI-791|13:00;CELL::DEL|GAU|2026-09-13|Economy Flexi|T7(5-9)::ROUND::2026-09-05T14:30::FLT::SG|SG-601|12:15;CELL::DEL|GAU|2026-09-21|Economy Flexi|T15(12-18)::ROUND::2026-09-05T14:30::FLT::AI|AI-791|13:00;CELL::DEL|GAU|2026-09-21|Economy Flexi|T15(12-18)::ROUND::2026-09-05T14:30::FLT::SG|SG-601|12:15;CELL::DEL|GAU|2026-10-06|Economy Flexi|T30(25-35)::ROUND::2026-09-05T14:30::FLT::SG|SG-601|12:15;CELL::DEL|GAU|2026-10-22|Economy Flexi|T45(40-50)::ROUND::2026-09-05T14:30::FLT::AI|AI-791|13:00;CELL::DEL|GAU|2026-10-22|Economy Flexi|T45(40-50)::ROUND::2026-09-05T14:30::FLT::SG|SG-601|12:15,2026-09-07;2026-09-13;2026-09-21;2026-10-06;2026-10-22,5,T1(0-2);T15(12-18);T30(25-35);T45(40-50);T7(5-9),5,CELL::DEL|GAU|2026-09-07|Economy Flexi|T1(0-2)::ROUND::2026-09-05T14:30;CELL::DEL|GAU|2026-09-13|Economy Flexi|T7(5-9)::ROUND::2026-09-05T14:30;CELL::DEL|GAU|2026-09-21|Economy Flexi|T15(12-18)::ROUND::2026-09-05T14:30;CELL::DEL|GAU|2026-10-06|Economy Flexi|T30(25-35)::ROUND::2026-09-05T14:30;CELL::DEL|GAU|2026-10-22|Economy Flexi|T45(40-50)::ROUND::2026-09-05T14:30,MIDPOINT_MEDIAN,phase10-v1
RCLASS::DEL-GAU|Economy Flexi|ROUND::2026-09-05T20:15,DEL-GAU,Economy Flexi,ROUND::2026-09-05T20:15,2026-09-05 20:15,ANCHORED,5,RSERIES::DEL-GAU|Economy Flexi|T1(0-2)|2026-09-07|ROUND::2026-09-05T20:15;RSERIES::DEL-GAU|Economy Flexi|T15(12-18)|2026-09-21|ROUND::2026-09-05T20:15;RSERIES::DEL-GAU|Economy Flexi|T30(25-35)|2026-10-06|ROUND::2026-09-05T20:15;RSERIES::DEL-GAU|Economy Flexi|T45(40-50)|2026-10-22|ROUND::2026-09-05T20:15;RSERIES::DEL-GAU|Economy Flexi|T7(5-9)|2026-09-13|ROUND::2026-09-05T20:15,DEL,GAU,DEL-GAU,EXACT_KEY_MATCH,scripts/build_vayu_route_basket.py::make_route_id,True,IN_BASKET,BASKET_SCOPED,13,0.036519,True,OBSERVED,PRICED,8802.00,7895.50,11551.50,0.463049,5,5,0,0,0,0,0,5,NONE,,5,R05;R06,False,0,COHERENT_MARKET_MOVEMENT;ISOLATED_DEVIATION,12,12,OBS01422;OBS01428;OBS01431;OBS01432;OBS01433;OBS01434;OBS01438;OBS01441;OBS01447;OBS01450;OBS01451;OBS01455,0,0,12,9,CELL::DEL|GAU|2026-09-07|Economy Flexi|T1(0-2)::ROUND::2026-09-05T20:15::FLT::AI|AI-791|13:00;CELL::DEL|GAU|2026-09-13|Economy Flexi|T7(5-9)::ROUND::2026-09-05T20:15::FLT::6E|6E-415|05:30;CELL::DEL|GAU|2026-09-13|Economy Flexi|T7(5-9)::ROUND::2026-09-05T20:15::FLT::AI|AI-791|13:00;CELL::DEL|GAU|2026-09-13|Economy Flexi|T7(5-9)::ROUND::2026-09-05T20:15::FLT::SG|SG-601|12:15;CELL::DEL|GAU|2026-09-21|Economy Flexi|T15(12-18)::ROUND::2026-09-05T20:15::FLT::SG|SG-601|12:15;CELL::DEL|GAU|2026-10-06|Economy Flexi|T30(25-35)::ROUND::2026-09-05T20:15::FLT::6E|6E-415|05:30;CELL::DEL|GAU|2026-10-06|Economy Flexi|T30(25-35)::ROUND::2026-09-05T20:15::FLT::AI|AI-791|13:00;CELL::DEL|GAU|2026-10-22|Economy Flexi|T45(40-50)::ROUND::2026-09-05T20:15::FLT::6E|6E-415|05:30;CELL::DEL|GAU|2026-10-22|Economy Flexi|T45(40-50)::ROUND::2026-09-05T20:15::FLT::SG|SG-601|12:15,2026-09-07;2026-09-13;2026-09-21;2026-10-06;2026-10-22,5,T1(0-2);T15(12-18);T30(25-35);T45(40-50);T7(5-9),5,CELL::DEL|GAU|2026-09-07|Economy Flexi|T1(0-2)::ROUND::2026-09-05T20:15;CELL::DEL|GAU|2026-09-13|Economy Flexi|T7(5-9)::ROUND::2026-09-05T20:15;CELL::DEL|GAU|2026-09-21|Economy Flexi|T15(12-18)::ROUND::2026-09-05T20:15;CELL::DEL|GAU|2026-10-06|Economy Flexi|T30(25-35)::ROUND::2026-09-05T20:15;CELL::DEL|GAU|2026-10-22|Economy Flexi|T45(40-50)::ROUND::2026-09-05T20:15,MIDPOINT_MEDIAN,phase10-v1
RCLASS::DEL-GAU|Economy Flexi|ROUND::2026-09-06T09:00,DEL-GAU,Economy Flexi,ROUND::2026-09-06T09:00,2026-09-06 09:00,ANCHORED,2,RSERIES::DEL-GAU|Economy Flexi|T45(40-50)|2026-10-22|ROUND::2026-09-06T09:00;RSERIES::DEL-GAU|Economy Flexi|T7(5-9)|2026-09-13|ROUND::2026-09-06T09:00,DEL,GAU,DEL-GAU,EXACT_KEY_MATCH,scripts/build_vayu_route_basket.py::make_route_id,True,IN_BASKET,BASKET_SCOPED,13,0.036519,True,OBSERVED,PRICED,9182.25,7844.00,10520.50,0.341216,2,2,0,0,0,0,1,1,INFO,R09,2,R06,False,0,ISOLATED_DEVIATION,3,3,OBS01959;OBS01963;OBS01964,0,0,3,2,CELL::DEL|GAU|2026-09-13|Economy Flexi|T7(5-9)::ROUND::2026-09-06T09:00::FLT::AI|AI-791|13:00;CELL::DEL|GAU|2026-10-22|Economy Flexi|T45(40-50)::ROUND::2026-09-06T09:00::FLT::6E|6E-415|05:30,2026-09-13;2026-10-22,2,T45(40-50);T7(5-9),2,CELL::DEL|GAU|2026-09-13|Economy Flexi|T7(5-9)::ROUND::2026-09-06T09:00;CELL::DEL|GAU|2026-10-22|Economy Flexi|T45(40-50)::ROUND::2026-09-06T09:00,MIDPOINT_MEDIAN,phase10-v1
RCLASS::DEL-GAU|Economy Flexi|ROUND::2026-09-06T14:30,DEL-GAU,Economy Flexi,ROUND::2026-09-06T14:30,2026-09-06 14:30,ANCHORED,5,RSERIES::DEL-GAU|Economy Flexi|T1(0-2)|2026-09-07|ROUND::2026-09-06T14:30;RSERIES::DEL-GAU|Economy Flexi|T15(12-18)|2026-09-21|ROUND::2026-09-06T14:30;RSERIES::DEL-GAU|Economy Flexi|T30(25-35)|2026-10-06|ROUND::2026-09-06T14:30;RSERIES::DEL-GAU|Economy Flexi|T45(40-50)|2026-10-22|ROUND::2026-09-06T14:30;RSERIES::DEL-GAU|Economy Flexi|T7(5-9)|2026-09-13|ROUND::2026-09-06T14:30,DEL,GAU,DEL-GAU,EXACT_KEY_MATCH,scripts/build_vayu_route_basket.py::make_route_id,True,IN_BASKET,BASKET_SCOPED,13,0.036519,True,OBSERVED,PRICED,9148.00,8045.00,12202.00,0.516718,5,5,0,0,0,0,3,2,INFO,R09,3,R06,False,0,COHERENT_MARKET_MOVEMENT;ISOLATED_DEVIATION,8,8,OBS02438;OBS02442;OBS02453;OBS02454;OBS02455;OBS02456;OBS02457;OBS02463,0,0,8,6,CELL::DEL|GAU|2026-09-07|Economy Flexi|T1(0-2)::ROUND::2026-09-06T14:30::FLT::6E|6E-415|05:30;CELL::DEL|GAU|2026-09-13|Economy Flexi|T7(5-9)::ROUND::2026-09-06T14:30::FLT::SG|SG-601|12:15;CELL::DEL|GAU|2026-09-21|Economy Flexi|T15(12-18)::ROUND::2026-09-06T14:30::FLT::AI|AI-791|13:00;CELL::DEL|GAU|2026-10-06|Economy Flexi|T30(25-35)::ROUND::2026-09-06T14:30::FLT::6E|6E-415|05:30;CELL::DEL|GAU|2026-10-06|Economy Flexi|T30(25-35)::ROUND::2026-09-06T14:30::FLT::AI|AI-791|13:00;CELL::DEL|GAU|2026-10-22|Economy Flexi|T45(40-50)::ROUND::2026-09-06T14:30::FLT::AI|AI-791|13:00,2026-09-07;2026-09-13;2026-09-21;2026-10-06;2026-10-22,5,T1(0-2);T15(12-18);T30(25-35);T45(40-50);T7(5-9),5,CELL::DEL|GAU|2026-09-07|Economy Flexi|T1(0-2)::ROUND::2026-09-06T14:30;CELL::DEL|GAU|2026-09-13|Economy Flexi|T7(5-9)::ROUND::2026-09-06T14:30;CELL::DEL|GAU|2026-09-21|Economy Flexi|T15(12-18)::ROUND::2026-09-06T14:30;CELL::DEL|GAU|2026-10-06|Economy Flexi|T30(25-35)::ROUND::2026-09-06T14:30;CELL::DEL|GAU|2026-10-22|Economy Flexi|T45(40-50)::ROUND::2026-09-06T14:30,MIDPOINT_MEDIAN,phase10-v1
RCLASS::DEL-GAU|Economy Flexi|ROUND::2026-09-06T20:15,DEL-GAU,Economy Flexi,ROUND::2026-09-06T20:15,2026-09-06 20:15,ANCHORED,4,RSERIES::DEL-GAU|Economy Flexi|T1(0-2)|2026-09-07|ROUND::2026-09-06T20:15;RSERIES::DEL-GAU|Economy Flexi|T15(12-18)|2026-09-21|ROUND::2026-09-06T20:15;RSERIES::DEL-GAU|Economy Flexi|T30(25-35)|2026-10-06|ROUND::2026-09-06T20:15;RSERIES::DEL-GAU|Economy Flexi|T7(5-9)|2026-09-13|ROUND::2026-09-06T20:15,DEL,GAU,DEL-GAU,EXACT_KEY_MATCH,scripts/build_vayu_route_basket.py::make_route_id,True,IN_BASKET,BASKET_SCOPED,13,0.036519,True,OBSERVED,PRICED,9900.75,8037.00,11907.00,0.481523,4,4,0,0,0,0,2,2,INFO,R09,0,,False,0,COHERENT_MARKET_MOVEMENT;ISOLATED_DEVIATION,8,8,OBS02959;OBS02960;OBS02961;OBS02967;OBS02973;OBS02974;OBS02975;OBS02998,0,0,8,6,CELL::DEL|GAU|2026-09-07|Economy Flexi|T1(0-2)::ROUND::2026-09-06T20:15::FLT::6E|6E-415|05:30;CELL::DEL|GAU|2026-09-13|Economy Flexi|T7(5-9)::ROUND::2026-09-06T20:15::FLT::6E|6E-415|05:30;CELL::DEL|GAU|2026-09-13|Economy Flexi|T7(5-9)::ROUND::2026-09-06T20:15::FLT::6E|6E-415|12:00;CELL::DEL|GAU|2026-09-13|Economy Flexi|T7(5-9)::ROUND::2026-09-06T20:15::FLT::AI|AI-791|13:00;CELL::DEL|GAU|2026-09-21|Economy Flexi|T15(12-18)::ROUND::2026-09-06T20:15::FLT::AI|AI-791|13:00;CELL::DEL|GAU|2026-10-06|Economy Flexi|T30(25-35)::ROUND::2026-09-06T20:15::FLT::6E|6E-415|05:30,2026-09-07;2026-09-13;2026-09-21;2026-10-06,4,T1(0-2);T15(12-18);T30(25-35);T7(5-9),4,CELL::DEL|GAU|2026-09-07|Economy Flexi|T1(0-2)::ROUND::2026-09-06T20:15;CELL::DEL|GAU|2026-09-13|Economy Flexi|T7(5-9)::ROUND::2026-09-06T20:15;CELL::DEL|GAU|2026-09-21|Economy Flexi|T15(12-18)::ROUND::2026-09-06T20:15;CELL::DEL|GAU|2026-10-06|Economy Flexi|T30(25-35)::ROUND::2026-09-06T20:15,MIDPOINT_MEDIAN,phase10-v1
RCLASS::DEL-GAU|Economy Saver|ROUND::2026-09-05T09:00,DEL-GAU,Economy Saver,ROUND::2026-09-05T09:00,2026-09-05 09:00,ANCHORED,4,RSERIES::DEL-GAU|Economy Saver|T1(0-2)|2026-09-07|ROUND::2026-09-05T09:00;RSERIES::DEL-GAU|Economy Saver|T15(12-18)|2026-09-21|ROUND::2026-09-05T09:00;RSERIES::DEL-GAU|Economy Saver|T45(40-50)|2026-10-22|ROUND::2026-09-05T09:00;RSERIES::DEL-GAU|Economy Saver|T7(5-9)|2026-09-13|ROUND::2026-09-05T09:00,DEL,GAU,DEL-GAU,EXACT_KEY_MATCH,scripts/build_vayu_route_basket.py::make_route_id,True,IN_BASKET,BASKET_SCOPED,13,0.036519,True,OBSERVED,PRICED,6210.25,5171.00,7421.00,0.435119,4,4,0,0,0,0,0,4,NONE,,4,R05;R06,False,0,COHERENT_MARKET_MOVEMENT;ISOLATED_DEVIATION,12,12,OBS00420;OBS00421;OBS00422;OBS00423;OBS00425;OBS00426;OBS00428;OBS00429;OBS00433;OBS00434;OBS00442;OBS00444,0,0,12,7,CELL::DEL|GAU|2026-09-07|Economy Saver|T1(0-2)::ROUND::2026-09-05T09:00::FLT::6E|6E-415|05:30;CELL::DEL|GAU|2026-09-07|Economy Saver|T1(0-2)::ROUND::2026-09-05T09:00::FLT::SG|SG-601|12:15;CELL::DEL|GAU|2026-09-13|Economy Saver|T7(5-9)::ROUND::2026-09-05T09:00::FLT::6E|6E-415|05:30;CELL::DEL|GAU|2026-09-13|Economy Saver|T7(5-9)::ROUND::2026-09-05T09:00::FLT::AI|AI-791|13:00;CELL::DEL|GAU|2026-09-21|Economy Saver|T15(12-18)::ROUND::2026-09-05T09:00::FLT::6E|6E-415|05:30;CELL::DEL|GAU|2026-09-21|Economy Saver|T15(12-18)::ROUND::2026-09-05T09:00::FLT::SG|SG-601|12:15;CELL::DEL|GAU|2026-10-22|Economy Saver|T45(40-50)::ROUND::2026-09-05T09:00::FLT::6E|6E-415|05:30,2026-09-07;2026-09-13;2026-09-21;2026-10-22,4,T1(0-2);T15(12-18);T45(40-50);T7(5-9),4,CELL::DEL|GAU|2026-09-07|Economy Saver|T1(0-2)::ROUND::2026-09-05T09:00;CELL::DEL|GAU|2026-09-13|Economy Saver|T7(5-9)::ROUND::2026-09-05T09:00;CELL::DEL|GAU|2026-09-21|Economy Saver|T15(12-18)::ROUND::2026-09-05T09:00;CELL::DEL|GAU|2026-10-22|Economy Saver|T45(40-50)::ROUND::2026-09-05T09:00,MIDPOINT_MEDIAN,phase10-v1
RCLASS::DEL-GAU|Economy Saver|ROUND::2026-09-05T14:30,DEL-GAU,Economy Saver,ROUND::2026-09-05T14:30,2026-09-05 14:30,ANCHORED,4,RSERIES::DEL-GAU|Economy Saver|T1(0-2)|2026-09-07|ROUND::2026-09-05T14:30;RSERIES::DEL-GAU|Economy Saver|T15(12-18)|2026-09-21|ROUND::2026-09-05T14:30;RSERIES::DEL-GAU|Economy Saver|T30(25-35)|2026-10-06|ROUND::2026-09-05T14:30;RSERIES::DEL-GAU|Economy Saver|T7(5-9)|2026-09-13|ROUND::2026-09-05T14:30,DEL,GAU,DEL-GAU,EXACT_KEY_MATCH,scripts/build_vayu_route_basket.py::make_route_id,True,IN_BASKET,BASKET_SCOPED,13,0.036519,True,OBSERVED,PRICED,6141.00,5240.00,7540.00,0.438931,4,4,0,0,0,0,1,3,INFO,R09,4,R05;R06,False,0,ISOLATED_DEVIATION,7,7,OBS00916;OBS00917;OBS00918;OBS00921;OBS00922;OBS00924;OBS00925,0,0,7,4,CELL::DEL|GAU|2026-09-07|Economy Saver|T1(0-2)::ROUND::2026-09-05T14:30::FLT::SG|SG-601|12:15;CELL::DEL|GAU|2026-09-13|Economy Saver|T7(5-9)::ROUND::2026-09-05T14:30::FLT::AI|AI-791|13:00;CELL::DEL|GAU|2026-09-21|Economy Saver|T15(12-18)::ROUND::2026-09-05T14:30::FLT::AI|AI-791|13:00;CELL::DEL|GAU|2026-10-06|Economy Saver|T30(25-35)::ROUND::2026-09-05T14:30::FLT::AI|AI-791|13:00,2026-09-07;2026-09-13;2026-09-21;2026-10-06,4,T1(0-2);T15(12-18);T30(25-35);T7(5-9),4,CELL::DEL|GAU|2026-09-07|Economy Saver|T1(0-2)::ROUND::2026-09-05T14:30;CELL::DEL|GAU|2026-09-13|Economy Saver|T7(5-9)::ROUND::2026-09-05T14:30;CELL::DEL|GAU|2026-09-21|Economy Saver|T15(12-18)::ROUND::2026-09-05T14:30;CELL::DEL|GAU|2026-10-06|Economy Saver|T30(25-35)::ROUND::2026-09-05T14:30,MIDPOINT_MEDIAN,phase10-v1
RCLASS::DEL-GAU|Economy Saver|ROUND::2026-09-05T20:15,DEL-GAU,Economy Saver,ROUND::2026-09-05T20:15,2026-09-05 20:15,ANCHORED,4,RSERIES::DEL-GAU|Economy Saver|T1(0-2)|2026-09-07|ROUND::2026-09-05T20:15;RSERIES::DEL-GAU|Economy Saver|T15(12-18)|2026-09-21|ROUND::2026-09-05T20:15;RSERIES::DEL-GAU|Economy Saver|T30(25-35)|2026-10-06|ROUND::2026-09-05T20:15;RSERIES::DEL-GAU|Economy Saver|T45(40-50)|2026-10-22|ROUND::2026-09-05T20:15,DEL,GAU,DEL-GAU,EXACT_KEY_MATCH,scripts/build_vayu_route_basket.py::make_route_id,True,IN_BASKET,BASKET_SCOPED,13,0.036519,True,OBSERVED,PRICED,5536.75,5185.00,7574.00,0.460752,4,4,0,0,0,0,1,3,INFO,R09,4,R05;R06,False,0,COHERENT_MARKET_MOVEMENT;ISOLATED_DEVIATION,8,8,OBS01419;OBS01425;OBS01426;OBS01427;OBS01444;OBS01445;OBS01446;OBS01452,0,0,8,6,CELL::DEL|GAU|2026-09-07|Economy Saver|T1(0-2)::ROUND::2026-09-05T20:15::FLT::6E|6E-415|05:30;CELL::DEL|GAU|2026-09-07|Economy Saver|T1(0-2)::ROUND::2026-09-05T20:15::FLT::SG|SG-601|12:15;CELL::DEL|GAU|2026-09-21|Economy Saver|T15(12-18)::ROUND::2026-09-05T20:15::FLT::6E|6E-415|05:30;CELL::DEL|GAU|2026-10-06|Economy Saver|T30(25-35)::ROUND::2026-09-05T20:15::FLT::6E|6E-415|05:30;CELL::DEL|GAU|2026-10-06|Economy Saver|T30(25-35)::ROUND::2026-09-05T20:15::FLT::SG|SG-601|12:15;CELL::DEL|GAU|2026-10-22|Economy Saver|T45(40-50)::ROUND::2026-09-05T20:15::FLT::AI|AI-791|13:00,2026-09-07;2026-09-21;2026-10-06;2026-10-22,4,T1(0-2);T15(12-18);T30(25-35);T45(40-50),4,CELL::DEL|GAU|2026-09-07|Economy Saver|T1(0-2)::ROUND::2026-09-05T20:15;CELL::DEL|GAU|2026-09-21|Economy Saver|T15(12-18)::ROUND::2026-09-05T20:15;CELL::DEL|GAU|2026-10-06|Economy Saver|T30(25-35)::ROUND::2026-09-05T20:15;CELL::DEL|GAU|2026-10-22|Economy Saver|T45(40-50)::ROUND::2026-09-05T20:15,MIDPOINT_MEDIAN,phase10-v1
RCLASS::DEL-GAU|Economy Saver|ROUND::2026-09-06T09:00,DEL-GAU,Economy Saver,ROUND::2026-09-06T09:00,2026-09-06 09:00,ANCHORED,4,RSERIES::DEL-GAU|Economy Saver|T1(0-2)|2026-09-07|ROUND::2026-09-06T09:00;RSERIES::DEL-GAU|Economy Saver|T15(12-18)|2026-09-21|ROUND::2026-09-06T09:00;RSERIES::DEL-GAU|Economy Saver|T45(40-50)|2026-10-22|ROUND::2026-09-06T09:00;RSERIES::DEL-GAU|Economy Saver|T7(5-9)|2026-09-13|ROUND::2026-09-06T09:00,DEL,GAU,DEL-GAU,EXACT_KEY_MATCH,scripts/build_vayu_route_basket.py::make_route_id,True,IN_BASKET,BASKET_SCOPED,13,0.036519,True,OBSERVED,PRICED,6218.75,5179.00,7422.25,0.433143,4,4,0,0,0,0,1,3,INFO,R09,4,R05;R06,False,0,COHERENT_MARKET_MOVEMENT;ISOLATED_DEVIATION,12,12,OBS01954;OBS01955;OBS01960;OBS01961;OBS01962;OBS01965;OBS01967;OBS01968;OBS01969;OBS01972;OBS01976;OBS01977,0,0,12,8,CELL::DEL|GAU|2026-09-07|Economy Saver|T1(0-2)::ROUND::2026-09-06T09:00::FLT::AI|AI-791|13:00;CELL::DEL|GAU|2026-09-07|Economy Saver|T1(0-2)::ROUND::2026-09-06T09:00::FLT::SG|SG-601|12:15;CELL::DEL|GAU|2026-09-13|Economy Saver|T7(5-9)::ROUND::2026-09-06T09:00::FLT::AI|AI-791|13:00;CELL::DEL|GAU|2026-09-21|Economy Saver|T15(12-18)::ROUND::2026-09-06T09:00::FLT::6E|6E-415|05:30;CELL::DEL|GAU|2026-09-21|Economy Saver|T15(12-18)::ROUND::2026-09-06T09:00::FLT::AI|AI-791|13:00;CELL::DEL|GAU|2026-09-21|Economy Saver|T15(12-18)::ROUND::2026-09-06T09:00::FLT::SG|SG-601|12:15;CELL::DEL|GAU|2026-10-22|Economy Saver|T45(40-50)::ROUND::2026-09-06T09:00::FLT::AI|AI-791|13:00;CELL::DEL|GAU|2026-10-22|Economy Saver|T45(40-50)::ROUND::2026-09-06T09:00::FLT::SG|SG-601|12:15,2026-09-07;2026-09-13;2026-09-21;2026-10-22,4,T1(0-2);T15(12-18);T45(40-50);T7(5-9),4,CELL::DEL|GAU|2026-09-07|Economy Saver|T1(0-2)::ROUND::2026-09-06T09:00;CELL::DEL|GAU|2026-09-13|Economy Saver|T7(5-9)::ROUND::2026-09-06T09:00;CELL::DEL|GAU|2026-09-21|Economy Saver|T15(12-18)::ROUND::2026-09-06T09:00;CELL::DEL|GAU|2026-10-22|Economy Saver|T45(40-50)::ROUND::2026-09-06T09:00,MIDPOINT_MEDIAN,phase10-v1
RCLASS::DEL-GAU|Economy Saver|ROUND::2026-09-06T14:30,DEL-GAU,Economy Saver,ROUND::2026-09-06T14:30,2026-09-06 14:30,ANCHORED,5,RSERIES::DEL-GAU|Economy Saver|T1(0-2)|2026-09-07|ROUND::2026-09-06T14:30;RSERIES::DEL-GAU|Economy Saver|T15(12-18)|2026-09-21|ROUND::2026-09-06T14:30;RSERIES::DEL-GAU|Economy Saver|T30(25-35)|2026-10-06|ROUND::2026-09-06T14:30;RSERIES::DEL-GAU|Economy Saver|T45(40-50)|2026-10-22|ROUND::2026-09-06T14:30;RSERIES::DEL-GAU|Economy Saver|T7(5-9)|2026-09-13|ROUND::2026-09-06T14:30,DEL,GAU,DEL-GAU,EXACT_KEY_MATCH,scripts/build_vayu_route_basket.py::make_route_id,True,IN_BASKET,BASKET_SCOPED,13,0.036519,True,OBSERVED,PRICED,5896.75,5267.00,7601.00,0.443137,5,5,0,0,0,0,1,4,INFO,R09,3,R05;R06,False,0,COHERENT_MARKET_MOVEMENT;ISOLATED_DEVIATION,15,15,OBS02439;OBS02440;OBS02441;OBS02445;OBS02446;OBS02447;OBS02448;OBS02449;OBS02450;OBS02458;OBS02459;OBS02460;OBS02464;OBS02467;OBS02468,0,0,15,10,CELL::DEL|GAU|2026-09-07|Economy Saver|T1(0-2)::ROUND::2026-09-06T14:30::FLT::AI|AI-791|13:00;CELL::DEL|GAU|2026-09-07|Economy Saver|T1(0-2)::ROUND::2026-09-06T14:30::FLT::SG|SG-601|12:15;CELL::DEL|GAU|2026-09-13|Economy Saver|T7(5-9)::ROUND::2026-09-06T14:30::FLT::6E|6E-415|05:30;CELL::DEL|GAU|2026-09-13|Economy Saver|T7(5-9)::ROUND::2026-09-06T14:30::FLT::AI|AI-791|13:00;CELL::DEL|GAU|2026-09-21|Economy Saver|T15(12-18)::ROUND::2026-09-06T14:30::FLT::6E|6E-415|05:30;CELL::DEL|GAU|2026-09-21|Economy Saver|T15(12-18)::ROUND::2026-09-06T14:30::FLT::SG|SG-601|12:15;CELL::DEL|GAU|2026-10-06|Economy Saver|T30(25-35)::ROUND::2026-09-06T14:30::FLT::SG|SG-601|12:15;CELL::DEL|GAU|2026-10-22|Economy Saver|T45(40-50)::ROUND::2026-09-06T14:30::FLT::6E|6E-415|05:30;CELL::DEL|GAU|2026-10-22|Economy Saver|T45(40-50)::ROUND::2026-09-06T14:30::FLT::AI|AI-791|13:00;CELL::DEL|GAU|2026-10-22|Economy Saver|T45(40-50)::ROUND::2026-09-06T14:30::FLT::SG|SG-601|12:15,2026-09-07;2026-09-13;2026-09-21;2026-10-06;2026-10-22,5,T1(0-2);T15(12-18);T30(25-35);T45(40-50);T7(5-9),5,CELL::DEL|GAU|2026-09-07|Economy Saver|T1(0-2)::ROUND::2026-09-06T14:30;CELL::DEL|GAU|2026-09-13|Economy Saver|T7(5-9)::ROUND::2026-09-06T14:30;CELL::DEL|GAU|2026-09-21|Economy Saver|T15(12-18)::ROUND::2026-09-06T14:30;CELL::DEL|GAU|2026-10-06|Economy Saver|T30(25-35)::ROUND::2026-09-06T14:30;CELL::DEL|GAU|2026-10-22|Economy Saver|T45(40-50)::ROUND::2026-09-06T14:30,MIDPOINT_MEDIAN,phase10-v1
RCLASS::DEL-GAU|Economy Saver|ROUND::2026-09-06T20:15,DEL-GAU,Economy Saver,ROUND::2026-09-06T20:15,2026-09-06 20:15,ANCHORED,3,RSERIES::DEL-GAU|Economy Saver|T1(0-2)|2026-09-07|ROUND::2026-09-06T20:15;RSERIES::DEL-GAU|Economy Saver|T15(12-18)|2026-09-21|ROUND::2026-09-06T20:15;RSERIES::DEL-GAU|Economy Saver|T7(5-9)|2026-09-13|ROUND::2026-09-06T20:15,DEL,GAU,DEL-GAU,EXACT_KEY_MATCH,scripts/build_vayu_route_basket.py::make_route_id,True,IN_BASKET,BASKET_SCOPED,13,0.036519,True,OBSERVED,PRICED,6796.50,5762.50,7533.00,0.307245,3,3,0,0,0,0,1,2,INFO,R09,0,,False,0,COHERENT_MARKET_MOVEMENT;ISOLATED_DEVIATION,8,8,OBS02957;OBS02958;OBS02962;OBS02963;OBS02964;OBS02969;OBS02970;OBS02972,0,0,8,5,CELL::DEL|GAU|2026-09-07|Economy Saver|T1(0-2)::ROUND::2026-09-06T20:15::FLT::6E|6E-415|05:30;CELL::DEL|GAU|2026-09-07|Economy Saver|T1(0-2)::ROUND::2026-09-06T20:15::FLT::AI|AI-791|13:00;CELL::DEL|GAU|2026-09-13|Economy Saver|T7(5-9)::ROUND::2026-09-06T20:15::FLT::6E|6E-415|05:30;CELL::DEL|GAU|2026-09-13|Economy Saver|T7(5-9)::ROUND::2026-09-06T20:15::FLT::AI|AI-791|13:00;CELL::DEL|GAU|2026-09-21|Economy Saver|T15(12-18)::ROUND::2026-09-06T20:15::FLT::6E|6E-415|05:30,2026-09-07;2026-09-13;2026-09-21,3,T1(0-2);T15(12-18);T7(5-9),3,CELL::DEL|GAU|2026-09-07|Economy Saver|T1(0-2)::ROUND::2026-09-06T20:15;CELL::DEL|GAU|2026-09-13|Economy Saver|T7(5-9)::ROUND::2026-09-06T20:15;CELL::DEL|GAU|2026-09-21|Economy Saver|T15(12-18)::ROUND::2026-09-06T20:15,MIDPOINT_MEDIAN,phase10-v1
RCLASS::DEL-GAU|Economy Saver|ROUND::2026-09-08T20:15,DEL-GAU,Economy Saver,ROUND::2026-09-08T20:15,2026-09-08 20:15,ANCHORED,1,RSERIES::DEL-GAU|Economy Saver|T30(25-35)|2026-10-06|ROUND::2026-09-08T20:15,DEL,GAU,DEL-GAU,EXACT_KEY_MATCH,scripts/build_vayu_route_basket.py::make_route_id,True,IN_BASKET,BASKET_SCOPED,13,0.036519,True,OBSERVED,PRICED,5144.00,5144.00,5144.00,0.000000,1,1,0,0,0,0,1,0,INFO,R09,1,R06,False,0,ISOLATED_DEVIATION,1,1,OBS02988,0,0,1,1,CELL::DEL|GAU|2026-10-06|Economy Saver|T30(25-35)::ROUND::2026-09-08T20:15::FLT::6E|6E-415|12:00,2026-10-06,1,T30(25-35),1,CELL::DEL|GAU|2026-10-06|Economy Saver|T30(25-35)::ROUND::2026-09-08T20:15,MIDPOINT_MEDIAN,phase10-v1
RCLASS::DEL-GAU|Economy Standard|ROUND::2026-09-05T09:00,DEL-GAU,Economy Standard,ROUND::2026-09-05T09:00,2026-09-05 09:00,ANCHORED,3,RSERIES::DEL-GAU|Economy Standard|T15(12-18)|2026-09-21|ROUND::2026-09-05T09:00;RSERIES::DEL-GAU|Economy Standard|T30(25-35)|2026-10-06|ROUND::2026-09-05T09:00;RSERIES::DEL-GAU|Economy Standard|T45(40-50)|2026-10-22|ROUND::2026-09-05T09:00,DEL,GAU,DEL-GAU,EXACT_KEY_MATCH,scripts/build_vayu_route_basket.py::make_route_id,True,IN_BASKET,BASKET_SCOPED,13,0.036519,True,OBSERVED,PRICED,6609.00,6408.00,7189.50,0.121957,3,3,0,0,0,0,2,1,INFO,R09,3,R05;R06,False,0,ISOLATED_DEVIATION,4,4,OBS00435;OBS00436;OBS00441;OBS00446,0,0,4,3,CELL::DEL|GAU|2026-09-21|Economy Standard|T15(12-18)::ROUND::2026-09-05T09:00::FLT::AI|AI-791|13:00;CELL::DEL|GAU|2026-10-06|Economy Standard|T30(25-35)::ROUND::2026-09-05T09:00::FLT::SG|SG-601|12:15;CELL::DEL|GAU|2026-10-22|Economy Standard|T45(40-50)::ROUND::2026-09-05T09:00::FLT::AI|AI-791|13:00,2026-09-21;2026-10-06;2026-10-22,3,T15(12-18);T30(25-35);T45(40-50),3,CELL::DEL|GAU|2026-09-21|Economy Standard|T15(12-18)::ROUND::2026-09-05T09:00;CELL::DEL|GAU|2026-10-06|Economy Standard|T30(25-35)::ROUND::2026-09-05T09:00;CELL::DEL|GAU|2026-10-22|Economy Standard|T45(40-50)::ROUND::2026-09-05T09:00,MIDPOINT_MEDIAN,phase10-v1
RCLASS::DEL-GAU|Economy Standard|ROUND::2026-09-05T14:30,DEL-GAU,Economy Standard,ROUND::2026-09-05T14:30,2026-09-05 14:30,ANCHORED,5,RSERIES::DEL-GAU|Economy Standard|T1(0-2)|2026-09-07|ROUND::2026-09-05T14:30;RSERIES::DEL-GAU|Economy Standard|T15(12-18)|2026-09-21|ROUND::2026-09-05T14:30;RSERIES::DEL-GAU|Economy Standard|T30(25-35)|2026-10-06|ROUND::2026-09-05T14:30;RSERIES::DEL-GAU|Economy Standard|T45(40-50)|2026-10-22|ROUND::2026-09-05T14:30;RSERIES::DEL-GAU|Economy Standard|T7(5-9)|2026-09-13|ROUND::2026-09-05T14:30,DEL,GAU,DEL-GAU,EXACT_KEY_MATCH,scripts/build_vayu_route_basket.py::make_route_id,True,IN_BASKET,BASKET_SCOPED,13,0.036519,True,OBSERVED,PRICED,7349.00,6484.00,9339.00,0.440315,5,5,0,0,0,0,0,5,NONE,,5,R05;R06,False,0,COHERENT_MARKET_MOVEMENT;ISOLATED_DEVIATION,12,12,OBS00905;OBS00906;OBS00907;OBS00908;OBS00909;OBS00910;OBS00911;OBS00912;OBS00914;OBS00927;OBS00934;OBS00935,0,0,12,8,CELL::DEL|GAU|2026-09-07|Economy Standard|T1(0-2)::ROUND::2026-09-05T14:30::FLT::6E|6E-415|05:30;CELL::DEL|GAU|2026-09-07|Economy Standard|T1(0-2)::ROUND::2026-09-05T14:30::FLT::AI|AI-791|13:00;CELL::DEL|GAU|2026-09-13|Economy Standard|T7(5-9)::ROUND::2026-09-05T14:30::FLT::6E|6E-415|05:30;CELL::DEL|GAU|2026-09-21|Economy Standard|T15(12-18)::ROUND::2026-09-05T14:30::FLT::6E|6E-415|05:30;CELL::DEL|GAU|2026-09-21|Economy Standard|T15(12-18)::ROUND::2026-09-05T14:30::FLT::SG|SG-601|12:15;CELL::DEL|GAU|2026-10-06|Economy Standard|T30(25-35)::ROUND::2026-09-05T14:30::FLT::6E|6E-415|05:30;CELL::DEL|GAU|2026-10-22|Economy Standard|T45(40-50)::ROUND::2026-09-05T14:30::FLT::6E|6E-415|05:30;CELL::DEL|GAU|2026-10-22|Economy Standard|T45(40-50)::ROUND::2026-09-05T14:30::FLT::SG|SG-601|12:15,2026-09-07;2026-09-13;2026-09-21;2026-10-06;2026-10-22,5,T1(0-2);T15(12-18);T30(25-35);T45(40-50);T7(5-9),5,CELL::DEL|GAU|2026-09-07|Economy Standard|T1(0-2)::ROUND::2026-09-05T14:30;CELL::DEL|GAU|2026-09-13|Economy Standard|T7(5-9)::ROUND::2026-09-05T14:30;CELL::DEL|GAU|2026-09-21|Economy Standard|T15(12-18)::ROUND::2026-09-05T14:30;CELL::DEL|GAU|2026-10-06|Economy Standard|T30(25-35)::ROUND::2026-09-05T14:30;CELL::DEL|GAU|2026-10-22|Economy Standard|T45(40-50)::ROUND::2026-09-05T14:30,MIDPOINT_MEDIAN,phase10-v1
RCLASS::DEL-GAU|Economy Standard|ROUND::2026-09-05T20:15,DEL-GAU,Economy Standard,ROUND::2026-09-05T20:15,2026-09-05 20:15,ANCHORED,4,RSERIES::DEL-GAU|Economy Standard|T1(0-2)|2026-09-07|ROUND::2026-09-05T20:15;RSERIES::DEL-GAU|Economy Standard|T15(12-18)|2026-09-21|ROUND::2026-09-05T20:15;RSERIES::DEL-GAU|Economy Standard|T45(40-50)|2026-10-22|ROUND::2026-09-05T20:15;RSERIES::DEL-GAU|Economy Standard|T7(5-9)|2026-09-13|ROUND::2026-09-05T20:15,DEL,GAU,DEL-GAU,EXACT_KEY_MATCH,scripts/build_vayu_route_basket.py::make_route_id,True,IN_BASKET,BASKET_SCOPED,13,0.036519,True,OBSERVED,PRICED,7902.25,6510.00,9567.00,0.469585,4,4,0,0,0,0,0,4,NONE,,4,R05;R06,False,0,COHERENT_MARKET_MOVEMENT,19,19,OBS01417;OBS01418;OBS01420;OBS01421;OBS01423;OBS01424;OBS01429;OBS01430;OBS01435;OBS01436;OBS01437;OBS01439;OBS01440;OBS01442;OBS01443;OBS01448;OBS01449;OBS01453;OBS01454,0,0,19,11,CELL::DEL|GAU|2026-09-07|Economy Standard|T1(0-2)::ROUND::2026-09-05T20:15::FLT::6E|6E-415|05:30;CELL::DEL|GAU|2026-09-07|Economy Standard|T1(0-2)::ROUND::2026-09-05T20:15::FLT::AI|AI-791|13:00;CELL::DEL|GAU|2026-09-13|Economy Standard|T7(5-9)::ROUND::2026-09-05T20:15::FLT::6E|6E-415|05:30;CELL::DEL|GAU|2026-09-13|Economy Standard|T7(5-9)::ROUND::2026-09-05T20:15::FLT::AI|AI-791|13:00;CELL::DEL|GAU|2026-09-13|Economy Standard|T7(5-9)::ROUND::2026-09-05T20:15::FLT::SG|SG-601|12:15;CELL::DEL|GAU|2026-09-21|Economy Standard|T15(12-18)::ROUND::2026-09-05T20:15::FLT::6E|6E-415|05:30;CELL::DEL|GAU|2026-09-21|Economy Standard|T15(12-18)::ROUND::2026-09-05T20:15::FLT::AI|AI-791|13:00;CELL::DEL|GAU|2026-09-21|Economy Standard|T15(12-18)::ROUND::2026-09-05T20:15::FLT::SG|SG-601|12:15;CELL::DEL|GAU|2026-10-22|Economy Standard|T45(40-50)::ROUND::2026-09-05T20:15::FLT::6E|6E-415|05:30;CELL::DEL|GAU|2026-10-22|Economy Standard|T45(40-50)::ROUND::2026-09-05T20:15::FLT::AI|AI-791|13:00;CELL::DEL|GAU|2026-10-22|Economy Standard|T45(40-50)::ROUND::2026-09-05T20:15::FLT::SG|SG-601|12:15,2026-09-07;2026-09-13;2026-09-21;2026-10-22,4,T1(0-2);T15(12-18);T45(40-50);T7(5-9),4,CELL::DEL|GAU|2026-09-07|Economy Standard|T1(0-2)::ROUND::2026-09-05T20:15;CELL::DEL|GAU|2026-09-13|Economy Standard|T7(5-9)::ROUND::2026-09-05T20:15;CELL::DEL|GAU|2026-09-21|Economy Standard|T15(12-18)::ROUND::2026-09-05T20:15;CELL::DEL|GAU|2026-10-22|Economy Standard|T45(40-50)::ROUND::2026-09-05T20:15,MIDPOINT_MEDIAN,phase10-v1
RCLASS::DEL-GAU|Economy Standard|ROUND::2026-09-06T09:00,DEL-GAU,Economy Standard,ROUND::2026-09-06T09:00,2026-09-06 09:00,ANCHORED,4,RSERIES::DEL-GAU|Economy Standard|T1(0-2)|2026-09-07|ROUND::2026-09-06T09:00;RSERIES::DEL-GAU|Economy Standard|T30(25-35)|2026-10-06|ROUND::2026-09-06T09:00;RSERIES::DEL-GAU|Economy Standard|T45(40-50)|2026-10-22|ROUND::2026-09-06T09:00;RSERIES::DEL-GAU|Economy Standard|T7(5-9)|2026-09-13|ROUND::2026-09-06T09:00,DEL,GAU,DEL-GAU,EXACT_KEY_MATCH,scripts/build_vayu_route_basket.py::make_route_id,True,IN_BASKET,BASKET_SCOPED,13,0.036519,True,OBSERVED,PRICED,7639.50,6678.00,9581.50,0.434786,4,4,0,0,0,0,1,3,INFO,R09,4,R05;R06,False,0,COHERENT_MARKET_MOVEMENT;ISOLATED_DEVIATION,13,13,OBS01950;OBS01951;OBS01952;OBS01953;OBS01956;OBS01957;OBS01958;OBS01966;OBS01970;OBS01971;OBS01973;OBS01974;OBS01975,0,0,13,8,CELL::DEL|GAU|2026-09-07|Economy Standard|T1(0-2)::ROUND::2026-09-06T09:00::FLT::6E|6E-415|05:30;CELL::DEL|GAU|2026-09-13|Economy Standard|T7(5-9)::ROUND::2026-09-06T09:00::FLT::6E|6E-415|05:30;CELL::DEL|GAU|2026-09-13|Economy Standard|T7(5-9)::ROUND::2026-09-06T09:00::FLT::SG|SG-601|12:15;CELL::DEL|GAU|2026-10-06|Economy Standard|T30(25-35)::ROUND::2026-09-06T09:00::FLT::6E|6E-415|05:30;CELL::DEL|GAU|2026-10-06|Economy Standard|T30(25-35)::ROUND::2026-09-06T09:00::FLT::AI|AI-791|13:00;CELL::DEL|GAU|2026-10-06|Economy Standard|T30(25-35)::ROUND::2026-09-06T09:00::FLT::SG|SG-601|12:15;CELL::DEL|GAU|2026-10-22|Economy Standard|T45(40-50)::ROUND::2026-09-06T09:00::FLT::6E|6E-415|05:30;CELL::DEL|GAU|2026-10-22|Economy Standard|T45(40-50)::ROUND::2026-09-06T09:00::FLT::SG|SG-601|12:15,2026-09-07;2026-09-13;2026-10-06;2026-10-22,4,T1(0-2);T30(25-35);T45(40-50);T7(5-9),4,CELL::DEL|GAU|2026-09-07|Economy Standard|T1(0-2)::ROUND::2026-09-06T09:00;CELL::DEL|GAU|2026-09-13|Economy Standard|T7(5-9)::ROUND::2026-09-06T09:00;CELL::DEL|GAU|2026-10-06|Economy Standard|T30(25-35)::ROUND::2026-09-06T09:00;CELL::DEL|GAU|2026-10-22|Economy Standard|T45(40-50)::ROUND::2026-09-06T09:00,MIDPOINT_MEDIAN,phase10-v1
RCLASS::DEL-GAU|Economy Standard|ROUND::2026-09-06T14:30,DEL-GAU,Economy Standard,ROUND::2026-09-06T14:30,2026-09-06 14:30,ANCHORED,3,RSERIES::DEL-GAU|Economy Standard|T15(12-18)|2026-09-21|ROUND::2026-09-06T14:30;RSERIES::DEL-GAU|Economy Standard|T30(25-35)|2026-10-06|ROUND::2026-09-06T14:30;RSERIES::DEL-GAU|Economy Standard|T7(5-9)|2026-09-13|ROUND::2026-09-06T14:30,DEL,GAU,DEL-GAU,EXACT_KEY_MATCH,scripts/build_vayu_route_basket.py::make_route_id,True,IN_BASKET,BASKET_SCOPED,13,0.036519,True,OBSERVED,PRICED,7657.50,6469.50,8725.50,0.348713,3,3,0,0,0,0,0,3,NONE,,3,R06,False,0,COHERENT_MARKET_MOVEMENT;ISOLATED_DEVIATION,8,8,OBS02443;OBS02444;OBS02451;OBS02452;OBS02461;OBS02462;OBS02465;OBS02466,0,0,8,4,CELL::DEL|GAU|2026-09-13|Economy Standard|T7(5-9)::ROUND::2026-09-06T14:30::FLT::AI|AI-791|13:00;CELL::DEL|GAU|2026-09-13|Economy Standard|T7(5-9)::ROUND::2026-09-06T14:30::FLT::SG|SG-601|12:15;CELL::DEL|GAU|2026-09-21|Economy Standard|T15(12-18)::ROUND::2026-09-06T14:30::FLT::SG|SG-601|12:15;CELL::DEL|GAU|2026-10-06|Economy Standard|T30(25-35)::ROUND::2026-09-06T14:30::FLT::6E|6E-415|05:30,2026-09-13;2026-09-21;2026-10-06,3,T15(12-18);T30(25-35);T7(5-9),3,CELL::DEL|GAU|2026-09-13|Economy Standard|T7(5-9)::ROUND::2026-09-06T14:30;CELL::DEL|GAU|2026-09-21|Economy Standard|T15(12-18)::ROUND::2026-09-06T14:30;CELL::DEL|GAU|2026-10-06|Economy Standard|T30(25-35)::ROUND::2026-09-06T14:30,MIDPOINT_MEDIAN,phase10-v1
RCLASS::DEL-GAU|Economy Standard|ROUND::2026-09-06T20:15,DEL-GAU,Economy Standard,ROUND::2026-09-06T20:15,2026-09-06 20:15,ANCHORED,3,RSERIES::DEL-GAU|Economy Standard|T1(0-2)|2026-09-07|ROUND::2026-09-06T20:15;RSERIES::DEL-GAU|Economy Standard|T30(25-35)|2026-10-06|ROUND::2026-09-06T20:15;RSERIES::DEL-GAU|Economy Standard|T45(40-50)|2026-10-22|ROUND::2026-09-06T20:15,DEL,GAU,DEL-GAU,EXACT_KEY_MATCH,scripts/build_vayu_route_basket.py::make_route_id,True,IN_BASKET,BASKET_SCOPED,13,0.036519,True,OBSERVED,PRICED,6894.00,6795.00,9920.00,0.459897,3,3,0,0,0,0,2,1,INFO,R09,1,R06,False,0,ISOLATED_DEVIATION,4,4,OBS02965;OBS02966;OBS02968;OBS02971,0,0,4,3,CELL::DEL|GAU|2026-09-07|Economy Standard|T1(0-2)::ROUND::2026-09-06T20:15::FLT::AI|AI-791|13:00;CELL::DEL|GAU|2026-10-06|Economy Standard|T30(25-35)::ROUND::2026-09-06T20:15::FLT::6E|6E-415|05:30;CELL::DEL|GAU|2026-10-22|Economy Standard|T45(40-50)::ROUND::2026-09-06T20:15::FLT::6E|6E-415|05:30,2026-09-07;2026-10-06;2026-10-22,3,T1(0-2);T30(25-35);T45(40-50),3,CELL::DEL|GAU|2026-09-07|Economy Standard|T1(0-2)::ROUND::2026-09-06T20:15;CELL::DEL|GAU|2026-10-06|Economy Standard|T30(25-35)::ROUND::2026-09-06T20:15;CELL::DEL|GAU|2026-10-22|Economy Standard|T45(40-50)::ROUND::2026-09-06T20:15,MIDPOINT_MEDIAN,phase10-v1
RCLASS::BLR-COK|Economy Flexi|ROUND::2026-09-05T09:00,BLR-COK,Economy Flexi,ROUND::2026-09-05T09:00,2026-09-05 09:00,ANCHORED,4,RSERIES::BLR-COK|Economy Flexi|T1(0-2)|2026-09-07|ROUND::2026-09-05T09:00;RSERIES::BLR-COK|Economy Flexi|T30(25-35)|2026-10-06|ROUND::2026-09-05T09:00;RSERIES::BLR-COK|Economy Flexi|T45(40-50)|2026-10-22|ROUND::2026-09-05T09:00;RSERIES::BLR-COK|Economy Flexi|T7(5-9)|2026-09-13|ROUND::2026-09-05T09:00,BLR,COK,BLR-COK,EXACT_KEY_MATCH,scripts/build_vayu_route_basket.py::make_route_id,True,IN_BASKET,BASKET_SCOPED,14,0.03525,True,OBSERVED,PRICED,9393.50,7602.00,11327.75,0.490101,4,4,0,0,0,0,2,2,INFO,R09,4,R05;R06,False,0,COHERENT_MARKET_MOVEMENT;ISOLATED_DEVIATION,8,8,OBS00458;OBS00459;OBS00467;OBS00470;OBS00471;OBS00472;OBS00479;OBS00480,0,0,8,5,CELL::BLR|COK|2026-09-07|Economy Flexi|T1(0-2)::ROUND::2026-09-05T09:00::FLT::AI|AI-512|11:45;CELL::BLR|COK|2026-09-07|Economy Flexi|T1(0-2)::ROUND::2026-09-05T09:00::FLT::IX|IX-431|19:30;CELL::BLR|COK|2026-09-13|Economy Flexi|T7(5-9)::ROUND::2026-09-05T09:00::FLT::IX|IX-431|19:30;CELL::BLR|COK|2026-10-06|Economy Flexi|T30(25-35)::ROUND::2026-09-05T09:00::FLT::AI|AI-512|11:45;CELL::BLR|COK|2026-10-22|Economy Flexi|T45(40-50)::ROUND::2026-09-05T09:00::FLT::IX|IX-431|19:30,2026-09-07;2026-09-13;2026-10-06;2026-10-22,4,T1(0-2);T30(25-35);T45(40-50);T7(5-9),4,CELL::BLR|COK|2026-09-07|Economy Flexi|T1(0-2)::ROUND::2026-09-05T09:00;CELL::BLR|COK|2026-09-13|Economy Flexi|T7(5-9)::ROUND::2026-09-05T09:00;CELL::BLR|COK|2026-10-06|Economy Flexi|T30(25-35)::ROUND::2026-09-05T09:00;CELL::BLR|COK|2026-10-22|Economy Flexi|T45(40-50)::ROUND::2026-09-05T09:00,MIDPOINT_MEDIAN,phase10-v1
RCLASS::BLR-COK|Economy Flexi|ROUND::2026-09-05T14:30,BLR-COK,Economy Flexi,ROUND::2026-09-05T14:30,2026-09-05 14:30,ANCHORED,5,RSERIES::BLR-COK|Economy Flexi|T1(0-2)|2026-09-07|ROUND::2026-09-05T14:30;RSERIES::BLR-COK|Economy Flexi|T15(12-18)|2026-09-21|ROUND::2026-09-05T14:30;RSERIES::BLR-COK|Economy Flexi|T30(25-35)|2026-10-06|ROUND::2026-09-05T14:30;RSERIES::BLR-COK|Economy Flexi|T45(40-50)|2026-10-22|ROUND::2026-09-05T14:30;RSERIES::BLR-COK|Economy Flexi|T7(5-9)|2026-09-13|ROUND::2026-09-05T14:30,BLR,COK,BLR-COK,EXACT_KEY_MATCH,scripts/build_vayu_route_basket.py::make_route_id,True,IN_BASKET,BASKET_SCOPED,14,0.03525,True,OBSERVED,PRICED,8930.00,7821.50,11574.75,0.479863,5,5,0,0,0,0,0,5,NONE,,5,R05;R06,False,0,COHERENT_MARKET_MOVEMENT,18,18,OBS00938;OBS00941;OBS00944;OBS00945;OBS00946;OBS00948;OBS00949;OBS00952;OBS00957;OBS00958;OBS00961;OBS00962;OBS00964;OBS00965;OBS00967;OBS00968;OBS00970;OBS00975,0,0,18,13,CELL::BLR|COK|2026-09-07|Economy Flexi|T1(0-2)::ROUND::2026-09-05T14:30::FLT::AI|AI-512|11:45;CELL::BLR|COK|2026-09-07|Economy Flexi|T1(0-2)::ROUND::2026-09-05T14:30::FLT::IX|IX-431|19:30;CELL::BLR|COK|2026-09-13|Economy Flexi|T7(5-9)::ROUND::2026-09-05T14:30::FLT::6E|6E-521|21:30;CELL::BLR|COK|2026-09-13|Economy Flexi|T7(5-9)::ROUND::2026-09-05T14:30::FLT::AI|AI-512|11:45;CELL::BLR|COK|2026-09-13|Economy Flexi|T7(5-9)::ROUND::2026-09-05T14:30::FLT::IX|IX-431|19:30;CELL::BLR|COK|2026-09-21|Economy Flexi|T15(12-18)::ROUND::2026-09-05T14:30::FLT::6E|6E-521|21:30;CELL::BLR|COK|2026-09-21|Economy Flexi|T15(12-18)::ROUND::2026-09-05T14:30::FLT::AI|AI-512|11:45;CELL::BLR|COK|2026-09-21|Economy Flexi|T15(12-18)::ROUND::2026-09-05T14:30::FLT::IX|IX-431|19:30;CELL::BLR|COK|2026-10-06|Economy Flexi|T30(25-35)::ROUND::2026-09-05T14:30::FLT::6E|6E-521|21:30;CELL::BLR|COK|2026-10-06|Economy Flexi|T30(25-35)::ROUND::2026-09-05T14:30::FLT::AI|AI-512|11:45;CELL::BLR|COK|2026-10-06|Economy Flexi|T30(25-35)::ROUND::2026-09-05T14:30::FLT::IX|IX-431|19:30;CELL::BLR|COK|2026-10-22|Economy Flexi|T45(40-50)::ROUND::2026-09-05T14:30::FLT::6E|6E-521|21:30;CELL::BLR|COK|2026-10-22|Economy Flexi|T45(40-50)::ROUND::2026-09-05T14:30::FLT::IX|IX-431|19:30,2026-09-07;2026-09-13;2026-09-21;2026-10-06;2026-10-22,5,T1(0-2);T15(12-18);T30(25-35);T45(40-50);T7(5-9),5,CELL::BLR|COK|2026-09-07|Economy Flexi|T1(0-2)::ROUND::2026-09-05T14:30;CELL::BLR|COK|2026-09-13|Economy Flexi|T7(5-9)::ROUND::2026-09-05T14:30;CELL::BLR|COK|2026-09-21|Economy Flexi|T15(12-18)::ROUND::2026-09-05T14:30;CELL::BLR|COK|2026-10-06|Economy Flexi|T30(25-35)::ROUND::2026-09-05T14:30;CELL::BLR|COK|2026-10-22|Economy Flexi|T45(40-50)::ROUND::2026-09-05T14:30,MIDPOINT_MEDIAN,phase10-v1
RCLASS::BLR-COK|Economy Flexi|ROUND::2026-09-05T20:15,BLR-COK,Economy Flexi,ROUND::2026-09-05T20:15,2026-09-05 20:15,ANCHORED,4,RSERIES::BLR-COK|Economy Flexi|T15(12-18)|2026-09-21|ROUND::2026-09-05T20:15;RSERIES::BLR-COK|Economy Flexi|T30(25-35)|2026-10-06|ROUND::2026-09-05T20:15;RSERIES::BLR-COK|Economy Flexi|T45(40-50)|2026-10-22|ROUND::2026-09-05T20:15;RSERIES::BLR-COK|Economy Flexi|T7(5-9)|2026-09-13|ROUND::2026-09-05T20:15,BLR,COK,BLR-COK,EXACT_KEY_MATCH,scripts/build_vayu_route_basket.py::make_route_id,True,IN_BASKET,BASKET_SCOPED,14,0.03525,True,OBSERVED,PRICED,8528.50,7791.00,10693.00,0.372481,4,4,0,0,0,0,1,3,INFO,R09,4,R05;R06,False,0,COHERENT_MARKET_MOVEMENT;ISOLATED_DEVIATION,10,10,OBS01461;OBS01468;OBS01469;OBS01472;OBS01473;OBS01476;OBS01477;OBS01479;OBS01487;OBS01489,0,0,10,7,CELL::BLR|COK|2026-09-13|Economy Flexi|T7(5-9)::ROUND::2026-09-05T20:15::FLT::AI|AI-512|11:45;CELL::BLR|COK|2026-09-13|Economy Flexi|T7(5-9)::ROUND::2026-09-05T20:15::FLT::IX|IX-431|19:30;CELL::BLR|COK|2026-09-21|Economy Flexi|T15(12-18)::ROUND::2026-09-05T20:15::FLT::6E|6E-521|21:30;CELL::BLR|COK|2026-09-21|Economy Flexi|T15(12-18)::ROUND::2026-09-05T20:15::FLT::AI|AI-512|11:45;CELL::BLR|COK|2026-09-21|Economy Flexi|T15(12-18)::ROUND::2026-09-05T20:15::FLT::IX|IX-431|19:30;CELL::BLR|COK|2026-10-06|Economy Flexi|T30(25-35)::ROUND::2026-09-05T20:15::FLT::AI|AI-512|11:45;CELL::BLR|COK|2026-10-22|Economy Flexi|T45(40-50)::ROUND::2026-09-05T20:15::FLT::6E|6E-521|21:30,2026-09-13;2026-09-21;2026-10-06;2026-10-22,4,T15(12-18);T30(25-35);T45(40-50);T7(5-9),4,CELL::BLR|COK|2026-09-13|Economy Flexi|T7(5-9)::ROUND::2026-09-05T20:15;CELL::BLR|COK|2026-09-21|Economy Flexi|T15(12-18)::ROUND::2026-09-05T20:15;CELL::BLR|COK|2026-10-06|Economy Flexi|T30(25-35)::ROUND::2026-09-05T20:15;CELL::BLR|COK|2026-10-22|Economy Flexi|T45(40-50)::ROUND::2026-09-05T20:15,MIDPOINT_MEDIAN,phase10-v1
RCLASS::BLR-COK|Economy Flexi|ROUND::2026-09-06T09:00,BLR-COK,Economy Flexi,ROUND::2026-09-06T09:00,2026-09-06 09:00,ANCHORED,4,RSERIES::BLR-COK|Economy Flexi|T1(0-2)|2026-09-07|ROUND::2026-09-06T09:00;RSERIES::BLR-COK|Economy Flexi|T15(12-18)|2026-09-21|ROUND::2026-09-06T09:00;RSERIES::BLR-COK|Economy Flexi|T45(40-50)|2026-10-22|ROUND::2026-09-06T09:00;RSERIES::BLR-COK|Economy Flexi|T7(5-9)|2026-09-13|ROUND::2026-09-06T09:00,BLR,COK,BLR-COK,EXACT_KEY_MATCH,scripts/build_vayu_route_basket.py::make_route_id,True,IN_BASKET,BASKET_SCOPED,14,0.03525,True,OBSERVED,PRICED,9804.25,8063.00,11731.00,0.454918,4,4,0,0,0,0,1,3,INFO,R09,4,R05;R06,False,0,COHERENT_MARKET_MOVEMENT;ISOLATED_DEVIATION,12,12,OBS01978;OBS01979;OBS01981;OBS01982;OBS01985;OBS01987;OBS01988;OBS01989;OBS01997;OBS01998;OBS02000;OBS02001,0,0,12,7,CELL::BLR|COK|2026-09-07|Economy Flexi|T1(0-2)::ROUND::2026-09-06T09:00::FLT::6E|6E-521|21:30;CELL::BLR|COK|2026-09-07|Economy Flexi|T1(0-2)::ROUND::2026-09-06T09:00::FLT::AI|AI-512|11:45;CELL::BLR|COK|2026-09-07|Economy Flexi|T1(0-2)::ROUND::2026-09-06T09:00::FLT::IX|IX-431|19:30;CELL::BLR|COK|2026-09-13|Economy Flexi|T7(5-9)::ROUND::2026-09-06T09:00::FLT::AI|AI-512|11:45;CELL::BLR|COK|2026-09-13|Economy Flexi|T7(5-9)::ROUND::2026-09-06T09:00::FLT::IX|IX-431|19:30;CELL::BLR|COK|2026-09-21|Economy Flexi|T15(12-18)::ROUND::2026-09-06T09:00::FLT::6E|6E-521|21:30;CELL::BLR|COK|2026-10-22|Economy Flexi|T45(40-50)::ROUND::2026-09-06T09:00::FLT::6E|6E-521|21:30,2026-09-07;2026-09-13;2026-09-21;2026-10-22,4,T1(0-2);T15(12-18);T45(40-50);T7(5-9),4,CELL::BLR|COK|2026-09-07|Economy Flexi|T1(0-2)::ROUND::2026-09-06T09:00;CELL::BLR|COK|2026-09-13|Economy Flexi|T7(5-9)::ROUND::2026-09-06T09:00;CELL::BLR|COK|2026-09-21|Economy Flexi|T15(12-18)::ROUND::2026-09-06T09:00;CELL::BLR|COK|2026-10-22|Economy Flexi|T45(40-50)::ROUND::2026-09-06T09:00,MIDPOINT_MEDIAN,phase10-v1
RCLASS::BLR-COK|Economy Flexi|ROUND::2026-09-06T14:30,BLR-COK,Economy Flexi,ROUND::2026-09-06T14:30,2026-09-06 14:30,ANCHORED,4,RSERIES::BLR-COK|Economy Flexi|T15(12-18)|2026-09-21|ROUND::2026-09-06T14:30;RSERIES::BLR-COK|Economy Flexi|T30(25-35)|2026-10-06|ROUND::2026-09-06T14:30;RSERIES::BLR-COK|Economy Flexi|T45(40-50)|2026-10-22|ROUND::2026-09-06T14:30;RSERIES::BLR-COK|Economy Flexi|T7(5-9)|2026-09-13|ROUND::2026-09-06T14:30,BLR,COK,BLR-COK,EXACT_KEY_MATCH,scripts/build_vayu_route_basket.py::make_route_id,True,IN_BASKET,BASKET_SCOPED,14,0.03525,True,OBSERVED,PRICED,8496.75,7969.50,10628.50,0.333647,4,4,0,0,0,0,1,3,INFO,R09,2,R06,False,0,COHERENT_MARKET_MOVEMENT;ISOLATED_DEVIATION,9,9,OBS02471;OBS02472;OBS02475;OBS02476;OBS02479;OBS02487;OBS02494;OBS02495;OBS02496,0,0,9,6,CELL::BLR|COK|2026-09-13|Economy Flexi|T7(5-9)::ROUND::2026-09-06T14:30::FLT::6E|6E-521|21:30;CELL::BLR|COK|2026-09-13|Economy Flexi|T7(5-9)::ROUND::2026-09-06T14:30::FLT::IX|IX-431|19:30;CELL::BLR|COK|2026-09-21|Economy Flexi|T15(12-18)::ROUND::2026-09-06T14:30::FLT::AI|AI-512|11:45;CELL::BLR|COK|2026-09-21|Economy Flexi|T15(12-18)::ROUND::2026-09-06T14:30::FLT::IX|IX-431|19:30;CELL::BLR|COK|2026-10-06|Economy Flexi|T30(25-35)::ROUND::2026-09-06T14:30::FLT::6E|6E-521|21:30;CELL::BLR|COK|2026-10-22|Economy Flexi|T45(40-50)::ROUND::2026-09-06T14:30::FLT::6E|6E-521|21:30,2026-09-13;2026-09-21;2026-10-06;2026-10-22,4,T15(12-18);T30(25-35);T45(40-50);T7(5-9),4,CELL::BLR|COK|2026-09-13|Economy Flexi|T7(5-9)::ROUND::2026-09-06T14:30;CELL::BLR|COK|2026-09-21|Economy Flexi|T15(12-18)::ROUND::2026-09-06T14:30;CELL::BLR|COK|2026-10-06|Economy Flexi|T30(25-35)::ROUND::2026-09-06T14:30;CELL::BLR|COK|2026-10-22|Economy Flexi|T45(40-50)::ROUND::2026-09-06T14:30,MIDPOINT_MEDIAN,phase10-v1
RCLASS::BLR-COK|Economy Saver|ROUND::2026-09-05T09:00,BLR-COK,Economy Saver,ROUND::2026-09-05T09:00,2026-09-05 09:00,ANCHORED,5,RSERIES::BLR-COK|Economy Saver|T1(0-2)|2026-09-07|ROUND::2026-09-05T09:00;RSERIES::BLR-COK|Economy Saver|T15(12-18)|2026-09-21|ROUND::2026-09-05T09:00;RSERIES::BLR-COK|Economy Saver|T30(25-35)|2026-10-06|ROUND::2026-09-05T09:00;RSERIES::BLR-COK|Economy Saver|T45(40-50)|2026-10-22|ROUND::2026-09-05T09:00;RSERIES::BLR-COK|Economy Saver|T7(5-9)|2026-09-13|ROUND::2026-09-05T09:00,BLR,COK,BLR-COK,EXACT_KEY_MATCH,scripts/build_vayu_route_basket.py::make_route_id,True,IN_BASKET,BASKET_SCOPED,14,0.03525,True,OBSERVED,PRICED,5670.00,5138.00,7566.00,0.472557,5,5,0,0,0,0,2,3,INFO,R09,5,R05;R06,False,0,COHERENT_MARKET_MOVEMENT;ISOLATED_DEVIATION,11,11,OBS00451;OBS00452;OBS00455;OBS00457;OBS00462;OBS00464;OBS00468;OBS00469;OBS00474;OBS00477;OBS00478,0,0,11,9,CELL::BLR|COK|2026-09-07|Economy Saver|T1(0-2)::ROUND::2026-09-05T09:00::FLT::6E|6E-521|21:30;CELL::BLR|COK|2026-09-13|Economy Saver|T7(5-9)::ROUND::2026-09-05T09:00::FLT::AI|AI-512|11:45;CELL::BLR|COK|2026-09-21|Economy Saver|T15(12-18)::ROUND::2026-09-05T09:00::FLT::6E|6E-521|21:30;CELL::BLR|COK|2026-09-21|Economy Saver|T15(12-18)::ROUND::2026-09-05T09:00::FLT::AI|AI-512|11:45;CELL::BLR|COK|2026-09-21|Economy Saver|T15(12-18)::ROUND::2026-09-05T09:00::FLT::IX|IX-431|19:30;CELL::BLR|COK|2026-10-06|Economy Saver|T30(25-35)::ROUND::2026-09-05T09:00::FLT::IX|IX-431|19:30;CELL::BLR|COK|2026-10-22|Economy Saver|T45(40-50)::ROUND::2026-09-05T09:00::FLT::6E|6E-521|21:30;CELL::BLR|COK|2026-10-22|Economy Saver|T45(40-50)::ROUND::2026-09-05T09:00::FLT::AI|AI-512|11:45;CELL::BLR|COK|2026-10-22|Economy Saver|T45(40-50)::ROUND::2026-09-05T09:00::FLT::IX|IX-431|19:30,2026-09-07;2026-09-13;2026-09-21;2026-10-06;2026-10-22,5,T1(0-2);T15(12-18);T30(25-35);T45(40-50);T7(5-9),5,CELL::BLR|COK|2026-09-07|Economy Saver|T1(0-2)::ROUND::2026-09-05T09:00;CELL::BLR|COK|2026-09-13|Economy Saver|T7(5-9)::ROUND::2026-09-05T09:00;CELL::BLR|COK|2026-09-21|Economy Saver|T15(12-18)::ROUND::2026-09-05T09:00;CELL::BLR|COK|2026-10-06|Economy Saver|T30(25-35)::ROUND::2026-09-05T09:00;CELL::BLR|COK|2026-10-22|Economy Saver|T45(40-50)::ROUND::2026-09-05T09:00,MIDPOINT_MEDIAN,phase10-v1
RCLASS::BLR-COK|Economy Saver|ROUND::2026-09-05T14:30,BLR-COK,Economy Saver,ROUND::2026-09-05T14:30,2026-09-05 14:30,ANCHORED,4,RSERIES::BLR-COK|Economy Saver|T1(0-2)|2026-09-07|ROUND::2026-09-05T14:30;RSERIES::BLR-COK|Economy Saver|T15(12-18)|2026-09-21|ROUND::2026-09-05T14:30;RSERIES::BLR-COK|Economy Saver|T30(25-35)|2026-10-06|ROUND::2026-09-05T14:30;RSERIES::BLR-COK|Economy Saver|T45(40-50)|2026-10-22|ROUND::2026-09-05T14:30,BLR,COK,BLR-COK,EXACT_KEY_MATCH,scripts/build_vayu_route_basket.py::make_route_id,True,IN_BASKET,BASKET_SCOPED,14,0.03525,True,OBSERVED,PRICED,5590.63,5094.00,7514.50,0.475167,4,4,0,0,0,0,2,2,INFO,R09,4,R05;R06,False,0,COHERENT_MARKET_MOVEMENT;ISOLATED_DEVIATION,7,7,OBS00942;OBS00943;OBS00950;OBS00951;OBS00959;OBS00960;OBS00963,0,0,7,5,CELL::BLR|COK|2026-09-07|Economy Saver|T1(0-2)::ROUND::2026-09-05T14:30::FLT::AI|AI-512|11:45;CELL::BLR|COK|2026-09-21|Economy Saver|T15(12-18)::ROUND::2026-09-05T14:30::FLT::6E|6E-521|21:30;CELL::BLR|COK|2026-10-06|Economy Saver|T30(25-35)::ROUND::2026-09-05T14:30::FLT::6E|6E-521|21:30;CELL::BLR|COK|2026-10-06|Economy Saver|T30(25-35)::ROUND::2026-09-05T14:30::FLT::AI|AI-512|11:45;CELL::BLR|COK|2026-10-22|Economy Saver|T45(40-50)::ROUND::2026-09-05T14:30::FLT::AI|AI-512|11:45,2026-09-07;2026-09-21;2026-10-06;2026-10-22,4,T1(0-2);T15(12-18);T30(25-35);T45(40-50),4,CELL::BLR|COK|2026-09-07|Economy Saver|T1(0-2)::ROUND::2026-09-05T14:30;CELL::BLR|COK|2026-09-21|Economy Saver|T15(12-18)::ROUND::2026-09-05T14:30;CELL::BLR|COK|2026-10-06|Economy Saver|T30(25-35)::ROUND::2026-09-05T14:30;CELL::BLR|COK|2026-10-22|Economy Saver|T45(40-50)::ROUND::2026-09-05T14:30,MIDPOINT_MEDIAN,phase10-v1
RCLASS::BLR-COK|Economy Saver|ROUND::2026-09-05T20:15,BLR-COK,Economy Saver,ROUND::2026-09-05T20:15,2026-09-05 20:15,ANCHORED,4,RSERIES::BLR-COK|Economy Saver|T1(0-2)|2026-09-07|ROUND::2026-09-05T20:15;RSERIES::BLR-COK|Economy Saver|T30(25-35)|2026-10-06|ROUND::2026-09-05T20:15;RSERIES::BLR-COK|Economy Saver|T45(40-50)|2026-10-22|ROUND::2026-09-05T20:15;RSERIES::BLR-COK|Economy Saver|T7(5-9)|2026-09-13|ROUND::2026-09-05T20:15,BLR,COK,BLR-COK,EXACT_KEY_MATCH,scripts/build_vayu_route_basket.py::make_route_id,True,IN_BASKET,BASKET_SCOPED,14,0.03525,True,OBSERVED,PRICED,5893.13,5102.50,7379.75,0.446301,4,4,0,0,0,0,0,4,NONE,,4,R05;R06,False,0,COHERENT_MARKET_MOVEMENT;ISOLATED_DEVIATION,12,12,OBS01456;OBS01459;OBS01460;OBS01465;OBS01466;OBS01467;OBS01480;OBS01481;OBS01483;OBS01484;OBS01485;OBS01486,0,0,12,7,CELL::BLR|COK|2026-09-07|Economy Saver|T1(0-2)::ROUND::2026-09-05T20:15::FLT::6E|6E-521|21:30;CELL::BLR|COK|2026-09-07|Economy Saver|T1(0-2)::ROUND::2026-09-05T20:15::FLT::IX|IX-431|19:30;CELL::BLR|COK|2026-09-13|Economy Saver|T7(5-9)::ROUND::2026-09-05T20:15::FLT::6E|6E-521|21:30;CELL::BLR|COK|2026-10-06|Economy Saver|T30(25-35)::ROUND::2026-09-05T20:15::FLT::6E|6E-521|21:30;CELL::BLR|COK|2026-10-06|Economy Saver|T30(25-35)::ROUND::2026-09-05T20:15::FLT::AI|AI-512|11:45;CELL::BLR|COK|2026-10-22|Economy Saver|T45(40-50)::ROUND::2026-09-05T20:15::FLT::6E|6E-521|21:30;CELL::BLR|COK|2026-10-22|Economy Saver|T45(40-50)::ROUND::2026-09-05T20:15::FLT::AI|AI-512|11:45,2026-09-07;2026-09-13;2026-10-06;2026-10-22,4,T1(0-2);T30(25-35);T45(40-50);T7(5-9),4,CELL::BLR|COK|2026-09-07|Economy Saver|T1(0-2)::ROUND::2026-09-05T20:15;CELL::BLR|COK|2026-09-13|Economy Saver|T7(5-9)::ROUND::2026-09-05T20:15;CELL::BLR|COK|2026-10-06|Economy Saver|T30(25-35)::ROUND::2026-09-05T20:15;CELL::BLR|COK|2026-10-22|Economy Saver|T45(40-50)::ROUND::2026-09-05T20:15,MIDPOINT_MEDIAN,phase10-v1
RCLASS::BLR-COK|Economy Saver|ROUND::2026-09-06T09:00,BLR-COK,Economy Saver,ROUND::2026-09-06T09:00,2026-09-06 09:00,ANCHORED,5,RSERIES::BLR-COK|Economy Saver|T1(0-2)|2026-09-07|ROUND::2026-09-06T09:00;RSERIES::BLR-COK|Economy Saver|T15(12-18)|2026-09-21|ROUND::2026-09-06T09:00;RSERIES::BLR-COK|Economy Saver|T30(25-35)|2026-10-06|ROUND::2026-09-06T09:00;RSERIES::BLR-COK|Economy Saver|T45(40-50)|2026-10-22|ROUND::2026-09-06T09:00;RSERIES::BLR-COK|Economy Saver|T7(5-9)|2026-09-13|ROUND::2026-09-06T09:00,BLR,COK,BLR-COK,EXACT_KEY_MATCH,scripts/build_vayu_route_basket.py::make_route_id,True,IN_BASKET,BASKET_SCOPED,14,0.03525,True,OBSERVED,PRICED,5883.00,5106.25,7580.00,0.484455,5,5,0,0,0,0,2,3,INFO,R09,5,R05;R06,False,0,COHERENT_MARKET_MOVEMENT;ISOLATED_DEVIATION,10,10,OBS01980;OBS01983;OBS01986;OBS01993;OBS01995;OBS01996;OBS02002;OBS02004;OBS02005;OBS02006,0,0,10,8,CELL::BLR|COK|2026-09-07|Economy Saver|T1(0-2)::ROUND::2026-09-06T09:00::FLT::AI|AI-512|11:45;CELL::BLR|COK|2026-09-13|Economy Saver|T7(5-9)::ROUND::2026-09-06T09:00::FLT::6E|6E-521|21:30;CELL::BLR|COK|2026-09-21|Economy Saver|T15(12-18)::ROUND::2026-09-06T09:00::FLT::AI|AI-512|11:45;CELL::BLR|COK|2026-09-21|Economy Saver|T15(12-18)::ROUND::2026-09-06T09:00::FLT::IX|IX-431|19:30;CELL::BLR|COK|2026-10-06|Economy Saver|T30(25-35)::ROUND::2026-09-06T09:00::FLT::6E|6E-521|21:30;CELL::BLR|COK|2026-10-06|Economy Saver|T30(25-35)::ROUND::2026-09-06T09:00::FLT::IX|IX-431|19:30;CELL::BLR|COK|2026-10-22|Economy Saver|T45(40-50)::ROUND::2026-09-06T09:00::FLT::AI|AI-512|11:45;CELL::BLR|COK|2026-10-22|Economy Saver|T45(40-50)::ROUND::2026-09-06T09:00::FLT::IX|IX-431|19:30,2026-09-07;2026-09-13;2026-09-21;2026-10-06;2026-10-22,5,T1(0-2);T15(12-18);T30(25-35);T45(40-50);T7(5-9),5,CELL::BLR|COK|2026-09-07|Economy Saver|T1(0-2)::ROUND::2026-09-06T09:00;CELL::BLR|COK|2026-09-13|Economy Saver|T7(5-9)::ROUND::2026-09-06T09:00;CELL::BLR|COK|2026-09-21|Economy Saver|T15(12-18)::ROUND::2026-09-06T09:00;CELL::BLR|COK|2026-10-06|Economy Saver|T30(25-35)::ROUND::2026-09-06T09:00;CELL::BLR|COK|2026-10-22|Economy Saver|T45(40-50)::ROUND::2026-09-06T09:00,MIDPOINT_MEDIAN,phase10-v1
RCLASS::BLR-COK|Economy Saver|ROUND::2026-09-06T14:30,BLR-COK,Economy Saver,ROUND::2026-09-06T14:30,2026-09-06 14:30,ANCHORED,5,RSERIES::BLR-COK|Economy Saver|T1(0-2)|2026-09-07|ROUND::2026-09-06T14:30;RSERIES::BLR-COK|Economy Saver|T15(12-18)|2026-09-21|ROUND::2026-09-06T14:30;RSERIES::BLR-COK|Economy Saver|T30(25-35)|2026-10-06|ROUND::2026-09-06T14:30;RSERIES::BLR-COK|Economy Saver|T45(40-50)|2026-10-22|ROUND::2026-09-06T14:30;RSERIES::BLR-COK|Economy Saver|T7(5-9)|2026-09-13|ROUND::2026-09-06T14:30,BLR,COK,BLR-COK,EXACT_KEY_MATCH,scripts/build_vayu_route_basket.py::make_route_id,True,IN_BASKET,BASKET_SCOPED,14,0.03525,True,OBSERVED,PRICED,5766.50,5070.75,7788.00,0.535867,5,5,0,0,0,0,1,4,INFO,R09,2,R06,False,0,COHERENT_MARKET_MOVEMENT;ISOLATED_DEVIATION,14,14,OBS02469;OBS02473;OBS02474;OBS02477;OBS02478;OBS02482;OBS02483;OBS02486;OBS02488;OBS02491;OBS02497;OBS02498;OBS02499;OBS02500,0,0,14,9,CELL::BLR|COK|2026-09-07|Economy Saver|T1(0-2)::ROUND::2026-09-06T14:30::FLT::6E|6E-521|21:30;CELL::BLR|COK|2026-09-13|Economy Saver|T7(5-9)::ROUND::2026-09-06T14:30::FLT::AI|AI-512|11:45;CELL::BLR|COK|2026-09-21|Economy Saver|T15(12-18)::ROUND::2026-09-06T14:30::FLT::6E|6E-521|21:30;CELL::BLR|COK|2026-09-21|Economy Saver|T15(12-18)::ROUND::2026-09-06T14:30::FLT::AI|AI-512|11:45;CELL::BLR|COK|2026-09-21|Economy Saver|T15(12-18)::ROUND::2026-09-06T14:30::FLT::IX|IX-431|19:30;CELL::BLR|COK|2026-10-06|Economy Saver|T30(25-35)::ROUND::2026-09-06T14:30::FLT::AI|AI-512|11:45;CELL::BLR|COK|2026-10-06|Economy Saver|T30(25-35)::ROUND::2026-09-06T14:30::FLT::IX|IX-431|19:30;CELL::BLR|COK|2026-10-22|Economy Saver|T45(40-50)::ROUND::2026-09-06T14:30::FLT::6E|6E-521|21:30;CELL::BLR|COK|2026-10-22|Economy Saver|T45(40-50)::ROUND::2026-09-06T14:30::FLT::AI|AI-512|11:45,2026-09-07;2026-09-13;2026-09-21;2026-10-06;2026-10-22,5,T1(0-2);T15(12-18);T30(25-35);T45(40-50);T7(5-9),5,CELL::BLR|COK|2026-09-07|Economy Saver|T1(0-2)::ROUND::2026-09-06T14:30;CELL::BLR|COK|2026-09-13|Economy Saver|T7(5-9)::ROUND::2026-09-06T14:30;CELL::BLR|COK|2026-09-21|Economy Saver|T15(12-18)::ROUND::2026-09-06T14:30;CELL::BLR|COK|2026-10-06|Economy Saver|T30(25-35)::ROUND::2026-09-06T14:30;CELL::BLR|COK|2026-10-22|Economy Saver|T45(40-50)::ROUND::2026-09-06T14:30,MIDPOINT_MEDIAN,phase10-v1
RCLASS::BLR-COK|Economy Standard|ROUND::2026-09-05T09:00,BLR-COK,Economy Standard,ROUND::2026-09-05T09:00,2026-09-05 09:00,ANCHORED,4,RSERIES::BLR-COK|Economy Standard|T1(0-2)|2026-09-07|ROUND::2026-09-05T09:00;RSERIES::BLR-COK|Economy Standard|T15(12-18)|2026-09-21|ROUND::2026-09-05T09:00;RSERIES::BLR-COK|Economy Standard|T30(25-35)|2026-10-06|ROUND::2026-09-05T09:00;RSERIES::BLR-COK|Economy Standard|T7(5-9)|2026-09-13|ROUND::2026-09-05T09:00,BLR,COK,BLR-COK,EXACT_KEY_MATCH,scripts/build_vayu_route_basket.py::make_route_id,True,IN_BASKET,BASKET_SCOPED,14,0.03525,True,OBSERVED,PRICED,7689.00,6502.50,9479.50,0.457824,4,4,0,0,0,0,0,4,NONE,,4,R05;R06,False,0,COHERENT_MARKET_MOVEMENT;ISOLATED_DEVIATION,13,13,OBS00449;OBS00450;OBS00453;OBS00454;OBS00456;OBS00460;OBS00461;OBS00463;OBS00465;OBS00466;OBS00473;OBS00475;OBS00476,0,0,13,9,CELL::BLR|COK|2026-09-07|Economy Standard|T1(0-2)::ROUND::2026-09-05T09:00::FLT::6E|6E-521|21:30;CELL::BLR|COK|2026-09-13|Economy Standard|T7(5-9)::ROUND::2026-09-05T09:00::FLT::6E|6E-521|21:30;CELL::BLR|COK|2026-09-13|Economy Standard|T7(5-9)::ROUND::2026-09-05T09:00::FLT::AI|AI-512|11:45;CELL::BLR|COK|2026-09-13|Economy Standard|T7(5-9)::ROUND::2026-09-05T09:00::FLT::IX|IX-431|19:30;CELL::BLR|COK|2026-09-21|Economy Standard|T15(12-18)::ROUND::2026-09-05T09:00::FLT::6E|6E-521|21:30;CELL::BLR|COK|2026-09-21|Economy Standard|T15(12-18)::ROUND::2026-09-05T09:00::FLT::AI|AI-512|11:45;CELL::BLR|COK|2026-10-06|Economy Standard|T30(25-35)::ROUND::2026-09-05T09:00::FLT::6E|6E-521|21:30;CELL::BLR|COK|2026-10-06|Economy Standard|T30(25-35)::ROUND::2026-09-05T09:00::FLT::AI|AI-512|11:45;CELL::BLR|COK|2026-10-06|Economy Standard|T30(25-35)::ROUND::2026-09-05T09:00::FLT::IX|IX-431|19:30,2026-09-07;2026-09-13;2026-09-21;2026-10-06,4,T1(0-2);T15(12-18);T30(25-35);T7(5-9),4,CELL::BLR|COK|2026-09-07|Economy Standard|T1(0-2)::ROUND::2026-09-05T09:00;CELL::BLR|COK|2026-09-13|Economy Standard|T7(5-9)::ROUND::2026-09-05T09:00;CELL::BLR|COK|2026-09-21|Economy Standard|T15(12-18)::ROUND::2026-09-05T09:00;CELL::BLR|COK|2026-10-06|Economy Standard|T30(25-35)::ROUND::2026-09-05T09:00,MIDPOINT_MEDIAN,phase10-v1
RCLASS::BLR-COK|Economy Standard|ROUND::2026-09-05T14:30,BLR-COK,Economy Standard,ROUND::2026-09-05T14:30,2026-09-05 14:30,ANCHORED,5,RSERIES::BLR-COK|Economy Standard|T1(0-2)|2026-09-07|ROUND::2026-09-05T14:30;RSERIES::BLR-COK|Economy Standard|T15(12-18)|2026-09-21|ROUND::2026-09-05T14:30;RSERIES::BLR-COK|Economy Standard|T30(25-35)|2026-10-06|ROUND::2026-09-05T14:30;RSERIES::BLR-COK|Economy Standard|T45(40-50)|2026-10-22|ROUND::2026-09-05T14:30;RSERIES::BLR-COK|Economy Standard|T7(5-9)|2026-09-13|ROUND::2026-09-05T14:30,BLR,COK,BLR-COK,EXACT_KEY_MATCH,scripts/build_vayu_route_basket.py::make_route_id,True,IN_BASKET,BASKET_SCOPED,14,0.03525,True,OBSERVED,PRICED,7324.00,6694.00,9652.25,0.441926,5,5,0,0,0,0,0,5,NONE,,5,R05;R06,False,0,COHERENT_MARKET_MOVEMENT;ISOLATED_DEVIATION,15,15,OBS00936;OBS00937;OBS00939;OBS00940;OBS00947;OBS00953;OBS00954;OBS00955;OBS00956;OBS00966;OBS00969;OBS00971;OBS00972;OBS00973;OBS00974,0,0,15,9,CELL::BLR|COK|2026-09-07|Economy Standard|T1(0-2)::ROUND::2026-09-05T14:30::FLT::6E|6E-521|21:30;CELL::BLR|COK|2026-09-07|Economy Standard|T1(0-2)::ROUND::2026-09-05T14:30::FLT::IX|IX-431|19:30;CELL::BLR|COK|2026-09-13|Economy Standard|T7(5-9)::ROUND::2026-09-05T14:30::FLT::6E|6E-521|21:30;CELL::BLR|COK|2026-09-13|Economy Standard|T7(5-9)::ROUND::2026-09-05T14:30::FLT::AI|AI-512|11:45;CELL::BLR|COK|2026-09-21|Economy Standard|T15(12-18)::ROUND::2026-09-05T14:30::FLT::AI|AI-512|11:45;CELL::BLR|COK|2026-09-21|Economy Standard|T15(12-18)::ROUND::2026-09-05T14:30::FLT::IX|IX-431|19:30;CELL::BLR|COK|2026-10-06|Economy Standard|T30(25-35)::ROUND::2026-09-05T14:30::FLT::IX|IX-431|19:30;CELL::BLR|COK|2026-10-22|Economy Standard|T45(40-50)::ROUND::2026-09-05T14:30::FLT::6E|6E-521|21:30;CELL::BLR|COK|2026-10-22|Economy Standard|T45(40-50)::ROUND::2026-09-05T14:30::FLT::IX|IX-431|19:30,2026-09-07;2026-09-13;2026-09-21;2026-10-06;2026-10-22,5,T1(0-2);T15(12-18);T30(25-35);T45(40-50);T7(5-9),5,CELL::BLR|COK|2026-09-07|Economy Standard|T1(0-2)::ROUND::2026-09-05T14:30;CELL::BLR|COK|2026-09-13|Economy Standard|T7(5-9)::ROUND::2026-09-05T14:30;CELL::BLR|COK|2026-09-21|Economy Standard|T15(12-18)::ROUND::2026-09-05T14:30;CELL::BLR|COK|2026-10-06|Economy Standard|T30(25-35)::ROUND::2026-09-05T14:30;CELL::BLR|COK|2026-10-22|Economy Standard|T45(40-50)::ROUND::2026-09-05T14:30,MIDPOINT_MEDIAN,phase10-v1
RCLASS::BLR-COK|Economy Standard|ROUND::2026-09-05T20:15,BLR-COK,Economy Standard,ROUND::2026-09-05T20:15,2026-09-05 20:15,ANCHORED,5,RSERIES::BLR-COK|Economy Standard|T1(0-2)|2026-09-07|ROUND::2026-09-05T20:15;RSERIES::BLR-COK|Economy Standard|T15(12-18)|2026-09-21|ROUND::2026-09-05T20:15;RSERIES::BLR-COK|Economy Standard|T30(25-35)|2026-10-06|ROUND::2026-09-05T20:15;RSERIES::BLR-COK|Economy Standard|T45(40-50)|2026-10-22|ROUND::2026-09-05T20:15;RSERIES::BLR-COK|Economy Standard|T7(5-9)|2026-09-13|ROUND::2026-09-05T20:15,BLR,COK,BLR-COK,EXACT_KEY_MATCH,scripts/build_vayu_route_basket.py::make_route_id,True,IN_BASKET,BASKET_SCOPED,14,0.03525,True,OBSERVED,PRICED,7352.50,6466.50,9560.00,0.478389,5,5,0,0,0,0,0,5,NONE,,5,R05;R06,False,0,COHERENT_MARKET_MOVEMENT;ISOLATED_DEVIATION,17,17,OBS01457;OBS01458;OBS01462;OBS01463;OBS01464;OBS01470;OBS01471;OBS01474;OBS01475;OBS01478;OBS01482;OBS01488;OBS01490;OBS01491;OBS01492;OBS01493;OBS01494,0,0,17,11,CELL::BLR|COK|2026-09-07|Economy Standard|T1(0-2)::ROUND::2026-09-05T20:15::FLT::AI|AI-512|11:45;CELL::BLR|COK|2026-09-13|Economy Standard|T7(5-9)::ROUND::2026-09-05T20:15::FLT::6E|6E-521|21:30;CELL::BLR|COK|2026-09-13|Economy Standard|T7(5-9)::ROUND::2026-09-05T20:15::FLT::AI|AI-512|11:45;CELL::BLR|COK|2026-09-13|Economy Standard|T7(5-9)::ROUND::2026-09-05T20:15::FLT::IX|IX-431|19:30;CELL::BLR|COK|2026-09-21|Economy Standard|T15(12-18)::ROUND::2026-09-05T20:15::FLT::6E|6E-521|21:30;CELL::BLR|COK|2026-09-21|Economy Standard|T15(12-18)::ROUND::2026-09-05T20:15::FLT::AI|AI-512|11:45;CELL::BLR|COK|2026-09-21|Economy Standard|T15(12-18)::ROUND::2026-09-05T20:15::FLT::IX|IX-431|19:30;CELL::BLR|COK|2026-10-06|Economy Standard|T30(25-35)::ROUND::2026-09-05T20:15::FLT::6E|6E-521|21:30;CELL::BLR|COK|2026-10-06|Economy Standard|T30(25-35)::ROUND::2026-09-05T20:15::FLT::IX|IX-431|19:30;CELL::BLR|COK|2026-10-22|Economy Standard|T45(40-50)::ROUND::2026-09-05T20:15::FLT::AI|AI-512|11:45;CELL::BLR|COK|2026-10-22|Economy Standard|T45(40-50)::ROUND::2026-09-05T20:15::FLT::IX|IX-431|19:30,2026-09-07;2026-09-13;2026-09-21;2026-10-06;2026-10-22,5,T1(0-2);T15(12-18);T30(25-35);T45(40-50);T7(5-9),5,CELL::BLR|COK|2026-09-07|Economy Standard|T1(0-2)::ROUND::2026-09-05T20:15;CELL::BLR|COK|2026-09-13|Economy Standard|T7(5-9)::ROUND::2026-09-05T20:15;CELL::BLR|COK|2026-09-21|Economy Standard|T15(12-18)::ROUND::2026-09-05T20:15;CELL::BLR|COK|2026-10-06|Economy Standard|T30(25-35)::ROUND::2026-09-05T20:15;CELL::BLR|COK|2026-10-22|Economy Standard|T45(40-50)::ROUND::2026-09-05T20:15,MIDPOINT_MEDIAN,phase10-v1
RCLASS::BLR-COK|Economy Standard|ROUND::2026-09-06T09:00,BLR-COK,Economy Standard,ROUND::2026-09-06T09:00,2026-09-06 09:00,ANCHORED,5,RSERIES::BLR-COK|Economy Standard|T1(0-2)|2026-09-07|ROUND::2026-09-06T09:00;RSERIES::BLR-COK|Economy Standard|T15(12-18)|2026-09-21|ROUND::2026-09-06T09:00;RSERIES::BLR-COK|Economy Standard|T30(25-35)|2026-10-06|ROUND::2026-09-06T09:00;RSERIES::BLR-COK|Economy Standard|T45(40-50)|2026-10-22|ROUND::2026-09-06T09:00;RSERIES::BLR-COK|Economy Standard|T7(5-9)|2026-09-13|ROUND::2026-09-06T09:00,BLR,COK,BLR-COK,EXACT_KEY_MATCH,scripts/build_vayu_route_basket.py::make_route_id,True,IN_BASKET,BASKET_SCOPED,14,0.03525,True,OBSERVED,PRICED,7195.50,6341.00,10136.00,0.598486,5,5,0,0,0,0,4,1,INFO,R09,5,R05;R06,False,0,COHERENT_MARKET_MOVEMENT;ISOLATED_DEVIATION,7,7,OBS01984;OBS01990;OBS01991;OBS01992;OBS01994;OBS01999;OBS02003,0,0,7,6,CELL::BLR|COK|2026-09-07|Economy Standard|T1(0-2)::ROUND::2026-09-06T09:00::FLT::IX|IX-431|19:30;CELL::BLR|COK|2026-09-13|Economy Standard|T7(5-9)::ROUND::2026-09-06T09:00::FLT::AI|AI-512|11:45;CELL::BLR|COK|2026-09-21|Economy Standard|T15(12-18)::ROUND::2026-09-06T09:00::FLT::AI|AI-512|11:45;CELL::BLR|COK|2026-09-21|Economy Standard|T15(12-18)::ROUND::2026-09-06T09:00::FLT::IX|IX-431|19:30;CELL::BLR|COK|2026-10-06|Economy Standard|T30(25-35)::ROUND::2026-09-06T09:00::FLT::AI|AI-512|11:45;CELL::BLR|COK|2026-10-22|Economy Standard|T45(40-50)::ROUND::2026-09-06T09:00::FLT::6E|6E-521|21:30,2026-09-07;2026-09-13;2026-09-21;2026-10-06;2026-10-22,5,T1(0-2);T15(12-18);T30(25-35);T45(40-50);T7(5-9),5,CELL::BLR|COK|2026-09-07|Economy Standard|T1(0-2)::ROUND::2026-09-06T09:00;CELL::BLR|COK|2026-09-13|Economy Standard|T7(5-9)::ROUND::2026-09-06T09:00;CELL::BLR|COK|2026-09-21|Economy Standard|T15(12-18)::ROUND::2026-09-06T09:00;CELL::BLR|COK|2026-10-06|Economy Standard|T30(25-35)::ROUND::2026-09-06T09:00;CELL::BLR|COK|2026-10-22|Economy Standard|T45(40-50)::ROUND::2026-09-06T09:00,MIDPOINT_MEDIAN,phase10-v1
RCLASS::BLR-COK|Economy Standard|ROUND::2026-09-06T14:30,BLR-COK,Economy Standard,ROUND::2026-09-06T14:30,2026-09-06 14:30,ANCHORED,4,RSERIES::BLR-COK|Economy Standard|T1(0-2)|2026-09-07|ROUND::2026-09-06T14:30;RSERIES::BLR-COK|Economy Standard|T30(25-35)|2026-10-06|ROUND::2026-09-06T14:30;RSERIES::BLR-COK|Economy Standard|T45(40-50)|2026-10-22|ROUND::2026-09-06T14:30;RSERIES::BLR-COK|Economy Standard|T7(5-9)|2026-09-13|ROUND::2026-09-06T14:30,BLR,COK,BLR-COK,EXACT_KEY_MATCH,scripts/build_vayu_route_basket.py::make_route_id,True,IN_BASKET,BASKET_SCOPED,14,0.03525,True,OBSERVED,PRICED,7718.50,6531.50,9629.50,0.474317,4,4,0,0,0,0,0,4,NONE,,1,R06,False,0,COHERENT_MARKET_MOVEMENT;ISOLATED_DEVIATION,13,13,OBS02470;OBS02480;OBS02481;OBS02484;OBS02485;OBS02489;OBS02490;OBS02492;OBS02493;OBS02501;OBS02502;OBS02503;OBS02504,0,0,13,8,CELL::BLR|COK|2026-09-07|Economy Standard|T1(0-2)::ROUND::2026-09-06T14:30::FLT::AI|AI-512|11:45;CELL::BLR|COK|2026-09-07|Economy Standard|T1(0-2)::ROUND::2026-09-06T14:30::FLT::IX|IX-431|19:30;CELL::BLR|COK|2026-09-13|Economy Standard|T7(5-9)::ROUND::2026-09-06T14:30::FLT::6E|6E-521|21:30;CELL::BLR|COK|2026-09-13|Economy Standard|T7(5-9)::ROUND::2026-09-06T14:30::FLT::AI|AI-512|11:45;CELL::BLR|COK|2026-09-13|Economy Standard|T7(5-9)::ROUND::2026-09-06T14:30::FLT::IX|IX-431|19:30;CELL::BLR|COK|2026-10-06|Economy Standard|T30(25-35)::ROUND::2026-09-06T14:30::FLT::AI|AI-512|11:45;CELL::BLR|COK|2026-10-06|Economy Standard|T30(25-35)::ROUND::2026-09-06T14:30::FLT::IX|IX-431|19:30;CELL::BLR|COK|2026-10-22|Economy Standard|T45(40-50)::ROUND::2026-09-06T14:30::FLT::IX|IX-431|19:30,2026-09-07;2026-09-13;2026-10-06;2026-10-22,4,T1(0-2);T30(25-35);T45(40-50);T7(5-9),4,CELL::BLR|COK|2026-09-07|Economy Standard|T1(0-2)::ROUND::2026-09-06T14:30;CELL::BLR|COK|2026-09-13|Economy Standard|T7(5-9)::ROUND::2026-09-06T14:30;CELL::BLR|COK|2026-10-06|Economy Standard|T30(25-35)::ROUND::2026-09-06T14:30;CELL::BLR|COK|2026-10-22|Economy Standard|T45(40-50)::ROUND::2026-09-06T14:30,MIDPOINT_MEDIAN,phase10-v1
RCLASS::BLR-COK|Economy Standard|ROUND::2026-09-07T14:30,BLR-COK,Economy Standard,ROUND::2026-09-07T14:30,2026-09-07 14:30,ANCHORED,1,RSERIES::BLR-COK|Economy Standard|T45(40-50)|2026-10-22|ROUND::2026-09-07T14:30,BLR,COK,BLR-COK,EXACT_KEY_MATCH,scripts/build_vayu_route_basket.py::make_route_id,True,IN_BASKET,BASKET_SCOPED,14,0.03525,True,OBSERVED,PRICED,6279.00,6279.00,6279.00,0.000000,1,1,0,0,0,0,1,0,INFO,R09,0,,False,0,ISOLATED_DEVIATION,1,1,OBS02991,0,0,1,1,CELL::BLR|COK|2026-10-22|Economy Standard|T45(40-50)::ROUND::2026-09-07T14:30::FLT::6E|6E-521|12:00,2026-10-22,1,T45(40-50),1,CELL::BLR|COK|2026-10-22|Economy Standard|T45(40-50)::ROUND::2026-09-07T14:30,MIDPOINT_MEDIAN,phase10-v1
RCLASS::DEL-IDR|Economy Flexi|ROUND::2026-09-05T09:00,DEL-IDR,Economy Flexi,ROUND::2026-09-05T09:00,2026-09-05 09:00,ANCHORED,4,RSERIES::DEL-IDR|Economy Flexi|T15(12-18)|2026-09-21|ROUND::2026-09-05T09:00;RSERIES::DEL-IDR|Economy Flexi|T30(25-35)|2026-10-06|ROUND::2026-09-05T09:00;RSERIES::DEL-IDR|Economy Flexi|T45(40-50)|2026-10-22|ROUND::2026-09-05T09:00;RSERIES::DEL-IDR|Economy Flexi|T7(5-9)|2026-09-13|ROUND::2026-09-05T09:00,DEL,IDR,DEL-IDR,EXACT_KEY_MATCH,scripts/build_vayu_route_basket.py::make_route_id,True,IN_BASKET,BASKET_SCOPED,15,0.02194,True,OBSERVED,PRICED,8267.00,7969.75,10451.50,0.311396,4,4,0,0,0,0,1,3,INFO,R09,4,R05;R06,False,0,COHERENT_MARKET_MOVEMENT;ISOLATED_DEVIATION,16,16,OBS00483;OBS00484;OBS00487;OBS00488;OBS00492;OBS00493;OBS00496;OBS00497;OBS00498;OBS00500;OBS00501;OBS00502;OBS00503;OBS00510;OBS00515;OBS00516,0,0,16,9,CELL::DEL|IDR|2026-09-13|Economy Flexi|T7(5-9)::ROUND::2026-09-05T09:00::FLT::6E|6E-284|20:30;CELL::DEL|IDR|2026-09-13|Economy Flexi|T7(5-9)::ROUND::2026-09-05T09:00::FLT::AI|AI-635|16:30;CELL::DEL|IDR|2026-09-13|Economy Flexi|T7(5-9)::ROUND::2026-09-05T09:00::FLT::IX|IX-221|11:45;CELL::DEL|IDR|2026-09-21|Economy Flexi|T15(12-18)::ROUND::2026-09-05T09:00::FLT::AI|AI-635|16:30;CELL::DEL|IDR|2026-10-06|Economy Flexi|T30(25-35)::ROUND::2026-09-05T09:00::FLT::6E|6E-284|20:30;CELL::DEL|IDR|2026-10-06|Economy Flexi|T30(25-35)::ROUND::2026-09-05T09:00::FLT::AI|AI-635|16:30;CELL::DEL|IDR|2026-10-06|Economy Flexi|T30(25-35)::ROUND::2026-09-05T09:00::FLT::IX|IX-221|11:45;CELL::DEL|IDR|2026-10-22|Economy Flexi|T45(40-50)::ROUND::2026-09-05T09:00::FLT::6E|6E-284|20:30;CELL::DEL|IDR|2026-10-22|Economy Flexi|T45(40-50)::ROUND::2026-09-05T09:00::FLT::AI|AI-635|16:30,2026-09-13;2026-09-21;2026-10-06;2026-10-22,4,T15(12-18);T30(25-35);T45(40-50);T7(5-9),4,CELL::DEL|IDR|2026-09-13|Economy Flexi|T7(5-9)::ROUND::2026-09-05T09:00;CELL::DEL|IDR|2026-09-21|Economy Flexi|T15(12-18)::ROUND::2026-09-05T09:00;CELL::DEL|IDR|2026-10-06|Economy Flexi|T30(25-35)::ROUND::2026-09-05T09:00;CELL::DEL|IDR|2026-10-22|Economy Flexi|T45(40-50)::ROUND::2026-09-05T09:00,MIDPOINT_MEDIAN,phase10-v1
RCLASS::DEL-IDR|Economy Flexi|ROUND::2026-09-05T14:30,DEL-IDR,Economy Flexi,ROUND::2026-09-05T14:30,2026-09-05 14:30,ANCHORED,4,RSERIES::DEL-IDR|Economy Flexi|T1(0-2)|2026-09-07|ROUND::2026-09-05T14:30;RSERIES::DEL-IDR|Economy Flexi|T15(12-18)|2026-09-21|ROUND::2026-09-05T14:30;RSERIES::DEL-IDR|Economy Flexi|T30(25-35)|2026-10-06|ROUND::2026-09-05T14:30;RSERIES::DEL-IDR|Economy Flexi|T7(5-9)|2026-09-13|ROUND::2026-09-05T14:30,DEL,IDR,DEL-IDR,EXACT_KEY_MATCH,scripts/build_vayu_route_basket.py::make_route_id,True,IN_BASKET,BASKET_SCOPED,15,0.02194,True,OBSERVED,PRICED,9703.75,8089.50,11932.50,0.475060,4,4,0,0,0,0,1,3,INFO,R09,4,R05;R06,False,0,COHERENT_MARKET_MOVEMENT;ISOLATED_DEVIATION,10,10,OBS00981;OBS00982;OBS00985;OBS00986;OBS00997;OBS00998;OBS01005;OBS01006;OBS01007;OBS01008,0,0,10,6,CELL::DEL|IDR|2026-09-07|Economy Flexi|T1(0-2)::ROUND::2026-09-05T14:30::FLT::IX|IX-221|11:45;CELL::DEL|IDR|2026-09-13|Economy Flexi|T7(5-9)::ROUND::2026-09-05T14:30::FLT::IX|IX-221|11:45;CELL::DEL|IDR|2026-09-21|Economy Flexi|T15(12-18)::ROUND::2026-09-05T14:30::FLT::6E|6E-284|20:30;CELL::DEL|IDR|2026-09-21|Economy Flexi|T15(12-18)::ROUND::2026-09-05T14:30::FLT::AI|AI-635|16:30;CELL::DEL|IDR|2026-09-21|Economy Flexi|T15(12-18)::ROUND::2026-09-05T14:30::FLT::IX|IX-221|11:45;CELL::DEL|IDR|2026-10-06|Economy Flexi|T30(25-35)::ROUND::2026-09-05T14:30::FLT::6E|6E-284|20:30,2026-09-07;2026-09-13;2026-09-21;2026-10-06,4,T1(0-2);T15(12-18);T30(25-35);T7(5-9),4,CELL::DEL|IDR|2026-09-07|Economy Flexi|T1(0-2)::ROUND::2026-09-05T14:30;CELL::DEL|IDR|2026-09-13|Economy Flexi|T7(5-9)::ROUND::2026-09-05T14:30;CELL::DEL|IDR|2026-09-21|Economy Flexi|T15(12-18)::ROUND::2026-09-05T14:30;CELL::DEL|IDR|2026-10-06|Economy Flexi|T30(25-35)::ROUND::2026-09-05T14:30,MIDPOINT_MEDIAN,phase10-v1
RCLASS::DEL-IDR|Economy Flexi|ROUND::2026-09-05T20:15,DEL-IDR,Economy Flexi,ROUND::2026-09-05T20:15,2026-09-05 20:15,ANCHORED,5,RSERIES::DEL-IDR|Economy Flexi|T1(0-2)|2026-09-07|ROUND::2026-09-05T20:15;RSERIES::DEL-IDR|Economy Flexi|T15(12-18)|2026-09-21|ROUND::2026-09-05T20:15;RSERIES::DEL-IDR|Economy Flexi|T30(25-35)|2026-10-06|ROUND::2026-09-05T20:15;RSERIES::DEL-IDR|Economy Flexi|T45(40-50)|2026-10-22|ROUND::2026-09-05T20:15;RSERIES::DEL-IDR|Economy Flexi|T7(5-9)|2026-09-13|ROUND::2026-09-05T20:15,DEL,IDR,DEL-IDR,EXACT_KEY_MATCH,scripts/build_vayu_route_basket.py::make_route_id,True,IN_BASKET,BASKET_SCOPED,15,0.02194,True,OBSERVED,PRICED,9074.00,7939.50,11114.00,0.399836,5,5,0,0,0,0,3,2,INFO,R09,5,R05;R06,False,0,COHERENT_MARKET_MOVEMENT;ISOLATED_DEVIATION,9,9,OBS01497;OBS01502;OBS01515;OBS01518;OBS01519;OBS01520;OBS01525;OBS01527;OBS01528,0,0,9,7,CELL::DEL|IDR|2026-09-07|Economy Flexi|T1(0-2)::ROUND::2026-09-05T20:15::FLT::IX|IX-221|11:45;CELL::DEL|IDR|2026-09-13|Economy Flexi|T7(5-9)::ROUND::2026-09-05T20:15::FLT::6E|6E-284|20:30;CELL::DEL|IDR|2026-09-13|Economy Flexi|T7(5-9)::ROUND::2026-09-05T20:15::FLT::IX|IX-221|11:45;CELL::DEL|IDR|2026-09-21|Economy Flexi|T15(12-18)::ROUND::2026-09-05T20:15::FLT::IX|IX-221|11:45;CELL::DEL|IDR|2026-10-06|Economy Flexi|T30(25-35)::ROUND::2026-09-05T20:15::FLT::6E|6E-284|20:30;CELL::DEL|IDR|2026-10-06|Economy Flexi|T30(25-35)::ROUND::2026-09-05T20:15::FLT::IX|IX-221|11:45;CELL::DEL|IDR|2026-10-22|Economy Flexi|T45(40-50)::ROUND::2026-09-05T20:15::FLT::AI|AI-635|16:30,2026-09-07;2026-09-13;2026-09-21;2026-10-06;2026-10-22,5,T1(0-2);T15(12-18);T30(25-35);T45(40-50);T7(5-9),5,CELL::DEL|IDR|2026-09-07|Economy Flexi|T1(0-2)::ROUND::2026-09-05T20:15;CELL::DEL|IDR|2026-09-13|Economy Flexi|T7(5-9)::ROUND::2026-09-05T20:15;CELL::DEL|IDR|2026-09-21|Economy Flexi|T15(12-18)::ROUND::2026-09-05T20:15;CELL::DEL|IDR|2026-10-06|Economy Flexi|T30(25-35)::ROUND::2026-09-05T20:15;CELL::DEL|IDR|2026-10-22|Economy Flexi|T45(40-50)::ROUND::2026-09-05T20:15,MIDPOINT_MEDIAN,phase10-v1
RCLASS::DEL-IDR|Economy Flexi|ROUND::2026-09-06T09:00,DEL-IDR,Economy Flexi,ROUND::2026-09-06T09:00,2026-09-06 09:00,ANCHORED,3,RSERIES::DEL-IDR|Economy Flexi|T1(0-2)|2026-09-07|ROUND::2026-09-06T09:00;RSERIES::DEL-IDR|Economy Flexi|T15(12-18)|2026-09-21|ROUND::2026-09-06T09:00;RSERIES::DEL-IDR|Economy Flexi|T7(5-9)|2026-09-13|ROUND::2026-09-06T09:00,DEL,IDR,DEL-IDR,EXACT_KEY_MATCH,scripts/build_vayu_route_basket.py::make_route_id,True,IN_BASKET,BASKET_SCOPED,15,0.02194,True,OBSERVED,PRICED,10610.00,8955.25,11929.25,0.332096,3,3,0,0,0,0,0,3,NONE,,3,R05;R06,False,0,COHERENT_MARKET_MOVEMENT,9,9,OBS02008;OBS02016;OBS02017;OBS02018;OBS02028;OBS02029;OBS02030;OBS02031;OBS02032,0,0,9,6,CELL::DEL|IDR|2026-09-07|Economy Flexi|T1(0-2)::ROUND::2026-09-06T09:00::FLT::6E|6E-284|20:30;CELL::DEL|IDR|2026-09-07|Economy Flexi|T1(0-2)::ROUND::2026-09-06T09:00::FLT::IX|IX-221|11:45;CELL::DEL|IDR|2026-09-13|Economy Flexi|T7(5-9)::ROUND::2026-09-06T09:00::FLT::AI|AI-635|16:30;CELL::DEL|IDR|2026-09-13|Economy Flexi|T7(5-9)::ROUND::2026-09-06T09:00::FLT::IX|IX-221|11:45;CELL::DEL|IDR|2026-09-21|Economy Flexi|T15(12-18)::ROUND::2026-09-06T09:00::FLT::AI|AI-635|16:30;CELL::DEL|IDR|2026-09-21|Economy Flexi|T15(12-18)::ROUND::2026-09-06T09:00::FLT::IX|IX-221|11:45,2026-09-07;2026-09-13;2026-09-21,3,T1(0-2);T15(12-18);T7(5-9),3,CELL::DEL|IDR|2026-09-07|Economy Flexi|T1(0-2)::ROUND::2026-09-06T09:00;CELL::DEL|IDR|2026-09-13|Economy Flexi|T7(5-9)::ROUND::2026-09-06T09:00;CELL::DEL|IDR|2026-09-21|Economy Flexi|T15(12-18)::ROUND::2026-09-06T09:00,MIDPOINT_MEDIAN,phase10-v1
RCLASS::DEL-IDR|Economy Flexi|ROUND::2026-09-06T14:30,DEL-IDR,Economy Flexi,ROUND::2026-09-06T14:30,2026-09-06 14:30,ANCHORED,4,RSERIES::DEL-IDR|Economy Flexi|T1(0-2)|2026-09-07|ROUND::2026-09-06T14:30;RSERIES::DEL-IDR|Economy Flexi|T15(12-18)|2026-09-21|ROUND::2026-09-06T14:30;RSERIES::DEL-IDR|Economy Flexi|T30(25-35)|2026-10-06|ROUND::2026-09-06T14:30;RSERIES::DEL-IDR|Economy Flexi|T45(40-50)|2026-10-22|ROUND::2026-09-06T14:30,DEL,IDR,DEL-IDR,EXACT_KEY_MATCH,scripts/build_vayu_route_basket.py::make_route_id,True,IN_BASKET,BASKET_SCOPED,15,0.02194,True,OBSERVED,PRICED,8689.00,8036.50,11963.25,0.488614,4,4,0,0,0,0,1,3,INFO,R09,3,R05;R06,False,0,COHERENT_MARKET_MOVEMENT;ISOLATED_DEVIATION,10,10,OBS02505;OBS02506;OBS02510;OBS02511;OBS02520;OBS02523;OBS02524;OBS02526;OBS02527;OBS02529,0,0,10,7,CELL::DEL|IDR|2026-09-07|Economy Flexi|T1(0-2)::ROUND::2026-09-06T14:30::FLT::6E|6E-284|20:30;CELL::DEL|IDR|2026-09-07|Economy Flexi|T1(0-2)::ROUND::2026-09-06T14:30::FLT::IX|IX-221|11:45;CELL::DEL|IDR|2026-09-21|Economy Flexi|T15(12-18)::ROUND::2026-09-06T14:30::FLT::AI|AI-635|16:30;CELL::DEL|IDR|2026-09-21|Economy Flexi|T15(12-18)::ROUND::2026-09-06T14:30::FLT::IX|IX-221|11:45;CELL::DEL|IDR|2026-10-06|Economy Flexi|T30(25-35)::ROUND::2026-09-06T14:30::FLT::6E|6E-284|20:30;CELL::DEL|IDR|2026-10-06|Economy Flexi|T30(25-35)::ROUND::2026-09-06T14:30::FLT::IX|IX-221|11:45;CELL::DEL|IDR|2026-10-22|Economy Flexi|T45(40-50)::ROUND::2026-09-06T14:30::FLT::AI|AI-635|16:30,2026-09-07;2026-09-21;2026-10-06;2026-10-22,4,T1(0-2);T15(12-18);T30(25-35);T45(40-50),4,CELL::DEL|IDR|2026-09-07|Economy Flexi|T1(0-2)::ROUND::2026-09-06T14:30;CELL::DEL|IDR|2026-09-21|Economy Flexi|T15(12-18)::ROUND::2026-09-06T14:30;CELL::DEL|IDR|2026-10-06|Economy Flexi|T30(25-35)::ROUND::2026-09-06T14:30;CELL::DEL|IDR|2026-10-22|Economy Flexi|T45(40-50)::ROUND::2026-09-06T14:30,MIDPOINT_MEDIAN,phase10-v1
RCLASS::DEL-IDR|Economy Saver|ROUND::2026-09-05T09:00,DEL-IDR,Economy Saver,ROUND::2026-09-05T09:00,2026-09-05 09:00,ANCHORED,5,RSERIES::DEL-IDR|Economy Saver|T1(0-2)|2026-09-07|ROUND::2026-09-05T09:00;RSERIES::DEL-IDR|Economy Saver|T15(12-18)|2026-09-21|ROUND::2026-09-05T09:00;RSERIES::DEL-IDR|Economy Saver|T30(25-35)|2026-10-06|ROUND::2026-09-05T09:00;RSERIES::DEL-IDR|Economy Saver|T45(40-50)|2026-10-22|ROUND::2026-09-05T09:00;RSERIES::DEL-IDR|Economy Saver|T7(5-9)|2026-09-13|ROUND::2026-09-05T09:00,DEL,IDR,DEL-IDR,EXACT_KEY_MATCH,scripts/build_vayu_route_basket.py::make_route_id,True,IN_BASKET,BASKET_SCOPED,15,0.02194,True,OBSERVED,PRICED,5624.50,4960.00,7409.00,0.493750,5,5,0,0,0,0,2,3,INFO,R09,5,R05;R06,False,0,COHERENT_MARKET_MOVEMENT;ISOLATED_DEVIATION,14,14,OBS00481;OBS00482;OBS00486;OBS00491;OBS00494;OBS00495;OBS00504;OBS00505;OBS00506;OBS00507;OBS00513;OBS00514;OBS00517;OBS00519,0,0,14,10,CELL::DEL|IDR|2026-09-07|Economy Saver|T1(0-2)::ROUND::2026-09-05T09:00::FLT::6E|6E-284|20:30;CELL::DEL|IDR|2026-09-07|Economy Saver|T1(0-2)::ROUND::2026-09-05T09:00::FLT::AI|AI-635|16:30;CELL::DEL|IDR|2026-09-07|Economy Saver|T1(0-2)::ROUND::2026-09-05T09:00::FLT::IX|IX-221|11:45;CELL::DEL|IDR|2026-09-13|Economy Saver|T7(5-9)::ROUND::2026-09-05T09:00::FLT::AI|AI-635|16:30;CELL::DEL|IDR|2026-09-21|Economy Saver|T15(12-18)::ROUND::2026-09-05T09:00::FLT::6E|6E-284|20:30;CELL::DEL|IDR|2026-09-21|Economy Saver|T15(12-18)::ROUND::2026-09-05T09:00::FLT::IX|IX-221|11:45;CELL::DEL|IDR|2026-10-06|Economy Saver|T30(25-35)::ROUND::2026-09-05T09:00::FLT::IX|IX-221|11:45;CELL::DEL|IDR|2026-10-22|Economy Saver|T45(40-50)::ROUND::2026-09-05T09:00::FLT::6E|6E-284|20:30;CELL::DEL|IDR|2026-10-22|Economy Saver|T45(40-50)::ROUND::2026-09-05T09:00::FLT::AI|AI-635|16:30;CELL::DEL|IDR|2026-10-22|Economy Saver|T45(40-50)::ROUND::2026-09-05T09:00::FLT::IX|IX-221|11:45,2026-09-07;2026-09-13;2026-09-21;2026-10-06;2026-10-22,5,T1(0-2);T15(12-18);T30(25-35);T45(40-50);T7(5-9),5,CELL::DEL|IDR|2026-09-07|Economy Saver|T1(0-2)::ROUND::2026-09-05T09:00;CELL::DEL|IDR|2026-09-13|Economy Saver|T7(5-9)::ROUND::2026-09-05T09:00;CELL::DEL|IDR|2026-09-21|Economy Saver|T15(12-18)::ROUND::2026-09-05T09:00;CELL::DEL|IDR|2026-10-06|Economy Saver|T30(25-35)::ROUND::2026-09-05T09:00;CELL::DEL|IDR|2026-10-22|Economy Saver|T45(40-50)::ROUND::2026-09-05T09:00,MIDPOINT_MEDIAN,phase10-v1
RCLASS::DEL-IDR|Economy Saver|ROUND::2026-09-05T14:30,DEL-IDR,Economy Saver,ROUND::2026-09-05T14:30,2026-09-05 14:30,ANCHORED,5,RSERIES::DEL-IDR|Economy Saver|T1(0-2)|2026-09-07|ROUND::2026-09-05T14:30;RSERIES::DEL-IDR|Economy Saver|T15(12-18)|2026-09-21|ROUND::2026-09-05T14:30;RSERIES::DEL-IDR|Economy Saver|T30(25-35)|2026-10-06|ROUND::2026-09-05T14:30;RSERIES::DEL-IDR|Economy Saver|T45(40-50)|2026-10-22|ROUND::2026-09-05T14:30;RSERIES::DEL-IDR|Economy Saver|T7(5-9)|2026-09-13|ROUND::2026-09-05T14:30,DEL,IDR,DEL-IDR,EXACT_KEY_MATCH,scripts/build_vayu_route_basket.py::make_route_id,True,IN_BASKET,BASKET_SCOPED,15,0.02194,True,OBSERVED,PRICED,5412.00,5003.50,7509.50,0.500849,5,5,0,0,0,0,1,4,INFO,R09,5,R05;R06,False,0,COHERENT_MARKET_MOVEMENT;ISOLATED_DEVIATION,14,14,OBS00976;OBS00977;OBS00979;OBS00980;OBS00983;OBS00984;OBS00987;OBS00990;OBS00991;OBS00994;OBS00999;OBS01002;OBS01003;OBS01004,0,0,14,9,CELL::DEL|IDR|2026-09-07|Economy Saver|T1(0-2)::ROUND::2026-09-05T14:30::FLT::6E|6E-284|20:30;CELL::DEL|IDR|2026-09-07|Economy Saver|T1(0-2)::ROUND::2026-09-05T14:30::FLT::AI|AI-635|16:30;CELL::DEL|IDR|2026-09-07|Economy Saver|T1(0-2)::ROUND::2026-09-05T14:30::FLT::IX|IX-221|11:45;CELL::DEL|IDR|2026-09-13|Economy Saver|T7(5-9)::ROUND::2026-09-05T14:30::FLT::AI|AI-635|16:30;CELL::DEL|IDR|2026-09-21|Economy Saver|T15(12-18)::ROUND::2026-09-05T14:30::FLT::6E|6E-284|20:30;CELL::DEL|IDR|2026-10-06|Economy Saver|T30(25-35)::ROUND::2026-09-05T14:30::FLT::6E|6E-284|20:30;CELL::DEL|IDR|2026-10-06|Economy Saver|T30(25-35)::ROUND::2026-09-05T14:30::FLT::AI|AI-635|16:30;CELL::DEL|IDR|2026-10-22|Economy Saver|T45(40-50)::ROUND::2026-09-05T14:30::FLT::6E|6E-284|20:30;CELL::DEL|IDR|2026-10-22|Economy Saver|T45(40-50)::ROUND::2026-09-05T14:30::FLT::AI|AI-635|16:30,2026-09-07;2026-09-13;2026-09-21;2026-10-06;2026-10-22,5,T1(0-2);T15(12-18);T30(25-35);T45(40-50);T7(5-9),5,CELL::DEL|IDR|2026-09-07|Economy Saver|T1(0-2)::ROUND::2026-09-05T14:30;CELL::DEL|IDR|2026-09-13|Economy Saver|T7(5-9)::ROUND::2026-09-05T14:30;CELL::DEL|IDR|2026-09-21|Economy Saver|T15(12-18)::ROUND::2026-09-05T14:30;CELL::DEL|IDR|2026-10-06|Economy Saver|T30(25-35)::ROUND::2026-09-05T14:30;CELL::DEL|IDR|2026-10-22|Economy Saver|T45(40-50)::ROUND::2026-09-05T14:30,MIDPOINT_MEDIAN,phase10-v1
RCLASS::DEL-IDR|Economy Saver|ROUND::2026-09-05T20:15,DEL-IDR,Economy Saver,ROUND::2026-09-05T20:15,2026-09-05 20:15,ANCHORED,4,RSERIES::DEL-IDR|Economy Saver|T1(0-2)|2026-09-07|ROUND::2026-09-05T20:15;RSERIES::DEL-IDR|Economy Saver|T15(12-18)|2026-09-21|ROUND::2026-09-05T20:15;RSERIES::DEL-IDR|Economy Saver|T45(40-50)|2026-10-22|ROUND::2026-09-05T20:15;RSERIES::DEL-IDR|Economy Saver|T7(5-9)|2026-09-13|ROUND::2026-09-05T20:15,DEL,IDR,DEL-IDR,EXACT_KEY_MATCH,scripts/build_vayu_route_basket.py::make_route_id,True,IN_BASKET,BASKET_SCOPED,15,0.02194,True,OBSERVED,PRICED,6086.25,4916.00,7437.75,0.512968,4,4,0,0,0,0,2,2,INFO,R09,4,R05;R06,False,0,COHERENT_MARKET_MOVEMENT;ISOLATED_DEVIATION,12,12,OBS01495;OBS01496;OBS01500;OBS01501;OBS01504;OBS01509;OBS01510;OBS01511;OBS01516;OBS01517;OBS01523;OBS01524,0,0,12,7,CELL::DEL|IDR|2026-09-07|Economy Saver|T1(0-2)::ROUND::2026-09-05T20:15::FLT::6E|6E-284|20:30;CELL::DEL|IDR|2026-09-07|Economy Saver|T1(0-2)::ROUND::2026-09-05T20:15::FLT::IX|IX-221|11:45;CELL::DEL|IDR|2026-09-13|Economy Saver|T7(5-9)::ROUND::2026-09-05T20:15::FLT::AI|AI-635|16:30;CELL::DEL|IDR|2026-09-21|Economy Saver|T15(12-18)::ROUND::2026-09-05T20:15::FLT::6E|6E-284|20:30;CELL::DEL|IDR|2026-09-21|Economy Saver|T15(12-18)::ROUND::2026-09-05T20:15::FLT::AI|AI-635|16:30;CELL::DEL|IDR|2026-09-21|Economy Saver|T15(12-18)::ROUND::2026-09-05T20:15::FLT::IX|IX-221|11:45;CELL::DEL|IDR|2026-10-22|Economy Saver|T45(40-50)::ROUND::2026-09-05T20:15::FLT::6E|6E-284|20:30,2026-09-07;2026-09-13;2026-09-21;2026-10-22,4,T1(0-2);T15(12-18);T45(40-50);T7(5-9),4,CELL::DEL|IDR|2026-09-07|Economy Saver|T1(0-2)::ROUND::2026-09-05T20:15;CELL::DEL|IDR|2026-09-13|Economy Saver|T7(5-9)::ROUND::2026-09-05T20:15;CELL::DEL|IDR|2026-09-21|Economy Saver|T15(12-18)::ROUND::2026-09-05T20:15;CELL::DEL|IDR|2026-10-22|Economy Saver|T45(40-50)::ROUND::2026-09-05T20:15,MIDPOINT_MEDIAN,phase10-v1
RCLASS::DEL-IDR|Economy Saver|ROUND::2026-09-06T09:00,DEL-IDR,Economy Saver,ROUND::2026-09-06T09:00,2026-09-06 09:00,ANCHORED,5,RSERIES::DEL-IDR|Economy Saver|T1(0-2)|2026-09-07|ROUND::2026-09-06T09:00;RSERIES::DEL-IDR|Economy Saver|T15(12-18)|2026-09-21|ROUND::2026-09-06T09:00;RSERIES::DEL-IDR|Economy Saver|T30(25-35)|2026-10-06|ROUND::2026-09-06T09:00;RSERIES::DEL-IDR|Economy Saver|T45(40-50)|2026-10-22|ROUND::2026-09-06T09:00;RSERIES::DEL-IDR|Economy Saver|T7(5-9)|2026-09-13|ROUND::2026-09-06T09:00,DEL,IDR,DEL-IDR,EXACT_KEY_MATCH,scripts/build_vayu_route_basket.py::make_route_id,True,IN_BASKET,BASKET_SCOPED,15,0.02194,True,OBSERVED,PRICED,5913.00,5108.50,7271.00,0.423314,5,5,0,0,0,0,0,5,NONE,,5,R05;R06,False,0,COHERENT_MARKET_MOVEMENT,17,17,OBS02007;OBS02009;OBS02010;OBS02011;OBS02014;OBS02015;OBS02019;OBS02020;OBS02021;OBS02022;OBS02025;OBS02026;OBS02027;OBS02033;OBS02034;OBS02035;OBS02038,0,0,17,13,CELL::DEL|IDR|2026-09-07|Economy Saver|T1(0-2)::ROUND::2026-09-06T09:00::FLT::6E|6E-284|20:30;CELL::DEL|IDR|2026-09-07|Economy Saver|T1(0-2)::ROUND::2026-09-06T09:00::FLT::AI|AI-635|16:30;CELL::DEL|IDR|2026-09-07|Economy Saver|T1(0-2)::ROUND::2026-09-06T09:00::FLT::IX|IX-221|11:45;CELL::DEL|IDR|2026-09-13|Economy Saver|T7(5-9)::ROUND::2026-09-06T09:00::FLT::6E|6E-284|20:30;CELL::DEL|IDR|2026-09-13|Economy Saver|T7(5-9)::ROUND::2026-09-06T09:00::FLT::AI|AI-635|16:30;CELL::DEL|IDR|2026-09-21|Economy Saver|T15(12-18)::ROUND::2026-09-06T09:00::FLT::6E|6E-284|20:30;CELL::DEL|IDR|2026-09-21|Economy Saver|T15(12-18)::ROUND::2026-09-06T09:00::FLT::AI|AI-635|16:30;CELL::DEL|IDR|2026-09-21|Economy Saver|T15(12-18)::ROUND::2026-09-06T09:00::FLT::IX|IX-221|11:45;CELL::DEL|IDR|2026-10-06|Economy Saver|T30(25-35)::ROUND::2026-09-06T09:00::FLT::6E|6E-284|20:30;CELL::DEL|IDR|2026-10-06|Economy Saver|T30(25-35)::ROUND::2026-09-06T09:00::FLT::AI|AI-635|16:30;CELL::DEL|IDR|2026-10-06|Economy Saver|T30(25-35)::ROUND::2026-09-06T09:00::FLT::IX|IX-221|11:45;CELL::DEL|IDR|2026-10-22|Economy Saver|T45(40-50)::ROUND::2026-09-06T09:00::FLT::AI|AI-635|16:30;CELL::DEL|IDR|2026-10-22|Economy Saver|T45(40-50)::ROUND::2026-09-06T09:00::FLT::IX|IX-221|11:45,2026-09-07;2026-09-13;2026-09-21;2026-10-06;2026-10-22,5,T1(0-2);T15(12-18);T30(25-35);T45(40-50);T7(5-9),5,CELL::DEL|IDR|2026-09-07|Economy Saver|T1(0-2)::ROUND::2026-09-06T09:00;CELL::DEL|IDR|2026-09-13|Economy Saver|T7(5-9)::ROUND::2026-09-06T09:00;CELL::DEL|IDR|2026-09-21|Economy Saver|T15(12-18)::ROUND::2026-09-06T09:00;CELL::DEL|IDR|2026-10-06|Economy Saver|T30(25-35)::ROUND::2026-09-06T09:00;CELL::DEL|IDR|2026-10-22|Economy Saver|T45(40-50)::ROUND::2026-09-06T09:00,MIDPOINT_MEDIAN,phase10-v1
RCLASS::DEL-IDR|Economy Saver|ROUND::2026-09-06T14:30,DEL-IDR,Economy Saver,ROUND::2026-09-06T14:30,2026-09-06 14:30,ANCHORED,3,RSERIES::DEL-IDR|Economy Saver|T15(12-18)|2026-09-21|ROUND::2026-09-06T14:30;RSERIES::DEL-IDR|Economy Saver|T30(25-35)|2026-10-06|ROUND::2026-09-06T14:30;RSERIES::DEL-IDR|Economy Saver|T45(40-50)|2026-10-22|ROUND::2026-09-06T14:30,DEL,IDR,DEL-IDR,EXACT_KEY_MATCH,scripts/build_vayu_route_basket.py::make_route_id,True,IN_BASKET,BASKET_SCOPED,15,0.02194,True,OBSERVED,PRICED,5137.00,5045.50,5933.00,0.175899,3,3,0,0,0,0,1,2,INFO,R09,1,R06,False,0,COHERENT_MARKET_MOVEMENT;ISOLATED_DEVIATION,6,6,OBS02512;OBS02513;OBS02514;OBS02515;OBS02522;OBS02528,0,0,6,4,CELL::DEL|IDR|2026-09-21|Economy Saver|T15(12-18)::ROUND::2026-09-06T14:30::FLT::IX|IX-221|11:45;CELL::DEL|IDR|2026-10-06|Economy Saver|T30(25-35)::ROUND::2026-09-06T14:30::FLT::6E|6E-284|20:30;CELL::DEL|IDR|2026-10-22|Economy Saver|T45(40-50)::ROUND::2026-09-06T14:30::FLT::6E|6E-284|20:30;CELL::DEL|IDR|2026-10-22|Economy Saver|T45(40-50)::ROUND::2026-09-06T14:30::FLT::AI|AI-635|16:30,2026-09-21;2026-10-06;2026-10-22,3,T15(12-18);T30(25-35);T45(40-50),3,CELL::DEL|IDR|2026-09-21|Economy Saver|T15(12-18)::ROUND::2026-09-06T14:30;CELL::DEL|IDR|2026-10-06|Economy Saver|T30(25-35)::ROUND::2026-09-06T14:30;CELL::DEL|IDR|2026-10-22|Economy Saver|T45(40-50)::ROUND::2026-09-06T14:30,MIDPOINT_MEDIAN,phase10-v1
RCLASS::DEL-IDR|Economy Saver|ROUND::2026-09-07T14:30,DEL-IDR,Economy Saver,ROUND::2026-09-07T14:30,2026-09-07 14:30,ANCHORED,1,RSERIES::DEL-IDR|Economy Saver|T15(12-18)|2026-09-21|ROUND::2026-09-07T14:30,DEL,IDR,DEL-IDR,EXACT_KEY_MATCH,scripts/build_vayu_route_basket.py::make_route_id,True,IN_BASKET,BASKET_SCOPED,15,0.02194,True,OBSERVED,PRICED,5945.00,5945.00,5945.00,0.000000,1,1,0,0,0,0,1,0,INFO,R09,0,,False,0,ISOLATED_DEVIATION,1,1,OBS02999,0,0,1,1,CELL::DEL|IDR|2026-09-21|Economy Saver|T15(12-18)::ROUND::2026-09-07T14:30::FLT::IX|IX-221|12:00,2026-09-21,1,T15(12-18),1,CELL::DEL|IDR|2026-09-21|Economy Saver|T15(12-18)::ROUND::2026-09-07T14:30,MIDPOINT_MEDIAN,phase10-v1
RCLASS::DEL-IDR|Economy Standard|ROUND::2026-09-05T09:00,DEL-IDR,Economy Standard,ROUND::2026-09-05T09:00,2026-09-05 09:00,ANCHORED,4,RSERIES::DEL-IDR|Economy Standard|T1(0-2)|2026-09-07|ROUND::2026-09-05T09:00;RSERIES::DEL-IDR|Economy Standard|T15(12-18)|2026-09-21|ROUND::2026-09-05T09:00;RSERIES::DEL-IDR|Economy Standard|T30(25-35)|2026-10-06|ROUND::2026-09-05T09:00;RSERIES::DEL-IDR|Economy Standard|T45(40-50)|2026-10-22|ROUND::2026-09-05T09:00,DEL,IDR,DEL-IDR,EXACT_KEY_MATCH,scripts/build_vayu_route_basket.py::make_route_id,True,IN_BASKET,BASKET_SCOPED,15,0.02194,True,OBSERVED,PRICED,6881.00,6461.75,9734.00,0.506403,4,4,0,0,0,1,1,2,REVIEW,R09;R13,4,R05;R06,True,1,COHERENT_MARKET_MOVEMENT;ISOLATED_DEVIATION,9,9,OBS00485;OBS00489;OBS00490;OBS00499;OBS00508;OBS00509;OBS00511;OBS00512;OBS00518,0,0,9,6,CELL::DEL|IDR|2026-09-07|Economy Standard|T1(0-2)::ROUND::2026-09-05T09:00::FLT::IX|IX-221|11:45;CELL::DEL|IDR|2026-09-21|Economy Standard|T15(12-18)::ROUND::2026-09-05T09:00::FLT::6E|6E-284|20:30;CELL::DEL|IDR|2026-09-21|Economy Standard|T15(12-18)::ROUND::2026-09-05T09:00::FLT::IX|IX-221|11:45;CELL::DEL|IDR|2026-10-06|Economy Standard|T30(25-35)::ROUND::2026-09-05T09:00::FLT::6E|6E-284|20:30;CELL::DEL|IDR|2026-10-06|Economy Standard|T30(25-35)::ROUND::2026-09-05T09:00::FLT::AI|AI-635|16:30;CELL::DEL|IDR|2026-10-22|Economy Standard|T45(40-50)::ROUND::2026-09-05T09:00::FLT::IX|IX-221|11:45,2026-09-07;2026-09-21;2026-10-06;2026-10-22,4,T1(0-2);T15(12-18);T30(25-35);T45(40-50),4,CELL::DEL|IDR|2026-09-07|Economy Standard|T1(0-2)::ROUND::2026-09-05T09:00;CELL::DEL|IDR|2026-09-21|Economy Standard|T15(12-18)::ROUND::2026-09-05T09:00;CELL::DEL|IDR|2026-10-06|Economy Standard|T30(25-35)::ROUND::2026-09-05T09:00;CELL::DEL|IDR|2026-10-22|Economy Standard|T45(40-50)::ROUND::2026-09-05T09:00,MIDPOINT_MEDIAN,phase10-v1
RCLASS::DEL-IDR|Economy Standard|ROUND::2026-09-05T14:30,DEL-IDR,Economy Standard,ROUND::2026-09-05T14:30,2026-09-05 14:30,ANCHORED,4,RSERIES::DEL-IDR|Economy Standard|T1(0-2)|2026-09-07|ROUND::2026-09-05T14:30;RSERIES::DEL-IDR|Economy Standard|T30(25-35)|2026-10-06|ROUND::2026-09-05T14:30;RSERIES::DEL-IDR|Economy Standard|T45(40-50)|2026-10-22|ROUND::2026-09-05T14:30;RSERIES::DEL-IDR|Economy Standard|T7(5-9)|2026-09-13|ROUND::2026-09-05T14:30,DEL,IDR,DEL-IDR,EXACT_KEY_MATCH,scripts/build_vayu_route_basket.py::make_route_id,True,IN_BASKET,BASKET_SCOPED,15,0.02194,True,OBSERVED,PRICED,7558.13,6555.50,9478.00,0.445809,4,4,0,0,0,1,0,3,REVIEW,R13,4,R05;R06,True,1,COHERENT_MARKET_MOVEMENT;ISOLATED_DEVIATION,13,13,OBS00978;OBS00988;OBS00989;OBS00992;OBS00993;OBS00995;OBS00996;OBS01000;OBS01001;OBS01009;OBS01010;OBS01011;OBS01012,0,0,13,7,CELL::DEL|IDR|2026-09-07|Economy Standard|T1(0-2)::ROUND::2026-09-05T14:30::FLT::AI|AI-635|16:30;CELL::DEL|IDR|2026-09-13|Economy Standard|T7(5-9)::ROUND::2026-09-05T14:30::FLT::6E|6E-284|20:30;CELL::DEL|IDR|2026-09-13|Economy Standard|T7(5-9)::ROUND::2026-09-05T14:30::FLT::AI|AI-635|16:30;CELL::DEL|IDR|2026-10-06|Economy Standard|T30(25-35)::ROUND::2026-09-05T14:30::FLT::IX|IX-221|11:45;CELL::DEL|IDR|2026-10-22|Economy Standard|T45(40-50)::ROUND::2026-09-05T14:30::FLT::6E|6E-284|20:30;CELL::DEL|IDR|2026-10-22|Economy Standard|T45(40-50)::ROUND::2026-09-05T14:30::FLT::AI|AI-635|16:30;CELL::DEL|IDR|2026-10-22|Economy Standard|T45(40-50)::ROUND::2026-09-05T14:30::FLT::IX|IX-221|11:45,2026-09-07;2026-09-13;2026-10-06;2026-10-22,4,T1(0-2);T30(25-35);T45(40-50);T7(5-9),4,CELL::DEL|IDR|2026-09-07|Economy Standard|T1(0-2)::ROUND::2026-09-05T14:30;CELL::DEL|IDR|2026-09-13|Economy Standard|T7(5-9)::ROUND::2026-09-05T14:30;CELL::DEL|IDR|2026-10-06|Economy Standard|T30(25-35)::ROUND::2026-09-05T14:30;CELL::DEL|IDR|2026-10-22|Economy Standard|T45(40-50)::ROUND::2026-09-05T14:30,MIDPOINT_MEDIAN,phase10-v1
RCLASS::DEL-IDR|Economy Standard|ROUND::2026-09-05T20:15,DEL-IDR,Economy Standard,ROUND::2026-09-05T20:15,2026-09-05 20:15,ANCHORED,5,RSERIES::DEL-IDR|Economy Standard|T1(0-2)|2026-09-07|ROUND::2026-09-05T20:15;RSERIES::DEL-IDR|Economy Standard|T15(12-18)|2026-09-21|ROUND::2026-09-05T20:15;RSERIES::DEL-IDR|Economy Standard|T30(25-35)|2026-10-06|ROUND::2026-09-05T20:15;RSERIES::DEL-IDR|Economy Standard|T45(40-50)|2026-10-22|ROUND::2026-09-05T20:15;RSERIES::DEL-IDR|Economy Standard|T7(5-9)|2026-09-13|ROUND::2026-09-05T20:15,DEL,IDR,DEL-IDR,EXACT_KEY_MATCH,scripts/build_vayu_route_basket.py::make_route_id,True,IN_BASKET,BASKET_SCOPED,15,0.02194,True,OBSERVED,PRICED,6921.50,6616.00,9433.50,0.425862,5,5,0,0,0,1,0,4,REVIEW,R13,5,R05;R06,True,1,COHERENT_MARKET_MOVEMENT;ISOLATED_DEVIATION,15,15,OBS01498;OBS01499;OBS01503;OBS01505;OBS01506;OBS01507;OBS01508;OBS01512;OBS01513;OBS01514;OBS01521;OBS01522;OBS01526;OBS01529;OBS01530,0,0,15,9,CELL::DEL|IDR|2026-09-07|Economy Standard|T1(0-2)::ROUND::2026-09-05T20:15::FLT::AI|AI-635|16:30;CELL::DEL|IDR|2026-09-13|Economy Standard|T7(5-9)::ROUND::2026-09-05T20:15::FLT::6E|6E-284|20:30;CELL::DEL|IDR|2026-09-13|Economy Standard|T7(5-9)::ROUND::2026-09-05T20:15::FLT::AI|AI-635|16:30;CELL::DEL|IDR|2026-09-13|Economy Standard|T7(5-9)::ROUND::2026-09-05T20:15::FLT::IX|IX-221|11:45;CELL::DEL|IDR|2026-09-21|Economy Standard|T15(12-18)::ROUND::2026-09-05T20:15::FLT::AI|AI-635|16:30;CELL::DEL|IDR|2026-10-06|Economy Standard|T30(25-35)::ROUND::2026-09-05T20:15::FLT::AI|AI-635|16:30;CELL::DEL|IDR|2026-10-06|Economy Standard|T30(25-35)::ROUND::2026-09-05T20:15::FLT::IX|IX-221|11:45;CELL::DEL|IDR|2026-10-22|Economy Standard|T45(40-50)::ROUND::2026-09-05T20:15::FLT::6E|6E-284|20:30;CELL::DEL|IDR|2026-10-22|Economy Standard|T45(40-50)::ROUND::2026-09-05T20:15::FLT::IX|IX-221|11:45,2026-09-07;2026-09-13;2026-09-21;2026-10-06;2026-10-22,5,T1(0-2);T15(12-18);T30(25-35);T45(40-50);T7(5-9),5,CELL::DEL|IDR|2026-09-07|Economy Standard|T1(0-2)::ROUND::2026-09-05T20:15;CELL::DEL|IDR|2026-09-13|Economy Standard|T7(5-9)::ROUND::2026-09-05T20:15;CELL::DEL|IDR|2026-09-21|Economy Standard|T15(12-18)::ROUND::2026-09-05T20:15;CELL::DEL|IDR|2026-10-06|Economy Standard|T30(25-35)::ROUND::2026-09-05T20:15;CELL::DEL|IDR|2026-10-22|Economy Standard|T45(40-50)::ROUND::2026-09-05T20:15,MIDPOINT_MEDIAN,phase10-v1
RCLASS::DEL-IDR|Economy Standard|ROUND::2026-09-06T09:00,DEL-IDR,Economy Standard,ROUND::2026-09-06T09:00,2026-09-06 09:00,ANCHORED,1,RSERIES::DEL-IDR|Economy Standard|T45(40-50)|2026-10-22|ROUND::2026-09-06T09:00,DEL,IDR,DEL-IDR,EXACT_KEY_MATCH,scripts/build_vayu_route_basket.py::make_route_id,True,IN_BASKET,BASKET_SCOPED,15,0.02194,True,OBSERVED,PRICED,6719.00,6719.00,6719.00,0.000000,1,1,0,0,0,0,0,1,NONE,,1,R06,False,0,COHERENT_MARKET_MOVEMENT,6,6,OBS02012;OBS02013;OBS02023;OBS02024;OBS02036;OBS02037,0,0,6,3,CELL::DEL|IDR|2026-10-22|Economy Standard|T45(40-50)::ROUND::2026-09-06T09:00::FLT::6E|6E-284|20:30;CELL::DEL|IDR|2026-10-22|Economy Standard|T45(40-50)::ROUND::2026-09-06T09:00::FLT::AI|AI-635|16:30;CELL::DEL|IDR|2026-10-22|Economy Standard|T45(40-50)::ROUND::2026-09-06T09:00::FLT::IX|IX-221|11:45,2026-10-22,1,T45(40-50),1,CELL::DEL|IDR|2026-10-22|Economy Standard|T45(40-50)::ROUND::2026-09-06T09:00,MIDPOINT_MEDIAN,phase10-v1
RCLASS::DEL-IDR|Economy Standard|ROUND::2026-09-06T14:30,DEL-IDR,Economy Standard,ROUND::2026-09-06T14:30,2026-09-06 14:30,ANCHORED,5,RSERIES::DEL-IDR|Economy Standard|T1(0-2)|2026-09-07|ROUND::2026-09-06T14:30;RSERIES::DEL-IDR|Economy Standard|T15(12-18)|2026-09-21|ROUND::2026-09-06T14:30;RSERIES::DEL-IDR|Economy Standard|T30(25-35)|2026-10-06|ROUND::2026-09-06T14:30;RSERIES::DEL-IDR|Economy Standard|T45(40-50)|2026-10-22|ROUND::2026-09-06T14:30;RSERIES::DEL-IDR|Economy Standard|T7(5-9)|2026-09-13|ROUND::2026-09-06T14:30,DEL,IDR,DEL-IDR,EXACT_KEY_MATCH,scripts/build_vayu_route_basket.py::make_route_id,True,IN_BASKET,BASKET_SCOPED,15,0.02194,True,OBSERVED,PRICED,7452.00,6665.50,9540.50,0.431325,5,5,0,0,0,0,1,4,INFO,R09,4,R05;R06,False,0,COHERENT_MARKET_MOVEMENT;ISOLATED_DEVIATION,12,12,OBS02507;OBS02508;OBS02509;OBS02516;OBS02517;OBS02518;OBS02519;OBS02521;OBS02525;OBS02530;OBS02531;OBS02532,0,0,12,8,CELL::DEL|IDR|2026-09-07|Economy Standard|T1(0-2)::ROUND::2026-09-06T14:30::FLT::AI|AI-635|16:30;CELL::DEL|IDR|2026-09-13|Economy Standard|T7(5-9)::ROUND::2026-09-06T14:30::FLT::6E|6E-284|20:30;CELL::DEL|IDR|2026-09-13|Economy Standard|T7(5-9)::ROUND::2026-09-06T14:30::FLT::AI|AI-635|16:30;CELL::DEL|IDR|2026-09-13|Economy Standard|T7(5-9)::ROUND::2026-09-06T14:30::FLT::IX|IX-221|11:45;CELL::DEL|IDR|2026-09-21|Economy Standard|T15(12-18)::ROUND::2026-09-06T14:30::FLT::6E|6E-284|20:30;CELL::DEL|IDR|2026-10-06|Economy Standard|T30(25-35)::ROUND::2026-09-06T14:30::FLT::AI|AI-635|16:30;CELL::DEL|IDR|2026-10-06|Economy Standard|T30(25-35)::ROUND::2026-09-06T14:30::FLT::IX|IX-221|11:45;CELL::DEL|IDR|2026-10-22|Economy Standard|T45(40-50)::ROUND::2026-09-06T14:30::FLT::IX|IX-221|11:45,2026-09-07;2026-09-13;2026-09-21;2026-10-06;2026-10-22,5,T1(0-2);T15(12-18);T30(25-35);T45(40-50);T7(5-9),5,CELL::DEL|IDR|2026-09-07|Economy Standard|T1(0-2)::ROUND::2026-09-06T14:30;CELL::DEL|IDR|2026-09-13|Economy Standard|T7(5-9)::ROUND::2026-09-06T14:30;CELL::DEL|IDR|2026-09-21|Economy Standard|T15(12-18)::ROUND::2026-09-06T14:30;CELL::DEL|IDR|2026-10-06|Economy Standard|T30(25-35)::ROUND::2026-09-06T14:30;CELL::DEL|IDR|2026-10-22|Economy Standard|T45(40-50)::ROUND::2026-09-06T14:30,MIDPOINT_MEDIAN,phase10-v1
