coverage_record_id,backtest_id,period_id,series_variant,coverage_policy_id,route_id,basket_rank,locked_traffic_weight,route_observation_status,eligible_product_count,matched_product_count,route_contributed,route_relative_available,weight_represented,weight_missing,basket_routes_observed,basket_routes_total,basket_weight_represented,basket_weight_missing,coverage_pct,coverage_gate,coverage_gate_passed,period_comparison_eligible,exclusion_reason,phase12_schema_version
COV::SENS-COV-01::ROUND::2026-09-05T09:00::BOM-DEL,BT12-MOSPI-MONTHLY,ROUND::2026-09-05T09:00,PRIMARY,SENS-COV-01,BOM-DEL,1,0.162603,OBSERVED,13,0,True,False,0.162603,,2,15,0.273706,0.726294,27.3706,80.0000,False,False,PARTIAL_COVERAGE_DIAGNOSTIC_ONLY,phase12-v1
COV::SENS-COV-01::ROUND::2026-09-05T09:00::BLR-DEL,BT12-MOSPI-MONTHLY,ROUND::2026-09-05T09:00,PRIMARY,SENS-COV-01,BLR-DEL,2,0.111103,OBSERVED,14,0,True,False,0.111103,,2,15,0.273706,0.726294,27.3706,80.0000,False,False,PARTIAL_COVERAGE_DIAGNOSTIC_ONLY,phase12-v1
COV::SENS-COV-01::ROUND::2026-09-05T09:00::BLR-BOM,BT12-MOSPI-MONTHLY,ROUND::2026-09-05T09:00,PRIMARY,SENS-COV-01,BLR-BOM,3,0.097658,OBSERVED,11,0,True,False,0.097658,,2,15,0.273706,0.726294,27.3706,80.0000,False,False,PARTIAL_COVERAGE_DIAGNOSTIC_ONLY,phase12-v1
COV::SENS-COV-01::ROUND::2026-09-05T09:00::DEL-HYD,BT12-MOSPI-MONTHLY,ROUND::2026-09-05T09:00,PRIMARY,SENS-COV-01,DEL-HYD,4,0.078228,OBSERVED,12,0,True,False,0.078228,,2,15,0.273706,0.726294,27.3706,80.0000,False,False,PARTIAL_COVERAGE_DIAGNOSTIC_ONLY,phase12-v1
COV::SENS-COV-01::ROUND::2026-09-05T09:00::DEL-PNQ,BT12-MOSPI-MONTHLY,ROUND::2026-09-05T09:00,PRIMARY,SENS-COV-01,DEL-PNQ,5,0.069402,OBSERVED,15,0,True,False,0.069402,,2,15,0.273706,0.726294,27.3706,80.0000,False,False,PARTIAL_COVERAGE_DIAGNOSTIC_ONLY,phase12-v1
COV::SENS-COV-01::ROUND::2026-09-05T09:00::CCU-DEL,BT12-MOSPI-MONTHLY,ROUND::2026-09-05T09:00,PRIMARY,SENS-COV-01,CCU-DEL,6,0.065754,OBSERVED,14,0,True,False,0.065754,,2,15,0.273706,0.726294,27.3706,80.0000,False,False,PARTIAL_COVERAGE_DIAGNOSTIC_ONLY,phase12-v1
COV::SENS-COV-01::ROUND::2026-09-05T09:00::AMD-DEL,BT12-MOSPI-MONTHLY,ROUND::2026-09-05T09:00,PRIMARY,SENS-COV-01,AMD-DEL,7,0.060216,OBSERVED,15,0,True,False,0.060216,,2,15,0.273706,0.726294,27.3706,80.0000,False,False,PARTIAL_COVERAGE_DIAGNOSTIC_ONLY,phase12-v1
COV::SENS-COV-01::ROUND::2026-09-05T09:00::DEL-MAA,BT12-MOSPI-MONTHLY,ROUND::2026-09-05T09:00,PRIMARY,SENS-COV-01,DEL-MAA,8,0.058216,OBSERVED,14,0,True,False,0.058216,,2,15,0.273706,0.726294,27.3706,80.0000,False,False,PARTIAL_COVERAGE_DIAGNOSTIC_ONLY,phase12-v1
COV::SENS-COV-01::ROUND::2026-09-05T09:00::BOM-HYD,BT12-MOSPI-MONTHLY,ROUND::2026-09-05T09:00,PRIMARY,SENS-COV-01,BOM-HYD,9,0.055855,OBSERVED,15,0,True,False,0.055855,,2,15,0.273706,0.726294,27.3706,80.0000,False,False,PARTIAL_COVERAGE_DIAGNOSTIC_ONLY,phase12-v1
COV::SENS-COV-01::ROUND::2026-09-05T09:00::BLR-CCU,BT12-MOSPI-MONTHLY,ROUND::2026-09-05T09:00,PRIMARY,SENS-COV-01,BLR-CCU,10,0.05523,OBSERVED,13,0,True,False,0.05523,,2,15,0.273706,0.726294,27.3706,80.0000,False,False,PARTIAL_COVERAGE_DIAGNOSTIC_ONLY,phase12-v1
COV::SENS-COV-01::ROUND::2026-09-05T09:00::DEL-SXR,BT12-MOSPI-MONTHLY,ROUND::2026-09-05T09:00,PRIMARY,SENS-COV-01,DEL-SXR,11,0.054956,OBSERVED,10,0,True,False,0.054956,,2,15,0.273706,0.726294,27.3706,80.0000,False,False,PARTIAL_COVERAGE_DIAGNOSTIC_ONLY,phase12-v1
COV::SENS-COV-01::ROUND::2026-09-05T09:00::DEL-GOI,BT12-MOSPI-MONTHLY,ROUND::2026-09-05T09:00,PRIMARY,SENS-COV-01,DEL-GOI,12,0.03707,OBSERVED,14,0,True,False,0.03707,,2,15,0.273706,0.726294,27.3706,80.0000,False,False,PARTIAL_COVERAGE_DIAGNOSTIC_ONLY,phase12-v1
COV::SENS-COV-01::ROUND::2026-09-05T09:00::DEL-GAU,BT12-MOSPI-MONTHLY,ROUND::2026-09-05T09:00,PRIMARY,SENS-COV-01,DEL-GAU,13,0.036519,OBSERVED,12,0,True,False,0.036519,,2,15,0.273706,0.726294,27.3706,80.0000,False,False,PARTIAL_COVERAGE_DIAGNOSTIC_ONLY,phase12-v1
COV::SENS-COV-01::ROUND::2026-09-05T09:00::BLR-COK,BT12-MOSPI-MONTHLY,ROUND::2026-09-05T09:00,PRIMARY,SENS-COV-01,BLR-COK,14,0.03525,OBSERVED,13,0,True,False,0.03525,,2,15,0.273706,0.726294,27.3706,80.0000,False,False,PARTIAL_COVERAGE_DIAGNOSTIC_ONLY,phase12-v1
COV::SENS-COV-01::ROUND::2026-09-05T09:00::DEL-IDR,BT12-MOSPI-MONTHLY,ROUND::2026-09-05T09:00,PRIMARY,SENS-COV-01,DEL-IDR,15,0.02194,OBSERVED,13,0,True,False,0.02194,,2,15,0.273706,0.726294,27.3706,80.0000,False,False,PARTIAL_COVERAGE_DIAGNOSTIC_ONLY,phase12-v1
COV::SENS-COV-01::ROUND::2026-09-05T14:30::BOM-DEL,BT12-MOSPI-MONTHLY,ROUND::2026-09-05T14:30,PRIMARY,SENS-COV-01,BOM-DEL,1,0.162603,OBSERVED,11,9,True,True,0.162603,,2,15,0.273706,0.726294,27.3706,80.0000,False,False,PARTIAL_COVERAGE_DIAGNOSTIC_ONLY,phase12-v1
COV::SENS-COV-01::ROUND::2026-09-05T14:30::BLR-DEL,BT12-MOSPI-MONTHLY,ROUND::2026-09-05T14:30,PRIMARY,SENS-COV-01,BLR-DEL,2,0.111103,OBSERVED,14,13,True,True,0.111103,,2,15,0.273706,0.726294,27.3706,80.0000,False,False,PARTIAL_COVERAGE_DIAGNOSTIC_ONLY,phase12-v1
COV::SENS-COV-01::ROUND::2026-09-05T14:30::BLR-BOM,BT12-MOSPI-MONTHLY,ROUND::2026-09-05T14:30,PRIMARY,SENS-COV-01,BLR-BOM,3,0.097658,OBSERVED,12,8,True,True,0.097658,,2,15,0.273706,0.726294,27.3706,80.0000,False,False,PARTIAL_COVERAGE_DIAGNOSTIC_ONLY,phase12-v1
COV::SENS-COV-01::ROUND::2026-09-05T14:30::DEL-HYD,BT12-MOSPI-MONTHLY,ROUND::2026-09-05T14:30,PRIMARY,SENS-COV-01,DEL-HYD,4,0.078228,OBSERVED,11,8,True,True,0.078228,,2,15,0.273706,0.726294,27.3706,80.0000,False,False,PARTIAL_COVERAGE_DIAGNOSTIC_ONLY,phase12-v1
COV::SENS-COV-01::ROUND::2026-09-05T14:30::DEL-PNQ,BT12-MOSPI-MONTHLY,ROUND::2026-09-05T14:30,PRIMARY,SENS-COV-01,DEL-PNQ,5,0.069402,OBSERVED,14,14,True,True,0.069402,,2,15,0.273706,0.726294,27.3706,80.0000,False,False,PARTIAL_COVERAGE_DIAGNOSTIC_ONLY,phase12-v1
COV::SENS-COV-01::ROUND::2026-09-05T14:30::CCU-DEL,BT12-MOSPI-MONTHLY,ROUND::2026-09-05T14:30,PRIMARY,SENS-COV-01,CCU-DEL,6,0.065754,OBSERVED,11,10,True,True,0.065754,,2,15,0.273706,0.726294,27.3706,80.0000,False,False,PARTIAL_COVERAGE_DIAGNOSTIC_ONLY,phase12-v1
COV::SENS-COV-01::ROUND::2026-09-05T14:30::AMD-DEL,BT12-MOSPI-MONTHLY,ROUND::2026-09-05T14:30,PRIMARY,SENS-COV-01,AMD-DEL,7,0.060216,OBSERVED,13,13,True,True,0.060216,,2,15,0.273706,0.726294,27.3706,80.0000,False,False,PARTIAL_COVERAGE_DIAGNOSTIC_ONLY,phase12-v1
COV::SENS-COV-01::ROUND::2026-09-05T14:30::DEL-MAA,BT12-MOSPI-MONTHLY,ROUND::2026-09-05T14:30,PRIMARY,SENS-COV-01,DEL-MAA,8,0.058216,OBSERVED,13,12,True,True,0.058216,,2,15,0.273706,0.726294,27.3706,80.0000,False,False,PARTIAL_COVERAGE_DIAGNOSTIC_ONLY,phase12-v1
COV::SENS-COV-01::ROUND::2026-09-05T14:30::BOM-HYD,BT12-MOSPI-MONTHLY,ROUND::2026-09-05T14:30,PRIMARY,SENS-COV-01,BOM-HYD,9,0.055855,OBSERVED,12,12,True,True,0.055855,,2,15,0.273706,0.726294,27.3706,80.0000,False,False,PARTIAL_COVERAGE_DIAGNOSTIC_ONLY,phase12-v1
COV::SENS-COV-01::ROUND::2026-09-05T14:30::BLR-CCU,BT12-MOSPI-MONTHLY,ROUND::2026-09-05T14:30,PRIMARY,SENS-COV-01,BLR-CCU,10,0.05523,OBSERVED,14,12,True,True,0.05523,,2,15,0.273706,0.726294,27.3706,80.0000,False,False,PARTIAL_COVERAGE_DIAGNOSTIC_ONLY,phase12-v1
COV::SENS-COV-01::ROUND::2026-09-05T14:30::DEL-SXR,BT12-MOSPI-MONTHLY,ROUND::2026-09-05T14:30,PRIMARY,SENS-COV-01,DEL-SXR,11,0.054956,OBSERVED,14,10,True,True,0.054956,,2,15,0.273706,0.726294,27.3706,80.0000,False,False,PARTIAL_COVERAGE_DIAGNOSTIC_ONLY,phase12-v1
COV::SENS-COV-01::ROUND::2026-09-05T14:30::DEL-GOI,BT12-MOSPI-MONTHLY,ROUND::2026-09-05T14:30,PRIMARY,SENS-COV-01,DEL-GOI,12,0.03707,OBSERVED,13,12,True,True,0.03707,,2,15,0.273706,0.726294,27.3706,80.0000,False,False,PARTIAL_COVERAGE_DIAGNOSTIC_ONLY,phase12-v1
COV::SENS-COV-01::ROUND::2026-09-05T14:30::DEL-GAU,BT12-MOSPI-MONTHLY,ROUND::2026-09-05T14:30,PRIMARY,SENS-COV-01,DEL-GAU,13,0.036519,OBSERVED,14,11,True,True,0.036519,,2,15,0.273706,0.726294,27.3706,80.0000,False,False,PARTIAL_COVERAGE_DIAGNOSTIC_ONLY,phase12-v1
COV::SENS-COV-01::ROUND::2026-09-05T14:30::BLR-COK,BT12-MOSPI-MONTHLY,ROUND::2026-09-05T14:30,PRIMARY,SENS-COV-01,BLR-COK,14,0.03525,OBSERVED,14,12,True,True,0.03525,,2,15,0.273706,0.726294,27.3706,80.0000,False,False,PARTIAL_COVERAGE_DIAGNOSTIC_ONLY,phase12-v1
COV::SENS-COV-01::ROUND::2026-09-05T14:30::DEL-IDR,BT12-MOSPI-MONTHLY,ROUND::2026-09-05T14:30,PRIMARY,SENS-COV-01,DEL-IDR,15,0.02194,OBSERVED,13,11,True,True,0.02194,,2,15,0.273706,0.726294,27.3706,80.0000,False,False,PARTIAL_COVERAGE_DIAGNOSTIC_ONLY,phase12-v1
COV::SENS-COV-01::ROUND::2026-09-05T20:15::BOM-DEL,BT12-MOSPI-MONTHLY,ROUND::2026-09-05T20:15,PRIMARY,SENS-COV-01,BOM-DEL,1,0.162603,OBSERVED,13,9,True,True,0.162603,,2,15,0.273706,0.726294,27.3706,80.0000,False,False,PARTIAL_COVERAGE_DIAGNOSTIC_ONLY,phase12-v1
COV::SENS-COV-01::ROUND::2026-09-05T20:15::BLR-DEL,BT12-MOSPI-MONTHLY,ROUND::2026-09-05T20:15,PRIMARY,SENS-COV-01,BLR-DEL,2,0.111103,OBSERVED,15,14,True,True,0.111103,,2,15,0.273706,0.726294,27.3706,80.0000,False,False,PARTIAL_COVERAGE_DIAGNOSTIC_ONLY,phase12-v1
COV::SENS-COV-01::ROUND::2026-09-05T20:15::BLR-BOM,BT12-MOSPI-MONTHLY,ROUND::2026-09-05T20:15,PRIMARY,SENS-COV-01,BLR-BOM,3,0.097658,OBSERVED,14,11,True,True,0.097658,,2,15,0.273706,0.726294,27.3706,80.0000,False,False,PARTIAL_COVERAGE_DIAGNOSTIC_ONLY,phase12-v1
COV::SENS-COV-01::ROUND::2026-09-05T20:15::DEL-HYD,BT12-MOSPI-MONTHLY,ROUND::2026-09-05T20:15,PRIMARY,SENS-COV-01,DEL-HYD,4,0.078228,OBSERVED,13,9,True,True,0.078228,,2,15,0.273706,0.726294,27.3706,80.0000,False,False,PARTIAL_COVERAGE_DIAGNOSTIC_ONLY,phase12-v1
COV::SENS-COV-01::ROUND::2026-09-05T20:15::DEL-PNQ,BT12-MOSPI-MONTHLY,ROUND::2026-09-05T20:15,PRIMARY,SENS-COV-01,DEL-PNQ,5,0.069402,OBSERVED,15,14,True,True,0.069402,,2,15,0.273706,0.726294,27.3706,80.0000,False,False,PARTIAL_COVERAGE_DIAGNOSTIC_ONLY,phase12-v1
COV::SENS-COV-01::ROUND::2026-09-05T20:15::CCU-DEL,BT12-MOSPI-MONTHLY,ROUND::2026-09-05T20:15,PRIMARY,SENS-COV-01,CCU-DEL,6,0.065754,OBSERVED,13,9,True,True,0.065754,,2,15,0.273706,0.726294,27.3706,80.0000,False,False,PARTIAL_COVERAGE_DIAGNOSTIC_ONLY,phase12-v1
COV::SENS-COV-01::ROUND::2026-09-05T20:15::AMD-DEL,BT12-MOSPI-MONTHLY,ROUND::2026-09-05T20:15,PRIMARY,SENS-COV-01,AMD-DEL,7,0.060216,OBSERVED,15,13,True,True,0.060216,,2,15,0.273706,0.726294,27.3706,80.0000,False,False,PARTIAL_COVERAGE_DIAGNOSTIC_ONLY,phase12-v1
COV::SENS-COV-01::ROUND::2026-09-05T20:15::DEL-MAA,BT12-MOSPI-MONTHLY,ROUND::2026-09-05T20:15,PRIMARY,SENS-COV-01,DEL-MAA,8,0.058216,OBSERVED,13,11,True,True,0.058216,,2,15,0.273706,0.726294,27.3706,80.0000,False,False,PARTIAL_COVERAGE_DIAGNOSTIC_ONLY,phase12-v1
COV::SENS-COV-01::ROUND::2026-09-05T20:15::BOM-HYD,BT12-MOSPI-MONTHLY,ROUND::2026-09-05T20:15,PRIMARY,SENS-COV-01,BOM-HYD,9,0.055855,OBSERVED,12,9,True,True,0.055855,,2,15,0.273706,0.726294,27.3706,80.0000,False,False,PARTIAL_COVERAGE_DIAGNOSTIC_ONLY,phase12-v1
COV::SENS-COV-01::ROUND::2026-09-05T20:15::BLR-CCU,BT12-MOSPI-MONTHLY,ROUND::2026-09-05T20:15,PRIMARY,SENS-COV-01,BLR-CCU,10,0.05523,OBSERVED,12,11,True,True,0.05523,,2,15,0.273706,0.726294,27.3706,80.0000,False,False,PARTIAL_COVERAGE_DIAGNOSTIC_ONLY,phase12-v1
COV::SENS-COV-01::ROUND::2026-09-05T20:15::DEL-SXR,BT12-MOSPI-MONTHLY,ROUND::2026-09-05T20:15,PRIMARY,SENS-COV-01,DEL-SXR,11,0.054956,OBSERVED,14,13,True,True,0.054956,,2,15,0.273706,0.726294,27.3706,80.0000,False,False,PARTIAL_COVERAGE_DIAGNOSTIC_ONLY,phase12-v1
COV::SENS-COV-01::ROUND::2026-09-05T20:15::DEL-GOI,BT12-MOSPI-MONTHLY,ROUND::2026-09-05T20:15,PRIMARY,SENS-COV-01,DEL-GOI,12,0.03707,OBSERVED,12,11,True,True,0.03707,,2,15,0.273706,0.726294,27.3706,80.0000,False,False,PARTIAL_COVERAGE_DIAGNOSTIC_ONLY,phase12-v1
COV::SENS-COV-01::ROUND::2026-09-05T20:15::DEL-GAU,BT12-MOSPI-MONTHLY,ROUND::2026-09-05T20:15,PRIMARY,SENS-COV-01,DEL-GAU,13,0.036519,OBSERVED,13,12,True,True,0.036519,,2,15,0.273706,0.726294,27.3706,80.0000,False,False,PARTIAL_COVERAGE_DIAGNOSTIC_ONLY,phase12-v1
COV::SENS-COV-01::ROUND::2026-09-05T20:15::BLR-COK,BT12-MOSPI-MONTHLY,ROUND::2026-09-05T20:15,PRIMARY,SENS-COV-01,BLR-COK,14,0.03525,OBSERVED,13,12,True,True,0.03525,,2,15,0.273706,0.726294,27.3706,80.0000,False,False,PARTIAL_COVERAGE_DIAGNOSTIC_ONLY,phase12-v1
COV::SENS-COV-01::ROUND::2026-09-05T20:15::DEL-IDR,BT12-MOSPI-MONTHLY,ROUND::2026-09-05T20:15,PRIMARY,SENS-COV-01,DEL-IDR,15,0.02194,OBSERVED,14,12,True,True,0.02194,,2,15,0.273706,0.726294,27.3706,80.0000,False,False,PARTIAL_COVERAGE_DIAGNOSTIC_ONLY,phase12-v1
COV::SENS-COV-01::ROUND::2026-09-06T09:00::BOM-DEL,BT12-MOSPI-MONTHLY,ROUND::2026-09-06T09:00,PRIMARY,SENS-COV-01,BOM-DEL,1,0.162603,OBSERVED,13,11,True,True,0.162603,,2,15,0.273706,0.726294,27.3706,80.0000,False,False,PARTIAL_COVERAGE_DIAGNOSTIC_ONLY,phase12-v1
COV::SENS-COV-01::ROUND::2026-09-06T09:00::BLR-DEL,BT12-MOSPI-MONTHLY,ROUND::2026-09-06T09:00,PRIMARY,SENS-COV-01,BLR-DEL,2,0.111103,OBSERVED,13,13,True,True,0.111103,,2,15,0.273706,0.726294,27.3706,80.0000,False,False,PARTIAL_COVERAGE_DIAGNOSTIC_ONLY,phase12-v1
COV::SENS-COV-01::ROUND::2026-09-06T09:00::BLR-BOM,BT12-MOSPI-MONTHLY,ROUND::2026-09-06T09:00,PRIMARY,SENS-COV-01,BLR-BOM,3,0.097658,OBSERVED,14,13,True,True,0.097658,,2,15,0.273706,0.726294,27.3706,80.0000,False,False,PARTIAL_COVERAGE_DIAGNOSTIC_ONLY,phase12-v1
COV::SENS-COV-01::ROUND::2026-09-06T09:00::DEL-HYD,BT12-MOSPI-MONTHLY,ROUND::2026-09-06T09:00,PRIMARY,SENS-COV-01,DEL-HYD,4,0.078228,OBSERVED,15,13,True,True,0.078228,,2,15,0.273706,0.726294,27.3706,80.0000,False,False,PARTIAL_COVERAGE_DIAGNOSTIC_ONLY,phase12-v1
COV::SENS-COV-01::ROUND::2026-09-06T09:00::DEL-PNQ,BT12-MOSPI-MONTHLY,ROUND::2026-09-06T09:00,PRIMARY,SENS-COV-01,DEL-PNQ,5,0.069402,OBSERVED,12,12,True,True,0.069402,,2,15,0.273706,0.726294,27.3706,80.0000,False,False,PARTIAL_COVERAGE_DIAGNOSTIC_ONLY,phase12-v1
COV::SENS-COV-01::ROUND::2026-09-06T09:00::CCU-DEL,BT12-MOSPI-MONTHLY,ROUND::2026-09-06T09:00,PRIMARY,SENS-COV-01,CCU-DEL,6,0.065754,OBSERVED,13,12,True,True,0.065754,,2,15,0.273706,0.726294,27.3706,80.0000,False,False,PARTIAL_COVERAGE_DIAGNOSTIC_ONLY,phase12-v1
COV::SENS-COV-01::ROUND::2026-09-06T09:00::AMD-DEL,BT12-MOSPI-MONTHLY,ROUND::2026-09-06T09:00,PRIMARY,SENS-COV-01,AMD-DEL,7,0.060216,OBSERVED,13,13,True,True,0.060216,,2,15,0.273706,0.726294,27.3706,80.0000,False,False,PARTIAL_COVERAGE_DIAGNOSTIC_ONLY,phase12-v1
COV::SENS-COV-01::ROUND::2026-09-06T09:00::DEL-MAA,BT12-MOSPI-MONTHLY,ROUND::2026-09-06T09:00,PRIMARY,SENS-COV-01,DEL-MAA,8,0.058216,OBSERVED,13,11,True,True,0.058216,,2,15,0.273706,0.726294,27.3706,80.0000,False,False,PARTIAL_COVERAGE_DIAGNOSTIC_ONLY,phase12-v1
COV::SENS-COV-01::ROUND::2026-09-06T09:00::BOM-HYD,BT12-MOSPI-MONTHLY,ROUND::2026-09-06T09:00,PRIMARY,SENS-COV-01,BOM-HYD,9,0.055855,OBSERVED,14,11,True,True,0.055855,,2,15,0.273706,0.726294,27.3706,80.0000,False,False,PARTIAL_COVERAGE_DIAGNOSTIC_ONLY,phase12-v1
COV::SENS-COV-01::ROUND::2026-09-06T09:00::BLR-CCU,BT12-MOSPI-MONTHLY,ROUND::2026-09-06T09:00,PRIMARY,SENS-COV-01,BLR-CCU,10,0.05523,OBSERVED,14,11,True,True,0.05523,,2,15,0.273706,0.726294,27.3706,80.0000,False,False,PARTIAL_COVERAGE_DIAGNOSTIC_ONLY,phase12-v1
COV::SENS-COV-01::ROUND::2026-09-06T09:00::DEL-SXR,BT12-MOSPI-MONTHLY,ROUND::2026-09-06T09:00,PRIMARY,SENS-COV-01,DEL-SXR,11,0.054956,OBSERVED,14,14,True,True,0.054956,,2,15,0.273706,0.726294,27.3706,80.0000,False,False,PARTIAL_COVERAGE_DIAGNOSTIC_ONLY,phase12-v1
COV::SENS-COV-01::ROUND::2026-09-06T09:00::DEL-GOI,BT12-MOSPI-MONTHLY,ROUND::2026-09-06T09:00,PRIMARY,SENS-COV-01,DEL-GOI,12,0.03707,OBSERVED,15,12,True,True,0.03707,,2,15,0.273706,0.726294,27.3706,80.0000,False,False,PARTIAL_COVERAGE_DIAGNOSTIC_ONLY,phase12-v1
COV::SENS-COV-01::ROUND::2026-09-06T09:00::DEL-GAU,BT12-MOSPI-MONTHLY,ROUND::2026-09-06T09:00,PRIMARY,SENS-COV-01,DEL-GAU,13,0.036519,OBSERVED,10,8,True,True,0.036519,,2,15,0.273706,0.726294,27.3706,80.0000,False,False,PARTIAL_COVERAGE_DIAGNOSTIC_ONLY,phase12-v1
COV::SENS-COV-01::ROUND::2026-09-06T09:00::BLR-COK,BT12-MOSPI-MONTHLY,ROUND::2026-09-06T09:00,PRIMARY,SENS-COV-01,BLR-COK,14,0.03525,OBSERVED,14,12,True,True,0.03525,,2,15,0.273706,0.726294,27.3706,80.0000,False,False,PARTIAL_COVERAGE_DIAGNOSTIC_ONLY,phase12-v1
COV::SENS-COV-01::ROUND::2026-09-06T09:00::DEL-IDR,BT12-MOSPI-MONTHLY,ROUND::2026-09-06T09:00,PRIMARY,SENS-COV-01,DEL-IDR,15,0.02194,OBSERVED,9,8,True,True,0.02194,,2,15,0.273706,0.726294,27.3706,80.0000,False,False,PARTIAL_COVERAGE_DIAGNOSTIC_ONLY,phase12-v1
COV::SENS-COV-01::ROUND::2026-09-06T14:30::BOM-DEL,BT12-MOSPI-MONTHLY,ROUND::2026-09-06T14:30,PRIMARY,SENS-COV-01,BOM-DEL,1,0.162603,OBSERVED,12,11,True,True,0.162603,,2,15,0.273706,0.726294,27.3706,80.0000,False,False,PARTIAL_COVERAGE_DIAGNOSTIC_ONLY,phase12-v1
COV::SENS-COV-01::ROUND::2026-09-06T14:30::BLR-DEL,BT12-MOSPI-MONTHLY,ROUND::2026-09-06T14:30,PRIMARY,SENS-COV-01,BLR-DEL,2,0.111103,OBSERVED,14,12,True,True,0.111103,,2,15,0.273706,0.726294,27.3706,80.0000,False,False,PARTIAL_COVERAGE_DIAGNOSTIC_ONLY,phase12-v1
COV::SENS-COV-01::ROUND::2026-09-06T14:30::BLR-BOM,BT12-MOSPI-MONTHLY,ROUND::2026-09-06T14:30,PRIMARY,SENS-COV-01,BLR-BOM,3,0.097658,OBSERVED,14,13,True,True,0.097658,,2,15,0.273706,0.726294,27.3706,80.0000,False,False,PARTIAL_COVERAGE_DIAGNOSTIC_ONLY,phase12-v1
COV::SENS-COV-01::ROUND::2026-09-06T14:30::DEL-HYD,BT12-MOSPI-MONTHLY,ROUND::2026-09-06T14:30,PRIMARY,SENS-COV-01,DEL-HYD,4,0.078228,OBSERVED,15,15,True,True,0.078228,,2,15,0.273706,0.726294,27.3706,80.0000,False,False,PARTIAL_COVERAGE_DIAGNOSTIC_ONLY,phase12-v1
COV::SENS-COV-01::ROUND::2026-09-06T14:30::DEL-PNQ,BT12-MOSPI-MONTHLY,ROUND::2026-09-06T14:30,PRIMARY,SENS-COV-01,DEL-PNQ,5,0.069402,OBSERVED,13,11,True,True,0.069402,,2,15,0.273706,0.726294,27.3706,80.0000,False,False,PARTIAL_COVERAGE_DIAGNOSTIC_ONLY,phase12-v1
COV::SENS-COV-01::ROUND::2026-09-06T14:30::CCU-DEL,BT12-MOSPI-MONTHLY,ROUND::2026-09-06T14:30,PRIMARY,SENS-COV-01,CCU-DEL,6,0.065754,OBSERVED,15,13,True,True,0.065754,,2,15,0.273706,0.726294,27.3706,80.0000,False,False,PARTIAL_COVERAGE_DIAGNOSTIC_ONLY,phase12-v1
COV::SENS-COV-01::ROUND::2026-09-06T14:30::AMD-DEL,BT12-MOSPI-MONTHLY,ROUND::2026-09-06T14:30,PRIMARY,SENS-COV-01,AMD-DEL,7,0.060216,OBSERVED,14,12,True,True,0.060216,,2,15,0.273706,0.726294,27.3706,80.0000,False,False,PARTIAL_COVERAGE_DIAGNOSTIC_ONLY,phase12-v1
COV::SENS-COV-01::ROUND::2026-09-06T14:30::DEL-MAA,BT12-MOSPI-MONTHLY,ROUND::2026-09-06T14:30,PRIMARY,SENS-COV-01,DEL-MAA,8,0.058216,OBSERVED,13,11,True,True,0.058216,,2,15,0.273706,0.726294,27.3706,80.0000,False,False,PARTIAL_COVERAGE_DIAGNOSTIC_ONLY,phase12-v1
COV::SENS-COV-01::ROUND::2026-09-06T14:30::BOM-HYD,BT12-MOSPI-MONTHLY,ROUND::2026-09-06T14:30,PRIMARY,SENS-COV-01,BOM-HYD,9,0.055855,OBSERVED,13,12,True,True,0.055855,,2,15,0.273706,0.726294,27.3706,80.0000,False,False,PARTIAL_COVERAGE_DIAGNOSTIC_ONLY,phase12-v1
COV::SENS-COV-01::ROUND::2026-09-06T14:30::BLR-CCU,BT12-MOSPI-MONTHLY,ROUND::2026-09-06T14:30,PRIMARY,SENS-COV-01,BLR-CCU,10,0.05523,OBSERVED,14,13,True,True,0.05523,,2,15,0.273706,0.726294,27.3706,80.0000,False,False,PARTIAL_COVERAGE_DIAGNOSTIC_ONLY,phase12-v1
COV::SENS-COV-01::ROUND::2026-09-06T14:30::DEL-SXR,BT12-MOSPI-MONTHLY,ROUND::2026-09-06T14:30,PRIMARY,SENS-COV-01,DEL-SXR,11,0.054956,OBSERVED,12,11,True,True,0.054956,,2,15,0.273706,0.726294,27.3706,80.0000,False,False,PARTIAL_COVERAGE_DIAGNOSTIC_ONLY,phase12-v1
COV::SENS-COV-01::ROUND::2026-09-06T14:30::DEL-GOI,BT12-MOSPI-MONTHLY,ROUND::2026-09-06T14:30,PRIMARY,SENS-COV-01,DEL-GOI,12,0.03707,OBSERVED,13,13,True,True,0.03707,,2,15,0.273706,0.726294,27.3706,80.0000,False,False,PARTIAL_COVERAGE_DIAGNOSTIC_ONLY,phase12-v1
COV::SENS-COV-01::ROUND::2026-09-06T14:30::DEL-GAU,BT12-MOSPI-MONTHLY,ROUND::2026-09-06T14:30,PRIMARY,SENS-COV-01,DEL-GAU,13,0.036519,OBSERVED,13,8,True,True,0.036519,,2,15,0.273706,0.726294,27.3706,80.0000,False,False,PARTIAL_COVERAGE_DIAGNOSTIC_ONLY,phase12-v1
COV::SENS-COV-01::ROUND::2026-09-06T14:30::BLR-COK,BT12-MOSPI-MONTHLY,ROUND::2026-09-06T14:30,PRIMARY,SENS-COV-01,BLR-COK,14,0.03525,OBSERVED,13,12,True,True,0.03525,,2,15,0.273706,0.726294,27.3706,80.0000,False,False,PARTIAL_COVERAGE_DIAGNOSTIC_ONLY,phase12-v1
COV::SENS-COV-01::ROUND::2026-09-06T14:30::DEL-IDR,BT12-MOSPI-MONTHLY,ROUND::2026-09-06T14:30,PRIMARY,SENS-COV-01,DEL-IDR,15,0.02194,OBSERVED,12,6,True,True,0.02194,,2,15,0.273706,0.726294,27.3706,80.0000,False,False,PARTIAL_COVERAGE_DIAGNOSTIC_ONLY,phase12-v1
COV::SENS-COV-01::ROUND::2026-09-06T20:15::BOM-DEL,BT12-MOSPI-MONTHLY,ROUND::2026-09-06T20:15,PRIMARY,SENS-COV-01,BOM-DEL,1,0.162603,OBSERVED,13,10,True,True,0.162603,,2,15,0.273706,0.726294,27.3706,80.0000,False,False,PARTIAL_COVERAGE_DIAGNOSTIC_ONLY,phase12-v1
COV::SENS-COV-01::ROUND::2026-09-06T20:15::BLR-DEL,BT12-MOSPI-MONTHLY,ROUND::2026-09-06T20:15,PRIMARY,SENS-COV-01,BLR-DEL,2,0.111103,OBSERVED,12,12,True,True,0.111103,,2,15,0.273706,0.726294,27.3706,80.0000,False,False,PARTIAL_COVERAGE_DIAGNOSTIC_ONLY,phase12-v1
COV::SENS-COV-01::ROUND::2026-09-06T20:15::BLR-BOM,BT12-MOSPI-MONTHLY,ROUND::2026-09-06T20:15,PRIMARY,SENS-COV-01,BLR-BOM,3,0.097658,OBSERVED,14,14,True,True,0.097658,,2,15,0.273706,0.726294,27.3706,80.0000,False,False,PARTIAL_COVERAGE_DIAGNOSTIC_ONLY,phase12-v1
COV::SENS-COV-01::ROUND::2026-09-06T20:15::DEL-HYD,BT12-MOSPI-MONTHLY,ROUND::2026-09-06T20:15,PRIMARY,SENS-COV-01,DEL-HYD,4,0.078228,OBSERVED,13,13,True,True,0.078228,,2,15,0.273706,0.726294,27.3706,80.0000,False,False,PARTIAL_COVERAGE_DIAGNOSTIC_ONLY,phase12-v1
COV::SENS-COV-01::ROUND::2026-09-06T20:15::DEL-PNQ,BT12-MOSPI-MONTHLY,ROUND::2026-09-06T20:15,PRIMARY,SENS-COV-01,DEL-PNQ,5,0.069402,OBSERVED,14,13,True,True,0.069402,,2,15,0.273706,0.726294,27.3706,80.0000,False,False,PARTIAL_COVERAGE_DIAGNOSTIC_ONLY,phase12-v1
COV::SENS-COV-01::ROUND::2026-09-06T20:15::CCU-DEL,BT12-MOSPI-MONTHLY,ROUND::2026-09-06T20:15,PRIMARY,SENS-COV-01,CCU-DEL,6,0.065754,OBSERVED,14,14,True,True,0.065754,,2,15,0.273706,0.726294,27.3706,80.0000,False,False,PARTIAL_COVERAGE_DIAGNOSTIC_ONLY,phase12-v1
COV::SENS-COV-01::ROUND::2026-09-06T20:15::AMD-DEL,BT12-MOSPI-MONTHLY,ROUND::2026-09-06T20:15,PRIMARY,SENS-COV-01,AMD-DEL,7,0.060216,OBSERVED,14,13,True,True,0.060216,,2,15,0.273706,0.726294,27.3706,80.0000,False,False,PARTIAL_COVERAGE_DIAGNOSTIC_ONLY,phase12-v1
COV::SENS-COV-01::ROUND::2026-09-06T20:15::DEL-MAA,BT12-MOSPI-MONTHLY,ROUND::2026-09-06T20:15,PRIMARY,SENS-COV-01,DEL-MAA,8,0.058216,OBSERVED,13,12,True,True,0.058216,,2,15,0.273706,0.726294,27.3706,80.0000,False,False,PARTIAL_COVERAGE_DIAGNOSTIC_ONLY,phase12-v1
COV::SENS-COV-01::ROUND::2026-09-06T20:15::BOM-HYD,BT12-MOSPI-MONTHLY,ROUND::2026-09-06T20:15,PRIMARY,SENS-COV-01,BOM-HYD,9,0.055855,OBSERVED,14,12,True,True,0.055855,,2,15,0.273706,0.726294,27.3706,80.0000,False,False,PARTIAL_COVERAGE_DIAGNOSTIC_ONLY,phase12-v1
COV::SENS-COV-01::ROUND::2026-09-06T20:15::BLR-CCU,BT12-MOSPI-MONTHLY,ROUND::2026-09-06T20:15,PRIMARY,SENS-COV-01,BLR-CCU,10,0.05523,OBSERVED,15,14,True,True,0.05523,,2,15,0.273706,0.726294,27.3706,80.0000,False,False,PARTIAL_COVERAGE_DIAGNOSTIC_ONLY,phase12-v1
COV::SENS-COV-01::ROUND::2026-09-06T20:15::DEL-SXR,BT12-MOSPI-MONTHLY,ROUND::2026-09-06T20:15,PRIMARY,SENS-COV-01,DEL-SXR,11,0.054956,OBSERVED,14,11,True,True,0.054956,,2,15,0.273706,0.726294,27.3706,80.0000,False,False,PARTIAL_COVERAGE_DIAGNOSTIC_ONLY,phase12-v1
COV::SENS-COV-01::ROUND::2026-09-06T20:15::DEL-GOI,BT12-MOSPI-MONTHLY,ROUND::2026-09-06T20:15,PRIMARY,SENS-COV-01,DEL-GOI,12,0.03707,OBSERVED,12,10,True,True,0.03707,,2,15,0.273706,0.726294,27.3706,80.0000,False,False,PARTIAL_COVERAGE_DIAGNOSTIC_ONLY,phase12-v1
COV::SENS-COV-01::ROUND::2026-09-06T20:15::DEL-GAU,BT12-MOSPI-MONTHLY,ROUND::2026-09-06T20:15,PRIMARY,SENS-COV-01,DEL-GAU,13,0.036519,OBSERVED,10,8,True,True,0.036519,,2,15,0.273706,0.726294,27.3706,80.0000,False,False,PARTIAL_COVERAGE_DIAGNOSTIC_ONLY,phase12-v1
COV::SENS-COV-01::ROUND::2026-09-06T20:15::BLR-COK,BT12-MOSPI-MONTHLY,ROUND::2026-09-06T20:15,PRIMARY,SENS-COV-01,BLR-COK,14,0.03525,OBSERVED,0,0,False,False,,0.03525,2,15,0.273706,0.726294,27.3706,80.0000,False,False,PARTIAL_COVERAGE_DIAGNOSTIC_ONLY,phase12-v1
COV::SENS-COV-01::ROUND::2026-09-06T20:15::DEL-IDR,BT12-MOSPI-MONTHLY,ROUND::2026-09-06T20:15,PRIMARY,SENS-COV-01,DEL-IDR,15,0.02194,OBSERVED,0,0,False,False,,0.02194,2,15,0.273706,0.726294,27.3706,80.0000,False,False,PARTIAL_COVERAGE_DIAGNOSTIC_ONLY,phase12-v1
COV::SENS-COV-01::ROUND::2026-09-07T09:00::BOM-DEL,BT12-MOSPI-MONTHLY,ROUND::2026-09-07T09:00,PRIMARY,SENS-COV-01,BOM-DEL,1,0.162603,OBSERVED,0,0,False,False,,0.162603,2,15,0.273706,0.726294,27.3706,80.0000,False,False,PARTIAL_COVERAGE_DIAGNOSTIC_ONLY,phase12-v1
COV::SENS-COV-01::ROUND::2026-09-07T09:00::BLR-DEL,BT12-MOSPI-MONTHLY,ROUND::2026-09-07T09:00,PRIMARY,SENS-COV-01,BLR-DEL,2,0.111103,OBSERVED,0,0,False,False,,0.111103,2,15,0.273706,0.726294,27.3706,80.0000,False,False,PARTIAL_COVERAGE_DIAGNOSTIC_ONLY,phase12-v1
COV::SENS-COV-01::ROUND::2026-09-07T09:00::BLR-BOM,BT12-MOSPI-MONTHLY,ROUND::2026-09-07T09:00,PRIMARY,SENS-COV-01,BLR-BOM,3,0.097658,OBSERVED,0,0,False,False,,0.097658,2,15,0.273706,0.726294,27.3706,80.0000,False,False,PARTIAL_COVERAGE_DIAGNOSTIC_ONLY,phase12-v1
COV::SENS-COV-01::ROUND::2026-09-07T09:00::DEL-HYD,BT12-MOSPI-MONTHLY,ROUND::2026-09-07T09:00,PRIMARY,SENS-COV-01,DEL-HYD,4,0.078228,OBSERVED,1,1,True,True,0.078228,,2,15,0.273706,0.726294,27.3706,80.0000,False,False,PARTIAL_COVERAGE_DIAGNOSTIC_ONLY,phase12-v1
COV::SENS-COV-01::ROUND::2026-09-07T09:00::DEL-PNQ,BT12-MOSPI-MONTHLY,ROUND::2026-09-07T09:00,PRIMARY,SENS-COV-01,DEL-PNQ,5,0.069402,OBSERVED,0,0,False,False,,0.069402,2,15,0.273706,0.726294,27.3706,80.0000,False,False,PARTIAL_COVERAGE_DIAGNOSTIC_ONLY,phase12-v1
COV::SENS-COV-01::ROUND::2026-09-07T09:00::CCU-DEL,BT12-MOSPI-MONTHLY,ROUND::2026-09-07T09:00,PRIMARY,SENS-COV-01,CCU-DEL,6,0.065754,OBSERVED,0,0,False,False,,0.065754,2,15,0.273706,0.726294,27.3706,80.0000,False,False,PARTIAL_COVERAGE_DIAGNOSTIC_ONLY,phase12-v1
COV::SENS-COV-01::ROUND::2026-09-07T09:00::AMD-DEL,BT12-MOSPI-MONTHLY,ROUND::2026-09-07T09:00,PRIMARY,SENS-COV-01,AMD-DEL,7,0.060216,OBSERVED,0,0,False,False,,0.060216,2,15,0.273706,0.726294,27.3706,80.0000,False,False,PARTIAL_COVERAGE_DIAGNOSTIC_ONLY,phase12-v1
COV::SENS-COV-01::ROUND::2026-09-07T09:00::DEL-MAA,BT12-MOSPI-MONTHLY,ROUND::2026-09-07T09:00,PRIMARY,SENS-COV-01,DEL-MAA,8,0.058216,OBSERVED,0,0,False,False,,0.058216,2,15,0.273706,0.726294,27.3706,80.0000,False,False,PARTIAL_COVERAGE_DIAGNOSTIC_ONLY,phase12-v1
COV::SENS-COV-01::ROUND::2026-09-07T09:00::BOM-HYD,BT12-MOSPI-MONTHLY,ROUND::2026-09-07T09:00,PRIMARY,SENS-COV-01,BOM-HYD,9,0.055855,OBSERVED,0,0,False,False,,0.055855,2,15,0.273706,0.726294,27.3706,80.0000,False,False,PARTIAL_COVERAGE_DIAGNOSTIC_ONLY,phase12-v1
COV::SENS-COV-01::ROUND::2026-09-07T09:00::BLR-CCU,BT12-MOSPI-MONTHLY,ROUND::2026-09-07T09:00,PRIMARY,SENS-COV-01,BLR-CCU,10,0.05523,OBSERVED,0,0,False,False,,0.05523,2,15,0.273706,0.726294,27.3706,80.0000,False,False,PARTIAL_COVERAGE_DIAGNOSTIC_ONLY,phase12-v1
COV::SENS-COV-01::ROUND::2026-09-07T09:00::DEL-SXR,BT12-MOSPI-MONTHLY,ROUND::2026-09-07T09:00,PRIMARY,SENS-COV-01,DEL-SXR,11,0.054956,OBSERVED,0,0,False,False,,0.054956,2,15,0.273706,0.726294,27.3706,80.0000,False,False,PARTIAL_COVERAGE_DIAGNOSTIC_ONLY,phase12-v1
COV::SENS-COV-01::ROUND::2026-09-07T09:00::DEL-GOI,BT12-MOSPI-MONTHLY,ROUND::2026-09-07T09:00,PRIMARY,SENS-COV-01,DEL-GOI,12,0.03707,OBSERVED,1,1,True,True,0.03707,,2,15,0.273706,0.726294,27.3706,80.0000,False,False,PARTIAL_COVERAGE_DIAGNOSTIC_ONLY,phase12-v1
COV::SENS-COV-01::ROUND::2026-09-07T09:00::DEL-GAU,BT12-MOSPI-MONTHLY,ROUND::2026-09-07T09:00,PRIMARY,SENS-COV-01,DEL-GAU,13,0.036519,OBSERVED,0,0,False,False,,0.036519,2,15,0.273706,0.726294,27.3706,80.0000,False,False,PARTIAL_COVERAGE_DIAGNOSTIC_ONLY,phase12-v1
COV::SENS-COV-01::ROUND::2026-09-07T09:00::BLR-COK,BT12-MOSPI-MONTHLY,ROUND::2026-09-07T09:00,PRIMARY,SENS-COV-01,BLR-COK,14,0.03525,OBSERVED,0,0,False,False,,0.03525,2,15,0.273706,0.726294,27.3706,80.0000,False,False,PARTIAL_COVERAGE_DIAGNOSTIC_ONLY,phase12-v1
COV::SENS-COV-01::ROUND::2026-09-07T09:00::DEL-IDR,BT12-MOSPI-MONTHLY,ROUND::2026-09-07T09:00,PRIMARY,SENS-COV-01,DEL-IDR,15,0.02194,OBSERVED,0,0,False,False,,0.02194,2,15,0.273706,0.726294,27.3706,80.0000,False,False,PARTIAL_COVERAGE_DIAGNOSTIC_ONLY,phase12-v1
COV::SENS-COV-01::ROUND::2026-09-07T14:30::BOM-DEL,BT12-MOSPI-MONTHLY,ROUND::2026-09-07T14:30,PRIMARY,SENS-COV-01,BOM-DEL,1,0.162603,OBSERVED,0,0,False,False,,0.162603,2,15,0.273706,0.726294,27.3706,80.0000,False,False,PARTIAL_COVERAGE_DIAGNOSTIC_ONLY,phase12-v1
COV::SENS-COV-01::ROUND::2026-09-07T14:30::BLR-DEL,BT12-MOSPI-MONTHLY,ROUND::2026-09-07T14:30,PRIMARY,SENS-COV-01,BLR-DEL,2,0.111103,OBSERVED,0,0,False,False,,0.111103,2,15,0.273706,0.726294,27.3706,80.0000,False,False,PARTIAL_COVERAGE_DIAGNOSTIC_ONLY,phase12-v1
COV::SENS-COV-01::ROUND::2026-09-07T14:30::BLR-BOM,BT12-MOSPI-MONTHLY,ROUND::2026-09-07T14:30,PRIMARY,SENS-COV-01,BLR-BOM,3,0.097658,OBSERVED,0,0,False,False,,0.097658,2,15,0.273706,0.726294,27.3706,80.0000,False,False,PARTIAL_COVERAGE_DIAGNOSTIC_ONLY,phase12-v1
COV::SENS-COV-01::ROUND::2026-09-07T14:30::DEL-HYD,BT12-MOSPI-MONTHLY,ROUND::2026-09-07T14:30,PRIMARY,SENS-COV-01,DEL-HYD,4,0.078228,OBSERVED,0,0,False,False,,0.078228,2,15,0.273706,0.726294,27.3706,80.0000,False,False,PARTIAL_COVERAGE_DIAGNOSTIC_ONLY,phase12-v1
COV::SENS-COV-01::ROUND::2026-09-07T14:30::DEL-PNQ,BT12-MOSPI-MONTHLY,ROUND::2026-09-07T14:30,PRIMARY,SENS-COV-01,DEL-PNQ,5,0.069402,OBSERVED,1,0,False,False,,0.069402,2,15,0.273706,0.726294,27.3706,80.0000,False,False,PARTIAL_COVERAGE_DIAGNOSTIC_ONLY,phase12-v1
COV::SENS-COV-01::ROUND::2026-09-07T14:30::CCU-DEL,BT12-MOSPI-MONTHLY,ROUND::2026-09-07T14:30,PRIMARY,SENS-COV-01,CCU-DEL,6,0.065754,OBSERVED,0,0,False,False,,0.065754,2,15,0.273706,0.726294,27.3706,80.0000,False,False,PARTIAL_COVERAGE_DIAGNOSTIC_ONLY,phase12-v1
COV::SENS-COV-01::ROUND::2026-09-07T14:30::AMD-DEL,BT12-MOSPI-MONTHLY,ROUND::2026-09-07T14:30,PRIMARY,SENS-COV-01,AMD-DEL,7,0.060216,OBSERVED,0,0,False,False,,0.060216,2,15,0.273706,0.726294,27.3706,80.0000,False,False,PARTIAL_COVERAGE_DIAGNOSTIC_ONLY,phase12-v1
COV::SENS-COV-01::ROUND::2026-09-07T14:30::DEL-MAA,BT12-MOSPI-MONTHLY,ROUND::2026-09-07T14:30,PRIMARY,SENS-COV-01,DEL-MAA,8,0.058216,OBSERVED,1,0,False,False,,0.058216,2,15,0.273706,0.726294,27.3706,80.0000,False,False,PARTIAL_COVERAGE_DIAGNOSTIC_ONLY,phase12-v1
COV::SENS-COV-01::ROUND::2026-09-07T14:30::BOM-HYD,BT12-MOSPI-MONTHLY,ROUND::2026-09-07T14:30,PRIMARY,SENS-COV-01,BOM-HYD,9,0.055855,OBSERVED,0,0,False,False,,0.055855,2,15,0.273706,0.726294,27.3706,80.0000,False,False,PARTIAL_COVERAGE_DIAGNOSTIC_ONLY,phase12-v1
COV::SENS-COV-01::ROUND::2026-09-07T14:30::BLR-CCU,BT12-MOSPI-MONTHLY,ROUND::2026-09-07T14:30,PRIMARY,SENS-COV-01,BLR-CCU,10,0.05523,OBSERVED,0,0,False,False,,0.05523,2,15,0.273706,0.726294,27.3706,80.0000,False,False,PARTIAL_COVERAGE_DIAGNOSTIC_ONLY,phase12-v1
COV::SENS-COV-01::ROUND::2026-09-07T14:30::DEL-SXR,BT12-MOSPI-MONTHLY,ROUND::2026-09-07T14:30,PRIMARY,SENS-COV-01,DEL-SXR,11,0.054956,OBSERVED,0,0,False,False,,0.054956,2,15,0.273706,0.726294,27.3706,80.0000,False,False,PARTIAL_COVERAGE_DIAGNOSTIC_ONLY,phase12-v1
COV::SENS-COV-01::ROUND::2026-09-07T14:30::DEL-GOI,BT12-MOSPI-MONTHLY,ROUND::2026-09-07T14:30,PRIMARY,SENS-COV-01,DEL-GOI,12,0.03707,OBSERVED,0,0,False,False,,0.03707,2,15,0.273706,0.726294,27.3706,80.0000,False,False,PARTIAL_COVERAGE_DIAGNOSTIC_ONLY,phase12-v1
COV::SENS-COV-01::ROUND::2026-09-07T14:30::DEL-GAU,BT12-MOSPI-MONTHLY,ROUND::2026-09-07T14:30,PRIMARY,SENS-COV-01,DEL-GAU,13,0.036519,OBSERVED,0,0,False,False,,0.036519,2,15,0.273706,0.726294,27.3706,80.0000,False,False,PARTIAL_COVERAGE_DIAGNOSTIC_ONLY,phase12-v1
COV::SENS-COV-01::ROUND::2026-09-07T14:30::BLR-COK,BT12-MOSPI-MONTHLY,ROUND::2026-09-07T14:30,PRIMARY,SENS-COV-01,BLR-COK,14,0.03525,OBSERVED,1,0,False,False,,0.03525,2,15,0.273706,0.726294,27.3706,80.0000,False,False,PARTIAL_COVERAGE_DIAGNOSTIC_ONLY,phase12-v1
COV::SENS-COV-01::ROUND::2026-09-07T14:30::DEL-IDR,BT12-MOSPI-MONTHLY,ROUND::2026-09-07T14:30,PRIMARY,SENS-COV-01,DEL-IDR,15,0.02194,OBSERVED,1,0,False,False,,0.02194,2,15,0.273706,0.726294,27.3706,80.0000,False,False,PARTIAL_COVERAGE_DIAGNOSTIC_ONLY,phase12-v1
COV::SENS-COV-01::ROUND::2026-09-07T20:15::BOM-DEL,BT12-MOSPI-MONTHLY,ROUND::2026-09-07T20:15,PRIMARY,SENS-COV-01,BOM-DEL,1,0.162603,OBSERVED,0,0,False,False,,0.162603,2,15,0.273706,0.726294,27.3706,80.0000,False,False,PARTIAL_COVERAGE_DIAGNOSTIC_ONLY,phase12-v1
COV::SENS-COV-01::ROUND::2026-09-07T20:15::BLR-DEL,BT12-MOSPI-MONTHLY,ROUND::2026-09-07T20:15,PRIMARY,SENS-COV-01,BLR-DEL,2,0.111103,OBSERVED,0,0,False,False,,0.111103,2,15,0.273706,0.726294,27.3706,80.0000,False,False,PARTIAL_COVERAGE_DIAGNOSTIC_ONLY,phase12-v1
COV::SENS-COV-01::ROUND::2026-09-07T20:15::BLR-BOM,BT12-MOSPI-MONTHLY,ROUND::2026-09-07T20:15,PRIMARY,SENS-COV-01,BLR-BOM,3,0.097658,OBSERVED,0,0,False,False,,0.097658,2,15,0.273706,0.726294,27.3706,80.0000,False,False,PARTIAL_COVERAGE_DIAGNOSTIC_ONLY,phase12-v1
COV::SENS-COV-01::ROUND::2026-09-07T20:15::DEL-HYD,BT12-MOSPI-MONTHLY,ROUND::2026-09-07T20:15,PRIMARY,SENS-COV-01,DEL-HYD,4,0.078228,OBSERVED,0,0,False,False,,0.078228,2,15,0.273706,0.726294,27.3706,80.0000,False,False,PARTIAL_COVERAGE_DIAGNOSTIC_ONLY,phase12-v1
COV::SENS-COV-01::ROUND::2026-09-07T20:15::DEL-PNQ,BT12-MOSPI-MONTHLY,ROUND::2026-09-07T20:15,PRIMARY,SENS-COV-01,DEL-PNQ,5,0.069402,OBSERVED,1,0,False,False,,0.069402,2,15,0.273706,0.726294,27.3706,80.0000,False,False,PARTIAL_COVERAGE_DIAGNOSTIC_ONLY,phase12-v1
COV::SENS-COV-01::ROUND::2026-09-07T20:15::CCU-DEL,BT12-MOSPI-MONTHLY,ROUND::2026-09-07T20:15,PRIMARY,SENS-COV-01,CCU-DEL,6,0.065754,OBSERVED,0,0,False,False,,0.065754,2,15,0.273706,0.726294,27.3706,80.0000,False,False,PARTIAL_COVERAGE_DIAGNOSTIC_ONLY,phase12-v1
COV::SENS-COV-01::ROUND::2026-09-07T20:15::AMD-DEL,BT12-MOSPI-MONTHLY,ROUND::2026-09-07T20:15,PRIMARY,SENS-COV-01,AMD-DEL,7,0.060216,OBSERVED,0,0,False,False,,0.060216,2,15,0.273706,0.726294,27.3706,80.0000,False,False,PARTIAL_COVERAGE_DIAGNOSTIC_ONLY,phase12-v1
COV::SENS-COV-01::ROUND::2026-09-07T20:15::DEL-MAA,BT12-MOSPI-MONTHLY,ROUND::2026-09-07T20:15,PRIMARY,SENS-COV-01,DEL-MAA,8,0.058216,OBSERVED,0,0,False,False,,0.058216,2,15,0.273706,0.726294,27.3706,80.0000,False,False,PARTIAL_COVERAGE_DIAGNOSTIC_ONLY,phase12-v1
COV::SENS-COV-01::ROUND::2026-09-07T20:15::BOM-HYD,BT12-MOSPI-MONTHLY,ROUND::2026-09-07T20:15,PRIMARY,SENS-COV-01,BOM-HYD,9,0.055855,OBSERVED,0,0,False,False,,0.055855,2,15,0.273706,0.726294,27.3706,80.0000,False,False,PARTIAL_COVERAGE_DIAGNOSTIC_ONLY,phase12-v1
COV::SENS-COV-01::ROUND::2026-09-07T20:15::BLR-CCU,BT12-MOSPI-MONTHLY,ROUND::2026-09-07T20:15,PRIMARY,SENS-COV-01,BLR-CCU,10,0.05523,OBSERVED,0,0,False,False,,0.05523,2,15,0.273706,0.726294,27.3706,80.0000,False,False,PARTIAL_COVERAGE_DIAGNOSTIC_ONLY,phase12-v1
COV::SENS-COV-01::ROUND::2026-09-07T20:15::DEL-SXR,BT12-MOSPI-MONTHLY,ROUND::2026-09-07T20:15,PRIMARY,SENS-COV-01,DEL-SXR,11,0.054956,OBSERVED,0,0,False,False,,0.054956,2,15,0.273706,0.726294,27.3706,80.0000,False,False,PARTIAL_COVERAGE_DIAGNOSTIC_ONLY,phase12-v1
COV::SENS-COV-01::ROUND::2026-09-07T20:15::DEL-GOI,BT12-MOSPI-MONTHLY,ROUND::2026-09-07T20:15,PRIMARY,SENS-COV-01,DEL-GOI,12,0.03707,OBSERVED,0,0,False,False,,0.03707,2,15,0.273706,0.726294,27.3706,80.0000,False,False,PARTIAL_COVERAGE_DIAGNOSTIC_ONLY,phase12-v1
COV::SENS-COV-01::ROUND::2026-09-07T20:15::DEL-GAU,BT12-MOSPI-MONTHLY,ROUND::2026-09-07T20:15,PRIMARY,SENS-COV-01,DEL-GAU,13,0.036519,OBSERVED,0,0,False,False,,0.036519,2,15,0.273706,0.726294,27.3706,80.0000,False,False,PARTIAL_COVERAGE_DIAGNOSTIC_ONLY,phase12-v1
COV::SENS-COV-01::ROUND::2026-09-07T20:15::BLR-COK,BT12-MOSPI-MONTHLY,ROUND::2026-09-07T20:15,PRIMARY,SENS-COV-01,BLR-COK,14,0.03525,OBSERVED,0,0,False,False,,0.03525,2,15,0.273706,0.726294,27.3706,80.0000,False,False,PARTIAL_COVERAGE_DIAGNOSTIC_ONLY,phase12-v1
COV::SENS-COV-01::ROUND::2026-09-07T20:15::DEL-IDR,BT12-MOSPI-MONTHLY,ROUND::2026-09-07T20:15,PRIMARY,SENS-COV-01,DEL-IDR,15,0.02194,OBSERVED,0,0,False,False,,0.02194,2,15,0.273706,0.726294,27.3706,80.0000,False,False,PARTIAL_COVERAGE_DIAGNOSTIC_ONLY,phase12-v1
COV::SENS-COV-01::ROUND::2026-09-08T09:00::BOM-DEL,BT12-MOSPI-MONTHLY,ROUND::2026-09-08T09:00,PRIMARY,SENS-COV-01,BOM-DEL,1,0.162603,OBSERVED,1,0,False,False,,0.162603,2,15,0.273706,0.726294,27.3706,80.0000,False,False,PARTIAL_COVERAGE_DIAGNOSTIC_ONLY,phase12-v1
COV::SENS-COV-01::ROUND::2026-09-08T09:00::BLR-DEL,BT12-MOSPI-MONTHLY,ROUND::2026-09-08T09:00,PRIMARY,SENS-COV-01,BLR-DEL,2,0.111103,OBSERVED,0,0,False,False,,0.111103,2,15,0.273706,0.726294,27.3706,80.0000,False,False,PARTIAL_COVERAGE_DIAGNOSTIC_ONLY,phase12-v1
COV::SENS-COV-01::ROUND::2026-09-08T09:00::BLR-BOM,BT12-MOSPI-MONTHLY,ROUND::2026-09-08T09:00,PRIMARY,SENS-COV-01,BLR-BOM,3,0.097658,OBSERVED,0,0,False,False,,0.097658,2,15,0.273706,0.726294,27.3706,80.0000,False,False,PARTIAL_COVERAGE_DIAGNOSTIC_ONLY,phase12-v1
COV::SENS-COV-01::ROUND::2026-09-08T09:00::DEL-HYD,BT12-MOSPI-MONTHLY,ROUND::2026-09-08T09:00,PRIMARY,SENS-COV-01,DEL-HYD,4,0.078228,OBSERVED,0,0,False,False,,0.078228,2,15,0.273706,0.726294,27.3706,80.0000,False,False,PARTIAL_COVERAGE_DIAGNOSTIC_ONLY,phase12-v1
COV::SENS-COV-01::ROUND::2026-09-08T09:00::DEL-PNQ,BT12-MOSPI-MONTHLY,ROUND::2026-09-08T09:00,PRIMARY,SENS-COV-01,DEL-PNQ,5,0.069402,OBSERVED,0,0,False,False,,0.069402,2,15,0.273706,0.726294,27.3706,80.0000,False,False,PARTIAL_COVERAGE_DIAGNOSTIC_ONLY,phase12-v1
COV::SENS-COV-01::ROUND::2026-09-08T09:00::CCU-DEL,BT12-MOSPI-MONTHLY,ROUND::2026-09-08T09:00,PRIMARY,SENS-COV-01,CCU-DEL,6,0.065754,OBSERVED,0,0,False,False,,0.065754,2,15,0.273706,0.726294,27.3706,80.0000,False,False,PARTIAL_COVERAGE_DIAGNOSTIC_ONLY,phase12-v1
COV::SENS-COV-01::ROUND::2026-09-08T09:00::AMD-DEL,BT12-MOSPI-MONTHLY,ROUND::2026-09-08T09:00,PRIMARY,SENS-COV-01,AMD-DEL,7,0.060216,OBSERVED,0,0,False,False,,0.060216,2,15,0.273706,0.726294,27.3706,80.0000,False,False,PARTIAL_COVERAGE_DIAGNOSTIC_ONLY,phase12-v1
COV::SENS-COV-01::ROUND::2026-09-08T09:00::DEL-MAA,BT12-MOSPI-MONTHLY,ROUND::2026-09-08T09:00,PRIMARY,SENS-COV-01,DEL-MAA,8,0.058216,OBSERVED,0,0,False,False,,0.058216,2,15,0.273706,0.726294,27.3706,80.0000,False,False,PARTIAL_COVERAGE_DIAGNOSTIC_ONLY,phase12-v1
COV::SENS-COV-01::ROUND::2026-09-08T09:00::BOM-HYD,BT12-MOSPI-MONTHLY,ROUND::2026-09-08T09:00,PRIMARY,SENS-COV-01,BOM-HYD,9,0.055855,OBSERVED,0,0,False,False,,0.055855,2,15,0.273706,0.726294,27.3706,80.0000,False,False,PARTIAL_COVERAGE_DIAGNOSTIC_ONLY,phase12-v1
COV::SENS-COV-01::ROUND::2026-09-08T09:00::BLR-CCU,BT12-MOSPI-MONTHLY,ROUND::2026-09-08T09:00,PRIMARY,SENS-COV-01,BLR-CCU,10,0.05523,OBSERVED,0,0,False,False,,0.05523,2,15,0.273706,0.726294,27.3706,80.0000,False,False,PARTIAL_COVERAGE_DIAGNOSTIC_ONLY,phase12-v1
COV::SENS-COV-01::ROUND::2026-09-08T09:00::DEL-SXR,BT12-MOSPI-MONTHLY,ROUND::2026-09-08T09:00,PRIMARY,SENS-COV-01,DEL-SXR,11,0.054956,OBSERVED,0,0,False,False,,0.054956,2,15,0.273706,0.726294,27.3706,80.0000,False,False,PARTIAL_COVERAGE_DIAGNOSTIC_ONLY,phase12-v1
COV::SENS-COV-01::ROUND::2026-09-08T09:00::DEL-GOI,BT12-MOSPI-MONTHLY,ROUND::2026-09-08T09:00,PRIMARY,SENS-COV-01,DEL-GOI,12,0.03707,OBSERVED,1,0,False,False,,0.03707,2,15,0.273706,0.726294,27.3706,80.0000,False,False,PARTIAL_COVERAGE_DIAGNOSTIC_ONLY,phase12-v1
COV::SENS-COV-01::ROUND::2026-09-08T09:00::DEL-GAU,BT12-MOSPI-MONTHLY,ROUND::2026-09-08T09:00,PRIMARY,SENS-COV-01,DEL-GAU,13,0.036519,OBSERVED,0,0,False,False,,0.036519,2,15,0.273706,0.726294,27.3706,80.0000,False,False,PARTIAL_COVERAGE_DIAGNOSTIC_ONLY,phase12-v1
COV::SENS-COV-01::ROUND::2026-09-08T09:00::BLR-COK,BT12-MOSPI-MONTHLY,ROUND::2026-09-08T09:00,PRIMARY,SENS-COV-01,BLR-COK,14,0.03525,OBSERVED,0,0,False,False,,0.03525,2,15,0.273706,0.726294,27.3706,80.0000,False,False,PARTIAL_COVERAGE_DIAGNOSTIC_ONLY,phase12-v1
COV::SENS-COV-01::ROUND::2026-09-08T09:00::DEL-IDR,BT12-MOSPI-MONTHLY,ROUND::2026-09-08T09:00,PRIMARY,SENS-COV-01,DEL-IDR,15,0.02194,OBSERVED,0,0,False,False,,0.02194,2,15,0.273706,0.726294,27.3706,80.0000,False,False,PARTIAL_COVERAGE_DIAGNOSTIC_ONLY,phase12-v1
COV::SENS-COV-01::ROUND::2026-09-08T20:15::BOM-DEL,BT12-MOSPI-MONTHLY,ROUND::2026-09-08T20:15,PRIMARY,SENS-COV-01,BOM-DEL,1,0.162603,OBSERVED,0,0,False,False,,0.162603,2,15,0.273706,0.726294,27.3706,80.0000,False,False,PARTIAL_COVERAGE_DIAGNOSTIC_ONLY,phase12-v1
COV::SENS-COV-01::ROUND::2026-09-08T20:15::BLR-DEL,BT12-MOSPI-MONTHLY,ROUND::2026-09-08T20:15,PRIMARY,SENS-COV-01,BLR-DEL,2,0.111103,OBSERVED,0,0,False,False,,0.111103,2,15,0.273706,0.726294,27.3706,80.0000,False,False,PARTIAL_COVERAGE_DIAGNOSTIC_ONLY,phase12-v1
COV::SENS-COV-01::ROUND::2026-09-08T20:15::BLR-BOM,BT12-MOSPI-MONTHLY,ROUND::2026-09-08T20:15,PRIMARY,SENS-COV-01,BLR-BOM,3,0.097658,OBSERVED,0,0,False,False,,0.097658,2,15,0.273706,0.726294,27.3706,80.0000,False,False,PARTIAL_COVERAGE_DIAGNOSTIC_ONLY,phase12-v1
COV::SENS-COV-01::ROUND::2026-09-08T20:15::DEL-HYD,BT12-MOSPI-MONTHLY,ROUND::2026-09-08T20:15,PRIMARY,SENS-COV-01,DEL-HYD,4,0.078228,OBSERVED,0,0,False,False,,0.078228,2,15,0.273706,0.726294,27.3706,80.0000,False,False,PARTIAL_COVERAGE_DIAGNOSTIC_ONLY,phase12-v1
COV::SENS-COV-01::ROUND::2026-09-08T20:15::DEL-PNQ,BT12-MOSPI-MONTHLY,ROUND::2026-09-08T20:15,PRIMARY,SENS-COV-01,DEL-PNQ,5,0.069402,OBSERVED,0,0,False,False,,0.069402,2,15,0.273706,0.726294,27.3706,80.0000,False,False,PARTIAL_COVERAGE_DIAGNOSTIC_ONLY,phase12-v1
COV::SENS-COV-01::ROUND::2026-09-08T20:15::CCU-DEL,BT12-MOSPI-MONTHLY,ROUND::2026-09-08T20:15,PRIMARY,SENS-COV-01,CCU-DEL,6,0.065754,OBSERVED,0,0,False,False,,0.065754,2,15,0.273706,0.726294,27.3706,80.0000,False,False,PARTIAL_COVERAGE_DIAGNOSTIC_ONLY,phase12-v1
COV::SENS-COV-01::ROUND::2026-09-08T20:15::AMD-DEL,BT12-MOSPI-MONTHLY,ROUND::2026-09-08T20:15,PRIMARY,SENS-COV-01,AMD-DEL,7,0.060216,OBSERVED,0,0,False,False,,0.060216,2,15,0.273706,0.726294,27.3706,80.0000,False,False,PARTIAL_COVERAGE_DIAGNOSTIC_ONLY,phase12-v1
COV::SENS-COV-01::ROUND::2026-09-08T20:15::DEL-MAA,BT12-MOSPI-MONTHLY,ROUND::2026-09-08T20:15,PRIMARY,SENS-COV-01,DEL-MAA,8,0.058216,OBSERVED,0,0,False,False,,0.058216,2,15,0.273706,0.726294,27.3706,80.0000,False,False,PARTIAL_COVERAGE_DIAGNOSTIC_ONLY,phase12-v1
COV::SENS-COV-01::ROUND::2026-09-08T20:15::BOM-HYD,BT12-MOSPI-MONTHLY,ROUND::2026-09-08T20:15,PRIMARY,SENS-COV-01,BOM-HYD,9,0.055855,OBSERVED,0,0,False,False,,0.055855,2,15,0.273706,0.726294,27.3706,80.0000,False,False,PARTIAL_COVERAGE_DIAGNOSTIC_ONLY,phase12-v1
COV::SENS-COV-01::ROUND::2026-09-08T20:15::BLR-CCU,BT12-MOSPI-MONTHLY,ROUND::2026-09-08T20:15,PRIMARY,SENS-COV-01,BLR-CCU,10,0.05523,OBSERVED,0,0,False,False,,0.05523,2,15,0.273706,0.726294,27.3706,80.0000,False,False,PARTIAL_COVERAGE_DIAGNOSTIC_ONLY,phase12-v1
COV::SENS-COV-01::ROUND::2026-09-08T20:15::DEL-SXR,BT12-MOSPI-MONTHLY,ROUND::2026-09-08T20:15,PRIMARY,SENS-COV-01,DEL-SXR,11,0.054956,OBSERVED,0,0,False,False,,0.054956,2,15,0.273706,0.726294,27.3706,80.0000,False,False,PARTIAL_COVERAGE_DIAGNOSTIC_ONLY,phase12-v1
COV::SENS-COV-01::ROUND::2026-09-08T20:15::DEL-GOI,BT12-MOSPI-MONTHLY,ROUND::2026-09-08T20:15,PRIMARY,SENS-COV-01,DEL-GOI,12,0.03707,OBSERVED,0,0,False,False,,0.03707,2,15,0.273706,0.726294,27.3706,80.0000,False,False,PARTIAL_COVERAGE_DIAGNOSTIC_ONLY,phase12-v1
COV::SENS-COV-01::ROUND::2026-09-08T20:15::DEL-GAU,BT12-MOSPI-MONTHLY,ROUND::2026-09-08T20:15,PRIMARY,SENS-COV-01,DEL-GAU,13,0.036519,OBSERVED,1,0,False,False,,0.036519,2,15,0.273706,0.726294,27.3706,80.0000,False,False,PARTIAL_COVERAGE_DIAGNOSTIC_ONLY,phase12-v1
COV::SENS-COV-01::ROUND::2026-09-08T20:15::BLR-COK,BT12-MOSPI-MONTHLY,ROUND::2026-09-08T20:15,PRIMARY,SENS-COV-01,BLR-COK,14,0.03525,OBSERVED,0,0,False,False,,0.03525,2,15,0.273706,0.726294,27.3706,80.0000,False,False,PARTIAL_COVERAGE_DIAGNOSTIC_ONLY,phase12-v1
COV::SENS-COV-01::ROUND::2026-09-08T20:15::DEL-IDR,BT12-MOSPI-MONTHLY,ROUND::2026-09-08T20:15,PRIMARY,SENS-COV-01,DEL-IDR,15,0.02194,OBSERVED,0,0,False,False,,0.02194,2,15,0.273706,0.726294,27.3706,80.0000,False,False,PARTIAL_COVERAGE_DIAGNOSTIC_ONLY,phase12-v1
COV::SENS-COV-01::ROUND::2026-09-09T09:00::BOM-DEL,BT12-MOSPI-MONTHLY,ROUND::2026-09-09T09:00,PRIMARY,SENS-COV-01,BOM-DEL,1,0.162603,OBSERVED,0,0,False,False,,0.162603,2,15,0.273706,0.726294,27.3706,80.0000,False,False,PARTIAL_COVERAGE_DIAGNOSTIC_ONLY,phase12-v1
COV::SENS-COV-01::ROUND::2026-09-09T09:00::BLR-DEL,BT12-MOSPI-MONTHLY,ROUND::2026-09-09T09:00,PRIMARY,SENS-COV-01,BLR-DEL,2,0.111103,OBSERVED,0,0,False,False,,0.111103,2,15,0.273706,0.726294,27.3706,80.0000,False,False,PARTIAL_COVERAGE_DIAGNOSTIC_ONLY,phase12-v1
COV::SENS-COV-01::ROUND::2026-09-09T09:00::BLR-BOM,BT12-MOSPI-MONTHLY,ROUND::2026-09-09T09:00,PRIMARY,SENS-COV-01,BLR-BOM,3,0.097658,OBSERVED,0,0,False,False,,0.097658,2,15,0.273706,0.726294,27.3706,80.0000,False,False,PARTIAL_COVERAGE_DIAGNOSTIC_ONLY,phase12-v1
COV::SENS-COV-01::ROUND::2026-09-09T09:00::DEL-HYD,BT12-MOSPI-MONTHLY,ROUND::2026-09-09T09:00,PRIMARY,SENS-COV-01,DEL-HYD,4,0.078228,OBSERVED,0,0,False,False,,0.078228,2,15,0.273706,0.726294,27.3706,80.0000,False,False,PARTIAL_COVERAGE_DIAGNOSTIC_ONLY,phase12-v1
COV::SENS-COV-01::ROUND::2026-09-09T09:00::DEL-PNQ,BT12-MOSPI-MONTHLY,ROUND::2026-09-09T09:00,PRIMARY,SENS-COV-01,DEL-PNQ,5,0.069402,OBSERVED,0,0,False,False,,0.069402,2,15,0.273706,0.726294,27.3706,80.0000,False,False,PARTIAL_COVERAGE_DIAGNOSTIC_ONLY,phase12-v1
COV::SENS-COV-01::ROUND::2026-09-09T09:00::CCU-DEL,BT12-MOSPI-MONTHLY,ROUND::2026-09-09T09:00,PRIMARY,SENS-COV-01,CCU-DEL,6,0.065754,OBSERVED,0,0,False,False,,0.065754,2,15,0.273706,0.726294,27.3706,80.0000,False,False,PARTIAL_COVERAGE_DIAGNOSTIC_ONLY,phase12-v1
COV::SENS-COV-01::ROUND::2026-09-09T09:00::AMD-DEL,BT12-MOSPI-MONTHLY,ROUND::2026-09-09T09:00,PRIMARY,SENS-COV-01,AMD-DEL,7,0.060216,OBSERVED,0,0,False,False,,0.060216,2,15,0.273706,0.726294,27.3706,80.0000,False,False,PARTIAL_COVERAGE_DIAGNOSTIC_ONLY,phase12-v1
COV::SENS-COV-01::ROUND::2026-09-09T09:00::DEL-MAA,BT12-MOSPI-MONTHLY,ROUND::2026-09-09T09:00,PRIMARY,SENS-COV-01,DEL-MAA,8,0.058216,OBSERVED,1,0,False,False,,0.058216,2,15,0.273706,0.726294,27.3706,80.0000,False,False,PARTIAL_COVERAGE_DIAGNOSTIC_ONLY,phase12-v1
COV::SENS-COV-01::ROUND::2026-09-09T09:00::BOM-HYD,BT12-MOSPI-MONTHLY,ROUND::2026-09-09T09:00,PRIMARY,SENS-COV-01,BOM-HYD,9,0.055855,OBSERVED,0,0,False,False,,0.055855,2,15,0.273706,0.726294,27.3706,80.0000,False,False,PARTIAL_COVERAGE_DIAGNOSTIC_ONLY,phase12-v1
COV::SENS-COV-01::ROUND::2026-09-09T09:00::BLR-CCU,BT12-MOSPI-MONTHLY,ROUND::2026-09-09T09:00,PRIMARY,SENS-COV-01,BLR-CCU,10,0.05523,OBSERVED,0,0,False,False,,0.05523,2,15,0.273706,0.726294,27.3706,80.0000,False,False,PARTIAL_COVERAGE_DIAGNOSTIC_ONLY,phase12-v1
COV::SENS-COV-01::ROUND::2026-09-09T09:00::DEL-SXR,BT12-MOSPI-MONTHLY,ROUND::2026-09-09T09:00,PRIMARY,SENS-COV-01,DEL-SXR,11,0.054956,OBSERVED,0,0,False,False,,0.054956,2,15,0.273706,0.726294,27.3706,80.0000,False,False,PARTIAL_COVERAGE_DIAGNOSTIC_ONLY,phase12-v1
COV::SENS-COV-01::ROUND::2026-09-09T09:00::DEL-GOI,BT12-MOSPI-MONTHLY,ROUND::2026-09-09T09:00,PRIMARY,SENS-COV-01,DEL-GOI,12,0.03707,OBSERVED,0,0,False,False,,0.03707,2,15,0.273706,0.726294,27.3706,80.0000,False,False,PARTIAL_COVERAGE_DIAGNOSTIC_ONLY,phase12-v1
COV::SENS-COV-01::ROUND::2026-09-09T09:00::DEL-GAU,BT12-MOSPI-MONTHLY,ROUND::2026-09-09T09:00,PRIMARY,SENS-COV-01,DEL-GAU,13,0.036519,OBSERVED,0,0,False,False,,0.036519,2,15,0.273706,0.726294,27.3706,80.0000,False,False,PARTIAL_COVERAGE_DIAGNOSTIC_ONLY,phase12-v1
COV::SENS-COV-01::ROUND::2026-09-09T09:00::BLR-COK,BT12-MOSPI-MONTHLY,ROUND::2026-09-09T09:00,PRIMARY,SENS-COV-01,BLR-COK,14,0.03525,OBSERVED,0,0,False,False,,0.03525,2,15,0.273706,0.726294,27.3706,80.0000,False,False,PARTIAL_COVERAGE_DIAGNOSTIC_ONLY,phase12-v1
COV::SENS-COV-01::ROUND::2026-09-09T09:00::DEL-IDR,BT12-MOSPI-MONTHLY,ROUND::2026-09-09T09:00,PRIMARY,SENS-COV-01,DEL-IDR,15,0.02194,OBSERVED,0,0,False,False,,0.02194,2,15,0.273706,0.726294,27.3706,80.0000,False,False,PARTIAL_COVERAGE_DIAGNOSTIC_ONLY,phase12-v1
COV::SENS-COV-01::ROUND::2026-09-09T14:30::BOM-DEL,BT12-MOSPI-MONTHLY,ROUND::2026-09-09T14:30,PRIMARY,SENS-COV-01,BOM-DEL,1,0.162603,OBSERVED,1,0,False,False,,0.162603,2,15,0.273706,0.726294,27.3706,80.0000,False,False,PARTIAL_COVERAGE_DIAGNOSTIC_ONLY,phase12-v1
COV::SENS-COV-01::ROUND::2026-09-09T14:30::BLR-DEL,BT12-MOSPI-MONTHLY,ROUND::2026-09-09T14:30,PRIMARY,SENS-COV-01,BLR-DEL,2,0.111103,OBSERVED,0,0,False,False,,0.111103,2,15,0.273706,0.726294,27.3706,80.0000,False,False,PARTIAL_COVERAGE_DIAGNOSTIC_ONLY,phase12-v1
COV::SENS-COV-01::ROUND::2026-09-09T14:30::BLR-BOM,BT12-MOSPI-MONTHLY,ROUND::2026-09-09T14:30,PRIMARY,SENS-COV-01,BLR-BOM,3,0.097658,OBSERVED,0,0,False,False,,0.097658,2,15,0.273706,0.726294,27.3706,80.0000,False,False,PARTIAL_COVERAGE_DIAGNOSTIC_ONLY,phase12-v1
COV::SENS-COV-01::ROUND::2026-09-09T14:30::DEL-HYD,BT12-MOSPI-MONTHLY,ROUND::2026-09-09T14:30,PRIMARY,SENS-COV-01,DEL-HYD,4,0.078228,OBSERVED,0,0,False,False,,0.078228,2,15,0.273706,0.726294,27.3706,80.0000,False,False,PARTIAL_COVERAGE_DIAGNOSTIC_ONLY,phase12-v1
COV::SENS-COV-01::ROUND::2026-09-09T14:30::DEL-PNQ,BT12-MOSPI-MONTHLY,ROUND::2026-09-09T14:30,PRIMARY,SENS-COV-01,DEL-PNQ,5,0.069402,OBSERVED,0,0,False,False,,0.069402,2,15,0.273706,0.726294,27.3706,80.0000,False,False,PARTIAL_COVERAGE_DIAGNOSTIC_ONLY,phase12-v1
COV::SENS-COV-01::ROUND::2026-09-09T14:30::CCU-DEL,BT12-MOSPI-MONTHLY,ROUND::2026-09-09T14:30,PRIMARY,SENS-COV-01,CCU-DEL,6,0.065754,OBSERVED,0,0,False,False,,0.065754,2,15,0.273706,0.726294,27.3706,80.0000,False,False,PARTIAL_COVERAGE_DIAGNOSTIC_ONLY,phase12-v1
COV::SENS-COV-01::ROUND::2026-09-09T14:30::AMD-DEL,BT12-MOSPI-MONTHLY,ROUND::2026-09-09T14:30,PRIMARY,SENS-COV-01,AMD-DEL,7,0.060216,OBSERVED,0,0,False,False,,0.060216,2,15,0.273706,0.726294,27.3706,80.0000,False,False,PARTIAL_COVERAGE_DIAGNOSTIC_ONLY,phase12-v1
COV::SENS-COV-01::ROUND::2026-09-09T14:30::DEL-MAA,BT12-MOSPI-MONTHLY,ROUND::2026-09-09T14:30,PRIMARY,SENS-COV-01,DEL-MAA,8,0.058216,OBSERVED,0,0,False,False,,0.058216,2,15,0.273706,0.726294,27.3706,80.0000,False,False,PARTIAL_COVERAGE_DIAGNOSTIC_ONLY,phase12-v1
COV::SENS-COV-01::ROUND::2026-09-09T14:30::BOM-HYD,BT12-MOSPI-MONTHLY,ROUND::2026-09-09T14:30,PRIMARY,SENS-COV-01,BOM-HYD,9,0.055855,OBSERVED,0,0,False,False,,0.055855,2,15,0.273706,0.726294,27.3706,80.0000,False,False,PARTIAL_COVERAGE_DIAGNOSTIC_ONLY,phase12-v1
COV::SENS-COV-01::ROUND::2026-09-09T14:30::BLR-CCU,BT12-MOSPI-MONTHLY,ROUND::2026-09-09T14:30,PRIMARY,SENS-COV-01,BLR-CCU,10,0.05523,OBSERVED,0,0,False,False,,0.05523,2,15,0.273706,0.726294,27.3706,80.0000,False,False,PARTIAL_COVERAGE_DIAGNOSTIC_ONLY,phase12-v1
COV::SENS-COV-01::ROUND::2026-09-09T14:30::DEL-SXR,BT12-MOSPI-MONTHLY,ROUND::2026-09-09T14:30,PRIMARY,SENS-COV-01,DEL-SXR,11,0.054956,OBSERVED,0,0,False,False,,0.054956,2,15,0.273706,0.726294,27.3706,80.0000,False,False,PARTIAL_COVERAGE_DIAGNOSTIC_ONLY,phase12-v1
COV::SENS-COV-01::ROUND::2026-09-09T14:30::DEL-GOI,BT12-MOSPI-MONTHLY,ROUND::2026-09-09T14:30,PRIMARY,SENS-COV-01,DEL-GOI,12,0.03707,OBSERVED,0,0,False,False,,0.03707,2,15,0.273706,0.726294,27.3706,80.0000,False,False,PARTIAL_COVERAGE_DIAGNOSTIC_ONLY,phase12-v1
COV::SENS-COV-01::ROUND::2026-09-09T14:30::DEL-GAU,BT12-MOSPI-MONTHLY,ROUND::2026-09-09T14:30,PRIMARY,SENS-COV-01,DEL-GAU,13,0.036519,OBSERVED,0,0,False,False,,0.036519,2,15,0.273706,0.726294,27.3706,80.0000,False,False,PARTIAL_COVERAGE_DIAGNOSTIC_ONLY,phase12-v1
COV::SENS-COV-01::ROUND::2026-09-09T14:30::BLR-COK,BT12-MOSPI-MONTHLY,ROUND::2026-09-09T14:30,PRIMARY,SENS-COV-01,BLR-COK,14,0.03525,OBSERVED,0,0,False,False,,0.03525,2,15,0.273706,0.726294,27.3706,80.0000,False,False,PARTIAL_COVERAGE_DIAGNOSTIC_ONLY,phase12-v1
COV::SENS-COV-01::ROUND::2026-09-09T14:30::DEL-IDR,BT12-MOSPI-MONTHLY,ROUND::2026-09-09T14:30,PRIMARY,SENS-COV-01,DEL-IDR,15,0.02194,OBSERVED,0,0,False,False,,0.02194,2,15,0.273706,0.726294,27.3706,80.0000,False,False,PARTIAL_COVERAGE_DIAGNOSTIC_ONLY,phase12-v1
COV::SENS-COV-01::ROUND::2026-09-09T20:15::BOM-DEL,BT12-MOSPI-MONTHLY,ROUND::2026-09-09T20:15,PRIMARY,SENS-COV-01,BOM-DEL,1,0.162603,OBSERVED,0,0,False,False,,0.162603,2,15,0.273706,0.726294,27.3706,80.0000,False,False,PARTIAL_COVERAGE_DIAGNOSTIC_ONLY,phase12-v1
COV::SENS-COV-01::ROUND::2026-09-09T20:15::BLR-DEL,BT12-MOSPI-MONTHLY,ROUND::2026-09-09T20:15,PRIMARY,SENS-COV-01,BLR-DEL,2,0.111103,OBSERVED,0,0,False,False,,0.111103,2,15,0.273706,0.726294,27.3706,80.0000,False,False,PARTIAL_COVERAGE_DIAGNOSTIC_ONLY,phase12-v1
COV::SENS-COV-01::ROUND::2026-09-09T20:15::BLR-BOM,BT12-MOSPI-MONTHLY,ROUND::2026-09-09T20:15,PRIMARY,SENS-COV-01,BLR-BOM,3,0.097658,OBSERVED,0,0,False,False,,0.097658,2,15,0.273706,0.726294,27.3706,80.0000,False,False,PARTIAL_COVERAGE_DIAGNOSTIC_ONLY,phase12-v1
COV::SENS-COV-01::ROUND::2026-09-09T20:15::DEL-HYD,BT12-MOSPI-MONTHLY,ROUND::2026-09-09T20:15,PRIMARY,SENS-COV-01,DEL-HYD,4,0.078228,OBSERVED,0,0,False,False,,0.078228,2,15,0.273706,0.726294,27.3706,80.0000,False,False,PARTIAL_COVERAGE_DIAGNOSTIC_ONLY,phase12-v1
COV::SENS-COV-01::ROUND::2026-09-09T20:15::DEL-PNQ,BT12-MOSPI-MONTHLY,ROUND::2026-09-09T20:15,PRIMARY,SENS-COV-01,DEL-PNQ,5,0.069402,OBSERVED,0,0,False,False,,0.069402,2,15,0.273706,0.726294,27.3706,80.0000,False,False,PARTIAL_COVERAGE_DIAGNOSTIC_ONLY,phase12-v1
COV::SENS-COV-01::ROUND::2026-09-09T20:15::CCU-DEL,BT12-MOSPI-MONTHLY,ROUND::2026-09-09T20:15,PRIMARY,SENS-COV-01,CCU-DEL,6,0.065754,OBSERVED,0,0,False,False,,0.065754,2,15,0.273706,0.726294,27.3706,80.0000,False,False,PARTIAL_COVERAGE_DIAGNOSTIC_ONLY,phase12-v1
COV::SENS-COV-01::ROUND::2026-09-09T20:15::AMD-DEL,BT12-MOSPI-MONTHLY,ROUND::2026-09-09T20:15,PRIMARY,SENS-COV-01,AMD-DEL,7,0.060216,OBSERVED,0,0,False,False,,0.060216,2,15,0.273706,0.726294,27.3706,80.0000,False,False,PARTIAL_COVERAGE_DIAGNOSTIC_ONLY,phase12-v1
COV::SENS-COV-01::ROUND::2026-09-09T20:15::DEL-MAA,BT12-MOSPI-MONTHLY,ROUND::2026-09-09T20:15,PRIMARY,SENS-COV-01,DEL-MAA,8,0.058216,OBSERVED,0,0,False,False,,0.058216,2,15,0.273706,0.726294,27.3706,80.0000,False,False,PARTIAL_COVERAGE_DIAGNOSTIC_ONLY,phase12-v1
COV::SENS-COV-01::ROUND::2026-09-09T20:15::BOM-HYD,BT12-MOSPI-MONTHLY,ROUND::2026-09-09T20:15,PRIMARY,SENS-COV-01,BOM-HYD,9,0.055855,OBSERVED,0,0,False,False,,0.055855,2,15,0.273706,0.726294,27.3706,80.0000,False,False,PARTIAL_COVERAGE_DIAGNOSTIC_ONLY,phase12-v1
COV::SENS-COV-01::ROUND::2026-09-09T20:15::BLR-CCU,BT12-MOSPI-MONTHLY,ROUND::2026-09-09T20:15,PRIMARY,SENS-COV-01,BLR-CCU,10,0.05523,OBSERVED,0,0,False,False,,0.05523,2,15,0.273706,0.726294,27.3706,80.0000,False,False,PARTIAL_COVERAGE_DIAGNOSTIC_ONLY,phase12-v1
COV::SENS-COV-01::ROUND::2026-09-09T20:15::DEL-SXR,BT12-MOSPI-MONTHLY,ROUND::2026-09-09T20:15,PRIMARY,SENS-COV-01,DEL-SXR,11,0.054956,OBSERVED,0,0,False,False,,0.054956,2,15,0.273706,0.726294,27.3706,80.0000,False,False,PARTIAL_COVERAGE_DIAGNOSTIC_ONLY,phase12-v1
COV::SENS-COV-01::ROUND::2026-09-09T20:15::DEL-GOI,BT12-MOSPI-MONTHLY,ROUND::2026-09-09T20:15,PRIMARY,SENS-COV-01,DEL-GOI,12,0.03707,OBSERVED,1,0,False,False,,0.03707,2,15,0.273706,0.726294,27.3706,80.0000,False,False,PARTIAL_COVERAGE_DIAGNOSTIC_ONLY,phase12-v1
COV::SENS-COV-01::ROUND::2026-09-09T20:15::DEL-GAU,BT12-MOSPI-MONTHLY,ROUND::2026-09-09T20:15,PRIMARY,SENS-COV-01,DEL-GAU,13,0.036519,OBSERVED,0,0,False,False,,0.036519,2,15,0.273706,0.726294,27.3706,80.0000,False,False,PARTIAL_COVERAGE_DIAGNOSTIC_ONLY,phase12-v1
COV::SENS-COV-01::ROUND::2026-09-09T20:15::BLR-COK,BT12-MOSPI-MONTHLY,ROUND::2026-09-09T20:15,PRIMARY,SENS-COV-01,BLR-COK,14,0.03525,OBSERVED,0,0,False,False,,0.03525,2,15,0.273706,0.726294,27.3706,80.0000,False,False,PARTIAL_COVERAGE_DIAGNOSTIC_ONLY,phase12-v1
COV::SENS-COV-01::ROUND::2026-09-09T20:15::DEL-IDR,BT12-MOSPI-MONTHLY,ROUND::2026-09-09T20:15,PRIMARY,SENS-COV-01,DEL-IDR,15,0.02194,OBSERVED,0,0,False,False,,0.02194,2,15,0.273706,0.726294,27.3706,80.0000,False,False,PARTIAL_COVERAGE_DIAGNOSTIC_ONLY,phase12-v1
COV::SENS-COV-02::ROUND::2026-09-05T09:00::BOM-DEL,BT12-MOSPI-MONTHLY,ROUND::2026-09-05T09:00,PRIMARY,SENS-COV-02,BOM-DEL,1,0.162603,OBSERVED,13,0,True,False,0.162603,,2,15,0.273706,0.726294,27.3706,80.0000,False,False,PARTIAL_COVERAGE_DIAGNOSTIC_ONLY,phase12-v1
COV::SENS-COV-02::ROUND::2026-09-05T09:00::BLR-DEL,BT12-MOSPI-MONTHLY,ROUND::2026-09-05T09:00,PRIMARY,SENS-COV-02,BLR-DEL,2,0.111103,OBSERVED,14,0,True,False,0.111103,,2,15,0.273706,0.726294,27.3706,80.0000,False,False,PARTIAL_COVERAGE_DIAGNOSTIC_ONLY,phase12-v1
COV::SENS-COV-02::ROUND::2026-09-05T09:00::BLR-BOM,BT12-MOSPI-MONTHLY,ROUND::2026-09-05T09:00,PRIMARY,SENS-COV-02,BLR-BOM,3,0.097658,OBSERVED,11,0,True,False,0.097658,,2,15,0.273706,0.726294,27.3706,80.0000,False,False,PARTIAL_COVERAGE_DIAGNOSTIC_ONLY,phase12-v1
COV::SENS-COV-02::ROUND::2026-09-05T09:00::DEL-HYD,BT12-MOSPI-MONTHLY,ROUND::2026-09-05T09:00,PRIMARY,SENS-COV-02,DEL-HYD,4,0.078228,OBSERVED,12,0,True,False,0.078228,,2,15,0.273706,0.726294,27.3706,80.0000,False,False,PARTIAL_COVERAGE_DIAGNOSTIC_ONLY,phase12-v1
COV::SENS-COV-02::ROUND::2026-09-05T09:00::DEL-PNQ,BT12-MOSPI-MONTHLY,ROUND::2026-09-05T09:00,PRIMARY,SENS-COV-02,DEL-PNQ,5,0.069402,OBSERVED,15,0,True,False,0.069402,,2,15,0.273706,0.726294,27.3706,80.0000,False,False,PARTIAL_COVERAGE_DIAGNOSTIC_ONLY,phase12-v1
COV::SENS-COV-02::ROUND::2026-09-05T09:00::CCU-DEL,BT12-MOSPI-MONTHLY,ROUND::2026-09-05T09:00,PRIMARY,SENS-COV-02,CCU-DEL,6,0.065754,OBSERVED,14,0,True,False,0.065754,,2,15,0.273706,0.726294,27.3706,80.0000,False,False,PARTIAL_COVERAGE_DIAGNOSTIC_ONLY,phase12-v1
COV::SENS-COV-02::ROUND::2026-09-05T09:00::AMD-DEL,BT12-MOSPI-MONTHLY,ROUND::2026-09-05T09:00,PRIMARY,SENS-COV-02,AMD-DEL,7,0.060216,OBSERVED,15,0,True,False,0.060216,,2,15,0.273706,0.726294,27.3706,80.0000,False,False,PARTIAL_COVERAGE_DIAGNOSTIC_ONLY,phase12-v1
COV::SENS-COV-02::ROUND::2026-09-05T09:00::DEL-MAA,BT12-MOSPI-MONTHLY,ROUND::2026-09-05T09:00,PRIMARY,SENS-COV-02,DEL-MAA,8,0.058216,OBSERVED,14,0,True,False,0.058216,,2,15,0.273706,0.726294,27.3706,80.0000,False,False,PARTIAL_COVERAGE_DIAGNOSTIC_ONLY,phase12-v1
COV::SENS-COV-02::ROUND::2026-09-05T09:00::BOM-HYD,BT12-MOSPI-MONTHLY,ROUND::2026-09-05T09:00,PRIMARY,SENS-COV-02,BOM-HYD,9,0.055855,OBSERVED,15,0,True,False,0.055855,,2,15,0.273706,0.726294,27.3706,80.0000,False,False,PARTIAL_COVERAGE_DIAGNOSTIC_ONLY,phase12-v1
COV::SENS-COV-02::ROUND::2026-09-05T09:00::BLR-CCU,BT12-MOSPI-MONTHLY,ROUND::2026-09-05T09:00,PRIMARY,SENS-COV-02,BLR-CCU,10,0.05523,OBSERVED,13,0,True,False,0.05523,,2,15,0.273706,0.726294,27.3706,80.0000,False,False,PARTIAL_COVERAGE_DIAGNOSTIC_ONLY,phase12-v1
COV::SENS-COV-02::ROUND::2026-09-05T09:00::DEL-SXR,BT12-MOSPI-MONTHLY,ROUND::2026-09-05T09:00,PRIMARY,SENS-COV-02,DEL-SXR,11,0.054956,OBSERVED,10,0,True,False,0.054956,,2,15,0.273706,0.726294,27.3706,80.0000,False,False,PARTIAL_COVERAGE_DIAGNOSTIC_ONLY,phase12-v1
COV::SENS-COV-02::ROUND::2026-09-05T09:00::DEL-GOI,BT12-MOSPI-MONTHLY,ROUND::2026-09-05T09:00,PRIMARY,SENS-COV-02,DEL-GOI,12,0.03707,OBSERVED,14,0,True,False,0.03707,,2,15,0.273706,0.726294,27.3706,80.0000,False,False,PARTIAL_COVERAGE_DIAGNOSTIC_ONLY,phase12-v1
COV::SENS-COV-02::ROUND::2026-09-05T09:00::DEL-GAU,BT12-MOSPI-MONTHLY,ROUND::2026-09-05T09:00,PRIMARY,SENS-COV-02,DEL-GAU,13,0.036519,OBSERVED,12,0,True,False,0.036519,,2,15,0.273706,0.726294,27.3706,80.0000,False,False,PARTIAL_COVERAGE_DIAGNOSTIC_ONLY,phase12-v1
COV::SENS-COV-02::ROUND::2026-09-05T09:00::BLR-COK,BT12-MOSPI-MONTHLY,ROUND::2026-09-05T09:00,PRIMARY,SENS-COV-02,BLR-COK,14,0.03525,OBSERVED,13,0,True,False,0.03525,,2,15,0.273706,0.726294,27.3706,80.0000,False,False,PARTIAL_COVERAGE_DIAGNOSTIC_ONLY,phase12-v1
COV::SENS-COV-02::ROUND::2026-09-05T09:00::DEL-IDR,BT12-MOSPI-MONTHLY,ROUND::2026-09-05T09:00,PRIMARY,SENS-COV-02,DEL-IDR,15,0.02194,OBSERVED,13,0,True,False,0.02194,,2,15,0.273706,0.726294,27.3706,80.0000,False,False,PARTIAL_COVERAGE_DIAGNOSTIC_ONLY,phase12-v1
COV::SENS-COV-02::ROUND::2026-09-05T14:30::BOM-DEL,BT12-MOSPI-MONTHLY,ROUND::2026-09-05T14:30,PRIMARY,SENS-COV-02,BOM-DEL,1,0.162603,OBSERVED,11,9,True,True,0.162603,,2,15,0.273706,0.726294,27.3706,80.0000,False,False,PARTIAL_COVERAGE_DIAGNOSTIC_ONLY,phase12-v1
COV::SENS-COV-02::ROUND::2026-09-05T14:30::BLR-DEL,BT12-MOSPI-MONTHLY,ROUND::2026-09-05T14:30,PRIMARY,SENS-COV-02,BLR-DEL,2,0.111103,OBSERVED,14,13,True,True,0.111103,,2,15,0.273706,0.726294,27.3706,80.0000,False,False,PARTIAL_COVERAGE_DIAGNOSTIC_ONLY,phase12-v1
COV::SENS-COV-02::ROUND::2026-09-05T14:30::BLR-BOM,BT12-MOSPI-MONTHLY,ROUND::2026-09-05T14:30,PRIMARY,SENS-COV-02,BLR-BOM,3,0.097658,OBSERVED,12,8,True,True,0.097658,,2,15,0.273706,0.726294,27.3706,80.0000,False,False,PARTIAL_COVERAGE_DIAGNOSTIC_ONLY,phase12-v1
COV::SENS-COV-02::ROUND::2026-09-05T14:30::DEL-HYD,BT12-MOSPI-MONTHLY,ROUND::2026-09-05T14:30,PRIMARY,SENS-COV-02,DEL-HYD,4,0.078228,OBSERVED,11,8,True,True,0.078228,,2,15,0.273706,0.726294,27.3706,80.0000,False,False,PARTIAL_COVERAGE_DIAGNOSTIC_ONLY,phase12-v1
COV::SENS-COV-02::ROUND::2026-09-05T14:30::DEL-PNQ,BT12-MOSPI-MONTHLY,ROUND::2026-09-05T14:30,PRIMARY,SENS-COV-02,DEL-PNQ,5,0.069402,OBSERVED,14,14,True,True,0.069402,,2,15,0.273706,0.726294,27.3706,80.0000,False,False,PARTIAL_COVERAGE_DIAGNOSTIC_ONLY,phase12-v1
COV::SENS-COV-02::ROUND::2026-09-05T14:30::CCU-DEL,BT12-MOSPI-MONTHLY,ROUND::2026-09-05T14:30,PRIMARY,SENS-COV-02,CCU-DEL,6,0.065754,OBSERVED,11,10,True,True,0.065754,,2,15,0.273706,0.726294,27.3706,80.0000,False,False,PARTIAL_COVERAGE_DIAGNOSTIC_ONLY,phase12-v1
COV::SENS-COV-02::ROUND::2026-09-05T14:30::AMD-DEL,BT12-MOSPI-MONTHLY,ROUND::2026-09-05T14:30,PRIMARY,SENS-COV-02,AMD-DEL,7,0.060216,OBSERVED,13,13,True,True,0.060216,,2,15,0.273706,0.726294,27.3706,80.0000,False,False,PARTIAL_COVERAGE_DIAGNOSTIC_ONLY,phase12-v1
COV::SENS-COV-02::ROUND::2026-09-05T14:30::DEL-MAA,BT12-MOSPI-MONTHLY,ROUND::2026-09-05T14:30,PRIMARY,SENS-COV-02,DEL-MAA,8,0.058216,OBSERVED,13,12,True,True,0.058216,,2,15,0.273706,0.726294,27.3706,80.0000,False,False,PARTIAL_COVERAGE_DIAGNOSTIC_ONLY,phase12-v1
COV::SENS-COV-02::ROUND::2026-09-05T14:30::BOM-HYD,BT12-MOSPI-MONTHLY,ROUND::2026-09-05T14:30,PRIMARY,SENS-COV-02,BOM-HYD,9,0.055855,OBSERVED,12,12,True,True,0.055855,,2,15,0.273706,0.726294,27.3706,80.0000,False,False,PARTIAL_COVERAGE_DIAGNOSTIC_ONLY,phase12-v1
COV::SENS-COV-02::ROUND::2026-09-05T14:30::BLR-CCU,BT12-MOSPI-MONTHLY,ROUND::2026-09-05T14:30,PRIMARY,SENS-COV-02,BLR-CCU,10,0.05523,OBSERVED,14,12,True,True,0.05523,,2,15,0.273706,0.726294,27.3706,80.0000,False,False,PARTIAL_COVERAGE_DIAGNOSTIC_ONLY,phase12-v1
COV::SENS-COV-02::ROUND::2026-09-05T14:30::DEL-SXR,BT12-MOSPI-MONTHLY,ROUND::2026-09-05T14:30,PRIMARY,SENS-COV-02,DEL-SXR,11,0.054956,OBSERVED,14,10,True,True,0.054956,,2,15,0.273706,0.726294,27.3706,80.0000,False,False,PARTIAL_COVERAGE_DIAGNOSTIC_ONLY,phase12-v1
COV::SENS-COV-02::ROUND::2026-09-05T14:30::DEL-GOI,BT12-MOSPI-MONTHLY,ROUND::2026-09-05T14:30,PRIMARY,SENS-COV-02,DEL-GOI,12,0.03707,OBSERVED,13,12,True,True,0.03707,,2,15,0.273706,0.726294,27.3706,80.0000,False,False,PARTIAL_COVERAGE_DIAGNOSTIC_ONLY,phase12-v1
COV::SENS-COV-02::ROUND::2026-09-05T14:30::DEL-GAU,BT12-MOSPI-MONTHLY,ROUND::2026-09-05T14:30,PRIMARY,SENS-COV-02,DEL-GAU,13,0.036519,OBSERVED,14,11,True,True,0.036519,,2,15,0.273706,0.726294,27.3706,80.0000,False,False,PARTIAL_COVERAGE_DIAGNOSTIC_ONLY,phase12-v1
COV::SENS-COV-02::ROUND::2026-09-05T14:30::BLR-COK,BT12-MOSPI-MONTHLY,ROUND::2026-09-05T14:30,PRIMARY,SENS-COV-02,BLR-COK,14,0.03525,OBSERVED,14,12,True,True,0.03525,,2,15,0.273706,0.726294,27.3706,80.0000,False,False,PARTIAL_COVERAGE_DIAGNOSTIC_ONLY,phase12-v1
COV::SENS-COV-02::ROUND::2026-09-05T14:30::DEL-IDR,BT12-MOSPI-MONTHLY,ROUND::2026-09-05T14:30,PRIMARY,SENS-COV-02,DEL-IDR,15,0.02194,OBSERVED,13,11,True,True,0.02194,,2,15,0.273706,0.726294,27.3706,80.0000,False,False,PARTIAL_COVERAGE_DIAGNOSTIC_ONLY,phase12-v1
COV::SENS-COV-02::ROUND::2026-09-05T20:15::BOM-DEL,BT12-MOSPI-MONTHLY,ROUND::2026-09-05T20:15,PRIMARY,SENS-COV-02,BOM-DEL,1,0.162603,OBSERVED,13,9,True,True,0.162603,,2,15,0.273706,0.726294,27.3706,80.0000,False,False,PARTIAL_COVERAGE_DIAGNOSTIC_ONLY,phase12-v1
COV::SENS-COV-02::ROUND::2026-09-05T20:15::BLR-DEL,BT12-MOSPI-MONTHLY,ROUND::2026-09-05T20:15,PRIMARY,SENS-COV-02,BLR-DEL,2,0.111103,OBSERVED,15,14,True,True,0.111103,,2,15,0.273706,0.726294,27.3706,80.0000,False,False,PARTIAL_COVERAGE_DIAGNOSTIC_ONLY,phase12-v1
COV::SENS-COV-02::ROUND::2026-09-05T20:15::BLR-BOM,BT12-MOSPI-MONTHLY,ROUND::2026-09-05T20:15,PRIMARY,SENS-COV-02,BLR-BOM,3,0.097658,OBSERVED,14,11,True,True,0.097658,,2,15,0.273706,0.726294,27.3706,80.0000,False,False,PARTIAL_COVERAGE_DIAGNOSTIC_ONLY,phase12-v1
COV::SENS-COV-02::ROUND::2026-09-05T20:15::DEL-HYD,BT12-MOSPI-MONTHLY,ROUND::2026-09-05T20:15,PRIMARY,SENS-COV-02,DEL-HYD,4,0.078228,OBSERVED,13,9,True,True,0.078228,,2,15,0.273706,0.726294,27.3706,80.0000,False,False,PARTIAL_COVERAGE_DIAGNOSTIC_ONLY,phase12-v1
COV::SENS-COV-02::ROUND::2026-09-05T20:15::DEL-PNQ,BT12-MOSPI-MONTHLY,ROUND::2026-09-05T20:15,PRIMARY,SENS-COV-02,DEL-PNQ,5,0.069402,OBSERVED,15,14,True,True,0.069402,,2,15,0.273706,0.726294,27.3706,80.0000,False,False,PARTIAL_COVERAGE_DIAGNOSTIC_ONLY,phase12-v1
COV::SENS-COV-02::ROUND::2026-09-05T20:15::CCU-DEL,BT12-MOSPI-MONTHLY,ROUND::2026-09-05T20:15,PRIMARY,SENS-COV-02,CCU-DEL,6,0.065754,OBSERVED,13,9,True,True,0.065754,,2,15,0.273706,0.726294,27.3706,80.0000,False,False,PARTIAL_COVERAGE_DIAGNOSTIC_ONLY,phase12-v1
COV::SENS-COV-02::ROUND::2026-09-05T20:15::AMD-DEL,BT12-MOSPI-MONTHLY,ROUND::2026-09-05T20:15,PRIMARY,SENS-COV-02,AMD-DEL,7,0.060216,OBSERVED,15,13,True,True,0.060216,,2,15,0.273706,0.726294,27.3706,80.0000,False,False,PARTIAL_COVERAGE_DIAGNOSTIC_ONLY,phase12-v1
COV::SENS-COV-02::ROUND::2026-09-05T20:15::DEL-MAA,BT12-MOSPI-MONTHLY,ROUND::2026-09-05T20:15,PRIMARY,SENS-COV-02,DEL-MAA,8,0.058216,OBSERVED,13,11,True,True,0.058216,,2,15,0.273706,0.726294,27.3706,80.0000,False,False,PARTIAL_COVERAGE_DIAGNOSTIC_ONLY,phase12-v1
COV::SENS-COV-02::ROUND::2026-09-05T20:15::BOM-HYD,BT12-MOSPI-MONTHLY,ROUND::2026-09-05T20:15,PRIMARY,SENS-COV-02,BOM-HYD,9,0.055855,OBSERVED,12,9,True,True,0.055855,,2,15,0.273706,0.726294,27.3706,80.0000,False,False,PARTIAL_COVERAGE_DIAGNOSTIC_ONLY,phase12-v1
COV::SENS-COV-02::ROUND::2026-09-05T20:15::BLR-CCU,BT12-MOSPI-MONTHLY,ROUND::2026-09-05T20:15,PRIMARY,SENS-COV-02,BLR-CCU,10,0.05523,OBSERVED,12,11,True,True,0.05523,,2,15,0.273706,0.726294,27.3706,80.0000,False,False,PARTIAL_COVERAGE_DIAGNOSTIC_ONLY,phase12-v1
COV::SENS-COV-02::ROUND::2026-09-05T20:15::DEL-SXR,BT12-MOSPI-MONTHLY,ROUND::2026-09-05T20:15,PRIMARY,SENS-COV-02,DEL-SXR,11,0.054956,OBSERVED,14,13,True,True,0.054956,,2,15,0.273706,0.726294,27.3706,80.0000,False,False,PARTIAL_COVERAGE_DIAGNOSTIC_ONLY,phase12-v1
COV::SENS-COV-02::ROUND::2026-09-05T20:15::DEL-GOI,BT12-MOSPI-MONTHLY,ROUND::2026-09-05T20:15,PRIMARY,SENS-COV-02,DEL-GOI,12,0.03707,OBSERVED,12,11,True,True,0.03707,,2,15,0.273706,0.726294,27.3706,80.0000,False,False,PARTIAL_COVERAGE_DIAGNOSTIC_ONLY,phase12-v1
COV::SENS-COV-02::ROUND::2026-09-05T20:15::DEL-GAU,BT12-MOSPI-MONTHLY,ROUND::2026-09-05T20:15,PRIMARY,SENS-COV-02,DEL-GAU,13,0.036519,OBSERVED,13,12,True,True,0.036519,,2,15,0.273706,0.726294,27.3706,80.0000,False,False,PARTIAL_COVERAGE_DIAGNOSTIC_ONLY,phase12-v1
COV::SENS-COV-02::ROUND::2026-09-05T20:15::BLR-COK,BT12-MOSPI-MONTHLY,ROUND::2026-09-05T20:15,PRIMARY,SENS-COV-02,BLR-COK,14,0.03525,OBSERVED,13,12,True,True,0.03525,,2,15,0.273706,0.726294,27.3706,80.0000,False,False,PARTIAL_COVERAGE_DIAGNOSTIC_ONLY,phase12-v1
COV::SENS-COV-02::ROUND::2026-09-05T20:15::DEL-IDR,BT12-MOSPI-MONTHLY,ROUND::2026-09-05T20:15,PRIMARY,SENS-COV-02,DEL-IDR,15,0.02194,OBSERVED,14,12,True,True,0.02194,,2,15,0.273706,0.726294,27.3706,80.0000,False,False,PARTIAL_COVERAGE_DIAGNOSTIC_ONLY,phase12-v1
COV::SENS-COV-02::ROUND::2026-09-06T09:00::BOM-DEL,BT12-MOSPI-MONTHLY,ROUND::2026-09-06T09:00,PRIMARY,SENS-COV-02,BOM-DEL,1,0.162603,OBSERVED,13,11,True,True,0.162603,,2,15,0.273706,0.726294,27.3706,80.0000,False,False,PARTIAL_COVERAGE_DIAGNOSTIC_ONLY,phase12-v1
COV::SENS-COV-02::ROUND::2026-09-06T09:00::BLR-DEL,BT12-MOSPI-MONTHLY,ROUND::2026-09-06T09:00,PRIMARY,SENS-COV-02,BLR-DEL,2,0.111103,OBSERVED,13,13,True,True,0.111103,,2,15,0.273706,0.726294,27.3706,80.0000,False,False,PARTIAL_COVERAGE_DIAGNOSTIC_ONLY,phase12-v1
COV::SENS-COV-02::ROUND::2026-09-06T09:00::BLR-BOM,BT12-MOSPI-MONTHLY,ROUND::2026-09-06T09:00,PRIMARY,SENS-COV-02,BLR-BOM,3,0.097658,OBSERVED,14,13,True,True,0.097658,,2,15,0.273706,0.726294,27.3706,80.0000,False,False,PARTIAL_COVERAGE_DIAGNOSTIC_ONLY,phase12-v1
COV::SENS-COV-02::ROUND::2026-09-06T09:00::DEL-HYD,BT12-MOSPI-MONTHLY,ROUND::2026-09-06T09:00,PRIMARY,SENS-COV-02,DEL-HYD,4,0.078228,OBSERVED,15,13,True,True,0.078228,,2,15,0.273706,0.726294,27.3706,80.0000,False,False,PARTIAL_COVERAGE_DIAGNOSTIC_ONLY,phase12-v1
COV::SENS-COV-02::ROUND::2026-09-06T09:00::DEL-PNQ,BT12-MOSPI-MONTHLY,ROUND::2026-09-06T09:00,PRIMARY,SENS-COV-02,DEL-PNQ,5,0.069402,OBSERVED,12,12,True,True,0.069402,,2,15,0.273706,0.726294,27.3706,80.0000,False,False,PARTIAL_COVERAGE_DIAGNOSTIC_ONLY,phase12-v1
COV::SENS-COV-02::ROUND::2026-09-06T09:00::CCU-DEL,BT12-MOSPI-MONTHLY,ROUND::2026-09-06T09:00,PRIMARY,SENS-COV-02,CCU-DEL,6,0.065754,OBSERVED,13,12,True,True,0.065754,,2,15,0.273706,0.726294,27.3706,80.0000,False,False,PARTIAL_COVERAGE_DIAGNOSTIC_ONLY,phase12-v1
COV::SENS-COV-02::ROUND::2026-09-06T09:00::AMD-DEL,BT12-MOSPI-MONTHLY,ROUND::2026-09-06T09:00,PRIMARY,SENS-COV-02,AMD-DEL,7,0.060216,OBSERVED,13,13,True,True,0.060216,,2,15,0.273706,0.726294,27.3706,80.0000,False,False,PARTIAL_COVERAGE_DIAGNOSTIC_ONLY,phase12-v1
COV::SENS-COV-02::ROUND::2026-09-06T09:00::DEL-MAA,BT12-MOSPI-MONTHLY,ROUND::2026-09-06T09:00,PRIMARY,SENS-COV-02,DEL-MAA,8,0.058216,OBSERVED,13,11,True,True,0.058216,,2,15,0.273706,0.726294,27.3706,80.0000,False,False,PARTIAL_COVERAGE_DIAGNOSTIC_ONLY,phase12-v1
COV::SENS-COV-02::ROUND::2026-09-06T09:00::BOM-HYD,BT12-MOSPI-MONTHLY,ROUND::2026-09-06T09:00,PRIMARY,SENS-COV-02,BOM-HYD,9,0.055855,OBSERVED,14,11,True,True,0.055855,,2,15,0.273706,0.726294,27.3706,80.0000,False,False,PARTIAL_COVERAGE_DIAGNOSTIC_ONLY,phase12-v1
COV::SENS-COV-02::ROUND::2026-09-06T09:00::BLR-CCU,BT12-MOSPI-MONTHLY,ROUND::2026-09-06T09:00,PRIMARY,SENS-COV-02,BLR-CCU,10,0.05523,OBSERVED,14,11,True,True,0.05523,,2,15,0.273706,0.726294,27.3706,80.0000,False,False,PARTIAL_COVERAGE_DIAGNOSTIC_ONLY,phase12-v1
COV::SENS-COV-02::ROUND::2026-09-06T09:00::DEL-SXR,BT12-MOSPI-MONTHLY,ROUND::2026-09-06T09:00,PRIMARY,SENS-COV-02,DEL-SXR,11,0.054956,OBSERVED,14,14,True,True,0.054956,,2,15,0.273706,0.726294,27.3706,80.0000,False,False,PARTIAL_COVERAGE_DIAGNOSTIC_ONLY,phase12-v1
COV::SENS-COV-02::ROUND::2026-09-06T09:00::DEL-GOI,BT12-MOSPI-MONTHLY,ROUND::2026-09-06T09:00,PRIMARY,SENS-COV-02,DEL-GOI,12,0.03707,OBSERVED,15,12,True,True,0.03707,,2,15,0.273706,0.726294,27.3706,80.0000,False,False,PARTIAL_COVERAGE_DIAGNOSTIC_ONLY,phase12-v1
COV::SENS-COV-02::ROUND::2026-09-06T09:00::DEL-GAU,BT12-MOSPI-MONTHLY,ROUND::2026-09-06T09:00,PRIMARY,SENS-COV-02,DEL-GAU,13,0.036519,OBSERVED,10,8,True,True,0.036519,,2,15,0.273706,0.726294,27.3706,80.0000,False,False,PARTIAL_COVERAGE_DIAGNOSTIC_ONLY,phase12-v1
COV::SENS-COV-02::ROUND::2026-09-06T09:00::BLR-COK,BT12-MOSPI-MONTHLY,ROUND::2026-09-06T09:00,PRIMARY,SENS-COV-02,BLR-COK,14,0.03525,OBSERVED,14,12,True,True,0.03525,,2,15,0.273706,0.726294,27.3706,80.0000,False,False,PARTIAL_COVERAGE_DIAGNOSTIC_ONLY,phase12-v1
COV::SENS-COV-02::ROUND::2026-09-06T09:00::DEL-IDR,BT12-MOSPI-MONTHLY,ROUND::2026-09-06T09:00,PRIMARY,SENS-COV-02,DEL-IDR,15,0.02194,OBSERVED,9,8,True,True,0.02194,,2,15,0.273706,0.726294,27.3706,80.0000,False,False,PARTIAL_COVERAGE_DIAGNOSTIC_ONLY,phase12-v1
COV::SENS-COV-02::ROUND::2026-09-06T14:30::BOM-DEL,BT12-MOSPI-MONTHLY,ROUND::2026-09-06T14:30,PRIMARY,SENS-COV-02,BOM-DEL,1,0.162603,OBSERVED,12,11,True,True,0.162603,,2,15,0.273706,0.726294,27.3706,80.0000,False,False,PARTIAL_COVERAGE_DIAGNOSTIC_ONLY,phase12-v1
COV::SENS-COV-02::ROUND::2026-09-06T14:30::BLR-DEL,BT12-MOSPI-MONTHLY,ROUND::2026-09-06T14:30,PRIMARY,SENS-COV-02,BLR-DEL,2,0.111103,OBSERVED,14,12,True,True,0.111103,,2,15,0.273706,0.726294,27.3706,80.0000,False,False,PARTIAL_COVERAGE_DIAGNOSTIC_ONLY,phase12-v1
COV::SENS-COV-02::ROUND::2026-09-06T14:30::BLR-BOM,BT12-MOSPI-MONTHLY,ROUND::2026-09-06T14:30,PRIMARY,SENS-COV-02,BLR-BOM,3,0.097658,OBSERVED,14,13,True,True,0.097658,,2,15,0.273706,0.726294,27.3706,80.0000,False,False,PARTIAL_COVERAGE_DIAGNOSTIC_ONLY,phase12-v1
COV::SENS-COV-02::ROUND::2026-09-06T14:30::DEL-HYD,BT12-MOSPI-MONTHLY,ROUND::2026-09-06T14:30,PRIMARY,SENS-COV-02,DEL-HYD,4,0.078228,OBSERVED,15,15,True,True,0.078228,,2,15,0.273706,0.726294,27.3706,80.0000,False,False,PARTIAL_COVERAGE_DIAGNOSTIC_ONLY,phase12-v1
COV::SENS-COV-02::ROUND::2026-09-06T14:30::DEL-PNQ,BT12-MOSPI-MONTHLY,ROUND::2026-09-06T14:30,PRIMARY,SENS-COV-02,DEL-PNQ,5,0.069402,OBSERVED,13,11,True,True,0.069402,,2,15,0.273706,0.726294,27.3706,80.0000,False,False,PARTIAL_COVERAGE_DIAGNOSTIC_ONLY,phase12-v1
COV::SENS-COV-02::ROUND::2026-09-06T14:30::CCU-DEL,BT12-MOSPI-MONTHLY,ROUND::2026-09-06T14:30,PRIMARY,SENS-COV-02,CCU-DEL,6,0.065754,OBSERVED,15,13,True,True,0.065754,,2,15,0.273706,0.726294,27.3706,80.0000,False,False,PARTIAL_COVERAGE_DIAGNOSTIC_ONLY,phase12-v1
COV::SENS-COV-02::ROUND::2026-09-06T14:30::AMD-DEL,BT12-MOSPI-MONTHLY,ROUND::2026-09-06T14:30,PRIMARY,SENS-COV-02,AMD-DEL,7,0.060216,OBSERVED,14,12,True,True,0.060216,,2,15,0.273706,0.726294,27.3706,80.0000,False,False,PARTIAL_COVERAGE_DIAGNOSTIC_ONLY,phase12-v1
COV::SENS-COV-02::ROUND::2026-09-06T14:30::DEL-MAA,BT12-MOSPI-MONTHLY,ROUND::2026-09-06T14:30,PRIMARY,SENS-COV-02,DEL-MAA,8,0.058216,OBSERVED,13,11,True,True,0.058216,,2,15,0.273706,0.726294,27.3706,80.0000,False,False,PARTIAL_COVERAGE_DIAGNOSTIC_ONLY,phase12-v1
COV::SENS-COV-02::ROUND::2026-09-06T14:30::BOM-HYD,BT12-MOSPI-MONTHLY,ROUND::2026-09-06T14:30,PRIMARY,SENS-COV-02,BOM-HYD,9,0.055855,OBSERVED,13,12,True,True,0.055855,,2,15,0.273706,0.726294,27.3706,80.0000,False,False,PARTIAL_COVERAGE_DIAGNOSTIC_ONLY,phase12-v1
COV::SENS-COV-02::ROUND::2026-09-06T14:30::BLR-CCU,BT12-MOSPI-MONTHLY,ROUND::2026-09-06T14:30,PRIMARY,SENS-COV-02,BLR-CCU,10,0.05523,OBSERVED,14,13,True,True,0.05523,,2,15,0.273706,0.726294,27.3706,80.0000,False,False,PARTIAL_COVERAGE_DIAGNOSTIC_ONLY,phase12-v1
COV::SENS-COV-02::ROUND::2026-09-06T14:30::DEL-SXR,BT12-MOSPI-MONTHLY,ROUND::2026-09-06T14:30,PRIMARY,SENS-COV-02,DEL-SXR,11,0.054956,OBSERVED,12,11,True,True,0.054956,,2,15,0.273706,0.726294,27.3706,80.0000,False,False,PARTIAL_COVERAGE_DIAGNOSTIC_ONLY,phase12-v1
COV::SENS-COV-02::ROUND::2026-09-06T14:30::DEL-GOI,BT12-MOSPI-MONTHLY,ROUND::2026-09-06T14:30,PRIMARY,SENS-COV-02,DEL-GOI,12,0.03707,OBSERVED,13,13,True,True,0.03707,,2,15,0.273706,0.726294,27.3706,80.0000,False,False,PARTIAL_COVERAGE_DIAGNOSTIC_ONLY,phase12-v1
COV::SENS-COV-02::ROUND::2026-09-06T14:30::DEL-GAU,BT12-MOSPI-MONTHLY,ROUND::2026-09-06T14:30,PRIMARY,SENS-COV-02,DEL-GAU,13,0.036519,OBSERVED,13,8,True,True,0.036519,,2,15,0.273706,0.726294,27.3706,80.0000,False,False,PARTIAL_COVERAGE_DIAGNOSTIC_ONLY,phase12-v1
COV::SENS-COV-02::ROUND::2026-09-06T14:30::BLR-COK,BT12-MOSPI-MONTHLY,ROUND::2026-09-06T14:30,PRIMARY,SENS-COV-02,BLR-COK,14,0.03525,OBSERVED,13,12,True,True,0.03525,,2,15,0.273706,0.726294,27.3706,80.0000,False,False,PARTIAL_COVERAGE_DIAGNOSTIC_ONLY,phase12-v1
COV::SENS-COV-02::ROUND::2026-09-06T14:30::DEL-IDR,BT12-MOSPI-MONTHLY,ROUND::2026-09-06T14:30,PRIMARY,SENS-COV-02,DEL-IDR,15,0.02194,OBSERVED,12,6,True,True,0.02194,,2,15,0.273706,0.726294,27.3706,80.0000,False,False,PARTIAL_COVERAGE_DIAGNOSTIC_ONLY,phase12-v1
COV::SENS-COV-02::ROUND::2026-09-06T20:15::BOM-DEL,BT12-MOSPI-MONTHLY,ROUND::2026-09-06T20:15,PRIMARY,SENS-COV-02,BOM-DEL,1,0.162603,OBSERVED,13,10,True,True,0.162603,,2,15,0.273706,0.726294,27.3706,80.0000,False,False,PARTIAL_COVERAGE_DIAGNOSTIC_ONLY,phase12-v1
COV::SENS-COV-02::ROUND::2026-09-06T20:15::BLR-DEL,BT12-MOSPI-MONTHLY,ROUND::2026-09-06T20:15,PRIMARY,SENS-COV-02,BLR-DEL,2,0.111103,OBSERVED,12,12,True,True,0.111103,,2,15,0.273706,0.726294,27.3706,80.0000,False,False,PARTIAL_COVERAGE_DIAGNOSTIC_ONLY,phase12-v1
COV::SENS-COV-02::ROUND::2026-09-06T20:15::BLR-BOM,BT12-MOSPI-MONTHLY,ROUND::2026-09-06T20:15,PRIMARY,SENS-COV-02,BLR-BOM,3,0.097658,OBSERVED,14,14,True,True,0.097658,,2,15,0.273706,0.726294,27.3706,80.0000,False,False,PARTIAL_COVERAGE_DIAGNOSTIC_ONLY,phase12-v1
COV::SENS-COV-02::ROUND::2026-09-06T20:15::DEL-HYD,BT12-MOSPI-MONTHLY,ROUND::2026-09-06T20:15,PRIMARY,SENS-COV-02,DEL-HYD,4,0.078228,OBSERVED,13,13,True,True,0.078228,,2,15,0.273706,0.726294,27.3706,80.0000,False,False,PARTIAL_COVERAGE_DIAGNOSTIC_ONLY,phase12-v1
COV::SENS-COV-02::ROUND::2026-09-06T20:15::DEL-PNQ,BT12-MOSPI-MONTHLY,ROUND::2026-09-06T20:15,PRIMARY,SENS-COV-02,DEL-PNQ,5,0.069402,OBSERVED,14,13,True,True,0.069402,,2,15,0.273706,0.726294,27.3706,80.0000,False,False,PARTIAL_COVERAGE_DIAGNOSTIC_ONLY,phase12-v1
COV::SENS-COV-02::ROUND::2026-09-06T20:15::CCU-DEL,BT12-MOSPI-MONTHLY,ROUND::2026-09-06T20:15,PRIMARY,SENS-COV-02,CCU-DEL,6,0.065754,OBSERVED,14,14,True,True,0.065754,,2,15,0.273706,0.726294,27.3706,80.0000,False,False,PARTIAL_COVERAGE_DIAGNOSTIC_ONLY,phase12-v1
COV::SENS-COV-02::ROUND::2026-09-06T20:15::AMD-DEL,BT12-MOSPI-MONTHLY,ROUND::2026-09-06T20:15,PRIMARY,SENS-COV-02,AMD-DEL,7,0.060216,OBSERVED,14,13,True,True,0.060216,,2,15,0.273706,0.726294,27.3706,80.0000,False,False,PARTIAL_COVERAGE_DIAGNOSTIC_ONLY,phase12-v1
COV::SENS-COV-02::ROUND::2026-09-06T20:15::DEL-MAA,BT12-MOSPI-MONTHLY,ROUND::2026-09-06T20:15,PRIMARY,SENS-COV-02,DEL-MAA,8,0.058216,OBSERVED,13,12,True,True,0.058216,,2,15,0.273706,0.726294,27.3706,80.0000,False,False,PARTIAL_COVERAGE_DIAGNOSTIC_ONLY,phase12-v1
COV::SENS-COV-02::ROUND::2026-09-06T20:15::BOM-HYD,BT12-MOSPI-MONTHLY,ROUND::2026-09-06T20:15,PRIMARY,SENS-COV-02,BOM-HYD,9,0.055855,OBSERVED,14,12,True,True,0.055855,,2,15,0.273706,0.726294,27.3706,80.0000,False,False,PARTIAL_COVERAGE_DIAGNOSTIC_ONLY,phase12-v1
COV::SENS-COV-02::ROUND::2026-09-06T20:15::BLR-CCU,BT12-MOSPI-MONTHLY,ROUND::2026-09-06T20:15,PRIMARY,SENS-COV-02,BLR-CCU,10,0.05523,OBSERVED,15,14,True,True,0.05523,,2,15,0.273706,0.726294,27.3706,80.0000,False,False,PARTIAL_COVERAGE_DIAGNOSTIC_ONLY,phase12-v1
COV::SENS-COV-02::ROUND::2026-09-06T20:15::DEL-SXR,BT12-MOSPI-MONTHLY,ROUND::2026-09-06T20:15,PRIMARY,SENS-COV-02,DEL-SXR,11,0.054956,OBSERVED,14,11,True,True,0.054956,,2,15,0.273706,0.726294,27.3706,80.0000,False,False,PARTIAL_COVERAGE_DIAGNOSTIC_ONLY,phase12-v1
COV::SENS-COV-02::ROUND::2026-09-06T20:15::DEL-GOI,BT12-MOSPI-MONTHLY,ROUND::2026-09-06T20:15,PRIMARY,SENS-COV-02,DEL-GOI,12,0.03707,OBSERVED,12,10,True,True,0.03707,,2,15,0.273706,0.726294,27.3706,80.0000,False,False,PARTIAL_COVERAGE_DIAGNOSTIC_ONLY,phase12-v1
COV::SENS-COV-02::ROUND::2026-09-06T20:15::DEL-GAU,BT12-MOSPI-MONTHLY,ROUND::2026-09-06T20:15,PRIMARY,SENS-COV-02,DEL-GAU,13,0.036519,OBSERVED,10,8,True,True,0.036519,,2,15,0.273706,0.726294,27.3706,80.0000,False,False,PARTIAL_COVERAGE_DIAGNOSTIC_ONLY,phase12-v1
COV::SENS-COV-02::ROUND::2026-09-06T20:15::BLR-COK,BT12-MOSPI-MONTHLY,ROUND::2026-09-06T20:15,PRIMARY,SENS-COV-02,BLR-COK,14,0.03525,OBSERVED,0,0,False,False,,0.03525,2,15,0.273706,0.726294,27.3706,80.0000,False,False,PARTIAL_COVERAGE_DIAGNOSTIC_ONLY,phase12-v1
COV::SENS-COV-02::ROUND::2026-09-06T20:15::DEL-IDR,BT12-MOSPI-MONTHLY,ROUND::2026-09-06T20:15,PRIMARY,SENS-COV-02,DEL-IDR,15,0.02194,OBSERVED,0,0,False,False,,0.02194,2,15,0.273706,0.726294,27.3706,80.0000,False,False,PARTIAL_COVERAGE_DIAGNOSTIC_ONLY,phase12-v1
COV::SENS-COV-02::ROUND::2026-09-07T09:00::BOM-DEL,BT12-MOSPI-MONTHLY,ROUND::2026-09-07T09:00,PRIMARY,SENS-COV-02,BOM-DEL,1,0.162603,OBSERVED,0,0,False,False,,0.162603,2,15,0.273706,0.726294,27.3706,80.0000,False,False,PARTIAL_COVERAGE_DIAGNOSTIC_ONLY,phase12-v1
COV::SENS-COV-02::ROUND::2026-09-07T09:00::BLR-DEL,BT12-MOSPI-MONTHLY,ROUND::2026-09-07T09:00,PRIMARY,SENS-COV-02,BLR-DEL,2,0.111103,OBSERVED,0,0,False,False,,0.111103,2,15,0.273706,0.726294,27.3706,80.0000,False,False,PARTIAL_COVERAGE_DIAGNOSTIC_ONLY,phase12-v1
COV::SENS-COV-02::ROUND::2026-09-07T09:00::BLR-BOM,BT12-MOSPI-MONTHLY,ROUND::2026-09-07T09:00,PRIMARY,SENS-COV-02,BLR-BOM,3,0.097658,OBSERVED,0,0,False,False,,0.097658,2,15,0.273706,0.726294,27.3706,80.0000,False,False,PARTIAL_COVERAGE_DIAGNOSTIC_ONLY,phase12-v1
COV::SENS-COV-02::ROUND::2026-09-07T09:00::DEL-HYD,BT12-MOSPI-MONTHLY,ROUND::2026-09-07T09:00,PRIMARY,SENS-COV-02,DEL-HYD,4,0.078228,OBSERVED,1,1,True,True,0.078228,,2,15,0.273706,0.726294,27.3706,80.0000,False,False,PARTIAL_COVERAGE_DIAGNOSTIC_ONLY,phase12-v1
COV::SENS-COV-02::ROUND::2026-09-07T09:00::DEL-PNQ,BT12-MOSPI-MONTHLY,ROUND::2026-09-07T09:00,PRIMARY,SENS-COV-02,DEL-PNQ,5,0.069402,OBSERVED,0,0,False,False,,0.069402,2,15,0.273706,0.726294,27.3706,80.0000,False,False,PARTIAL_COVERAGE_DIAGNOSTIC_ONLY,phase12-v1
COV::SENS-COV-02::ROUND::2026-09-07T09:00::CCU-DEL,BT12-MOSPI-MONTHLY,ROUND::2026-09-07T09:00,PRIMARY,SENS-COV-02,CCU-DEL,6,0.065754,OBSERVED,0,0,False,False,,0.065754,2,15,0.273706,0.726294,27.3706,80.0000,False,False,PARTIAL_COVERAGE_DIAGNOSTIC_ONLY,phase12-v1
COV::SENS-COV-02::ROUND::2026-09-07T09:00::AMD-DEL,BT12-MOSPI-MONTHLY,ROUND::2026-09-07T09:00,PRIMARY,SENS-COV-02,AMD-DEL,7,0.060216,OBSERVED,0,0,False,False,,0.060216,2,15,0.273706,0.726294,27.3706,80.0000,False,False,PARTIAL_COVERAGE_DIAGNOSTIC_ONLY,phase12-v1
COV::SENS-COV-02::ROUND::2026-09-07T09:00::DEL-MAA,BT12-MOSPI-MONTHLY,ROUND::2026-09-07T09:00,PRIMARY,SENS-COV-02,DEL-MAA,8,0.058216,OBSERVED,0,0,False,False,,0.058216,2,15,0.273706,0.726294,27.3706,80.0000,False,False,PARTIAL_COVERAGE_DIAGNOSTIC_ONLY,phase12-v1
COV::SENS-COV-02::ROUND::2026-09-07T09:00::BOM-HYD,BT12-MOSPI-MONTHLY,ROUND::2026-09-07T09:00,PRIMARY,SENS-COV-02,BOM-HYD,9,0.055855,OBSERVED,0,0,False,False,,0.055855,2,15,0.273706,0.726294,27.3706,80.0000,False,False,PARTIAL_COVERAGE_DIAGNOSTIC_ONLY,phase12-v1
COV::SENS-COV-02::ROUND::2026-09-07T09:00::BLR-CCU,BT12-MOSPI-MONTHLY,ROUND::2026-09-07T09:00,PRIMARY,SENS-COV-02,BLR-CCU,10,0.05523,OBSERVED,0,0,False,False,,0.05523,2,15,0.273706,0.726294,27.3706,80.0000,False,False,PARTIAL_COVERAGE_DIAGNOSTIC_ONLY,phase12-v1
COV::SENS-COV-02::ROUND::2026-09-07T09:00::DEL-SXR,BT12-MOSPI-MONTHLY,ROUND::2026-09-07T09:00,PRIMARY,SENS-COV-02,DEL-SXR,11,0.054956,OBSERVED,0,0,False,False,,0.054956,2,15,0.273706,0.726294,27.3706,80.0000,False,False,PARTIAL_COVERAGE_DIAGNOSTIC_ONLY,phase12-v1
COV::SENS-COV-02::ROUND::2026-09-07T09:00::DEL-GOI,BT12-MOSPI-MONTHLY,ROUND::2026-09-07T09:00,PRIMARY,SENS-COV-02,DEL-GOI,12,0.03707,OBSERVED,1,1,True,True,0.03707,,2,15,0.273706,0.726294,27.3706,80.0000,False,False,PARTIAL_COVERAGE_DIAGNOSTIC_ONLY,phase12-v1
COV::SENS-COV-02::ROUND::2026-09-07T09:00::DEL-GAU,BT12-MOSPI-MONTHLY,ROUND::2026-09-07T09:00,PRIMARY,SENS-COV-02,DEL-GAU,13,0.036519,OBSERVED,0,0,False,False,,0.036519,2,15,0.273706,0.726294,27.3706,80.0000,False,False,PARTIAL_COVERAGE_DIAGNOSTIC_ONLY,phase12-v1
COV::SENS-COV-02::ROUND::2026-09-07T09:00::BLR-COK,BT12-MOSPI-MONTHLY,ROUND::2026-09-07T09:00,PRIMARY,SENS-COV-02,BLR-COK,14,0.03525,OBSERVED,0,0,False,False,,0.03525,2,15,0.273706,0.726294,27.3706,80.0000,False,False,PARTIAL_COVERAGE_DIAGNOSTIC_ONLY,phase12-v1
COV::SENS-COV-02::ROUND::2026-09-07T09:00::DEL-IDR,BT12-MOSPI-MONTHLY,ROUND::2026-09-07T09:00,PRIMARY,SENS-COV-02,DEL-IDR,15,0.02194,OBSERVED,0,0,False,False,,0.02194,2,15,0.273706,0.726294,27.3706,80.0000,False,False,PARTIAL_COVERAGE_DIAGNOSTIC_ONLY,phase12-v1
COV::SENS-COV-02::ROUND::2026-09-07T14:30::BOM-DEL,BT12-MOSPI-MONTHLY,ROUND::2026-09-07T14:30,PRIMARY,SENS-COV-02,BOM-DEL,1,0.162603,OBSERVED,0,0,False,False,,0.162603,2,15,0.273706,0.726294,27.3706,80.0000,False,False,PARTIAL_COVERAGE_DIAGNOSTIC_ONLY,phase12-v1
COV::SENS-COV-02::ROUND::2026-09-07T14:30::BLR-DEL,BT12-MOSPI-MONTHLY,ROUND::2026-09-07T14:30,PRIMARY,SENS-COV-02,BLR-DEL,2,0.111103,OBSERVED,0,0,False,False,,0.111103,2,15,0.273706,0.726294,27.3706,80.0000,False,False,PARTIAL_COVERAGE_DIAGNOSTIC_ONLY,phase12-v1
COV::SENS-COV-02::ROUND::2026-09-07T14:30::BLR-BOM,BT12-MOSPI-MONTHLY,ROUND::2026-09-07T14:30,PRIMARY,SENS-COV-02,BLR-BOM,3,0.097658,OBSERVED,0,0,False,False,,0.097658,2,15,0.273706,0.726294,27.3706,80.0000,False,False,PARTIAL_COVERAGE_DIAGNOSTIC_ONLY,phase12-v1
COV::SENS-COV-02::ROUND::2026-09-07T14:30::DEL-HYD,BT12-MOSPI-MONTHLY,ROUND::2026-09-07T14:30,PRIMARY,SENS-COV-02,DEL-HYD,4,0.078228,OBSERVED,0,0,False,False,,0.078228,2,15,0.273706,0.726294,27.3706,80.0000,False,False,PARTIAL_COVERAGE_DIAGNOSTIC_ONLY,phase12-v1
COV::SENS-COV-02::ROUND::2026-09-07T14:30::DEL-PNQ,BT12-MOSPI-MONTHLY,ROUND::2026-09-07T14:30,PRIMARY,SENS-COV-02,DEL-PNQ,5,0.069402,OBSERVED,1,0,False,False,,0.069402,2,15,0.273706,0.726294,27.3706,80.0000,False,False,PARTIAL_COVERAGE_DIAGNOSTIC_ONLY,phase12-v1
COV::SENS-COV-02::ROUND::2026-09-07T14:30::CCU-DEL,BT12-MOSPI-MONTHLY,ROUND::2026-09-07T14:30,PRIMARY,SENS-COV-02,CCU-DEL,6,0.065754,OBSERVED,0,0,False,False,,0.065754,2,15,0.273706,0.726294,27.3706,80.0000,False,False,PARTIAL_COVERAGE_DIAGNOSTIC_ONLY,phase12-v1
COV::SENS-COV-02::ROUND::2026-09-07T14:30::AMD-DEL,BT12-MOSPI-MONTHLY,ROUND::2026-09-07T14:30,PRIMARY,SENS-COV-02,AMD-DEL,7,0.060216,OBSERVED,0,0,False,False,,0.060216,2,15,0.273706,0.726294,27.3706,80.0000,False,False,PARTIAL_COVERAGE_DIAGNOSTIC_ONLY,phase12-v1
COV::SENS-COV-02::ROUND::2026-09-07T14:30::DEL-MAA,BT12-MOSPI-MONTHLY,ROUND::2026-09-07T14:30,PRIMARY,SENS-COV-02,DEL-MAA,8,0.058216,OBSERVED,1,0,False,False,,0.058216,2,15,0.273706,0.726294,27.3706,80.0000,False,False,PARTIAL_COVERAGE_DIAGNOSTIC_ONLY,phase12-v1
COV::SENS-COV-02::ROUND::2026-09-07T14:30::BOM-HYD,BT12-MOSPI-MONTHLY,ROUND::2026-09-07T14:30,PRIMARY,SENS-COV-02,BOM-HYD,9,0.055855,OBSERVED,0,0,False,False,,0.055855,2,15,0.273706,0.726294,27.3706,80.0000,False,False,PARTIAL_COVERAGE_DIAGNOSTIC_ONLY,phase12-v1
COV::SENS-COV-02::ROUND::2026-09-07T14:30::BLR-CCU,BT12-MOSPI-MONTHLY,ROUND::2026-09-07T14:30,PRIMARY,SENS-COV-02,BLR-CCU,10,0.05523,OBSERVED,0,0,False,False,,0.05523,2,15,0.273706,0.726294,27.3706,80.0000,False,False,PARTIAL_COVERAGE_DIAGNOSTIC_ONLY,phase12-v1
COV::SENS-COV-02::ROUND::2026-09-07T14:30::DEL-SXR,BT12-MOSPI-MONTHLY,ROUND::2026-09-07T14:30,PRIMARY,SENS-COV-02,DEL-SXR,11,0.054956,OBSERVED,0,0,False,False,,0.054956,2,15,0.273706,0.726294,27.3706,80.0000,False,False,PARTIAL_COVERAGE_DIAGNOSTIC_ONLY,phase12-v1
COV::SENS-COV-02::ROUND::2026-09-07T14:30::DEL-GOI,BT12-MOSPI-MONTHLY,ROUND::2026-09-07T14:30,PRIMARY,SENS-COV-02,DEL-GOI,12,0.03707,OBSERVED,0,0,False,False,,0.03707,2,15,0.273706,0.726294,27.3706,80.0000,False,False,PARTIAL_COVERAGE_DIAGNOSTIC_ONLY,phase12-v1
COV::SENS-COV-02::ROUND::2026-09-07T14:30::DEL-GAU,BT12-MOSPI-MONTHLY,ROUND::2026-09-07T14:30,PRIMARY,SENS-COV-02,DEL-GAU,13,0.036519,OBSERVED,0,0,False,False,,0.036519,2,15,0.273706,0.726294,27.3706,80.0000,False,False,PARTIAL_COVERAGE_DIAGNOSTIC_ONLY,phase12-v1
COV::SENS-COV-02::ROUND::2026-09-07T14:30::BLR-COK,BT12-MOSPI-MONTHLY,ROUND::2026-09-07T14:30,PRIMARY,SENS-COV-02,BLR-COK,14,0.03525,OBSERVED,1,0,False,False,,0.03525,2,15,0.273706,0.726294,27.3706,80.0000,False,False,PARTIAL_COVERAGE_DIAGNOSTIC_ONLY,phase12-v1
COV::SENS-COV-02::ROUND::2026-09-07T14:30::DEL-IDR,BT12-MOSPI-MONTHLY,ROUND::2026-09-07T14:30,PRIMARY,SENS-COV-02,DEL-IDR,15,0.02194,OBSERVED,1,0,False,False,,0.02194,2,15,0.273706,0.726294,27.3706,80.0000,False,False,PARTIAL_COVERAGE_DIAGNOSTIC_ONLY,phase12-v1
COV::SENS-COV-02::ROUND::2026-09-07T20:15::BOM-DEL,BT12-MOSPI-MONTHLY,ROUND::2026-09-07T20:15,PRIMARY,SENS-COV-02,BOM-DEL,1,0.162603,OBSERVED,0,0,False,False,,0.162603,2,15,0.273706,0.726294,27.3706,80.0000,False,False,PARTIAL_COVERAGE_DIAGNOSTIC_ONLY,phase12-v1
COV::SENS-COV-02::ROUND::2026-09-07T20:15::BLR-DEL,BT12-MOSPI-MONTHLY,ROUND::2026-09-07T20:15,PRIMARY,SENS-COV-02,BLR-DEL,2,0.111103,OBSERVED,0,0,False,False,,0.111103,2,15,0.273706,0.726294,27.3706,80.0000,False,False,PARTIAL_COVERAGE_DIAGNOSTIC_ONLY,phase12-v1
COV::SENS-COV-02::ROUND::2026-09-07T20:15::BLR-BOM,BT12-MOSPI-MONTHLY,ROUND::2026-09-07T20:15,PRIMARY,SENS-COV-02,BLR-BOM,3,0.097658,OBSERVED,0,0,False,False,,0.097658,2,15,0.273706,0.726294,27.3706,80.0000,False,False,PARTIAL_COVERAGE_DIAGNOSTIC_ONLY,phase12-v1
COV::SENS-COV-02::ROUND::2026-09-07T20:15::DEL-HYD,BT12-MOSPI-MONTHLY,ROUND::2026-09-07T20:15,PRIMARY,SENS-COV-02,DEL-HYD,4,0.078228,OBSERVED,0,0,False,False,,0.078228,2,15,0.273706,0.726294,27.3706,80.0000,False,False,PARTIAL_COVERAGE_DIAGNOSTIC_ONLY,phase12-v1
COV::SENS-COV-02::ROUND::2026-09-07T20:15::DEL-PNQ,BT12-MOSPI-MONTHLY,ROUND::2026-09-07T20:15,PRIMARY,SENS-COV-02,DEL-PNQ,5,0.069402,OBSERVED,1,0,False,False,,0.069402,2,15,0.273706,0.726294,27.3706,80.0000,False,False,PARTIAL_COVERAGE_DIAGNOSTIC_ONLY,phase12-v1
COV::SENS-COV-02::ROUND::2026-09-07T20:15::CCU-DEL,BT12-MOSPI-MONTHLY,ROUND::2026-09-07T20:15,PRIMARY,SENS-COV-02,CCU-DEL,6,0.065754,OBSERVED,0,0,False,False,,0.065754,2,15,0.273706,0.726294,27.3706,80.0000,False,False,PARTIAL_COVERAGE_DIAGNOSTIC_ONLY,phase12-v1
COV::SENS-COV-02::ROUND::2026-09-07T20:15::AMD-DEL,BT12-MOSPI-MONTHLY,ROUND::2026-09-07T20:15,PRIMARY,SENS-COV-02,AMD-DEL,7,0.060216,OBSERVED,0,0,False,False,,0.060216,2,15,0.273706,0.726294,27.3706,80.0000,False,False,PARTIAL_COVERAGE_DIAGNOSTIC_ONLY,phase12-v1
COV::SENS-COV-02::ROUND::2026-09-07T20:15::DEL-MAA,BT12-MOSPI-MONTHLY,ROUND::2026-09-07T20:15,PRIMARY,SENS-COV-02,DEL-MAA,8,0.058216,OBSERVED,0,0,False,False,,0.058216,2,15,0.273706,0.726294,27.3706,80.0000,False,False,PARTIAL_COVERAGE_DIAGNOSTIC_ONLY,phase12-v1
COV::SENS-COV-02::ROUND::2026-09-07T20:15::BOM-HYD,BT12-MOSPI-MONTHLY,ROUND::2026-09-07T20:15,PRIMARY,SENS-COV-02,BOM-HYD,9,0.055855,OBSERVED,0,0,False,False,,0.055855,2,15,0.273706,0.726294,27.3706,80.0000,False,False,PARTIAL_COVERAGE_DIAGNOSTIC_ONLY,phase12-v1
COV::SENS-COV-02::ROUND::2026-09-07T20:15::BLR-CCU,BT12-MOSPI-MONTHLY,ROUND::2026-09-07T20:15,PRIMARY,SENS-COV-02,BLR-CCU,10,0.05523,OBSERVED,0,0,False,False,,0.05523,2,15,0.273706,0.726294,27.3706,80.0000,False,False,PARTIAL_COVERAGE_DIAGNOSTIC_ONLY,phase12-v1
COV::SENS-COV-02::ROUND::2026-09-07T20:15::DEL-SXR,BT12-MOSPI-MONTHLY,ROUND::2026-09-07T20:15,PRIMARY,SENS-COV-02,DEL-SXR,11,0.054956,OBSERVED,0,0,False,False,,0.054956,2,15,0.273706,0.726294,27.3706,80.0000,False,False,PARTIAL_COVERAGE_DIAGNOSTIC_ONLY,phase12-v1
COV::SENS-COV-02::ROUND::2026-09-07T20:15::DEL-GOI,BT12-MOSPI-MONTHLY,ROUND::2026-09-07T20:15,PRIMARY,SENS-COV-02,DEL-GOI,12,0.03707,OBSERVED,0,0,False,False,,0.03707,2,15,0.273706,0.726294,27.3706,80.0000,False,False,PARTIAL_COVERAGE_DIAGNOSTIC_ONLY,phase12-v1
COV::SENS-COV-02::ROUND::2026-09-07T20:15::DEL-GAU,BT12-MOSPI-MONTHLY,ROUND::2026-09-07T20:15,PRIMARY,SENS-COV-02,DEL-GAU,13,0.036519,OBSERVED,0,0,False,False,,0.036519,2,15,0.273706,0.726294,27.3706,80.0000,False,False,PARTIAL_COVERAGE_DIAGNOSTIC_ONLY,phase12-v1
COV::SENS-COV-02::ROUND::2026-09-07T20:15::BLR-COK,BT12-MOSPI-MONTHLY,ROUND::2026-09-07T20:15,PRIMARY,SENS-COV-02,BLR-COK,14,0.03525,OBSERVED,0,0,False,False,,0.03525,2,15,0.273706,0.726294,27.3706,80.0000,False,False,PARTIAL_COVERAGE_DIAGNOSTIC_ONLY,phase12-v1
COV::SENS-COV-02::ROUND::2026-09-07T20:15::DEL-IDR,BT12-MOSPI-MONTHLY,ROUND::2026-09-07T20:15,PRIMARY,SENS-COV-02,DEL-IDR,15,0.02194,OBSERVED,0,0,False,False,,0.02194,2,15,0.273706,0.726294,27.3706,80.0000,False,False,PARTIAL_COVERAGE_DIAGNOSTIC_ONLY,phase12-v1
COV::SENS-COV-02::ROUND::2026-09-08T09:00::BOM-DEL,BT12-MOSPI-MONTHLY,ROUND::2026-09-08T09:00,PRIMARY,SENS-COV-02,BOM-DEL,1,0.162603,OBSERVED,1,0,False,False,,0.162603,2,15,0.273706,0.726294,27.3706,80.0000,False,False,PARTIAL_COVERAGE_DIAGNOSTIC_ONLY,phase12-v1
COV::SENS-COV-02::ROUND::2026-09-08T09:00::BLR-DEL,BT12-MOSPI-MONTHLY,ROUND::2026-09-08T09:00,PRIMARY,SENS-COV-02,BLR-DEL,2,0.111103,OBSERVED,0,0,False,False,,0.111103,2,15,0.273706,0.726294,27.3706,80.0000,False,False,PARTIAL_COVERAGE_DIAGNOSTIC_ONLY,phase12-v1
COV::SENS-COV-02::ROUND::2026-09-08T09:00::BLR-BOM,BT12-MOSPI-MONTHLY,ROUND::2026-09-08T09:00,PRIMARY,SENS-COV-02,BLR-BOM,3,0.097658,OBSERVED,0,0,False,False,,0.097658,2,15,0.273706,0.726294,27.3706,80.0000,False,False,PARTIAL_COVERAGE_DIAGNOSTIC_ONLY,phase12-v1
COV::SENS-COV-02::ROUND::2026-09-08T09:00::DEL-HYD,BT12-MOSPI-MONTHLY,ROUND::2026-09-08T09:00,PRIMARY,SENS-COV-02,DEL-HYD,4,0.078228,OBSERVED,0,0,False,False,,0.078228,2,15,0.273706,0.726294,27.3706,80.0000,False,False,PARTIAL_COVERAGE_DIAGNOSTIC_ONLY,phase12-v1
COV::SENS-COV-02::ROUND::2026-09-08T09:00::DEL-PNQ,BT12-MOSPI-MONTHLY,ROUND::2026-09-08T09:00,PRIMARY,SENS-COV-02,DEL-PNQ,5,0.069402,OBSERVED,0,0,False,False,,0.069402,2,15,0.273706,0.726294,27.3706,80.0000,False,False,PARTIAL_COVERAGE_DIAGNOSTIC_ONLY,phase12-v1
COV::SENS-COV-02::ROUND::2026-09-08T09:00::CCU-DEL,BT12-MOSPI-MONTHLY,ROUND::2026-09-08T09:00,PRIMARY,SENS-COV-02,CCU-DEL,6,0.065754,OBSERVED,0,0,False,False,,0.065754,2,15,0.273706,0.726294,27.3706,80.0000,False,False,PARTIAL_COVERAGE_DIAGNOSTIC_ONLY,phase12-v1
COV::SENS-COV-02::ROUND::2026-09-08T09:00::AMD-DEL,BT12-MOSPI-MONTHLY,ROUND::2026-09-08T09:00,PRIMARY,SENS-COV-02,AMD-DEL,7,0.060216,OBSERVED,0,0,False,False,,0.060216,2,15,0.273706,0.726294,27.3706,80.0000,False,False,PARTIAL_COVERAGE_DIAGNOSTIC_ONLY,phase12-v1
COV::SENS-COV-02::ROUND::2026-09-08T09:00::DEL-MAA,BT12-MOSPI-MONTHLY,ROUND::2026-09-08T09:00,PRIMARY,SENS-COV-02,DEL-MAA,8,0.058216,OBSERVED,0,0,False,False,,0.058216,2,15,0.273706,0.726294,27.3706,80.0000,False,False,PARTIAL_COVERAGE_DIAGNOSTIC_ONLY,phase12-v1
COV::SENS-COV-02::ROUND::2026-09-08T09:00::BOM-HYD,BT12-MOSPI-MONTHLY,ROUND::2026-09-08T09:00,PRIMARY,SENS-COV-02,BOM-HYD,9,0.055855,OBSERVED,0,0,False,False,,0.055855,2,15,0.273706,0.726294,27.3706,80.0000,False,False,PARTIAL_COVERAGE_DIAGNOSTIC_ONLY,phase12-v1
COV::SENS-COV-02::ROUND::2026-09-08T09:00::BLR-CCU,BT12-MOSPI-MONTHLY,ROUND::2026-09-08T09:00,PRIMARY,SENS-COV-02,BLR-CCU,10,0.05523,OBSERVED,0,0,False,False,,0.05523,2,15,0.273706,0.726294,27.3706,80.0000,False,False,PARTIAL_COVERAGE_DIAGNOSTIC_ONLY,phase12-v1
COV::SENS-COV-02::ROUND::2026-09-08T09:00::DEL-SXR,BT12-MOSPI-MONTHLY,ROUND::2026-09-08T09:00,PRIMARY,SENS-COV-02,DEL-SXR,11,0.054956,OBSERVED,0,0,False,False,,0.054956,2,15,0.273706,0.726294,27.3706,80.0000,False,False,PARTIAL_COVERAGE_DIAGNOSTIC_ONLY,phase12-v1
COV::SENS-COV-02::ROUND::2026-09-08T09:00::DEL-GOI,BT12-MOSPI-MONTHLY,ROUND::2026-09-08T09:00,PRIMARY,SENS-COV-02,DEL-GOI,12,0.03707,OBSERVED,1,0,False,False,,0.03707,2,15,0.273706,0.726294,27.3706,80.0000,False,False,PARTIAL_COVERAGE_DIAGNOSTIC_ONLY,phase12-v1
COV::SENS-COV-02::ROUND::2026-09-08T09:00::DEL-GAU,BT12-MOSPI-MONTHLY,ROUND::2026-09-08T09:00,PRIMARY,SENS-COV-02,DEL-GAU,13,0.036519,OBSERVED,0,0,False,False,,0.036519,2,15,0.273706,0.726294,27.3706,80.0000,False,False,PARTIAL_COVERAGE_DIAGNOSTIC_ONLY,phase12-v1
COV::SENS-COV-02::ROUND::2026-09-08T09:00::BLR-COK,BT12-MOSPI-MONTHLY,ROUND::2026-09-08T09:00,PRIMARY,SENS-COV-02,BLR-COK,14,0.03525,OBSERVED,0,0,False,False,,0.03525,2,15,0.273706,0.726294,27.3706,80.0000,False,False,PARTIAL_COVERAGE_DIAGNOSTIC_ONLY,phase12-v1
COV::SENS-COV-02::ROUND::2026-09-08T09:00::DEL-IDR,BT12-MOSPI-MONTHLY,ROUND::2026-09-08T09:00,PRIMARY,SENS-COV-02,DEL-IDR,15,0.02194,OBSERVED,0,0,False,False,,0.02194,2,15,0.273706,0.726294,27.3706,80.0000,False,False,PARTIAL_COVERAGE_DIAGNOSTIC_ONLY,phase12-v1
COV::SENS-COV-02::ROUND::2026-09-08T20:15::BOM-DEL,BT12-MOSPI-MONTHLY,ROUND::2026-09-08T20:15,PRIMARY,SENS-COV-02,BOM-DEL,1,0.162603,OBSERVED,0,0,False,False,,0.162603,2,15,0.273706,0.726294,27.3706,80.0000,False,False,PARTIAL_COVERAGE_DIAGNOSTIC_ONLY,phase12-v1
COV::SENS-COV-02::ROUND::2026-09-08T20:15::BLR-DEL,BT12-MOSPI-MONTHLY,ROUND::2026-09-08T20:15,PRIMARY,SENS-COV-02,BLR-DEL,2,0.111103,OBSERVED,0,0,False,False,,0.111103,2,15,0.273706,0.726294,27.3706,80.0000,False,False,PARTIAL_COVERAGE_DIAGNOSTIC_ONLY,phase12-v1
COV::SENS-COV-02::ROUND::2026-09-08T20:15::BLR-BOM,BT12-MOSPI-MONTHLY,ROUND::2026-09-08T20:15,PRIMARY,SENS-COV-02,BLR-BOM,3,0.097658,OBSERVED,0,0,False,False,,0.097658,2,15,0.273706,0.726294,27.3706,80.0000,False,False,PARTIAL_COVERAGE_DIAGNOSTIC_ONLY,phase12-v1
COV::SENS-COV-02::ROUND::2026-09-08T20:15::DEL-HYD,BT12-MOSPI-MONTHLY,ROUND::2026-09-08T20:15,PRIMARY,SENS-COV-02,DEL-HYD,4,0.078228,OBSERVED,0,0,False,False,,0.078228,2,15,0.273706,0.726294,27.3706,80.0000,False,False,PARTIAL_COVERAGE_DIAGNOSTIC_ONLY,phase12-v1
COV::SENS-COV-02::ROUND::2026-09-08T20:15::DEL-PNQ,BT12-MOSPI-MONTHLY,ROUND::2026-09-08T20:15,PRIMARY,SENS-COV-02,DEL-PNQ,5,0.069402,OBSERVED,0,0,False,False,,0.069402,2,15,0.273706,0.726294,27.3706,80.0000,False,False,PARTIAL_COVERAGE_DIAGNOSTIC_ONLY,phase12-v1
COV::SENS-COV-02::ROUND::2026-09-08T20:15::CCU-DEL,BT12-MOSPI-MONTHLY,ROUND::2026-09-08T20:15,PRIMARY,SENS-COV-02,CCU-DEL,6,0.065754,OBSERVED,0,0,False,False,,0.065754,2,15,0.273706,0.726294,27.3706,80.0000,False,False,PARTIAL_COVERAGE_DIAGNOSTIC_ONLY,phase12-v1
COV::SENS-COV-02::ROUND::2026-09-08T20:15::AMD-DEL,BT12-MOSPI-MONTHLY,ROUND::2026-09-08T20:15,PRIMARY,SENS-COV-02,AMD-DEL,7,0.060216,OBSERVED,0,0,False,False,,0.060216,2,15,0.273706,0.726294,27.3706,80.0000,False,False,PARTIAL_COVERAGE_DIAGNOSTIC_ONLY,phase12-v1
COV::SENS-COV-02::ROUND::2026-09-08T20:15::DEL-MAA,BT12-MOSPI-MONTHLY,ROUND::2026-09-08T20:15,PRIMARY,SENS-COV-02,DEL-MAA,8,0.058216,OBSERVED,0,0,False,False,,0.058216,2,15,0.273706,0.726294,27.3706,80.0000,False,False,PARTIAL_COVERAGE_DIAGNOSTIC_ONLY,phase12-v1
COV::SENS-COV-02::ROUND::2026-09-08T20:15::BOM-HYD,BT12-MOSPI-MONTHLY,ROUND::2026-09-08T20:15,PRIMARY,SENS-COV-02,BOM-HYD,9,0.055855,OBSERVED,0,0,False,False,,0.055855,2,15,0.273706,0.726294,27.3706,80.0000,False,False,PARTIAL_COVERAGE_DIAGNOSTIC_ONLY,phase12-v1
COV::SENS-COV-02::ROUND::2026-09-08T20:15::BLR-CCU,BT12-MOSPI-MONTHLY,ROUND::2026-09-08T20:15,PRIMARY,SENS-COV-02,BLR-CCU,10,0.05523,OBSERVED,0,0,False,False,,0.05523,2,15,0.273706,0.726294,27.3706,80.0000,False,False,PARTIAL_COVERAGE_DIAGNOSTIC_ONLY,phase12-v1
COV::SENS-COV-02::ROUND::2026-09-08T20:15::DEL-SXR,BT12-MOSPI-MONTHLY,ROUND::2026-09-08T20:15,PRIMARY,SENS-COV-02,DEL-SXR,11,0.054956,OBSERVED,0,0,False,False,,0.054956,2,15,0.273706,0.726294,27.3706,80.0000,False,False,PARTIAL_COVERAGE_DIAGNOSTIC_ONLY,phase12-v1
COV::SENS-COV-02::ROUND::2026-09-08T20:15::DEL-GOI,BT12-MOSPI-MONTHLY,ROUND::2026-09-08T20:15,PRIMARY,SENS-COV-02,DEL-GOI,12,0.03707,OBSERVED,0,0,False,False,,0.03707,2,15,0.273706,0.726294,27.3706,80.0000,False,False,PARTIAL_COVERAGE_DIAGNOSTIC_ONLY,phase12-v1
COV::SENS-COV-02::ROUND::2026-09-08T20:15::DEL-GAU,BT12-MOSPI-MONTHLY,ROUND::2026-09-08T20:15,PRIMARY,SENS-COV-02,DEL-GAU,13,0.036519,OBSERVED,1,0,False,False,,0.036519,2,15,0.273706,0.726294,27.3706,80.0000,False,False,PARTIAL_COVERAGE_DIAGNOSTIC_ONLY,phase12-v1
COV::SENS-COV-02::ROUND::2026-09-08T20:15::BLR-COK,BT12-MOSPI-MONTHLY,ROUND::2026-09-08T20:15,PRIMARY,SENS-COV-02,BLR-COK,14,0.03525,OBSERVED,0,0,False,False,,0.03525,2,15,0.273706,0.726294,27.3706,80.0000,False,False,PARTIAL_COVERAGE_DIAGNOSTIC_ONLY,phase12-v1
COV::SENS-COV-02::ROUND::2026-09-08T20:15::DEL-IDR,BT12-MOSPI-MONTHLY,ROUND::2026-09-08T20:15,PRIMARY,SENS-COV-02,DEL-IDR,15,0.02194,OBSERVED,0,0,False,False,,0.02194,2,15,0.273706,0.726294,27.3706,80.0000,False,False,PARTIAL_COVERAGE_DIAGNOSTIC_ONLY,phase12-v1
COV::SENS-COV-02::ROUND::2026-09-09T09:00::BOM-DEL,BT12-MOSPI-MONTHLY,ROUND::2026-09-09T09:00,PRIMARY,SENS-COV-02,BOM-DEL,1,0.162603,OBSERVED,0,0,False,False,,0.162603,2,15,0.273706,0.726294,27.3706,80.0000,False,False,PARTIAL_COVERAGE_DIAGNOSTIC_ONLY,phase12-v1
COV::SENS-COV-02::ROUND::2026-09-09T09:00::BLR-DEL,BT12-MOSPI-MONTHLY,ROUND::2026-09-09T09:00,PRIMARY,SENS-COV-02,BLR-DEL,2,0.111103,OBSERVED,0,0,False,False,,0.111103,2,15,0.273706,0.726294,27.3706,80.0000,False,False,PARTIAL_COVERAGE_DIAGNOSTIC_ONLY,phase12-v1
COV::SENS-COV-02::ROUND::2026-09-09T09:00::BLR-BOM,BT12-MOSPI-MONTHLY,ROUND::2026-09-09T09:00,PRIMARY,SENS-COV-02,BLR-BOM,3,0.097658,OBSERVED,0,0,False,False,,0.097658,2,15,0.273706,0.726294,27.3706,80.0000,False,False,PARTIAL_COVERAGE_DIAGNOSTIC_ONLY,phase12-v1
COV::SENS-COV-02::ROUND::2026-09-09T09:00::DEL-HYD,BT12-MOSPI-MONTHLY,ROUND::2026-09-09T09:00,PRIMARY,SENS-COV-02,DEL-HYD,4,0.078228,OBSERVED,0,0,False,False,,0.078228,2,15,0.273706,0.726294,27.3706,80.0000,False,False,PARTIAL_COVERAGE_DIAGNOSTIC_ONLY,phase12-v1
COV::SENS-COV-02::ROUND::2026-09-09T09:00::DEL-PNQ,BT12-MOSPI-MONTHLY,ROUND::2026-09-09T09:00,PRIMARY,SENS-COV-02,DEL-PNQ,5,0.069402,OBSERVED,0,0,False,False,,0.069402,2,15,0.273706,0.726294,27.3706,80.0000,False,False,PARTIAL_COVERAGE_DIAGNOSTIC_ONLY,phase12-v1
COV::SENS-COV-02::ROUND::2026-09-09T09:00::CCU-DEL,BT12-MOSPI-MONTHLY,ROUND::2026-09-09T09:00,PRIMARY,SENS-COV-02,CCU-DEL,6,0.065754,OBSERVED,0,0,False,False,,0.065754,2,15,0.273706,0.726294,27.3706,80.0000,False,False,PARTIAL_COVERAGE_DIAGNOSTIC_ONLY,phase12-v1
COV::SENS-COV-02::ROUND::2026-09-09T09:00::AMD-DEL,BT12-MOSPI-MONTHLY,ROUND::2026-09-09T09:00,PRIMARY,SENS-COV-02,AMD-DEL,7,0.060216,OBSERVED,0,0,False,False,,0.060216,2,15,0.273706,0.726294,27.3706,80.0000,False,False,PARTIAL_COVERAGE_DIAGNOSTIC_ONLY,phase12-v1
COV::SENS-COV-02::ROUND::2026-09-09T09:00::DEL-MAA,BT12-MOSPI-MONTHLY,ROUND::2026-09-09T09:00,PRIMARY,SENS-COV-02,DEL-MAA,8,0.058216,OBSERVED,1,0,False,False,,0.058216,2,15,0.273706,0.726294,27.3706,80.0000,False,False,PARTIAL_COVERAGE_DIAGNOSTIC_ONLY,phase12-v1
COV::SENS-COV-02::ROUND::2026-09-09T09:00::BOM-HYD,BT12-MOSPI-MONTHLY,ROUND::2026-09-09T09:00,PRIMARY,SENS-COV-02,BOM-HYD,9,0.055855,OBSERVED,0,0,False,False,,0.055855,2,15,0.273706,0.726294,27.3706,80.0000,False,False,PARTIAL_COVERAGE_DIAGNOSTIC_ONLY,phase12-v1
COV::SENS-COV-02::ROUND::2026-09-09T09:00::BLR-CCU,BT12-MOSPI-MONTHLY,ROUND::2026-09-09T09:00,PRIMARY,SENS-COV-02,BLR-CCU,10,0.05523,OBSERVED,0,0,False,False,,0.05523,2,15,0.273706,0.726294,27.3706,80.0000,False,False,PARTIAL_COVERAGE_DIAGNOSTIC_ONLY,phase12-v1
COV::SENS-COV-02::ROUND::2026-09-09T09:00::DEL-SXR,BT12-MOSPI-MONTHLY,ROUND::2026-09-09T09:00,PRIMARY,SENS-COV-02,DEL-SXR,11,0.054956,OBSERVED,0,0,False,False,,0.054956,2,15,0.273706,0.726294,27.3706,80.0000,False,False,PARTIAL_COVERAGE_DIAGNOSTIC_ONLY,phase12-v1
COV::SENS-COV-02::ROUND::2026-09-09T09:00::DEL-GOI,BT12-MOSPI-MONTHLY,ROUND::2026-09-09T09:00,PRIMARY,SENS-COV-02,DEL-GOI,12,0.03707,OBSERVED,0,0,False,False,,0.03707,2,15,0.273706,0.726294,27.3706,80.0000,False,False,PARTIAL_COVERAGE_DIAGNOSTIC_ONLY,phase12-v1
COV::SENS-COV-02::ROUND::2026-09-09T09:00::DEL-GAU,BT12-MOSPI-MONTHLY,ROUND::2026-09-09T09:00,PRIMARY,SENS-COV-02,DEL-GAU,13,0.036519,OBSERVED,0,0,False,False,,0.036519,2,15,0.273706,0.726294,27.3706,80.0000,False,False,PARTIAL_COVERAGE_DIAGNOSTIC_ONLY,phase12-v1
COV::SENS-COV-02::ROUND::2026-09-09T09:00::BLR-COK,BT12-MOSPI-MONTHLY,ROUND::2026-09-09T09:00,PRIMARY,SENS-COV-02,BLR-COK,14,0.03525,OBSERVED,0,0,False,False,,0.03525,2,15,0.273706,0.726294,27.3706,80.0000,False,False,PARTIAL_COVERAGE_DIAGNOSTIC_ONLY,phase12-v1
COV::SENS-COV-02::ROUND::2026-09-09T09:00::DEL-IDR,BT12-MOSPI-MONTHLY,ROUND::2026-09-09T09:00,PRIMARY,SENS-COV-02,DEL-IDR,15,0.02194,OBSERVED,0,0,False,False,,0.02194,2,15,0.273706,0.726294,27.3706,80.0000,False,False,PARTIAL_COVERAGE_DIAGNOSTIC_ONLY,phase12-v1
COV::SENS-COV-02::ROUND::2026-09-09T14:30::BOM-DEL,BT12-MOSPI-MONTHLY,ROUND::2026-09-09T14:30,PRIMARY,SENS-COV-02,BOM-DEL,1,0.162603,OBSERVED,1,0,False,False,,0.162603,2,15,0.273706,0.726294,27.3706,80.0000,False,False,PARTIAL_COVERAGE_DIAGNOSTIC_ONLY,phase12-v1
COV::SENS-COV-02::ROUND::2026-09-09T14:30::BLR-DEL,BT12-MOSPI-MONTHLY,ROUND::2026-09-09T14:30,PRIMARY,SENS-COV-02,BLR-DEL,2,0.111103,OBSERVED,0,0,False,False,,0.111103,2,15,0.273706,0.726294,27.3706,80.0000,False,False,PARTIAL_COVERAGE_DIAGNOSTIC_ONLY,phase12-v1
COV::SENS-COV-02::ROUND::2026-09-09T14:30::BLR-BOM,BT12-MOSPI-MONTHLY,ROUND::2026-09-09T14:30,PRIMARY,SENS-COV-02,BLR-BOM,3,0.097658,OBSERVED,0,0,False,False,,0.097658,2,15,0.273706,0.726294,27.3706,80.0000,False,False,PARTIAL_COVERAGE_DIAGNOSTIC_ONLY,phase12-v1
COV::SENS-COV-02::ROUND::2026-09-09T14:30::DEL-HYD,BT12-MOSPI-MONTHLY,ROUND::2026-09-09T14:30,PRIMARY,SENS-COV-02,DEL-HYD,4,0.078228,OBSERVED,0,0,False,False,,0.078228,2,15,0.273706,0.726294,27.3706,80.0000,False,False,PARTIAL_COVERAGE_DIAGNOSTIC_ONLY,phase12-v1
COV::SENS-COV-02::ROUND::2026-09-09T14:30::DEL-PNQ,BT12-MOSPI-MONTHLY,ROUND::2026-09-09T14:30,PRIMARY,SENS-COV-02,DEL-PNQ,5,0.069402,OBSERVED,0,0,False,False,,0.069402,2,15,0.273706,0.726294,27.3706,80.0000,False,False,PARTIAL_COVERAGE_DIAGNOSTIC_ONLY,phase12-v1
COV::SENS-COV-02::ROUND::2026-09-09T14:30::CCU-DEL,BT12-MOSPI-MONTHLY,ROUND::2026-09-09T14:30,PRIMARY,SENS-COV-02,CCU-DEL,6,0.065754,OBSERVED,0,0,False,False,,0.065754,2,15,0.273706,0.726294,27.3706,80.0000,False,False,PARTIAL_COVERAGE_DIAGNOSTIC_ONLY,phase12-v1
COV::SENS-COV-02::ROUND::2026-09-09T14:30::AMD-DEL,BT12-MOSPI-MONTHLY,ROUND::2026-09-09T14:30,PRIMARY,SENS-COV-02,AMD-DEL,7,0.060216,OBSERVED,0,0,False,False,,0.060216,2,15,0.273706,0.726294,27.3706,80.0000,False,False,PARTIAL_COVERAGE_DIAGNOSTIC_ONLY,phase12-v1
COV::SENS-COV-02::ROUND::2026-09-09T14:30::DEL-MAA,BT12-MOSPI-MONTHLY,ROUND::2026-09-09T14:30,PRIMARY,SENS-COV-02,DEL-MAA,8,0.058216,OBSERVED,0,0,False,False,,0.058216,2,15,0.273706,0.726294,27.3706,80.0000,False,False,PARTIAL_COVERAGE_DIAGNOSTIC_ONLY,phase12-v1
COV::SENS-COV-02::ROUND::2026-09-09T14:30::BOM-HYD,BT12-MOSPI-MONTHLY,ROUND::2026-09-09T14:30,PRIMARY,SENS-COV-02,BOM-HYD,9,0.055855,OBSERVED,0,0,False,False,,0.055855,2,15,0.273706,0.726294,27.3706,80.0000,False,False,PARTIAL_COVERAGE_DIAGNOSTIC_ONLY,phase12-v1
COV::SENS-COV-02::ROUND::2026-09-09T14:30::BLR-CCU,BT12-MOSPI-MONTHLY,ROUND::2026-09-09T14:30,PRIMARY,SENS-COV-02,BLR-CCU,10,0.05523,OBSERVED,0,0,False,False,,0.05523,2,15,0.273706,0.726294,27.3706,80.0000,False,False,PARTIAL_COVERAGE_DIAGNOSTIC_ONLY,phase12-v1
COV::SENS-COV-02::ROUND::2026-09-09T14:30::DEL-SXR,BT12-MOSPI-MONTHLY,ROUND::2026-09-09T14:30,PRIMARY,SENS-COV-02,DEL-SXR,11,0.054956,OBSERVED,0,0,False,False,,0.054956,2,15,0.273706,0.726294,27.3706,80.0000,False,False,PARTIAL_COVERAGE_DIAGNOSTIC_ONLY,phase12-v1
COV::SENS-COV-02::ROUND::2026-09-09T14:30::DEL-GOI,BT12-MOSPI-MONTHLY,ROUND::2026-09-09T14:30,PRIMARY,SENS-COV-02,DEL-GOI,12,0.03707,OBSERVED,0,0,False,False,,0.03707,2,15,0.273706,0.726294,27.3706,80.0000,False,False,PARTIAL_COVERAGE_DIAGNOSTIC_ONLY,phase12-v1
COV::SENS-COV-02::ROUND::2026-09-09T14:30::DEL-GAU,BT12-MOSPI-MONTHLY,ROUND::2026-09-09T14:30,PRIMARY,SENS-COV-02,DEL-GAU,13,0.036519,OBSERVED,0,0,False,False,,0.036519,2,15,0.273706,0.726294,27.3706,80.0000,False,False,PARTIAL_COVERAGE_DIAGNOSTIC_ONLY,phase12-v1
COV::SENS-COV-02::ROUND::2026-09-09T14:30::BLR-COK,BT12-MOSPI-MONTHLY,ROUND::2026-09-09T14:30,PRIMARY,SENS-COV-02,BLR-COK,14,0.03525,OBSERVED,0,0,False,False,,0.03525,2,15,0.273706,0.726294,27.3706,80.0000,False,False,PARTIAL_COVERAGE_DIAGNOSTIC_ONLY,phase12-v1
COV::SENS-COV-02::ROUND::2026-09-09T14:30::DEL-IDR,BT12-MOSPI-MONTHLY,ROUND::2026-09-09T14:30,PRIMARY,SENS-COV-02,DEL-IDR,15,0.02194,OBSERVED,0,0,False,False,,0.02194,2,15,0.273706,0.726294,27.3706,80.0000,False,False,PARTIAL_COVERAGE_DIAGNOSTIC_ONLY,phase12-v1
COV::SENS-COV-02::ROUND::2026-09-09T20:15::BOM-DEL,BT12-MOSPI-MONTHLY,ROUND::2026-09-09T20:15,PRIMARY,SENS-COV-02,BOM-DEL,1,0.162603,OBSERVED,0,0,False,False,,0.162603,2,15,0.273706,0.726294,27.3706,80.0000,False,False,PARTIAL_COVERAGE_DIAGNOSTIC_ONLY,phase12-v1
COV::SENS-COV-02::ROUND::2026-09-09T20:15::BLR-DEL,BT12-MOSPI-MONTHLY,ROUND::2026-09-09T20:15,PRIMARY,SENS-COV-02,BLR-DEL,2,0.111103,OBSERVED,0,0,False,False,,0.111103,2,15,0.273706,0.726294,27.3706,80.0000,False,False,PARTIAL_COVERAGE_DIAGNOSTIC_ONLY,phase12-v1
COV::SENS-COV-02::ROUND::2026-09-09T20:15::BLR-BOM,BT12-MOSPI-MONTHLY,ROUND::2026-09-09T20:15,PRIMARY,SENS-COV-02,BLR-BOM,3,0.097658,OBSERVED,0,0,False,False,,0.097658,2,15,0.273706,0.726294,27.3706,80.0000,False,False,PARTIAL_COVERAGE_DIAGNOSTIC_ONLY,phase12-v1
COV::SENS-COV-02::ROUND::2026-09-09T20:15::DEL-HYD,BT12-MOSPI-MONTHLY,ROUND::2026-09-09T20:15,PRIMARY,SENS-COV-02,DEL-HYD,4,0.078228,OBSERVED,0,0,False,False,,0.078228,2,15,0.273706,0.726294,27.3706,80.0000,False,False,PARTIAL_COVERAGE_DIAGNOSTIC_ONLY,phase12-v1
COV::SENS-COV-02::ROUND::2026-09-09T20:15::DEL-PNQ,BT12-MOSPI-MONTHLY,ROUND::2026-09-09T20:15,PRIMARY,SENS-COV-02,DEL-PNQ,5,0.069402,OBSERVED,0,0,False,False,,0.069402,2,15,0.273706,0.726294,27.3706,80.0000,False,False,PARTIAL_COVERAGE_DIAGNOSTIC_ONLY,phase12-v1
COV::SENS-COV-02::ROUND::2026-09-09T20:15::CCU-DEL,BT12-MOSPI-MONTHLY,ROUND::2026-09-09T20:15,PRIMARY,SENS-COV-02,CCU-DEL,6,0.065754,OBSERVED,0,0,False,False,,0.065754,2,15,0.273706,0.726294,27.3706,80.0000,False,False,PARTIAL_COVERAGE_DIAGNOSTIC_ONLY,phase12-v1
COV::SENS-COV-02::ROUND::2026-09-09T20:15::AMD-DEL,BT12-MOSPI-MONTHLY,ROUND::2026-09-09T20:15,PRIMARY,SENS-COV-02,AMD-DEL,7,0.060216,OBSERVED,0,0,False,False,,0.060216,2,15,0.273706,0.726294,27.3706,80.0000,False,False,PARTIAL_COVERAGE_DIAGNOSTIC_ONLY,phase12-v1
COV::SENS-COV-02::ROUND::2026-09-09T20:15::DEL-MAA,BT12-MOSPI-MONTHLY,ROUND::2026-09-09T20:15,PRIMARY,SENS-COV-02,DEL-MAA,8,0.058216,OBSERVED,0,0,False,False,,0.058216,2,15,0.273706,0.726294,27.3706,80.0000,False,False,PARTIAL_COVERAGE_DIAGNOSTIC_ONLY,phase12-v1
COV::SENS-COV-02::ROUND::2026-09-09T20:15::BOM-HYD,BT12-MOSPI-MONTHLY,ROUND::2026-09-09T20:15,PRIMARY,SENS-COV-02,BOM-HYD,9,0.055855,OBSERVED,0,0,False,False,,0.055855,2,15,0.273706,0.726294,27.3706,80.0000,False,False,PARTIAL_COVERAGE_DIAGNOSTIC_ONLY,phase12-v1
COV::SENS-COV-02::ROUND::2026-09-09T20:15::BLR-CCU,BT12-MOSPI-MONTHLY,ROUND::2026-09-09T20:15,PRIMARY,SENS-COV-02,BLR-CCU,10,0.05523,OBSERVED,0,0,False,False,,0.05523,2,15,0.273706,0.726294,27.3706,80.0000,False,False,PARTIAL_COVERAGE_DIAGNOSTIC_ONLY,phase12-v1
COV::SENS-COV-02::ROUND::2026-09-09T20:15::DEL-SXR,BT12-MOSPI-MONTHLY,ROUND::2026-09-09T20:15,PRIMARY,SENS-COV-02,DEL-SXR,11,0.054956,OBSERVED,0,0,False,False,,0.054956,2,15,0.273706,0.726294,27.3706,80.0000,False,False,PARTIAL_COVERAGE_DIAGNOSTIC_ONLY,phase12-v1
COV::SENS-COV-02::ROUND::2026-09-09T20:15::DEL-GOI,BT12-MOSPI-MONTHLY,ROUND::2026-09-09T20:15,PRIMARY,SENS-COV-02,DEL-GOI,12,0.03707,OBSERVED,1,0,False,False,,0.03707,2,15,0.273706,0.726294,27.3706,80.0000,False,False,PARTIAL_COVERAGE_DIAGNOSTIC_ONLY,phase12-v1
COV::SENS-COV-02::ROUND::2026-09-09T20:15::DEL-GAU,BT12-MOSPI-MONTHLY,ROUND::2026-09-09T20:15,PRIMARY,SENS-COV-02,DEL-GAU,13,0.036519,OBSERVED,0,0,False,False,,0.036519,2,15,0.273706,0.726294,27.3706,80.0000,False,False,PARTIAL_COVERAGE_DIAGNOSTIC_ONLY,phase12-v1
COV::SENS-COV-02::ROUND::2026-09-09T20:15::BLR-COK,BT12-MOSPI-MONTHLY,ROUND::2026-09-09T20:15,PRIMARY,SENS-COV-02,BLR-COK,14,0.03525,OBSERVED,0,0,False,False,,0.03525,2,15,0.273706,0.726294,27.3706,80.0000,False,False,PARTIAL_COVERAGE_DIAGNOSTIC_ONLY,phase12-v1
COV::SENS-COV-02::ROUND::2026-09-09T20:15::DEL-IDR,BT12-MOSPI-MONTHLY,ROUND::2026-09-09T20:15,PRIMARY,SENS-COV-02,DEL-IDR,15,0.02194,OBSERVED,0,0,False,False,,0.02194,2,15,0.273706,0.726294,27.3706,80.0000,False,False,PARTIAL_COVERAGE_DIAGNOSTIC_ONLY,phase12-v1
COV::SENS-COV-03::ROUND::2026-09-05T09:00::BOM-DEL,BT12-MOSPI-MONTHLY,ROUND::2026-09-05T09:00,PRIMARY,SENS-COV-03,BOM-DEL,1,0.162603,OBSERVED,13,0,True,False,0.162603,,2,15,0.273706,0.726294,27.3706,80.0000,False,False,PARTIAL_COVERAGE_DIAGNOSTIC_ONLY,phase12-v1
COV::SENS-COV-03::ROUND::2026-09-05T09:00::BLR-DEL,BT12-MOSPI-MONTHLY,ROUND::2026-09-05T09:00,PRIMARY,SENS-COV-03,BLR-DEL,2,0.111103,OBSERVED,14,0,True,False,0.111103,,2,15,0.273706,0.726294,27.3706,80.0000,False,False,PARTIAL_COVERAGE_DIAGNOSTIC_ONLY,phase12-v1
COV::SENS-COV-03::ROUND::2026-09-05T09:00::BLR-BOM,BT12-MOSPI-MONTHLY,ROUND::2026-09-05T09:00,PRIMARY,SENS-COV-03,BLR-BOM,3,0.097658,OBSERVED,11,0,True,False,0.097658,,2,15,0.273706,0.726294,27.3706,80.0000,False,False,PARTIAL_COVERAGE_DIAGNOSTIC_ONLY,phase12-v1
COV::SENS-COV-03::ROUND::2026-09-05T09:00::DEL-HYD,BT12-MOSPI-MONTHLY,ROUND::2026-09-05T09:00,PRIMARY,SENS-COV-03,DEL-HYD,4,0.078228,OBSERVED,12,0,True,False,0.078228,,2,15,0.273706,0.726294,27.3706,80.0000,False,False,PARTIAL_COVERAGE_DIAGNOSTIC_ONLY,phase12-v1
COV::SENS-COV-03::ROUND::2026-09-05T09:00::DEL-PNQ,BT12-MOSPI-MONTHLY,ROUND::2026-09-05T09:00,PRIMARY,SENS-COV-03,DEL-PNQ,5,0.069402,OBSERVED,15,0,True,False,0.069402,,2,15,0.273706,0.726294,27.3706,80.0000,False,False,PARTIAL_COVERAGE_DIAGNOSTIC_ONLY,phase12-v1
COV::SENS-COV-03::ROUND::2026-09-05T09:00::CCU-DEL,BT12-MOSPI-MONTHLY,ROUND::2026-09-05T09:00,PRIMARY,SENS-COV-03,CCU-DEL,6,0.065754,OBSERVED,14,0,True,False,0.065754,,2,15,0.273706,0.726294,27.3706,80.0000,False,False,PARTIAL_COVERAGE_DIAGNOSTIC_ONLY,phase12-v1
COV::SENS-COV-03::ROUND::2026-09-05T09:00::AMD-DEL,BT12-MOSPI-MONTHLY,ROUND::2026-09-05T09:00,PRIMARY,SENS-COV-03,AMD-DEL,7,0.060216,OBSERVED,15,0,True,False,0.060216,,2,15,0.273706,0.726294,27.3706,80.0000,False,False,PARTIAL_COVERAGE_DIAGNOSTIC_ONLY,phase12-v1
COV::SENS-COV-03::ROUND::2026-09-05T09:00::DEL-MAA,BT12-MOSPI-MONTHLY,ROUND::2026-09-05T09:00,PRIMARY,SENS-COV-03,DEL-MAA,8,0.058216,OBSERVED,14,0,True,False,0.058216,,2,15,0.273706,0.726294,27.3706,80.0000,False,False,PARTIAL_COVERAGE_DIAGNOSTIC_ONLY,phase12-v1
COV::SENS-COV-03::ROUND::2026-09-05T09:00::BOM-HYD,BT12-MOSPI-MONTHLY,ROUND::2026-09-05T09:00,PRIMARY,SENS-COV-03,BOM-HYD,9,0.055855,OBSERVED,15,0,True,False,0.055855,,2,15,0.273706,0.726294,27.3706,80.0000,False,False,PARTIAL_COVERAGE_DIAGNOSTIC_ONLY,phase12-v1
COV::SENS-COV-03::ROUND::2026-09-05T09:00::BLR-CCU,BT12-MOSPI-MONTHLY,ROUND::2026-09-05T09:00,PRIMARY,SENS-COV-03,BLR-CCU,10,0.05523,OBSERVED,13,0,True,False,0.05523,,2,15,0.273706,0.726294,27.3706,80.0000,False,False,PARTIAL_COVERAGE_DIAGNOSTIC_ONLY,phase12-v1
COV::SENS-COV-03::ROUND::2026-09-05T09:00::DEL-SXR,BT12-MOSPI-MONTHLY,ROUND::2026-09-05T09:00,PRIMARY,SENS-COV-03,DEL-SXR,11,0.054956,OBSERVED,10,0,True,False,0.054956,,2,15,0.273706,0.726294,27.3706,80.0000,False,False,PARTIAL_COVERAGE_DIAGNOSTIC_ONLY,phase12-v1
COV::SENS-COV-03::ROUND::2026-09-05T09:00::DEL-GOI,BT12-MOSPI-MONTHLY,ROUND::2026-09-05T09:00,PRIMARY,SENS-COV-03,DEL-GOI,12,0.03707,OBSERVED,14,0,True,False,0.03707,,2,15,0.273706,0.726294,27.3706,80.0000,False,False,PARTIAL_COVERAGE_DIAGNOSTIC_ONLY,phase12-v1
COV::SENS-COV-03::ROUND::2026-09-05T09:00::DEL-GAU,BT12-MOSPI-MONTHLY,ROUND::2026-09-05T09:00,PRIMARY,SENS-COV-03,DEL-GAU,13,0.036519,OBSERVED,12,0,True,False,0.036519,,2,15,0.273706,0.726294,27.3706,80.0000,False,False,PARTIAL_COVERAGE_DIAGNOSTIC_ONLY,phase12-v1
COV::SENS-COV-03::ROUND::2026-09-05T09:00::BLR-COK,BT12-MOSPI-MONTHLY,ROUND::2026-09-05T09:00,PRIMARY,SENS-COV-03,BLR-COK,14,0.03525,OBSERVED,13,0,True,False,0.03525,,2,15,0.273706,0.726294,27.3706,80.0000,False,False,PARTIAL_COVERAGE_DIAGNOSTIC_ONLY,phase12-v1
COV::SENS-COV-03::ROUND::2026-09-05T09:00::DEL-IDR,BT12-MOSPI-MONTHLY,ROUND::2026-09-05T09:00,PRIMARY,SENS-COV-03,DEL-IDR,15,0.02194,OBSERVED,13,0,True,False,0.02194,,2,15,0.273706,0.726294,27.3706,80.0000,False,False,PARTIAL_COVERAGE_DIAGNOSTIC_ONLY,phase12-v1
COV::SENS-COV-03::ROUND::2026-09-05T14:30::BOM-DEL,BT12-MOSPI-MONTHLY,ROUND::2026-09-05T14:30,PRIMARY,SENS-COV-03,BOM-DEL,1,0.162603,OBSERVED,11,9,True,True,0.162603,,2,15,0.273706,0.726294,27.3706,80.0000,False,False,PARTIAL_COVERAGE_DIAGNOSTIC_ONLY,phase12-v1
COV::SENS-COV-03::ROUND::2026-09-05T14:30::BLR-DEL,BT12-MOSPI-MONTHLY,ROUND::2026-09-05T14:30,PRIMARY,SENS-COV-03,BLR-DEL,2,0.111103,OBSERVED,14,13,True,True,0.111103,,2,15,0.273706,0.726294,27.3706,80.0000,False,False,PARTIAL_COVERAGE_DIAGNOSTIC_ONLY,phase12-v1
COV::SENS-COV-03::ROUND::2026-09-05T14:30::BLR-BOM,BT12-MOSPI-MONTHLY,ROUND::2026-09-05T14:30,PRIMARY,SENS-COV-03,BLR-BOM,3,0.097658,OBSERVED,12,8,True,True,0.097658,,2,15,0.273706,0.726294,27.3706,80.0000,False,False,PARTIAL_COVERAGE_DIAGNOSTIC_ONLY,phase12-v1
COV::SENS-COV-03::ROUND::2026-09-05T14:30::DEL-HYD,BT12-MOSPI-MONTHLY,ROUND::2026-09-05T14:30,PRIMARY,SENS-COV-03,DEL-HYD,4,0.078228,OBSERVED,11,8,True,True,0.078228,,2,15,0.273706,0.726294,27.3706,80.0000,False,False,PARTIAL_COVERAGE_DIAGNOSTIC_ONLY,phase12-v1
COV::SENS-COV-03::ROUND::2026-09-05T14:30::DEL-PNQ,BT12-MOSPI-MONTHLY,ROUND::2026-09-05T14:30,PRIMARY,SENS-COV-03,DEL-PNQ,5,0.069402,OBSERVED,14,14,True,True,0.069402,,2,15,0.273706,0.726294,27.3706,80.0000,False,False,PARTIAL_COVERAGE_DIAGNOSTIC_ONLY,phase12-v1
COV::SENS-COV-03::ROUND::2026-09-05T14:30::CCU-DEL,BT12-MOSPI-MONTHLY,ROUND::2026-09-05T14:30,PRIMARY,SENS-COV-03,CCU-DEL,6,0.065754,OBSERVED,11,10,True,True,0.065754,,2,15,0.273706,0.726294,27.3706,80.0000,False,False,PARTIAL_COVERAGE_DIAGNOSTIC_ONLY,phase12-v1
COV::SENS-COV-03::ROUND::2026-09-05T14:30::AMD-DEL,BT12-MOSPI-MONTHLY,ROUND::2026-09-05T14:30,PRIMARY,SENS-COV-03,AMD-DEL,7,0.060216,OBSERVED,13,13,True,True,0.060216,,2,15,0.273706,0.726294,27.3706,80.0000,False,False,PARTIAL_COVERAGE_DIAGNOSTIC_ONLY,phase12-v1
COV::SENS-COV-03::ROUND::2026-09-05T14:30::DEL-MAA,BT12-MOSPI-MONTHLY,ROUND::2026-09-05T14:30,PRIMARY,SENS-COV-03,DEL-MAA,8,0.058216,OBSERVED,13,12,True,True,0.058216,,2,15,0.273706,0.726294,27.3706,80.0000,False,False,PARTIAL_COVERAGE_DIAGNOSTIC_ONLY,phase12-v1
COV::SENS-COV-03::ROUND::2026-09-05T14:30::BOM-HYD,BT12-MOSPI-MONTHLY,ROUND::2026-09-05T14:30,PRIMARY,SENS-COV-03,BOM-HYD,9,0.055855,OBSERVED,12,12,True,True,0.055855,,2,15,0.273706,0.726294,27.3706,80.0000,False,False,PARTIAL_COVERAGE_DIAGNOSTIC_ONLY,phase12-v1
COV::SENS-COV-03::ROUND::2026-09-05T14:30::BLR-CCU,BT12-MOSPI-MONTHLY,ROUND::2026-09-05T14:30,PRIMARY,SENS-COV-03,BLR-CCU,10,0.05523,OBSERVED,14,12,True,True,0.05523,,2,15,0.273706,0.726294,27.3706,80.0000,False,False,PARTIAL_COVERAGE_DIAGNOSTIC_ONLY,phase12-v1
COV::SENS-COV-03::ROUND::2026-09-05T14:30::DEL-SXR,BT12-MOSPI-MONTHLY,ROUND::2026-09-05T14:30,PRIMARY,SENS-COV-03,DEL-SXR,11,0.054956,OBSERVED,14,10,True,True,0.054956,,2,15,0.273706,0.726294,27.3706,80.0000,False,False,PARTIAL_COVERAGE_DIAGNOSTIC_ONLY,phase12-v1
COV::SENS-COV-03::ROUND::2026-09-05T14:30::DEL-GOI,BT12-MOSPI-MONTHLY,ROUND::2026-09-05T14:30,PRIMARY,SENS-COV-03,DEL-GOI,12,0.03707,OBSERVED,13,12,True,True,0.03707,,2,15,0.273706,0.726294,27.3706,80.0000,False,False,PARTIAL_COVERAGE_DIAGNOSTIC_ONLY,phase12-v1
COV::SENS-COV-03::ROUND::2026-09-05T14:30::DEL-GAU,BT12-MOSPI-MONTHLY,ROUND::2026-09-05T14:30,PRIMARY,SENS-COV-03,DEL-GAU,13,0.036519,OBSERVED,14,11,True,True,0.036519,,2,15,0.273706,0.726294,27.3706,80.0000,False,False,PARTIAL_COVERAGE_DIAGNOSTIC_ONLY,phase12-v1
COV::SENS-COV-03::ROUND::2026-09-05T14:30::BLR-COK,BT12-MOSPI-MONTHLY,ROUND::2026-09-05T14:30,PRIMARY,SENS-COV-03,BLR-COK,14,0.03525,OBSERVED,14,12,True,True,0.03525,,2,15,0.273706,0.726294,27.3706,80.0000,False,False,PARTIAL_COVERAGE_DIAGNOSTIC_ONLY,phase12-v1
COV::SENS-COV-03::ROUND::2026-09-05T14:30::DEL-IDR,BT12-MOSPI-MONTHLY,ROUND::2026-09-05T14:30,PRIMARY,SENS-COV-03,DEL-IDR,15,0.02194,OBSERVED,13,11,True,True,0.02194,,2,15,0.273706,0.726294,27.3706,80.0000,False,False,PARTIAL_COVERAGE_DIAGNOSTIC_ONLY,phase12-v1
COV::SENS-COV-03::ROUND::2026-09-05T20:15::BOM-DEL,BT12-MOSPI-MONTHLY,ROUND::2026-09-05T20:15,PRIMARY,SENS-COV-03,BOM-DEL,1,0.162603,OBSERVED,13,9,True,True,0.162603,,2,15,0.273706,0.726294,27.3706,80.0000,False,False,PARTIAL_COVERAGE_DIAGNOSTIC_ONLY,phase12-v1
COV::SENS-COV-03::ROUND::2026-09-05T20:15::BLR-DEL,BT12-MOSPI-MONTHLY,ROUND::2026-09-05T20:15,PRIMARY,SENS-COV-03,BLR-DEL,2,0.111103,OBSERVED,15,14,True,True,0.111103,,2,15,0.273706,0.726294,27.3706,80.0000,False,False,PARTIAL_COVERAGE_DIAGNOSTIC_ONLY,phase12-v1
COV::SENS-COV-03::ROUND::2026-09-05T20:15::BLR-BOM,BT12-MOSPI-MONTHLY,ROUND::2026-09-05T20:15,PRIMARY,SENS-COV-03,BLR-BOM,3,0.097658,OBSERVED,14,11,True,True,0.097658,,2,15,0.273706,0.726294,27.3706,80.0000,False,False,PARTIAL_COVERAGE_DIAGNOSTIC_ONLY,phase12-v1
COV::SENS-COV-03::ROUND::2026-09-05T20:15::DEL-HYD,BT12-MOSPI-MONTHLY,ROUND::2026-09-05T20:15,PRIMARY,SENS-COV-03,DEL-HYD,4,0.078228,OBSERVED,13,9,True,True,0.078228,,2,15,0.273706,0.726294,27.3706,80.0000,False,False,PARTIAL_COVERAGE_DIAGNOSTIC_ONLY,phase12-v1
COV::SENS-COV-03::ROUND::2026-09-05T20:15::DEL-PNQ,BT12-MOSPI-MONTHLY,ROUND::2026-09-05T20:15,PRIMARY,SENS-COV-03,DEL-PNQ,5,0.069402,OBSERVED,15,14,True,True,0.069402,,2,15,0.273706,0.726294,27.3706,80.0000,False,False,PARTIAL_COVERAGE_DIAGNOSTIC_ONLY,phase12-v1
COV::SENS-COV-03::ROUND::2026-09-05T20:15::CCU-DEL,BT12-MOSPI-MONTHLY,ROUND::2026-09-05T20:15,PRIMARY,SENS-COV-03,CCU-DEL,6,0.065754,OBSERVED,13,9,True,True,0.065754,,2,15,0.273706,0.726294,27.3706,80.0000,False,False,PARTIAL_COVERAGE_DIAGNOSTIC_ONLY,phase12-v1
COV::SENS-COV-03::ROUND::2026-09-05T20:15::AMD-DEL,BT12-MOSPI-MONTHLY,ROUND::2026-09-05T20:15,PRIMARY,SENS-COV-03,AMD-DEL,7,0.060216,OBSERVED,15,13,True,True,0.060216,,2,15,0.273706,0.726294,27.3706,80.0000,False,False,PARTIAL_COVERAGE_DIAGNOSTIC_ONLY,phase12-v1
COV::SENS-COV-03::ROUND::2026-09-05T20:15::DEL-MAA,BT12-MOSPI-MONTHLY,ROUND::2026-09-05T20:15,PRIMARY,SENS-COV-03,DEL-MAA,8,0.058216,OBSERVED,13,11,True,True,0.058216,,2,15,0.273706,0.726294,27.3706,80.0000,False,False,PARTIAL_COVERAGE_DIAGNOSTIC_ONLY,phase12-v1
COV::SENS-COV-03::ROUND::2026-09-05T20:15::BOM-HYD,BT12-MOSPI-MONTHLY,ROUND::2026-09-05T20:15,PRIMARY,SENS-COV-03,BOM-HYD,9,0.055855,OBSERVED,12,9,True,True,0.055855,,2,15,0.273706,0.726294,27.3706,80.0000,False,False,PARTIAL_COVERAGE_DIAGNOSTIC_ONLY,phase12-v1
COV::SENS-COV-03::ROUND::2026-09-05T20:15::BLR-CCU,BT12-MOSPI-MONTHLY,ROUND::2026-09-05T20:15,PRIMARY,SENS-COV-03,BLR-CCU,10,0.05523,OBSERVED,12,11,True,True,0.05523,,2,15,0.273706,0.726294,27.3706,80.0000,False,False,PARTIAL_COVERAGE_DIAGNOSTIC_ONLY,phase12-v1
COV::SENS-COV-03::ROUND::2026-09-05T20:15::DEL-SXR,BT12-MOSPI-MONTHLY,ROUND::2026-09-05T20:15,PRIMARY,SENS-COV-03,DEL-SXR,11,0.054956,OBSERVED,14,13,True,True,0.054956,,2,15,0.273706,0.726294,27.3706,80.0000,False,False,PARTIAL_COVERAGE_DIAGNOSTIC_ONLY,phase12-v1
COV::SENS-COV-03::ROUND::2026-09-05T20:15::DEL-GOI,BT12-MOSPI-MONTHLY,ROUND::2026-09-05T20:15,PRIMARY,SENS-COV-03,DEL-GOI,12,0.03707,OBSERVED,12,11,True,True,0.03707,,2,15,0.273706,0.726294,27.3706,80.0000,False,False,PARTIAL_COVERAGE_DIAGNOSTIC_ONLY,phase12-v1
COV::SENS-COV-03::ROUND::2026-09-05T20:15::DEL-GAU,BT12-MOSPI-MONTHLY,ROUND::2026-09-05T20:15,PRIMARY,SENS-COV-03,DEL-GAU,13,0.036519,OBSERVED,13,12,True,True,0.036519,,2,15,0.273706,0.726294,27.3706,80.0000,False,False,PARTIAL_COVERAGE_DIAGNOSTIC_ONLY,phase12-v1
COV::SENS-COV-03::ROUND::2026-09-05T20:15::BLR-COK,BT12-MOSPI-MONTHLY,ROUND::2026-09-05T20:15,PRIMARY,SENS-COV-03,BLR-COK,14,0.03525,OBSERVED,13,12,True,True,0.03525,,2,15,0.273706,0.726294,27.3706,80.0000,False,False,PARTIAL_COVERAGE_DIAGNOSTIC_ONLY,phase12-v1
COV::SENS-COV-03::ROUND::2026-09-05T20:15::DEL-IDR,BT12-MOSPI-MONTHLY,ROUND::2026-09-05T20:15,PRIMARY,SENS-COV-03,DEL-IDR,15,0.02194,OBSERVED,14,12,True,True,0.02194,,2,15,0.273706,0.726294,27.3706,80.0000,False,False,PARTIAL_COVERAGE_DIAGNOSTIC_ONLY,phase12-v1
COV::SENS-COV-03::ROUND::2026-09-06T09:00::BOM-DEL,BT12-MOSPI-MONTHLY,ROUND::2026-09-06T09:00,PRIMARY,SENS-COV-03,BOM-DEL,1,0.162603,OBSERVED,13,11,True,True,0.162603,,2,15,0.273706,0.726294,27.3706,80.0000,False,False,PARTIAL_COVERAGE_DIAGNOSTIC_ONLY,phase12-v1
COV::SENS-COV-03::ROUND::2026-09-06T09:00::BLR-DEL,BT12-MOSPI-MONTHLY,ROUND::2026-09-06T09:00,PRIMARY,SENS-COV-03,BLR-DEL,2,0.111103,OBSERVED,13,13,True,True,0.111103,,2,15,0.273706,0.726294,27.3706,80.0000,False,False,PARTIAL_COVERAGE_DIAGNOSTIC_ONLY,phase12-v1
COV::SENS-COV-03::ROUND::2026-09-06T09:00::BLR-BOM,BT12-MOSPI-MONTHLY,ROUND::2026-09-06T09:00,PRIMARY,SENS-COV-03,BLR-BOM,3,0.097658,OBSERVED,14,13,True,True,0.097658,,2,15,0.273706,0.726294,27.3706,80.0000,False,False,PARTIAL_COVERAGE_DIAGNOSTIC_ONLY,phase12-v1
COV::SENS-COV-03::ROUND::2026-09-06T09:00::DEL-HYD,BT12-MOSPI-MONTHLY,ROUND::2026-09-06T09:00,PRIMARY,SENS-COV-03,DEL-HYD,4,0.078228,OBSERVED,15,13,True,True,0.078228,,2,15,0.273706,0.726294,27.3706,80.0000,False,False,PARTIAL_COVERAGE_DIAGNOSTIC_ONLY,phase12-v1
COV::SENS-COV-03::ROUND::2026-09-06T09:00::DEL-PNQ,BT12-MOSPI-MONTHLY,ROUND::2026-09-06T09:00,PRIMARY,SENS-COV-03,DEL-PNQ,5,0.069402,OBSERVED,12,12,True,True,0.069402,,2,15,0.273706,0.726294,27.3706,80.0000,False,False,PARTIAL_COVERAGE_DIAGNOSTIC_ONLY,phase12-v1
COV::SENS-COV-03::ROUND::2026-09-06T09:00::CCU-DEL,BT12-MOSPI-MONTHLY,ROUND::2026-09-06T09:00,PRIMARY,SENS-COV-03,CCU-DEL,6,0.065754,OBSERVED,13,12,True,True,0.065754,,2,15,0.273706,0.726294,27.3706,80.0000,False,False,PARTIAL_COVERAGE_DIAGNOSTIC_ONLY,phase12-v1
COV::SENS-COV-03::ROUND::2026-09-06T09:00::AMD-DEL,BT12-MOSPI-MONTHLY,ROUND::2026-09-06T09:00,PRIMARY,SENS-COV-03,AMD-DEL,7,0.060216,OBSERVED,13,13,True,True,0.060216,,2,15,0.273706,0.726294,27.3706,80.0000,False,False,PARTIAL_COVERAGE_DIAGNOSTIC_ONLY,phase12-v1
COV::SENS-COV-03::ROUND::2026-09-06T09:00::DEL-MAA,BT12-MOSPI-MONTHLY,ROUND::2026-09-06T09:00,PRIMARY,SENS-COV-03,DEL-MAA,8,0.058216,OBSERVED,13,11,True,True,0.058216,,2,15,0.273706,0.726294,27.3706,80.0000,False,False,PARTIAL_COVERAGE_DIAGNOSTIC_ONLY,phase12-v1
COV::SENS-COV-03::ROUND::2026-09-06T09:00::BOM-HYD,BT12-MOSPI-MONTHLY,ROUND::2026-09-06T09:00,PRIMARY,SENS-COV-03,BOM-HYD,9,0.055855,OBSERVED,14,11,True,True,0.055855,,2,15,0.273706,0.726294,27.3706,80.0000,False,False,PARTIAL_COVERAGE_DIAGNOSTIC_ONLY,phase12-v1
COV::SENS-COV-03::ROUND::2026-09-06T09:00::BLR-CCU,BT12-MOSPI-MONTHLY,ROUND::2026-09-06T09:00,PRIMARY,SENS-COV-03,BLR-CCU,10,0.05523,OBSERVED,14,11,True,True,0.05523,,2,15,0.273706,0.726294,27.3706,80.0000,False,False,PARTIAL_COVERAGE_DIAGNOSTIC_ONLY,phase12-v1
COV::SENS-COV-03::ROUND::2026-09-06T09:00::DEL-SXR,BT12-MOSPI-MONTHLY,ROUND::2026-09-06T09:00,PRIMARY,SENS-COV-03,DEL-SXR,11,0.054956,OBSERVED,14,14,True,True,0.054956,,2,15,0.273706,0.726294,27.3706,80.0000,False,False,PARTIAL_COVERAGE_DIAGNOSTIC_ONLY,phase12-v1
COV::SENS-COV-03::ROUND::2026-09-06T09:00::DEL-GOI,BT12-MOSPI-MONTHLY,ROUND::2026-09-06T09:00,PRIMARY,SENS-COV-03,DEL-GOI,12,0.03707,OBSERVED,15,12,True,True,0.03707,,2,15,0.273706,0.726294,27.3706,80.0000,False,False,PARTIAL_COVERAGE_DIAGNOSTIC_ONLY,phase12-v1
COV::SENS-COV-03::ROUND::2026-09-06T09:00::DEL-GAU,BT12-MOSPI-MONTHLY,ROUND::2026-09-06T09:00,PRIMARY,SENS-COV-03,DEL-GAU,13,0.036519,OBSERVED,10,8,True,True,0.036519,,2,15,0.273706,0.726294,27.3706,80.0000,False,False,PARTIAL_COVERAGE_DIAGNOSTIC_ONLY,phase12-v1
COV::SENS-COV-03::ROUND::2026-09-06T09:00::BLR-COK,BT12-MOSPI-MONTHLY,ROUND::2026-09-06T09:00,PRIMARY,SENS-COV-03,BLR-COK,14,0.03525,OBSERVED,14,12,True,True,0.03525,,2,15,0.273706,0.726294,27.3706,80.0000,False,False,PARTIAL_COVERAGE_DIAGNOSTIC_ONLY,phase12-v1
COV::SENS-COV-03::ROUND::2026-09-06T09:00::DEL-IDR,BT12-MOSPI-MONTHLY,ROUND::2026-09-06T09:00,PRIMARY,SENS-COV-03,DEL-IDR,15,0.02194,OBSERVED,9,8,True,True,0.02194,,2,15,0.273706,0.726294,27.3706,80.0000,False,False,PARTIAL_COVERAGE_DIAGNOSTIC_ONLY,phase12-v1
COV::SENS-COV-03::ROUND::2026-09-06T14:30::BOM-DEL,BT12-MOSPI-MONTHLY,ROUND::2026-09-06T14:30,PRIMARY,SENS-COV-03,BOM-DEL,1,0.162603,OBSERVED,12,11,True,True,0.162603,,2,15,0.273706,0.726294,27.3706,80.0000,False,False,PARTIAL_COVERAGE_DIAGNOSTIC_ONLY,phase12-v1
COV::SENS-COV-03::ROUND::2026-09-06T14:30::BLR-DEL,BT12-MOSPI-MONTHLY,ROUND::2026-09-06T14:30,PRIMARY,SENS-COV-03,BLR-DEL,2,0.111103,OBSERVED,14,12,True,True,0.111103,,2,15,0.273706,0.726294,27.3706,80.0000,False,False,PARTIAL_COVERAGE_DIAGNOSTIC_ONLY,phase12-v1
COV::SENS-COV-03::ROUND::2026-09-06T14:30::BLR-BOM,BT12-MOSPI-MONTHLY,ROUND::2026-09-06T14:30,PRIMARY,SENS-COV-03,BLR-BOM,3,0.097658,OBSERVED,14,13,True,True,0.097658,,2,15,0.273706,0.726294,27.3706,80.0000,False,False,PARTIAL_COVERAGE_DIAGNOSTIC_ONLY,phase12-v1
COV::SENS-COV-03::ROUND::2026-09-06T14:30::DEL-HYD,BT12-MOSPI-MONTHLY,ROUND::2026-09-06T14:30,PRIMARY,SENS-COV-03,DEL-HYD,4,0.078228,OBSERVED,15,15,True,True,0.078228,,2,15,0.273706,0.726294,27.3706,80.0000,False,False,PARTIAL_COVERAGE_DIAGNOSTIC_ONLY,phase12-v1
COV::SENS-COV-03::ROUND::2026-09-06T14:30::DEL-PNQ,BT12-MOSPI-MONTHLY,ROUND::2026-09-06T14:30,PRIMARY,SENS-COV-03,DEL-PNQ,5,0.069402,OBSERVED,13,11,True,True,0.069402,,2,15,0.273706,0.726294,27.3706,80.0000,False,False,PARTIAL_COVERAGE_DIAGNOSTIC_ONLY,phase12-v1
COV::SENS-COV-03::ROUND::2026-09-06T14:30::CCU-DEL,BT12-MOSPI-MONTHLY,ROUND::2026-09-06T14:30,PRIMARY,SENS-COV-03,CCU-DEL,6,0.065754,OBSERVED,15,13,True,True,0.065754,,2,15,0.273706,0.726294,27.3706,80.0000,False,False,PARTIAL_COVERAGE_DIAGNOSTIC_ONLY,phase12-v1
COV::SENS-COV-03::ROUND::2026-09-06T14:30::AMD-DEL,BT12-MOSPI-MONTHLY,ROUND::2026-09-06T14:30,PRIMARY,SENS-COV-03,AMD-DEL,7,0.060216,OBSERVED,14,12,True,True,0.060216,,2,15,0.273706,0.726294,27.3706,80.0000,False,False,PARTIAL_COVERAGE_DIAGNOSTIC_ONLY,phase12-v1
COV::SENS-COV-03::ROUND::2026-09-06T14:30::DEL-MAA,BT12-MOSPI-MONTHLY,ROUND::2026-09-06T14:30,PRIMARY,SENS-COV-03,DEL-MAA,8,0.058216,OBSERVED,13,11,True,True,0.058216,,2,15,0.273706,0.726294,27.3706,80.0000,False,False,PARTIAL_COVERAGE_DIAGNOSTIC_ONLY,phase12-v1
COV::SENS-COV-03::ROUND::2026-09-06T14:30::BOM-HYD,BT12-MOSPI-MONTHLY,ROUND::2026-09-06T14:30,PRIMARY,SENS-COV-03,BOM-HYD,9,0.055855,OBSERVED,13,12,True,True,0.055855,,2,15,0.273706,0.726294,27.3706,80.0000,False,False,PARTIAL_COVERAGE_DIAGNOSTIC_ONLY,phase12-v1
COV::SENS-COV-03::ROUND::2026-09-06T14:30::BLR-CCU,BT12-MOSPI-MONTHLY,ROUND::2026-09-06T14:30,PRIMARY,SENS-COV-03,BLR-CCU,10,0.05523,OBSERVED,14,13,True,True,0.05523,,2,15,0.273706,0.726294,27.3706,80.0000,False,False,PARTIAL_COVERAGE_DIAGNOSTIC_ONLY,phase12-v1
COV::SENS-COV-03::ROUND::2026-09-06T14:30::DEL-SXR,BT12-MOSPI-MONTHLY,ROUND::2026-09-06T14:30,PRIMARY,SENS-COV-03,DEL-SXR,11,0.054956,OBSERVED,12,11,True,True,0.054956,,2,15,0.273706,0.726294,27.3706,80.0000,False,False,PARTIAL_COVERAGE_DIAGNOSTIC_ONLY,phase12-v1
COV::SENS-COV-03::ROUND::2026-09-06T14:30::DEL-GOI,BT12-MOSPI-MONTHLY,ROUND::2026-09-06T14:30,PRIMARY,SENS-COV-03,DEL-GOI,12,0.03707,OBSERVED,13,13,True,True,0.03707,,2,15,0.273706,0.726294,27.3706,80.0000,False,False,PARTIAL_COVERAGE_DIAGNOSTIC_ONLY,phase12-v1
COV::SENS-COV-03::ROUND::2026-09-06T14:30::DEL-GAU,BT12-MOSPI-MONTHLY,ROUND::2026-09-06T14:30,PRIMARY,SENS-COV-03,DEL-GAU,13,0.036519,OBSERVED,13,8,True,True,0.036519,,2,15,0.273706,0.726294,27.3706,80.0000,False,False,PARTIAL_COVERAGE_DIAGNOSTIC_ONLY,phase12-v1
COV::SENS-COV-03::ROUND::2026-09-06T14:30::BLR-COK,BT12-MOSPI-MONTHLY,ROUND::2026-09-06T14:30,PRIMARY,SENS-COV-03,BLR-COK,14,0.03525,OBSERVED,13,12,True,True,0.03525,,2,15,0.273706,0.726294,27.3706,80.0000,False,False,PARTIAL_COVERAGE_DIAGNOSTIC_ONLY,phase12-v1
COV::SENS-COV-03::ROUND::2026-09-06T14:30::DEL-IDR,BT12-MOSPI-MONTHLY,ROUND::2026-09-06T14:30,PRIMARY,SENS-COV-03,DEL-IDR,15,0.02194,OBSERVED,12,6,True,True,0.02194,,2,15,0.273706,0.726294,27.3706,80.0000,False,False,PARTIAL_COVERAGE_DIAGNOSTIC_ONLY,phase12-v1
COV::SENS-COV-03::ROUND::2026-09-06T20:15::BOM-DEL,BT12-MOSPI-MONTHLY,ROUND::2026-09-06T20:15,PRIMARY,SENS-COV-03,BOM-DEL,1,0.162603,OBSERVED,13,10,True,True,0.162603,,2,15,0.273706,0.726294,27.3706,80.0000,False,False,PARTIAL_COVERAGE_DIAGNOSTIC_ONLY,phase12-v1
COV::SENS-COV-03::ROUND::2026-09-06T20:15::BLR-DEL,BT12-MOSPI-MONTHLY,ROUND::2026-09-06T20:15,PRIMARY,SENS-COV-03,BLR-DEL,2,0.111103,OBSERVED,12,12,True,True,0.111103,,2,15,0.273706,0.726294,27.3706,80.0000,False,False,PARTIAL_COVERAGE_DIAGNOSTIC_ONLY,phase12-v1
COV::SENS-COV-03::ROUND::2026-09-06T20:15::BLR-BOM,BT12-MOSPI-MONTHLY,ROUND::2026-09-06T20:15,PRIMARY,SENS-COV-03,BLR-BOM,3,0.097658,OBSERVED,14,14,True,True,0.097658,,2,15,0.273706,0.726294,27.3706,80.0000,False,False,PARTIAL_COVERAGE_DIAGNOSTIC_ONLY,phase12-v1
COV::SENS-COV-03::ROUND::2026-09-06T20:15::DEL-HYD,BT12-MOSPI-MONTHLY,ROUND::2026-09-06T20:15,PRIMARY,SENS-COV-03,DEL-HYD,4,0.078228,OBSERVED,13,13,True,True,0.078228,,2,15,0.273706,0.726294,27.3706,80.0000,False,False,PARTIAL_COVERAGE_DIAGNOSTIC_ONLY,phase12-v1
COV::SENS-COV-03::ROUND::2026-09-06T20:15::DEL-PNQ,BT12-MOSPI-MONTHLY,ROUND::2026-09-06T20:15,PRIMARY,SENS-COV-03,DEL-PNQ,5,0.069402,OBSERVED,14,13,True,True,0.069402,,2,15,0.273706,0.726294,27.3706,80.0000,False,False,PARTIAL_COVERAGE_DIAGNOSTIC_ONLY,phase12-v1
COV::SENS-COV-03::ROUND::2026-09-06T20:15::CCU-DEL,BT12-MOSPI-MONTHLY,ROUND::2026-09-06T20:15,PRIMARY,SENS-COV-03,CCU-DEL,6,0.065754,OBSERVED,14,14,True,True,0.065754,,2,15,0.273706,0.726294,27.3706,80.0000,False,False,PARTIAL_COVERAGE_DIAGNOSTIC_ONLY,phase12-v1
COV::SENS-COV-03::ROUND::2026-09-06T20:15::AMD-DEL,BT12-MOSPI-MONTHLY,ROUND::2026-09-06T20:15,PRIMARY,SENS-COV-03,AMD-DEL,7,0.060216,OBSERVED,14,13,True,True,0.060216,,2,15,0.273706,0.726294,27.3706,80.0000,False,False,PARTIAL_COVERAGE_DIAGNOSTIC_ONLY,phase12-v1
COV::SENS-COV-03::ROUND::2026-09-06T20:15::DEL-MAA,BT12-MOSPI-MONTHLY,ROUND::2026-09-06T20:15,PRIMARY,SENS-COV-03,DEL-MAA,8,0.058216,OBSERVED,13,12,True,True,0.058216,,2,15,0.273706,0.726294,27.3706,80.0000,False,False,PARTIAL_COVERAGE_DIAGNOSTIC_ONLY,phase12-v1
COV::SENS-COV-03::ROUND::2026-09-06T20:15::BOM-HYD,BT12-MOSPI-MONTHLY,ROUND::2026-09-06T20:15,PRIMARY,SENS-COV-03,BOM-HYD,9,0.055855,OBSERVED,14,12,True,True,0.055855,,2,15,0.273706,0.726294,27.3706,80.0000,False,False,PARTIAL_COVERAGE_DIAGNOSTIC_ONLY,phase12-v1
COV::SENS-COV-03::ROUND::2026-09-06T20:15::BLR-CCU,BT12-MOSPI-MONTHLY,ROUND::2026-09-06T20:15,PRIMARY,SENS-COV-03,BLR-CCU,10,0.05523,OBSERVED,15,14,True,True,0.05523,,2,15,0.273706,0.726294,27.3706,80.0000,False,False,PARTIAL_COVERAGE_DIAGNOSTIC_ONLY,phase12-v1
COV::SENS-COV-03::ROUND::2026-09-06T20:15::DEL-SXR,BT12-MOSPI-MONTHLY,ROUND::2026-09-06T20:15,PRIMARY,SENS-COV-03,DEL-SXR,11,0.054956,OBSERVED,14,11,True,True,0.054956,,2,15,0.273706,0.726294,27.3706,80.0000,False,False,PARTIAL_COVERAGE_DIAGNOSTIC_ONLY,phase12-v1
COV::SENS-COV-03::ROUND::2026-09-06T20:15::DEL-GOI,BT12-MOSPI-MONTHLY,ROUND::2026-09-06T20:15,PRIMARY,SENS-COV-03,DEL-GOI,12,0.03707,OBSERVED,12,10,True,True,0.03707,,2,15,0.273706,0.726294,27.3706,80.0000,False,False,PARTIAL_COVERAGE_DIAGNOSTIC_ONLY,phase12-v1
COV::SENS-COV-03::ROUND::2026-09-06T20:15::DEL-GAU,BT12-MOSPI-MONTHLY,ROUND::2026-09-06T20:15,PRIMARY,SENS-COV-03,DEL-GAU,13,0.036519,OBSERVED,10,8,True,True,0.036519,,2,15,0.273706,0.726294,27.3706,80.0000,False,False,PARTIAL_COVERAGE_DIAGNOSTIC_ONLY,phase12-v1
COV::SENS-COV-03::ROUND::2026-09-06T20:15::BLR-COK,BT12-MOSPI-MONTHLY,ROUND::2026-09-06T20:15,PRIMARY,SENS-COV-03,BLR-COK,14,0.03525,OBSERVED,0,0,False,False,,0.03525,2,15,0.273706,0.726294,27.3706,80.0000,False,False,PARTIAL_COVERAGE_DIAGNOSTIC_ONLY,phase12-v1
COV::SENS-COV-03::ROUND::2026-09-06T20:15::DEL-IDR,BT12-MOSPI-MONTHLY,ROUND::2026-09-06T20:15,PRIMARY,SENS-COV-03,DEL-IDR,15,0.02194,OBSERVED,0,0,False,False,,0.02194,2,15,0.273706,0.726294,27.3706,80.0000,False,False,PARTIAL_COVERAGE_DIAGNOSTIC_ONLY,phase12-v1
COV::SENS-COV-03::ROUND::2026-09-07T09:00::BOM-DEL,BT12-MOSPI-MONTHLY,ROUND::2026-09-07T09:00,PRIMARY,SENS-COV-03,BOM-DEL,1,0.162603,OBSERVED,0,0,False,False,,0.162603,2,15,0.273706,0.726294,27.3706,80.0000,False,False,PARTIAL_COVERAGE_DIAGNOSTIC_ONLY,phase12-v1
COV::SENS-COV-03::ROUND::2026-09-07T09:00::BLR-DEL,BT12-MOSPI-MONTHLY,ROUND::2026-09-07T09:00,PRIMARY,SENS-COV-03,BLR-DEL,2,0.111103,OBSERVED,0,0,False,False,,0.111103,2,15,0.273706,0.726294,27.3706,80.0000,False,False,PARTIAL_COVERAGE_DIAGNOSTIC_ONLY,phase12-v1
COV::SENS-COV-03::ROUND::2026-09-07T09:00::BLR-BOM,BT12-MOSPI-MONTHLY,ROUND::2026-09-07T09:00,PRIMARY,SENS-COV-03,BLR-BOM,3,0.097658,OBSERVED,0,0,False,False,,0.097658,2,15,0.273706,0.726294,27.3706,80.0000,False,False,PARTIAL_COVERAGE_DIAGNOSTIC_ONLY,phase12-v1
COV::SENS-COV-03::ROUND::2026-09-07T09:00::DEL-HYD,BT12-MOSPI-MONTHLY,ROUND::2026-09-07T09:00,PRIMARY,SENS-COV-03,DEL-HYD,4,0.078228,OBSERVED,1,1,True,True,0.078228,,2,15,0.273706,0.726294,27.3706,80.0000,False,False,PARTIAL_COVERAGE_DIAGNOSTIC_ONLY,phase12-v1
COV::SENS-COV-03::ROUND::2026-09-07T09:00::DEL-PNQ,BT12-MOSPI-MONTHLY,ROUND::2026-09-07T09:00,PRIMARY,SENS-COV-03,DEL-PNQ,5,0.069402,OBSERVED,0,0,False,False,,0.069402,2,15,0.273706,0.726294,27.3706,80.0000,False,False,PARTIAL_COVERAGE_DIAGNOSTIC_ONLY,phase12-v1
COV::SENS-COV-03::ROUND::2026-09-07T09:00::CCU-DEL,BT12-MOSPI-MONTHLY,ROUND::2026-09-07T09:00,PRIMARY,SENS-COV-03,CCU-DEL,6,0.065754,OBSERVED,0,0,False,False,,0.065754,2,15,0.273706,0.726294,27.3706,80.0000,False,False,PARTIAL_COVERAGE_DIAGNOSTIC_ONLY,phase12-v1
COV::SENS-COV-03::ROUND::2026-09-07T09:00::AMD-DEL,BT12-MOSPI-MONTHLY,ROUND::2026-09-07T09:00,PRIMARY,SENS-COV-03,AMD-DEL,7,0.060216,OBSERVED,0,0,False,False,,0.060216,2,15,0.273706,0.726294,27.3706,80.0000,False,False,PARTIAL_COVERAGE_DIAGNOSTIC_ONLY,phase12-v1
COV::SENS-COV-03::ROUND::2026-09-07T09:00::DEL-MAA,BT12-MOSPI-MONTHLY,ROUND::2026-09-07T09:00,PRIMARY,SENS-COV-03,DEL-MAA,8,0.058216,OBSERVED,0,0,False,False,,0.058216,2,15,0.273706,0.726294,27.3706,80.0000,False,False,PARTIAL_COVERAGE_DIAGNOSTIC_ONLY,phase12-v1
COV::SENS-COV-03::ROUND::2026-09-07T09:00::BOM-HYD,BT12-MOSPI-MONTHLY,ROUND::2026-09-07T09:00,PRIMARY,SENS-COV-03,BOM-HYD,9,0.055855,OBSERVED,0,0,False,False,,0.055855,2,15,0.273706,0.726294,27.3706,80.0000,False,False,PARTIAL_COVERAGE_DIAGNOSTIC_ONLY,phase12-v1
COV::SENS-COV-03::ROUND::2026-09-07T09:00::BLR-CCU,BT12-MOSPI-MONTHLY,ROUND::2026-09-07T09:00,PRIMARY,SENS-COV-03,BLR-CCU,10,0.05523,OBSERVED,0,0,False,False,,0.05523,2,15,0.273706,0.726294,27.3706,80.0000,False,False,PARTIAL_COVERAGE_DIAGNOSTIC_ONLY,phase12-v1
COV::SENS-COV-03::ROUND::2026-09-07T09:00::DEL-SXR,BT12-MOSPI-MONTHLY,ROUND::2026-09-07T09:00,PRIMARY,SENS-COV-03,DEL-SXR,11,0.054956,OBSERVED,0,0,False,False,,0.054956,2,15,0.273706,0.726294,27.3706,80.0000,False,False,PARTIAL_COVERAGE_DIAGNOSTIC_ONLY,phase12-v1
COV::SENS-COV-03::ROUND::2026-09-07T09:00::DEL-GOI,BT12-MOSPI-MONTHLY,ROUND::2026-09-07T09:00,PRIMARY,SENS-COV-03,DEL-GOI,12,0.03707,OBSERVED,1,1,True,True,0.03707,,2,15,0.273706,0.726294,27.3706,80.0000,False,False,PARTIAL_COVERAGE_DIAGNOSTIC_ONLY,phase12-v1
COV::SENS-COV-03::ROUND::2026-09-07T09:00::DEL-GAU,BT12-MOSPI-MONTHLY,ROUND::2026-09-07T09:00,PRIMARY,SENS-COV-03,DEL-GAU,13,0.036519,OBSERVED,0,0,False,False,,0.036519,2,15,0.273706,0.726294,27.3706,80.0000,False,False,PARTIAL_COVERAGE_DIAGNOSTIC_ONLY,phase12-v1
COV::SENS-COV-03::ROUND::2026-09-07T09:00::BLR-COK,BT12-MOSPI-MONTHLY,ROUND::2026-09-07T09:00,PRIMARY,SENS-COV-03,BLR-COK,14,0.03525,OBSERVED,0,0,False,False,,0.03525,2,15,0.273706,0.726294,27.3706,80.0000,False,False,PARTIAL_COVERAGE_DIAGNOSTIC_ONLY,phase12-v1
COV::SENS-COV-03::ROUND::2026-09-07T09:00::DEL-IDR,BT12-MOSPI-MONTHLY,ROUND::2026-09-07T09:00,PRIMARY,SENS-COV-03,DEL-IDR,15,0.02194,OBSERVED,0,0,False,False,,0.02194,2,15,0.273706,0.726294,27.3706,80.0000,False,False,PARTIAL_COVERAGE_DIAGNOSTIC_ONLY,phase12-v1
COV::SENS-COV-03::ROUND::2026-09-07T14:30::BOM-DEL,BT12-MOSPI-MONTHLY,ROUND::2026-09-07T14:30,PRIMARY,SENS-COV-03,BOM-DEL,1,0.162603,OBSERVED,0,0,False,False,,0.162603,2,15,0.273706,0.726294,27.3706,80.0000,False,False,PARTIAL_COVERAGE_DIAGNOSTIC_ONLY,phase12-v1
COV::SENS-COV-03::ROUND::2026-09-07T14:30::BLR-DEL,BT12-MOSPI-MONTHLY,ROUND::2026-09-07T14:30,PRIMARY,SENS-COV-03,BLR-DEL,2,0.111103,OBSERVED,0,0,False,False,,0.111103,2,15,0.273706,0.726294,27.3706,80.0000,False,False,PARTIAL_COVERAGE_DIAGNOSTIC_ONLY,phase12-v1
COV::SENS-COV-03::ROUND::2026-09-07T14:30::BLR-BOM,BT12-MOSPI-MONTHLY,ROUND::2026-09-07T14:30,PRIMARY,SENS-COV-03,BLR-BOM,3,0.097658,OBSERVED,0,0,False,False,,0.097658,2,15,0.273706,0.726294,27.3706,80.0000,False,False,PARTIAL_COVERAGE_DIAGNOSTIC_ONLY,phase12-v1
COV::SENS-COV-03::ROUND::2026-09-07T14:30::DEL-HYD,BT12-MOSPI-MONTHLY,ROUND::2026-09-07T14:30,PRIMARY,SENS-COV-03,DEL-HYD,4,0.078228,OBSERVED,0,0,False,False,,0.078228,2,15,0.273706,0.726294,27.3706,80.0000,False,False,PARTIAL_COVERAGE_DIAGNOSTIC_ONLY,phase12-v1
COV::SENS-COV-03::ROUND::2026-09-07T14:30::DEL-PNQ,BT12-MOSPI-MONTHLY,ROUND::2026-09-07T14:30,PRIMARY,SENS-COV-03,DEL-PNQ,5,0.069402,OBSERVED,1,0,False,False,,0.069402,2,15,0.273706,0.726294,27.3706,80.0000,False,False,PARTIAL_COVERAGE_DIAGNOSTIC_ONLY,phase12-v1
COV::SENS-COV-03::ROUND::2026-09-07T14:30::CCU-DEL,BT12-MOSPI-MONTHLY,ROUND::2026-09-07T14:30,PRIMARY,SENS-COV-03,CCU-DEL,6,0.065754,OBSERVED,0,0,False,False,,0.065754,2,15,0.273706,0.726294,27.3706,80.0000,False,False,PARTIAL_COVERAGE_DIAGNOSTIC_ONLY,phase12-v1
COV::SENS-COV-03::ROUND::2026-09-07T14:30::AMD-DEL,BT12-MOSPI-MONTHLY,ROUND::2026-09-07T14:30,PRIMARY,SENS-COV-03,AMD-DEL,7,0.060216,OBSERVED,0,0,False,False,,0.060216,2,15,0.273706,0.726294,27.3706,80.0000,False,False,PARTIAL_COVERAGE_DIAGNOSTIC_ONLY,phase12-v1
COV::SENS-COV-03::ROUND::2026-09-07T14:30::DEL-MAA,BT12-MOSPI-MONTHLY,ROUND::2026-09-07T14:30,PRIMARY,SENS-COV-03,DEL-MAA,8,0.058216,OBSERVED,1,0,False,False,,0.058216,2,15,0.273706,0.726294,27.3706,80.0000,False,False,PARTIAL_COVERAGE_DIAGNOSTIC_ONLY,phase12-v1
COV::SENS-COV-03::ROUND::2026-09-07T14:30::BOM-HYD,BT12-MOSPI-MONTHLY,ROUND::2026-09-07T14:30,PRIMARY,SENS-COV-03,BOM-HYD,9,0.055855,OBSERVED,0,0,False,False,,0.055855,2,15,0.273706,0.726294,27.3706,80.0000,False,False,PARTIAL_COVERAGE_DIAGNOSTIC_ONLY,phase12-v1
COV::SENS-COV-03::ROUND::2026-09-07T14:30::BLR-CCU,BT12-MOSPI-MONTHLY,ROUND::2026-09-07T14:30,PRIMARY,SENS-COV-03,BLR-CCU,10,0.05523,OBSERVED,0,0,False,False,,0.05523,2,15,0.273706,0.726294,27.3706,80.0000,False,False,PARTIAL_COVERAGE_DIAGNOSTIC_ONLY,phase12-v1
COV::SENS-COV-03::ROUND::2026-09-07T14:30::DEL-SXR,BT12-MOSPI-MONTHLY,ROUND::2026-09-07T14:30,PRIMARY,SENS-COV-03,DEL-SXR,11,0.054956,OBSERVED,0,0,False,False,,0.054956,2,15,0.273706,0.726294,27.3706,80.0000,False,False,PARTIAL_COVERAGE_DIAGNOSTIC_ONLY,phase12-v1
COV::SENS-COV-03::ROUND::2026-09-07T14:30::DEL-GOI,BT12-MOSPI-MONTHLY,ROUND::2026-09-07T14:30,PRIMARY,SENS-COV-03,DEL-GOI,12,0.03707,OBSERVED,0,0,False,False,,0.03707,2,15,0.273706,0.726294,27.3706,80.0000,False,False,PARTIAL_COVERAGE_DIAGNOSTIC_ONLY,phase12-v1
COV::SENS-COV-03::ROUND::2026-09-07T14:30::DEL-GAU,BT12-MOSPI-MONTHLY,ROUND::2026-09-07T14:30,PRIMARY,SENS-COV-03,DEL-GAU,13,0.036519,OBSERVED,0,0,False,False,,0.036519,2,15,0.273706,0.726294,27.3706,80.0000,False,False,PARTIAL_COVERAGE_DIAGNOSTIC_ONLY,phase12-v1
COV::SENS-COV-03::ROUND::2026-09-07T14:30::BLR-COK,BT12-MOSPI-MONTHLY,ROUND::2026-09-07T14:30,PRIMARY,SENS-COV-03,BLR-COK,14,0.03525,OBSERVED,1,0,False,False,,0.03525,2,15,0.273706,0.726294,27.3706,80.0000,False,False,PARTIAL_COVERAGE_DIAGNOSTIC_ONLY,phase12-v1
COV::SENS-COV-03::ROUND::2026-09-07T14:30::DEL-IDR,BT12-MOSPI-MONTHLY,ROUND::2026-09-07T14:30,PRIMARY,SENS-COV-03,DEL-IDR,15,0.02194,OBSERVED,1,0,False,False,,0.02194,2,15,0.273706,0.726294,27.3706,80.0000,False,False,PARTIAL_COVERAGE_DIAGNOSTIC_ONLY,phase12-v1
COV::SENS-COV-03::ROUND::2026-09-07T20:15::BOM-DEL,BT12-MOSPI-MONTHLY,ROUND::2026-09-07T20:15,PRIMARY,SENS-COV-03,BOM-DEL,1,0.162603,OBSERVED,0,0,False,False,,0.162603,2,15,0.273706,0.726294,27.3706,80.0000,False,False,PARTIAL_COVERAGE_DIAGNOSTIC_ONLY,phase12-v1
COV::SENS-COV-03::ROUND::2026-09-07T20:15::BLR-DEL,BT12-MOSPI-MONTHLY,ROUND::2026-09-07T20:15,PRIMARY,SENS-COV-03,BLR-DEL,2,0.111103,OBSERVED,0,0,False,False,,0.111103,2,15,0.273706,0.726294,27.3706,80.0000,False,False,PARTIAL_COVERAGE_DIAGNOSTIC_ONLY,phase12-v1
COV::SENS-COV-03::ROUND::2026-09-07T20:15::BLR-BOM,BT12-MOSPI-MONTHLY,ROUND::2026-09-07T20:15,PRIMARY,SENS-COV-03,BLR-BOM,3,0.097658,OBSERVED,0,0,False,False,,0.097658,2,15,0.273706,0.726294,27.3706,80.0000,False,False,PARTIAL_COVERAGE_DIAGNOSTIC_ONLY,phase12-v1
COV::SENS-COV-03::ROUND::2026-09-07T20:15::DEL-HYD,BT12-MOSPI-MONTHLY,ROUND::2026-09-07T20:15,PRIMARY,SENS-COV-03,DEL-HYD,4,0.078228,OBSERVED,0,0,False,False,,0.078228,2,15,0.273706,0.726294,27.3706,80.0000,False,False,PARTIAL_COVERAGE_DIAGNOSTIC_ONLY,phase12-v1
COV::SENS-COV-03::ROUND::2026-09-07T20:15::DEL-PNQ,BT12-MOSPI-MONTHLY,ROUND::2026-09-07T20:15,PRIMARY,SENS-COV-03,DEL-PNQ,5,0.069402,OBSERVED,1,0,False,False,,0.069402,2,15,0.273706,0.726294,27.3706,80.0000,False,False,PARTIAL_COVERAGE_DIAGNOSTIC_ONLY,phase12-v1
COV::SENS-COV-03::ROUND::2026-09-07T20:15::CCU-DEL,BT12-MOSPI-MONTHLY,ROUND::2026-09-07T20:15,PRIMARY,SENS-COV-03,CCU-DEL,6,0.065754,OBSERVED,0,0,False,False,,0.065754,2,15,0.273706,0.726294,27.3706,80.0000,False,False,PARTIAL_COVERAGE_DIAGNOSTIC_ONLY,phase12-v1
COV::SENS-COV-03::ROUND::2026-09-07T20:15::AMD-DEL,BT12-MOSPI-MONTHLY,ROUND::2026-09-07T20:15,PRIMARY,SENS-COV-03,AMD-DEL,7,0.060216,OBSERVED,0,0,False,False,,0.060216,2,15,0.273706,0.726294,27.3706,80.0000,False,False,PARTIAL_COVERAGE_DIAGNOSTIC_ONLY,phase12-v1
COV::SENS-COV-03::ROUND::2026-09-07T20:15::DEL-MAA,BT12-MOSPI-MONTHLY,ROUND::2026-09-07T20:15,PRIMARY,SENS-COV-03,DEL-MAA,8,0.058216,OBSERVED,0,0,False,False,,0.058216,2,15,0.273706,0.726294,27.3706,80.0000,False,False,PARTIAL_COVERAGE_DIAGNOSTIC_ONLY,phase12-v1
COV::SENS-COV-03::ROUND::2026-09-07T20:15::BOM-HYD,BT12-MOSPI-MONTHLY,ROUND::2026-09-07T20:15,PRIMARY,SENS-COV-03,BOM-HYD,9,0.055855,OBSERVED,0,0,False,False,,0.055855,2,15,0.273706,0.726294,27.3706,80.0000,False,False,PARTIAL_COVERAGE_DIAGNOSTIC_ONLY,phase12-v1
COV::SENS-COV-03::ROUND::2026-09-07T20:15::BLR-CCU,BT12-MOSPI-MONTHLY,ROUND::2026-09-07T20:15,PRIMARY,SENS-COV-03,BLR-CCU,10,0.05523,OBSERVED,0,0,False,False,,0.05523,2,15,0.273706,0.726294,27.3706,80.0000,False,False,PARTIAL_COVERAGE_DIAGNOSTIC_ONLY,phase12-v1
COV::SENS-COV-03::ROUND::2026-09-07T20:15::DEL-SXR,BT12-MOSPI-MONTHLY,ROUND::2026-09-07T20:15,PRIMARY,SENS-COV-03,DEL-SXR,11,0.054956,OBSERVED,0,0,False,False,,0.054956,2,15,0.273706,0.726294,27.3706,80.0000,False,False,PARTIAL_COVERAGE_DIAGNOSTIC_ONLY,phase12-v1
COV::SENS-COV-03::ROUND::2026-09-07T20:15::DEL-GOI,BT12-MOSPI-MONTHLY,ROUND::2026-09-07T20:15,PRIMARY,SENS-COV-03,DEL-GOI,12,0.03707,OBSERVED,0,0,False,False,,0.03707,2,15,0.273706,0.726294,27.3706,80.0000,False,False,PARTIAL_COVERAGE_DIAGNOSTIC_ONLY,phase12-v1
COV::SENS-COV-03::ROUND::2026-09-07T20:15::DEL-GAU,BT12-MOSPI-MONTHLY,ROUND::2026-09-07T20:15,PRIMARY,SENS-COV-03,DEL-GAU,13,0.036519,OBSERVED,0,0,False,False,,0.036519,2,15,0.273706,0.726294,27.3706,80.0000,False,False,PARTIAL_COVERAGE_DIAGNOSTIC_ONLY,phase12-v1
COV::SENS-COV-03::ROUND::2026-09-07T20:15::BLR-COK,BT12-MOSPI-MONTHLY,ROUND::2026-09-07T20:15,PRIMARY,SENS-COV-03,BLR-COK,14,0.03525,OBSERVED,0,0,False,False,,0.03525,2,15,0.273706,0.726294,27.3706,80.0000,False,False,PARTIAL_COVERAGE_DIAGNOSTIC_ONLY,phase12-v1
COV::SENS-COV-03::ROUND::2026-09-07T20:15::DEL-IDR,BT12-MOSPI-MONTHLY,ROUND::2026-09-07T20:15,PRIMARY,SENS-COV-03,DEL-IDR,15,0.02194,OBSERVED,0,0,False,False,,0.02194,2,15,0.273706,0.726294,27.3706,80.0000,False,False,PARTIAL_COVERAGE_DIAGNOSTIC_ONLY,phase12-v1
COV::SENS-COV-03::ROUND::2026-09-08T09:00::BOM-DEL,BT12-MOSPI-MONTHLY,ROUND::2026-09-08T09:00,PRIMARY,SENS-COV-03,BOM-DEL,1,0.162603,OBSERVED,1,0,False,False,,0.162603,2,15,0.273706,0.726294,27.3706,80.0000,False,False,PARTIAL_COVERAGE_DIAGNOSTIC_ONLY,phase12-v1
COV::SENS-COV-03::ROUND::2026-09-08T09:00::BLR-DEL,BT12-MOSPI-MONTHLY,ROUND::2026-09-08T09:00,PRIMARY,SENS-COV-03,BLR-DEL,2,0.111103,OBSERVED,0,0,False,False,,0.111103,2,15,0.273706,0.726294,27.3706,80.0000,False,False,PARTIAL_COVERAGE_DIAGNOSTIC_ONLY,phase12-v1
COV::SENS-COV-03::ROUND::2026-09-08T09:00::BLR-BOM,BT12-MOSPI-MONTHLY,ROUND::2026-09-08T09:00,PRIMARY,SENS-COV-03,BLR-BOM,3,0.097658,OBSERVED,0,0,False,False,,0.097658,2,15,0.273706,0.726294,27.3706,80.0000,False,False,PARTIAL_COVERAGE_DIAGNOSTIC_ONLY,phase12-v1
COV::SENS-COV-03::ROUND::2026-09-08T09:00::DEL-HYD,BT12-MOSPI-MONTHLY,ROUND::2026-09-08T09:00,PRIMARY,SENS-COV-03,DEL-HYD,4,0.078228,OBSERVED,0,0,False,False,,0.078228,2,15,0.273706,0.726294,27.3706,80.0000,False,False,PARTIAL_COVERAGE_DIAGNOSTIC_ONLY,phase12-v1
COV::SENS-COV-03::ROUND::2026-09-08T09:00::DEL-PNQ,BT12-MOSPI-MONTHLY,ROUND::2026-09-08T09:00,PRIMARY,SENS-COV-03,DEL-PNQ,5,0.069402,OBSERVED,0,0,False,False,,0.069402,2,15,0.273706,0.726294,27.3706,80.0000,False,False,PARTIAL_COVERAGE_DIAGNOSTIC_ONLY,phase12-v1
COV::SENS-COV-03::ROUND::2026-09-08T09:00::CCU-DEL,BT12-MOSPI-MONTHLY,ROUND::2026-09-08T09:00,PRIMARY,SENS-COV-03,CCU-DEL,6,0.065754,OBSERVED,0,0,False,False,,0.065754,2,15,0.273706,0.726294,27.3706,80.0000,False,False,PARTIAL_COVERAGE_DIAGNOSTIC_ONLY,phase12-v1
COV::SENS-COV-03::ROUND::2026-09-08T09:00::AMD-DEL,BT12-MOSPI-MONTHLY,ROUND::2026-09-08T09:00,PRIMARY,SENS-COV-03,AMD-DEL,7,0.060216,OBSERVED,0,0,False,False,,0.060216,2,15,0.273706,0.726294,27.3706,80.0000,False,False,PARTIAL_COVERAGE_DIAGNOSTIC_ONLY,phase12-v1
COV::SENS-COV-03::ROUND::2026-09-08T09:00::DEL-MAA,BT12-MOSPI-MONTHLY,ROUND::2026-09-08T09:00,PRIMARY,SENS-COV-03,DEL-MAA,8,0.058216,OBSERVED,0,0,False,False,,0.058216,2,15,0.273706,0.726294,27.3706,80.0000,False,False,PARTIAL_COVERAGE_DIAGNOSTIC_ONLY,phase12-v1
COV::SENS-COV-03::ROUND::2026-09-08T09:00::BOM-HYD,BT12-MOSPI-MONTHLY,ROUND::2026-09-08T09:00,PRIMARY,SENS-COV-03,BOM-HYD,9,0.055855,OBSERVED,0,0,False,False,,0.055855,2,15,0.273706,0.726294,27.3706,80.0000,False,False,PARTIAL_COVERAGE_DIAGNOSTIC_ONLY,phase12-v1
COV::SENS-COV-03::ROUND::2026-09-08T09:00::BLR-CCU,BT12-MOSPI-MONTHLY,ROUND::2026-09-08T09:00,PRIMARY,SENS-COV-03,BLR-CCU,10,0.05523,OBSERVED,0,0,False,False,,0.05523,2,15,0.273706,0.726294,27.3706,80.0000,False,False,PARTIAL_COVERAGE_DIAGNOSTIC_ONLY,phase12-v1
COV::SENS-COV-03::ROUND::2026-09-08T09:00::DEL-SXR,BT12-MOSPI-MONTHLY,ROUND::2026-09-08T09:00,PRIMARY,SENS-COV-03,DEL-SXR,11,0.054956,OBSERVED,0,0,False,False,,0.054956,2,15,0.273706,0.726294,27.3706,80.0000,False,False,PARTIAL_COVERAGE_DIAGNOSTIC_ONLY,phase12-v1
COV::SENS-COV-03::ROUND::2026-09-08T09:00::DEL-GOI,BT12-MOSPI-MONTHLY,ROUND::2026-09-08T09:00,PRIMARY,SENS-COV-03,DEL-GOI,12,0.03707,OBSERVED,1,0,False,False,,0.03707,2,15,0.273706,0.726294,27.3706,80.0000,False,False,PARTIAL_COVERAGE_DIAGNOSTIC_ONLY,phase12-v1
COV::SENS-COV-03::ROUND::2026-09-08T09:00::DEL-GAU,BT12-MOSPI-MONTHLY,ROUND::2026-09-08T09:00,PRIMARY,SENS-COV-03,DEL-GAU,13,0.036519,OBSERVED,0,0,False,False,,0.036519,2,15,0.273706,0.726294,27.3706,80.0000,False,False,PARTIAL_COVERAGE_DIAGNOSTIC_ONLY,phase12-v1
COV::SENS-COV-03::ROUND::2026-09-08T09:00::BLR-COK,BT12-MOSPI-MONTHLY,ROUND::2026-09-08T09:00,PRIMARY,SENS-COV-03,BLR-COK,14,0.03525,OBSERVED,0,0,False,False,,0.03525,2,15,0.273706,0.726294,27.3706,80.0000,False,False,PARTIAL_COVERAGE_DIAGNOSTIC_ONLY,phase12-v1
COV::SENS-COV-03::ROUND::2026-09-08T09:00::DEL-IDR,BT12-MOSPI-MONTHLY,ROUND::2026-09-08T09:00,PRIMARY,SENS-COV-03,DEL-IDR,15,0.02194,OBSERVED,0,0,False,False,,0.02194,2,15,0.273706,0.726294,27.3706,80.0000,False,False,PARTIAL_COVERAGE_DIAGNOSTIC_ONLY,phase12-v1
COV::SENS-COV-03::ROUND::2026-09-08T20:15::BOM-DEL,BT12-MOSPI-MONTHLY,ROUND::2026-09-08T20:15,PRIMARY,SENS-COV-03,BOM-DEL,1,0.162603,OBSERVED,0,0,False,False,,0.162603,2,15,0.273706,0.726294,27.3706,80.0000,False,False,PARTIAL_COVERAGE_DIAGNOSTIC_ONLY,phase12-v1
COV::SENS-COV-03::ROUND::2026-09-08T20:15::BLR-DEL,BT12-MOSPI-MONTHLY,ROUND::2026-09-08T20:15,PRIMARY,SENS-COV-03,BLR-DEL,2,0.111103,OBSERVED,0,0,False,False,,0.111103,2,15,0.273706,0.726294,27.3706,80.0000,False,False,PARTIAL_COVERAGE_DIAGNOSTIC_ONLY,phase12-v1
COV::SENS-COV-03::ROUND::2026-09-08T20:15::BLR-BOM,BT12-MOSPI-MONTHLY,ROUND::2026-09-08T20:15,PRIMARY,SENS-COV-03,BLR-BOM,3,0.097658,OBSERVED,0,0,False,False,,0.097658,2,15,0.273706,0.726294,27.3706,80.0000,False,False,PARTIAL_COVERAGE_DIAGNOSTIC_ONLY,phase12-v1
COV::SENS-COV-03::ROUND::2026-09-08T20:15::DEL-HYD,BT12-MOSPI-MONTHLY,ROUND::2026-09-08T20:15,PRIMARY,SENS-COV-03,DEL-HYD,4,0.078228,OBSERVED,0,0,False,False,,0.078228,2,15,0.273706,0.726294,27.3706,80.0000,False,False,PARTIAL_COVERAGE_DIAGNOSTIC_ONLY,phase12-v1
COV::SENS-COV-03::ROUND::2026-09-08T20:15::DEL-PNQ,BT12-MOSPI-MONTHLY,ROUND::2026-09-08T20:15,PRIMARY,SENS-COV-03,DEL-PNQ,5,0.069402,OBSERVED,0,0,False,False,,0.069402,2,15,0.273706,0.726294,27.3706,80.0000,False,False,PARTIAL_COVERAGE_DIAGNOSTIC_ONLY,phase12-v1
COV::SENS-COV-03::ROUND::2026-09-08T20:15::CCU-DEL,BT12-MOSPI-MONTHLY,ROUND::2026-09-08T20:15,PRIMARY,SENS-COV-03,CCU-DEL,6,0.065754,OBSERVED,0,0,False,False,,0.065754,2,15,0.273706,0.726294,27.3706,80.0000,False,False,PARTIAL_COVERAGE_DIAGNOSTIC_ONLY,phase12-v1
COV::SENS-COV-03::ROUND::2026-09-08T20:15::AMD-DEL,BT12-MOSPI-MONTHLY,ROUND::2026-09-08T20:15,PRIMARY,SENS-COV-03,AMD-DEL,7,0.060216,OBSERVED,0,0,False,False,,0.060216,2,15,0.273706,0.726294,27.3706,80.0000,False,False,PARTIAL_COVERAGE_DIAGNOSTIC_ONLY,phase12-v1
COV::SENS-COV-03::ROUND::2026-09-08T20:15::DEL-MAA,BT12-MOSPI-MONTHLY,ROUND::2026-09-08T20:15,PRIMARY,SENS-COV-03,DEL-MAA,8,0.058216,OBSERVED,0,0,False,False,,0.058216,2,15,0.273706,0.726294,27.3706,80.0000,False,False,PARTIAL_COVERAGE_DIAGNOSTIC_ONLY,phase12-v1
COV::SENS-COV-03::ROUND::2026-09-08T20:15::BOM-HYD,BT12-MOSPI-MONTHLY,ROUND::2026-09-08T20:15,PRIMARY,SENS-COV-03,BOM-HYD,9,0.055855,OBSERVED,0,0,False,False,,0.055855,2,15,0.273706,0.726294,27.3706,80.0000,False,False,PARTIAL_COVERAGE_DIAGNOSTIC_ONLY,phase12-v1
COV::SENS-COV-03::ROUND::2026-09-08T20:15::BLR-CCU,BT12-MOSPI-MONTHLY,ROUND::2026-09-08T20:15,PRIMARY,SENS-COV-03,BLR-CCU,10,0.05523,OBSERVED,0,0,False,False,,0.05523,2,15,0.273706,0.726294,27.3706,80.0000,False,False,PARTIAL_COVERAGE_DIAGNOSTIC_ONLY,phase12-v1
COV::SENS-COV-03::ROUND::2026-09-08T20:15::DEL-SXR,BT12-MOSPI-MONTHLY,ROUND::2026-09-08T20:15,PRIMARY,SENS-COV-03,DEL-SXR,11,0.054956,OBSERVED,0,0,False,False,,0.054956,2,15,0.273706,0.726294,27.3706,80.0000,False,False,PARTIAL_COVERAGE_DIAGNOSTIC_ONLY,phase12-v1
COV::SENS-COV-03::ROUND::2026-09-08T20:15::DEL-GOI,BT12-MOSPI-MONTHLY,ROUND::2026-09-08T20:15,PRIMARY,SENS-COV-03,DEL-GOI,12,0.03707,OBSERVED,0,0,False,False,,0.03707,2,15,0.273706,0.726294,27.3706,80.0000,False,False,PARTIAL_COVERAGE_DIAGNOSTIC_ONLY,phase12-v1
COV::SENS-COV-03::ROUND::2026-09-08T20:15::DEL-GAU,BT12-MOSPI-MONTHLY,ROUND::2026-09-08T20:15,PRIMARY,SENS-COV-03,DEL-GAU,13,0.036519,OBSERVED,1,0,False,False,,0.036519,2,15,0.273706,0.726294,27.3706,80.0000,False,False,PARTIAL_COVERAGE_DIAGNOSTIC_ONLY,phase12-v1
COV::SENS-COV-03::ROUND::2026-09-08T20:15::BLR-COK,BT12-MOSPI-MONTHLY,ROUND::2026-09-08T20:15,PRIMARY,SENS-COV-03,BLR-COK,14,0.03525,OBSERVED,0,0,False,False,,0.03525,2,15,0.273706,0.726294,27.3706,80.0000,False,False,PARTIAL_COVERAGE_DIAGNOSTIC_ONLY,phase12-v1
COV::SENS-COV-03::ROUND::2026-09-08T20:15::DEL-IDR,BT12-MOSPI-MONTHLY,ROUND::2026-09-08T20:15,PRIMARY,SENS-COV-03,DEL-IDR,15,0.02194,OBSERVED,0,0,False,False,,0.02194,2,15,0.273706,0.726294,27.3706,80.0000,False,False,PARTIAL_COVERAGE_DIAGNOSTIC_ONLY,phase12-v1
COV::SENS-COV-03::ROUND::2026-09-09T09:00::BOM-DEL,BT12-MOSPI-MONTHLY,ROUND::2026-09-09T09:00,PRIMARY,SENS-COV-03,BOM-DEL,1,0.162603,OBSERVED,0,0,False,False,,0.162603,2,15,0.273706,0.726294,27.3706,80.0000,False,False,PARTIAL_COVERAGE_DIAGNOSTIC_ONLY,phase12-v1
COV::SENS-COV-03::ROUND::2026-09-09T09:00::BLR-DEL,BT12-MOSPI-MONTHLY,ROUND::2026-09-09T09:00,PRIMARY,SENS-COV-03,BLR-DEL,2,0.111103,OBSERVED,0,0,False,False,,0.111103,2,15,0.273706,0.726294,27.3706,80.0000,False,False,PARTIAL_COVERAGE_DIAGNOSTIC_ONLY,phase12-v1
COV::SENS-COV-03::ROUND::2026-09-09T09:00::BLR-BOM,BT12-MOSPI-MONTHLY,ROUND::2026-09-09T09:00,PRIMARY,SENS-COV-03,BLR-BOM,3,0.097658,OBSERVED,0,0,False,False,,0.097658,2,15,0.273706,0.726294,27.3706,80.0000,False,False,PARTIAL_COVERAGE_DIAGNOSTIC_ONLY,phase12-v1
COV::SENS-COV-03::ROUND::2026-09-09T09:00::DEL-HYD,BT12-MOSPI-MONTHLY,ROUND::2026-09-09T09:00,PRIMARY,SENS-COV-03,DEL-HYD,4,0.078228,OBSERVED,0,0,False,False,,0.078228,2,15,0.273706,0.726294,27.3706,80.0000,False,False,PARTIAL_COVERAGE_DIAGNOSTIC_ONLY,phase12-v1
COV::SENS-COV-03::ROUND::2026-09-09T09:00::DEL-PNQ,BT12-MOSPI-MONTHLY,ROUND::2026-09-09T09:00,PRIMARY,SENS-COV-03,DEL-PNQ,5,0.069402,OBSERVED,0,0,False,False,,0.069402,2,15,0.273706,0.726294,27.3706,80.0000,False,False,PARTIAL_COVERAGE_DIAGNOSTIC_ONLY,phase12-v1
COV::SENS-COV-03::ROUND::2026-09-09T09:00::CCU-DEL,BT12-MOSPI-MONTHLY,ROUND::2026-09-09T09:00,PRIMARY,SENS-COV-03,CCU-DEL,6,0.065754,OBSERVED,0,0,False,False,,0.065754,2,15,0.273706,0.726294,27.3706,80.0000,False,False,PARTIAL_COVERAGE_DIAGNOSTIC_ONLY,phase12-v1
COV::SENS-COV-03::ROUND::2026-09-09T09:00::AMD-DEL,BT12-MOSPI-MONTHLY,ROUND::2026-09-09T09:00,PRIMARY,SENS-COV-03,AMD-DEL,7,0.060216,OBSERVED,0,0,False,False,,0.060216,2,15,0.273706,0.726294,27.3706,80.0000,False,False,PARTIAL_COVERAGE_DIAGNOSTIC_ONLY,phase12-v1
COV::SENS-COV-03::ROUND::2026-09-09T09:00::DEL-MAA,BT12-MOSPI-MONTHLY,ROUND::2026-09-09T09:00,PRIMARY,SENS-COV-03,DEL-MAA,8,0.058216,OBSERVED,1,0,False,False,,0.058216,2,15,0.273706,0.726294,27.3706,80.0000,False,False,PARTIAL_COVERAGE_DIAGNOSTIC_ONLY,phase12-v1
COV::SENS-COV-03::ROUND::2026-09-09T09:00::BOM-HYD,BT12-MOSPI-MONTHLY,ROUND::2026-09-09T09:00,PRIMARY,SENS-COV-03,BOM-HYD,9,0.055855,OBSERVED,0,0,False,False,,0.055855,2,15,0.273706,0.726294,27.3706,80.0000,False,False,PARTIAL_COVERAGE_DIAGNOSTIC_ONLY,phase12-v1
COV::SENS-COV-03::ROUND::2026-09-09T09:00::BLR-CCU,BT12-MOSPI-MONTHLY,ROUND::2026-09-09T09:00,PRIMARY,SENS-COV-03,BLR-CCU,10,0.05523,OBSERVED,0,0,False,False,,0.05523,2,15,0.273706,0.726294,27.3706,80.0000,False,False,PARTIAL_COVERAGE_DIAGNOSTIC_ONLY,phase12-v1
COV::SENS-COV-03::ROUND::2026-09-09T09:00::DEL-SXR,BT12-MOSPI-MONTHLY,ROUND::2026-09-09T09:00,PRIMARY,SENS-COV-03,DEL-SXR,11,0.054956,OBSERVED,0,0,False,False,,0.054956,2,15,0.273706,0.726294,27.3706,80.0000,False,False,PARTIAL_COVERAGE_DIAGNOSTIC_ONLY,phase12-v1
COV::SENS-COV-03::ROUND::2026-09-09T09:00::DEL-GOI,BT12-MOSPI-MONTHLY,ROUND::2026-09-09T09:00,PRIMARY,SENS-COV-03,DEL-GOI,12,0.03707,OBSERVED,0,0,False,False,,0.03707,2,15,0.273706,0.726294,27.3706,80.0000,False,False,PARTIAL_COVERAGE_DIAGNOSTIC_ONLY,phase12-v1
COV::SENS-COV-03::ROUND::2026-09-09T09:00::DEL-GAU,BT12-MOSPI-MONTHLY,ROUND::2026-09-09T09:00,PRIMARY,SENS-COV-03,DEL-GAU,13,0.036519,OBSERVED,0,0,False,False,,0.036519,2,15,0.273706,0.726294,27.3706,80.0000,False,False,PARTIAL_COVERAGE_DIAGNOSTIC_ONLY,phase12-v1
COV::SENS-COV-03::ROUND::2026-09-09T09:00::BLR-COK,BT12-MOSPI-MONTHLY,ROUND::2026-09-09T09:00,PRIMARY,SENS-COV-03,BLR-COK,14,0.03525,OBSERVED,0,0,False,False,,0.03525,2,15,0.273706,0.726294,27.3706,80.0000,False,False,PARTIAL_COVERAGE_DIAGNOSTIC_ONLY,phase12-v1
COV::SENS-COV-03::ROUND::2026-09-09T09:00::DEL-IDR,BT12-MOSPI-MONTHLY,ROUND::2026-09-09T09:00,PRIMARY,SENS-COV-03,DEL-IDR,15,0.02194,OBSERVED,0,0,False,False,,0.02194,2,15,0.273706,0.726294,27.3706,80.0000,False,False,PARTIAL_COVERAGE_DIAGNOSTIC_ONLY,phase12-v1
COV::SENS-COV-03::ROUND::2026-09-09T14:30::BOM-DEL,BT12-MOSPI-MONTHLY,ROUND::2026-09-09T14:30,PRIMARY,SENS-COV-03,BOM-DEL,1,0.162603,OBSERVED,1,0,False,False,,0.162603,2,15,0.273706,0.726294,27.3706,80.0000,False,False,PARTIAL_COVERAGE_DIAGNOSTIC_ONLY,phase12-v1
COV::SENS-COV-03::ROUND::2026-09-09T14:30::BLR-DEL,BT12-MOSPI-MONTHLY,ROUND::2026-09-09T14:30,PRIMARY,SENS-COV-03,BLR-DEL,2,0.111103,OBSERVED,0,0,False,False,,0.111103,2,15,0.273706,0.726294,27.3706,80.0000,False,False,PARTIAL_COVERAGE_DIAGNOSTIC_ONLY,phase12-v1
COV::SENS-COV-03::ROUND::2026-09-09T14:30::BLR-BOM,BT12-MOSPI-MONTHLY,ROUND::2026-09-09T14:30,PRIMARY,SENS-COV-03,BLR-BOM,3,0.097658,OBSERVED,0,0,False,False,,0.097658,2,15,0.273706,0.726294,27.3706,80.0000,False,False,PARTIAL_COVERAGE_DIAGNOSTIC_ONLY,phase12-v1
COV::SENS-COV-03::ROUND::2026-09-09T14:30::DEL-HYD,BT12-MOSPI-MONTHLY,ROUND::2026-09-09T14:30,PRIMARY,SENS-COV-03,DEL-HYD,4,0.078228,OBSERVED,0,0,False,False,,0.078228,2,15,0.273706,0.726294,27.3706,80.0000,False,False,PARTIAL_COVERAGE_DIAGNOSTIC_ONLY,phase12-v1
COV::SENS-COV-03::ROUND::2026-09-09T14:30::DEL-PNQ,BT12-MOSPI-MONTHLY,ROUND::2026-09-09T14:30,PRIMARY,SENS-COV-03,DEL-PNQ,5,0.069402,OBSERVED,0,0,False,False,,0.069402,2,15,0.273706,0.726294,27.3706,80.0000,False,False,PARTIAL_COVERAGE_DIAGNOSTIC_ONLY,phase12-v1
COV::SENS-COV-03::ROUND::2026-09-09T14:30::CCU-DEL,BT12-MOSPI-MONTHLY,ROUND::2026-09-09T14:30,PRIMARY,SENS-COV-03,CCU-DEL,6,0.065754,OBSERVED,0,0,False,False,,0.065754,2,15,0.273706,0.726294,27.3706,80.0000,False,False,PARTIAL_COVERAGE_DIAGNOSTIC_ONLY,phase12-v1
COV::SENS-COV-03::ROUND::2026-09-09T14:30::AMD-DEL,BT12-MOSPI-MONTHLY,ROUND::2026-09-09T14:30,PRIMARY,SENS-COV-03,AMD-DEL,7,0.060216,OBSERVED,0,0,False,False,,0.060216,2,15,0.273706,0.726294,27.3706,80.0000,False,False,PARTIAL_COVERAGE_DIAGNOSTIC_ONLY,phase12-v1
COV::SENS-COV-03::ROUND::2026-09-09T14:30::DEL-MAA,BT12-MOSPI-MONTHLY,ROUND::2026-09-09T14:30,PRIMARY,SENS-COV-03,DEL-MAA,8,0.058216,OBSERVED,0,0,False,False,,0.058216,2,15,0.273706,0.726294,27.3706,80.0000,False,False,PARTIAL_COVERAGE_DIAGNOSTIC_ONLY,phase12-v1
COV::SENS-COV-03::ROUND::2026-09-09T14:30::BOM-HYD,BT12-MOSPI-MONTHLY,ROUND::2026-09-09T14:30,PRIMARY,SENS-COV-03,BOM-HYD,9,0.055855,OBSERVED,0,0,False,False,,0.055855,2,15,0.273706,0.726294,27.3706,80.0000,False,False,PARTIAL_COVERAGE_DIAGNOSTIC_ONLY,phase12-v1
COV::SENS-COV-03::ROUND::2026-09-09T14:30::BLR-CCU,BT12-MOSPI-MONTHLY,ROUND::2026-09-09T14:30,PRIMARY,SENS-COV-03,BLR-CCU,10,0.05523,OBSERVED,0,0,False,False,,0.05523,2,15,0.273706,0.726294,27.3706,80.0000,False,False,PARTIAL_COVERAGE_DIAGNOSTIC_ONLY,phase12-v1
COV::SENS-COV-03::ROUND::2026-09-09T14:30::DEL-SXR,BT12-MOSPI-MONTHLY,ROUND::2026-09-09T14:30,PRIMARY,SENS-COV-03,DEL-SXR,11,0.054956,OBSERVED,0,0,False,False,,0.054956,2,15,0.273706,0.726294,27.3706,80.0000,False,False,PARTIAL_COVERAGE_DIAGNOSTIC_ONLY,phase12-v1
COV::SENS-COV-03::ROUND::2026-09-09T14:30::DEL-GOI,BT12-MOSPI-MONTHLY,ROUND::2026-09-09T14:30,PRIMARY,SENS-COV-03,DEL-GOI,12,0.03707,OBSERVED,0,0,False,False,,0.03707,2,15,0.273706,0.726294,27.3706,80.0000,False,False,PARTIAL_COVERAGE_DIAGNOSTIC_ONLY,phase12-v1
COV::SENS-COV-03::ROUND::2026-09-09T14:30::DEL-GAU,BT12-MOSPI-MONTHLY,ROUND::2026-09-09T14:30,PRIMARY,SENS-COV-03,DEL-GAU,13,0.036519,OBSERVED,0,0,False,False,,0.036519,2,15,0.273706,0.726294,27.3706,80.0000,False,False,PARTIAL_COVERAGE_DIAGNOSTIC_ONLY,phase12-v1
COV::SENS-COV-03::ROUND::2026-09-09T14:30::BLR-COK,BT12-MOSPI-MONTHLY,ROUND::2026-09-09T14:30,PRIMARY,SENS-COV-03,BLR-COK,14,0.03525,OBSERVED,0,0,False,False,,0.03525,2,15,0.273706,0.726294,27.3706,80.0000,False,False,PARTIAL_COVERAGE_DIAGNOSTIC_ONLY,phase12-v1
COV::SENS-COV-03::ROUND::2026-09-09T14:30::DEL-IDR,BT12-MOSPI-MONTHLY,ROUND::2026-09-09T14:30,PRIMARY,SENS-COV-03,DEL-IDR,15,0.02194,OBSERVED,0,0,False,False,,0.02194,2,15,0.273706,0.726294,27.3706,80.0000,False,False,PARTIAL_COVERAGE_DIAGNOSTIC_ONLY,phase12-v1
COV::SENS-COV-03::ROUND::2026-09-09T20:15::BOM-DEL,BT12-MOSPI-MONTHLY,ROUND::2026-09-09T20:15,PRIMARY,SENS-COV-03,BOM-DEL,1,0.162603,OBSERVED,0,0,False,False,,0.162603,2,15,0.273706,0.726294,27.3706,80.0000,False,False,PARTIAL_COVERAGE_DIAGNOSTIC_ONLY,phase12-v1
COV::SENS-COV-03::ROUND::2026-09-09T20:15::BLR-DEL,BT12-MOSPI-MONTHLY,ROUND::2026-09-09T20:15,PRIMARY,SENS-COV-03,BLR-DEL,2,0.111103,OBSERVED,0,0,False,False,,0.111103,2,15,0.273706,0.726294,27.3706,80.0000,False,False,PARTIAL_COVERAGE_DIAGNOSTIC_ONLY,phase12-v1
COV::SENS-COV-03::ROUND::2026-09-09T20:15::BLR-BOM,BT12-MOSPI-MONTHLY,ROUND::2026-09-09T20:15,PRIMARY,SENS-COV-03,BLR-BOM,3,0.097658,OBSERVED,0,0,False,False,,0.097658,2,15,0.273706,0.726294,27.3706,80.0000,False,False,PARTIAL_COVERAGE_DIAGNOSTIC_ONLY,phase12-v1
COV::SENS-COV-03::ROUND::2026-09-09T20:15::DEL-HYD,BT12-MOSPI-MONTHLY,ROUND::2026-09-09T20:15,PRIMARY,SENS-COV-03,DEL-HYD,4,0.078228,OBSERVED,0,0,False,False,,0.078228,2,15,0.273706,0.726294,27.3706,80.0000,False,False,PARTIAL_COVERAGE_DIAGNOSTIC_ONLY,phase12-v1
COV::SENS-COV-03::ROUND::2026-09-09T20:15::DEL-PNQ,BT12-MOSPI-MONTHLY,ROUND::2026-09-09T20:15,PRIMARY,SENS-COV-03,DEL-PNQ,5,0.069402,OBSERVED,0,0,False,False,,0.069402,2,15,0.273706,0.726294,27.3706,80.0000,False,False,PARTIAL_COVERAGE_DIAGNOSTIC_ONLY,phase12-v1
COV::SENS-COV-03::ROUND::2026-09-09T20:15::CCU-DEL,BT12-MOSPI-MONTHLY,ROUND::2026-09-09T20:15,PRIMARY,SENS-COV-03,CCU-DEL,6,0.065754,OBSERVED,0,0,False,False,,0.065754,2,15,0.273706,0.726294,27.3706,80.0000,False,False,PARTIAL_COVERAGE_DIAGNOSTIC_ONLY,phase12-v1
COV::SENS-COV-03::ROUND::2026-09-09T20:15::AMD-DEL,BT12-MOSPI-MONTHLY,ROUND::2026-09-09T20:15,PRIMARY,SENS-COV-03,AMD-DEL,7,0.060216,OBSERVED,0,0,False,False,,0.060216,2,15,0.273706,0.726294,27.3706,80.0000,False,False,PARTIAL_COVERAGE_DIAGNOSTIC_ONLY,phase12-v1
COV::SENS-COV-03::ROUND::2026-09-09T20:15::DEL-MAA,BT12-MOSPI-MONTHLY,ROUND::2026-09-09T20:15,PRIMARY,SENS-COV-03,DEL-MAA,8,0.058216,OBSERVED,0,0,False,False,,0.058216,2,15,0.273706,0.726294,27.3706,80.0000,False,False,PARTIAL_COVERAGE_DIAGNOSTIC_ONLY,phase12-v1
COV::SENS-COV-03::ROUND::2026-09-09T20:15::BOM-HYD,BT12-MOSPI-MONTHLY,ROUND::2026-09-09T20:15,PRIMARY,SENS-COV-03,BOM-HYD,9,0.055855,OBSERVED,0,0,False,False,,0.055855,2,15,0.273706,0.726294,27.3706,80.0000,False,False,PARTIAL_COVERAGE_DIAGNOSTIC_ONLY,phase12-v1
COV::SENS-COV-03::ROUND::2026-09-09T20:15::BLR-CCU,BT12-MOSPI-MONTHLY,ROUND::2026-09-09T20:15,PRIMARY,SENS-COV-03,BLR-CCU,10,0.05523,OBSERVED,0,0,False,False,,0.05523,2,15,0.273706,0.726294,27.3706,80.0000,False,False,PARTIAL_COVERAGE_DIAGNOSTIC_ONLY,phase12-v1
COV::SENS-COV-03::ROUND::2026-09-09T20:15::DEL-SXR,BT12-MOSPI-MONTHLY,ROUND::2026-09-09T20:15,PRIMARY,SENS-COV-03,DEL-SXR,11,0.054956,OBSERVED,0,0,False,False,,0.054956,2,15,0.273706,0.726294,27.3706,80.0000,False,False,PARTIAL_COVERAGE_DIAGNOSTIC_ONLY,phase12-v1
COV::SENS-COV-03::ROUND::2026-09-09T20:15::DEL-GOI,BT12-MOSPI-MONTHLY,ROUND::2026-09-09T20:15,PRIMARY,SENS-COV-03,DEL-GOI,12,0.03707,OBSERVED,1,0,False,False,,0.03707,2,15,0.273706,0.726294,27.3706,80.0000,False,False,PARTIAL_COVERAGE_DIAGNOSTIC_ONLY,phase12-v1
COV::SENS-COV-03::ROUND::2026-09-09T20:15::DEL-GAU,BT12-MOSPI-MONTHLY,ROUND::2026-09-09T20:15,PRIMARY,SENS-COV-03,DEL-GAU,13,0.036519,OBSERVED,0,0,False,False,,0.036519,2,15,0.273706,0.726294,27.3706,80.0000,False,False,PARTIAL_COVERAGE_DIAGNOSTIC_ONLY,phase12-v1
COV::SENS-COV-03::ROUND::2026-09-09T20:15::BLR-COK,BT12-MOSPI-MONTHLY,ROUND::2026-09-09T20:15,PRIMARY,SENS-COV-03,BLR-COK,14,0.03525,OBSERVED,0,0,False,False,,0.03525,2,15,0.273706,0.726294,27.3706,80.0000,False,False,PARTIAL_COVERAGE_DIAGNOSTIC_ONLY,phase12-v1
COV::SENS-COV-03::ROUND::2026-09-09T20:15::DEL-IDR,BT12-MOSPI-MONTHLY,ROUND::2026-09-09T20:15,PRIMARY,SENS-COV-03,DEL-IDR,15,0.02194,OBSERVED,0,0,False,False,,0.02194,2,15,0.273706,0.726294,27.3706,80.0000,False,False,PARTIAL_COVERAGE_DIAGNOSTIC_ONLY,phase12-v1
COV::SENS-COV-04::ROUND::2026-09-05T09:00::BOM-DEL,BT12-MOSPI-MONTHLY,ROUND::2026-09-05T09:00,PRIMARY,SENS-COV-04,BOM-DEL,1,0.162603,OBSERVED,13,0,True,False,0.162603,,2,15,0.273706,0.726294,27.3706,80.0000,False,False,LOW_COVERAGE_BELOW_80_PERCENT,phase12-v1
COV::SENS-COV-04::ROUND::2026-09-05T09:00::BLR-DEL,BT12-MOSPI-MONTHLY,ROUND::2026-09-05T09:00,PRIMARY,SENS-COV-04,BLR-DEL,2,0.111103,OBSERVED,14,0,True,False,0.111103,,2,15,0.273706,0.726294,27.3706,80.0000,False,False,LOW_COVERAGE_BELOW_80_PERCENT,phase12-v1
COV::SENS-COV-04::ROUND::2026-09-05T09:00::BLR-BOM,BT12-MOSPI-MONTHLY,ROUND::2026-09-05T09:00,PRIMARY,SENS-COV-04,BLR-BOM,3,0.097658,OBSERVED,11,0,True,False,0.097658,,2,15,0.273706,0.726294,27.3706,80.0000,False,False,LOW_COVERAGE_BELOW_80_PERCENT,phase12-v1
COV::SENS-COV-04::ROUND::2026-09-05T09:00::DEL-HYD,BT12-MOSPI-MONTHLY,ROUND::2026-09-05T09:00,PRIMARY,SENS-COV-04,DEL-HYD,4,0.078228,OBSERVED,12,0,True,False,0.078228,,2,15,0.273706,0.726294,27.3706,80.0000,False,False,LOW_COVERAGE_BELOW_80_PERCENT,phase12-v1
COV::SENS-COV-04::ROUND::2026-09-05T09:00::DEL-PNQ,BT12-MOSPI-MONTHLY,ROUND::2026-09-05T09:00,PRIMARY,SENS-COV-04,DEL-PNQ,5,0.069402,OBSERVED,15,0,True,False,0.069402,,2,15,0.273706,0.726294,27.3706,80.0000,False,False,LOW_COVERAGE_BELOW_80_PERCENT,phase12-v1
COV::SENS-COV-04::ROUND::2026-09-05T09:00::CCU-DEL,BT12-MOSPI-MONTHLY,ROUND::2026-09-05T09:00,PRIMARY,SENS-COV-04,CCU-DEL,6,0.065754,OBSERVED,14,0,True,False,0.065754,,2,15,0.273706,0.726294,27.3706,80.0000,False,False,LOW_COVERAGE_BELOW_80_PERCENT,phase12-v1
COV::SENS-COV-04::ROUND::2026-09-05T09:00::AMD-DEL,BT12-MOSPI-MONTHLY,ROUND::2026-09-05T09:00,PRIMARY,SENS-COV-04,AMD-DEL,7,0.060216,OBSERVED,15,0,True,False,0.060216,,2,15,0.273706,0.726294,27.3706,80.0000,False,False,LOW_COVERAGE_BELOW_80_PERCENT,phase12-v1
COV::SENS-COV-04::ROUND::2026-09-05T09:00::DEL-MAA,BT12-MOSPI-MONTHLY,ROUND::2026-09-05T09:00,PRIMARY,SENS-COV-04,DEL-MAA,8,0.058216,OBSERVED,14,0,True,False,0.058216,,2,15,0.273706,0.726294,27.3706,80.0000,False,False,LOW_COVERAGE_BELOW_80_PERCENT,phase12-v1
COV::SENS-COV-04::ROUND::2026-09-05T09:00::BOM-HYD,BT12-MOSPI-MONTHLY,ROUND::2026-09-05T09:00,PRIMARY,SENS-COV-04,BOM-HYD,9,0.055855,OBSERVED,15,0,True,False,0.055855,,2,15,0.273706,0.726294,27.3706,80.0000,False,False,LOW_COVERAGE_BELOW_80_PERCENT,phase12-v1
COV::SENS-COV-04::ROUND::2026-09-05T09:00::BLR-CCU,BT12-MOSPI-MONTHLY,ROUND::2026-09-05T09:00,PRIMARY,SENS-COV-04,BLR-CCU,10,0.05523,OBSERVED,13,0,True,False,0.05523,,2,15,0.273706,0.726294,27.3706,80.0000,False,False,LOW_COVERAGE_BELOW_80_PERCENT,phase12-v1
COV::SENS-COV-04::ROUND::2026-09-05T09:00::DEL-SXR,BT12-MOSPI-MONTHLY,ROUND::2026-09-05T09:00,PRIMARY,SENS-COV-04,DEL-SXR,11,0.054956,OBSERVED,10,0,True,False,0.054956,,2,15,0.273706,0.726294,27.3706,80.0000,False,False,LOW_COVERAGE_BELOW_80_PERCENT,phase12-v1
COV::SENS-COV-04::ROUND::2026-09-05T09:00::DEL-GOI,BT12-MOSPI-MONTHLY,ROUND::2026-09-05T09:00,PRIMARY,SENS-COV-04,DEL-GOI,12,0.03707,OBSERVED,14,0,True,False,0.03707,,2,15,0.273706,0.726294,27.3706,80.0000,False,False,LOW_COVERAGE_BELOW_80_PERCENT,phase12-v1
COV::SENS-COV-04::ROUND::2026-09-05T09:00::DEL-GAU,BT12-MOSPI-MONTHLY,ROUND::2026-09-05T09:00,PRIMARY,SENS-COV-04,DEL-GAU,13,0.036519,OBSERVED,12,0,True,False,0.036519,,2,15,0.273706,0.726294,27.3706,80.0000,False,False,LOW_COVERAGE_BELOW_80_PERCENT,phase12-v1
COV::SENS-COV-04::ROUND::2026-09-05T09:00::BLR-COK,BT12-MOSPI-MONTHLY,ROUND::2026-09-05T09:00,PRIMARY,SENS-COV-04,BLR-COK,14,0.03525,OBSERVED,13,0,True,False,0.03525,,2,15,0.273706,0.726294,27.3706,80.0000,False,False,LOW_COVERAGE_BELOW_80_PERCENT,phase12-v1
COV::SENS-COV-04::ROUND::2026-09-05T09:00::DEL-IDR,BT12-MOSPI-MONTHLY,ROUND::2026-09-05T09:00,PRIMARY,SENS-COV-04,DEL-IDR,15,0.02194,OBSERVED,13,0,True,False,0.02194,,2,15,0.273706,0.726294,27.3706,80.0000,False,False,LOW_COVERAGE_BELOW_80_PERCENT,phase12-v1
COV::SENS-COV-04::ROUND::2026-09-05T14:30::BOM-DEL,BT12-MOSPI-MONTHLY,ROUND::2026-09-05T14:30,PRIMARY,SENS-COV-04,BOM-DEL,1,0.162603,OBSERVED,11,9,True,True,0.162603,,2,15,0.273706,0.726294,27.3706,80.0000,False,False,LOW_COVERAGE_BELOW_80_PERCENT,phase12-v1
COV::SENS-COV-04::ROUND::2026-09-05T14:30::BLR-DEL,BT12-MOSPI-MONTHLY,ROUND::2026-09-05T14:30,PRIMARY,SENS-COV-04,BLR-DEL,2,0.111103,OBSERVED,14,13,True,True,0.111103,,2,15,0.273706,0.726294,27.3706,80.0000,False,False,LOW_COVERAGE_BELOW_80_PERCENT,phase12-v1
COV::SENS-COV-04::ROUND::2026-09-05T14:30::BLR-BOM,BT12-MOSPI-MONTHLY,ROUND::2026-09-05T14:30,PRIMARY,SENS-COV-04,BLR-BOM,3,0.097658,OBSERVED,12,8,True,True,0.097658,,2,15,0.273706,0.726294,27.3706,80.0000,False,False,LOW_COVERAGE_BELOW_80_PERCENT,phase12-v1
COV::SENS-COV-04::ROUND::2026-09-05T14:30::DEL-HYD,BT12-MOSPI-MONTHLY,ROUND::2026-09-05T14:30,PRIMARY,SENS-COV-04,DEL-HYD,4,0.078228,OBSERVED,11,8,True,True,0.078228,,2,15,0.273706,0.726294,27.3706,80.0000,False,False,LOW_COVERAGE_BELOW_80_PERCENT,phase12-v1
COV::SENS-COV-04::ROUND::2026-09-05T14:30::DEL-PNQ,BT12-MOSPI-MONTHLY,ROUND::2026-09-05T14:30,PRIMARY,SENS-COV-04,DEL-PNQ,5,0.069402,OBSERVED,14,14,True,True,0.069402,,2,15,0.273706,0.726294,27.3706,80.0000,False,False,LOW_COVERAGE_BELOW_80_PERCENT,phase12-v1
COV::SENS-COV-04::ROUND::2026-09-05T14:30::CCU-DEL,BT12-MOSPI-MONTHLY,ROUND::2026-09-05T14:30,PRIMARY,SENS-COV-04,CCU-DEL,6,0.065754,OBSERVED,11,10,True,True,0.065754,,2,15,0.273706,0.726294,27.3706,80.0000,False,False,LOW_COVERAGE_BELOW_80_PERCENT,phase12-v1
COV::SENS-COV-04::ROUND::2026-09-05T14:30::AMD-DEL,BT12-MOSPI-MONTHLY,ROUND::2026-09-05T14:30,PRIMARY,SENS-COV-04,AMD-DEL,7,0.060216,OBSERVED,13,13,True,True,0.060216,,2,15,0.273706,0.726294,27.3706,80.0000,False,False,LOW_COVERAGE_BELOW_80_PERCENT,phase12-v1
COV::SENS-COV-04::ROUND::2026-09-05T14:30::DEL-MAA,BT12-MOSPI-MONTHLY,ROUND::2026-09-05T14:30,PRIMARY,SENS-COV-04,DEL-MAA,8,0.058216,OBSERVED,13,12,True,True,0.058216,,2,15,0.273706,0.726294,27.3706,80.0000,False,False,LOW_COVERAGE_BELOW_80_PERCENT,phase12-v1
COV::SENS-COV-04::ROUND::2026-09-05T14:30::BOM-HYD,BT12-MOSPI-MONTHLY,ROUND::2026-09-05T14:30,PRIMARY,SENS-COV-04,BOM-HYD,9,0.055855,OBSERVED,12,12,True,True,0.055855,,2,15,0.273706,0.726294,27.3706,80.0000,False,False,LOW_COVERAGE_BELOW_80_PERCENT,phase12-v1
COV::SENS-COV-04::ROUND::2026-09-05T14:30::BLR-CCU,BT12-MOSPI-MONTHLY,ROUND::2026-09-05T14:30,PRIMARY,SENS-COV-04,BLR-CCU,10,0.05523,OBSERVED,14,12,True,True,0.05523,,2,15,0.273706,0.726294,27.3706,80.0000,False,False,LOW_COVERAGE_BELOW_80_PERCENT,phase12-v1
COV::SENS-COV-04::ROUND::2026-09-05T14:30::DEL-SXR,BT12-MOSPI-MONTHLY,ROUND::2026-09-05T14:30,PRIMARY,SENS-COV-04,DEL-SXR,11,0.054956,OBSERVED,14,10,True,True,0.054956,,2,15,0.273706,0.726294,27.3706,80.0000,False,False,LOW_COVERAGE_BELOW_80_PERCENT,phase12-v1
COV::SENS-COV-04::ROUND::2026-09-05T14:30::DEL-GOI,BT12-MOSPI-MONTHLY,ROUND::2026-09-05T14:30,PRIMARY,SENS-COV-04,DEL-GOI,12,0.03707,OBSERVED,13,12,True,True,0.03707,,2,15,0.273706,0.726294,27.3706,80.0000,False,False,LOW_COVERAGE_BELOW_80_PERCENT,phase12-v1
COV::SENS-COV-04::ROUND::2026-09-05T14:30::DEL-GAU,BT12-MOSPI-MONTHLY,ROUND::2026-09-05T14:30,PRIMARY,SENS-COV-04,DEL-GAU,13,0.036519,OBSERVED,14,11,True,True,0.036519,,2,15,0.273706,0.726294,27.3706,80.0000,False,False,LOW_COVERAGE_BELOW_80_PERCENT,phase12-v1
COV::SENS-COV-04::ROUND::2026-09-05T14:30::BLR-COK,BT12-MOSPI-MONTHLY,ROUND::2026-09-05T14:30,PRIMARY,SENS-COV-04,BLR-COK,14,0.03525,OBSERVED,14,12,True,True,0.03525,,2,15,0.273706,0.726294,27.3706,80.0000,False,False,LOW_COVERAGE_BELOW_80_PERCENT,phase12-v1
COV::SENS-COV-04::ROUND::2026-09-05T14:30::DEL-IDR,BT12-MOSPI-MONTHLY,ROUND::2026-09-05T14:30,PRIMARY,SENS-COV-04,DEL-IDR,15,0.02194,OBSERVED,13,11,True,True,0.02194,,2,15,0.273706,0.726294,27.3706,80.0000,False,False,LOW_COVERAGE_BELOW_80_PERCENT,phase12-v1
COV::SENS-COV-04::ROUND::2026-09-05T20:15::BOM-DEL,BT12-MOSPI-MONTHLY,ROUND::2026-09-05T20:15,PRIMARY,SENS-COV-04,BOM-DEL,1,0.162603,OBSERVED,13,9,True,True,0.162603,,2,15,0.273706,0.726294,27.3706,80.0000,False,False,LOW_COVERAGE_BELOW_80_PERCENT,phase12-v1
COV::SENS-COV-04::ROUND::2026-09-05T20:15::BLR-DEL,BT12-MOSPI-MONTHLY,ROUND::2026-09-05T20:15,PRIMARY,SENS-COV-04,BLR-DEL,2,0.111103,OBSERVED,15,14,True,True,0.111103,,2,15,0.273706,0.726294,27.3706,80.0000,False,False,LOW_COVERAGE_BELOW_80_PERCENT,phase12-v1
COV::SENS-COV-04::ROUND::2026-09-05T20:15::BLR-BOM,BT12-MOSPI-MONTHLY,ROUND::2026-09-05T20:15,PRIMARY,SENS-COV-04,BLR-BOM,3,0.097658,OBSERVED,14,11,True,True,0.097658,,2,15,0.273706,0.726294,27.3706,80.0000,False,False,LOW_COVERAGE_BELOW_80_PERCENT,phase12-v1
COV::SENS-COV-04::ROUND::2026-09-05T20:15::DEL-HYD,BT12-MOSPI-MONTHLY,ROUND::2026-09-05T20:15,PRIMARY,SENS-COV-04,DEL-HYD,4,0.078228,OBSERVED,13,9,True,True,0.078228,,2,15,0.273706,0.726294,27.3706,80.0000,False,False,LOW_COVERAGE_BELOW_80_PERCENT,phase12-v1
COV::SENS-COV-04::ROUND::2026-09-05T20:15::DEL-PNQ,BT12-MOSPI-MONTHLY,ROUND::2026-09-05T20:15,PRIMARY,SENS-COV-04,DEL-PNQ,5,0.069402,OBSERVED,15,14,True,True,0.069402,,2,15,0.273706,0.726294,27.3706,80.0000,False,False,LOW_COVERAGE_BELOW_80_PERCENT,phase12-v1
COV::SENS-COV-04::ROUND::2026-09-05T20:15::CCU-DEL,BT12-MOSPI-MONTHLY,ROUND::2026-09-05T20:15,PRIMARY,SENS-COV-04,CCU-DEL,6,0.065754,OBSERVED,13,9,True,True,0.065754,,2,15,0.273706,0.726294,27.3706,80.0000,False,False,LOW_COVERAGE_BELOW_80_PERCENT,phase12-v1
COV::SENS-COV-04::ROUND::2026-09-05T20:15::AMD-DEL,BT12-MOSPI-MONTHLY,ROUND::2026-09-05T20:15,PRIMARY,SENS-COV-04,AMD-DEL,7,0.060216,OBSERVED,15,13,True,True,0.060216,,2,15,0.273706,0.726294,27.3706,80.0000,False,False,LOW_COVERAGE_BELOW_80_PERCENT,phase12-v1
COV::SENS-COV-04::ROUND::2026-09-05T20:15::DEL-MAA,BT12-MOSPI-MONTHLY,ROUND::2026-09-05T20:15,PRIMARY,SENS-COV-04,DEL-MAA,8,0.058216,OBSERVED,13,11,True,True,0.058216,,2,15,0.273706,0.726294,27.3706,80.0000,False,False,LOW_COVERAGE_BELOW_80_PERCENT,phase12-v1
COV::SENS-COV-04::ROUND::2026-09-05T20:15::BOM-HYD,BT12-MOSPI-MONTHLY,ROUND::2026-09-05T20:15,PRIMARY,SENS-COV-04,BOM-HYD,9,0.055855,OBSERVED,12,9,True,True,0.055855,,2,15,0.273706,0.726294,27.3706,80.0000,False,False,LOW_COVERAGE_BELOW_80_PERCENT,phase12-v1
COV::SENS-COV-04::ROUND::2026-09-05T20:15::BLR-CCU,BT12-MOSPI-MONTHLY,ROUND::2026-09-05T20:15,PRIMARY,SENS-COV-04,BLR-CCU,10,0.05523,OBSERVED,12,11,True,True,0.05523,,2,15,0.273706,0.726294,27.3706,80.0000,False,False,LOW_COVERAGE_BELOW_80_PERCENT,phase12-v1
COV::SENS-COV-04::ROUND::2026-09-05T20:15::DEL-SXR,BT12-MOSPI-MONTHLY,ROUND::2026-09-05T20:15,PRIMARY,SENS-COV-04,DEL-SXR,11,0.054956,OBSERVED,14,13,True,True,0.054956,,2,15,0.273706,0.726294,27.3706,80.0000,False,False,LOW_COVERAGE_BELOW_80_PERCENT,phase12-v1
COV::SENS-COV-04::ROUND::2026-09-05T20:15::DEL-GOI,BT12-MOSPI-MONTHLY,ROUND::2026-09-05T20:15,PRIMARY,SENS-COV-04,DEL-GOI,12,0.03707,OBSERVED,12,11,True,True,0.03707,,2,15,0.273706,0.726294,27.3706,80.0000,False,False,LOW_COVERAGE_BELOW_80_PERCENT,phase12-v1
COV::SENS-COV-04::ROUND::2026-09-05T20:15::DEL-GAU,BT12-MOSPI-MONTHLY,ROUND::2026-09-05T20:15,PRIMARY,SENS-COV-04,DEL-GAU,13,0.036519,OBSERVED,13,12,True,True,0.036519,,2,15,0.273706,0.726294,27.3706,80.0000,False,False,LOW_COVERAGE_BELOW_80_PERCENT,phase12-v1
COV::SENS-COV-04::ROUND::2026-09-05T20:15::BLR-COK,BT12-MOSPI-MONTHLY,ROUND::2026-09-05T20:15,PRIMARY,SENS-COV-04,BLR-COK,14,0.03525,OBSERVED,13,12,True,True,0.03525,,2,15,0.273706,0.726294,27.3706,80.0000,False,False,LOW_COVERAGE_BELOW_80_PERCENT,phase12-v1
COV::SENS-COV-04::ROUND::2026-09-05T20:15::DEL-IDR,BT12-MOSPI-MONTHLY,ROUND::2026-09-05T20:15,PRIMARY,SENS-COV-04,DEL-IDR,15,0.02194,OBSERVED,14,12,True,True,0.02194,,2,15,0.273706,0.726294,27.3706,80.0000,False,False,LOW_COVERAGE_BELOW_80_PERCENT,phase12-v1
COV::SENS-COV-04::ROUND::2026-09-06T09:00::BOM-DEL,BT12-MOSPI-MONTHLY,ROUND::2026-09-06T09:00,PRIMARY,SENS-COV-04,BOM-DEL,1,0.162603,OBSERVED,13,11,True,True,0.162603,,2,15,0.273706,0.726294,27.3706,80.0000,False,False,LOW_COVERAGE_BELOW_80_PERCENT,phase12-v1
COV::SENS-COV-04::ROUND::2026-09-06T09:00::BLR-DEL,BT12-MOSPI-MONTHLY,ROUND::2026-09-06T09:00,PRIMARY,SENS-COV-04,BLR-DEL,2,0.111103,OBSERVED,13,13,True,True,0.111103,,2,15,0.273706,0.726294,27.3706,80.0000,False,False,LOW_COVERAGE_BELOW_80_PERCENT,phase12-v1
COV::SENS-COV-04::ROUND::2026-09-06T09:00::BLR-BOM,BT12-MOSPI-MONTHLY,ROUND::2026-09-06T09:00,PRIMARY,SENS-COV-04,BLR-BOM,3,0.097658,OBSERVED,14,13,True,True,0.097658,,2,15,0.273706,0.726294,27.3706,80.0000,False,False,LOW_COVERAGE_BELOW_80_PERCENT,phase12-v1
COV::SENS-COV-04::ROUND::2026-09-06T09:00::DEL-HYD,BT12-MOSPI-MONTHLY,ROUND::2026-09-06T09:00,PRIMARY,SENS-COV-04,DEL-HYD,4,0.078228,OBSERVED,15,13,True,True,0.078228,,2,15,0.273706,0.726294,27.3706,80.0000,False,False,LOW_COVERAGE_BELOW_80_PERCENT,phase12-v1
COV::SENS-COV-04::ROUND::2026-09-06T09:00::DEL-PNQ,BT12-MOSPI-MONTHLY,ROUND::2026-09-06T09:00,PRIMARY,SENS-COV-04,DEL-PNQ,5,0.069402,OBSERVED,12,12,True,True,0.069402,,2,15,0.273706,0.726294,27.3706,80.0000,False,False,LOW_COVERAGE_BELOW_80_PERCENT,phase12-v1
COV::SENS-COV-04::ROUND::2026-09-06T09:00::CCU-DEL,BT12-MOSPI-MONTHLY,ROUND::2026-09-06T09:00,PRIMARY,SENS-COV-04,CCU-DEL,6,0.065754,OBSERVED,13,12,True,True,0.065754,,2,15,0.273706,0.726294,27.3706,80.0000,False,False,LOW_COVERAGE_BELOW_80_PERCENT,phase12-v1
COV::SENS-COV-04::ROUND::2026-09-06T09:00::AMD-DEL,BT12-MOSPI-MONTHLY,ROUND::2026-09-06T09:00,PRIMARY,SENS-COV-04,AMD-DEL,7,0.060216,OBSERVED,13,13,True,True,0.060216,,2,15,0.273706,0.726294,27.3706,80.0000,False,False,LOW_COVERAGE_BELOW_80_PERCENT,phase12-v1
COV::SENS-COV-04::ROUND::2026-09-06T09:00::DEL-MAA,BT12-MOSPI-MONTHLY,ROUND::2026-09-06T09:00,PRIMARY,SENS-COV-04,DEL-MAA,8,0.058216,OBSERVED,13,11,True,True,0.058216,,2,15,0.273706,0.726294,27.3706,80.0000,False,False,LOW_COVERAGE_BELOW_80_PERCENT,phase12-v1
COV::SENS-COV-04::ROUND::2026-09-06T09:00::BOM-HYD,BT12-MOSPI-MONTHLY,ROUND::2026-09-06T09:00,PRIMARY,SENS-COV-04,BOM-HYD,9,0.055855,OBSERVED,14,11,True,True,0.055855,,2,15,0.273706,0.726294,27.3706,80.0000,False,False,LOW_COVERAGE_BELOW_80_PERCENT,phase12-v1
COV::SENS-COV-04::ROUND::2026-09-06T09:00::BLR-CCU,BT12-MOSPI-MONTHLY,ROUND::2026-09-06T09:00,PRIMARY,SENS-COV-04,BLR-CCU,10,0.05523,OBSERVED,14,11,True,True,0.05523,,2,15,0.273706,0.726294,27.3706,80.0000,False,False,LOW_COVERAGE_BELOW_80_PERCENT,phase12-v1
COV::SENS-COV-04::ROUND::2026-09-06T09:00::DEL-SXR,BT12-MOSPI-MONTHLY,ROUND::2026-09-06T09:00,PRIMARY,SENS-COV-04,DEL-SXR,11,0.054956,OBSERVED,14,14,True,True,0.054956,,2,15,0.273706,0.726294,27.3706,80.0000,False,False,LOW_COVERAGE_BELOW_80_PERCENT,phase12-v1
COV::SENS-COV-04::ROUND::2026-09-06T09:00::DEL-GOI,BT12-MOSPI-MONTHLY,ROUND::2026-09-06T09:00,PRIMARY,SENS-COV-04,DEL-GOI,12,0.03707,OBSERVED,15,12,True,True,0.03707,,2,15,0.273706,0.726294,27.3706,80.0000,False,False,LOW_COVERAGE_BELOW_80_PERCENT,phase12-v1
COV::SENS-COV-04::ROUND::2026-09-06T09:00::DEL-GAU,BT12-MOSPI-MONTHLY,ROUND::2026-09-06T09:00,PRIMARY,SENS-COV-04,DEL-GAU,13,0.036519,OBSERVED,10,8,True,True,0.036519,,2,15,0.273706,0.726294,27.3706,80.0000,False,False,LOW_COVERAGE_BELOW_80_PERCENT,phase12-v1
COV::SENS-COV-04::ROUND::2026-09-06T09:00::BLR-COK,BT12-MOSPI-MONTHLY,ROUND::2026-09-06T09:00,PRIMARY,SENS-COV-04,BLR-COK,14,0.03525,OBSERVED,14,12,True,True,0.03525,,2,15,0.273706,0.726294,27.3706,80.0000,False,False,LOW_COVERAGE_BELOW_80_PERCENT,phase12-v1
COV::SENS-COV-04::ROUND::2026-09-06T09:00::DEL-IDR,BT12-MOSPI-MONTHLY,ROUND::2026-09-06T09:00,PRIMARY,SENS-COV-04,DEL-IDR,15,0.02194,OBSERVED,9,8,True,True,0.02194,,2,15,0.273706,0.726294,27.3706,80.0000,False,False,LOW_COVERAGE_BELOW_80_PERCENT,phase12-v1
COV::SENS-COV-04::ROUND::2026-09-06T14:30::BOM-DEL,BT12-MOSPI-MONTHLY,ROUND::2026-09-06T14:30,PRIMARY,SENS-COV-04,BOM-DEL,1,0.162603,OBSERVED,12,11,True,True,0.162603,,2,15,0.273706,0.726294,27.3706,80.0000,False,False,LOW_COVERAGE_BELOW_80_PERCENT,phase12-v1
COV::SENS-COV-04::ROUND::2026-09-06T14:30::BLR-DEL,BT12-MOSPI-MONTHLY,ROUND::2026-09-06T14:30,PRIMARY,SENS-COV-04,BLR-DEL,2,0.111103,OBSERVED,14,12,True,True,0.111103,,2,15,0.273706,0.726294,27.3706,80.0000,False,False,LOW_COVERAGE_BELOW_80_PERCENT,phase12-v1
COV::SENS-COV-04::ROUND::2026-09-06T14:30::BLR-BOM,BT12-MOSPI-MONTHLY,ROUND::2026-09-06T14:30,PRIMARY,SENS-COV-04,BLR-BOM,3,0.097658,OBSERVED,14,13,True,True,0.097658,,2,15,0.273706,0.726294,27.3706,80.0000,False,False,LOW_COVERAGE_BELOW_80_PERCENT,phase12-v1
COV::SENS-COV-04::ROUND::2026-09-06T14:30::DEL-HYD,BT12-MOSPI-MONTHLY,ROUND::2026-09-06T14:30,PRIMARY,SENS-COV-04,DEL-HYD,4,0.078228,OBSERVED,15,15,True,True,0.078228,,2,15,0.273706,0.726294,27.3706,80.0000,False,False,LOW_COVERAGE_BELOW_80_PERCENT,phase12-v1
COV::SENS-COV-04::ROUND::2026-09-06T14:30::DEL-PNQ,BT12-MOSPI-MONTHLY,ROUND::2026-09-06T14:30,PRIMARY,SENS-COV-04,DEL-PNQ,5,0.069402,OBSERVED,13,11,True,True,0.069402,,2,15,0.273706,0.726294,27.3706,80.0000,False,False,LOW_COVERAGE_BELOW_80_PERCENT,phase12-v1
COV::SENS-COV-04::ROUND::2026-09-06T14:30::CCU-DEL,BT12-MOSPI-MONTHLY,ROUND::2026-09-06T14:30,PRIMARY,SENS-COV-04,CCU-DEL,6,0.065754,OBSERVED,15,13,True,True,0.065754,,2,15,0.273706,0.726294,27.3706,80.0000,False,False,LOW_COVERAGE_BELOW_80_PERCENT,phase12-v1
COV::SENS-COV-04::ROUND::2026-09-06T14:30::AMD-DEL,BT12-MOSPI-MONTHLY,ROUND::2026-09-06T14:30,PRIMARY,SENS-COV-04,AMD-DEL,7,0.060216,OBSERVED,14,12,True,True,0.060216,,2,15,0.273706,0.726294,27.3706,80.0000,False,False,LOW_COVERAGE_BELOW_80_PERCENT,phase12-v1
COV::SENS-COV-04::ROUND::2026-09-06T14:30::DEL-MAA,BT12-MOSPI-MONTHLY,ROUND::2026-09-06T14:30,PRIMARY,SENS-COV-04,DEL-MAA,8,0.058216,OBSERVED,13,11,True,True,0.058216,,2,15,0.273706,0.726294,27.3706,80.0000,False,False,LOW_COVERAGE_BELOW_80_PERCENT,phase12-v1
COV::SENS-COV-04::ROUND::2026-09-06T14:30::BOM-HYD,BT12-MOSPI-MONTHLY,ROUND::2026-09-06T14:30,PRIMARY,SENS-COV-04,BOM-HYD,9,0.055855,OBSERVED,13,12,True,True,0.055855,,2,15,0.273706,0.726294,27.3706,80.0000,False,False,LOW_COVERAGE_BELOW_80_PERCENT,phase12-v1
COV::SENS-COV-04::ROUND::2026-09-06T14:30::BLR-CCU,BT12-MOSPI-MONTHLY,ROUND::2026-09-06T14:30,PRIMARY,SENS-COV-04,BLR-CCU,10,0.05523,OBSERVED,14,13,True,True,0.05523,,2,15,0.273706,0.726294,27.3706,80.0000,False,False,LOW_COVERAGE_BELOW_80_PERCENT,phase12-v1
COV::SENS-COV-04::ROUND::2026-09-06T14:30::DEL-SXR,BT12-MOSPI-MONTHLY,ROUND::2026-09-06T14:30,PRIMARY,SENS-COV-04,DEL-SXR,11,0.054956,OBSERVED,12,11,True,True,0.054956,,2,15,0.273706,0.726294,27.3706,80.0000,False,False,LOW_COVERAGE_BELOW_80_PERCENT,phase12-v1
COV::SENS-COV-04::ROUND::2026-09-06T14:30::DEL-GOI,BT12-MOSPI-MONTHLY,ROUND::2026-09-06T14:30,PRIMARY,SENS-COV-04,DEL-GOI,12,0.03707,OBSERVED,13,13,True,True,0.03707,,2,15,0.273706,0.726294,27.3706,80.0000,False,False,LOW_COVERAGE_BELOW_80_PERCENT,phase12-v1
COV::SENS-COV-04::ROUND::2026-09-06T14:30::DEL-GAU,BT12-MOSPI-MONTHLY,ROUND::2026-09-06T14:30,PRIMARY,SENS-COV-04,DEL-GAU,13,0.036519,OBSERVED,13,8,True,True,0.036519,,2,15,0.273706,0.726294,27.3706,80.0000,False,False,LOW_COVERAGE_BELOW_80_PERCENT,phase12-v1
COV::SENS-COV-04::ROUND::2026-09-06T14:30::BLR-COK,BT12-MOSPI-MONTHLY,ROUND::2026-09-06T14:30,PRIMARY,SENS-COV-04,BLR-COK,14,0.03525,OBSERVED,13,12,True,True,0.03525,,2,15,0.273706,0.726294,27.3706,80.0000,False,False,LOW_COVERAGE_BELOW_80_PERCENT,phase12-v1
COV::SENS-COV-04::ROUND::2026-09-06T14:30::DEL-IDR,BT12-MOSPI-MONTHLY,ROUND::2026-09-06T14:30,PRIMARY,SENS-COV-04,DEL-IDR,15,0.02194,OBSERVED,12,6,True,True,0.02194,,2,15,0.273706,0.726294,27.3706,80.0000,False,False,LOW_COVERAGE_BELOW_80_PERCENT,phase12-v1
COV::SENS-COV-04::ROUND::2026-09-06T20:15::BOM-DEL,BT12-MOSPI-MONTHLY,ROUND::2026-09-06T20:15,PRIMARY,SENS-COV-04,BOM-DEL,1,0.162603,OBSERVED,13,10,True,True,0.162603,,2,15,0.273706,0.726294,27.3706,80.0000,False,False,LOW_COVERAGE_BELOW_80_PERCENT,phase12-v1
COV::SENS-COV-04::ROUND::2026-09-06T20:15::BLR-DEL,BT12-MOSPI-MONTHLY,ROUND::2026-09-06T20:15,PRIMARY,SENS-COV-04,BLR-DEL,2,0.111103,OBSERVED,12,12,True,True,0.111103,,2,15,0.273706,0.726294,27.3706,80.0000,False,False,LOW_COVERAGE_BELOW_80_PERCENT,phase12-v1
COV::SENS-COV-04::ROUND::2026-09-06T20:15::BLR-BOM,BT12-MOSPI-MONTHLY,ROUND::2026-09-06T20:15,PRIMARY,SENS-COV-04,BLR-BOM,3,0.097658,OBSERVED,14,14,True,True,0.097658,,2,15,0.273706,0.726294,27.3706,80.0000,False,False,LOW_COVERAGE_BELOW_80_PERCENT,phase12-v1
COV::SENS-COV-04::ROUND::2026-09-06T20:15::DEL-HYD,BT12-MOSPI-MONTHLY,ROUND::2026-09-06T20:15,PRIMARY,SENS-COV-04,DEL-HYD,4,0.078228,OBSERVED,13,13,True,True,0.078228,,2,15,0.273706,0.726294,27.3706,80.0000,False,False,LOW_COVERAGE_BELOW_80_PERCENT,phase12-v1
COV::SENS-COV-04::ROUND::2026-09-06T20:15::DEL-PNQ,BT12-MOSPI-MONTHLY,ROUND::2026-09-06T20:15,PRIMARY,SENS-COV-04,DEL-PNQ,5,0.069402,OBSERVED,14,13,True,True,0.069402,,2,15,0.273706,0.726294,27.3706,80.0000,False,False,LOW_COVERAGE_BELOW_80_PERCENT,phase12-v1
COV::SENS-COV-04::ROUND::2026-09-06T20:15::CCU-DEL,BT12-MOSPI-MONTHLY,ROUND::2026-09-06T20:15,PRIMARY,SENS-COV-04,CCU-DEL,6,0.065754,OBSERVED,14,14,True,True,0.065754,,2,15,0.273706,0.726294,27.3706,80.0000,False,False,LOW_COVERAGE_BELOW_80_PERCENT,phase12-v1
COV::SENS-COV-04::ROUND::2026-09-06T20:15::AMD-DEL,BT12-MOSPI-MONTHLY,ROUND::2026-09-06T20:15,PRIMARY,SENS-COV-04,AMD-DEL,7,0.060216,OBSERVED,14,13,True,True,0.060216,,2,15,0.273706,0.726294,27.3706,80.0000,False,False,LOW_COVERAGE_BELOW_80_PERCENT,phase12-v1
COV::SENS-COV-04::ROUND::2026-09-06T20:15::DEL-MAA,BT12-MOSPI-MONTHLY,ROUND::2026-09-06T20:15,PRIMARY,SENS-COV-04,DEL-MAA,8,0.058216,OBSERVED,13,12,True,True,0.058216,,2,15,0.273706,0.726294,27.3706,80.0000,False,False,LOW_COVERAGE_BELOW_80_PERCENT,phase12-v1
COV::SENS-COV-04::ROUND::2026-09-06T20:15::BOM-HYD,BT12-MOSPI-MONTHLY,ROUND::2026-09-06T20:15,PRIMARY,SENS-COV-04,BOM-HYD,9,0.055855,OBSERVED,14,12,True,True,0.055855,,2,15,0.273706,0.726294,27.3706,80.0000,False,False,LOW_COVERAGE_BELOW_80_PERCENT,phase12-v1
COV::SENS-COV-04::ROUND::2026-09-06T20:15::BLR-CCU,BT12-MOSPI-MONTHLY,ROUND::2026-09-06T20:15,PRIMARY,SENS-COV-04,BLR-CCU,10,0.05523,OBSERVED,15,14,True,True,0.05523,,2,15,0.273706,0.726294,27.3706,80.0000,False,False,LOW_COVERAGE_BELOW_80_PERCENT,phase12-v1
COV::SENS-COV-04::ROUND::2026-09-06T20:15::DEL-SXR,BT12-MOSPI-MONTHLY,ROUND::2026-09-06T20:15,PRIMARY,SENS-COV-04,DEL-SXR,11,0.054956,OBSERVED,14,11,True,True,0.054956,,2,15,0.273706,0.726294,27.3706,80.0000,False,False,LOW_COVERAGE_BELOW_80_PERCENT,phase12-v1
COV::SENS-COV-04::ROUND::2026-09-06T20:15::DEL-GOI,BT12-MOSPI-MONTHLY,ROUND::2026-09-06T20:15,PRIMARY,SENS-COV-04,DEL-GOI,12,0.03707,OBSERVED,12,10,True,True,0.03707,,2,15,0.273706,0.726294,27.3706,80.0000,False,False,LOW_COVERAGE_BELOW_80_PERCENT,phase12-v1
COV::SENS-COV-04::ROUND::2026-09-06T20:15::DEL-GAU,BT12-MOSPI-MONTHLY,ROUND::2026-09-06T20:15,PRIMARY,SENS-COV-04,DEL-GAU,13,0.036519,OBSERVED,10,8,True,True,0.036519,,2,15,0.273706,0.726294,27.3706,80.0000,False,False,LOW_COVERAGE_BELOW_80_PERCENT,phase12-v1
COV::SENS-COV-04::ROUND::2026-09-06T20:15::BLR-COK,BT12-MOSPI-MONTHLY,ROUND::2026-09-06T20:15,PRIMARY,SENS-COV-04,BLR-COK,14,0.03525,OBSERVED,0,0,False,False,,0.03525,2,15,0.273706,0.726294,27.3706,80.0000,False,False,LOW_COVERAGE_BELOW_80_PERCENT,phase12-v1
COV::SENS-COV-04::ROUND::2026-09-06T20:15::DEL-IDR,BT12-MOSPI-MONTHLY,ROUND::2026-09-06T20:15,PRIMARY,SENS-COV-04,DEL-IDR,15,0.02194,OBSERVED,0,0,False,False,,0.02194,2,15,0.273706,0.726294,27.3706,80.0000,False,False,LOW_COVERAGE_BELOW_80_PERCENT,phase12-v1
COV::SENS-COV-04::ROUND::2026-09-07T09:00::BOM-DEL,BT12-MOSPI-MONTHLY,ROUND::2026-09-07T09:00,PRIMARY,SENS-COV-04,BOM-DEL,1,0.162603,OBSERVED,0,0,False,False,,0.162603,2,15,0.273706,0.726294,27.3706,80.0000,False,False,LOW_COVERAGE_BELOW_80_PERCENT,phase12-v1
COV::SENS-COV-04::ROUND::2026-09-07T09:00::BLR-DEL,BT12-MOSPI-MONTHLY,ROUND::2026-09-07T09:00,PRIMARY,SENS-COV-04,BLR-DEL,2,0.111103,OBSERVED,0,0,False,False,,0.111103,2,15,0.273706,0.726294,27.3706,80.0000,False,False,LOW_COVERAGE_BELOW_80_PERCENT,phase12-v1
COV::SENS-COV-04::ROUND::2026-09-07T09:00::BLR-BOM,BT12-MOSPI-MONTHLY,ROUND::2026-09-07T09:00,PRIMARY,SENS-COV-04,BLR-BOM,3,0.097658,OBSERVED,0,0,False,False,,0.097658,2,15,0.273706,0.726294,27.3706,80.0000,False,False,LOW_COVERAGE_BELOW_80_PERCENT,phase12-v1
COV::SENS-COV-04::ROUND::2026-09-07T09:00::DEL-HYD,BT12-MOSPI-MONTHLY,ROUND::2026-09-07T09:00,PRIMARY,SENS-COV-04,DEL-HYD,4,0.078228,OBSERVED,1,1,True,True,0.078228,,2,15,0.273706,0.726294,27.3706,80.0000,False,False,LOW_COVERAGE_BELOW_80_PERCENT,phase12-v1
COV::SENS-COV-04::ROUND::2026-09-07T09:00::DEL-PNQ,BT12-MOSPI-MONTHLY,ROUND::2026-09-07T09:00,PRIMARY,SENS-COV-04,DEL-PNQ,5,0.069402,OBSERVED,0,0,False,False,,0.069402,2,15,0.273706,0.726294,27.3706,80.0000,False,False,LOW_COVERAGE_BELOW_80_PERCENT,phase12-v1
COV::SENS-COV-04::ROUND::2026-09-07T09:00::CCU-DEL,BT12-MOSPI-MONTHLY,ROUND::2026-09-07T09:00,PRIMARY,SENS-COV-04,CCU-DEL,6,0.065754,OBSERVED,0,0,False,False,,0.065754,2,15,0.273706,0.726294,27.3706,80.0000,False,False,LOW_COVERAGE_BELOW_80_PERCENT,phase12-v1
COV::SENS-COV-04::ROUND::2026-09-07T09:00::AMD-DEL,BT12-MOSPI-MONTHLY,ROUND::2026-09-07T09:00,PRIMARY,SENS-COV-04,AMD-DEL,7,0.060216,OBSERVED,0,0,False,False,,0.060216,2,15,0.273706,0.726294,27.3706,80.0000,False,False,LOW_COVERAGE_BELOW_80_PERCENT,phase12-v1
COV::SENS-COV-04::ROUND::2026-09-07T09:00::DEL-MAA,BT12-MOSPI-MONTHLY,ROUND::2026-09-07T09:00,PRIMARY,SENS-COV-04,DEL-MAA,8,0.058216,OBSERVED,0,0,False,False,,0.058216,2,15,0.273706,0.726294,27.3706,80.0000,False,False,LOW_COVERAGE_BELOW_80_PERCENT,phase12-v1
COV::SENS-COV-04::ROUND::2026-09-07T09:00::BOM-HYD,BT12-MOSPI-MONTHLY,ROUND::2026-09-07T09:00,PRIMARY,SENS-COV-04,BOM-HYD,9,0.055855,OBSERVED,0,0,False,False,,0.055855,2,15,0.273706,0.726294,27.3706,80.0000,False,False,LOW_COVERAGE_BELOW_80_PERCENT,phase12-v1
COV::SENS-COV-04::ROUND::2026-09-07T09:00::BLR-CCU,BT12-MOSPI-MONTHLY,ROUND::2026-09-07T09:00,PRIMARY,SENS-COV-04,BLR-CCU,10,0.05523,OBSERVED,0,0,False,False,,0.05523,2,15,0.273706,0.726294,27.3706,80.0000,False,False,LOW_COVERAGE_BELOW_80_PERCENT,phase12-v1
COV::SENS-COV-04::ROUND::2026-09-07T09:00::DEL-SXR,BT12-MOSPI-MONTHLY,ROUND::2026-09-07T09:00,PRIMARY,SENS-COV-04,DEL-SXR,11,0.054956,OBSERVED,0,0,False,False,,0.054956,2,15,0.273706,0.726294,27.3706,80.0000,False,False,LOW_COVERAGE_BELOW_80_PERCENT,phase12-v1
COV::SENS-COV-04::ROUND::2026-09-07T09:00::DEL-GOI,BT12-MOSPI-MONTHLY,ROUND::2026-09-07T09:00,PRIMARY,SENS-COV-04,DEL-GOI,12,0.03707,OBSERVED,1,1,True,True,0.03707,,2,15,0.273706,0.726294,27.3706,80.0000,False,False,LOW_COVERAGE_BELOW_80_PERCENT,phase12-v1
COV::SENS-COV-04::ROUND::2026-09-07T09:00::DEL-GAU,BT12-MOSPI-MONTHLY,ROUND::2026-09-07T09:00,PRIMARY,SENS-COV-04,DEL-GAU,13,0.036519,OBSERVED,0,0,False,False,,0.036519,2,15,0.273706,0.726294,27.3706,80.0000,False,False,LOW_COVERAGE_BELOW_80_PERCENT,phase12-v1
COV::SENS-COV-04::ROUND::2026-09-07T09:00::BLR-COK,BT12-MOSPI-MONTHLY,ROUND::2026-09-07T09:00,PRIMARY,SENS-COV-04,BLR-COK,14,0.03525,OBSERVED,0,0,False,False,,0.03525,2,15,0.273706,0.726294,27.3706,80.0000,False,False,LOW_COVERAGE_BELOW_80_PERCENT,phase12-v1
COV::SENS-COV-04::ROUND::2026-09-07T09:00::DEL-IDR,BT12-MOSPI-MONTHLY,ROUND::2026-09-07T09:00,PRIMARY,SENS-COV-04,DEL-IDR,15,0.02194,OBSERVED,0,0,False,False,,0.02194,2,15,0.273706,0.726294,27.3706,80.0000,False,False,LOW_COVERAGE_BELOW_80_PERCENT,phase12-v1
COV::SENS-COV-04::ROUND::2026-09-07T14:30::BOM-DEL,BT12-MOSPI-MONTHLY,ROUND::2026-09-07T14:30,PRIMARY,SENS-COV-04,BOM-DEL,1,0.162603,OBSERVED,0,0,False,False,,0.162603,2,15,0.273706,0.726294,27.3706,80.0000,False,False,LOW_COVERAGE_BELOW_80_PERCENT,phase12-v1
COV::SENS-COV-04::ROUND::2026-09-07T14:30::BLR-DEL,BT12-MOSPI-MONTHLY,ROUND::2026-09-07T14:30,PRIMARY,SENS-COV-04,BLR-DEL,2,0.111103,OBSERVED,0,0,False,False,,0.111103,2,15,0.273706,0.726294,27.3706,80.0000,False,False,LOW_COVERAGE_BELOW_80_PERCENT,phase12-v1
COV::SENS-COV-04::ROUND::2026-09-07T14:30::BLR-BOM,BT12-MOSPI-MONTHLY,ROUND::2026-09-07T14:30,PRIMARY,SENS-COV-04,BLR-BOM,3,0.097658,OBSERVED,0,0,False,False,,0.097658,2,15,0.273706,0.726294,27.3706,80.0000,False,False,LOW_COVERAGE_BELOW_80_PERCENT,phase12-v1
COV::SENS-COV-04::ROUND::2026-09-07T14:30::DEL-HYD,BT12-MOSPI-MONTHLY,ROUND::2026-09-07T14:30,PRIMARY,SENS-COV-04,DEL-HYD,4,0.078228,OBSERVED,0,0,False,False,,0.078228,2,15,0.273706,0.726294,27.3706,80.0000,False,False,LOW_COVERAGE_BELOW_80_PERCENT,phase12-v1
COV::SENS-COV-04::ROUND::2026-09-07T14:30::DEL-PNQ,BT12-MOSPI-MONTHLY,ROUND::2026-09-07T14:30,PRIMARY,SENS-COV-04,DEL-PNQ,5,0.069402,OBSERVED,1,0,False,False,,0.069402,2,15,0.273706,0.726294,27.3706,80.0000,False,False,LOW_COVERAGE_BELOW_80_PERCENT,phase12-v1
COV::SENS-COV-04::ROUND::2026-09-07T14:30::CCU-DEL,BT12-MOSPI-MONTHLY,ROUND::2026-09-07T14:30,PRIMARY,SENS-COV-04,CCU-DEL,6,0.065754,OBSERVED,0,0,False,False,,0.065754,2,15,0.273706,0.726294,27.3706,80.0000,False,False,LOW_COVERAGE_BELOW_80_PERCENT,phase12-v1
COV::SENS-COV-04::ROUND::2026-09-07T14:30::AMD-DEL,BT12-MOSPI-MONTHLY,ROUND::2026-09-07T14:30,PRIMARY,SENS-COV-04,AMD-DEL,7,0.060216,OBSERVED,0,0,False,False,,0.060216,2,15,0.273706,0.726294,27.3706,80.0000,False,False,LOW_COVERAGE_BELOW_80_PERCENT,phase12-v1
COV::SENS-COV-04::ROUND::2026-09-07T14:30::DEL-MAA,BT12-MOSPI-MONTHLY,ROUND::2026-09-07T14:30,PRIMARY,SENS-COV-04,DEL-MAA,8,0.058216,OBSERVED,1,0,False,False,,0.058216,2,15,0.273706,0.726294,27.3706,80.0000,False,False,LOW_COVERAGE_BELOW_80_PERCENT,phase12-v1
COV::SENS-COV-04::ROUND::2026-09-07T14:30::BOM-HYD,BT12-MOSPI-MONTHLY,ROUND::2026-09-07T14:30,PRIMARY,SENS-COV-04,BOM-HYD,9,0.055855,OBSERVED,0,0,False,False,,0.055855,2,15,0.273706,0.726294,27.3706,80.0000,False,False,LOW_COVERAGE_BELOW_80_PERCENT,phase12-v1
COV::SENS-COV-04::ROUND::2026-09-07T14:30::BLR-CCU,BT12-MOSPI-MONTHLY,ROUND::2026-09-07T14:30,PRIMARY,SENS-COV-04,BLR-CCU,10,0.05523,OBSERVED,0,0,False,False,,0.05523,2,15,0.273706,0.726294,27.3706,80.0000,False,False,LOW_COVERAGE_BELOW_80_PERCENT,phase12-v1
COV::SENS-COV-04::ROUND::2026-09-07T14:30::DEL-SXR,BT12-MOSPI-MONTHLY,ROUND::2026-09-07T14:30,PRIMARY,SENS-COV-04,DEL-SXR,11,0.054956,OBSERVED,0,0,False,False,,0.054956,2,15,0.273706,0.726294,27.3706,80.0000,False,False,LOW_COVERAGE_BELOW_80_PERCENT,phase12-v1
COV::SENS-COV-04::ROUND::2026-09-07T14:30::DEL-GOI,BT12-MOSPI-MONTHLY,ROUND::2026-09-07T14:30,PRIMARY,SENS-COV-04,DEL-GOI,12,0.03707,OBSERVED,0,0,False,False,,0.03707,2,15,0.273706,0.726294,27.3706,80.0000,False,False,LOW_COVERAGE_BELOW_80_PERCENT,phase12-v1
COV::SENS-COV-04::ROUND::2026-09-07T14:30::DEL-GAU,BT12-MOSPI-MONTHLY,ROUND::2026-09-07T14:30,PRIMARY,SENS-COV-04,DEL-GAU,13,0.036519,OBSERVED,0,0,False,False,,0.036519,2,15,0.273706,0.726294,27.3706,80.0000,False,False,LOW_COVERAGE_BELOW_80_PERCENT,phase12-v1
COV::SENS-COV-04::ROUND::2026-09-07T14:30::BLR-COK,BT12-MOSPI-MONTHLY,ROUND::2026-09-07T14:30,PRIMARY,SENS-COV-04,BLR-COK,14,0.03525,OBSERVED,1,0,False,False,,0.03525,2,15,0.273706,0.726294,27.3706,80.0000,False,False,LOW_COVERAGE_BELOW_80_PERCENT,phase12-v1
COV::SENS-COV-04::ROUND::2026-09-07T14:30::DEL-IDR,BT12-MOSPI-MONTHLY,ROUND::2026-09-07T14:30,PRIMARY,SENS-COV-04,DEL-IDR,15,0.02194,OBSERVED,1,0,False,False,,0.02194,2,15,0.273706,0.726294,27.3706,80.0000,False,False,LOW_COVERAGE_BELOW_80_PERCENT,phase12-v1
COV::SENS-COV-04::ROUND::2026-09-07T20:15::BOM-DEL,BT12-MOSPI-MONTHLY,ROUND::2026-09-07T20:15,PRIMARY,SENS-COV-04,BOM-DEL,1,0.162603,OBSERVED,0,0,False,False,,0.162603,2,15,0.273706,0.726294,27.3706,80.0000,False,False,LOW_COVERAGE_BELOW_80_PERCENT,phase12-v1
COV::SENS-COV-04::ROUND::2026-09-07T20:15::BLR-DEL,BT12-MOSPI-MONTHLY,ROUND::2026-09-07T20:15,PRIMARY,SENS-COV-04,BLR-DEL,2,0.111103,OBSERVED,0,0,False,False,,0.111103,2,15,0.273706,0.726294,27.3706,80.0000,False,False,LOW_COVERAGE_BELOW_80_PERCENT,phase12-v1
COV::SENS-COV-04::ROUND::2026-09-07T20:15::BLR-BOM,BT12-MOSPI-MONTHLY,ROUND::2026-09-07T20:15,PRIMARY,SENS-COV-04,BLR-BOM,3,0.097658,OBSERVED,0,0,False,False,,0.097658,2,15,0.273706,0.726294,27.3706,80.0000,False,False,LOW_COVERAGE_BELOW_80_PERCENT,phase12-v1
COV::SENS-COV-04::ROUND::2026-09-07T20:15::DEL-HYD,BT12-MOSPI-MONTHLY,ROUND::2026-09-07T20:15,PRIMARY,SENS-COV-04,DEL-HYD,4,0.078228,OBSERVED,0,0,False,False,,0.078228,2,15,0.273706,0.726294,27.3706,80.0000,False,False,LOW_COVERAGE_BELOW_80_PERCENT,phase12-v1
COV::SENS-COV-04::ROUND::2026-09-07T20:15::DEL-PNQ,BT12-MOSPI-MONTHLY,ROUND::2026-09-07T20:15,PRIMARY,SENS-COV-04,DEL-PNQ,5,0.069402,OBSERVED,1,0,False,False,,0.069402,2,15,0.273706,0.726294,27.3706,80.0000,False,False,LOW_COVERAGE_BELOW_80_PERCENT,phase12-v1
COV::SENS-COV-04::ROUND::2026-09-07T20:15::CCU-DEL,BT12-MOSPI-MONTHLY,ROUND::2026-09-07T20:15,PRIMARY,SENS-COV-04,CCU-DEL,6,0.065754,OBSERVED,0,0,False,False,,0.065754,2,15,0.273706,0.726294,27.3706,80.0000,False,False,LOW_COVERAGE_BELOW_80_PERCENT,phase12-v1
COV::SENS-COV-04::ROUND::2026-09-07T20:15::AMD-DEL,BT12-MOSPI-MONTHLY,ROUND::2026-09-07T20:15,PRIMARY,SENS-COV-04,AMD-DEL,7,0.060216,OBSERVED,0,0,False,False,,0.060216,2,15,0.273706,0.726294,27.3706,80.0000,False,False,LOW_COVERAGE_BELOW_80_PERCENT,phase12-v1
COV::SENS-COV-04::ROUND::2026-09-07T20:15::DEL-MAA,BT12-MOSPI-MONTHLY,ROUND::2026-09-07T20:15,PRIMARY,SENS-COV-04,DEL-MAA,8,0.058216,OBSERVED,0,0,False,False,,0.058216,2,15,0.273706,0.726294,27.3706,80.0000,False,False,LOW_COVERAGE_BELOW_80_PERCENT,phase12-v1
COV::SENS-COV-04::ROUND::2026-09-07T20:15::BOM-HYD,BT12-MOSPI-MONTHLY,ROUND::2026-09-07T20:15,PRIMARY,SENS-COV-04,BOM-HYD,9,0.055855,OBSERVED,0,0,False,False,,0.055855,2,15,0.273706,0.726294,27.3706,80.0000,False,False,LOW_COVERAGE_BELOW_80_PERCENT,phase12-v1
COV::SENS-COV-04::ROUND::2026-09-07T20:15::BLR-CCU,BT12-MOSPI-MONTHLY,ROUND::2026-09-07T20:15,PRIMARY,SENS-COV-04,BLR-CCU,10,0.05523,OBSERVED,0,0,False,False,,0.05523,2,15,0.273706,0.726294,27.3706,80.0000,False,False,LOW_COVERAGE_BELOW_80_PERCENT,phase12-v1
COV::SENS-COV-04::ROUND::2026-09-07T20:15::DEL-SXR,BT12-MOSPI-MONTHLY,ROUND::2026-09-07T20:15,PRIMARY,SENS-COV-04,DEL-SXR,11,0.054956,OBSERVED,0,0,False,False,,0.054956,2,15,0.273706,0.726294,27.3706,80.0000,False,False,LOW_COVERAGE_BELOW_80_PERCENT,phase12-v1
COV::SENS-COV-04::ROUND::2026-09-07T20:15::DEL-GOI,BT12-MOSPI-MONTHLY,ROUND::2026-09-07T20:15,PRIMARY,SENS-COV-04,DEL-GOI,12,0.03707,OBSERVED,0,0,False,False,,0.03707,2,15,0.273706,0.726294,27.3706,80.0000,False,False,LOW_COVERAGE_BELOW_80_PERCENT,phase12-v1
COV::SENS-COV-04::ROUND::2026-09-07T20:15::DEL-GAU,BT12-MOSPI-MONTHLY,ROUND::2026-09-07T20:15,PRIMARY,SENS-COV-04,DEL-GAU,13,0.036519,OBSERVED,0,0,False,False,,0.036519,2,15,0.273706,0.726294,27.3706,80.0000,False,False,LOW_COVERAGE_BELOW_80_PERCENT,phase12-v1
COV::SENS-COV-04::ROUND::2026-09-07T20:15::BLR-COK,BT12-MOSPI-MONTHLY,ROUND::2026-09-07T20:15,PRIMARY,SENS-COV-04,BLR-COK,14,0.03525,OBSERVED,0,0,False,False,,0.03525,2,15,0.273706,0.726294,27.3706,80.0000,False,False,LOW_COVERAGE_BELOW_80_PERCENT,phase12-v1
COV::SENS-COV-04::ROUND::2026-09-07T20:15::DEL-IDR,BT12-MOSPI-MONTHLY,ROUND::2026-09-07T20:15,PRIMARY,SENS-COV-04,DEL-IDR,15,0.02194,OBSERVED,0,0,False,False,,0.02194,2,15,0.273706,0.726294,27.3706,80.0000,False,False,LOW_COVERAGE_BELOW_80_PERCENT,phase12-v1
COV::SENS-COV-04::ROUND::2026-09-08T09:00::BOM-DEL,BT12-MOSPI-MONTHLY,ROUND::2026-09-08T09:00,PRIMARY,SENS-COV-04,BOM-DEL,1,0.162603,OBSERVED,1,0,False,False,,0.162603,2,15,0.273706,0.726294,27.3706,80.0000,False,False,LOW_COVERAGE_BELOW_80_PERCENT,phase12-v1
COV::SENS-COV-04::ROUND::2026-09-08T09:00::BLR-DEL,BT12-MOSPI-MONTHLY,ROUND::2026-09-08T09:00,PRIMARY,SENS-COV-04,BLR-DEL,2,0.111103,OBSERVED,0,0,False,False,,0.111103,2,15,0.273706,0.726294,27.3706,80.0000,False,False,LOW_COVERAGE_BELOW_80_PERCENT,phase12-v1
COV::SENS-COV-04::ROUND::2026-09-08T09:00::BLR-BOM,BT12-MOSPI-MONTHLY,ROUND::2026-09-08T09:00,PRIMARY,SENS-COV-04,BLR-BOM,3,0.097658,OBSERVED,0,0,False,False,,0.097658,2,15,0.273706,0.726294,27.3706,80.0000,False,False,LOW_COVERAGE_BELOW_80_PERCENT,phase12-v1
COV::SENS-COV-04::ROUND::2026-09-08T09:00::DEL-HYD,BT12-MOSPI-MONTHLY,ROUND::2026-09-08T09:00,PRIMARY,SENS-COV-04,DEL-HYD,4,0.078228,OBSERVED,0,0,False,False,,0.078228,2,15,0.273706,0.726294,27.3706,80.0000,False,False,LOW_COVERAGE_BELOW_80_PERCENT,phase12-v1
COV::SENS-COV-04::ROUND::2026-09-08T09:00::DEL-PNQ,BT12-MOSPI-MONTHLY,ROUND::2026-09-08T09:00,PRIMARY,SENS-COV-04,DEL-PNQ,5,0.069402,OBSERVED,0,0,False,False,,0.069402,2,15,0.273706,0.726294,27.3706,80.0000,False,False,LOW_COVERAGE_BELOW_80_PERCENT,phase12-v1
COV::SENS-COV-04::ROUND::2026-09-08T09:00::CCU-DEL,BT12-MOSPI-MONTHLY,ROUND::2026-09-08T09:00,PRIMARY,SENS-COV-04,CCU-DEL,6,0.065754,OBSERVED,0,0,False,False,,0.065754,2,15,0.273706,0.726294,27.3706,80.0000,False,False,LOW_COVERAGE_BELOW_80_PERCENT,phase12-v1
COV::SENS-COV-04::ROUND::2026-09-08T09:00::AMD-DEL,BT12-MOSPI-MONTHLY,ROUND::2026-09-08T09:00,PRIMARY,SENS-COV-04,AMD-DEL,7,0.060216,OBSERVED,0,0,False,False,,0.060216,2,15,0.273706,0.726294,27.3706,80.0000,False,False,LOW_COVERAGE_BELOW_80_PERCENT,phase12-v1
COV::SENS-COV-04::ROUND::2026-09-08T09:00::DEL-MAA,BT12-MOSPI-MONTHLY,ROUND::2026-09-08T09:00,PRIMARY,SENS-COV-04,DEL-MAA,8,0.058216,OBSERVED,0,0,False,False,,0.058216,2,15,0.273706,0.726294,27.3706,80.0000,False,False,LOW_COVERAGE_BELOW_80_PERCENT,phase12-v1
COV::SENS-COV-04::ROUND::2026-09-08T09:00::BOM-HYD,BT12-MOSPI-MONTHLY,ROUND::2026-09-08T09:00,PRIMARY,SENS-COV-04,BOM-HYD,9,0.055855,OBSERVED,0,0,False,False,,0.055855,2,15,0.273706,0.726294,27.3706,80.0000,False,False,LOW_COVERAGE_BELOW_80_PERCENT,phase12-v1
COV::SENS-COV-04::ROUND::2026-09-08T09:00::BLR-CCU,BT12-MOSPI-MONTHLY,ROUND::2026-09-08T09:00,PRIMARY,SENS-COV-04,BLR-CCU,10,0.05523,OBSERVED,0,0,False,False,,0.05523,2,15,0.273706,0.726294,27.3706,80.0000,False,False,LOW_COVERAGE_BELOW_80_PERCENT,phase12-v1
COV::SENS-COV-04::ROUND::2026-09-08T09:00::DEL-SXR,BT12-MOSPI-MONTHLY,ROUND::2026-09-08T09:00,PRIMARY,SENS-COV-04,DEL-SXR,11,0.054956,OBSERVED,0,0,False,False,,0.054956,2,15,0.273706,0.726294,27.3706,80.0000,False,False,LOW_COVERAGE_BELOW_80_PERCENT,phase12-v1
COV::SENS-COV-04::ROUND::2026-09-08T09:00::DEL-GOI,BT12-MOSPI-MONTHLY,ROUND::2026-09-08T09:00,PRIMARY,SENS-COV-04,DEL-GOI,12,0.03707,OBSERVED,1,0,False,False,,0.03707,2,15,0.273706,0.726294,27.3706,80.0000,False,False,LOW_COVERAGE_BELOW_80_PERCENT,phase12-v1
COV::SENS-COV-04::ROUND::2026-09-08T09:00::DEL-GAU,BT12-MOSPI-MONTHLY,ROUND::2026-09-08T09:00,PRIMARY,SENS-COV-04,DEL-GAU,13,0.036519,OBSERVED,0,0,False,False,,0.036519,2,15,0.273706,0.726294,27.3706,80.0000,False,False,LOW_COVERAGE_BELOW_80_PERCENT,phase12-v1
COV::SENS-COV-04::ROUND::2026-09-08T09:00::BLR-COK,BT12-MOSPI-MONTHLY,ROUND::2026-09-08T09:00,PRIMARY,SENS-COV-04,BLR-COK,14,0.03525,OBSERVED,0,0,False,False,,0.03525,2,15,0.273706,0.726294,27.3706,80.0000,False,False,LOW_COVERAGE_BELOW_80_PERCENT,phase12-v1
COV::SENS-COV-04::ROUND::2026-09-08T09:00::DEL-IDR,BT12-MOSPI-MONTHLY,ROUND::2026-09-08T09:00,PRIMARY,SENS-COV-04,DEL-IDR,15,0.02194,OBSERVED,0,0,False,False,,0.02194,2,15,0.273706,0.726294,27.3706,80.0000,False,False,LOW_COVERAGE_BELOW_80_PERCENT,phase12-v1
COV::SENS-COV-04::ROUND::2026-09-08T20:15::BOM-DEL,BT12-MOSPI-MONTHLY,ROUND::2026-09-08T20:15,PRIMARY,SENS-COV-04,BOM-DEL,1,0.162603,OBSERVED,0,0,False,False,,0.162603,2,15,0.273706,0.726294,27.3706,80.0000,False,False,LOW_COVERAGE_BELOW_80_PERCENT,phase12-v1
COV::SENS-COV-04::ROUND::2026-09-08T20:15::BLR-DEL,BT12-MOSPI-MONTHLY,ROUND::2026-09-08T20:15,PRIMARY,SENS-COV-04,BLR-DEL,2,0.111103,OBSERVED,0,0,False,False,,0.111103,2,15,0.273706,0.726294,27.3706,80.0000,False,False,LOW_COVERAGE_BELOW_80_PERCENT,phase12-v1
COV::SENS-COV-04::ROUND::2026-09-08T20:15::BLR-BOM,BT12-MOSPI-MONTHLY,ROUND::2026-09-08T20:15,PRIMARY,SENS-COV-04,BLR-BOM,3,0.097658,OBSERVED,0,0,False,False,,0.097658,2,15,0.273706,0.726294,27.3706,80.0000,False,False,LOW_COVERAGE_BELOW_80_PERCENT,phase12-v1
COV::SENS-COV-04::ROUND::2026-09-08T20:15::DEL-HYD,BT12-MOSPI-MONTHLY,ROUND::2026-09-08T20:15,PRIMARY,SENS-COV-04,DEL-HYD,4,0.078228,OBSERVED,0,0,False,False,,0.078228,2,15,0.273706,0.726294,27.3706,80.0000,False,False,LOW_COVERAGE_BELOW_80_PERCENT,phase12-v1
COV::SENS-COV-04::ROUND::2026-09-08T20:15::DEL-PNQ,BT12-MOSPI-MONTHLY,ROUND::2026-09-08T20:15,PRIMARY,SENS-COV-04,DEL-PNQ,5,0.069402,OBSERVED,0,0,False,False,,0.069402,2,15,0.273706,0.726294,27.3706,80.0000,False,False,LOW_COVERAGE_BELOW_80_PERCENT,phase12-v1
COV::SENS-COV-04::ROUND::2026-09-08T20:15::CCU-DEL,BT12-MOSPI-MONTHLY,ROUND::2026-09-08T20:15,PRIMARY,SENS-COV-04,CCU-DEL,6,0.065754,OBSERVED,0,0,False,False,,0.065754,2,15,0.273706,0.726294,27.3706,80.0000,False,False,LOW_COVERAGE_BELOW_80_PERCENT,phase12-v1
COV::SENS-COV-04::ROUND::2026-09-08T20:15::AMD-DEL,BT12-MOSPI-MONTHLY,ROUND::2026-09-08T20:15,PRIMARY,SENS-COV-04,AMD-DEL,7,0.060216,OBSERVED,0,0,False,False,,0.060216,2,15,0.273706,0.726294,27.3706,80.0000,False,False,LOW_COVERAGE_BELOW_80_PERCENT,phase12-v1
COV::SENS-COV-04::ROUND::2026-09-08T20:15::DEL-MAA,BT12-MOSPI-MONTHLY,ROUND::2026-09-08T20:15,PRIMARY,SENS-COV-04,DEL-MAA,8,0.058216,OBSERVED,0,0,False,False,,0.058216,2,15,0.273706,0.726294,27.3706,80.0000,False,False,LOW_COVERAGE_BELOW_80_PERCENT,phase12-v1
COV::SENS-COV-04::ROUND::2026-09-08T20:15::BOM-HYD,BT12-MOSPI-MONTHLY,ROUND::2026-09-08T20:15,PRIMARY,SENS-COV-04,BOM-HYD,9,0.055855,OBSERVED,0,0,False,False,,0.055855,2,15,0.273706,0.726294,27.3706,80.0000,False,False,LOW_COVERAGE_BELOW_80_PERCENT,phase12-v1
COV::SENS-COV-04::ROUND::2026-09-08T20:15::BLR-CCU,BT12-MOSPI-MONTHLY,ROUND::2026-09-08T20:15,PRIMARY,SENS-COV-04,BLR-CCU,10,0.05523,OBSERVED,0,0,False,False,,0.05523,2,15,0.273706,0.726294,27.3706,80.0000,False,False,LOW_COVERAGE_BELOW_80_PERCENT,phase12-v1
COV::SENS-COV-04::ROUND::2026-09-08T20:15::DEL-SXR,BT12-MOSPI-MONTHLY,ROUND::2026-09-08T20:15,PRIMARY,SENS-COV-04,DEL-SXR,11,0.054956,OBSERVED,0,0,False,False,,0.054956,2,15,0.273706,0.726294,27.3706,80.0000,False,False,LOW_COVERAGE_BELOW_80_PERCENT,phase12-v1
COV::SENS-COV-04::ROUND::2026-09-08T20:15::DEL-GOI,BT12-MOSPI-MONTHLY,ROUND::2026-09-08T20:15,PRIMARY,SENS-COV-04,DEL-GOI,12,0.03707,OBSERVED,0,0,False,False,,0.03707,2,15,0.273706,0.726294,27.3706,80.0000,False,False,LOW_COVERAGE_BELOW_80_PERCENT,phase12-v1
COV::SENS-COV-04::ROUND::2026-09-08T20:15::DEL-GAU,BT12-MOSPI-MONTHLY,ROUND::2026-09-08T20:15,PRIMARY,SENS-COV-04,DEL-GAU,13,0.036519,OBSERVED,1,0,False,False,,0.036519,2,15,0.273706,0.726294,27.3706,80.0000,False,False,LOW_COVERAGE_BELOW_80_PERCENT,phase12-v1
COV::SENS-COV-04::ROUND::2026-09-08T20:15::BLR-COK,BT12-MOSPI-MONTHLY,ROUND::2026-09-08T20:15,PRIMARY,SENS-COV-04,BLR-COK,14,0.03525,OBSERVED,0,0,False,False,,0.03525,2,15,0.273706,0.726294,27.3706,80.0000,False,False,LOW_COVERAGE_BELOW_80_PERCENT,phase12-v1
COV::SENS-COV-04::ROUND::2026-09-08T20:15::DEL-IDR,BT12-MOSPI-MONTHLY,ROUND::2026-09-08T20:15,PRIMARY,SENS-COV-04,DEL-IDR,15,0.02194,OBSERVED,0,0,False,False,,0.02194,2,15,0.273706,0.726294,27.3706,80.0000,False,False,LOW_COVERAGE_BELOW_80_PERCENT,phase12-v1
COV::SENS-COV-04::ROUND::2026-09-09T09:00::BOM-DEL,BT12-MOSPI-MONTHLY,ROUND::2026-09-09T09:00,PRIMARY,SENS-COV-04,BOM-DEL,1,0.162603,OBSERVED,0,0,False,False,,0.162603,2,15,0.273706,0.726294,27.3706,80.0000,False,False,LOW_COVERAGE_BELOW_80_PERCENT,phase12-v1
COV::SENS-COV-04::ROUND::2026-09-09T09:00::BLR-DEL,BT12-MOSPI-MONTHLY,ROUND::2026-09-09T09:00,PRIMARY,SENS-COV-04,BLR-DEL,2,0.111103,OBSERVED,0,0,False,False,,0.111103,2,15,0.273706,0.726294,27.3706,80.0000,False,False,LOW_COVERAGE_BELOW_80_PERCENT,phase12-v1
COV::SENS-COV-04::ROUND::2026-09-09T09:00::BLR-BOM,BT12-MOSPI-MONTHLY,ROUND::2026-09-09T09:00,PRIMARY,SENS-COV-04,BLR-BOM,3,0.097658,OBSERVED,0,0,False,False,,0.097658,2,15,0.273706,0.726294,27.3706,80.0000,False,False,LOW_COVERAGE_BELOW_80_PERCENT,phase12-v1
COV::SENS-COV-04::ROUND::2026-09-09T09:00::DEL-HYD,BT12-MOSPI-MONTHLY,ROUND::2026-09-09T09:00,PRIMARY,SENS-COV-04,DEL-HYD,4,0.078228,OBSERVED,0,0,False,False,,0.078228,2,15,0.273706,0.726294,27.3706,80.0000,False,False,LOW_COVERAGE_BELOW_80_PERCENT,phase12-v1
COV::SENS-COV-04::ROUND::2026-09-09T09:00::DEL-PNQ,BT12-MOSPI-MONTHLY,ROUND::2026-09-09T09:00,PRIMARY,SENS-COV-04,DEL-PNQ,5,0.069402,OBSERVED,0,0,False,False,,0.069402,2,15,0.273706,0.726294,27.3706,80.0000,False,False,LOW_COVERAGE_BELOW_80_PERCENT,phase12-v1
COV::SENS-COV-04::ROUND::2026-09-09T09:00::CCU-DEL,BT12-MOSPI-MONTHLY,ROUND::2026-09-09T09:00,PRIMARY,SENS-COV-04,CCU-DEL,6,0.065754,OBSERVED,0,0,False,False,,0.065754,2,15,0.273706,0.726294,27.3706,80.0000,False,False,LOW_COVERAGE_BELOW_80_PERCENT,phase12-v1
COV::SENS-COV-04::ROUND::2026-09-09T09:00::AMD-DEL,BT12-MOSPI-MONTHLY,ROUND::2026-09-09T09:00,PRIMARY,SENS-COV-04,AMD-DEL,7,0.060216,OBSERVED,0,0,False,False,,0.060216,2,15,0.273706,0.726294,27.3706,80.0000,False,False,LOW_COVERAGE_BELOW_80_PERCENT,phase12-v1
COV::SENS-COV-04::ROUND::2026-09-09T09:00::DEL-MAA,BT12-MOSPI-MONTHLY,ROUND::2026-09-09T09:00,PRIMARY,SENS-COV-04,DEL-MAA,8,0.058216,OBSERVED,1,0,False,False,,0.058216,2,15,0.273706,0.726294,27.3706,80.0000,False,False,LOW_COVERAGE_BELOW_80_PERCENT,phase12-v1
COV::SENS-COV-04::ROUND::2026-09-09T09:00::BOM-HYD,BT12-MOSPI-MONTHLY,ROUND::2026-09-09T09:00,PRIMARY,SENS-COV-04,BOM-HYD,9,0.055855,OBSERVED,0,0,False,False,,0.055855,2,15,0.273706,0.726294,27.3706,80.0000,False,False,LOW_COVERAGE_BELOW_80_PERCENT,phase12-v1
COV::SENS-COV-04::ROUND::2026-09-09T09:00::BLR-CCU,BT12-MOSPI-MONTHLY,ROUND::2026-09-09T09:00,PRIMARY,SENS-COV-04,BLR-CCU,10,0.05523,OBSERVED,0,0,False,False,,0.05523,2,15,0.273706,0.726294,27.3706,80.0000,False,False,LOW_COVERAGE_BELOW_80_PERCENT,phase12-v1
COV::SENS-COV-04::ROUND::2026-09-09T09:00::DEL-SXR,BT12-MOSPI-MONTHLY,ROUND::2026-09-09T09:00,PRIMARY,SENS-COV-04,DEL-SXR,11,0.054956,OBSERVED,0,0,False,False,,0.054956,2,15,0.273706,0.726294,27.3706,80.0000,False,False,LOW_COVERAGE_BELOW_80_PERCENT,phase12-v1
COV::SENS-COV-04::ROUND::2026-09-09T09:00::DEL-GOI,BT12-MOSPI-MONTHLY,ROUND::2026-09-09T09:00,PRIMARY,SENS-COV-04,DEL-GOI,12,0.03707,OBSERVED,0,0,False,False,,0.03707,2,15,0.273706,0.726294,27.3706,80.0000,False,False,LOW_COVERAGE_BELOW_80_PERCENT,phase12-v1
COV::SENS-COV-04::ROUND::2026-09-09T09:00::DEL-GAU,BT12-MOSPI-MONTHLY,ROUND::2026-09-09T09:00,PRIMARY,SENS-COV-04,DEL-GAU,13,0.036519,OBSERVED,0,0,False,False,,0.036519,2,15,0.273706,0.726294,27.3706,80.0000,False,False,LOW_COVERAGE_BELOW_80_PERCENT,phase12-v1
COV::SENS-COV-04::ROUND::2026-09-09T09:00::BLR-COK,BT12-MOSPI-MONTHLY,ROUND::2026-09-09T09:00,PRIMARY,SENS-COV-04,BLR-COK,14,0.03525,OBSERVED,0,0,False,False,,0.03525,2,15,0.273706,0.726294,27.3706,80.0000,False,False,LOW_COVERAGE_BELOW_80_PERCENT,phase12-v1
COV::SENS-COV-04::ROUND::2026-09-09T09:00::DEL-IDR,BT12-MOSPI-MONTHLY,ROUND::2026-09-09T09:00,PRIMARY,SENS-COV-04,DEL-IDR,15,0.02194,OBSERVED,0,0,False,False,,0.02194,2,15,0.273706,0.726294,27.3706,80.0000,False,False,LOW_COVERAGE_BELOW_80_PERCENT,phase12-v1
COV::SENS-COV-04::ROUND::2026-09-09T14:30::BOM-DEL,BT12-MOSPI-MONTHLY,ROUND::2026-09-09T14:30,PRIMARY,SENS-COV-04,BOM-DEL,1,0.162603,OBSERVED,1,0,False,False,,0.162603,2,15,0.273706,0.726294,27.3706,80.0000,False,False,LOW_COVERAGE_BELOW_80_PERCENT,phase12-v1
COV::SENS-COV-04::ROUND::2026-09-09T14:30::BLR-DEL,BT12-MOSPI-MONTHLY,ROUND::2026-09-09T14:30,PRIMARY,SENS-COV-04,BLR-DEL,2,0.111103,OBSERVED,0,0,False,False,,0.111103,2,15,0.273706,0.726294,27.3706,80.0000,False,False,LOW_COVERAGE_BELOW_80_PERCENT,phase12-v1
COV::SENS-COV-04::ROUND::2026-09-09T14:30::BLR-BOM,BT12-MOSPI-MONTHLY,ROUND::2026-09-09T14:30,PRIMARY,SENS-COV-04,BLR-BOM,3,0.097658,OBSERVED,0,0,False,False,,0.097658,2,15,0.273706,0.726294,27.3706,80.0000,False,False,LOW_COVERAGE_BELOW_80_PERCENT,phase12-v1
COV::SENS-COV-04::ROUND::2026-09-09T14:30::DEL-HYD,BT12-MOSPI-MONTHLY,ROUND::2026-09-09T14:30,PRIMARY,SENS-COV-04,DEL-HYD,4,0.078228,OBSERVED,0,0,False,False,,0.078228,2,15,0.273706,0.726294,27.3706,80.0000,False,False,LOW_COVERAGE_BELOW_80_PERCENT,phase12-v1
COV::SENS-COV-04::ROUND::2026-09-09T14:30::DEL-PNQ,BT12-MOSPI-MONTHLY,ROUND::2026-09-09T14:30,PRIMARY,SENS-COV-04,DEL-PNQ,5,0.069402,OBSERVED,0,0,False,False,,0.069402,2,15,0.273706,0.726294,27.3706,80.0000,False,False,LOW_COVERAGE_BELOW_80_PERCENT,phase12-v1
COV::SENS-COV-04::ROUND::2026-09-09T14:30::CCU-DEL,BT12-MOSPI-MONTHLY,ROUND::2026-09-09T14:30,PRIMARY,SENS-COV-04,CCU-DEL,6,0.065754,OBSERVED,0,0,False,False,,0.065754,2,15,0.273706,0.726294,27.3706,80.0000,False,False,LOW_COVERAGE_BELOW_80_PERCENT,phase12-v1
COV::SENS-COV-04::ROUND::2026-09-09T14:30::AMD-DEL,BT12-MOSPI-MONTHLY,ROUND::2026-09-09T14:30,PRIMARY,SENS-COV-04,AMD-DEL,7,0.060216,OBSERVED,0,0,False,False,,0.060216,2,15,0.273706,0.726294,27.3706,80.0000,False,False,LOW_COVERAGE_BELOW_80_PERCENT,phase12-v1
COV::SENS-COV-04::ROUND::2026-09-09T14:30::DEL-MAA,BT12-MOSPI-MONTHLY,ROUND::2026-09-09T14:30,PRIMARY,SENS-COV-04,DEL-MAA,8,0.058216,OBSERVED,0,0,False,False,,0.058216,2,15,0.273706,0.726294,27.3706,80.0000,False,False,LOW_COVERAGE_BELOW_80_PERCENT,phase12-v1
COV::SENS-COV-04::ROUND::2026-09-09T14:30::BOM-HYD,BT12-MOSPI-MONTHLY,ROUND::2026-09-09T14:30,PRIMARY,SENS-COV-04,BOM-HYD,9,0.055855,OBSERVED,0,0,False,False,,0.055855,2,15,0.273706,0.726294,27.3706,80.0000,False,False,LOW_COVERAGE_BELOW_80_PERCENT,phase12-v1
COV::SENS-COV-04::ROUND::2026-09-09T14:30::BLR-CCU,BT12-MOSPI-MONTHLY,ROUND::2026-09-09T14:30,PRIMARY,SENS-COV-04,BLR-CCU,10,0.05523,OBSERVED,0,0,False,False,,0.05523,2,15,0.273706,0.726294,27.3706,80.0000,False,False,LOW_COVERAGE_BELOW_80_PERCENT,phase12-v1
COV::SENS-COV-04::ROUND::2026-09-09T14:30::DEL-SXR,BT12-MOSPI-MONTHLY,ROUND::2026-09-09T14:30,PRIMARY,SENS-COV-04,DEL-SXR,11,0.054956,OBSERVED,0,0,False,False,,0.054956,2,15,0.273706,0.726294,27.3706,80.0000,False,False,LOW_COVERAGE_BELOW_80_PERCENT,phase12-v1
COV::SENS-COV-04::ROUND::2026-09-09T14:30::DEL-GOI,BT12-MOSPI-MONTHLY,ROUND::2026-09-09T14:30,PRIMARY,SENS-COV-04,DEL-GOI,12,0.03707,OBSERVED,0,0,False,False,,0.03707,2,15,0.273706,0.726294,27.3706,80.0000,False,False,LOW_COVERAGE_BELOW_80_PERCENT,phase12-v1
COV::SENS-COV-04::ROUND::2026-09-09T14:30::DEL-GAU,BT12-MOSPI-MONTHLY,ROUND::2026-09-09T14:30,PRIMARY,SENS-COV-04,DEL-GAU,13,0.036519,OBSERVED,0,0,False,False,,0.036519,2,15,0.273706,0.726294,27.3706,80.0000,False,False,LOW_COVERAGE_BELOW_80_PERCENT,phase12-v1
COV::SENS-COV-04::ROUND::2026-09-09T14:30::BLR-COK,BT12-MOSPI-MONTHLY,ROUND::2026-09-09T14:30,PRIMARY,SENS-COV-04,BLR-COK,14,0.03525,OBSERVED,0,0,False,False,,0.03525,2,15,0.273706,0.726294,27.3706,80.0000,False,False,LOW_COVERAGE_BELOW_80_PERCENT,phase12-v1
COV::SENS-COV-04::ROUND::2026-09-09T14:30::DEL-IDR,BT12-MOSPI-MONTHLY,ROUND::2026-09-09T14:30,PRIMARY,SENS-COV-04,DEL-IDR,15,0.02194,OBSERVED,0,0,False,False,,0.02194,2,15,0.273706,0.726294,27.3706,80.0000,False,False,LOW_COVERAGE_BELOW_80_PERCENT,phase12-v1
COV::SENS-COV-04::ROUND::2026-09-09T20:15::BOM-DEL,BT12-MOSPI-MONTHLY,ROUND::2026-09-09T20:15,PRIMARY,SENS-COV-04,BOM-DEL,1,0.162603,OBSERVED,0,0,False,False,,0.162603,2,15,0.273706,0.726294,27.3706,80.0000,False,False,LOW_COVERAGE_BELOW_80_PERCENT,phase12-v1
COV::SENS-COV-04::ROUND::2026-09-09T20:15::BLR-DEL,BT12-MOSPI-MONTHLY,ROUND::2026-09-09T20:15,PRIMARY,SENS-COV-04,BLR-DEL,2,0.111103,OBSERVED,0,0,False,False,,0.111103,2,15,0.273706,0.726294,27.3706,80.0000,False,False,LOW_COVERAGE_BELOW_80_PERCENT,phase12-v1
COV::SENS-COV-04::ROUND::2026-09-09T20:15::BLR-BOM,BT12-MOSPI-MONTHLY,ROUND::2026-09-09T20:15,PRIMARY,SENS-COV-04,BLR-BOM,3,0.097658,OBSERVED,0,0,False,False,,0.097658,2,15,0.273706,0.726294,27.3706,80.0000,False,False,LOW_COVERAGE_BELOW_80_PERCENT,phase12-v1
COV::SENS-COV-04::ROUND::2026-09-09T20:15::DEL-HYD,BT12-MOSPI-MONTHLY,ROUND::2026-09-09T20:15,PRIMARY,SENS-COV-04,DEL-HYD,4,0.078228,OBSERVED,0,0,False,False,,0.078228,2,15,0.273706,0.726294,27.3706,80.0000,False,False,LOW_COVERAGE_BELOW_80_PERCENT,phase12-v1
COV::SENS-COV-04::ROUND::2026-09-09T20:15::DEL-PNQ,BT12-MOSPI-MONTHLY,ROUND::2026-09-09T20:15,PRIMARY,SENS-COV-04,DEL-PNQ,5,0.069402,OBSERVED,0,0,False,False,,0.069402,2,15,0.273706,0.726294,27.3706,80.0000,False,False,LOW_COVERAGE_BELOW_80_PERCENT,phase12-v1
COV::SENS-COV-04::ROUND::2026-09-09T20:15::CCU-DEL,BT12-MOSPI-MONTHLY,ROUND::2026-09-09T20:15,PRIMARY,SENS-COV-04,CCU-DEL,6,0.065754,OBSERVED,0,0,False,False,,0.065754,2,15,0.273706,0.726294,27.3706,80.0000,False,False,LOW_COVERAGE_BELOW_80_PERCENT,phase12-v1
COV::SENS-COV-04::ROUND::2026-09-09T20:15::AMD-DEL,BT12-MOSPI-MONTHLY,ROUND::2026-09-09T20:15,PRIMARY,SENS-COV-04,AMD-DEL,7,0.060216,OBSERVED,0,0,False,False,,0.060216,2,15,0.273706,0.726294,27.3706,80.0000,False,False,LOW_COVERAGE_BELOW_80_PERCENT,phase12-v1
COV::SENS-COV-04::ROUND::2026-09-09T20:15::DEL-MAA,BT12-MOSPI-MONTHLY,ROUND::2026-09-09T20:15,PRIMARY,SENS-COV-04,DEL-MAA,8,0.058216,OBSERVED,0,0,False,False,,0.058216,2,15,0.273706,0.726294,27.3706,80.0000,False,False,LOW_COVERAGE_BELOW_80_PERCENT,phase12-v1
COV::SENS-COV-04::ROUND::2026-09-09T20:15::BOM-HYD,BT12-MOSPI-MONTHLY,ROUND::2026-09-09T20:15,PRIMARY,SENS-COV-04,BOM-HYD,9,0.055855,OBSERVED,0,0,False,False,,0.055855,2,15,0.273706,0.726294,27.3706,80.0000,False,False,LOW_COVERAGE_BELOW_80_PERCENT,phase12-v1
COV::SENS-COV-04::ROUND::2026-09-09T20:15::BLR-CCU,BT12-MOSPI-MONTHLY,ROUND::2026-09-09T20:15,PRIMARY,SENS-COV-04,BLR-CCU,10,0.05523,OBSERVED,0,0,False,False,,0.05523,2,15,0.273706,0.726294,27.3706,80.0000,False,False,LOW_COVERAGE_BELOW_80_PERCENT,phase12-v1
COV::SENS-COV-04::ROUND::2026-09-09T20:15::DEL-SXR,BT12-MOSPI-MONTHLY,ROUND::2026-09-09T20:15,PRIMARY,SENS-COV-04,DEL-SXR,11,0.054956,OBSERVED,0,0,False,False,,0.054956,2,15,0.273706,0.726294,27.3706,80.0000,False,False,LOW_COVERAGE_BELOW_80_PERCENT,phase12-v1
COV::SENS-COV-04::ROUND::2026-09-09T20:15::DEL-GOI,BT12-MOSPI-MONTHLY,ROUND::2026-09-09T20:15,PRIMARY,SENS-COV-04,DEL-GOI,12,0.03707,OBSERVED,1,0,False,False,,0.03707,2,15,0.273706,0.726294,27.3706,80.0000,False,False,LOW_COVERAGE_BELOW_80_PERCENT,phase12-v1
COV::SENS-COV-04::ROUND::2026-09-09T20:15::DEL-GAU,BT12-MOSPI-MONTHLY,ROUND::2026-09-09T20:15,PRIMARY,SENS-COV-04,DEL-GAU,13,0.036519,OBSERVED,0,0,False,False,,0.036519,2,15,0.273706,0.726294,27.3706,80.0000,False,False,LOW_COVERAGE_BELOW_80_PERCENT,phase12-v1
COV::SENS-COV-04::ROUND::2026-09-09T20:15::BLR-COK,BT12-MOSPI-MONTHLY,ROUND::2026-09-09T20:15,PRIMARY,SENS-COV-04,BLR-COK,14,0.03525,OBSERVED,0,0,False,False,,0.03525,2,15,0.273706,0.726294,27.3706,80.0000,False,False,LOW_COVERAGE_BELOW_80_PERCENT,phase12-v1
COV::SENS-COV-04::ROUND::2026-09-09T20:15::DEL-IDR,BT12-MOSPI-MONTHLY,ROUND::2026-09-09T20:15,PRIMARY,SENS-COV-04,DEL-IDR,15,0.02194,OBSERVED,0,0,False,False,,0.02194,2,15,0.273706,0.726294,27.3706,80.0000,False,False,LOW_COVERAGE_BELOW_80_PERCENT,phase12-v1
